v 0.063397 -0.009083 -0.050447
v 0.066933 -0.010074 -0.049103
v 0.067478 -0.008619 -0.048725
v 0.064084 -0.008098 -0.050159
v 0.074231 -0.009232 -0.058592
v 0.075123 -0.005695 -0.054085
v 0.074616 -0.003265 -0.053196
v 0.074332 -0.003289 -0.056143
v 0.026527 -0.045350 -0.113242
v 0.011765 -0.045113 -0.117475
v 0.011770 -0.056331 -0.114877
v 0.025457 -0.059344 -0.109390
v 0.045309 -0.082751 -0.090241
v 0.039891 -0.074641 -0.095643
v 0.037606 -0.086814 -0.099470
v 0.046922 -0.090578 -0.089799
v 0.039238 0.048628 0.039144
v 0.046400 0.047289 0.033269
v 0.045396 0.041401 0.036823
v -0.063569 -0.009210 -0.053348
v -0.067157 -0.010205 -0.052086
v -0.067739 -0.008785 -0.051780
v -0.064101 -0.008179 -0.053123
v -0.074154 -0.009131 -0.061968
v -0.075343 -0.005663 -0.057454
v -0.074807 -0.003277 -0.056573
v -0.074365 -0.003236 -0.059510
v 0.038379 0.042013 0.041235
v 0.090658 0.013093 -0.067198
v 0.090783 0.010610 -0.068434
v 0.091432 0.008795 -0.066708
v 0.091113 0.010894 -0.065244
v 0.086961 -0.004188 -0.067109
v 0.087266 0.002880 -0.067963
v 0.088481 0.005344 -0.068424
v 0.088660 0.003150 -0.067758
v 0.086641 -0.014435 -0.064439
v 0.085307 -0.013732 -0.064268
v 0.086722 -0.009265 -0.065849
v 0.088353 -0.009694 -0.066339
v 0.072670 -0.034765 -0.039902
v 0.075457 -0.031841 -0.042584
v 0.075582 -0.035053 -0.043980
v 0.071026 -0.036627 -0.042071
v 0.067869 -0.034742 -0.043057
v 0.072379 -0.035409 -0.047695
v 0.072001 -0.031868 -0.048995
v 0.068263 -0.031738 -0.045462
v 0.086086 0.022084 -0.054447
v 0.086551 0.018381 -0.053613
v 0.085411 0.017247 -0.051505
v 0.084704 0.020869 -0.052040
v 0.071079 -0.008345 -0.064465
v 0.069382 -0.014775 -0.062903
v 0.075525 -0.010157 -0.065378
v 0.076073 -0.007431 -0.065532
v 0.085746 0.012387 -0.060090
v 0.085751 0.013033 -0.063105
v 0.086126 0.011034 -0.064428
v 0.085597 0.009775 -0.062200
v 0.087606 0.014681 -0.068145
v 0.087748 0.011866 -0.069508
v 0.070971 -0.025137 -0.038752
v 0.070116 -0.021665 -0.037884
v 0.070697 -0.020172 -0.039448
v 0.070914 -0.021251 -0.041140
v 0.073746 -0.009246 -0.055259
v 0.075175 -0.004692 -0.052604
v 0.083355 -0.025227 -0.059668
v 0.082995 -0.023186 -0.058739
v 0.085241 -0.019070 -0.061833
v 0.085446 -0.020537 -0.063270
v 0.079706 -0.020853 -0.056954
v 0.082058 -0.017976 -0.060166
v 0.083036 -0.017250 -0.061890
v 0.082163 -0.019473 -0.059901
v 0.087045 0.014867 -0.061367
v 0.085830 0.017150 -0.056511
v 0.087240 0.016077 -0.055293
v 0.088830 0.013968 -0.059426
v 0.078194 0.003990 -0.064869
v 0.076770 0.008869 -0.062807
v 0.075628 0.008247 -0.062827
v 0.076715 0.004022 -0.064704
v 0.087475 0.012180 -0.065888
v 0.087886 0.010010 -0.067175
v 0.086540 0.008748 -0.065899
v 0.077587 0.009696 -0.049091
v 0.079217 0.010791 -0.051039
v 0.079326 0.009214 -0.051960
v 0.079003 0.008037 -0.051201
v 0.075305 -0.035960 -0.047557
v 0.068198 -0.023394 -0.056356
v 0.069922 -0.023038 -0.058202
v 0.072654 -0.018896 -0.061078
v 0.070948 -0.017657 -0.061310
v 0.067829 -0.032598 -0.037333
v 0.071183 -0.032384 -0.037810
v 0.071811 -0.033629 -0.038970
v 0.068635 -0.034871 -0.039177
v 0.080132 0.014077 -0.051237
v 0.082156 0.013314 -0.052972
v 0.080442 0.012538 -0.052513
v 0.079193 0.013022 -0.051139
v 0.086100 0.001111 -0.066474
v 0.085781 0.007314 -0.064002
v 0.085223 -0.007893 -0.061929
v 0.085331 -0.007540 -0.064679
v 0.084851 -0.011604 -0.063227
v -0.028671 -0.045509 -0.113572
v -0.014037 -0.045150 -0.117586
v -0.013855 -0.056423 -0.115034
v -0.027405 -0.059575 -0.109755
v 0.084192 -0.011749 -0.060801
v 0.085494 -0.000074 -0.061490
v 0.085631 0.000049 -0.064718
v 0.089209 0.008063 -0.065415
v 0.089254 0.002365 -0.066575
v 0.088655 0.008737 -0.066284
v 0.074815 0.011863 -0.060502
v 0.075258 0.015037 -0.064666
v 0.073811 0.009047 -0.066574
v 0.074730 0.009537 -0.062229
v 0.071540 -0.016218 -0.039932
v 0.072722 -0.014007 -0.041406
v 0.071109 -0.016092 -0.043357
v 0.070099 -0.018661 -0.042718
v 0.073502 -0.021129 -0.059982
v 0.070822 -0.024174 -0.057470
v 0.071464 -0.024914 -0.056808
v 0.074117 -0.022846 -0.058578
v 0.084183 0.013959 -0.054785
v 0.084370 0.009851 -0.056159
v 0.082890 0.009841 -0.054902
v 0.075631 -0.019966 -0.049353
v 0.075943 -0.018705 -0.051552
v 0.077372 -0.021439 -0.052737
v 0.077173 -0.023483 -0.050635
v 0.079678 -0.031885 -0.053655
v 0.076904 -0.032041 -0.054429
v 0.074647 -0.034081 -0.050789
v 0.077578 -0.034287 -0.050584
v 0.070763 -0.019827 -0.041981
v 0.070882 -0.018744 -0.039804
v 0.080325 0.004209 -0.066528
v 0.079285 0.010032 -0.063803
v 0.085387 0.008371 -0.060207
v 0.085563 0.006172 -0.061871
v 0.074286 -0.003581 -0.045297
v 0.072655 -0.003158 -0.047099
v 0.072968 -0.003975 -0.047045
v 0.074992 -0.005022 -0.045068
v 0.074233 -0.003966 -0.043709
v 0.074733 -0.005537 -0.043588
v 0.074004 -0.005574 -0.042738
v 0.073644 -0.004751 -0.042531
v 0.071971 -0.002979 -0.047661
v 0.072363 -0.003237 -0.047368
v 0.072526 -0.002737 -0.047381
v 0.076291 -0.000537 -0.058442
v 0.075692 -0.007655 -0.060582
v 0.075161 -0.008992 -0.060592
v 0.076868 -0.003334 -0.058006
v 0.085878 -0.006522 -0.066142
v 0.082335 0.017479 -0.047998
v 0.081423 0.020278 -0.047952
v 0.083757 0.022916 -0.051849
v 0.070335 -0.017049 -0.053805
v 0.073674 -0.016900 -0.051293
v 0.073182 -0.017045 -0.049506
v 0.070815 -0.017221 -0.051935
v 0.072190 -0.012041 -0.046391
v 0.069815 -0.015084 -0.046270
v 0.073250 -0.013625 -0.044111
v 0.074371 0.001685 -0.043409
v 0.073839 -0.002029 -0.046203
v 0.073830 -0.002859 -0.044880
v 0.073784 -0.002543 -0.043495
v 0.086786 -0.015155 -0.065809
v 0.088036 -0.009899 -0.067916
v 0.086365 -0.009960 -0.069390
v 0.085225 -0.015621 -0.067293
v 0.069181 -0.028686 -0.036231
v 0.064360 -0.030561 -0.039630
v 0.067950 -0.025484 -0.036162
v 0.089198 0.019403 -0.062330
v 0.087155 0.021222 -0.062651
v 0.087389 0.019308 -0.064830
v 0.089880 0.017556 -0.064305
v 0.074324 0.002713 -0.051297
v 0.073915 0.000747 -0.051130
v 0.074415 0.001827 -0.049728
v 0.074255 0.004045 -0.049788
v 0.050511 -0.031285 -0.095857
v 0.058560 -0.031323 -0.076624
v 0.062534 -0.017553 -0.085048
v 0.055456 -0.017740 -0.101209
v 0.080216 -0.028642 -0.052936
v 0.079500 -0.030844 -0.050196
v 0.076188 0.009181 -0.042170
v 0.075425 0.010861 -0.041254
v 0.076222 0.016354 -0.043254
v 0.077267 0.013210 -0.043211
v 0.088417 0.004446 -0.071243
v 0.090887 0.003675 -0.070015
v 0.079602 0.014253 -0.049694
v 0.081706 0.016850 -0.052491
v 0.080373 0.014760 -0.051463
v 0.079094 0.013507 -0.049965
v 0.079231 0.006064 -0.046622
v 0.079897 0.007335 -0.046627
v 0.078099 0.008255 -0.046915
v 0.077102 0.006964 -0.047097
v 0.074764 0.015844 -0.040476
v 0.076012 0.020905 -0.044229
v 0.066128 -0.023661 -0.055881
v 0.078421 0.007992 -0.043899
v 0.079134 0.010578 -0.044269
v 0.080475 0.009063 -0.046474
v -0.046617 -0.083340 -0.091371
v -0.041272 -0.075179 -0.096520
v -0.039121 -0.087293 -0.100139
v -0.048045 -0.091182 -0.091162
v 0.069021 -0.020786 -0.035791
v 0.070329 -0.019174 -0.037951
v 0.078709 0.013177 -0.049725
v 0.078029 0.012028 -0.049609
v 0.076752 0.008140 -0.048054
v 0.077533 0.007097 -0.050202
v 0.081245 0.000614 -0.057482
v 0.081812 -0.007454 -0.059168
v 0.065576 -0.017099 -0.070649
v 0.062049 -0.030043 -0.056161
v 0.076977 0.008710 -0.047255
v 0.077175 0.009264 -0.047456
v 0.076615 0.008475 -0.047240
v 0.076096 0.007624 -0.047598
v 0.078268 -0.032770 -0.047555
v 0.081347 0.006670 -0.055279
v 0.078604 0.004733 -0.053286
v 0.080189 0.006639 -0.053282
v 0.088748 -0.005278 -0.066345
v 0.090344 0.002089 -0.066400
v 0.091700 0.002281 -0.067797
v 0.090016 -0.005418 -0.067500
v 0.065937 -0.033370 -0.041458
v 0.073755 0.000000 -0.052501
v 0.074762 -0.001329 -0.051778
v 0.076057 0.005551 -0.050540
v 0.075463 0.006729 -0.048015
v 0.070614 -0.016157 -0.037695
v 0.086590 0.015657 -0.063073
v 0.087173 0.014095 -0.064447
v 0.085672 0.014518 -0.061860
v 0.085538 0.015594 -0.060354
v 0.085046 0.017879 -0.058746
v 0.084415 0.018576 -0.058282
v 0.086079 0.017160 -0.061384
v 0.078305 0.006177 -0.051431
v 0.079524 0.007137 -0.052200
v 0.075698 -0.021171 -0.047458
v 0.076704 -0.026731 -0.047458
v 0.083600 -0.015102 -0.061239
v 0.082475 -0.014495 -0.058838
v 0.083825 -0.004294 -0.069986
v 0.083827 0.004394 -0.069801
v 0.082079 0.004230 -0.067927
v 0.082539 -0.004064 -0.068695
v 0.076247 -0.001892 -0.065511
v 0.072663 -0.000944 -0.065403
v 0.073296 -0.003912 -0.041954
v 0.072688 -0.000185 -0.039945
v 0.074775 0.004760 -0.049800
v 0.074956 0.006466 -0.048370
v 0.077376 -0.018736 -0.062661
v 0.073802 -0.025709 -0.055001
v 0.077717 -0.020873 -0.060786
v 0.069634 -0.026137 -0.052818
v 0.069398 -0.027146 -0.050420
v 0.072000 -0.027318 -0.052133
v 0.079488 -0.018935 -0.056150
v 0.081566 -0.017615 -0.058617
v 0.072572 -0.003456 -0.048259
v 0.071523 -0.005124 -0.049992
v 0.070747 -0.003509 -0.048117
v 0.084208 0.000042 -0.059339
v 0.084409 -0.007683 -0.060124
v 0.079543 0.009550 -0.047328
v 0.076556 0.000188 -0.046866
v 0.077291 0.003532 -0.044879
v 0.082384 0.012457 -0.047541
v 0.081200 0.011052 -0.047928
v 0.080495 0.010181 -0.047596
v 0.081307 0.010685 -0.046704
v 0.066038 -0.012207 -0.050159
v 0.068163 -0.013938 -0.048240
v 0.069853 -0.010966 -0.047554
v 0.084048 0.017757 -0.055763
v 0.084650 0.015992 -0.056776
v 0.081126 0.010549 -0.065198
v 0.079810 0.011036 -0.051880
v 0.079813 0.009663 -0.052992
v 0.078429 0.023058 -0.059338
v 0.078817 0.020461 -0.055585
v 0.078610 0.020693 -0.054160
v 0.078425 0.025371 -0.054599
v 0.068672 -0.030007 -0.046825
v 0.071432 -0.029756 -0.049722
v 0.071119 -0.028410 -0.050344
v 0.069175 -0.028434 -0.048348
v 0.072626 -0.017170 -0.048791
v 0.070795 -0.017422 -0.050839
v 0.084305 -0.013641 -0.064052
v 0.083846 -0.014564 -0.063029
v 0.085100 -0.010596 -0.064964
v 0.085212 -0.009130 -0.065887
v 0.075252 0.003428 -0.054626
v 0.074834 0.002394 -0.053427
v 0.077293 0.015607 -0.056937
v 0.079661 0.017373 -0.058082
v 0.079727 0.019410 -0.054950
v 0.077898 0.017934 -0.055107
v 0.082895 0.011248 -0.067104
v 0.079787 0.008176 -0.053062
v 0.080131 0.008345 -0.053937
v 0.079641 0.008578 -0.052456
v 0.076246 0.006079 -0.047389
v 0.078378 0.004905 -0.047344
v 0.082196 0.012775 -0.048954
v 0.084770 0.015927 -0.051551
v 0.083969 0.016522 -0.052786
v 0.081717 0.013656 -0.049167
v 0.077917 0.010842 -0.047980
v 0.013043 -0.032940 -0.123798
v 0.014804 -0.022650 -0.131065
v -0.038366 0.048317 0.038328
v -0.045846 0.046917 0.032587
v -0.044597 0.041037 0.036022
v -0.037428 0.041788 0.040176
v 0.080108 0.020092 -0.047565
v 0.080203 0.021478 -0.051026
v 0.081255 0.022352 -0.051500
v 0.080703 0.020830 -0.048124
v 0.085545 0.014467 -0.059946
v 0.088090 0.011185 -0.065194
v 0.075833 -0.003289 -0.050609
v 0.073281 -0.006020 -0.051413
v 0.063839 -0.006510 -0.050673
v 0.064171 -0.005375 -0.050395
v 0.064831 -0.005717 -0.051443
v 0.064755 -0.006597 -0.051901
v 0.067887 -0.011784 -0.052735
v 0.069989 -0.012584 -0.051929
v 0.069040 -0.014042 -0.050377
v 0.067271 -0.013058 -0.052066
v 0.063350 -0.009144 -0.051186
v 0.063607 -0.007700 -0.050885
v 0.064366 -0.008166 -0.052379
v 0.063980 -0.009675 -0.053077
v 0.083385 0.018338 -0.054100
v 0.084899 0.018090 -0.056309
v 0.090004 0.009839 -0.063986
v 0.090257 0.007826 -0.065206
v 0.087601 0.014898 -0.062354
v 0.087964 0.013129 -0.063704
v 0.072923 -0.011352 -0.041178
v 0.074013 -0.011172 -0.042906
v 0.073676 -0.012760 -0.042894
v 0.091104 0.012367 -0.063697
v 0.090367 0.015250 -0.065674
v 0.071647 -0.028478 -0.038185
v 0.070615 -0.030085 -0.037016
v 0.043396 -0.100682 -0.021970
v 0.053617 -0.095455 -0.034538
v 0.052821 -0.105521 -0.034329
v 0.043062 -0.110684 -0.022442
v 0.081230 0.015613 -0.046465
v 0.079641 0.018426 -0.046627
v 0.063299 -0.011110 -0.051512
v 0.063286 -0.011257 -0.051622
v 0.065892 -0.012999 -0.051352
v 0.067954 -0.007196 -0.048668
v 0.064376 -0.006784 -0.049898
v 0.068621 -0.010362 -0.052537
v 0.068192 -0.005260 -0.050835
v 0.067865 -0.004061 -0.049609
v 0.068485 -0.016853 -0.047249
v 0.069408 -0.017835 -0.049209
v 0.070909 -0.018303 -0.045975
v 0.064338 -0.011766 -0.053216
v 0.076078 0.004913 -0.052754
v 0.071321 -0.010052 -0.052225
v 0.072284 -0.012163 -0.054278
v 0.071521 -0.013813 -0.053493
v 0.070649 -0.011718 -0.052303
v 0.078117 -0.021811 -0.054274
v 0.077997 -0.020033 -0.054379
v 0.070514 -0.016251 -0.055998
v 0.073666 -0.016720 -0.054315
v 0.075966 -0.000553 -0.050610
v 0.077460 0.002321 -0.048276
v 0.073275 -0.003385 -0.048740
v 0.071402 -0.007959 -0.051262
v 0.072977 -0.010240 -0.053602
v 0.068077 -0.006087 -0.048795
v 0.071233 -0.005745 -0.047390
v 0.070997 -0.004715 -0.047677
v 0.068053 -0.005156 -0.049017
v 0.081463 0.009817 -0.054225
v 0.078353 0.016406 -0.044808
v 0.080367 0.013134 -0.045188
v 0.078709 0.027660 -0.071206
v 0.076172 0.019628 -0.075940
v 0.077511 0.020009 -0.063000
v 0.069417 -0.008791 -0.052245
v 0.064445 -0.004877 -0.050436
v 0.064967 -0.005428 -0.050111
v 0.084066 -0.017889 -0.061830
v 0.071319 -0.019094 -0.045469
v 0.075202 0.004196 -0.047860
v 0.083065 -0.009322 -0.068939
v 0.082131 -0.014715 -0.067012
v 0.074901 0.005607 -0.048125
v 0.075114 0.006630 -0.048110
v 0.070252 -0.017797 -0.050236
v 0.072121 -0.017793 -0.047508
v 0.075460 0.006899 -0.047865
v 0.074233 -0.011590 -0.044404
v 0.085460 0.009746 -0.058925
v 0.075370 -0.029234 -0.054947
v 0.073447 -0.030684 -0.051794
v 0.064816 -0.005820 -0.049743
v 0.067857 -0.013846 -0.049738
v 0.068511 -0.006907 -0.051285
v 0.073283 -0.007813 -0.046357
v 0.072869 -0.009968 -0.046111
v 0.074429 -0.009336 -0.044214
v 0.074606 -0.016114 -0.056074
v 0.071206 -0.014147 -0.057995
v 0.072357 -0.013320 -0.060040
v 0.076497 -0.015030 -0.057393
v 0.080882 -0.019766 -0.064636
v 0.079153 -0.024252 -0.061321
v 0.081451 -0.026298 -0.061344
v 0.083832 -0.021342 -0.064714
v 0.079535 0.043773 -0.080242
v 0.079470 0.033246 -0.064342
v 0.080262 0.050107 -0.068778
v 0.082440 0.018839 -0.062682
v 0.082251 0.016619 -0.064154
v 0.087539 0.017148 -0.066537
v 0.077921 0.023346 -0.049162
v 0.078359 0.020705 -0.052610
v 0.080089 0.020633 -0.050755
v 0.087374 -0.004797 -0.070639
v 0.075443 0.005467 -0.042172
v 0.077612 0.005612 -0.044071
v 0.076280 -0.017440 -0.063541
v 0.077851 -0.016889 -0.054896
v 0.080280 -0.016107 -0.056642
v 0.087956 0.018473 -0.055989
v 0.085909 0.016359 -0.053450
v 0.005107 -0.112001 0.006468
v 0.006366 -0.119065 0.001886
v 0.007452 -0.009161 0.058059
v 0.008436 -0.009371 0.056848
v 0.006995 -0.007828 0.055717
v 0.006658 -0.007802 0.056305
v 0.007983 -0.017686 0.057771
v 0.007277 -0.016402 0.057045
v 0.008506 -0.016453 0.056114
v 0.009517 -0.017359 0.057017
v 0.005787 -0.007664 0.055874
v 0.004743 -0.009503 0.058593
v 0.005771 -0.009333 0.059169
v 0.006130 -0.007736 0.056160
v 0.088195 0.021572 -0.056811
v 0.011816 -0.016933 0.057588
v 0.010646 -0.015257 0.056960
v 0.010949 -0.014763 0.058563
v 0.013147 -0.015845 0.059174
v 0.004437 -0.015573 0.065304
v 0.005505 -0.013566 0.065223
v 0.004555 -0.014708 0.063208
v 0.004518 -0.016572 0.062818
v 0.007533 -0.013191 0.064467
v 0.009449 -0.013146 0.066330
v 0.011192 -0.013268 0.064539
v 0.009054 -0.013670 0.062905
v 0.004795 -0.013310 0.058842
v 0.005757 -0.015237 0.060002
v 0.004081 -0.012510 0.061837
v 0.010502 -0.012754 0.057118
v 0.010254 -0.013685 0.056062
v 0.008501 -0.010376 0.055815
v 0.008683 -0.010034 0.055639
v 0.046074 -0.083895 -0.020752
v 0.054978 -0.081644 -0.035646
v 0.034031 0.005467 0.038026
v 0.033254 0.002612 0.039085
v 0.029265 0.003790 0.039751
v 0.030239 0.006256 0.038765
v 0.074745 -0.007342 -0.043276
v 0.073933 -0.006602 -0.042269
v 0.082244 0.014062 -0.065580
v 0.086428 0.016090 -0.061879
v 0.082767 0.020378 -0.060829
v 0.082256 0.021909 -0.056166
v 0.080803 0.020614 -0.055487
v 0.080917 0.018892 -0.059359
v 0.089790 0.015933 -0.060562
v 0.072346 -0.020550 -0.045195
v 0.082985 0.005893 -0.057163
v 0.081747 0.022363 -0.053700
v 0.084890 0.023540 -0.054142
v 0.087047 -0.004787 -0.066261
v 0.090370 0.014599 -0.062302
v 0.089190 0.012972 -0.061135
v 0.083406 0.014412 -0.048405
v 0.074704 -0.010735 -0.061179
v 0.080451 -0.010836 -0.059019
v 0.078629 -0.013510 -0.058316
v -0.090497 0.013008 -0.070117
v -0.090699 0.010520 -0.071362
v -0.091191 0.008703 -0.069521
v -0.090904 0.010797 -0.068142
v -0.086735 -0.004273 -0.069959
v -0.087072 0.002699 -0.070933
v -0.088171 0.005217 -0.071455
v -0.088593 0.002991 -0.070730
v 0.073932 -0.012674 -0.060930
v 0.074434 0.001261 -0.053100
v 0.070240 -0.015526 -0.035266
v 0.078174 -0.026287 -0.051137
v -0.086751 -0.014491 -0.067006
v -0.085484 -0.013896 -0.066977
v -0.086741 -0.009332 -0.068457
v -0.088454 -0.009754 -0.068787
v 0.079032 -0.025114 -0.053722
v 0.029276 -0.032425 -0.118109
v 0.032849 -0.021323 -0.124598
v 0.089431 -0.005180 -0.069322
v 0.083934 0.018509 -0.055509
v 0.074303 -0.020987 -0.046439
v 0.074631 -0.026208 -0.044134
v 0.072985 -0.025527 -0.042290
v 0.079976 0.008822 -0.053674
v 0.075465 -0.016006 -0.063348
v 0.075240 -0.013736 -0.064530
v 0.065009 -0.005099 -0.051149
v 0.078233 -0.022445 -0.060849
v 0.074764 -0.027341 -0.054903
v 0.058011 -0.078348 -0.050414
v 0.055227 -0.075037 -0.066991
v -0.073998 -0.034351 -0.043972
v -0.076358 -0.031525 -0.046336
v -0.076510 -0.034503 -0.047777
v -0.072203 -0.035932 -0.046308
v 0.056131 -0.086822 -0.064701
v 0.057957 -0.090959 -0.049099
v 0.071211 -0.001915 -0.036595
v 0.071878 -0.008785 -0.039035
v 0.071347 -0.010023 -0.037181
v 0.019547 -0.102522 0.001576
v 0.017745 -0.114775 -0.002940
v 0.069396 -0.014898 -0.031427
v 0.068183 -0.015518 -0.019443
v 0.070028 0.000250 -0.020324
v 0.069761 -0.005069 -0.030917
v 0.059412 0.030943 0.014753
v 0.061271 0.031572 0.010195
v 0.061482 0.022107 0.010651
v 0.059494 0.023295 0.014355
v 0.020261 0.087369 0.031109
v 0.010209 0.088450 0.033401
v 0.010028 0.095515 0.027324
v 0.020309 0.094228 0.024761
v 0.034686 -0.012960 -0.128673
v 0.036507 -0.002394 -0.133250
v 0.016845 -0.005200 -0.140327
v 0.015756 -0.014962 -0.135287
v 0.020406 0.111630 0.002315
v 0.009943 0.113172 0.005020
v 0.010061 0.118351 -0.005034
v -0.069246 -0.034549 -0.047542
v -0.072916 -0.034960 -0.051752
v -0.072442 -0.031692 -0.052893
v -0.069479 -0.031807 -0.049829
v 0.020702 0.116567 -0.007405
v 0.050803 0.003162 0.029481
v 0.052098 -0.002654 0.030406
v 0.048694 -0.003116 0.033675
v 0.047926 0.002747 0.032136
v 0.074504 -0.030645 -0.041243
v 0.073325 -0.029566 -0.039898
v -0.085885 0.021803 -0.057104
v -0.086267 0.018132 -0.056439
v -0.085039 0.017012 -0.054459
v -0.084416 0.020610 -0.054739
v -0.072843 -0.009049 -0.067577
v -0.071240 -0.015662 -0.066209
v -0.077149 -0.010873 -0.068473
v -0.077511 -0.007988 -0.068628
v 0.010236 0.122819 -0.016819
v 0.021135 0.120878 -0.018783
v 0.011898 0.012836 0.044690
v -0.084465 0.012312 -0.063499
v -0.084916 0.012907 -0.066386
v -0.085490 0.010899 -0.067585
v -0.084752 0.009621 -0.065350
v -0.087488 0.014537 -0.071092
v -0.087666 0.011754 -0.072544
v -0.072790 -0.025435 -0.043763
v -0.071844 -0.022025 -0.043075
v -0.072085 -0.020439 -0.044255
v -0.072514 -0.021433 -0.045719
v -0.073692 -0.009180 -0.058658
v -0.075278 -0.004689 -0.056042
v -0.083193 -0.024867 -0.062470
v -0.083161 -0.023036 -0.061439
v -0.085347 -0.019008 -0.064405
v -0.085321 -0.020362 -0.065930
v 0.012240 0.014670 0.041920
v 0.015943 0.011131 0.040789
v 0.015568 0.009215 0.042987
v 0.008147 0.061160 0.045396
v 0.009058 0.068822 0.042616
v 0.018039 0.068702 0.041227
v 0.016654 0.061147 0.044503
v 0.020609 0.008640 0.039825
v 0.019745 0.006700 0.041361
v 0.009960 0.101930 0.020616
v 0.020369 0.100608 0.017835
v 0.020543 0.127413 -0.069024
v -0.080108 -0.020904 -0.059628
v -0.082410 -0.018054 -0.062814
v -0.083317 -0.017358 -0.064530
v -0.082512 -0.019570 -0.062580
v 0.021007 0.127557 -0.060547
v 0.009831 0.130184 -0.060936
v -0.086304 0.014786 -0.064551
v -0.085078 0.017048 -0.059721
v -0.086588 0.015940 -0.058367
v -0.088142 0.013893 -0.062527
v 0.010917 0.129408 -0.073516
v 0.067902 0.000803 -0.092924
v 0.070774 -0.000765 -0.076885
v 0.073821 0.011199 -0.078481
v 0.072135 0.017280 -0.095575
v 0.031490 -0.095656 -0.007892
v 0.030155 -0.108129 -0.011624
v -0.079044 0.003581 -0.067564
v -0.077424 0.008470 -0.065260
v -0.076739 0.007804 -0.065226
v -0.077994 0.003602 -0.067481
v -0.086978 0.012060 -0.069020
v -0.087477 0.009887 -0.070260
v -0.085999 0.008604 -0.068981
v -0.077192 0.009441 -0.052389
v -0.078983 0.010436 -0.054375
v -0.078846 0.008977 -0.055324
v -0.078684 0.007747 -0.054550
v -0.075872 -0.035329 -0.051340
v -0.069881 -0.024247 -0.059809
v -0.071393 -0.023788 -0.061414
v -0.074064 -0.019636 -0.064240
v -0.072623 -0.018524 -0.064700
v 0.053227 0.052940 0.021699
v 0.055165 0.058030 0.017319
v 0.058409 0.051076 0.013671
v 0.056196 0.046977 0.018468
v 0.006553 0.048753 0.048680
v 0.014143 0.048716 0.048447
v 0.012287 0.042565 0.048642
v 0.005919 0.042480 0.049067
v -0.069655 -0.032697 -0.042153
v -0.072809 -0.032359 -0.042315
v -0.073274 -0.033411 -0.043265
v -0.070198 -0.034514 -0.043750
v 0.059139 0.015778 0.015300
v 0.061399 0.012977 0.012742
v 0.060013 0.004863 0.018154
v 0.057406 0.008650 0.019771
v 0.053344 0.004275 0.026387
v -0.079664 0.013764 -0.054661
v -0.081375 0.013130 -0.056486
v -0.079809 0.012328 -0.055953
v -0.078827 0.012704 -0.054530
v 0.054982 -0.001282 0.026886
v -0.085919 0.000924 -0.069338
v -0.085142 0.007178 -0.067021
v 0.019421 0.078051 0.037348
v 0.009729 0.078664 0.038957
v 0.060449 0.041803 0.010890
v 0.058272 0.039320 0.016008
v 0.009278 0.016250 0.047014
v 0.009927 0.017695 0.043521
v 0.007859 0.022183 0.045758
v -0.085327 -0.007988 -0.064479
v -0.085200 -0.007650 -0.067330
v -0.084893 -0.011677 -0.065806
v -0.084422 -0.011779 -0.063248
v 0.004417 0.022007 0.051590
v 0.004610 0.026000 0.049944
v 0.007534 0.025816 0.046451
v 0.034131 0.060790 0.037334
v 0.035676 0.067691 0.033653
v 0.043131 0.066398 0.028131
v 0.041591 0.059884 0.032004
v 0.020370 0.106273 0.010533
v -0.085378 -0.000247 -0.064189
v -0.085431 -0.000142 -0.067476
v 0.009901 0.107671 0.013331
v 0.005046 0.035029 0.048872
v 0.009370 0.035189 0.046999
v 0.008396 0.031609 0.046295
v -0.088950 0.007985 -0.068402
v -0.089256 0.002249 -0.069431
v -0.088348 0.008647 -0.069314
v -0.075698 0.011336 -0.062374
v -0.076106 0.014489 -0.066206
v -0.075381 0.008583 -0.068448
v -0.075932 0.009065 -0.064238
v 0.005011 0.031782 0.048867
v 0.024431 0.004990 0.040454
v 0.025324 0.007190 0.039372
v 0.064981 -0.029685 -0.046213
v 0.066668 -0.031076 -0.044876
v 0.073080 0.016084 -0.034087
v 0.071020 0.005475 -0.032048
v 0.071294 0.013403 -0.021874
v 0.072270 0.026487 -0.024641
v 0.074774 0.038680 -0.028632
v 0.075554 0.046930 -0.034250
v 0.076850 0.030697 -0.041122
v 0.075360 0.025145 -0.036866
v 0.051886 -0.083982 -0.078600
v 0.049212 -0.073546 -0.082100
v 0.004663 0.018929 0.054402
v 0.004697 0.015952 0.057037
v 0.019244 0.036928 -0.151304
v -0.072221 -0.016452 -0.044420
v -0.073272 -0.014246 -0.045723
v -0.071643 -0.016275 -0.047421
v -0.071057 -0.018912 -0.046853
v 0.018610 0.023363 -0.149499
v 0.038970 0.027349 -0.141040
v 0.039366 0.040277 -0.142386
v 0.064699 -0.009836 -0.088993
v -0.074745 -0.021739 -0.062985
v -0.072075 -0.024798 -0.060613
v -0.072567 -0.025454 -0.059978
v -0.075162 -0.023364 -0.061584
v 0.068059 -0.009453 -0.074108
v 0.009629 -0.011911 0.058822
v 0.006784 -0.007682 0.055023
v 0.007489 -0.010660 0.056200
v 0.006846 -0.007706 0.055101
v 0.010324 -0.014181 0.060898
v 0.012859 -0.014048 0.062156
v 0.007857 -0.014775 0.055557
v 0.006887 -0.014712 0.055981
v 0.006850 -0.010428 0.056408
v 0.007078 -0.007654 0.055130
v 0.001865 -0.017003 0.067570
v 0.002514 -0.015450 0.070484
v 0.006185 -0.014106 0.069321
v 0.004605 -0.015697 0.067318
v 0.005988 -0.007598 0.055894
v 0.005096 -0.010136 0.057459
v 0.004872 -0.011723 0.063139
v 0.006576 -0.009175 0.058918
v 0.006388 -0.007741 0.056277
v 0.006755 -0.011412 0.062246
v 0.005729 -0.017211 0.060418
v 0.008229 -0.011528 0.060728
v -0.082860 0.013895 -0.058399
v -0.083416 0.009709 -0.059554
v -0.082090 0.009681 -0.058321
v -0.076517 -0.020014 -0.052520
v -0.076890 -0.018756 -0.054444
v -0.077960 -0.021442 -0.055671
v -0.077704 -0.023429 -0.053899
v 0.076444 -0.017784 -0.053401
v 0.055261 -0.063429 -0.030175
v 0.058760 -0.048580 -0.038288
v 0.058864 -0.049454 -0.044459
v -0.079546 -0.031315 -0.056664
v -0.077060 -0.031869 -0.057798
v -0.075159 -0.033870 -0.054539
v -0.077771 -0.033701 -0.054001
v -0.072175 -0.020045 -0.046310
v -0.071928 -0.019010 -0.044422
v -0.080782 0.003879 -0.069415
v -0.079934 0.009649 -0.066525
v 0.057051 -0.065170 -0.040014
v 0.081434 0.008333 -0.054862
v 0.066547 0.058202 -0.004387
v 0.067534 0.069367 -0.014182
v 0.072768 0.058268 -0.025643
v -0.084423 0.008207 -0.063360
v -0.084851 0.006016 -0.064833
v 0.072665 0.048051 -0.020112
v 0.068136 0.079226 -0.022450
v 0.073329 0.068913 -0.033139
v 0.076479 0.057126 -0.042674
v 0.078702 0.036588 -0.056006
v 0.042647 0.017637 0.032904
v 0.042798 0.017501 0.032999
v 0.041228 0.017224 0.034308
v -0.074594 -0.003804 -0.048889
v -0.072924 -0.003359 -0.050628
v -0.073240 -0.004175 -0.050508
v -0.075326 -0.005256 -0.048666
v 0.041277 0.017332 0.034171
v 0.042224 0.017862 0.032335
v 0.040679 0.017449 0.033416
v -0.074633 -0.004253 -0.047487
v -0.075156 -0.005816 -0.047350
v -0.074486 -0.005875 -0.046582
v -0.074139 -0.005063 -0.046471
v 0.043197 0.018183 0.031371
v 0.043672 0.017900 0.031846
v 0.043892 0.017700 0.031921
v 0.024942 0.018669 0.036298
v 0.025708 0.019013 0.035815
v 0.028372 0.017989 0.035998
v 0.027642 0.017969 0.036972
v 0.024696 0.018415 0.036684
v 0.027579 0.017704 0.037335
v -0.072211 -0.003116 -0.051075
v -0.072615 -0.003411 -0.050822
v -0.072782 -0.002899 -0.050901
v -0.075965 -0.000348 -0.062326
v -0.075994 -0.007703 -0.063995
v -0.075213 -0.008987 -0.063923
v -0.076485 -0.003283 -0.061610
v 0.028858 0.020783 0.030188
v 0.028326 0.021085 0.030067
v -0.085664 -0.006610 -0.068910
v 0.029694 0.020407 0.030319
v 0.023124 0.020505 0.034069
v 0.023138 0.021777 0.034050
v -0.082305 0.017124 -0.050803
v -0.081493 0.019855 -0.050527
v -0.083780 0.022509 -0.054381
v 0.028033 0.022039 0.030049
v 0.028022 0.021306 0.029984
v 0.023451 0.020152 0.034301
v -0.070901 -0.017290 -0.056912
v -0.074563 -0.017015 -0.054561
v -0.073890 -0.017068 -0.052955
v -0.071541 -0.017401 -0.055122
v -0.072558 -0.012232 -0.049976
v -0.070234 -0.015269 -0.049900
v -0.073722 -0.013831 -0.048057
v -0.074553 0.001459 -0.047272
v -0.073962 -0.002155 -0.049811
v -0.074168 -0.003120 -0.048567
v -0.074198 -0.002849 -0.047336
v -0.086773 -0.015153 -0.068445
v -0.088048 -0.009959 -0.070511
v -0.086494 -0.010140 -0.072265
v -0.085324 -0.015761 -0.070194
v 0.021780 0.019824 0.034315
v 0.020785 0.020086 0.033883
v -0.071056 -0.028970 -0.041246
v -0.066253 -0.031027 -0.044692
v -0.070237 -0.026017 -0.041611
v -0.089043 0.019183 -0.065052
v -0.087036 0.020917 -0.065274
v -0.087290 0.019048 -0.067533
v -0.089734 0.017390 -0.067109
v -0.074365 0.002547 -0.054718
v -0.073932 0.000643 -0.054631
v -0.074377 0.001650 -0.053265
v -0.074322 0.003796 -0.053210
v 0.020819 0.021772 0.034078
v 0.032826 0.016688 0.037351
v 0.033008 0.015940 0.037380
v 0.028169 0.016293 0.037632
v 0.027840 0.017145 0.037541
v 0.032649 0.017119 0.037209
v 0.036111 0.017161 0.036298
v 0.036156 0.016741 0.036396
v 0.036254 0.016000 0.036375
v -0.052317 -0.031735 -0.096997
v -0.060121 -0.031976 -0.078624
v -0.064231 -0.018142 -0.086945
v -0.057267 -0.018208 -0.102440
v -0.080397 -0.028299 -0.055841
v -0.079761 -0.030406 -0.053458
v -0.076440 0.008809 -0.045867
v -0.075786 0.010408 -0.044750
v -0.076418 0.015903 -0.046170
v -0.077333 0.012911 -0.046381
v 0.024863 0.017214 0.037376
v 0.024776 0.018071 0.037069
v 0.036255 0.015327 0.036375
v 0.033204 0.015276 0.037303
v -0.088378 0.004365 -0.074335
v -0.090717 0.003626 -0.072886
v 0.028416 0.015629 0.037583
v 0.024828 0.016778 0.037460
v 0.021988 0.018047 0.036780
v 0.023165 0.018236 0.036853
v 0.033264 0.014496 0.037154
v 0.033176 0.013683 0.037068
v 0.028308 0.014058 0.037557
v 0.028427 0.014865 0.037534
v -0.079110 0.013914 -0.053127
v -0.080725 0.016673 -0.056004
v -0.079563 0.014547 -0.054955
v -0.078633 0.013189 -0.053363
v -0.079071 0.005826 -0.050349
v -0.079633 0.007095 -0.050324
v -0.077801 0.007971 -0.050431
v -0.076906 0.006675 -0.050650
v 0.036307 0.014549 0.036108
v 0.036255 0.013690 0.036002
v -0.075151 0.015195 -0.043718
v -0.076096 0.020197 -0.046757
v 0.045072 0.017744 0.030181
v 0.045612 0.018226 0.029278
v 0.045559 0.017676 0.029347
v -0.067814 -0.024525 -0.059262
v 0.045201 0.017269 0.029826
v 0.047285 0.015193 0.026728
v 0.048378 0.016593 0.025914
v 0.049604 0.016031 0.024535
v -0.078280 0.007728 -0.047772
v -0.079011 0.010284 -0.047926
v -0.080136 0.008837 -0.050177
v -0.070849 -0.021292 -0.041332
v -0.071596 -0.019538 -0.043093
v -0.078333 0.012837 -0.053147
v -0.077744 0.011691 -0.052994
v -0.076459 0.007848 -0.051377
v -0.077336 0.006764 -0.053535
v 0.048325 0.014467 0.025841
v -0.081185 0.000529 -0.060582
v -0.081904 -0.007469 -0.061972
v 0.055672 0.005954 0.022902
v 0.050294 0.011661 0.025453
v 0.051847 0.013156 0.023307
v 0.044537 0.017558 0.030984
v 0.043875 0.017315 0.031913
v 0.044495 0.017868 0.031008
v 0.044995 0.018179 0.030072
v 0.044678 0.016904 0.030655
v 0.043922 0.016664 0.031713
v 0.042829 0.017175 0.032991
v 0.042850 0.016458 0.032890
v 0.041214 0.016190 0.034246
v 0.041152 0.016933 0.034318
v 0.039037 0.016813 0.035405
v -0.067220 -0.017890 -0.073442
v -0.063504 -0.030895 -0.059293
v 0.039367 0.017179 0.035272
v 0.039102 0.016047 0.035329
v 0.041355 0.015526 0.033997
v 0.039236 0.015363 0.035229
v 0.042912 0.015772 0.032508
v 0.044048 0.016092 0.031264
v 0.044816 0.016453 0.030146
v 0.045492 0.016841 0.029322
v 0.045974 0.017484 0.028750
v 0.045077 0.015928 0.029542
v 0.045566 0.015224 0.028765
v 0.044371 0.014732 0.030134
v 0.044189 0.015513 0.030771
v 0.045937 0.016434 0.028616
v 0.046564 0.015845 0.027686
v -0.076638 0.008402 -0.050670
v -0.076791 0.008962 -0.050825
v -0.076343 0.008167 -0.050555
v -0.075864 0.007296 -0.051024
v 0.043108 0.015175 0.032060
v 0.043097 0.014440 0.031610
v 0.041324 0.014075 0.033209
v 0.041371 0.014844 0.033661
v -0.078803 -0.032294 -0.051129
v -0.080781 0.006564 -0.058437
v -0.078531 0.004468 -0.056453
v -0.079910 0.006406 -0.056487
v 0.039256 0.014675 0.034938
v 0.039291 0.013803 0.034572
v -0.088553 -0.005260 -0.068931
v -0.090389 0.002003 -0.069055
v -0.091667 0.002198 -0.070434
v -0.089773 -0.005367 -0.070039
v 0.032598 0.017135 0.037020
v 0.032252 0.017344 0.035913
v 0.035718 0.017147 0.035323
v 0.036150 0.017142 0.036097
v 0.039405 0.017183 0.035143
v -0.067590 -0.033410 -0.046269
v -0.073716 -0.000050 -0.055944
v -0.074862 -0.001387 -0.055312
v 0.038655 0.017276 0.034464
v 0.035563 0.017165 0.034186
v 0.033893 0.019519 0.030048
v 0.035234 0.019531 0.029675
v 0.038285 0.017209 0.033424
v -0.076017 0.005118 -0.053835
v -0.075303 0.006393 -0.051307
v 0.032436 0.017452 0.034706
v 0.032378 0.019671 0.030314
v 0.029147 0.018229 0.034814
v -0.071702 -0.016561 -0.042548
v 0.030877 0.020008 0.030375
v 0.026450 0.019031 0.035070
v 0.034208 0.030187 0.037255
v 0.034162 0.030381 0.037677
v 0.039443 0.029719 0.036618
v 0.038974 0.029398 0.036322
v 0.049379 0.000908 -0.122672
v 0.050916 0.015860 -0.128174
v 0.038390 0.011379 -0.137975
v 0.041654 0.026982 0.035384
v 0.041618 0.027965 0.035164
v 0.044064 0.026706 0.033382
v 0.043931 0.025747 0.033473
v 0.041676 0.025887 0.035684
v -0.085814 0.015544 -0.066337
v -0.086540 0.013973 -0.067642
v -0.084754 0.014392 -0.065190
v -0.084604 0.015465 -0.063701
v -0.084119 0.017755 -0.062008
v -0.083564 0.018466 -0.061593
v -0.085211 0.017047 -0.064701
v -0.078149 0.005855 -0.054686
v -0.079198 0.006884 -0.055481
v 0.043738 0.024568 0.033650
v 0.038916 0.027176 0.037616
v -0.076712 -0.021183 -0.051048
v -0.077267 -0.026558 -0.051039
v -0.083867 -0.015141 -0.063762
v -0.083108 -0.014593 -0.061199
v -0.083919 -0.004483 -0.072873
v -0.084131 0.004135 -0.072691
v -0.082506 0.003914 -0.070803
v -0.082772 -0.004314 -0.071586
v 0.038917 0.028351 0.037264
v 0.038836 0.029157 0.036778
v 0.042621 0.023009 0.029553
v 0.041873 0.023912 0.030268
v -0.077567 -0.002333 -0.068512
v -0.074400 -0.001413 -0.068277
v -0.073881 -0.004268 -0.045950
v -0.073323 -0.000584 -0.043942
v -0.074810 0.004446 -0.053162
v -0.074945 0.006112 -0.051736
v -0.078401 -0.019274 -0.065590
v -0.074695 -0.026138 -0.058152
v -0.078538 -0.021359 -0.063807
v -0.070816 -0.026691 -0.056192
v -0.070555 -0.027611 -0.053946
v -0.072912 -0.027699 -0.055446
v 0.042553 0.023721 0.031682
v 0.043573 0.022961 0.030405
v 0.043326 0.022358 0.028942
v 0.044236 0.022267 0.029496
v 0.038034 0.022233 0.027409
v 0.037670 0.022569 0.027720
v 0.037142 0.022994 0.028158
v -0.080104 -0.018987 -0.058650
v -0.081995 -0.017647 -0.061138
v 0.038249 0.021906 0.027222
v -0.072814 -0.003568 -0.051667
v -0.071549 -0.005100 -0.053414
v -0.070980 -0.003629 -0.051427
v -0.083979 -0.000062 -0.062118
v -0.084487 -0.007751 -0.062725
v -0.079175 0.009301 -0.050915
v 0.038349 0.021549 0.027140
v -0.076612 0.000068 -0.050631
v -0.077280 0.003359 -0.048787
v -0.082159 0.012183 -0.050906
v -0.080888 0.010776 -0.051393
v -0.080061 0.009962 -0.051165
v -0.080903 0.010476 -0.050265
v -0.066263 -0.012315 -0.053075
v -0.068447 -0.014058 -0.051304
v -0.070130 -0.011109 -0.050728
v 0.038354 0.021166 0.027148
v 0.038239 0.020841 0.027311
v 0.056177 -0.009511 0.025209
v 0.057760 0.000999 0.022664
v -0.083014 0.017655 -0.059201
v -0.083526 0.015892 -0.060209
v -0.081286 0.010287 -0.068081
v 0.059434 -0.006815 0.020312
v 0.044256 0.018166 0.030869
v -0.079529 0.010704 -0.055279
v -0.079281 0.009460 -0.056382
v 0.044794 0.018547 0.029961
v -0.078255 0.022280 -0.060349
v -0.078668 0.019725 -0.056994
v -0.078400 0.020014 -0.055857
v -0.078128 0.024582 -0.055958
v 0.043767 0.018461 0.030514
v -0.069809 -0.030235 -0.050905
v -0.072332 -0.029979 -0.053480
v -0.072086 -0.028746 -0.053870
v -0.070265 -0.028761 -0.052088
v -0.073319 -0.017221 -0.052332
v -0.071595 -0.017593 -0.054123
v 0.044265 0.018865 0.029743
v -0.084573 -0.013812 -0.066722
v -0.084117 -0.014689 -0.065625
v -0.085126 -0.010702 -0.067602
v -0.085328 -0.009285 -0.068563
v 0.045328 0.019135 0.029091
v 0.045668 0.018840 0.029024
v 0.041587 0.017965 0.031616
v 0.037079 0.019858 0.028785
v 0.037589 0.020048 0.028335
v -0.075103 0.003221 -0.058064
v -0.074715 0.002295 -0.056908
v -0.077484 0.015084 -0.058986
v -0.079540 0.016962 -0.060318
v -0.079490 0.019007 -0.057147
v -0.077940 0.017379 -0.057084
v -0.082955 0.011036 -0.070027
v 0.042388 0.018451 0.030722
v 0.040113 0.017557 0.032526
v 0.036268 0.019669 0.029243
v 0.037847 0.020302 0.027978
v 0.038081 0.020527 0.027592
v -0.079417 0.007954 -0.056339
v -0.079743 0.008139 -0.057176
v 0.042725 0.018814 0.030033
v -0.079212 0.008350 -0.055789
v 0.043216 0.019265 0.029294
v 0.044637 0.019530 0.029150
v -0.076152 0.005793 -0.050948
v -0.078302 0.004691 -0.051086
v -0.081734 0.012553 -0.052340
v -0.084053 0.015847 -0.054821
v -0.083193 0.016374 -0.056158
v -0.081218 0.013394 -0.052548
v 0.043719 0.020419 0.028403
v 0.043777 0.021055 0.028412
v 0.044772 0.020110 0.028897
v -0.077539 0.010556 -0.051323
v 0.044851 0.020835 0.028809
v 0.043550 0.019871 0.028688
v -0.015345 -0.033009 -0.123928
v -0.017067 -0.022729 -0.131219
v 0.043650 0.021715 0.028568
v 0.044688 0.021469 0.029056
v 0.045910 0.018368 0.028849
v 0.046000 0.019313 0.028641
v 0.046436 0.020439 0.028028
v 0.046345 0.018443 0.028318
v -0.080209 0.019605 -0.050083
v -0.080186 0.020994 -0.053405
v -0.081229 0.021900 -0.053932
v -0.080737 0.020366 -0.050592
v -0.084349 0.014391 -0.063349
v 0.046956 0.018547 0.027581
v 0.046487 0.017230 0.027929
v 0.047335 0.021303 0.027570
v 0.048617 0.021840 0.026756
v -0.087676 0.011096 -0.068256
v -0.075929 -0.003347 -0.054230
v -0.073294 -0.006008 -0.054920
v 0.048030 0.018632 0.026552
v 0.047274 0.017030 0.026959
v 0.045705 0.019860 0.028691
v -0.063841 -0.006580 -0.053654
v -0.064175 -0.005443 -0.053470
v -0.064825 -0.005768 -0.054484
v -0.064742 -0.006638 -0.054854
v 0.045786 0.020528 0.028415
v 0.046856 0.022472 0.028793
v -0.068013 -0.011847 -0.055563
v -0.070219 -0.012668 -0.054921
v -0.069309 -0.014123 -0.053397
v -0.067482 -0.013118 -0.054891
v 0.047613 0.023484 0.028523
v 0.046197 0.021720 0.029038
v 0.045725 0.022615 0.030240
v 0.046229 0.023507 0.030141
v -0.063353 -0.009180 -0.053972
v -0.063605 -0.007755 -0.053779
v -0.064353 -0.008206 -0.055225
v -0.064020 -0.009741 -0.055711
v 0.046799 0.024416 0.029911
v 0.045364 0.024500 0.031701
v -0.082410 0.018218 -0.057533
v -0.083965 0.018028 -0.059647
v 0.045735 0.025482 0.031596
v 0.044961 0.023500 0.031752
v 0.045610 0.021373 0.029068
v -0.089694 0.009768 -0.066960
v -0.090020 0.007758 -0.068061
v -0.086928 0.014820 -0.065529
v -0.087427 0.013042 -0.066823
v 0.045101 0.022154 0.030030
v 0.044351 0.023029 0.031300
v 0.043306 0.023692 0.033202
v -0.073513 -0.011652 -0.045431
v -0.074490 -0.011422 -0.046904
v -0.074166 -0.013001 -0.046994
v -0.090819 0.012278 -0.066661
v -0.090179 0.015139 -0.068556
v -0.073164 -0.028636 -0.042886
v -0.072299 -0.030238 -0.041637
v -0.047277 -0.101260 -0.026435
v -0.055900 -0.096055 -0.039181
v -0.055292 -0.106274 -0.038619
v -0.046632 -0.111286 -0.026293
v -0.081245 0.015288 -0.049449
v -0.079813 0.018004 -0.049296
v 0.041470 0.024799 0.035305
v 0.040623 0.024669 0.033501
v 0.038692 0.026109 0.037198
v -0.063488 -0.011223 -0.054363
v -0.063464 -0.011328 -0.054355
v -0.066103 -0.013057 -0.054145
v -0.068209 -0.007374 -0.051783
v -0.064595 -0.006960 -0.052928
v 0.037893 0.025474 0.035165
v 0.034670 0.031329 0.038439
v 0.040389 0.030867 0.037175
v 0.037366 0.025590 0.033276
v 0.034890 0.023749 0.029562
v 0.033313 0.023863 0.030101
v 0.034209 0.025639 0.034311
v -0.068635 -0.010376 -0.055530
v 0.023712 0.022789 0.034590
v 0.024673 0.023753 0.035217
v -0.068214 -0.005234 -0.054153
v -0.068088 -0.004159 -0.052891
v -0.069201 -0.017101 -0.050950
v -0.070170 -0.018015 -0.052670
v -0.071830 -0.018494 -0.049795
v -0.064395 -0.011741 -0.055740
v -0.075998 0.004586 -0.056138
v 0.028792 0.022890 0.030558
v 0.028309 0.022502 0.030302
v 0.022162 0.022777 0.035212
v 0.023553 0.023836 0.036060
v -0.071348 -0.010031 -0.055433
v -0.072393 -0.012216 -0.057430
v -0.071689 -0.013880 -0.056552
v -0.070702 -0.011723 -0.055334
v -0.078562 -0.021839 -0.057065
v -0.078588 -0.020068 -0.057037
v -0.070539 -0.016404 -0.059155
v -0.074124 -0.016773 -0.057355
v -0.076042 -0.000631 -0.054291
v -0.077474 0.002161 -0.051994
v -0.073509 -0.003506 -0.052259
v -0.071453 -0.007932 -0.054572
v -0.073020 -0.010219 -0.056891
v -0.068316 -0.006257 -0.051963
v -0.071492 -0.005911 -0.050631
v -0.071241 -0.004858 -0.050936
v -0.068282 -0.005303 -0.052239
v -0.080826 0.009642 -0.057619
v -0.078347 0.016143 -0.047541
v -0.079962 0.012950 -0.048477
v -0.079232 0.026976 -0.072020
v -0.077260 0.019039 -0.077040
v -0.077674 0.019325 -0.064122
v -0.069427 -0.008745 -0.055444
v -0.064464 -0.004928 -0.053599
v -0.065182 -0.005593 -0.053282
v -0.084187 -0.018013 -0.064614
v -0.072468 -0.019264 -0.049459
v -0.075175 0.003939 -0.051396
v -0.083474 -0.009650 -0.071832
v -0.082514 -0.015056 -0.070010
v -0.074903 0.005299 -0.051574
v -0.075062 0.006296 -0.051576
v -0.071009 -0.017971 -0.053591
v -0.072855 -0.017862 -0.051207
v -0.075333 0.006565 -0.051313
v -0.074657 -0.011800 -0.048214
v -0.084433 0.009589 -0.062220
v 0.028297 0.025115 0.035424
v 0.030425 0.023513 0.030742
v -0.075708 -0.029310 -0.058206
v -0.073986 -0.030730 -0.055384
v 0.029459 0.023219 0.030718
v -0.065034 -0.005997 -0.052837
v 0.026518 0.024457 0.035276
v -0.068104 -0.013923 -0.052651
v -0.068544 -0.006923 -0.054433
v 0.027653 0.025630 0.037337
v 0.025251 0.024708 0.036694
v 0.034479 0.025970 0.036392
v -0.073632 -0.008038 -0.049869
v -0.073214 -0.010170 -0.049675
v -0.074865 -0.009577 -0.047944
v 0.020874 0.072643 -0.148046
v 0.020309 0.057093 -0.151401
v -0.075122 -0.016106 -0.058910
v -0.071519 -0.014317 -0.061074
v -0.072895 -0.013497 -0.062975
v -0.077033 -0.014928 -0.060038
v -0.081160 -0.020048 -0.067669
v -0.079429 -0.024446 -0.064406
v -0.081359 -0.026167 -0.064445
v -0.083780 -0.021313 -0.067626
v 0.039859 0.058889 -0.142458
v 0.039950 0.072372 -0.139720
v -0.080031 0.043172 -0.080781
v -0.079677 0.032493 -0.065169
v -0.080494 0.049423 -0.069389
v -0.082387 0.018490 -0.065208
v -0.082249 0.016325 -0.066804
v -0.087333 0.016983 -0.069423
v -0.077844 0.022641 -0.051164
v -0.078224 0.020112 -0.054571
v -0.080065 0.020107 -0.053082
v -0.087292 -0.004902 -0.073699
v 0.039821 0.024864 0.031863
v 0.036156 0.023437 0.028863
v 0.049843 0.073442 -0.131937
v 0.049095 0.081957 -0.129024
v 0.040440 0.083926 -0.134606
v 0.035490 -0.061191 -0.100304
v 0.025733 -0.072788 -0.107028
v -0.075540 0.005197 -0.046112
v -0.077544 0.005386 -0.047973
v 0.020105 0.022504 0.036481
v -0.077524 -0.018052 -0.066480
v 0.021953 0.023844 0.036987
v -0.078535 -0.016886 -0.057397
v -0.080812 -0.016080 -0.059042
v -0.087647 0.018246 -0.058760
v -0.085172 0.016248 -0.056574
v 0.018871 0.021302 0.036064
v 0.018177 0.021150 0.036100
v 0.019364 0.022615 0.036448
v 0.020990 0.024089 0.036963
v 0.024153 0.025002 0.037523
v 0.023443 0.025461 0.037927
v 0.026991 0.026902 0.038971
v 0.027098 0.026017 0.038614
v 0.034575 0.026901 0.038359
v 0.034652 0.027937 0.038760
v 0.026480 0.027845 0.038443
v 0.022909 0.026058 0.037392
v 0.025832 0.028838 0.037952
v 0.022708 0.027101 0.037146
v 0.034485 0.029839 0.037675
v 0.034699 0.029048 0.038414
v 0.021832 0.018933 0.036333
v 0.019521 0.019314 0.036120
v 0.022381 0.019244 0.036174
v 0.019870 0.019609 0.035940
v 0.023574 0.019609 0.035275
v 0.019013 0.020087 0.035761
v 0.018289 0.019900 0.035906
v -0.015515 -0.111966 0.004722
v -0.013911 -0.119065 0.000576
v 0.024435 0.019706 0.034831
v 0.018605 0.022685 0.035999
v 0.017227 0.020984 0.035927
v 0.017467 0.023230 0.035216
v 0.016473 0.021123 0.035418
v 0.019924 0.025661 0.035862
v 0.020266 0.024410 0.036152
v 0.017281 0.019771 0.035766
v 0.017940 0.019234 0.035966
v 0.016521 0.019744 0.035562
v 0.017201 0.019034 0.035821
v 0.024580 0.016122 0.037509
v 0.024314 0.015474 0.037478
v 0.021212 0.017534 0.036845
v 0.020586 0.017087 0.036713
v 0.032894 0.012824 0.036910
v 0.036056 0.012792 0.035994
v 0.032502 0.011677 0.036992
v -0.007547 -0.009121 0.057920
v -0.008536 -0.009318 0.056706
v -0.007113 -0.007784 0.055593
v -0.006774 -0.007759 0.056184
v 0.035806 0.011618 0.035942
v 0.027487 0.012182 0.037756
v 0.028030 0.013156 0.037617
v 0.030399 -0.116319 -0.013387
v 0.046117 0.014360 0.028162
v 0.046807 0.013355 0.027682
v 0.045355 0.012561 0.029394
v 0.044734 0.013858 0.029593
v 0.043157 0.013472 0.031163
v -0.008120 -0.017674 0.057576
v -0.007435 -0.016374 0.056888
v -0.008630 -0.016421 0.055950
v -0.009642 -0.017349 0.056789
v 0.043418 0.012087 0.031180
v 0.041114 0.011811 0.032931
v 0.041161 0.013087 0.032901
v 0.039179 0.012910 0.034386
v 0.038843 0.011553 0.034479
v 0.049453 0.018209 0.025254
v 0.050578 0.021694 0.024766
v 0.050896 0.017597 0.023718
v 0.052623 0.021337 0.022667
v 0.015684 0.024305 0.035348
v -0.005910 -0.007630 0.055756
v -0.004854 -0.009485 0.058484
v -0.005893 -0.009310 0.059046
v -0.006251 -0.007699 0.056045
v 0.015321 0.021483 0.035103
v 0.014075 0.025072 0.036298
v 0.013882 0.022145 0.035888
v 0.015482 0.028006 0.037287
v 0.017364 0.027176 0.036082
v 0.015667 0.019831 0.035484
v 0.016436 0.018741 0.035595
v 0.014557 0.019748 0.035786
v 0.015546 0.018266 0.035960
v 0.023773 0.014691 0.037414
v 0.023214 0.013769 0.037482
v 0.019940 0.016504 0.036837
v 0.019006 0.015679 0.036912
v 0.047487 -0.010197 -0.117791
v 0.051764 0.031632 -0.130859
v 0.047704 0.034901 0.034351
v 0.045378 0.031997 0.035224
v 0.041858 0.033201 0.037508
v 0.043731 0.036686 0.037550
v 0.050256 0.038823 0.032101
v 0.052466 0.035307 0.029295
v 0.050219 0.032517 0.031418
v 0.047956 0.030272 0.032849
v 0.051573 0.024631 0.025494
v 0.049873 0.024597 0.027101
v 0.049997 0.026401 0.028419
v 0.051646 0.027086 0.026936
v 0.053586 0.024680 0.023332
v 0.053936 0.027975 0.024932
v 0.051170 0.029578 0.029048
v 0.049217 0.028248 0.030455
v 0.053577 0.031261 0.027150
v 0.023680 0.033039 0.039617
v 0.024212 0.031481 0.038387
v 0.021247 0.029239 0.037185
v 0.019887 0.029883 0.037801
v 0.022527 0.034403 0.040578
v 0.017880 0.030785 0.038611
v 0.036894 0.037188 0.040494
v 0.035887 0.034121 0.039457
v 0.025429 0.029508 0.037472
v 0.023392 0.028185 0.037336
v 0.025060 0.029682 0.037388
v 0.022744 0.028118 0.037128
v 0.058059 0.092684 -0.111257
v 0.060279 0.098578 -0.098724
v 0.043856 0.109410 -0.105109
v 0.042907 0.102076 -0.117424
v 0.041676 0.028256 0.035347
v 0.042340 0.028746 0.035170
v 0.044763 0.027644 0.033371
v 0.044186 0.027182 0.033556
v 0.046048 0.026122 0.031562
v 0.046634 0.026601 0.031474
v 0.047756 0.025487 0.029764
v 0.047247 0.025187 0.029915
v 0.047839 0.024374 0.028715
v 0.048284 0.024388 0.028311
v 0.022815 0.029062 0.037349
v 0.024879 0.030171 0.037832
v 0.051148 0.061646 -0.133194
v 0.044969 0.073647 0.023082
v 0.051862 0.070184 0.016491
v 0.049957 0.063773 0.022142
v 0.043366 0.029831 0.035570
v 0.045938 0.028602 0.033477
v 0.047655 0.027288 0.031292
v 0.048731 0.025918 0.029456
v 0.049106 0.024936 0.028242
v 0.071090 -0.012846 -0.037055
v 0.071438 -0.012747 -0.038992
v 0.078057 -0.002580 -0.065700
v 0.075827 0.003937 -0.064608
v 0.074631 0.007377 -0.063359
v 0.080205 0.014452 -0.049317
v 0.082204 0.017475 -0.052145
v 0.082234 -0.021215 -0.058880
v 0.078870 -0.023119 -0.055101
v -0.088056 0.021319 -0.059470
v 0.081980 -0.020279 -0.059436
v 0.088415 0.013392 -0.061407
v 0.088780 0.011801 -0.062794
v 0.089690 0.011458 -0.062476
v 0.040685 -0.031744 -0.107850
v 0.045122 -0.019043 -0.113803
v 0.088956 0.010076 -0.064181
v 0.073263 -0.008122 -0.041540
v 0.079333 -0.003078 -0.065902
v 0.081061 -0.003674 -0.067688
v 0.082024 -0.008775 -0.067940
v 0.081151 -0.008233 -0.067277
v 0.081280 -0.013812 -0.066162
v 0.080481 -0.012949 -0.065665
v 0.083511 -0.017408 -0.062011
v 0.083604 -0.013027 -0.064821
v 0.083234 0.017875 -0.053534
v 0.083146 0.017102 -0.052771
v 0.083978 0.017874 -0.053960
v 0.074137 -0.009244 -0.042961
v 0.078473 0.012275 -0.049375
v 0.078224 0.010506 -0.047566
v 0.077914 0.010956 -0.048071
v 0.072309 -0.004345 -0.047277
v 0.072087 -0.003537 -0.047426
v 0.073444 -0.005806 -0.046827
v 0.075092 -0.007094 -0.044632
v 0.069362 -0.014577 -0.046994
v 0.069010 -0.015281 -0.048608
v 0.068386 -0.015986 -0.047915
v 0.085863 0.023580 -0.057131
v 0.078339 0.009523 -0.047118
v 0.079545 0.010497 -0.047481
v 0.080143 0.011613 -0.047852
v 0.084697 0.017188 -0.054112
v 0.080648 0.012496 -0.048112
v 0.079616 0.012585 -0.048314
v 0.080957 0.014145 -0.049169
v 0.078953 0.012703 -0.048719
v 0.074422 -0.012026 -0.060811
v 0.073408 -0.012091 -0.058792
v 0.072812 0.007267 -0.037977
v 0.073546 0.005282 -0.040088
v 0.077866 -0.023872 -0.052774
v 0.075478 0.013132 -0.057869
v 0.076710 0.016146 -0.060008
v 0.085499 -0.008951 -0.066036
v 0.078519 -0.015295 -0.056602
v 0.076399 -0.016248 -0.055255
v 0.080770 -0.013919 -0.058032
v 0.082842 -0.011363 -0.059488
v 0.074895 0.003642 -0.051422
v 0.084116 0.007863 -0.057328
v 0.084487 0.005697 -0.058592
v 0.082733 0.008039 -0.056016
v 0.077964 0.019407 -0.058598
v 0.078217 0.019086 -0.055980
v 0.075039 0.016054 -0.057133
v 0.078003 0.017217 -0.055343
v 0.071291 -0.011275 -0.046619
v 0.068867 -0.016736 -0.050442
v 0.071046 -0.015492 -0.051910
v 0.069930 -0.017335 -0.051484
v 0.071534 -0.016456 -0.053189
v 0.071796 -0.015216 -0.054703
v 0.072304 -0.013542 -0.055887
v 0.073688 -0.011701 -0.055856
v 0.071125 -0.007273 -0.047271
v 0.077637 0.019492 -0.046295
v 0.070638 -0.009060 -0.047321
v 0.072574 -0.005631 -0.047031
v 0.072481 -0.007344 -0.046705
v 0.071967 -0.009221 -0.046478
v 0.074553 -0.019082 -0.048721
v 0.074762 -0.017580 -0.051377
v 0.073494 -0.018497 -0.047899
v 0.075241 -0.017095 -0.053689
v 0.072488 -0.018095 -0.047387
v 0.077148 0.014001 -0.057275
v 0.078050 0.016845 -0.057269
v 0.070760 -0.009473 -0.035245
v 0.062367 -0.001779 0.014521
v 0.064341 0.007680 0.008360
v 0.014900 -0.049832 0.037673
v 0.013231 -0.052816 0.038222
v 0.052954 -0.012032 0.029447
v 0.048592 -0.014812 0.034005
v 0.014003 -0.044549 0.048540
v 0.012014 -0.045136 0.048792
v 0.010807 -0.044511 0.048973
v 0.013196 -0.044403 0.048430
v 0.007960 -0.043773 0.047441
v 0.010641 -0.044165 0.046432
v 0.010939 -0.044134 0.047667
v 0.008036 -0.043713 0.048613
v 0.024136 -0.029852 0.048589
v 0.027738 -0.025661 0.047227
v 0.029441 -0.030068 0.046492
v 0.026096 -0.033539 0.047909
v 0.013538 -0.046726 0.039587
v 0.014453 -0.045128 0.039760
v 0.013309 -0.044719 0.042445
v 0.012148 -0.045457 0.042350
v 0.012800 -0.047771 0.039753
v 0.011466 -0.045836 0.042446
v 0.015601 -0.048101 0.037414
v 0.016243 -0.045497 0.037377
v 0.021918 -0.050761 0.045871
v 0.018559 -0.048590 0.047179
v 0.021194 -0.045594 0.047312
v 0.024699 -0.046286 0.045990
v 0.022759 -0.017805 0.047215
v 0.025493 -0.021439 0.047368
v 0.022641 -0.026021 0.048356
v 0.019771 -0.021526 0.047931
v 0.017007 -0.016959 0.048093
v 0.019738 -0.013695 0.047090
v 0.015949 -0.009025 0.051209
v 0.016832 -0.012742 0.052472
v 0.016451 -0.013868 0.055862
v 0.016729 -0.011613 0.054695
v 0.014774 -0.017992 0.054472
v 0.016788 -0.014992 0.050967
v 0.010770 -0.019337 0.055133
v -0.011914 -0.016861 0.057360
v -0.010747 -0.015206 0.056765
v -0.011007 -0.014681 0.058365
v -0.013166 -0.015709 0.058930
v 0.010629 -0.018816 0.056138
v 0.014698 -0.018349 0.052950
v -0.004491 -0.015643 0.065154
v -0.005537 -0.013580 0.065071
v -0.004680 -0.014769 0.063070
v -0.004647 -0.016664 0.062703
v 0.014550 -0.019262 0.051056
v 0.011120 -0.019932 0.053965
v 0.010065 -0.018013 0.057021
v 0.012982 -0.017657 0.056927
v -0.007569 -0.013161 0.064301
v -0.009421 -0.013071 0.066157
v -0.011183 -0.013183 0.064333
v -0.009056 -0.013621 0.062714
v -0.004950 -0.013295 0.058728
v -0.005930 -0.015248 0.059874
v -0.004221 -0.012520 0.061714
v -0.010597 -0.012682 0.056954
v -0.010373 -0.013622 0.055906
v -0.008590 -0.010315 0.055692
v -0.008813 -0.009979 0.055496
v 0.014540 -0.015410 0.058332
v 0.003909 -0.016579 0.065038
v 0.005088 -0.015209 0.067021
v 0.009301 0.014114 0.050052
v 0.012029 0.010539 0.047188
v 0.009450 0.011496 0.052307
v 0.012013 0.008252 0.049335
v 0.013940 -0.013038 0.061679
v 0.015327 -0.011221 0.060199
v 0.011492 -0.011848 0.065369
v 0.012387 -0.009202 0.065064
v 0.004749 0.029062 0.049164
v 0.001905 -0.020369 0.060984
v 0.002246 -0.020992 0.060543
v 0.001653 -0.018997 0.062582
v 0.021828 0.095118 -0.135558
v 0.022429 0.107389 -0.124393
v 0.021700 0.120379 -0.101253
v 0.019493 0.124535 -0.088827
v 0.004939 -0.037463 0.061337
v 0.004845 -0.034713 0.061395
v 0.010163 -0.042541 0.045541
v 0.005576 -0.042668 0.046759
v 0.005625 -0.043642 0.049802
v 0.010192 -0.043861 0.048702
v 0.012275 -0.043779 0.047249
v 0.012292 -0.042503 0.044094
v 0.010104 -0.041051 0.043075
v 0.005405 -0.041151 0.043875
v 0.009887 -0.044787 0.054272
v 0.005396 -0.044417 0.056106
v 0.005183 -0.042693 0.058649
v 0.009756 -0.043171 0.056360
v 0.016650 -0.023456 0.050060
v 0.013274 -0.022969 0.052433
v 0.009562 -0.022965 0.055924
v 0.006504 -0.023188 0.058548
v 0.005783 -0.021139 0.058723
v 0.008187 -0.020561 0.056559
v 0.005404 -0.020298 0.058971
v 0.007728 -0.019837 0.057079
v 0.007567 -0.019193 0.057606
v 0.008018 -0.018306 0.057890
v 0.006337 -0.018285 0.059106
v 0.006813 -0.017605 0.058958
v 0.005322 -0.019591 0.059278
v 0.004588 0.006206 0.065290
v 0.004494 0.009614 0.062306
v 0.009068 -0.033191 0.059522
v 0.004858 -0.032561 0.060876
v 0.004148 -0.028471 0.060144
v 0.008278 -0.028629 0.058821
v 0.012237 -0.029423 0.056401
v 0.013103 -0.034883 0.057016
v 0.002637 -0.021772 0.060218
v 0.009128 -0.035525 0.059684
v 0.009199 -0.038104 0.059383
v 0.013093 -0.037290 0.057070
v 0.012876 -0.039588 0.056636
v 0.016475 -0.037287 0.054091
v 0.016509 -0.031273 0.053690
v 0.020512 -0.033318 0.050941
v 0.018347 -0.039733 0.051493
v 0.022112 -0.042689 0.047905
v 0.015632 -0.044821 0.048479
v 0.016641 -0.043669 0.048693
v 0.017735 -0.042610 0.049268
v 0.022773 -0.039743 0.048638
v 0.025802 -0.041987 0.046601
v 0.026427 -0.037638 0.047249
v 0.022590 -0.036614 0.049556
v 0.018385 -0.041337 0.050086
v 0.015480 -0.043935 0.048799
v 0.014037 -0.044169 0.048569
v 0.016367 -0.043418 0.049291
v 0.015052 -0.043994 0.048971
v 0.016963 -0.042813 0.050033
v 0.015801 -0.043804 0.049562
v 0.016036 -0.043268 0.050618
v 0.017190 -0.041776 0.051250
v 0.013806 -0.044561 0.046953
v 0.013922 -0.044840 0.047614
v 0.014343 -0.044839 0.048762
v 0.014101 -0.044689 0.047852
v 0.012796 -0.044397 0.046492
v 0.013390 -0.044477 0.047494
v 0.014210 -0.044398 0.042802
v 0.014403 -0.044125 0.043207
v -0.050647 -0.084610 -0.026257
v -0.057012 -0.082277 -0.040558
v 0.012191 -0.044227 0.046224
v 0.012182 -0.044297 0.047157
v 0.012745 -0.044239 0.048216
v 0.013855 -0.044323 0.048351
v 0.014769 -0.044408 0.048799
v 0.015089 -0.044309 0.049691
v 0.012563 -0.041716 0.055561
v 0.015151 -0.041426 0.053641
v 0.014570 -0.043179 0.052448
v 0.012324 -0.043885 0.053855
v 0.013971 -0.044500 0.051112
v 0.012432 -0.041104 0.041585
v 0.012084 -0.045007 0.051935
v 0.014117 -0.042767 0.041953
v 0.014813 -0.041623 0.039608
v 0.013703 -0.043862 0.045032
v 0.014931 -0.044130 0.040223
v 0.015324 -0.043428 0.040367
v 0.016453 -0.043747 0.037643
v 0.016386 -0.042545 0.038120
v 0.013472 -0.044994 0.049580
v 0.015884 -0.039526 0.054114
v 0.009307 -0.040612 0.058132
v 0.005015 -0.040025 0.060161
v -0.034639 0.005442 0.036692
v -0.033950 0.002627 0.037885
v -0.029701 0.003920 0.038936
v -0.030479 0.006364 0.037858
v 0.005273 -0.001498 0.071831
v 0.004936 0.002727 0.068345
v 0.009000 -0.043956 0.049114
v 0.007321 -0.124746 -0.001621
v -0.075225 -0.007629 -0.047140
v -0.074477 -0.006919 -0.046193
v -0.082258 0.013820 -0.068433
v 0.013351 -0.045898 0.048565
v 0.011376 -0.049957 0.040045
v 0.009737 -0.046755 0.042949
v 0.016793 -0.055202 0.046481
v 0.009591 -0.058537 0.048785
v 0.007806 -0.054479 0.049911
v 0.013830 -0.051848 0.047854
v 0.004461 -0.048523 0.051667
v 0.009789 -0.046976 0.049714
v -0.085644 0.016021 -0.065176
v 0.008111 -0.045669 0.050264
v 0.002949 -0.046252 0.052321
v 0.001875 -0.044567 0.052690
v 0.006943 -0.044528 0.050406
v -0.000561 -0.042393 0.051777
v -0.006322 -0.041596 0.053447
v -0.004909 -0.046095 0.048594
v 0.000967 -0.046630 0.047013
v 0.007411 -0.046733 0.044354
v 0.005390 -0.043302 0.048588
v -0.082671 0.020007 -0.063304
v -0.082269 0.021483 -0.058632
v -0.080563 0.020250 -0.057835
v -0.080726 0.018518 -0.061728
v -0.000143 -0.042413 0.052359
v 0.005066 -0.043136 0.049878
v -0.005857 -0.041717 0.054608
v 0.018357 -0.121373 -0.006269
v 0.005676 -0.043596 0.050342
v 0.000643 -0.043078 0.052545
v -0.005133 -0.042685 0.055221
v -0.004012 -0.044717 0.055638
v -0.003001 -0.047044 0.055696
v -0.002022 -0.050014 0.054967
v 0.000485 -0.057430 0.052788
v 0.001784 -0.062415 0.051906
v -0.007272 -0.058912 0.054761
v -0.006386 -0.064073 0.054786
v -0.008565 -0.051149 0.057559
v -0.009223 -0.047603 0.058778
v -0.009993 -0.044746 0.058420
v -0.010737 -0.042427 0.057526
v 0.003229 -0.023438 0.059883
v 0.005128 -0.018109 0.060350
v 0.004017 -0.017496 0.062473
v 0.007409 -0.013659 0.067809
v 0.001585 -0.017992 0.064881
v 0.010079 -0.012076 0.067169
v 0.008379 -0.012534 0.068680
v 0.009004 -0.010899 0.069515
v 0.010163 -0.010279 0.068331
v 0.006940 -0.013120 0.070005
v 0.008250 -0.011095 0.070583
v 0.003043 -0.014299 0.071921
v 0.004111 -0.010868 0.074080
v 0.005192 -0.005141 0.073879
v 0.004617 -0.008576 0.074576
v 0.009519 -0.009262 0.070073
v 0.010751 -0.007407 0.068366
v -0.089458 0.015776 -0.063403
v 0.010945 -0.004336 0.066276
v 0.012912 -0.006545 0.062668
v 0.010367 0.129439 -0.045005
v -0.011523 -0.041191 0.056562
v -0.012063 -0.041037 0.054748
v -0.073789 -0.020669 -0.049266
v -0.082343 0.005798 -0.060125
v -0.002637 -0.056728 0.042045
v -0.003521 -0.052096 0.044313
v -0.009397 -0.052190 0.045048
v -0.081758 0.021925 -0.056144
v -0.084870 0.023161 -0.056721
v -0.008551 -0.056758 0.043029
v -0.016507 -0.040674 0.055030
v -0.086893 -0.004826 -0.068973
v -0.090060 0.014473 -0.065250
v -0.088641 0.012890 -0.064214
v -0.083076 0.014144 -0.051593
v -0.075212 -0.010807 -0.064146
v -0.080814 -0.010762 -0.061671
v -0.079136 -0.013401 -0.060886
v -0.074421 -0.012672 -0.063717
v -0.074473 0.001210 -0.056545
v -0.015032 -0.045516 0.049426
v -0.010706 -0.045616 0.049386
v -0.016635 -0.040979 0.056881
v -0.016220 -0.042303 0.058208
v -0.015669 -0.044743 0.059472
v -0.013721 -0.052201 0.045020
v -0.012956 -0.057046 0.043090
v -0.071775 -0.016046 -0.040624
v 0.008845 -0.051302 0.041125
v -0.078508 -0.026063 -0.054256
v -0.079279 -0.025000 -0.056591
v -0.031488 -0.032554 -0.118438
v -0.034980 -0.021488 -0.124994
v -0.089169 -0.005185 -0.072089
v 0.009932 -0.055067 0.039159
v 0.002664 -0.052435 0.043223
v 0.003831 -0.056052 0.041076
v -0.013909 -0.064287 0.056496
v -0.014455 -0.059332 0.055820
v -0.014960 -0.047954 0.059806
v -0.014788 -0.051885 0.058421
v 0.022523 0.115065 -0.113427
v 0.062406 0.076120 -0.006914
v 0.060965 0.069579 0.001161
v -0.082873 0.018396 -0.058934
v 0.054346 0.076817 0.008185
v 0.056012 0.082095 0.000776
v 0.063065 0.084135 -0.015165
v 0.056625 0.088884 -0.007088
v 0.039945 0.121703 -0.064495
v 0.040498 0.120975 -0.050202
v 0.021519 0.126894 -0.046267
v 0.034780 0.121811 -0.078484
v 0.047113 0.113667 -0.087813
v 0.049338 0.116270 -0.068352
v 0.049259 0.115991 -0.053051
v -0.075575 -0.021034 -0.050318
v -0.075746 -0.026267 -0.048196
v -0.074388 -0.025663 -0.046712
v -0.079517 0.008619 -0.057001
v 0.025545 -0.084640 -0.108335
v 0.051867 0.044261 -0.132321
v 0.047966 0.114884 -0.039217
v 0.039826 0.119062 -0.036387
v 0.039321 0.115898 -0.023953
v 0.046656 0.112520 -0.027468
v 0.021358 0.124369 -0.031792
v 0.010331 0.126538 -0.029929
v 0.017976 0.007549 -0.145730
v 0.004522 0.012990 0.059515
v 0.046404 -0.048126 -0.091060
v 0.055591 -0.048354 -0.072821
v 0.057753 -0.100950 -0.048757
v 0.068647 -0.025489 -0.053717
v 0.068209 -0.024700 -0.054391
v 0.057648 -0.063562 -0.052839
v 0.058506 -0.049299 -0.054010
v 0.036975 -0.047038 -0.102992
v 0.077103 -0.014323 -0.064756
v 0.077829 -0.010642 -0.065723
v 0.078638 -0.015335 -0.064466
v 0.079286 -0.011338 -0.065691
v 0.079525 -0.007112 -0.066155
v 0.079475 -0.017155 -0.063611
v 0.078321 0.018806 -0.054089
v 0.079869 0.020238 -0.052748
v -0.076825 -0.016719 -0.066514
v -0.076764 -0.014477 -0.067759
v 0.068035 -0.027185 -0.049330
v 0.067909 -0.026395 -0.051045
v -0.065007 -0.005142 -0.054273
v 0.067181 -0.026751 -0.050186
v 0.067031 -0.027283 -0.048748
v 0.067852 -0.028192 -0.047555
v 0.066874 -0.027954 -0.047509
v 0.077696 0.035900 -0.047141
v 0.065837 -0.027172 -0.051237
v 0.067305 -0.025108 -0.053832
v 0.067440 -0.025782 -0.052320
v 0.066850 -0.026618 -0.050871
v 0.066686 -0.027802 -0.048797
v 0.066600 -0.028784 -0.046923
v 0.067075 -0.029420 -0.046281
v -0.078826 -0.022808 -0.063895
v -0.075366 -0.027615 -0.058082
v -0.059015 -0.078793 -0.054454
v -0.056198 -0.075924 -0.069471
v -0.057216 -0.087510 -0.067435
v -0.059307 -0.091551 -0.052914
v -0.072771 -0.002622 -0.041052
v -0.072754 -0.009226 -0.043298
v -0.072645 -0.010594 -0.041823
v 0.079986 -0.018391 -0.063925
v 0.072887 -0.028714 -0.052145
v -0.029226 -0.102857 -0.002169
v -0.024875 -0.114962 -0.005642
v 0.076715 0.012627 -0.059426
v 0.076543 0.010795 -0.061058
v 0.079113 0.012186 -0.062207
v 0.079165 0.014259 -0.060824
v 0.057679 -0.009331 -0.105301
v 0.060078 0.001646 -0.110535
v 0.012038 -0.082450 -0.112954
v 0.011921 -0.069787 -0.112847
v 0.074922 0.034013 -0.095275
v 0.076871 0.014101 -0.058116
v 0.079425 0.015906 -0.059490
v 0.078245 -0.006581 -0.065998
v 0.074669 0.014093 -0.058447
v 0.074805 0.012411 -0.059823
v 0.080733 0.017425 -0.060985
v 0.080480 0.015521 -0.062410
v 0.080277 0.013246 -0.063753
v 0.074930 0.010504 -0.061230
v -0.071852 -0.015593 -0.037149
v -0.071584 -0.016216 -0.025699
v -0.072717 -0.000536 -0.025512
v -0.072247 -0.005876 -0.036137
v 0.077737 0.017889 -0.060320
v 0.079903 0.064279 -0.071636
v 0.078994 0.058529 -0.085755
v 0.076562 0.081119 -0.075245
v 0.075470 0.076222 -0.090571
v 0.070818 0.070394 -0.106562
v 0.074063 0.051666 -0.101817
v 0.078241 0.019007 -0.054591
v 0.080674 0.021282 -0.053139
v 0.063629 0.090647 -0.023090
v 0.068764 0.085826 -0.030352
v 0.056824 0.094835 -0.014357
v 0.056671 0.100182 -0.021177
v 0.063020 0.096836 -0.030160
v 0.070272 0.090255 -0.042274
v 0.078989 0.054957 -0.056469
v 0.078208 0.069562 -0.057451
v 0.075172 0.073446 -0.043861
v -0.059896 0.030403 0.013406
v -0.061665 0.030983 0.008939
v -0.062493 0.021539 0.008491
v -0.060081 0.022739 0.012550
v 0.074568 0.085871 -0.059592
v 0.066043 0.099374 -0.048767
v 0.069729 0.095877 -0.063423
v 0.058946 0.107815 -0.052703
v 0.061049 0.106004 -0.067406
v 0.060845 0.103469 -0.083457
v 0.071348 0.092034 -0.078634
v 0.061152 0.102365 -0.036408
v 0.055048 0.105017 -0.026686
v 0.056069 0.108735 -0.039963
v 0.052754 0.109071 -0.031292
v 0.073142 0.074986 -0.036655
v 0.061451 -0.033224 -0.046580
v 0.063664 -0.033955 -0.040938
v -0.019525 0.087294 0.030910
v -0.009349 0.088420 0.033260
v -0.009604 0.095606 0.027115
v -0.020000 0.094378 0.024472
v 0.067751 -0.023383 -0.032434
v -0.036864 -0.013133 -0.129020
v -0.038683 -0.002552 -0.133499
v -0.019157 -0.005284 -0.140448
v -0.018092 -0.015049 -0.135429
v 0.066751 0.000892 0.002156
v 0.067220 0.013490 -0.001157
v 0.070217 0.005695 -0.011179
v 0.068098 -0.009093 -0.008708
v -0.020298 0.111567 0.002313
v -0.009770 0.113153 0.004999
v -0.009920 0.118305 -0.005024
v -0.020610 0.116453 -0.007362
v -0.054873 0.002871 0.025723
v -0.057707 -0.002995 0.025530
v -0.053667 -0.003428 0.029562
v -0.051220 0.002511 0.029069
v 0.066275 0.027322 -0.003642
v 0.069751 0.019888 -0.013535
v 0.070720 0.034641 -0.016170
v 0.067011 0.042002 -0.004636
v 0.061937 0.065064 -0.121799
v 0.064060 0.048255 -0.119836
v -0.075645 -0.030451 -0.045308
v -0.074634 -0.029575 -0.044256
v 0.064404 0.035475 -0.117945
v 0.048439 0.057958 0.026208
v -0.010116 0.122748 -0.016788
v -0.021046 0.120720 -0.018707
v 0.021418 0.086260 -0.141820
v 0.046824 0.080963 0.015471
v 0.054391 0.085331 -0.122125
v -0.001077 -0.068219 -0.114481
v 0.041316 0.091384 -0.128745
v 0.070489 0.087347 -0.093791
v 0.067138 0.082223 -0.107353
v 0.058987 0.076004 -0.122241
v 0.063259 0.019258 -0.115871
v 0.047197 0.108465 -0.019851
v 0.056010 0.024538 0.020290
v 0.055041 0.019951 0.019706
v 0.056368 0.029363 0.021577
v 0.053101 0.015106 0.021640
v 0.015349 0.007197 0.045001
v 0.015005 0.005157 0.046940
v 0.014656 0.002679 0.048922
v 0.018399 0.002437 0.044978
v 0.017764 -0.000462 0.046828
v 0.011541 0.003074 0.054077
v 0.011881 0.005665 0.051639
v 0.013995 0.000239 0.050817
v 0.013562 -0.002769 0.052608
v 0.011485 0.000149 0.056408
v 0.016740 -0.014987 0.048938
v 0.017816 -0.010289 0.047594
v 0.015751 -0.006321 0.049381
v 0.021253 -0.003255 0.045580
v 0.019769 -0.006465 0.046852
v 0.016758 -0.003094 0.048214
v 0.022572 -0.000098 0.043590
v 0.014431 -0.006128 0.054974
v 0.015689 -0.009370 0.057972
v 0.011938 -0.003217 0.059551
v 0.010338 -0.001043 0.062933
v 0.009880 0.002500 0.059774
v 0.018989 0.004627 0.043210
v 0.023584 0.002394 0.041988
v 0.022794 -0.009703 0.046573
v 0.026452 -0.012772 0.046542
v 0.025312 -0.005603 0.044854
v 0.028880 -0.008094 0.044610
v 0.026801 -0.002253 0.042993
v 0.030654 -0.004500 0.042608
v 0.029503 -0.016681 0.046434
v 0.032031 -0.020610 0.045896
v 0.034050 -0.026161 0.044802
v 0.035701 -0.015583 0.043788
v 0.038326 -0.020972 0.042498
v 0.038371 -0.010425 0.041435
v 0.041807 -0.015647 0.040021
v -0.011669 0.012843 0.044233
v -0.012055 0.014697 0.041448
v -0.015776 0.011186 0.040315
v -0.015402 0.009240 0.042477
v -0.007051 0.061096 0.045142
v -0.008006 0.068742 0.042414
v -0.017054 0.068572 0.040930
v -0.015588 0.061054 0.044085
v 0.032590 -0.011317 0.044282
v 0.034845 -0.007322 0.042089
v 0.032230 -0.001002 0.040669
v 0.028115 0.000820 0.041255
v 0.040803 0.000142 0.037252
v 0.040037 -0.005203 0.039278
v 0.036241 -0.002955 0.040009
v 0.037204 0.001385 0.038161
v 0.044320 -0.008850 0.037698
v 0.044866 -0.001467 0.035895
v 0.044508 0.003318 0.034120
v 0.031683 0.009718 0.037569
v 0.026780 0.010383 0.038200
v 0.035151 0.009478 0.036644
v 0.040932 0.003976 0.035716
v 0.037694 0.004661 0.036943
v 0.048221 0.010535 0.027757
v 0.046330 0.009726 0.029898
v 0.041133 0.009208 0.033906
v 0.038385 0.009265 0.035384
v 0.043996 0.009371 0.031959
v 0.022196 0.011953 0.038094
v 0.017458 0.013988 0.038015
v 0.054430 -0.061577 -0.069640
v 0.009501 0.005671 0.057339
v 0.009446 0.008600 0.054713
v 0.015276 0.031238 0.040079
v 0.012939 0.028419 0.039185
v 0.007711 0.028847 0.046392
v 0.019333 0.035438 0.042656
v 0.014223 0.016754 0.037893
v -0.020458 0.008749 0.039313
v -0.019606 0.006772 0.040870
v 0.012425 0.019369 0.037785
v 0.011588 0.022095 0.037947
v 0.011466 0.025398 0.038416
v -0.009645 0.101983 0.020490
v -0.020163 0.100687 0.017676
v -0.020507 0.127276 -0.068942
v -0.020940 0.127361 -0.060444
v -0.009759 0.130089 -0.060886
v -0.010873 0.129374 -0.073489
v 0.030760 0.048776 0.044070
v 0.027348 0.042241 0.045818
v 0.058162 0.062913 0.010365
v 0.061759 0.054562 0.006542
v 0.051002 0.044140 0.028802
v 0.053856 0.039916 0.025796
v 0.055702 0.034749 0.023252
v 0.063396 0.043050 0.003898
v 0.063667 0.030488 0.003622
v 0.064263 0.018730 0.005161
v -0.069635 0.000333 -0.094130
v -0.072558 -0.001318 -0.078753
v -0.075393 0.010681 -0.079833
v -0.073560 0.016818 -0.096463
v 0.048407 0.092862 0.001253
v -0.038837 -0.096334 -0.012640
v -0.035758 -0.108594 -0.015313
v -0.001113 -0.081366 -0.114330
v 0.048323 0.098628 -0.005700
v 0.047963 0.086686 0.008473
v 0.039021 0.111697 -0.014466
v 0.039108 0.107151 -0.005983
v 0.047961 0.103865 -0.012671
v 0.039583 0.101889 0.001390
v 0.039951 0.096140 0.008267
v 0.039540 0.090074 0.015516
v 0.038829 0.084074 0.022310
v 0.037287 0.075775 0.029164
v 0.045663 -0.060656 -0.088617
v 0.006851 -0.007526 0.055244
v 0.006425 -0.007616 0.055704
v -0.052613 0.052398 0.021097
v -0.054465 0.057418 0.016847
v -0.057840 0.050442 0.013088
v -0.055972 0.046425 0.017692
v 0.006622 -0.007547 0.055047
v 0.006121 -0.007584 0.055551
v 0.006417 -0.007958 0.055660
v 0.006427 -0.016032 0.058298
v 0.005431 -0.014071 0.057329
v 0.005875 -0.010377 0.056595
v 0.067240 -0.029931 -0.034814
v -0.005683 0.048731 0.048444
v -0.013074 0.048632 0.047845
v -0.011259 0.042535 0.048094
v -0.004979 0.042503 0.048842
v -0.060316 0.015212 0.012864
v -0.063243 0.012407 0.009838
v -0.062906 0.004429 0.014610
v -0.059608 0.008184 0.016909
v -0.057299 0.003979 0.022499
v -0.060532 -0.001640 0.021721
v -0.018517 0.077895 0.037094
v -0.008731 0.078586 0.038807
v -0.060224 0.041209 0.010110
v -0.058485 0.038781 0.015008
v -0.008959 0.016231 0.046609
v -0.009634 0.017675 0.043089
v -0.007222 0.022068 0.045367
v -0.003448 0.021791 0.051160
v -0.003330 0.025771 0.049378
v -0.006635 0.025653 0.045937
v -0.033285 0.060569 0.036866
v -0.034910 0.067455 0.033302
v -0.042375 0.065978 0.027795
v -0.040772 0.059531 0.031508
v -0.020231 0.106276 0.010464
v -0.009677 0.107691 0.013268
v -0.003928 0.035042 0.048305
v -0.008418 0.035157 0.046456
v -0.007402 0.031528 0.045732
v -0.003674 0.031730 0.048230
v -0.024700 0.005093 0.039916
v -0.025474 0.007282 0.038789
v -0.066411 -0.030261 -0.050833
v -0.068184 -0.031307 -0.049656
v -0.073760 0.015327 -0.037748
v -0.072445 0.004708 -0.036382
v -0.072820 0.012690 -0.025942
v -0.072816 0.025655 -0.027876
v -0.074886 0.037626 -0.031067
v -0.075918 0.045979 -0.035838
v -0.077113 0.029729 -0.043112
v -0.075433 0.024280 -0.039740
v -0.052973 -0.084643 -0.080487
v -0.050312 -0.074243 -0.083746
v -0.003640 0.018755 0.054096
v -0.003637 0.015777 0.056756
v -0.020981 0.036848 -0.151347
v -0.020559 0.023282 -0.149573
v -0.040766 0.027192 -0.141162
v -0.040914 0.040122 -0.142454
v -0.066487 -0.010360 -0.090603
v -0.069880 -0.010101 -0.076467
v -0.009683 -0.011859 0.058641
v -0.006900 -0.007639 0.054902
v -0.007616 -0.010613 0.056092
v -0.007039 -0.007653 0.054986
v -0.010327 -0.014103 0.060678
v -0.012842 -0.013931 0.061922
v -0.007973 -0.014720 0.055438
v -0.007032 -0.014664 0.055877
v -0.006991 -0.010397 0.056303
v -0.007188 -0.007609 0.054996
v -0.001781 -0.017005 0.067515
v -0.002271 -0.015370 0.070374
v -0.006035 -0.014034 0.069148
v -0.004553 -0.015714 0.067158
v -0.006119 -0.007558 0.055773
v -0.005244 -0.010114 0.057355
v -0.004953 -0.011728 0.063000
v -0.006678 -0.009139 0.058789
v -0.006502 -0.007701 0.056158
v -0.006818 -0.011386 0.062092
v -0.005870 -0.017257 0.060274
v -0.008263 -0.011497 0.060551
v -0.077102 -0.017783 -0.056147
v -0.059240 -0.064395 -0.036113
v -0.062496 -0.049932 -0.043850
v -0.061474 -0.050522 -0.048914
v -0.059478 -0.066100 -0.044724
v -0.080897 0.008149 -0.058164
v -0.066969 0.057346 -0.005395
v -0.068177 0.068880 -0.014716
v -0.073395 0.057517 -0.026746
v -0.072924 0.046974 -0.022009
v -0.068488 0.078685 -0.022716
v -0.073728 0.068270 -0.033780
v -0.076741 0.056354 -0.043549
v -0.078836 0.035796 -0.056924
v -0.042251 0.017582 0.031907
v -0.042457 0.017394 0.032027
v -0.040889 0.017113 0.033323
v -0.040933 0.017240 0.033185
v -0.041803 0.017738 0.031293
v -0.040401 0.017145 0.032368
v -0.042759 0.018166 0.030326
v -0.043255 0.017865 0.030849
v -0.043465 0.017643 0.030931
v -0.024583 0.018545 0.035171
v -0.025318 0.018639 0.034708
v -0.028037 0.017751 0.034831
v -0.027256 0.017870 0.035885
v -0.024307 0.018305 0.035528
v -0.027160 0.017584 0.036222
v -0.028490 0.020471 0.029069
v -0.027907 0.020821 0.028985
v -0.029348 0.020126 0.029136
v -0.022570 0.020649 0.032952
v -0.022760 0.021793 0.033033
v -0.027605 0.021911 0.029019
v -0.027516 0.021180 0.028900
v -0.022978 0.020003 0.033251
v -0.021300 0.019886 0.033201
v -0.020252 0.020343 0.032681
v -0.020340 0.021931 0.032978
v -0.032440 0.016534 0.036247
v -0.032623 0.015790 0.036291
v -0.027823 0.016147 0.036485
v -0.027440 0.016994 0.036411
v -0.032262 0.016978 0.036105
v -0.035747 0.017039 0.035253
v -0.035800 0.016598 0.035351
v -0.035911 0.015850 0.035351
v -0.024452 0.017101 0.036214
v -0.024377 0.017959 0.035911
v -0.035921 0.015207 0.035338
v -0.032830 0.015157 0.036208
v -0.028005 0.015513 0.036441
v -0.024416 0.016677 0.036288
v -0.021574 0.017946 0.035618
v -0.022757 0.018123 0.035679
v -0.032870 0.014415 0.036037
v -0.032814 0.013611 0.035922
v -0.027902 0.013989 0.036462
v -0.028009 0.014785 0.036408
v -0.035938 0.014482 0.035017
v -0.035925 0.013620 0.034864
v -0.044616 0.017679 0.029236
v -0.045170 0.018157 0.028340
v -0.045133 0.017586 0.028413
v -0.044781 0.017185 0.028874
v -0.047916 0.014908 0.025275
v -0.048811 0.016230 0.024543
v -0.050598 0.015605 0.022735
v -0.049620 0.014122 0.023961
v -0.058871 0.005588 0.019457
v -0.052352 0.011287 0.023006
v -0.053552 0.012725 0.020964
v -0.044092 0.017497 0.030009
v -0.043433 0.017237 0.030924
v -0.044072 0.017817 0.030034
v -0.044557 0.018125 0.029121
v -0.044261 0.016831 0.029678
v -0.043489 0.016599 0.030713
v -0.042483 0.017055 0.032012
v -0.042514 0.016353 0.031901
v -0.040894 0.016074 0.033247
v -0.040838 0.016799 0.033328
v -0.038721 0.016655 0.034385
v -0.039036 0.017067 0.034245
v -0.038806 0.015888 0.034314
v -0.040972 0.015446 0.032983
v -0.038858 0.015270 0.034172
v -0.042521 0.015694 0.031525
v -0.043587 0.016026 0.030281
v -0.044439 0.016358 0.029161
v -0.045136 0.016726 0.028363
v -0.045605 0.017353 0.027809
v -0.044847 0.015793 0.028509
v -0.045634 0.015051 0.027593
v -0.044293 0.014590 0.028997
v -0.043832 0.015419 0.029740
v -0.045739 0.016275 0.027594
v -0.046687 0.015640 0.026495
v -0.042689 0.015111 0.031024
v -0.042822 0.014345 0.030509
v -0.040971 0.013994 0.032169
v -0.040990 0.014778 0.032634
v -0.038501 0.014688 0.033801
v -0.038606 0.013787 0.033414
v -0.032235 0.017057 0.035955
v -0.031994 0.017147 0.034649
v -0.035454 0.016942 0.034037
v -0.035837 0.017053 0.035049
v -0.039104 0.017084 0.034116
v -0.038391 0.016878 0.033313
v -0.035231 0.016851 0.032967
v -0.033458 0.019277 0.028892
v -0.034683 0.019308 0.028507
v -0.037943 0.016880 0.032238
v -0.032112 0.017177 0.033470
v -0.031973 0.019424 0.029166
v -0.028820 0.017960 0.033576
v -0.030506 0.019756 0.029196
v -0.026097 0.018679 0.033897
v -0.033555 0.030035 0.035912
v -0.033447 0.030226 0.036367
v -0.038751 0.029519 0.035334
v -0.038349 0.029189 0.035013
v -0.051379 0.000680 -0.123044
v -0.052714 0.015603 -0.128470
v -0.040395 0.011227 -0.138167
v -0.040992 0.026754 0.034068
v -0.040966 0.027708 0.033838
v -0.043369 0.026488 0.032085
v -0.043211 0.025555 0.032195
v -0.041027 0.025689 0.034426
v -0.042998 0.024406 0.032438
v -0.038271 0.026954 0.036319
v -0.038295 0.028078 0.035911
v -0.038224 0.028897 0.035438
v -0.042213 0.022935 0.028530
v -0.041511 0.023882 0.029221
v -0.042122 0.023680 0.030561
v -0.043142 0.022888 0.029329
v -0.042850 0.022258 0.027942
v -0.043751 0.022153 0.028498
v -0.037563 0.022111 0.026396
v -0.037228 0.022477 0.026695
v -0.036713 0.022917 0.027156
v -0.037745 0.021768 0.026238
v -0.037860 0.021391 0.026176
v -0.037856 0.021015 0.026214
v -0.037743 0.020692 0.026373
v -0.063347 -0.009897 0.018557
v -0.062018 0.000614 0.018230
v -0.064850 -0.007238 0.014611
v -0.043836 0.018121 0.029888
v -0.044355 0.018497 0.029003
v -0.043287 0.018454 0.029494
v -0.043783 0.018822 0.028800
v -0.044919 0.019084 0.028121
v -0.045262 0.018779 0.028061
v -0.041135 0.017779 0.030552
v -0.036625 0.019634 0.027664
v -0.037091 0.019903 0.027277
v -0.041882 0.018389 0.029682
v -0.039841 0.017150 0.031351
v -0.035862 0.019405 0.028090
v -0.037319 0.020165 0.026967
v -0.037544 0.020408 0.026637
v -0.042219 0.018749 0.029012
v -0.042694 0.019169 0.028365
v -0.044199 0.019421 0.028264
v -0.043293 0.020345 0.027462
v -0.043294 0.020964 0.027450
v -0.044393 0.020004 0.027974
v -0.044456 0.020770 0.027847
v -0.043113 0.019719 0.027770
v -0.043122 0.021611 0.027609
v -0.044172 0.021365 0.028090
v -0.045481 0.018275 0.027915
v -0.045478 0.019223 0.027707
v -0.046029 0.020290 0.027082
v -0.045957 0.018308 0.027353
v -0.046628 0.018336 0.026564
v -0.046265 0.017040 0.026920
v -0.046985 0.021061 0.026498
v -0.048166 0.021533 0.025527
v -0.047921 0.018304 0.025436
v -0.047333 0.016748 0.025832
v -0.045127 0.019790 0.027733
v -0.045337 0.020441 0.027463
v -0.046336 0.022251 0.027726
v -0.047050 0.023221 0.027401
v -0.045721 0.021550 0.028009
v -0.045132 0.022407 0.029190
v -0.045559 0.023284 0.029035
v -0.046118 0.024169 0.028755
v -0.044603 0.024298 0.030508
v -0.044988 0.025267 0.030354
v -0.044276 0.023303 0.030630
v -0.045144 0.021277 0.028057
v -0.044606 0.022016 0.028981
v -0.043793 0.022843 0.030209
v -0.042683 0.023518 0.032061
v -0.040801 0.024641 0.034111
v -0.040165 0.024593 0.032382
v -0.038045 0.025930 0.035950
v -0.037438 0.025503 0.034268
v -0.033847 0.031153 0.037147
v -0.039611 0.030649 0.035936
v -0.037011 0.025492 0.032336
v -0.034462 0.023596 0.028643
v -0.032870 0.023662 0.029185
v -0.033817 0.025510 0.033478
v -0.023428 0.022621 0.033593
v -0.024300 0.023527 0.034177
v -0.028360 0.022660 0.029491
v -0.027900 0.022303 0.029257
v -0.021769 0.022713 0.034149
v -0.023194 0.023683 0.034937
v -0.027948 0.024900 0.034426
v -0.030020 0.023253 0.029746
v -0.029032 0.022966 0.029668
v -0.026107 0.024253 0.034222
v -0.027305 0.025546 0.036208
v -0.024827 0.024536 0.035587
v -0.034085 0.026052 0.035550
v -0.022072 0.072571 -0.148041
v -0.021775 0.057013 -0.151417
v -0.041136 0.058738 -0.142478
v -0.040946 0.072234 -0.139728
v -0.039460 0.024816 0.030842
v -0.035741 0.023318 0.027910
v -0.050717 0.073205 -0.131899
v -0.049824 0.081744 -0.128959
v -0.041248 0.083793 -0.134569
v -0.037157 -0.061600 -0.100983
v -0.027297 -0.073067 -0.107481
v -0.019570 0.022532 0.035240
v -0.021397 0.023863 0.035737
v -0.018352 0.021336 0.034832
v -0.017666 0.021172 0.034926
v -0.018826 0.022636 0.035238
v -0.020416 0.024086 0.035725
v -0.023614 0.025008 0.036273
v -0.022861 0.025417 0.036683
v -0.026432 0.026811 0.037713
v -0.026582 0.026032 0.037348
v -0.034011 0.026734 0.037070
v -0.034109 0.027677 0.037466
v -0.025862 0.027736 0.037203
v -0.022296 0.025993 0.036160
v -0.025186 0.028743 0.036640
v -0.022079 0.027026 0.035844
v -0.033885 0.029608 0.036330
v -0.034123 0.028754 0.037056
v -0.021436 0.018817 0.035141
v -0.019125 0.019237 0.034952
v -0.022011 0.019113 0.035011
v -0.019528 0.019492 0.034735
v -0.023154 0.019307 0.034241
v -0.018559 0.020044 0.034526
v -0.017832 0.019869 0.034744
v -0.024050 0.019343 0.033774
v -0.018093 0.022698 0.034841
v -0.016764 0.020989 0.034826
v -0.016988 0.023211 0.034120
v -0.016068 0.021112 0.034415
v -0.019345 0.025609 0.034562
v -0.019715 0.024400 0.034940
v -0.016841 0.019732 0.034678
v -0.017525 0.019178 0.034847
v -0.016119 0.019710 0.034560
v -0.016797 0.018975 0.034793
v -0.024163 0.016047 0.036354
v -0.023913 0.015429 0.036395
v -0.020813 0.017466 0.035725
v -0.020203 0.017035 0.035669
v -0.032616 0.012757 0.035769
v -0.035853 0.012710 0.034793
v -0.032230 0.011667 0.035840
v -0.035776 0.011523 0.034682
v -0.027174 0.012183 0.036809
v -0.027634 0.013120 0.036573
v -0.034935 -0.116689 -0.016367
v -0.046653 0.014141 0.026751
v -0.048051 0.013092 0.025874
v -0.046160 0.012361 0.027773
v -0.045033 0.013679 0.028295
v -0.043228 0.013315 0.029969
v -0.043841 0.011904 0.029781
v -0.041307 0.011652 0.031592
v -0.040965 0.012972 0.031775
v -0.038656 0.012876 0.033124
v -0.038957 0.011434 0.033128
v -0.049593 0.017816 0.023885
v -0.050345 0.021310 0.023324
v -0.051257 0.017162 0.022087
v -0.052628 0.020900 0.021069
v -0.015275 0.024230 0.034493
v -0.014955 0.021448 0.034222
v -0.013712 0.024928 0.035684
v -0.013558 0.022070 0.035237
v -0.014924 0.027832 0.036627
v -0.016834 0.027071 0.035085
v -0.015317 0.019808 0.034621
v -0.016081 0.018686 0.034704
v -0.014271 0.019733 0.035074
v -0.015257 0.018239 0.035216
v -0.023433 0.014671 0.036440
v -0.022901 0.013775 0.036625
v -0.019587 0.016472 0.035891
v -0.018750 0.015648 0.036101
v -0.049553 -0.010476 -0.118309
v -0.053309 0.031367 -0.131042
v -0.046905 0.034558 0.033353
v -0.044513 0.031746 0.034095
v -0.041014 0.032966 0.036339
v -0.042865 0.036397 0.036498
v -0.049710 0.038418 0.031352
v -0.052091 0.034902 0.028353
v -0.049541 0.032167 0.030352
v -0.047174 0.030011 0.031708
v -0.051100 0.024288 0.024155
v -0.049279 0.024309 0.025828
v -0.049266 0.026129 0.027235
v -0.051158 0.026746 0.025702
v -0.053378 0.024283 0.021866
v -0.053720 0.027594 0.023596
v -0.050594 0.029254 0.027867
v -0.048449 0.027967 0.029314
v -0.053260 0.030869 0.025990
v -0.022832 0.032828 0.038598
v -0.023463 0.031321 0.037198
v -0.020612 0.029136 0.035969
v -0.019211 0.029722 0.036797
v -0.021673 0.034244 0.039669
v -0.017173 0.030610 0.037828
v -0.035938 0.036948 0.039395
v -0.034972 0.033905 0.038297
v -0.024770 0.029402 0.036143
v -0.022751 0.028086 0.036008
v -0.024406 0.029568 0.036067
v -0.022122 0.028026 0.035815
v -0.058491 0.092449 -0.111157
v -0.060564 0.098264 -0.098610
v -0.044147 0.109206 -0.105011
v -0.043371 0.101919 -0.117339
v -0.041011 0.028018 0.034070
v -0.041612 0.028519 0.033926
v -0.044031 0.027405 0.032151
v -0.043502 0.026945 0.032297
v -0.045342 0.025890 0.030346
v -0.045912 0.026352 0.030282
v -0.047021 0.025233 0.028589
v -0.046514 0.024949 0.028731
v -0.047174 0.024117 0.027550
v -0.047692 0.024117 0.027101
v -0.022152 0.028934 0.036070
v -0.024190 0.030024 0.036547
v -0.052232 0.061403 -0.133198
v -0.044318 0.073229 0.022859
v -0.051354 0.069643 0.016194
v -0.049207 0.063229 0.021773
v -0.042598 0.029588 0.034397
v -0.045179 0.028360 0.032293
v -0.046915 0.027036 0.030107
v -0.047933 0.025670 0.028293
v -0.048376 0.024680 0.027055
v -0.072303 -0.013356 -0.042013
v -0.072376 -0.013168 -0.043509
v -0.079112 -0.002993 -0.068570
v -0.077319 0.003515 -0.067531
v -0.076174 0.006930 -0.065821
v -0.079750 0.014121 -0.052737
v -0.081315 0.017304 -0.055602
v -0.082401 -0.021291 -0.061711
v -0.079251 -0.023147 -0.057859
v -0.082267 -0.020367 -0.062155
v -0.087793 0.013302 -0.064536
v -0.088292 0.011710 -0.065885
v -0.089277 0.011379 -0.065507
v -0.042734 -0.031991 -0.108464
v -0.047073 -0.019366 -0.114551
v -0.088579 0.009995 -0.067246
v -0.073886 -0.008460 -0.045581
v -0.080118 -0.003470 -0.068784
v -0.081624 -0.004021 -0.070559
v -0.082463 -0.009104 -0.070821
v -0.081761 -0.008605 -0.070154
v -0.081850 -0.014223 -0.069090
v -0.081249 -0.013431 -0.068598
v -0.083738 -0.017542 -0.064707
v -0.083850 -0.013222 -0.067503
v -0.082296 0.017735 -0.056976
v -0.082372 0.016905 -0.056185
v -0.083050 0.017774 -0.057349
v -0.074653 -0.009537 -0.046940
v -0.078119 0.011937 -0.052744
v -0.077767 0.010237 -0.050988
v -0.077427 0.010665 -0.051467
v -0.072566 -0.004504 -0.050633
v -0.072334 -0.003696 -0.050808
v -0.073750 -0.006025 -0.050292
v -0.075478 -0.007329 -0.048272
v -0.069706 -0.014732 -0.050286
v -0.069351 -0.015389 -0.051746
v -0.068784 -0.016125 -0.051275
v -0.085704 0.023262 -0.059709
v -0.077956 0.009259 -0.050588
v -0.079089 0.010260 -0.050965
v -0.079788 0.011311 -0.051278
v -0.083807 0.017127 -0.057411
v -0.080211 0.012212 -0.051528
v -0.079235 0.012252 -0.051737
v -0.080474 0.013845 -0.052582
v -0.078567 0.012344 -0.052127
v -0.074623 -0.012055 -0.063925
v -0.073620 -0.012171 -0.061928
v -0.073855 0.006638 -0.041794
v -0.074177 0.004837 -0.043838
v -0.078314 -0.023832 -0.055696
v -0.076139 0.012617 -0.059869
v -0.076991 0.015609 -0.061621
v -0.085586 -0.009084 -0.068666
v -0.079057 -0.015198 -0.059071
v -0.076960 -0.016179 -0.057879
v -0.081421 -0.013934 -0.060456
v -0.083201 -0.011373 -0.061950
v -0.074933 0.003400 -0.054795
v -0.083373 0.007686 -0.060458
v -0.083648 0.005633 -0.061589
v -0.082111 0.007850 -0.059200
v -0.077954 0.018689 -0.059884
v -0.078293 0.018421 -0.057564
v -0.075412 0.015439 -0.059121
v -0.078191 0.016629 -0.057226
v -0.071603 -0.011444 -0.049966
v -0.069490 -0.016914 -0.053674
v -0.071278 -0.015551 -0.055004
v -0.070595 -0.017527 -0.054658
v -0.071784 -0.016528 -0.056289
v -0.071959 -0.015313 -0.057798
v -0.072421 -0.013623 -0.059006
v -0.073759 -0.011696 -0.059058
v -0.071402 -0.007449 -0.050471
v -0.077841 0.018948 -0.048792
v -0.070936 -0.009230 -0.050505
v -0.072851 -0.005815 -0.050379
v -0.072785 -0.007544 -0.050049
v -0.072300 -0.009416 -0.049852
v -0.075664 -0.019124 -0.052094
v -0.075691 -0.017647 -0.054447
v -0.074415 -0.018487 -0.051534
v -0.075826 -0.017068 -0.056523
v -0.073357 -0.018135 -0.051160
v -0.077661 0.013400 -0.059170
v -0.078383 0.016199 -0.058921
v -0.072553 -0.010138 -0.040390
v -0.066226 -0.002294 0.009921
v -0.067037 0.007107 0.004571
v -0.038110 -0.049444 0.030501
v -0.038283 -0.052271 0.030793
v -0.060490 -0.012389 0.023152
v -0.056254 -0.015028 0.028345
v -0.036548 -0.044495 0.042168
v -0.036785 -0.045254 0.042114
v -0.036289 -0.044604 0.042546
v -0.035611 -0.044364 0.042471
v -0.036717 -0.043412 0.040764
v -0.035799 -0.043913 0.040292
v -0.035688 -0.043939 0.041588
v -0.037009 -0.043600 0.041853
v -0.033170 -0.029682 0.044749
v -0.036956 -0.025688 0.042889
v -0.041064 -0.029989 0.040983
v -0.037673 -0.033292 0.042889
v -0.036071 -0.046401 0.033308
v -0.034967 -0.044866 0.034051
v -0.034676 -0.044471 0.036843
v -0.035728 -0.045160 0.036196
v -0.036656 -0.047364 0.033143
v -0.036085 -0.045480 0.036073
v -0.037332 -0.047754 0.030669
v -0.036230 -0.045215 0.031254
v -0.045856 -0.050758 0.036290
v -0.042198 -0.048625 0.038523
v -0.041626 -0.045548 0.039444
v -0.045219 -0.046252 0.037334
v -0.027673 -0.017873 0.044887
v -0.032533 -0.021539 0.044075
v -0.029540 -0.025963 0.045379
v -0.024349 -0.021517 0.045825
v -0.019764 -0.016933 0.046872
v -0.022724 -0.013705 0.045609
v -0.017175 -0.008877 0.050773
v -0.017650 -0.012606 0.052083
v -0.016623 -0.013691 0.055500
v -0.017093 -0.011456 0.054368
v -0.014982 -0.017797 0.054086
v -0.017866 -0.014866 0.050502
v -0.010992 -0.019178 0.054681
v -0.010737 -0.018684 0.055759
v -0.015444 -0.018222 0.052454
v -0.016077 -0.019216 0.050357
v -0.011718 -0.019832 0.053411
v -0.010173 -0.017978 0.056754
v -0.013039 -0.017531 0.056655
v -0.014504 -0.015239 0.058044
v -0.003972 -0.016671 0.064916
v -0.005063 -0.015210 0.066863
v -0.008907 0.014092 0.049673
v -0.011782 0.010546 0.046762
v -0.009069 0.011463 0.051967
v -0.011789 0.008250 0.048933
v -0.013879 -0.012910 0.061426
v -0.015257 -0.011079 0.059868
v -0.011444 -0.011761 0.065168
v -0.012312 -0.009140 0.064824
v -0.003335 0.028901 0.048523
v -0.001996 -0.020388 0.060918
v -0.002341 -0.020984 0.060409
v -0.001728 -0.019020 0.062572
v -0.022561 0.095052 -0.135521
v -0.022946 0.107314 -0.124347
v -0.021857 0.120224 -0.101182
v -0.019543 0.124397 -0.088754
v -0.005927 -0.037398 0.060990
v -0.005563 -0.034701 0.060986
v -0.014816 -0.042327 0.044668
v -0.008693 -0.042511 0.046368
v -0.008355 -0.043450 0.049432
v -0.014464 -0.043584 0.047892
v -0.019726 -0.043480 0.045696
v -0.020988 -0.042215 0.042268
v -0.015169 -0.040889 0.042122
v -0.008918 -0.040958 0.043442
v -0.013611 -0.044496 0.053486
v -0.007717 -0.044160 0.055716
v -0.007247 -0.042532 0.058291
v -0.013304 -0.042880 0.055600
v -0.019279 -0.023377 0.048847
v -0.014589 -0.022856 0.051729
v -0.010073 -0.022852 0.055412
v -0.006656 -0.023097 0.058059
v -0.005891 -0.021090 0.058351
v -0.008422 -0.020466 0.056124
v -0.005491 -0.020266 0.058707
v -0.007837 -0.019767 0.056720
v -0.007653 -0.019141 0.057306
v -0.008129 -0.018299 0.057649
v -0.006450 -0.018291 0.058904
v -0.006941 -0.017606 0.058773
v -0.005435 -0.019584 0.059099
v -0.003737 0.006029 0.064969
v -0.003549 0.009427 0.061994
v -0.010658 -0.033156 0.058855
v -0.005513 -0.032589 0.060357
v -0.004366 -0.028485 0.059673
v -0.008954 -0.028612 0.058254
v -0.014104 -0.029345 0.055685
v -0.016508 -0.034712 0.055966
v -0.002737 -0.021758 0.059994
v -0.011232 -0.035407 0.058998
v -0.011814 -0.037893 0.058643
v -0.017340 -0.037067 0.055883
v -0.017910 -0.039284 0.055337
v -0.022498 -0.037001 0.052279
v -0.020452 -0.031143 0.052349
v -0.027782 -0.033052 0.048277
v -0.028390 -0.039410 0.048337
v -0.040221 -0.042525 0.040970
v -0.037715 -0.044758 0.041582
v -0.036595 -0.043505 0.042579
v -0.034897 -0.042374 0.043973
v -0.038246 -0.039457 0.042629
v -0.043268 -0.041849 0.039179
v -0.041040 -0.037397 0.041018
v -0.034393 -0.036243 0.044951
v -0.032485 -0.041052 0.045630
v -0.035319 -0.043759 0.043204
v -0.034955 -0.044020 0.043032
v -0.033700 -0.043186 0.044417
v -0.033283 -0.043771 0.044168
v -0.031841 -0.042546 0.045772
v -0.031329 -0.043518 0.045440
v -0.028697 -0.042931 0.047255
v -0.028701 -0.041476 0.047933
v -0.031213 -0.044347 0.042853
v -0.028734 -0.044525 0.044252
v -0.028197 -0.044524 0.045516
v -0.030673 -0.044428 0.043878
v -0.033776 -0.044225 0.041363
v -0.032629 -0.044284 0.042789
v -0.032847 -0.044221 0.038006
v -0.031089 -0.043872 0.039058
v -0.035334 -0.043983 0.040418
v -0.035217 -0.044087 0.041389
v -0.034568 -0.044118 0.042727
v -0.033066 -0.044112 0.043545
v -0.030922 -0.044129 0.044768
v -0.028392 -0.043976 0.046389
v -0.018238 -0.041357 0.054233
v -0.023035 -0.041077 0.051601
v -0.023101 -0.042815 0.050409
v -0.018431 -0.043562 0.052547
v -0.023147 -0.044170 0.049068
v -0.022161 -0.040816 0.039518
v -0.018584 -0.044654 0.050583
v -0.027110 -0.042504 0.038872
v -0.028536 -0.041366 0.036158
v -0.025679 -0.043538 0.042307
v -0.033542 -0.043987 0.035112
v -0.031696 -0.043227 0.035996
v -0.034858 -0.043512 0.032142
v -0.033015 -0.042306 0.033351
v -0.023767 -0.044588 0.047384
v -0.022943 -0.039240 0.052141
v -0.012468 -0.040325 0.057369
v -0.006600 -0.039887 0.059792
v -0.004533 -0.001653 0.071515
v -0.004191 0.002577 0.068052
v -0.036843 -0.043989 0.042434
v -0.013321 -0.124782 -0.002736
v -0.038036 -0.045978 0.041279
v -0.036987 -0.049442 0.033129
v -0.036396 -0.046281 0.036291
v -0.045194 -0.055239 0.036635
v -0.042608 -0.058655 0.039670
v -0.040663 -0.054553 0.041482
v -0.042402 -0.051920 0.038789
v -0.038575 -0.048755 0.044106
v -0.038471 -0.047159 0.042132
v -0.037786 -0.045927 0.043057
v -0.037833 -0.046632 0.045151
v -0.037310 -0.044833 0.045740
v -0.037237 -0.044748 0.043453
v -0.036184 -0.042212 0.045339
v -0.033177 -0.041529 0.048222
v -0.031039 -0.045845 0.043730
v -0.034196 -0.046262 0.040932
v -0.036330 -0.046201 0.037586
v -0.036949 -0.042951 0.041754
v -0.036686 -0.042444 0.045726
v -0.037352 -0.043131 0.042939
v -0.033794 -0.041742 0.049217
v -0.023790 -0.121624 -0.008370
v -0.037579 -0.043704 0.043276
v -0.037064 -0.043198 0.045706
v -0.034365 -0.042776 0.049579
v -0.035024 -0.044884 0.049747
v -0.035631 -0.047332 0.049625
v -0.036222 -0.050242 0.048666
v -0.037631 -0.057515 0.045543
v -0.039071 -0.062513 0.044083
v -0.033046 -0.059007 0.049505
v -0.034308 -0.064203 0.048968
v -0.032644 -0.051305 0.052846
v -0.032460 -0.047700 0.054111
v -0.031870 -0.044848 0.053926
v -0.031311 -0.042535 0.053293
v -0.003342 -0.023395 0.059507
v -0.005270 -0.018177 0.060230
v -0.004160 -0.017604 0.062395
v -0.007355 -0.013599 0.067653
v -0.001604 -0.018034 0.064860
v -0.009997 -0.012003 0.066995
v -0.008255 -0.012468 0.068516
v -0.008848 -0.010879 0.069344
v -0.010055 -0.010261 0.068144
v -0.006721 -0.013035 0.069827
v -0.007991 -0.011075 0.070415
v -0.002635 -0.014168 0.071759
v -0.003480 -0.010770 0.073827
v -0.004430 -0.005247 0.073512
v -0.003910 -0.008563 0.074260
v -0.009331 -0.009250 0.069889
v -0.010574 -0.007382 0.068160
v -0.010850 -0.004293 0.066003
v -0.013244 -0.006445 0.062299
v -0.010270 0.129279 -0.044931
v -0.030729 -0.041251 0.052668
v -0.029524 -0.041027 0.051231
v -0.028744 -0.056240 0.037546
v -0.029547 -0.051711 0.039672
v -0.025793 -0.051901 0.041907
v -0.024954 -0.056370 0.039968
v -0.025418 -0.040738 0.053199
v -0.023585 -0.045582 0.047678
v -0.026848 -0.045595 0.046176
v -0.026113 -0.041060 0.054897
v -0.026835 -0.042435 0.055893
v -0.027548 -0.044866 0.056838
v -0.022635 -0.052091 0.043292
v -0.021807 -0.056784 0.041369
v -0.036357 -0.050602 0.034227
v -0.036514 -0.054633 0.032192
v -0.033291 -0.051736 0.037132
v -0.032908 -0.055480 0.035178
v -0.028624 -0.064400 0.053086
v -0.027691 -0.059369 0.052853
v -0.027958 -0.048019 0.056917
v -0.027785 -0.051911 0.055638
v -0.022771 0.114978 -0.113410
v -0.062951 0.075844 -0.007172
v -0.061305 0.069102 0.000722
v -0.054499 0.076436 0.007936
v -0.056517 0.081987 0.000546
v -0.063468 0.083716 -0.015424
v -0.056975 0.088616 -0.007247
v -0.039940 0.121400 -0.064342
v -0.040458 0.120634 -0.050032
v -0.021436 0.126658 -0.046148
v -0.034835 0.121567 -0.078362
v -0.047261 0.113387 -0.087689
v -0.049373 0.115892 -0.068220
v -0.049250 0.115583 -0.052872
v -0.027411 -0.084982 -0.108584
v -0.053191 0.044007 -0.132395
v -0.047937 0.114466 -0.039033
v -0.039775 0.118709 -0.036222
v -0.039281 0.115562 -0.023803
v -0.046633 0.112105 -0.027293
v -0.021271 0.124170 -0.031694
v -0.010223 0.126436 -0.029880
v -0.020135 0.007467 -0.145823
v -0.003526 0.012813 0.059229
v -0.047994 -0.048659 -0.092231
v -0.057153 -0.049162 -0.074862
v -0.059704 -0.101700 -0.052445
v -0.070027 -0.026164 -0.057094
v -0.069731 -0.025437 -0.057723
v -0.059237 -0.064467 -0.056296
v -0.060396 -0.050363 -0.057232
v -0.038885 -0.047380 -0.103646
v -0.078380 -0.014941 -0.067743
v -0.079161 -0.011232 -0.068641
v -0.079621 -0.015867 -0.067388
v -0.080334 -0.011872 -0.068564
v -0.080359 -0.007534 -0.069052
v -0.080220 -0.017640 -0.066582
v -0.078233 0.018253 -0.056029
v -0.079821 0.019748 -0.054947
v -0.069415 -0.027733 -0.053078
v -0.069339 -0.027052 -0.054686
v -0.068698 -0.027438 -0.054023
v -0.068564 -0.027906 -0.052746
v -0.069156 -0.028606 -0.051629
v -0.068329 -0.028479 -0.051744
v -0.077852 0.035036 -0.048448
v -0.066796 -0.027668 -0.055070
v -0.068947 -0.025920 -0.057431
v -0.068916 -0.026530 -0.055976
v -0.068453 -0.027418 -0.054688
v -0.067825 -0.028279 -0.052761
v -0.067801 -0.029193 -0.051285
v -0.068516 -0.029815 -0.050775
v -0.080520 -0.018778 -0.066906
v -0.073582 -0.028940 -0.055533
v -0.077202 0.012165 -0.061617
v -0.077167 0.010337 -0.063289
v -0.079355 0.011873 -0.064705
v -0.079257 0.013899 -0.063204
v -0.059607 -0.009734 -0.106217
v -0.061884 0.001295 -0.111182
v -0.014148 -0.082624 -0.113080
v -0.013892 -0.069907 -0.113004
v -0.075894 0.033513 -0.095856
v -0.077199 0.013608 -0.060249
v -0.079367 0.015521 -0.061782
v -0.079348 -0.007031 -0.068914
v -0.075192 0.013543 -0.060456
v -0.075513 0.011898 -0.061862
v -0.080526 0.017077 -0.063376
v -0.080369 0.015202 -0.064901
v -0.080684 0.012869 -0.066391
v -0.075788 0.010028 -0.063360
v -0.077984 0.017188 -0.061667
v -0.080116 0.063665 -0.072013
v -0.079408 0.057993 -0.086051
v -0.076723 0.080574 -0.075379
v -0.075788 0.075740 -0.090661
v -0.071390 0.069988 -0.106615
v -0.074842 0.051235 -0.102057
v -0.078224 0.018387 -0.056411
v -0.080690 0.020814 -0.055476
v -0.063861 0.090171 -0.023195
v -0.068982 0.085285 -0.030482
v -0.057036 0.094461 -0.014414
v -0.056776 0.099755 -0.021116
v -0.063134 0.096330 -0.030141
v -0.070404 0.089693 -0.042377
v -0.079141 0.054211 -0.057250
v -0.078366 0.068906 -0.057861
v -0.075380 0.072804 -0.044227
v -0.074675 0.085306 -0.059704
v -0.066102 0.098854 -0.048700
v -0.069809 0.095384 -0.063362
v -0.058976 0.107348 -0.052545
v -0.061117 0.105547 -0.067269
v -0.060988 0.103073 -0.083331
v -0.071469 0.091555 -0.078603
v -0.061200 0.101859 -0.036307
v -0.055086 0.104557 -0.026556
v -0.056074 0.108261 -0.039794
v -0.052751 0.108606 -0.031118
v -0.073417 0.074400 -0.036967
v -0.063360 -0.034254 -0.050812
v -0.065603 -0.034699 -0.046055
v -0.070441 -0.024100 -0.038479
v -0.069918 0.000313 -0.002626
v -0.069376 0.012931 -0.004796
v -0.072598 0.004941 -0.015722
v -0.071396 -0.009738 -0.014468
v -0.067572 0.026672 -0.006180
v -0.071252 0.019224 -0.016834
v -0.071287 0.033711 -0.018779
v -0.067461 0.041152 -0.006498
v -0.062794 0.064734 -0.121812
v -0.065135 0.047940 -0.119930
v -0.065603 0.035116 -0.118201
v -0.047641 0.057441 0.025716
v -0.022369 0.086194 -0.141796
v -0.046652 0.080632 0.015342
v -0.054966 0.085100 -0.122049
v -0.041969 0.091246 -0.128677
v -0.070720 0.086917 -0.093766
v -0.067578 0.081883 -0.107306
v -0.059668 0.075701 -0.122193
v -0.064726 0.018889 -0.116328
v -0.047217 0.108076 -0.019720
v -0.056019 0.024118 0.018742
v -0.055348 0.019514 0.017868
v -0.056400 0.028916 0.020264
v -0.054040 0.014634 0.019639
v -0.015173 0.007213 0.044484
v -0.014841 0.005172 0.046460
v -0.014572 0.002689 0.048421
v -0.018273 0.002449 0.044380
v -0.017771 -0.000458 0.046172
v -0.011463 0.003098 0.053750
v -0.011742 0.005671 0.051260
v -0.014042 0.000277 0.050380
v -0.013840 -0.002681 0.052220
v -0.011578 0.000207 0.056074
v -0.019002 -0.014923 0.048215
v -0.019741 -0.010225 0.046681
v -0.016592 -0.006212 0.048852
v -0.021771 -0.003238 0.044678
v -0.020903 -0.006444 0.045831
v -0.017084 -0.003062 0.047575
v -0.022637 -0.000049 0.042882
v -0.014860 -0.005996 0.054616
v -0.015774 -0.009231 0.057641
v -0.012048 -0.003132 0.059233
v -0.010255 -0.001001 0.062644
v -0.009734 0.002494 0.059466
v -0.018893 0.004657 0.042646
v -0.023831 0.002492 0.041399
v -0.025201 -0.009704 0.045115
v -0.030685 -0.012855 0.044438
v -0.026881 -0.005568 0.043621
v -0.031827 -0.008091 0.042891
v -0.027572 -0.002147 0.042131
v -0.032573 -0.004448 0.041243
v -0.035694 -0.016796 0.043400
v -0.040306 -0.020750 0.041713
v -0.044599 -0.026187 0.039280
v -0.042348 -0.015661 0.040159
v -0.047240 -0.021075 0.037435
v -0.043366 -0.010527 0.038414
v -0.048892 -0.015762 0.035602
v -0.037291 -0.011368 0.041743
v -0.038209 -0.007340 0.039982
v -0.033258 -0.000935 0.039515
v -0.028646 0.000966 0.040560
v -0.042818 -0.000007 0.035115
v -0.043381 -0.005298 0.036763
v -0.038339 -0.002985 0.038173
v -0.038322 0.001300 0.036478
v -0.049409 -0.009026 0.034048
v -0.048054 -0.001632 0.033052
v -0.046551 0.003157 0.031853
v -0.031557 0.009754 0.036475
v -0.026578 0.010424 0.037389
v -0.035313 0.009390 0.035334
v -0.042086 0.003843 0.033848
v -0.038487 0.004555 0.035289
v -0.050418 0.010215 0.025336
v -0.047844 0.009478 0.027854
v -0.041757 0.009037 0.032304
v -0.038745 0.009117 0.033891
v -0.044858 0.009170 0.030278
v -0.021980 0.011994 0.037338
v -0.017275 0.014006 0.037347
v -0.055789 -0.062431 -0.072081
v -0.009265 0.005636 0.057025
v -0.009143 0.008567 0.054395
v -0.014601 0.031070 0.039484
v -0.012373 0.028228 0.038759
v -0.006622 0.028731 0.045814
v -0.018488 0.035337 0.041892
v -0.014013 0.016784 0.037293
v -0.012208 0.019364 0.037208
v -0.011292 0.021999 0.037509
v -0.011078 0.025219 0.038032
v -0.029681 0.048595 0.043113
v -0.026211 0.042152 0.044701
v -0.057809 0.062266 0.009838
v -0.061545 0.053844 0.005719
v -0.050652 0.043701 0.028187
v -0.053924 0.039465 0.024976
v -0.055876 0.034306 0.022174
v -0.063550 0.042342 0.002629
v -0.064565 0.029900 0.001776
v -0.065986 0.018159 0.002314
v -0.048659 0.092737 0.001150
v -0.048472 0.098372 -0.005712
v -0.048273 0.086736 0.008292
v -0.039000 0.111397 -0.014346
v -0.039118 0.106912 -0.005914
v -0.048033 0.103526 -0.012593
v -0.039639 0.101750 0.001390
v -0.040043 0.096139 0.008181
v -0.039597 0.090231 0.015315
v -0.038411 0.083910 0.022332
v -0.036582 0.075477 0.028922
v -0.047009 -0.061289 -0.089966
v -0.006984 -0.007485 0.055116
v -0.006564 -0.007576 0.055585
v -0.006743 -0.007508 0.054919
v -0.006264 -0.007544 0.055428
v -0.006645 -0.007926 0.055546
v -0.006595 -0.016001 0.058170
v -0.005615 -0.014041 0.057225
v -0.006032 -0.010350 0.056491
v -0.069687 -0.030555 -0.040588
v -0.057948 -0.097471 -0.067065
v -0.053994 -0.093961 -0.080341
v 0.056675 -0.096781 -0.064259
v 0.053056 -0.093286 -0.078162
v 0.018881 -0.127330 -0.008647
v 0.031150 -0.123381 -0.014750
v 0.032587 -0.131958 -0.016317
v 0.020007 -0.135324 -0.010735
v 0.060248 -0.114672 -0.070168
v 0.057977 -0.105863 -0.065677
v 0.054496 -0.102328 -0.080799
v 0.057683 -0.111023 -0.086120
v 0.047429 -0.100177 -0.093906
v 0.050526 -0.109873 -0.099719
v 0.039745 -0.110139 -0.109897
v 0.037594 -0.098726 -0.103934
v 0.025585 -0.097933 -0.111225
v 0.027017 -0.110529 -0.116369
v 0.043502 -0.118614 -0.023446
v 0.053050 -0.113746 -0.035405
v 0.054515 -0.123067 -0.038213
v 0.044801 -0.127629 -0.025425
v 0.058277 -0.109563 -0.049646
v 0.059816 -0.118829 -0.053530
v 0.013141 -0.110587 -0.119493
v 0.012365 -0.096850 -0.114765
v 0.022298 -0.154985 -0.014358
v 0.009248 -0.157289 -0.013296
v 0.009131 -0.146870 -0.010235
v 0.021280 -0.144916 -0.012691
v 0.053316 -0.158384 -0.032541
v 0.067507 -0.151854 -0.045850
v 0.073872 -0.160382 -0.042420
v 0.057574 -0.168120 -0.029599
v 0.095653 -0.157777 -0.053955
v 0.105411 -0.146681 -0.075726
v 0.037424 -0.162386 -0.021961
v 0.039880 -0.172174 -0.018483
v -0.001097 -0.123136 -0.126853
v -0.001111 -0.110290 -0.120009
v 0.095483 -0.141361 -0.079014
v 0.094954 -0.137575 -0.103319
v 0.107264 -0.143281 -0.101127
v 0.053399 -0.159098 -0.143172
v 0.053692 -0.165948 -0.145964
v 0.068880 -0.161266 -0.143445
v 0.064630 -0.154806 -0.140029
v 0.074006 -0.125471 -0.098524
v 0.063059 -0.126115 -0.113887
v 0.071194 -0.133734 -0.119237
v 0.084253 -0.131513 -0.102484
v 0.036268 -0.143052 -0.136364
v 0.054304 -0.137929 -0.129983
v 0.048331 -0.129499 -0.124700
v 0.032240 -0.132543 -0.130837
v 0.085864 -0.136367 -0.079920
v 0.075597 -0.130638 -0.078348
v 0.078091 -0.144660 -0.061776
v 0.069973 -0.137395 -0.060936
v 0.061842 -0.143099 -0.045156
v 0.055975 -0.118653 -0.106917
v 0.043551 -0.120291 -0.117277
v 0.029164 -0.122014 -0.123655
v 0.014046 -0.123021 -0.126430
v -0.000719 -0.172220 -0.144854
v -0.000775 -0.159937 -0.142909
v 0.017435 -0.145854 -0.138174
v 0.015710 -0.134559 -0.133286
v 0.086453 -0.151061 -0.059543
v 0.063483 -0.128552 -0.058135
v 0.057521 -0.133170 -0.041993
v 0.063885 -0.175226 -0.018880
v 0.082136 -0.168860 -0.034224
v 0.043939 -0.179796 -0.008139
v 0.025749 -0.183490 -0.001920
v 0.019068 -0.158652 -0.141830
v 0.018429 -0.170708 -0.144131
v 0.037724 -0.167957 -0.145005
v 0.041318 -0.155279 -0.141684
v 0.049865 -0.148275 -0.031181
v 0.036235 -0.152208 -0.020455
v 0.022661 -0.164939 -0.014750
v 0.064243 -0.118888 -0.092271
v 0.066026 -0.123105 -0.074898
v 0.047149 -0.137665 -0.028516
v 0.034306 -0.141981 -0.018735
v 0.008418 -0.137670 -0.007221
v 0.023787 -0.174597 -0.010601
v 0.096524 -0.147663 -0.122570
v 0.083398 -0.154944 -0.136077
v 0.076087 -0.151110 -0.134772
v -0.001098 -0.146779 -0.139272
v -0.001950 -0.147570 -0.009984
v -0.002026 -0.157759 -0.013414
v -0.001931 -0.138339 -0.006223
v 0.080657 -0.142553 -0.124949
v 0.060159 -0.147294 -0.135471
v -0.002407 -0.131189 -0.002950
v -0.001127 -0.096167 -0.115658
v -0.002021 -0.168938 -0.015978
v -0.002107 -0.180754 -0.012415
v -0.002271 -0.190007 -0.002313
v 0.007907 -0.130223 -0.004323
v 0.010325 -0.178508 -0.010868
v 0.009643 -0.167723 -0.014625
v 0.011030 -0.187992 -0.001689
v -0.001065 -0.134885 -0.133948
v -0.023327 -0.127639 -0.010222
v -0.034986 -0.123720 -0.017262
v -0.035887 -0.132239 -0.018401
v -0.023601 -0.135534 -0.011907
v -0.061383 -0.115437 -0.072417
v -0.059246 -0.106652 -0.068539
v -0.055551 -0.103021 -0.082695
v -0.058805 -0.111689 -0.087593
v -0.048728 -0.100786 -0.094912
v -0.051899 -0.110401 -0.100537
v -0.041376 -0.110552 -0.110308
v -0.039183 -0.099213 -0.104434
v -0.027454 -0.098275 -0.111431
v -0.028905 -0.110823 -0.116556
v -0.046710 -0.119220 -0.026774
v -0.055298 -0.114637 -0.039227
v -0.056350 -0.123614 -0.041340
v -0.047676 -0.128026 -0.028305
v -0.060182 -0.110534 -0.053289
v -0.061161 -0.119749 -0.056573
v -0.015198 -0.110770 -0.119530
v -0.014486 -0.097048 -0.114825
v -0.025593 -0.155105 -0.014965
v -0.012894 -0.157223 -0.013482
v -0.012585 -0.146842 -0.010635
v -0.024635 -0.145022 -0.013656
v -0.055064 -0.159263 -0.035067
v -0.068839 -0.152531 -0.048419
v -0.075344 -0.160972 -0.045339
v -0.059747 -0.168570 -0.031695
v -0.096828 -0.158387 -0.057760
v -0.106062 -0.147213 -0.079450
v -0.040190 -0.162868 -0.023261
v -0.042973 -0.172749 -0.019813
v -0.096356 -0.141841 -0.081588
v -0.095702 -0.137936 -0.105360
v -0.107565 -0.143664 -0.104376
v -0.054733 -0.159305 -0.143689
v -0.055065 -0.166117 -0.146452
v -0.069729 -0.161470 -0.144391
v -0.065766 -0.155064 -0.140715
v -0.075174 -0.125939 -0.099682
v -0.064404 -0.126734 -0.114519
v -0.072339 -0.134137 -0.120094
v -0.085243 -0.131953 -0.103856
v -0.037894 -0.143279 -0.136597
v -0.055741 -0.138124 -0.130437
v -0.049972 -0.129350 -0.124774
v -0.033988 -0.132756 -0.130928
v -0.086877 -0.136860 -0.081854
v -0.076601 -0.131181 -0.080136
v -0.079251 -0.145234 -0.064019
v -0.071138 -0.138006 -0.063310
v -0.063088 -0.143814 -0.048020
v -0.057336 -0.119099 -0.107611
v -0.045241 -0.120627 -0.117568
v -0.031082 -0.122234 -0.123717
v -0.016008 -0.123625 -0.126483
v -0.019440 -0.146444 -0.138338
v -0.018009 -0.133560 -0.133213
v -0.087564 -0.151672 -0.062367
v -0.064562 -0.129307 -0.060842
v -0.059119 -0.133759 -0.044937
v -0.066791 -0.175832 -0.021154
v -0.084122 -0.169400 -0.037535
v -0.047667 -0.180318 -0.009577
v -0.030071 -0.183672 -0.002571
v -0.020821 -0.158691 -0.142002
v -0.019999 -0.170757 -0.144203
v -0.039063 -0.168192 -0.145313
v -0.042785 -0.155494 -0.142013
v -0.052016 -0.148784 -0.033835
v -0.039194 -0.152529 -0.021827
v -0.026111 -0.165355 -0.015553
v -0.065423 -0.119445 -0.093501
v -0.067142 -0.123776 -0.076815
v -0.049755 -0.138040 -0.031146
v -0.037377 -0.142241 -0.020529
v -0.012633 -0.137786 -0.007834
v -0.027588 -0.174858 -0.011245
v -0.096646 -0.148031 -0.124996
v -0.083791 -0.155234 -0.137675
v -0.076984 -0.151406 -0.135743
v -0.081483 -0.142925 -0.126198
v -0.061413 -0.147605 -0.136032
v -0.012842 -0.130333 -0.005188
v -0.014285 -0.178707 -0.011085
v -0.013338 -0.168033 -0.015009
v -0.015437 -0.187923 -0.001997
v -0.007027 -0.007866 0.055186
v -0.069518 -0.032755 -0.018889
v -0.068747 -0.040452 -0.026433
v -0.066302 -0.051713 -0.019144
v -0.067697 -0.043179 -0.011399
v -0.062583 -0.061736 -0.011622
v -0.065643 -0.051701 -0.005715
v -0.058246 -0.069581 -0.002585
v -0.062851 -0.059411 0.001021
v -0.055746 -0.074167 0.006850
v -0.059852 -0.064367 0.009166
v -0.047383 -0.076804 0.028780
v -0.044822 -0.082046 0.025424
v -0.040972 -0.084461 0.033677
v -0.042531 -0.080302 0.037618
v -0.036001 -0.086471 0.041376
v -0.037476 -0.082476 0.045301
v -0.029572 -0.087200 0.046604
v -0.030639 -0.083390 0.050897
v -0.020740 -0.087132 0.050314
v -0.021610 -0.083136 0.054538
v -0.022208 -0.073530 0.057438
v -0.030696 -0.073894 0.054459
v -0.030781 -0.078811 0.053417
v -0.022240 -0.078978 0.056555
v -0.036865 -0.073201 0.049299
v -0.037459 -0.078232 0.047810
v -0.041513 -0.071076 0.042776
v -0.042268 -0.075991 0.040649
v -0.046244 -0.067269 0.035268
v -0.047073 -0.072246 0.032383
v -0.049996 -0.062687 0.030960
v -0.051838 -0.065792 0.026724
v -0.026761 -0.090391 0.040435
v -0.019052 -0.090163 0.044303
v -0.032830 -0.089776 0.035670
v -0.037857 -0.087917 0.028823
v -0.041962 -0.086232 0.021206
v -0.051556 -0.077232 0.016551
v -0.045321 -0.084380 0.013106
v -0.050599 -0.080360 0.004325
v -0.053002 -0.076041 -0.005911
v -0.058750 -0.067998 -0.016678
v -0.064008 -0.056952 -0.026265
v -0.067052 -0.044900 -0.033755
v -0.069660 -0.032492 -0.031549
v -0.035725 -0.068970 0.049607
v -0.029853 -0.069178 0.054117
v -0.039912 -0.067158 0.044143
v -0.044313 -0.063070 0.037779
v -0.047871 -0.058860 0.034131
v -0.049225 -0.047067 0.034368
v -0.049462 -0.053229 0.033508
v -0.044802 -0.035224 0.038562
v -0.047051 -0.041047 0.036418
v -0.051257 -0.028752 0.033707
v -0.054010 -0.037407 0.029630
v -0.050898 -0.040026 0.033116
v -0.048295 -0.032488 0.036191
v -0.053657 -0.022825 0.031127
v -0.056787 -0.033265 0.025933
v -0.024360 -0.093099 0.034886
v -0.017081 -0.093278 0.037492
v -0.029900 -0.092777 0.030432
v -0.033558 -0.091939 0.024248
v -0.035858 -0.091516 0.017275
v -0.038879 -0.090490 0.009502
v -0.041625 -0.088102 0.001079
v -0.046122 -0.083934 -0.009038
v -0.053579 -0.075600 -0.021216
v -0.061199 -0.061771 -0.032246
v -0.064080 -0.048894 -0.040087
v -0.028352 -0.098645 0.006326
v -0.026504 -0.097953 0.012540
v -0.025456 -0.098134 0.018018
v -0.023849 -0.097816 0.022943
v -0.019110 -0.099072 0.023218
v -0.012469 -0.099964 0.023863
v -0.015024 -0.101249 0.016023
v -0.009546 -0.102055 0.017294
v -0.015814 -0.103670 0.011419
v -0.007782 -0.104543 0.013707
v -0.016887 -0.106866 0.008196
v -0.006320 -0.108979 0.010172
v -0.052525 -0.055978 0.029798
v -0.055087 -0.056864 0.025108
v -0.055575 -0.046985 0.026314
v -0.058408 -0.044301 0.021410
v -0.058214 -0.056214 0.019012
v -0.052973 -0.048158 0.030530
v -0.061915 -0.052759 0.011567
v -0.061883 -0.039802 0.015560
v -0.060094 -0.027247 0.021853
v -0.064378 -0.033985 0.010546
v -0.064635 -0.047172 0.004648
v -0.063028 -0.022969 0.017233
v -0.065056 -0.018744 0.013236
v -0.065708 -0.029224 0.006525
v -0.066161 -0.040514 0.000211
v -0.054806 -0.068905 0.018900
v -0.067411 -0.034345 -0.004544
v -0.066376 -0.014871 0.009135
v -0.066779 -0.024187 0.002424
v -0.067965 -0.009434 0.003750
v -0.068644 -0.018414 -0.005131
v -0.069118 -0.026597 -0.012255
v -0.070614 -0.024272 -0.027461
v -0.022021 -0.068766 0.057127
v -0.063511 -0.032831 -0.054920
v -0.024024 -0.028764 0.048801
v -0.017585 -0.026921 0.052121
v -0.011973 -0.026169 0.055589
v -0.007653 -0.025851 0.058113
v -0.003704 -0.025929 0.059544
v -0.003787 -0.120335 0.003393
v 0.000439 0.042297 0.049291
v -0.004939 -0.113542 0.007298
v -0.017785 -0.056904 0.042491
v 0.000063 0.127472 -0.028791
v -0.021659 -0.063991 0.056432
v -0.018484 -0.051927 0.044553
v 0.000454 0.003498 0.069979
v -0.021572 -0.059626 0.055435
v -0.021831 -0.048474 0.059028
v -0.021922 -0.042268 0.057446
v 0.000538 0.078507 0.039728
v -0.021929 -0.044748 0.058794
v -0.000220 -0.023786 0.059893
v 0.000447 -0.000592 0.073393
v -0.021748 -0.040869 0.056073
v -0.001159 -0.044953 -0.118047
v -0.021682 -0.052265 0.057423
v -0.019930 -0.045635 0.048750
v -0.021339 -0.040552 0.054420
v -0.001345 -0.041303 0.044032
v -0.000056 -0.026610 0.059845
v 0.000603 0.020266 0.055599
v -0.001208 -0.006168 -0.142055
v 0.000481 0.017206 0.058154
v 0.000159 0.102504 0.021772
v 0.000311 0.088773 0.034084
v 0.000507 0.007290 0.066686
v -0.000796 0.056667 -0.154908
v -0.000657 0.073150 -0.151678
v 0.000434 0.061252 0.045406
v -0.000037 0.126179 -0.092109
v 0.000452 -0.004531 0.075528
v -0.000004 -0.018487 0.065006
v 0.000090 0.119158 -0.003811
v -0.001051 0.022224 -0.152570
v -0.000201 0.117059 -0.116502
v -0.000721 -0.042665 0.059237
v 0.000070 0.123662 -0.015746
v -0.000903 -0.044202 0.056312
v 0.000167 -0.014786 0.072513
v -0.001137 0.006463 -0.148337
v -0.000910 0.035935 -0.154530
v -0.000312 -0.033017 0.060583
v -0.000141 -0.029209 0.059876
v -0.000113 0.122541 -0.104724
v 0.000533 0.048478 0.048742
v -0.000436 -0.035467 0.061398
v 0.000645 0.029207 0.050228
v -0.000431 -0.037911 0.061715
v -0.003059 -0.125851 -0.000139
v -0.000374 0.096983 -0.138659
v -0.000521 -0.040260 0.060672
v -0.001118 -0.043435 0.050212
v 0.000549 0.010867 0.063590
v -0.001266 -0.042578 0.047093
v 0.000581 0.068653 0.043064
v -0.000081 -0.021271 0.061161
v -0.000033 -0.020713 0.061711
v 0.000560 0.026667 0.051119
v 0.000142 0.096207 0.028209
v 0.000709 0.031756 0.049945
v -0.000052 -0.021948 0.060633
v -0.000527 0.087810 -0.145121
v 0.000021 0.130675 -0.074735
v 0.000034 0.131579 -0.061488
v 0.000569 0.023273 0.053302
v 0.000578 0.014231 0.060598
v -0.001096 -0.054763 -0.116280
v 0.000370 -0.011323 0.075278
v 0.000403 -0.008415 0.076129
v 0.000106 0.113837 0.006410
v -0.001174 -0.015733 -0.136838
v 0.000052 0.130816 -0.044282
v 0.000135 0.108253 0.014654
v -0.001138 -0.033379 -0.124989
v -0.001149 -0.023438 -0.132504
v 0.000094 -0.016003 0.070770
v 0.000448 0.035062 0.049501
v 0.000019 -0.017491 0.067658
v -0.000285 0.109617 -0.127332
v -0.000049 -0.019676 0.062880
v 0.006892 -0.007908 0.055299
v 0.064686 -0.032053 -0.011655
v 0.063589 -0.039422 -0.019185
v 0.059692 -0.050887 -0.010963
v 0.061015 -0.042637 -0.003075
v 0.054054 -0.061068 -0.002392
v 0.056977 -0.051192 0.003670
v 0.046856 -0.068925 0.007001
v 0.051051 -0.058925 0.011517
v -0.004178 -0.014755 0.069819
v -0.003212 -0.016420 0.067361
v 0.039791 -0.073640 0.017464
v 0.044881 -0.063921 0.019936
v -0.015161 0.020612 0.034395
v -0.007924 -0.018557 0.057547
v -0.006902 0.004648 0.062689
v -0.013912 0.020864 0.035085
v 0.018820 -0.076378 0.038958
v 0.017964 -0.081590 0.034837
v 0.008106 -0.083886 0.041854
v 0.007874 -0.079898 0.046267
v -0.010391 -0.018132 0.056396
v -0.001426 -0.086143 0.047681
v -0.001557 -0.082332 0.052040
v -0.010694 -0.087141 0.050306
v -0.011440 -0.083425 0.054776
v -0.006453 0.011206 0.057118
v -0.008190 0.020132 0.044262
v -0.013487 -0.073899 0.058227
v -0.012523 -0.078885 0.057263
v -0.006489 0.007846 0.060001
v -0.015654 -0.014678 0.056585
v -0.014014 -0.017539 0.055442
v -0.006839 -0.008907 0.072321
v -0.007756 -0.006132 0.071324
v -0.004818 -0.073225 0.055674
v -0.007478 -0.011908 0.070236
v -0.004754 -0.013617 0.070906
v -0.002673 -0.078215 0.054449
v -0.016589 0.020373 0.034710
v -0.027395 0.021537 0.028871
v -0.006024 -0.010861 0.072209
v -0.003020 -0.012825 0.072834
v -0.019878 0.021198 0.032571
v -0.015945 0.020501 0.034509
v -0.011856 -0.010300 0.065173
v -0.006784 0.019153 0.048578
v 0.003569 -0.070990 0.051222
v 0.006298 -0.075820 0.049314
v 0.014050 -0.067126 0.045556
v 0.017021 -0.072010 0.042703
v -0.014531 -0.011869 0.060792
v 0.022885 -0.062558 0.042014
v 0.027626 -0.065562 0.037687
v -0.009231 -0.090221 0.043583
v -0.017424 0.020476 0.034621
v -0.018024 0.020660 0.034526
v -0.007553 0.001064 0.065714
v -0.000553 -0.089309 0.041103
v 0.008223 -0.087287 0.036100
v 0.016471 -0.085703 0.029947
v 0.031017 -0.076893 0.027075
v -0.022506 0.021249 0.032888
v -0.002979 -0.018359 0.062507
v -0.010063 -0.011026 0.067600
v -0.008665 -0.011540 0.069080
v -0.003465 -0.019166 0.060655
v 0.026171 -0.084067 0.022049
v 0.035085 -0.079751 0.013794
v -0.011658 0.020727 0.037348
v 0.042361 -0.075140 0.002303
v -0.006445 0.016868 0.052202
v -0.006341 0.014079 0.055022
v 0.051157 -0.067104 -0.008598
v 0.058143 -0.055837 -0.018879
v -0.002875 -0.017417 0.064906
v 0.062512 -0.043744 -0.027075
v 0.065911 -0.031667 -0.024747
v -0.006263 -0.068918 0.055702
v -0.013862 -0.069104 0.057738
v 0.001625 -0.067069 0.052114
v -0.007950 -0.002645 0.069142
v 0.011452 -0.062926 0.047401
v 0.019810 -0.058784 0.044681
v 0.028416 -0.047083 0.043828
v -0.005905 -0.018662 0.059132
v 0.025607 -0.053195 0.043808
v 0.030139 -0.035333 0.045405
v 0.029605 -0.041126 0.044489
v 0.039716 -0.028711 0.040430
v 0.039964 -0.037330 0.037825
v 0.034619 -0.040004 0.041505
v 0.000276 -0.013277 0.073966
v -0.005317 -0.012415 0.071659
v 0.034996 -0.032494 0.043176
v 0.044366 -0.022694 0.037166
v 0.045260 -0.033152 0.033546
v -0.008482 -0.092847 0.037595
v -0.029024 0.035291 0.039785
v -0.028961 0.032944 0.038365
v -0.000860 -0.092321 0.035217
v 0.007407 -0.091380 0.030338
v 0.014024 -0.091022 0.024012
v 0.020941 -0.090119 0.016779
v 0.028472 -0.087575 0.007906
v 0.036859 -0.083033 -0.002594
v -0.022077 0.038442 0.043464
v -0.004414 0.038559 0.048552
v -0.009755 0.038620 0.047429
v 0.047316 -0.074763 -0.014361
v -0.029941 0.028192 0.037209
v -0.030484 0.025935 0.035928
v -0.028828 0.030846 0.037026
v -0.030237 0.026343 0.037283
v -0.030263 0.027171 0.037621
v 0.056362 -0.060747 -0.025610
v -0.028928 0.029858 0.036639
v 0.059899 -0.047514 -0.034007
v -0.028882 0.029894 0.036652
v 0.014626 -0.098356 0.010365
v -0.027090 0.037476 0.041500
v 0.008567 -0.097631 0.016604
v 0.002699 -0.097779 0.021964
v -0.029357 0.029201 0.036611
v -0.030643 0.025320 0.034232
v -0.002020 -0.097510 0.026256
v -0.031341 0.023519 0.029605
v -0.006444 -0.098935 0.025126
v 0.000486 0.038619 0.049416
v -0.021007 0.048608 0.046218
v -0.051435 0.047797 0.024774
v -0.003649 -0.101144 0.017367
v -0.054661 0.042454 0.021876
v 0.000073 -0.103516 0.013027
v -0.049313 0.006414 0.028335
v -0.052266 0.007263 0.025498
v -0.018233 0.042444 0.046787
v 0.003454 -0.106771 0.010158
v 0.029406 -0.055834 0.040567
v 0.035126 -0.056631 0.035568
v 0.038650 -0.046834 0.035880
v 0.044533 -0.044107 0.030488
v -0.026224 0.068031 0.037955
v -0.030703 0.114053 -0.010476
v -0.024670 0.060923 0.041303
v -0.039030 0.053481 0.035462
v 0.041486 -0.055967 0.029368
v -0.030823 0.109402 -0.001303
v 0.032846 -0.048067 0.040500
v 0.048250 -0.052506 0.021891
v 0.049810 -0.039581 0.024776
v 0.049785 -0.027023 0.029568
v 0.053866 -0.033654 0.019693
v -0.046445 0.051913 0.029274
v 0.053514 -0.046887 0.014689
v -0.056340 0.012065 0.018500
v -0.006141 0.054477 0.047316
v -0.057384 0.017839 0.015777
v 0.053624 -0.022696 0.025210
v -0.014360 0.054492 0.046583
v -0.027222 0.124780 -0.073190
v 0.056932 -0.018322 0.020920
v 0.057100 -0.028852 0.014928
v 0.057446 -0.040097 0.009160
v 0.035314 -0.068508 0.029580
v -0.013137 0.035303 0.044199
v 0.060678 -0.033919 0.003362
v -0.038654 0.007123 0.034383
v -0.041797 0.006677 0.032933
v 0.060197 -0.014396 0.015739
v -0.031112 0.124476 -0.061871
v -0.055723 0.009961 0.020361
v -0.029465 0.085924 0.027457
v -0.009130 0.028592 0.042312
v -0.010961 0.031426 0.042429
v -0.030318 0.092748 0.020766
v 0.060206 -0.023649 0.009626
v 0.063500 -0.008921 0.009338
v 0.064089 -0.017852 0.001067
v -0.030674 0.098839 0.013782
v 0.064472 -0.025986 -0.005513
v 0.067131 -0.023598 -0.020789
v -0.031031 0.118215 -0.021138
v -0.021309 0.010477 0.038177
v 0.061859 -0.031826 -0.051270
v 0.019090 -0.028891 0.050723
v 0.015066 -0.027049 0.053091
v -0.056995 0.036246 0.019236
v -0.057890 0.029605 0.017573
v -0.031706 0.123767 -0.047968
v -0.031075 0.008228 0.037066
v -0.057722 0.023645 0.016284
v -0.015498 0.126788 -0.081308
v 0.010924 -0.026278 0.056161
v -0.054409 0.008324 0.022815
v 0.007402 -0.025930 0.058654
v 0.003608 -0.025965 0.059967
v -0.031609 0.054325 0.040391
v -0.035047 0.007583 0.035873
v -0.008566 0.025427 0.041791
v -0.016585 0.012772 0.038514
v -0.013117 0.015803 0.038928
v -0.030771 0.104314 0.006632
v -0.010756 0.018767 0.039853
v -0.008942 0.022019 0.041194
v -0.026076 0.009008 0.038008
v -0.028023 0.076882 0.033726
v -0.031252 0.121495 -0.033872
v -0.045497 0.006443 0.030889
v 0.000002 0.128100 -0.084165
v 0.000328 0.054562 0.047370
v -0.009723 0.020412 0.040685
v -0.015740 0.038642 0.045816
v -0.023140 0.054458 0.044308
v -0.021579 -0.055866 0.055953
v -0.033058 -0.039019 0.045605
v -0.036274 -0.041108 0.043482
v -0.039451 -0.046940 0.040314
v -0.021892 -0.034222 0.052365
v -0.028217 -0.036734 0.048591
v -0.036911 -0.053602 0.047237
v -0.038137 -0.043062 0.041980
v -0.032850 -0.054843 0.051158
v -0.039258 -0.044969 0.040816
v -0.027737 -0.055302 0.053827
v -0.000248 -0.030973 0.060254
v -0.009869 -0.030808 0.058578
v -0.004783 -0.030558 0.060112
v -0.015600 -0.032061 0.055841
v -0.039760 -0.049153 0.040805
v -0.039538 -0.051614 0.043093
v 0.004392 -0.014840 0.069987
v 0.003268 -0.016405 0.067483
v 0.015471 0.020626 0.035275
v 0.007804 -0.018592 0.057833
v 0.007411 0.004752 0.063009
v 0.014213 0.020899 0.035786
v 0.010294 -0.018220 0.056728
v 0.007110 0.011326 0.057439
v 0.008557 0.020194 0.044659
v 0.007051 0.007967 0.060332
v 0.015655 -0.014872 0.056928
v 0.013953 -0.017719 0.055777
v 0.007280 -0.008893 0.072545
v 0.008178 -0.006084 0.071578
v 0.007736 -0.011961 0.070412
v 0.005082 -0.013736 0.071100
v 0.017031 0.020385 0.035775
v 0.027908 0.021546 0.029934
v 0.006470 -0.010903 0.072422
v 0.003522 -0.012959 0.073047
v 0.020371 0.021083 0.033781
v 0.016354 0.020507 0.035514
v 0.011927 -0.010365 0.065395
v 0.007339 0.019240 0.048987
v 0.014606 -0.011996 0.061081
v 0.017917 0.020479 0.035761
v 0.018539 0.020649 0.035727
v 0.007901 0.001105 0.066032
v 0.022979 0.021003 0.034016
v 0.002879 -0.018286 0.062552
v 0.010153 -0.011074 0.067785
v 0.008795 -0.011584 0.069255
v 0.003345 -0.019106 0.060748
v 0.011903 0.020756 0.037900
v 0.007123 0.016984 0.052574
v 0.007120 0.014209 0.055343
v 0.002796 -0.017333 0.064976
v 0.008343 -0.002602 0.069419
v 0.005801 -0.018654 0.059318
v 0.005721 -0.012508 0.071866
v 0.029970 0.035529 0.040822
v 0.029837 0.033136 0.039553
v 0.023096 0.038507 0.044402
v 0.005390 0.038540 0.048900
v 0.010749 0.038621 0.047957
v 0.030522 0.028419 0.038493
v 0.030804 0.025966 0.036910
v 0.029575 0.031005 0.038313
v 0.030748 0.026383 0.038559
v 0.030771 0.027341 0.038922
v 0.029608 0.029986 0.037975
v 0.029555 0.030018 0.038047
v 0.028088 0.037664 0.042508
v 0.029978 0.029357 0.037936
v 0.031012 0.025539 0.035105
v 0.031771 0.023759 0.030525
v 0.022144 0.048730 0.047106
v 0.051800 0.048302 0.025477
v 0.054694 0.042955 0.022666
v 0.047089 0.006630 0.030805
v 0.049277 0.007565 0.028467
v 0.019317 0.042505 0.047683
v 0.026986 0.068199 0.038325
v 0.030739 0.114257 -0.010550
v 0.025595 0.061062 0.041775
v 0.039878 0.053822 0.036118
v 0.030860 0.109536 -0.001337
v 0.047120 0.052366 0.029903
v 0.054820 0.012568 0.020894
v 0.007181 0.054526 0.047595
v 0.056716 0.018352 0.017878
v 0.015446 0.054587 0.047124
v 0.027228 0.124976 -0.073287
v 0.013994 0.035359 0.044812
v 0.038058 0.007253 0.035975
v 0.041010 0.006822 0.034644
v 0.031151 0.124719 -0.061997
v 0.053395 0.010366 0.023139
v 0.030057 0.086039 0.027524
v 0.009847 0.028750 0.042731
v 0.011696 0.031572 0.042902
v 0.030489 0.092566 0.021028
v 0.030761 0.098776 0.013907
v 0.031093 0.118464 -0.021258
v 0.021453 0.010389 0.038803
v 0.056686 0.036748 0.020238
v 0.057600 0.030105 0.018869
v 0.031768 0.124044 -0.048106
v 0.031016 0.008147 0.038072
v 0.057442 0.024136 0.017924
v 0.015497 0.126862 -0.081356
v 0.051605 0.008652 0.025835
v 0.032542 0.054549 0.041048
v 0.034688 0.007641 0.037199
v 0.009071 0.025587 0.042155
v 0.016725 0.012696 0.039064
v 0.013300 0.015746 0.039429
v 0.030821 0.104360 0.006663
v 0.010979 0.018770 0.040329
v 0.009296 0.022123 0.041558
v 0.026111 0.008937 0.038703
v 0.028767 0.077129 0.034015
v 0.031320 0.121774 -0.034013
v 0.044153 0.006598 0.032839
v 0.010011 0.020456 0.041107
v 0.016735 0.038653 0.046558
v 0.024189 0.054593 0.044985
v 0.020322 -0.039364 0.050097
v 0.019961 -0.041369 0.049161
v 0.016120 -0.046925 0.048068
v 0.016849 -0.034451 0.054000
v 0.019391 -0.037074 0.051590
v -0.001035 -0.053477 0.053957
v 0.018911 -0.043229 0.048509
v -0.007971 -0.054736 0.056092
v 0.018177 -0.045058 0.048118
v -0.014527 -0.055327 0.056701
v 0.008739 -0.030824 0.059209
v 0.004288 -0.030518 0.060575
v 0.012924 -0.032153 0.056743
v 0.011574 -0.049068 0.048932
v 0.005575 -0.051513 0.051000
v 0.031792 0.022137 0.025051
v -0.031366 0.021916 0.023974
v 0.030092 0.021398 0.037882
v 0.028525 0.021398 0.037406
v 0.027081 0.021398 0.036636
v 0.025869 0.021399 0.035640
v 0.030123 0.021716 0.037881
v 0.028586 0.022023 0.037407
v 0.027170 0.022306 0.036636
v 0.025982 0.022543 0.035639
v 0.030215 0.022023 0.037882
v 0.028768 0.022623 0.037407
v 0.027434 0.023178 0.036636
v 0.026314 0.023642 0.035639
v 0.030365 0.022305 0.037882
v 0.029063 0.023177 0.037407
v 0.027862 0.023981 0.036636
v 0.026855 0.024655 0.035639
v 0.030569 0.022551 0.037881
v 0.029461 0.023662 0.037406
v 0.028439 0.024686 0.036636
v 0.027582 0.025544 0.035640
v 0.030815 0.022755 0.037882
v 0.029944 0.024060 0.037407
v 0.029142 0.025263 0.036636
v 0.028469 0.026272 0.035638
v 0.031096 0.022905 0.037882
v 0.030497 0.024356 0.037406
v 0.029944 0.025693 0.036635
v 0.029481 0.026814 0.035638
v 0.031403 0.022999 0.037881
v 0.031096 0.024538 0.037406
v 0.030814 0.025957 0.036636
v 0.030578 0.027146 0.035637
v 0.031720 0.023029 0.037881
v 0.031720 0.024599 0.037405
v 0.031720 0.026046 0.036634
v 0.031719 0.027259 0.035637
v 0.032038 0.022998 0.037880
v 0.032344 0.024537 0.037405
v 0.032625 0.025956 0.036633
v 0.032861 0.027145 0.035635
v 0.032344 0.022905 0.037880
v 0.032942 0.024354 0.037403
v 0.033495 0.025691 0.036632
v 0.033958 0.026811 0.035634
v 0.032625 0.022754 0.037879
v 0.033495 0.024058 0.037403
v 0.034297 0.025261 0.036631
v 0.034969 0.026269 0.035633
v 0.032871 0.022550 0.037879
v 0.033978 0.023659 0.037402
v 0.035000 0.024682 0.036630
v 0.035857 0.025540 0.035633
v 0.033074 0.022303 0.037878
v 0.034376 0.023174 0.037401
v 0.035576 0.023978 0.036629
v 0.036583 0.024651 0.035631
v 0.033225 0.022021 0.037877
v 0.034671 0.022621 0.037400
v 0.036005 0.023174 0.036627
v 0.037124 0.023637 0.035629
v 0.033317 0.021714 0.037876
v 0.034853 0.022020 0.037399
v 0.036269 0.022302 0.036627
v 0.037456 0.022538 0.035628
v 0.033349 0.021396 0.037876
v 0.034914 0.021396 0.037398
v 0.036358 0.021395 0.036626
v 0.037570 0.021394 0.035629
v 0.033317 0.021079 0.037876
v 0.034853 0.020771 0.037398
v 0.036269 0.020488 0.036626
v 0.037456 0.020251 0.035627
v 0.033225 0.020772 0.037876
v 0.034671 0.020171 0.037398
v 0.036005 0.019617 0.036626
v 0.037125 0.019152 0.035628
v 0.033075 0.020490 0.037876
v 0.034376 0.019618 0.037399
v 0.035578 0.018813 0.036627
v 0.036585 0.018139 0.035629
v 0.032872 0.020243 0.037877
v 0.033980 0.019133 0.037400
v 0.035002 0.018109 0.036628
v 0.035860 0.017249 0.035632
v 0.032626 0.020040 0.037877
v 0.033497 0.018735 0.037401
v 0.034300 0.017531 0.036629
v 0.034973 0.016521 0.035631
v 0.032345 0.019889 0.037878
v 0.032944 0.018439 0.037401
v 0.033498 0.017101 0.036630
v 0.033962 0.015980 0.035633
v 0.032039 0.019796 0.037879
v 0.032346 0.018256 0.037403
v 0.032628 0.016836 0.036632
v 0.032865 0.015647 0.035633
v 0.031722 0.019765 0.037879
v 0.031722 0.018195 0.037403
v 0.031723 0.016747 0.036632
v 0.031724 0.015534 0.035634
v 0.031404 0.019796 0.037880
v 0.031099 0.018256 0.037404
v 0.030818 0.016837 0.036633
v 0.030582 0.015647 0.035635
v 0.031098 0.019889 0.037880
v 0.030500 0.018439 0.037404
v 0.029948 0.017102 0.036633
v 0.029486 0.015981 0.035635
v 0.030816 0.020040 0.037880
v 0.029947 0.018735 0.037405
v 0.029145 0.017532 0.036634
v 0.028474 0.016523 0.035635
v 0.030570 0.020244 0.037880
v 0.029463 0.019134 0.037404
v 0.028442 0.018110 0.036634
v 0.027586 0.017252 0.035637
v 0.030367 0.020491 0.037881
v 0.029065 0.019619 0.037406
v 0.027865 0.018815 0.036634
v 0.026858 0.018142 0.035636
v 0.031721 0.021397 0.038040
v 0.030216 0.020773 0.037881
v 0.028769 0.020173 0.037405
v 0.027436 0.019619 0.036635
v 0.026317 0.019156 0.035638
v 0.030124 0.021080 0.037881
v 0.028587 0.020773 0.037406
v 0.027170 0.020491 0.036636
v 0.025983 0.020255 0.035638
v 0.024688 0.021399 0.034784
v 0.022863 0.021400 0.033329
v 0.021306 0.021400 0.031428
v 0.020149 0.021401 0.029258
v 0.019438 0.021401 0.026903
v 0.019199 0.021401 0.024455
v 0.019440 0.021400 0.022004
v 0.020152 0.021399 0.019649
v 0.021310 0.021399 0.017477
v 0.022868 0.021398 0.015574
v 0.024766 0.021397 0.014012
v 0.026932 0.021396 0.012852
v 0.029281 0.021395 0.012138
v 0.024823 0.022774 0.034783
v 0.023032 0.023131 0.033330
v 0.021505 0.023437 0.031429
v 0.020370 0.023663 0.029259
v 0.019673 0.023802 0.026903
v 0.019438 0.023849 0.024454
v 0.019674 0.023802 0.022004
v 0.020374 0.023661 0.019649
v 0.021510 0.023435 0.017477
v 0.023038 0.023129 0.015574
v 0.024900 0.022758 0.014012
v 0.027023 0.022333 0.012852
v 0.029328 0.021873 0.012138
v 0.025223 0.024096 0.034783
v 0.023535 0.024797 0.033330
v 0.022097 0.025395 0.031429
v 0.021029 0.025838 0.029258
v 0.020371 0.026112 0.026903
v 0.020149 0.026204 0.024453
v 0.020372 0.026111 0.022004
v 0.021032 0.025837 0.019649
v 0.022102 0.025392 0.017477
v 0.023541 0.024794 0.015574
v 0.025295 0.024065 0.014012
v 0.027296 0.023234 0.012852
v 0.029467 0.022332 0.012138
v 0.025872 0.025315 0.034784
v 0.024353 0.026332 0.033331
v 0.023059 0.027199 0.031429
v 0.022098 0.027843 0.029257
v 0.021506 0.028239 0.026903
v 0.021306 0.028373 0.024453
v 0.021507 0.028238 0.022004
v 0.022101 0.027841 0.019648
v 0.023063 0.027196 0.017477
v 0.024358 0.026328 0.015574
v 0.025937 0.025271 0.014012
v 0.027738 0.024064 0.012852
v 0.029692 0.022756 0.012138
v 0.026746 0.026382 0.034784
v 0.025455 0.027676 0.033329
v 0.024354 0.028780 0.031428
v 0.023536 0.029599 0.029257
v 0.023033 0.030104 0.026902
v 0.022864 0.030274 0.024453
v 0.023035 0.030103 0.022003
v 0.023539 0.029598 0.019648
v 0.024357 0.028777 0.017477
v 0.025460 0.027673 0.015574
v 0.026802 0.026327 0.014012
v 0.028334 0.024792 0.012852
v 0.029997 0.023126 0.012138
v 0.027812 0.027257 0.034783
v 0.026798 0.028779 0.033328
v 0.025932 0.030076 0.031427
v 0.025290 0.031041 0.029256
v 0.024895 0.031634 0.026902
v 0.024761 0.031835 0.024453
v 0.024896 0.031634 0.022003
v 0.025292 0.031039 0.019648
v 0.025935 0.030074 0.017477
v 0.026801 0.028776 0.015574
v 0.027856 0.027194 0.014012
v 0.029061 0.025389 0.012852
v 0.030366 0.023431 0.012138
v 0.029028 0.027907 0.034781
v 0.028329 0.029598 0.033327
v 0.027733 0.031040 0.031426
v 0.027291 0.032112 0.029256
v 0.027018 0.032772 0.026902
v 0.026927 0.032994 0.024453
v 0.027018 0.032771 0.022003
v 0.027292 0.032110 0.019648
v 0.027735 0.031038 0.017477
v 0.028332 0.029595 0.015574
v 0.029060 0.027838 0.014012
v 0.029889 0.025832 0.012852
v 0.030789 0.023656 0.012138
v 0.030347 0.028307 0.034780
v 0.029992 0.030102 0.033326
v 0.029687 0.031633 0.031426
v 0.029462 0.032771 0.029255
v 0.029323 0.033471 0.026902
v 0.029276 0.033707 0.024453
v 0.029324 0.033471 0.022004
v 0.029463 0.032770 0.019648
v 0.029689 0.031631 0.017477
v 0.029994 0.030100 0.015574
v 0.030364 0.028234 0.014012
v 0.030788 0.026106 0.012852
v 0.031247 0.023796 0.012138
v 0.031719 0.028442 0.034780
v 0.031719 0.030272 0.033326
v 0.031719 0.031833 0.031425
v 0.031719 0.032993 0.029255
v 0.031719 0.033706 0.026901
v 0.031720 0.033949 0.024454
v 0.031720 0.033706 0.022004
v 0.031720 0.032992 0.019648
v 0.031721 0.031831 0.017477
v 0.031721 0.030270 0.015574
v 0.031722 0.028368 0.014012
v 0.031723 0.026198 0.012852
v 0.031724 0.023843 0.012138
v 0.033091 0.028306 0.034779
v 0.033447 0.030100 0.033325
v 0.033751 0.031631 0.031424
v 0.033976 0.032769 0.029254
v 0.034116 0.033470 0.026901
v 0.034164 0.033705 0.024452
v 0.034117 0.033469 0.022003
v 0.033978 0.032768 0.019648
v 0.033753 0.031630 0.017476
v 0.033449 0.030098 0.015574
v 0.033080 0.028233 0.014012
v 0.032658 0.026105 0.012851
v 0.032201 0.023795 0.012138
v 0.034410 0.027904 0.034778
v 0.035109 0.029595 0.033324
v 0.035706 0.031036 0.031423
v 0.036148 0.032108 0.029254
v 0.036422 0.032768 0.026900
v 0.036514 0.032990 0.024451
v 0.036422 0.032768 0.022002
v 0.036149 0.032107 0.019647
v 0.035707 0.031035 0.017476
v 0.035111 0.029593 0.015574
v 0.034385 0.027836 0.014012
v 0.033558 0.025831 0.012851
v 0.032659 0.023656 0.012138
v 0.035627 0.027253 0.034778
v 0.036641 0.028774 0.033324
v 0.037507 0.030071 0.031423
v 0.038149 0.031035 0.029253
v 0.038545 0.031629 0.026899
v 0.038680 0.031829 0.024450
v 0.038545 0.031629 0.022002
v 0.038150 0.031034 0.019647
v 0.037508 0.030070 0.017476
v 0.036643 0.028772 0.015573
v 0.035589 0.027191 0.014012
v 0.034386 0.025387 0.012851
v 0.033082 0.023430 0.012138
v 0.036693 0.026377 0.034777
v 0.037984 0.027670 0.033323
v 0.039085 0.028773 0.031423
v 0.039904 0.029593 0.029252
v 0.040407 0.030097 0.026898
v 0.040578 0.030267 0.024450
v 0.040408 0.030096 0.022001
v 0.039904 0.029592 0.019647
v 0.039086 0.028772 0.017475
v 0.037985 0.027668 0.015573
v 0.036644 0.026324 0.014011
v 0.035113 0.024790 0.012851
v 0.033452 0.023125 0.012138
v 0.037567 0.025309 0.034776
v 0.039086 0.026325 0.033323
v 0.040381 0.027191 0.031422
v 0.041344 0.027835 0.029252
v 0.041937 0.028231 0.026898
v 0.042137 0.028365 0.024450
v 0.041937 0.028230 0.022001
v 0.041344 0.027834 0.019646
v 0.040382 0.027190 0.017475
v 0.039087 0.026323 0.015573
v 0.037509 0.025267 0.014011
v 0.035709 0.024061 0.012851
v 0.033756 0.022754 0.012138
v 0.038216 0.024090 0.034774
v 0.039905 0.024790 0.033321
v 0.041345 0.025387 0.031422
v 0.042415 0.025830 0.029253
v 0.043074 0.026103 0.026899
v 0.043296 0.026194 0.024450
v 0.043073 0.026103 0.022001
v 0.042414 0.025829 0.019646
v 0.041345 0.025385 0.017475
v 0.039906 0.024788 0.015573
v 0.038153 0.024060 0.014011
v 0.036152 0.023231 0.012851
v 0.033982 0.022331 0.012138
v 0.038616 0.022768 0.034773
v 0.040410 0.023124 0.033322
v 0.041939 0.023428 0.031422
v 0.043076 0.023654 0.029254
v 0.043775 0.023793 0.026899
v 0.044010 0.023840 0.024451
v 0.043774 0.023792 0.022001
v 0.043074 0.023653 0.019646
v 0.041938 0.023427 0.017475
v 0.040410 0.023122 0.015573
v 0.038549 0.022753 0.014011
v 0.036426 0.022330 0.012851
v 0.034121 0.021871 0.012138
v 0.038753 0.021393 0.034774
v 0.040582 0.021393 0.033322
v 0.042142 0.021392 0.031423
v 0.043300 0.021391 0.029254
v 0.044012 0.021391 0.026899
v 0.044253 0.021392 0.024452
v 0.044010 0.021391 0.022002
v 0.043297 0.021391 0.019646
v 0.042139 0.021391 0.017475
v 0.040581 0.021391 0.015573
v 0.038683 0.021392 0.014011
v 0.036518 0.021392 0.012851
v 0.034168 0.021393 0.012137
v 0.038618 0.020019 0.034773
v 0.040412 0.019661 0.033322
v 0.041942 0.019355 0.031423
v 0.043079 0.019129 0.029254
v 0.043777 0.018990 0.026899
v 0.044012 0.018942 0.024450
v 0.043776 0.018990 0.022001
v 0.043076 0.019129 0.019646
v 0.041940 0.019355 0.017475
v 0.040411 0.019660 0.015573
v 0.038550 0.020031 0.014011
v 0.036427 0.020455 0.012851
v 0.034121 0.020916 0.012137
v 0.038218 0.018697 0.034773
v 0.039908 0.017996 0.033322
v 0.041349 0.017398 0.031422
v 0.042420 0.016954 0.029254
v 0.043078 0.016680 0.026899
v 0.043300 0.016587 0.024449
v 0.043077 0.016679 0.022001
v 0.042418 0.016953 0.019646
v 0.041348 0.017397 0.017474
v 0.039908 0.017994 0.015572
v 0.038155 0.018724 0.014011
v 0.036153 0.019554 0.012851
v 0.033982 0.020456 0.012137
v 0.037571 0.017479 0.034775
v 0.039091 0.016461 0.033323
v 0.040386 0.015594 0.031422
v 0.041349 0.014949 0.029253
v 0.041943 0.014552 0.026898
v 0.042142 0.014418 0.024449
v 0.041942 0.014552 0.022000
v 0.041349 0.014949 0.019645
v 0.040386 0.015593 0.017474
v 0.039091 0.016460 0.015572
v 0.037512 0.017518 0.014011
v 0.035711 0.018724 0.012851
v 0.033757 0.020033 0.012137
v 0.036697 0.016412 0.034776
v 0.037989 0.015117 0.033322
v 0.039091 0.014013 0.031421
v 0.039910 0.013193 0.029252
v 0.040414 0.012688 0.026897
v 0.040585 0.012517 0.024449
v 0.040414 0.012687 0.022000
v 0.039910 0.013192 0.019645
v 0.039091 0.014012 0.017474
v 0.037990 0.015116 0.015572
v 0.036647 0.016461 0.014011
v 0.035116 0.017996 0.012851
v 0.033453 0.019662 0.012137
v 0.035631 0.015536 0.034776
v 0.036647 0.014014 0.033322
v 0.037513 0.012716 0.031421
v 0.038157 0.011751 0.029252
v 0.038552 0.011157 0.026897
v 0.038687 0.010956 0.024449
v 0.038553 0.011157 0.022000
v 0.038157 0.011751 0.019645
v 0.037514 0.012715 0.017474
v 0.036648 0.014013 0.015572
v 0.035593 0.015595 0.014011
v 0.034389 0.017399 0.012851
v 0.033083 0.019358 0.012137
v 0.031725 0.021394 0.011896
v 0.034415 0.014886 0.034775
v 0.035116 0.013195 0.033322
v 0.035713 0.011752 0.031421
v 0.036156 0.010681 0.029253
v 0.036430 0.010020 0.026898
v 0.036522 0.009797 0.024449
v 0.036430 0.010020 0.022000
v 0.036156 0.010680 0.019646
v 0.035714 0.011751 0.017474
v 0.035117 0.013193 0.015572
v 0.034389 0.014951 0.014011
v 0.033561 0.016956 0.012851
v 0.032661 0.019132 0.012137
v 0.033097 0.014485 0.034776
v 0.033453 0.012691 0.033323
v 0.033759 0.011159 0.031422
v 0.033985 0.010021 0.029253
v 0.034125 0.009321 0.026898
v 0.034172 0.009085 0.024450
v 0.034125 0.009320 0.022001
v 0.033986 0.010020 0.019646
v 0.033760 0.011158 0.017475
v 0.033455 0.012689 0.015573
v 0.033085 0.014555 0.014011
v 0.032662 0.016682 0.012851
v 0.032202 0.018993 0.012137
v 0.031725 0.014350 0.034778
v 0.031726 0.012521 0.033323
v 0.031727 0.010959 0.031422
v 0.031728 0.009799 0.029253
v 0.031728 0.009086 0.026898
v 0.031729 0.008845 0.024452
v 0.031729 0.009085 0.022001
v 0.031729 0.009798 0.019646
v 0.031728 0.010958 0.017475
v 0.031728 0.012519 0.015573
v 0.031727 0.014421 0.014011
v 0.031726 0.016591 0.012851
v 0.031726 0.018946 0.012138
v 0.030353 0.014486 0.034778
v 0.029999 0.012692 0.033323
v 0.029695 0.011161 0.031423
v 0.029471 0.010023 0.029253
v 0.029332 0.009323 0.026899
v 0.029285 0.009087 0.024450
v 0.029332 0.009322 0.022001
v 0.029472 0.010022 0.019646
v 0.029696 0.011160 0.017475
v 0.030000 0.012691 0.015573
v 0.030369 0.014556 0.014011
v 0.030791 0.016683 0.012851
v 0.031249 0.018993 0.012137
v 0.029034 0.014888 0.034778
v 0.028336 0.013198 0.033324
v 0.027741 0.011756 0.031423
v 0.027299 0.010684 0.029254
v 0.027026 0.010024 0.026899
v 0.026936 0.009801 0.024450
v 0.027027 0.010023 0.022001
v 0.027300 0.010683 0.019646
v 0.027742 0.011754 0.017475
v 0.028338 0.013196 0.015573
v 0.029064 0.014953 0.014011
v 0.029892 0.016957 0.012851
v 0.030790 0.019133 0.012138
v 0.027818 0.015539 0.034779
v 0.026804 0.014018 0.033325
v 0.025940 0.012721 0.031424
v 0.025298 0.011756 0.029254
v 0.024903 0.011162 0.026899
v 0.024769 0.010961 0.024450
v 0.024904 0.011162 0.022001
v 0.025299 0.011755 0.019646
v 0.025941 0.012719 0.017475
v 0.026806 0.014016 0.015573
v 0.027860 0.015597 0.014011
v 0.029063 0.017401 0.012851
v 0.030368 0.019359 0.012138
v 0.026751 0.016415 0.034780
v 0.025462 0.015122 0.033326
v 0.024361 0.014019 0.031424
v 0.023544 0.013199 0.029255
v 0.023040 0.012694 0.026899
v 0.022871 0.012524 0.024451
v 0.023041 0.012694 0.022002
v 0.023545 0.013198 0.019647
v 0.024363 0.014017 0.017476
v 0.025464 0.015121 0.015573
v 0.026806 0.016465 0.014011
v 0.028336 0.017999 0.012851
v 0.029998 0.019664 0.012138
v 0.025876 0.017484 0.034780
v 0.024359 0.016467 0.033326
v 0.023065 0.015601 0.031424
v 0.022104 0.014957 0.029255
v 0.021511 0.014560 0.026900
v 0.021312 0.014426 0.024451
v 0.021512 0.014560 0.022002
v 0.022105 0.014956 0.019647
v 0.023068 0.015599 0.017476
v 0.024362 0.016466 0.015574
v 0.025940 0.017522 0.014012
v 0.027740 0.018727 0.012851
v 0.029693 0.020034 0.012138
v 0.025227 0.018702 0.034781
v 0.023540 0.018002 0.033327
v 0.022102 0.017405 0.031425
v 0.021033 0.016962 0.029256
v 0.020375 0.016688 0.026901
v 0.020153 0.016597 0.024452
v 0.020376 0.016688 0.022003
v 0.021035 0.016961 0.019648
v 0.022105 0.017404 0.017476
v 0.023543 0.018001 0.015574
v 0.025297 0.018728 0.014012
v 0.027297 0.019557 0.012852
v 0.029468 0.020458 0.012138
v 0.024825 0.020024 0.034782
v 0.023035 0.019669 0.033328
v 0.021508 0.019364 0.031426
v 0.020373 0.019138 0.029257
v 0.019675 0.018999 0.026902
v 0.019441 0.018952 0.024453
v 0.019676 0.018999 0.022004
v 0.020375 0.019137 0.019648
v 0.021511 0.019362 0.017476
v 0.023039 0.019667 0.015574
v 0.024901 0.020036 0.014012
v 0.027023 0.020459 0.012852
v 0.029329 0.020917 0.012138
v -0.033078 0.021492 0.036800
v -0.034644 0.021493 0.036322
v -0.036087 0.021493 0.035549
v -0.037298 0.021493 0.034551
v -0.033046 0.021810 0.036800
v -0.034583 0.022118 0.036323
v -0.035999 0.022400 0.035550
v -0.037186 0.022637 0.034551
v -0.032954 0.022117 0.036801
v -0.034401 0.022718 0.036324
v -0.035735 0.023272 0.035551
v -0.036854 0.023736 0.034552
v -0.032804 0.022399 0.036801
v -0.034106 0.023271 0.036325
v -0.035307 0.024075 0.035552
v -0.036315 0.024749 0.034554
v -0.032602 0.022646 0.036802
v -0.033709 0.023756 0.036325
v -0.034731 0.024780 0.035553
v -0.035589 0.025638 0.034556
v -0.032355 0.022849 0.036802
v -0.033226 0.024154 0.036326
v -0.034029 0.025357 0.035554
v -0.034702 0.026366 0.034556
v -0.032074 0.023000 0.036803
v -0.032673 0.024450 0.036326
v -0.033227 0.025787 0.035555
v -0.033690 0.026908 0.034557
v -0.031768 0.023093 0.036803
v -0.032075 0.024632 0.036328
v -0.032357 0.026052 0.035556
v -0.032594 0.027241 0.034558
v -0.031450 0.023124 0.036803
v -0.031451 0.024694 0.036327
v -0.031452 0.026141 0.035556
v -0.031452 0.027354 0.034559
v -0.031133 0.023093 0.036804
v -0.030827 0.024632 0.036329
v -0.030546 0.026051 0.035558
v -0.030310 0.027241 0.034559
v -0.030826 0.023000 0.036804
v -0.030228 0.024450 0.036328
v -0.029676 0.025786 0.035557
v -0.029213 0.026907 0.034560
v -0.030545 0.022849 0.036804
v -0.029675 0.024154 0.036329
v -0.028873 0.025357 0.035558
v -0.028201 0.026365 0.034560
v -0.030299 0.022646 0.036804
v -0.029192 0.023755 0.036328
v -0.028170 0.024778 0.035558
v -0.027313 0.025637 0.034562
v -0.030095 0.022399 0.036804
v -0.028794 0.023270 0.036329
v -0.027593 0.024074 0.035558
v -0.026586 0.024747 0.034560
v -0.029945 0.022117 0.036804
v -0.028498 0.022716 0.036328
v -0.027165 0.023270 0.035557
v -0.026045 0.023733 0.034560
v -0.029852 0.021810 0.036803
v -0.028316 0.022116 0.036328
v -0.026900 0.022398 0.035557
v -0.025713 0.022634 0.034559
v -0.029821 0.021491 0.036804
v -0.028255 0.021491 0.036328
v -0.026811 0.021490 0.035557
v -0.025599 0.021490 0.034560
v -0.029852 0.021173 0.036803
v -0.028316 0.020866 0.036328
v -0.026900 0.020583 0.035557
v -0.025712 0.020346 0.034559
v -0.029945 0.020866 0.036803
v -0.028498 0.020266 0.036327
v -0.027164 0.019711 0.035556
v -0.026045 0.019247 0.034559
v -0.030095 0.020584 0.036803
v -0.028793 0.019712 0.036328
v -0.027592 0.018907 0.035556
v -0.026585 0.018233 0.034558
v -0.030298 0.020338 0.036803
v -0.029191 0.019227 0.036327
v -0.028169 0.018203 0.035556
v -0.027312 0.017344 0.034559
v -0.030545 0.020134 0.036803
v -0.029674 0.018829 0.036328
v -0.028872 0.017625 0.035556
v -0.028200 0.016616 0.034558
v -0.030826 0.019983 0.036803
v -0.030227 0.018533 0.036327
v -0.029674 0.017196 0.035556
v -0.029211 0.016074 0.034557
v -0.031132 0.019890 0.036803
v -0.030826 0.018350 0.036327
v -0.030544 0.016931 0.035556
v -0.030308 0.015741 0.034557
v -0.031450 0.019859 0.036802
v -0.031449 0.018290 0.036326
v -0.031449 0.016842 0.035555
v -0.031449 0.015628 0.034557
v -0.031767 0.019891 0.036802
v -0.032073 0.018351 0.036326
v -0.032354 0.016932 0.035555
v -0.032591 0.015742 0.034556
v -0.032073 0.019984 0.036802
v -0.032672 0.018534 0.036325
v -0.033224 0.017197 0.035553
v -0.033687 0.016076 0.034556
v -0.032354 0.020135 0.036801
v -0.033224 0.018830 0.036324
v -0.034026 0.017627 0.035552
v -0.034698 0.016618 0.034554
v -0.032601 0.020339 0.036801
v -0.033707 0.019229 0.036323
v -0.034729 0.018206 0.035551
v -0.035586 0.017347 0.034554
v -0.032804 0.020586 0.036800
v -0.034105 0.019714 0.036322
v -0.035305 0.018911 0.035550
v -0.036312 0.018237 0.034552
v -0.031450 0.021492 0.036963
v -0.032954 0.020868 0.036800
v -0.034400 0.020268 0.036322
v -0.035733 0.019715 0.035549
v -0.036852 0.019251 0.034550
v -0.033046 0.021175 0.036800
v -0.034582 0.020868 0.036322
v -0.035997 0.020586 0.035549
v -0.037184 0.020350 0.034549
v -0.038481 0.021494 0.033695
v -0.040309 0.021494 0.032242
v -0.041870 0.021494 0.030344
v -0.043030 0.021494 0.028176
v -0.043741 0.021495 0.025821
v -0.043981 0.021495 0.023374
v -0.043739 0.021494 0.020923
v -0.043026 0.021493 0.018568
v -0.041868 0.021493 0.016397
v -0.040310 0.021492 0.014494
v -0.038412 0.021491 0.012933
v -0.036246 0.021490 0.011772
v -0.033897 0.021490 0.011059
v -0.038346 0.022868 0.033695
v -0.040139 0.023225 0.032243
v -0.041669 0.023531 0.030344
v -0.042807 0.023756 0.028176
v -0.043506 0.023896 0.025821
v -0.043740 0.023943 0.023373
v -0.043504 0.023896 0.020923
v -0.042805 0.023755 0.018568
v -0.041668 0.023529 0.016397
v -0.040140 0.023223 0.014495
v -0.038278 0.022852 0.012933
v -0.036155 0.022428 0.011772
v -0.033850 0.021967 0.011059
v -0.037946 0.024190 0.033696
v -0.039636 0.024891 0.032244
v -0.041077 0.025489 0.030345
v -0.042148 0.025932 0.028175
v -0.042806 0.026206 0.025821
v -0.043029 0.026298 0.023372
v -0.042805 0.026205 0.020923
v -0.042146 0.025931 0.018568
v -0.041076 0.025487 0.016397
v -0.039637 0.024889 0.014495
v -0.037883 0.024159 0.012933
v -0.035882 0.023329 0.011773
v -0.033711 0.022427 0.011059
v -0.037299 0.025408 0.033699
v -0.038819 0.026425 0.032246
v -0.040114 0.027293 0.030345
v -0.041077 0.027937 0.028175
v -0.041671 0.028333 0.025820
v -0.041871 0.028467 0.023372
v -0.041670 0.028332 0.020923
v -0.041077 0.027935 0.018568
v -0.040114 0.027290 0.016397
v -0.038819 0.026423 0.014495
v -0.037241 0.025365 0.012933
v -0.035440 0.024158 0.011773
v -0.033486 0.022850 0.011059
v -0.036425 0.026476 0.033700
v -0.037717 0.027770 0.032246
v -0.038819 0.028874 0.030345
v -0.039638 0.029694 0.028175
v -0.040142 0.030198 0.025821
v -0.040313 0.030368 0.023372
v -0.040142 0.030197 0.020923
v -0.039638 0.029692 0.018568
v -0.038820 0.028872 0.016397
v -0.037718 0.027767 0.014495
v -0.036376 0.026422 0.012933
v -0.034844 0.024887 0.011773
v -0.033181 0.023220 0.011059
v -0.035360 0.027351 0.033701
v -0.036375 0.028873 0.032247
v -0.037241 0.030171 0.030346
v -0.037885 0.031135 0.028175
v -0.038280 0.031729 0.025821
v -0.038415 0.031929 0.023372
v -0.038281 0.031728 0.020923
v -0.037885 0.031134 0.018569
v -0.037242 0.030169 0.016397
v -0.036376 0.028871 0.014495
v -0.035321 0.027289 0.012933
v -0.034117 0.025484 0.011773
v -0.032812 0.023525 0.011059
v -0.034144 0.028001 0.033700
v -0.034844 0.029692 0.032247
v -0.035441 0.031134 0.030346
v -0.035884 0.032206 0.028176
v -0.036158 0.032866 0.025822
v -0.036249 0.033089 0.023373
v -0.036158 0.032866 0.020924
v -0.035884 0.032205 0.018569
v -0.035442 0.031132 0.016397
v -0.034845 0.029690 0.014495
v -0.034118 0.027932 0.012933
v -0.033289 0.025927 0.011773
v -0.032389 0.023751 0.011059
v -0.032825 0.028402 0.033701
v -0.033181 0.030197 0.032247
v -0.033487 0.031728 0.030346
v -0.033712 0.032866 0.028176
v -0.033852 0.033566 0.025822
v -0.033900 0.033802 0.023374
v -0.033853 0.033566 0.020925
v -0.033713 0.032865 0.018569
v -0.033488 0.031726 0.016398
v -0.033183 0.030194 0.014496
v -0.032813 0.028328 0.012934
v -0.032390 0.026201 0.011773
v -0.031931 0.023890 0.011059
v -0.031453 0.028537 0.033703
v -0.031454 0.030367 0.032248
v -0.031454 0.031928 0.030347
v -0.031455 0.033088 0.028177
v -0.031455 0.033801 0.025823
v -0.031456 0.034044 0.023376
v -0.031456 0.033801 0.020925
v -0.031456 0.033087 0.018570
v -0.031456 0.031926 0.016398
v -0.031456 0.030364 0.014496
v -0.031455 0.028462 0.012934
v -0.031455 0.026293 0.011773
v -0.031454 0.023937 0.011059
v -0.030080 0.028402 0.033703
v -0.029726 0.030196 0.032248
v -0.029422 0.031727 0.030348
v -0.029198 0.032865 0.028177
v -0.029059 0.033565 0.025823
v -0.029012 0.033800 0.023375
v -0.029060 0.033564 0.020925
v -0.029199 0.032863 0.018570
v -0.029424 0.031725 0.016398
v -0.029728 0.030193 0.014496
v -0.030097 0.028327 0.012934
v -0.030519 0.026200 0.011773
v -0.030977 0.023890 0.011059
v -0.028761 0.028000 0.033703
v -0.028063 0.029691 0.032249
v -0.027467 0.031133 0.030349
v -0.027026 0.032204 0.028178
v -0.026753 0.032864 0.025824
v -0.026662 0.033086 0.023374
v -0.026754 0.032863 0.020925
v -0.027027 0.032202 0.018570
v -0.027470 0.031130 0.016398
v -0.028066 0.029688 0.014496
v -0.028792 0.027931 0.012934
v -0.029620 0.025926 0.011773
v -0.030519 0.023750 0.011059
v -0.027544 0.027350 0.033705
v -0.026530 0.028871 0.032251
v -0.025665 0.030168 0.030349
v -0.025023 0.031132 0.028178
v -0.024629 0.031725 0.025824
v -0.024496 0.031925 0.023374
v -0.024631 0.031724 0.020925
v -0.025026 0.031130 0.018570
v -0.025669 0.030165 0.016399
v -0.026534 0.028867 0.014496
v -0.027588 0.027286 0.012934
v -0.028792 0.025482 0.011773
v -0.030096 0.023525 0.011059
v -0.026478 0.026474 0.033706
v -0.025187 0.027767 0.032252
v -0.024086 0.028870 0.030350
v -0.023269 0.029689 0.028179
v -0.022767 0.030193 0.025824
v -0.022597 0.030363 0.023375
v -0.022768 0.030192 0.020925
v -0.023272 0.029687 0.018570
v -0.024090 0.028867 0.016399
v -0.025192 0.027763 0.014496
v -0.026533 0.026419 0.012934
v -0.028064 0.024885 0.011773
v -0.029726 0.023219 0.011059
v -0.025602 0.025406 0.033706
v -0.024084 0.026422 0.032253
v -0.022789 0.027289 0.030351
v -0.021829 0.027932 0.028180
v -0.021237 0.028327 0.025825
v -0.021038 0.028461 0.023375
v -0.021239 0.028326 0.020925
v -0.021833 0.027929 0.018570
v -0.022795 0.027285 0.016399
v -0.024090 0.026418 0.014496
v -0.025668 0.025362 0.012934
v -0.027468 0.024156 0.011773
v -0.029422 0.022849 0.011059
v -0.024954 0.024187 0.033704
v -0.023265 0.024887 0.032252
v -0.021826 0.025484 0.030351
v -0.020758 0.025926 0.028180
v -0.020101 0.026199 0.025825
v -0.019880 0.026290 0.023375
v -0.020103 0.026198 0.020926
v -0.020762 0.025924 0.018570
v -0.021832 0.025480 0.016399
v -0.023271 0.024884 0.014496
v -0.025025 0.024155 0.012934
v -0.027025 0.023326 0.011773
v -0.029196 0.022425 0.011059
v -0.024553 0.022865 0.033704
v -0.022762 0.023221 0.032251
v -0.021233 0.023525 0.030351
v -0.020099 0.023750 0.028180
v -0.019401 0.023889 0.025825
v -0.019167 0.023936 0.023375
v -0.019403 0.023888 0.020926
v -0.020103 0.023748 0.018570
v -0.021239 0.023522 0.016399
v -0.022767 0.023217 0.014496
v -0.024629 0.022848 0.012934
v -0.026752 0.022425 0.011773
v -0.029057 0.021966 0.011059
v -0.024418 0.021490 0.033704
v -0.022592 0.021489 0.032250
v -0.021034 0.021488 0.030349
v -0.019876 0.021488 0.028180
v -0.019165 0.021488 0.025824
v -0.018925 0.021488 0.023376
v -0.019168 0.021487 0.020926
v -0.019880 0.021486 0.018570
v -0.021038 0.021486 0.016398
v -0.022597 0.021486 0.014496
v -0.024494 0.021487 0.012934
v -0.026659 0.021487 0.011773
v -0.029010 0.021488 0.011059
v -0.024553 0.020114 0.033703
v -0.022762 0.019758 0.032249
v -0.021235 0.019452 0.030348
v -0.020099 0.019226 0.028179
v -0.019401 0.019086 0.025824
v -0.019166 0.019038 0.023375
v -0.019402 0.019085 0.020925
v -0.020102 0.019224 0.018570
v -0.021238 0.019450 0.016398
v -0.022766 0.019755 0.014496
v -0.024628 0.020126 0.012934
v -0.026751 0.020550 0.011773
v -0.029057 0.021010 0.011059
v -0.024954 0.018793 0.033702
v -0.023266 0.018092 0.032248
v -0.021828 0.017494 0.030347
v -0.020758 0.017050 0.028178
v -0.020100 0.016775 0.025823
v -0.019878 0.016683 0.023374
v -0.020101 0.016775 0.020924
v -0.020760 0.017049 0.018569
v -0.021830 0.017492 0.016398
v -0.023269 0.018090 0.014495
v -0.025023 0.018818 0.012933
v -0.027024 0.019649 0.011773
v -0.029196 0.020551 0.011059
v -0.025603 0.017574 0.033702
v -0.024085 0.016557 0.032248
v -0.022790 0.015690 0.030346
v -0.021828 0.015045 0.028177
v -0.021235 0.014648 0.025822
v -0.021035 0.014513 0.023373
v -0.021236 0.014648 0.020924
v -0.021829 0.015044 0.018569
v -0.022792 0.015688 0.016397
v -0.024087 0.016555 0.014495
v -0.025666 0.017612 0.012933
v -0.027467 0.018819 0.011773
v -0.029421 0.020127 0.011059
v -0.026477 0.016507 0.033702
v -0.025186 0.015213 0.032247
v -0.024085 0.014108 0.030346
v -0.023266 0.013288 0.028176
v -0.022763 0.012783 0.025821
v -0.022593 0.012612 0.023372
v -0.022764 0.012783 0.020923
v -0.023268 0.013287 0.018568
v -0.024086 0.014107 0.016397
v -0.025188 0.015211 0.014495
v -0.026531 0.016556 0.012933
v -0.028062 0.018091 0.011773
v -0.029725 0.019757 0.011059
v -0.027543 0.015631 0.033701
v -0.026528 0.014109 0.032247
v -0.025662 0.012811 0.030345
v -0.025020 0.011847 0.028176
v -0.024624 0.011252 0.025821
v -0.024490 0.011051 0.023372
v -0.024625 0.011252 0.020923
v -0.025021 0.011846 0.018568
v -0.025664 0.012810 0.016397
v -0.026530 0.014108 0.014495
v -0.027585 0.015689 0.012933
v -0.028789 0.017494 0.011773
v -0.030095 0.019452 0.011059
v -0.031453 0.021489 0.010818
v -0.028758 0.014981 0.033700
v -0.028059 0.013290 0.032246
v -0.027463 0.011847 0.030345
v -0.027020 0.010775 0.028176
v -0.026747 0.010115 0.025821
v -0.026655 0.009892 0.023372
v -0.026747 0.010115 0.020923
v -0.027021 0.010775 0.018568
v -0.027464 0.011846 0.016397
v -0.028061 0.013288 0.014495
v -0.028788 0.015045 0.012933
v -0.029617 0.017051 0.011773
v -0.030517 0.019227 0.011059
v -0.030077 0.014580 0.033700
v -0.029721 0.012786 0.032246
v -0.029417 0.011254 0.030345
v -0.029191 0.010116 0.028175
v -0.029052 0.009415 0.025821
v -0.029005 0.009179 0.023372
v -0.029053 0.009415 0.020923
v -0.029192 0.010115 0.018568
v -0.029418 0.011253 0.016397
v -0.029723 0.012784 0.014495
v -0.030093 0.014649 0.012933
v -0.030516 0.016777 0.011772
v -0.030976 0.019087 0.011059
v -0.031449 0.014445 0.033700
v -0.031449 0.012615 0.032246
v -0.031449 0.011054 0.030344
v -0.031448 0.009894 0.028175
v -0.031448 0.009180 0.025820
v -0.031449 0.008939 0.023373
v -0.031449 0.009180 0.020923
v -0.031449 0.009893 0.018568
v -0.031450 0.011053 0.016397
v -0.031450 0.012614 0.014494
v -0.031451 0.014515 0.012933
v -0.031452 0.016686 0.011772
v -0.031452 0.019040 0.011059
v -0.032821 0.014581 0.033699
v -0.033176 0.012787 0.032245
v -0.033481 0.011255 0.030344
v -0.033706 0.010117 0.028175
v -0.033845 0.009417 0.025820
v -0.033892 0.009181 0.023371
v -0.033845 0.009416 0.020923
v -0.033706 0.010116 0.018568
v -0.033482 0.011254 0.016396
v -0.033178 0.012785 0.014494
v -0.032809 0.014650 0.012933
v -0.032387 0.016778 0.011772
v -0.031929 0.019087 0.011059
v -0.034140 0.014983 0.033698
v -0.034839 0.013292 0.032245
v -0.035435 0.011850 0.030344
v -0.035877 0.010778 0.028175
v -0.036151 0.010118 0.025820
v -0.036242 0.009895 0.023371
v -0.036151 0.010117 0.020922
v -0.035878 0.010777 0.018567
v -0.035436 0.011849 0.016396
v -0.034840 0.013290 0.014494
v -0.034114 0.015047 0.012932
v -0.033286 0.017052 0.011772
v -0.032388 0.019227 0.011059
v -0.035356 0.015633 0.033699
v -0.036371 0.014112 0.032245
v -0.037236 0.012815 0.030344
v -0.037879 0.011850 0.028174
v -0.038274 0.011256 0.025819
v -0.038409 0.011055 0.023371
v -0.038274 0.011256 0.020922
v -0.037879 0.011850 0.018567
v -0.037237 0.012814 0.016396
v -0.036372 0.014111 0.014494
v -0.035318 0.015692 0.012932
v -0.034115 0.017496 0.011772
v -0.032811 0.019453 0.011059
v -0.036422 0.016510 0.033698
v -0.037713 0.015216 0.032244
v -0.038815 0.014112 0.030344
v -0.039633 0.013293 0.028174
v -0.040137 0.012788 0.025819
v -0.040307 0.012617 0.023370
v -0.040137 0.012788 0.020922
v -0.039633 0.013292 0.018567
v -0.038815 0.014112 0.016396
v -0.037714 0.015215 0.014494
v -0.036373 0.016559 0.012932
v -0.034842 0.018093 0.011772
v -0.033180 0.019758 0.011059
v -0.037296 0.017578 0.033697
v -0.038816 0.016561 0.032244
v -0.040111 0.015694 0.030344
v -0.041074 0.015050 0.028175
v -0.041667 0.014654 0.025820
v -0.041866 0.014520 0.023371
v -0.041666 0.014654 0.020922
v -0.041073 0.015050 0.018567
v -0.040111 0.015694 0.016396
v -0.038816 0.016560 0.014494
v -0.037238 0.017616 0.012932
v -0.035438 0.018822 0.011772
v -0.033485 0.020129 0.011059
v -0.037944 0.018797 0.033694
v -0.039634 0.018096 0.032242
v -0.041075 0.017499 0.030344
v -0.042145 0.017056 0.028175
v -0.042804 0.016782 0.025820
v -0.043025 0.016691 0.023371
v -0.042803 0.016782 0.020922
v -0.042143 0.017055 0.018567
v -0.041074 0.017498 0.016396
v -0.039635 0.018095 0.014494
v -0.037881 0.018823 0.012933
v -0.035881 0.019652 0.011772
v -0.033710 0.020552 0.011059
v -0.038344 0.020119 0.033694
v -0.040138 0.019763 0.032242
v -0.041669 0.019457 0.030344
v -0.042806 0.019232 0.028176
v -0.043505 0.019093 0.025821
v -0.043739 0.019045 0.023372
v -0.043503 0.019092 0.020923
v -0.042803 0.019231 0.018568
v -0.041667 0.019456 0.016396
v -0.040139 0.019761 0.014494
v -0.038277 0.020130 0.012933
v -0.036155 0.020553 0.011772
v -0.033850 0.021012 0.011059
f 4 2 1
f 8 6 5
f 13 15 14
f 17 19 18
f 32 30 29
f 36 34 33
f 37 39 38
f 21 23 20
f 25 27 24
f 41 43 42
f 48 46 45
f 52 50 49
f 53 55 54
f 60 58 57
f 29 62 61
f 66 64 63
f 67 6 68
f 72 70 69
f 76 74 73
f 77 79 78
f 81 83 82
f 59 86 85
f 88 90 89
f 96 94 93
f 100 98 97
f 101 103 102
f 106 34 87
f 108 115 107
f 117 36 118
f 124 126 125
f 131 129 128
f 132 134 133
f 142 140 139
f 148 60 147
f 144 127 124
f 149 151 150
f 156 154 153
f 159 158 157
f 116 164 105
f 171 169 168
f 174 173 172
f 179 181 180
f 186 188 187
f 194 196 195
f 199 139 198
f 206 208 207
f 213 211 210
f 202 214 201
f 96 216 54
f 92 43 44
f 97 246 100
f 250 229 228
f 252 58 253
f 258 256 255
f 260 229 259
f 110 112 113
f 114 263 109
f 265 267 266
f 56 270 269
f 274 249 250
f 185 63 64
f 280 278 276
f 285 283 157
f 288 211 212
f 141 92 46
f 289 175 176
f 148 105 106
f 312 170 171
f 238 42 43
f 318 160 317
f 310 308 307
f 241 325 324
f 160 240 317
f 47 307 308
f 108 315 164
f 345 86 119
f 348 350 349
f 356 358 357
f 355 353 352
f 363 32 362
f 149 150 176
f 364 253 365
f 366 368 367
f 183 371 63
f 163 161 160
f 209 101 208
f 378 165 166
f 379 381 380
f 383 3 4
f 284 386 385
f 387 389 388
f 391 229 249
f 73 397 396
f 405 407 406
f 203 411 410
f 414 413 412
f 1 357 4
f 277 131 275
f 254 57 58
f 358 415 351
f 417 386 408
f 401 192 420
f 419 127 143
f 421 182 422
f 103 302 409
f 428 368 174
f 380 359 356
f 62 266 323
f 140 431 430
f 357 351 348
f 356 379 380
f 415 403 434
f 437 436 435
f 438 440 439
f 188 450 449
f 452 454 453
f 265 181 421
f 224 64 225
f 237 213 427
f 275 128 458
f 281 460 459
f 50 79 461
f 73 282 281
f 468 466 465
f 390 352 359
f 482 484 483
f 489 487 486
f 493 495 494
f 472 470 469
f 502 500 499
f 220 222 223
f 512 143 66
f 518 511 80
f 513 230 286
f 205 31 244
f 189 451 188
f 163 532 8
f 533 225 251
f 446 447 412
f 335 540 334
f 544 546 545
f 329 291 292
f 199 262 238
f 385 416 550
f 532 191 247
f 363 118 243
f 236 237 250
f 578 580 579
f 573 571 570
f 561 562 272
f 241 259 240
f 590 592 591
f 545 595 594
f 503 155 504
f 606 624 623
f 478 480 479
f 646 648 647
f 590 689 684
f 564 651 650
f 728 184 727
f 714 716 715
f 692 575 693
f 541 581 578
f 346 248 400
f 161 230 160
f 128 94 95
f 698 704 703
f 574 576 575
f 290 401 328
f 630 725 726
f 733 735 734
f 755 496 493
f 759 481 760
f 757 762 761
f 764 466 467
f 768 3808 3809
f 759 488 489
f 492 475 771
f 474 769 473
f 773 465 772
f 771 486 483
f 484 775 491
f 774 489 486
f 495 764 756
f 495 761 494
f 137 784 136
f 325 797 547
f 165 51 52
f 369 29 370
f 730 568 569
f 90 301 89
f 243 516 242
f 800 806 805
f 817 808 816
f 816 823 822
f 306 447 807
f 815 809 808
f 829 828 825
f 726 501 502
f 274 424 423
f 879 881 880
f 884 879 885
f 219 217 211
f 906 904 897
f 455 205 542
f 898 830 829
f 903 880 881
f 906 897 898
f 377 519 165
f 923 948 946
f 946 951 950
f 3519 739 3517
f 900 886 880
f 225 65 144
f 182 442 422
f 809 947 824
f 954 962 961
f 927 965 966
f 885 880 886
f 925 966 967
f 343 341 340
f 965 971 968
f 968 970 969
f 972 969 973
f 963 981 978
f 336 338 339
f 992 827 828
f 810 996 959
f 1007 1002 1008
f 1012 827 1009
f 1011 1007 1008
f 294 292 291
f 907 920 919
f 1017 1019 1018
f 1020 1022 1021
f 1035 1020 1044
f 1061 1047 1046
f 1063 1046 1062
f 1044 1021 1045
f 1102 1097 1109
f 1116 1118 1117
f 1016 1014 1013
f 881 904 903
f 816 1127 817
f 1094 949 1097
f 514 167 515
f 146 81 82
f 1133 1130 1129
f 1102 1126 822
f 822 1116 816
f 1145 1148 1136
f 1076 1151 1069
f 1148 1086 1087
f 1109 1114 1136
f 1154 1156 1155
f 1153 967 1156
f 3464 463 3714
f 1144 1152 1151
f 1156 1163 1162
f 1164 1169 1165
f 1145 1176 1147
f 1114 1154 1171
f 1183 1164 1177
f 1184 1177 1185
f 1069 1062 1064
f 1023 1194 1022
f 1162 1170 1169
f 1195 1185 1191
f 1183 1176 1155
f 1201 1152 1196
f 1061 1201 1202
f 3825 843 3836
f 1203 1195 1034
f 1202 1184 1195
f 1218 1203 1217
f 1060 1202 1203
f 1225 1217 1219
f 671 694 670
f 1219 1024 1035
f 1217 1034 1024
f 1226 1015 1227
f 1243 1234 1233
f 1231 1229 1228
f 847 1233 843
f 843 1244 878
f 1233 1245 1244
f 1923 233 216
f 2100 499 500
f 3914 2135 3900
f 61 323 505
f 210 217 457
f 1299 1309 1300
f 3863 1231 3862
f 1066 1321 1322
f 1322 1228 1229
f 1060 1321 1047
f 1325 1323 1310
f 1244 1332 1330
f 1290 1242 1288
f 1337 1339 1338
f 1330 1340 1339
f 1341 1245 1294
f 1342 1332 1341
f 1343 1341 1344
f 1344 1294 1293
f 3857 1345 1346
f 1347 1342 1343
f 3856 1295 1345
f 1349 1348 1347
f 3861 1347 3853
f 3853 1343 3857
f 906 829 1353
f 905 1353 1354
f 865 1355 1357
f 1355 829 825
f 1357 825 826
f 1356 1353 1355
f 3834 1338 3833
f 866 1356 865
f 1358 1354 1356
f 3828 1337 3834
f 838 1012 841
f 1363 1338 1339
f 1368 1339 1340
f 1348 1340 1342
f 1371 3824 3829
f 524 526 523
f 528 530 527
f 1372 1369 1371
f 535 537 538
f 1367 1348 1350
f 1370 1359 1369
f 1369 3833 3824
f 1373 903 904
f 555 557 558
f 1374 910 1373
f 1373 905 1375
f 1374 1375 1376
f 1375 1354 1370
f 1378 908 1377
f 376 651 1387
f 1388 973 969
f 586 588 585
f 1390 1388 1391
f 1391 969 970
f 597 599 596
f 600 602 603
f 1392 970 979
f 608 610 607
f 612 523 611
f 614 616 613
f 617 25 24
f 620 622 619
f 1397 1391 1392
f 1398 1392 1399
f 1400 920 1378
f 1402 1165 1169
f 636 638 635
f 930 1402 929
f 641 643 644
f 929 1169 1170
f 1404 1403 1402
f 1411 1365 1406
f 1412 1415 1414
f 652 654 655
f 609 657 658
f 659 661 662
f 558 586 585
f 665 667 664
f 1413 1406 1412
f 1418 3810 3813
f 1417 1371 1416
f 1416 3829 3810
f 1419 1416 1418
f 1386 1374 1420
f 677 679 676
f 1385 1420 1421
f 1420 1376 1422
f 685 687 688
f 1421 1422 1423
f 528 691 658
f 1422 1372 1417
f 1018 747 1425
f 699 701 702
f 1424 579 1017
f 3663 1767 3660
f 700 711 712
f 1093 3754 1571
f 717 530 719
f 721 723 720
f 704 3543 3554
f 19 1426 1430
f 1429 1427 1426
f 1658 3542 3544
f 1439 1434 1438
f 1437 1435 1434
f 1426 1433 1432
f 1442 1432 1440
f 742 744 745
f 1432 1441 1440
f 751 753 750
f 1438 1403 1405
f 1446 1444 1443
f 1447 1446 1443
f 3860 1443 3848
f 1415 1445 1446
f 1414 1446 1448
f 2173 469 470
f 777 779 686
f 780 782 783
f 1676 1806 1675
f 3859 1349 3861
f 789 791 788
f 745 793 742
f 652 795 653
f 1455 1457 1456
f 1454 1350 1452
f 610 802 801
f 3831 698 703
f 1352 1045 1351
f 1015 1459 1460
f 811 813 814
f 2118 3817 2117
f 819 821 818
f 1466 1194 1190
f 1467 1465 1466
f 1182 1468 1467
f 832 833 831
f 835 837 834
f 1467 1190 1182
f 1469 1444 1445
f 840 712 690
f 1453 1469 1454
f 599 845 846
f 1226 3849 3855
f 851 853 850
f 855 856 854
f 858 860 857
f 861 863 864
f 1014 3855 3858
f 867 868 869
f 870 872 873
f 874 876 877
f 1310 1471 1309
f 1476 1427 1475
f 1461 1475 1460
f 887 889 890
f 788 892 891
f 894 896 893
f 1460 1227 1015
f 901 524 612
f 1465 1477 1464
f 1865 3500 1864
f 911 913 914
f 916 918 915
f 1850 3507 1851
f 921 895 894
f 1479 1436 1478
f 926 667 601
f 1481 563 1480
f 269 84 1482
f 931 933 916
f 934 614 869
f 936 688 937
f 938 662 939
f 1484 122 123
f 941 835 834
f 320 509 510
f 1849 3505 1850
f 84 1484 83
f 1487 1488 539
f 1757 3502 3509
f 365 1491 364
f 461 80 511
f 117 362 1496
f 1494 541 1495
f 926 957 958
f 1477 1433 1476
f 1709 1585 1700
f 119 1496 345
f 271 504 156
f 511 189 186
f 345 1492 365
f 255 344 254
f 57 299 132
f 1501 268 1500
f 267 1499 145
f 974 976 977
f 1678 1693 1676
f 3846 1807 3840
f 557 663 558
f 983 984 985
f 1443 3849 3848
f 421 268 265
f 989 991 988
f 1490 418 1504
f 279 309 310
f 997 676 679
f 998 999 875
f 1504 38 1505
f 1506 1507 1486
f 360 1508 1506
f 1506 207 360
f 939 1006 938
f 270 1483 269
f 66 546 512
f 1010 793 935
f 367 437 1509
f 244 363 243
f 1670 3534 1669
f 209 1510 226
f 235 1512 1511
f 1511 234 235
f 388 426 425
f 427 250 237
f 161 521 231
f 100 45 44
f 1025 608 1027
f 1029 1031 1028
f 939 1033 1032
f 41 594 99
f 1036 783 1037
f 702 1038 1039
f 1040 1042 1043
f 362 369 1493
f 187 477 186
f 70 539 198
f 1511 1521 234
f 1049 603 1048
f 613 869 614
f 860 1051 857
f 1005 1053 1006
f 753 1056 1054
f 1057 1059 1055
f 293 1522 292
f 288 1521 1522
f 292 1523 329
f 331 1508 1524
f 306 453 305
f 100 41 99
f 462 78 79
f 330 1524 462
f 635 1068 636
f 1485 1526 1528
f 206 1528 1510
f 1070 1072 831
f 942 1073 1074
f 916 1075 917
f 440 1530 439
f 157 1514 285
f 1529 5 1530
f 371 546 63
f 790 663 791
f 1077 857 1078
f 1403 1435 1165
f 1080 1082 1079
f 531 1529 440
f 21 1084 1085
f 272 1531 561
f 137 396 397
f 690 802 691
f 335 3567 581
f 1090 1029 1091
f 1092 794 1042
f 1533 137 138
f 661 1095 1096
f 69 445 72
f 1099 1101 1098
f 38 1536 1505
f 1104 1106 1103
f 852 1108 853
f 1377 909 1386
f 291 411 294
f 316 516 33
f 539 1533 534
f 1505 316 313
f 1110 1112 1113
f 1539 460 264
f 522 1537 1539
f 834 1120 1119
f 1122 1124 1121
f 612 1041 901
f 935 615 614
f 276 130 131
f 1686 3522 1685
f 193 1541 273
f 231 1540 287
f 556 982 557
f 365 85 345
f 190 318 1541
f 1810 3574 3528
f 3924 3512 3791
f 1132 985 1131
f 208 102 132
f 1134 662 661
f 1491 80 77
f 429 1542 147
f 1137 915 918
f 172 428 174
f 1139 1141 1142
f 549 54 55
f 1517 1518 296
f 976 1146 938
f 834 984 941
f 1543 286 115
f 1544 239 513
f 133 1544 1542
f 506 257 258
f 420 328 401
f 1158 1160 1157
f 587 1103 588
f 1513 1514 151
f 607 1027 608
f 304 1545 303
f 364 77 506
f 69 198 139
f 1006 976 938
f 700 1112 701
f 3877 3525 3787
f 1166 657 656
f 1167 858 1077
f 1300 3524 1299
f 1172 1174 1175
f 218 200 217
f 1179 1181 1178
f 372 97 98
f 89 227 88
f 1186 1188 1189
f 172 1517 1549
f 1482 81 1498
f 1090 1193 1030
f 394 353 1551
f 526 1198 1197
f 811 858 812
f 1199 1026 1025
f 606 697 696
f 1204 1206 743
f 1207 523 526
f 1209 867 613
f 914 685 936
f 1478 1441 1477
f 1029 1161 1091
f 1211 1213 1214
f 3858 1451 3859
f 844 1216 845
f 423 273 274
f 1220 1222 1083
f 22 1224 23
f 882 897 881
f 1519 173 387
f 1189 1232 1178
f 349 550 416
f 1071 1236 1072
f 1237 1239 745
f 1221 1189 1240
f 1510 1512 333
f 939 1241 1005
f 1556 5 67
f 1553 394 1551
f 404 67 347
f 1247 1249 1246
f 142 238 92
f 1251 635 1250
f 850 1253 851
f 1254 1077 1255
f 57 133 429
f 443 552 551
f 1187 1175 1188
f 1256 831 833
f 432 382 383
f 741 747 746
f 434 351 415
f 349 383 348
f 251 1481 1480
f 395 352 353
f 1518 1550 1551
f 1558 378 340
f 109 314 315
f 285 1513 407
f 395 393 392
f 202 410 1558
f 417 405 432
f 1246 1258 1247
f 3 297 2
f 1259 1261 1262
f 403 347 284
f 955 953 952
f 462 51 330
f 1096 687 1263
f 429 60 57
f 896 1265 932
f 1267 1268 1266
f 423 327 420
f 37 180 40
f 20 1187 1186
f 1256 1071 1070
f 155 156 504
f 1188 1269 1232
f 1236 1271 1262
f 1272 535 621
f 565 463 464
f 1273 745 1239
f 876 1255 1274
f 316 164 315
f 437 503 1509
f 194 1495 197
f 1275 864 863
f 624 631 630
f 1277 1137 1278
f 569 567 566
f 1481 125 366
f 324 547 326
f 1279 1107 1280
f 1525 329 1523
f 1281 1137 918
f 171 1553 1552
f 1488 396 1533
f 1557 1562 1559
f 1282 1206 1205
f 1053 1278 1281
f 778 607 1283
f 713 3566 3569
f 251 144 124
f 4 348 383
f 709 707 706
f 728 45 246
f 261 1563 544
f 789 1287 790
f 74 263 282
f 403 385 434
f 1178 1240 1189
f 1223 1289 1224
f 158 150 151
f 1220 1186 1221
f 296 354 433
f 784 1538 1566
f 1181 1291 1222
f 1269 1257 1246
f 1566 438 399
f 136 1566 1564
f 1563 169 1565
f 107 109 108
f 1297 1298 1296
f 1464 1476 1461
f 1520 507 508
f 1301 1303 1304
f 1306 1308 1305
f 175 1532 272
f 1532 200 201
f 1311 1312 1313
f 872 1315 1316
f 1317 1318 1319
f 3836 878 3828
f 1305 864 1276
f 1040 863 1320
f 1564 399 169
f 592 1575 591
f 591 1088 689
f 1581 1583 1582
f 1196 1147 1176
f 710 583 713
f 285 408 386
f 953 961 963
f 1594 1589 1593
f 1585 1587 1586
f 1592 1590 1589
f 3885 944 3899
f 1600 1598 1597
f 1604 1602 1601
f 1399 979 980
f 1589 1596 1595
f 1610 1608 1607
f 298 361 360
f 551 276 277
f 1627 3814 3819
f 859 818 860
f 1078 1328 1329
f 1555 1530 1556
f 572 680 681
f 772 776 774
f 977 918 917
f 404 392 393
f 1054 750 753
f 1644 1643 1642
f 932 1082 933
f 1067 1334 1068
f 1540 264 114
f 597 643 1336
f 471 762 470
f 1642 3831 3842
f 1644 3842 3843
f 923 950 927
f 96 548 95
f 520 522 521
f 445 443 442
f 849 848 842
f 480 755 493
f 1646 481 1639
f 311 1567 170
f 464 3497 3495
f 3497 1361 3495
f 234 236 235
f 190 192 191
f 153 152 149
f 231 286 230
f 1552 1551 1550
f 760 1648 488
f 3832 1649 3830
f 828 826 825
f 52 166 165
f 1663 1661 1660
f 287 115 286
f 668 670 669
f 634 640 639
f 553 559 554
f 118 33 516
f 492 491 490
f 3552 1651 3553
f 582 584 583
f 384 392 415
f 1381 1383 1380
f 1562 435 436
f 952 951 947
f 3529 583 584
f 1660 1667 1666
f 1394 1396 1393
f 1660 1664 1663
f 1671 1669 1668
f 1624 1673 1672
f 1407 1409 1410
f 1677 1675 1674
f 1613 1677 1625
f 1679 1676 1677
f 1626 3811 3814
f 534 198 539
f 176 150 159
f 803 734 800
f 400 191 192
f 65 143 144
f 3526 1656 3540
f 402 157 283
f 629 627 626
f 461 49 50
f 758 495 756
f 796 786 785
f 406 1513 1560
f 342 166 167
f 1694 1658 1695
f 1692 1694 1696
f 3557 1652 3552
f 3921 1703 3923
f 326 302 90
f 3916 1702 1706
f 3919 1698 1701
f 1699 3927 3918
f 1557 1560 1561
f 1127 1117 1128
f 400 289 346
f 1706 1707 1708
f 1707 1599 1600
f 1709 1708 1588
f 1714 1711 1713
f 3919 1709 1700
f 1704 1577 1703
f 1716 1713 1715
f 1559 1549 297
f 1722 1720 1719
f 1335 596 1489
f 410 377 378
f 973 1163 972
f 168 399 398
f 1571 1089 1093
f 1572 682 1571
f 749 647 754
f 1730 1723 1729
f 1594 1729 1592
f 1729 1591 1592
f 1731 1730 1583
f 1384 1377 1379
f 1732 1712 1714
f 1724 1731 1732
f 1712 1731 1580
f 1722 1732 1733
f 1721 1733 1734
f 1734 1716 1717
f 1735 1736 1697
f 1733 1714 1716
f 1663 1741 1668
f 1742 1740 1743
f 1738 1737 1735
f 1665 1666 1740
f 1665 1744 1664
f 1725 1746 1745
f 1591 1745 1590
f 1590 1747 1596
f 1745 1748 1747
f 1659 3538 3542
f 3287 3545 3282
f 1185 1182 1190
f 1664 1749 1741
f 1741 1739 1738
f 1746 1743 1748
f 1726 1742 1746
f 1153 924 925
f 1115 1153 1154
f 1654 3575 1655
f 1896 3549 1686
f 1720 1744 1726
f 1721 1749 1720
f 1750 1701 1698
f 1697 1750 1696
f 1151 1063 1062
f 1751 1670 1671
f 1695 1752 1751
f 961 986 981
f 1770 1768 1767
f 1766 1593 1765
f 1731 1579 1580
f 1579 1774 1578
f 3928 1771 3929
f 1764 3928 3917
f 1777 1775 1774
f 3762 1699 1700
f 1004 1128 1003
f 1774 1771 1772
f 987 1399 980
f 1578 1772 1764
f 1783 1781 1778
f 1597 1770 1767
f 639 3895 3884
f 3928 1769 1770
f 1793 1789 1788
f 3929 1798 1769
f 3508 3773 1806
f 1802 3924 3922
f 1788 1794 1793
f 1793 1795 1776
f 3773 1675 1806
f 1584 1783 1789
f 1771 3920 3929
f 1801 1798 1800
f 1768 1798 1799
f 1775 1797 1771
f 508 515 1520
f 1796 1802 1797
f 1800 3920 3922
f 1794 1804 1795
f 3532 1752 3547
f 485 1807 775
f 3809 1640 768
f 3837 1810 1653
f 485 1640 1808
f 1690 3770 3772
f 487 1648 1811
f 3839 1816 3822
f 3838 1648 3830
f 3839 1811 3838
f 1812 487 1811
f 1641 767 768
f 465 755 776
f 767 3823 3808
f 3822 3826 3847
f 1809 1815 767
f 3837 1651 3840
f 675 3541 3496
f 1814 1822 1821
f 1821 3821 3820
f 1824 1649 1825
f 1827 1850 1805
f 1668 1662 1663
f 1779 1848 1828
f 1790 1805 1794
f 1833 1853 1852
f 3521 693 575
f 1614 1616 1617
f 1852 3498 3501
f 1620 1622 1623
f 1855 1574 1861
f 1847 3501 3513
f 1766 1855 1782
f 1629 1631 1628
f 1633 1634 1632
f 1635 1637 1638
f 1848 1852 1847
f 1855 1863 1862
f 1803 1867 1802
f 1862 1831 1832
f 1782 1862 1781
f 3922 1865 1800
f 1873 1870 1869
f 1874 799 804
f 2045 3897 2044
f 1219 1295 1225
f 1615 1396 1395
f 3884 1877 1876
f 645 3786 3559
f 1345 1035 1346
f 634 3884 3880
f 15 1327 14
f 3910 1878 1893
f 1894 605 1893
f 3506 627 693
f 3560 645 3559
f 340 454 1558
f 1897 195 1898
f 1889 1877 1890
f 1901 129 1900
f 196 754 232
f 1705 3921 3916
f 340 166 343
f 1570 563 561
f 1904 194 1897
f 1781 1832 1780
f 1905 55 1906
f 1000 995 996
f 986 920 987
f 1191 1190 1194
f 2094 2075 2093
f 1920 1919 1915
f 453 1912 1911
f 1915 1918 1916
f 3882 2106 3901
f 1655 3531 1868
f 1916 1926 1925
f 704 3561 703
f 278 1925 1900
f 3565 1818 1820
f 1097 1115 1114
f 1927 727 1923
f 3578 3654 3758
f 1920 307 1929
f 1929 48 728
f 503 1497 1509
f 1902 787 796
f 1816 3820 3826
f 1925 1923 1924
f 1535 1568 1534
f 254 258 255
f 1509 366 367
f 119 35 36
f 219 293 294
f 141 47 431
f 542 244 245
f 1940 430 431
f 1779 1827 1790
f 1701 3915 3919
f 1661 3515 1667
f 270 754 647
f 197 749 196
f 1727 1212 1211
f 53 232 754
f 1465 1479 1478
f 1284 3854 1293
f 1951 412 413
f 168 1554 1553
f 1486 206 207
f 506 78 361
f 994 1007 993
f 951 963 964
f 1013 3861 1351
f 3826 1820 1818
f 1498 1954 1482
f 299 543 132
f 1754 1756 1753
f 1681 1683 1682
f 1696 1695 1697
f 13 738 737
f 473 475 474
f 482 768 1640
f 204 30 205
f 1761 820 819
f 611 1125 612
f 1501 1908 1909
f 1074 711 699
f 1960 82 83
f 120 1960 123
f 35 87 34
f 1773 1025 1031
f 1965 1569 1535
f 494 471 479
f 1966 1969 1968
f 446 1971 1967
f 174 125 126
f 1580 1578 1577
f 1785 1787 1784
f 1972 304 305
f 1254 875 999
f 1973 342 514
f 321 1973 509
f 1910 275 1907
f 509 514 508
f 1486 1527 1485
f 1974 804 1975
f 1977 1974 1978
f 1980 1966 1981
f 379 2 295
f 1718 1710 1701
f 884 992 883
f 1680 1678 1679
f 902 525 524
f 344 256 299
f 135 137 136
f 236 228 333
f 448 1967 1966
f 589 604 584
f 910 908 907
f 1981 1968 1987
f 1982 1987 1979
f 1988 1987 1989
f 1990 1989 1991
f 1991 1993 1992
f 322 320 319
f 992 830 883
f 1144 1086 1143
f 1995 1978 1994
f 1133 1118 1126
f 1997 1994 1996
f 870 1335 1489
f 805 1982 1998
f 727 2000 1999
f 1996 1988 1990
f 1994 1979 1988
f 1829 792 1273
f 1830 941 983
f 798 800 799
f 729 731 730
f 2011 2023 2022
f 1834 846 1159
f 402 284 347
f 2022 2024 2025
f 1838 989 988
f 810 952 809
f 1823 1840 644
f 1430 1432 1431
f 1215 1841 1079
f 149 176 177
f 1316 873 872
f 2112 1384 2106
f 1842 1844 1845
f 1159 845 1160
f 837 1846 1120
f 1971 2030 2027
f 517 370 189
f 858 833 812
f 1471 2027 1888
f 3551 626 627
f 2174 770 490
f 935 1854 1010
f 1613 1611 1618
f 1231 1225 1295
f 1856 891 892
f 1300 748 741
f 1150 1858 1859
f 1643 696 1642
f 1215 1264 1216
f 1320 902 901
f 1956 1944 1960
f 2031 669 1474
f 2034 1310 1299
f 1879 1656 1657
f 40 242 39
f 1992 2039 1456
f 888 957 889
f 1882 1996 1990
f 1078 1255 1077
f 1871 1192 1090
f 294 218 219
f 1323 2026 1471
f 123 83 1484
f 1324 2041 1323
f 384 359 352
f 1324 2038 2036
f 1883 1885 1829
f 287 114 107
f 1096 1134 661
f 915 931 916
f 806 1981 1982
f 3533 584 604
f 1425 2042 1018
f 1018 1948 1017
f 3562 740 3519
f 1948 649 646
f 1881 1990 1991
f 1900 130 278
f 992 994 993
f 923 925 924
f 3878 2047 3876
f 1643 625 606
f 2050 2051 2049
f 2045 1404 2047
f 3876 945 3885
f 1139 1079 1841
f 1037 892 982
f 2055 2057 2056
f 1198 718 717
f 1619 1612 1611
f 2058 1606 2059
f 2059 1607 2058
f 2058 1624 1605
f 71 179 37
f 405 1557 382
f 976 1006 977
f 322 1972 1911
f 2061 2063 2062
f 2066 2067 1825
f 2052 2064 2051
f 1609 2066 1647
f 1515 152 1516
f 1009 993 1007
f 1644 3815 2118
f 279 1916 278
f 1285 3862 1284
f 1647 1825 1649
f 2056 2067 2065
f 319 1953 1952
f 667 1913 1914
f 2070 625 2048
f 2052 2055 2063
f 2038 1655 1458
f 1606 2073 2072
f 1235 1270 1236
f 2072 2075 2074
f 2059 2072 2062
f 2074 2077 2076
f 1601 2078 2073
f 2049 1643 1645
f 1000 1001 994
f 1089 684 689
f 1931 1306 1930
f 1462 1021 1022
f 1932 1934 1935
f 875 1846 998
f 1936 1937 1938
f 44 46 92
f 1534 1956 120
f 1541 317 391
f 2081 2084 2083
f 146 1959 300
f 1360 1942 1361
f 985 1032 1033
f 1995 1892 2043
f 2079 2082 2081
f 2095 2076 2077
f 2081 2078 2079
f 2055 2054 2053
f 501 2095 500
f 2097 2099 2098
f 2098 2094 2083
f 2140 3893 3866
f 2141 3894 3893
f 2051 2048 2049
f 592 2101 1576
f 2071 2076 2096
f 2102 2098 2101
f 593 2102 592
f 1019 746 747
f 1950 12 1327
f 725 2096 501
f 1385 2104 1379
f 1379 2106 1384
f 2107 2100 2097
f 3908 502 3896
f 3896 499 3901
f 940 2109 944
f 928 1170 973
f 3868 684 3899
f 1962 1964 1961
f 3878 573 3897
f 2039 1968 1969
f 1389 2110 2109
f 1398 2113 1397
f 3757 3753 3743
f 3911 2107 2103
f 949 924 1115
f 260 324 326
f 1390 2113 2110
f 2070 2064 2071
f 3867 2103 593
f 2105 1421 2114
f 2114 1423 2115
f 3892 2115 3903
f 3908 2114 3892
f 554 1902 553
f 972 967 966
f 1765 1573 1574
f 1984 1986 1983
f 2053 2069 2057
f 3573 724 714
f 1625 1674 1673
f 3881 2119 2122
f 3903 2123 3904
f 56 1906 55
f 626 3879 629
f 2001 2003 2004
f 3912 2127 3907
f 2006 2008 2009
f 2127 1412 2128
f 2014 2016 2017
f 2018 2020 2021
f 1495 1947 197
f 1379 1386 1385
f 3814 1680 1618
f 2029 1884 2028
f 3902 2120 3887
f 629 3914 3872
f 682 943 1089
f 724 2121 716
f 1757 3821 3845
f 765 3844 3809
f 3851 715 3852
f 706 3870 3872
f 981 987 980
f 1457 1656 1880
f 2017 2032 2033
f 1458 1868 1457
f 1776 1792 1793
f 1959 1946 1958
f 3663 3725 3661
f 3913 2122 3850
f 1093 689 1088
f 966 968 972
f 3852 3881 3913
f 2172 2170 2171
f 670 2137 669
f 3761 1903 233
f 1429 28 1449
f 964 978 971
f 3841 1413 2127
f 1473 669 2137
f 3834 1359 1358
f 2138 1870 2137
f 1872 2137 1870
f 715 3888 3881
f 1881 1992 1880
f 3843 739 740
f 1837 3513 3514
f 253 59 85
f 1808 3840 1807
f 1647 3818 1609
f 3865 671 668
f 2112 3883 2111
f 1405 2044 1438
f 3829 1364 1366
f 273 391 249
f 576 3520 3555
f 3875 668 2031
f 1430 2140 2139
f 2136 3860 28
f 1430 18 19
f 3893 570 695
f 1442 2046 2141
f 1431 2141 2140
f 3869 3850 2136
f 3808 1817 766
f 3866 695 671
f 2142 798 2138
f 571 2142 694
f 3819 1618 1611
f 2143 2025 2142
f 694 2138 670
f 681 2144 572
f 2144 2022 2143
f 328 457 290
f 1572 2011 2144
f 630 3903 624
f 2085 2087 2088
f 2090 2092 2089
f 572 2143 571
f 1875 2153 2149
f 1873 2149 2154
f 2103 2097 2102
f 2157 2155 2156
f 2128 1414 2120
f 3874 589 582
f 3872 628 629
f 2149 2158 2159
f 2159 3905 3890
f 698 3902 705
f 3823 3827 1817
f 2158 3874 3905
f 1438 2046 1439
f 2035 2160 2161
f 2161 3889 3886
f 3871 605 589
f 3873 18 3875
f 370 61 451
f 649 413 648
f 2153 2156 2158
f 1428 1449 1450
f 1490 73 1488
f 3890 710 633
f 2155 3891 3871
f 1456 1880 1992
f 2125 2087 2124
f 2160 3890 3889
f 300 505 323
f 1064 1046 1065
f 2043 1891 2155
f 2129 2004 2003
f 2131 2133 2134
f 3848 1450 1449
f 1998 804 805
f 3879 3864 3914
f 474 490 770
f 1164 1182 1177
f 707 3909 3870
f 708 2162 707
f 2162 3886 3909
f 548 1905 458
f 1145 1114 1171
f 705 1650 704
f 2043 1977 1995
f 737 554 559
f 1034 1191 1023
f 458 1907 275
f 195 232 233
f 2040 1969 1970
f 2145 2147 2148
f 2054 2049 1645
f 3832 1639 3818
f 9 11 10
f 252 506 258
f 472 479 471
f 1865 3791 3503
f 900 910 907
f 1941 2151 1942
f 1921 1927 1919
f 2163 1898 2116
f 271 153 178
f 1904 12 9
f 282 264 460
f 1872 2154 2035
f 1326 1897 2163
f 628 693 627
f 1724 1719 1723
f 1549 436 172
f 1582 1730 1729
f 1921 1929 1928
f 3563 10 11
f 2152 1950 1949
f 475 774 771
f 769 2171 473
f 2171 476 473
f 476 772 475
f 1791 464 1760
f 2166 2168 2169
f 595 372 98
f 483 1641 482
f 762 2173 470
f 771 484 492
f 486 1809 483
f 297 1517 296
f 763 2174 762
f 776 759 489
f 184 2176 2000
f 412 303 414
f 2005 185 224
f 3811 1682 3846
f 2164 756 764
f 1472 2161 2162
f 950 964 965
f 2177 2179 2180
f 227 1510 333
f 764 467 2164
f 2182 2184 2181
f 2186 2018 2185
f 1985 2181 1986
f 214 729 1531
f 1545 1546 1569
f 865 842 866
f 849 1357 1362
f 452 1558 454
f 559 3188 737
f 16 737 3188
f 560 498 374
f 3193 3195 3194
f 3200 3198 3199
f 3211 3213 3212
f 3215 3217 3216
f 2187 2002 2001
f 2169 2189 2190
f 2192 2085 2191
f 2193 2195 2196
f 2198 2200 2197
f 1998 1979 1975
f 3664 3668 3671
f 2116 1903 1902
f 1859 2009 1150
f 3904 2126 3906
f 1135 1087 1130
f 2201 2015 2014
f 1149 110 1858
f 3221 3218 3215
f 2203 2205 2206
f 579 1895 1019
f 1755 2208 1756
f 3891 1893 605
f 1211 2150 1727
f 868 2210 2209
f 944 930 940
f 2130 2202 2201
f 233 1898 195
f 665 750 666
f 1167 999 618
f 2211 2213 2214
f 2215 2217 2218
f 3867 590 3868
f 2220 220 2219
f 823 948 1094
f 3225 3227 3226
f 266 455 265
f 3882 2107 3883
f 2221 3519 3517
f 2223 2225 2226
f 2207 2124 2208
f 673 3869 3864
f 817 996 815
f 2227 2146 2145
f 1947 646 749
f 3900 17 3873
f 2229 1638 1381
f 1679 1618 1680
f 1637 2232 2230
f 2233 1617 1616
f 2231 2236 2237
f 1381 2238 1382
f 3586 2242 3587
f 1630 2233 1631
f 1681 472 469
f 1408 2243 2244
f 3236 3238 3237
f 3232 3240 3235
f 1637 2238 1638
f 3237 3233 3234
f 1409 1634 2245
f 1380 2247 2246
f 1628 2245 1621
f 2249 1622 1633
f 1632 1408 2244
f 2248 1631 2250
f 2235 1637 1636
f 3245 3199 3198
f 631 2071 725
f 515 52 49
f 782 2251 1251
f 2253 2255 2252
f 397 459 784
f 1456 2040 1455
f 2040 2036 1455
f 1401 2111 1398
f 2041 1970 2026
f 1535 414 1965
f 1586 2080 2079
f 2256 1132 1886
f 1700 3918 3919
f 3815 1686 3817
f 1263 1886 1096
f 598 844 599
f 2257 2259 2260
f 2258 2262 2259
f 2259 2263 2216
f 2260 2216 2215
f 1967 1970 1969
f 2212 1963 2213
f 922 2218 2217
f 1312 1101 2264
f 1307 1286 789
f 1548 1546 1972
f 2266 2268 2265
f 2265 2270 2269
f 2272 2269 2271
f 2273 2265 2272
f 2275 2277 2274
f 2278 2277 2279
f 2284 3617 3639
f 2287 2286 2281
f 2288 2283 2287
f 2290 3639 3620
f 2291 2293 2294
f 2295 2294 2279
f 2296 2291 2295
f 2297 2292 2291
f 2294 2299 2300
f 2279 2300 2278
f 2298 2302 2292
f 2292 2303 2293
f 2293 2304 2299
f 2304 2306 2299
f 2306 2300 2299
f 2308 2310 2307
f 2302 2310 2303
f 2301 2307 2302
f 2312 2307 2311
f 2313 2315 2316
f 2318 2320 2317
f 3748 2322 2323
f 2324 2273 2326
f 2313 2326 2327
f 2328 2313 2316
f 2329 2324 2328
f 2331 2333 2330
f 2330 2267 2266
f 2325 2266 2273
f 2329 2330 2325
f 2333 2335 2267
f 2336 2333 2332
f 2338 2332 2337
f 2331 2337 2332
f 2329 2339 2331
f 2328 2340 2329
f 2316 2341 2328
f 2342 2315 2343
f 2344 2346 2347
f 2341 2347 2340
f 2342 2344 2341
f 2348 2345 2344
f 2350 2352 2353
f 2339 2353 2337
f 2340 2350 2339
f 2347 2351 2350
f 2337 2354 2338
f 2353 2355 2354
f 2356 2276 2357
f 2356 2358 2359
f 2356 2296 2295
f 2279 2356 2295
f 2360 2270 2268
f 2267 2360 2268
f 2362 2364 2365
f 2362 2361 2358
f 2366 2358 2357
f 2366 2363 2362
f 2357 2368 2366
f 2366 2369 2367
f 2276 2370 2368
f 2368 2282 2369
f 2372 2374 2371
f 2375 2377 2007
f 2378 2380 2381
f 2382 2381 2383
f 2384 2378 2382
f 2385 2379 2378
f 2388 2390 2387
f 2387 2392 2391
f 2393 2387 2391
f 2394 2388 2387
f 2186 2402 2400
f 2403 2327 2326
f 2272 2326 2273
f 2271 2403 2272
f 2405 2404 2403
f 2404 2408 2327
f 2409 2411 2412
f 2409 2271 2269
f 2413 2269 2270
f 2413 2410 2409
f 2417 2416 2418
f 2417 2406 2405
f 2412 2405 2271
f 2411 2417 2412
f 2406 2407 2404
f 3569 632 713
f 2420 2397 2421
f 2420 2423 2422
f 2424 2422 2419
f 2424 2398 2420
f 2425 2392 2426
f 2421 2426 2423
f 2397 2425 2421
f 2396 2391 2425
f 2427 2315 2314
f 2427 2408 2428
f 2430 2428 2429
f 2343 2427 2430
f 2432 2430 2431
f 2431 2429 2433
f 2435 2433 2434
f 2436 2431 2435
f 2428 2407 2437
f 2422 2407 2419
f 2438 2422 2423
f 2429 2437 2438
f 2440 2433 2439
f 2441 2433 2429
f 2442 2439 2441
f 2443 2440 2439
f 2445 2444 2443
f 2447 2443 2442
f 2383 2445 2447
f 2381 2446 2445
f 2448 2423 2426
f 2449 2426 2392
f 2441 2449 2442
f 2441 2438 2448
f 2449 2390 2450
f 2450 2389 2451
f 2447 2451 2383
f 2442 2450 2447
f 2451 2453 2452
f 2452 2455 2454
f 2382 2454 2384
f 2383 2452 2382
f 2456 2373 2372
f 2459 2461 2458
f 2463 2465 2462
f 2462 2285 2284
f 2466 2284 2290
f 2467 2462 2466
f 2461 3703 3701
f 2468 2470 2471
f 2472 2471 2473
f 2474 3701 3688
f 2475 2477 2478
f 2458 2453 2479
f 2479 2389 2388
f 2395 2479 2388
f 2480 2458 2479
f 2481 2483 2478
f 2484 2485 221
f 2471 2464 2463
f 2473 2463 2467
f 2487 2466 2486
f 2486 2290 2488
f 2490 2488 2489
f 2491 2486 2490
f 2492 2467 2487
f 2493 2487 2491
f 2494 2492 2493
f 2495 2473 2492
f 3690 2474 3688
f 3691 2496 3690
f 2498 2493 2499
f 2500 2499 2501
f 3700 2498 2500
f 3687 2494 2498
f 2306 2278 2300
f 2305 2504 2306
f 2504 2507 2506
f 2506 2288 2508
f 2274 2508 2275
f 2278 2506 2274
f 3633 2489 2488
f 3620 2488 2290
f 2507 2289 2288
f 2505 2509 2507
f 2508 2287 2511
f 2511 2281 2280
f 2370 2280 2282
f 2275 2511 2370
f 2512 2489 2513
f 2514 2513 2515
f 2517 2514 2516
f 2517 2490 2512
f 2499 2491 2517
f 2499 2516 2501
f 2510 2519 2518
f 2518 2521 2520
f 3616 2520 3621
f 3632 2518 3616
f 2522 2303 2310
f 2523 2310 2309
f 2305 2522 2524
f 2524 2523 2525
f 2519 2525 2521
f 2505 2524 2519
f 2308 2527 2526
f 2526 2529 2528
f 2531 2528 2530
f 2309 2526 2531
f 1214 2151 1211
f 2419 2418 2424
f 2533 2349 2317
f 2534 2317 2320
f 2535 2533 2534
f 2536 2345 2533
f 2537 2346 2536
f 2538 2536 2535
f 2539 2537 2538
f 2540 2351 2537
f 2312 2541 2527
f 2527 2542 2529
f 2543 2434 2544
f 2545 2544 2546
f 2319 2543 2545
f 2318 2435 2543
f 2514 2548 2547
f 2547 2550 2549
f 2552 2549 2551
f 2552 2514 2547
f 2520 2554 2553
f 2553 2556 2555
f 3590 2555 3593
f 3621 2553 3590
f 2523 2531 2557
f 2557 2530 2558
f 2525 2557 2559
f 2559 2558 2560
f 2554 2560 2556
f 2521 2559 2554
f 2561 2007 2006
f 2376 2225 2377
f 2564 2566 2563
f 2563 338 2567
f 2569 2567 2568
f 2570 2563 2569
f 2572 2574 2571
f 2571 2576 2575
f 2544 2575 2546
f 2544 2572 2571
f 2578 2569 2577
f 2579 2569 2568
f 2574 2579 2576
f 2573 2577 2574
f 2581 2583 2580
f 2584 2583 2585
f 3697 2580 2584
f 3676 2580 3675
f 2582 2552 2583
f 2583 2551 2585
f 2500 2589 2588
f 2590 2589 2591
f 3693 2588 2590
f 3695 2500 2588
f 2501 2591 2589
f 2592 2594 2595
f 2386 2503 2502
f 2596 2386 2374
f 2596 2373 2597
f 2599 2597 2598
f 2599 2379 2596
f 2600 2380 2599
f 2600 2598 2601
f 2603 2601 2602
f 2603 2446 2600
f 2604 2602 2605
f 2440 2605 2434
f 2444 2604 2440
f 2606 2581 2607
f 2606 2590 2591
f 2591 2582 2606
f 3676 2456 3689
f 3689 2372 3693
f 2478 2608 2481
f 2609 2611 2199
f 2564 2613 2612
f 2612 2598 2597
f 2457 2597 2373
f 2565 2612 2457
f 2614 2570 2578
f 2615 2578 2573
f 2602 2614 2615
f 2601 2613 2614
f 2572 2605 2616
f 2616 2602 2615
f 2573 2616 2615
f 1459 1045 1021
f 1265 1079 1082
f 1612 1609 1611
f 2067 2069 2068
f 1135 1136 1148
f 1938 2618 2617
f 95 458 128
f 2058 1608 1612
f 1454 1445 1367
f 655 1048 2619
f 722 2621 723
f 1131 1033 1134
f 562 366 1497
f 1723 1725 1591
f 1786 1122 1787
f 267 323 266
f 1325 1654 2038
f 1468 1435 1479
f 658 529 528
f 8 247 7
f 382 1559 3
f 788 1307 789
f 940 929 928
f 911 2623 912
f 2621 655 654
f 2624 2625 2626
f 998 27 26
f 635 2626 2625
f 2627 644 1840
f 2628 1840 2629
f 1200 2627 2628
f 1199 641 2627
f 1520 49 477
f 1452 1349 1451
f 2630 1859 1858
f 644 1335 1823
f 1197 717 2632
f 2632 719 1166
f 2628 1166 1200
f 2629 2632 2628
f 1762 1050 821
f 1823 873 1839
f 2634 794 652
f 1028 1027 1161
f 1042 2635 1043
f 93 1901 1924
f 2036 1458 1455
f 1527 1525 1526
f 877 1274 1277
f 134 797 1544
f 1328 931 1329
f 607 1091 1161
f 1043 2637 2636
f 2636 2639 2638
f 1275 2638 1276
f 1275 1043 2636
f 1272 2626 2640
f 2640 638 637
f 1110 2640 637
f 536 2640 2641
f 1472 1474 1473
f 2042 1951 649
f 1058 1105 1059
f 2642 2643 2644
f 1192 2644 1193
f 912 2642 1192
f 3898 3526 3786
f 1049 2620 2621
f 616 1885 613
f 1331 666 750
f 990 1198 525
f 1911 321 322
f 1298 1205 2645
f 76 1504 75
f 1502 421 422
f 610 658 691
f 1146 659 938
f 2646 914 936
f 1280 1238 1279
f 975 2647 2648
f 2647 975 974
f 1453 1452 1451
f 1514 158 151
f 835 1843 1842
f 1271 1173 1289
f 2649 813 2650
f 1893 1826 1894
f 1050 1937 1051
f 2651 814 813
f 1006 1281 977
f 2653 2654 2655
f 1001 1003 1002
f 585 679 558
f 2624 621 620
f 555 2028 556
f 1207 1197 2629
f 1626 478 472
f 426 419 1567
f 1030 1773 1031
f 3898 634 3880
f 534 138 262
f 1125 1042 1041
f 333 88 227
f 569 561 730
f 1489 871 870
f 1857 620 891
f 1673 3770 3763
f 622 864 1308
f 2647 974 2657
f 619 891 620
f 261 545 262
f 393 1556 404
f 2658 2647 2657
f 1075 2657 917
f 1081 2658 1075
f 1080 2659 2658
f 2644 1141 2660
f 2660 1140 1336
f 642 1336 643
f 1193 2660 642
f 679 555 558
f 1503 1500 1502
f 1318 1101 1100
f 2661 1139 1142
f 2661 2663 2662
f 2662 2659 2661
f 2662 2622 2664
f 2664 911 2646
f 2648 2646 1146
f 2648 2662 2664
f 2083 2093 2081
f 1442 1437 1439
f 519 330 51
f 1885 1209 613
f 799 805 804
f 1946 1952 1953
f 1302 1253 1252
f 566 224 533
f 1389 928 1388
f 683 681 680
f 836 1842 2665
f 2665 1845 1303
f 2666 1303 1302
f 24 2665 2666
f 831 2650 832
f 1845 1304 1303
f 2010 2012 2011
f 1051 2667 2668
f 1522 1511 1523
f 531 441 522
f 782 1251 1250
f 1250 2625 2669
f 2669 1857 1856
f 783 1856 1037
f 782 2669 783
f 720 2671 721
f 1055 1930 1056
f 1333 1251 2251
f 619 1308 1307
f 652 2619 2634
f 521 1539 1540
f 1838 537 2672
f 2672 536 2641
f 1113 2641 1110
f 1113 1838 2672
f 1016 1351 1045
f 3897 570 3894
f 226 104 101
f 3564 3827 1818
f 1036 1884 1883
f 2674 1304 2673
f 2673 1844 2675
f 1334 2675 1039
f 1333 2673 1334
f 2676 1039 2675
f 1843 2675 1844
f 942 2676 1843
f 1074 702 2676
f 811 859 858
f 752 1055 753
f 1200 656 1026
f 1120 874 2677
f 2677 877 1052
f 1241 1052 1005
f 1119 2677 1241
f 1560 151 1515
f 1208 611 523
f 215 736 214
f 1460 1462 1461
f 1208 1839 873
f 854 1282 1297
f 72 182 179
f 544 1565 512
f 217 456 457
f 2047 930 945
f 1204 1937 2633
f 913 686 685
f 840 1113 1112
f 1531 730 561
f 2678 1283 801
f 601 1914 602
f 1537 459 460
f 1819 3509 3527
f 991 862 538
f 2679 1073 1830
f 2680 983 2256
f 779 2256 1263
f 778 2680 779
f 2678 1830 2680
f 180 245 40
f 1886 1131 1134
f 1138 1274 1255
f 1841 1140 1139
f 75 314 74
f 193 420 192
f 2681 1099 1098
f 170 1565 169
f 349 417 432
f 1121 2684 2683
f 547 409 302
f 123 121 120
f 2643 1142 1141
f 1542 513 1543
f 899 907 919
f 1210 676 867
f 791 982 892
f 24 837 836
f 893 932 931
f 1860 863 862
f 535 862 861
f 832 813 812
f 2650 813 832
f 1569 1547 1568
f 181 542 180
f 660 937 688
f 2013 568 2012
f 887 2631 2630
f 1524 361 78
f 520 162 1529
f 2653 854 2685
f 1238 2655 2686
f 718 527 530
f 1492 518 1491
f 792 615 793
f 599 1835 596
f 290 456 175
f 312 1552 425
f 1248 1179 1249
f 153 177 178
f 1240 1222 1221
f 1257 1235 1071
f 1291 1083 1222
f 1052 1277 1053
f 743 2618 1204
f 444 430 443
f 23 1172 1187
f 2687 1180 1179
f 102 409 134
f 1283 610 801
f 373 650 651
f 1180 1084 1291
f 855 2655 1237
f 1173 1917 1174
f 2689 853 2688
f 2688 1108 1279
f 2686 1279 1238
f 2687 2688 2686
f 2691 1252 2690
f 2690 850 2689
f 1248 2689 2687
f 1248 2691 2690
f 2692 24 2666
f 2691 2666 1302
f 1247 2692 2691
f 1258 617 2692
f 394 1555 393
f 2693 1259 1223
f 1072 1262 1261
f 1257 1168 1258
f 398 1555 1554
f 871 1314 872
f 1178 1249 1179
f 1224 1173 1172
f 1010 2618 742
f 1175 1292 1269
f 2654 2686 2655
f 2694 1216 1264
f 71 1487 70
f 701 1111 1038
f 1072 2649 2650
f 1085 22 21
f 895 1264 896
f 1601 1605 1604
f 1259 1271 1289
f 21 1220 1083
f 988 538 537
f 598 1336 1140
f 820 1762 821
f 1050 818 821
f 1298 1761 2652
f 1168 618 617
f 858 1256 833
f 39 516 1536
f 2652 819 814
f 313 315 314
f 2026 1971 2027
f 2656 596 1835
f 814 818 811
f 2696 813 2649
f 1260 2649 1261
f 2693 2696 1260
f 2697 2651 2696
f 381 390 380
f 3818 1611 1609
f 1475 1428 1227
f 1292 1917 1235
f 1551 354 1518
f 1526 1523 1511
f 1593 1595 1573
f 1232 1246 1249
f 2695 1223 22
f 2698 1296 2697
f 2698 2693 2695
f 2685 2695 1085
f 2685 1297 2698
f 562 271 272
f 2652 1296 1298
f 1365 1364 1363
f 1958 1953 1957
f 585 2210 997
f 1561 1515 435
f 975 1146 976
f 347 68 346
f 1038 636 1068
f 2700 780 2699
f 2699 1036 1883
f 2701 1883 1829
f 851 2699 2701
f 2674 2251 2702
f 2702 781 2700
f 1253 2700 851
f 1301 2702 1253
f 1519 388 1550
f 1273 1280 2703
f 2703 1107 852
f 2701 852 851
f 1829 2703 2701
f 91 326 90
f 1784 2656 1785
f 2683 2705 2704
f 604 3499 3533
f 1669 3548 1662
f 2062 2060 2059
f 621 861 622
f 2023 732 2024
f 686 1263 687
f 857 2668 1328
f 883 882 879
f 637 1111 1110
f 2668 893 1328
f 2667 894 2668
f 1039 1068 1334
f 313 1504 1505
f 1911 305 453
f 1936 1964 2212
f 2707 2401 2183
f 2708 2183 2182
f 738 2116 554
f 2349 2432 2436
f 2711 2020 2019
f 2400 2019 2186
f 2714 2716 2713
f 2717 2719 2720
f 2721 2723 2724
f 2726 2728 2725
f 2725 2730 2729
f 2731 2729 2709
f 2732 2725 2731
f 2734 2736 2733
f 2738 2740 2737
f 2737 2741 2742
f 2744 2746 2743
f 2745 2748 2747
f 2749 2747 2751
f 2753 2751 2752
f 2250 2246 2248
f 2754 1614 2755
f 3598 2755 3609
f 3608 2747 3609
f 1617 2755 1614
f 2242 1620 2757
f 2191 2760 2759
f 2761 2760 2762
f 3648 2761 3649
f 3623 2759 3648
f 3209 3223 3224
f 1395 2236 2235
f 1395 1636 1615
f 1616 2229 2233
f 1617 2763 2756
f 2756 3628 3608
f 2765 2234 1630
f 2766 3628 3622
f 3202 3246 3247
f 1516 435 1515
f 2768 3552 3553
f 1495 578 1424
f 2135 28 17
f 3526 2773 2774
f 1690 3926 3925
f 2778 2780 2777
f 2777 2781 2782
f 2784 2777 2783
f 3555 575 576
f 1494 9 540
f 3529 2015 3566
f 451 505 450
f 2786 2788 2785
f 2779 2785 2780
f 2789 2741 2740
f 2790 2752 2789
f 2792 2794 2791
f 2793 2796 2794
f 2796 2750 2749
f 2794 2749 2753
f 2798 1396 2754
f 3591 2754 3598
f 2798 2800 1393
f 3591 2799 2798
f 2797 2795 2801
f 2791 2753 2790
f 216 232 54
f 3804 2807 3803
f 3805 2804 3803
f 2769 3557 3552
f 183 184 97
f 2811 2775 2776
f 2804 2776 2805
f 2809 2811 2804
f 2812 2813 2814
f 3805 2816 3795
f 3796 2815 3795
f 3798 2820 2821
f 3793 2819 3798
f 2824 2735 2819
f 2823 2824 2819
f 2825 2826 2724
f 3793 2827 3792
f 3796 2826 3792
f 2713 2829 2828
f 2828 2831 2830
f 2822 2828 2830
f 2821 2713 2828
f 2832 2822 2830
f 2833 2830 2831
f 2834 2832 2833
f 2835 2827 2832
f 2837 2839 2836
f 2836 2841 2840
f 2842 2840 2727
f 2843 2836 2842
f 2840 2845 2844
f 2718 2845 2719
f 2730 2844 2718
f 2727 2844 2728
f 2846 2719 2845
f 2846 2841 2847
f 2829 2847 2831
f 2829 2716 2846
f 2847 2839 2848
f 2848 2838 2849
f 2833 2849 2834
f 2831 2848 2833
f 2850 2851 2852
f 2853 2852 2854
f 2783 2782 2855
f 2785 2853 2856
f 2780 2856 2781
f 2857 2855 2782
f 2859 2782 2781
f 2861 2842 2860
f 2860 2727 2726
f 2862 2726 2732
f 2863 2860 2862
f 2861 2858 2857
f 2843 2857 2859
f 2856 2854 2864
f 2781 2864 2859
f 2837 2859 2864
f 2838 2864 2854
f 2852 2834 2849
f 2854 2849 2838
f 2865 2818 2835
f 2851 2835 2834
f 2813 2815 2865
f 2814 2865 2851
f 2866 2814 2850
f 2788 2850 2853
f 2866 2787 2867
f 2812 2867 2775
f 1892 1890 1891
f 2720 2846 2870
f 298 256 257
f 2872 2713 2820
f 3794 2735 2734
f 2729 2874 2873
f 2846 2715 2870
f 2876 2878 2875
f 2733 2878 2734
f 3806 2879 2880
f 3806 2872 3794
f 2882 2884 2881
f 2881 2715 2714
f 2880 2714 2872
f 2879 2881 2880
f 2885 2887 2888
f 2888 2890 2885
f 2885 2892 2891
f 2893 2885 2891
f 1942 2532 2894
f 2895 2720 2870
f 2884 2870 2715
f 2883 2895 2884
f 2896 2892 2895
f 2889 2717 2890
f 2890 2720 2892
f 2897 2891 2896
f 2898 2896 2883
f 2899 2883 2882
f 2900 2882 2879
f 3797 2879 3807
f 2876 2901 2877
f 2901 2904 2903
f 1785 1835 1834
f 2905 2899 2900
f 2907 2897 2898
f 3797 2903 3799
f 632 577 633
f 3532 2867 2787
f 434 550 350
f 2768 3640 3643
f 2910 1623 2249
f 2241 2758 2242
f 3640 2913 3652
f 1623 2757 1620
f 3587 2757 3652
f 2229 1380 2250
f 2765 1629 2914
f 2915 1629 2912
f 3642 2914 2915
f 3641 2765 2914
f 2919 3642 3613
f 2918 2912 2241
f 3614 2241 3586
f 3618 3613 3670
f 3541 2180 3496
f 3521 2188 3506
f 3705 714 3851
f 2925 2917 2924
f 2924 2916 2919
f 3610 2919 3618
f 3611 2924 3610
f 2926 2766 2925
f 3658 2925 3611
f 1715 1705 1710
f 785 498 796
f 1387 565 1791
f 374 1899 560
f 3573 2206 3556
f 2929 2886 2893
f 2932 2934 2931
f 1905 1908 1907
f 2930 2936 2937
f 2938 2930 2929
f 1493 517 518
f 1603 1586 1602
f 2939 2929 2908
f 2940 2908 2907
f 3665 1600 3661
f 2886 2937 2887
f 2906 2898 2899
f 2908 2893 2897
f 2942 2933 2941
f 2941 2937 2936
f 3501 2936 3513
f 3498 2941 3501
f 2943 2710 2873
f 2943 2874 2889
f 2945 2889 2888
f 2946 2943 2945
f 2932 2888 2887
f 2931 2945 2932
f 727 1929 728
f 2903 2947 2948
f 545 42 262
f 1480 533 251
f 2907 2949 2940
f 2906 2950 2949
f 1558 215 202
f 3799 2948 3801
f 2054 1644 2118
f 3705 2203 3573
f 1828 1849 1827
f 2953 2955 2952
f 2952 2957 2956
f 2956 2258 2952
f 2953 2258 2257
f 2454 2474 2496
f 3747 2959 3766
f 3747 2131 3737
f 2961 2963 2958
f 2958 2964 2959
f 222 2485 2965
f 2477 2966 2608
f 2631 2006 1859
f 2384 2496 2497
f 2967 2959 2964
f 2968 2970 2969
f 3759 2971 3784
f 3784 2960 3766
f 2972 2033 2032
f 2007 2973 2008
f 3560 2134 2133
f 1836 1832 1831
f 3506 2090 3551
f 955 959 956
f 672 674 673
f 633 713 632
f 2024 733 803
f 2025 803 798
f 425 1550 388
f 2975 888 887
f 1319 1157 2694
f 1212 2977 1213
f 889 2228 2227
f 1978 1975 1979
f 1138 1329 915
f 751 2979 2978
f 1619 1625 1624
f 2252 1728 1727
f 1157 845 1216
f 2706 1938 2617
f 2980 2254 2981
f 2982 887 2630
f 802 711 2679
f 678 2029 2028
f 527 690 528
f 1839 2629 1840
f 2983 602 1914
f 2983 1913 1331
f 2985 1331 1054
f 2986 2983 2985
f 2987 2635 2634
f 2985 2639 2986
f 2990 1318 2989
f 2991 2993 2994
f 2995 2994 2996
f 1106 2991 2995
f 1058 2992 2991
f 1415 1365 1367
f 1317 2217 2997
f 1932 2255 2980
f 926 2999 664
f 3001 2992 3000
f 3000 1057 2978
f 2999 2978 2979
f 2998 3000 2999
f 3002 2209 3003
f 3002 2996 2994
f 2993 3002 2994
f 3001 2998 3002
f 1103 2995 3004
f 3004 2996 3003
f 2209 3004 3003
f 588 3004 2210
f 295 433 381
f 2638 2988 3005
f 3005 1056 1930
f 1305 1930 1306
f 1276 3005 1305
f 1987 1993 1989
f 2633 1761 2645
f 1423 1417 1419
f 3561 739 703
f 2671 2704 2705
f 1473 2035 1472
f 922 2694 895
f 1401 1378 1384
f 556 1884 1037
f 842 3825 3836
f 1854 2617 1010
f 933 1081 1075
f 1440 1436 1437
f 529 719 530
f 1031 1027 1028
f 777 912 1871
f 2645 1204 2633
f 441 1538 1537
f 790 587 586
f 2065 1610 1607
f 1860 990 902
f 60 87 59
f 1424 1948 1947
f 332 1507 331
f 261 138 135
f 187 449 507
f 1719 1726 1725
f 1931 1059 3006
f 3006 1105 1104
f 1287 1104 587
f 1286 3006 1287
f 3007 3009 3010
f 3009 653 795
f 618 26 25
f 2029 1210 1209
f 957 600 2228
f 1049 2228 600
f 2631 3011 2561
f 890 2227 3011
f 3011 2145 3012
f 2561 3012 2375
f 1026 609 608
f 2706 1961 1964
f 3013 2485 3014
f 2148 1267 3015
f 3015 1266 1311
f 2997 1101 1317
f 642 1773 1193
f 186 461 511
f 1041 1320 901
f 1121 3017 1122
f 2984 2987 3018
f 3018 2634 2619
f 1048 3018 2619
f 603 2984 3018
f 2679 801 802
f 2062 2074 2061
f 2061 2076 2064
f 414 1545 1965
f 3016 2683 3019
f 3019 2704 2670
f 3020 2670 720
f 3007 3019 3020
f 1871 1091 777
f 3021 1122 3017
f 3022 3017 3010
f 1314 3022 1315
f 1784 3021 1314
f 1316 1763 611
f 3023 3010 3009
f 3023 795 1092
f 1763 1092 1125
f 1315 3023 1763
f 3016 3010 3017
f 752 2978 1057
f 2986 2637 2987
f 3024 653 3008
f 3020 3008 3007
f 720 3024 3020
f 723 654 3024
f 2681 1268 3025
f 2671 1268 721
f 2705 3025 2671
f 1313 3027 1311
f 3026 3029 3027
f 3027 3030 3031
f 1311 3031 3015
f 2012 731 2023
f 917 974 977
f 743 856 744
f 1888 2030 1425
f 2682 2684 3032
f 3032 1124 2989
f 1100 2989 1318
f 1099 3032 1100
f 1123 2989 1124
f 3033 1159 1158
f 2990 1158 1319
f 1123 3033 2990
f 1786 1834 3033
f 1054 2988 2985
f 2979 664 2999
f 2623 2663 2643
f 1095 688 687
f 3034 2261 2956
f 3036 2956 2957
f 3037 3034 3036
f 3038 3035 3034
f 3040 3026 1313
f 2263 3041 3040
f 3042 3043 3041
f 3041 3028 3026
f 3044 3043 3039
f 3046 3045 3044
f 3047 3049 3045
f 3043 3049 3028
f 3038 3051 3050
f 3050 3053 3052
f 3052 3044 3050
f 3039 3050 3044
f 3054 3039 3042
f 3042 2262 3054
f 2261 3054 2262
f 2216 2997 2217
f 2212 2667 1936
f 3056 2209 3055
f 934 1961 1854
f 2013 3757 567
f 3058 3060 3061
f 3059 3063 3060
f 3060 2213 1963
f 3061 1963 1962
f 3063 2214 2213
f 3062 3064 3063
f 3065 2260 3064
f 3064 2215 2214
f 3066 3031 3030
f 2608 3067 3066
f 2966 3068 3067
f 3031 3068 3015
f 2455 2461 2474
f 2476 2226 2477
f 3551 2089 3525
f 3526 3769 3786
f 433 355 381
f 2115 1419 2123
f 3509 2922 3527
f 3769 2131 2134
f 3069 2167 2166
f 2971 2928 2960
f 2961 2773 2962
f 3070 2478 2483
f 2610 3071 2954
f 2502 2374 2386
f 3072 2595 3073
f 2964 3052 2967
f 3048 3074 3049
f 2593 3075 3074
f 3075 3029 3074
f 3074 3028 3049
f 3072 3075 2592
f 3076 2482 2481
f 2481 3066 3076
f 3076 3030 3075
f 2967 3053 2970
f 2482 3073 2483
f 479 493 494
f 706 3873 709
f 3561 2221 3517
f 2013 3754 3755
f 3533 2016 3529
f 3562 2222 2974
f 1171 1155 1176
f 2586 2565 2587
f 2982 113 2484
f 2562 3077 3068
f 2376 3012 3077
f 3012 2148 3077
f 3077 3015 3068
f 2963 3046 2964
f 3051 2970 3053
f 1683 491 775
f 3850 1447 3860
f 1986 3734 3768
f 3079 2546 2575
f 3081 2575 2576
f 1983 3768 3765
f 3082 2319 2545
f 3080 2545 2546
f 3734 3082 3080
f 3732 2323 3082
f 1309 1888 748
f 3073 2772 2771
f 2760 3084 2762
f 2760 2088 3083
f 3085 3086 3087
f 3089 3090 3088
f 3089 3084 3085
f 3092 3090 3091
f 3093 2744 2743
f 2751 2748 3093
f 3093 2752 2751
f 2742 3093 3094
f 3094 2743 3095
f 3096 3098 3087
f 3099 3087 3086
f 3097 3095 3098
f 3100 2746 3101
f 3101 3102 3100
f 2764 2927 3101
f 2745 3101 2746
f 3102 3091 3100
f 3100 3095 2743
f 2869 3592 3634
f 3102 3104 3092
f 3658 2869 3634
f 2927 3103 3102
f 3098 3091 3090
f 3087 3090 3085
f 2088 3105 3083
f 3083 3086 3084
f 2483 2771 3070
f 2401 2185 2321
f 3099 3105 3106
f 2125 3106 3105
f 3108 2742 3107
f 3107 3094 3097
f 3110 3107 3109
f 3109 3097 3096
f 3111 3096 3099
f 3112 3109 3111
f 3113 2737 3108
f 3115 2722 3114
f 3117 3114 3116
f 3119 3116 3118
f 3118 3120 3121
f 3116 3113 3120
f 3122 3111 3123
f 3122 1755 1754
f 3124 3126 3127
f 3125 3121 3126
f 3128 3118 3125
f 3129 3125 3124
f 2020 3128 3129
f 3853 1346 1352
f 1065 1047 1066
f 1814 3830 1649
f 2021 3129 3130
f 3111 3106 3123
f 3123 2207 1755
f 2377 2224 2973
f 3014 113 112
f 1756 3782 3767
f 3131 2530 2528
f 3133 2528 2529
f 1753 3767 3775
f 3134 3127 3135
f 2327 2314 2313
f 2436 2317 2349
f 2018 3711 3712
f 2534 3137 2535
f 2320 3136 2534
f 2185 3712 3771
f 3138 2542 2539
f 3134 3744 3745
f 3785 3134 3745
f 3140 2539 2538
f 2535 3140 2538
f 3711 3130 3785
f 2558 3132 3141
f 3782 3141 3132
f 2560 3141 3142
f 3760 3142 3141
f 958 2976 2981
f 1933 2980 3143
f 2399 2418 2416
f 2348 2343 2432
f 2322 2319 2323
f 2718 2874 2730
f 2709 2873 2710
f 2894 1361 1942
f 346 176 347
f 1876 1882 1881
f 2802 3607 3592
f 3104 3088 3092
f 2974 3649 3603
f 3089 2761 2762
f 3088 3145 3089
f 2803 3603 3607
f 3870 692 628
f 2123 1418 2126
f 1365 1368 1367
f 1581 1782 1783
f 3569 2129 3520
f 3555 2002 3521
f 3146 2551 3147
f 3751 3147 3750
f 3742 3146 3751
f 3149 2585 3146
f 3196 3197 3195
f 3604 2191 3623
f 3142 2556 2560
f 3777 3150 3142
f 3646 2550 3593
f 3150 2555 2556
f 3778 3151 3150
f 3788 3152 3646
f 3153 2551 2549
f 3152 2549 2550
f 3781 3153 3152
f 3776 3147 3153
f 3148 2206 2205
f 2183 2321 2184
f 2132 2928 2133
f 3684 2204 2203
f 3719 2197 3721
f 2594 2773 2951
f 2595 2951 2772
f 1870 799 1869
f 3713 2178 3706
f 3706 3736 3790
f 336 3774 3722
f 339 3154 336
f 3789 3149 3742
f 3683 2584 3149
f 2963 3048 3047
f 3722 337 336
f 339 2566 2586
f 3156 2168 2167
f 2610 2167 2611
f 2954 3156 2610
f 3157 2953 2257
f 3707 2169 3709
f 2567 3159 2568
f 337 2567 338
f 3730 2166 3707
f 3764 1983 3765
f 2579 3081 2576
f 2568 3160 2579
f 3709 2190 3764
f 3065 3162 3161
f 3161 1984 2189
f 3157 2189 2168
f 2257 3161 3157
f 734 1922 806
f 3059 2708 3163
f 3163 2182 1985
f 3162 1985 1984
f 3062 3163 3162
f 3203 3205 3204
f 2122 1448 1447
f 3817 1685 3812
f 139 444 69
f 1570 566 533
f 2957 3165 3036
f 2955 3164 2957
f 1912 341 1973
f 3130 3124 3134
f 1548 319 1547
f 1949 1327 1887
f 2969 3078 3167
f 3167 3169 3168
f 3724 2017 3720
f 3720 2033 3759
f 3168 3165 3170
f 3170 3164 3171
f 3779 3171 3756
f 3724 3170 3779
f 3171 3166 3172
f 3172 3071 3173
f 3752 3173 3749
f 3756 3172 3752
f 3169 3036 3165
f 2593 2962 2594
f 3173 2609 3174
f 3174 2199 2198
f 3783 2198 3719
f 3749 3174 3783
f 2190 1984 1983
f 2196 2767 3148
f 2119 1414 1448
f 1464 1466 1465
f 2199 3069 2200
f 2457 2587 2565
f 2226 2562 2966
f 481 1627 1639
f 333 235 236
f 3078 3037 3169
f 3040 2997 2263
f 2219 1933 2220
f 2385 2497 2503
f 221 3175 2484
f 2220 3143 3175
f 3175 2976 2975
f 2484 2975 2982
f 2954 3166 2955
f 2630 110 2982
f 1547 1952 1955
f 2091 2188 2187
f 3733 2178 2177
f 1918 1927 1926
f 3563 111 3511
f 955 960 954
f 2037 112 3563
f 3143 2981 2976
f 2218 2214 2215
f 672 3787 3541
f 2152 3014 2037
f 1147 1143 1145
f 2248 1409 2245
f 1615 1635 1616
f 1410 2246 2247
f 3241 3242 3240
f 3177 1383 1382
f 2238 3176 1382
f 3176 2230 3178
f 1410 3179 1407
f 3179 2243 1407
f 1633 2800 2249
f 1621 2758 2912
f 1622 2245 1634
f 2236 3181 3182
f 2237 3182 3183
f 2250 2233 2229
f 2912 1628 1621
f 135 1564 1563
f 1567 512 1565
f 1085 2653 2685
f 3184 868 3056
f 869 3057 934
f 1266 1098 1312
f 1267 722 721
f 937 2646 936
f 2146 722 2147
f 2211 921 2667
f 1957 507 449
f 1313 2264 3040
f 1496 1493 1492
f 2681 2705 2682
f 2887 2933 2932
f 1687 1659 1694
f 145 1498 81
f 1317 1319 2694
f 37 418 71
f 1935 3185 2977
f 104 301 103
f 2101 2083 2084
f 543 360 207
f 1934 3186 3185
f 234 212 237
f 3845 1822 1824
f 1976 1874 1974
f 223 2219 220
f 3655 3605 3612
f 468 773 2165
f 1935 1728 1932
f 3240 3226 3235
f 3261 3250 3260
f 3215 3244 3264
f 3265 3215 3264
f 3267 3198 3196
f 3205 3269 3255
f 3214 3265 3270
f 3271 3214 3192
f 3251 3239 3236
f 3222 3266 3272
f 3232 3234 3233
f 3216 3243 3244
f 3196 3268 3267
f 3244 3254 3255
f 3238 3247 3246
f 3264 3255 3269
f 3253 3216 3217
f 3211 3221 3265
f 3257 3218 3256
f 3258 3272 3259
f 3274 3280 3273
f 3228 3262 3263
f 3275 3281 3280
f 3226 3273 3280
f 3236 3260 3251
f 3281 3236 3237
f 3287 3192 3189
f 3235 3280 3234
f 3234 3281 3237
f 3288 3259 3272
f 3260 3276 3251
f 3289 3278 3284
f 3210 3224 3283
f 3199 3201 3200
f 3228 3230 3229
f 3290 3285 3286
f 3282 3271 3287
f 3260 3262 3261
f 3243 3268 3254
f 3267 3241 3232
f 3194 3208 3193
f 3191 3269 3206
f 3270 3192 3214
f 3275 3230 3231
f 3264 3270 3265
f 3252 3276 3291
f 3248 3291 3223
f 3213 3279 3277
f 3272 3289 3288
f 3277 3212 3213
f 3228 3281 3231
f 3220 3253 3219
f 3219 3217 3257
f 3256 3222 3258
f 3247 3252 3248
f 3245 3232 3233
f 3266 3212 3289
f 3208 3255 3254
f 3288 3284 3285
f 3204 3208 3207
f 560 3187 559
f 3209 3201 3202
f 3189 3191 3190
f 448 807 447
f 647 122 270
f 1833 1780 1832
f 510 508 507
f 3210 1887 3201
f 1887 3200 3201
f 15 3197 3200
f 16 3195 3197
f 3195 3187 3194
f 3194 1899 3207
f 3207 375 3204
f 387 126 127
f 3189 1760 3287
f 3577 757 758
f 763 2172 2175
f 3583 3580 3581
f 3581 3579 3578
f 3594 3596 3595
f 3400 3602 3401
f 3626 3625 3627
f 3631 3599 3601
f 3636 3595 3596
f 3647 3588 3645
f 3650 3584 3647
f 3653 3580 3651
f 3653 3654 3579
f 1801 3656 3655
f 3651 3582 3650
f 3644 3595 3637
f 1767 3659 3660
f 1597 3661 1600
f 1708 3665 3664
f 3671 3667 3666
f 3666 3673 3672
f 1588 3664 1587
f 2080 3666 2082
f 2082 3672 2084
f 3674 3635 3631
f 3677 3636 3635
f 3682 3645 3681
f 3692 3650 3686
f 3681 3644 3680
f 786 3692 785
f 3694 3651 3692
f 785 3686 497
f 497 3682 650
f 650 3681 564
f 3696 3681 3680
f 3405 3605 3402
f 3702 3678 3677
f 3699 3679 3678
f 3645 3638 3644
f 1799 3659 1768
f 3708 3458 3460
f 3462 3708 3460
f 3714 564 3696
f 3615 3602 3600
f 3710 3696 3698
f 3635 3596 3599
f 3629 3627 3630
f 3597 3599 3596
f 3630 3715 3629
f 3627 3597 3594
f 3717 3723 3718
f 3715 3660 3629
f 3716 3725 3715
f 3668 3661 3725
f 3668 3717 3667
f 3667 3718 3673
f 3727 3673 3718
f 3728 3672 3673
f 3726 3718 3723
f 1576 2084 3672
f 3727 3731 3729
f 3203 1387 3190
f 3190 1791 3189
f 3283 1949 3210
f 317 259 391
f 2000 3653 3694
f 3601 3600 3602
f 3589 3584 3585
f 3577 756 2170
f 3585 3582 3583
f 3678 3637 3636
f 3204 376 3203
f 1801 3657 1799
f 3729 3728 3727
f 1575 3738 1088
f 3735 1576 3728
f 1776 1796 1775
f 1293 1290 1284
f 1326 1327 12
f 1294 1234 1290
f 878 1330 1337
f 497 374 498
f 122 413 121
f 3699 3704 3708
f 3606 3401 3602
f 3708 3698 3699
f 3464 3710 3462
f 3704 3443 3458
f 439 399 438
f 1512 1526 1511
f 1668 1738 1671
f 839 1362 838
f 1362 826 1012
f 3843 1896 3815
f 2053 2118 2117
f 3888 2120 2119
f 696 3816 3831
f 1826 639 640
f 3740 3729 3731
f 956 886 960
f 1980 1922 807
f 33 105 164
f 1343 3856 3857
f 3907 2128 3902
f 1766 1582 1594
f 14 2163 738
f 595 99 594
f 3233 3246 3245
f 1346 1044 1352
f 748 1425 747
f 3193 3254 3268
f 3190 3206 3203
f 3612 3606 3615
f 3624 3615 3625
f 3631 3443 3674
f 3679 3644 3637
f 3686 3647 3682
f 3702 3674 3704
f 3625 3600 3597
f 3601 3415 3631
f 3739 3735 3729
f 3630 3594 3741
f 3741 3716 3630
f 1284 1288 1285
f 3698 3680 3679
f 1778 1780 1779
f 1792 1584 1789
f 695 571 694
f 3638 3594 3595
f 3741 3588 3589
f 3247 3209 3202
f 3292 3294 3295
f 3296 3298 3299
f 3299 3300 3301
f 3302 3304 3305
f 3306 3308 3309
f 3307 3311 3308
f 3303 3301 3300
f 3312 3304 3313
f 3314 3316 3317
f 3318 3320 3321
f 3324 3321 3325
f 3326 3328 3323
f 3329 3331 3332
f 3333 3335 3336
f 3337 3339 3340
f 3333 3341 3342
f 3342 3343 3344
f 3319 3344 3343
f 3338 3334 3339
f 3346 3302 3347
f 3305 3347 3302
f 3312 3223 3349
f 3350 3340 3351
f 3312 3348 3305
f 3352 3341 3326
f 3311 3354 3308
f 3341 3327 3326
f 3359 3361 3362
f 3360 3250 3249
f 3318 3345 3319
f 3364 3318 3324
f 3314 3324 3365
f 3366 3301 3346
f 3299 3367 3296
f 3308 3368 3309
f 3369 3295 3294
f 3317 3364 3314
f 3370 3317 3316
f 3325 3365 3324
f 3352 3319 3343
f 3296 3353 3311
f 3297 3311 3310
f 3363 3354 3345
f 3345 3353 3344
f 3344 3367 3342
f 3366 3342 3367
f 3347 3334 3346
f 3339 3348 3340
f 3348 3351 3340
f 3363 3369 3368
f 3294 3368 3369
f 3293 3309 3294
f 3331 3374 3332
f 3346 3333 3366
f 3323 3352 3326
f 3356 3321 3320
f 3355 3325 3321
f 3357 3371 3325
f 3322 3320 3352
f 3361 3329 3362
f 3373 3375 3374
f 3374 3376 3332
f 3329 3376 3362
f 3327 3372 3328
f 3336 3375 3327
f 3335 3376 3375
f 3376 3337 3362
f 3337 3359 3362
f 3359 3276 3250
f 3377 3295 3370
f 3277 3315 3278
f 3371 3379 3365
f 3378 3358 3380
f 3365 3315 3314
f 3316 3279 3370
f 3282 3370 3279
f 3313 3224 3312
f 3378 3284 3379
f 3380 3285 3378
f 3379 3278 3315
f 3276 3351 3291
f 3291 3349 3223
f 3313 2965 3013
f 2965 3303 222
f 222 3300 223
f 223 3298 3186
f 3298 3185 3186
f 3297 2977 3185
f 3310 1213 2977
f 3307 1214 1213
f 2532 3306 3293
f 2894 3293 3292
f 2871 3292 3377
f 3253 3240 3242
f 3283 3013 2152
f 1997 1889 1892
f 1237 744 855
f 1535 120 121
f 1531 201 214
f 1119 1032 984
f 946 824 947
f 163 5 162
f 3589 3723 3741
f 1155 1162 1164
f 427 327 424
f 553 796 498
f 3381 2231 2237
f 3381 2230 2232
f 2237 3180 3381
f 3383 3385 3382
f 3384 3387 3385
f 3386 3389 3387
f 3388 3391 3389
f 3392 3394 3395
f 3395 3396 3397
f 3398 3397 3396
f 3400 3399 3398
f 3403 3405 3402
f 3406 3404 3403
f 3408 3407 3406
f 3410 3409 3408
f 3412 3411 3410
f 3415 3398 3414
f 3414 3396 3416
f 3416 3394 3417
f 3417 3393 3418
f 3393 3420 3418
f 3419 3421 3420
f 3390 3422 3421
f 3388 3423 3422
f 3386 3424 3423
f 3384 3425 3424
f 3425 3426 3184
f 2904 3428 2947
f 3429 2904 2902
f 3430 2902 2876
f 2875 3430 2876
f 3432 2733 2736
f 2825 3435 2824
f 3437 3439 3436
f 3441 3436 3440
f 2724 3434 2825
f 3436 3115 3117
f 3440 3117 3119
f 3443 3414 3442
f 3442 3416 3444
f 3444 3417 3445
f 3445 3418 3446
f 3446 3420 3447
f 3420 3448 3447
f 3421 3449 3448
f 3422 3450 3449
f 3423 3451 3450
f 3424 3452 3451
f 3425 3056 3452
f 3451 2253 2252
f 3450 2252 1727
f 3449 1727 2150
f 3448 2150 1941
f 3453 3448 1941
f 3454 3447 3453
f 3455 3446 3454
f 3456 3445 3455
f 3442 3456 3457
f 3443 3457 3458
f 3459 3458 3457
f 3457 3455 3459
f 3459 3454 3461
f 3462 3459 3461
f 3461 3453 3463
f 3464 3461 3463
f 3463 1941 1360
f 3404 3401 3405
f 3407 3399 3404
f 3409 3397 3407
f 3411 3395 3409
f 3465 3413 3412
f 3467 3469 3466
f 3465 3431 3433
f 3470 3466 3465
f 3438 3432 3435
f 3467 3438 3437
f 3468 3437 3441
f 3471 3468 3472
f 3472 3441 3473
f 3473 3440 2712
f 2712 3119 3128
f 3475 3472 3474
f 3474 3473 3476
f 3476 2712 2711
f 3477 2711 2400
f 3478 3476 3477
f 3479 3474 3478
f 3392 3413 3480
f 3466 3480 3413
f 3419 3392 3480
f 3390 3480 3391
f 3469 3391 3480
f 3389 3471 3475
f 3387 3475 3479
f 3385 3479 3481
f 3482 2400 2402
f 3483 3477 3482
f 3481 3478 3483
f 3484 2402 2707
f 3058 2707 2708
f 3061 3484 3058
f 3485 3482 3484
f 3382 3481 3486
f 3486 3483 3485
f 3426 3382 3487
f 3487 3486 1962
f 3486 3061 1962
f 1961 3487 1962
f 3057 3426 3487
f 3428 3402 3488
f 3427 3403 3428
f 3429 3406 3427
f 3430 3408 3429
f 3431 3410 3430
f 3470 3433 3432
f 3434 3438 3435
f 2723 3439 3434
f 2875 3433 3431
f 2736 3435 3432
f 2947 3488 3500
f 3464 1360 3497
f 1900 1924 1901
f 1736 1718 1750
f 1955 1943 1956
f 1671 1735 1751
f 1696 1698 1692
f 1800 1864 1801
f 2063 2056 2060
f 1737 1717 1736
f 1751 1697 1695
f 943 3899 684
f 3656 3402 3605
f 1577 1764 1703
f 3917 1599 3923
f 1945 82 1944
f 68 7 248
f 147 1543 148
f 1109 1133 1102
f 1503 1907 1908
f 1499 1909 1498
f 452 735 215
f 1824 3835 3845
f 1825 2068 1824
f 1463 1022 1194
f 841 1009 1011
f 1568 1955 1534
f 1926 1927 1923
f 1910 1502 1939
f 1939 422 442
f 309 1940 308
f 1804 1866 1803
f 269 1954 56
f 2065 2060 2056
f 3812 1758 3835
f 280 552 1940
f 1875 1869 1874
f 1739 1734 1737
f 1778 1790 1788
f 310 1915 279
f 1909 1906 1954
f 1789 1778 1788
f 978 980 979
f 1584 1731 1583
f 425 311 312
f 148 115 116
f 2044 3894 2046
f 277 1939 551
f 1943 1945 1944
f 1461 1463 1464
f 2253 3056 3055
f 2981 3489 958
f 2209 3489 3055
f 2254 3055 3489
f 2998 958 3489
f 2826 2721 2724
f 3490 2721 2817
f 2816 3490 2817
f 2334 2296 2335
f 2298 2334 2336
f 2301 2336 2338
f 2311 2338 2354
f 2312 2354 2355
f 2359 2361 2360
f 2335 2359 2360
f 2414 2365 2364
f 2413 2361 2365
f 2355 2540 2541
f 2541 2539 2542
f 2722 2739 2738
f 3114 2738 3113
f 3110 3121 3120
f 3108 3120 3113
f 3122 3127 3126
f 3112 3126 3121
f 3127 1753 3135
f 3139 2529 2542
f 3744 3133 3139
f 3490 2740 2739
f 3491 2789 3490
f 228 91 88
f 245 243 242
f 248 247 191
f 2 296 295
f 145 300 267
f 327 210 328
f 329 331 330
f 250 228 236
f 239 240 230
f 373 375 374
f 178 176 175
f 1218 1228 1321
f 3862 1295 3854
f 808 824 823
f 3858 1013 1014
f 3813 1411 1413
f 2154 2159 2160
f 3845 1758 1757
f 306 1922 452
f 2157 1976 1977
f 708 2031 1474
f 1450 1227 1428
f 1672 1605 1624
f 1813 1821 1816
f 1717 1715 1718
f 176 402 347
f 1710 3916 3915
f 1712 1577 1711
f 1705 1711 1704
f 971 979 970
f 822 1094 1102
f 2909 2793 2792
f 2810 2795 2793
f 2799 2249 2800
f 3662 2910 2799
f 2769 2801 2795
f 3177 3178 3179
f 3178 3180 3179
f 3181 1393 2800
f 3181 1632 3182
f 3182 2244 3183
f 3183 2243 3180
f 3492 2790 3491
f 2808 3491 2816
f 2239 3572 2240
f 1149 3571 3570
f 1150 3567 3571
f 2202 3566 2015
f 2921 3565 2923
f 3568 2133 2928
f 1777 1759 1792
f 1201 1183 1184
f 3561 2195 2194
f 3553 2770 2768
f 3927 1687 1692
f 1516 154 503
f 3549 2974 2803
f 3550 2779 2778
f 2771 3575 3546
f 3070 3546 3558
f 3547 2775 2867
f 1376 1370 1372
f 2767 3556 2206
f 2195 3543 2767
f 2775 3542 2776
f 3377 3545 2871
f 3804 3539 2806
f 2776 3538 2805
f 2240 3535 2920
f 2920 3669 3619
f 3548 2786 2779
f 1805 1851 1804
f 3534 2787 2786
f 2951 3540 3531
f 2772 3531 3575
f 2973 3530 3536
f 2224 3537 3530
f 1957 320 510
f 306 304 303
f 2770 3528 2913
f 2913 3574 2239
f 2923 3527 2922
f 308 431 47
f 207 132 543
f 1879 1881 1880
f 3733 3525 2089
f 2475 3558 3524
f 2476 3524 3523
f 2223 3523 3537
f 3522 2803 2802
f 2037 11 1950
f 1959 450 505
f 2003 3520 2129
f 9 334 540
f 2009 3518 3567
f 2008 3536 3518
f 3877 673 3879
f 3515 2778 2784
f 2935 3513 2936
f 111 3570 3511
f 3510 2935 2938
f 683 3885 943
f 3508 2810 2909
f 736 732 729
f 1795 1803 1796
f 3505 2938 2939
f 3507 2939 2940
f 2950 3504 2949
f 2940 3504 3507
f 3801 3512 2950
f 2868 3502 2869
f 2869 3522 2802
f 1024 1023 1020
f 3500 2948 2947
f 551 442 443
f 2972 3568 2928
f 2032 3499 2972
f 216 1924 1923
f 203 201 200
f 1828 1847 1837
f 1958 449 450
f 272 178 175
f 2871 3495 1361
f 3619 3564 2921
f 2801 3643 3662
f 2005 3654 2176
f 960 899 962
f 3657 3612 3624
f 3780 3646 3151
f 3151 3593 2555
f 2193 3623 2194
f 3607 3145 3144
f 3603 2761 3145
f 3592 3144 3104
f 2926 3634 3103
f 3634 3104 3103
f 3755 3746 3753
f 566 3758 2005
f 3488 1864 3500
f 1602 2079 2078
f 2868 3611 2922
f 2922 3610 2923
f 2923 3618 2921
f 3670 2918 3614
f 3619 3614 2920
f 2921 3670 3619
f 2920 3586 2240
f 3613 2915 2918
f 2917 3622 3641
f 2916 3641 3642
f 2239 3652 2913
f 2911 3652 2757
f 3643 2911 2910
f 2797 3662 3591
f 2797 3598 2750
f 3622 2763 2765
f 3608 2764 2745
f 2194 3648 2221
f 2221 3649 2222
f 2756 3609 2755
f 2750 3609 2747
f 3669 1817 3827
f 3763 1691 1699
f 2515 3590 2548
f 2548 3593 2550
f 2513 3632 3616
f 2513 3621 2515
f 2509 3620 2289
f 2510 3633 2509
f 2289 3639 2283
f 2283 3617 2286
f 2240 3587 2239
f 3659 3624 3626
f 716 3887 3888
f 727 3761 1923
f 2165 2170 2164
f 3660 3626 3629
f 3743 3578 3757
f 2175 769 770
f 2100 2095 2099
f 3758 3757 3578
f 640 3568 1826
f 1653 3553 1651
f 1895 3530 746
f 746 3537 741
f 1653 3528 3576
f 3762 1604 1672
f 2093 2073 2078
f 959 995 884
f 962 919 986
f 1400 1398 1399
f 1000 1127 1004
f 956 884 885
f 1662 3550 1661
f 2034 3546 1654
f 3926 3539 3802
f 3535 766 1817
f 3572 765 766
f 334 3571 335
f 1868 3540 1656
f 1684 1652 1678
f 1682 775 1807
f 1585 3762 1700
f 3763 1672 1673
f 2173 490 491
f 1658 3547 1752
f 3556 1650 724
f 1571 2010 1572
f 1587 3671 2080
f 2099 2077 2094
f 787 1999 786
f 2000 786 1999
f 3155 3697 3683
f 3713 3683 3789
f 2180 3685 3684
f 3496 3684 3705
f 1684 3840 1651
f 1760 3495 3545
f 2607 3693 2590
f 2581 3689 2607
f 2371 3700 3695
f 2371 3693 2372
f 2587 3675 2586
f 2586 3697 339
f 2497 3687 2503
f 2502 3687 3700
f 2494 3690 2495
f 3690 2472 2495
f 3688 2468 2472
f 3701 2469 2468
f 726 3892 630
f 581 3518 580
f 10 3570 334
f 1837 3510 1849
f 741 3523 1300
f 1299 3558 2034
f 1851 3504 1866
f 3527 1820 1819
f 580 3536 1895
f 1758 3522 3502
f 1693 3508 1806
f 3504 1867 1866
f 1894 3568 3499
f 2126 3813 3841
f 3906 3841 3912
f 2113 3867 2110
f 2179 3789 3685
f 624 3904 623
f 2192 3788 3780
f 2177 3787 3733
f 1364 3833 1338
f 3858 1470 1453
f 3135 3775 3744
f 2069 3835 2068
f 1351 3853 1352
f 2108 3901 499
f 2089 3736 3733
f 3828 1358 866
f 2001 3783 2187
f 2187 3719 2091
f 2130 3752 2004
f 2004 3749 2001
f 2014 3779 2201
f 2201 3756 2130
f 3167 3759 2969
f 3168 3720 3167
f 3159 3764 3160
f 3160 3765 3081
f 3730 3158 337
f 3158 3709 3159
f 2200 3730 3722
f 3685 3742 2204
f 3722 2197 2200
f 3790 2092 3721
f 3774 3721 2197
f 3154 3790 3774
f 3155 3706 3154
f 2091 3721 2092
f 2196 3750 3776
f 2193 3776 3781
f 3604 3781 3788
f 2086 3780 3778
f 2087 3778 3777
f 2204 3751 2205
f 2205 3750 3148
f 3909 574 692
f 2124 3777 3760
f 2208 3760 3782
f 3711 3140 3137
f 3785 3138 3140
f 3745 3139 3138
f 3771 3136 2322
f 3712 3137 3136
f 3775 3131 3133
f 3767 3132 3131
f 1813 3838 1814
f 1293 3856 1344
f 2184 3748 3732
f 2181 3732 3734
f 3765 3079 3081
f 3768 3080 3079
f 709 3875 2031
f 2774 3737 3769
f 3786 2134 3559
f 3809 766 765
f 2968 3766 2959
f 2969 3784 2968
f 2958 3737 2961
f 2132 3766 2960
f 2321 3771 3748
f 3860 1449 28
f 3905 582 710
f 3886 577 574
f 3847 1818 3827
f 705 3887 2121
f 3816 3907 698
f 2111 3911 2113
f 3810 1366 1411
f 1812 3822 1815
f 675 3852 674
f 3496 3851 675
f 2110 3868 2109
f 2104 3901 2106
f 2109 3899 944
f 3842 703 739
f 1680 3846 1684
f 1639 3819 3818
f 623 3906 697
f 2139 3866 3865
f 1808 3844 3837
f 3820 1819 1820
f 3872 3900 706
f 1646 3830 1648
f 3889 633 577
f 2139 3875 18
f 2156 3871 3874
f 674 3913 3869
f 2117 3812 2069
f 1815 3847 3823
f 3855 1444 1470
f 697 3912 3816
f 866 3836 3828
f 3864 2136 2135
f 3585 3726 3589
f 3583 3731 3585
f 3753 3738 3739
f 3740 3581 3743
f 1088 3746 1093
f 3739 3743 3753
f 2791 3493 2792
f 3492 2807 3493
f 2792 3494 2909
f 3493 2806 3494
f 3508 3494 3516
f 3516 2806 3539
f 2948 3791 3801
f 2105 3896 2104
f 3538 3804 2805
f 680 3876 683
f 1891 3910 3891
f 2905 3801 2950
f 2900 3799 2905
f 2901 3807 2877
f 2734 3806 3794
f 2877 3806 2878
f 2820 3794 2872
f 2818 3792 2827
f 2823 3792 2826
f 2822 3798 2821
f 2819 3800 3798
f 2817 3795 2816
f 2809 3795 2815
f 2808 3803 2807
f 2805 3803 2804
f 1702 3923 1599
f 3922 1797 1802
f 3915 1706 1709
f 3918 1692 1698
f 1657 3880 1879
f 1890 3895 3910
f 3772 1674 1675
f 1689 3772 3773
f 3926 3538 1688
f 3516 1689 3773
f 3917 1703 1764
f 1598 3928 1770
f 3880 1876 1879
f 1691 3925 3927
f 3925 1688 1687
f 1117 1118 3930
f 1066 1322 3930
f 1243 847 3930
f 3825 848 3930
f 1128 1117 3930
f 1129 1130 3930
f 841 1011 3930
f 1230 3863 3930
f 1242 1243 3930
f 1322 1229 3930
f 1064 1065 3930
f 1003 1128 3930
f 1229 1230 3930
f 3863 1285 3930
f 1285 1288 3930
f 848 839 3930
f 847 3825 3930
f 1118 1129 3930
f 1065 1066 3930
f 1087 1086 3930
f 1008 1002 3930
f 1011 1008 3930
f 1002 1003 3930
f 1076 1069 3930
f 838 841 3930
f 839 838 3930
f 1288 1242 3930
f 1130 1087 3930
f 1086 1076 3930
f 1069 1064 3930
f 2410 2414 3931
f 2411 2410 3931
f 3617 2285 3931
f 2394 2393 3931
f 2393 2396 3931
f 2281 2286 3931
f 2282 2280 3931
f 2398 2399 3931
f 2465 2464 3931
f 2396 2397 3931
f 2470 2469 3931
f 2399 2416 3931
f 2480 2395 3931
f 2459 2480 3931
f 2369 2282 3931
f 2460 2459 3931
f 2415 2411 3931
f 2416 2415 3931
f 2364 2363 3931
f 2286 3617 3931
f 2464 2470 3931
f 2469 3703 3931
f 2285 2465 3931
f 2414 2364 3931
f 2395 2394 3931
f 2363 2367 3931
f 2397 2398 3931
f 2280 2281 3931
f 3703 2460 3931
f 2367 2369 3931
f 3934 3937 3938
f 3934 3939 3935
f 3932 3937 3933
f 3938 3943 3939
f 3937 3940 3941
f 3937 3942 3938
f 3942 3947 3943
f 3941 3944 3945
f 3942 3945 3946
f 3947 3950 3951
f 3944 3949 3945
f 3945 3950 3946
f 3950 3955 3951
f 3949 3952 3953
f 3950 3953 3954
f 3955 3958 3959
f 3953 3956 3957
f 3953 3958 3954
f 3959 3962 3963
f 3957 3960 3961
f 3958 3961 3962
f 3962 3967 3963
f 3960 3965 3961
f 3961 3966 3962
f 3966 3971 3967
f 3965 3968 3969
f 3966 3969 3970
f 3970 3975 3971
f 3968 3973 3969
f 3969 3974 3970
f 3974 3979 3975
f 3973 3976 3977
f 3974 3977 3978
f 3979 3982 3983
f 3976 3981 3977
f 3977 3982 3978
f 3982 3987 3983
f 3981 3984 3985
f 3982 3985 3986
f 3987 3990 3991
f 3984 3989 3985
f 3985 3990 3986
f 3991 3994 3995
f 3989 3992 3993
f 3990 3993 3994
f 3995 3998 3999
f 3992 3997 3993
f 3993 3998 3994
f 3998 4003 3999
f 3997 4000 4001
f 3998 4001 4002
f 4002 4007 4003
f 4000 4005 4001
f 4001 4006 4002
f 4006 4011 4007
f 4005 4008 4009
f 4006 4009 4010
f 4011 4014 4015
f 4008 4013 4009
f 4009 4014 4010
f 4014 4019 4015
f 4013 4016 4017
f 4014 4017 4018
f 4019 4022 4023
f 4016 4021 4017
f 4017 4022 4018
f 4023 4026 4027
f 4021 4024 4025
f 4022 4025 4026
f 4027 4030 4031
f 4024 4029 4025
f 4025 4030 4026
f 4031 4034 4035
f 4029 4032 4033
f 4030 4033 4034
f 4034 4039 4035
f 4032 4037 4033
f 4033 4038 4034
f 4038 4043 4039
f 4037 4040 4041
f 4038 4041 4042
f 4043 4046 4047
f 4040 4045 4041
f 4041 4046 4042
f 4046 4051 4047
f 4045 4048 4049
f 4046 4049 4050
f 4051 4055 4056
f 4048 4054 4049
f 4049 4055 4050
f 4056 4059 4060
f 4053 4058 4054
f 4055 4058 4059
f 3932 4052 3936
f 3936 4052 3940
f 3940 4052 3944
f 3944 4052 3948
f 3948 4052 3952
f 3952 4052 3956
f 3956 4052 3960
f 3960 4052 3964
f 3964 4052 3968
f 3968 4052 3972
f 3972 4052 3976
f 3976 4052 3980
f 3980 4052 3984
f 3984 4052 3988
f 3988 4052 3992
f 3992 4052 3996
f 3996 4052 4000
f 4000 4052 4004
f 4004 4052 4008
f 4008 4052 4012
f 4012 4052 4016
f 4016 4052 4020
f 4020 4052 4024
f 4024 4052 4028
f 4028 4052 4032
f 4032 4052 4036
f 4036 4052 4040
f 4040 4052 4044
f 4044 4052 4048
f 4048 4052 4053
f 4053 4052 4057
f 4060 3934 3935
f 4058 3932 3933
f 4058 3934 4059
f 4057 4052 3932
f 4069 4081 4082
f 4066 4080 4067
f 4065 4077 4078
f 4063 4075 4076
f 4071 4085 4072
f 4069 4083 4070
f 4067 4081 4068
f 4066 4078 4079
f 4063 4077 4064
f 4061 4075 4062
f 4072 4086 4073
f 4071 4083 4084
f 4076 4090 4077
f 4074 4088 4075
f 4086 4098 4099
f 4083 4097 4084
f 4082 4094 4095
f 4079 4093 4080
f 4078 4090 4091
f 4076 4088 4089
f 4085 4097 4098
f 4082 4096 4083
f 4080 4094 4081
f 4079 4091 4092
f 4089 4103 4090
f 4088 4100 4101
f 4098 4112 4099
f 4096 4110 4097
f 4095 4107 4108
f 4092 4106 4093
f 4090 4104 4091
f 4089 4101 4102
f 4097 4111 4098
f 4095 4109 4096
f 4094 4106 4107
f 4092 4104 4105
f 4103 4115 4116
f 4100 4114 4101
f 4112 4124 4125
f 4110 4122 4123
f 4107 4121 4108
f 4105 4119 4106
f 4103 4117 4104
f 4101 4115 4102
f 4110 4124 4111
f 4109 4121 4122
f 4107 4119 4120
f 4105 4117 4118
f 4115 4129 4116
f 4114 4126 4127
f 4124 4138 4125
f 4123 4135 4136
f 4120 4134 4121
f 4119 4131 4132
f 4117 4129 4130
f 4114 4128 4115
f 4124 4136 4137
f 4122 4134 4135
f 4119 4133 4120
f 4117 4131 4118
f 4129 4141 4142
f 4126 4140 4127
f 4138 4150 4151
f 4136 4148 4149
f 4133 4147 4134
f 4131 4145 4132
f 4130 4142 4143
f 4127 4141 4128
f 4137 4149 4150
f 4135 4147 4148
f 4132 4146 4133
f 4131 4143 4144
f 4142 4154 4155
f 4140 4152 4153
f 4150 4164 4151
f 4149 4161 4162
f 4146 4160 4147
f 4144 4158 4145
f 4142 4156 4143
f 4140 4154 4141
f 4149 4163 4150
f 4148 4160 4161
f 4146 4158 4159
f 4144 4156 4157
f 4155 4167 4168
f 4153 4165 4166
f 4163 4177 4164
f 4161 4175 4162
f 4159 4173 4160
f 4158 4170 4171
f 4155 4169 4156
f 4153 4167 4154
f 4163 4175 4176
f 4161 4173 4174
f 4159 4171 4172
f 4156 4170 4157
f 4167 4181 4168
f 4165 4179 4166
f 4176 4190 4177
f 4175 4187 4188
f 4173 4185 4186
f 4170 4184 4171
f 4169 4181 4182
f 4167 4179 4180
f 4175 4189 4176
f 4173 4187 4174
f 4171 4185 4172
f 4170 4182 4183
f 4180 4194 4181
f 4178 4192 4179
f 4190 4202 4203
f 4187 4201 4188
f 4186 4198 4199
f 4183 4197 4184
f 4182 4194 4195
f 4180 4192 4193
f 4189 4201 4202
f 4186 4200 4187
f 4184 4198 4185
f 4183 4195 4196
f 4193 4207 4194
f 4192 4204 4205
f 4202 4216 4203
f 4200 4214 4201
f 4199 4211 4212
f 4196 4210 4197
f 4194 4208 4195
f 4193 4205 4206
f 4201 4215 4202
f 4199 4213 4200
f 4198 4210 4211
f 4196 4208 4209
f 4207 4219 4220
f 4204 4218 4205
f 4216 4228 4229
f 4213 4227 4214
f 4211 4225 4212
f 4209 4223 4210
f 4207 4221 4208
f 4205 4219 4206
f 4214 4228 4215
f 4213 4225 4226
f 4211 4223 4224
f 4209 4221 4222
f 4219 4233 4220
f 4218 4230 4231
f 4228 4242 4229
f 4226 4240 4227
f 4225 4237 4238
f 4223 4235 4236
f 4221 4233 4234
f 4218 4232 4219
f 4228 4240 4241
f 4226 4238 4239
f 4223 4237 4224
f 4221 4235 4222
f 4233 4245 4246
f 4230 4244 4231
f 4242 4254 4255
f 4240 4252 4253
f 4237 4251 4238
f 4235 4249 4236
f 4234 4246 4247
f 4231 4245 4232
f 4241 4253 4254
f 4239 4251 4252
f 4236 4250 4237
f 4235 4247 4248
f 4246 4258 4259
f 4244 4256 4257
f 4254 4268 4255
f 4253 4265 4266
f 4250 4264 4251
f 4248 4262 4249
f 4246 4260 4247
f 4244 4258 4245
f 4253 4267 4254
f 4252 4264 4265
f 4250 4262 4263
f 4248 4260 4261
f 4259 4271 4272
f 4257 4269 4270
f 4267 4281 4268
f 4265 4279 4266
f 4263 4277 4264
f 4262 4274 4275
f 4259 4273 4260
f 4257 4271 4258
f 4266 4280 4267
f 4265 4277 4278
f 4263 4275 4276
f 4260 4274 4261
f 4271 4285 4272
f 4269 4283 4270
f 4281 4293 4294
f 4279 4291 4292
f 4277 4289 4290
f 4274 4288 4275
f 4273 4285 4286
f 4271 4283 4284
f 4280 4292 4293
f 4277 4291 4278
f 4275 4289 4276
f 4274 4286 4287
f 4284 4298 4285
f 4282 4296 4283
f 4294 4306 4307
f 4291 4305 4292
f 4290 4302 4303
f 4287 4301 4288
f 4286 4298 4299
f 4284 4296 4297
f 4293 4305 4306
f 4290 4304 4291
f 4288 4302 4289
f 4287 4299 4300
f 4297 4311 4298
f 4296 4308 4309
f 4306 4320 4307
f 4304 4318 4305
f 4303 4315 4316
f 4300 4314 4301
f 4298 4312 4299
f 4297 4309 4310
f 4305 4319 4306
f 4304 4316 4317
f 4302 4314 4315
f 4300 4312 4313
f 4310 4324 4311
f 4308 4322 4309
f 4320 4332 4333
f 4318 4330 4331
f 4316 4328 4329
f 4313 4327 4314
f 4311 4325 4312
f 4310 4322 4323
f 4318 4332 4319
f 4316 4330 4317
f 4315 4327 4328
f 4312 4326 4313
f 4323 4337 4324
f 4322 4334 4335
f 4332 4346 4333
f 4330 4344 4331
f 4329 4341 4342
f 4327 4339 4340
f 4325 4337 4338
f 4322 4336 4323
f 4332 4344 4345
f 4330 4342 4343
f 4327 4341 4328
f 4325 4339 4326
f 4337 4350 4351
f 4334 4349 4335
f 4346 4359 4360
f 4344 4357 4358
f 4341 4356 4342
f 4340 4353 4354
f 4338 4351 4352
f 4335 4350 4336
f 4345 4358 4359
f 4343 4356 4357
f 4340 4355 4341
f 4338 4353 4339
f 4351 4363 4364
f 4349 4361 4362
f 4359 4373 4360
f 4358 4370 4371
f 4355 4369 4356
f 4354 4366 4367
f 4351 4365 4352
f 4349 4363 4350
f 4358 4372 4359
f 4357 4369 4370
f 4355 4367 4368
f 4352 4366 4353
f 4364 4376 4377
f 4362 4374 4375
f 4373 4385 4386
f 4370 4384 4371
f 4368 4382 4369
f 4367 4379 4380
f 4364 4378 4365
f 4362 4376 4363
f 4372 4384 4385
f 4370 4382 4383
f 4368 4380 4381
f 4365 4379 4366
f 4376 4390 4377
f 4374 4388 4375
f 4385 4399 4386
f 4384 4396 4397
f 4382 4394 4395
f 4379 4393 4380
f 4378 4390 4391
f 4376 4388 4389
f 4384 4398 4385
f 4382 4396 4383
f 4380 4394 4381
f 4379 4391 4392
f 4389 4403 4390
f 4387 4401 4388
f 4399 4411 4412
f 4396 4410 4397
f 4395 4407 4408
f 4393 4405 4406
f 4391 4403 4404
f 4389 4401 4402
f 4398 4410 4411
f 4395 4409 4396
f 4393 4407 4394
f 4391 4405 4392
f 4402 4416 4403
f 4401 4413 4414
f 4411 4425 4412
f 4409 4423 4410
f 4408 4420 4421
f 4406 4418 4419
f 4403 4417 4404
f 4402 4414 4415
f 4410 4424 4411
f 4408 4422 4409
f 4407 4419 4420
f 4404 4418 4405
f 4416 4428 4429
f 4413 4427 4414
f 4425 4437 4438
f 4423 4435 4436
f 4421 4433 4434
f 4418 4432 4419
f 4416 4430 4417
f 4415 4427 4428
f 4423 4437 4424
f 4421 4435 4422
f 4420 4432 4433
f 4418 4430 4431
f 4428 4442 4429
f 4426 4440 4427
f 4437 4451 4438
f 4435 4449 4436
f 4434 4446 4447
f 4432 4444 4445
f 4430 4442 4443
f 4427 4441 4428
f 4437 4449 4450
f 4435 4447 4448
f 4432 4446 4433
f 4430 4444 4431
f 4442 4454 4455
f 4439 4453 4440
f 4451 4463 4464
f 4449 4461 4462
f 4446 4460 4447
f 4444 4458 4445
f 4443 4455 4456
f 4440 4454 4441
f 4450 4462 4463
f 4447 4461 4448
f 4445 4459 4446
f 4444 4456 4457
f 4455 4467 4468
f 4453 4465 4466
f 4463 4477 4464
f 4462 4474 4475
f 4459 4473 4460
f 4457 4471 4458
f 4455 4469 4456
f 4453 4467 4454
f 4462 4476 4463
f 4461 4473 4474
f 4459 4471 4472
f 4457 4469 4470
f 4347 4073 4086
f 4347 4086 4099
f 4347 4099 4112
f 4347 4112 4125
f 4347 4125 4138
f 4347 4138 4151
f 4347 4151 4164
f 4347 4164 4177
f 4347 4177 4190
f 4347 4190 4203
f 4347 4203 4216
f 4347 4216 4229
f 4347 4229 4242
f 4347 4242 4255
f 4347 4255 4268
f 4347 4268 4281
f 4347 4281 4294
f 4347 4294 4307
f 4347 4307 4320
f 4347 4320 4333
f 4347 4333 4346
f 4347 4346 4360
f 4347 4360 4373
f 4347 4373 4386
f 4347 4386 4399
f 4347 4399 4412
f 4347 4412 4425
f 4347 4425 4438
f 4347 4438 4451
f 4347 4451 4464
f 4347 4464 4477
f 4468 4063 4064
f 4466 4061 4062
f 4477 4072 4073
f 4474 4071 4475
f 4472 4069 4473
f 4471 4066 4067
f 4468 4065 4469
f 4466 4063 4467
f 4347 4477 4073
f 4476 4071 4072
f 4474 4069 4070
f 4472 4067 4068
f 4469 4066 4470
f 3935 4465 4060
f 4465 4056 4060
f 4452 4051 4056
f 4439 4047 4051
f 4047 4413 4043
f 4043 4400 4039
f 4039 4387 4035
f 4387 4031 4035
f 4031 4361 4027
f 4361 4023 4027
f 4348 4019 4023
f 4334 4015 4019
f 4015 4308 4011
f 4011 4295 4007
f 4007 4282 4003
f 4282 3999 4003
f 3999 4256 3995
f 4256 3991 3995
f 4243 3987 3991
f 4230 3983 3987
f 3983 4204 3979
f 3979 4191 3975
f 3975 4178 3971
f 4178 3967 3971
f 3967 4152 3963
f 4152 3959 3963
f 4139 3955 3959
f 4126 3951 3955
f 3951 4100 3947
f 3947 4087 3943
f 3943 4074 3939
f 4074 3935 3939
f 4480 4483 4484
f 4480 4485 4481
f 4479 4482 4483
f 4484 4489 4485
f 4482 4487 4483
f 4483 4488 4484
f 4488 4493 4489
f 4487 4490 4491
f 4488 4491 4492
f 4493 4496 4497
f 4490 4495 4491
f 4491 4496 4492
f 4496 4501 4497
f 4495 4498 4499
f 4496 4499 4500
f 4501 4504 4505
f 4498 4503 4499
f 4499 4504 4500
f 4505 4508 4509
f 4503 4506 4507
f 4504 4507 4508
f 4509 4512 4513
f 4506 4511 4507
f 4507 4512 4508
f 4513 4516 4517
f 4511 4514 4515
f 4512 4515 4516
f 4516 4521 4517
f 4514 4519 4515
f 4515 4520 4516
f 4520 4525 4521
f 4518 4523 4519
f 4520 4523 4524
f 4525 4528 4529
f 4522 4527 4523
f 4523 4528 4524
f 4528 4533 4529
f 4527 4530 4531
f 4528 4531 4532
f 4533 4536 4537
f 4530 4535 4531
f 4531 4536 4532
f 4537 4540 4541
f 4534 4539 4535
f 4536 4539 4540
f 4541 4544 4545
f 4539 4542 4543
f 4539 4544 4540
f 4544 4549 4545
f 4542 4547 4543
f 4544 4547 4548
f 4548 4553 4549
f 4547 4550 4551
f 4547 4552 4548
f 4552 4557 4553
f 4551 4554 4555
f 4552 4555 4556
f 4557 4560 4561
f 4554 4559 4555
f 4555 4560 4556
f 4560 4565 4561
f 4559 4562 4563
f 4560 4563 4564
f 4565 4568 4569
f 4562 4567 4563
f 4563 4568 4564
f 4569 4572 4573
f 4567 4570 4571
f 4568 4571 4572
f 4572 4577 4573
f 4570 4575 4571
f 4571 4576 4572
f 4576 4581 4577
f 4575 4578 4579
f 4576 4579 4580
f 4580 4585 4581
f 4578 4583 4579
f 4579 4584 4580
f 4584 4589 4585
f 4583 4586 4587
f 4584 4587 4588
f 4589 4592 4593
f 4586 4591 4587
f 4587 4592 4588
f 4592 4597 4593
f 4591 4594 4595
f 4592 4595 4596
f 4597 4601 4602
f 4594 4600 4595
f 4595 4601 4596
f 4602 4605 4606
f 4600 4603 4604
f 4601 4604 4605
f 4478 4598 4482
f 4482 4598 4486
f 4486 4598 4490
f 4490 4598 4494
f 4494 4598 4498
f 4498 4598 4502
f 4502 4598 4506
f 4506 4598 4510
f 4510 4598 4514
f 4514 4598 4518
f 4518 4598 4522
f 4522 4598 4526
f 4526 4598 4530
f 4530 4598 4534
f 4534 4598 4538
f 4538 4598 4542
f 4542 4598 4546
f 4546 4598 4550
f 4550 4598 4554
f 4554 4598 4558
f 4558 4598 4562
f 4562 4598 4566
f 4566 4598 4570
f 4570 4598 4574
f 4574 4598 4578
f 4578 4598 4582
f 4582 4598 4586
f 4586 4598 4590
f 4590 4598 4594
f 4594 4598 4599
f 4599 4598 4603
f 4606 4480 4481
f 4603 4479 4604
f 4604 4480 4605
f 4603 4598 4478
f 4615 4627 4628
f 4612 4626 4613
f 4611 4623 4624
f 4609 4621 4622
f 4618 4630 4631
f 4615 4629 4616
f 4613 4627 4614
f 4612 4624 4625
f 4609 4623 4610
f 4607 4621 4608
f 4619 4631 4632
f 4617 4629 4630
f 4622 4636 4623
f 4620 4634 4621
f 4632 4644 4645
f 4629 4643 4630
f 4628 4640 4641
f 4626 4638 4639
f 4624 4636 4637
f 4622 4634 4635
f 4631 4643 4644
f 4628 4642 4629
f 4626 4640 4627
f 4624 4638 4625
f 4635 4649 4636
f 4634 4646 4647
f 4644 4658 4645
f 4642 4656 4643
f 4641 4653 4654
f 4639 4651 4652
f 4636 4650 4637
f 4635 4647 4648
f 4643 4657 4644
f 4642 4654 4655
f 4640 4652 4653
f 4637 4651 4638
f 4648 4662 4649
f 4646 4660 4647
f 4658 4670 4671
f 4656 4668 4669
f 4653 4667 4654
f 4651 4665 4652
f 4649 4663 4650
f 4648 4660 4661
f 4656 4670 4657
f 4654 4668 4655
f 4653 4665 4666
f 4651 4663 4664
f 4661 4675 4662
f 4660 4672 4673
f 4670 4684 4671
f 4668 4682 4669
f 4667 4679 4680
f 4665 4677 4678
f 4663 4675 4676
f 4661 4673 4674
f 4670 4682 4683
f 4667 4681 4668
f 4665 4679 4666
f 4663 4677 4664
f 4675 4687 4688
f 4672 4686 4673
f 4684 4696 4697
f 4682 4694 4695
f 4679 4693 4680
f 4678 4690 4691
f 4676 4688 4689
f 4673 4687 4674
f 4683 4695 4696
f 4681 4693 4694
f 4678 4692 4679
f 4676 4690 4677
f 4688 4700 4701
f 4686 4698 4699
f 4696 4710 4697
f 4695 4707 4708
f 4692 4706 4693
f 4691 4703 4704
f 4688 4702 4689
f 4686 4700 4687
f 4695 4709 4696
f 4694 4706 4707
f 4692 4704 4705
f 4689 4703 4690
f 4701 4713 4714
f 4699 4711 4712
f 4710 4722 4723
f 4707 4721 4708
f 4705 4719 4706
f 4704 4716 4717
f 4701 4715 4702
f 4699 4713 4700
f 4709 4721 4722
f 4707 4719 4720
f 4705 4717 4718
f 4702 4716 4703
f 4713 4727 4714
f 4711 4725 4712
f 4723 4735 4736
f 4721 4733 4734
f 4719 4731 4732
f 4716 4730 4717
f 4715 4727 4728
f 4713 4725 4726
f 4721 4735 4722
f 4719 4733 4720
f 4717 4731 4718
f 4716 4728 4729
f 4726 4740 4727
f 4724 4738 4725
f 4736 4748 4749
f 4733 4747 4734
f 4732 4744 4745
f 4730 4742 4743
f 4728 4740 4741
f 4726 4738 4739
f 4735 4747 4748
f 4732 4746 4733
f 4730 4744 4731
f 4728 4742 4729
f 4739 4753 4740
f 4738 4750 4751
f 4748 4762 4749
f 4746 4760 4747
f 4745 4757 4758
f 4743 4755 4756
f 4740 4754 4741
f 4739 4751 4752
f 4747 4761 4748
f 4745 4759 4746
f 4744 4756 4757
f 4741 4755 4742
f 4753 4765 4766
f 4750 4764 4751
f 4762 4774 4775
f 4759 4773 4760
f 4758 4770 4771
f 4755 4769 4756
f 4753 4767 4754
f 4752 4764 4765
f 4760 4774 4761
f 4758 4772 4759
f 4757 4769 4770
f 4755 4767 4768
f 4765 4779 4766
f 4764 4776 4777
f 4774 4788 4775
f 4772 4786 4773
f 4771 4783 4784
f 4769 4781 4782
f 4767 4779 4780
f 4765 4777 4778
f 4774 4786 4787
f 4771 4785 4772
f 4769 4783 4770
f 4767 4781 4768
f 4779 4791 4792
f 4776 4790 4777
f 4788 4800 4801
f 4786 4798 4799
f 4783 4797 4784
f 4782 4794 4795
f 4780 4792 4793
f 4777 4791 4778
f 4787 4799 4800
f 4785 4797 4798
f 4782 4796 4783
f 4780 4794 4781
f 4792 4804 4805
f 4790 4802 4803
f 4800 4814 4801
f 4799 4811 4812
f 4796 4810 4797
f 4795 4807 4808
f 4792 4806 4793
f 4790 4804 4791
f 4799 4813 4800
f 4798 4810 4811
f 4796 4808 4809
f 4793 4807 4794
f 4805 4817 4818
f 4803 4815 4816
f 4814 4826 4827
f 4811 4825 4812
f 4809 4823 4810
f 4808 4820 4821
f 4805 4819 4806
f 4803 4817 4804
f 4813 4825 4826
f 4811 4823 4824
f 4809 4821 4822
f 4806 4820 4807
f 4817 4831 4818
f 4815 4829 4816
f 4826 4840 4827
f 4825 4837 4838
f 4823 4835 4836
f 4820 4834 4821
f 4819 4831 4832
f 4817 4829 4830
f 4825 4839 4826
f 4823 4837 4824
f 4821 4835 4822
f 4820 4832 4833
f 4830 4844 4831
f 4828 4842 4829
f 4840 4852 4853
f 4837 4851 4838
f 4836 4848 4849
f 4834 4846 4847
f 4832 4844 4845
f 4830 4842 4843
f 4839 4851 4852
f 4836 4850 4837
f 4834 4848 4835
f 4832 4846 4833
f 4843 4857 4844
f 4842 4854 4855
f 4852 4866 4853
f 4850 4864 4851
f 4849 4861 4862
f 4847 4859 4860
f 4844 4858 4845
f 4843 4855 4856
f 4851 4865 4852
f 4849 4863 4850
f 4848 4860 4861
f 4845 4859 4846
f 4857 4869 4870
f 4855 4867 4868
f 4866 4878 4879
f 4864 4876 4877
f 4862 4874 4875
f 4859 4873 4860
f 4857 4871 4858
f 4856 4868 4869
f 4864 4878 4865
f 4862 4876 4863
f 4861 4873 4874
f 4859 4871 4872
f 4869 4883 4870
f 4868 4880 4881
f 4878 4892 4879
f 4877 4889 4890
f 4874 4888 4875
f 4873 4885 4886
f 4871 4883 4884
f 4868 4882 4869
f 4878 4890 4891
f 4876 4888 4889
f 4873 4887 4874
f 4871 4885 4872
f 4883 4896 4897
f 4880 4895 4881
f 4892 4905 4906
f 4890 4903 4904
f 4887 4902 4888
f 4885 4900 4886
f 4884 4897 4898
f 4881 4896 4882
f 4891 4904 4905
f 4889 4902 4903
f 4886 4901 4887
f 4885 4898 4899
f 4897 4909 4910
f 4895 4907 4908
f 4905 4919 4906
f 4904 4916 4917
f 4901 4915 4902
f 4899 4913 4900
f 4897 4911 4898
f 4895 4909 4896
f 4904 4918 4905
f 4903 4915 4916
f 4901 4913 4914
f 4899 4911 4912
f 4910 4922 4923
f 4908 4920 4921
f 4919 4931 4932
f 4916 4930 4917
f 4914 4928 4915
f 4913 4925 4926
f 4910 4924 4911
f 4908 4922 4909
f 4918 4930 4931
f 4916 4928 4929
f 4914 4926 4927
f 4911 4925 4912
f 4922 4936 4923
f 4920 4934 4921
f 4931 4945 4932
f 4930 4942 4943
f 4928 4940 4941
f 4925 4939 4926
f 4924 4936 4937
f 4922 4934 4935
f 4930 4944 4931
f 4928 4942 4929
f 4926 4940 4927
f 4925 4937 4938
f 4935 4949 4936
f 4933 4947 4934
f 4945 4957 4958
f 4942 4956 4943
f 4941 4953 4954
f 4938 4952 4939
f 4937 4949 4950
f 4935 4947 4948
f 4944 4956 4957
f 4941 4955 4942
f 4939 4953 4940
f 4938 4950 4951
f 4948 4962 4949
f 4947 4959 4960
f 4957 4971 4958
f 4955 4969 4956
f 4954 4966 4967
f 4951 4965 4952
f 4949 4963 4950
f 4948 4960 4961
f 4956 4970 4957
f 4954 4968 4955
f 4953 4965 4966
f 4951 4963 4964
f 4962 4974 4975
f 4959 4973 4960
f 4971 4983 4984
f 4968 4982 4969
f 4966 4980 4967
f 4964 4978 4965
f 4962 4976 4963
f 4960 4974 4961
f 4969 4983 4970
f 4967 4981 4968
f 4966 4978 4979
f 4964 4976 4977
f 4975 4987 4988
f 4973 4985 4986
f 4983 4997 4984
f 4981 4995 4982
f 4979 4993 4980
f 4978 4990 4991
f 4976 4988 4989
f 4973 4987 4974
f 4983 4995 4996
f 4981 4993 4994
f 4978 4992 4979
f 4976 4990 4977
f 4988 5000 5001
f 4985 4999 4986
f 4997 5009 5010
f 4995 5007 5008
f 4992 5006 4993
f 4991 5003 5004
f 4989 5001 5002
f 4986 5000 4987
f 4996 5008 5009
f 4994 5006 5007
f 4991 5005 4992
f 4989 5003 4990
f 5001 5013 5014
f 4999 5011 5012
f 5009 5023 5010
f 5008 5020 5021
f 5005 5019 5006
f 5004 5016 5017
f 5001 5015 5002
f 4999 5013 5000
f 5008 5022 5009
f 5007 5019 5020
f 5005 5017 5018
f 5002 5016 5003
f 4893 4619 4632
f 4893 4632 4645
f 4893 4645 4658
f 4893 4658 4671
f 4893 4671 4684
f 4893 4684 4697
f 4893 4697 4710
f 4893 4710 4723
f 4893 4723 4736
f 4893 4736 4749
f 4893 4749 4762
f 4893 4762 4775
f 4893 4775 4788
f 4893 4788 4801
f 4893 4801 4814
f 4893 4814 4827
f 4893 4827 4840
f 4893 4840 4853
f 4893 4853 4866
f 4893 4866 4879
f 4893 4879 4892
f 4893 4892 4906
f 4893 4906 4919
f 4893 4919 4932
f 4893 4932 4945
f 4893 4945 4958
f 4893 4958 4971
f 4893 4971 4984
f 4893 4984 4997
f 4893 4997 5010
f 4893 5010 5023
f 5014 4609 4610
f 5012 4607 4608
f 5022 4619 5023
f 5020 4617 5021
f 5018 4615 5019
f 5017 4612 4613
f 5014 4611 5015
f 5012 4609 5013
f 4893 5023 4619
f 5021 4618 5022
f 5020 4615 4616
f 5018 4613 4614
f 5015 4612 5016
f 4481 5011 4606
f 5011 4602 4606
f 4998 4597 4602
f 4985 4593 4597
f 4593 4959 4589
f 4589 4946 4585
f 4585 4933 4581
f 4933 4577 4581
f 4577 4907 4573
f 4907 4569 4573
f 4894 4565 4569
f 4880 4561 4565
f 4561 4854 4557
f 4557 4841 4553
f 4553 4828 4549
f 4828 4545 4549
f 4545 4802 4541
f 4802 4537 4541
f 4789 4533 4537
f 4776 4529 4533
f 4529 4750 4525
f 4525 4737 4521
f 4521 4724 4517
f 4724 4513 4517
f 4513 4698 4509
f 4698 4505 4509
f 4685 4501 4505
f 4672 4497 4501
f 4497 4646 4493
f 4493 4633 4489
f 4489 4620 4485
f 4620 4481 4485
f 4 3 2
f 8 7 6
f 13 16 15
f 17 28 19
f 32 31 30
f 36 35 34
f 37 40 39
f 21 22 23
f 25 26 27
f 41 44 43
f 48 47 46
f 52 51 50
f 53 56 55
f 60 59 58
f 29 30 62
f 66 65 64
f 67 5 6
f 72 71 70
f 76 75 74
f 77 80 79
f 81 84 83
f 59 87 86
f 88 91 90
f 96 95 94
f 100 99 98
f 101 104 103
f 106 105 34
f 108 116 115
f 117 119 36
f 124 127 126
f 131 130 129
f 132 102 134
f 142 141 140
f 148 106 60
f 144 143 127
f 149 152 151
f 156 155 154
f 159 150 158
f 116 108 164
f 171 170 169
f 174 126 173
f 179 182 181
f 186 189 188
f 194 197 196
f 199 142 139
f 206 209 208
f 213 212 211
f 202 215 214
f 96 93 216
f 92 238 43
f 97 184 246
f 250 249 229
f 252 254 58
f 258 257 256
f 260 91 229
f 110 111 112
f 114 264 263
f 265 268 267
f 56 53 270
f 274 273 249
f 185 183 63
f 280 279 278
f 285 284 283
f 288 219 211
f 141 142 92
f 289 290 175
f 148 116 105
f 312 311 170
f 238 262 42
f 318 163 160
f 310 309 308
f 241 239 325
f 160 230 240
f 47 48 307
f 108 109 315
f 345 85 86
f 348 351 350
f 356 359 358
f 355 354 353
f 363 31 32
f 364 252 253
f 366 125 368
f 183 372 371
f 163 162 161
f 209 226 101
f 378 377 165
f 379 295 381
f 383 382 3
f 284 285 386
f 387 127 389
f 391 259 229
f 73 281 397
f 405 408 407
f 203 218 411
f 414 121 413
f 1 356 357
f 277 276 131
f 254 344 57
f 358 384 415
f 417 416 386
f 401 400 192
f 419 389 127
f 421 181 182
f 103 301 302
f 428 367 368
f 380 390 359
f 62 204 266
f 140 141 431
f 357 358 351
f 356 1 379
f 415 392 403
f 437 428 436
f 438 441 440
f 188 451 450
f 265 455 181
f 224 185 64
f 237 212 213
f 275 131 128
f 281 282 460
f 50 462 79
f 73 74 282
f 468 467 466
f 390 355 352
f 482 485 484
f 489 488 487
f 493 496 495
f 472 471 470
f 502 501 500
f 220 221 222
f 512 419 143
f 518 517 511
f 513 239 230
f 205 30 31
f 189 370 451
f 163 318 532
f 533 224 225
f 446 448 447
f 335 541 540
f 544 512 546
f 329 519 291
f 199 534 262
f 385 386 416
f 532 190 191
f 363 117 118
f 578 581 580
f 573 572 571
f 561 563 562
f 241 260 259
f 590 593 592
f 545 546 595
f 503 154 155
f 606 625 624
f 478 481 480
f 646 649 648
f 590 591 689
f 564 565 651
f 728 246 184
f 714 724 716
f 692 574 575
f 541 335 581
f 346 68 248
f 161 231 230
f 128 129 94
f 698 705 704
f 574 577 576
f 290 289 401
f 630 631 725
f 733 736 735
f 755 466 496
f 759 480 481
f 757 763 762
f 764 496 466
f 768 767 3808
f 759 760 488
f 492 474 475
f 474 770 769
f 773 468 465
f 771 774 486
f 484 485 775
f 774 776 489
f 495 496 764
f 495 757 761
f 137 397 784
f 325 239 797
f 165 519 51
f 369 32 29
f 730 731 568
f 90 302 301
f 243 118 516
f 800 734 806
f 817 815 808
f 816 808 823
f 306 303 447
f 815 810 809
f 829 830 828
f 726 725 501
f 274 427 424
f 879 882 881
f 884 883 879
f 219 218 217
f 906 905 904
f 455 204 205
f 898 882 830
f 903 900 880
f 377 291 519
f 923 949 948
f 946 947 951
f 3519 740 739
f 900 899 886
f 225 64 65
f 182 445 442
f 809 952 947
f 954 960 962
f 927 950 965
f 885 879 880
f 925 927 966
f 343 342 341
f 965 964 971
f 968 971 970
f 972 968 969
f 963 961 981
f 336 337 338
f 992 993 827
f 810 815 996
f 1007 1001 1002
f 1012 826 827
f 1011 1009 1007
f 294 293 292
f 907 908 920
f 1017 579 1019
f 1020 1023 1022
f 1035 1024 1020
f 1061 1060 1047
f 1063 1061 1046
f 1044 1020 1021
f 1102 1094 1097
f 1116 1126 1118
f 1016 1015 1014
f 881 897 904
f 816 1116 1127
f 1094 948 949
f 514 342 167
f 146 145 81
f 1133 1135 1130
f 1102 1133 1126
f 822 1126 1116
f 1145 1143 1148
f 1076 1144 1151
f 1148 1143 1086
f 1109 1097 1114
f 1154 1153 1156
f 1153 925 967
f 3464 3497 463
f 1144 1147 1152
f 1156 967 1163
f 1164 1162 1169
f 1145 1171 1176
f 1114 1115 1154
f 1183 1155 1164
f 1184 1183 1177
f 1069 1151 1062
f 1023 1191 1194
f 1162 1163 1170
f 1195 1184 1185
f 1183 1196 1176
f 1201 1063 1152
f 1061 1063 1201
f 3825 847 843
f 1203 1202 1195
f 1202 1201 1184
f 1218 1060 1203
f 1060 1061 1202
f 1225 1218 1217
f 671 695 694
f 1219 1217 1024
f 1217 1203 1034
f 1226 1014 1015
f 1243 1242 1234
f 1231 1230 1229
f 847 1243 1233
f 843 1233 1244
f 1233 1234 1245
f 1923 3761 233
f 2100 2108 499
f 3914 3864 2135
f 61 62 323
f 210 211 217
f 1299 1310 1309
f 3863 1230 1231
f 1066 1047 1321
f 1322 1321 1228
f 1060 1218 1321
f 1325 1324 1323
f 1244 1245 1332
f 1290 1234 1242
f 1337 1330 1339
f 1330 1332 1340
f 1341 1332 1245
f 1342 1340 1332
f 1343 1342 1341
f 1344 1341 1294
f 3857 3856 1345
f 1347 1348 1342
f 3856 3854 1295
f 1349 1350 1348
f 3861 1349 1347
f 3853 1347 1343
f 906 898 829
f 905 906 1353
f 865 1356 1355
f 1355 1353 829
f 1357 1355 825
f 1356 1354 1353
f 3834 1337 1338
f 866 1358 1356
f 1358 1359 1354
f 3828 878 1337
f 838 1362 1012
f 1363 1364 1338
f 1368 1363 1339
f 1348 1368 1340
f 1371 1369 3824
f 524 525 526
f 528 529 530
f 1372 1370 1369
f 535 536 537
f 1367 1368 1348
f 1370 1354 1359
f 1369 1359 3833
f 1373 910 903
f 555 556 557
f 1374 909 910
f 1373 904 905
f 1374 1373 1375
f 1375 905 1354
f 1378 920 908
f 376 373 651
f 1388 928 973
f 586 587 588
f 1390 1389 1388
f 1391 1388 969
f 597 598 599
f 600 601 602
f 1392 1391 970
f 608 609 610
f 612 524 523
f 614 615 616
f 617 618 25
f 620 621 622
f 1397 1390 1391
f 1398 1397 1392
f 1400 987 920
f 1402 1403 1165
f 636 637 638
f 930 1404 1402
f 641 642 643
f 929 1402 1169
f 1404 1405 1403
f 1411 1366 1365
f 1412 1406 1415
f 652 653 654
f 609 656 657
f 659 660 661
f 558 663 586
f 665 666 667
f 1413 1411 1406
f 1418 1416 3810
f 1417 1372 1371
f 1416 1371 3829
f 1419 1417 1416
f 1386 909 1374
f 677 678 679
f 1385 1386 1420
f 1420 1374 1376
f 685 686 687
f 1421 1420 1422
f 528 690 691
f 1422 1376 1372
f 1018 1019 747
f 699 700 701
f 1424 578 579
f 3663 1597 1767
f 700 699 711
f 1093 3746 3754
f 717 718 530
f 721 722 723
f 704 1650 3543
f 19 1429 1426
f 1429 1428 1427
f 1658 1659 3542
f 1439 1437 1434
f 1437 1436 1435
f 1426 1427 1433
f 1442 1431 1432
f 742 743 744
f 1432 1433 1441
f 751 752 753
f 1438 1434 1403
f 1446 1445 1444
f 1447 1448 1446
f 3860 1447 1443
f 1415 1367 1445
f 1414 1415 1446
f 2173 1683 469
f 777 778 779
f 780 781 782
f 1676 1693 1806
f 3859 1451 1349
f 789 790 791
f 745 792 793
f 652 794 795
f 1455 1458 1457
f 1454 1367 1350
f 610 691 802
f 3831 3816 698
f 1352 1044 1045
f 1015 1016 1459
f 811 812 813
f 2118 3815 3817
f 819 820 821
f 1466 1463 1194
f 1467 1468 1465
f 1182 1165 1468
f 832 812 833
f 835 836 837
f 1467 1466 1190
f 1469 1470 1444
f 840 700 712
f 1453 1470 1469
f 599 844 845
f 1226 1450 3849
f 851 852 853
f 855 744 856
f 858 859 860
f 861 862 863
f 1014 1226 3855
f 867 676 868
f 870 871 872
f 874 875 876
f 1310 1323 1471
f 1476 1433 1427
f 1461 1476 1475
f 887 888 889
f 788 791 892
f 894 895 896
f 1460 1475 1227
f 901 902 524
f 1465 1478 1477
f 1865 3503 3500
f 911 912 913
f 916 917 918
f 1850 3505 3507
f 921 922 895
f 1479 1435 1436
f 926 664 667
f 1481 562 563
f 269 1483 84
f 931 932 933
f 934 935 614
f 936 685 688
f 938 659 662
f 1484 270 122
f 941 942 835
f 320 321 509
f 1849 3510 3505
f 84 1483 1484
f 1487 1490 1488
f 1757 1758 3502
f 365 1492 1491
f 461 79 80
f 117 363 362
f 1494 540 541
f 926 601 957
f 1477 1441 1433
f 1709 1588 1585
f 119 117 1496
f 271 1497 504
f 511 517 189
f 345 1496 1492
f 57 344 299
f 1501 1499 268
f 267 268 1499
f 974 975 976
f 1678 1652 1693
f 3846 1682 1807
f 557 982 663
f 983 941 984
f 1443 1444 3849
f 421 1500 268
f 989 990 991
f 1490 1487 418
f 279 280 309
f 997 868 676
f 998 26 999
f 1504 418 38
f 1506 1508 1507
f 360 361 1508
f 1506 1486 207
f 939 1005 1006
f 270 1484 1483
f 66 63 546
f 1010 742 793
f 367 428 437
f 244 31 363
f 1670 3532 3534
f 209 206 1510
f 388 389 426
f 427 274 250
f 161 520 521
f 100 246 45
f 1025 1026 608
f 1029 1030 1031
f 939 662 1033
f 41 42 594
f 1036 780 783
f 702 701 1038
f 1040 1041 1042
f 362 32 369
f 187 1520 477
f 70 1487 539
f 1049 600 603
f 613 867 869
f 860 1050 1051
f 1005 1052 1053
f 753 1055 1056
f 1057 1058 1059
f 293 288 1522
f 288 212 1521
f 292 1522 1523
f 331 1507 1508
f 306 452 453
f 100 44 41
f 462 1524 78
f 330 331 1524
f 635 1067 1068
f 1485 1527 1526
f 206 1485 1528
f 1070 1071 1072
f 942 941 1073
f 916 933 1075
f 440 1529 1530
f 157 158 1514
f 1529 162 5
f 371 595 546
f 790 586 663
f 1077 858 857
f 1403 1434 1435
f 1080 1081 1082
f 531 520 1529
f 21 1083 1084
f 272 1532 1531
f 690 712 802
f 335 3571 3567
f 1090 1030 1029
f 1092 795 794
f 1533 396 137
f 661 660 1095
f 69 444 445
f 1099 1100 1101
f 38 39 1536
f 1104 1105 1106
f 852 1107 1108
f 1377 908 909
f 291 377 411
f 316 1536 516
f 539 1488 1533
f 1505 1536 316
f 1110 1111 1112
f 1539 1537 460
f 522 441 1537
f 834 837 1120
f 1122 1123 1124
f 612 1125 1041
f 935 793 615
f 276 278 130
f 1686 3549 3522
f 193 190 1541
f 231 521 1540
f 556 1037 982
f 365 253 85
f 190 532 318
f 1810 765 3574
f 3924 1867 3512
f 1132 983 985
f 208 101 102
f 1134 1033 662
f 1491 518 80
f 429 133 1542
f 1137 1138 915
f 172 436 428
f 1139 1140 1141
f 549 96 54
f 1517 1519 1518
f 834 1119 984
f 1543 513 286
f 1544 797 239
f 133 134 1544
f 506 361 257
f 420 327 328
f 1158 1159 1160
f 587 1104 1103
f 607 1161 1027
f 304 1546 1545
f 364 1491 77
f 69 70 198
f 700 840 1112
f 3877 626 3525
f 1166 719 657
f 1167 1168 858
f 1300 3523 3524
f 1172 1173 1174
f 218 203 200
f 1179 1180 1181
f 372 183 97
f 89 104 227
f 1186 1187 1188
f 172 173 1517
f 1482 84 81
f 1090 1192 1193
f 394 395 353
f 526 525 1198
f 1199 1200 1026
f 606 623 697
f 1204 1205 1206
f 1207 1208 523
f 1209 1210 867
f 914 913 685
f 1478 1436 1441
f 1029 1028 1161
f 1211 1212 1213
f 3858 1453 1451
f 844 1215 1216
f 423 193 273
f 1220 1221 1222
f 22 1223 1224
f 882 898 897
f 1519 1517 173
f 1189 1188 1232
f 349 350 550
f 1071 1235 1236
f 1237 1238 1239
f 1221 1186 1189
f 1510 1528 1512
f 939 1032 1241
f 1556 1530 5
f 1553 1554 394
f 404 1556 67
f 1247 1248 1249
f 142 199 238
f 1251 1067 635
f 850 1252 1253
f 1254 1167 1077
f 57 132 133
f 443 430 552
f 1187 1172 1175
f 1256 1070 831
f 432 405 382
f 741 748 747
f 434 350 351
f 349 432 383
f 251 124 1481
f 395 384 352
f 1518 1519 1550
f 1558 410 378
f 109 263 314
f 285 1514 1513
f 395 394 393
f 202 203 410
f 417 408 405
f 1246 1257 1258
f 3 1559 297
f 1259 1260 1261
f 403 404 347
f 955 954 953
f 462 50 51
f 1096 1095 687
f 429 147 60
f 896 1264 1265
f 1267 721 1268
f 423 424 327
f 37 179 180
f 20 23 1187
f 1256 1168 1071
f 1188 1175 1269
f 1236 1270 1271
f 1272 536 535
f 565 564 463
f 1273 792 745
f 876 1254 1255
f 316 33 164
f 437 1516 503
f 194 1494 1495
f 1275 1276 864
f 624 625 631
f 1277 1274 1137
f 569 568 567
f 1481 124 125
f 324 325 547
f 1279 1108 1107
f 1525 332 329
f 1281 1278 1137
f 171 168 1553
f 1488 73 396
f 1557 1561 1562
f 1282 856 1206
f 1053 1277 1278
f 778 777 607
f 713 583 3566
f 251 225 144
f 4 357 348
f 709 708 707
f 728 48 45
f 261 135 1563
f 789 1286 1287
f 74 314 263
f 403 284 385
f 1178 1181 1240
f 1223 1259 1289
f 1220 20 1186
f 296 1518 354
f 784 459 1538
f 1181 1180 1291
f 1269 1292 1257
f 1566 1538 438
f 136 784 1566
f 1563 1564 169
f 107 114 109
f 1297 1282 1298
f 1464 1477 1476
f 1520 187 507
f 1301 1302 1303
f 1306 1307 1308
f 175 456 1532
f 1532 456 200
f 1311 1266 1312
f 872 1314 1315
f 3836 843 878
f 1305 1308 864
f 1040 1275 863
f 1564 1566 399
f 592 1576 1575
f 591 1575 1088
f 1581 1584 1583
f 1196 1152 1147
f 710 582 583
f 285 407 408
f 953 954 961
f 1594 1592 1589
f 1585 1588 1587
f 1592 1591 1590
f 3885 945 944
f 1600 1599 1598
f 1604 1603 1602
f 1399 1392 979
f 1589 1590 1596
f 1610 1609 1608
f 298 257 361
f 551 552 276
f 1627 1626 3814
f 859 811 818
f 1078 857 1328
f 1555 439 1530
f 572 573 680
f 772 465 776
f 977 1281 918
f 404 403 392
f 1054 1331 750
f 1644 1645 1643
f 932 1265 1082
f 1067 1333 1334
f 1540 1539 264
f 597 1335 643
f 471 761 762
f 1642 696 3831
f 1644 1642 3842
f 923 946 950
f 96 549 548
f 520 531 522
f 445 444 443
f 849 839 848
f 480 759 755
f 1646 760 481
f 311 426 1567
f 464 463 3497
f 3497 1360 1361
f 234 237 236
f 190 193 192
f 153 154 152
f 231 287 286
f 1552 1553 1551
f 760 1646 1648
f 3832 1647 1649
f 828 827 826
f 52 167 166
f 1663 1662 1661
f 287 107 115
f 668 671 670
f 634 645 640
f 553 560 559
f 118 36 33
f 492 484 491
f 3552 1652 1651
f 582 589 584
f 384 395 392
f 1381 1382 1383
f 1562 1561 435
f 952 953 951
f 3529 3566 583
f 1660 1661 1667
f 1394 1395 1396
f 1660 1665 1664
f 1671 1670 1669
f 1624 1625 1673
f 1407 1408 1409
f 1677 1676 1675
f 1613 1679 1677
f 1679 1678 1676
f 1626 1681 3811
f 534 199 198
f 803 733 734
f 400 248 191
f 65 66 143
f 3526 1657 1656
f 402 159 157
f 629 628 627
f 461 477 49
f 758 757 495
f 796 787 786
f 406 407 1513
f 342 343 166
f 1694 1659 1658
f 1692 1687 1694
f 3557 1693 1652
f 3921 1704 1703
f 326 547 302
f 3916 3921 1702
f 3919 3918 1698
f 1699 1691 3927
f 1557 406 1560
f 1127 1116 1117
f 400 401 289
f 1706 1702 1707
f 1707 1702 1599
f 1709 1706 1708
f 1714 1712 1711
f 3919 3915 1709
f 1704 1711 1577
f 1716 1714 1713
f 1559 1562 1549
f 1722 1721 1720
f 1335 597 596
f 410 411 377
f 973 1170 1163
f 168 169 399
f 1571 682 1089
f 1572 681 682
f 749 646 647
f 1730 1724 1723
f 1594 1582 1729
f 1729 1723 1591
f 1384 1378 1377
f 1732 1731 1712
f 1724 1730 1731
f 1722 1724 1732
f 1721 1722 1733
f 1734 1733 1716
f 1735 1737 1736
f 1733 1732 1714
f 1663 1664 1741
f 1742 1665 1740
f 1738 1739 1737
f 1665 1660 1666
f 1665 1742 1744
f 1725 1726 1746
f 1591 1725 1745
f 1590 1745 1747
f 1745 1746 1748
f 1659 1688 3538
f 3287 1760 3545
f 1185 1177 1182
f 1664 1744 1749
f 1741 1749 1739
f 1746 1742 1743
f 1726 1744 1742
f 1115 924 1153
f 1654 3546 3575
f 1896 3562 3549
f 1720 1749 1744
f 1721 1739 1749
f 1750 1718 1701
f 1697 1736 1750
f 1151 1152 1063
f 1751 1752 1670
f 1695 1658 1752
f 961 962 986
f 1770 1769 1768
f 1766 1594 1593
f 1731 1759 1579
f 1579 1777 1774
f 3928 1772 1771
f 1764 1772 3928
f 1777 1776 1775
f 3762 3763 1699
f 1004 1127 1128
f 1774 1775 1771
f 987 1400 1399
f 1578 1774 1772
f 1783 1782 1781
f 1597 1598 1770
f 639 1878 3895
f 3928 3929 1769
f 1793 1792 1789
f 3929 3920 1798
f 3508 3516 3773
f 1802 1867 3924
f 1788 1790 1794
f 1793 1794 1795
f 3773 3772 1675
f 1584 1581 1783
f 1771 1797 3920
f 1801 1799 1798
f 1768 1769 1798
f 1775 1796 1797
f 508 514 515
f 1796 1803 1802
f 1800 1798 3920
f 1794 1805 1804
f 3532 1670 1752
f 485 1808 1807
f 3809 3844 1640
f 3837 3844 1810
f 485 482 1640
f 1690 1691 3770
f 487 488 1648
f 3839 1813 1816
f 3838 1811 1648
f 3839 1812 1811
f 1812 1809 487
f 1641 1809 767
f 465 466 755
f 767 1815 3823
f 3822 1816 3826
f 1809 1812 1815
f 3837 1653 1651
f 675 672 3541
f 1814 1649 1822
f 1821 1822 3821
f 1824 1822 1649
f 1827 1849 1850
f 1668 1669 1662
f 1779 1780 1848
f 1790 1827 1805
f 1833 1836 1853
f 3521 3506 693
f 1614 1615 1616
f 1852 1853 3498
f 1620 1621 1622
f 1855 1765 1574
f 1847 1852 3501
f 1766 1765 1855
f 1629 1630 1631
f 1633 1622 1634
f 1635 1636 1637
f 1848 1833 1852
f 1855 1861 1863
f 1803 1866 1867
f 1862 1863 1831
f 1782 1855 1862
f 3922 3924 1865
f 1873 1872 1870
f 1874 1869 799
f 2045 3878 3897
f 1219 1345 1295
f 1615 1614 1396
f 3884 3895 1877
f 645 3898 3786
f 1345 1219 1035
f 634 639 3884
f 15 1887 1327
f 3910 3895 1878
f 1894 604 605
f 3506 3551 627
f 3560 640 645
f 340 341 454
f 1897 194 195
f 1889 1882 1877
f 1901 94 129
f 196 749 754
f 1705 1704 3921
f 340 378 166
f 1570 1480 563
f 1904 1494 194
f 1781 1862 1832
f 1905 549 55
f 1000 994 995
f 986 919 920
f 1191 1185 1190
f 2094 2077 2075
f 1920 1921 1919
f 453 454 1912
f 1915 1919 1918
f 3882 2112 2106
f 1655 3575 3531
f 1916 1918 1926
f 704 3554 3561
f 278 1916 1925
f 3565 3564 1818
f 1097 949 1115
f 1927 1928 727
f 3578 3579 3654
f 1920 310 307
f 1929 307 48
f 503 504 1497
f 1902 1903 787
f 1816 1821 3820
f 1925 1926 1923
f 1535 1569 1568
f 254 252 258
f 1509 1497 366
f 119 86 35
f 219 288 293
f 141 46 47
f 542 205 244
f 1940 552 430
f 1779 1828 1827
f 1701 1710 3915
f 1661 3550 3515
f 270 53 754
f 197 1947 749
f 1727 1728 1212
f 53 54 232
f 1465 1468 1479
f 1284 3862 3854
f 1951 446 412
f 168 398 1554
f 1486 1485 206
f 506 77 78
f 994 1001 1007
f 951 953 963
f 1013 3859 3861
f 3826 3820 1820
f 1498 1909 1954
f 299 298 543
f 1754 1755 1756
f 1681 469 1683
f 1696 1694 1695
f 13 14 738
f 473 476 475
f 482 1641 768
f 204 62 30
f 1761 1762 820
f 611 1763 1125
f 1501 1503 1908
f 1074 1073 711
f 1960 1944 82
f 120 1956 1960
f 35 86 87
f 1773 1199 1025
f 1965 1545 1569
f 494 761 471
f 1966 1967 1969
f 446 1951 1971
f 174 368 125
f 1580 1579 1578
f 1785 1786 1787
f 1972 1546 304
f 1254 876 875
f 1973 341 342
f 321 1912 1973
f 1910 277 275
f 509 1973 514
f 1486 1507 1527
f 1974 1874 804
f 1977 1976 1974
f 1980 448 1966
f 379 1 2
f 1718 1715 1710
f 884 995 992
f 1680 1684 1678
f 902 990 525
f 344 255 256
f 135 138 137
f 448 446 1967
f 589 605 604
f 910 909 908
f 1981 1966 1968
f 1982 1981 1987
f 1988 1979 1987
f 1990 1988 1989
f 1991 1989 1993
f 322 321 320
f 992 828 830
f 1144 1076 1086
f 1995 1977 1978
f 1133 1129 1118
f 1997 1995 1994
f 870 1823 1335
f 805 806 1982
f 727 184 2000
f 1996 1994 1988
f 1994 1978 1979
f 1829 616 792
f 1830 1073 941
f 798 803 800
f 729 732 731
f 2011 2012 2023
f 1834 1835 846
f 402 283 284
f 2022 2023 2024
f 1838 718 989
f 810 955 952
f 1823 1839 1840
f 1430 1426 1432
f 1215 844 1841
f 1316 1208 873
f 2112 1401 1384
f 1842 1843 1844
f 1159 846 845
f 837 27 1846
f 1971 1951 2030
f 517 369 370
f 1471 2026 2027
f 3551 3525 626
f 2174 2175 770
f 935 934 1854
f 1613 1619 1611
f 1231 1228 1225
f 1856 1857 891
f 1300 1309 748
f 1150 1149 1858
f 1643 606 696
f 1215 1265 1264
f 1320 1860 902
f 1956 1943 1944
f 2031 668 669
f 2034 1325 1310
f 1879 1880 1656
f 40 245 242
f 1992 1993 2039
f 888 958 957
f 1882 1889 1996
f 1078 1138 1255
f 1871 912 1192
f 294 411 218
f 1323 2041 2026
f 123 1960 83
f 1324 2036 2041
f 384 358 359
f 1324 1325 2038
f 1883 1884 1885
f 287 1540 114
f 1096 1886 1134
f 915 1329 931
f 806 1980 1981
f 3533 3529 584
f 1425 2030 2042
f 1018 2042 1948
f 3562 1896 740
f 1948 2042 649
f 1881 1882 1990
f 1900 129 130
f 992 995 994
f 923 927 925
f 3878 2045 2047
f 1643 2048 625
f 2050 2052 2051
f 2045 1405 1404
f 3876 2047 945
f 1139 1080 1079
f 1037 1856 892
f 2055 2053 2057
f 1198 989 718
f 1619 2058 1612
f 2058 1605 1606
f 2059 2060 1607
f 2058 1619 1624
f 71 72 179
f 405 406 1557
f 322 1548 1972
f 2061 2052 2063
f 2066 2065 2067
f 2052 2061 2064
f 1609 1610 2066
f 1515 151 152
f 1009 827 993
f 1644 3843 3815
f 279 1915 1916
f 1285 3863 3862
f 1647 2066 1825
f 2056 2057 2067
f 319 320 1953
f 667 666 1913
f 2070 631 625
f 2052 2050 2055
f 2038 1654 1655
f 1606 1601 2073
f 1235 1917 1270
f 2072 2073 2075
f 2059 1606 2072
f 2074 2075 2077
f 1601 1602 2078
f 2049 2048 1643
f 1000 1004 1001
f 1089 943 684
f 1931 1286 1306
f 1462 1459 1021
f 1932 1933 1934
f 875 874 1846
f 1936 1051 1937
f 44 45 46
f 1534 1955 1956
f 1541 318 317
f 2081 2082 2084
f 146 1945 1959
f 1360 1941 1942
f 985 984 1032
f 1995 1997 1892
f 2079 2080 2082
f 2095 2096 2076
f 2081 2093 2078
f 2055 2050 2054
f 501 2096 2095
f 2097 2100 2099
f 2098 2099 2094
f 2140 2141 3893
f 2141 2046 3894
f 2051 2070 2048
f 592 2102 2101
f 2071 2064 2076
f 2102 2097 2098
f 593 2103 2102
f 1019 1895 746
f 1950 11 12
f 725 2071 2096
f 1385 2105 2104
f 1379 2104 2106
f 2107 2108 2100
f 3908 726 502
f 3896 502 499
f 940 1389 2109
f 928 929 1170
f 3868 590 684
f 1962 1963 1964
f 3878 680 573
f 2039 1993 1968
f 1389 1390 2110
f 1398 2111 2113
f 3757 3755 3753
f 3911 3883 2107
f 949 923 924
f 260 241 324
f 1390 1397 2113
f 2070 2051 2064
f 3867 3911 2103
f 2105 1385 1421
f 2114 1421 1423
f 3892 2114 2115
f 3908 2105 2114
f 554 2116 1902
f 972 1163 967
f 1765 1593 1573
f 1984 1985 1986
f 2053 2117 2069
f 3573 3556 724
f 1625 1677 1674
f 3881 3888 2119
f 3903 2115 2123
f 56 1954 1906
f 626 3877 3879
f 2001 2002 2003
f 3912 3841 2127
f 2006 2007 2008
f 2127 1413 1412
f 2014 2015 2016
f 2018 2019 2020
f 1495 1424 1947
f 1379 1377 1386
f 3814 3811 1680
f 2029 1885 1884
f 3902 2128 2120
f 629 3879 3914
f 682 683 943
f 724 1650 2121
f 1757 1819 3821
f 765 1810 3844
f 3851 714 715
f 706 707 3870
f 981 986 987
f 1457 1868 1656
f 2017 2016 2032
f 1458 1655 1868
f 1776 1777 1792
f 1959 1945 1946
f 3663 3715 3725
f 3913 3881 2122
f 1093 1089 689
f 966 965 968
f 3852 715 3881
f 2172 3577 2170
f 670 2138 2137
f 3761 787 1903
f 1429 19 28
f 964 963 978
f 3841 3813 1413
f 1473 1474 669
f 3834 3833 1359
f 2138 798 1870
f 1872 1473 2137
f 715 716 3888
f 1881 1991 1992
f 3843 3842 739
f 1837 1847 3513
f 253 58 59
f 1808 3837 3840
f 1647 3832 3818
f 3865 3866 671
f 2112 3882 3883
f 1405 2045 2044
f 3829 3824 1364
f 273 1541 391
f 576 632 3520
f 3875 3865 668
f 1430 1431 2140
f 2136 3850 3860
f 1430 2139 18
f 3893 3894 570
f 1442 1439 2046
f 1431 1442 2141
f 3869 3913 3850
f 3808 3823 1817
f 3866 3893 695
f 2142 2025 798
f 571 2143 2142
f 3819 3814 1618
f 2143 2022 2025
f 694 2142 2138
f 681 1572 2144
f 2144 2011 2022
f 328 210 457
f 1572 2010 2011
f 630 3892 3903
f 2085 2086 2087
f 2090 2091 2092
f 572 2144 2143
f 1875 1976 2153
f 1873 1875 2149
f 2103 2107 2097
f 2157 2043 2155
f 2128 1412 1414
f 3874 3871 589
f 3872 3870 628
f 2149 2153 2158
f 2159 2158 3905
f 698 3907 3902
f 3823 3847 3827
f 2158 2156 3874
f 1438 2044 2046
f 2035 2154 2160
f 2161 2160 3889
f 3871 3891 605
f 3873 17 18
f 370 29 61
f 649 1951 413
f 2153 2157 2156
f 1428 1429 1449
f 1490 76 73
f 3890 3905 710
f 2155 1891 3891
f 1456 1457 1880
f 2125 2088 2087
f 2160 2159 3890
f 300 1959 505
f 1064 1062 1046
f 2043 1892 1891
f 2129 2130 2004
f 2131 2132 2133
f 3848 3849 1450
f 1998 1975 804
f 3879 673 3864
f 474 492 490
f 1164 1165 1182
f 707 2162 3909
f 708 1472 2162
f 2162 2161 3886
f 548 549 1905
f 1145 1136 1114
f 705 2121 1650
f 2043 2157 1977
f 737 738 554
f 1034 1195 1191
f 458 1905 1907
f 195 196 232
f 2040 2039 1969
f 2145 2146 2147
f 2054 2050 2049
f 3832 1646 1639
f 9 12 11
f 252 364 506
f 472 478 479
f 1865 3924 3791
f 900 903 910
f 1941 2150 2151
f 1921 1928 1927
f 2163 1897 1898
f 271 156 153
f 1904 1326 12
f 282 263 264
f 1872 1873 2154
f 1326 1904 1897
f 628 692 693
f 1724 1722 1719
f 1549 1562 436
f 1582 1583 1730
f 1921 1920 1929
f 3563 3511 10
f 2152 2037 1950
f 475 772 774
f 769 2172 2171
f 2171 2165 476
f 476 773 772
f 1791 565 464
f 2166 2167 2168
f 595 371 372
f 483 1809 1641
f 762 2174 2173
f 771 483 484
f 486 487 1809
f 297 1549 1517
f 763 2175 2174
f 776 755 759
f 184 185 2176
f 412 447 303
f 2005 2176 185
f 3811 1681 1682
f 2164 2170 756
f 1472 2035 2161
f 950 951 964
f 2177 2178 2179
f 227 226 1510
f 2182 2183 2184
f 2186 2019 2018
f 1985 2182 2181
f 214 736 729
f 865 849 842
f 849 865 1357
f 559 3187 3188
f 16 13 737
f 560 553 498
f 3193 3196 3195
f 3200 3197 3198
f 3211 3214 3213
f 3215 3218 3217
f 2187 2188 2002
f 2169 2168 2189
f 2192 2086 2085
f 2193 2194 2195
f 2198 2199 2200
f 1998 1982 1979
f 3664 3665 3668
f 2116 1898 1903
f 1859 2006 2009
f 3904 2123 2126
f 1135 1148 1087
f 2201 2202 2015
f 1149 111 110
f 3221 3222 3218
f 2203 2204 2205
f 579 580 1895
f 1755 2207 2208
f 3891 3910 1893
f 1211 2151 2150
f 868 997 2210
f 944 945 930
f 2130 2129 2202
f 233 1903 1898
f 665 751 750
f 1167 1254 999
f 2211 2212 2213
f 2215 2216 2217
f 3867 593 590
f 2220 221 220
f 823 824 948
f 3225 3220 3227
f 266 204 455
f 3882 2108 2107
f 2221 2222 3519
f 2223 2224 2225
f 2207 2125 2124
f 673 674 3869
f 817 1000 996
f 2227 2228 2146
f 1947 1948 646
f 3900 2135 17
f 2229 1635 1638
f 1679 1613 1618
f 1637 2231 2232
f 2233 2234 1617
f 2231 2235 2236
f 1381 1638 2238
f 3586 2241 2242
f 1630 2234 2233
f 1681 1626 472
f 1408 1407 2243
f 3236 3239 3238
f 3232 3241 3240
f 1637 2230 2238
f 3237 3238 3233
f 1409 1408 1634
f 1380 1383 2247
f 1628 2248 2245
f 2249 1623 1622
f 1632 1634 1408
f 2248 1628 1631
f 2235 2231 1637
f 3245 3246 3199
f 631 2070 2071
f 515 167 52
f 782 781 2251
f 2253 2254 2255
f 397 281 459
f 1456 2039 2040
f 2040 2041 2036
f 1401 2112 2111
f 2041 2040 1970
f 1535 121 414
f 1586 1587 2080
f 2256 983 1132
f 1700 1699 3918
f 3815 1896 1686
f 1263 2256 1886
f 598 1841 844
f 2257 2258 2259
f 2258 2261 2262
f 2259 2262 2263
f 2260 2259 2216
f 1967 1971 1970
f 2212 1964 1963
f 922 921 2218
f 1312 1098 1101
f 1307 1306 1286
f 1548 1569 1546
f 2266 2267 2268
f 2265 2268 2270
f 2272 2265 2269
f 2273 2266 2265
f 2275 2276 2277
f 2278 2274 2277
f 2284 2285 3617
f 2287 2283 2286
f 2288 2289 2283
f 2290 2284 3639
f 2291 2292 2293
f 2295 2291 2294
f 2296 2297 2291
f 2297 2298 2292
f 2294 2293 2299
f 2279 2294 2300
f 2298 2301 2302
f 2292 2302 2303
f 2293 2303 2304
f 2304 2305 2306
f 2308 2309 2310
f 2302 2307 2310
f 2301 2311 2307
f 2312 2308 2307
f 2313 2314 2315
f 2318 2319 2320
f 3748 3771 2322
f 2324 2325 2273
f 2313 2324 2326
f 2328 2324 2313
f 2329 2325 2324
f 2331 2332 2333
f 2330 2333 2267
f 2325 2330 2266
f 2329 2331 2330
f 2333 2334 2335
f 2336 2334 2333
f 2338 2336 2332
f 2331 2339 2337
f 2329 2340 2339
f 2328 2341 2340
f 2316 2342 2341
f 2342 2316 2315
f 2344 2345 2346
f 2341 2344 2347
f 2342 2348 2344
f 2348 2349 2345
f 2350 2351 2352
f 2339 2350 2353
f 2340 2347 2350
f 2347 2346 2351
f 2337 2353 2354
f 2353 2352 2355
f 2356 2277 2276
f 2356 2357 2358
f 2356 2359 2296
f 2279 2277 2356
f 2360 2361 2270
f 2267 2335 2360
f 2362 2363 2364
f 2362 2365 2361
f 2366 2362 2358
f 2366 2367 2363
f 2357 2276 2368
f 2366 2368 2369
f 2276 2275 2370
f 2368 2370 2282
f 2372 2373 2374
f 2375 2376 2377
f 2378 2379 2380
f 2382 2378 2381
f 2384 2385 2378
f 2385 2386 2379
f 2388 2389 2390
f 2387 2390 2392
f 2393 2394 2387
f 2394 2395 2388
f 2186 2401 2402
f 2403 2404 2327
f 2272 2403 2326
f 2271 2405 2403
f 2405 2406 2404
f 2404 2407 2408
f 2409 2410 2411
f 2409 2412 2271
f 2413 2409 2269
f 2413 2414 2410
f 2417 2415 2416
f 2417 2418 2406
f 2412 2417 2405
f 2411 2415 2417
f 2406 2419 2407
f 3569 3520 632
f 2420 2398 2397
f 2420 2421 2423
f 2424 2420 2422
f 2424 2399 2398
f 2425 2391 2392
f 2421 2425 2426
f 2397 2396 2425
f 2396 2393 2391
f 2427 2314 2408
f 2430 2427 2428
f 2343 2315 2427
f 2432 2343 2430
f 2431 2430 2429
f 2435 2431 2433
f 2436 2432 2431
f 2428 2408 2407
f 2422 2437 2407
f 2438 2437 2422
f 2429 2428 2437
f 2440 2434 2433
f 2441 2439 2433
f 2442 2443 2439
f 2443 2444 2440
f 2445 2446 2444
f 2447 2445 2443
f 2383 2381 2445
f 2381 2380 2446
f 2448 2438 2423
f 2449 2448 2426
f 2441 2448 2449
f 2441 2429 2438
f 2449 2392 2390
f 2450 2390 2389
f 2447 2450 2451
f 2442 2449 2450
f 2451 2389 2453
f 2452 2453 2455
f 2382 2452 2454
f 2383 2451 2452
f 2456 2457 2373
f 2459 2460 2461
f 2463 2464 2465
f 2462 2465 2285
f 2466 2462 2284
f 2467 2463 2462
f 2461 2460 3703
f 2468 2469 2470
f 2472 2468 2471
f 2474 2461 3701
f 2475 2476 2477
f 2458 2455 2453
f 2479 2453 2389
f 2395 2480 2479
f 2480 2459 2458
f 2481 2482 2483
f 2484 113 2485
f 2471 2470 2464
f 2473 2471 2463
f 2487 2467 2466
f 2486 2466 2290
f 2490 2486 2488
f 2491 2487 2486
f 2492 2473 2467
f 2493 2492 2487
f 2494 2495 2492
f 2495 2472 2473
f 3690 2496 2474
f 3691 2497 2496
f 2498 2494 2493
f 2500 2498 2499
f 3700 3687 2498
f 3687 3691 2494
f 2306 2504 2278
f 2305 2505 2504
f 2504 2505 2507
f 2506 2507 2288
f 2274 2506 2508
f 2278 2504 2506
f 3633 3632 2489
f 3620 3633 2488
f 2507 2509 2289
f 2505 2510 2509
f 2508 2288 2287
f 2511 2287 2281
f 2370 2511 2280
f 2275 2508 2511
f 2512 2490 2489
f 2514 2512 2513
f 2517 2512 2514
f 2517 2491 2490
f 2499 2493 2491
f 2499 2517 2516
f 2510 2505 2519
f 2518 2519 2521
f 3616 2518 2520
f 3632 2510 2518
f 2522 2304 2303
f 2523 2522 2310
f 2305 2304 2522
f 2524 2522 2523
f 2519 2524 2525
f 2505 2305 2524
f 2308 2312 2527
f 2526 2527 2529
f 2531 2526 2528
f 2309 2308 2526
f 1214 2532 2151
f 2419 2406 2418
f 2533 2345 2349
f 2534 2533 2317
f 2535 2536 2533
f 2536 2346 2345
f 2537 2351 2346
f 2538 2537 2536
f 2539 2540 2537
f 2540 2352 2351
f 2312 2355 2541
f 2527 2541 2542
f 2543 2435 2434
f 2545 2543 2544
f 2319 2318 2543
f 2318 2436 2435
f 2514 2515 2548
f 2547 2548 2550
f 2552 2547 2549
f 2552 2516 2514
f 2520 2521 2554
f 2553 2554 2556
f 3590 2553 2555
f 3621 2520 2553
f 2523 2309 2531
f 2557 2531 2530
f 2525 2523 2557
f 2559 2557 2558
f 2554 2559 2560
f 2521 2525 2559
f 2561 2375 2007
f 2376 2562 2225
f 2564 2565 2566
f 2563 2566 338
f 2569 2563 2567
f 2570 2564 2563
f 2572 2573 2574
f 2571 2574 2576
f 2544 2571 2575
f 2544 2434 2572
f 2578 2570 2569
f 2579 2577 2569
f 2574 2577 2579
f 2573 2578 2577
f 2581 2582 2583
f 2584 2580 2583
f 3697 3675 2580
f 3676 2581 2580
f 2582 2516 2552
f 2583 2552 2551
f 2500 2501 2589
f 2590 2588 2589
f 3693 3695 2588
f 3695 3700 2500
f 2501 2516 2591
f 2592 2593 2594
f 2386 2385 2503
f 2596 2379 2386
f 2596 2374 2373
f 2599 2596 2597
f 2599 2380 2379
f 2600 2446 2380
f 2600 2599 2598
f 2603 2600 2601
f 2603 2444 2446
f 2604 2603 2602
f 2440 2604 2605
f 2444 2603 2604
f 2606 2582 2581
f 2606 2607 2590
f 2591 2516 2582
f 3676 2587 2456
f 3689 2456 2372
f 2478 2477 2608
f 2609 2610 2611
f 2564 2570 2613
f 2612 2613 2598
f 2457 2612 2597
f 2565 2564 2612
f 2614 2613 2570
f 2615 2614 2578
f 2602 2601 2614
f 2601 2598 2613
f 2572 2434 2605
f 2616 2605 2602
f 2573 2572 2616
f 1459 1016 1045
f 1265 1215 1079
f 1612 1608 1609
f 2067 2057 2069
f 1135 1109 1136
f 1938 1937 2618
f 95 548 458
f 2058 1607 1608
f 1454 1469 1445
f 655 2620 1048
f 722 1049 2621
f 1131 985 1033
f 562 1481 366
f 1723 1719 1725
f 1786 1123 1122
f 267 300 323
f 1325 2034 1654
f 1468 1165 1435
f 658 657 529
f 8 532 247
f 382 1557 1559
f 788 619 1307
f 940 930 929
f 911 2622 2623
f 2621 2620 655
f 2624 1857 2625
f 998 1846 27
f 635 638 2626
f 2627 641 644
f 2628 2627 1840
f 1200 1199 2627
f 1199 1773 641
f 1520 515 49
f 1452 1350 1349
f 2630 2631 1859
f 644 643 1335
f 1197 1198 717
f 2632 717 719
f 2628 2632 1166
f 2629 1197 2632
f 1762 2633 1050
f 1823 870 873
f 2634 2635 794
f 1042 794 2635
f 93 94 1901
f 2036 2038 1458
f 1527 332 1525
f 877 876 1274
f 134 409 797
f 1328 893 931
f 607 777 1091
f 1043 2635 2637
f 2636 2637 2639
f 1275 2636 2638
f 1275 1040 1043
f 1272 2624 2626
f 2640 2626 638
f 1110 2641 2640
f 536 1272 2640
f 1472 708 1474
f 2042 2030 1951
f 1058 1106 1105
f 2642 2623 2643
f 1192 2642 2644
f 912 2623 2642
f 3898 1657 3526
f 1049 1048 2620
f 616 1829 1885
f 1331 1913 666
f 990 989 1198
f 1911 1912 321
f 1298 1282 1205
f 76 1490 1504
f 1502 1500 421
f 610 609 658
f 1146 937 659
f 2646 911 914
f 1280 1239 1238
f 1453 1454 1452
f 835 942 1843
f 1271 1270 1173
f 1893 1878 1826
f 1050 2633 1937
f 2651 2652 814
f 1006 1053 1281
f 2653 1084 2654
f 1001 1004 1003
f 585 997 679
f 2624 1272 621
f 555 678 2028
f 1207 526 1197
f 1626 1627 478
f 426 389 419
f 1030 1193 1773
f 3898 645 634
f 534 1533 138
f 1125 1092 1042
f 333 228 88
f 569 1570 561
f 1489 2656 871
f 1857 2624 620
f 1673 1674 3770
f 622 861 864
f 619 788 891
f 261 544 545
f 393 1555 1556
f 2658 2659 2647
f 1075 2658 2657
f 1081 1080 2658
f 1080 1139 2659
f 2644 2643 1141
f 2660 1141 1140
f 642 2660 1336
f 1193 2644 2660
f 679 678 555
f 1503 1501 1500
f 1318 1317 1101
f 2661 2659 1139
f 2661 1142 2663
f 2662 2647 2659
f 2662 2663 2622
f 2664 2622 911
f 2648 2664 2646
f 2648 2647 2662
f 2083 2094 2093
f 1442 1440 1437
f 519 329 330
f 1885 2029 1209
f 799 800 805
f 1946 1943 1952
f 1302 1301 1253
f 566 2005 224
f 1389 940 928
f 683 682 681
f 836 835 1842
f 2665 1842 1845
f 2666 2665 1303
f 24 836 2665
f 831 1072 2650
f 1845 1844 1304
f 2010 2013 2012
f 1051 1936 2667
f 1522 1521 1511
f 531 440 441
f 1250 635 2625
f 2669 2625 1857
f 783 2669 1856
f 782 1250 2669
f 720 2670 2671
f 1055 1931 1930
f 1333 1067 1251
f 619 622 1308
f 652 655 2619
f 521 522 1539
f 1838 988 537
f 2672 537 536
f 1113 2672 2641
f 1113 527 1838
f 1016 1013 1351
f 3897 573 570
f 226 227 104
f 3564 3669 3827
f 1036 1037 1884
f 2674 1301 1304
f 2673 1304 1844
f 1334 2673 2675
f 1333 2674 2673
f 2676 702 1039
f 1843 2676 2675
f 942 1074 2676
f 1074 699 702
f 752 1057 1055
f 1200 1166 656
f 1120 1846 874
f 2677 874 877
f 1241 2677 1052
f 1119 1120 2677
f 1560 1513 151
f 1208 1316 611
f 215 735 736
f 1460 1459 1462
f 1208 1207 1839
f 854 856 1282
f 72 445 182
f 544 1563 1565
f 217 200 456
f 2047 1404 930
f 1204 2618 1937
f 913 777 686
f 840 527 1113
f 1531 729 730
f 2678 778 1283
f 601 667 1914
f 1537 1538 459
f 1819 1757 3509
f 991 1860 862
f 2679 711 1073
f 2680 1830 983
f 779 2680 2256
f 778 2678 2680
f 2678 2679 1830
f 180 542 245
f 1886 1132 1131
f 1138 1137 1274
f 1841 598 1140
f 75 313 314
f 193 423 420
f 2681 2682 1099
f 170 1567 1565
f 349 416 417
f 1121 1124 2684
f 547 797 409
f 123 122 121
f 2643 2663 1142
f 1542 1544 513
f 899 900 907
f 1210 677 676
f 791 663 982
f 24 27 837
f 893 896 932
f 1860 1320 863
f 535 538 862
f 1569 1548 1547
f 181 455 542
f 660 659 937
f 2013 567 568
f 887 890 2631
f 1524 1508 361
f 520 161 162
f 2653 855 854
f 1238 1237 2655
f 718 1838 527
f 1492 1493 518
f 792 616 615
f 599 846 1835
f 290 457 456
f 312 171 1552
f 1248 2687 1179
f 153 149 177
f 1240 1181 1222
f 1257 1292 1235
f 1291 1084 1083
f 1052 877 1277
f 743 742 2618
f 444 140 430
f 23 1224 1172
f 2687 2654 1180
f 102 103 409
f 1283 607 610
f 373 497 650
f 1180 2654 1084
f 855 2653 2655
f 1173 1270 1917
f 2689 850 853
f 2688 853 1108
f 2686 2688 1279
f 2687 2689 2688
f 2691 1302 1252
f 2690 1252 850
f 1248 2690 2689
f 1248 1247 2691
f 2692 617 24
f 2691 2692 2666
f 1247 1258 2692
f 1258 1168 617
f 394 1554 1555
f 2693 1260 1259
f 1072 1236 1262
f 1257 1071 1168
f 398 439 1555
f 871 1784 1314
f 1178 1232 1249
f 1224 1289 1173
f 1010 2617 2618
f 1175 1174 1292
f 2654 2687 2686
f 2694 1157 1216
f 71 418 1487
f 701 1112 1111
f 1072 1261 2649
f 1085 2695 22
f 895 2694 1264
f 1601 1606 1605
f 1259 1262 1271
f 21 20 1220
f 988 991 538
f 598 597 1336
f 1050 860 818
f 1298 2645 1761
f 1168 1167 618
f 858 1168 1256
f 39 242 516
f 2652 1761 819
f 313 316 315
f 2026 1970 1971
f 2656 1489 596
f 814 819 818
f 2696 2651 813
f 1260 2696 2649
f 2693 2697 2696
f 2697 1296 2651
f 381 355 390
f 3818 3819 1611
f 1475 1427 1428
f 1292 1174 1917
f 1551 353 354
f 1526 1525 1523
f 1593 1589 1595
f 1232 1269 1246
f 2695 2693 1223
f 2698 1297 1296
f 2698 2697 2693
f 2685 2698 2695
f 2685 854 1297
f 562 1497 271
f 2652 2651 1296
f 1365 1366 1364
f 1958 1946 1953
f 585 588 2210
f 1561 1560 1515
f 975 2648 1146
f 347 67 68
f 1038 1111 636
f 2700 781 780
f 2699 780 1036
f 2701 2699 1883
f 851 2700 2699
f 2674 1333 2251
f 2702 2251 781
f 1253 2702 2700
f 1301 2674 2702
f 1519 387 388
f 1273 1239 1280
f 2703 1280 1107
f 2701 2703 852
f 1829 1273 2703
f 91 260 326
f 1784 871 2656
f 2683 2684 2705
f 604 1894 3499
f 1669 3534 3548
f 2062 2063 2060
f 621 535 861
f 2023 731 732
f 686 779 1263
f 857 1051 2668
f 883 830 882
f 637 636 1111
f 2668 894 893
f 2667 921 894
f 1039 1038 1068
f 313 75 1504
f 1911 1972 305
f 1936 2706 1964
f 2707 2402 2401
f 2708 2707 2183
f 738 2163 2116
f 2349 2348 2432
f 2711 2712 2020
f 2400 2711 2019
f 2714 2715 2716
f 2717 2718 2719
f 2721 2722 2723
f 2726 2727 2728
f 2725 2728 2730
f 2731 2725 2729
f 2732 2726 2725
f 2734 2735 2736
f 2738 2739 2740
f 2737 2740 2741
f 2744 2745 2746
f 2745 2744 2748
f 2749 2750 2747
f 2753 2749 2751
f 2250 1380 2246
f 2754 1396 1614
f 3598 2754 2755
f 3608 2745 2747
f 1617 2756 2755
f 2242 2758 1620
f 2191 2085 2760
f 2761 2759 2760
f 3648 2759 2761
f 3623 2191 2759
f 3209 3248 3223
f 1395 1394 2236
f 1395 2235 1636
f 1616 1635 2229
f 1617 2234 2763
f 2756 2763 3628
f 2765 2763 2234
f 2766 2764 3628
f 3202 3199 3246
f 1516 437 435
f 2768 2769 3552
f 1495 541 578
f 2135 2136 28
f 3526 3540 2773
f 1690 1689 3926
f 2778 2779 2780
f 2777 2780 2781
f 2784 2778 2777
f 3555 3521 575
f 1494 1904 9
f 3529 2016 2015
f 451 61 505
f 2786 2787 2788
f 2779 2786 2785
f 2789 2752 2741
f 2790 2753 2752
f 2792 2793 2794
f 2793 2795 2796
f 2796 2797 2750
f 2794 2796 2749
f 2798 1393 1396
f 3591 2798 2754
f 2798 2799 2800
f 3591 3662 2799
f 2797 2796 2795
f 2791 2794 2753
f 216 233 232
f 3804 2806 2807
f 3805 2809 2804
f 2769 2810 3557
f 183 185 184
f 2811 2812 2775
f 2804 2811 2776
f 2809 2813 2811
f 2812 2811 2813
f 3805 2808 2816
f 3796 2818 2815
f 3798 3800 2820
f 3793 2823 2819
f 2824 2736 2735
f 2823 2825 2824
f 2825 2823 2826
f 3793 2822 2827
f 3796 2817 2826
f 2713 2716 2829
f 2828 2829 2831
f 2822 2821 2828
f 2821 2820 2713
f 2832 2827 2822
f 2833 2832 2830
f 2834 2835 2832
f 2835 2818 2827
f 2837 2838 2839
f 2836 2839 2841
f 2842 2836 2840
f 2843 2837 2836
f 2840 2841 2845
f 2718 2844 2845
f 2730 2728 2844
f 2727 2840 2844
f 2846 2845 2841
f 2829 2846 2847
f 2847 2841 2839
f 2848 2839 2838
f 2833 2848 2849
f 2831 2847 2848
f 2850 2814 2851
f 2853 2850 2852
f 2783 2777 2782
f 2785 2788 2853
f 2780 2785 2856
f 2857 2858 2855
f 2859 2857 2782
f 2861 2843 2842
f 2860 2842 2727
f 2862 2860 2726
f 2863 2861 2860
f 2861 2863 2858
f 2843 2861 2857
f 2856 2853 2854
f 2781 2856 2864
f 2837 2843 2859
f 2838 2837 2864
f 2852 2851 2834
f 2854 2852 2849
f 2865 2815 2818
f 2851 2865 2835
f 2813 2809 2815
f 2814 2813 2865
f 2866 2812 2814
f 2788 2866 2850
f 2866 2788 2787
f 2812 2866 2867
f 1892 1889 1890
f 2720 2719 2846
f 298 299 256
f 2872 2714 2713
f 3794 3800 2735
f 2729 2730 2874
f 2846 2716 2715
f 2876 2877 2878
f 2733 2875 2878
f 3806 3807 2879
f 3806 2880 2872
f 2882 2883 2884
f 2881 2884 2715
f 2880 2881 2714
f 2879 2882 2881
f 2885 2886 2887
f 2888 2889 2890
f 2885 2890 2892
f 2893 2886 2885
f 1942 2151 2532
f 2895 2892 2720
f 2884 2895 2870
f 2883 2896 2895
f 2896 2891 2892
f 2889 2874 2717
f 2890 2717 2720
f 2897 2893 2891
f 2898 2897 2896
f 2899 2898 2883
f 2900 2899 2882
f 3797 2900 2879
f 2876 2902 2901
f 2901 2902 2904
f 1785 2656 1835
f 2905 2906 2899
f 2907 2908 2897
f 3797 2901 2903
f 632 576 577
f 3532 3547 2867
f 434 385 550
f 2768 2770 3640
f 2910 2911 1623
f 2241 2912 2758
f 3640 2770 2913
f 1623 2911 2757
f 3587 2242 2757
f 2229 1381 1380
f 2765 1630 1629
f 2915 2914 1629
f 3642 3641 2914
f 3641 3622 2765
f 2919 2916 3642
f 2918 2915 2912
f 3614 2918 2241
f 3618 2919 3613
f 3541 2177 2180
f 3521 2002 2188
f 3705 3573 714
f 2925 2766 2917
f 2924 2917 2916
f 3610 2924 2919
f 3611 2925 2924
f 2926 2927 2766
f 3658 2926 2925
f 1715 1713 1705
f 785 497 498
f 1387 651 565
f 374 375 1899
f 3573 2203 2206
f 2929 2930 2886
f 2932 2933 2934
f 1905 1906 1908
f 2930 2935 2936
f 2938 2935 2930
f 1493 369 517
f 1603 1585 1586
f 2939 2938 2929
f 2940 2939 2908
f 3665 1707 1600
f 2886 2930 2937
f 2906 2907 2898
f 2908 2929 2893
f 2942 2934 2933
f 2941 2933 2937
f 3501 2941 2936
f 3498 2942 2941
f 2943 2944 2710
f 2943 2873 2874
f 2945 2943 2889
f 2946 2944 2943
f 2932 2945 2888
f 2931 2946 2945
f 727 1928 1929
f 2903 2904 2947
f 545 594 42
f 1480 1570 533
f 2907 2906 2949
f 2906 2905 2950
f 1558 452 215
f 3799 2903 2948
f 2054 1645 1644
f 3705 3684 2203
f 1828 1837 1849
f 2953 2954 2955
f 2952 2955 2957
f 2956 2261 2258
f 2953 2952 2258
f 2454 2455 2474
f 3747 2958 2959
f 3747 2132 2131
f 2961 2962 2963
f 2958 2963 2964
f 222 221 2485
f 2477 2226 2966
f 2631 2561 2006
f 2384 2454 2496
f 2967 2968 2959
f 2968 2967 2970
f 3759 2033 2971
f 3784 2971 2960
f 2972 2971 2033
f 2007 2377 2973
f 3560 3559 2134
f 1836 1833 1832
f 3506 2188 2090
f 955 810 959
f 672 675 674
f 633 710 713
f 2024 732 733
f 2025 2024 803
f 425 1552 1550
f 2975 2976 888
f 1319 1158 1157
f 1212 1935 2977
f 889 957 2228
f 1978 1974 1975
f 1138 1078 1329
f 751 665 2979
f 1619 1613 1625
f 2252 2255 1728
f 1157 1160 845
f 2706 1936 1938
f 2980 2255 2254
f 2982 2975 887
f 802 712 711
f 678 677 2029
f 527 840 690
f 1839 1207 2629
f 2983 2984 602
f 2983 1914 1913
f 2985 2983 1331
f 2986 2984 2983
f 2987 2637 2635
f 2985 2988 2639
f 2990 1319 1318
f 2991 2992 2993
f 2995 2991 2994
f 1106 1058 2991
f 1058 1057 2992
f 1415 1406 1365
f 1317 922 2217
f 1932 1728 2255
f 926 2998 2999
f 3001 2993 2992
f 3000 2992 1057
f 2999 3000 2978
f 2998 3001 3000
f 3002 2998 2209
f 3002 3003 2996
f 2993 3001 3002
f 1103 1106 2995
f 3004 2995 2996
f 2209 2210 3004
f 588 1103 3004
f 295 296 433
f 2638 2639 2988
f 3005 2988 1056
f 1305 3005 1930
f 1276 2638 3005
f 1987 1968 1993
f 2633 1762 1761
f 1423 1422 1417
f 3561 3517 739
f 2671 2670 2704
f 1473 1872 2035
f 922 1317 2694
f 1401 1400 1378
f 556 2028 1884
f 842 848 3825
f 1854 2706 2617
f 933 1082 1081
f 1440 1441 1436
f 529 657 719
f 1031 1025 1027
f 777 913 912
f 2645 1205 1204
f 441 438 1538
f 790 1287 587
f 2065 2066 1610
f 1860 991 990
f 60 106 87
f 1424 1017 1948
f 332 1527 1507
f 261 262 138
f 187 188 449
f 1719 1720 1726
f 1931 1055 1059
f 3006 1059 1105
f 1287 3006 1104
f 1286 1931 3006
f 3007 3008 3009
f 3009 3008 653
f 618 999 26
f 2029 677 1210
f 957 601 600
f 1049 2146 2228
f 2631 890 3011
f 890 889 2227
f 3011 2227 2145
f 2561 3011 3012
f 1026 656 609
f 2706 1854 1961
f 3013 2965 2485
f 2148 2147 1267
f 3015 1267 1266
f 2997 2264 1101
f 642 641 1773
f 186 477 461
f 1041 1040 1320
f 1121 3016 3017
f 2984 2986 2987
f 3018 2987 2634
f 1048 603 3018
f 603 602 2984
f 2679 2678 801
f 2062 2072 2074
f 2061 2074 2076
f 414 303 1545
f 3016 1121 2683
f 3019 2683 2704
f 3020 3019 2670
f 3007 3016 3019
f 1871 1090 1091
f 3021 1787 1122
f 3022 3021 3017
f 1314 3021 3022
f 1784 1787 3021
f 1316 1315 1763
f 3023 3022 3010
f 3023 3009 795
f 1763 3023 1092
f 1315 3022 3023
f 3016 3007 3010
f 752 751 2978
f 2986 2639 2637
f 3024 654 653
f 3020 3024 3008
f 720 723 3024
f 723 2621 654
f 2681 1098 1268
f 2671 3025 1268
f 2705 2681 3025
f 1313 3026 3027
f 3026 3028 3029
f 3027 3029 3030
f 1311 3027 3031
f 2012 568 731
f 917 2657 974
f 743 1206 856
f 1888 2027 2030
f 2682 2705 2684
f 3032 2684 1124
f 1100 3032 2989
f 1099 2682 3032
f 1123 2990 2989
f 3033 1834 1159
f 2990 3033 1158
f 1123 1786 3033
f 1786 1785 1834
f 1054 1056 2988
f 2979 665 664
f 2623 2622 2663
f 1095 660 688
f 3034 3035 2261
f 3036 3034 2956
f 3037 3038 3034
f 3038 3039 3035
f 3040 3041 3026
f 2263 3042 3041
f 3042 3039 3043
f 3041 3043 3028
f 3044 3045 3043
f 3046 3047 3045
f 3047 3048 3049
f 3043 3045 3049
f 3038 3037 3051
f 3050 3051 3053
f 3052 3046 3044
f 3039 3038 3050
f 3054 3035 3039
f 3042 2263 2262
f 2261 3035 3054
f 2216 2263 2997
f 2212 2211 2667
f 3056 868 2209
f 934 3057 1961
f 2013 3755 3757
f 3058 3059 3060
f 3059 3062 3063
f 3060 3063 2213
f 3061 3060 1963
f 3063 3064 2214
f 3062 3065 3064
f 3065 2257 2260
f 3064 2260 2215
f 3066 3067 3031
f 2608 2966 3067
f 2966 2562 3068
f 3031 3067 3068
f 2455 2458 2461
f 2476 2223 2226
f 3551 2090 2089
f 3526 2774 3769
f 433 354 355
f 2115 1423 1419
f 3509 2868 2922
f 3769 3737 2131
f 3069 2611 2167
f 2971 2972 2928
f 2961 2774 2773
f 3070 2475 2478
f 2610 2609 3071
f 2502 2371 2374
f 3072 2592 2595
f 2964 3046 3052
f 3048 2593 3074
f 2593 2592 3075
f 3075 3030 3029
f 3074 3029 3028
f 3072 3076 3075
f 3076 3072 2482
f 2481 2608 3066
f 3076 3066 3030
f 2967 3052 3053
f 2482 3072 3073
f 479 480 493
f 706 3900 3873
f 3561 2194 2221
f 2013 2010 3754
f 3533 2032 2016
f 3562 3519 2222
f 1171 1154 1155
f 2586 2566 2565
f 2982 110 113
f 2562 2376 3077
f 2376 2375 3012
f 3012 2145 2148
f 3077 2148 3015
f 2963 3047 3046
f 3051 3078 2970
f 1683 2173 491
f 3850 2122 1447
f 1986 2181 3734
f 3079 3080 2546
f 3081 3079 2575
f 1983 1986 3768
f 3082 2323 2319
f 3080 3082 2545
f 3734 3732 3082
f 3732 3748 2323
f 1309 1471 1888
f 3073 2595 2772
f 2760 3083 3084
f 2760 2085 2088
f 3085 3084 3086
f 3089 3085 3090
f 3089 2762 3084
f 3092 3088 3090
f 3093 2748 2744
f 2751 2747 2748
f 3093 2741 2752
f 2742 2741 3093
f 3094 3093 2743
f 3096 3097 3098
f 3099 3096 3087
f 3097 3094 3095
f 3100 2743 2746
f 3101 2927 3102
f 2764 2766 2927
f 2745 2764 3101
f 3102 3092 3091
f 3100 3091 3095
f 2869 2802 3592
f 3102 3103 3104
f 3658 2868 2869
f 2927 2926 3103
f 3098 3095 3091
f 3087 3098 3090
f 2088 2125 3105
f 3083 3105 3086
f 2483 3073 2771
f 2401 2186 2185
f 3099 3086 3105
f 2125 2207 3106
f 3108 2737 2742
f 3107 2742 3094
f 3110 3108 3107
f 3109 3107 3097
f 3111 3109 3096
f 3112 3110 3109
f 3113 2738 2737
f 3115 2723 2722
f 3117 3115 3114
f 3119 3117 3116
f 3118 3116 3120
f 3116 3114 3113
f 3122 3112 3111
f 3122 3123 1755
f 3124 3125 3126
f 3125 3118 3121
f 3128 3119 3118
f 3129 3128 3125
f 2020 2712 3128
f 3853 3857 1346
f 1065 1046 1047
f 1814 3838 3830
f 2021 2020 3129
f 3111 3099 3106
f 3123 3106 2207
f 2377 2225 2224
f 3014 2485 113
f 1756 2208 3782
f 3131 3132 2530
f 3133 3131 2528
f 1753 1756 3767
f 3134 3124 3127
f 2327 2408 2314
f 2436 2318 2317
f 2018 2021 3711
f 2534 3136 3137
f 2320 2322 3136
f 2185 2018 3712
f 3138 3139 2542
f 3134 3135 3744
f 3785 3130 3134
f 3140 3138 2539
f 2535 3137 3140
f 3711 2021 3130
f 2558 2530 3132
f 3782 3760 3141
f 2560 2558 3141
f 3760 3777 3142
f 958 888 2976
f 1933 1932 2980
f 2399 2424 2418
f 2348 2342 2343
f 2322 2320 2319
f 2718 2717 2874
f 2709 2729 2873
f 2894 2871 1361
f 346 289 176
f 1876 1877 1882
f 2802 2803 3607
f 3104 3144 3088
f 2974 2222 3649
f 3089 3145 2761
f 3088 3144 3145
f 2803 2974 3603
f 3870 3909 692
f 2123 1419 1418
f 1365 1363 1368
f 1581 1766 1782
f 3569 2202 2129
f 3555 2003 2002
f 3146 2585 2551
f 3751 3146 3147
f 3742 3149 3146
f 3149 2584 2585
f 3196 3198 3197
f 3604 2192 2191
f 3142 3150 2556
f 3777 3778 3150
f 3646 3152 2550
f 3150 3151 2555
f 3778 3780 3151
f 3788 3781 3152
f 3153 3147 2551
f 3152 3153 2549
f 3781 3776 3153
f 3776 3750 3147
f 3148 2767 2206
f 2183 2401 2321
f 2132 2960 2928
f 3684 3685 2204
f 3719 2198 2197
f 2594 2962 2773
f 2595 2594 2951
f 1870 798 799
f 3713 2179 2178
f 3706 2178 3736
f 336 3154 3774
f 339 3155 3154
f 3789 3683 3149
f 3683 3697 2584
f 2963 2962 3048
f 3722 3730 337
f 339 338 2566
f 3156 3157 2168
f 2610 3156 2167
f 2954 2953 3156
f 3157 3156 2953
f 3707 2166 2169
f 2567 3158 3159
f 337 3158 2567
f 3730 3069 2166
f 3764 2190 1983
f 2579 3160 3081
f 2568 3159 3160
f 3709 2169 2190
f 3065 3062 3162
f 3161 3162 1984
f 3157 3161 2189
f 2257 3065 3161
f 734 735 1922
f 3059 3058 2708
f 3163 2708 2182
f 3162 3163 1985
f 3062 3059 3163
f 3203 3206 3205
f 2122 2119 1448
f 3817 1686 1685
f 139 140 444
f 1570 569 566
f 2957 3164 3165
f 2955 3166 3164
f 1912 454 341
f 3130 3129 3124
f 1548 322 319
f 1949 1950 1327
f 2969 2970 3078
f 3167 3078 3169
f 3724 2014 2017
f 3720 2017 2033
f 3168 3169 3165
f 3170 3165 3164
f 3779 3170 3171
f 3724 3168 3170
f 3171 3164 3166
f 3172 3166 3071
f 3752 3172 3173
f 3756 3171 3172
f 3169 3037 3036
f 2593 3048 2962
f 3173 3071 2609
f 3174 2609 2199
f 3783 3174 2198
f 3749 3173 3174
f 2190 2189 1984
f 2196 2195 2767
f 2119 2120 1414
f 1464 1463 1466
f 2199 2611 3069
f 2457 2456 2587
f 2226 2225 2562
f 481 478 1627
f 333 1512 235
f 3078 3051 3037
f 3040 2264 2997
f 2219 1934 1933
f 2385 2384 2497
f 221 2220 3175
f 2220 1933 3143
f 3175 3143 2976
f 2484 3175 2975
f 2954 3071 3166
f 2630 1858 110
f 1547 319 1952
f 2091 2090 2188
f 3733 3736 2178
f 1918 1919 1927
f 3563 112 111
f 955 956 960
f 2037 3014 112
f 3143 2980 2981
f 2218 2211 2214
f 672 3877 3787
f 2152 3013 3014
f 1147 1144 1143
f 2248 2246 1409
f 1615 1636 1635
f 1410 1409 2246
f 3241 3243 3242
f 1382 3176 3177
f 3177 1410 2247
f 2247 1383 3177
f 3176 2238 2230
f 1410 3177 3179
f 3179 3180 2243
f 1633 3181 2800
f 1621 1620 2758
f 1622 1621 2245
f 2236 1394 3181
f 2237 2236 3182
f 2250 1631 2233
f 2912 1629 1628
f 135 136 1564
f 1567 419 512
f 1085 1084 2653
f 3184 869 868
f 869 3184 3057
f 1266 1268 1098
f 1267 2147 722
f 937 1146 2646
f 2146 1049 722
f 2211 2218 921
f 1957 510 507
f 1313 1312 2264
f 1496 362 1493
f 2887 2937 2933
f 1687 1688 1659
f 145 1499 1498
f 37 38 418
f 1935 1934 3185
f 104 89 301
f 2101 2098 2083
f 543 298 360
f 1934 2219 3186
f 234 1521 212
f 3845 3821 1822
f 1976 1875 1874
f 223 3186 2219
f 3655 3656 3605
f 2165 2164 467
f 467 468 2165
f 773 476 2165
f 1935 1212 1728
f 3240 3225 3226
f 3261 3249 3250
f 3215 3216 3244
f 3265 3221 3215
f 3267 3245 3198
f 3205 3206 3269
f 3214 3211 3265
f 3271 3213 3214
f 3251 3252 3239
f 3222 3221 3266
f 3232 3235 3234
f 3216 3242 3243
f 3196 3193 3268
f 3244 3243 3254
f 3238 3239 3247
f 3264 3244 3255
f 3253 3242 3216
f 3211 3266 3221
f 3257 3217 3218
f 3258 3222 3272
f 3274 3275 3280
f 3228 3229 3262
f 3275 3231 3281
f 3226 3227 3273
f 3236 3263 3260
f 3281 3263 3236
f 3287 3271 3192
f 3235 3226 3280
f 3234 3280 3281
f 3288 3290 3259
f 3260 3250 3276
f 3289 3212 3278
f 3210 3209 3224
f 3199 3202 3201
f 3228 3231 3230
f 3290 3288 3285
f 3282 3279 3271
f 3260 3263 3262
f 3243 3241 3268
f 3267 3268 3241
f 3194 3207 3208
f 3191 3270 3269
f 3270 3191 3192
f 3275 3274 3230
f 3264 3269 3270
f 3252 3251 3276
f 3248 3252 3291
f 3213 3271 3279
f 3272 3266 3289
f 3277 3278 3212
f 3228 3263 3281
f 3220 3225 3253
f 3219 3253 3217
f 3256 3218 3222
f 3247 3239 3252
f 3245 3267 3232
f 3266 3211 3212
f 3208 3205 3255
f 3288 3289 3284
f 3204 3205 3208
f 560 1899 3187
f 3209 3210 3201
f 3189 3192 3191
f 448 1980 807
f 647 648 122
f 1833 1848 1780
f 510 509 508
f 3210 1949 1887
f 1887 15 3200
f 15 16 3197
f 16 3188 3195
f 3195 3188 3187
f 3194 3187 1899
f 3207 1899 375
f 387 173 126
f 3189 1791 1760
f 3577 763 757
f 763 3577 2172
f 3583 3582 3580
f 3581 3580 3579
f 3594 3597 3596
f 3400 3601 3602
f 3626 3624 3625
f 3631 3635 3599
f 3636 3637 3595
f 3647 3584 3588
f 3650 3582 3584
f 3653 3579 3580
f 3653 2176 3654
f 1801 1864 3656
f 3651 3580 3582
f 3644 3638 3595
f 1767 1768 3659
f 1597 3663 3661
f 1708 1707 3665
f 3671 3668 3667
f 3666 3667 3673
f 1588 1708 3664
f 2080 3671 3666
f 2082 3666 3672
f 3674 3677 3635
f 3677 3678 3636
f 3682 3647 3645
f 3692 3651 3650
f 3681 3645 3644
f 786 3694 3692
f 3694 3653 3651
f 785 3692 3686
f 497 3686 3682
f 650 3682 3681
f 3696 564 3681
f 3405 3606 3605
f 3702 3699 3678
f 3699 3698 3679
f 3645 3588 3638
f 1799 3657 3659
f 3708 3704 3458
f 3462 3710 3708
f 3714 463 564
f 3615 3606 3602
f 3710 3714 3696
f 3635 3636 3596
f 3629 3626 3627
f 3597 3600 3599
f 3630 3716 3715
f 3627 3625 3597
f 3717 3716 3723
f 3715 3663 3660
f 3716 3717 3725
f 3668 3665 3661
f 3668 3725 3717
f 3667 3717 3718
f 3727 3728 3673
f 3728 1576 3672
f 3726 3727 3718
f 1576 2101 2084
f 3727 3726 3731
f 3203 376 1387
f 3190 1387 1791
f 3283 2152 1949
f 317 240 259
f 2000 2176 3653
f 3601 3599 3600
f 3589 3588 3584
f 3577 758 756
f 3585 3584 3582
f 3678 3679 3637
f 3204 375 376
f 1801 3655 3657
f 3729 3735 3728
f 1575 3735 3738
f 3735 1575 1576
f 1776 1795 1796
f 1293 1294 1290
f 1326 14 1327
f 1294 1245 1234
f 878 1244 1330
f 497 373 374
f 122 648 413
f 3699 3702 3704
f 3606 3405 3401
f 3708 3710 3698
f 3464 3714 3710
f 3704 3674 3443
f 439 398 399
f 1512 1528 1526
f 1668 1741 1738
f 839 849 1362
f 1362 1357 826
f 3843 740 1896
f 2053 2054 2118
f 3888 3887 2120
f 696 697 3816
f 1826 1878 639
f 3740 3739 3729
f 956 885 886
f 1980 806 1922
f 33 34 105
f 1343 1344 3856
f 3907 2127 2128
f 1766 1581 1582
f 14 1326 2163
f 595 98 99
f 3233 3238 3246
f 1346 1035 1044
f 748 1888 1425
f 3193 3208 3254
f 3190 3191 3206
f 3612 3605 3606
f 3624 3612 3615
f 3631 3415 3443
f 3679 3680 3644
f 3686 3650 3647
f 3702 3677 3674
f 3625 3615 3600
f 3601 3400 3415
f 3739 3738 3735
f 3630 3627 3594
f 3741 3723 3716
f 1284 1290 1288
f 3698 3696 3680
f 1778 1781 1780
f 1792 1759 1584
f 695 570 571
f 3638 3741 3594
f 3741 3638 3588
f 3247 3248 3209
f 3292 3293 3294
f 3296 3297 3298
f 3299 3298 3300
f 3302 3303 3304
f 3306 3307 3308
f 3307 3310 3311
f 3303 3302 3301
f 3312 3305 3304
f 3314 3315 3316
f 3318 3319 3320
f 3324 3318 3321
f 3326 3327 3328
f 3329 3330 3331
f 3333 3334 3335
f 3337 3338 3339
f 3333 3336 3341
f 3342 3341 3343
f 3319 3345 3344
f 3338 3335 3334
f 3346 3301 3302
f 3305 3348 3347
f 3312 3224 3223
f 3350 3337 3340
f 3312 3349 3348
f 3352 3343 3341
f 3311 3353 3354
f 3341 3336 3327
f 3359 3360 3361
f 3360 3359 3250
f 3318 3363 3345
f 3364 3363 3318
f 3314 3364 3324
f 3366 3299 3301
f 3299 3366 3367
f 3308 3354 3368
f 3369 3317 3295
f 3317 3369 3364
f 3370 3295 3317
f 3325 3371 3365
f 3352 3320 3319
f 3296 3367 3353
f 3297 3296 3311
f 3363 3368 3354
f 3345 3354 3353
f 3344 3353 3367
f 3366 3333 3342
f 3347 3339 3334
f 3339 3347 3348
f 3348 3349 3351
f 3363 3364 3369
f 3294 3309 3368
f 3293 3306 3309
f 3331 3373 3374
f 3346 3334 3333
f 3323 3322 3352
f 3356 3355 3321
f 3355 3357 3325
f 3357 3358 3371
f 3322 3356 3320
f 3361 3330 3329
f 3373 3372 3375
f 3374 3375 3376
f 3329 3332 3376
f 3327 3375 3372
f 3336 3335 3375
f 3335 3338 3376
f 3376 3338 3337
f 3337 3350 3359
f 3359 3350 3276
f 3377 3292 3295
f 3277 3316 3315
f 3371 3378 3379
f 3378 3371 3358
f 3365 3379 3315
f 3316 3277 3279
f 3282 3377 3370
f 3313 3283 3224
f 3378 3285 3284
f 3380 3286 3285
f 3379 3284 3278
f 3276 3350 3351
f 3291 3351 3349
f 3313 3304 2965
f 2965 3304 3303
f 222 3303 3300
f 223 3300 3298
f 3298 3297 3185
f 3297 3310 2977
f 3310 3307 1213
f 3307 3306 1214
f 2532 1214 3306
f 2894 2532 3293
f 2871 2894 3292
f 3253 3225 3240
f 3283 3313 3013
f 1997 1996 1889
f 1237 745 744
f 1535 1534 120
f 1531 1532 201
f 1119 1241 1032
f 946 948 824
f 163 8 5
f 3589 3726 3723
f 1155 1156 1162
f 427 213 327
f 553 1902 796
f 3381 2232 2231
f 3381 3178 2230
f 2237 3183 3180
f 3383 3384 3385
f 3384 3386 3387
f 3386 3388 3389
f 3388 3390 3391
f 3392 3393 3394
f 3395 3394 3396
f 3398 3399 3397
f 3400 3401 3399
f 3403 3404 3405
f 3406 3407 3404
f 3408 3409 3407
f 3410 3411 3409
f 3412 3413 3411
f 3415 3400 3398
f 3414 3398 3396
f 3416 3396 3394
f 3417 3394 3393
f 3393 3419 3420
f 3419 3390 3421
f 3390 3388 3422
f 3388 3386 3423
f 3386 3384 3424
f 3384 3383 3425
f 3425 3383 3426
f 2904 3427 3428
f 3429 3427 2904
f 3430 3429 2902
f 2875 3431 3430
f 3432 3433 2733
f 2825 3434 3435
f 3437 3438 3439
f 3441 3437 3436
f 2724 2723 3434
f 3436 3439 3115
f 3440 3436 3117
f 3443 3415 3414
f 3442 3414 3416
f 3444 3416 3417
f 3445 3417 3418
f 3446 3418 3420
f 3420 3421 3448
f 3421 3422 3449
f 3422 3423 3450
f 3423 3424 3451
f 3424 3425 3452
f 3425 3184 3056
f 3451 3452 2253
f 3450 3451 2252
f 3449 3450 1727
f 3448 3449 2150
f 3453 3447 3448
f 3454 3446 3447
f 3455 3445 3446
f 3456 3444 3445
f 3442 3444 3456
f 3443 3442 3457
f 3459 3460 3458
f 3457 3456 3455
f 3459 3455 3454
f 3462 3460 3459
f 3461 3454 3453
f 3464 3462 3461
f 3463 3453 1941
f 3404 3399 3401
f 3407 3397 3399
f 3409 3395 3397
f 3411 3392 3395
f 3465 3466 3413
f 3467 3468 3469
f 3465 3412 3431
f 3470 3467 3466
f 3438 3470 3432
f 3467 3470 3438
f 3468 3467 3437
f 3471 3469 3468
f 3472 3468 3441
f 3473 3441 3440
f 2712 3440 3119
f 3475 3471 3472
f 3474 3472 3473
f 3476 3473 2712
f 3477 3476 2711
f 3478 3474 3476
f 3479 3475 3474
f 3392 3411 3413
f 3466 3469 3480
f 3419 3393 3392
f 3390 3419 3480
f 3469 3471 3391
f 3389 3391 3471
f 3387 3389 3475
f 3385 3387 3479
f 3482 3477 2400
f 3483 3478 3477
f 3481 3479 3478
f 3484 3482 2402
f 3058 3484 2707
f 3061 3485 3484
f 3485 3483 3482
f 3382 3385 3481
f 3486 3481 3483
f 3426 3383 3382
f 3487 3382 3486
f 3486 3485 3061
f 1961 3057 3487
f 3057 3184 3426
f 3428 3403 3402
f 3427 3406 3403
f 3429 3408 3406
f 3430 3410 3408
f 3431 3412 3410
f 3470 3465 3433
f 3434 3439 3438
f 2723 3115 3439
f 2875 2733 3433
f 2736 2824 3435
f 2947 3428 3488
f 3464 3463 1360
f 1900 1925 1924
f 1736 1717 1718
f 1955 1952 1943
f 1671 1738 1735
f 1696 1750 1698
f 1800 1865 1864
f 2063 2055 2056
f 1737 1734 1717
f 1751 1735 1697
f 943 3885 3899
f 3656 3488 3402
f 1577 1578 1764
f 3917 1598 1599
f 1945 146 82
f 68 6 7
f 147 1542 1543
f 1109 1135 1133
f 1503 1910 1907
f 1499 1501 1909
f 452 1922 735
f 1824 2068 3835
f 1825 2067 2068
f 1463 1462 1022
f 841 1012 1009
f 1568 1547 1955
f 1910 1503 1502
f 1939 1502 422
f 309 280 1940
f 1804 1851 1866
f 269 1482 1954
f 2065 1607 2060
f 3812 1685 1758
f 280 276 552
f 1875 1873 1869
f 1739 1721 1734
f 1778 1779 1790
f 310 1920 1915
f 1909 1908 1906
f 1789 1783 1778
f 978 981 980
f 1584 1759 1731
f 425 426 311
f 148 1543 115
f 2044 3897 3894
f 277 1910 1939
f 1943 1946 1945
f 1461 1462 1463
f 2253 3452 3056
f 2981 2254 3489
f 2209 2998 3489
f 2254 2253 3055
f 2998 926 958
f 2826 2817 2721
f 3490 2739 2721
f 2816 3491 3490
f 2334 2297 2296
f 2298 2297 2334
f 2301 2298 2336
f 2311 2301 2338
f 2312 2311 2354
f 2359 2358 2361
f 2335 2296 2359
f 2414 2413 2365
f 2413 2270 2361
f 2355 2352 2540
f 2541 2540 2539
f 2722 2721 2739
f 3114 2722 2738
f 3110 3112 3121
f 3108 3110 3120
f 3122 1754 3127
f 3112 3122 3126
f 3127 1754 1753
f 3139 3133 2529
f 3744 3775 3133
f 3490 2789 2740
f 3491 2790 2789
f 228 229 91
f 245 244 243
f 248 7 247
f 2 297 296
f 145 146 300
f 327 213 210
f 329 332 331
f 239 241 240
f 373 376 375
f 178 177 176
f 1218 1225 1228
f 3862 1231 1295
f 808 809 824
f 3858 3859 1013
f 3813 3810 1411
f 2154 2149 2159
f 3845 3835 1758
f 306 807 1922
f 2157 2153 1976
f 708 709 2031
f 1450 1226 1227
f 1672 1604 1605
f 1813 1814 1821
f 1717 1716 1715
f 176 159 402
f 1710 1705 3916
f 1712 1580 1577
f 1705 1713 1711
f 971 978 979
f 822 823 1094
f 2909 2810 2793
f 2810 2769 2795
f 2799 2910 2249
f 3662 3643 2910
f 2769 2768 2801
f 3177 3176 3178
f 3178 3381 3180
f 3181 1394 1393
f 3181 1633 1632
f 3182 1632 2244
f 3183 2244 2243
f 3492 2791 2790
f 2808 3492 3491
f 2239 3574 3572
f 1149 1150 3571
f 1150 2009 3567
f 2202 3569 3566
f 2921 3564 3565
f 3568 3560 2133
f 1777 1579 1759
f 1201 1196 1183
f 3561 3554 2195
f 3553 3576 2770
f 3927 3925 1687
f 1516 152 154
f 3549 3562 2974
f 3550 3548 2779
f 2771 2772 3575
f 3070 2771 3546
f 3547 3544 2775
f 1376 1375 1370
f 2767 3543 3556
f 2195 3554 3543
f 2775 3544 3542
f 3377 3282 3545
f 3804 3802 3539
f 2776 3542 3538
f 2240 3572 3535
f 2920 3535 3669
f 3548 3534 2786
f 1805 1850 1851
f 3534 3532 2787
f 2951 2773 3540
f 2772 2951 3531
f 2973 2224 3530
f 2224 2223 3537
f 1957 1953 320
f 306 305 304
f 2770 3576 3528
f 2913 3528 3574
f 2923 3565 3527
f 308 1940 431
f 207 208 132
f 1879 1876 1881
f 3733 3787 3525
f 2475 3070 3558
f 2476 2475 3524
f 2223 2476 3523
f 3522 3549 2803
f 2037 3563 11
f 1959 1958 450
f 2003 3555 3520
f 9 10 334
f 2009 2008 3518
f 2008 2973 3536
f 3877 672 673
f 3515 3550 2778
f 2935 3514 3513
f 111 1149 3570
f 3510 3514 2935
f 683 3876 3885
f 3508 3557 2810
f 736 733 732
f 1795 1804 1803
f 3505 3510 2938
f 3507 3505 2939
f 2950 3512 3504
f 2940 2949 3504
f 3801 3791 3512
f 2868 3509 3502
f 2869 3502 3522
f 1024 1034 1023
f 3500 3503 2948
f 551 1939 442
f 2972 3499 3568
f 2032 3533 3499
f 216 93 1924
f 203 202 201
f 1828 1848 1847
f 1958 1957 449
f 272 271 178
f 2871 3545 3495
f 3619 3669 3564
f 2801 2768 3643
f 2005 3758 3654
f 960 886 899
f 3657 3655 3612
f 3780 3788 3646
f 3151 3646 3593
f 2193 3604 3623
f 3607 3603 3145
f 3603 3649 2761
f 3592 3607 3144
f 2926 3658 3634
f 3634 3592 3104
f 3755 3754 3746
f 566 567 3758
f 3488 3656 1864
f 1602 1586 2079
f 2868 3658 3611
f 2922 3611 3610
f 2923 3610 3618
f 3670 3613 2918
f 3619 3670 3614
f 2921 3618 3670
f 2920 3614 3586
f 3613 3642 2915
f 2917 2766 3622
f 2916 2917 3641
f 2239 3587 3652
f 2911 3640 3652
f 3643 3640 2911
f 2797 2801 3662
f 2797 3591 3598
f 3622 3628 2763
f 3608 3628 2764
f 2194 3623 3648
f 2221 3648 3649
f 2756 3608 3609
f 2750 3598 3609
f 3669 3535 1817
f 3763 3770 1691
f 2515 3621 3590
f 2548 3590 3593
f 2513 2489 3632
f 2513 3616 3621
f 2509 3633 3620
f 2510 3632 3633
f 2289 3620 3639
f 2283 3639 3617
f 2240 3586 3587
f 3659 3657 3624
f 716 2121 3887
f 727 1999 3761
f 2165 2171 2170
f 3660 3659 3626
f 3743 3581 3578
f 2175 2172 769
f 2100 500 2095
f 3758 567 3757
f 640 3560 3568
f 1653 3576 3553
f 1895 3536 3530
f 746 3530 3537
f 1653 1810 3528
f 3762 1603 1604
f 2093 2075 2073
f 959 996 995
f 962 899 919
f 1400 1401 1398
f 1000 817 1127
f 956 959 884
f 1662 3548 3550
f 2034 3558 3546
f 3926 1689 3539
f 3535 3572 766
f 3572 3574 765
f 334 3570 3571
f 1868 3531 3540
f 1684 1651 1652
f 1682 1683 775
f 1585 1603 3762
f 3763 3762 1672
f 2173 2174 490
f 1658 3544 3547
f 3556 3543 1650
f 1571 3754 2010
f 1587 3664 3671
f 2099 2095 2077
f 787 3761 1999
f 2000 3694 786
f 3155 339 3697
f 3713 3155 3683
f 2180 2179 3685
f 3496 2180 3684
f 1684 3846 3840
f 1760 464 3495
f 2607 3689 3693
f 2581 3676 3689
f 2371 2502 3700
f 2371 3695 3693
f 2587 3676 3675
f 2586 3675 3697
f 2497 3691 3687
f 2502 2503 3687
f 2494 3691 3690
f 3690 3688 2472
f 3688 3701 2468
f 3701 3703 2469
f 726 3908 3892
f 581 3567 3518
f 10 3511 3570
f 1837 3514 3510
f 741 3537 3523
f 1299 3524 3558
f 1851 3507 3504
f 3527 3565 1820
f 580 3518 3536
f 1758 1685 3522
f 1693 3557 3508
f 3504 3512 1867
f 1894 1826 3568
f 2126 1418 3813
f 3906 2126 3841
f 2113 3911 3867
f 2179 3713 3789
f 624 3903 3904
f 2192 3604 3788
f 2177 3541 3787
f 1364 3824 3833
f 3858 3855 1470
f 3135 1753 3775
f 2069 3812 3835
f 1351 3861 3853
f 2108 3882 3901
f 2089 2092 3736
f 3828 3834 1358
f 2001 3749 3783
f 2187 3783 3719
f 2130 3756 3752
f 2004 3752 3749
f 2014 3724 3779
f 2201 3779 3756
f 3167 3720 3759
f 3168 3724 3720
f 3159 3709 3764
f 3160 3764 3765
f 3730 3707 3158
f 3158 3707 3709
f 2200 3069 3730
f 3685 3789 3742
f 3722 3774 2197
f 3790 3736 2092
f 3774 3790 3721
f 3154 3706 3790
f 3155 3713 3706
f 2091 3719 3721
f 2196 3148 3750
f 2193 2196 3776
f 3604 2193 3781
f 2086 2192 3780
f 2087 2086 3778
f 2204 3742 3751
f 2205 3751 3750
f 3909 3886 574
f 2124 2087 3777
f 2208 2124 3760
f 3711 3785 3140
f 3785 3745 3138
f 3745 3744 3139
f 3771 3712 3136
f 3712 3711 3137
f 3775 3767 3131
f 3767 3782 3132
f 1813 3839 3838
f 1293 3854 3856
f 2184 2321 3748
f 2181 2184 3732
f 3765 3768 3079
f 3768 3734 3080
f 709 3873 3875
f 2774 2961 3737
f 3786 3769 2134
f 3809 3808 766
f 2968 3784 3766
f 2969 3759 3784
f 2958 3747 3737
f 2132 3747 3766
f 2321 2185 3771
f 3860 3848 1449
f 3905 3874 582
f 3886 3889 577
f 3847 3826 1818
f 705 3902 3887
f 3816 3912 3907
f 2111 3883 3911
f 3810 3829 1366
f 1812 3839 3822
f 675 3851 3852
f 3496 3705 3851
f 2110 3867 3868
f 2104 3896 3901
f 2109 3868 3899
f 3842 3831 703
f 1680 3811 3846
f 1639 1627 3819
f 623 3904 3906
f 2139 2140 3866
f 1808 1640 3844
f 3820 3821 1819
f 3872 3914 3900
f 1646 3832 3830
f 3889 3890 633
f 2139 3865 3875
f 2156 2155 3871
f 674 3852 3913
f 2117 3817 3812
f 1815 3822 3847
f 3855 3849 1444
f 697 3906 3912
f 866 842 3836
f 3864 3869 2136
f 3585 3731 3726
f 3583 3740 3731
f 3753 3746 3738
f 3740 3583 3581
f 1088 3738 3746
f 3739 3740 3743
f 2791 3492 3493
f 3492 2808 2807
f 2792 3493 3494
f 3493 2807 2806
f 3508 2909 3494
f 3516 3494 2806
f 2948 3503 3791
f 2105 3908 3896
f 3538 3802 3804
f 680 3878 3876
f 1891 1890 3910
f 2905 3799 3801
f 2900 3797 3799
f 2901 3797 3807
f 2734 2878 3806
f 2877 3807 3806
f 2820 3800 3794
f 2818 3796 3792
f 2823 3793 3792
f 2822 3793 3798
f 2819 2735 3800
f 2817 3796 3795
f 2809 3805 3795
f 2808 3805 3803
f 2805 3804 3803
f 1702 3921 3923
f 3922 3920 1797
f 3915 3916 1706
f 3918 3927 1692
f 1657 3898 3880
f 1890 1877 3895
f 3772 3770 1674
f 1689 1690 3772
f 3926 3802 3538
f 3516 3539 1689
f 3917 3923 1703
f 1598 3917 3928
f 3880 3884 1876
f 1691 1690 3925
f 3925 3926 1688
f 3934 3933 3937
f 3934 3938 3939
f 3932 3936 3937
f 3938 3942 3943
f 3937 3936 3940
f 3937 3941 3942
f 3942 3946 3947
f 3941 3940 3944
f 3942 3941 3945
f 3947 3946 3950
f 3944 3948 3949
f 3945 3949 3950
f 3950 3954 3955
f 3949 3948 3952
f 3950 3949 3953
f 3955 3954 3958
f 3953 3952 3956
f 3953 3957 3958
f 3959 3958 3962
f 3957 3956 3960
f 3958 3957 3961
f 3962 3966 3967
f 3960 3964 3965
f 3961 3965 3966
f 3966 3970 3971
f 3965 3964 3968
f 3966 3965 3969
f 3970 3974 3975
f 3968 3972 3973
f 3969 3973 3974
f 3974 3978 3979
f 3973 3972 3976
f 3974 3973 3977
f 3979 3978 3982
f 3976 3980 3981
f 3977 3981 3982
f 3982 3986 3987
f 3981 3980 3984
f 3982 3981 3985
f 3987 3986 3990
f 3984 3988 3989
f 3985 3989 3990
f 3991 3990 3994
f 3989 3988 3992
f 3990 3989 3993
f 3995 3994 3998
f 3992 3996 3997
f 3993 3997 3998
f 3998 4002 4003
f 3997 3996 4000
f 3998 3997 4001
f 4002 4006 4007
f 4000 4004 4005
f 4001 4005 4006
f 4006 4010 4011
f 4005 4004 4008
f 4006 4005 4009
f 4011 4010 4014
f 4008 4012 4013
f 4009 4013 4014
f 4014 4018 4019
f 4013 4012 4016
f 4014 4013 4017
f 4019 4018 4022
f 4016 4020 4021
f 4017 4021 4022
f 4023 4022 4026
f 4021 4020 4024
f 4022 4021 4025
f 4027 4026 4030
f 4024 4028 4029
f 4025 4029 4030
f 4031 4030 4034
f 4029 4028 4032
f 4030 4029 4033
f 4034 4038 4039
f 4032 4036 4037
f 4033 4037 4038
f 4038 4042 4043
f 4037 4036 4040
f 4038 4037 4041
f 4043 4042 4046
f 4040 4044 4045
f 4041 4045 4046
f 4046 4050 4051
f 4045 4044 4048
f 4046 4045 4049
f 4051 4050 4055
f 4048 4053 4054
f 4049 4054 4055
f 4056 4055 4059
f 4053 4057 4058
f 4055 4054 4058
f 4060 4059 3934
f 4058 4057 3932
f 4058 3933 3934
f 4069 4068 4081
f 4066 4079 4080
f 4065 4064 4077
f 4063 4062 4075
f 4071 4084 4085
f 4069 4082 4083
f 4067 4080 4081
f 4066 4065 4078
f 4063 4076 4077
f 4061 4074 4075
f 4072 4085 4086
f 4071 4070 4083
f 4076 4089 4090
f 4074 4087 4088
f 4086 4085 4098
f 4083 4096 4097
f 4082 4081 4094
f 4079 4092 4093
f 4078 4077 4090
f 4076 4075 4088
f 4085 4084 4097
f 4082 4095 4096
f 4080 4093 4094
f 4079 4078 4091
f 4089 4102 4103
f 4088 4087 4100
f 4098 4111 4112
f 4096 4109 4110
f 4095 4094 4107
f 4092 4105 4106
f 4090 4103 4104
f 4089 4088 4101
f 4097 4110 4111
f 4095 4108 4109
f 4094 4093 4106
f 4092 4091 4104
f 4103 4102 4115
f 4100 4113 4114
f 4112 4111 4124
f 4110 4109 4122
f 4107 4120 4121
f 4105 4118 4119
f 4103 4116 4117
f 4101 4114 4115
f 4110 4123 4124
f 4109 4108 4121
f 4107 4106 4119
f 4105 4104 4117
f 4115 4128 4129
f 4114 4113 4126
f 4124 4137 4138
f 4123 4122 4135
f 4120 4133 4134
f 4119 4118 4131
f 4117 4116 4129
f 4114 4127 4128
f 4124 4123 4136
f 4122 4121 4134
f 4119 4132 4133
f 4117 4130 4131
f 4129 4128 4141
f 4126 4139 4140
f 4138 4137 4150
f 4136 4135 4148
f 4133 4146 4147
f 4131 4144 4145
f 4130 4129 4142
f 4127 4140 4141
f 4137 4136 4149
f 4135 4134 4147
f 4132 4145 4146
f 4131 4130 4143
f 4142 4141 4154
f 4140 4139 4152
f 4150 4163 4164
f 4149 4148 4161
f 4146 4159 4160
f 4144 4157 4158
f 4142 4155 4156
f 4140 4153 4154
f 4149 4162 4163
f 4148 4147 4160
f 4146 4145 4158
f 4144 4143 4156
f 4155 4154 4167
f 4153 4152 4165
f 4163 4176 4177
f 4161 4174 4175
f 4159 4172 4173
f 4158 4157 4170
f 4155 4168 4169
f 4153 4166 4167
f 4163 4162 4175
f 4161 4160 4173
f 4159 4158 4171
f 4156 4169 4170
f 4167 4180 4181
f 4165 4178 4179
f 4176 4189 4190
f 4175 4174 4187
f 4173 4172 4185
f 4170 4183 4184
f 4169 4168 4181
f 4167 4166 4179
f 4175 4188 4189
f 4173 4186 4187
f 4171 4184 4185
f 4170 4169 4182
f 4180 4193 4194
f 4178 4191 4192
f 4190 4189 4202
f 4187 4200 4201
f 4186 4185 4198
f 4183 4196 4197
f 4182 4181 4194
f 4180 4179 4192
f 4189 4188 4201
f 4186 4199 4200
f 4184 4197 4198
f 4183 4182 4195
f 4193 4206 4207
f 4192 4191 4204
f 4202 4215 4216
f 4200 4213 4214
f 4199 4198 4211
f 4196 4209 4210
f 4194 4207 4208
f 4193 4192 4205
f 4201 4214 4215
f 4199 4212 4213
f 4198 4197 4210
f 4196 4195 4208
f 4207 4206 4219
f 4204 4217 4218
f 4216 4215 4228
f 4213 4226 4227
f 4211 4224 4225
f 4209 4222 4223
f 4207 4220 4221
f 4205 4218 4219
f 4214 4227 4228
f 4213 4212 4225
f 4211 4210 4223
f 4209 4208 4221
f 4219 4232 4233
f 4218 4217 4230
f 4228 4241 4242
f 4226 4239 4240
f 4225 4224 4237
f 4223 4222 4235
f 4221 4220 4233
f 4218 4231 4232
f 4228 4227 4240
f 4226 4225 4238
f 4223 4236 4237
f 4221 4234 4235
f 4233 4232 4245
f 4230 4243 4244
f 4242 4241 4254
f 4240 4239 4252
f 4237 4250 4251
f 4235 4248 4249
f 4234 4233 4246
f 4231 4244 4245
f 4241 4240 4253
f 4239 4238 4251
f 4236 4249 4250
f 4235 4234 4247
f 4246 4245 4258
f 4244 4243 4256
f 4254 4267 4268
f 4253 4252 4265
f 4250 4263 4264
f 4248 4261 4262
f 4246 4259 4260
f 4244 4257 4258
f 4253 4266 4267
f 4252 4251 4264
f 4250 4249 4262
f 4248 4247 4260
f 4259 4258 4271
f 4257 4256 4269
f 4267 4280 4281
f 4265 4278 4279
f 4263 4276 4277
f 4262 4261 4274
f 4259 4272 4273
f 4257 4270 4271
f 4266 4279 4280
f 4265 4264 4277
f 4263 4262 4275
f 4260 4273 4274
f 4271 4284 4285
f 4269 4282 4283
f 4281 4280 4293
f 4279 4278 4291
f 4277 4276 4289
f 4274 4287 4288
f 4273 4272 4285
f 4271 4270 4283
f 4280 4279 4292
f 4277 4290 4291
f 4275 4288 4289
f 4274 4273 4286
f 4284 4297 4298
f 4282 4295 4296
f 4294 4293 4306
f 4291 4304 4305
f 4290 4289 4302
f 4287 4300 4301
f 4286 4285 4298
f 4284 4283 4296
f 4293 4292 4305
f 4290 4303 4304
f 4288 4301 4302
f 4287 4286 4299
f 4297 4310 4311
f 4296 4295 4308
f 4306 4319 4320
f 4304 4317 4318
f 4303 4302 4315
f 4300 4313 4314
f 4298 4311 4312
f 4297 4296 4309
f 4305 4318 4319
f 4304 4303 4316
f 4302 4301 4314
f 4300 4299 4312
f 4310 4323 4324
f 4308 4321 4322
f 4320 4319 4332
f 4318 4317 4330
f 4316 4315 4328
f 4313 4326 4327
f 4311 4324 4325
f 4310 4309 4322
f 4318 4331 4332
f 4316 4329 4330
f 4315 4314 4327
f 4312 4325 4326
f 4323 4336 4337
f 4322 4321 4334
f 4332 4345 4346
f 4330 4343 4344
f 4329 4328 4341
f 4327 4326 4339
f 4325 4324 4337
f 4322 4335 4336
f 4332 4331 4344
f 4330 4329 4342
f 4327 4340 4341
f 4325 4338 4339
f 4337 4336 4350
f 4334 4348 4349
f 4346 4345 4359
f 4344 4343 4357
f 4341 4355 4356
f 4340 4339 4353
f 4338 4337 4351
f 4335 4349 4350
f 4345 4344 4358
f 4343 4342 4356
f 4340 4354 4355
f 4338 4352 4353
f 4351 4350 4363
f 4349 4348 4361
f 4359 4372 4373
f 4358 4357 4370
f 4355 4368 4369
f 4354 4353 4366
f 4351 4364 4365
f 4349 4362 4363
f 4358 4371 4372
f 4357 4356 4369
f 4355 4354 4367
f 4352 4365 4366
f 4364 4363 4376
f 4362 4361 4374
f 4373 4372 4385
f 4370 4383 4384
f 4368 4381 4382
f 4367 4366 4379
f 4364 4377 4378
f 4362 4375 4376
f 4372 4371 4384
f 4370 4369 4382
f 4368 4367 4380
f 4365 4378 4379
f 4376 4389 4390
f 4374 4387 4388
f 4385 4398 4399
f 4384 4383 4396
f 4382 4381 4394
f 4379 4392 4393
f 4378 4377 4390
f 4376 4375 4388
f 4384 4397 4398
f 4382 4395 4396
f 4380 4393 4394
f 4379 4378 4391
f 4389 4402 4403
f 4387 4400 4401
f 4399 4398 4411
f 4396 4409 4410
f 4395 4394 4407
f 4393 4392 4405
f 4391 4390 4403
f 4389 4388 4401
f 4398 4397 4410
f 4395 4408 4409
f 4393 4406 4407
f 4391 4404 4405
f 4402 4415 4416
f 4401 4400 4413
f 4411 4424 4425
f 4409 4422 4423
f 4408 4407 4420
f 4406 4405 4418
f 4403 4416 4417
f 4402 4401 4414
f 4410 4423 4424
f 4408 4421 4422
f 4407 4406 4419
f 4404 4417 4418
f 4416 4415 4428
f 4413 4426 4427
f 4425 4424 4437
f 4423 4422 4435
f 4421 4420 4433
f 4418 4431 4432
f 4416 4429 4430
f 4415 4414 4427
f 4423 4436 4437
f 4421 4434 4435
f 4420 4419 4432
f 4418 4417 4430
f 4428 4441 4442
f 4426 4439 4440
f 4437 4450 4451
f 4435 4448 4449
f 4434 4433 4446
f 4432 4431 4444
f 4430 4429 4442
f 4427 4440 4441
f 4437 4436 4449
f 4435 4434 4447
f 4432 4445 4446
f 4430 4443 4444
f 4442 4441 4454
f 4439 4452 4453
f 4451 4450 4463
f 4449 4448 4461
f 4446 4459 4460
f 4444 4457 4458
f 4443 4442 4455
f 4440 4453 4454
f 4450 4449 4462
f 4447 4460 4461
f 4445 4458 4459
f 4444 4443 4456
f 4455 4454 4467
f 4453 4452 4465
f 4463 4476 4477
f 4462 4461 4474
f 4459 4472 4473
f 4457 4470 4471
f 4455 4468 4469
f 4453 4466 4467
f 4462 4475 4476
f 4461 4460 4473
f 4459 4458 4471
f 4457 4456 4469
f 4468 4467 4063
f 4466 4465 4061
f 4477 4476 4072
f 4474 4070 4071
f 4472 4068 4069
f 4471 4470 4066
f 4468 4064 4065
f 4466 4062 4063
f 4476 4475 4071
f 4474 4473 4069
f 4472 4471 4067
f 4469 4065 4066
f 3935 4061 4465
f 4465 4452 4056
f 4452 4439 4051
f 4439 4426 4047
f 4047 4426 4413
f 4043 4413 4400
f 4039 4400 4387
f 4387 4374 4031
f 4031 4374 4361
f 4361 4348 4023
f 4348 4334 4019
f 4334 4321 4015
f 4015 4321 4308
f 4011 4308 4295
f 4007 4295 4282
f 4282 4269 3999
f 3999 4269 4256
f 4256 4243 3991
f 4243 4230 3987
f 4230 4217 3983
f 3983 4217 4204
f 3979 4204 4191
f 3975 4191 4178
f 4178 4165 3967
f 3967 4165 4152
f 4152 4139 3959
f 4139 4126 3955
f 4126 4113 3951
f 3951 4113 4100
f 3947 4100 4087
f 3943 4087 4074
f 4074 4061 3935
f 4480 4479 4483
f 4480 4484 4485
f 4479 4478 4482
f 4484 4488 4489
f 4482 4486 4487
f 4483 4487 4488
f 4488 4492 4493
f 4487 4486 4490
f 4488 4487 4491
f 4493 4492 4496
f 4490 4494 4495
f 4491 4495 4496
f 4496 4500 4501
f 4495 4494 4498
f 4496 4495 4499
f 4501 4500 4504
f 4498 4502 4503
f 4499 4503 4504
f 4505 4504 4508
f 4503 4502 4506
f 4504 4503 4507
f 4509 4508 4512
f 4506 4510 4511
f 4507 4511 4512
f 4513 4512 4516
f 4511 4510 4514
f 4512 4511 4515
f 4516 4520 4521
f 4514 4518 4519
f 4515 4519 4520
f 4520 4524 4525
f 4518 4522 4523
f 4520 4519 4523
f 4525 4524 4528
f 4522 4526 4527
f 4523 4527 4528
f 4528 4532 4533
f 4527 4526 4530
f 4528 4527 4531
f 4533 4532 4536
f 4530 4534 4535
f 4531 4535 4536
f 4537 4536 4540
f 4534 4538 4539
f 4536 4535 4539
f 4541 4540 4544
f 4539 4538 4542
f 4539 4543 4544
f 4544 4548 4549
f 4542 4546 4547
f 4544 4543 4547
f 4548 4552 4553
f 4547 4546 4550
f 4547 4551 4552
f 4552 4556 4557
f 4551 4550 4554
f 4552 4551 4555
f 4557 4556 4560
f 4554 4558 4559
f 4555 4559 4560
f 4560 4564 4565
f 4559 4558 4562
f 4560 4559 4563
f 4565 4564 4568
f 4562 4566 4567
f 4563 4567 4568
f 4569 4568 4572
f 4567 4566 4570
f 4568 4567 4571
f 4572 4576 4577
f 4570 4574 4575
f 4571 4575 4576
f 4576 4580 4581
f 4575 4574 4578
f 4576 4575 4579
f 4580 4584 4585
f 4578 4582 4583
f 4579 4583 4584
f 4584 4588 4589
f 4583 4582 4586
f 4584 4583 4587
f 4589 4588 4592
f 4586 4590 4591
f 4587 4591 4592
f 4592 4596 4597
f 4591 4590 4594
f 4592 4591 4595
f 4597 4596 4601
f 4594 4599 4600
f 4595 4600 4601
f 4602 4601 4605
f 4600 4599 4603
f 4601 4600 4604
f 4606 4605 4480
f 4603 4478 4479
f 4604 4479 4480
f 4615 4614 4627
f 4612 4625 4626
f 4611 4610 4623
f 4609 4608 4621
f 4618 4617 4630
f 4615 4628 4629
f 4613 4626 4627
f 4612 4611 4624
f 4609 4622 4623
f 4607 4620 4621
f 4619 4618 4631
f 4617 4616 4629
f 4622 4635 4636
f 4620 4633 4634
f 4632 4631 4644
f 4629 4642 4643
f 4628 4627 4640
f 4626 4625 4638
f 4624 4623 4636
f 4622 4621 4634
f 4631 4630 4643
f 4628 4641 4642
f 4626 4639 4640
f 4624 4637 4638
f 4635 4648 4649
f 4634 4633 4646
f 4644 4657 4658
f 4642 4655 4656
f 4641 4640 4653
f 4639 4638 4651
f 4636 4649 4650
f 4635 4634 4647
f 4643 4656 4657
f 4642 4641 4654
f 4640 4639 4652
f 4637 4650 4651
f 4648 4661 4662
f 4646 4659 4660
f 4658 4657 4670
f 4656 4655 4668
f 4653 4666 4667
f 4651 4664 4665
f 4649 4662 4663
f 4648 4647 4660
f 4656 4669 4670
f 4654 4667 4668
f 4653 4652 4665
f 4651 4650 4663
f 4661 4674 4675
f 4660 4659 4672
f 4670 4683 4684
f 4668 4681 4682
f 4667 4666 4679
f 4665 4664 4677
f 4663 4662 4675
f 4661 4660 4673
f 4670 4669 4682
f 4667 4680 4681
f 4665 4678 4679
f 4663 4676 4677
f 4675 4674 4687
f 4672 4685 4686
f 4684 4683 4696
f 4682 4681 4694
f 4679 4692 4693
f 4678 4677 4690
f 4676 4675 4688
f 4673 4686 4687
f 4683 4682 4695
f 4681 4680 4693
f 4678 4691 4692
f 4676 4689 4690
f 4688 4687 4700
f 4686 4685 4698
f 4696 4709 4710
f 4695 4694 4707
f 4692 4705 4706
f 4691 4690 4703
f 4688 4701 4702
f 4686 4699 4700
f 4695 4708 4709
f 4694 4693 4706
f 4692 4691 4704
f 4689 4702 4703
f 4701 4700 4713
f 4699 4698 4711
f 4710 4709 4722
f 4707 4720 4721
f 4705 4718 4719
f 4704 4703 4716
f 4701 4714 4715
f 4699 4712 4713
f 4709 4708 4721
f 4707 4706 4719
f 4705 4704 4717
f 4702 4715 4716
f 4713 4726 4727
f 4711 4724 4725
f 4723 4722 4735
f 4721 4720 4733
f 4719 4718 4731
f 4716 4729 4730
f 4715 4714 4727
f 4713 4712 4725
f 4721 4734 4735
f 4719 4732 4733
f 4717 4730 4731
f 4716 4715 4728
f 4726 4739 4740
f 4724 4737 4738
f 4736 4735 4748
f 4733 4746 4747
f 4732 4731 4744
f 4730 4729 4742
f 4728 4727 4740
f 4726 4725 4738
f 4735 4734 4747
f 4732 4745 4746
f 4730 4743 4744
f 4728 4741 4742
f 4739 4752 4753
f 4738 4737 4750
f 4748 4761 4762
f 4746 4759 4760
f 4745 4744 4757
f 4743 4742 4755
f 4740 4753 4754
f 4739 4738 4751
f 4747 4760 4761
f 4745 4758 4759
f 4744 4743 4756
f 4741 4754 4755
f 4753 4752 4765
f 4750 4763 4764
f 4762 4761 4774
f 4759 4772 4773
f 4758 4757 4770
f 4755 4768 4769
f 4753 4766 4767
f 4752 4751 4764
f 4760 4773 4774
f 4758 4771 4772
f 4757 4756 4769
f 4755 4754 4767
f 4765 4778 4779
f 4764 4763 4776
f 4774 4787 4788
f 4772 4785 4786
f 4771 4770 4783
f 4769 4768 4781
f 4767 4766 4779
f 4765 4764 4777
f 4774 4773 4786
f 4771 4784 4785
f 4769 4782 4783
f 4767 4780 4781
f 4779 4778 4791
f 4776 4789 4790
f 4788 4787 4800
f 4786 4785 4798
f 4783 4796 4797
f 4782 4781 4794
f 4780 4779 4792
f 4777 4790 4791
f 4787 4786 4799
f 4785 4784 4797
f 4782 4795 4796
f 4780 4793 4794
f 4792 4791 4804
f 4790 4789 4802
f 4800 4813 4814
f 4799 4798 4811
f 4796 4809 4810
f 4795 4794 4807
f 4792 4805 4806
f 4790 4803 4804
f 4799 4812 4813
f 4798 4797 4810
f 4796 4795 4808
f 4793 4806 4807
f 4805 4804 4817
f 4803 4802 4815
f 4814 4813 4826
f 4811 4824 4825
f 4809 4822 4823
f 4808 4807 4820
f 4805 4818 4819
f 4803 4816 4817
f 4813 4812 4825
f 4811 4810 4823
f 4809 4808 4821
f 4806 4819 4820
f 4817 4830 4831
f 4815 4828 4829
f 4826 4839 4840
f 4825 4824 4837
f 4823 4822 4835
f 4820 4833 4834
f 4819 4818 4831
f 4817 4816 4829
f 4825 4838 4839
f 4823 4836 4837
f 4821 4834 4835
f 4820 4819 4832
f 4830 4843 4844
f 4828 4841 4842
f 4840 4839 4852
f 4837 4850 4851
f 4836 4835 4848
f 4834 4833 4846
f 4832 4831 4844
f 4830 4829 4842
f 4839 4838 4851
f 4836 4849 4850
f 4834 4847 4848
f 4832 4845 4846
f 4843 4856 4857
f 4842 4841 4854
f 4852 4865 4866
f 4850 4863 4864
f 4849 4848 4861
f 4847 4846 4859
f 4844 4857 4858
f 4843 4842 4855
f 4851 4864 4865
f 4849 4862 4863
f 4848 4847 4860
f 4845 4858 4859
f 4857 4856 4869
f 4855 4854 4867
f 4866 4865 4878
f 4864 4863 4876
f 4862 4861 4874
f 4859 4872 4873
f 4857 4870 4871
f 4856 4855 4868
f 4864 4877 4878
f 4862 4875 4876
f 4861 4860 4873
f 4859 4858 4871
f 4869 4882 4883
f 4868 4867 4880
f 4878 4891 4892
f 4877 4876 4889
f 4874 4887 4888
f 4873 4872 4885
f 4871 4870 4883
f 4868 4881 4882
f 4878 4877 4890
f 4876 4875 4888
f 4873 4886 4887
f 4871 4884 4885
f 4883 4882 4896
f 4880 4894 4895
f 4892 4891 4905
f 4890 4889 4903
f 4887 4901 4902
f 4885 4899 4900
f 4884 4883 4897
f 4881 4895 4896
f 4891 4890 4904
f 4889 4888 4902
f 4886 4900 4901
f 4885 4884 4898
f 4897 4896 4909
f 4895 4894 4907
f 4905 4918 4919
f 4904 4903 4916
f 4901 4914 4915
f 4899 4912 4913
f 4897 4910 4911
f 4895 4908 4909
f 4904 4917 4918
f 4903 4902 4915
f 4901 4900 4913
f 4899 4898 4911
f 4910 4909 4922
f 4908 4907 4920
f 4919 4918 4931
f 4916 4929 4930
f 4914 4927 4928
f 4913 4912 4925
f 4910 4923 4924
f 4908 4921 4922
f 4918 4917 4930
f 4916 4915 4928
f 4914 4913 4926
f 4911 4924 4925
f 4922 4935 4936
f 4920 4933 4934
f 4931 4944 4945
f 4930 4929 4942
f 4928 4927 4940
f 4925 4938 4939
f 4924 4923 4936
f 4922 4921 4934
f 4930 4943 4944
f 4928 4941 4942
f 4926 4939 4940
f 4925 4924 4937
f 4935 4948 4949
f 4933 4946 4947
f 4945 4944 4957
f 4942 4955 4956
f 4941 4940 4953
f 4938 4951 4952
f 4937 4936 4949
f 4935 4934 4947
f 4944 4943 4956
f 4941 4954 4955
f 4939 4952 4953
f 4938 4937 4950
f 4948 4961 4962
f 4947 4946 4959
f 4957 4970 4971
f 4955 4968 4969
f 4954 4953 4966
f 4951 4964 4965
f 4949 4962 4963
f 4948 4947 4960
f 4956 4969 4970
f 4954 4967 4968
f 4953 4952 4965
f 4951 4950 4963
f 4962 4961 4974
f 4959 4972 4973
f 4971 4970 4983
f 4968 4981 4982
f 4966 4979 4980
f 4964 4977 4978
f 4962 4975 4976
f 4960 4973 4974
f 4969 4982 4983
f 4967 4980 4981
f 4966 4965 4978
f 4964 4963 4976
f 4975 4974 4987
f 4973 4972 4985
f 4983 4996 4997
f 4981 4994 4995
f 4979 4992 4993
f 4978 4977 4990
f 4976 4975 4988
f 4973 4986 4987
f 4983 4982 4995
f 4981 4980 4993
f 4978 4991 4992
f 4976 4989 4990
f 4988 4987 5000
f 4985 4998 4999
f 4997 4996 5009
f 4995 4994 5007
f 4992 5005 5006
f 4991 4990 5003
f 4989 4988 5001
f 4986 4999 5000
f 4996 4995 5008
f 4994 4993 5006
f 4991 5004 5005
f 4989 5002 5003
f 5001 5000 5013
f 4999 4998 5011
f 5009 5022 5023
f 5008 5007 5020
f 5005 5018 5019
f 5004 5003 5016
f 5001 5014 5015
f 4999 5012 5013
f 5008 5021 5022
f 5007 5006 5019
f 5005 5004 5017
f 5002 5015 5016
f 5014 5013 4609
f 5012 5011 4607
f 5022 4618 4619
f 5020 4616 4617
f 5018 4614 4615
f 5017 5016 4612
f 5014 4610 4611
f 5012 4608 4609
f 5021 4617 4618
f 5020 5019 4615
f 5018 5017 4613
f 5015 4611 4612
f 4481 4607 5011
f 5011 4998 4602
f 4998 4985 4597
f 4985 4972 4593
f 4593 4972 4959
f 4589 4959 4946
f 4585 4946 4933
f 4933 4920 4577
f 4577 4920 4907
f 4907 4894 4569
f 4894 4880 4565
f 4880 4867 4561
f 4561 4867 4854
f 4557 4854 4841
f 4553 4841 4828
f 4828 4815 4545
f 4545 4815 4802
f 4802 4789 4537
f 4789 4776 4533
f 4776 4763 4529
f 4529 4763 4750
f 4525 4750 4737
f 4521 4737 4724
f 4724 4711 4513
f 4513 4711 4698
f 4698 4685 4505
f 4685 4672 4501
f 4672 4659 4497
f 4497 4659 4646
f 4493 4646 4633
f 4489 4633 4620
f 4620 4607 4481
