v 0.089760 -0.024731 -0.050588
v 0.093043 -0.026408 -0.049303
v 0.093868 -0.025090 -0.048926
v 0.090628 -0.023902 -0.050293
v 0.100326 -0.027042 -0.058712
v 0.101915 -0.023754 -0.054235
v 0.101905 -0.021270 -0.053359
v 0.101610 -0.021237 -0.056271
v 0.046151 -0.052918 -0.113390
v 0.031758 -0.049758 -0.117554
v 0.029491 -0.060748 -0.114971
v 0.042290 -0.066415 -0.109563
v 0.056980 -0.093286 -0.090786
v 0.053278 -0.084256 -0.096078
v 0.048643 -0.095745 -0.099831
v 0.056949 -0.101268 -0.090466
v 0.077500 0.036532 0.039143
v 0.084272 0.033801 0.033244
v 0.082050 0.028223 0.036846
v -0.034740 0.000380 -0.053226
v -0.038452 0.000119 -0.051915
v -0.038740 0.001627 -0.051607
v -0.035055 0.001497 -0.053010
v -0.045112 0.002556 -0.061887
v -0.045586 0.006192 -0.057339
v -0.044585 0.008424 -0.056444
v -0.044143 0.008375 -0.059425
v 0.075331 0.030203 0.041256
v 0.120854 -0.008437 -0.067235
v 0.120482 -0.010896 -0.068471
v 0.120758 -0.012803 -0.066747
v 0.120863 -0.010682 -0.065282
v 0.113794 -0.024636 -0.067140
v 0.115499 -0.017771 -0.067991
v 0.117180 -0.015597 -0.068452
v 0.116918 -0.017783 -0.067787
v 0.111443 -0.034615 -0.064526
v 0.110275 -0.033660 -0.064337
v 0.112550 -0.029565 -0.065899
v 0.114062 -0.030309 -0.066394
v 0.094081 -0.051812 -0.041042
v 0.097287 -0.049482 -0.043526
v 0.096768 -0.052655 -0.044977
v 0.092072 -0.053303 -0.043217
v 0.089400 -0.050831 -0.044393
v 0.093529 -0.052357 -0.048767
v 0.093823 -0.048806 -0.049960
v 0.090318 -0.047954 -0.046733
v 0.118172 0.001288 -0.054554
v 0.117893 -0.002432 -0.053723
v 0.116558 -0.003316 -0.051651
v 0.116587 0.000374 -0.052193
v 0.097393 -0.025541 -0.064940
v 0.094461 -0.031502 -0.063533
v 0.101389 -0.028203 -0.065801
v 0.102471 -0.025643 -0.065845
v 0.115903 -0.008148 -0.060127
v 0.116035 -0.007516 -0.063141
v 0.116004 -0.009551 -0.064462
v 0.115237 -0.010679 -0.062235
v 0.118178 -0.006273 -0.068206
v 0.117756 -0.009061 -0.069568
v 0.094529 -0.042063 -0.040409
v 0.094429 -0.038496 -0.039596
v 0.095166 -0.037127 -0.040891
v 0.095107 -0.038220 -0.042525
v 0.099858 -0.026960 -0.055419
v 0.102176 -0.022781 -0.052800
v 0.106097 -0.044538 -0.060002
v 0.106148 -0.042465 -0.058997
v 0.109155 -0.038878 -0.061990
v 0.109063 -0.040357 -0.063475
v 0.103383 -0.039523 -0.057113
v 0.106252 -0.037171 -0.060269
v 0.107353 -0.036655 -0.061973
v 0.106058 -0.038659 -0.060016
v 0.117668 -0.005975 -0.061430
v 0.116935 -0.003495 -0.056585
v 0.118104 -0.004826 -0.055372
v 0.119239 -0.007211 -0.059491
v 0.106827 -0.014878 -0.064975
v 0.106403 -0.009813 -0.062891
v 0.105160 -0.010194 -0.062948
v 0.105383 -0.014551 -0.064861
v 0.117554 -0.008697 -0.065924
v 0.117525 -0.010906 -0.067208
v 0.115955 -0.011875 -0.065932
v 0.107378 -0.009158 -0.049150
v 0.109191 -0.008408 -0.051092
v 0.108984 -0.009977 -0.052012
v 0.108436 -0.011066 -0.051268
v 0.096254 -0.053478 -0.048486
v 0.091656 -0.039725 -0.057112
v 0.093386 -0.039717 -0.058797
v 0.096863 -0.036200 -0.061592
v 0.095439 -0.034642 -0.061975
v 0.090001 -0.048759 -0.038934
v 0.093238 -0.049203 -0.039240
v 0.093524 -0.050535 -0.040235
v 0.090205 -0.051126 -0.040527
v 0.110740 -0.005371 -0.051285
v 0.112572 -0.006523 -0.053015
v 0.110737 -0.006941 -0.052557
v 0.109611 -0.006219 -0.051189
v 0.114005 -0.019272 -0.066504
v 0.114927 -0.013128 -0.064036
v 0.111355 -0.027920 -0.061968
v 0.111531 -0.027596 -0.064710
v 0.110252 -0.031483 -0.063269
v -0.008018 -0.042090 -0.113499
v 0.006431 -0.044657 -0.117584
v 0.004332 -0.055737 -0.115030
v -0.009592 -0.056128 -0.109681
v 0.109578 -0.031493 -0.060851
v 0.113177 -0.020310 -0.061528
v 0.113335 -0.020218 -0.064750
v 0.118434 -0.013077 -0.065448
v 0.117344 -0.018670 -0.066606
v 0.118025 -0.012307 -0.066316
v 0.105085 -0.006489 -0.060601
v 0.106146 -0.003466 -0.064798
v 0.103531 -0.009047 -0.066755
v 0.104538 -0.008751 -0.062364
v 0.096655 -0.033400 -0.041026
v 0.098176 -0.031456 -0.042335
v 0.096140 -0.033172 -0.044214
v 0.094683 -0.035496 -0.043699
v 0.097256 -0.038559 -0.060445
v 0.094048 -0.041011 -0.058043
v 0.094537 -0.041865 -0.057392
v 0.097526 -0.040366 -0.059032
v 0.114687 -0.006294 -0.054842
v 0.114053 -0.010358 -0.056214
v 0.112601 -0.010073 -0.054957
v 0.099650 -0.037852 -0.049871
v 0.100167 -0.036673 -0.051920
v 0.101017 -0.039636 -0.053098
v 0.100458 -0.041605 -0.051177
v 0.101216 -0.050336 -0.054155
v 0.098476 -0.049937 -0.055039
v 0.095933 -0.051495 -0.051648
v 0.098739 -0.052279 -0.051296
v 0.095167 -0.036781 -0.043153
v 0.095568 -0.035753 -0.041072
v 0.108959 -0.015088 -0.066616
v 0.109100 -0.009174 -0.063882
v 0.114754 -0.012012 -0.060259
v 0.114488 -0.014203 -0.061921
v 0.101595 -0.021523 -0.045695
v 0.100059 -0.020781 -0.047435
v 0.100201 -0.021644 -0.047376
v 0.102012 -0.023077 -0.045507
v 0.101512 -0.021895 -0.044238
v 0.101693 -0.023534 -0.044130
v 0.100995 -0.023429 -0.043338
v 0.100817 -0.022552 -0.043159
v 0.099402 -0.020467 -0.047911
v 0.099745 -0.020799 -0.047658
v 0.100007 -0.020342 -0.047687
v 0.104069 -0.018932 -0.058520
v 0.102064 -0.025789 -0.060649
v 0.101280 -0.026995 -0.060679
v 0.104080 -0.021787 -0.058105
v 0.112269 -0.026708 -0.066190
v 0.113613 -0.002479 -0.048223
v 0.113278 0.000446 -0.048187
v 0.116069 0.002567 -0.052022
v 0.094988 -0.033932 -0.054122
v 0.098330 -0.034455 -0.051788
v 0.097854 -0.034502 -0.050114
v 0.095449 -0.034198 -0.052347
v 0.097889 -0.029401 -0.046928
v 0.094978 -0.031914 -0.046880
v 0.098683 -0.031174 -0.044850
v 0.102768 -0.016383 -0.043917
v 0.101452 -0.019911 -0.046562
v 0.101308 -0.020726 -0.045327
v 0.101364 -0.020412 -0.044046
v 0.111441 -0.035350 -0.065940
v 0.113710 -0.030447 -0.067998
v 0.112059 -0.030175 -0.069476
v 0.109815 -0.035495 -0.067452
v 0.092166 -0.045203 -0.037952
v 0.087042 -0.046077 -0.041412
v 0.091708 -0.041838 -0.038127
v 0.120679 -0.001960 -0.062386
v 0.119039 0.000228 -0.062713
v 0.118886 -0.001695 -0.064880
v 0.120980 -0.003908 -0.064350
v 0.102806 -0.015354 -0.051439
v 0.102024 -0.017200 -0.051317
v 0.102736 -0.016242 -0.049941
v 0.103011 -0.014035 -0.049955
v 0.072461 -0.043903 -0.096197
v 0.080395 -0.045545 -0.077260
v 0.087030 -0.032847 -0.085528
v 0.080037 -0.031624 -0.101497
v 0.102378 -0.047264 -0.053343
v 0.101291 -0.049286 -0.050810
v 0.106050 -0.009401 -0.042703
v 0.105698 -0.007610 -0.041966
v 0.107511 -0.002378 -0.043831
v 0.107893 -0.005665 -0.043725
v 0.116936 -0.016466 -0.071286
v 0.119204 -0.017713 -0.070058
v 0.110259 -0.005093 -0.049755
v 0.112835 -0.002967 -0.052543
v 0.111113 -0.004751 -0.051512
v 0.109611 -0.005723 -0.050020
v 0.108326 -0.013049 -0.046928
v 0.109226 -0.011935 -0.046910
v 0.107623 -0.010674 -0.047099
v 0.106396 -0.011741 -0.047307
v 0.106071 -0.002599 -0.041271
v 0.108205 0.002123 -0.044807
v 0.089587 -0.039573 -0.056726
v 0.107953 -0.011003 -0.044306
v 0.109166 -0.008610 -0.044687
v 0.110144 -0.010357 -0.046795
v -0.033281 -0.075590 -0.090970
v -0.026405 -0.068650 -0.096225
v -0.026659 -0.080973 -0.099946
v -0.036297 -0.082987 -0.090685
v 0.093667 -0.037440 -0.037683
v 0.095089 -0.036088 -0.039534
v 0.109172 -0.005970 -0.049796
v 0.108277 -0.006961 -0.049684
v 0.106255 -0.010517 -0.048134
v 0.106812 -0.011694 -0.050282
v 0.109152 -0.018789 -0.057545
v 0.108100 -0.026810 -0.059220
v 0.090182 -0.033016 -0.071358
v 0.084318 -0.045015 -0.057228
v 0.106600 -0.010003 -0.047378
v 0.106896 -0.009499 -0.047546
v 0.106192 -0.010160 -0.047334
v 0.105524 -0.010892 -0.047736
v 0.099766 -0.050936 -0.048374
v 0.110456 -0.012874 -0.055325
v 0.107385 -0.014226 -0.053344
v 0.109318 -0.012673 -0.053336
v 0.115328 -0.026060 -0.066389
v 0.118357 -0.019159 -0.066435
v 0.119725 -0.019240 -0.067836
v 0.116543 -0.026450 -0.067550
v 0.087892 -0.049118 -0.043015
v 0.101709 -0.017900 -0.052656
v 0.102443 -0.019403 -0.051989
v 0.105061 -0.012916 -0.050635
v 0.104717 -0.011643 -0.048118
v 0.095886 -0.033175 -0.039028
v 0.117379 -0.005112 -0.063115
v 0.117640 -0.006759 -0.064486
v 0.116254 -0.006045 -0.061900
v 0.116336 -0.004963 -0.060396
v 0.116309 -0.002626 -0.058790
v 0.115830 -0.001817 -0.058331
v 0.117178 -0.003537 -0.061428
v 0.107382 -0.012750 -0.051496
v 0.108767 -0.012051 -0.052260
v 0.099540 -0.039054 -0.048210
v 0.099421 -0.044704 -0.048211
v 0.108331 -0.034662 -0.061304
v 0.107351 -0.033841 -0.058908
v 0.110696 -0.024118 -0.070063
v 0.112427 -0.015605 -0.069855
v 0.110682 -0.015417 -0.067998
v 0.109480 -0.023636 -0.068794
v 0.103745 -0.020252 -0.065731
v 0.100418 -0.018608 -0.065686
v 0.100671 -0.021665 -0.042659
v 0.100860 -0.017898 -0.040714
v 0.103656 -0.013437 -0.049933
v 0.104177 -0.011801 -0.048511
v 0.101512 -0.036984 -0.063013
v 0.096675 -0.043112 -0.055500
v 0.101431 -0.039147 -0.061140
v 0.092554 -0.042706 -0.053533
v 0.092164 -0.043654 -0.051226
v 0.094630 -0.044335 -0.052761
v 0.103550 -0.037600 -0.056300
v 0.105842 -0.036719 -0.058720
v 0.099888 -0.021053 -0.048485
v 0.098519 -0.022469 -0.050177
v 0.098086 -0.020733 -0.048312
v 0.111939 -0.019939 -0.059386
v 0.110600 -0.027551 -0.060171
v 0.109303 -0.009693 -0.047552
v 0.104545 -0.018277 -0.047206
v 0.105955 -0.015148 -0.045282
v 0.112670 -0.007411 -0.047793
v 0.111221 -0.008550 -0.048136
v 0.110365 -0.009264 -0.047836
v 0.111276 -0.008934 -0.047005
v 0.091738 -0.028320 -0.050351
v 0.093499 -0.030441 -0.048513
v 0.095753 -0.027866 -0.047847
v 0.115309 -0.002546 -0.055815
v 0.115547 -0.004396 -0.056823
v 0.111006 -0.009034 -0.065263
v 0.109825 -0.008287 -0.051952
v 0.109554 -0.009634 -0.053065
v 0.110859 0.003766 -0.059512
v 0.110732 0.001143 -0.055768
v 0.110583 0.001412 -0.054375
v 0.111337 0.006032 -0.054861
v 0.090998 -0.046328 -0.047933
v 0.093661 -0.046619 -0.050608
v 0.093593 -0.045234 -0.051114
v 0.091740 -0.044878 -0.049275
v 0.097299 -0.034516 -0.049443
v 0.095410 -0.034393 -0.051328
v 0.109312 -0.033372 -0.064103
v 0.108678 -0.034185 -0.063084
v 0.110697 -0.030545 -0.064998
v 0.111097 -0.029132 -0.065920
v 0.103843 -0.014837 -0.054703
v 0.103232 -0.015768 -0.053528
v 0.108261 -0.003312 -0.057026
v 0.110934 -0.002051 -0.058185
v 0.111414 -0.000068 -0.055103
v 0.109323 -0.001151 -0.055238
v 0.112878 -0.008701 -0.067162
v 0.109231 -0.011087 -0.053129
v 0.109601 -0.010990 -0.054001
v 0.109169 -0.010664 -0.052524
v 0.105383 -0.012438 -0.047609
v 0.107260 -0.014015 -0.047659
v 0.112526 -0.007059 -0.049111
v 0.115665 -0.004482 -0.051680
v 0.114993 -0.003738 -0.052892
v 0.112222 -0.006098 -0.049282
v 0.107934 -0.008100 -0.048062
v 0.035475 -0.038094 -0.123860
v 0.039272 -0.028366 -0.131122
v 0.001353 0.051740 0.038288
v -0.006200 0.051867 0.032581
v -0.006215 0.045867 0.035953
v 0.000966 0.045159 0.040126
v 0.111968 0.000522 -0.047867
v 0.112313 0.001864 -0.051267
v 0.113509 0.002512 -0.051691
v 0.112681 0.001128 -0.048357
v 0.116119 -0.006069 -0.059984
v 0.117958 -0.009795 -0.065226
v 0.103119 -0.021539 -0.050889
v 0.100064 -0.023707 -0.051641
v 0.090698 -0.022297 -0.050781
v 0.091250 -0.021251 -0.050508
v 0.091825 -0.021718 -0.051546
v 0.091576 -0.022565 -0.052005
v 0.093617 -0.028273 -0.052874
v 0.095530 -0.029476 -0.052131
v 0.094325 -0.030717 -0.050629
v 0.092768 -0.029399 -0.052243
v 0.089694 -0.024781 -0.051293
v 0.090233 -0.023418 -0.050992
v 0.090881 -0.024025 -0.052482
v 0.090203 -0.025428 -0.053181
v 0.114776 -0.001844 -0.054158
v 0.116209 -0.002388 -0.056368
v 0.119566 -0.011494 -0.064022
v 0.119414 -0.013518 -0.065243
v 0.118218 -0.006057 -0.062397
v 0.118221 -0.007863 -0.063743
v 0.098884 -0.028891 -0.042045
v 0.099923 -0.028922 -0.043623
v 0.099299 -0.030414 -0.043684
v 0.121147 -0.009236 -0.063736
v 0.120997 -0.006265 -0.065716
v 0.094475 -0.045466 -0.039665
v 0.093192 -0.046844 -0.038538
v 0.053666 -0.110957 -0.023832
v 0.063826 -0.107627 -0.036558
v 0.060989 -0.117331 -0.036198
v 0.051066 -0.120616 -0.024078
v 0.112181 -0.004089 -0.046770
v 0.111187 -0.001019 -0.046951
v 0.089260 -0.026699 -0.051660
v 0.089214 -0.026840 -0.051750
v 0.091427 -0.029066 -0.051511
v 0.094615 -0.023790 -0.048861
v 0.091179 -0.022674 -0.050045
v 0.094617 -0.027024 -0.052655
v 0.095217 -0.021939 -0.050974
v 0.095143 -0.020699 -0.049772
v 0.093339 -0.033385 -0.047965
v 0.094004 -0.034525 -0.049811
v 0.095459 -0.035294 -0.046789
v 0.090140 -0.027548 -0.053338
v 0.104953 -0.013546 -0.052852
v 0.097327 -0.027258 -0.052362
v 0.097848 -0.029529 -0.054446
v 0.096781 -0.030996 -0.053703
v 0.096339 -0.028757 -0.052448
v 0.101653 -0.040148 -0.054530
v 0.101884 -0.038381 -0.054604
v 0.095304 -0.033184 -0.056225
v 0.098310 -0.034273 -0.054600
v 0.103790 -0.018883 -0.050869
v 0.105840 -0.016364 -0.048571
v 0.100600 -0.021126 -0.049016
v 0.097828 -0.025222 -0.051419
v 0.098911 -0.027781 -0.053764
v 0.094953 -0.022728 -0.048975
v 0.098127 -0.023022 -0.047614
v 0.098095 -0.021965 -0.047882
v 0.095112 -0.021811 -0.049186
v 0.111201 -0.009812 -0.054300
v 0.109554 -0.002745 -0.045221
v 0.110866 -0.006350 -0.045564
v 0.112031 0.008201 -0.071328
v 0.107939 0.000834 -0.076059
v 0.109346 0.000960 -0.063149
v 0.095709 -0.025643 -0.052367
v 0.091619 -0.020818 -0.050560
v 0.092026 -0.021462 -0.050255
v 0.108236 -0.037487 -0.061953
v 0.095742 -0.036156 -0.046417
v 0.103987 -0.014077 -0.048086
v 0.108951 -0.028893 -0.069045
v 0.106962 -0.033991 -0.067190
v 0.103959 -0.012632 -0.048296
v 0.104370 -0.011672 -0.048279
v 0.094815 -0.034653 -0.050765
v 0.096714 -0.035030 -0.048252
v 0.104761 -0.011477 -0.048025
v 0.100020 -0.029371 -0.045042
v 0.115098 -0.010679 -0.058973
v 0.097515 -0.046879 -0.055468
v 0.095402 -0.047923 -0.052536
v 0.091802 -0.021817 -0.049891
v 0.093197 -0.030288 -0.049944
v 0.095198 -0.023616 -0.051408
v 0.099775 -0.025471 -0.046791
v 0.098956 -0.027503 -0.046599
v 0.100645 -0.027198 -0.044792
v 0.099334 -0.033863 -0.056261
v 0.096389 -0.031259 -0.058166
v 0.097675 -0.030677 -0.060168
v 0.101394 -0.033177 -0.057520
v 0.104738 -0.038694 -0.064884
v 0.102166 -0.042745 -0.061690
v 0.104015 -0.045207 -0.061775
v 0.107318 -0.040825 -0.064989
v 0.116038 0.023826 -0.080362
v 0.113897 0.013527 -0.064518
v 0.118022 0.029893 -0.068943
v 0.113943 -0.001169 -0.062746
v 0.113316 -0.003308 -0.064212
v 0.118603 -0.003840 -0.066615
v 0.110488 0.004144 -0.049560
v 0.110354 0.001472 -0.052890
v 0.112051 0.001057 -0.051087
v 0.114074 -0.025317 -0.070716
v 0.104574 -0.012890 -0.042676
v 0.106685 -0.013173 -0.044473
v 0.100692 -0.035494 -0.063929
v 0.102359 -0.035269 -0.055076
v 0.104886 -0.034984 -0.056759
v 0.119279 -0.002624 -0.056047
v 0.116856 -0.004288 -0.053533
v 0.017169 -0.115021 0.006173
v 0.015525 -0.121917 0.001712
v 0.034834 -0.013674 0.058072
v 0.035755 -0.014070 0.056860
v 0.034661 -0.012270 0.055729
v 0.034337 -0.012179 0.056318
v 0.033645 -0.022177 0.057767
v 0.033211 -0.020760 0.057044
v 0.034387 -0.021049 0.056103
v 0.035213 -0.022170 0.057005
v 0.033512 -0.011870 0.055888
v 0.032110 -0.013471 0.058605
v 0.033157 -0.013509 0.059183
v 0.033835 -0.012009 0.056172
v 0.120132 0.000367 -0.056893
v 0.037561 -0.022197 0.057583
v 0.036738 -0.020310 0.056954
v 0.037123 -0.019881 0.058560
v 0.039059 -0.021373 0.059171
v 0.030588 -0.019392 0.065299
v 0.032038 -0.017615 0.065229
v 0.030848 -0.018562 0.063213
v 0.030447 -0.020390 0.062821
v 0.034097 -0.017650 0.064469
v 0.035988 -0.017978 0.066334
v 0.037655 -0.018461 0.064536
v 0.035464 -0.018435 0.062895
v 0.031382 -0.017219 0.058850
v 0.031942 -0.019318 0.060009
v 0.030849 -0.016300 0.061847
v 0.037116 -0.017813 0.057121
v 0.036677 -0.018677 0.056057
v 0.035605 -0.015062 0.055822
v 0.035903 -0.014772 0.055652
v 0.060048 -0.095107 -0.023101
v 0.067930 -0.094360 -0.037769
v 0.064254 -0.004752 0.037909
v 0.062929 -0.007392 0.038982
v 0.059079 -0.005420 0.039700
v 0.060464 -0.003188 0.038719
v 0.101370 -0.025309 -0.043897
v 0.100741 -0.024425 -0.042924
v 0.112801 -0.005813 -0.065633
v 0.117307 -0.004654 -0.061934
v 0.114572 0.000275 -0.060904
v 0.114382 0.001879 -0.056278
v 0.112703 0.000898 -0.055611
v 0.112465 -0.000813 -0.059446
v 0.120569 -0.005479 -0.060613
v 0.096486 -0.037792 -0.046258
v 0.111906 -0.013962 -0.057206
v 0.113981 0.002425 -0.053842
v 0.117292 0.002953 -0.054266
v 0.113759 -0.025241 -0.066299
v 0.120872 -0.006902 -0.062344
v 0.119392 -0.008260 -0.061178
v 0.114045 -0.005696 -0.048597
v 0.100484 -0.028612 -0.061255
v 0.106095 -0.029853 -0.059084
v 0.103781 -0.032112 -0.058404
v -0.056712 0.027505 -0.070134
v -0.057405 0.025107 -0.071377
v -0.058249 0.023424 -0.069535
v -0.057551 0.025419 -0.068158
v -0.056462 0.009819 -0.069972
v -0.055404 0.016718 -0.070952
v -0.055980 0.019404 -0.071476
v -0.056837 0.017307 -0.070749
v 0.099344 -0.030357 -0.061033
v 0.102622 -0.016799 -0.053236
v 0.095826 -0.032512 -0.036939
v 0.100871 -0.044550 -0.051633
v -0.058527 -0.000187 -0.066942
v -0.057164 0.000144 -0.066930
v -0.057484 0.004865 -0.068431
v -0.059246 0.004792 -0.068762
v 0.101903 -0.043568 -0.054035
v 0.051448 -0.040807 -0.118238
v 0.057181 -0.030646 -0.124716
v 0.116015 -0.026101 -0.069386
v 0.115347 -0.001786 -0.055569
v 0.098267 -0.038603 -0.047386
v 0.097600 -0.043795 -0.045160
v 0.096223 -0.042813 -0.043567
v 0.109545 -0.010491 -0.053743
v 0.100179 -0.033924 -0.063835
v 0.100402 -0.031652 -0.065057
v 0.092123 -0.021147 -0.051256
v 0.101625 -0.040791 -0.061207
v 0.097292 -0.044902 -0.055384
v 0.070861 -0.091576 -0.052091
v 0.068408 -0.087716 -0.068165
v -0.049835 -0.022203 -0.042773
v -0.051648 -0.018955 -0.045365
v -0.052403 -0.021839 -0.046748
v -0.048423 -0.024102 -0.045107
v 0.066976 -0.099454 -0.065972
v 0.068337 -0.103945 -0.050820
v 0.099262 -0.019329 -0.037779
v 0.098421 -0.026175 -0.039961
v 0.097782 -0.027303 -0.038384
v 0.032815 -0.108516 0.000204
v 0.027321 -0.119936 -0.003790
v 0.095359 -0.031773 -0.033404
v 0.094577 -0.032231 -0.021757
v 0.099158 -0.017080 -0.022161
v 0.097547 -0.022185 -0.032638
v 0.094138 0.015175 0.014455
v 0.096016 0.015472 0.009911
v 0.094687 0.006087 0.010058
v 0.092846 0.007652 0.013937
v 0.066616 0.078375 0.031087
v 0.056987 0.081438 0.033368
v 0.058210 0.088388 0.027294
v 0.068030 0.085075 0.024737
v 0.060703 -0.022832 -0.128756
v 0.064652 -0.012856 -0.133296
v 0.044829 -0.011695 -0.140359
v 0.041774 -0.021032 -0.135333
v 0.071597 0.102106 0.002285
v 0.061647 0.105698 0.004985
v 0.062799 0.110749 -0.005071
v -0.045244 -0.023331 -0.046136
v -0.049020 -0.022991 -0.050661
v -0.047922 -0.019881 -0.051917
v -0.044979 -0.020588 -0.048504
v 0.072876 0.106884 -0.007436
v 0.082067 -0.010684 0.028304
v 0.082972 -0.016785 0.028764
v 0.079199 -0.016511 0.032418
v 0.078759 -0.010449 0.031290
v 0.096665 -0.048132 -0.042369
v 0.095799 -0.046851 -0.041185
v -0.050450 0.035210 -0.057040
v -0.051555 0.031688 -0.056369
v -0.050574 0.030347 -0.054348
v -0.049249 0.033751 -0.054623
v -0.043901 0.002409 -0.067149
v -0.043676 -0.004382 -0.065586
v -0.048476 0.001475 -0.068081
v -0.048231 0.004368 -0.068356
v 0.063866 0.115091 -0.016856
v 0.074161 0.111021 -0.018814
v 0.043496 0.006966 0.044638
v -0.050939 0.025622 -0.063511
v -0.051262 0.026294 -0.066401
v -0.052224 0.024440 -0.067602
v -0.051755 0.023041 -0.065364
v -0.053465 0.028407 -0.071088
v -0.054194 0.025714 -0.072539
v -0.046793 -0.013715 -0.041998
v -0.045157 -0.010567 -0.041247
v -0.045152 -0.008955 -0.042728
v -0.045808 -0.009837 -0.044256
v -0.044670 0.002418 -0.058531
v -0.045329 0.007134 -0.055878
v -0.057135 -0.011054 -0.062164
v -0.056727 -0.009269 -0.061208
v -0.058058 -0.004891 -0.064282
v -0.058313 -0.006220 -0.065759
v 0.044208 0.008697 0.041867
v 0.047136 0.004500 0.040734
v 0.046376 0.002682 0.042935
v 0.049508 0.055108 0.045362
v 0.051941 0.062465 0.042580
v 0.060724 0.060572 0.041205
v 0.057840 0.053423 0.044472
v 0.051248 0.001124 0.039783
v 0.049999 -0.000612 0.041325
v 0.059420 0.094684 0.020586
v 0.069363 0.091313 0.017809
v 0.074902 0.117532 -0.069060
v -0.053297 -0.007791 -0.059482
v -0.054980 -0.004543 -0.062741
v -0.055726 -0.003682 -0.064489
v -0.055383 -0.006008 -0.062491
v 0.075384 0.117583 -0.060582
v 0.064954 0.122380 -0.060975
v -0.052250 0.028414 -0.064558
v -0.050600 0.030387 -0.059714
v -0.052301 0.029603 -0.058353
v -0.054230 0.027905 -0.062531
v 0.065863 0.121402 -0.073557
v 0.096028 -0.015956 -0.093117
v 0.098560 -0.018067 -0.077150
v 0.103944 -0.006955 -0.078646
v 0.103487 -0.000663 -0.095696
v 0.044681 -0.103981 -0.009784
v 0.040050 -0.115788 -0.013028
v -0.047381 0.015998 -0.067504
v -0.044814 0.020466 -0.065225
v -0.044283 0.019680 -0.065152
v -0.046359 0.015814 -0.067370
v -0.053451 0.025874 -0.069037
v -0.054372 0.023844 -0.070278
v -0.053178 0.022293 -0.068998
v -0.044381 0.021362 -0.052376
v -0.045938 0.022694 -0.054369
v -0.046096 0.021237 -0.055296
v -0.046181 0.019999 -0.054536
v -0.051991 -0.022767 -0.050398
v -0.044007 -0.013075 -0.059052
v -0.045391 -0.012329 -0.060832
v -0.047191 -0.007728 -0.063748
v -0.045590 -0.006915 -0.064048
v 0.092105 0.038055 0.021642
v 0.094990 0.042660 0.017300
v 0.096830 0.035206 0.013604
v 0.093947 0.031592 0.018339
v 0.045536 0.043208 0.048658
v 0.052890 0.041647 0.048433
v 0.049847 0.035988 0.048626
v 0.043629 0.037189 0.049043
v -0.045119 -0.021464 -0.040445
v -0.048195 -0.020499 -0.040797
v -0.048905 -0.021431 -0.041929
v -0.046095 -0.023124 -0.042315
v 0.091372 0.000285 0.014645
v 0.093247 -0.002938 0.011830
v 0.090785 -0.010697 0.016954
v 0.088686 -0.006436 0.018886
v 0.084737 -0.010083 0.025095
v -0.045946 0.026091 -0.054633
v -0.047748 0.025809 -0.056479
v -0.046373 0.024712 -0.055944
v -0.045335 0.024886 -0.054500
v 0.086029 -0.016000 0.025073
v -0.054630 0.014750 -0.069343
v -0.052621 0.020723 -0.067042
v 0.063936 0.069429 0.037317
v 0.054559 0.071957 0.038907
v 0.097033 0.025713 0.010798
v 0.094557 0.023641 0.015808
v 0.041609 0.010824 0.046957
v 0.042541 0.012114 0.043466
v 0.041400 0.016934 0.045696
v -0.055822 0.005898 -0.064485
v -0.055629 0.006203 -0.067342
v -0.056134 0.002197 -0.065800
v -0.055693 0.002003 -0.063233
v 0.038004 0.017443 0.051503
v 0.039006 0.021303 0.049862
v 0.041833 0.020557 0.046386
v 0.074900 0.049582 0.037314
v 0.077799 0.056047 0.033639
v 0.084836 0.053278 0.028137
v 0.082028 0.047202 0.031987
v 0.070490 0.096865 0.010505
v -0.054331 0.013494 -0.064196
v -0.054361 0.013608 -0.067488
v 0.060514 0.100320 0.013299
v 0.041307 0.030048 0.048817
v 0.045546 0.029364 0.046954
v 0.043859 0.026059 0.046243
v -0.056195 0.022274 -0.068419
v -0.057635 0.016713 -0.069446
v -0.055473 0.022802 -0.069332
v -0.042552 0.022934 -0.062327
v -0.042334 0.026109 -0.066132
v -0.042815 0.020180 -0.068322
v -0.043242 0.020757 -0.064154
v 0.040584 0.026886 0.048806
v 0.054404 -0.003252 0.040422
v 0.055677 -0.001265 0.039350
v 0.087584 -0.045299 -0.047799
v 0.088978 -0.047000 -0.046436
v 0.104628 -0.002053 -0.035153
v 0.100669 -0.012068 -0.033387
v 0.102681 -0.004385 -0.023250
v 0.106015 0.008275 -0.025663
v 0.110712 0.019762 -0.029357
v 0.112984 0.027706 -0.034734
v 0.110995 0.011539 -0.041659
v 0.108545 0.006388 -0.037662
v 0.063202 -0.095795 -0.079490
v 0.062646 -0.085031 -0.082869
v 0.037616 0.014405 0.054349
v 0.037046 0.011482 0.057020
v 0.055647 0.029085 -0.151327
v -0.044546 -0.005017 -0.043275
v -0.045178 -0.002640 -0.044759
v -0.044009 -0.004949 -0.046537
v -0.043939 -0.007651 -0.045833
v 0.052298 0.015926 -0.149525
v 0.073066 0.015775 -0.141049
v 0.076030 0.028365 -0.142400
v 0.090731 -0.025733 -0.089307
v -0.048259 -0.009658 -0.062543
v -0.046250 -0.013186 -0.060061
v -0.046858 -0.013732 -0.059413
v -0.048979 -0.011171 -0.061156
v 0.094150 -0.026030 -0.074545
v 0.036383 -0.016805 0.058827
v 0.034474 -0.012081 0.055035
v 0.034549 -0.015139 0.056207
v 0.034549 -0.012122 0.055113
v 0.036594 -0.019191 0.060882
v 0.039138 -0.019550 0.062149
v 0.034075 -0.019256 0.055551
v 0.033148 -0.019003 0.055983
v 0.033975 -0.014788 0.056415
v 0.034770 -0.012112 0.055143
v 0.027813 -0.020271 0.067591
v 0.028763 -0.018869 0.070510
v 0.032629 -0.018276 0.069331
v 0.030756 -0.019543 0.067316
v 0.033716 -0.011845 0.055905
v 0.032322 -0.014159 0.057469
v 0.031786 -0.015680 0.063152
v 0.033978 -0.013513 0.058933
v 0.034086 -0.012066 0.056291
v 0.033691 -0.015746 0.062258
v 0.031502 -0.021258 0.060425
v 0.035089 -0.016161 0.060729
v -0.049050 0.026854 -0.058412
v -0.050427 0.022862 -0.059569
v -0.049133 0.022571 -0.058334
v -0.049591 -0.007631 -0.052027
v -0.049714 -0.006325 -0.054092
v -0.051303 -0.008743 -0.055327
v -0.051446 -0.010738 -0.053363
v 0.100818 -0.035867 -0.053666
v 0.072435 -0.076705 -0.032739
v 0.078299 -0.062710 -0.040568
v 0.077777 -0.063488 -0.046236
v -0.054833 -0.018099 -0.056183
v -0.052522 -0.019132 -0.057203
v -0.051040 -0.021470 -0.053672
v -0.053557 -0.020789 -0.053292
v -0.045235 -0.008541 -0.045080
v -0.044742 -0.007583 -0.043088
v -0.049023 0.016633 -0.069370
v -0.047040 0.022118 -0.066493
v 0.073062 -0.078580 -0.042001
v 0.110877 -0.011261 -0.054932
v 0.106484 0.040529 -0.004685
v 0.109543 0.051288 -0.014387
v 0.112515 0.039365 -0.026015
v -0.051714 0.021590 -0.063369
v -0.052569 0.019528 -0.064843
v 0.110529 0.029362 -0.020696
v 0.112017 0.060834 -0.022592
v 0.115082 0.049694 -0.033396
v 0.115792 0.037519 -0.042963
v 0.113828 0.016952 -0.056223
v 0.074677 0.005574 0.032895
v 0.074794 0.005395 0.032995
v 0.073192 0.005437 0.034298
v -0.044458 0.007863 -0.048517
v -0.042742 0.007968 -0.050324
v -0.043214 0.007230 -0.050210
v -0.045463 0.006585 -0.048252
v 0.073269 0.005537 0.034163
v 0.074310 0.005883 0.032321
v 0.072717 0.005767 0.033400
v -0.044573 0.007429 -0.046978
v -0.045396 0.006001 -0.046827
v -0.044740 0.005809 -0.045994
v -0.044235 0.006534 -0.045826
v 0.075331 0.006005 0.031362
v 0.075735 0.005641 0.031837
v 0.075911 0.005388 0.031914
v 0.057488 0.010094 0.036331
v 0.058318 0.010290 0.035831
v 0.060726 0.008776 0.036001
v 0.059988 0.008888 0.037001
v 0.057196 0.009907 0.036708
v 0.059866 0.008627 0.037366
v -0.041996 0.008063 -0.050861
v -0.042451 0.007854 -0.050568
v -0.042512 0.008390 -0.050630
v -0.045131 0.011524 -0.062300
v -0.046624 0.004321 -0.063969
v -0.046118 0.002907 -0.063874
v -0.046229 0.008751 -0.061555
v 0.061787 0.011418 0.030173
v 0.061325 0.011818 0.030059
v -0.055877 0.007315 -0.068922
v 0.062533 0.010889 0.030301
v 0.056097 0.012276 0.034063
v 0.056362 0.013533 0.034040
v -0.047868 0.029914 -0.050626
v -0.046528 0.032430 -0.050345
v -0.048248 0.035487 -0.054252
v 0.061224 0.012827 0.030037
v 0.061069 0.012097 0.029975
v 0.056346 0.011853 0.034317
v -0.043557 -0.006083 -0.056615
v -0.047091 -0.005082 -0.054075
v -0.046432 -0.005269 -0.052349
v -0.044204 -0.006064 -0.054723
v -0.044142 -0.000801 -0.049444
v -0.042463 -0.004239 -0.049287
v -0.045578 -0.002138 -0.047305
v -0.043357 0.013014 -0.046768
v -0.043516 0.009355 -0.049469
v -0.043901 0.008448 -0.048144
v -0.043864 0.008719 -0.046801
v -0.058687 -0.000829 -0.068354
v -0.058894 0.004512 -0.070473
v -0.057411 0.004027 -0.072213
v -0.057400 -0.001711 -0.070067
v 0.054639 0.011849 0.034341
v 0.053722 0.012324 0.033858
v -0.045711 -0.017541 -0.039399
v -0.041460 -0.020494 -0.042780
v -0.044267 -0.014812 -0.039477
v -0.054063 0.033270 -0.065045
v -0.051753 0.034571 -0.065261
v -0.052371 0.032789 -0.067533
v -0.055095 0.031649 -0.067114
v -0.042988 0.014044 -0.054620
v -0.042944 0.012092 -0.054485
v -0.043178 0.013168 -0.053089
v -0.042694 0.015260 -0.053095
v 0.054082 0.013991 0.034064
v 0.064814 0.006568 0.037364
v 0.064849 0.005786 0.037400
v 0.060231 0.007097 0.037646
v 0.060023 0.008014 0.037567
v 0.064724 0.007034 0.037233
v 0.068139 0.006399 0.036298
v 0.068110 0.005956 0.036405
v 0.068066 0.005192 0.036387
v -0.028465 -0.023882 -0.096723
v -0.036168 -0.022564 -0.078034
v -0.037421 -0.008187 -0.086516
v -0.030586 -0.009643 -0.102212
v -0.055058 -0.014976 -0.055452
v -0.054847 -0.017167 -0.052851
v -0.043735 0.020592 -0.045327
v -0.042754 0.022028 -0.044027
v -0.042306 0.027544 -0.045599
v -0.043802 0.024792 -0.045880
v 0.057126 0.008698 0.037405
v 0.057208 0.009553 0.037097
v 0.067953 0.004529 0.036381
v 0.064936 0.005089 0.037331
v -0.056358 0.018613 -0.074342
v -0.058796 0.018354 -0.072893
v 0.060290 0.006405 0.037619
v 0.057011 0.008278 0.037491
v 0.054483 0.010079 0.036803
v 0.055672 0.010034 0.036874
v 0.064833 0.004313 0.037178
v 0.064607 0.003522 0.037097
v 0.059877 0.004866 0.037611
v 0.060148 0.005646 0.037581
v -0.045372 0.026129 -0.053101
v -0.046406 0.029153 -0.055997
v -0.045690 0.026838 -0.054949
v -0.045048 0.025323 -0.053343
v -0.046942 0.018195 -0.050065
v -0.047241 0.019550 -0.050068
v -0.045271 0.020044 -0.050280
v -0.044651 0.018595 -0.050472
v 0.067844 0.003765 0.036107
v 0.067649 0.002920 0.035996
v -0.041163 0.026592 -0.042898
v -0.041143 0.031693 -0.046201
v 0.077064 0.005208 0.030180
v 0.077697 0.005573 0.029278
v 0.077540 0.005041 0.029343
v -0.042042 -0.013756 -0.058407
v 0.077099 0.004717 0.029817
v 0.079231 0.002137 0.026466
v 0.080523 0.003285 0.025690
v 0.081951 0.002429 0.024127
v -0.045775 0.019900 -0.047387
v -0.045984 0.022552 -0.047531
v -0.047387 0.021359 -0.049884
v -0.043945 -0.010061 -0.039291
v -0.044443 -0.008178 -0.041409
v -0.044825 0.024919 -0.053111
v -0.044476 0.023678 -0.052953
v -0.043980 0.019655 -0.051325
v -0.045056 0.018767 -0.053484
v 0.080475 0.001139 0.025389
v -0.050073 0.013422 -0.060543
v -0.052369 0.005727 -0.061941
v 0.086926 -0.008816 0.021759
v 0.082246 -0.002073 0.024770
v 0.083927 -0.000888 0.022674
v 0.076504 0.005125 0.030979
v 0.075808 0.005003 0.031910
v 0.076546 0.005441 0.030997
v 0.077097 0.005649 0.030064
v 0.076506 0.004463 0.030646
v 0.075744 0.004361 0.031697
v 0.074759 0.005063 0.032985
v 0.074645 0.004357 0.032877
v 0.072983 0.004409 0.034231
v 0.073061 0.005148 0.034306
v 0.070956 0.005441 0.035400
v -0.040275 -0.007349 -0.072762
v -0.039106 -0.020856 -0.058219
v 0.071358 0.005763 0.035251
v 0.070882 0.004664 0.035324
v 0.072970 0.003741 0.033990
v 0.070861 0.003993 0.035222
v 0.074544 0.003690 0.032499
v 0.075723 0.003791 0.031249
v 0.076561 0.003994 0.030125
v 0.077320 0.004233 0.029301
v 0.077931 0.004761 0.028735
v 0.076779 0.003407 0.029485
v 0.077265 0.002586 0.028636
v 0.075931 0.002349 0.030036
v 0.075794 0.003182 0.030726
v 0.077758 0.003723 0.028552
v 0.078431 0.002977 0.027537
v -0.044045 0.020233 -0.050581
v -0.044083 0.020813 -0.050768
v -0.043802 0.019945 -0.050492
v -0.043507 0.018996 -0.050918
v 0.074636 0.003068 0.032034
v 0.074552 0.002327 0.031550
v 0.072691 0.002322 0.033180
v 0.072884 0.003066 0.033641
v -0.054262 -0.019209 -0.050312
v -0.048471 0.019256 -0.058434
v -0.046684 0.016754 -0.056434
v -0.047649 0.018928 -0.056473
v 0.070780 0.003307 0.034922
v 0.070675 0.002434 0.034544
v -0.058444 0.009215 -0.068929
v -0.058796 0.016698 -0.069065
v -0.060010 0.017143 -0.070441
v -0.059661 0.009352 -0.070037
v 0.064684 0.007078 0.037042
v 0.064410 0.007368 0.035909
v 0.067778 0.006467 0.035314
v 0.068208 0.006375 0.036071
v 0.071427 0.005755 0.035124
v -0.043334 -0.022551 -0.044625
v -0.042871 0.011369 -0.055826
v -0.044263 0.010288 -0.055135
v 0.070715 0.005982 0.034452
v 0.067638 0.006528 0.034172
v 0.066472 0.009186 0.030030
v 0.067795 0.008930 0.029658
v 0.070325 0.006027 0.033408
v -0.044092 0.016892 -0.053777
v -0.043136 0.017999 -0.051240
v 0.064624 0.007440 0.034690
v 0.065013 0.009636 0.030295
v 0.061547 0.008860 0.034800
v -0.043985 -0.005237 -0.041115
v 0.063613 0.010267 0.030358
v 0.059059 0.010174 0.035059
v 0.068892 0.019546 0.037257
v 0.068879 0.019755 0.037667
v 0.073933 0.018050 0.036603
v 0.073402 0.017813 0.036317
v 0.077920 -0.012181 -0.122737
v 0.082439 0.002154 -0.128211
v 0.069267 0.000256 -0.138010
v 0.075532 0.014861 0.035371
v 0.075700 0.015850 0.035168
v 0.077847 0.014131 0.033388
v 0.077510 0.013216 0.033466
v 0.075318 0.013790 0.035657
v -0.051619 0.029057 -0.066346
v -0.052643 0.027663 -0.067655
v -0.050809 0.027717 -0.065200
v -0.050448 0.028740 -0.063709
v -0.049518 0.030888 -0.062012
v -0.048834 0.031474 -0.061592
v -0.050729 0.030411 -0.064713
v -0.046033 0.018038 -0.054664
v -0.046856 0.019255 -0.055467
v 0.077085 0.012114 0.033641
v 0.072874 0.015569 0.037598
v -0.050003 -0.008737 -0.050298
v -0.051617 -0.013894 -0.050302
v -0.055821 -0.001401 -0.063733
v -0.054968 -0.001015 -0.061162
v -0.053758 0.009058 -0.072841
v -0.052246 0.017545 -0.072681
v -0.050702 0.017007 -0.070776
v -0.052607 0.008998 -0.071528
v 0.073140 0.016739 0.037273
v 0.073226 0.017575 0.036779
v 0.075726 0.010870 0.029538
v 0.075171 0.011901 0.030251
v -0.047140 0.009916 -0.068329
v -0.043869 0.010194 -0.068032
v -0.043814 0.007262 -0.045255
v -0.042504 0.010759 -0.043133
v -0.043044 0.015992 -0.053062
v -0.042842 0.017652 -0.051626
v -0.051344 -0.006519 -0.065269
v -0.049058 -0.013985 -0.057669
v -0.051886 -0.008537 -0.063482
v -0.045367 -0.015295 -0.055475
v -0.045271 -0.016252 -0.053127
v -0.047610 -0.015870 -0.054821
v 0.075782 0.011566 0.031665
v 0.076627 0.010625 0.030395
v 0.076283 0.010095 0.028929
v 0.077148 0.009819 0.029486
v 0.071073 0.011030 0.027394
v 0.070782 0.011431 0.027704
v 0.070348 0.011952 0.028141
v -0.052908 -0.005915 -0.058519
v -0.054492 -0.004226 -0.061053
v 0.071219 0.010666 0.027207
v -0.042679 0.007741 -0.051476
v -0.041745 0.005998 -0.053250
v -0.040890 0.007326 -0.051260
v -0.052924 0.013398 -0.062118
v -0.054953 0.005964 -0.062723
v -0.046355 0.021621 -0.050726
v 0.071251 0.010293 0.027122
v -0.045677 0.012062 -0.050288
v -0.045668 0.015419 -0.048395
v -0.048707 0.025042 -0.050696
v -0.047741 0.023408 -0.051232
v -0.047092 0.022446 -0.050964
v -0.047814 0.023118 -0.050004
v -0.037999 -0.002126 -0.052897
v -0.040481 -0.003400 -0.051047
v -0.041542 -0.000174 -0.050451
v 0.071176 0.009913 0.027132
v 0.071002 0.009612 0.027295
v 0.086376 -0.024446 0.022776
v 0.088504 -0.014175 0.021108
v -0.048458 0.030571 -0.059185
v -0.049307 0.028945 -0.060213
v -0.048233 0.023010 -0.068071
v 0.089177 -0.022274 0.018215
v 0.076359 0.005784 0.030862
v -0.046423 0.023065 -0.055253
v -0.046426 0.021796 -0.056362
v 0.076959 0.006048 0.029959
v -0.042887 0.034174 -0.060228
v -0.043795 0.031749 -0.056852
v -0.043477 0.031979 -0.055668
v -0.042302 0.036406 -0.055743
v 0.075938 0.006160 0.030509
v -0.045017 -0.018978 -0.049752
v -0.047481 -0.018220 -0.052581
v -0.046998 -0.017061 -0.053096
v -0.045193 -0.017441 -0.051136
v -0.045898 -0.005534 -0.051684
v -0.044292 -0.006241 -0.053638
v 0.076504 0.006457 0.029742
v -0.056250 0.000043 -0.066692
v -0.055975 -0.000909 -0.065607
v -0.056166 0.003199 -0.067605
v -0.056082 0.004628 -0.068569
v 0.077626 0.006510 0.029086
v 0.077903 0.006160 0.029016
v 0.073707 0.006111 0.031603
v 0.069678 0.008875 0.028766
v 0.070216 0.008957 0.028318
v -0.043573 0.014851 -0.058031
v -0.043380 0.013866 -0.056851
v -0.043555 0.026959 -0.058922
v -0.045199 0.029208 -0.060244
v -0.044744 0.031204 -0.057026
v -0.043548 0.029301 -0.056976
v -0.049720 0.024075 -0.070018
v 0.074587 0.006424 0.030714
v 0.072182 0.005997 0.032509
v 0.068838 0.008856 0.029225
v 0.070506 0.009159 0.027964
v 0.070782 0.009333 0.027578
v -0.046859 0.020348 -0.056318
v -0.047142 0.020594 -0.057158
v 0.074988 0.006716 0.030024
v -0.046579 0.020695 -0.055768
v 0.075557 0.007063 0.029287
v 0.077003 0.007037 0.029149
v -0.044088 0.017581 -0.050761
v -0.046417 0.016930 -0.050797
v -0.048218 0.025318 -0.052222
v -0.049838 0.029009 -0.054740
v -0.048889 0.029352 -0.056111
v -0.047543 0.026039 -0.052495
v 0.076282 0.008105 0.028393
v 0.076469 0.008722 0.028397
v 0.077258 0.007583 0.028897
v -0.044499 0.022524 -0.051299
v 0.077482 0.008285 0.028802
v 0.076005 0.007596 0.028680
v 0.007604 -0.032506 -0.123928
v 0.007977 -0.022091 -0.131217
v 0.076470 0.009399 0.028555
v 0.077437 0.008943 0.029048
v 0.078028 0.005648 0.028849
v 0.078300 0.006556 0.028650
v 0.078961 0.007560 0.028039
v 0.078493 0.005621 0.028312
v -0.045318 0.031931 -0.049813
v -0.045027 0.033289 -0.053205
v -0.045869 0.034383 -0.053788
v -0.045685 0.032781 -0.050399
v -0.050411 0.027636 -0.063363
v 0.079164 0.005574 0.027551
v 0.078470 0.004381 0.027875
v 0.080098 0.008182 0.027550
v 0.081526 0.008430 0.026698
v -0.054326 0.025068 -0.068275
v -0.045700 0.008580 -0.053980
v -0.043646 0.005446 -0.054723
v 0.080334 0.005405 0.026473
v 0.079324 0.003990 0.026842
v 0.078122 0.007150 0.028700
v -0.034482 0.003011 -0.053569
v -0.034583 0.004192 -0.053380
v -0.035286 0.004003 -0.054403
v -0.035378 0.003133 -0.054775
v 0.078332 0.007790 0.028423
v 0.079801 0.009431 0.028805
v -0.039624 -0.001320 -0.055446
v -0.041952 -0.001685 -0.054731
v -0.041347 -0.003291 -0.053150
v -0.039357 -0.002671 -0.054730
v 0.080763 0.010250 0.028531
v 0.078990 0.008852 0.029046
v 0.078667 0.009818 0.030258
v 0.079350 0.010560 0.030167
v -0.034522 0.000365 -0.053889
v -0.034485 0.001813 -0.053697
v -0.035310 0.001519 -0.055148
v -0.035290 -0.000051 -0.055619
v 0.080099 0.011318 0.029943
v 0.078672 0.011702 0.031722
v -0.047751 0.031002 -0.057525
v -0.049315 0.031126 -0.059635
v 0.079247 0.012585 0.031617
v 0.078078 0.010826 0.031768
v 0.078320 0.008657 0.029073
v -0.056570 0.024170 -0.066973
v -0.057289 0.022265 -0.068073
v -0.052856 0.028570 -0.065535
v -0.053698 0.026928 -0.066834
v 0.077993 0.009513 0.030021
v 0.077406 0.010514 0.031296
v 0.076495 0.011370 0.033194
v -0.044902 -0.000050 -0.044545
v -0.045843 0.000373 -0.046180
v -0.045836 -0.001238 -0.046193
v -0.057172 0.026854 -0.066679
v -0.055976 0.029531 -0.068575
v -0.047806 -0.016781 -0.041323
v -0.047239 -0.018528 -0.040021
v -0.035558 -0.093326 -0.024414
v -0.043887 -0.086386 -0.037108
v -0.045371 -0.096534 -0.036760
v -0.037191 -0.103275 -0.024573
v -0.047191 0.027902 -0.049197
v -0.045246 0.030281 -0.049020
v 0.074909 0.012808 0.035280
v 0.074078 0.012880 0.033481
v 0.072445 0.014607 0.037155
v -0.035063 -0.001610 -0.054234
v -0.035059 -0.001717 -0.054242
v -0.037991 -0.002886 -0.054003
v -0.038919 0.003103 -0.051622
v -0.035296 0.002790 -0.052818
v 0.071535 0.014206 0.035137
v 0.069558 0.020587 0.038434
v 0.075091 0.018989 0.037160
v 0.071072 0.014442 0.033254
v 0.068287 0.013143 0.029537
v 0.066763 0.013567 0.030077
v 0.067983 0.015122 0.034284
v -0.039940 0.000245 -0.055433
v 0.057128 0.014429 0.034581
v 0.058252 0.015190 0.035201
v -0.038502 0.005202 -0.054036
v -0.038163 0.006230 -0.052762
v -0.041822 -0.006238 -0.050238
v -0.042969 -0.006939 -0.052081
v -0.044663 -0.007081 -0.048976
v -0.036056 -0.001936 -0.055635
v -0.044180 0.016367 -0.056090
v 0.062131 0.013525 0.030537
v 0.061587 0.013235 0.030286
v 0.055596 0.014719 0.035207
v 0.057167 0.015490 0.036049
v -0.042531 0.001124 -0.055320
v -0.043998 -0.000817 -0.057302
v -0.043641 -0.002588 -0.056377
v -0.042235 -0.000663 -0.055212
v -0.051969 -0.009013 -0.056835
v -0.051641 -0.007274 -0.056831
v -0.043024 -0.005287 -0.058965
v -0.046615 -0.004934 -0.057077
v -0.045271 0.011264 -0.054060
v -0.046112 0.014285 -0.051717
v -0.043351 0.007941 -0.052025
v -0.042215 0.003203 -0.054439
v -0.044215 0.001265 -0.056760
v -0.038802 0.004219 -0.051816
v -0.041844 0.005190 -0.050437
v -0.041389 0.006172 -0.050762
v -0.038580 0.005147 -0.052104
v -0.047901 0.022281 -0.057625
v -0.044168 0.028164 -0.047149
v -0.046392 0.025355 -0.048137
v -0.042907 0.038962 -0.071956
v -0.042565 0.030793 -0.076973
v -0.042904 0.031160 -0.064054
v -0.040391 0.002001 -0.055349
v -0.034764 0.004755 -0.053503
v -0.035600 0.004246 -0.053171
v -0.056717 -0.004147 -0.064526
v -0.045433 -0.007709 -0.048481
v -0.043501 0.015569 -0.051205
v -0.054362 0.003909 -0.071753
v -0.054508 -0.001576 -0.069873
v -0.042963 0.016848 -0.051438
v -0.042921 0.017856 -0.051444
v -0.043790 -0.006729 -0.053069
v -0.045559 -0.006255 -0.050453
v -0.043132 0.018173 -0.051194
v -0.046099 0.000038 -0.047580
v -0.051449 0.022947 -0.062232
v 0.062101 0.015801 0.035396
v 0.063877 0.013804 0.030711
v -0.050684 -0.016894 -0.057700
v -0.049270 -0.018626 -0.054631
v 0.062853 0.013717 0.030693
v -0.035535 0.003820 -0.052723
v 0.060196 0.015519 0.035256
v -0.040122 -0.003336 -0.052465
v -0.039161 0.003611 -0.054336
v 0.061539 0.016435 0.037312
v 0.058999 0.016006 0.036672
v 0.068293 0.015372 0.036359
v -0.044362 0.003522 -0.049461
v -0.044374 0.001349 -0.049205
v -0.045862 0.002258 -0.047385
v 0.064357 0.063764 -0.148073
v 0.060711 0.048634 -0.151426
v -0.047456 -0.004083 -0.058734
v -0.043572 -0.003048 -0.060918
v -0.044754 -0.001971 -0.062866
v -0.049089 -0.002549 -0.059925
v -0.054185 -0.006736 -0.067461
v -0.053376 -0.011386 -0.064068
v -0.055619 -0.012688 -0.064049
v -0.057008 -0.007455 -0.067391
v 0.080209 0.046510 -0.142481
v 0.082939 0.059719 -0.139769
v -0.040464 0.054993 -0.080749
v -0.042241 0.044459 -0.065067
v -0.039676 0.061216 -0.069299
v -0.047678 0.031268 -0.065205
v -0.047972 0.029118 -0.066807
v -0.052823 0.030772 -0.069433
v -0.042398 0.034442 -0.050825
v -0.043283 0.032038 -0.054353
v -0.045087 0.032397 -0.052808
v -0.057141 0.009317 -0.073686
v 0.073346 0.013242 0.031845
v 0.069468 0.012583 0.028842
v 0.092895 0.058788 -0.131951
v 0.093855 0.067284 -0.129041
v 0.085761 0.070936 -0.134631
v 0.051724 -0.070212 -0.100590
v 0.039819 -0.079634 -0.107254
v -0.043576 0.016872 -0.045625
v -0.045521 0.017458 -0.047603
v 0.053528 0.014853 0.036480
v -0.050254 -0.005492 -0.066117
v 0.055600 0.015802 0.036986
v -0.050950 -0.004168 -0.057248
v -0.053017 -0.002927 -0.058962
v -0.052881 0.032074 -0.058734
v -0.050854 0.029624 -0.056522
v 0.052079 0.013926 0.036060
v 0.051372 0.013910 0.036097
v 0.052822 0.015104 0.036450
v 0.054703 0.016222 0.036969
v 0.057988 0.016488 0.037506
v 0.057377 0.017069 0.037929
v 0.061134 0.017751 0.038970
v 0.061072 0.016893 0.038589
v 0.068555 0.016204 0.038321
v 0.068840 0.017194 0.038771
v 0.060815 0.018785 0.038481
v 0.056978 0.017760 0.037406
v 0.060392 0.019904 0.037982
v 0.056999 0.018822 0.037158
v 0.069085 0.019133 0.037684
v 0.069128 0.018293 0.038432
v 0.054504 0.010967 0.036345
v 0.052318 0.011800 0.036132
v 0.055099 0.011147 0.036210
v 0.052729 0.011997 0.035946
v 0.056346 0.011269 0.035326
v 0.051985 0.012671 0.035744
v 0.051230 0.012637 0.035904
v -0.003238 -0.110820 0.005848
v -0.004555 -0.117808 0.001358
v 0.057221 0.011219 0.034839
v 0.052099 0.015318 0.035990
v 0.050413 0.013929 0.035913
v 0.051091 0.016071 0.035193
v 0.049700 0.014210 0.035398
v 0.053986 0.017962 0.035858
v 0.054067 0.016672 0.036152
v 0.050221 0.012706 0.035767
v 0.050757 0.012045 0.035980
v 0.049470 0.012827 0.035562
v 0.049987 0.011983 0.035843
v 0.056637 0.007677 0.037550
v 0.056245 0.007086 0.037539
v 0.053617 0.009732 0.036878
v 0.052912 0.009411 0.036756
v 0.064202 0.002718 0.036935
v 0.067350 0.002054 0.035979
v 0.063628 0.001670 0.036994
v 0.020165 -0.010648 0.057933
v 0.019162 -0.010645 0.056717
v 0.020864 -0.009425 0.055601
v 0.021200 -0.009469 0.056192
v 0.066961 0.000938 0.035901
v 0.058710 0.003196 0.037791
v 0.059427 0.004041 0.037668
v 0.038101 -0.123733 -0.014536
v 0.077865 0.001577 0.027920
v 0.078687 0.000380 0.027276
v 0.076925 -0.000067 0.029085
v 0.076289 0.001384 0.029412
v 0.074559 0.001327 0.031044
v 0.017883 -0.018937 0.057590
v 0.018819 -0.017792 0.056904
v 0.017628 -0.017590 0.055962
v 0.016451 -0.018306 0.056813
v 0.074736 -0.000114 0.030976
v 0.072324 0.000076 0.032794
v 0.072423 0.001357 0.032839
v 0.070463 0.001559 0.034335
v 0.070011 0.000266 0.034385
v 0.081825 0.004672 0.025075
v 0.083532 0.007888 0.024630
v 0.083289 0.003762 0.023430
v 0.085568 0.007107 0.022451
v 0.049551 0.017469 0.035326
v 0.022066 -0.009511 0.055766
v 0.022729 -0.011539 0.058499
v 0.021751 -0.011165 0.059059
v 0.021720 -0.009513 0.056053
v 0.048634 0.014779 0.035078
v 0.048116 0.018547 0.036278
v 0.047345 0.015704 0.035858
v 0.050092 0.021148 0.037280
v 0.051776 0.019956 0.036071
v 0.048647 0.013083 0.035476
v 0.049174 0.011840 0.035618
v 0.047533 0.013220 0.035761
v 0.048198 0.011556 0.035965
v 0.055559 0.006417 0.037467
v 0.054829 0.005620 0.037510
v 0.052165 0.008959 0.036876
v 0.051081 0.008331 0.036926
v 0.073815 -0.022672 -0.117895
v 0.086434 0.017434 -0.130880
v 0.083022 0.021410 0.034385
v 0.080201 0.019086 0.035222
v 0.077010 0.020980 0.037489
v 0.079480 0.023960 0.037577
v 0.086329 0.024743 0.032108
v 0.087876 0.020854 0.029260
v 0.085076 0.018575 0.031419
v 0.082409 0.016871 0.032848
v 0.084974 0.010589 0.025412
v 0.083272 0.010902 0.027050
v 0.083701 0.012659 0.028396
v 0.085495 0.012982 0.026880
v 0.087052 0.010210 0.023184
v 0.088007 0.013373 0.024814
v 0.085493 0.015515 0.029017
v 0.083240 0.014634 0.030460
v 0.088245 0.016658 0.027074
v 0.059133 0.024423 0.039632
v 0.059348 0.022793 0.038416
v 0.056002 0.021192 0.037194
v 0.054792 0.022101 0.037814
v 0.058270 0.025981 0.040584
v 0.053001 0.023381 0.038611
v 0.072900 0.025818 0.040506
v 0.071317 0.023059 0.039466
v 0.060140 0.020639 0.037484
v 0.057888 0.019744 0.037345
v 0.059823 0.020870 0.037396
v 0.057248 0.019799 0.037135
v 0.104773 0.076018 -0.111268
v 0.108115 0.081356 -0.098735
v 0.094179 0.095239 -0.105129
v 0.091796 0.088235 -0.117443
v 0.075811 0.016147 0.035351
v 0.076577 0.016509 0.035167
v 0.078742 0.014939 0.033376
v 0.078066 0.014591 0.033571
v 0.079693 0.013167 0.031579
v 0.080387 0.013533 0.031480
v 0.081287 0.012209 0.029772
v 0.080702 0.011997 0.029938
v 0.081146 0.011078 0.028732
v 0.081645 0.011005 0.028295
v 0.057503 0.020699 0.037361
v 0.059738 0.021382 0.037847
v 0.091829 0.046964 -0.133204
v 0.088090 0.059992 0.023091
v 0.094211 0.055217 0.016472
v 0.091013 0.049326 0.022156
v 0.077812 0.017373 0.035555
v 0.080102 0.015654 0.033468
v 0.081542 0.014019 0.031281
v 0.082324 0.012456 0.029452
v 0.082522 0.011405 0.028231
v 0.097039 -0.030029 -0.038439
v 0.097259 -0.029979 -0.040079
v 0.105384 -0.021288 -0.065850
v 0.104495 -0.014455 -0.064821
v 0.104009 -0.010847 -0.063540
v 0.110891 -0.005018 -0.049387
v 0.113448 -0.002453 -0.052206
v 0.105788 -0.040381 -0.059063
v 0.102123 -0.041578 -0.055313
v -0.052670 0.035167 -0.059449
v 0.105720 -0.039413 -0.059569
v 0.118717 -0.007694 -0.061450
v 0.118758 -0.009327 -0.062831
v 0.119580 -0.009845 -0.062514
v 0.062741 -0.042401 -0.108067
v 0.069636 -0.030844 -0.114004
v 0.118587 -0.011054 -0.064216
v 0.099818 -0.025786 -0.042284
v 0.106536 -0.022030 -0.066028
v 0.108110 -0.022960 -0.067792
v 0.108038 -0.028150 -0.068068
v 0.107290 -0.027444 -0.067414
v 0.106309 -0.032938 -0.066329
v 0.105698 -0.031933 -0.065852
v 0.107786 -0.036905 -0.062092
v 0.108746 -0.032631 -0.064875
v 0.114537 -0.002267 -0.053597
v 0.114299 -0.003006 -0.052852
v 0.115266 -0.002416 -0.054034
v 0.100422 -0.027057 -0.043664
v 0.108761 -0.006807 -0.049445
v 0.108177 -0.008491 -0.047686
v 0.107956 -0.007987 -0.048162
v 0.099466 -0.021874 -0.047541
v 0.099407 -0.021037 -0.047682
v 0.100315 -0.023534 -0.047202
v 0.101714 -0.025130 -0.045126
v 0.094581 -0.031320 -0.047403
v 0.094073 -0.031938 -0.048957
v 0.093361 -0.032509 -0.048416
v 0.118248 0.002798 -0.057229
v 0.108104 -0.009478 -0.047274
v 0.109481 -0.008763 -0.047650
v 0.110281 -0.007788 -0.047988
v 0.115835 -0.003232 -0.054194
v 0.110945 -0.007023 -0.048224
v 0.109948 -0.006730 -0.048408
v 0.111569 -0.005468 -0.049251
v 0.109316 -0.006483 -0.048787
v 0.099953 -0.029820 -0.060911
v 0.098951 -0.029682 -0.058923
v 0.102537 -0.010630 -0.038909
v 0.102748 -0.012705 -0.040746
v 0.101015 -0.042119 -0.053119
v 0.105988 -0.005377 -0.057951
v 0.107794 -0.002668 -0.060110
v 0.111414 -0.029013 -0.066077
v 0.103322 -0.033839 -0.056719
v 0.101064 -0.034352 -0.055436
v 0.105796 -0.032938 -0.058109
v 0.108332 -0.030845 -0.059541
v 0.103544 -0.014557 -0.051532
v 0.113406 -0.012256 -0.057367
v 0.113338 -0.014454 -0.058631
v 0.112086 -0.011809 -0.056057
v 0.109675 0.000279 -0.058735
v 0.109864 -0.000086 -0.056114
v 0.106140 -0.002425 -0.057216
v 0.109282 -0.001874 -0.055456
v 0.097121 -0.028467 -0.047000
v 0.093649 -0.033335 -0.050867
v 0.096000 -0.032547 -0.052202
v 0.094557 -0.034133 -0.051866
v 0.096282 -0.033589 -0.053483
v 0.096771 -0.032425 -0.054936
v 0.097591 -0.030885 -0.056066
v 0.099309 -0.029355 -0.055998
v 0.097722 -0.024498 -0.047509
v 0.109461 0.000422 -0.046715
v 0.096897 -0.026153 -0.047593
v 0.099478 -0.023188 -0.047327
v 0.099054 -0.024849 -0.047030
v 0.098189 -0.026588 -0.046846
v 0.098804 -0.036773 -0.049373
v 0.099248 -0.035336 -0.051810
v 0.097917 -0.035994 -0.048671
v 0.099777 -0.034952 -0.053953
v 0.097031 -0.035401 -0.048206
v 0.107799 -0.004857 -0.057371
v 0.109251 -0.002249 -0.057384
v 0.097487 -0.026673 -0.036792
v 0.092164 -0.017734 0.012850
v 0.095387 -0.008738 0.007009
v 0.045549 -0.057222 0.035669
v 0.044199 -0.059968 0.036184
v 0.082882 -0.026319 0.027204
v 0.078053 -0.028195 0.032089
v 0.045347 -0.051886 0.046870
v 0.044320 -0.052321 0.047046
v 0.043533 -0.051513 0.047357
v 0.044397 -0.051545 0.046936
v 0.042514 -0.050413 0.045915
v 0.043334 -0.051008 0.044977
v 0.043471 -0.051015 0.046228
v 0.042697 -0.050434 0.047033
v 0.051557 -0.038144 0.047542
v 0.056059 -0.034833 0.046099
v 0.058126 -0.039711 0.044883
v 0.054081 -0.042379 0.046426
v 0.044373 -0.053849 0.037929
v 0.044597 -0.052298 0.038278
v 0.043990 -0.051767 0.041057
v 0.043758 -0.052441 0.040805
v 0.044113 -0.054831 0.038006
v 0.043520 -0.052749 0.040854
v 0.045843 -0.055543 0.035534
v 0.046099 -0.052968 0.035686
v 0.052923 -0.059718 0.042893
v 0.049824 -0.056916 0.044618
v 0.051390 -0.054166 0.044925
v 0.054807 -0.055552 0.043246
v 0.050492 -0.025727 0.046790
v 0.053579 -0.030048 0.046633
v 0.049752 -0.033930 0.047651
v 0.046668 -0.028732 0.047517
v 0.043857 -0.023519 0.047888
v 0.047309 -0.020883 0.046868
v 0.043445 -0.015312 0.051105
v 0.043437 -0.019107 0.052414
v 0.042694 -0.020084 0.055825
v 0.043418 -0.017944 0.054639
v 0.040254 -0.023814 0.054450
v 0.043124 -0.021338 0.050905
v 0.036111 -0.024362 0.055116
v 0.014309 -0.017386 0.057384
v 0.015783 -0.015981 0.056779
v 0.015636 -0.015432 0.058376
v 0.013296 -0.016033 0.058955
v 0.036031 -0.023821 0.056115
v 0.040307 -0.024206 0.052898
v 0.021849 -0.017629 0.065181
v 0.021222 -0.015414 0.065087
v 0.021831 -0.016737 0.063093
v 0.021517 -0.018611 0.062725
v 0.040375 -0.025163 0.050949
v 0.036506 -0.025038 0.053929
v 0.035631 -0.022934 0.057000
v 0.038556 -0.023131 0.056921
v 0.019345 -0.014631 0.064309
v 0.017522 -0.014185 0.066176
v 0.015762 -0.013945 0.064361
v 0.017777 -0.014788 0.062724
v 0.021880 -0.015256 0.058743
v 0.020521 -0.016970 0.059891
v 0.022736 -0.014637 0.061732
v 0.016439 -0.013539 0.056961
v 0.016473 -0.014502 0.055910
v 0.018906 -0.011618 0.055699
v 0.018755 -0.011235 0.055510
v 0.040509 -0.021213 0.058330
v 0.029885 -0.020278 0.065033
v 0.031320 -0.019151 0.067021
v 0.041193 0.008727 0.049980
v 0.043148 0.004681 0.047128
v 0.040803 0.006134 0.052237
v 0.042667 0.002445 0.049266
v 0.040398 -0.018768 0.061674
v 0.042098 -0.017265 0.060174
v 0.038249 -0.017110 0.065370
v 0.039623 -0.014705 0.065050
v 0.039767 0.024279 0.049097
v 0.027191 -0.023576 0.060997
v 0.027415 -0.024257 0.060542
v 0.027227 -0.022182 0.062603
v 0.069762 0.085606 -0.135587
v 0.072787 0.097515 -0.124424
v 0.074646 0.110399 -0.101286
v 0.073308 0.114915 -0.088862
v 0.027421 -0.041090 0.061352
v 0.027690 -0.038343 0.061396
v 0.033455 -0.047469 0.045517
v 0.028144 -0.046531 0.046840
v 0.027797 -0.047442 0.049864
v 0.033065 -0.048718 0.048674
v 0.036695 -0.049361 0.047071
v 0.037519 -0.048254 0.043850
v 0.033945 -0.046053 0.043037
v 0.028497 -0.045055 0.043962
v 0.032286 -0.049489 0.054234
v 0.027235 -0.048106 0.056152
v 0.027216 -0.046325 0.058691
v 0.032338 -0.047808 0.056312
v 0.042239 -0.029792 0.049840
v 0.038361 -0.028495 0.052342
v 0.034364 -0.027671 0.055890
v 0.031193 -0.027228 0.058524
v 0.030863 -0.025099 0.058713
v 0.033380 -0.025035 0.056554
v 0.030640 -0.024216 0.058965
v 0.032998 -0.024245 0.057074
v 0.032966 -0.023584 0.057592
v 0.033555 -0.022806 0.057872
v 0.031913 -0.022439 0.059100
v 0.032506 -0.021860 0.058953
v 0.030690 -0.023505 0.059279
v 0.034974 0.001937 0.065237
v 0.035568 0.005300 0.062253
v 0.032528 -0.037745 0.059494
v 0.028003 -0.036202 0.060865
v 0.027898 -0.031981 0.060101
v 0.032127 -0.033006 0.058784
v 0.036411 -0.034695 0.056317
v 0.037046 -0.040360 0.056878
v 0.027660 -0.025093 0.060211
v 0.032413 -0.040086 0.059644
v 0.032294 -0.042652 0.059331
v 0.037032 -0.042774 0.056893
v 0.036831 -0.045023 0.056438
v 0.041168 -0.043601 0.053700
v 0.041244 -0.037559 0.053418
v 0.046488 -0.040649 0.050242
v 0.044525 -0.046736 0.050685
v 0.051681 -0.051223 0.045790
v 0.046749 -0.052451 0.046582
v 0.046914 -0.051278 0.047023
v 0.046835 -0.050157 0.047835
v 0.051597 -0.048162 0.046801
v 0.055164 -0.051211 0.044223
v 0.055145 -0.046753 0.045291
v 0.050152 -0.044667 0.048206
v 0.046244 -0.048726 0.048890
v 0.045590 -0.051272 0.047350
v 0.044587 -0.051317 0.047199
v 0.045354 -0.050678 0.048050
v 0.044366 -0.051073 0.047801
v 0.044887 -0.049952 0.048957
v 0.043863 -0.050750 0.048572
v 0.042846 -0.049965 0.049831
v 0.043696 -0.048642 0.050435
v 0.042644 -0.051343 0.046046
v 0.041470 -0.051378 0.046926
v 0.041443 -0.051339 0.048081
v 0.042516 -0.051419 0.046977
v 0.043392 -0.051320 0.045298
v 0.043165 -0.051345 0.046415
v 0.043656 -0.051405 0.041654
v 0.042964 -0.050992 0.042256
v -0.035210 -0.076378 -0.023624
v -0.042232 -0.072648 -0.038349
v 0.043794 -0.051200 0.044850
v 0.043820 -0.051275 0.045782
v 0.043712 -0.051212 0.046909
v 0.043582 -0.051260 0.047223
v 0.043021 -0.051213 0.047876
v 0.042023 -0.050878 0.048958
v 0.036477 -0.047093 0.055374
v 0.040069 -0.047516 0.053223
v 0.039498 -0.049184 0.052057
v 0.036000 -0.049259 0.053677
v 0.038958 -0.050481 0.050748
v 0.038441 -0.047017 0.041254
v 0.035779 -0.050406 0.051785
v 0.041243 -0.049278 0.041316
v 0.042468 -0.048355 0.038827
v 0.040153 -0.050147 0.044535
v 0.044416 -0.051278 0.038932
v 0.043870 -0.050476 0.039302
v 0.045875 -0.051167 0.036160
v 0.045201 -0.049830 0.036881
v 0.038894 -0.051011 0.049222
v 0.040690 -0.045751 0.053689
v 0.032227 -0.045157 0.058089
v 0.027312 -0.043634 0.060192
v -0.003092 0.008867 0.036851
v -0.002983 0.005973 0.038032
v 0.001343 0.006424 0.039026
v 0.001028 0.008976 0.037938
v 0.034189 -0.005764 0.071792
v 0.034667 -0.001550 0.068308
v 0.042985 -0.050805 0.047497
v 0.014404 -0.127480 -0.001787
v -0.045818 0.004238 -0.046527
v -0.044933 0.004783 -0.045541
v -0.048484 0.026664 -0.068418
v 0.045568 -0.053341 0.046585
v 0.043162 -0.056841 0.038247
v 0.042651 -0.053471 0.041329
v 0.049144 -0.063433 0.043501
v 0.043551 -0.065703 0.046216
v 0.042460 -0.061350 0.047649
v 0.046880 -0.059593 0.045252
v 0.040804 -0.055022 0.049814
v 0.043771 -0.054091 0.047682
v -0.051363 0.029492 -0.065155
v 0.042743 -0.052563 0.048414
v 0.040059 -0.052648 0.050690
v 0.039617 -0.050786 0.051223
v 0.042070 -0.051248 0.048720
v 0.038317 -0.048200 0.050711
v 0.034229 -0.046560 0.053119
v 0.032975 -0.050872 0.048265
v 0.037274 -0.052256 0.045989
v 0.041449 -0.053190 0.042819
v 0.041425 -0.049722 0.047122
v -0.047658 0.032812 -0.063271
v -0.046971 0.034180 -0.058569
v -0.045545 0.032633 -0.057752
v -0.046049 0.030967 -0.061682
v 0.038789 -0.048328 0.051154
v 0.041516 -0.049614 0.048341
v 0.034736 -0.046785 0.054157
v 0.025747 -0.126352 -0.006922
v 0.041816 -0.050195 0.048701
v 0.039211 -0.049120 0.051202
v 0.035149 -0.047892 0.054630
v 0.035577 -0.050073 0.054879
v 0.035916 -0.052556 0.054784
v 0.036100 -0.055542 0.053894
v 0.036758 -0.063159 0.051296
v 0.037199 -0.068326 0.050114
v 0.030350 -0.063334 0.054406
v 0.030471 -0.068639 0.054146
v 0.030925 -0.055554 0.057486
v 0.031190 -0.052040 0.058773
v 0.031104 -0.049134 0.058518
v 0.030951 -0.046738 0.057758
v 0.027941 -0.026832 0.059868
v 0.030760 -0.022025 0.060362
v 0.029817 -0.021196 0.062482
v 0.033911 -0.018077 0.067817
v 0.027345 -0.021186 0.064901
v 0.036827 -0.017031 0.067174
v 0.035080 -0.017143 0.068693
v 0.036006 -0.015668 0.069508
v 0.037252 -0.015299 0.068321
v 0.033565 -0.017439 0.070020
v 0.035239 -0.015712 0.070575
v 0.029512 -0.017830 0.071943
v 0.031238 -0.014672 0.074073
v 0.033419 -0.009302 0.073842
v 0.032184 -0.012534 0.074548
v 0.036860 -0.014183 0.070058
v 0.038406 -0.012628 0.068354
v -0.055143 0.030012 -0.063415
v 0.039168 -0.009668 0.066249
v 0.040653 -0.012218 0.062623
v 0.065324 0.121548 -0.045043
v 0.030549 -0.045365 0.056954
v 0.029724 -0.045015 0.055304
v -0.046999 -0.008821 -0.048160
v -0.050153 0.018815 -0.060136
v 0.030754 -0.061199 0.041672
v 0.031707 -0.056672 0.043957
v 0.026944 -0.055806 0.045487
v -0.046385 0.034511 -0.056032
v -0.049188 0.036340 -0.056626
v 0.025956 -0.060258 0.043436
v 0.025914 -0.043813 0.056359
v -0.056733 0.009310 -0.068960
v -0.055998 0.028855 -0.065236
v -0.054923 0.027022 -0.064198
v -0.049218 0.027145 -0.051425
v -0.046481 0.001124 -0.064090
v -0.051958 0.002282 -0.061623
v -0.050842 -0.000635 -0.060812
v -0.046080 -0.000861 -0.063640
v -0.043363 0.012754 -0.056439
v 0.024779 -0.048540 0.050637
v 0.028441 -0.049440 0.049885
v 0.026128 -0.044189 0.058162
v 0.026341 -0.045599 0.059363
v 0.026348 -0.048091 0.060507
v 0.023307 -0.055063 0.046118
v 0.022331 -0.059813 0.044122
v -0.043849 -0.004733 -0.038826
v 0.041292 -0.057812 0.039465
v -0.052759 -0.013160 -0.053773
v -0.053304 -0.011967 -0.056302
v -0.008151 -0.028840 -0.118378
v -0.009350 -0.017305 -0.124941
v -0.059041 0.009412 -0.072061
v 0.041201 -0.061639 0.037392
v 0.036500 -0.057988 0.042141
v 0.036166 -0.061607 0.039936
v 0.023894 -0.067509 0.057203
v 0.024081 -0.062453 0.056727
v 0.026238 -0.051345 0.060770
v 0.025348 -0.055098 0.059445
v 0.074313 0.105044 -0.113499
v 0.105819 0.058935 -0.007033
v 0.103161 0.052800 0.001003
v -0.048170 0.031268 -0.058930
v 0.098062 0.061209 0.008088
v 0.100730 0.066060 0.000678
v 0.108035 0.066651 -0.015309
v 0.102648 0.072592 -0.007181
v 0.092779 0.108076 -0.064519
v 0.093170 0.107255 -0.050225
v 0.075749 0.116834 -0.046299
v 0.087745 0.109205 -0.078510
v 0.098211 0.098766 -0.087833
v 0.100896 0.100885 -0.068400
v 0.100765 0.100628 -0.053069
v -0.048846 -0.008819 -0.049344
v -0.050020 -0.013918 -0.047136
v -0.048522 -0.013603 -0.045374
v -0.046825 0.021020 -0.056972
v 0.037343 -0.091240 -0.108524
v 0.089068 0.029786 -0.132331
v 0.099272 0.099804 -0.039235
v 0.092125 0.105519 -0.036410
v 0.090997 0.102524 -0.023976
v 0.097513 0.097752 -0.027487
v 0.075081 0.114396 -0.031824
v 0.064704 0.118714 -0.029966
v 0.048522 0.000558 -0.145753
v 0.036281 0.008611 0.059487
v 0.065041 -0.059579 -0.091481
v 0.074083 -0.061632 -0.073616
v 0.066160 -0.113706 -0.050444
v 0.091708 -0.041872 -0.054454
v 0.091424 -0.041010 -0.055095
v 0.073409 -0.077007 -0.054340
v 0.077067 -0.063193 -0.055316
v 0.056036 -0.056646 -0.103234
v 0.102113 -0.032602 -0.065115
v 0.103554 -0.029140 -0.065988
v 0.103419 -0.033902 -0.064749
v 0.104846 -0.030114 -0.065908
v 0.105920 -0.026021 -0.066323
v 0.103881 -0.035853 -0.063864
v 0.109922 -0.000380 -0.054281
v 0.111732 0.000715 -0.052975
v -0.049324 -0.004319 -0.066055
v -0.048834 -0.002129 -0.067261
v 0.090870 -0.043426 -0.050311
v 0.090867 -0.042621 -0.051961
v -0.035340 0.004653 -0.054184
v 0.090123 -0.042831 -0.051248
v 0.089911 -0.043328 -0.049890
v 0.090553 -0.044386 -0.048702
v 0.089673 -0.043962 -0.048781
v 0.112758 0.016474 -0.047475
v 0.088718 -0.042973 -0.052390
v 0.090489 -0.041232 -0.054737
v 0.090514 -0.041924 -0.053261
v 0.089814 -0.042632 -0.051939
v 0.089473 -0.043770 -0.049967
v 0.089276 -0.044726 -0.048296
v 0.089631 -0.045446 -0.047678
v -0.052457 -0.009900 -0.063565
v -0.050007 -0.015301 -0.057619
v -0.044144 -0.068745 -0.052796
v -0.041123 -0.066411 -0.068404
v -0.044407 -0.077582 -0.066275
v -0.046928 -0.081191 -0.051235
v -0.042271 0.008637 -0.039789
v -0.043640 0.002172 -0.042342
v -0.043739 0.000800 -0.040544
v 0.104135 -0.037167 -0.064173
v 0.095226 -0.045879 -0.052790
v -0.015367 -0.099031 -0.000012
v -0.014752 -0.111546 -0.004234
v 0.107099 -0.006118 -0.059497
v 0.106564 -0.007880 -0.061135
v 0.109360 -0.007028 -0.062278
v 0.109823 -0.005008 -0.060891
v 0.083959 -0.023845 -0.105473
v 0.088541 -0.013582 -0.110637
v 0.024578 -0.086415 -0.113063
v 0.026962 -0.073966 -0.112953
v 0.109572 0.015174 -0.095350
v 0.107545 -0.004704 -0.058189
v 0.110407 -0.003443 -0.059566
v 0.104770 -0.025245 -0.066196
v 0.105386 -0.004274 -0.058524
v 0.105184 -0.005950 -0.059905
v 0.111990 -0.002215 -0.061053
v 0.111363 -0.004031 -0.062470
v 0.110711 -0.006221 -0.063813
v 0.104926 -0.007843 -0.061327
v -0.043676 -0.004301 -0.034972
v -0.043125 -0.005063 -0.023076
v -0.041305 0.010569 -0.023450
v -0.042189 0.005307 -0.034236
v 0.109147 -0.001163 -0.060430
v 0.120490 0.043852 -0.071776
v 0.118446 0.038395 -0.085844
v 0.120572 0.061018 -0.075338
v 0.118524 0.056432 -0.090635
v 0.112815 0.051640 -0.106595
v 0.112256 0.032641 -0.101864
v 0.109877 -0.000168 -0.054749
v 0.112722 0.001579 -0.053323
v 0.109847 0.072928 -0.023192
v 0.113918 0.067181 -0.030468
v 0.103995 0.078387 -0.014431
v 0.104894 0.083664 -0.021224
v 0.110458 0.079119 -0.030228
v 0.116262 0.071224 -0.042388
v 0.117766 0.034899 -0.056702
v 0.119904 0.049366 -0.057617
v 0.117727 0.053775 -0.044028
v -0.022959 0.038469 0.013749
v -0.024644 0.039390 0.009260
v -0.027015 0.030219 0.009215
v -0.024514 0.030957 0.013053
v 0.119577 0.066074 -0.059691
v 0.113914 0.081004 -0.048827
v 0.116824 0.076841 -0.063483
v 0.108631 0.090687 -0.052728
v 0.110334 0.088490 -0.067435
v 0.109633 0.086042 -0.083478
v 0.117640 0.072751 -0.078691
v 0.109716 0.084910 -0.036458
v 0.104256 0.088726 -0.026721
v 0.105992 0.092164 -0.039988
v 0.102807 0.093155 -0.031315
v 0.116061 0.055686 -0.036825
v 0.083423 -0.048076 -0.048127
v 0.085748 -0.049285 -0.042968
v 0.027606 0.086217 0.030869
v 0.037808 0.085301 0.033222
v 0.038988 0.092384 0.027074
v 0.028556 0.093245 0.024423
v 0.092186 -0.039786 -0.034686
v -0.009462 -0.008759 -0.128996
v -0.009070 0.001956 -0.133505
v 0.009535 -0.004612 -0.140467
v 0.008587 -0.014381 -0.135441
v 0.096642 -0.015905 0.000365
v 0.099071 -0.003553 -0.002491
v 0.100504 -0.011794 -0.012861
v 0.095955 -0.025957 -0.010889
v 0.031696 0.110145 0.002265
v 0.042328 0.109604 0.004955
v 0.043209 0.114678 -0.005071
v 0.032366 0.114991 -0.007414
v -0.021851 0.010112 0.027320
v -0.025111 0.004790 0.027755
v -0.021492 0.003625 0.031340
v -0.018672 0.009091 0.030255
v 0.100467 0.010267 -0.004481
v 0.102448 0.002278 -0.014726
v 0.106113 0.016580 -0.017001
v 0.103880 0.024540 -0.005176
v 0.103075 0.048173 -0.121807
v 0.101797 0.031279 -0.119853
v -0.050700 -0.018048 -0.044136
v -0.049495 -0.017398 -0.042905
v 0.099567 0.018692 -0.117984
v 0.088361 0.043943 0.026196
v 0.043907 0.119069 -0.016836
v 0.032793 0.119257 -0.018759
v 0.067599 0.077004 -0.141849
v 0.091437 0.066776 0.015437
v 0.099713 0.069539 -0.122143
v 0.014565 -0.069851 -0.114532
v 0.088112 0.078069 -0.128765
v 0.115869 0.068324 -0.093830
v 0.111575 0.063962 -0.107374
v 0.102362 0.059482 -0.122252
v 0.095195 0.003034 -0.115934
v 0.097241 0.093672 -0.019875
v 0.089533 0.009555 0.020041
v 0.087866 0.005235 0.019346
v 0.090742 0.014223 0.021397
v 0.085229 0.000833 0.021173
v 0.045747 0.000744 0.044942
v 0.044991 -0.001185 0.046869
v 0.044161 -0.003544 0.048854
v 0.047804 -0.004530 0.044917
v 0.046640 -0.007247 0.046762
v 0.041170 -0.002538 0.054004
v 0.042022 -0.000066 0.051567
v 0.043034 -0.005802 0.050740
v 0.042056 -0.008664 0.052513
v 0.040540 -0.005395 0.056337
v 0.043581 -0.021444 0.048799
v 0.045468 -0.017027 0.047439
v 0.043700 -0.012612 0.049268
v 0.049786 -0.010731 0.045498
v 0.047902 -0.013619 0.046730
v 0.045210 -0.009635 0.048129
v 0.051513 -0.007863 0.043533
v 0.042278 -0.012124 0.054888
v 0.042818 -0.015536 0.057926
v 0.040328 -0.008781 0.059483
v 0.039208 -0.006326 0.062889
v 0.039428 -0.002776 0.059710
v 0.048843 -0.002503 0.043165
v 0.053067 -0.005631 0.041950
v 0.050899 -0.017533 0.046368
v 0.054785 -0.021459 0.046144
v 0.053836 -0.013942 0.044698
v 0.057549 -0.017236 0.044311
v 0.055588 -0.010878 0.042909
v 0.059523 -0.013962 0.042407
v 0.058027 -0.026100 0.045737
v 0.060825 -0.030659 0.044781
v 0.062914 -0.036732 0.043144
v 0.064683 -0.026309 0.042812
v 0.067334 -0.032324 0.040940
v 0.067547 -0.021627 0.040654
v 0.070935 -0.027627 0.038683
v 0.020413 0.011713 0.044231
v 0.020448 0.013591 0.041446
v 0.016083 0.010898 0.040289
v 0.016067 0.008916 0.042473
v 0.034610 0.058066 0.045101
v 0.035207 0.065776 0.042371
v 0.026291 0.067406 0.040894
v 0.026242 0.059719 0.044048
v 0.061490 -0.021321 0.043702
v 0.063851 -0.017717 0.041655
v 0.061368 -0.010763 0.040545
v 0.057397 -0.008110 0.041199
v 0.070595 -0.011460 0.036867
v 0.069452 -0.016685 0.038708
v 0.065508 -0.013593 0.039708
v 0.066838 -0.009430 0.037959
v 0.073825 -0.021283 0.036646
v 0.074904 -0.013974 0.035183
v 0.074892 -0.009091 0.033631
v 0.062477 -0.000073 0.037539
v 0.057670 0.001589 0.038200
v 0.065978 -0.001026 0.036567
v 0.071068 -0.007648 0.035442
v 0.067833 -0.006297 0.036763
v 0.080019 -0.002769 0.027100
v 0.077693 -0.003123 0.029420
v 0.072035 -0.002519 0.033703
v 0.069223 -0.001897 0.035252
v 0.074990 -0.002941 0.031667
v 0.053470 0.004049 0.038088
v 0.049223 0.006992 0.037995
v 0.070295 -0.074356 -0.070679
v 0.039676 0.000412 0.057266
v 0.040213 0.003297 0.054641
v 0.050535 0.024342 0.040063
v 0.047666 0.022054 0.039153
v 0.042628 0.023491 0.046328
v 0.055341 0.027618 0.042648
v 0.046593 0.010350 0.037862
v 0.011038 0.009414 0.039278
v 0.011468 0.007318 0.040844
v 0.045354 0.013264 0.037745
v 0.045064 0.016118 0.037907
v 0.045607 0.019389 0.038382
v 0.040219 0.098638 0.020448
v 0.029655 0.099458 0.017627
v 0.034648 0.125564 -0.068998
v 0.034236 0.125735 -0.060499
v 0.045737 0.126184 -0.060936
v 0.044508 0.125701 -0.073540
v 0.069182 0.038380 0.044078
v 0.064528 0.032640 0.045833
v 0.099018 0.046832 0.010272
v 0.100971 0.037935 0.006365
v 0.088140 0.029815 0.028780
v 0.090299 0.025070 0.025685
v 0.091156 0.019630 0.023086
v 0.100420 0.026310 0.003583
v 0.098385 0.013924 0.003093
v 0.096996 0.002201 0.004219
v -0.038892 0.010958 -0.093988
v -0.042076 0.009921 -0.078532
v -0.042425 0.022234 -0.079720
v -0.039408 0.027881 -0.096401
v 0.095364 0.078126 0.001183
v -0.024679 -0.090468 -0.010197
v -0.024890 -0.102968 -0.013553
v 0.011929 -0.082739 -0.114392
v 0.096409 0.083799 -0.005751
v 0.093712 0.072157 0.008405
v 0.089862 0.098465 -0.014488
v 0.089045 0.093991 -0.006011
v 0.097081 0.089006 -0.012709
v 0.088471 0.088738 0.001355
v 0.087692 0.083027 0.008228
v 0.086075 0.077163 0.015487
v 0.084151 0.071433 0.022310
v 0.081012 0.063613 0.029146
v 0.061738 -0.071691 -0.089190
v 0.034581 -0.011945 0.055255
v 0.034152 -0.011951 0.055716
v -0.011725 0.058611 0.021054
v -0.012582 0.063938 0.016788
v -0.017256 0.057758 0.013031
v -0.016122 0.053409 0.017746
v 0.034349 -0.011919 0.055058
v 0.033858 -0.011857 0.055563
v 0.034112 -0.012291 0.055672
v 0.032441 -0.020221 0.058302
v 0.031870 -0.018087 0.057335
v 0.033042 -0.014547 0.056604
v 0.090328 -0.046099 -0.037101
v 0.033569 0.045628 0.048422
v 0.026211 0.047010 0.047811
v 0.026766 0.040670 0.048061
v 0.032951 0.039366 0.048831
v -0.025936 0.023572 0.013657
v -0.029206 0.021338 0.010959
v -0.030024 0.013355 0.016110
v -0.026274 0.016450 0.018008
v -0.024055 0.011690 0.024195
v -0.027676 0.006688 0.024122
v 0.026716 0.076804 0.037046
v 0.036451 0.075547 0.038755
v -0.021333 0.049155 0.010194
v -0.020009 0.046401 0.015220
v 0.023728 0.014491 0.046613
v 0.023368 0.016040 0.043089
v 0.026601 0.019846 0.045370
v 0.030240 0.018832 0.051142
v 0.031143 0.022692 0.049351
v 0.027903 0.023230 0.045927
v 0.008787 0.062731 0.036819
v 0.008566 0.069794 0.033262
v 0.000961 0.069889 0.027728
v 0.001261 0.063221 0.031445
v 0.030709 0.104947 0.010419
v 0.041326 0.104235 0.013225
v 0.032463 0.031846 0.048270
v 0.028082 0.032862 0.046436
v 0.028345 0.029115 0.045713
v 0.032008 0.028570 0.048189
v 0.006276 0.006635 0.039924
v 0.005927 0.008931 0.038783
v -0.041654 -0.019677 -0.049171
v -0.043581 -0.020356 -0.048015
v -0.039646 0.026426 -0.036624
v -0.040386 0.015738 -0.034956
v -0.038973 0.023598 -0.024438
v -0.036559 0.036335 -0.026758
v -0.036328 0.048517 -0.030274
v -0.035776 0.056931 -0.035339
v -0.040219 0.041237 -0.042590
v -0.039595 0.035551 -0.038914
v -0.039799 -0.075595 -0.079746
v -0.035119 -0.065923 -0.083116
v 0.029477 0.015906 0.054078
v 0.028892 0.012977 0.056744
v 0.016196 0.037018 -0.151385
v 0.013894 0.023645 -0.149607
v -0.005133 0.031500 -0.141199
v -0.002688 0.044196 -0.142499
v -0.038005 -0.000131 -0.090338
v -0.041258 0.000796 -0.076065
v 0.017529 -0.012913 0.058660
v 0.021102 -0.009324 0.054912
v 0.019807 -0.012102 0.056100
v 0.020987 -0.009317 0.055001
v 0.016423 -0.015009 0.060696
v 0.013967 -0.014349 0.061955
v 0.018625 -0.016060 0.055440
v 0.019559 -0.016189 0.055885
v 0.020466 -0.012010 0.056314
v 0.020829 -0.009238 0.055008
v 0.024239 -0.019535 0.067546
v 0.024078 -0.017823 0.070408
v 0.020660 -0.015761 0.069170
v 0.021787 -0.017685 0.067190
v 0.021881 -0.009397 0.055786
v 0.022229 -0.012077 0.057370
v 0.022170 -0.013719 0.063015
v 0.021012 -0.010841 0.058801
v 0.021476 -0.009466 0.056166
v 0.020421 -0.013019 0.062107
v 0.020187 -0.018956 0.060290
v 0.018978 -0.012836 0.060570
v -0.049729 -0.005331 -0.055905
v -0.040338 -0.054718 -0.033299
v -0.041260 -0.039792 -0.041327
v -0.040697 -0.040543 -0.047002
v -0.041601 -0.056256 -0.042615
v -0.048273 0.020832 -0.058133
v -0.024594 0.066244 -0.005053
v -0.023602 0.077811 -0.014533
v -0.030970 0.067720 -0.026356
v -0.032506 0.057293 -0.021351
v -0.022012 0.087492 -0.022638
v -0.029209 0.078326 -0.033558
v -0.034563 0.067254 -0.043299
v -0.040750 0.047525 -0.056764
v -0.008541 0.022426 0.031868
v -0.008760 0.022298 0.031998
v -0.007268 0.021725 0.033282
v -0.007306 0.021843 0.033144
v -0.008080 0.022482 0.031251
v -0.006817 0.021634 0.032321
v -0.008929 0.023090 0.030282
v -0.009470 0.022899 0.030807
v -0.009710 0.022729 0.030897
v 0.008983 0.019867 0.035138
v 0.008270 0.020088 0.034670
v 0.005425 0.019764 0.034783
v 0.006208 0.019736 0.035839
v 0.009191 0.019581 0.035509
v 0.006240 0.019442 0.036191
v 0.005540 0.022504 0.029048
v 0.006179 0.022732 0.028964
v 0.004645 0.022336 0.029121
v 0.011347 0.021510 0.032923
v 0.011369 0.022680 0.033004
v 0.006662 0.023756 0.028991
v 0.006624 0.023012 0.028876
v 0.010832 0.020951 0.033221
v 0.012461 0.020511 0.033174
v 0.013551 0.020752 0.032649
v 0.013757 0.022329 0.032944
v 0.000870 0.019484 0.036213
v 0.000545 0.018787 0.036248
v 0.005306 0.018178 0.036464
v 0.005851 0.018929 0.036391
v 0.001134 0.019883 0.036072
v -0.002247 0.020658 0.035176
v -0.002393 0.020228 0.035285
v -0.002634 0.019518 0.035275
v 0.008796 0.018429 0.036211
v 0.009046 0.019250 0.035903
v -0.002770 0.018858 0.035273
v 0.000213 0.018195 0.036156
v 0.004995 0.017583 0.036419
v 0.008741 0.018010 0.036289
v 0.011771 0.018685 0.035600
v 0.010660 0.019100 0.035667
v 0.000025 0.017442 0.035987
v -0.000079 0.016621 0.035884
v 0.004778 0.016025 0.036424
v 0.004835 0.016846 0.036376
v -0.002940 0.018103 0.034980
v -0.003084 0.017235 0.034844
v -0.010821 0.022986 0.029210
v -0.011258 0.023558 0.028327
v -0.011320 0.022993 0.028410
v -0.011057 0.022530 0.028872
v -0.014140 0.020836 0.025610
v -0.014812 0.022340 0.024812
v -0.016427 0.022038 0.023218
v -0.015668 0.020344 0.024538
v -0.025663 0.013659 0.020909
v -0.018566 0.018032 0.023888
v -0.019584 0.019726 0.021755
v -0.010345 0.022705 0.029983
v -0.009754 0.022329 0.030895
v -0.010271 0.023019 0.029995
v -0.010689 0.023413 0.029081
v -0.010639 0.022081 0.029660
v -0.009939 0.021707 0.030685
v -0.008843 0.021976 0.031985
v -0.009015 0.021281 0.031873
v -0.007468 0.020694 0.033206
v -0.007250 0.021416 0.033284
v -0.005198 0.020878 0.034310
v -0.005447 0.021330 0.034176
v -0.005426 0.020129 0.034249
v -0.007696 0.020061 0.032952
v -0.005642 0.019484 0.034125
v -0.009167 0.020614 0.031501
v -0.010144 0.021155 0.030261
v -0.010875 0.021648 0.029169
v -0.011461 0.022150 0.028384
v -0.011794 0.022856 0.027830
v -0.011325 0.021163 0.028564
v -0.012123 0.020564 0.027741
v -0.010974 0.019849 0.029090
v -0.010453 0.020595 0.029759
v -0.012076 0.021817 0.027664
v -0.012994 0.021353 0.026669
v -0.009424 0.020063 0.031016
v -0.009650 0.019319 0.030547
v -0.007946 0.018607 0.032169
v -0.007832 0.019390 0.032617
v -0.005407 0.018802 0.033778
v -0.005659 0.017930 0.033409
v 0.001181 0.019953 0.035889
v 0.001437 0.019969 0.034595
v -0.001984 0.020478 0.033974
v -0.002322 0.020689 0.034966
v -0.005530 0.021342 0.034058
v -0.004879 0.020995 0.033254
v -0.001795 0.020320 0.032924
v 0.000429 0.022334 0.028863
v -0.000753 0.022604 0.028486
v -0.004452 0.020880 0.032199
v 0.001325 0.020012 0.033429
v 0.001905 0.022180 0.029134
v 0.004704 0.020113 0.033538
v 0.003417 0.022211 0.029169
v 0.007513 0.020271 0.033863
v 0.002453 0.032896 0.035874
v 0.002594 0.033060 0.036333
v -0.002752 0.033435 0.035299
v -0.002414 0.033024 0.034981
v -0.020869 0.007649 -0.123039
v -0.019168 0.022528 -0.128495
v -0.007964 0.015787 -0.138193
v -0.005495 0.031129 0.034053
v -0.005271 0.032074 0.033828
v -0.007870 0.031346 0.032068
v -0.007909 0.030400 0.032174
v -0.005747 0.030103 0.034395
v -0.007937 0.029247 0.032424
v -0.002796 0.030792 0.036273
v -0.002590 0.031897 0.035889
v -0.002350 0.032700 0.035415
v -0.007445 0.027648 0.028502
v -0.006547 0.028433 0.029209
v -0.007235 0.028379 0.030533
v -0.008387 0.027802 0.029295
v -0.008194 0.027110 0.027917
v -0.009113 0.027193 0.028468
v -0.003040 0.025916 0.026369
v -0.002642 0.026209 0.026668
v -0.002052 0.026538 0.027128
v -0.003287 0.025616 0.026210
v -0.003473 0.025267 0.026149
v -0.003539 0.024893 0.026190
v -0.003492 0.024553 0.026350
v -0.031369 -0.001006 0.021752
v -0.029299 0.009314 0.020239
v -0.033177 0.002078 0.017269
v -0.009984 0.023263 0.029845
v -0.010420 0.023729 0.028961
v -0.009392 0.023472 0.029445
v -0.009806 0.023925 0.028753
v -0.010841 0.024402 0.028100
v -0.011220 0.024180 0.028051
v -0.007403 0.022384 0.030517
v -0.002602 0.023303 0.027642
v -0.003005 0.023653 0.027255
v -0.008019 0.023127 0.029644
v -0.006265 0.021519 0.031310
v -0.001898 0.022931 0.028068
v -0.003187 0.023956 0.026940
v -0.003363 0.024237 0.026607
v -0.008269 0.023537 0.028982
v -0.008673 0.024044 0.028323
v -0.010096 0.024589 0.028224
v -0.009025 0.025319 0.027424
v -0.008903 0.025931 0.027413
v -0.010173 0.025198 0.027935
v -0.010084 0.025968 0.027810
v -0.008974 0.024667 0.027729
v -0.008603 0.026533 0.027574
v -0.009688 0.026505 0.028054
v -0.011527 0.023732 0.027915
v -0.011360 0.024656 0.027692
v -0.011670 0.025816 0.027075
v -0.011956 0.023853 0.027373
v -0.012582 0.024016 0.026592
v -0.012445 0.022674 0.026980
v -0.012375 0.026775 0.026516
v -0.013399 0.027483 0.025550
v -0.013759 0.024239 0.025516
v -0.013445 0.022582 0.025965
v -0.010920 0.025138 0.027706
v -0.011004 0.025825 0.027432
v -0.011570 0.027832 0.027696
v -0.012052 0.028918 0.027365
v -0.011134 0.027015 0.027984
v -0.010425 0.027761 0.029144
v -0.010639 0.028687 0.028990
v -0.010994 0.029653 0.028715
v -0.009508 0.029472 0.030485
v -0.009692 0.030486 0.030324
v -0.009416 0.028451 0.030609
v -0.010644 0.026614 0.028031
v -0.009997 0.027254 0.028942
v -0.009045 0.027913 0.030180
v -0.007824 0.028341 0.032041
v -0.005746 0.029051 0.034083
v -0.005137 0.028882 0.032355
v -0.002789 0.029776 0.035912
v -0.002279 0.029234 0.034237
v 0.002373 0.034055 0.037118
v -0.003384 0.034727 0.035891
v -0.001835 0.029122 0.032315
v 0.000289 0.026758 0.028615
v 0.001862 0.026507 0.029156
v 0.001290 0.028510 0.033449
v 0.010883 0.023624 0.033561
v 0.010210 0.024675 0.034140
v 0.006075 0.024634 0.029458
v 0.006452 0.024196 0.029226
v 0.012512 0.023388 0.034116
v 0.011306 0.024619 0.034894
v 0.006921 0.026749 0.034396
v 0.004570 0.025547 0.029713
v 0.005481 0.025068 0.029635
v 0.008592 0.025743 0.034187
v 0.007671 0.027253 0.036167
v 0.009879 0.025768 0.035538
v 0.001120 0.029119 0.035513
v 0.022257 0.072241 -0.148088
v 0.019451 0.056934 -0.151461
v 0.000816 0.062482 -0.142531
v 0.003689 0.075670 -0.139783
v -0.004360 0.028943 0.030828
v -0.001017 0.026738 0.027883
v -0.005702 0.078570 -0.131957
v -0.003125 0.086761 -0.129019
v 0.005670 0.087064 -0.134618
v -0.019590 -0.056168 -0.100803
v -0.012231 -0.069366 -0.107385
v 0.014628 0.022756 0.035209
v 0.013098 0.024431 0.035697
v 0.015588 0.021327 0.034805
v 0.016216 0.021026 0.034896
v 0.015373 0.022691 0.035209
v 0.014106 0.024445 0.035691
v 0.011151 0.025993 0.036216
v 0.011973 0.026246 0.036632
v 0.008764 0.028314 0.037643
v 0.008464 0.027584 0.037291
v 0.001326 0.029773 0.037007
v 0.001438 0.030693 0.037404
v 0.009511 0.029106 0.037144
v 0.012650 0.026710 0.036107
v 0.010380 0.029958 0.036592
v 0.013073 0.027669 0.035792
v 0.002042 0.032540 0.036296
v 0.001640 0.031742 0.037021
v 0.012109 0.019512 0.035125
v 0.014423 0.019437 0.034936
v 0.011626 0.019913 0.034985
v 0.014118 0.019773 0.034725
v 0.010530 0.020305 0.034212
v 0.015140 0.020112 0.034508
v 0.015791 0.019796 0.034722
v 0.009652 0.020513 0.033743
v 0.016110 0.022607 0.034811
v 0.017080 0.020675 0.034798
v 0.017315 0.022904 0.034078
v 0.017798 0.020666 0.034384
v 0.015480 0.025745 0.034499
v 0.014866 0.024609 0.034909
v 0.016731 0.019470 0.034653
v 0.015958 0.019063 0.034822
v 0.017452 0.019305 0.034531
v 0.016631 0.018725 0.034767
v 0.008854 0.017329 0.036343
v 0.008970 0.016655 0.036367
v 0.012406 0.018046 0.035702
v 0.012922 0.017493 0.035637
v -0.000027 0.015720 0.035741
v -0.003149 0.016310 0.034789
v 0.000186 0.014554 0.035833
v -0.003239 0.015111 0.034695
v 0.005168 0.014079 0.036778
v 0.004879 0.015103 0.036540
v -0.026227 -0.111015 -0.014946
v -0.013112 0.019830 0.027046
v -0.014392 0.019016 0.026400
v -0.012853 0.017950 0.028153
v -0.011729 0.019068 0.028499
v -0.010136 0.018364 0.030088
v -0.010859 0.017074 0.030006
v -0.008513 0.016333 0.031736
v -0.008078 0.017590 0.031819
v -0.005806 0.017030 0.033163
v -0.006287 0.015650 0.033218
v -0.015346 0.024080 0.024071
v -0.015468 0.027685 0.023437
v -0.016978 0.023747 0.022391
v -0.017689 0.027708 0.021292
v 0.019198 0.023572 0.034449
v 0.018950 0.020776 0.034184
v 0.020861 0.023954 0.035656
v 0.020436 0.021115 0.035214
v 0.020248 0.027041 0.036597
v 0.018229 0.026684 0.035020
v 0.018255 0.019248 0.034580
v 0.017281 0.018305 0.034676
v 0.019264 0.018971 0.035028
v 0.018000 0.017703 0.035173
v 0.009304 0.015797 0.036405
v 0.009659 0.014818 0.036581
v 0.013422 0.016823 0.035860
v 0.014086 0.015861 0.036064
v -0.021363 -0.003629 -0.118258
v -0.016593 0.038091 -0.131080
v -0.009741 0.039994 0.033291
v -0.007960 0.036788 0.034004
v -0.004290 0.037293 0.036254
v -0.005437 0.040988 0.036418
v -0.011703 0.044337 0.031311
v -0.014652 0.041365 0.028373
v -0.012759 0.038183 0.030318
v -0.010904 0.035609 0.031632
v -0.015709 0.030752 0.024208
v -0.013966 0.030424 0.025837
v -0.013665 0.032216 0.027195
v -0.015326 0.033179 0.025722
v -0.017830 0.031182 0.022033
v -0.017558 0.034498 0.023722
v -0.014309 0.035530 0.027869
v -0.012540 0.033861 0.029249
v -0.016527 0.037633 0.026064
v 0.013500 0.033502 0.038552
v 0.012577 0.032155 0.037165
v 0.014922 0.029448 0.035907
v 0.016417 0.029744 0.036753
v 0.014903 0.034637 0.039632
v 0.018596 0.030192 0.037799
v 0.001454 0.040146 0.039317
v 0.001817 0.036991 0.038238
v 0.010923 0.030518 0.036099
v 0.012629 0.028831 0.035960
v 0.011307 0.030611 0.036023
v 0.013228 0.028655 0.035762
v -0.009495 0.098982 -0.111222
v -0.010375 0.105098 -0.098678
v 0.007896 0.112552 -0.105073
v 0.007211 0.105252 -0.117400
v -0.005251 0.032408 0.034041
v -0.005758 0.033040 0.033879
v -0.008354 0.032433 0.032091
v -0.007909 0.031850 0.032264
v -0.009934 0.031180 0.030297
v -0.010406 0.031770 0.030227
v -0.011673 0.030896 0.028541
v -0.011240 0.030500 0.028691
v -0.012016 0.029818 0.027511
v -0.012479 0.029919 0.027084
v 0.013382 0.029547 0.036022
v 0.011615 0.031020 0.036505
v -0.009532 0.067305 -0.133257
v 0.000508 0.077376 0.022796
v -0.007079 0.075271 0.016154
v -0.006299 0.068582 0.021710
v -0.006524 0.034292 0.034327
v -0.009294 0.033597 0.032228
v -0.011239 0.032649 0.030042
v -0.012487 0.031511 0.028231
v -0.013085 0.030617 0.027014
v -0.043922 -0.001980 -0.040529
v -0.044032 -0.001770 -0.042367
v -0.048769 0.009572 -0.068457
v -0.045736 0.015598 -0.067336
v -0.043919 0.018716 -0.065673
v -0.045959 0.026459 -0.052688
v -0.046860 0.029889 -0.055584
v -0.055627 -0.007712 -0.061544
v -0.052904 -0.010158 -0.057658
v -0.055306 -0.006836 -0.062039
v -0.054006 0.027255 -0.064538
v -0.054811 0.025795 -0.065891
v -0.055842 0.025666 -0.065513
v -0.019082 -0.026049 -0.108330
v -0.020802 -0.012812 -0.114429
v -0.055436 0.024169 -0.067240
v -0.044647 0.003154 -0.044830
v -0.049845 0.009303 -0.068691
v -0.051427 0.009060 -0.070490
v -0.053266 0.004245 -0.070728
v -0.052481 0.004596 -0.070047
v -0.053691 -0.000892 -0.068953
v -0.052948 -0.000233 -0.068440
v -0.056178 -0.003777 -0.064649
v -0.055421 0.000476 -0.067487
v -0.047735 0.030506 -0.056969
v -0.047976 0.029709 -0.056160
v -0.048468 0.030695 -0.057332
v -0.045630 0.002253 -0.046232
v -0.044793 0.023993 -0.052727
v -0.044787 0.022258 -0.050915
v -0.044368 0.022609 -0.051432
v -0.042620 0.006773 -0.050406
v -0.042231 0.007519 -0.050590
v -0.044080 0.005518 -0.049946
v -0.046022 0.004583 -0.047800
v -0.041846 -0.003819 -0.049905
v -0.041637 -0.004532 -0.051427
v -0.041223 -0.005365 -0.050798
v -0.049980 0.036604 -0.059676
v -0.045166 0.021336 -0.050470
v -0.046079 0.022543 -0.050835
v -0.046555 0.023713 -0.051183
v -0.049340 0.030213 -0.057379
v -0.046791 0.024681 -0.051436
v -0.045826 0.024525 -0.051662
v -0.046724 0.026333 -0.052518
v -0.045152 0.024482 -0.052075
v -0.046155 -0.000215 -0.063848
v -0.045198 -0.000527 -0.061813
v -0.041549 0.017939 -0.040817
v -0.042277 0.016244 -0.043162
v -0.052126 -0.011013 -0.055353
v -0.042728 0.024276 -0.059820
v -0.042969 0.027379 -0.061572
v -0.056298 0.004876 -0.068661
v -0.051123 -0.002412 -0.058981
v -0.049267 -0.003790 -0.057723
v -0.053184 -0.000704 -0.060410
v -0.054415 0.002159 -0.061932
v -0.043372 0.014993 -0.054727
v -0.050788 0.020871 -0.060466
v -0.051465 0.018914 -0.061597
v -0.049518 0.020781 -0.059206
v -0.043301 0.030592 -0.059805
v -0.043684 0.030395 -0.057483
v -0.041451 0.026896 -0.059081
v -0.043939 0.028616 -0.057162
v -0.043052 -0.000219 -0.049593
v -0.042087 -0.005997 -0.053267
v -0.043571 -0.004306 -0.054735
v -0.043297 -0.006378 -0.054290
v -0.044267 -0.005162 -0.056018
v -0.044196 -0.003937 -0.057592
v -0.044309 -0.002191 -0.058871
v -0.045235 -0.000035 -0.058949
v -0.042061 0.003664 -0.050259
v -0.043120 0.030817 -0.048404
v -0.041959 0.001827 -0.050259
v -0.043159 0.005545 -0.050119
v -0.043436 0.003838 -0.049756
v -0.043332 0.001905 -0.049512
v -0.048575 -0.006929 -0.051460
v -0.048319 -0.005477 -0.054043
v -0.047218 -0.006554 -0.050748
v -0.048338 -0.004884 -0.056257
v -0.046105 -0.006421 -0.050323
v -0.044061 0.025346 -0.059125
v -0.044213 0.028234 -0.058860
v -0.043466 0.001216 -0.038720
v -0.034338 0.007357 0.011972
v -0.033786 0.016839 0.006174
v -0.006484 -0.046284 0.035205
v -0.006313 -0.049175 0.035737
v -0.028847 -0.004042 0.026165
v -0.025159 -0.007461 0.031014
v -0.004400 -0.041701 0.046334
v -0.003701 -0.042500 0.046592
v -0.002675 -0.042028 0.046986
v -0.003413 -0.041719 0.046503
v -0.001205 -0.041187 0.045540
v -0.002118 -0.041557 0.044631
v -0.002281 -0.041531 0.045831
v -0.001425 -0.041296 0.046667
v -0.004867 -0.026674 0.046785
v -0.007662 -0.021955 0.045009
v -0.011366 -0.025606 0.043876
v -0.008759 -0.029572 0.045649
v -0.004253 -0.043684 0.037566
v -0.003852 -0.042228 0.037918
v -0.003046 -0.041993 0.040709
v -0.003145 -0.042661 0.040450
v -0.004350 -0.044614 0.037645
v -0.003048 -0.042976 0.040493
v -0.006109 -0.044666 0.035072
v -0.005397 -0.042250 0.035273
v -0.014361 -0.046022 0.041924
v -0.010449 -0.044624 0.043707
v -0.010822 -0.041477 0.044065
v -0.014501 -0.041446 0.042339
v 0.000941 -0.015725 0.045813
v -0.003520 -0.018552 0.045552
v -0.001571 -0.023502 0.046823
v 0.003313 -0.019947 0.046716
v 0.007754 -0.016173 0.047346
v 0.005638 -0.012425 0.046100
v 0.010985 -0.008580 0.050912
v 0.009665 -0.012122 0.052175
v 0.010289 -0.013364 0.055540
v 0.010265 -0.011071 0.054400
v 0.011111 -0.017729 0.054123
v 0.009178 -0.014336 0.050637
v 0.014804 -0.019862 0.054724
v 0.015108 -0.019428 0.055790
v 0.010792 -0.018077 0.052549
v 0.010332 -0.018996 0.050578
v 0.014138 -0.020381 0.053489
v 0.015801 -0.018832 0.056781
v 0.013056 -0.017845 0.056682
v 0.012056 -0.015310 0.058073
v 0.022177 -0.018749 0.064946
v 0.021374 -0.017103 0.066883
v 0.023346 0.012390 0.049668
v 0.019835 0.009487 0.046766
v 0.022663 0.009861 0.051962
v 0.019371 0.007244 0.048937
v 0.013140 -0.013139 0.061460
v 0.012144 -0.011066 0.059898
v 0.015770 -0.012495 0.065200
v 0.015443 -0.009738 0.064850
v 0.031769 0.025749 0.048488
v 0.023353 -0.022810 0.060929
v 0.022907 -0.023323 0.060412
v 0.023885 -0.021523 0.062588
v 0.026235 0.094377 -0.135570
v 0.028297 0.106474 -0.124398
v 0.031931 0.118915 -0.101235
v 0.035022 0.122548 -0.088806
v 0.016683 -0.038876 0.061125
v 0.017397 -0.036261 0.061113
v 0.008638 -0.042266 0.045213
v 0.013967 -0.043527 0.046673
v 0.013936 -0.044491 0.049704
v 0.008546 -0.043542 0.048397
v 0.004869 -0.042689 0.046676
v 0.004536 -0.041323 0.043455
v 0.008751 -0.040814 0.042729
v 0.014220 -0.041989 0.043786
v 0.008929 -0.044570 0.053938
v 0.014213 -0.045284 0.055956
v 0.014850 -0.043736 0.058522
v 0.009435 -0.043045 0.056051
v 0.006944 -0.022590 0.049304
v 0.011053 -0.022862 0.051911
v 0.015138 -0.023678 0.055468
v 0.018308 -0.024561 0.058080
v 0.019434 -0.022720 0.058352
v 0.017100 -0.021634 0.056150
v 0.019959 -0.021992 0.058707
v 0.017758 -0.021050 0.056737
v 0.018040 -0.020479 0.057324
v 0.017746 -0.019552 0.057663
v 0.019398 -0.019877 0.058918
v 0.019054 -0.019097 0.058783
v 0.020161 -0.021344 0.059109
v 0.026776 0.003440 0.064927
v 0.027651 0.006742 0.061949
v 0.013065 -0.033798 0.059110
v 0.017780 -0.034162 0.060485
v 0.019522 -0.030294 0.059740
v 0.015182 -0.029557 0.058363
v 0.010494 -0.029375 0.055945
v 0.007851 -0.034356 0.056517
v 0.022387 -0.023994 0.059995
v 0.012341 -0.035967 0.059325
v 0.011545 -0.038358 0.059039
v 0.006981 -0.036604 0.056571
v 0.006325 -0.038753 0.056125
v 0.002783 -0.035698 0.053358
v 0.004912 -0.030101 0.053026
v -0.001034 -0.030890 0.049767
v -0.001527 -0.037301 0.050273
v -0.009957 -0.038656 0.045051
v -0.005898 -0.041678 0.045892
v -0.005509 -0.040524 0.046433
v -0.004979 -0.039524 0.047288
v -0.008685 -0.035864 0.046136
v -0.013201 -0.037297 0.043457
v -0.011482 -0.033182 0.044570
v -0.006031 -0.033194 0.047590
v -0.003876 -0.038454 0.048387
v -0.004350 -0.041032 0.046844
v -0.003455 -0.041438 0.046755
v -0.003881 -0.040579 0.047577
v -0.003120 -0.041310 0.047367
v -0.003162 -0.040109 0.048505
v -0.002512 -0.041221 0.048160
v -0.001265 -0.040920 0.049459
v -0.001549 -0.039387 0.050039
v -0.001616 -0.042194 0.045735
v -0.000540 -0.042641 0.046590
v -0.000461 -0.042670 0.047729
v -0.001495 -0.042319 0.046609
v -0.002319 -0.041890 0.044959
v -0.002087 -0.041999 0.046032
v -0.002539 -0.041860 0.041308
v -0.001724 -0.041715 0.041907
v -0.002635 -0.041554 0.044486
v -0.002682 -0.041644 0.045386
v -0.002607 -0.041645 0.046526
v -0.002464 -0.041765 0.046828
v -0.001900 -0.041950 0.047492
v -0.000838 -0.042053 0.048598
v 0.005866 -0.040787 0.055065
v 0.002267 -0.039770 0.052904
v 0.002165 -0.041509 0.051743
v 0.005432 -0.042928 0.053386
v 0.002182 -0.042872 0.050428
v 0.004134 -0.039799 0.040896
v 0.005270 -0.043982 0.051431
v 0.000639 -0.040811 0.040958
v -0.000182 -0.039462 0.038490
v 0.001260 -0.042013 0.044119
v -0.003159 -0.041495 0.038569
v -0.002330 -0.040915 0.038939
v -0.004482 -0.040728 0.035775
v -0.003322 -0.039758 0.036514
v 0.002051 -0.043255 0.048862
v 0.002355 -0.037905 0.053361
v 0.010589 -0.040661 0.057803
v 0.015808 -0.041220 0.059986
v 0.024554 -0.003925 0.071500
v 0.025678 0.000137 0.068029
v -0.001889 -0.041556 0.047156
v -0.005980 -0.123372 -0.002135
v -0.005191 -0.042975 0.045967
v -0.004218 -0.046732 0.037877
v -0.002505 -0.043861 0.040962
v -0.012437 -0.050928 0.042749
v -0.008371 -0.055179 0.045856
v -0.005654 -0.051567 0.047328
v -0.008945 -0.048255 0.044565
v -0.001763 -0.046382 0.049594
v -0.003941 -0.044371 0.047241
v -0.002470 -0.043343 0.048086
v -0.000136 -0.044465 0.050497
v 0.001068 -0.042906 0.050983
v -0.001319 -0.042361 0.048429
v 0.003353 -0.040774 0.050387
v 0.007792 -0.040990 0.052776
v 0.007418 -0.045321 0.047955
v 0.002897 -0.044839 0.045633
v -0.001340 -0.043961 0.042414
v -0.000017 -0.040886 0.046744
v 0.002866 -0.040906 0.050864
v -0.000081 -0.041010 0.048013
v 0.007239 -0.041099 0.053858
v -0.015816 -0.118163 -0.007305
v -0.000637 -0.041465 0.048393
v 0.002135 -0.041502 0.050923
v 0.006370 -0.041970 0.054336
v 0.005060 -0.043802 0.054631
v 0.003776 -0.045978 0.054641
v 0.002387 -0.048664 0.053825
v -0.001103 -0.055453 0.051026
v -0.003513 -0.060081 0.049791
v 0.004758 -0.058113 0.054103
v 0.002608 -0.063025 0.053793
v 0.007189 -0.050700 0.057318
v 0.008291 -0.047304 0.058499
v 0.009559 -0.044714 0.058185
v 0.010675 -0.042603 0.057446
v 0.021476 -0.025491 0.059519
v 0.020597 -0.019989 0.060245
v 0.021804 -0.019641 0.062413
v 0.019448 -0.015093 0.067665
v 0.024204 -0.020582 0.064882
v 0.017158 -0.013013 0.067022
v 0.018786 -0.013806 0.068537
v 0.018518 -0.012110 0.069362
v 0.017456 -0.011255 0.068161
v 0.020179 -0.014651 0.069844
v 0.019317 -0.012478 0.070426
v 0.023955 -0.016562 0.071784
v 0.023827 -0.013068 0.073822
v 0.023969 -0.007469 0.073494
v 0.023843 -0.010824 0.074244
v 0.018379 -0.010429 0.069909
v 0.017500 -0.008365 0.068183
v 0.017876 -0.005310 0.066043
v 0.015360 -0.007002 0.062395
v 0.045067 0.125497 -0.044979
v 0.011617 -0.041489 0.056697
v 0.012536 -0.041442 0.055069
v 0.005528 -0.055589 0.041380
v 0.006402 -0.051124 0.043657
v 0.011091 -0.052261 0.045244
v 0.010275 -0.056676 0.043180
v 0.016626 -0.041971 0.056242
v 0.015786 -0.046740 0.050503
v 0.012082 -0.046008 0.049632
v 0.016278 -0.042229 0.058009
v 0.015513 -0.043467 0.059119
v 0.014513 -0.045711 0.060189
v 0.014657 -0.053165 0.046004
v 0.013768 -0.057802 0.043990
v -0.002913 -0.048149 0.039042
v -0.004246 -0.051988 0.037015
v 0.001477 -0.050171 0.041652
v 0.000379 -0.053779 0.039590
v 0.009143 -0.064561 0.056760
v 0.010915 -0.059741 0.056346
v 0.013341 -0.048678 0.060393
v 0.012513 -0.052401 0.059142
v 0.029995 0.113953 -0.113463
v -0.017115 0.083596 -0.007107
v -0.016791 0.076654 0.000853
v -0.008690 0.082509 0.008010
v -0.009570 0.088336 0.000606
v -0.016074 0.091423 -0.015335
v -0.008741 0.094936 -0.007200
v 0.014429 0.123675 -0.064404
v 0.013764 0.123031 -0.050094
v 0.033604 0.125150 -0.046202
v 0.019466 0.122820 -0.078417
v 0.005667 0.117274 -0.087751
v 0.004089 0.120155 -0.068285
v 0.004142 0.119830 -0.052938
v -0.014620 -0.081058 -0.108551
v -0.013942 0.050449 -0.132447
v 0.005202 0.118477 -0.039097
v 0.014044 0.121011 -0.036279
v 0.013898 0.117830 -0.023861
v 0.006006 0.115904 -0.027355
v 0.033264 0.122680 -0.031747
v 0.044542 0.122702 -0.029929
v 0.011125 0.008071 -0.145846
v 0.028388 0.010054 0.059200
v -0.027650 -0.041324 -0.091887
v -0.036702 -0.039996 -0.074135
v -0.049322 -0.091075 -0.050829
v -0.044499 -0.014933 -0.056358
v -0.044069 -0.014278 -0.057023
v -0.041547 -0.054624 -0.054795
v -0.039901 -0.040561 -0.055918
v -0.018411 -0.041893 -0.103490
v -0.050473 -0.002273 -0.067418
v -0.050484 0.001514 -0.068403
v -0.051854 -0.002940 -0.067140
v -0.051748 0.001115 -0.068377
v -0.050897 0.005369 -0.068925
v -0.052784 -0.004561 -0.066364
v -0.043661 0.030217 -0.055885
v -0.044920 0.031996 -0.054767
v -0.044168 -0.016598 -0.052071
v -0.043980 -0.015941 -0.053749
v -0.043421 -0.016447 -0.052930
v -0.043361 -0.016935 -0.051563
v -0.044062 -0.017508 -0.050440
v -0.043223 -0.017546 -0.050422
v -0.039922 0.046586 -0.048148
v -0.041620 -0.017044 -0.053890
v -0.043410 -0.014901 -0.056510
v -0.043481 -0.015508 -0.055016
v -0.043188 -0.016473 -0.053588
v -0.042709 -0.017449 -0.051559
v -0.042833 -0.018353 -0.049861
v -0.043648 -0.018822 -0.049315
v -0.053304 -0.005617 -0.066693
v -0.048514 -0.016954 -0.054892
v -0.043856 0.024042 -0.061597
v -0.044187 0.022245 -0.063263
v -0.046025 0.024184 -0.064685
v -0.045525 0.026148 -0.063188
v -0.031097 -0.000895 -0.106099
v -0.031072 0.010351 -0.111134
v -0.001105 -0.081386 -0.113109
v 0.001638 -0.068954 -0.113011
v -0.038345 0.044704 -0.095833
v -0.043566 0.025456 -0.060221
v -0.045311 0.027760 -0.061753
v -0.049812 0.005664 -0.068760
v -0.041613 0.024994 -0.060426
v -0.042256 0.023447 -0.061828
v -0.046136 0.029513 -0.063361
v -0.046355 0.027645 -0.064893
v -0.047128 0.025421 -0.066384
v -0.042901 0.021669 -0.063315
v -0.043628 0.029125 -0.061610
v -0.036468 0.075095 -0.071961
v -0.036899 0.069392 -0.086045
v -0.029766 0.090989 -0.075382
v -0.029800 0.086060 -0.090699
v -0.026619 0.079541 -0.106671
v -0.033760 0.061855 -0.102079
v -0.043626 0.030347 -0.056271
v -0.045559 0.033212 -0.055337
v -0.015209 0.097834 -0.023161
v -0.021208 0.094065 -0.030450
v -0.007666 0.100681 -0.014398
v -0.006378 0.105817 -0.021144
v -0.013289 0.103727 -0.030156
v -0.021737 0.098668 -0.042357
v -0.037384 0.065639 -0.057066
v -0.033697 0.079884 -0.057779
v -0.029971 0.083106 -0.044132
v -0.026812 0.095221 -0.059690
v -0.015704 0.106790 -0.048740
v -0.020029 0.104126 -0.063406
v -0.007029 0.113697 -0.052613
v -0.009479 0.112353 -0.067337
v -0.009839 0.109900 -0.083399
v -0.022418 0.100702 -0.078643
v -0.010300 0.108759 -0.036354
v -0.003774 0.110187 -0.026606
v -0.004006 0.114015 -0.039860
v -0.000684 0.113692 -0.031184
v -0.027716 0.084276 -0.036869
v -0.039423 -0.024199 -0.049175
v -0.041520 -0.024217 -0.043879
v -0.043923 -0.012922 -0.035997
v -0.037820 0.010711 -0.000541
v -0.035188 0.023056 -0.003293
v -0.039985 0.015881 -0.013884
v -0.041349 0.001181 -0.011970
v -0.030951 0.036238 -0.005193
v -0.036079 0.029672 -0.015546
v -0.033398 0.043923 -0.017846
v -0.028148 0.050450 -0.005847
v -0.019225 0.072675 -0.121874
v -0.024873 0.056685 -0.119982
v -0.027914 0.044217 -0.118226
v -0.005893 0.062580 0.025639
v 0.024672 0.085654 -0.141845
v -0.000223 0.085070 0.015342
v -0.007503 0.091076 -0.122110
v 0.006461 0.094511 -0.128735
v -0.022611 0.096004 -0.093805
v -0.020520 0.090439 -0.107361
v -0.013984 0.082801 -0.122253
v -0.030317 0.028147 -0.116322
v 0.004637 0.112071 -0.019768
v -0.020372 0.031528 0.019029
v -0.020480 0.026855 0.018274
v -0.019892 0.036330 0.020456
v -0.019980 0.021774 0.020179
v 0.015867 0.006881 0.044490
v 0.015778 0.004821 0.046468
v 0.015543 0.002327 0.048436
v 0.011886 0.002821 0.044386
v 0.011815 -0.000136 0.046187
v 0.018648 0.002118 0.053766
v 0.018900 0.004699 0.051270
v 0.015570 -0.000143 0.050400
v 0.015166 -0.003093 0.052250
v 0.017953 -0.000710 0.056103
v 0.008553 -0.014252 0.048522
v 0.008629 -0.009472 0.046952
v 0.011979 -0.006050 0.048945
v 0.007620 -0.002128 0.044761
v 0.008043 -0.005481 0.045996
v 0.012026 -0.002832 0.047614
v 0.007226 0.001206 0.042905
v 0.013568 -0.006171 0.054663
v 0.011986 -0.009165 0.057667
v 0.016835 -0.003917 0.059261
v 0.019034 -0.002177 0.062675
v 0.020227 0.001174 0.059491
v 0.011746 0.005101 0.042642
v 0.006621 0.003918 0.041424
v 0.003794 -0.007961 0.045506
v -0.001350 -0.010136 0.045224
v 0.002644 -0.003506 0.043880
v -0.002043 -0.005138 0.043445
v 0.002294 0.000049 0.042253
v -0.002513 -0.001337 0.041600
v -0.006089 -0.013186 0.044711
v -0.010392 -0.016331 0.043680
v -0.014581 -0.021023 0.042055
v -0.012084 -0.010798 0.041805
v -0.016898 -0.015326 0.039917
v -0.012805 -0.005425 0.039685
v -0.018304 -0.009619 0.037657
v -0.007197 -0.007430 0.042766
v -0.007899 -0.003191 0.040727
v -0.002876 0.002313 0.039716
v 0.001739 0.003333 0.040632
v -0.011521 0.005037 0.035695
v -0.012503 -0.000158 0.037664
v -0.007718 0.001202 0.038670
v -0.007297 0.005495 0.036776
v -0.018333 -0.002743 0.035624
v -0.016374 0.004392 0.034103
v -0.014526 0.008888 0.032553
v 0.000517 0.012535 0.036489
v 0.005413 0.012242 0.037347
v -0.003127 0.012917 0.035386
v -0.010411 0.008742 0.034237
v -0.006920 0.008750 0.035533
v -0.016867 0.016578 0.026196
v -0.014765 0.015391 0.028463
v -0.009281 0.013822 0.032561
v -0.006427 0.013324 0.034026
v -0.012195 0.014550 0.030643
v 0.010251 0.012886 0.037314
v 0.015202 0.013956 0.037300
v -0.038054 -0.053264 -0.071114
v 0.021361 0.004168 0.057041
v 0.022026 0.007028 0.054398
v 0.021214 0.030122 0.039463
v 0.022820 0.026901 0.038751
v 0.028534 0.026232 0.045793
v 0.018248 0.035050 0.041862
v 0.018920 0.016025 0.037245
v 0.021202 0.018200 0.037175
v 0.022624 0.020597 0.037492
v 0.023486 0.023715 0.038019
v 0.009913 0.050263 0.043078
v 0.012026 0.043252 0.044666
v -0.014817 0.069316 0.009857
v -0.020083 0.061788 0.005844
v -0.011516 0.049683 0.028194
v -0.015455 0.046188 0.025065
v -0.018326 0.041513 0.022348
v -0.024216 0.050882 0.002974
v -0.027483 0.038841 0.002446
v -0.030928 0.027537 0.003427
v 0.000210 0.097321 0.001143
v 0.001482 0.102819 -0.005730
v -0.000588 0.091362 0.008292
v 0.013338 0.113697 -0.014404
v 0.012326 0.109331 -0.005966
v 0.002931 0.107777 -0.012638
v 0.010796 0.104373 0.001344
v 0.009303 0.098942 0.008134
v 0.008564 0.093070 0.015276
v 0.008444 0.086650 0.022281
v 0.008539 0.078019 0.028866
v -0.029280 -0.053885 -0.089514
v 0.021060 -0.009158 0.055126
v 0.021450 -0.009333 0.055593
v 0.021293 -0.009228 0.054931
v 0.021753 -0.009360 0.055439
v 0.021307 -0.009655 0.055559
v 0.019724 -0.017592 0.058181
v 0.021096 -0.015861 0.057236
v 0.021414 -0.012152 0.056503
v -0.044502 -0.019382 -0.038090
v -0.047094 -0.087212 -0.065909
v -0.042705 -0.084518 -0.079489
v 0.065539 -0.109331 -0.065562
v 0.062464 -0.105142 -0.079189
v 0.024463 -0.132172 -0.009159
v 0.036996 -0.130700 -0.015733
v 0.036311 -0.139295 -0.017187
v 0.023437 -0.140115 -0.011158
v 0.065442 -0.127582 -0.071215
v 0.064992 -0.118490 -0.067009
v 0.062096 -0.114303 -0.081714
v 0.063527 -0.123478 -0.086845
v 0.055600 -0.110798 -0.094432
v 0.056757 -0.120933 -0.100159
v 0.046213 -0.119068 -0.110146
v 0.046317 -0.107439 -0.104230
v 0.034807 -0.104299 -0.111380
v 0.033749 -0.116942 -0.116509
v 0.049652 -0.128404 -0.024893
v 0.059468 -0.125417 -0.037104
v 0.058856 -0.134810 -0.039668
v 0.048887 -0.137435 -0.026727
v 0.064943 -0.122252 -0.051319
v 0.064484 -0.131624 -0.054936
v 0.020184 -0.114251 -0.119593
v 0.022099 -0.100615 -0.114869
v 0.021192 -0.159657 -0.014625
v 0.007863 -0.159269 -0.013359
v 0.010100 -0.149152 -0.010360
v 0.022394 -0.149659 -0.013054
v 0.050664 -0.169131 -0.033366
v 0.065577 -0.165539 -0.046836
v 0.070217 -0.175172 -0.043568
v 0.052950 -0.179502 -0.030411
v 0.091950 -0.176913 -0.055544
v 0.103391 -0.167911 -0.077385
v 0.034436 -0.169895 -0.022428
v 0.034923 -0.179946 -0.018915
v 0.003775 -0.123731 -0.126942
v 0.006279 -0.111128 -0.120090
v 0.094706 -0.160737 -0.080150
v 0.094749 -0.156883 -0.104287
v 0.105601 -0.164893 -0.102567
v 0.049870 -0.169757 -0.143435
v 0.048815 -0.176533 -0.146214
v 0.064465 -0.174924 -0.143890
v 0.061666 -0.167767 -0.140387
v 0.076709 -0.140890 -0.099135
v 0.065874 -0.139352 -0.114264
v 0.072272 -0.148419 -0.119718
v 0.085530 -0.148838 -0.103190
v 0.036363 -0.150654 -0.136526
v 0.054964 -0.149194 -0.130259
v 0.050907 -0.139802 -0.124862
v 0.034546 -0.139565 -0.130967
v 0.086266 -0.153939 -0.080822
v 0.077324 -0.146288 -0.079197
v 0.077156 -0.160559 -0.062743
v 0.070635 -0.151824 -0.061956
v 0.061800 -0.155836 -0.046210
v 0.060393 -0.130629 -0.107306
v 0.047989 -0.129788 -0.117480
v 0.033624 -0.128636 -0.123775
v 0.018646 -0.126629 -0.126526
v -0.005633 -0.171916 -0.144966
v -0.003243 -0.159865 -0.143020
v 0.017434 -0.149560 -0.138242
v 0.017969 -0.138264 -0.133395
v 0.084138 -0.168492 -0.060728
v 0.066050 -0.141871 -0.059287
v 0.059625 -0.145277 -0.043218
v 0.057961 -0.187735 -0.019770
v 0.076860 -0.185141 -0.035586
v 0.037598 -0.188242 -0.008633
v 0.019127 -0.188269 -0.002146
v 0.016438 -0.162537 -0.141960
v 0.013426 -0.174230 -0.144262
v 0.032815 -0.175345 -0.145189
v 0.038842 -0.163630 -0.141880
v 0.049346 -0.158553 -0.032146
v 0.035371 -0.159717 -0.021069
v 0.019477 -0.169447 -0.014957
v 0.068432 -0.132498 -0.092893
v 0.069425 -0.137001 -0.075782
v 0.048923 -0.147672 -0.029660
v 0.035688 -0.149370 -0.019492
v 0.011648 -0.140105 -0.007350
v 0.018725 -0.179121 -0.010786
v 0.093967 -0.167009 -0.123837
v 0.079729 -0.171559 -0.136908
v 0.073526 -0.166396 -0.135313
v -0.000905 -0.146797 -0.139337
v -0.000987 -0.147624 -0.009933
v -0.003338 -0.157512 -0.013313
v 0.001266 -0.138683 -0.006170
v 0.079689 -0.158914 -0.125605
v 0.058806 -0.159524 -0.135794
v 0.002799 -0.131694 -0.002842
v 0.009018 -0.097263 -0.115730
v -0.005668 -0.168442 -0.015852
v -0.007965 -0.180031 -0.012266
v -0.009635 -0.189132 -0.002130
v 0.013232 -0.132827 -0.004480
v 0.004688 -0.180274 -0.010868
v 0.006066 -0.169557 -0.014648
v 0.003856 -0.189794 -0.001725
v 0.001516 -0.135214 -0.134026
v -0.017133 -0.124052 -0.009430
v -0.028090 -0.117847 -0.016067
v -0.031033 -0.125959 -0.017413
v -0.019462 -0.131647 -0.011343
v -0.054031 -0.104168 -0.071588
v -0.050213 -0.095959 -0.067391
v -0.045986 -0.093113 -0.081990
v -0.050817 -0.100997 -0.087104
v -0.038782 -0.092297 -0.094593
v -0.043735 -0.101118 -0.100320
v -0.033355 -0.103373 -0.110264
v -0.029017 -0.092672 -0.104328
v -0.017225 -0.094107 -0.111448
v -0.021086 -0.106136 -0.116606
v -0.039102 -0.111026 -0.025274
v -0.047134 -0.104731 -0.037602
v -0.050098 -0.113308 -0.040008
v -0.042040 -0.119432 -0.026982
v -0.051563 -0.099644 -0.051740
v -0.054434 -0.108484 -0.055354
v -0.007611 -0.108808 -0.119603
v -0.004247 -0.095479 -0.114877
v -0.025887 -0.150335 -0.014562
v -0.013841 -0.154891 -0.013284
v -0.011217 -0.144849 -0.010455
v -0.022725 -0.140683 -0.013228
v -0.056001 -0.148503 -0.034207
v -0.068362 -0.139157 -0.047563
v -0.076409 -0.146099 -0.044241
v -0.062459 -0.156666 -0.030712
v -0.097170 -0.139273 -0.056203
v -0.104310 -0.126429 -0.077962
v -0.041987 -0.155011 -0.022584
v -0.046666 -0.164119 -0.019044
v -0.093622 -0.123119 -0.080624
v -0.092341 -0.119385 -0.104643
v -0.105393 -0.122583 -0.103002
v -0.056131 -0.148507 -0.143700
v -0.057783 -0.155122 -0.146484
v -0.071495 -0.147604 -0.144210
v -0.066215 -0.142139 -0.140619
v -0.069640 -0.111744 -0.099332
v -0.059152 -0.114686 -0.114426
v -0.068507 -0.120330 -0.119885
v -0.080758 -0.115627 -0.103416
v -0.036351 -0.136165 -0.136662
v -0.052914 -0.127519 -0.130402
v -0.045436 -0.120081 -0.124790
v -0.030390 -0.126633 -0.131005
v -0.083253 -0.120140 -0.081217
v -0.072035 -0.116621 -0.079559
v -0.077306 -0.129899 -0.063269
v -0.067920 -0.124420 -0.062517
v -0.060977 -0.131745 -0.047116
v -0.050745 -0.108580 -0.107463
v -0.039074 -0.112499 -0.117583
v -0.025438 -0.116898 -0.123793
v -0.010868 -0.121301 -0.126594
v -0.018828 -0.142938 -0.138437
v -0.014907 -0.130289 -0.133201
v -0.086756 -0.134542 -0.061357
v -0.059730 -0.117181 -0.059927
v -0.054974 -0.122694 -0.043885
v -0.070616 -0.162461 -0.019867
v -0.086592 -0.152648 -0.036059
v -0.052530 -0.170643 -0.008579
v -0.035757 -0.177408 -0.001863
v -0.022640 -0.154664 -0.142102
v -0.024238 -0.166652 -0.144304
v -0.042449 -0.160345 -0.145389
v -0.043603 -0.147158 -0.142068
v -0.050858 -0.138869 -0.032884
v -0.038823 -0.145111 -0.021125
v -0.028552 -0.160241 -0.015108
v -0.058793 -0.107310 -0.093134
v -0.061309 -0.111222 -0.076172
v -0.046336 -0.128800 -0.030031
v -0.034800 -0.135421 -0.019732
v -0.009067 -0.136034 -0.007585
v -0.031862 -0.169232 -0.010697
v -0.095558 -0.129025 -0.124146
v -0.084265 -0.138657 -0.137195
v -0.076570 -0.136309 -0.135522
v -0.079346 -0.127099 -0.125854
v -0.060388 -0.135710 -0.135990
v -0.007227 -0.128796 -0.004770
v -0.019524 -0.175615 -0.010728
v -0.016556 -0.165349 -0.014746
v -0.022149 -0.184476 -0.001556
v 0.020935 -0.009521 0.055196
v -0.043655 -0.021809 -0.015524
v -0.044643 -0.029436 -0.022977
v -0.043735 -0.041100 -0.015179
v -0.043067 -0.032554 -0.007397
v -0.040953 -0.051888 -0.006972
v -0.041768 -0.041509 -0.001005
v -0.036801 -0.060706 0.002493
v -0.039053 -0.049911 0.006529
v -0.032893 -0.066129 0.012738
v -0.035443 -0.055643 0.015045
v -0.019018 -0.071632 0.035238
v -0.018347 -0.077104 0.031411
v -0.012156 -0.080832 0.039473
v -0.011985 -0.076641 0.043745
v -0.005336 -0.084286 0.046455
v -0.005166 -0.080231 0.050643
v 0.002413 -0.086583 0.050489
v 0.003106 -0.082783 0.054895
v 0.011954 -0.088415 0.052450
v 0.012748 -0.084449 0.056729
v 0.014707 -0.075061 0.059714
v 0.005949 -0.073646 0.058432
v 0.004458 -0.078358 0.057403
v 0.013542 -0.080370 0.058823
v -0.001291 -0.071481 0.054509
v -0.003675 -0.076153 0.053115
v -0.007419 -0.068081 0.048822
v -0.010224 -0.072569 0.046750
v -0.014199 -0.062846 0.041879
v -0.017115 -0.067358 0.038938
v -0.019446 -0.057138 0.037599
v -0.023316 -0.059519 0.033205
v 0.002589 -0.089826 0.043826
v 0.011356 -0.091356 0.046230
v -0.004708 -0.087731 0.040123
v -0.011222 -0.084518 0.034004
v -0.016907 -0.081655 0.026825
v -0.027042 -0.070414 0.022670
v -0.022869 -0.078573 0.018437
v -0.029187 -0.073218 0.009727
v -0.033218 -0.068002 -0.001436
v -0.038810 -0.058687 -0.012511
v -0.042949 -0.046590 -0.022616
v -0.044222 -0.034049 -0.030560
v -0.044391 -0.021378 -0.028483
v 0.000869 -0.067569 0.054630
v 0.007547 -0.069144 0.057974
v -0.004798 -0.064565 0.049927
v -0.011051 -0.059130 0.044135
v -0.016044 -0.053905 0.040534
v -0.018506 -0.041466 0.039792
v -0.018535 -0.047700 0.039498
v -0.014679 -0.030262 0.042349
v -0.016769 -0.035733 0.041003
v -0.021236 -0.022270 0.037158
v -0.024588 -0.030416 0.034015
v -0.020921 -0.033816 0.037741
v -0.018194 -0.026713 0.039898
v -0.023413 -0.015779 0.034128
v -0.027698 -0.025556 0.029882
v 0.002946 -0.092591 0.037854
v 0.010758 -0.094296 0.039112
v -0.003612 -0.090976 0.034379
v -0.009358 -0.088962 0.028610
v -0.013688 -0.087685 0.021687
v -0.018372 -0.085738 0.013961
v -0.022994 -0.082410 0.005078
v -0.028596 -0.077006 -0.005535
v -0.035655 -0.067074 -0.017764
v -0.041516 -0.051794 -0.029025
v -0.042401 -0.038487 -0.037267
v -0.011624 -0.095448 0.009007
v -0.007535 -0.095494 0.015447
v -0.004090 -0.096316 0.021101
v -0.000863 -0.096628 0.025875
v 0.003441 -0.098734 0.025363
v 0.009495 -0.100869 0.024964
v 0.003744 -0.101079 0.017530
v 0.009269 -0.103027 0.018094
v 0.000921 -0.103096 0.012916
v 0.008777 -0.105552 0.014322
v -0.001994 -0.105842 0.009678
v 0.007711 -0.109974 0.010644
v -0.022556 -0.049676 0.036044
v -0.026845 -0.049720 0.031087
v -0.026763 -0.039715 0.031622
v -0.030507 -0.036234 0.026292
v -0.031342 -0.048169 0.024752
v -0.022812 -0.041684 0.036224
v -0.035826 -0.043769 0.017076
v -0.033933 -0.030971 0.020353
v -0.030272 -0.018910 0.025755
v -0.035937 -0.024655 0.015212
v -0.038673 -0.037524 0.009795
v -0.032754 -0.014061 0.021151
v -0.034496 -0.009407 0.016981
v -0.037217 -0.019545 0.010660
v -0.039944 -0.030487 0.004675
v -0.029071 -0.061515 0.025027
v -0.040856 -0.024012 -0.000767
v -0.035948 -0.005154 0.012266
v -0.038172 -0.014207 0.005885
v -0.037248 0.000656 0.006294
v -0.039770 -0.007985 -0.002305
v -0.041969 -0.015891 -0.009198
v -0.043694 -0.013161 -0.024554
v 0.015618 -0.070391 0.059393
v -0.039414 -0.022760 -0.053591
v 0.002313 -0.027160 0.049743
v 0.007859 -0.026384 0.052514
v 0.012842 -0.026604 0.055713
v 0.016834 -0.027082 0.058167
v 0.020624 -0.027923 0.059583
v 0.005207 -0.121111 0.003729
v 0.038337 0.038063 0.049298
v 0.006611 -0.114444 0.007681
v 0.017939 -0.058766 0.044342
v 0.054829 0.121672 -0.028834
v 0.016562 -0.065684 0.058661
v 0.018993 -0.053875 0.046483
v 0.030443 0.000119 0.069939
v 0.017431 -0.061372 0.057665
v 0.019719 -0.050458 0.061288
v 0.021013 -0.044430 0.059679
v 0.045601 0.073609 0.039669
v 0.020500 -0.046845 0.061004
v 0.024538 -0.026512 0.059913
v 0.029662 -0.003887 0.073359
v 0.021291 -0.043049 0.058324
v 0.019131 -0.047034 -0.118086
v 0.018975 -0.054100 0.059735
v 0.020191 -0.047688 0.050843
v 0.021321 -0.042731 0.056651
v 0.021376 -0.043778 0.044220
v 0.024076 -0.029305 0.059849
v 0.033912 0.016530 0.055558
v 0.026954 -0.009049 -0.142079
v 0.033189 0.013544 0.058141
v 0.049966 0.097193 0.021743
v 0.047520 0.083689 0.034063
v 0.031197 0.003833 0.066638
v 0.039944 0.052417 -0.154942
v 0.043360 0.068543 -0.151715
v 0.042071 0.056699 0.045368
v 0.054499 0.120411 -0.092153
v 0.028897 -0.007742 0.075501
v 0.025682 -0.021352 0.065028
v 0.053187 0.113523 -0.003853
v 0.032821 0.018721 -0.152597
v 0.052530 0.111498 -0.116545
v 0.021006 -0.045078 0.059331
v 0.054073 0.117938 -0.015789
v 0.020737 -0.046607 0.056432
v 0.026599 -0.017740 0.072547
v 0.029566 0.003303 -0.148362
v 0.035668 0.032131 -0.154562
v 0.022776 -0.035620 0.060617
v 0.023541 -0.031850 0.059874
v 0.053704 0.116857 -0.104768
v 0.039711 0.044112 0.048754
v 0.022332 -0.038050 0.061462
v 0.035751 0.025243 0.050174
v 0.021920 -0.040460 0.061781
v 0.003992 -0.126494 0.000086
v 0.048334 0.091859 -0.138702
v 0.021462 -0.042743 0.060737
v 0.020941 -0.045864 0.050365
v 0.031966 0.007331 0.063550
v 0.021119 -0.045028 0.047269
v 0.043598 0.063963 0.043005
v 0.025065 -0.024060 0.061168
v 0.025214 -0.023523 0.061726
v 0.035153 0.022772 0.051062
v 0.048768 0.091018 0.028193
v 0.036339 0.027727 0.049904
v 0.024975 -0.024729 0.060635
v 0.046403 0.082888 -0.145160
v 0.055444 0.124811 -0.074779
v 0.055631 0.125696 -0.061532
v 0.034474 0.019471 0.053221
v 0.032689 0.010617 0.060582
v 0.017214 -0.056660 -0.116322
v 0.027474 -0.014371 0.075279
v 0.028101 -0.011534 0.076114
v 0.052146 0.108309 0.006372
v 0.025005 -0.018410 -0.136868
v 0.055489 0.124949 -0.044326
v 0.051066 0.102833 0.014619
v 0.021452 -0.035695 -0.125026
v 0.023457 -0.025956 -0.132537
v 0.026271 -0.018932 0.070805
v 0.036815 0.030989 0.049464
v 0.025904 -0.020382 0.067686
v 0.050957 0.104221 -0.127375
v 0.025448 -0.022513 0.062902
v 0.034533 -0.012326 0.055308
v 0.088674 -0.047916 -0.014503
v 0.085917 -0.054886 -0.022133
v 0.080631 -0.065517 -0.014255
v 0.083922 -0.057751 -0.006366
v 0.074334 -0.074621 -0.006146
v 0.079401 -0.065567 -0.000108
v 0.067186 -0.081182 0.003115
v 0.073685 -0.072297 0.007271
v 0.022335 -0.016830 0.069849
v 0.022975 -0.018660 0.067396
v 0.061722 -0.084866 0.013255
v 0.068242 -0.076302 0.015667
v 0.018597 0.019999 0.034363
v 0.017922 -0.019863 0.057573
v 0.023425 0.002727 0.062685
v 0.019845 0.020009 0.035049
v 0.046896 -0.084603 0.035468
v 0.044164 -0.089320 0.031576
v 0.036863 -0.090158 0.039426
v 0.038327 -0.086377 0.043708
v 0.015563 -0.018957 0.056431
v 0.029323 -0.090912 0.046446
v 0.030759 -0.087288 0.050677
v 0.021404 -0.090332 0.050568
v 0.022299 -0.086685 0.055049
v 0.025179 0.009078 0.057108
v 0.025280 0.018153 0.044264
v 0.023161 -0.077134 0.058765
v 0.022691 -0.082117 0.057686
v 0.024489 0.005781 0.059992
v 0.011049 -0.014530 0.056617
v 0.012105 -0.017675 0.055473
v 0.020879 -0.010582 0.072320
v 0.020531 -0.007690 0.071334
v 0.030640 -0.077953 0.054672
v 0.019659 -0.013395 0.070249
v 0.021995 -0.015601 0.070926
v 0.030874 -0.083091 0.053247
v 0.017119 0.020043 0.034680
v 0.006798 0.023346 0.028844
v 0.021291 -0.012654 0.072208
v 0.023890 -0.015173 0.072849
v 0.014069 0.021515 0.032538
v 0.017787 0.020043 0.034476
v 0.015665 -0.010959 0.065200
v 0.026437 0.016912 0.048586
v 0.037533 -0.077087 0.049013
v 0.038244 -0.082177 0.046884
v 0.045903 -0.074887 0.042312
v 0.046755 -0.080079 0.039321
v 0.012713 -0.011978 0.060828
v 0.053077 -0.071733 0.038323
v 0.055606 -0.075357 0.033838
v 0.020140 -0.093155 0.043779
v 0.016315 0.020306 0.034597
v 0.015761 0.020605 0.034496
v 0.022095 -0.000682 0.065748
v 0.027578 -0.093748 0.039979
v 0.034775 -0.093162 0.033864
v 0.041276 -0.092876 0.026836
v 0.054882 -0.086777 0.023084
v 0.011513 0.022095 0.032855
v 0.022801 -0.020624 0.062524
v 0.017292 -0.012023 0.067625
v 0.018590 -0.012809 0.069107
v 0.022159 -0.021320 0.060666
v 0.047988 -0.092629 0.018612
v 0.055660 -0.089827 0.009936
v 0.022030 0.019421 0.037331
v 0.061044 -0.086266 -0.001135
v 0.026321 0.014624 0.052191
v 0.025882 0.011873 0.055015
v 0.069733 -0.079855 -0.012028
v 0.077629 -0.069977 -0.021983
v 0.023123 -0.019720 0.064935
v 0.083606 -0.058838 -0.029867
v 0.089297 -0.047657 -0.027433
v 0.030261 -0.073494 0.054919
v 0.023569 -0.072356 0.058351
v 0.036588 -0.072900 0.050209
v 0.021017 -0.004252 0.069165
v 0.044467 -0.070318 0.044535
v 0.051296 -0.067513 0.041309
v 0.058461 -0.057096 0.040682
v 0.019860 -0.020351 0.059148
v 0.056016 -0.062805 0.040438
v 0.059281 -0.045284 0.043241
v 0.059041 -0.051134 0.041837
v 0.068482 -0.040434 0.038145
v 0.068228 -0.049158 0.034908
v 0.063598 -0.050925 0.038646
v 0.026995 -0.016269 0.073986
v 0.021679 -0.014313 0.071667
v 0.063974 -0.043371 0.040897
v 0.073137 -0.035238 0.035086
v 0.072982 -0.045871 0.030773
v 0.018822 -0.095510 0.037769
v 0.007916 0.037149 0.039722
v 0.007518 0.034846 0.038334
v 0.025415 -0.096346 0.034252
v 0.031467 -0.096636 0.028485
v 0.035895 -0.097205 0.021666
v 0.040972 -0.097364 0.013985
v 0.046356 -0.095946 0.005123
v 0.053350 -0.092796 -0.005292
v 0.015335 0.038787 0.043424
v 0.032687 0.035394 0.048518
v 0.027468 0.036528 0.047402
v 0.063853 -0.086503 -0.017300
v 0.005620 0.030372 0.037141
v 0.004643 0.028275 0.035897
v 0.007247 0.032754 0.036996
v 0.004955 0.028629 0.037220
v 0.005132 0.029440 0.037554
v 0.074437 -0.074357 -0.028444
v 0.006959 0.031796 0.036603
v 0.079900 -0.061952 -0.036513
v 0.007000 0.031820 0.036608
v 0.030945 -0.103812 0.008882
v 0.010242 0.038884 0.041426
v 0.027278 -0.102243 0.015310
v 0.023914 -0.101623 0.020967
v 0.006399 0.031236 0.036570
v 0.004363 0.027699 0.034202
v 0.020849 -0.100691 0.025743
v 0.003328 0.026067 0.029573
v 0.016014 -0.101137 0.025300
v 0.037573 0.034463 0.049391
v 0.018418 0.048542 0.046172
v -0.011419 0.053847 0.024808
v 0.015008 -0.103290 0.017471
v -0.015585 0.049249 0.021981
v 0.016692 -0.106177 0.012839
v -0.016479 0.012613 0.029192
v -0.018918 0.013987 0.026644
v 0.019910 0.041951 0.046752
v 0.018190 -0.109862 0.009794
v 0.058829 -0.066074 0.036833
v 0.062555 -0.067686 0.031766
v 0.066440 -0.058480 0.032406
v 0.071255 -0.056697 0.027091
v 0.017208 0.068640 0.037933
v 0.022007 0.114646 -0.010519
v 0.017293 0.061380 0.041268
v 0.001748 0.056942 0.035410
v 0.067362 -0.068008 0.025452
v 0.020951 0.110117 -0.001356
v 0.062177 -0.058849 0.037022
v 0.073143 -0.065644 0.017866
v 0.076424 -0.053118 0.021255
v 0.078091 -0.040642 0.026688
v 0.080820 -0.047945 0.016123
v -0.005789 0.056893 0.029230
v 0.078144 -0.060916 0.010721
v -0.022505 0.019671 0.019287
v 0.034198 0.051376 0.047272
v -0.022664 0.025592 0.016359
v 0.082287 -0.037061 0.022199
v 0.026134 0.053012 0.046548
v 0.027560 0.124454 -0.073239
v 0.085776 -0.033297 0.017985
v 0.083960 -0.043679 0.011665
v 0.082119 -0.054792 0.005617
v 0.060267 -0.079359 0.025556
v 0.023493 0.033946 0.044173
v 0.085454 -0.049163 0.000283
v -0.006646 0.011327 0.034583
v -0.009719 0.011502 0.033229
v 0.088702 -0.029901 0.013242
v 0.023692 0.124933 -0.061926
v -0.022030 0.017392 0.021408
v 0.017592 0.086849 0.027411
v 0.026067 0.026599 0.042307
v 0.024851 0.029728 0.042421
v 0.018124 0.093700 0.020713
v 0.086975 -0.038988 0.006841
v 0.092131 -0.025015 0.007230
v 0.090921 -0.033877 -0.001314
v 0.018995 0.099734 0.013729
v 0.089681 -0.041925 -0.008119
v 0.092106 -0.039985 -0.023335
v 0.022509 0.118790 -0.021195
v 0.010619 0.011261 0.038157
v 0.083913 -0.046747 -0.052555
v 0.044728 -0.035839 0.050275
v 0.039930 -0.032988 0.052922
v -0.019027 0.043627 0.019438
v -0.021179 0.037299 0.017833
v 0.022963 0.124358 -0.048025
v 0.000762 0.010928 0.037116
v -0.022069 0.031395 0.016665
v 0.039462 0.124085 -0.081361
v 0.035322 -0.031250 0.056105
v -0.020833 0.015463 0.024020
v 0.031600 -0.030118 0.058615
v 0.027808 -0.029385 0.059934
v 0.009172 0.056273 0.040345
v -0.003158 0.011073 0.035978
v 0.025973 0.023406 0.041792
v 0.015624 0.012601 0.038481
v 0.019592 0.014881 0.038910
v 0.019989 0.105121 0.006580
v 0.022494 0.017328 0.039844
v 0.024916 0.020151 0.041189
v 0.005644 0.010746 0.037997
v 0.017197 0.077687 0.033679
v 0.022951 0.122045 -0.033929
v -0.013171 0.011964 0.031382
v 0.054917 0.122288 -0.084209
v 0.040728 0.050132 0.047354
v 0.023831 0.018733 0.040674
v 0.021597 0.037732 0.045776
v 0.017505 0.054720 0.044268
v 0.018247 -0.057663 0.058216
v -0.004766 -0.036252 0.048280
v -0.006567 -0.037945 0.046907
v -0.007456 -0.043521 0.045074
v 0.003469 -0.032979 0.053282
v -0.001433 -0.034599 0.050363
v 0.000740 -0.051810 0.052541
v -0.007381 -0.039715 0.045955
v 0.006062 -0.054104 0.055684
v -0.008004 -0.041485 0.045220
v 0.011747 -0.055707 0.057348
v 0.023199 -0.033597 0.060277
v 0.014087 -0.031589 0.058768
v 0.018836 -0.032281 0.060223
v 0.008912 -0.031841 0.056262
v -0.005871 -0.046048 0.046148
v -0.003398 -0.049001 0.048773
v 0.030732 -0.018646 0.070001
v 0.029312 -0.019969 0.067490
v 0.048627 0.013916 0.035250
v 0.033295 -0.023040 0.057804
v 0.037452 -0.000067 0.062948
v 0.047425 0.014418 0.035753
v 0.035813 -0.023173 0.056701
v 0.038465 0.006442 0.057379
v 0.041691 0.014837 0.044599
v 0.037736 0.003156 0.060264
v 0.041711 -0.020909 0.056918
v 0.039489 -0.023379 0.055766
v 0.034728 -0.013379 0.072523
v 0.036146 -0.010824 0.071551
v 0.034570 -0.016454 0.070417
v 0.031626 -0.017681 0.071117
v 0.050100 0.013375 0.035769
v 0.061002 0.012359 0.029922
v 0.033541 -0.015174 0.072411
v 0.030247 -0.016603 0.073058
v 0.053511 0.013404 0.033756
v 0.049463 0.013631 0.035499
v 0.038959 -0.015743 0.065385
v 0.040301 0.014141 0.048911
v 0.041247 -0.017882 0.061072
v 0.050984 0.013295 0.035757
v 0.051624 0.013347 0.035719
v 0.037239 -0.003738 0.065986
v 0.056050 0.012796 0.033996
v 0.028554 -0.021732 0.062568
v 0.037092 -0.016066 0.067782
v 0.035671 -0.016291 0.069258
v 0.028839 -0.022634 0.060761
v 0.045113 0.014732 0.037850
v 0.039633 0.011983 0.052499
v 0.039058 0.009275 0.055293
v 0.028662 -0.020787 0.064984
v 0.036964 -0.007455 0.069388
v 0.031327 -0.022694 0.059323
v 0.032494 -0.016596 0.071872
v 0.065785 0.025593 0.040838
v 0.065184 0.023298 0.039576
v 0.059624 0.029847 0.044398
v 0.042370 0.033420 0.048854
v 0.047557 0.032445 0.047925
v 0.064888 0.018521 0.038520
v 0.064703 0.016128 0.036879
v 0.064498 0.021271 0.038321
v 0.064718 0.016513 0.038527
v 0.064922 0.017410 0.038913
v 0.064329 0.020271 0.037980
v 0.064280 0.020319 0.038063
v 0.064356 0.028046 0.042504
v 0.064555 0.019578 0.037962
v 0.064833 0.015665 0.035077
v 0.065232 0.013774 0.030497
v 0.060728 0.040049 0.047113
v 0.089819 0.033760 0.025409
v 0.091665 0.027911 0.022563
v 0.078143 -0.006370 0.030202
v 0.080893 -0.005967 0.027592
v 0.056713 0.034494 0.047691
v 0.069406 0.058287 0.038303
v 0.082257 0.102622 -0.010580
v 0.066592 0.051560 0.041749
v 0.079144 0.041554 0.036093
v 0.081435 0.097971 -0.001367
v 0.085970 0.038690 0.029865
v 0.086651 -0.002037 0.020255
v 0.047240 0.048769 0.047565
v 0.089318 0.003314 0.017411
v 0.055339 0.047180 0.047107
v 0.080972 0.113811 -0.073319
v 0.050090 0.028613 0.044785
v 0.068624 -0.003818 0.035807
v 0.071530 -0.004844 0.034417
v 0.084760 0.112782 -0.062029
v 0.085179 -0.003975 0.022304
v 0.075944 0.075114 0.027515
v 0.044713 0.022983 0.042679
v 0.047086 0.025381 0.042865
v 0.077672 0.081417 0.021011
v 0.079177 0.087447 0.013883
v 0.083443 0.106674 -0.021284
v 0.052425 0.002669 0.038779
v 0.092512 0.021403 0.020053
v 0.092144 0.014700 0.018642
v 0.085226 0.112000 -0.048140
v 0.061557 -0.001481 0.038025
v 0.090933 0.008874 0.017601
v 0.069850 0.117992 -0.081395
v 0.083309 -0.005345 0.024920
v 0.072085 0.043733 0.041029
v 0.065239 -0.002740 0.037095
v 0.043289 0.020044 0.042106
v 0.048238 0.005880 0.039012
v 0.045473 0.009546 0.039384
v 0.080355 0.092908 0.006638
v 0.043799 0.012959 0.040276
v 0.042812 0.016598 0.041506
v 0.056751 0.000301 0.038694
v 0.072909 0.066656 0.033996
v 0.084328 0.109870 -0.034039
v 0.074849 -0.005740 0.032469
v 0.043182 0.014811 0.041051
v 0.053419 0.031267 0.046546
v 0.063906 0.045445 0.044965
v 0.047892 -0.047021 0.048828
v 0.048905 -0.049297 0.047530
v 0.047465 -0.054759 0.045875
v 0.041569 -0.040827 0.053654
v 0.045443 -0.044220 0.050808
v 0.036259 -0.059007 0.052715
v 0.048903 -0.051222 0.046631
v 0.030648 -0.059108 0.055902
v 0.048777 -0.053087 0.046002
v 0.024797 -0.058467 0.057692
v 0.032382 -0.035305 0.059180
v 0.027746 -0.034056 0.060545
v 0.036955 -0.037585 0.056629
v 0.044950 -0.056408 0.046684
v 0.041296 -0.058062 0.048992
v 0.064977 0.012173 0.025021
v 0.003042 0.024486 0.023973
v 0.063098 0.011780 0.037882
v 0.061563 0.012092 0.037406
v 0.060148 0.012379 0.036636
v 0.058960 0.012620 0.035640
v 0.063193 0.012085 0.037881
v 0.061747 0.012692 0.037407
v 0.060415 0.013250 0.036636
v 0.059299 0.013719 0.035639
v 0.063344 0.012368 0.037882
v 0.062045 0.013244 0.037407
v 0.060847 0.014053 0.036636
v 0.059842 0.014730 0.035639
v 0.063547 0.012615 0.037882
v 0.062444 0.013728 0.037407
v 0.061427 0.014755 0.036636
v 0.060573 0.015616 0.035639
v 0.063795 0.012816 0.037881
v 0.062930 0.014124 0.037406
v 0.062132 0.015331 0.036636
v 0.061462 0.016343 0.035640
v 0.064077 0.012967 0.037882
v 0.063483 0.014418 0.037407
v 0.062935 0.015757 0.036636
v 0.062477 0.016880 0.035638
v 0.064382 0.013058 0.037882
v 0.064083 0.014598 0.037406
v 0.063807 0.016019 0.036635
v 0.063576 0.017209 0.035638
v 0.064701 0.013088 0.037881
v 0.064706 0.014658 0.037406
v 0.064712 0.016105 0.036636
v 0.064717 0.017317 0.035637
v 0.065019 0.013056 0.037881
v 0.065330 0.014594 0.037405
v 0.065617 0.016012 0.036634
v 0.065858 0.017201 0.035637
v 0.065323 0.012962 0.037880
v 0.065929 0.014409 0.037405
v 0.066487 0.015744 0.036633
v 0.066954 0.016863 0.035635
v 0.065605 0.012809 0.037880
v 0.066479 0.014111 0.037403
v 0.067287 0.015311 0.036632
v 0.067963 0.016318 0.035634
v 0.065851 0.012606 0.037879
v 0.066962 0.013711 0.037403
v 0.067987 0.014730 0.036631
v 0.068846 0.015585 0.035633
v 0.066052 0.012357 0.037879
v 0.067357 0.013224 0.037402
v 0.068561 0.014024 0.036630
v 0.069572 0.014694 0.035633
v 0.066202 0.012075 0.037878
v 0.067650 0.012670 0.037401
v 0.068986 0.013219 0.036629
v 0.070107 0.013678 0.035631
v 0.066293 0.011769 0.037877
v 0.067829 0.012069 0.037400
v 0.069246 0.012346 0.036627
v 0.070435 0.012577 0.035629
v 0.066323 0.011449 0.037876
v 0.067888 0.011444 0.037399
v 0.069332 0.011439 0.036627
v 0.070542 0.011435 0.035628
v 0.066290 0.011132 0.037876
v 0.067824 0.010820 0.037398
v 0.069239 0.010532 0.036626
v 0.070427 0.010291 0.035629
v 0.066196 0.010826 0.037876
v 0.067640 0.010220 0.037398
v 0.068972 0.009661 0.036625
v 0.070088 0.009193 0.035627
v 0.066045 0.010544 0.037876
v 0.067343 0.009668 0.037398
v 0.068540 0.008860 0.036626
v 0.069545 0.008182 0.035628
v 0.065842 0.010298 0.037876
v 0.066944 0.009184 0.037399
v 0.067961 0.008157 0.036627
v 0.068815 0.007296 0.035629
v 0.065594 0.010096 0.037877
v 0.066459 0.008788 0.037400
v 0.067257 0.007581 0.036628
v 0.067928 0.006568 0.035632
v 0.065312 0.009945 0.037877
v 0.065906 0.008493 0.037401
v 0.066454 0.007154 0.036629
v 0.066913 0.006031 0.035631
v 0.065007 0.009854 0.037878
v 0.065306 0.008313 0.037401
v 0.065583 0.006893 0.036630
v 0.065815 0.005701 0.035633
v 0.064688 0.009823 0.037879
v 0.064684 0.008253 0.037403
v 0.064678 0.006806 0.036632
v 0.064674 0.005593 0.035633
v 0.064371 0.009856 0.037879
v 0.064060 0.008317 0.037403
v 0.063773 0.006898 0.036632
v 0.063533 0.005709 0.035634
v 0.064066 0.009949 0.037880
v 0.063461 0.008501 0.037404
v 0.062904 0.007166 0.036633
v 0.062437 0.006047 0.035635
v 0.063785 0.010102 0.037880
v 0.062910 0.008799 0.037404
v 0.062104 0.007599 0.036633
v 0.061428 0.006592 0.035635
v 0.063539 0.010305 0.037880
v 0.062427 0.009199 0.037405
v 0.061403 0.008179 0.036634
v 0.060544 0.007324 0.035635
v 0.063338 0.010554 0.037880
v 0.062032 0.009686 0.037404
v 0.060828 0.008886 0.036634
v 0.059819 0.008215 0.035637
v 0.063187 0.010836 0.037881
v 0.061739 0.010240 0.037406
v 0.060403 0.009691 0.036634
v 0.059283 0.009231 0.035636
v 0.064695 0.011456 0.038040
v 0.063096 0.011143 0.037881
v 0.061559 0.010842 0.037405
v 0.060142 0.010564 0.036635
v 0.058953 0.010333 0.035638
v 0.063067 0.011462 0.037881
v 0.061499 0.011467 0.037406
v 0.060055 0.011472 0.036636
v 0.058845 0.011476 0.035638
v 0.057803 0.012855 0.034784
v 0.056014 0.013218 0.033329
v 0.054488 0.013528 0.031428
v 0.053354 0.013758 0.029258
v 0.052658 0.013900 0.026903
v 0.052423 0.013948 0.024455
v 0.052660 0.013898 0.022004
v 0.053357 0.013756 0.019649
v 0.054492 0.013525 0.017477
v 0.056019 0.013215 0.015574
v 0.057879 0.012837 0.014012
v 0.060001 0.012406 0.012852
v 0.062304 0.011938 0.012138
v 0.058208 0.014176 0.034783
v 0.056524 0.014881 0.033330
v 0.055088 0.015484 0.031429
v 0.054021 0.015931 0.029259
v 0.053365 0.016207 0.026903
v 0.053144 0.016299 0.024454
v 0.053366 0.016206 0.022004
v 0.054024 0.015929 0.019649
v 0.055092 0.015481 0.017477
v 0.056529 0.014878 0.015574
v 0.058280 0.014144 0.014012
v 0.060276 0.013307 0.012852
v 0.062444 0.012397 0.012138
v 0.058863 0.015392 0.034783
v 0.057348 0.016414 0.033330
v 0.056057 0.017286 0.031429
v 0.055098 0.017932 0.029258
v 0.054508 0.018331 0.026903
v 0.054309 0.018466 0.024453
v 0.054509 0.018331 0.022004
v 0.055101 0.017930 0.019649
v 0.056061 0.017282 0.017477
v 0.057353 0.016410 0.015574
v 0.058927 0.015347 0.014012
v 0.060723 0.014135 0.012852
v 0.062672 0.012820 0.012138
v 0.059741 0.016457 0.034784
v 0.058455 0.017756 0.033331
v 0.057358 0.018863 0.031429
v 0.056544 0.019685 0.029257
v 0.056043 0.020191 0.026903
v 0.055874 0.020362 0.024453
v 0.056044 0.020190 0.022004
v 0.056547 0.019683 0.019648
v 0.057362 0.018859 0.017477
v 0.058459 0.017751 0.015574
v 0.059796 0.016401 0.014012
v 0.061321 0.014861 0.012852
v 0.062977 0.013190 0.012138
v 0.060810 0.017330 0.034784
v 0.059801 0.018854 0.033329
v 0.058941 0.020155 0.031428
v 0.058303 0.021120 0.029257
v 0.057910 0.021715 0.026902
v 0.057778 0.021915 0.024453
v 0.057911 0.021714 0.022003
v 0.058305 0.021118 0.019648
v 0.058944 0.020152 0.017477
v 0.059805 0.018850 0.015574
v 0.060854 0.017265 0.014012
v 0.062050 0.015456 0.012852
v 0.063349 0.013493 0.012138
v 0.062028 0.017976 0.034783
v 0.061336 0.019668 0.033328
v 0.060746 0.021112 0.031427
v 0.060308 0.022185 0.029256
v 0.060039 0.022845 0.026902
v 0.059948 0.023068 0.024453
v 0.060040 0.022844 0.022003
v 0.060310 0.022183 0.019648
v 0.060748 0.021109 0.017477
v 0.061339 0.019665 0.015574
v 0.062059 0.017905 0.014012
v 0.062881 0.015897 0.012852
v 0.063771 0.013718 0.012138
v 0.063349 0.018371 0.034781
v 0.063000 0.020167 0.033327
v 0.062702 0.021699 0.031426
v 0.062482 0.022837 0.029256
v 0.062345 0.023538 0.026902
v 0.062301 0.023774 0.024453
v 0.062346 0.023537 0.022003
v 0.062483 0.022835 0.019648
v 0.062704 0.021696 0.017477
v 0.063002 0.020164 0.015574
v 0.063366 0.018297 0.014012
v 0.063780 0.016167 0.012852
v 0.064230 0.013855 0.012138
v 0.064721 0.018501 0.034780
v 0.064729 0.020330 0.033326
v 0.064735 0.021892 0.031426
v 0.064741 0.023052 0.029255
v 0.064744 0.023766 0.026902
v 0.064745 0.024006 0.024453
v 0.064744 0.023765 0.022004
v 0.064742 0.023050 0.019648
v 0.064737 0.021890 0.017477
v 0.064732 0.020328 0.015574
v 0.064724 0.018426 0.014012
v 0.064716 0.016256 0.012852
v 0.064707 0.013901 0.012138
v 0.066093 0.018361 0.034780
v 0.066456 0.020154 0.033326
v 0.066766 0.021684 0.031425
v 0.066997 0.022821 0.029255
v 0.067139 0.023520 0.026901
v 0.067188 0.023757 0.024454
v 0.067140 0.023519 0.022003
v 0.066998 0.022819 0.019648
v 0.066768 0.021682 0.017477
v 0.066458 0.020151 0.015574
v 0.066081 0.018287 0.014012
v 0.065651 0.016161 0.012852
v 0.065184 0.013852 0.012138
v 0.067411 0.017955 0.034779
v 0.068115 0.019643 0.033325
v 0.068718 0.021083 0.031424
v 0.069165 0.022153 0.029254
v 0.069441 0.022812 0.026901
v 0.069534 0.023033 0.024452
v 0.069441 0.022811 0.022003
v 0.069166 0.022152 0.019648
v 0.068719 0.021081 0.017476
v 0.068117 0.019640 0.015574
v 0.067385 0.017885 0.014012
v 0.066549 0.015884 0.012851
v 0.065641 0.013711 0.012138
v 0.068624 0.017299 0.034778
v 0.069645 0.018817 0.033324
v 0.070515 0.020111 0.031423
v 0.071162 0.021074 0.029254
v 0.071561 0.021666 0.026900
v 0.071696 0.021866 0.024451
v 0.071561 0.021666 0.022002
v 0.071162 0.021072 0.019647
v 0.070516 0.020110 0.017476
v 0.069646 0.018815 0.015574
v 0.068585 0.017237 0.014012
v 0.067376 0.015436 0.012851
v 0.066063 0.013483 0.012138
v 0.069686 0.016419 0.034778
v 0.070983 0.017708 0.033324
v 0.072089 0.018808 0.031423
v 0.072910 0.019625 0.029253
v 0.073416 0.020128 0.026899
v 0.073587 0.020298 0.024450
v 0.073416 0.020128 0.022002
v 0.072911 0.019624 0.019647
v 0.072089 0.018806 0.017476
v 0.070984 0.017706 0.015573
v 0.069637 0.016366 0.014012
v 0.068099 0.014837 0.012851
v 0.066433 0.013178 0.012138
v 0.070557 0.015348 0.034777
v 0.072079 0.016359 0.033323
v 0.073378 0.017222 0.031423
v 0.074343 0.017862 0.029252
v 0.074937 0.018256 0.026898
v 0.075138 0.018389 0.024450
v 0.074937 0.018256 0.022001
v 0.074343 0.017861 0.019647
v 0.073378 0.017220 0.017475
v 0.072080 0.016357 0.015573
v 0.070498 0.015306 0.014011
v 0.068694 0.014107 0.012851
v 0.066734 0.012805 0.012138
v 0.071202 0.014128 0.034776
v 0.072893 0.014822 0.033323
v 0.074333 0.015414 0.031422
v 0.075405 0.015854 0.029252
v 0.076065 0.016124 0.026898
v 0.076288 0.016215 0.024450
v 0.076065 0.016123 0.022001
v 0.075405 0.015852 0.019646
v 0.074334 0.015412 0.017475
v 0.072893 0.014820 0.015573
v 0.071137 0.014098 0.014011
v 0.069133 0.013274 0.012851
v 0.066959 0.012381 0.012138
v 0.071595 0.012805 0.034774
v 0.073389 0.013155 0.033321
v 0.074919 0.013454 0.031422
v 0.076057 0.013675 0.029253
v 0.076756 0.013812 0.026899
v 0.076993 0.013857 0.024450
v 0.076756 0.013812 0.022001
v 0.076056 0.013674 0.019646
v 0.074919 0.013452 0.017475
v 0.073390 0.013153 0.015573
v 0.071528 0.012788 0.014011
v 0.069402 0.012373 0.012851
v 0.067096 0.011922 0.012138
v 0.071725 0.011430 0.034773
v 0.073554 0.011422 0.033322
v 0.075113 0.011416 0.031422
v 0.076272 0.011411 0.029254
v 0.076984 0.011409 0.026899
v 0.077224 0.011408 0.024451
v 0.076983 0.011409 0.022001
v 0.076270 0.011411 0.019646
v 0.075112 0.011415 0.017475
v 0.073554 0.011420 0.015573
v 0.071656 0.011428 0.014011
v 0.069491 0.011435 0.012851
v 0.067141 0.011443 0.012138
v 0.071587 0.010055 0.034774
v 0.073378 0.009691 0.033322
v 0.074907 0.009380 0.031423
v 0.076042 0.009150 0.029254
v 0.076740 0.009008 0.026899
v 0.076976 0.008961 0.024452
v 0.076738 0.009008 0.022002
v 0.076039 0.009150 0.019646
v 0.074905 0.009380 0.017475
v 0.073377 0.009690 0.015573
v 0.071518 0.010067 0.014011
v 0.069396 0.010498 0.012851
v 0.067093 0.010966 0.012137
v 0.071180 0.008735 0.034773
v 0.072868 0.008028 0.033322
v 0.074307 0.007424 0.031423
v 0.075376 0.006977 0.029254
v 0.076033 0.006701 0.026899
v 0.076253 0.006608 0.024450
v 0.076031 0.006701 0.022001
v 0.075373 0.006977 0.019646
v 0.074304 0.007424 0.017475
v 0.072867 0.008027 0.015573
v 0.071116 0.008760 0.014011
v 0.069120 0.009598 0.012851
v 0.066952 0.010507 0.012137
v 0.070526 0.007519 0.034773
v 0.072043 0.006496 0.033322
v 0.073336 0.005623 0.031422
v 0.074298 0.004975 0.029254
v 0.074889 0.004576 0.026899
v 0.075087 0.004441 0.024449
v 0.074888 0.004576 0.022001
v 0.074296 0.004975 0.019646
v 0.073335 0.005623 0.017474
v 0.072043 0.006494 0.015572
v 0.070469 0.007557 0.014011
v 0.068673 0.008769 0.012851
v 0.066724 0.010084 0.012137
v 0.069650 0.006454 0.034775
v 0.070937 0.005154 0.033323
v 0.072034 0.004047 0.031422
v 0.072850 0.003223 0.029253
v 0.073353 0.002717 0.026898
v 0.073522 0.002545 0.024449
v 0.073352 0.002717 0.022000
v 0.072850 0.003223 0.019645
v 0.072034 0.004046 0.017474
v 0.070937 0.005153 0.015572
v 0.069600 0.006503 0.014011
v 0.068075 0.008044 0.012851
v 0.066419 0.009714 0.012137
v 0.068581 0.005581 0.034776
v 0.069590 0.004056 0.033322
v 0.070451 0.002754 0.031421
v 0.071091 0.001788 0.029252
v 0.071484 0.001193 0.026897
v 0.071618 0.000991 0.024449
v 0.071484 0.001192 0.022000
v 0.071091 0.001787 0.019645
v 0.070451 0.002754 0.017474
v 0.069591 0.004055 0.015572
v 0.068542 0.005639 0.014011
v 0.067346 0.007448 0.012851
v 0.066048 0.009412 0.012137
v 0.067363 0.004935 0.034776
v 0.068056 0.003241 0.033322
v 0.068647 0.001797 0.031421
v 0.069086 0.000724 0.029252
v 0.069356 0.000063 0.026897
v 0.069448 -0.000161 0.024449
v 0.069356 0.000062 0.022000
v 0.069086 0.000723 0.019645
v 0.068647 0.001796 0.017474
v 0.068057 0.003240 0.015572
v 0.067337 0.005000 0.014011
v 0.066515 0.007008 0.012851
v 0.065625 0.009186 0.012137
v 0.064698 0.011452 0.011896
v 0.066042 0.004540 0.034775
v 0.066392 0.002743 0.033322
v 0.066691 0.001210 0.031421
v 0.066912 0.000072 0.029253
v 0.067050 -0.000630 0.026898
v 0.067096 -0.000867 0.024449
v 0.067050 -0.000630 0.022000
v 0.066913 0.000071 0.019646
v 0.066692 0.001209 0.017474
v 0.066394 0.002741 0.015572
v 0.066030 0.004608 0.014011
v 0.065616 0.006738 0.012851
v 0.065166 0.009049 0.012137
v 0.064670 0.004409 0.034776
v 0.064663 0.002579 0.033323
v 0.064658 0.001017 0.031422
v 0.064654 -0.000143 0.029253
v 0.064652 -0.000857 0.026898
v 0.064651 -0.001098 0.024450
v 0.064652 -0.000858 0.022001
v 0.064654 -0.000144 0.019646
v 0.064659 0.001016 0.017475
v 0.064664 0.002577 0.015573
v 0.064672 0.004479 0.014011
v 0.064680 0.006648 0.012851
v 0.064689 0.009004 0.012137
v 0.063299 0.004549 0.034778
v 0.062936 0.002755 0.033323
v 0.062627 0.001225 0.031422
v 0.062398 0.000088 0.029253
v 0.062256 -0.000612 0.026898
v 0.062209 -0.000848 0.024452
v 0.062257 -0.000612 0.022001
v 0.062398 0.000087 0.019646
v 0.062628 0.001223 0.017475
v 0.062938 0.002754 0.015573
v 0.063315 0.004617 0.014011
v 0.063746 0.006745 0.012851
v 0.064213 0.009052 0.012138
v 0.061981 0.004955 0.034778
v 0.061277 0.003266 0.033323
v 0.060676 0.001826 0.031423
v 0.060230 0.000755 0.029253
v 0.059955 0.000096 0.026899
v 0.059862 -0.000125 0.024450
v 0.059955 0.000096 0.022001
v 0.060230 0.000754 0.019646
v 0.060677 0.001825 0.017475
v 0.061279 0.003265 0.015573
v 0.062011 0.005019 0.014011
v 0.062847 0.007020 0.012851
v 0.063755 0.009193 0.012137
v 0.060768 0.005611 0.034778
v 0.059748 0.004092 0.033324
v 0.058879 0.002797 0.031423
v 0.058233 0.001835 0.029254
v 0.057834 0.001242 0.026899
v 0.057701 0.001041 0.024450
v 0.057835 0.001241 0.022001
v 0.058234 0.001834 0.019646
v 0.058880 0.002796 0.017475
v 0.059750 0.004090 0.015573
v 0.060811 0.005668 0.014011
v 0.062020 0.007468 0.012851
v 0.063333 0.009421 0.012138
v 0.059706 0.006490 0.034779
v 0.058410 0.005200 0.033325
v 0.057305 0.004101 0.031424
v 0.056484 0.003283 0.029254
v 0.055979 0.002779 0.026899
v 0.055808 0.002609 0.024450
v 0.055980 0.002779 0.022001
v 0.056485 0.003282 0.019646
v 0.057307 0.004099 0.017475
v 0.058412 0.005199 0.015573
v 0.059759 0.006539 0.014011
v 0.061296 0.008067 0.012851
v 0.062964 0.009727 0.012138
v 0.058835 0.007561 0.034780
v 0.057314 0.006549 0.033326
v 0.056016 0.005687 0.031424
v 0.055052 0.005046 0.029255
v 0.054459 0.004651 0.026899
v 0.054258 0.004517 0.024451
v 0.054459 0.004650 0.022002
v 0.055053 0.005044 0.019647
v 0.056017 0.005685 0.017476
v 0.057316 0.006548 0.015573
v 0.058898 0.007598 0.014011
v 0.060702 0.008797 0.012851
v 0.062662 0.010099 0.012138
v 0.058189 0.008781 0.034780
v 0.056501 0.008087 0.033326
v 0.055060 0.007494 0.031424
v 0.053990 0.007054 0.029255
v 0.053331 0.006784 0.026900
v 0.053108 0.006691 0.024451
v 0.053332 0.006783 0.022002
v 0.053991 0.007053 0.019647
v 0.055062 0.007493 0.017476
v 0.056503 0.008085 0.015574
v 0.058259 0.008806 0.014012
v 0.060263 0.009630 0.012851
v 0.062437 0.010523 0.012138
v 0.057795 0.010105 0.034781
v 0.056002 0.009754 0.033327
v 0.054475 0.009455 0.031425
v 0.053339 0.009233 0.029256
v 0.052640 0.009095 0.026901
v 0.052404 0.009050 0.024452
v 0.052641 0.009094 0.022003
v 0.053341 0.009231 0.019648
v 0.054477 0.009453 0.017476
v 0.056006 0.009751 0.015574
v 0.057869 0.010116 0.014012
v 0.059994 0.010532 0.012852
v 0.062300 0.010983 0.012138
v 0.057663 0.011480 0.034782
v 0.055838 0.011487 0.033328
v 0.054281 0.011492 0.031426
v 0.053124 0.011497 0.029257
v 0.052413 0.011499 0.026902
v 0.052174 0.011499 0.024453
v 0.052414 0.011498 0.022004
v 0.053127 0.011495 0.019648
v 0.054284 0.011490 0.017476
v 0.055843 0.011484 0.015574
v 0.057740 0.011477 0.014012
v 0.059905 0.011469 0.012852
v 0.062255 0.011461 0.012138
v 0.001207 0.024423 0.036800
v -0.000328 0.024734 0.036322
v -0.001742 0.025021 0.035549
v -0.002929 0.025262 0.034551
v 0.001301 0.024728 0.036800
v -0.000144 0.025335 0.036323
v -0.001476 0.025893 0.035550
v -0.002592 0.026361 0.034551
v 0.001452 0.025011 0.036801
v 0.000153 0.025886 0.036324
v -0.001044 0.026695 0.035551
v -0.002049 0.027372 0.034552
v 0.001655 0.025257 0.036801
v 0.000552 0.026370 0.036325
v -0.000465 0.027397 0.035552
v -0.001318 0.028257 0.034554
v 0.001903 0.025459 0.036802
v 0.001038 0.026766 0.036325
v 0.000239 0.027973 0.035553
v -0.000431 0.028985 0.034556
v 0.002184 0.025609 0.036802
v 0.001590 0.027061 0.036326
v 0.001043 0.028400 0.035554
v 0.000584 0.029522 0.034556
v 0.002490 0.025701 0.036803
v 0.002191 0.027241 0.036326
v 0.001914 0.028661 0.035555
v 0.001682 0.029852 0.034557
v 0.002809 0.025731 0.036803
v 0.002814 0.027301 0.036328
v 0.002819 0.028748 0.035556
v 0.002823 0.029960 0.034558
v 0.003126 0.025699 0.036803
v 0.003437 0.027237 0.036327
v 0.003724 0.028655 0.035556
v 0.003965 0.029845 0.034559
v 0.003431 0.025605 0.036804
v 0.004036 0.027053 0.036329
v 0.004594 0.028388 0.035558
v 0.005061 0.029506 0.034559
v 0.003713 0.025453 0.036804
v 0.004587 0.026755 0.036328
v 0.005394 0.027955 0.035557
v 0.006070 0.028962 0.034560
v 0.003959 0.025249 0.036804
v 0.005070 0.026355 0.036329
v 0.006095 0.027375 0.035558
v 0.006954 0.028230 0.034560
v 0.004160 0.025001 0.036804
v 0.005465 0.025868 0.036328
v 0.006670 0.026668 0.035558
v 0.007680 0.027339 0.034562
v 0.004310 0.024718 0.036804
v 0.005759 0.025314 0.036329
v 0.007095 0.025863 0.035558
v 0.008216 0.026323 0.034560
v 0.004401 0.024412 0.036804
v 0.005938 0.024712 0.036328
v 0.007355 0.024990 0.035557
v 0.008544 0.025222 0.034560
v 0.004431 0.024093 0.036803
v 0.005997 0.024088 0.036328
v 0.007441 0.024082 0.035557
v 0.008652 0.024078 0.034559
v 0.004398 0.023775 0.036804
v 0.005933 0.023463 0.036328
v 0.007349 0.023176 0.035557
v 0.008536 0.022934 0.034560
v 0.004305 0.023469 0.036803
v 0.005749 0.022862 0.036328
v 0.007081 0.022304 0.035557
v 0.008198 0.021836 0.034559
v 0.004153 0.023187 0.036803
v 0.005452 0.022310 0.036327
v 0.006649 0.021502 0.035556
v 0.007654 0.020825 0.034559
v 0.003950 0.022940 0.036803
v 0.005052 0.021826 0.036328
v 0.006069 0.020799 0.035556
v 0.006922 0.019939 0.034558
v 0.003701 0.022739 0.036803
v 0.004566 0.021430 0.036327
v 0.005364 0.020223 0.035556
v 0.006033 0.019212 0.034559
v 0.003420 0.022588 0.036803
v 0.004013 0.021136 0.036328
v 0.004561 0.019797 0.035556
v 0.005019 0.018674 0.034558
v 0.003114 0.022496 0.036803
v 0.003413 0.020956 0.036327
v 0.003689 0.019535 0.035556
v 0.003920 0.018344 0.034557
v 0.002795 0.022466 0.036803
v 0.002790 0.020896 0.036327
v 0.002784 0.019449 0.035556
v 0.002779 0.018236 0.034557
v 0.002478 0.022499 0.036802
v 0.002167 0.020960 0.036326
v 0.001879 0.019541 0.035555
v 0.001638 0.018352 0.034557
v 0.002173 0.022592 0.036802
v 0.001567 0.021144 0.036326
v 0.001010 0.019809 0.035555
v 0.000542 0.018690 0.034556
v 0.001892 0.022745 0.036802
v 0.001017 0.021443 0.036325
v 0.000210 0.020242 0.035553
v -0.000467 0.019235 0.034556
v 0.001646 0.022948 0.036801
v 0.000534 0.021843 0.036324
v -0.000491 0.020823 0.035552
v -0.001350 0.019968 0.034554
v 0.001445 0.023197 0.036801
v 0.000140 0.022330 0.036323
v -0.001064 0.021529 0.035551
v -0.002075 0.020858 0.034554
v 0.001295 0.023479 0.036800
v -0.000153 0.022884 0.036322
v -0.001489 0.022335 0.035550
v -0.002610 0.021875 0.034552
v 0.002802 0.024099 0.036963
v 0.001204 0.023786 0.036800
v -0.000332 0.023485 0.036322
v -0.001749 0.023208 0.035549
v -0.002937 0.022976 0.034550
v 0.001175 0.024105 0.036800
v -0.000391 0.024110 0.036322
v -0.001835 0.024115 0.035548
v -0.003045 0.024119 0.034549
v -0.004088 0.025497 0.033695
v -0.005880 0.025861 0.032242
v -0.007410 0.026171 0.030344
v -0.008546 0.026402 0.028176
v -0.009244 0.026543 0.025821
v -0.009479 0.026591 0.023374
v -0.009241 0.026542 0.020923
v -0.008543 0.026400 0.018568
v -0.007408 0.026169 0.016397
v -0.005881 0.025859 0.014494
v -0.004021 0.025481 0.012933
v -0.001899 0.025050 0.011772
v 0.000404 0.024583 0.011059
v -0.003683 0.026818 0.033695
v -0.005369 0.027523 0.032243
v -0.006809 0.028127 0.030344
v -0.007879 0.028575 0.028176
v -0.008536 0.028850 0.025821
v -0.008756 0.028943 0.023373
v -0.008534 0.028849 0.020923
v -0.007876 0.028573 0.018568
v -0.006808 0.028125 0.016397
v -0.005371 0.027522 0.014495
v -0.003620 0.026788 0.012933
v -0.001623 0.025951 0.011772
v 0.000545 0.025041 0.011059
v -0.003029 0.028033 0.033696
v -0.004545 0.029056 0.032244
v -0.005839 0.029928 0.030345
v -0.006800 0.030576 0.028175
v -0.007391 0.030975 0.025821
v -0.007591 0.031109 0.023372
v -0.007391 0.030974 0.020923
v -0.006799 0.030574 0.018568
v -0.005839 0.029926 0.016397
v -0.004547 0.029054 0.014495
v -0.002973 0.027991 0.012933
v -0.001177 0.026779 0.011773
v 0.000772 0.025464 0.011059
v -0.002152 0.029099 0.033699
v -0.003440 0.030398 0.032246
v -0.004537 0.031505 0.030345
v -0.005353 0.032328 0.028175
v -0.005856 0.032834 0.025820
v -0.006025 0.033005 0.023372
v -0.005855 0.032833 0.020923
v -0.005353 0.032326 0.018568
v -0.004537 0.031503 0.016397
v -0.003441 0.030395 0.014495
v -0.002104 0.029045 0.012933
v -0.000578 0.027505 0.011773
v 0.001077 0.025834 0.011059
v -0.001084 0.029972 0.033700
v -0.002093 0.031496 0.032246
v -0.002954 0.032797 0.030345
v -0.003594 0.033764 0.028175
v -0.003987 0.034358 0.025821
v -0.004120 0.034559 0.023372
v -0.003987 0.034358 0.020923
v -0.003594 0.033762 0.018568
v -0.002955 0.032796 0.016397
v -0.002094 0.031494 0.014495
v -0.001046 0.029909 0.012933
v 0.000150 0.028100 0.011773
v 0.001449 0.026137 0.011059
v 0.000134 0.030618 0.033701
v -0.000559 0.032311 0.032247
v -0.001150 0.033755 0.030346
v -0.001589 0.034828 0.028175
v -0.001858 0.035489 0.025821
v -0.001951 0.035712 0.023372
v -0.001859 0.035488 0.020923
v -0.001589 0.034827 0.018569
v -0.001151 0.033753 0.016397
v -0.000560 0.032309 0.014495
v 0.000159 0.030549 0.012933
v 0.000981 0.028541 0.011773
v 0.001871 0.026362 0.011059
v 0.001455 0.031013 0.033700
v 0.001105 0.032810 0.032247
v 0.000806 0.034342 0.030346
v 0.000585 0.035480 0.028176
v 0.000448 0.036182 0.025822
v 0.000402 0.036418 0.023373
v 0.000448 0.036181 0.020924
v 0.000584 0.035479 0.018569
v 0.000805 0.034340 0.016397
v 0.001103 0.032808 0.014495
v 0.001467 0.030941 0.012933
v 0.001881 0.028811 0.011773
v 0.002330 0.026499 0.011059
v 0.002827 0.031144 0.033701
v 0.002835 0.032974 0.032247
v 0.002840 0.034535 0.030346
v 0.002845 0.035695 0.028176
v 0.002847 0.036410 0.025822
v 0.002847 0.036650 0.023374
v 0.002846 0.036409 0.020925
v 0.002843 0.035694 0.018569
v 0.002838 0.034534 0.016398
v 0.002832 0.032972 0.014496
v 0.002824 0.031070 0.012934
v 0.002816 0.028900 0.011773
v 0.002808 0.026545 0.011059
v 0.004199 0.031004 0.033702
v 0.004562 0.032797 0.032248
v 0.004871 0.034328 0.030347
v 0.005101 0.035465 0.028177
v 0.005242 0.036164 0.025823
v 0.005290 0.036401 0.023376
v 0.005241 0.036163 0.020925
v 0.005099 0.035464 0.018570
v 0.004869 0.034326 0.016398
v 0.004559 0.032795 0.014496
v 0.004182 0.030931 0.012934
v 0.003751 0.028805 0.011773
v 0.003284 0.026496 0.011059
v 0.005517 0.030599 0.033703
v 0.006221 0.032287 0.032248
v 0.006823 0.033727 0.030348
v 0.007269 0.034797 0.028177
v 0.007544 0.035456 0.025823
v 0.007636 0.035678 0.023375
v 0.007543 0.035455 0.020925
v 0.007267 0.034796 0.018570
v 0.006821 0.033725 0.016398
v 0.006218 0.032284 0.014496
v 0.005486 0.030529 0.012934
v 0.004650 0.028528 0.011773
v 0.003742 0.026355 0.011059
v 0.006731 0.029943 0.033703
v 0.007751 0.031461 0.032249
v 0.008621 0.032756 0.030349
v 0.009266 0.033718 0.028178
v 0.009665 0.034311 0.025824
v 0.009798 0.034510 0.023374
v 0.009664 0.034310 0.020925
v 0.009264 0.033717 0.018570
v 0.008618 0.032754 0.016398
v 0.007747 0.031459 0.014496
v 0.006686 0.029881 0.012934
v 0.005476 0.028081 0.011773
v 0.004164 0.026127 0.011059
v 0.007794 0.029064 0.033705
v 0.009090 0.030353 0.032251
v 0.010195 0.031453 0.030349
v 0.011016 0.032270 0.028178
v 0.011520 0.032773 0.025824
v 0.011690 0.032943 0.023374
v 0.011518 0.032772 0.020925
v 0.011012 0.032268 0.018570
v 0.010191 0.031451 0.016399
v 0.009085 0.030351 0.014496
v 0.007738 0.029010 0.012934
v 0.006200 0.027481 0.011773
v 0.004533 0.025822 0.011059
v 0.008665 0.027994 0.033706
v 0.010187 0.029005 0.032252
v 0.011485 0.029867 0.030350
v 0.012449 0.030507 0.028179
v 0.013041 0.030902 0.025824
v 0.013241 0.031034 0.023375
v 0.013039 0.030901 0.020925
v 0.012445 0.030506 0.018570
v 0.011480 0.029865 0.016399
v 0.010181 0.029002 0.014496
v 0.008599 0.027951 0.012934
v 0.006794 0.026751 0.011773
v 0.004835 0.025449 0.011059
v 0.009311 0.026773 0.033706
v 0.011001 0.027468 0.032253
v 0.012442 0.028060 0.030351
v 0.013511 0.028499 0.028180
v 0.014169 0.028769 0.025825
v 0.014391 0.028861 0.023375
v 0.014167 0.028768 0.020925
v 0.013507 0.028497 0.018570
v 0.012435 0.028057 0.016399
v 0.010994 0.027465 0.014496
v 0.009238 0.026743 0.012934
v 0.007234 0.025919 0.011773
v 0.005060 0.025026 0.011059
v 0.009704 0.025449 0.033704
v 0.011498 0.025800 0.032252
v 0.013027 0.026099 0.030351
v 0.014162 0.026321 0.028180
v 0.014860 0.026458 0.025825
v 0.015095 0.026503 0.023375
v 0.014858 0.026457 0.020926
v 0.014157 0.026319 0.018570
v 0.013020 0.026097 0.016399
v 0.011491 0.025798 0.014496
v 0.009628 0.025433 0.012934
v 0.007503 0.025017 0.011773
v 0.005196 0.024566 0.011059
v 0.009834 0.024074 0.033704
v 0.011660 0.024067 0.032251
v 0.013219 0.024062 0.030351
v 0.014376 0.024057 0.028180
v 0.015087 0.024055 0.025825
v 0.015326 0.024054 0.023375
v 0.015085 0.024054 0.020926
v 0.014371 0.024056 0.018570
v 0.013213 0.024060 0.016399
v 0.011654 0.024065 0.014496
v 0.009756 0.024072 0.012934
v 0.007592 0.024079 0.011773
v 0.005242 0.024088 0.011059
v 0.009694 0.022699 0.033704
v 0.011483 0.022336 0.032250
v 0.013010 0.022026 0.030349
v 0.014144 0.021795 0.028180
v 0.014841 0.021654 0.025824
v 0.015076 0.021606 0.023376
v 0.014838 0.021653 0.020926
v 0.014140 0.021795 0.018570
v 0.013005 0.022025 0.016398
v 0.011478 0.022334 0.014496
v 0.009618 0.022712 0.012934
v 0.007496 0.023143 0.011773
v 0.005193 0.023610 0.011059
v 0.009288 0.021379 0.033703
v 0.010972 0.020673 0.032249
v 0.012408 0.020070 0.030348
v 0.013477 0.019623 0.028179
v 0.014133 0.019347 0.025824
v 0.014353 0.019254 0.023375
v 0.014131 0.019346 0.020925
v 0.013474 0.019622 0.018570
v 0.012405 0.020069 0.016398
v 0.010968 0.020672 0.014496
v 0.009217 0.021405 0.012934
v 0.007220 0.022242 0.011773
v 0.005052 0.023151 0.011059
v 0.008632 0.020163 0.033702
v 0.010147 0.019140 0.032248
v 0.011438 0.018269 0.030347
v 0.012398 0.017621 0.028178
v 0.012989 0.017221 0.025823
v 0.013188 0.017087 0.023374
v 0.012988 0.017221 0.020924
v 0.012396 0.017620 0.018569
v 0.011435 0.018268 0.016398
v 0.010144 0.019139 0.014495
v 0.008570 0.020202 0.012933
v 0.006773 0.021413 0.011773
v 0.004824 0.022729 0.011059
v 0.007754 0.019098 0.033702
v 0.009040 0.017799 0.032248
v 0.010137 0.016692 0.030346
v 0.010952 0.015869 0.028177
v 0.011454 0.015362 0.025822
v 0.011623 0.015190 0.023373
v 0.011453 0.015362 0.020924
v 0.010950 0.015868 0.018569
v 0.010134 0.016691 0.016397
v 0.009037 0.017798 0.014495
v 0.007700 0.019147 0.012933
v 0.006175 0.020688 0.011773
v 0.004520 0.022358 0.011059
v 0.006686 0.018225 0.033702
v 0.007693 0.016700 0.032247
v 0.008554 0.015399 0.030346
v 0.009193 0.014433 0.028176
v 0.009586 0.013838 0.025821
v 0.009718 0.013636 0.023372
v 0.009585 0.013837 0.020923
v 0.009191 0.014432 0.018568
v 0.008552 0.015398 0.016397
v 0.007691 0.016699 0.014495
v 0.006643 0.018284 0.012933
v 0.005447 0.020092 0.011773
v 0.004148 0.022056 0.011059
v 0.005467 0.017578 0.033701
v 0.006159 0.015885 0.032247
v 0.006750 0.014441 0.030345
v 0.007188 0.013368 0.028176
v 0.007457 0.012707 0.025821
v 0.007549 0.012484 0.023372
v 0.007457 0.012707 0.020923
v 0.007187 0.013368 0.018568
v 0.006748 0.014440 0.016397
v 0.006157 0.015884 0.014495
v 0.005437 0.017644 0.012933
v 0.004616 0.019652 0.011773
v 0.003725 0.021830 0.011059
v 0.002798 0.024097 0.010818
v 0.004147 0.017183 0.033700
v 0.004496 0.015386 0.032246
v 0.004794 0.013854 0.030345
v 0.005014 0.012716 0.028176
v 0.005151 0.012014 0.025821
v 0.005197 0.011778 0.023372
v 0.005151 0.012014 0.020923
v 0.005013 0.012715 0.018568
v 0.004792 0.013853 0.016397
v 0.004494 0.015385 0.014495
v 0.004130 0.017252 0.012933
v 0.003716 0.019382 0.011773
v 0.003266 0.021693 0.011059
v 0.002774 0.017052 0.033700
v 0.002766 0.015223 0.032246
v 0.002761 0.013661 0.030345
v 0.002756 0.012501 0.028175
v 0.002753 0.011787 0.025821
v 0.002752 0.011546 0.023372
v 0.002752 0.011786 0.020923
v 0.002755 0.012500 0.018568
v 0.002760 0.013660 0.016397
v 0.002765 0.015221 0.014495
v 0.002772 0.017123 0.012933
v 0.002780 0.019292 0.011772
v 0.002789 0.021648 0.011059
v 0.001403 0.017192 0.033700
v 0.001040 0.015399 0.032246
v 0.000730 0.013869 0.030344
v 0.000499 0.012732 0.028175
v 0.000358 0.012032 0.025820
v 0.000309 0.011796 0.023373
v 0.000357 0.012032 0.020923
v 0.000498 0.012731 0.018568
v 0.000728 0.013868 0.016397
v 0.001038 0.015398 0.014494
v 0.001415 0.017262 0.012933
v 0.001846 0.019389 0.011772
v 0.002313 0.021696 0.011059
v 0.000085 0.017598 0.033699
v -0.000619 0.015910 0.032245
v -0.001222 0.014470 0.030344
v -0.001669 0.013399 0.028175
v -0.001944 0.012740 0.025820
v -0.002038 0.012518 0.023371
v -0.001945 0.012740 0.020923
v -0.001669 0.013398 0.018568
v -0.001223 0.014469 0.016396
v -0.000621 0.015909 0.014494
v 0.000111 0.017664 0.012933
v 0.000947 0.019665 0.011772
v 0.001855 0.021837 0.011059
v -0.001127 0.018254 0.033698
v -0.002148 0.016735 0.032245
v -0.003019 0.015440 0.030344
v -0.003666 0.014478 0.028175
v -0.004065 0.013885 0.025820
v -0.004198 0.013685 0.023371
v -0.004065 0.013885 0.020922
v -0.003666 0.014478 0.018567
v -0.003020 0.015440 0.016396
v -0.002150 0.016734 0.014494
v -0.001089 0.018312 0.012932
v 0.000120 0.020112 0.011772
v 0.001433 0.022065 0.011059
v -0.002190 0.019133 0.033699
v -0.003487 0.017844 0.032245
v -0.004593 0.016744 0.030344
v -0.005414 0.015927 0.028174
v -0.005920 0.015423 0.025819
v -0.006091 0.015253 0.023371
v -0.005920 0.015423 0.020922
v -0.005415 0.015926 0.018567
v -0.004593 0.016743 0.016396
v -0.003488 0.017842 0.014494
v -0.002141 0.019183 0.012932
v -0.000603 0.020711 0.011772
v 0.001064 0.022371 0.011059
v -0.003061 0.020204 0.033698
v -0.004583 0.019192 0.032244
v -0.005882 0.018330 0.030344
v -0.006847 0.017689 0.028174
v -0.007441 0.017294 0.025819
v -0.007642 0.017161 0.023370
v -0.007441 0.017294 0.020922
v -0.006847 0.017688 0.018567
v -0.005883 0.018329 0.016396
v -0.004584 0.019191 0.014494
v -0.003002 0.020242 0.012932
v -0.001198 0.021441 0.011772
v 0.000762 0.022743 0.011059
v -0.003705 0.021424 0.033697
v -0.005397 0.020730 0.032244
v -0.006838 0.020137 0.030344
v -0.007910 0.019697 0.028175
v -0.008570 0.019427 0.025820
v -0.008792 0.019335 0.023371
v -0.008569 0.019427 0.020922
v -0.007909 0.019697 0.018567
v -0.006838 0.020137 0.016396
v -0.005397 0.020729 0.014494
v -0.003641 0.021450 0.012932
v -0.001637 0.022274 0.011772
v 0.000537 0.023167 0.011059
v -0.004098 0.022748 0.033694
v -0.005893 0.022397 0.032242
v -0.007424 0.022097 0.030344
v -0.008561 0.021876 0.028175
v -0.009261 0.021738 0.025820
v -0.009496 0.021693 0.023371
v -0.009260 0.021738 0.020922
v -0.008560 0.021875 0.018567
v -0.007423 0.022097 0.016396
v -0.005894 0.022395 0.014494
v -0.004031 0.022760 0.012932
v -0.001906 0.023176 0.011772
v 0.000400 0.023627 0.011059
v -0.004228 0.024123 0.033694
v -0.006056 0.024130 0.032242
v -0.007617 0.024135 0.030344
v -0.008777 0.024140 0.028176
v -0.009489 0.024142 0.025821
v -0.009728 0.024142 0.023372
v -0.009487 0.024142 0.020923
v -0.008774 0.024139 0.018568
v -0.007616 0.024134 0.016396
v -0.006058 0.024128 0.014494
v -0.004160 0.024121 0.012933
v -0.001995 0.024113 0.011772
v 0.000355 0.024105 0.011059
f 4 2 1
f 8 6 5
f 13 15 14
f 17 19 18
f 32 30 29
f 36 34 33
f 37 39 38
f 21 23 20
f 25 27 24
f 41 43 42
f 48 46 45
f 52 50 49
f 53 55 54
f 60 58 57
f 29 62 61
f 66 64 63
f 67 6 68
f 72 70 69
f 76 74 73
f 77 79 78
f 81 83 82
f 59 86 85
f 88 90 89
f 96 94 93
f 100 98 97
f 101 103 102
f 106 34 87
f 108 115 107
f 117 36 118
f 124 126 125
f 131 129 128
f 132 134 133
f 142 140 139
f 148 60 147
f 144 127 124
f 149 151 150
f 156 154 153
f 159 158 157
f 116 164 105
f 171 169 168
f 174 173 172
f 179 181 180
f 186 188 187
f 194 196 195
f 199 139 198
f 206 208 207
f 213 211 210
f 202 214 201
f 96 216 54
f 92 43 44
f 97 246 100
f 250 229 228
f 252 58 253
f 258 256 255
f 260 229 259
f 110 112 113
f 114 263 109
f 265 267 266
f 56 270 269
f 274 249 250
f 185 63 64
f 280 278 276
f 285 283 157
f 288 211 212
f 141 92 46
f 289 175 176
f 148 105 106
f 312 170 171
f 238 42 43
f 318 160 317
f 310 308 307
f 241 325 324
f 160 240 317
f 47 307 308
f 108 315 164
f 345 86 119
f 348 350 349
f 356 358 357
f 355 353 352
f 363 32 362
f 149 150 176
f 364 253 365
f 366 368 367
f 183 371 63
f 163 161 160
f 209 101 208
f 378 165 166
f 379 381 380
f 383 3 4
f 284 386 385
f 387 389 388
f 391 229 249
f 73 397 396
f 405 407 406
f 203 411 410
f 414 413 412
f 1 357 4
f 277 131 275
f 254 57 58
f 358 415 351
f 417 386 408
f 401 192 420
f 419 127 143
f 421 182 422
f 103 302 409
f 428 368 174
f 380 359 356
f 62 266 323
f 140 431 430
f 357 351 348
f 356 379 380
f 415 403 434
f 437 436 435
f 438 440 439
f 188 450 449
f 452 454 453
f 265 181 421
f 224 64 225
f 237 213 427
f 275 128 458
f 281 460 459
f 50 79 461
f 73 282 281
f 468 466 465
f 390 352 359
f 482 484 483
f 489 487 486
f 493 495 494
f 472 470 469
f 502 500 499
f 220 222 223
f 512 143 66
f 518 511 80
f 513 230 286
f 205 31 244
f 189 451 188
f 163 532 8
f 533 225 251
f 446 447 412
f 335 540 334
f 544 546 545
f 329 291 292
f 199 262 238
f 385 416 550
f 532 191 247
f 363 118 243
f 236 237 250
f 578 580 579
f 573 571 570
f 561 562 272
f 241 259 240
f 590 592 591
f 545 595 594
f 503 155 504
f 606 624 623
f 478 480 479
f 646 648 647
f 590 689 684
f 564 651 650
f 728 184 727
f 714 716 715
f 692 575 693
f 541 581 578
f 346 248 400
f 161 230 160
f 128 94 95
f 698 704 703
f 574 576 575
f 290 401 328
f 630 725 726
f 733 735 734
f 755 496 493
f 759 481 760
f 757 762 761
f 764 466 467
f 768 3808 3809
f 759 488 489
f 492 475 771
f 474 769 473
f 773 465 772
f 771 486 483
f 484 775 491
f 774 489 486
f 495 764 756
f 495 761 494
f 137 784 136
f 325 797 547
f 165 51 52
f 369 29 370
f 730 568 569
f 90 301 89
f 243 516 242
f 800 806 805
f 817 808 816
f 816 823 822
f 306 447 807
f 815 809 808
f 829 828 825
f 726 501 502
f 274 424 423
f 879 881 880
f 884 879 885
f 219 217 211
f 906 904 897
f 455 205 542
f 898 830 829
f 903 880 881
f 906 897 898
f 377 519 165
f 923 948 946
f 946 951 950
f 3519 739 3517
f 900 886 880
f 225 65 144
f 182 442 422
f 809 947 824
f 954 962 961
f 927 965 966
f 885 880 886
f 925 966 967
f 343 341 340
f 965 971 968
f 968 970 969
f 972 969 973
f 963 981 978
f 336 338 339
f 992 827 828
f 810 996 959
f 1007 1002 1008
f 1012 827 1009
f 1011 1007 1008
f 294 292 291
f 907 920 919
f 1017 1019 1018
f 1020 1022 1021
f 1035 1020 1044
f 1061 1047 1046
f 1063 1046 1062
f 1044 1021 1045
f 1102 1097 1109
f 1116 1118 1117
f 1016 1014 1013
f 881 904 903
f 816 1127 817
f 1094 949 1097
f 514 167 515
f 146 81 82
f 1133 1130 1129
f 1102 1126 822
f 822 1116 816
f 1145 1148 1136
f 1076 1151 1069
f 1148 1086 1087
f 1109 1114 1136
f 1154 1156 1155
f 1153 967 1156
f 3464 463 3714
f 1144 1152 1151
f 1156 1163 1162
f 1164 1169 1165
f 1145 1176 1147
f 1114 1154 1171
f 1183 1164 1177
f 1184 1177 1185
f 1069 1062 1064
f 1023 1194 1022
f 1162 1170 1169
f 1195 1185 1191
f 1183 1176 1155
f 1201 1152 1196
f 1061 1201 1202
f 3825 843 3836
f 1203 1195 1034
f 1202 1184 1195
f 1218 1203 1217
f 1060 1202 1203
f 1225 1217 1219
f 671 694 670
f 1219 1024 1035
f 1217 1034 1024
f 1226 1015 1227
f 1243 1234 1233
f 1231 1229 1228
f 847 1233 843
f 843 1244 878
f 1233 1245 1244
f 1923 233 216
f 2100 499 500
f 3914 2135 3900
f 61 323 505
f 210 217 457
f 1299 1309 1300
f 3863 1231 3862
f 1066 1321 1322
f 1322 1228 1229
f 1060 1321 1047
f 1325 1323 1310
f 1244 1332 1330
f 1290 1242 1288
f 1337 1339 1338
f 1330 1340 1339
f 1341 1245 1294
f 1342 1332 1341
f 1343 1341 1344
f 1344 1294 1293
f 3857 1345 1346
f 1347 1342 1343
f 3856 1295 1345
f 1349 1348 1347
f 3861 1347 3853
f 3853 1343 3857
f 906 829 1353
f 905 1353 1354
f 865 1355 1357
f 1355 829 825
f 1357 825 826
f 1356 1353 1355
f 3834 1338 3833
f 866 1356 865
f 1358 1354 1356
f 3828 1337 3834
f 838 1012 841
f 1363 1338 1339
f 1368 1339 1340
f 1348 1340 1342
f 1371 3824 3829
f 524 526 523
f 528 530 527
f 1372 1369 1371
f 535 537 538
f 1367 1348 1350
f 1370 1359 1369
f 1369 3833 3824
f 1373 903 904
f 555 557 558
f 1374 910 1373
f 1373 905 1375
f 1374 1375 1376
f 1375 1354 1370
f 1378 908 1377
f 376 651 1387
f 1388 973 969
f 586 588 585
f 1390 1388 1391
f 1391 969 970
f 597 599 596
f 600 602 603
f 1392 970 979
f 608 610 607
f 612 523 611
f 614 616 613
f 617 25 24
f 620 622 619
f 1397 1391 1392
f 1398 1392 1399
f 1400 920 1378
f 1402 1165 1169
f 636 638 635
f 930 1402 929
f 641 643 644
f 929 1169 1170
f 1404 1403 1402
f 1411 1365 1406
f 1412 1415 1414
f 652 654 655
f 609 657 658
f 659 661 662
f 558 586 585
f 665 667 664
f 1413 1406 1412
f 1418 3810 3813
f 1417 1371 1416
f 1416 3829 3810
f 1419 1416 1418
f 1386 1374 1420
f 677 679 676
f 1385 1420 1421
f 1420 1376 1422
f 685 687 688
f 1421 1422 1423
f 528 691 658
f 1422 1372 1417
f 1018 747 1425
f 699 701 702
f 1424 579 1017
f 3663 1767 3660
f 700 711 712
f 1093 3754 1571
f 717 530 719
f 721 723 720
f 704 3543 3554
f 19 1426 1430
f 1429 1427 1426
f 1658 3542 3544
f 1439 1434 1438
f 1437 1435 1434
f 1426 1433 1432
f 1442 1432 1440
f 742 744 745
f 1432 1441 1440
f 751 753 750
f 1438 1403 1405
f 1446 1444 1443
f 1447 1446 1443
f 3860 1443 3848
f 1415 1445 1446
f 1414 1446 1448
f 2173 469 470
f 777 779 686
f 780 782 783
f 1676 1806 1675
f 3859 1349 3861
f 789 791 788
f 745 793 742
f 652 795 653
f 1455 1457 1456
f 1454 1350 1452
f 610 802 801
f 3831 698 703
f 1352 1045 1351
f 1015 1459 1460
f 811 813 814
f 2118 3817 2117
f 819 821 818
f 1466 1194 1190
f 1467 1465 1466
f 1182 1468 1467
f 832 833 831
f 835 837 834
f 1467 1190 1182
f 1469 1444 1445
f 840 712 690
f 1453 1469 1454
f 599 845 846
f 1226 3849 3855
f 851 853 850
f 855 856 854
f 858 860 857
f 861 863 864
f 1014 3855 3858
f 867 868 869
f 870 872 873
f 874 876 877
f 1310 1471 1309
f 1476 1427 1475
f 1461 1475 1460
f 887 889 890
f 788 892 891
f 894 896 893
f 1460 1227 1015
f 901 524 612
f 1465 1477 1464
f 1865 3500 1864
f 911 913 914
f 916 918 915
f 1850 3507 1851
f 921 895 894
f 1479 1436 1478
f 926 667 601
f 1481 563 1480
f 269 84 1482
f 931 933 916
f 934 614 869
f 936 688 937
f 938 662 939
f 1484 122 123
f 941 835 834
f 320 509 510
f 1849 3505 1850
f 84 1484 83
f 1487 1488 539
f 1757 3502 3509
f 365 1491 364
f 461 80 511
f 117 362 1496
f 1494 541 1495
f 926 957 958
f 1477 1433 1476
f 1709 1585 1700
f 119 1496 345
f 271 504 156
f 511 189 186
f 345 1492 365
f 255 344 254
f 57 299 132
f 1501 268 1500
f 267 1499 145
f 974 976 977
f 1678 1693 1676
f 3846 1807 3840
f 557 663 558
f 983 984 985
f 1443 3849 3848
f 421 268 265
f 989 991 988
f 1490 418 1504
f 279 309 310
f 997 676 679
f 998 999 875
f 1504 38 1505
f 1506 1507 1486
f 360 1508 1506
f 1506 207 360
f 939 1006 938
f 270 1483 269
f 66 546 512
f 1010 793 935
f 367 437 1509
f 244 363 243
f 1670 3534 1669
f 209 1510 226
f 235 1512 1511
f 1511 234 235
f 388 426 425
f 427 250 237
f 161 521 231
f 100 45 44
f 1025 608 1027
f 1029 1031 1028
f 939 1033 1032
f 41 594 99
f 1036 783 1037
f 702 1038 1039
f 1040 1042 1043
f 362 369 1493
f 187 477 186
f 70 539 198
f 1511 1521 234
f 1049 603 1048
f 613 869 614
f 860 1051 857
f 1005 1053 1006
f 753 1056 1054
f 1057 1059 1055
f 293 1522 292
f 288 1521 1522
f 292 1523 329
f 331 1508 1524
f 306 453 305
f 100 41 99
f 462 78 79
f 330 1524 462
f 635 1068 636
f 1485 1526 1528
f 206 1528 1510
f 1070 1072 831
f 942 1073 1074
f 916 1075 917
f 440 1530 439
f 157 1514 285
f 1529 5 1530
f 371 546 63
f 790 663 791
f 1077 857 1078
f 1403 1435 1165
f 1080 1082 1079
f 531 1529 440
f 21 1084 1085
f 272 1531 561
f 137 396 397
f 690 802 691
f 335 3567 581
f 1090 1029 1091
f 1092 794 1042
f 1533 137 138
f 661 1095 1096
f 69 445 72
f 1099 1101 1098
f 38 1536 1505
f 1104 1106 1103
f 852 1108 853
f 1377 909 1386
f 291 411 294
f 316 516 33
f 539 1533 534
f 1505 316 313
f 1110 1112 1113
f 1539 460 264
f 522 1537 1539
f 834 1120 1119
f 1122 1124 1121
f 612 1041 901
f 935 615 614
f 276 130 131
f 1686 3522 1685
f 193 1541 273
f 231 1540 287
f 556 982 557
f 365 85 345
f 190 318 1541
f 1810 3574 3528
f 3924 3512 3791
f 1132 985 1131
f 208 102 132
f 1134 662 661
f 1491 80 77
f 429 1542 147
f 1137 915 918
f 172 428 174
f 1139 1141 1142
f 549 54 55
f 1517 1518 296
f 976 1146 938
f 834 984 941
f 1543 286 115
f 1544 239 513
f 133 1544 1542
f 506 257 258
f 420 328 401
f 1158 1160 1157
f 587 1103 588
f 1513 1514 151
f 607 1027 608
f 304 1545 303
f 364 77 506
f 69 198 139
f 1006 976 938
f 700 1112 701
f 3877 3525 3787
f 1166 657 656
f 1167 858 1077
f 1300 3524 1299
f 1172 1174 1175
f 218 200 217
f 1179 1181 1178
f 372 97 98
f 89 227 88
f 1186 1188 1189
f 172 1517 1549
f 1482 81 1498
f 1090 1193 1030
f 394 353 1551
f 526 1198 1197
f 811 858 812
f 1199 1026 1025
f 606 697 696
f 1204 1206 743
f 1207 523 526
f 1209 867 613
f 914 685 936
f 1478 1441 1477
f 1029 1161 1091
f 1211 1213 1214
f 3858 1451 3859
f 844 1216 845
f 423 273 274
f 1220 1222 1083
f 22 1224 23
f 882 897 881
f 1519 173 387
f 1189 1232 1178
f 349 550 416
f 1071 1236 1072
f 1237 1239 745
f 1221 1189 1240
f 1510 1512 333
f 939 1241 1005
f 1556 5 67
f 1553 394 1551
f 404 67 347
f 1247 1249 1246
f 142 238 92
f 1251 635 1250
f 850 1253 851
f 1254 1077 1255
f 57 133 429
f 443 552 551
f 1187 1175 1188
f 1256 831 833
f 432 382 383
f 741 747 746
f 434 351 415
f 349 383 348
f 251 1481 1480
f 395 352 353
f 1518 1550 1551
f 1558 378 340
f 109 314 315
f 285 1513 407
f 395 393 392
f 202 410 1558
f 417 405 432
f 1246 1258 1247
f 3 297 2
f 1259 1261 1262
f 403 347 284
f 955 953 952
f 462 51 330
f 1096 687 1263
f 429 60 57
f 896 1265 932
f 1267 1268 1266
f 423 327 420
f 37 180 40
f 20 1187 1186
f 1256 1071 1070
f 155 156 504
f 1188 1269 1232
f 1236 1271 1262
f 1272 535 621
f 565 463 464
f 1273 745 1239
f 876 1255 1274
f 316 164 315
f 437 503 1509
f 194 1495 197
f 1275 864 863
f 624 631 630
f 1277 1137 1278
f 569 567 566
f 1481 125 366
f 324 547 326
f 1279 1107 1280
f 1525 329 1523
f 1281 1137 918
f 171 1553 1552
f 1488 396 1533
f 1557 1562 1559
f 1282 1206 1205
f 1053 1278 1281
f 778 607 1283
f 713 3566 3569
f 251 144 124
f 4 348 383
f 709 707 706
f 728 45 246
f 261 1563 544
f 789 1287 790
f 74 263 282
f 403 385 434
f 1178 1240 1189
f 1223 1289 1224
f 158 150 151
f 1220 1186 1221
f 296 354 433
f 784 1538 1566
f 1181 1291 1222
f 1269 1257 1246
f 1566 438 399
f 136 1566 1564
f 1563 169 1565
f 107 109 108
f 1297 1298 1296
f 1464 1476 1461
f 1520 507 508
f 1301 1303 1304
f 1306 1308 1305
f 175 1532 272
f 1532 200 201
f 1311 1312 1313
f 872 1315 1316
f 1317 1318 1319
f 3836 878 3828
f 1305 864 1276
f 1040 863 1320
f 1564 399 169
f 592 1575 591
f 591 1088 689
f 1581 1583 1582
f 1196 1147 1176
f 710 583 713
f 285 408 386
f 953 961 963
f 1594 1589 1593
f 1585 1587 1586
f 1592 1590 1589
f 3885 944 3899
f 1600 1598 1597
f 1604 1602 1601
f 1399 979 980
f 1589 1596 1595
f 1610 1608 1607
f 298 361 360
f 551 276 277
f 1627 3814 3819
f 859 818 860
f 1078 1328 1329
f 1555 1530 1556
f 572 680 681
f 772 776 774
f 977 918 917
f 404 392 393
f 1054 750 753
f 1644 1643 1642
f 932 1082 933
f 1067 1334 1068
f 1540 264 114
f 597 643 1336
f 471 762 470
f 1642 3831 3842
f 1644 3842 3843
f 923 950 927
f 96 548 95
f 520 522 521
f 445 443 442
f 849 848 842
f 480 755 493
f 1646 481 1639
f 311 1567 170
f 464 3497 3495
f 3497 1361 3495
f 234 236 235
f 190 192 191
f 153 152 149
f 231 286 230
f 1552 1551 1550
f 760 1648 488
f 3832 1649 3830
f 828 826 825
f 52 166 165
f 1663 1661 1660
f 287 115 286
f 668 670 669
f 634 640 639
f 553 559 554
f 118 33 516
f 492 491 490
f 3552 1651 3553
f 582 584 583
f 384 392 415
f 1381 1383 1380
f 1562 435 436
f 952 951 947
f 3529 583 584
f 1660 1667 1666
f 1394 1396 1393
f 1660 1664 1663
f 1671 1669 1668
f 1624 1673 1672
f 1407 1409 1410
f 1677 1675 1674
f 1613 1677 1625
f 1679 1676 1677
f 1626 3811 3814
f 534 198 539
f 176 150 159
f 803 734 800
f 400 191 192
f 65 143 144
f 3526 1656 3540
f 402 157 283
f 629 627 626
f 461 49 50
f 758 495 756
f 796 786 785
f 406 1513 1560
f 342 166 167
f 1694 1658 1695
f 1692 1694 1696
f 3557 1652 3552
f 3921 1703 3923
f 326 302 90
f 3916 1702 1706
f 3919 1698 1701
f 1699 3927 3918
f 1557 1560 1561
f 1127 1117 1128
f 400 289 346
f 1706 1707 1708
f 1707 1599 1600
f 1709 1708 1588
f 1714 1711 1713
f 3919 1709 1700
f 1704 1577 1703
f 1716 1713 1715
f 1559 1549 297
f 1722 1720 1719
f 1335 596 1489
f 410 377 378
f 973 1163 972
f 168 399 398
f 1571 1089 1093
f 1572 682 1571
f 749 647 754
f 1730 1723 1729
f 1594 1729 1592
f 1729 1591 1592
f 1731 1730 1583
f 1384 1377 1379
f 1732 1712 1714
f 1724 1731 1732
f 1712 1731 1580
f 1722 1732 1733
f 1721 1733 1734
f 1734 1716 1717
f 1735 1736 1697
f 1733 1714 1716
f 1663 1741 1668
f 1742 1740 1743
f 1738 1737 1735
f 1665 1666 1740
f 1665 1744 1664
f 1725 1746 1745
f 1591 1745 1590
f 1590 1747 1596
f 1745 1748 1747
f 1659 3538 3542
f 3287 3545 3282
f 1185 1182 1190
f 1664 1749 1741
f 1741 1739 1738
f 1746 1743 1748
f 1726 1742 1746
f 1153 924 925
f 1115 1153 1154
f 1654 3575 1655
f 1896 3549 1686
f 1720 1744 1726
f 1721 1749 1720
f 1750 1701 1698
f 1697 1750 1696
f 1151 1063 1062
f 1751 1670 1671
f 1695 1752 1751
f 961 986 981
f 1770 1768 1767
f 1766 1593 1765
f 1731 1579 1580
f 1579 1774 1578
f 3928 1771 3929
f 1764 3928 3917
f 1777 1775 1774
f 3762 1699 1700
f 1004 1128 1003
f 1774 1771 1772
f 987 1399 980
f 1578 1772 1764
f 1783 1781 1778
f 1597 1770 1767
f 639 3895 3884
f 3928 1769 1770
f 1793 1789 1788
f 3929 1798 1769
f 3508 3773 1806
f 1802 3924 3922
f 1788 1794 1793
f 1793 1795 1776
f 3773 1675 1806
f 1584 1783 1789
f 1771 3920 3929
f 1801 1798 1800
f 1768 1798 1799
f 1775 1797 1771
f 508 515 1520
f 1796 1802 1797
f 1800 3920 3922
f 1794 1804 1795
f 3532 1752 3547
f 485 1807 775
f 3809 1640 768
f 3837 1810 1653
f 485 1640 1808
f 1690 3770 3772
f 487 1648 1811
f 3839 1816 3822
f 3838 1648 3830
f 3839 1811 3838
f 1812 487 1811
f 1641 767 768
f 465 755 776
f 767 3823 3808
f 3822 3826 3847
f 1809 1815 767
f 3837 1651 3840
f 675 3541 3496
f 1814 1822 1821
f 1821 3821 3820
f 1824 1649 1825
f 1827 1850 1805
f 1668 1662 1663
f 1779 1848 1828
f 1790 1805 1794
f 1833 1853 1852
f 3521 693 575
f 1614 1616 1617
f 1852 3498 3501
f 1620 1622 1623
f 1855 1574 1861
f 1847 3501 3513
f 1766 1855 1782
f 1629 1631 1628
f 1633 1634 1632
f 1635 1637 1638
f 1848 1852 1847
f 1855 1863 1862
f 1803 1867 1802
f 1862 1831 1832
f 1782 1862 1781
f 3922 1865 1800
f 1873 1870 1869
f 1874 799 804
f 2045 3897 2044
f 1219 1295 1225
f 1615 1396 1395
f 3884 1877 1876
f 645 3786 3559
f 1345 1035 1346
f 634 3884 3880
f 15 1327 14
f 3910 1878 1893
f 1894 605 1893
f 3506 627 693
f 3560 645 3559
f 340 454 1558
f 1897 195 1898
f 1889 1877 1890
f 1901 129 1900
f 196 754 232
f 1705 3921 3916
f 340 166 343
f 1570 563 561
f 1904 194 1897
f 1781 1832 1780
f 1905 55 1906
f 1000 995 996
f 986 920 987
f 1191 1190 1194
f 2094 2075 2093
f 1920 1919 1915
f 453 1912 1911
f 1915 1918 1916
f 3882 2106 3901
f 1655 3531 1868
f 1916 1926 1925
f 704 3561 703
f 278 1925 1900
f 3565 1818 1820
f 1097 1115 1114
f 1927 727 1923
f 3578 3654 3758
f 1920 307 1929
f 1929 48 728
f 503 1497 1509
f 1902 787 796
f 1816 3820 3826
f 1925 1923 1924
f 1535 1568 1534
f 254 258 255
f 1509 366 367
f 119 35 36
f 219 293 294
f 141 47 431
f 542 244 245
f 1940 430 431
f 1779 1827 1790
f 1701 3915 3919
f 1661 3515 1667
f 270 754 647
f 197 749 196
f 1727 1212 1211
f 53 232 754
f 1465 1479 1478
f 1284 3854 1293
f 1951 412 413
f 168 1554 1553
f 1486 206 207
f 506 78 361
f 994 1007 993
f 951 963 964
f 1013 3861 1351
f 3826 1820 1818
f 1498 1954 1482
f 299 543 132
f 1754 1756 1753
f 1681 1683 1682
f 1696 1695 1697
f 13 738 737
f 473 475 474
f 482 768 1640
f 204 30 205
f 1761 820 819
f 611 1125 612
f 1501 1908 1909
f 1074 711 699
f 1960 82 83
f 120 1960 123
f 35 87 34
f 1773 1025 1031
f 1965 1569 1535
f 494 471 479
f 1966 1969 1968
f 446 1971 1967
f 174 125 126
f 1580 1578 1577
f 1785 1787 1784
f 1972 304 305
f 1254 875 999
f 1973 342 514
f 321 1973 509
f 1910 275 1907
f 509 514 508
f 1486 1527 1485
f 1974 804 1975
f 1977 1974 1978
f 1980 1966 1981
f 379 2 295
f 1718 1710 1701
f 884 992 883
f 1680 1678 1679
f 902 525 524
f 344 256 299
f 135 137 136
f 236 228 333
f 448 1967 1966
f 589 604 584
f 910 908 907
f 1981 1968 1987
f 1982 1987 1979
f 1988 1987 1989
f 1990 1989 1991
f 1991 1993 1992
f 322 320 319
f 992 830 883
f 1144 1086 1143
f 1995 1978 1994
f 1133 1118 1126
f 1997 1994 1996
f 870 1335 1489
f 805 1982 1998
f 727 2000 1999
f 1996 1988 1990
f 1994 1979 1988
f 1829 792 1273
f 1830 941 983
f 798 800 799
f 729 731 730
f 2011 2023 2022
f 1834 846 1159
f 402 284 347
f 2022 2024 2025
f 1838 989 988
f 810 952 809
f 1823 1840 644
f 1430 1432 1431
f 1215 1841 1079
f 149 176 177
f 1316 873 872
f 2112 1384 2106
f 1842 1844 1845
f 1159 845 1160
f 837 1846 1120
f 1971 2030 2027
f 517 370 189
f 858 833 812
f 1471 2027 1888
f 3551 626 627
f 2174 770 490
f 935 1854 1010
f 1613 1611 1618
f 1231 1225 1295
f 1856 891 892
f 1300 748 741
f 1150 1858 1859
f 1643 696 1642
f 1215 1264 1216
f 1320 902 901
f 1956 1944 1960
f 2031 669 1474
f 2034 1310 1299
f 1879 1656 1657
f 40 242 39
f 1992 2039 1456
f 888 957 889
f 1882 1996 1990
f 1078 1255 1077
f 1871 1192 1090
f 294 218 219
f 1323 2026 1471
f 123 83 1484
f 1324 2041 1323
f 384 359 352
f 1324 2038 2036
f 1883 1885 1829
f 287 114 107
f 1096 1134 661
f 915 931 916
f 806 1981 1982
f 3533 584 604
f 1425 2042 1018
f 1018 1948 1017
f 3562 740 3519
f 1948 649 646
f 1881 1990 1991
f 1900 130 278
f 992 994 993
f 923 925 924
f 3878 2047 3876
f 1643 625 606
f 2050 2051 2049
f 2045 1404 2047
f 3876 945 3885
f 1139 1079 1841
f 1037 892 982
f 2055 2057 2056
f 1198 718 717
f 1619 1612 1611
f 2058 1606 2059
f 2059 1607 2058
f 2058 1624 1605
f 71 179 37
f 405 1557 382
f 976 1006 977
f 322 1972 1911
f 2061 2063 2062
f 2066 2067 1825
f 2052 2064 2051
f 1609 2066 1647
f 1515 152 1516
f 1009 993 1007
f 1644 3815 2118
f 279 1916 278
f 1285 3862 1284
f 1647 1825 1649
f 2056 2067 2065
f 319 1953 1952
f 667 1913 1914
f 2070 625 2048
f 2052 2055 2063
f 2038 1655 1458
f 1606 2073 2072
f 1235 1270 1236
f 2072 2075 2074
f 2059 2072 2062
f 2074 2077 2076
f 1601 2078 2073
f 2049 1643 1645
f 1000 1001 994
f 1089 684 689
f 1931 1306 1930
f 1462 1021 1022
f 1932 1934 1935
f 875 1846 998
f 1936 1937 1938
f 44 46 92
f 1534 1956 120
f 1541 317 391
f 2081 2084 2083
f 146 1959 300
f 1360 1942 1361
f 985 1032 1033
f 1995 1892 2043
f 2079 2082 2081
f 2095 2076 2077
f 2081 2078 2079
f 2055 2054 2053
f 501 2095 500
f 2097 2099 2098
f 2098 2094 2083
f 2140 3893 3866
f 2141 3894 3893
f 2051 2048 2049
f 592 2101 1576
f 2071 2076 2096
f 2102 2098 2101
f 593 2102 592
f 1019 746 747
f 1950 12 1327
f 725 2096 501
f 1385 2104 1379
f 1379 2106 1384
f 2107 2100 2097
f 3908 502 3896
f 3896 499 3901
f 940 2109 944
f 928 1170 973
f 3868 684 3899
f 1962 1964 1961
f 3878 573 3897
f 2039 1968 1969
f 1389 2110 2109
f 1398 2113 1397
f 3757 3753 3743
f 3911 2107 2103
f 949 924 1115
f 260 324 326
f 1390 2113 2110
f 2070 2064 2071
f 3867 2103 593
f 2105 1421 2114
f 2114 1423 2115
f 3892 2115 3903
f 3908 2114 3892
f 554 1902 553
f 972 967 966
f 1765 1573 1574
f 1984 1986 1983
f 2053 2069 2057
f 3573 724 714
f 1625 1674 1673
f 3881 2119 2122
f 3903 2123 3904
f 56 1906 55
f 626 3879 629
f 2001 2003 2004
f 3912 2127 3907
f 2006 2008 2009
f 2127 1412 2128
f 2014 2016 2017
f 2018 2020 2021
f 1495 1947 197
f 1379 1386 1385
f 3814 1680 1618
f 2029 1884 2028
f 3902 2120 3887
f 629 3914 3872
f 682 943 1089
f 724 2121 716
f 1757 3821 3845
f 765 3844 3809
f 3851 715 3852
f 706 3870 3872
f 981 987 980
f 1457 1656 1880
f 2017 2032 2033
f 1458 1868 1457
f 1776 1792 1793
f 1959 1946 1958
f 3663 3725 3661
f 3913 2122 3850
f 1093 689 1088
f 966 968 972
f 3852 3881 3913
f 2172 2170 2171
f 670 2137 669
f 3761 1903 233
f 1429 28 1449
f 964 978 971
f 3841 1413 2127
f 1473 669 2137
f 3834 1359 1358
f 2138 1870 2137
f 1872 2137 1870
f 715 3888 3881
f 1881 1992 1880
f 3843 739 740
f 1837 3513 3514
f 253 59 85
f 1808 3840 1807
f 1647 3818 1609
f 3865 671 668
f 2112 3883 2111
f 1405 2044 1438
f 3829 1364 1366
f 273 391 249
f 576 3520 3555
f 3875 668 2031
f 1430 2140 2139
f 2136 3860 28
f 1430 18 19
f 3893 570 695
f 1442 2046 2141
f 1431 2141 2140
f 3869 3850 2136
f 3808 1817 766
f 3866 695 671
f 2142 798 2138
f 571 2142 694
f 3819 1618 1611
f 2143 2025 2142
f 694 2138 670
f 681 2144 572
f 2144 2022 2143
f 328 457 290
f 1572 2011 2144
f 630 3903 624
f 2085 2087 2088
f 2090 2092 2089
f 572 2143 571
f 1875 2153 2149
f 1873 2149 2154
f 2103 2097 2102
f 2157 2155 2156
f 2128 1414 2120
f 3874 589 582
f 3872 628 629
f 2149 2158 2159
f 2159 3905 3890
f 698 3902 705
f 3823 3827 1817
f 2158 3874 3905
f 1438 2046 1439
f 2035 2160 2161
f 2161 3889 3886
f 3871 605 589
f 3873 18 3875
f 370 61 451
f 649 413 648
f 2153 2156 2158
f 1428 1449 1450
f 1490 73 1488
f 3890 710 633
f 2155 3891 3871
f 1456 1880 1992
f 2125 2087 2124
f 2160 3890 3889
f 300 505 323
f 1064 1046 1065
f 2043 1891 2155
f 2129 2004 2003
f 2131 2133 2134
f 3848 1450 1449
f 1998 804 805
f 3879 3864 3914
f 474 490 770
f 1164 1182 1177
f 707 3909 3870
f 708 2162 707
f 2162 3886 3909
f 548 1905 458
f 1145 1114 1171
f 705 1650 704
f 2043 1977 1995
f 737 554 559
f 1034 1191 1023
f 458 1907 275
f 195 232 233
f 2040 1969 1970
f 2145 2147 2148
f 2054 2049 1645
f 3832 1639 3818
f 9 11 10
f 252 506 258
f 472 479 471
f 1865 3791 3503
f 900 910 907
f 1941 2151 1942
f 1921 1927 1919
f 2163 1898 2116
f 271 153 178
f 1904 12 9
f 282 264 460
f 1872 2154 2035
f 1326 1897 2163
f 628 693 627
f 1724 1719 1723
f 1549 436 172
f 1582 1730 1729
f 1921 1929 1928
f 3563 10 11
f 2152 1950 1949
f 475 774 771
f 769 2171 473
f 2171 476 473
f 476 772 475
f 1791 464 1760
f 2166 2168 2169
f 595 372 98
f 483 1641 482
f 762 2173 470
f 771 484 492
f 486 1809 483
f 297 1517 296
f 763 2174 762
f 776 759 489
f 184 2176 2000
f 412 303 414
f 2005 185 224
f 3811 1682 3846
f 2164 756 764
f 1472 2161 2162
f 950 964 965
f 2177 2179 2180
f 227 1510 333
f 764 467 2164
f 2182 2184 2181
f 2186 2018 2185
f 1985 2181 1986
f 214 729 1531
f 1545 1546 1569
f 865 842 866
f 849 1357 1362
f 452 1558 454
f 559 3188 737
f 16 737 3188
f 560 498 374
f 3193 3195 3194
f 3200 3198 3199
f 3211 3213 3212
f 3215 3217 3216
f 2187 2002 2001
f 2169 2189 2190
f 2192 2085 2191
f 2193 2195 2196
f 2198 2200 2197
f 1998 1979 1975
f 3664 3668 3671
f 2116 1903 1902
f 1859 2009 1150
f 3904 2126 3906
f 1135 1087 1130
f 2201 2015 2014
f 1149 110 1858
f 3221 3218 3215
f 2203 2205 2206
f 579 1895 1019
f 1755 2208 1756
f 3891 1893 605
f 1211 2150 1727
f 868 2210 2209
f 944 930 940
f 2130 2202 2201
f 233 1898 195
f 665 750 666
f 1167 999 618
f 2211 2213 2214
f 2215 2217 2218
f 3867 590 3868
f 2220 220 2219
f 823 948 1094
f 3225 3227 3226
f 266 455 265
f 3882 2107 3883
f 2221 3519 3517
f 2223 2225 2226
f 2207 2124 2208
f 673 3869 3864
f 817 996 815
f 2227 2146 2145
f 1947 646 749
f 3900 17 3873
f 2229 1638 1381
f 1679 1618 1680
f 1637 2232 2230
f 2233 1617 1616
f 2231 2236 2237
f 1381 2238 1382
f 3586 2242 3587
f 1630 2233 1631
f 1681 472 469
f 1408 2243 2244
f 3236 3238 3237
f 3232 3240 3235
f 1637 2238 1638
f 3237 3233 3234
f 1409 1634 2245
f 1380 2247 2246
f 1628 2245 1621
f 2249 1622 1633
f 1632 1408 2244
f 2248 1631 2250
f 2235 1637 1636
f 3245 3199 3198
f 631 2071 725
f 515 52 49
f 782 2251 1251
f 2253 2255 2252
f 397 459 784
f 1456 2040 1455
f 2040 2036 1455
f 1401 2111 1398
f 2041 1970 2026
f 1535 414 1965
f 1586 2080 2079
f 2256 1132 1886
f 1700 3918 3919
f 3815 1686 3817
f 1263 1886 1096
f 598 844 599
f 2257 2259 2260
f 2258 2262 2259
f 2259 2263 2216
f 2260 2216 2215
f 1967 1970 1969
f 2212 1963 2213
f 922 2218 2217
f 1312 1101 2264
f 1307 1286 789
f 1548 1546 1972
f 2266 2268 2265
f 2265 2270 2269
f 2272 2269 2271
f 2273 2265 2272
f 2275 2277 2274
f 2278 2277 2279
f 2284 3617 3639
f 2287 2286 2281
f 2288 2283 2287
f 2290 3639 3620
f 2291 2293 2294
f 2295 2294 2279
f 2296 2291 2295
f 2297 2292 2291
f 2294 2299 2300
f 2279 2300 2278
f 2298 2302 2292
f 2292 2303 2293
f 2293 2304 2299
f 2304 2306 2299
f 2306 2300 2299
f 2308 2310 2307
f 2302 2310 2303
f 2301 2307 2302
f 2312 2307 2311
f 2313 2315 2316
f 2318 2320 2317
f 3748 2322 2323
f 2324 2273 2326
f 2313 2326 2327
f 2328 2313 2316
f 2329 2324 2328
f 2331 2333 2330
f 2330 2267 2266
f 2325 2266 2273
f 2329 2330 2325
f 2333 2335 2267
f 2336 2333 2332
f 2338 2332 2337
f 2331 2337 2332
f 2329 2339 2331
f 2328 2340 2329
f 2316 2341 2328
f 2342 2315 2343
f 2344 2346 2347
f 2341 2347 2340
f 2342 2344 2341
f 2348 2345 2344
f 2350 2352 2353
f 2339 2353 2337
f 2340 2350 2339
f 2347 2351 2350
f 2337 2354 2338
f 2353 2355 2354
f 2356 2276 2357
f 2356 2358 2359
f 2356 2296 2295
f 2279 2356 2295
f 2360 2270 2268
f 2267 2360 2268
f 2362 2364 2365
f 2362 2361 2358
f 2366 2358 2357
f 2366 2363 2362
f 2357 2368 2366
f 2366 2369 2367
f 2276 2370 2368
f 2368 2282 2369
f 2372 2374 2371
f 2375 2377 2007
f 2378 2380 2381
f 2382 2381 2383
f 2384 2378 2382
f 2385 2379 2378
f 2388 2390 2387
f 2387 2392 2391
f 2393 2387 2391
f 2394 2388 2387
f 2186 2402 2400
f 2403 2327 2326
f 2272 2326 2273
f 2271 2403 2272
f 2405 2404 2403
f 2404 2408 2327
f 2409 2411 2412
f 2409 2271 2269
f 2413 2269 2270
f 2413 2410 2409
f 2417 2416 2418
f 2417 2406 2405
f 2412 2405 2271
f 2411 2417 2412
f 2406 2407 2404
f 3569 632 713
f 2420 2397 2421
f 2420 2423 2422
f 2424 2422 2419
f 2424 2398 2420
f 2425 2392 2426
f 2421 2426 2423
f 2397 2425 2421
f 2396 2391 2425
f 2427 2315 2314
f 2427 2408 2428
f 2430 2428 2429
f 2343 2427 2430
f 2432 2430 2431
f 2431 2429 2433
f 2435 2433 2434
f 2436 2431 2435
f 2428 2407 2437
f 2422 2407 2419
f 2438 2422 2423
f 2429 2437 2438
f 2440 2433 2439
f 2441 2433 2429
f 2442 2439 2441
f 2443 2440 2439
f 2445 2444 2443
f 2447 2443 2442
f 2383 2445 2447
f 2381 2446 2445
f 2448 2423 2426
f 2449 2426 2392
f 2441 2449 2442
f 2441 2438 2448
f 2449 2390 2450
f 2450 2389 2451
f 2447 2451 2383
f 2442 2450 2447
f 2451 2453 2452
f 2452 2455 2454
f 2382 2454 2384
f 2383 2452 2382
f 2456 2373 2372
f 2459 2461 2458
f 2463 2465 2462
f 2462 2285 2284
f 2466 2284 2290
f 2467 2462 2466
f 2461 3703 3701
f 2468 2470 2471
f 2472 2471 2473
f 2474 3701 3688
f 2475 2477 2478
f 2458 2453 2479
f 2479 2389 2388
f 2395 2479 2388
f 2480 2458 2479
f 2481 2483 2478
f 2484 2485 221
f 2471 2464 2463
f 2473 2463 2467
f 2487 2466 2486
f 2486 2290 2488
f 2490 2488 2489
f 2491 2486 2490
f 2492 2467 2487
f 2493 2487 2491
f 2494 2492 2493
f 2495 2473 2492
f 3690 2474 3688
f 3691 2496 3690
f 2498 2493 2499
f 2500 2499 2501
f 3700 2498 2500
f 3687 2494 2498
f 2306 2278 2300
f 2305 2504 2306
f 2504 2507 2506
f 2506 2288 2508
f 2274 2508 2275
f 2278 2506 2274
f 3633 2489 2488
f 3620 2488 2290
f 2507 2289 2288
f 2505 2509 2507
f 2508 2287 2511
f 2511 2281 2280
f 2370 2280 2282
f 2275 2511 2370
f 2512 2489 2513
f 2514 2513 2515
f 2517 2514 2516
f 2517 2490 2512
f 2499 2491 2517
f 2499 2516 2501
f 2510 2519 2518
f 2518 2521 2520
f 3616 2520 3621
f 3632 2518 3616
f 2522 2303 2310
f 2523 2310 2309
f 2305 2522 2524
f 2524 2523 2525
f 2519 2525 2521
f 2505 2524 2519
f 2308 2527 2526
f 2526 2529 2528
f 2531 2528 2530
f 2309 2526 2531
f 1214 2151 1211
f 2419 2418 2424
f 2533 2349 2317
f 2534 2317 2320
f 2535 2533 2534
f 2536 2345 2533
f 2537 2346 2536
f 2538 2536 2535
f 2539 2537 2538
f 2540 2351 2537
f 2312 2541 2527
f 2527 2542 2529
f 2543 2434 2544
f 2545 2544 2546
f 2319 2543 2545
f 2318 2435 2543
f 2514 2548 2547
f 2547 2550 2549
f 2552 2549 2551
f 2552 2514 2547
f 2520 2554 2553
f 2553 2556 2555
f 3590 2555 3593
f 3621 2553 3590
f 2523 2531 2557
f 2557 2530 2558
f 2525 2557 2559
f 2559 2558 2560
f 2554 2560 2556
f 2521 2559 2554
f 2561 2007 2006
f 2376 2225 2377
f 2564 2566 2563
f 2563 338 2567
f 2569 2567 2568
f 2570 2563 2569
f 2572 2574 2571
f 2571 2576 2575
f 2544 2575 2546
f 2544 2572 2571
f 2578 2569 2577
f 2579 2569 2568
f 2574 2579 2576
f 2573 2577 2574
f 2581 2583 2580
f 2584 2583 2585
f 3697 2580 2584
f 3676 2580 3675
f 2582 2552 2583
f 2583 2551 2585
f 2500 2589 2588
f 2590 2589 2591
f 3693 2588 2590
f 3695 2500 2588
f 2501 2591 2589
f 2592 2594 2595
f 2386 2503 2502
f 2596 2386 2374
f 2596 2373 2597
f 2599 2597 2598
f 2599 2379 2596
f 2600 2380 2599
f 2600 2598 2601
f 2603 2601 2602
f 2603 2446 2600
f 2604 2602 2605
f 2440 2605 2434
f 2444 2604 2440
f 2606 2581 2607
f 2606 2590 2591
f 2591 2582 2606
f 3676 2456 3689
f 3689 2372 3693
f 2478 2608 2481
f 2609 2611 2199
f 2564 2613 2612
f 2612 2598 2597
f 2457 2597 2373
f 2565 2612 2457
f 2614 2570 2578
f 2615 2578 2573
f 2602 2614 2615
f 2601 2613 2614
f 2572 2605 2616
f 2616 2602 2615
f 2573 2616 2615
f 1459 1045 1021
f 1265 1079 1082
f 1612 1609 1611
f 2067 2069 2068
f 1135 1136 1148
f 1938 2618 2617
f 95 458 128
f 2058 1608 1612
f 1454 1445 1367
f 655 1048 2619
f 722 2621 723
f 1131 1033 1134
f 562 366 1497
f 1723 1725 1591
f 1786 1122 1787
f 267 323 266
f 1325 1654 2038
f 1468 1435 1479
f 658 529 528
f 8 247 7
f 382 1559 3
f 788 1307 789
f 940 929 928
f 911 2623 912
f 2621 655 654
f 2624 2625 2626
f 998 27 26
f 635 2626 2625
f 2627 644 1840
f 2628 1840 2629
f 1200 2627 2628
f 1199 641 2627
f 1520 49 477
f 1452 1349 1451
f 2630 1859 1858
f 644 1335 1823
f 1197 717 2632
f 2632 719 1166
f 2628 1166 1200
f 2629 2632 2628
f 1762 1050 821
f 1823 873 1839
f 2634 794 652
f 1028 1027 1161
f 1042 2635 1043
f 93 1901 1924
f 2036 1458 1455
f 1527 1525 1526
f 877 1274 1277
f 134 797 1544
f 1328 931 1329
f 607 1091 1161
f 1043 2637 2636
f 2636 2639 2638
f 1275 2638 1276
f 1275 1043 2636
f 1272 2626 2640
f 2640 638 637
f 1110 2640 637
f 536 2640 2641
f 1472 1474 1473
f 2042 1951 649
f 1058 1105 1059
f 2642 2643 2644
f 1192 2644 1193
f 912 2642 1192
f 3898 3526 3786
f 1049 2620 2621
f 616 1885 613
f 1331 666 750
f 990 1198 525
f 1911 321 322
f 1298 1205 2645
f 76 1504 75
f 1502 421 422
f 610 658 691
f 1146 659 938
f 2646 914 936
f 1280 1238 1279
f 975 2647 2648
f 2647 975 974
f 1453 1452 1451
f 1514 158 151
f 835 1843 1842
f 1271 1173 1289
f 2649 813 2650
f 1893 1826 1894
f 1050 1937 1051
f 2651 814 813
f 1006 1281 977
f 2653 2654 2655
f 1001 1003 1002
f 585 679 558
f 2624 621 620
f 555 2028 556
f 1207 1197 2629
f 1626 478 472
f 426 419 1567
f 1030 1773 1031
f 3898 634 3880
f 534 138 262
f 1125 1042 1041
f 333 88 227
f 569 561 730
f 1489 871 870
f 1857 620 891
f 1673 3770 3763
f 622 864 1308
f 2647 974 2657
f 619 891 620
f 261 545 262
f 393 1556 404
f 2658 2647 2657
f 1075 2657 917
f 1081 2658 1075
f 1080 2659 2658
f 2644 1141 2660
f 2660 1140 1336
f 642 1336 643
f 1193 2660 642
f 679 555 558
f 1503 1500 1502
f 1318 1101 1100
f 2661 1139 1142
f 2661 2663 2662
f 2662 2659 2661
f 2662 2622 2664
f 2664 911 2646
f 2648 2646 1146
f 2648 2662 2664
f 2083 2093 2081
f 1442 1437 1439
f 519 330 51
f 1885 1209 613
f 799 805 804
f 1946 1952 1953
f 1302 1253 1252
f 566 224 533
f 1389 928 1388
f 683 681 680
f 836 1842 2665
f 2665 1845 1303
f 2666 1303 1302
f 24 2665 2666
f 831 2650 832
f 1845 1304 1303
f 2010 2012 2011
f 1051 2667 2668
f 1522 1511 1523
f 531 441 522
f 782 1251 1250
f 1250 2625 2669
f 2669 1857 1856
f 783 1856 1037
f 782 2669 783
f 720 2671 721
f 1055 1930 1056
f 1333 1251 2251
f 619 1308 1307
f 652 2619 2634
f 521 1539 1540
f 1838 537 2672
f 2672 536 2641
f 1113 2641 1110
f 1113 1838 2672
f 1016 1351 1045
f 3897 570 3894
f 226 104 101
f 3564 3827 1818
f 1036 1884 1883
f 2674 1304 2673
f 2673 1844 2675
f 1334 2675 1039
f 1333 2673 1334
f 2676 1039 2675
f 1843 2675 1844
f 942 2676 1843
f 1074 702 2676
f 811 859 858
f 752 1055 753
f 1200 656 1026
f 1120 874 2677
f 2677 877 1052
f 1241 1052 1005
f 1119 2677 1241
f 1560 151 1515
f 1208 611 523
f 215 736 214
f 1460 1462 1461
f 1208 1839 873
f 854 1282 1297
f 72 182 179
f 544 1565 512
f 217 456 457
f 2047 930 945
f 1204 1937 2633
f 913 686 685
f 840 1113 1112
f 1531 730 561
f 2678 1283 801
f 601 1914 602
f 1537 459 460
f 1819 3509 3527
f 991 862 538
f 2679 1073 1830
f 2680 983 2256
f 779 2256 1263
f 778 2680 779
f 2678 1830 2680
f 180 245 40
f 1886 1131 1134
f 1138 1274 1255
f 1841 1140 1139
f 75 314 74
f 193 420 192
f 2681 1099 1098
f 170 1565 169
f 349 417 432
f 1121 2684 2683
f 547 409 302
f 123 121 120
f 2643 1142 1141
f 1542 513 1543
f 899 907 919
f 1210 676 867
f 791 982 892
f 24 837 836
f 893 932 931
f 1860 863 862
f 535 862 861
f 832 813 812
f 2650 813 832
f 1569 1547 1568
f 181 542 180
f 660 937 688
f 2013 568 2012
f 887 2631 2630
f 1524 361 78
f 520 162 1529
f 2653 854 2685
f 1238 2655 2686
f 718 527 530
f 1492 518 1491
f 792 615 793
f 599 1835 596
f 290 456 175
f 312 1552 425
f 1248 1179 1249
f 153 177 178
f 1240 1222 1221
f 1257 1235 1071
f 1291 1083 1222
f 1052 1277 1053
f 743 2618 1204
f 444 430 443
f 23 1172 1187
f 2687 1180 1179
f 102 409 134
f 1283 610 801
f 373 650 651
f 1180 1084 1291
f 855 2655 1237
f 1173 1917 1174
f 2689 853 2688
f 2688 1108 1279
f 2686 1279 1238
f 2687 2688 2686
f 2691 1252 2690
f 2690 850 2689
f 1248 2689 2687
f 1248 2691 2690
f 2692 24 2666
f 2691 2666 1302
f 1247 2692 2691
f 1258 617 2692
f 394 1555 393
f 2693 1259 1223
f 1072 1262 1261
f 1257 1168 1258
f 398 1555 1554
f 871 1314 872
f 1178 1249 1179
f 1224 1173 1172
f 1010 2618 742
f 1175 1292 1269
f 2654 2686 2655
f 2694 1216 1264
f 71 1487 70
f 701 1111 1038
f 1072 2649 2650
f 1085 22 21
f 895 1264 896
f 1601 1605 1604
f 1259 1271 1289
f 21 1220 1083
f 988 538 537
f 598 1336 1140
f 820 1762 821
f 1050 818 821
f 1298 1761 2652
f 1168 618 617
f 858 1256 833
f 39 516 1536
f 2652 819 814
f 313 315 314
f 2026 1971 2027
f 2656 596 1835
f 814 818 811
f 2696 813 2649
f 1260 2649 1261
f 2693 2696 1260
f 2697 2651 2696
f 381 390 380
f 3818 1611 1609
f 1475 1428 1227
f 1292 1917 1235
f 1551 354 1518
f 1526 1523 1511
f 1593 1595 1573
f 1232 1246 1249
f 2695 1223 22
f 2698 1296 2697
f 2698 2693 2695
f 2685 2695 1085
f 2685 1297 2698
f 562 271 272
f 2652 1296 1298
f 1365 1364 1363
f 1958 1953 1957
f 585 2210 997
f 1561 1515 435
f 975 1146 976
f 347 68 346
f 1038 636 1068
f 2700 780 2699
f 2699 1036 1883
f 2701 1883 1829
f 851 2699 2701
f 2674 2251 2702
f 2702 781 2700
f 1253 2700 851
f 1301 2702 1253
f 1519 388 1550
f 1273 1280 2703
f 2703 1107 852
f 2701 852 851
f 1829 2703 2701
f 91 326 90
f 1784 2656 1785
f 2683 2705 2704
f 604 3499 3533
f 1669 3548 1662
f 2062 2060 2059
f 621 861 622
f 2023 732 2024
f 686 1263 687
f 857 2668 1328
f 883 882 879
f 637 1111 1110
f 2668 893 1328
f 2667 894 2668
f 1039 1068 1334
f 313 1504 1505
f 1911 305 453
f 1936 1964 2212
f 2707 2401 2183
f 2708 2183 2182
f 738 2116 554
f 2349 2432 2436
f 2711 2020 2019
f 2400 2019 2186
f 2714 2716 2713
f 2717 2719 2720
f 2721 2723 2724
f 2726 2728 2725
f 2725 2730 2729
f 2731 2729 2709
f 2732 2725 2731
f 2734 2736 2733
f 2738 2740 2737
f 2737 2741 2742
f 2744 2746 2743
f 2745 2748 2747
f 2749 2747 2751
f 2753 2751 2752
f 2250 2246 2248
f 2754 1614 2755
f 3598 2755 3609
f 3608 2747 3609
f 1617 2755 1614
f 2242 1620 2757
f 2191 2760 2759
f 2761 2760 2762
f 3648 2761 3649
f 3623 2759 3648
f 3209 3223 3224
f 1395 2236 2235
f 1395 1636 1615
f 1616 2229 2233
f 1617 2763 2756
f 2756 3628 3608
f 2765 2234 1630
f 2766 3628 3622
f 3202 3246 3247
f 1516 435 1515
f 2768 3552 3553
f 1495 578 1424
f 2135 28 17
f 3526 2773 2774
f 1690 3926 3925
f 2778 2780 2777
f 2777 2781 2782
f 2784 2777 2783
f 3555 575 576
f 1494 9 540
f 3529 2015 3566
f 451 505 450
f 2786 2788 2785
f 2779 2785 2780
f 2789 2741 2740
f 2790 2752 2789
f 2792 2794 2791
f 2793 2796 2794
f 2796 2750 2749
f 2794 2749 2753
f 2798 1396 2754
f 3591 2754 3598
f 2798 2800 1393
f 3591 2799 2798
f 2797 2795 2801
f 2791 2753 2790
f 216 232 54
f 3804 2807 3803
f 3805 2804 3803
f 2769 3557 3552
f 183 184 97
f 2811 2775 2776
f 2804 2776 2805
f 2809 2811 2804
f 2812 2813 2814
f 3805 2816 3795
f 3796 2815 3795
f 3798 2820 2821
f 3793 2819 3798
f 2824 2735 2819
f 2823 2824 2819
f 2825 2826 2724
f 3793 2827 3792
f 3796 2826 3792
f 2713 2829 2828
f 2828 2831 2830
f 2822 2828 2830
f 2821 2713 2828
f 2832 2822 2830
f 2833 2830 2831
f 2834 2832 2833
f 2835 2827 2832
f 2837 2839 2836
f 2836 2841 2840
f 2842 2840 2727
f 2843 2836 2842
f 2840 2845 2844
f 2718 2845 2719
f 2730 2844 2718
f 2727 2844 2728
f 2846 2719 2845
f 2846 2841 2847
f 2829 2847 2831
f 2829 2716 2846
f 2847 2839 2848
f 2848 2838 2849
f 2833 2849 2834
f 2831 2848 2833
f 2850 2851 2852
f 2853 2852 2854
f 2783 2782 2855
f 2785 2853 2856
f 2780 2856 2781
f 2857 2855 2782
f 2859 2782 2781
f 2861 2842 2860
f 2860 2727 2726
f 2862 2726 2732
f 2863 2860 2862
f 2861 2858 2857
f 2843 2857 2859
f 2856 2854 2864
f 2781 2864 2859
f 2837 2859 2864
f 2838 2864 2854
f 2852 2834 2849
f 2854 2849 2838
f 2865 2818 2835
f 2851 2835 2834
f 2813 2815 2865
f 2814 2865 2851
f 2866 2814 2850
f 2788 2850 2853
f 2866 2787 2867
f 2812 2867 2775
f 1892 1890 1891
f 2720 2846 2870
f 298 256 257
f 2872 2713 2820
f 3794 2735 2734
f 2729 2874 2873
f 2846 2715 2870
f 2876 2878 2875
f 2733 2878 2734
f 3806 2879 2880
f 3806 2872 3794
f 2882 2884 2881
f 2881 2715 2714
f 2880 2714 2872
f 2879 2881 2880
f 2885 2887 2888
f 2888 2890 2885
f 2885 2892 2891
f 2893 2885 2891
f 1942 2532 2894
f 2895 2720 2870
f 2884 2870 2715
f 2883 2895 2884
f 2896 2892 2895
f 2889 2717 2890
f 2890 2720 2892
f 2897 2891 2896
f 2898 2896 2883
f 2899 2883 2882
f 2900 2882 2879
f 3797 2879 3807
f 2876 2901 2877
f 2901 2904 2903
f 1785 1835 1834
f 2905 2899 2900
f 2907 2897 2898
f 3797 2903 3799
f 632 577 633
f 3532 2867 2787
f 434 550 350
f 2768 3640 3643
f 2910 1623 2249
f 2241 2758 2242
f 3640 2913 3652
f 1623 2757 1620
f 3587 2757 3652
f 2229 1380 2250
f 2765 1629 2914
f 2915 1629 2912
f 3642 2914 2915
f 3641 2765 2914
f 2919 3642 3613
f 2918 2912 2241
f 3614 2241 3586
f 3618 3613 3670
f 3541 2180 3496
f 3521 2188 3506
f 3705 714 3851
f 2925 2917 2924
f 2924 2916 2919
f 3610 2919 3618
f 3611 2924 3610
f 2926 2766 2925
f 3658 2925 3611
f 1715 1705 1710
f 785 498 796
f 1387 565 1791
f 374 1899 560
f 3573 2206 3556
f 2929 2886 2893
f 2932 2934 2931
f 1905 1908 1907
f 2930 2936 2937
f 2938 2930 2929
f 1493 517 518
f 1603 1586 1602
f 2939 2929 2908
f 2940 2908 2907
f 3665 1600 3661
f 2886 2937 2887
f 2906 2898 2899
f 2908 2893 2897
f 2942 2933 2941
f 2941 2937 2936
f 3501 2936 3513
f 3498 2941 3501
f 2943 2710 2873
f 2943 2874 2889
f 2945 2889 2888
f 2946 2943 2945
f 2932 2888 2887
f 2931 2945 2932
f 727 1929 728
f 2903 2947 2948
f 545 42 262
f 1480 533 251
f 2907 2949 2940
f 2906 2950 2949
f 1558 215 202
f 3799 2948 3801
f 2054 1644 2118
f 3705 2203 3573
f 1828 1849 1827
f 2953 2955 2952
f 2952 2957 2956
f 2956 2258 2952
f 2953 2258 2257
f 2454 2474 2496
f 3747 2959 3766
f 3747 2131 3737
f 2961 2963 2958
f 2958 2964 2959
f 222 2485 2965
f 2477 2966 2608
f 2631 2006 1859
f 2384 2496 2497
f 2967 2959 2964
f 2968 2970 2969
f 3759 2971 3784
f 3784 2960 3766
f 2972 2033 2032
f 2007 2973 2008
f 3560 2134 2133
f 1836 1832 1831
f 3506 2090 3551
f 955 959 956
f 672 674 673
f 633 713 632
f 2024 733 803
f 2025 803 798
f 425 1550 388
f 2975 888 887
f 1319 1157 2694
f 1212 2977 1213
f 889 2228 2227
f 1978 1975 1979
f 1138 1329 915
f 751 2979 2978
f 1619 1625 1624
f 2252 1728 1727
f 1157 845 1216
f 2706 1938 2617
f 2980 2254 2981
f 2982 887 2630
f 802 711 2679
f 678 2029 2028
f 527 690 528
f 1839 2629 1840
f 2983 602 1914
f 2983 1913 1331
f 2985 1331 1054
f 2986 2983 2985
f 2987 2635 2634
f 2985 2639 2986
f 2990 1318 2989
f 2991 2993 2994
f 2995 2994 2996
f 1106 2991 2995
f 1058 2992 2991
f 1415 1365 1367
f 1317 2217 2997
f 1932 2255 2980
f 926 2999 664
f 3001 2992 3000
f 3000 1057 2978
f 2999 2978 2979
f 2998 3000 2999
f 3002 2209 3003
f 3002 2996 2994
f 2993 3002 2994
f 3001 2998 3002
f 1103 2995 3004
f 3004 2996 3003
f 2209 3004 3003
f 588 3004 2210
f 295 433 381
f 2638 2988 3005
f 3005 1056 1930
f 1305 1930 1306
f 1276 3005 1305
f 1987 1993 1989
f 2633 1761 2645
f 1423 1417 1419
f 3561 739 703
f 2671 2704 2705
f 1473 2035 1472
f 922 2694 895
f 1401 1378 1384
f 556 1884 1037
f 842 3825 3836
f 1854 2617 1010
f 933 1081 1075
f 1440 1436 1437
f 529 719 530
f 1031 1027 1028
f 777 912 1871
f 2645 1204 2633
f 441 1538 1537
f 790 587 586
f 2065 1610 1607
f 1860 990 902
f 60 87 59
f 1424 1948 1947
f 332 1507 331
f 261 138 135
f 187 449 507
f 1719 1726 1725
f 1931 1059 3006
f 3006 1105 1104
f 1287 1104 587
f 1286 3006 1287
f 3007 3009 3010
f 3009 653 795
f 618 26 25
f 2029 1210 1209
f 957 600 2228
f 1049 2228 600
f 2631 3011 2561
f 890 2227 3011
f 3011 2145 3012
f 2561 3012 2375
f 1026 609 608
f 2706 1961 1964
f 3013 2485 3014
f 2148 1267 3015
f 3015 1266 1311
f 2997 1101 1317
f 642 1773 1193
f 186 461 511
f 1041 1320 901
f 1121 3017 1122
f 2984 2987 3018
f 3018 2634 2619
f 1048 3018 2619
f 603 2984 3018
f 2679 801 802
f 2062 2074 2061
f 2061 2076 2064
f 414 1545 1965
f 3016 2683 3019
f 3019 2704 2670
f 3020 2670 720
f 3007 3019 3020
f 1871 1091 777
f 3021 1122 3017
f 3022 3017 3010
f 1314 3022 1315
f 1784 3021 1314
f 1316 1763 611
f 3023 3010 3009
f 3023 795 1092
f 1763 1092 1125
f 1315 3023 1763
f 3016 3010 3017
f 752 2978 1057
f 2986 2637 2987
f 3024 653 3008
f 3020 3008 3007
f 720 3024 3020
f 723 654 3024
f 2681 1268 3025
f 2671 1268 721
f 2705 3025 2671
f 1313 3027 1311
f 3026 3029 3027
f 3027 3030 3031
f 1311 3031 3015
f 2012 731 2023
f 917 974 977
f 743 856 744
f 1888 2030 1425
f 2682 2684 3032
f 3032 1124 2989
f 1100 2989 1318
f 1099 3032 1100
f 1123 2989 1124
f 3033 1159 1158
f 2990 1158 1319
f 1123 3033 2990
f 1786 1834 3033
f 1054 2988 2985
f 2979 664 2999
f 2623 2663 2643
f 1095 688 687
f 3034 2261 2956
f 3036 2956 2957
f 3037 3034 3036
f 3038 3035 3034
f 3040 3026 1313
f 2263 3041 3040
f 3042 3043 3041
f 3041 3028 3026
f 3044 3043 3039
f 3046 3045 3044
f 3047 3049 3045
f 3043 3049 3028
f 3038 3051 3050
f 3050 3053 3052
f 3052 3044 3050
f 3039 3050 3044
f 3054 3039 3042
f 3042 2262 3054
f 2261 3054 2262
f 2216 2997 2217
f 2212 2667 1936
f 3056 2209 3055
f 934 1961 1854
f 2013 3757 567
f 3058 3060 3061
f 3059 3063 3060
f 3060 2213 1963
f 3061 1963 1962
f 3063 2214 2213
f 3062 3064 3063
f 3065 2260 3064
f 3064 2215 2214
f 3066 3031 3030
f 2608 3067 3066
f 2966 3068 3067
f 3031 3068 3015
f 2455 2461 2474
f 2476 2226 2477
f 3551 2089 3525
f 3526 3769 3786
f 433 355 381
f 2115 1419 2123
f 3509 2922 3527
f 3769 2131 2134
f 3069 2167 2166
f 2971 2928 2960
f 2961 2773 2962
f 3070 2478 2483
f 2610 3071 2954
f 2502 2374 2386
f 3072 2595 3073
f 2964 3052 2967
f 3048 3074 3049
f 2593 3075 3074
f 3075 3029 3074
f 3074 3028 3049
f 3072 3075 2592
f 3076 2482 2481
f 2481 3066 3076
f 3076 3030 3075
f 2967 3053 2970
f 2482 3073 2483
f 479 493 494
f 706 3873 709
f 3561 2221 3517
f 2013 3754 3755
f 3533 2016 3529
f 3562 2222 2974
f 1171 1155 1176
f 2586 2565 2587
f 2982 113 2484
f 2562 3077 3068
f 2376 3012 3077
f 3012 2148 3077
f 3077 3015 3068
f 2963 3046 2964
f 3051 2970 3053
f 1683 491 775
f 3850 1447 3860
f 1986 3734 3768
f 3079 2546 2575
f 3081 2575 2576
f 1983 3768 3765
f 3082 2319 2545
f 3080 2545 2546
f 3734 3082 3080
f 3732 2323 3082
f 1309 1888 748
f 3073 2772 2771
f 2760 3084 2762
f 2760 2088 3083
f 3085 3086 3087
f 3089 3090 3088
f 3089 3084 3085
f 3092 3090 3091
f 3093 2744 2743
f 2751 2748 3093
f 3093 2752 2751
f 2742 3093 3094
f 3094 2743 3095
f 3096 3098 3087
f 3099 3087 3086
f 3097 3095 3098
f 3100 2746 3101
f 3101 3102 3100
f 2764 2927 3101
f 2745 3101 2746
f 3102 3091 3100
f 3100 3095 2743
f 2869 3592 3634
f 3102 3104 3092
f 3658 2869 3634
f 2927 3103 3102
f 3098 3091 3090
f 3087 3090 3085
f 2088 3105 3083
f 3083 3086 3084
f 2483 2771 3070
f 2401 2185 2321
f 3099 3105 3106
f 2125 3106 3105
f 3108 2742 3107
f 3107 3094 3097
f 3110 3107 3109
f 3109 3097 3096
f 3111 3096 3099
f 3112 3109 3111
f 3113 2737 3108
f 3115 2722 3114
f 3117 3114 3116
f 3119 3116 3118
f 3118 3120 3121
f 3116 3113 3120
f 3122 3111 3123
f 3122 1755 1754
f 3124 3126 3127
f 3125 3121 3126
f 3128 3118 3125
f 3129 3125 3124
f 2020 3128 3129
f 3853 1346 1352
f 1065 1047 1066
f 1814 3830 1649
f 2021 3129 3130
f 3111 3106 3123
f 3123 2207 1755
f 2377 2224 2973
f 3014 113 112
f 1756 3782 3767
f 3131 2530 2528
f 3133 2528 2529
f 1753 3767 3775
f 3134 3127 3135
f 2327 2314 2313
f 2436 2317 2349
f 2018 3711 3712
f 2534 3137 2535
f 2320 3136 2534
f 2185 3712 3771
f 3138 2542 2539
f 3134 3744 3745
f 3785 3134 3745
f 3140 2539 2538
f 2535 3140 2538
f 3711 3130 3785
f 2558 3132 3141
f 3782 3141 3132
f 2560 3141 3142
f 3760 3142 3141
f 958 2976 2981
f 1933 2980 3143
f 2399 2418 2416
f 2348 2343 2432
f 2322 2319 2323
f 2718 2874 2730
f 2709 2873 2710
f 2894 1361 1942
f 346 176 347
f 1876 1882 1881
f 2802 3607 3592
f 3104 3088 3092
f 2974 3649 3603
f 3089 2761 2762
f 3088 3145 3089
f 2803 3603 3607
f 3870 692 628
f 2123 1418 2126
f 1365 1368 1367
f 1581 1782 1783
f 3569 2129 3520
f 3555 2002 3521
f 3146 2551 3147
f 3751 3147 3750
f 3742 3146 3751
f 3149 2585 3146
f 3196 3197 3195
f 3604 2191 3623
f 3142 2556 2560
f 3777 3150 3142
f 3646 2550 3593
f 3150 2555 2556
f 3778 3151 3150
f 3788 3152 3646
f 3153 2551 2549
f 3152 2549 2550
f 3781 3153 3152
f 3776 3147 3153
f 3148 2206 2205
f 2183 2321 2184
f 2132 2928 2133
f 3684 2204 2203
f 3719 2197 3721
f 2594 2773 2951
f 2595 2951 2772
f 1870 799 1869
f 3713 2178 3706
f 3706 3736 3790
f 336 3774 3722
f 339 3154 336
f 3789 3149 3742
f 3683 2584 3149
f 2963 3048 3047
f 3722 337 336
f 339 2566 2586
f 3156 2168 2167
f 2610 2167 2611
f 2954 3156 2610
f 3157 2953 2257
f 3707 2169 3709
f 2567 3159 2568
f 337 2567 338
f 3730 2166 3707
f 3764 1983 3765
f 2579 3081 2576
f 2568 3160 2579
f 3709 2190 3764
f 3065 3162 3161
f 3161 1984 2189
f 3157 2189 2168
f 2257 3161 3157
f 734 1922 806
f 3059 2708 3163
f 3163 2182 1985
f 3162 1985 1984
f 3062 3163 3162
f 3203 3205 3204
f 2122 1448 1447
f 3817 1685 3812
f 139 444 69
f 1570 566 533
f 2957 3165 3036
f 2955 3164 2957
f 1912 341 1973
f 3130 3124 3134
f 1548 319 1547
f 1949 1327 1887
f 2969 3078 3167
f 3167 3169 3168
f 3724 2017 3720
f 3720 2033 3759
f 3168 3165 3170
f 3170 3164 3171
f 3779 3171 3756
f 3724 3170 3779
f 3171 3166 3172
f 3172 3071 3173
f 3752 3173 3749
f 3756 3172 3752
f 3169 3036 3165
f 2593 2962 2594
f 3173 2609 3174
f 3174 2199 2198
f 3783 2198 3719
f 3749 3174 3783
f 2190 1984 1983
f 2196 2767 3148
f 2119 1414 1448
f 1464 1466 1465
f 2199 3069 2200
f 2457 2587 2565
f 2226 2562 2966
f 481 1627 1639
f 333 235 236
f 3078 3037 3169
f 3040 2997 2263
f 2219 1933 2220
f 2385 2497 2503
f 221 3175 2484
f 2220 3143 3175
f 3175 2976 2975
f 2484 2975 2982
f 2954 3166 2955
f 2630 110 2982
f 1547 1952 1955
f 2091 2188 2187
f 3733 2178 2177
f 1918 1927 1926
f 3563 111 3511
f 955 960 954
f 2037 112 3563
f 3143 2981 2976
f 2218 2214 2215
f 672 3787 3541
f 2152 3014 2037
f 1147 1143 1145
f 2248 1409 2245
f 1615 1635 1616
f 1410 2246 2247
f 3241 3242 3240
f 3177 1383 1382
f 2238 3176 1382
f 3176 2230 3178
f 1410 3179 1407
f 3179 2243 1407
f 1633 2800 2249
f 1621 2758 2912
f 1622 2245 1634
f 2236 3181 3182
f 2237 3182 3183
f 2250 2233 2229
f 2912 1628 1621
f 135 1564 1563
f 1567 512 1565
f 1085 2653 2685
f 3184 868 3056
f 869 3057 934
f 1266 1098 1312
f 1267 722 721
f 937 2646 936
f 2146 722 2147
f 2211 921 2667
f 1957 507 449
f 1313 2264 3040
f 1496 1493 1492
f 2681 2705 2682
f 2887 2933 2932
f 1687 1659 1694
f 145 1498 81
f 1317 1319 2694
f 37 418 71
f 1935 3185 2977
f 104 301 103
f 2101 2083 2084
f 543 360 207
f 1934 3186 3185
f 234 212 237
f 3845 1822 1824
f 1976 1874 1974
f 223 2219 220
f 3655 3605 3612
f 468 773 2165
f 1935 1728 1932
f 3240 3226 3235
f 3261 3250 3260
f 3215 3244 3264
f 3265 3215 3264
f 3267 3198 3196
f 3205 3269 3255
f 3214 3265 3270
f 3271 3214 3192
f 3251 3239 3236
f 3222 3266 3272
f 3232 3234 3233
f 3216 3243 3244
f 3196 3268 3267
f 3244 3254 3255
f 3238 3247 3246
f 3264 3255 3269
f 3253 3216 3217
f 3211 3221 3265
f 3257 3218 3256
f 3258 3272 3259
f 3274 3280 3273
f 3228 3262 3263
f 3275 3281 3280
f 3226 3273 3280
f 3236 3260 3251
f 3281 3236 3237
f 3287 3192 3189
f 3235 3280 3234
f 3234 3281 3237
f 3288 3259 3272
f 3260 3276 3251
f 3289 3278 3284
f 3210 3224 3283
f 3199 3201 3200
f 3228 3230 3229
f 3290 3285 3286
f 3282 3271 3287
f 3260 3262 3261
f 3243 3268 3254
f 3267 3241 3232
f 3194 3208 3193
f 3191 3269 3206
f 3270 3192 3214
f 3275 3230 3231
f 3264 3270 3265
f 3252 3276 3291
f 3248 3291 3223
f 3213 3279 3277
f 3272 3289 3288
f 3277 3212 3213
f 3228 3281 3231
f 3220 3253 3219
f 3219 3217 3257
f 3256 3222 3258
f 3247 3252 3248
f 3245 3232 3233
f 3266 3212 3289
f 3208 3255 3254
f 3288 3284 3285
f 3204 3208 3207
f 560 3187 559
f 3209 3201 3202
f 3189 3191 3190
f 448 807 447
f 647 122 270
f 1833 1780 1832
f 510 508 507
f 3210 1887 3201
f 1887 3200 3201
f 15 3197 3200
f 16 3195 3197
f 3195 3187 3194
f 3194 1899 3207
f 3207 375 3204
f 387 126 127
f 3189 1760 3287
f 3577 757 758
f 763 2172 2175
f 3583 3580 3581
f 3581 3579 3578
f 3594 3596 3595
f 3400 3602 3401
f 3626 3625 3627
f 3631 3599 3601
f 3636 3595 3596
f 3647 3588 3645
f 3650 3584 3647
f 3653 3580 3651
f 3653 3654 3579
f 1801 3656 3655
f 3651 3582 3650
f 3644 3595 3637
f 1767 3659 3660
f 1597 3661 1600
f 1708 3665 3664
f 3671 3667 3666
f 3666 3673 3672
f 1588 3664 1587
f 2080 3666 2082
f 2082 3672 2084
f 3674 3635 3631
f 3677 3636 3635
f 3682 3645 3681
f 3692 3650 3686
f 3681 3644 3680
f 786 3692 785
f 3694 3651 3692
f 785 3686 497
f 497 3682 650
f 650 3681 564
f 3696 3681 3680
f 3405 3605 3402
f 3702 3678 3677
f 3699 3679 3678
f 3645 3638 3644
f 1799 3659 1768
f 3708 3458 3460
f 3462 3708 3460
f 3714 564 3696
f 3615 3602 3600
f 3710 3696 3698
f 3635 3596 3599
f 3629 3627 3630
f 3597 3599 3596
f 3630 3715 3629
f 3627 3597 3594
f 3717 3723 3718
f 3715 3660 3629
f 3716 3725 3715
f 3668 3661 3725
f 3668 3717 3667
f 3667 3718 3673
f 3727 3673 3718
f 3728 3672 3673
f 3726 3718 3723
f 1576 2084 3672
f 3727 3731 3729
f 3203 1387 3190
f 3190 1791 3189
f 3283 1949 3210
f 317 259 391
f 2000 3653 3694
f 3601 3600 3602
f 3589 3584 3585
f 3577 756 2170
f 3585 3582 3583
f 3678 3637 3636
f 3204 376 3203
f 1801 3657 1799
f 3729 3728 3727
f 1575 3738 1088
f 3735 1576 3728
f 1776 1796 1775
f 1293 1290 1284
f 1326 1327 12
f 1294 1234 1290
f 878 1330 1337
f 497 374 498
f 122 413 121
f 3699 3704 3708
f 3606 3401 3602
f 3708 3698 3699
f 3464 3710 3462
f 3704 3443 3458
f 439 399 438
f 1512 1526 1511
f 1668 1738 1671
f 839 1362 838
f 1362 826 1012
f 3843 1896 3815
f 2053 2118 2117
f 3888 2120 2119
f 696 3816 3831
f 1826 639 640
f 3740 3729 3731
f 956 886 960
f 1980 1922 807
f 33 105 164
f 1343 3856 3857
f 3907 2128 3902
f 1766 1582 1594
f 14 2163 738
f 595 99 594
f 3233 3246 3245
f 1346 1044 1352
f 748 1425 747
f 3193 3254 3268
f 3190 3206 3203
f 3612 3606 3615
f 3624 3615 3625
f 3631 3443 3674
f 3679 3644 3637
f 3686 3647 3682
f 3702 3674 3704
f 3625 3600 3597
f 3601 3415 3631
f 3739 3735 3729
f 3630 3594 3741
f 3741 3716 3630
f 1284 1288 1285
f 3698 3680 3679
f 1778 1780 1779
f 1792 1584 1789
f 695 571 694
f 3638 3594 3595
f 3741 3588 3589
f 3247 3209 3202
f 3292 3294 3295
f 3296 3298 3299
f 3299 3300 3301
f 3302 3304 3305
f 3306 3308 3309
f 3307 3311 3308
f 3303 3301 3300
f 3312 3304 3313
f 3314 3316 3317
f 3318 3320 3321
f 3324 3321 3325
f 3326 3328 3323
f 3329 3331 3332
f 3333 3335 3336
f 3337 3339 3340
f 3333 3341 3342
f 3342 3343 3344
f 3319 3344 3343
f 3338 3334 3339
f 3346 3302 3347
f 3305 3347 3302
f 3312 3223 3349
f 3350 3340 3351
f 3312 3348 3305
f 3352 3341 3326
f 3311 3354 3308
f 3341 3327 3326
f 3359 3361 3362
f 3360 3250 3249
f 3318 3345 3319
f 3364 3318 3324
f 3314 3324 3365
f 3366 3301 3346
f 3299 3367 3296
f 3308 3368 3309
f 3369 3295 3294
f 3317 3364 3314
f 3370 3317 3316
f 3325 3365 3324
f 3352 3319 3343
f 3296 3353 3311
f 3297 3311 3310
f 3363 3354 3345
f 3345 3353 3344
f 3344 3367 3342
f 3366 3342 3367
f 3347 3334 3346
f 3339 3348 3340
f 3348 3351 3340
f 3363 3369 3368
f 3294 3368 3369
f 3293 3309 3294
f 3331 3374 3332
f 3346 3333 3366
f 3323 3352 3326
f 3356 3321 3320
f 3355 3325 3321
f 3357 3371 3325
f 3322 3320 3352
f 3361 3329 3362
f 3373 3375 3374
f 3374 3376 3332
f 3329 3376 3362
f 3327 3372 3328
f 3336 3375 3327
f 3335 3376 3375
f 3376 3337 3362
f 3337 3359 3362
f 3359 3276 3250
f 3377 3295 3370
f 3277 3315 3278
f 3371 3379 3365
f 3378 3358 3380
f 3365 3315 3314
f 3316 3279 3370
f 3282 3370 3279
f 3313 3224 3312
f 3378 3284 3379
f 3380 3285 3378
f 3379 3278 3315
f 3276 3351 3291
f 3291 3349 3223
f 3313 2965 3013
f 2965 3303 222
f 222 3300 223
f 223 3298 3186
f 3298 3185 3186
f 3297 2977 3185
f 3310 1213 2977
f 3307 1214 1213
f 2532 3306 3293
f 2894 3293 3292
f 2871 3292 3377
f 3253 3240 3242
f 3283 3013 2152
f 1997 1889 1892
f 1237 744 855
f 1535 120 121
f 1531 201 214
f 1119 1032 984
f 946 824 947
f 163 5 162
f 3589 3723 3741
f 1155 1162 1164
f 427 327 424
f 553 796 498
f 3381 2231 2237
f 3381 2230 2232
f 2237 3180 3381
f 3383 3385 3382
f 3384 3387 3385
f 3386 3389 3387
f 3388 3391 3389
f 3392 3394 3395
f 3395 3396 3397
f 3398 3397 3396
f 3400 3399 3398
f 3403 3405 3402
f 3406 3404 3403
f 3408 3407 3406
f 3410 3409 3408
f 3412 3411 3410
f 3415 3398 3414
f 3414 3396 3416
f 3416 3394 3417
f 3417 3393 3418
f 3393 3420 3418
f 3419 3421 3420
f 3390 3422 3421
f 3388 3423 3422
f 3386 3424 3423
f 3384 3425 3424
f 3425 3426 3184
f 2904 3428 2947
f 3429 2904 2902
f 3430 2902 2876
f 2875 3430 2876
f 3432 2733 2736
f 2825 3435 2824
f 3437 3439 3436
f 3441 3436 3440
f 2724 3434 2825
f 3436 3115 3117
f 3440 3117 3119
f 3443 3414 3442
f 3442 3416 3444
f 3444 3417 3445
f 3445 3418 3446
f 3446 3420 3447
f 3420 3448 3447
f 3421 3449 3448
f 3422 3450 3449
f 3423 3451 3450
f 3424 3452 3451
f 3425 3056 3452
f 3451 2253 2252
f 3450 2252 1727
f 3449 1727 2150
f 3448 2150 1941
f 3453 3448 1941
f 3454 3447 3453
f 3455 3446 3454
f 3456 3445 3455
f 3442 3456 3457
f 3443 3457 3458
f 3459 3458 3457
f 3457 3455 3459
f 3459 3454 3461
f 3462 3459 3461
f 3461 3453 3463
f 3464 3461 3463
f 3463 1941 1360
f 3404 3401 3405
f 3407 3399 3404
f 3409 3397 3407
f 3411 3395 3409
f 3465 3413 3412
f 3467 3469 3466
f 3465 3431 3433
f 3470 3466 3465
f 3438 3432 3435
f 3467 3438 3437
f 3468 3437 3441
f 3471 3468 3472
f 3472 3441 3473
f 3473 3440 2712
f 2712 3119 3128
f 3475 3472 3474
f 3474 3473 3476
f 3476 2712 2711
f 3477 2711 2400
f 3478 3476 3477
f 3479 3474 3478
f 3392 3413 3480
f 3466 3480 3413
f 3419 3392 3480
f 3390 3480 3391
f 3469 3391 3480
f 3389 3471 3475
f 3387 3475 3479
f 3385 3479 3481
f 3482 2400 2402
f 3483 3477 3482
f 3481 3478 3483
f 3484 2402 2707
f 3058 2707 2708
f 3061 3484 3058
f 3485 3482 3484
f 3382 3481 3486
f 3486 3483 3485
f 3426 3382 3487
f 3487 3486 1962
f 3486 3061 1962
f 1961 3487 1962
f 3057 3426 3487
f 3428 3402 3488
f 3427 3403 3428
f 3429 3406 3427
f 3430 3408 3429
f 3431 3410 3430
f 3470 3433 3432
f 3434 3438 3435
f 2723 3439 3434
f 2875 3433 3431
f 2736 3435 3432
f 2947 3488 3500
f 3464 1360 3497
f 1900 1924 1901
f 1736 1718 1750
f 1955 1943 1956
f 1671 1735 1751
f 1696 1698 1692
f 1800 1864 1801
f 2063 2056 2060
f 1737 1717 1736
f 1751 1697 1695
f 943 3899 684
f 3656 3402 3605
f 1577 1764 1703
f 3917 1599 3923
f 1945 82 1944
f 68 7 248
f 147 1543 148
f 1109 1133 1102
f 1503 1907 1908
f 1499 1909 1498
f 452 735 215
f 1824 3835 3845
f 1825 2068 1824
f 1463 1022 1194
f 841 1009 1011
f 1568 1955 1534
f 1926 1927 1923
f 1910 1502 1939
f 1939 422 442
f 309 1940 308
f 1804 1866 1803
f 269 1954 56
f 2065 2060 2056
f 3812 1758 3835
f 280 552 1940
f 1875 1869 1874
f 1739 1734 1737
f 1778 1790 1788
f 310 1915 279
f 1909 1906 1954
f 1789 1778 1788
f 978 980 979
f 1584 1731 1583
f 425 311 312
f 148 115 116
f 2044 3894 2046
f 277 1939 551
f 1943 1945 1944
f 1461 1463 1464
f 2253 3056 3055
f 2981 3489 958
f 2209 3489 3055
f 2254 3055 3489
f 2998 958 3489
f 2826 2721 2724
f 3490 2721 2817
f 2816 3490 2817
f 2334 2296 2335
f 2298 2334 2336
f 2301 2336 2338
f 2311 2338 2354
f 2312 2354 2355
f 2359 2361 2360
f 2335 2359 2360
f 2414 2365 2364
f 2413 2361 2365
f 2355 2540 2541
f 2541 2539 2542
f 2722 2739 2738
f 3114 2738 3113
f 3110 3121 3120
f 3108 3120 3113
f 3122 3127 3126
f 3112 3126 3121
f 3127 1753 3135
f 3139 2529 2542
f 3744 3133 3139
f 3490 2740 2739
f 3491 2789 3490
f 228 91 88
f 245 243 242
f 248 247 191
f 2 296 295
f 145 300 267
f 327 210 328
f 329 331 330
f 250 228 236
f 239 240 230
f 373 375 374
f 178 176 175
f 1218 1228 1321
f 3862 1295 3854
f 808 824 823
f 3858 1013 1014
f 3813 1411 1413
f 2154 2159 2160
f 3845 1758 1757
f 306 1922 452
f 2157 1976 1977
f 708 2031 1474
f 1450 1227 1428
f 1672 1605 1624
f 1813 1821 1816
f 1717 1715 1718
f 176 402 347
f 1710 3916 3915
f 1712 1577 1711
f 1705 1711 1704
f 971 979 970
f 822 1094 1102
f 2909 2793 2792
f 2810 2795 2793
f 2799 2249 2800
f 3662 2910 2799
f 2769 2801 2795
f 3177 3178 3179
f 3178 3180 3179
f 3181 1393 2800
f 3181 1632 3182
f 3182 2244 3183
f 3183 2243 3180
f 3492 2790 3491
f 2808 3491 2816
f 2239 3572 2240
f 1149 3571 3570
f 1150 3567 3571
f 2202 3566 2015
f 2921 3565 2923
f 3568 2133 2928
f 1777 1759 1792
f 1201 1183 1184
f 3561 2195 2194
f 3553 2770 2768
f 3927 1687 1692
f 1516 154 503
f 3549 2974 2803
f 3550 2779 2778
f 2771 3575 3546
f 3070 3546 3558
f 3547 2775 2867
f 1376 1370 1372
f 2767 3556 2206
f 2195 3543 2767
f 2775 3542 2776
f 3377 3545 2871
f 3804 3539 2806
f 2776 3538 2805
f 2240 3535 2920
f 2920 3669 3619
f 3548 2786 2779
f 1805 1851 1804
f 3534 2787 2786
f 2951 3540 3531
f 2772 3531 3575
f 2973 3530 3536
f 2224 3537 3530
f 1957 320 510
f 306 304 303
f 2770 3528 2913
f 2913 3574 2239
f 2923 3527 2922
f 308 431 47
f 207 132 543
f 1879 1881 1880
f 3733 3525 2089
f 2475 3558 3524
f 2476 3524 3523
f 2223 3523 3537
f 3522 2803 2802
f 2037 11 1950
f 1959 450 505
f 2003 3520 2129
f 9 334 540
f 2009 3518 3567
f 2008 3536 3518
f 3877 673 3879
f 3515 2778 2784
f 2935 3513 2936
f 111 3570 3511
f 3510 2935 2938
f 683 3885 943
f 3508 2810 2909
f 736 732 729
f 1795 1803 1796
f 3505 2938 2939
f 3507 2939 2940
f 2950 3504 2949
f 2940 3504 3507
f 3801 3512 2950
f 2868 3502 2869
f 2869 3522 2802
f 1024 1023 1020
f 3500 2948 2947
f 551 442 443
f 2972 3568 2928
f 2032 3499 2972
f 216 1924 1923
f 203 201 200
f 1828 1847 1837
f 1958 449 450
f 272 178 175
f 2871 3495 1361
f 3619 3564 2921
f 2801 3643 3662
f 2005 3654 2176
f 960 899 962
f 3657 3612 3624
f 3780 3646 3151
f 3151 3593 2555
f 2193 3623 2194
f 3607 3145 3144
f 3603 2761 3145
f 3592 3144 3104
f 2926 3634 3103
f 3634 3104 3103
f 3755 3746 3753
f 566 3758 2005
f 3488 1864 3500
f 1602 2079 2078
f 2868 3611 2922
f 2922 3610 2923
f 2923 3618 2921
f 3670 2918 3614
f 3619 3614 2920
f 2921 3670 3619
f 2920 3586 2240
f 3613 2915 2918
f 2917 3622 3641
f 2916 3641 3642
f 2239 3652 2913
f 2911 3652 2757
f 3643 2911 2910
f 2797 3662 3591
f 2797 3598 2750
f 3622 2763 2765
f 3608 2764 2745
f 2194 3648 2221
f 2221 3649 2222
f 2756 3609 2755
f 2750 3609 2747
f 3669 1817 3827
f 3763 1691 1699
f 2515 3590 2548
f 2548 3593 2550
f 2513 3632 3616
f 2513 3621 2515
f 2509 3620 2289
f 2510 3633 2509
f 2289 3639 2283
f 2283 3617 2286
f 2240 3587 2239
f 3659 3624 3626
f 716 3887 3888
f 727 3761 1923
f 2165 2170 2164
f 3660 3626 3629
f 3743 3578 3757
f 2175 769 770
f 2100 2095 2099
f 3758 3757 3578
f 640 3568 1826
f 1653 3553 1651
f 1895 3530 746
f 746 3537 741
f 1653 3528 3576
f 3762 1604 1672
f 2093 2073 2078
f 959 995 884
f 962 919 986
f 1400 1398 1399
f 1000 1127 1004
f 956 884 885
f 1662 3550 1661
f 2034 3546 1654
f 3926 3539 3802
f 3535 766 1817
f 3572 765 766
f 334 3571 335
f 1868 3540 1656
f 1684 1652 1678
f 1682 775 1807
f 1585 3762 1700
f 3763 1672 1673
f 2173 490 491
f 1658 3547 1752
f 3556 1650 724
f 1571 2010 1572
f 1587 3671 2080
f 2099 2077 2094
f 787 1999 786
f 2000 786 1999
f 3155 3697 3683
f 3713 3683 3789
f 2180 3685 3684
f 3496 3684 3705
f 1684 3840 1651
f 1760 3495 3545
f 2607 3693 2590
f 2581 3689 2607
f 2371 3700 3695
f 2371 3693 2372
f 2587 3675 2586
f 2586 3697 339
f 2497 3687 2503
f 2502 3687 3700
f 2494 3690 2495
f 3690 2472 2495
f 3688 2468 2472
f 3701 2469 2468
f 726 3892 630
f 581 3518 580
f 10 3570 334
f 1837 3510 1849
f 741 3523 1300
f 1299 3558 2034
f 1851 3504 1866
f 3527 1820 1819
f 580 3536 1895
f 1758 3522 3502
f 1693 3508 1806
f 3504 1867 1866
f 1894 3568 3499
f 2126 3813 3841
f 3906 3841 3912
f 2113 3867 2110
f 2179 3789 3685
f 624 3904 623
f 2192 3788 3780
f 2177 3787 3733
f 1364 3833 1338
f 3858 1470 1453
f 3135 3775 3744
f 2069 3835 2068
f 1351 3853 1352
f 2108 3901 499
f 2089 3736 3733
f 3828 1358 866
f 2001 3783 2187
f 2187 3719 2091
f 2130 3752 2004
f 2004 3749 2001
f 2014 3779 2201
f 2201 3756 2130
f 3167 3759 2969
f 3168 3720 3167
f 3159 3764 3160
f 3160 3765 3081
f 3730 3158 337
f 3158 3709 3159
f 2200 3730 3722
f 3685 3742 2204
f 3722 2197 2200
f 3790 2092 3721
f 3774 3721 2197
f 3154 3790 3774
f 3155 3706 3154
f 2091 3721 2092
f 2196 3750 3776
f 2193 3776 3781
f 3604 3781 3788
f 2086 3780 3778
f 2087 3778 3777
f 2204 3751 2205
f 2205 3750 3148
f 3909 574 692
f 2124 3777 3760
f 2208 3760 3782
f 3711 3140 3137
f 3785 3138 3140
f 3745 3139 3138
f 3771 3136 2322
f 3712 3137 3136
f 3775 3131 3133
f 3767 3132 3131
f 1813 3838 1814
f 1293 3856 1344
f 2184 3748 3732
f 2181 3732 3734
f 3765 3079 3081
f 3768 3080 3079
f 709 3875 2031
f 2774 3737 3769
f 3786 2134 3559
f 3809 766 765
f 2968 3766 2959
f 2969 3784 2968
f 2958 3737 2961
f 2132 3766 2960
f 2321 3771 3748
f 3860 1449 28
f 3905 582 710
f 3886 577 574
f 3847 1818 3827
f 705 3887 2121
f 3816 3907 698
f 2111 3911 2113
f 3810 1366 1411
f 1812 3822 1815
f 675 3852 674
f 3496 3851 675
f 2110 3868 2109
f 2104 3901 2106
f 2109 3899 944
f 3842 703 739
f 1680 3846 1684
f 1639 3819 3818
f 623 3906 697
f 2139 3866 3865
f 1808 3844 3837
f 3820 1819 1820
f 3872 3900 706
f 1646 3830 1648
f 3889 633 577
f 2139 3875 18
f 2156 3871 3874
f 674 3913 3869
f 2117 3812 2069
f 1815 3847 3823
f 3855 1444 1470
f 697 3912 3816
f 866 3836 3828
f 3864 2136 2135
f 3585 3726 3589
f 3583 3731 3585
f 3753 3738 3739
f 3740 3581 3743
f 1088 3746 1093
f 3739 3743 3753
f 2791 3493 2792
f 3492 2807 3493
f 2792 3494 2909
f 3493 2806 3494
f 3508 3494 3516
f 3516 2806 3539
f 2948 3791 3801
f 2105 3896 2104
f 3538 3804 2805
f 680 3876 683
f 1891 3910 3891
f 2905 3801 2950
f 2900 3799 2905
f 2901 3807 2877
f 2734 3806 3794
f 2877 3806 2878
f 2820 3794 2872
f 2818 3792 2827
f 2823 3792 2826
f 2822 3798 2821
f 2819 3800 3798
f 2817 3795 2816
f 2809 3795 2815
f 2808 3803 2807
f 2805 3803 2804
f 1702 3923 1599
f 3922 1797 1802
f 3915 1706 1709
f 3918 1692 1698
f 1657 3880 1879
f 1890 3895 3910
f 3772 1674 1675
f 1689 3772 3773
f 3926 3538 1688
f 3516 1689 3773
f 3917 1703 1764
f 1598 3928 1770
f 3880 1876 1879
f 1691 3925 3927
f 3925 1688 1687
f 1117 1118 3930
f 1066 1322 3930
f 1243 847 3930
f 3825 848 3930
f 1128 1117 3930
f 1129 1130 3930
f 841 1011 3930
f 1230 3863 3930
f 1242 1243 3930
f 1322 1229 3930
f 1064 1065 3930
f 1003 1128 3930
f 1229 1230 3930
f 3863 1285 3930
f 1285 1288 3930
f 848 839 3930
f 847 3825 3930
f 1118 1129 3930
f 1065 1066 3930
f 1087 1086 3930
f 1008 1002 3930
f 1011 1008 3930
f 1002 1003 3930
f 1076 1069 3930
f 838 841 3930
f 839 838 3930
f 1288 1242 3930
f 1130 1087 3930
f 1086 1076 3930
f 1069 1064 3930
f 2410 2414 3931
f 2411 2410 3931
f 3617 2285 3931
f 2394 2393 3931
f 2393 2396 3931
f 2281 2286 3931
f 2282 2280 3931
f 2398 2399 3931
f 2465 2464 3931
f 2396 2397 3931
f 2470 2469 3931
f 2399 2416 3931
f 2480 2395 3931
f 2459 2480 3931
f 2369 2282 3931
f 2460 2459 3931
f 2415 2411 3931
f 2416 2415 3931
f 2364 2363 3931
f 2286 3617 3931
f 2464 2470 3931
f 2469 3703 3931
f 2285 2465 3931
f 2414 2364 3931
f 2395 2394 3931
f 2363 2367 3931
f 2397 2398 3931
f 2280 2281 3931
f 3703 2460 3931
f 2367 2369 3931
f 3934 3937 3938
f 3934 3939 3935
f 3932 3937 3933
f 3938 3943 3939
f 3937 3940 3941
f 3937 3942 3938
f 3942 3947 3943
f 3941 3944 3945
f 3942 3945 3946
f 3947 3950 3951
f 3944 3949 3945
f 3945 3950 3946
f 3950 3955 3951
f 3949 3952 3953
f 3950 3953 3954
f 3955 3958 3959
f 3953 3956 3957
f 3953 3958 3954
f 3959 3962 3963
f 3957 3960 3961
f 3958 3961 3962
f 3962 3967 3963
f 3960 3965 3961
f 3961 3966 3962
f 3966 3971 3967
f 3965 3968 3969
f 3966 3969 3970
f 3970 3975 3971
f 3968 3973 3969
f 3969 3974 3970
f 3974 3979 3975
f 3973 3976 3977
f 3974 3977 3978
f 3979 3982 3983
f 3976 3981 3977
f 3977 3982 3978
f 3982 3987 3983
f 3981 3984 3985
f 3982 3985 3986
f 3987 3990 3991
f 3984 3989 3985
f 3985 3990 3986
f 3991 3994 3995
f 3989 3992 3993
f 3990 3993 3994
f 3995 3998 3999
f 3992 3997 3993
f 3993 3998 3994
f 3998 4003 3999
f 3997 4000 4001
f 3998 4001 4002
f 4002 4007 4003
f 4000 4005 4001
f 4001 4006 4002
f 4006 4011 4007
f 4005 4008 4009
f 4006 4009 4010
f 4011 4014 4015
f 4008 4013 4009
f 4009 4014 4010
f 4014 4019 4015
f 4013 4016 4017
f 4014 4017 4018
f 4019 4022 4023
f 4016 4021 4017
f 4017 4022 4018
f 4023 4026 4027
f 4021 4024 4025
f 4022 4025 4026
f 4027 4030 4031
f 4024 4029 4025
f 4025 4030 4026
f 4031 4034 4035
f 4029 4032 4033
f 4030 4033 4034
f 4034 4039 4035
f 4032 4037 4033
f 4033 4038 4034
f 4038 4043 4039
f 4037 4040 4041
f 4038 4041 4042
f 4043 4046 4047
f 4040 4045 4041
f 4041 4046 4042
f 4046 4051 4047
f 4045 4048 4049
f 4046 4049 4050
f 4051 4055 4056
f 4048 4054 4049
f 4049 4055 4050
f 4056 4059 4060
f 4053 4058 4054
f 4055 4058 4059
f 3932 4052 3936
f 3936 4052 3940
f 3940 4052 3944
f 3944 4052 3948
f 3948 4052 3952
f 3952 4052 3956
f 3956 4052 3960
f 3960 4052 3964
f 3964 4052 3968
f 3968 4052 3972
f 3972 4052 3976
f 3976 4052 3980
f 3980 4052 3984
f 3984 4052 3988
f 3988 4052 3992
f 3992 4052 3996
f 3996 4052 4000
f 4000 4052 4004
f 4004 4052 4008
f 4008 4052 4012
f 4012 4052 4016
f 4016 4052 4020
f 4020 4052 4024
f 4024 4052 4028
f 4028 4052 4032
f 4032 4052 4036
f 4036 4052 4040
f 4040 4052 4044
f 4044 4052 4048
f 4048 4052 4053
f 4053 4052 4057
f 4060 3934 3935
f 4058 3932 3933
f 4058 3934 4059
f 4057 4052 3932
f 4069 4081 4082
f 4066 4080 4067
f 4065 4077 4078
f 4063 4075 4076
f 4071 4085 4072
f 4069 4083 4070
f 4067 4081 4068
f 4066 4078 4079
f 4063 4077 4064
f 4061 4075 4062
f 4072 4086 4073
f 4071 4083 4084
f 4076 4090 4077
f 4074 4088 4075
f 4086 4098 4099
f 4083 4097 4084
f 4082 4094 4095
f 4079 4093 4080
f 4078 4090 4091
f 4076 4088 4089
f 4085 4097 4098
f 4082 4096 4083
f 4080 4094 4081
f 4079 4091 4092
f 4089 4103 4090
f 4088 4100 4101
f 4098 4112 4099
f 4096 4110 4097
f 4095 4107 4108
f 4092 4106 4093
f 4090 4104 4091
f 4089 4101 4102
f 4097 4111 4098
f 4095 4109 4096
f 4094 4106 4107
f 4092 4104 4105
f 4103 4115 4116
f 4100 4114 4101
f 4112 4124 4125
f 4110 4122 4123
f 4107 4121 4108
f 4105 4119 4106
f 4103 4117 4104
f 4101 4115 4102
f 4110 4124 4111
f 4109 4121 4122
f 4107 4119 4120
f 4105 4117 4118
f 4115 4129 4116
f 4114 4126 4127
f 4124 4138 4125
f 4123 4135 4136
f 4120 4134 4121
f 4119 4131 4132
f 4117 4129 4130
f 4114 4128 4115
f 4124 4136 4137
f 4122 4134 4135
f 4119 4133 4120
f 4117 4131 4118
f 4129 4141 4142
f 4126 4140 4127
f 4138 4150 4151
f 4136 4148 4149
f 4133 4147 4134
f 4131 4145 4132
f 4130 4142 4143
f 4127 4141 4128
f 4137 4149 4150
f 4135 4147 4148
f 4132 4146 4133
f 4131 4143 4144
f 4142 4154 4155
f 4140 4152 4153
f 4150 4164 4151
f 4149 4161 4162
f 4146 4160 4147
f 4144 4158 4145
f 4142 4156 4143
f 4140 4154 4141
f 4149 4163 4150
f 4148 4160 4161
f 4146 4158 4159
f 4144 4156 4157
f 4155 4167 4168
f 4153 4165 4166
f 4163 4177 4164
f 4161 4175 4162
f 4159 4173 4160
f 4158 4170 4171
f 4155 4169 4156
f 4153 4167 4154
f 4163 4175 4176
f 4161 4173 4174
f 4159 4171 4172
f 4156 4170 4157
f 4167 4181 4168
f 4165 4179 4166
f 4176 4190 4177
f 4175 4187 4188
f 4173 4185 4186
f 4170 4184 4171
f 4169 4181 4182
f 4167 4179 4180
f 4175 4189 4176
f 4173 4187 4174
f 4171 4185 4172
f 4170 4182 4183
f 4180 4194 4181
f 4178 4192 4179
f 4190 4202 4203
f 4187 4201 4188
f 4186 4198 4199
f 4183 4197 4184
f 4182 4194 4195
f 4180 4192 4193
f 4189 4201 4202
f 4186 4200 4187
f 4184 4198 4185
f 4183 4195 4196
f 4193 4207 4194
f 4192 4204 4205
f 4202 4216 4203
f 4200 4214 4201
f 4199 4211 4212
f 4196 4210 4197
f 4194 4208 4195
f 4193 4205 4206
f 4201 4215 4202
f 4199 4213 4200
f 4198 4210 4211
f 4196 4208 4209
f 4207 4219 4220
f 4204 4218 4205
f 4216 4228 4229
f 4213 4227 4214
f 4211 4225 4212
f 4209 4223 4210
f 4207 4221 4208
f 4205 4219 4206
f 4214 4228 4215
f 4213 4225 4226
f 4211 4223 4224
f 4209 4221 4222
f 4219 4233 4220
f 4218 4230 4231
f 4228 4242 4229
f 4226 4240 4227
f 4225 4237 4238
f 4223 4235 4236
f 4221 4233 4234
f 4218 4232 4219
f 4228 4240 4241
f 4226 4238 4239
f 4223 4237 4224
f 4221 4235 4222
f 4233 4245 4246
f 4230 4244 4231
f 4242 4254 4255
f 4240 4252 4253
f 4237 4251 4238
f 4235 4249 4236
f 4234 4246 4247
f 4231 4245 4232
f 4241 4253 4254
f 4239 4251 4252
f 4236 4250 4237
f 4235 4247 4248
f 4246 4258 4259
f 4244 4256 4257
f 4254 4268 4255
f 4253 4265 4266
f 4250 4264 4251
f 4248 4262 4249
f 4246 4260 4247
f 4244 4258 4245
f 4253 4267 4254
f 4252 4264 4265
f 4250 4262 4263
f 4248 4260 4261
f 4259 4271 4272
f 4257 4269 4270
f 4267 4281 4268
f 4265 4279 4266
f 4263 4277 4264
f 4262 4274 4275
f 4259 4273 4260
f 4257 4271 4258
f 4266 4280 4267
f 4265 4277 4278
f 4263 4275 4276
f 4260 4274 4261
f 4271 4285 4272
f 4269 4283 4270
f 4281 4293 4294
f 4279 4291 4292
f 4277 4289 4290
f 4274 4288 4275
f 4273 4285 4286
f 4271 4283 4284
f 4280 4292 4293
f 4277 4291 4278
f 4275 4289 4276
f 4274 4286 4287
f 4284 4298 4285
f 4282 4296 4283
f 4294 4306 4307
f 4291 4305 4292
f 4290 4302 4303
f 4287 4301 4288
f 4286 4298 4299
f 4284 4296 4297
f 4293 4305 4306
f 4290 4304 4291
f 4288 4302 4289
f 4287 4299 4300
f 4297 4311 4298
f 4296 4308 4309
f 4306 4320 4307
f 4304 4318 4305
f 4303 4315 4316
f 4300 4314 4301
f 4298 4312 4299
f 4297 4309 4310
f 4305 4319 4306
f 4304 4316 4317
f 4302 4314 4315
f 4300 4312 4313
f 4310 4324 4311
f 4308 4322 4309
f 4320 4332 4333
f 4318 4330 4331
f 4316 4328 4329
f 4313 4327 4314
f 4311 4325 4312
f 4310 4322 4323
f 4318 4332 4319
f 4316 4330 4317
f 4315 4327 4328
f 4312 4326 4313
f 4323 4337 4324
f 4322 4334 4335
f 4332 4346 4333
f 4330 4344 4331
f 4329 4341 4342
f 4327 4339 4340
f 4325 4337 4338
f 4322 4336 4323
f 4332 4344 4345
f 4330 4342 4343
f 4327 4341 4328
f 4325 4339 4326
f 4337 4350 4351
f 4334 4349 4335
f 4346 4359 4360
f 4344 4357 4358
f 4341 4356 4342
f 4340 4353 4354
f 4338 4351 4352
f 4335 4350 4336
f 4345 4358 4359
f 4343 4356 4357
f 4340 4355 4341
f 4338 4353 4339
f 4351 4363 4364
f 4349 4361 4362
f 4359 4373 4360
f 4358 4370 4371
f 4355 4369 4356
f 4354 4366 4367
f 4351 4365 4352
f 4349 4363 4350
f 4358 4372 4359
f 4357 4369 4370
f 4355 4367 4368
f 4352 4366 4353
f 4364 4376 4377
f 4362 4374 4375
f 4373 4385 4386
f 4370 4384 4371
f 4368 4382 4369
f 4367 4379 4380
f 4364 4378 4365
f 4362 4376 4363
f 4372 4384 4385
f 4370 4382 4383
f 4368 4380 4381
f 4365 4379 4366
f 4376 4390 4377
f 4374 4388 4375
f 4385 4399 4386
f 4384 4396 4397
f 4382 4394 4395
f 4379 4393 4380
f 4378 4390 4391
f 4376 4388 4389
f 4384 4398 4385
f 4382 4396 4383
f 4380 4394 4381
f 4379 4391 4392
f 4389 4403 4390
f 4387 4401 4388
f 4399 4411 4412
f 4396 4410 4397
f 4395 4407 4408
f 4393 4405 4406
f 4391 4403 4404
f 4389 4401 4402
f 4398 4410 4411
f 4395 4409 4396
f 4393 4407 4394
f 4391 4405 4392
f 4402 4416 4403
f 4401 4413 4414
f 4411 4425 4412
f 4409 4423 4410
f 4408 4420 4421
f 4406 4418 4419
f 4403 4417 4404
f 4402 4414 4415
f 4410 4424 4411
f 4408 4422 4409
f 4407 4419 4420
f 4404 4418 4405
f 4416 4428 4429
f 4413 4427 4414
f 4425 4437 4438
f 4423 4435 4436
f 4421 4433 4434
f 4418 4432 4419
f 4416 4430 4417
f 4415 4427 4428
f 4423 4437 4424
f 4421 4435 4422
f 4420 4432 4433
f 4418 4430 4431
f 4428 4442 4429
f 4426 4440 4427
f 4437 4451 4438
f 4435 4449 4436
f 4434 4446 4447
f 4432 4444 4445
f 4430 4442 4443
f 4427 4441 4428
f 4437 4449 4450
f 4435 4447 4448
f 4432 4446 4433
f 4430 4444 4431
f 4442 4454 4455
f 4439 4453 4440
f 4451 4463 4464
f 4449 4461 4462
f 4446 4460 4447
f 4444 4458 4445
f 4443 4455 4456
f 4440 4454 4441
f 4450 4462 4463
f 4447 4461 4448
f 4445 4459 4446
f 4444 4456 4457
f 4455 4467 4468
f 4453 4465 4466
f 4463 4477 4464
f 4462 4474 4475
f 4459 4473 4460
f 4457 4471 4458
f 4455 4469 4456
f 4453 4467 4454
f 4462 4476 4463
f 4461 4473 4474
f 4459 4471 4472
f 4457 4469 4470
f 4347 4073 4086
f 4347 4086 4099
f 4347 4099 4112
f 4347 4112 4125
f 4347 4125 4138
f 4347 4138 4151
f 4347 4151 4164
f 4347 4164 4177
f 4347 4177 4190
f 4347 4190 4203
f 4347 4203 4216
f 4347 4216 4229
f 4347 4229 4242
f 4347 4242 4255
f 4347 4255 4268
f 4347 4268 4281
f 4347 4281 4294
f 4347 4294 4307
f 4347 4307 4320
f 4347 4320 4333
f 4347 4333 4346
f 4347 4346 4360
f 4347 4360 4373
f 4347 4373 4386
f 4347 4386 4399
f 4347 4399 4412
f 4347 4412 4425
f 4347 4425 4438
f 4347 4438 4451
f 4347 4451 4464
f 4347 4464 4477
f 4468 4063 4064
f 4466 4061 4062
f 4477 4072 4073
f 4474 4071 4475
f 4472 4069 4473
f 4471 4066 4067
f 4468 4065 4469
f 4466 4063 4467
f 4347 4477 4073
f 4476 4071 4072
f 4474 4069 4070
f 4472 4067 4068
f 4469 4066 4470
f 3935 4465 4060
f 4465 4056 4060
f 4452 4051 4056
f 4439 4047 4051
f 4047 4413 4043
f 4043 4400 4039
f 4039 4387 4035
f 4387 4031 4035
f 4031 4361 4027
f 4361 4023 4027
f 4348 4019 4023
f 4334 4015 4019
f 4015 4308 4011
f 4011 4295 4007
f 4007 4282 4003
f 4282 3999 4003
f 3999 4256 3995
f 4256 3991 3995
f 4243 3987 3991
f 4230 3983 3987
f 3983 4204 3979
f 3979 4191 3975
f 3975 4178 3971
f 4178 3967 3971
f 3967 4152 3963
f 4152 3959 3963
f 4139 3955 3959
f 4126 3951 3955
f 3951 4100 3947
f 3947 4087 3943
f 3943 4074 3939
f 4074 3935 3939
f 4480 4483 4484
f 4480 4485 4481
f 4479 4482 4483
f 4484 4489 4485
f 4482 4487 4483
f 4483 4488 4484
f 4488 4493 4489
f 4487 4490 4491
f 4488 4491 4492
f 4493 4496 4497
f 4490 4495 4491
f 4491 4496 4492
f 4496 4501 4497
f 4495 4498 4499
f 4496 4499 4500
f 4501 4504 4505
f 4498 4503 4499
f 4499 4504 4500
f 4505 4508 4509
f 4503 4506 4507
f 4504 4507 4508
f 4509 4512 4513
f 4506 4511 4507
f 4507 4512 4508
f 4513 4516 4517
f 4511 4514 4515
f 4512 4515 4516
f 4516 4521 4517
f 4514 4519 4515
f 4515 4520 4516
f 4520 4525 4521
f 4518 4523 4519
f 4520 4523 4524
f 4525 4528 4529
f 4522 4527 4523
f 4523 4528 4524
f 4528 4533 4529
f 4527 4530 4531
f 4528 4531 4532
f 4533 4536 4537
f 4530 4535 4531
f 4531 4536 4532
f 4537 4540 4541
f 4534 4539 4535
f 4536 4539 4540
f 4541 4544 4545
f 4539 4542 4543
f 4539 4544 4540
f 4544 4549 4545
f 4542 4547 4543
f 4544 4547 4548
f 4548 4553 4549
f 4547 4550 4551
f 4547 4552 4548
f 4552 4557 4553
f 4551 4554 4555
f 4552 4555 4556
f 4557 4560 4561
f 4554 4559 4555
f 4555 4560 4556
f 4560 4565 4561
f 4559 4562 4563
f 4560 4563 4564
f 4565 4568 4569
f 4562 4567 4563
f 4563 4568 4564
f 4569 4572 4573
f 4567 4570 4571
f 4568 4571 4572
f 4572 4577 4573
f 4570 4575 4571
f 4571 4576 4572
f 4576 4581 4577
f 4575 4578 4579
f 4576 4579 4580
f 4580 4585 4581
f 4578 4583 4579
f 4579 4584 4580
f 4584 4589 4585
f 4583 4586 4587
f 4584 4587 4588
f 4589 4592 4593
f 4586 4591 4587
f 4587 4592 4588
f 4592 4597 4593
f 4591 4594 4595
f 4592 4595 4596
f 4597 4601 4602
f 4594 4600 4595
f 4595 4601 4596
f 4602 4605 4606
f 4600 4603 4604
f 4601 4604 4605
f 4478 4598 4482
f 4482 4598 4486
f 4486 4598 4490
f 4490 4598 4494
f 4494 4598 4498
f 4498 4598 4502
f 4502 4598 4506
f 4506 4598 4510
f 4510 4598 4514
f 4514 4598 4518
f 4518 4598 4522
f 4522 4598 4526
f 4526 4598 4530
f 4530 4598 4534
f 4534 4598 4538
f 4538 4598 4542
f 4542 4598 4546
f 4546 4598 4550
f 4550 4598 4554
f 4554 4598 4558
f 4558 4598 4562
f 4562 4598 4566
f 4566 4598 4570
f 4570 4598 4574
f 4574 4598 4578
f 4578 4598 4582
f 4582 4598 4586
f 4586 4598 4590
f 4590 4598 4594
f 4594 4598 4599
f 4599 4598 4603
f 4606 4480 4481
f 4603 4479 4604
f 4604 4480 4605
f 4603 4598 4478
f 4615 4627 4628
f 4612 4626 4613
f 4611 4623 4624
f 4609 4621 4622
f 4618 4630 4631
f 4615 4629 4616
f 4613 4627 4614
f 4612 4624 4625
f 4609 4623 4610
f 4607 4621 4608
f 4619 4631 4632
f 4617 4629 4630
f 4622 4636 4623
f 4620 4634 4621
f 4632 4644 4645
f 4629 4643 4630
f 4628 4640 4641
f 4626 4638 4639
f 4624 4636 4637
f 4622 4634 4635
f 4631 4643 4644
f 4628 4642 4629
f 4626 4640 4627
f 4624 4638 4625
f 4635 4649 4636
f 4634 4646 4647
f 4644 4658 4645
f 4642 4656 4643
f 4641 4653 4654
f 4639 4651 4652
f 4636 4650 4637
f 4635 4647 4648
f 4643 4657 4644
f 4642 4654 4655
f 4640 4652 4653
f 4637 4651 4638
f 4648 4662 4649
f 4646 4660 4647
f 4658 4670 4671
f 4656 4668 4669
f 4653 4667 4654
f 4651 4665 4652
f 4649 4663 4650
f 4648 4660 4661
f 4656 4670 4657
f 4654 4668 4655
f 4653 4665 4666
f 4651 4663 4664
f 4661 4675 4662
f 4660 4672 4673
f 4670 4684 4671
f 4668 4682 4669
f 4667 4679 4680
f 4665 4677 4678
f 4663 4675 4676
f 4661 4673 4674
f 4670 4682 4683
f 4667 4681 4668
f 4665 4679 4666
f 4663 4677 4664
f 4675 4687 4688
f 4672 4686 4673
f 4684 4696 4697
f 4682 4694 4695
f 4679 4693 4680
f 4678 4690 4691
f 4676 4688 4689
f 4673 4687 4674
f 4683 4695 4696
f 4681 4693 4694
f 4678 4692 4679
f 4676 4690 4677
f 4688 4700 4701
f 4686 4698 4699
f 4696 4710 4697
f 4695 4707 4708
f 4692 4706 4693
f 4691 4703 4704
f 4688 4702 4689
f 4686 4700 4687
f 4695 4709 4696
f 4694 4706 4707
f 4692 4704 4705
f 4689 4703 4690
f 4701 4713 4714
f 4699 4711 4712
f 4710 4722 4723
f 4707 4721 4708
f 4705 4719 4706
f 4704 4716 4717
f 4701 4715 4702
f 4699 4713 4700
f 4709 4721 4722
f 4707 4719 4720
f 4705 4717 4718
f 4702 4716 4703
f 4713 4727 4714
f 4711 4725 4712
f 4723 4735 4736
f 4721 4733 4734
f 4719 4731 4732
f 4716 4730 4717
f 4715 4727 4728
f 4713 4725 4726
f 4721 4735 4722
f 4719 4733 4720
f 4717 4731 4718
f 4716 4728 4729
f 4726 4740 4727
f 4724 4738 4725
f 4736 4748 4749
f 4733 4747 4734
f 4732 4744 4745
f 4730 4742 4743
f 4728 4740 4741
f 4726 4738 4739
f 4735 4747 4748
f 4732 4746 4733
f 4730 4744 4731
f 4728 4742 4729
f 4739 4753 4740
f 4738 4750 4751
f 4748 4762 4749
f 4746 4760 4747
f 4745 4757 4758
f 4743 4755 4756
f 4740 4754 4741
f 4739 4751 4752
f 4747 4761 4748
f 4745 4759 4746
f 4744 4756 4757
f 4741 4755 4742
f 4753 4765 4766
f 4750 4764 4751
f 4762 4774 4775
f 4759 4773 4760
f 4758 4770 4771
f 4755 4769 4756
f 4753 4767 4754
f 4752 4764 4765
f 4760 4774 4761
f 4758 4772 4759
f 4757 4769 4770
f 4755 4767 4768
f 4765 4779 4766
f 4764 4776 4777
f 4774 4788 4775
f 4772 4786 4773
f 4771 4783 4784
f 4769 4781 4782
f 4767 4779 4780
f 4765 4777 4778
f 4774 4786 4787
f 4771 4785 4772
f 4769 4783 4770
f 4767 4781 4768
f 4779 4791 4792
f 4776 4790 4777
f 4788 4800 4801
f 4786 4798 4799
f 4783 4797 4784
f 4782 4794 4795
f 4780 4792 4793
f 4777 4791 4778
f 4787 4799 4800
f 4785 4797 4798
f 4782 4796 4783
f 4780 4794 4781
f 4792 4804 4805
f 4790 4802 4803
f 4800 4814 4801
f 4799 4811 4812
f 4796 4810 4797
f 4795 4807 4808
f 4792 4806 4793
f 4790 4804 4791
f 4799 4813 4800
f 4798 4810 4811
f 4796 4808 4809
f 4793 4807 4794
f 4805 4817 4818
f 4803 4815 4816
f 4814 4826 4827
f 4811 4825 4812
f 4809 4823 4810
f 4808 4820 4821
f 4805 4819 4806
f 4803 4817 4804
f 4813 4825 4826
f 4811 4823 4824
f 4809 4821 4822
f 4806 4820 4807
f 4817 4831 4818
f 4815 4829 4816
f 4826 4840 4827
f 4825 4837 4838
f 4823 4835 4836
f 4820 4834 4821
f 4819 4831 4832
f 4817 4829 4830
f 4825 4839 4826
f 4823 4837 4824
f 4821 4835 4822
f 4820 4832 4833
f 4830 4844 4831
f 4828 4842 4829
f 4840 4852 4853
f 4837 4851 4838
f 4836 4848 4849
f 4834 4846 4847
f 4832 4844 4845
f 4830 4842 4843
f 4839 4851 4852
f 4836 4850 4837
f 4834 4848 4835
f 4832 4846 4833
f 4843 4857 4844
f 4842 4854 4855
f 4852 4866 4853
f 4850 4864 4851
f 4849 4861 4862
f 4847 4859 4860
f 4844 4858 4845
f 4843 4855 4856
f 4851 4865 4852
f 4849 4863 4850
f 4848 4860 4861
f 4845 4859 4846
f 4857 4869 4870
f 4855 4867 4868
f 4866 4878 4879
f 4864 4876 4877
f 4862 4874 4875
f 4859 4873 4860
f 4857 4871 4858
f 4856 4868 4869
f 4864 4878 4865
f 4862 4876 4863
f 4861 4873 4874
f 4859 4871 4872
f 4869 4883 4870
f 4868 4880 4881
f 4878 4892 4879
f 4877 4889 4890
f 4874 4888 4875
f 4873 4885 4886
f 4871 4883 4884
f 4868 4882 4869
f 4878 4890 4891
f 4876 4888 4889
f 4873 4887 4874
f 4871 4885 4872
f 4883 4896 4897
f 4880 4895 4881
f 4892 4905 4906
f 4890 4903 4904
f 4887 4902 4888
f 4885 4900 4886
f 4884 4897 4898
f 4881 4896 4882
f 4891 4904 4905
f 4889 4902 4903
f 4886 4901 4887
f 4885 4898 4899
f 4897 4909 4910
f 4895 4907 4908
f 4905 4919 4906
f 4904 4916 4917
f 4901 4915 4902
f 4899 4913 4900
f 4897 4911 4898
f 4895 4909 4896
f 4904 4918 4905
f 4903 4915 4916
f 4901 4913 4914
f 4899 4911 4912
f 4910 4922 4923
f 4908 4920 4921
f 4919 4931 4932
f 4916 4930 4917
f 4914 4928 4915
f 4913 4925 4926
f 4910 4924 4911
f 4908 4922 4909
f 4918 4930 4931
f 4916 4928 4929
f 4914 4926 4927
f 4911 4925 4912
f 4922 4936 4923
f 4920 4934 4921
f 4931 4945 4932
f 4930 4942 4943
f 4928 4940 4941
f 4925 4939 4926
f 4924 4936 4937
f 4922 4934 4935
f 4930 4944 4931
f 4928 4942 4929
f 4926 4940 4927
f 4925 4937 4938
f 4935 4949 4936
f 4933 4947 4934
f 4945 4957 4958
f 4942 4956 4943
f 4941 4953 4954
f 4938 4952 4939
f 4937 4949 4950
f 4935 4947 4948
f 4944 4956 4957
f 4941 4955 4942
f 4939 4953 4940
f 4938 4950 4951
f 4948 4962 4949
f 4947 4959 4960
f 4957 4971 4958
f 4955 4969 4956
f 4954 4966 4967
f 4951 4965 4952
f 4949 4963 4950
f 4948 4960 4961
f 4956 4970 4957
f 4954 4968 4955
f 4953 4965 4966
f 4951 4963 4964
f 4962 4974 4975
f 4959 4973 4960
f 4971 4983 4984
f 4968 4982 4969
f 4966 4980 4967
f 4964 4978 4965
f 4962 4976 4963
f 4960 4974 4961
f 4969 4983 4970
f 4967 4981 4968
f 4966 4978 4979
f 4964 4976 4977
f 4975 4987 4988
f 4973 4985 4986
f 4983 4997 4984
f 4981 4995 4982
f 4979 4993 4980
f 4978 4990 4991
f 4976 4988 4989
f 4973 4987 4974
f 4983 4995 4996
f 4981 4993 4994
f 4978 4992 4979
f 4976 4990 4977
f 4988 5000 5001
f 4985 4999 4986
f 4997 5009 5010
f 4995 5007 5008
f 4992 5006 4993
f 4991 5003 5004
f 4989 5001 5002
f 4986 5000 4987
f 4996 5008 5009
f 4994 5006 5007
f 4991 5005 4992
f 4989 5003 4990
f 5001 5013 5014
f 4999 5011 5012
f 5009 5023 5010
f 5008 5020 5021
f 5005 5019 5006
f 5004 5016 5017
f 5001 5015 5002
f 4999 5013 5000
f 5008 5022 5009
f 5007 5019 5020
f 5005 5017 5018
f 5002 5016 5003
f 4893 4619 4632
f 4893 4632 4645
f 4893 4645 4658
f 4893 4658 4671
f 4893 4671 4684
f 4893 4684 4697
f 4893 4697 4710
f 4893 4710 4723
f 4893 4723 4736
f 4893 4736 4749
f 4893 4749 4762
f 4893 4762 4775
f 4893 4775 4788
f 4893 4788 4801
f 4893 4801 4814
f 4893 4814 4827
f 4893 4827 4840
f 4893 4840 4853
f 4893 4853 4866
f 4893 4866 4879
f 4893 4879 4892
f 4893 4892 4906
f 4893 4906 4919
f 4893 4919 4932
f 4893 4932 4945
f 4893 4945 4958
f 4893 4958 4971
f 4893 4971 4984
f 4893 4984 4997
f 4893 4997 5010
f 4893 5010 5023
f 5014 4609 4610
f 5012 4607 4608
f 5022 4619 5023
f 5020 4617 5021
f 5018 4615 5019
f 5017 4612 4613
f 5014 4611 5015
f 5012 4609 5013
f 4893 5023 4619
f 5021 4618 5022
f 5020 4615 4616
f 5018 4613 4614
f 5015 4612 5016
f 4481 5011 4606
f 5011 4602 4606
f 4998 4597 4602
f 4985 4593 4597
f 4593 4959 4589
f 4589 4946 4585
f 4585 4933 4581
f 4933 4577 4581
f 4577 4907 4573
f 4907 4569 4573
f 4894 4565 4569
f 4880 4561 4565
f 4561 4854 4557
f 4557 4841 4553
f 4553 4828 4549
f 4828 4545 4549
f 4545 4802 4541
f 4802 4537 4541
f 4789 4533 4537
f 4776 4529 4533
f 4529 4750 4525
f 4525 4737 4521
f 4521 4724 4517
f 4724 4513 4517
f 4513 4698 4509
f 4698 4505 4509
f 4685 4501 4505
f 4672 4497 4501
f 4497 4646 4493
f 4493 4633 4489
f 4489 4620 4485
f 4620 4481 4485
f 4 3 2
f 8 7 6
f 13 16 15
f 17 28 19
f 32 31 30
f 36 35 34
f 37 40 39
f 21 22 23
f 25 26 27
f 41 44 43
f 48 47 46
f 52 51 50
f 53 56 55
f 60 59 58
f 29 30 62
f 66 65 64
f 67 5 6
f 72 71 70
f 76 75 74
f 77 80 79
f 81 84 83
f 59 87 86
f 88 91 90
f 96 95 94
f 100 99 98
f 101 104 103
f 106 105 34
f 108 116 115
f 117 119 36
f 124 127 126
f 131 130 129
f 132 102 134
f 142 141 140
f 148 106 60
f 144 143 127
f 149 152 151
f 156 155 154
f 159 150 158
f 116 108 164
f 171 170 169
f 174 126 173
f 179 182 181
f 186 189 188
f 194 197 196
f 199 142 139
f 206 209 208
f 213 212 211
f 202 215 214
f 96 93 216
f 92 238 43
f 97 184 246
f 250 249 229
f 252 254 58
f 258 257 256
f 260 91 229
f 110 111 112
f 114 264 263
f 265 268 267
f 56 53 270
f 274 273 249
f 185 183 63
f 280 279 278
f 285 284 283
f 288 219 211
f 141 142 92
f 289 290 175
f 148 116 105
f 312 311 170
f 238 262 42
f 318 163 160
f 310 309 308
f 241 239 325
f 160 230 240
f 47 48 307
f 108 109 315
f 345 85 86
f 348 351 350
f 356 359 358
f 355 354 353
f 363 31 32
f 364 252 253
f 366 125 368
f 183 372 371
f 163 162 161
f 209 226 101
f 378 377 165
f 379 295 381
f 383 382 3
f 284 285 386
f 387 127 389
f 391 259 229
f 73 281 397
f 405 408 407
f 203 218 411
f 414 121 413
f 1 356 357
f 277 276 131
f 254 344 57
f 358 384 415
f 417 416 386
f 401 400 192
f 419 389 127
f 421 181 182
f 103 301 302
f 428 367 368
f 380 390 359
f 62 204 266
f 140 141 431
f 357 358 351
f 356 1 379
f 415 392 403
f 437 428 436
f 438 441 440
f 188 451 450
f 265 455 181
f 224 185 64
f 237 212 213
f 275 131 128
f 281 282 460
f 50 462 79
f 73 74 282
f 468 467 466
f 390 355 352
f 482 485 484
f 489 488 487
f 493 496 495
f 472 471 470
f 502 501 500
f 220 221 222
f 512 419 143
f 518 517 511
f 513 239 230
f 205 30 31
f 189 370 451
f 163 318 532
f 533 224 225
f 446 448 447
f 335 541 540
f 544 512 546
f 329 519 291
f 199 534 262
f 385 386 416
f 532 190 191
f 363 117 118
f 578 581 580
f 573 572 571
f 561 563 562
f 241 260 259
f 590 593 592
f 545 546 595
f 503 154 155
f 606 625 624
f 478 481 480
f 646 649 648
f 590 591 689
f 564 565 651
f 728 246 184
f 714 724 716
f 692 574 575
f 541 335 581
f 346 68 248
f 161 231 230
f 128 129 94
f 698 705 704
f 574 577 576
f 290 289 401
f 630 631 725
f 733 736 735
f 755 466 496
f 759 480 481
f 757 763 762
f 764 496 466
f 768 767 3808
f 759 760 488
f 492 474 475
f 474 770 769
f 773 468 465
f 771 774 486
f 484 485 775
f 774 776 489
f 495 496 764
f 495 757 761
f 137 397 784
f 325 239 797
f 165 519 51
f 369 32 29
f 730 731 568
f 90 302 301
f 243 118 516
f 800 734 806
f 817 815 808
f 816 808 823
f 306 303 447
f 815 810 809
f 829 830 828
f 726 725 501
f 274 427 424
f 879 882 881
f 884 883 879
f 219 218 217
f 906 905 904
f 455 204 205
f 898 882 830
f 903 900 880
f 377 291 519
f 923 949 948
f 946 947 951
f 3519 740 739
f 900 899 886
f 225 64 65
f 182 445 442
f 809 952 947
f 954 960 962
f 927 950 965
f 885 879 880
f 925 927 966
f 343 342 341
f 965 964 971
f 968 971 970
f 972 968 969
f 963 961 981
f 336 337 338
f 992 993 827
f 810 815 996
f 1007 1001 1002
f 1012 826 827
f 1011 1009 1007
f 294 293 292
f 907 908 920
f 1017 579 1019
f 1020 1023 1022
f 1035 1024 1020
f 1061 1060 1047
f 1063 1061 1046
f 1044 1020 1021
f 1102 1094 1097
f 1116 1126 1118
f 1016 1015 1014
f 881 897 904
f 816 1116 1127
f 1094 948 949
f 514 342 167
f 146 145 81
f 1133 1135 1130
f 1102 1133 1126
f 822 1126 1116
f 1145 1143 1148
f 1076 1144 1151
f 1148 1143 1086
f 1109 1097 1114
f 1154 1153 1156
f 1153 925 967
f 3464 3497 463
f 1144 1147 1152
f 1156 967 1163
f 1164 1162 1169
f 1145 1171 1176
f 1114 1115 1154
f 1183 1155 1164
f 1184 1183 1177
f 1069 1151 1062
f 1023 1191 1194
f 1162 1163 1170
f 1195 1184 1185
f 1183 1196 1176
f 1201 1063 1152
f 1061 1063 1201
f 3825 847 843
f 1203 1202 1195
f 1202 1201 1184
f 1218 1060 1203
f 1060 1061 1202
f 1225 1218 1217
f 671 695 694
f 1219 1217 1024
f 1217 1203 1034
f 1226 1014 1015
f 1243 1242 1234
f 1231 1230 1229
f 847 1243 1233
f 843 1233 1244
f 1233 1234 1245
f 1923 3761 233
f 2100 2108 499
f 3914 3864 2135
f 61 62 323
f 210 211 217
f 1299 1310 1309
f 3863 1230 1231
f 1066 1047 1321
f 1322 1321 1228
f 1060 1218 1321
f 1325 1324 1323
f 1244 1245 1332
f 1290 1234 1242
f 1337 1330 1339
f 1330 1332 1340
f 1341 1332 1245
f 1342 1340 1332
f 1343 1342 1341
f 1344 1341 1294
f 3857 3856 1345
f 1347 1348 1342
f 3856 3854 1295
f 1349 1350 1348
f 3861 1349 1347
f 3853 1347 1343
f 906 898 829
f 905 906 1353
f 865 1356 1355
f 1355 1353 829
f 1357 1355 825
f 1356 1354 1353
f 3834 1337 1338
f 866 1358 1356
f 1358 1359 1354
f 3828 878 1337
f 838 1362 1012
f 1363 1364 1338
f 1368 1363 1339
f 1348 1368 1340
f 1371 1369 3824
f 524 525 526
f 528 529 530
f 1372 1370 1369
f 535 536 537
f 1367 1368 1348
f 1370 1354 1359
f 1369 1359 3833
f 1373 910 903
f 555 556 557
f 1374 909 910
f 1373 904 905
f 1374 1373 1375
f 1375 905 1354
f 1378 920 908
f 376 373 651
f 1388 928 973
f 586 587 588
f 1390 1389 1388
f 1391 1388 969
f 597 598 599
f 600 601 602
f 1392 1391 970
f 608 609 610
f 612 524 523
f 614 615 616
f 617 618 25
f 620 621 622
f 1397 1390 1391
f 1398 1397 1392
f 1400 987 920
f 1402 1403 1165
f 636 637 638
f 930 1404 1402
f 641 642 643
f 929 1402 1169
f 1404 1405 1403
f 1411 1366 1365
f 1412 1406 1415
f 652 653 654
f 609 656 657
f 659 660 661
f 558 663 586
f 665 666 667
f 1413 1411 1406
f 1418 1416 3810
f 1417 1372 1371
f 1416 1371 3829
f 1419 1417 1416
f 1386 909 1374
f 677 678 679
f 1385 1386 1420
f 1420 1374 1376
f 685 686 687
f 1421 1420 1422
f 528 690 691
f 1422 1376 1372
f 1018 1019 747
f 699 700 701
f 1424 578 579
f 3663 1597 1767
f 700 699 711
f 1093 3746 3754
f 717 718 530
f 721 722 723
f 704 1650 3543
f 19 1429 1426
f 1429 1428 1427
f 1658 1659 3542
f 1439 1437 1434
f 1437 1436 1435
f 1426 1427 1433
f 1442 1431 1432
f 742 743 744
f 1432 1433 1441
f 751 752 753
f 1438 1434 1403
f 1446 1445 1444
f 1447 1448 1446
f 3860 1447 1443
f 1415 1367 1445
f 1414 1415 1446
f 2173 1683 469
f 777 778 779
f 780 781 782
f 1676 1693 1806
f 3859 1451 1349
f 789 790 791
f 745 792 793
f 652 794 795
f 1455 1458 1457
f 1454 1367 1350
f 610 691 802
f 3831 3816 698
f 1352 1044 1045
f 1015 1016 1459
f 811 812 813
f 2118 3815 3817
f 819 820 821
f 1466 1463 1194
f 1467 1468 1465
f 1182 1165 1468
f 832 812 833
f 835 836 837
f 1467 1466 1190
f 1469 1470 1444
f 840 700 712
f 1453 1470 1469
f 599 844 845
f 1226 1450 3849
f 851 852 853
f 855 744 856
f 858 859 860
f 861 862 863
f 1014 1226 3855
f 867 676 868
f 870 871 872
f 874 875 876
f 1310 1323 1471
f 1476 1433 1427
f 1461 1476 1475
f 887 888 889
f 788 791 892
f 894 895 896
f 1460 1475 1227
f 901 902 524
f 1465 1478 1477
f 1865 3503 3500
f 911 912 913
f 916 917 918
f 1850 3505 3507
f 921 922 895
f 1479 1435 1436
f 926 664 667
f 1481 562 563
f 269 1483 84
f 931 932 933
f 934 935 614
f 936 685 688
f 938 659 662
f 1484 270 122
f 941 942 835
f 320 321 509
f 1849 3510 3505
f 84 1483 1484
f 1487 1490 1488
f 1757 1758 3502
f 365 1492 1491
f 461 79 80
f 117 363 362
f 1494 540 541
f 926 601 957
f 1477 1441 1433
f 1709 1588 1585
f 119 117 1496
f 271 1497 504
f 511 517 189
f 345 1496 1492
f 57 344 299
f 1501 1499 268
f 267 268 1499
f 974 975 976
f 1678 1652 1693
f 3846 1682 1807
f 557 982 663
f 983 941 984
f 1443 1444 3849
f 421 1500 268
f 989 990 991
f 1490 1487 418
f 279 280 309
f 997 868 676
f 998 26 999
f 1504 418 38
f 1506 1508 1507
f 360 361 1508
f 1506 1486 207
f 939 1005 1006
f 270 1484 1483
f 66 63 546
f 1010 742 793
f 367 428 437
f 244 31 363
f 1670 3532 3534
f 209 206 1510
f 388 389 426
f 427 274 250
f 161 520 521
f 100 246 45
f 1025 1026 608
f 1029 1030 1031
f 939 662 1033
f 41 42 594
f 1036 780 783
f 702 701 1038
f 1040 1041 1042
f 362 32 369
f 187 1520 477
f 70 1487 539
f 1049 600 603
f 613 867 869
f 860 1050 1051
f 1005 1052 1053
f 753 1055 1056
f 1057 1058 1059
f 293 288 1522
f 288 212 1521
f 292 1522 1523
f 331 1507 1508
f 306 452 453
f 100 44 41
f 462 1524 78
f 330 331 1524
f 635 1067 1068
f 1485 1527 1526
f 206 1485 1528
f 1070 1071 1072
f 942 941 1073
f 916 933 1075
f 440 1529 1530
f 157 158 1514
f 1529 162 5
f 371 595 546
f 790 586 663
f 1077 858 857
f 1403 1434 1435
f 1080 1081 1082
f 531 520 1529
f 21 1083 1084
f 272 1532 1531
f 690 712 802
f 335 3571 3567
f 1090 1030 1029
f 1092 795 794
f 1533 396 137
f 661 660 1095
f 69 444 445
f 1099 1100 1101
f 38 39 1536
f 1104 1105 1106
f 852 1107 1108
f 1377 908 909
f 291 377 411
f 316 1536 516
f 539 1488 1533
f 1505 1536 316
f 1110 1111 1112
f 1539 1537 460
f 522 441 1537
f 834 837 1120
f 1122 1123 1124
f 612 1125 1041
f 935 793 615
f 276 278 130
f 1686 3549 3522
f 193 190 1541
f 231 521 1540
f 556 1037 982
f 365 253 85
f 190 532 318
f 1810 765 3574
f 3924 1867 3512
f 1132 983 985
f 208 101 102
f 1134 1033 662
f 1491 518 80
f 429 133 1542
f 1137 1138 915
f 172 436 428
f 1139 1140 1141
f 549 96 54
f 1517 1519 1518
f 834 1119 984
f 1543 513 286
f 1544 797 239
f 133 134 1544
f 506 361 257
f 420 327 328
f 1158 1159 1160
f 587 1104 1103
f 607 1161 1027
f 304 1546 1545
f 364 1491 77
f 69 70 198
f 700 840 1112
f 3877 626 3525
f 1166 719 657
f 1167 1168 858
f 1300 3523 3524
f 1172 1173 1174
f 218 203 200
f 1179 1180 1181
f 372 183 97
f 89 104 227
f 1186 1187 1188
f 172 173 1517
f 1482 84 81
f 1090 1192 1193
f 394 395 353
f 526 525 1198
f 1199 1200 1026
f 606 623 697
f 1204 1205 1206
f 1207 1208 523
f 1209 1210 867
f 914 913 685
f 1478 1436 1441
f 1029 1028 1161
f 1211 1212 1213
f 3858 1453 1451
f 844 1215 1216
f 423 193 273
f 1220 1221 1222
f 22 1223 1224
f 882 898 897
f 1519 1517 173
f 1189 1188 1232
f 349 350 550
f 1071 1235 1236
f 1237 1238 1239
f 1221 1186 1189
f 1510 1528 1512
f 939 1032 1241
f 1556 1530 5
f 1553 1554 394
f 404 1556 67
f 1247 1248 1249
f 142 199 238
f 1251 1067 635
f 850 1252 1253
f 1254 1167 1077
f 57 132 133
f 443 430 552
f 1187 1172 1175
f 1256 1070 831
f 432 405 382
f 741 748 747
f 434 350 351
f 349 432 383
f 251 124 1481
f 395 384 352
f 1518 1519 1550
f 1558 410 378
f 109 263 314
f 285 1514 1513
f 395 394 393
f 202 203 410
f 417 408 405
f 1246 1257 1258
f 3 1559 297
f 1259 1260 1261
f 403 404 347
f 955 954 953
f 462 50 51
f 1096 1095 687
f 429 147 60
f 896 1264 1265
f 1267 721 1268
f 423 424 327
f 37 179 180
f 20 23 1187
f 1256 1168 1071
f 1188 1175 1269
f 1236 1270 1271
f 1272 536 535
f 565 564 463
f 1273 792 745
f 876 1254 1255
f 316 33 164
f 437 1516 503
f 194 1494 1495
f 1275 1276 864
f 624 625 631
f 1277 1274 1137
f 569 568 567
f 1481 124 125
f 324 325 547
f 1279 1108 1107
f 1525 332 329
f 1281 1278 1137
f 171 168 1553
f 1488 73 396
f 1557 1561 1562
f 1282 856 1206
f 1053 1277 1278
f 778 777 607
f 713 583 3566
f 251 225 144
f 4 357 348
f 709 708 707
f 728 48 45
f 261 135 1563
f 789 1286 1287
f 74 314 263
f 403 284 385
f 1178 1181 1240
f 1223 1259 1289
f 1220 20 1186
f 296 1518 354
f 784 459 1538
f 1181 1180 1291
f 1269 1292 1257
f 1566 1538 438
f 136 784 1566
f 1563 1564 169
f 107 114 109
f 1297 1282 1298
f 1464 1477 1476
f 1520 187 507
f 1301 1302 1303
f 1306 1307 1308
f 175 456 1532
f 1532 456 200
f 1311 1266 1312
f 872 1314 1315
f 3836 843 878
f 1305 1308 864
f 1040 1275 863
f 1564 1566 399
f 592 1576 1575
f 591 1575 1088
f 1581 1584 1583
f 1196 1152 1147
f 710 582 583
f 285 407 408
f 953 954 961
f 1594 1592 1589
f 1585 1588 1587
f 1592 1591 1590
f 3885 945 944
f 1600 1599 1598
f 1604 1603 1602
f 1399 1392 979
f 1589 1590 1596
f 1610 1609 1608
f 298 257 361
f 551 552 276
f 1627 1626 3814
f 859 811 818
f 1078 857 1328
f 1555 439 1530
f 572 573 680
f 772 465 776
f 977 1281 918
f 404 403 392
f 1054 1331 750
f 1644 1645 1643
f 932 1265 1082
f 1067 1333 1334
f 1540 1539 264
f 597 1335 643
f 471 761 762
f 1642 696 3831
f 1644 1642 3842
f 923 946 950
f 96 549 548
f 520 531 522
f 445 444 443
f 849 839 848
f 480 759 755
f 1646 760 481
f 311 426 1567
f 464 463 3497
f 3497 1360 1361
f 234 237 236
f 190 193 192
f 153 154 152
f 231 287 286
f 1552 1553 1551
f 760 1646 1648
f 3832 1647 1649
f 828 827 826
f 52 167 166
f 1663 1662 1661
f 287 107 115
f 668 671 670
f 634 645 640
f 553 560 559
f 118 36 33
f 492 484 491
f 3552 1652 1651
f 582 589 584
f 384 395 392
f 1381 1382 1383
f 1562 1561 435
f 952 953 951
f 3529 3566 583
f 1660 1661 1667
f 1394 1395 1396
f 1660 1665 1664
f 1671 1670 1669
f 1624 1625 1673
f 1407 1408 1409
f 1677 1676 1675
f 1613 1679 1677
f 1679 1678 1676
f 1626 1681 3811
f 534 199 198
f 803 733 734
f 400 248 191
f 65 66 143
f 3526 1657 1656
f 402 159 157
f 629 628 627
f 461 477 49
f 758 757 495
f 796 787 786
f 406 407 1513
f 342 343 166
f 1694 1659 1658
f 1692 1687 1694
f 3557 1693 1652
f 3921 1704 1703
f 326 547 302
f 3916 3921 1702
f 3919 3918 1698
f 1699 1691 3927
f 1557 406 1560
f 1127 1116 1117
f 400 401 289
f 1706 1702 1707
f 1707 1702 1599
f 1709 1706 1708
f 1714 1712 1711
f 3919 3915 1709
f 1704 1711 1577
f 1716 1714 1713
f 1559 1562 1549
f 1722 1721 1720
f 1335 597 596
f 410 411 377
f 973 1170 1163
f 168 169 399
f 1571 682 1089
f 1572 681 682
f 749 646 647
f 1730 1724 1723
f 1594 1582 1729
f 1729 1723 1591
f 1384 1378 1377
f 1732 1731 1712
f 1724 1730 1731
f 1722 1724 1732
f 1721 1722 1733
f 1734 1733 1716
f 1735 1737 1736
f 1733 1732 1714
f 1663 1664 1741
f 1742 1665 1740
f 1738 1739 1737
f 1665 1660 1666
f 1665 1742 1744
f 1725 1726 1746
f 1591 1725 1745
f 1590 1745 1747
f 1745 1746 1748
f 1659 1688 3538
f 3287 1760 3545
f 1185 1177 1182
f 1664 1744 1749
f 1741 1749 1739
f 1746 1742 1743
f 1726 1744 1742
f 1115 924 1153
f 1654 3546 3575
f 1896 3562 3549
f 1720 1749 1744
f 1721 1739 1749
f 1750 1718 1701
f 1697 1736 1750
f 1151 1152 1063
f 1751 1752 1670
f 1695 1658 1752
f 961 962 986
f 1770 1769 1768
f 1766 1594 1593
f 1731 1759 1579
f 1579 1777 1774
f 3928 1772 1771
f 1764 1772 3928
f 1777 1776 1775
f 3762 3763 1699
f 1004 1127 1128
f 1774 1775 1771
f 987 1400 1399
f 1578 1774 1772
f 1783 1782 1781
f 1597 1598 1770
f 639 1878 3895
f 3928 3929 1769
f 1793 1792 1789
f 3929 3920 1798
f 3508 3516 3773
f 1802 1867 3924
f 1788 1790 1794
f 1793 1794 1795
f 3773 3772 1675
f 1584 1581 1783
f 1771 1797 3920
f 1801 1799 1798
f 1768 1769 1798
f 1775 1796 1797
f 508 514 515
f 1796 1803 1802
f 1800 1798 3920
f 1794 1805 1804
f 3532 1670 1752
f 485 1808 1807
f 3809 3844 1640
f 3837 3844 1810
f 485 482 1640
f 1690 1691 3770
f 487 488 1648
f 3839 1813 1816
f 3838 1811 1648
f 3839 1812 1811
f 1812 1809 487
f 1641 1809 767
f 465 466 755
f 767 1815 3823
f 3822 1816 3826
f 1809 1812 1815
f 3837 1653 1651
f 675 672 3541
f 1814 1649 1822
f 1821 1822 3821
f 1824 1822 1649
f 1827 1849 1850
f 1668 1669 1662
f 1779 1780 1848
f 1790 1827 1805
f 1833 1836 1853
f 3521 3506 693
f 1614 1615 1616
f 1852 1853 3498
f 1620 1621 1622
f 1855 1765 1574
f 1847 1852 3501
f 1766 1765 1855
f 1629 1630 1631
f 1633 1622 1634
f 1635 1636 1637
f 1848 1833 1852
f 1855 1861 1863
f 1803 1866 1867
f 1862 1863 1831
f 1782 1855 1862
f 3922 3924 1865
f 1873 1872 1870
f 1874 1869 799
f 2045 3878 3897
f 1219 1345 1295
f 1615 1614 1396
f 3884 3895 1877
f 645 3898 3786
f 1345 1219 1035
f 634 639 3884
f 15 1887 1327
f 3910 3895 1878
f 1894 604 605
f 3506 3551 627
f 3560 640 645
f 340 341 454
f 1897 194 195
f 1889 1882 1877
f 1901 94 129
f 196 749 754
f 1705 1704 3921
f 340 378 166
f 1570 1480 563
f 1904 1494 194
f 1781 1862 1832
f 1905 549 55
f 1000 994 995
f 986 919 920
f 1191 1185 1190
f 2094 2077 2075
f 1920 1921 1919
f 453 454 1912
f 1915 1919 1918
f 3882 2112 2106
f 1655 3575 3531
f 1916 1918 1926
f 704 3554 3561
f 278 1916 1925
f 3565 3564 1818
f 1097 949 1115
f 1927 1928 727
f 3578 3579 3654
f 1920 310 307
f 1929 307 48
f 503 504 1497
f 1902 1903 787
f 1816 1821 3820
f 1925 1926 1923
f 1535 1569 1568
f 254 252 258
f 1509 1497 366
f 119 86 35
f 219 288 293
f 141 46 47
f 542 205 244
f 1940 552 430
f 1779 1828 1827
f 1701 1710 3915
f 1661 3550 3515
f 270 53 754
f 197 1947 749
f 1727 1728 1212
f 53 54 232
f 1465 1468 1479
f 1284 3862 3854
f 1951 446 412
f 168 398 1554
f 1486 1485 206
f 506 77 78
f 994 1001 1007
f 951 953 963
f 1013 3859 3861
f 3826 3820 1820
f 1498 1909 1954
f 299 298 543
f 1754 1755 1756
f 1681 469 1683
f 1696 1694 1695
f 13 14 738
f 473 476 475
f 482 1641 768
f 204 62 30
f 1761 1762 820
f 611 1763 1125
f 1501 1503 1908
f 1074 1073 711
f 1960 1944 82
f 120 1956 1960
f 35 86 87
f 1773 1199 1025
f 1965 1545 1569
f 494 761 471
f 1966 1967 1969
f 446 1951 1971
f 174 368 125
f 1580 1579 1578
f 1785 1786 1787
f 1972 1546 304
f 1254 876 875
f 1973 341 342
f 321 1912 1973
f 1910 277 275
f 509 1973 514
f 1486 1507 1527
f 1974 1874 804
f 1977 1976 1974
f 1980 448 1966
f 379 1 2
f 1718 1715 1710
f 884 995 992
f 1680 1684 1678
f 902 990 525
f 344 255 256
f 135 138 137
f 448 446 1967
f 589 605 604
f 910 909 908
f 1981 1966 1968
f 1982 1981 1987
f 1988 1979 1987
f 1990 1988 1989
f 1991 1989 1993
f 322 321 320
f 992 828 830
f 1144 1076 1086
f 1995 1977 1978
f 1133 1129 1118
f 1997 1995 1994
f 870 1823 1335
f 805 806 1982
f 727 184 2000
f 1996 1994 1988
f 1994 1978 1979
f 1829 616 792
f 1830 1073 941
f 798 803 800
f 729 732 731
f 2011 2012 2023
f 1834 1835 846
f 402 283 284
f 2022 2023 2024
f 1838 718 989
f 810 955 952
f 1823 1839 1840
f 1430 1426 1432
f 1215 844 1841
f 1316 1208 873
f 2112 1401 1384
f 1842 1843 1844
f 1159 846 845
f 837 27 1846
f 1971 1951 2030
f 517 369 370
f 1471 2026 2027
f 3551 3525 626
f 2174 2175 770
f 935 934 1854
f 1613 1619 1611
f 1231 1228 1225
f 1856 1857 891
f 1300 1309 748
f 1150 1149 1858
f 1643 606 696
f 1215 1265 1264
f 1320 1860 902
f 1956 1943 1944
f 2031 668 669
f 2034 1325 1310
f 1879 1880 1656
f 40 245 242
f 1992 1993 2039
f 888 958 957
f 1882 1889 1996
f 1078 1138 1255
f 1871 912 1192
f 294 411 218
f 1323 2041 2026
f 123 1960 83
f 1324 2036 2041
f 384 358 359
f 1324 1325 2038
f 1883 1884 1885
f 287 1540 114
f 1096 1886 1134
f 915 1329 931
f 806 1980 1981
f 3533 3529 584
f 1425 2030 2042
f 1018 2042 1948
f 3562 1896 740
f 1948 2042 649
f 1881 1882 1990
f 1900 129 130
f 992 995 994
f 923 927 925
f 3878 2045 2047
f 1643 2048 625
f 2050 2052 2051
f 2045 1405 1404
f 3876 2047 945
f 1139 1080 1079
f 1037 1856 892
f 2055 2053 2057
f 1198 989 718
f 1619 2058 1612
f 2058 1605 1606
f 2059 2060 1607
f 2058 1619 1624
f 71 72 179
f 405 406 1557
f 322 1548 1972
f 2061 2052 2063
f 2066 2065 2067
f 2052 2061 2064
f 1609 1610 2066
f 1515 151 152
f 1009 827 993
f 1644 3843 3815
f 279 1915 1916
f 1285 3863 3862
f 1647 2066 1825
f 2056 2057 2067
f 319 320 1953
f 667 666 1913
f 2070 631 625
f 2052 2050 2055
f 2038 1654 1655
f 1606 1601 2073
f 1235 1917 1270
f 2072 2073 2075
f 2059 1606 2072
f 2074 2075 2077
f 1601 1602 2078
f 2049 2048 1643
f 1000 1004 1001
f 1089 943 684
f 1931 1286 1306
f 1462 1459 1021
f 1932 1933 1934
f 875 874 1846
f 1936 1051 1937
f 44 45 46
f 1534 1955 1956
f 1541 318 317
f 2081 2082 2084
f 146 1945 1959
f 1360 1941 1942
f 985 984 1032
f 1995 1997 1892
f 2079 2080 2082
f 2095 2096 2076
f 2081 2093 2078
f 2055 2050 2054
f 501 2096 2095
f 2097 2100 2099
f 2098 2099 2094
f 2140 2141 3893
f 2141 2046 3894
f 2051 2070 2048
f 592 2102 2101
f 2071 2064 2076
f 2102 2097 2098
f 593 2103 2102
f 1019 1895 746
f 1950 11 12
f 725 2071 2096
f 1385 2105 2104
f 1379 2104 2106
f 2107 2108 2100
f 3908 726 502
f 3896 502 499
f 940 1389 2109
f 928 929 1170
f 3868 590 684
f 1962 1963 1964
f 3878 680 573
f 2039 1993 1968
f 1389 1390 2110
f 1398 2111 2113
f 3757 3755 3753
f 3911 3883 2107
f 949 923 924
f 260 241 324
f 1390 1397 2113
f 2070 2051 2064
f 3867 3911 2103
f 2105 1385 1421
f 2114 1421 1423
f 3892 2114 2115
f 3908 2105 2114
f 554 2116 1902
f 972 1163 967
f 1765 1593 1573
f 1984 1985 1986
f 2053 2117 2069
f 3573 3556 724
f 1625 1677 1674
f 3881 3888 2119
f 3903 2115 2123
f 56 1954 1906
f 626 3877 3879
f 2001 2002 2003
f 3912 3841 2127
f 2006 2007 2008
f 2127 1413 1412
f 2014 2015 2016
f 2018 2019 2020
f 1495 1424 1947
f 1379 1377 1386
f 3814 3811 1680
f 2029 1885 1884
f 3902 2128 2120
f 629 3879 3914
f 682 683 943
f 724 1650 2121
f 1757 1819 3821
f 765 1810 3844
f 3851 714 715
f 706 707 3870
f 981 986 987
f 1457 1868 1656
f 2017 2016 2032
f 1458 1655 1868
f 1776 1777 1792
f 1959 1945 1946
f 3663 3715 3725
f 3913 3881 2122
f 1093 1089 689
f 966 965 968
f 3852 715 3881
f 2172 3577 2170
f 670 2138 2137
f 3761 787 1903
f 1429 19 28
f 964 963 978
f 3841 3813 1413
f 1473 1474 669
f 3834 3833 1359
f 2138 798 1870
f 1872 1473 2137
f 715 716 3888
f 1881 1991 1992
f 3843 3842 739
f 1837 1847 3513
f 253 58 59
f 1808 3837 3840
f 1647 3832 3818
f 3865 3866 671
f 2112 3882 3883
f 1405 2045 2044
f 3829 3824 1364
f 273 1541 391
f 576 632 3520
f 3875 3865 668
f 1430 1431 2140
f 2136 3850 3860
f 1430 2139 18
f 3893 3894 570
f 1442 1439 2046
f 1431 1442 2141
f 3869 3913 3850
f 3808 3823 1817
f 3866 3893 695
f 2142 2025 798
f 571 2143 2142
f 3819 3814 1618
f 2143 2022 2025
f 694 2142 2138
f 681 1572 2144
f 2144 2011 2022
f 328 210 457
f 1572 2010 2011
f 630 3892 3903
f 2085 2086 2087
f 2090 2091 2092
f 572 2144 2143
f 1875 1976 2153
f 1873 1875 2149
f 2103 2107 2097
f 2157 2043 2155
f 2128 1412 1414
f 3874 3871 589
f 3872 3870 628
f 2149 2153 2158
f 2159 2158 3905
f 698 3907 3902
f 3823 3847 3827
f 2158 2156 3874
f 1438 2044 2046
f 2035 2154 2160
f 2161 2160 3889
f 3871 3891 605
f 3873 17 18
f 370 29 61
f 649 1951 413
f 2153 2157 2156
f 1428 1429 1449
f 1490 76 73
f 3890 3905 710
f 2155 1891 3891
f 1456 1457 1880
f 2125 2088 2087
f 2160 2159 3890
f 300 1959 505
f 1064 1062 1046
f 2043 1892 1891
f 2129 2130 2004
f 2131 2132 2133
f 3848 3849 1450
f 1998 1975 804
f 3879 673 3864
f 474 492 490
f 1164 1165 1182
f 707 2162 3909
f 708 1472 2162
f 2162 2161 3886
f 548 549 1905
f 1145 1136 1114
f 705 2121 1650
f 2043 2157 1977
f 737 738 554
f 1034 1195 1191
f 458 1905 1907
f 195 196 232
f 2040 2039 1969
f 2145 2146 2147
f 2054 2050 2049
f 3832 1646 1639
f 9 12 11
f 252 364 506
f 472 478 479
f 1865 3924 3791
f 900 903 910
f 1941 2150 2151
f 1921 1928 1927
f 2163 1897 1898
f 271 156 153
f 1904 1326 12
f 282 263 264
f 1872 1873 2154
f 1326 1904 1897
f 628 692 693
f 1724 1722 1719
f 1549 1562 436
f 1582 1583 1730
f 1921 1920 1929
f 3563 3511 10
f 2152 2037 1950
f 475 772 774
f 769 2172 2171
f 2171 2165 476
f 476 773 772
f 1791 565 464
f 2166 2167 2168
f 595 371 372
f 483 1809 1641
f 762 2174 2173
f 771 483 484
f 486 487 1809
f 297 1549 1517
f 763 2175 2174
f 776 755 759
f 184 185 2176
f 412 447 303
f 2005 2176 185
f 3811 1681 1682
f 2164 2170 756
f 1472 2035 2161
f 950 951 964
f 2177 2178 2179
f 227 226 1510
f 2182 2183 2184
f 2186 2019 2018
f 1985 2182 2181
f 214 736 729
f 865 849 842
f 849 865 1357
f 559 3187 3188
f 16 13 737
f 560 553 498
f 3193 3196 3195
f 3200 3197 3198
f 3211 3214 3213
f 3215 3218 3217
f 2187 2188 2002
f 2169 2168 2189
f 2192 2086 2085
f 2193 2194 2195
f 2198 2199 2200
f 1998 1982 1979
f 3664 3665 3668
f 2116 1898 1903
f 1859 2006 2009
f 3904 2123 2126
f 1135 1148 1087
f 2201 2202 2015
f 1149 111 110
f 3221 3222 3218
f 2203 2204 2205
f 579 580 1895
f 1755 2207 2208
f 3891 3910 1893
f 1211 2151 2150
f 868 997 2210
f 944 945 930
f 2130 2129 2202
f 233 1903 1898
f 665 751 750
f 1167 1254 999
f 2211 2212 2213
f 2215 2216 2217
f 3867 593 590
f 2220 221 220
f 823 824 948
f 3225 3220 3227
f 266 204 455
f 3882 2108 2107
f 2221 2222 3519
f 2223 2224 2225
f 2207 2125 2124
f 673 674 3869
f 817 1000 996
f 2227 2228 2146
f 1947 1948 646
f 3900 2135 17
f 2229 1635 1638
f 1679 1613 1618
f 1637 2231 2232
f 2233 2234 1617
f 2231 2235 2236
f 1381 1638 2238
f 3586 2241 2242
f 1630 2234 2233
f 1681 1626 472
f 1408 1407 2243
f 3236 3239 3238
f 3232 3241 3240
f 1637 2230 2238
f 3237 3238 3233
f 1409 1408 1634
f 1380 1383 2247
f 1628 2248 2245
f 2249 1623 1622
f 1632 1634 1408
f 2248 1628 1631
f 2235 2231 1637
f 3245 3246 3199
f 631 2070 2071
f 515 167 52
f 782 781 2251
f 2253 2254 2255
f 397 281 459
f 1456 2039 2040
f 2040 2041 2036
f 1401 2112 2111
f 2041 2040 1970
f 1535 121 414
f 1586 1587 2080
f 2256 983 1132
f 1700 1699 3918
f 3815 1896 1686
f 1263 2256 1886
f 598 1841 844
f 2257 2258 2259
f 2258 2261 2262
f 2259 2262 2263
f 2260 2259 2216
f 1967 1971 1970
f 2212 1964 1963
f 922 921 2218
f 1312 1098 1101
f 1307 1306 1286
f 1548 1569 1546
f 2266 2267 2268
f 2265 2268 2270
f 2272 2265 2269
f 2273 2266 2265
f 2275 2276 2277
f 2278 2274 2277
f 2284 2285 3617
f 2287 2283 2286
f 2288 2289 2283
f 2290 2284 3639
f 2291 2292 2293
f 2295 2291 2294
f 2296 2297 2291
f 2297 2298 2292
f 2294 2293 2299
f 2279 2294 2300
f 2298 2301 2302
f 2292 2302 2303
f 2293 2303 2304
f 2304 2305 2306
f 2308 2309 2310
f 2302 2307 2310
f 2301 2311 2307
f 2312 2308 2307
f 2313 2314 2315
f 2318 2319 2320
f 3748 3771 2322
f 2324 2325 2273
f 2313 2324 2326
f 2328 2324 2313
f 2329 2325 2324
f 2331 2332 2333
f 2330 2333 2267
f 2325 2330 2266
f 2329 2331 2330
f 2333 2334 2335
f 2336 2334 2333
f 2338 2336 2332
f 2331 2339 2337
f 2329 2340 2339
f 2328 2341 2340
f 2316 2342 2341
f 2342 2316 2315
f 2344 2345 2346
f 2341 2344 2347
f 2342 2348 2344
f 2348 2349 2345
f 2350 2351 2352
f 2339 2350 2353
f 2340 2347 2350
f 2347 2346 2351
f 2337 2353 2354
f 2353 2352 2355
f 2356 2277 2276
f 2356 2357 2358
f 2356 2359 2296
f 2279 2277 2356
f 2360 2361 2270
f 2267 2335 2360
f 2362 2363 2364
f 2362 2365 2361
f 2366 2362 2358
f 2366 2367 2363
f 2357 2276 2368
f 2366 2368 2369
f 2276 2275 2370
f 2368 2370 2282
f 2372 2373 2374
f 2375 2376 2377
f 2378 2379 2380
f 2382 2378 2381
f 2384 2385 2378
f 2385 2386 2379
f 2388 2389 2390
f 2387 2390 2392
f 2393 2394 2387
f 2394 2395 2388
f 2186 2401 2402
f 2403 2404 2327
f 2272 2403 2326
f 2271 2405 2403
f 2405 2406 2404
f 2404 2407 2408
f 2409 2410 2411
f 2409 2412 2271
f 2413 2409 2269
f 2413 2414 2410
f 2417 2415 2416
f 2417 2418 2406
f 2412 2417 2405
f 2411 2415 2417
f 2406 2419 2407
f 3569 3520 632
f 2420 2398 2397
f 2420 2421 2423
f 2424 2420 2422
f 2424 2399 2398
f 2425 2391 2392
f 2421 2425 2426
f 2397 2396 2425
f 2396 2393 2391
f 2427 2314 2408
f 2430 2427 2428
f 2343 2315 2427
f 2432 2343 2430
f 2431 2430 2429
f 2435 2431 2433
f 2436 2432 2431
f 2428 2408 2407
f 2422 2437 2407
f 2438 2437 2422
f 2429 2428 2437
f 2440 2434 2433
f 2441 2439 2433
f 2442 2443 2439
f 2443 2444 2440
f 2445 2446 2444
f 2447 2445 2443
f 2383 2381 2445
f 2381 2380 2446
f 2448 2438 2423
f 2449 2448 2426
f 2441 2448 2449
f 2441 2429 2438
f 2449 2392 2390
f 2450 2390 2389
f 2447 2450 2451
f 2442 2449 2450
f 2451 2389 2453
f 2452 2453 2455
f 2382 2452 2454
f 2383 2451 2452
f 2456 2457 2373
f 2459 2460 2461
f 2463 2464 2465
f 2462 2465 2285
f 2466 2462 2284
f 2467 2463 2462
f 2461 2460 3703
f 2468 2469 2470
f 2472 2468 2471
f 2474 2461 3701
f 2475 2476 2477
f 2458 2455 2453
f 2479 2453 2389
f 2395 2480 2479
f 2480 2459 2458
f 2481 2482 2483
f 2484 113 2485
f 2471 2470 2464
f 2473 2471 2463
f 2487 2467 2466
f 2486 2466 2290
f 2490 2486 2488
f 2491 2487 2486
f 2492 2473 2467
f 2493 2492 2487
f 2494 2495 2492
f 2495 2472 2473
f 3690 2496 2474
f 3691 2497 2496
f 2498 2494 2493
f 2500 2498 2499
f 3700 3687 2498
f 3687 3691 2494
f 2306 2504 2278
f 2305 2505 2504
f 2504 2505 2507
f 2506 2507 2288
f 2274 2506 2508
f 2278 2504 2506
f 3633 3632 2489
f 3620 3633 2488
f 2507 2509 2289
f 2505 2510 2509
f 2508 2288 2287
f 2511 2287 2281
f 2370 2511 2280
f 2275 2508 2511
f 2512 2490 2489
f 2514 2512 2513
f 2517 2512 2514
f 2517 2491 2490
f 2499 2493 2491
f 2499 2517 2516
f 2510 2505 2519
f 2518 2519 2521
f 3616 2518 2520
f 3632 2510 2518
f 2522 2304 2303
f 2523 2522 2310
f 2305 2304 2522
f 2524 2522 2523
f 2519 2524 2525
f 2505 2305 2524
f 2308 2312 2527
f 2526 2527 2529
f 2531 2526 2528
f 2309 2308 2526
f 1214 2532 2151
f 2419 2406 2418
f 2533 2345 2349
f 2534 2533 2317
f 2535 2536 2533
f 2536 2346 2345
f 2537 2351 2346
f 2538 2537 2536
f 2539 2540 2537
f 2540 2352 2351
f 2312 2355 2541
f 2527 2541 2542
f 2543 2435 2434
f 2545 2543 2544
f 2319 2318 2543
f 2318 2436 2435
f 2514 2515 2548
f 2547 2548 2550
f 2552 2547 2549
f 2552 2516 2514
f 2520 2521 2554
f 2553 2554 2556
f 3590 2553 2555
f 3621 2520 2553
f 2523 2309 2531
f 2557 2531 2530
f 2525 2523 2557
f 2559 2557 2558
f 2554 2559 2560
f 2521 2525 2559
f 2561 2375 2007
f 2376 2562 2225
f 2564 2565 2566
f 2563 2566 338
f 2569 2563 2567
f 2570 2564 2563
f 2572 2573 2574
f 2571 2574 2576
f 2544 2571 2575
f 2544 2434 2572
f 2578 2570 2569
f 2579 2577 2569
f 2574 2577 2579
f 2573 2578 2577
f 2581 2582 2583
f 2584 2580 2583
f 3697 3675 2580
f 3676 2581 2580
f 2582 2516 2552
f 2583 2552 2551
f 2500 2501 2589
f 2590 2588 2589
f 3693 3695 2588
f 3695 3700 2500
f 2501 2516 2591
f 2592 2593 2594
f 2386 2385 2503
f 2596 2379 2386
f 2596 2374 2373
f 2599 2596 2597
f 2599 2380 2379
f 2600 2446 2380
f 2600 2599 2598
f 2603 2600 2601
f 2603 2444 2446
f 2604 2603 2602
f 2440 2604 2605
f 2444 2603 2604
f 2606 2582 2581
f 2606 2607 2590
f 2591 2516 2582
f 3676 2587 2456
f 3689 2456 2372
f 2478 2477 2608
f 2609 2610 2611
f 2564 2570 2613
f 2612 2613 2598
f 2457 2612 2597
f 2565 2564 2612
f 2614 2613 2570
f 2615 2614 2578
f 2602 2601 2614
f 2601 2598 2613
f 2572 2434 2605
f 2616 2605 2602
f 2573 2572 2616
f 1459 1016 1045
f 1265 1215 1079
f 1612 1608 1609
f 2067 2057 2069
f 1135 1109 1136
f 1938 1937 2618
f 95 548 458
f 2058 1607 1608
f 1454 1469 1445
f 655 2620 1048
f 722 1049 2621
f 1131 985 1033
f 562 1481 366
f 1723 1719 1725
f 1786 1123 1122
f 267 300 323
f 1325 2034 1654
f 1468 1165 1435
f 658 657 529
f 8 532 247
f 382 1557 1559
f 788 619 1307
f 940 930 929
f 911 2622 2623
f 2621 2620 655
f 2624 1857 2625
f 998 1846 27
f 635 638 2626
f 2627 641 644
f 2628 2627 1840
f 1200 1199 2627
f 1199 1773 641
f 1520 515 49
f 1452 1350 1349
f 2630 2631 1859
f 644 643 1335
f 1197 1198 717
f 2632 717 719
f 2628 2632 1166
f 2629 1197 2632
f 1762 2633 1050
f 1823 870 873
f 2634 2635 794
f 1042 794 2635
f 93 94 1901
f 2036 2038 1458
f 1527 332 1525
f 877 876 1274
f 134 409 797
f 1328 893 931
f 607 777 1091
f 1043 2635 2637
f 2636 2637 2639
f 1275 2636 2638
f 1275 1040 1043
f 1272 2624 2626
f 2640 2626 638
f 1110 2641 2640
f 536 1272 2640
f 1472 708 1474
f 2042 2030 1951
f 1058 1106 1105
f 2642 2623 2643
f 1192 2642 2644
f 912 2623 2642
f 3898 1657 3526
f 1049 1048 2620
f 616 1829 1885
f 1331 1913 666
f 990 989 1198
f 1911 1912 321
f 1298 1282 1205
f 76 1490 1504
f 1502 1500 421
f 610 609 658
f 1146 937 659
f 2646 911 914
f 1280 1239 1238
f 1453 1454 1452
f 835 942 1843
f 1271 1270 1173
f 1893 1878 1826
f 1050 2633 1937
f 2651 2652 814
f 1006 1053 1281
f 2653 1084 2654
f 1001 1004 1003
f 585 997 679
f 2624 1272 621
f 555 678 2028
f 1207 526 1197
f 1626 1627 478
f 426 389 419
f 1030 1193 1773
f 3898 645 634
f 534 1533 138
f 1125 1092 1042
f 333 228 88
f 569 1570 561
f 1489 2656 871
f 1857 2624 620
f 1673 1674 3770
f 622 861 864
f 619 788 891
f 261 544 545
f 393 1555 1556
f 2658 2659 2647
f 1075 2658 2657
f 1081 1080 2658
f 1080 1139 2659
f 2644 2643 1141
f 2660 1141 1140
f 642 2660 1336
f 1193 2644 2660
f 679 678 555
f 1503 1501 1500
f 1318 1317 1101
f 2661 2659 1139
f 2661 1142 2663
f 2662 2647 2659
f 2662 2663 2622
f 2664 2622 911
f 2648 2664 2646
f 2648 2647 2662
f 2083 2094 2093
f 1442 1440 1437
f 519 329 330
f 1885 2029 1209
f 799 800 805
f 1946 1943 1952
f 1302 1301 1253
f 566 2005 224
f 1389 940 928
f 683 682 681
f 836 835 1842
f 2665 1842 1845
f 2666 2665 1303
f 24 836 2665
f 831 1072 2650
f 1845 1844 1304
f 2010 2013 2012
f 1051 1936 2667
f 1522 1521 1511
f 531 440 441
f 1250 635 2625
f 2669 2625 1857
f 783 2669 1856
f 782 1250 2669
f 720 2670 2671
f 1055 1931 1930
f 1333 1067 1251
f 619 622 1308
f 652 655 2619
f 521 522 1539
f 1838 988 537
f 2672 537 536
f 1113 2672 2641
f 1113 527 1838
f 1016 1013 1351
f 3897 573 570
f 226 227 104
f 3564 3669 3827
f 1036 1037 1884
f 2674 1301 1304
f 2673 1304 1844
f 1334 2673 2675
f 1333 2674 2673
f 2676 702 1039
f 1843 2676 2675
f 942 1074 2676
f 1074 699 702
f 752 1057 1055
f 1200 1166 656
f 1120 1846 874
f 2677 874 877
f 1241 2677 1052
f 1119 1120 2677
f 1560 1513 151
f 1208 1316 611
f 215 735 736
f 1460 1459 1462
f 1208 1207 1839
f 854 856 1282
f 72 445 182
f 544 1563 1565
f 217 200 456
f 2047 1404 930
f 1204 2618 1937
f 913 777 686
f 840 527 1113
f 1531 729 730
f 2678 778 1283
f 601 667 1914
f 1537 1538 459
f 1819 1757 3509
f 991 1860 862
f 2679 711 1073
f 2680 1830 983
f 779 2680 2256
f 778 2678 2680
f 2678 2679 1830
f 180 542 245
f 1886 1132 1131
f 1138 1137 1274
f 1841 598 1140
f 75 313 314
f 193 423 420
f 2681 2682 1099
f 170 1567 1565
f 349 416 417
f 1121 1124 2684
f 547 797 409
f 123 122 121
f 2643 2663 1142
f 1542 1544 513
f 899 900 907
f 1210 677 676
f 791 663 982
f 24 27 837
f 893 896 932
f 1860 1320 863
f 535 538 862
f 1569 1548 1547
f 181 455 542
f 660 659 937
f 2013 567 568
f 887 890 2631
f 1524 1508 361
f 520 161 162
f 2653 855 854
f 1238 1237 2655
f 718 1838 527
f 1492 1493 518
f 792 616 615
f 599 846 1835
f 290 457 456
f 312 171 1552
f 1248 2687 1179
f 153 149 177
f 1240 1181 1222
f 1257 1292 1235
f 1291 1084 1083
f 1052 877 1277
f 743 742 2618
f 444 140 430
f 23 1224 1172
f 2687 2654 1180
f 102 103 409
f 1283 607 610
f 373 497 650
f 1180 2654 1084
f 855 2653 2655
f 1173 1270 1917
f 2689 850 853
f 2688 853 1108
f 2686 2688 1279
f 2687 2689 2688
f 2691 1302 1252
f 2690 1252 850
f 1248 2690 2689
f 1248 1247 2691
f 2692 617 24
f 2691 2692 2666
f 1247 1258 2692
f 1258 1168 617
f 394 1554 1555
f 2693 1260 1259
f 1072 1236 1262
f 1257 1071 1168
f 398 439 1555
f 871 1784 1314
f 1178 1232 1249
f 1224 1289 1173
f 1010 2617 2618
f 1175 1174 1292
f 2654 2687 2686
f 2694 1157 1216
f 71 418 1487
f 701 1112 1111
f 1072 1261 2649
f 1085 2695 22
f 895 2694 1264
f 1601 1606 1605
f 1259 1262 1271
f 21 20 1220
f 988 991 538
f 598 597 1336
f 1050 860 818
f 1298 2645 1761
f 1168 1167 618
f 858 1168 1256
f 39 242 516
f 2652 1761 819
f 313 316 315
f 2026 1970 1971
f 2656 1489 596
f 814 819 818
f 2696 2651 813
f 1260 2696 2649
f 2693 2697 2696
f 2697 1296 2651
f 381 355 390
f 3818 3819 1611
f 1475 1427 1428
f 1292 1174 1917
f 1551 353 354
f 1526 1525 1523
f 1593 1589 1595
f 1232 1269 1246
f 2695 2693 1223
f 2698 1297 1296
f 2698 2697 2693
f 2685 2698 2695
f 2685 854 1297
f 562 1497 271
f 2652 2651 1296
f 1365 1366 1364
f 1958 1946 1953
f 585 588 2210
f 1561 1560 1515
f 975 2648 1146
f 347 67 68
f 1038 1111 636
f 2700 781 780
f 2699 780 1036
f 2701 2699 1883
f 851 2700 2699
f 2674 1333 2251
f 2702 2251 781
f 1253 2702 2700
f 1301 2674 2702
f 1519 387 388
f 1273 1239 1280
f 2703 1280 1107
f 2701 2703 852
f 1829 1273 2703
f 91 260 326
f 1784 871 2656
f 2683 2684 2705
f 604 1894 3499
f 1669 3534 3548
f 2062 2063 2060
f 621 535 861
f 2023 731 732
f 686 779 1263
f 857 1051 2668
f 883 830 882
f 637 636 1111
f 2668 894 893
f 2667 921 894
f 1039 1038 1068
f 313 75 1504
f 1911 1972 305
f 1936 2706 1964
f 2707 2402 2401
f 2708 2707 2183
f 738 2163 2116
f 2349 2348 2432
f 2711 2712 2020
f 2400 2711 2019
f 2714 2715 2716
f 2717 2718 2719
f 2721 2722 2723
f 2726 2727 2728
f 2725 2728 2730
f 2731 2725 2729
f 2732 2726 2725
f 2734 2735 2736
f 2738 2739 2740
f 2737 2740 2741
f 2744 2745 2746
f 2745 2744 2748
f 2749 2750 2747
f 2753 2749 2751
f 2250 1380 2246
f 2754 1396 1614
f 3598 2754 2755
f 3608 2745 2747
f 1617 2756 2755
f 2242 2758 1620
f 2191 2085 2760
f 2761 2759 2760
f 3648 2759 2761
f 3623 2191 2759
f 3209 3248 3223
f 1395 1394 2236
f 1395 2235 1636
f 1616 1635 2229
f 1617 2234 2763
f 2756 2763 3628
f 2765 2763 2234
f 2766 2764 3628
f 3202 3199 3246
f 1516 437 435
f 2768 2769 3552
f 1495 541 578
f 2135 2136 28
f 3526 3540 2773
f 1690 1689 3926
f 2778 2779 2780
f 2777 2780 2781
f 2784 2778 2777
f 3555 3521 575
f 1494 1904 9
f 3529 2016 2015
f 451 61 505
f 2786 2787 2788
f 2779 2786 2785
f 2789 2752 2741
f 2790 2753 2752
f 2792 2793 2794
f 2793 2795 2796
f 2796 2797 2750
f 2794 2796 2749
f 2798 1393 1396
f 3591 2798 2754
f 2798 2799 2800
f 3591 3662 2799
f 2797 2796 2795
f 2791 2794 2753
f 216 233 232
f 3804 2806 2807
f 3805 2809 2804
f 2769 2810 3557
f 183 185 184
f 2811 2812 2775
f 2804 2811 2776
f 2809 2813 2811
f 2812 2811 2813
f 3805 2808 2816
f 3796 2818 2815
f 3798 3800 2820
f 3793 2823 2819
f 2824 2736 2735
f 2823 2825 2824
f 2825 2823 2826
f 3793 2822 2827
f 3796 2817 2826
f 2713 2716 2829
f 2828 2829 2831
f 2822 2821 2828
f 2821 2820 2713
f 2832 2827 2822
f 2833 2832 2830
f 2834 2835 2832
f 2835 2818 2827
f 2837 2838 2839
f 2836 2839 2841
f 2842 2836 2840
f 2843 2837 2836
f 2840 2841 2845
f 2718 2844 2845
f 2730 2728 2844
f 2727 2840 2844
f 2846 2845 2841
f 2829 2846 2847
f 2847 2841 2839
f 2848 2839 2838
f 2833 2848 2849
f 2831 2847 2848
f 2850 2814 2851
f 2853 2850 2852
f 2783 2777 2782
f 2785 2788 2853
f 2780 2785 2856
f 2857 2858 2855
f 2859 2857 2782
f 2861 2843 2842
f 2860 2842 2727
f 2862 2860 2726
f 2863 2861 2860
f 2861 2863 2858
f 2843 2861 2857
f 2856 2853 2854
f 2781 2856 2864
f 2837 2843 2859
f 2838 2837 2864
f 2852 2851 2834
f 2854 2852 2849
f 2865 2815 2818
f 2851 2865 2835
f 2813 2809 2815
f 2814 2813 2865
f 2866 2812 2814
f 2788 2866 2850
f 2866 2788 2787
f 2812 2866 2867
f 1892 1889 1890
f 2720 2719 2846
f 298 299 256
f 2872 2714 2713
f 3794 3800 2735
f 2729 2730 2874
f 2846 2716 2715
f 2876 2877 2878
f 2733 2875 2878
f 3806 3807 2879
f 3806 2880 2872
f 2882 2883 2884
f 2881 2884 2715
f 2880 2881 2714
f 2879 2882 2881
f 2885 2886 2887
f 2888 2889 2890
f 2885 2890 2892
f 2893 2886 2885
f 1942 2151 2532
f 2895 2892 2720
f 2884 2895 2870
f 2883 2896 2895
f 2896 2891 2892
f 2889 2874 2717
f 2890 2717 2720
f 2897 2893 2891
f 2898 2897 2896
f 2899 2898 2883
f 2900 2899 2882
f 3797 2900 2879
f 2876 2902 2901
f 2901 2902 2904
f 1785 2656 1835
f 2905 2906 2899
f 2907 2908 2897
f 3797 2901 2903
f 632 576 577
f 3532 3547 2867
f 434 385 550
f 2768 2770 3640
f 2910 2911 1623
f 2241 2912 2758
f 3640 2770 2913
f 1623 2911 2757
f 3587 2242 2757
f 2229 1381 1380
f 2765 1630 1629
f 2915 2914 1629
f 3642 3641 2914
f 3641 3622 2765
f 2919 2916 3642
f 2918 2915 2912
f 3614 2918 2241
f 3618 2919 3613
f 3541 2177 2180
f 3521 2002 2188
f 3705 3573 714
f 2925 2766 2917
f 2924 2917 2916
f 3610 2924 2919
f 3611 2925 2924
f 2926 2927 2766
f 3658 2926 2925
f 1715 1713 1705
f 785 497 498
f 1387 651 565
f 374 375 1899
f 3573 2203 2206
f 2929 2930 2886
f 2932 2933 2934
f 1905 1906 1908
f 2930 2935 2936
f 2938 2935 2930
f 1493 369 517
f 1603 1585 1586
f 2939 2938 2929
f 2940 2939 2908
f 3665 1707 1600
f 2886 2930 2937
f 2906 2907 2898
f 2908 2929 2893
f 2942 2934 2933
f 2941 2933 2937
f 3501 2941 2936
f 3498 2942 2941
f 2943 2944 2710
f 2943 2873 2874
f 2945 2943 2889
f 2946 2944 2943
f 2932 2945 2888
f 2931 2946 2945
f 727 1928 1929
f 2903 2904 2947
f 545 594 42
f 1480 1570 533
f 2907 2906 2949
f 2906 2905 2950
f 1558 452 215
f 3799 2903 2948
f 2054 1645 1644
f 3705 3684 2203
f 1828 1837 1849
f 2953 2954 2955
f 2952 2955 2957
f 2956 2261 2258
f 2953 2952 2258
f 2454 2455 2474
f 3747 2958 2959
f 3747 2132 2131
f 2961 2962 2963
f 2958 2963 2964
f 222 221 2485
f 2477 2226 2966
f 2631 2561 2006
f 2384 2454 2496
f 2967 2968 2959
f 2968 2967 2970
f 3759 2033 2971
f 3784 2971 2960
f 2972 2971 2033
f 2007 2377 2973
f 3560 3559 2134
f 1836 1833 1832
f 3506 2188 2090
f 955 810 959
f 672 675 674
f 633 710 713
f 2024 732 733
f 2025 2024 803
f 425 1552 1550
f 2975 2976 888
f 1319 1158 1157
f 1212 1935 2977
f 889 957 2228
f 1978 1974 1975
f 1138 1078 1329
f 751 665 2979
f 1619 1613 1625
f 2252 2255 1728
f 1157 1160 845
f 2706 1936 1938
f 2980 2255 2254
f 2982 2975 887
f 802 712 711
f 678 677 2029
f 527 840 690
f 1839 1207 2629
f 2983 2984 602
f 2983 1914 1913
f 2985 2983 1331
f 2986 2984 2983
f 2987 2637 2635
f 2985 2988 2639
f 2990 1319 1318
f 2991 2992 2993
f 2995 2991 2994
f 1106 1058 2991
f 1058 1057 2992
f 1415 1406 1365
f 1317 922 2217
f 1932 1728 2255
f 926 2998 2999
f 3001 2993 2992
f 3000 2992 1057
f 2999 3000 2978
f 2998 3001 3000
f 3002 2998 2209
f 3002 3003 2996
f 2993 3001 3002
f 1103 1106 2995
f 3004 2995 2996
f 2209 2210 3004
f 588 1103 3004
f 295 296 433
f 2638 2639 2988
f 3005 2988 1056
f 1305 3005 1930
f 1276 2638 3005
f 1987 1968 1993
f 2633 1762 1761
f 1423 1422 1417
f 3561 3517 739
f 2671 2670 2704
f 1473 1872 2035
f 922 1317 2694
f 1401 1400 1378
f 556 2028 1884
f 842 848 3825
f 1854 2706 2617
f 933 1082 1081
f 1440 1441 1436
f 529 657 719
f 1031 1025 1027
f 777 913 912
f 2645 1205 1204
f 441 438 1538
f 790 1287 587
f 2065 2066 1610
f 1860 991 990
f 60 106 87
f 1424 1017 1948
f 332 1527 1507
f 261 262 138
f 187 188 449
f 1719 1720 1726
f 1931 1055 1059
f 3006 1059 1105
f 1287 3006 1104
f 1286 1931 3006
f 3007 3008 3009
f 3009 3008 653
f 618 999 26
f 2029 677 1210
f 957 601 600
f 1049 2146 2228
f 2631 890 3011
f 890 889 2227
f 3011 2227 2145
f 2561 3011 3012
f 1026 656 609
f 2706 1854 1961
f 3013 2965 2485
f 2148 2147 1267
f 3015 1267 1266
f 2997 2264 1101
f 642 641 1773
f 186 477 461
f 1041 1040 1320
f 1121 3016 3017
f 2984 2986 2987
f 3018 2987 2634
f 1048 603 3018
f 603 602 2984
f 2679 2678 801
f 2062 2072 2074
f 2061 2074 2076
f 414 303 1545
f 3016 1121 2683
f 3019 2683 2704
f 3020 3019 2670
f 3007 3016 3019
f 1871 1090 1091
f 3021 1787 1122
f 3022 3021 3017
f 1314 3021 3022
f 1784 1787 3021
f 1316 1315 1763
f 3023 3022 3010
f 3023 3009 795
f 1763 3023 1092
f 1315 3022 3023
f 3016 3007 3010
f 752 751 2978
f 2986 2639 2637
f 3024 654 653
f 3020 3024 3008
f 720 723 3024
f 723 2621 654
f 2681 1098 1268
f 2671 3025 1268
f 2705 2681 3025
f 1313 3026 3027
f 3026 3028 3029
f 3027 3029 3030
f 1311 3027 3031
f 2012 568 731
f 917 2657 974
f 743 1206 856
f 1888 2027 2030
f 2682 2705 2684
f 3032 2684 1124
f 1100 3032 2989
f 1099 2682 3032
f 1123 2990 2989
f 3033 1834 1159
f 2990 3033 1158
f 1123 1786 3033
f 1786 1785 1834
f 1054 1056 2988
f 2979 665 664
f 2623 2622 2663
f 1095 660 688
f 3034 3035 2261
f 3036 3034 2956
f 3037 3038 3034
f 3038 3039 3035
f 3040 3041 3026
f 2263 3042 3041
f 3042 3039 3043
f 3041 3043 3028
f 3044 3045 3043
f 3046 3047 3045
f 3047 3048 3049
f 3043 3045 3049
f 3038 3037 3051
f 3050 3051 3053
f 3052 3046 3044
f 3039 3038 3050
f 3054 3035 3039
f 3042 2263 2262
f 2261 3035 3054
f 2216 2263 2997
f 2212 2211 2667
f 3056 868 2209
f 934 3057 1961
f 2013 3755 3757
f 3058 3059 3060
f 3059 3062 3063
f 3060 3063 2213
f 3061 3060 1963
f 3063 3064 2214
f 3062 3065 3064
f 3065 2257 2260
f 3064 2260 2215
f 3066 3067 3031
f 2608 2966 3067
f 2966 2562 3068
f 3031 3067 3068
f 2455 2458 2461
f 2476 2223 2226
f 3551 2090 2089
f 3526 2774 3769
f 433 354 355
f 2115 1423 1419
f 3509 2868 2922
f 3769 3737 2131
f 3069 2611 2167
f 2971 2972 2928
f 2961 2774 2773
f 3070 2475 2478
f 2610 2609 3071
f 2502 2371 2374
f 3072 2592 2595
f 2964 3046 3052
f 3048 2593 3074
f 2593 2592 3075
f 3075 3030 3029
f 3074 3029 3028
f 3072 3076 3075
f 3076 3072 2482
f 2481 2608 3066
f 3076 3066 3030
f 2967 3052 3053
f 2482 3072 3073
f 479 480 493
f 706 3900 3873
f 3561 2194 2221
f 2013 2010 3754
f 3533 2032 2016
f 3562 3519 2222
f 1171 1154 1155
f 2586 2566 2565
f 2982 110 113
f 2562 2376 3077
f 2376 2375 3012
f 3012 2145 2148
f 3077 2148 3015
f 2963 3047 3046
f 3051 3078 2970
f 1683 2173 491
f 3850 2122 1447
f 1986 2181 3734
f 3079 3080 2546
f 3081 3079 2575
f 1983 1986 3768
f 3082 2323 2319
f 3080 3082 2545
f 3734 3732 3082
f 3732 3748 2323
f 1309 1471 1888
f 3073 2595 2772
f 2760 3083 3084
f 2760 2085 2088
f 3085 3084 3086
f 3089 3085 3090
f 3089 2762 3084
f 3092 3088 3090
f 3093 2748 2744
f 2751 2747 2748
f 3093 2741 2752
f 2742 2741 3093
f 3094 3093 2743
f 3096 3097 3098
f 3099 3096 3087
f 3097 3094 3095
f 3100 2743 2746
f 3101 2927 3102
f 2764 2766 2927
f 2745 2764 3101
f 3102 3092 3091
f 3100 3091 3095
f 2869 2802 3592
f 3102 3103 3104
f 3658 2868 2869
f 2927 2926 3103
f 3098 3095 3091
f 3087 3098 3090
f 2088 2125 3105
f 3083 3105 3086
f 2483 3073 2771
f 2401 2186 2185
f 3099 3086 3105
f 2125 2207 3106
f 3108 2737 2742
f 3107 2742 3094
f 3110 3108 3107
f 3109 3107 3097
f 3111 3109 3096
f 3112 3110 3109
f 3113 2738 2737
f 3115 2723 2722
f 3117 3115 3114
f 3119 3117 3116
f 3118 3116 3120
f 3116 3114 3113
f 3122 3112 3111
f 3122 3123 1755
f 3124 3125 3126
f 3125 3118 3121
f 3128 3119 3118
f 3129 3128 3125
f 2020 2712 3128
f 3853 3857 1346
f 1065 1046 1047
f 1814 3838 3830
f 2021 2020 3129
f 3111 3099 3106
f 3123 3106 2207
f 2377 2225 2224
f 3014 2485 113
f 1756 2208 3782
f 3131 3132 2530
f 3133 3131 2528
f 1753 1756 3767
f 3134 3124 3127
f 2327 2408 2314
f 2436 2318 2317
f 2018 2021 3711
f 2534 3136 3137
f 2320 2322 3136
f 2185 2018 3712
f 3138 3139 2542
f 3134 3135 3744
f 3785 3130 3134
f 3140 3138 2539
f 2535 3137 3140
f 3711 2021 3130
f 2558 2530 3132
f 3782 3760 3141
f 2560 2558 3141
f 3760 3777 3142
f 958 888 2976
f 1933 1932 2980
f 2399 2424 2418
f 2348 2342 2343
f 2322 2320 2319
f 2718 2717 2874
f 2709 2729 2873
f 2894 2871 1361
f 346 289 176
f 1876 1877 1882
f 2802 2803 3607
f 3104 3144 3088
f 2974 2222 3649
f 3089 3145 2761
f 3088 3144 3145
f 2803 2974 3603
f 3870 3909 692
f 2123 1419 1418
f 1365 1363 1368
f 1581 1766 1782
f 3569 2202 2129
f 3555 2003 2002
f 3146 2585 2551
f 3751 3146 3147
f 3742 3149 3146
f 3149 2584 2585
f 3196 3198 3197
f 3604 2192 2191
f 3142 3150 2556
f 3777 3778 3150
f 3646 3152 2550
f 3150 3151 2555
f 3778 3780 3151
f 3788 3781 3152
f 3153 3147 2551
f 3152 3153 2549
f 3781 3776 3153
f 3776 3750 3147
f 3148 2767 2206
f 2183 2401 2321
f 2132 2960 2928
f 3684 3685 2204
f 3719 2198 2197
f 2594 2962 2773
f 2595 2594 2951
f 1870 798 799
f 3713 2179 2178
f 3706 2178 3736
f 336 3154 3774
f 339 3155 3154
f 3789 3683 3149
f 3683 3697 2584
f 2963 2962 3048
f 3722 3730 337
f 339 338 2566
f 3156 3157 2168
f 2610 3156 2167
f 2954 2953 3156
f 3157 3156 2953
f 3707 2166 2169
f 2567 3158 3159
f 337 3158 2567
f 3730 3069 2166
f 3764 2190 1983
f 2579 3160 3081
f 2568 3159 3160
f 3709 2169 2190
f 3065 3062 3162
f 3161 3162 1984
f 3157 3161 2189
f 2257 3065 3161
f 734 735 1922
f 3059 3058 2708
f 3163 2708 2182
f 3162 3163 1985
f 3062 3059 3163
f 3203 3206 3205
f 2122 2119 1448
f 3817 1686 1685
f 139 140 444
f 1570 569 566
f 2957 3164 3165
f 2955 3166 3164
f 1912 454 341
f 3130 3129 3124
f 1548 322 319
f 1949 1950 1327
f 2969 2970 3078
f 3167 3078 3169
f 3724 2014 2017
f 3720 2017 2033
f 3168 3169 3165
f 3170 3165 3164
f 3779 3170 3171
f 3724 3168 3170
f 3171 3164 3166
f 3172 3166 3071
f 3752 3172 3173
f 3756 3171 3172
f 3169 3037 3036
f 2593 3048 2962
f 3173 3071 2609
f 3174 2609 2199
f 3783 3174 2198
f 3749 3173 3174
f 2190 2189 1984
f 2196 2195 2767
f 2119 2120 1414
f 1464 1463 1466
f 2199 2611 3069
f 2457 2456 2587
f 2226 2225 2562
f 481 478 1627
f 333 1512 235
f 3078 3051 3037
f 3040 2264 2997
f 2219 1934 1933
f 2385 2384 2497
f 221 2220 3175
f 2220 1933 3143
f 3175 3143 2976
f 2484 3175 2975
f 2954 3071 3166
f 2630 1858 110
f 1547 319 1952
f 2091 2090 2188
f 3733 3736 2178
f 1918 1919 1927
f 3563 112 111
f 955 956 960
f 2037 3014 112
f 3143 2980 2981
f 2218 2211 2214
f 672 3877 3787
f 2152 3013 3014
f 1147 1144 1143
f 2248 2246 1409
f 1615 1636 1635
f 1410 1409 2246
f 3241 3243 3242
f 1382 3176 3177
f 3177 1410 2247
f 2247 1383 3177
f 3176 2238 2230
f 1410 3177 3179
f 3179 3180 2243
f 1633 3181 2800
f 1621 1620 2758
f 1622 1621 2245
f 2236 1394 3181
f 2237 2236 3182
f 2250 1631 2233
f 2912 1629 1628
f 135 136 1564
f 1567 419 512
f 1085 1084 2653
f 3184 869 868
f 869 3184 3057
f 1266 1268 1098
f 1267 2147 722
f 937 1146 2646
f 2146 1049 722
f 2211 2218 921
f 1957 510 507
f 1313 1312 2264
f 1496 362 1493
f 2887 2937 2933
f 1687 1688 1659
f 145 1499 1498
f 37 38 418
f 1935 1934 3185
f 104 89 301
f 2101 2098 2083
f 543 298 360
f 1934 2219 3186
f 234 1521 212
f 3845 3821 1822
f 1976 1875 1874
f 223 3186 2219
f 3655 3656 3605
f 2165 2164 467
f 467 468 2165
f 773 476 2165
f 1935 1212 1728
f 3240 3225 3226
f 3261 3249 3250
f 3215 3216 3244
f 3265 3221 3215
f 3267 3245 3198
f 3205 3206 3269
f 3214 3211 3265
f 3271 3213 3214
f 3251 3252 3239
f 3222 3221 3266
f 3232 3235 3234
f 3216 3242 3243
f 3196 3193 3268
f 3244 3243 3254
f 3238 3239 3247
f 3264 3244 3255
f 3253 3242 3216
f 3211 3266 3221
f 3257 3217 3218
f 3258 3222 3272
f 3274 3275 3280
f 3228 3229 3262
f 3275 3231 3281
f 3226 3227 3273
f 3236 3263 3260
f 3281 3263 3236
f 3287 3271 3192
f 3235 3226 3280
f 3234 3280 3281
f 3288 3290 3259
f 3260 3250 3276
f 3289 3212 3278
f 3210 3209 3224
f 3199 3202 3201
f 3228 3231 3230
f 3290 3288 3285
f 3282 3279 3271
f 3260 3263 3262
f 3243 3241 3268
f 3267 3268 3241
f 3194 3207 3208
f 3191 3270 3269
f 3270 3191 3192
f 3275 3274 3230
f 3264 3269 3270
f 3252 3251 3276
f 3248 3252 3291
f 3213 3271 3279
f 3272 3266 3289
f 3277 3278 3212
f 3228 3263 3281
f 3220 3225 3253
f 3219 3253 3217
f 3256 3218 3222
f 3247 3239 3252
f 3245 3267 3232
f 3266 3211 3212
f 3208 3205 3255
f 3288 3289 3284
f 3204 3205 3208
f 560 1899 3187
f 3209 3210 3201
f 3189 3192 3191
f 448 1980 807
f 647 648 122
f 1833 1848 1780
f 510 509 508
f 3210 1949 1887
f 1887 15 3200
f 15 16 3197
f 16 3188 3195
f 3195 3188 3187
f 3194 3187 1899
f 3207 1899 375
f 387 173 126
f 3189 1791 1760
f 3577 763 757
f 763 3577 2172
f 3583 3582 3580
f 3581 3580 3579
f 3594 3597 3596
f 3400 3601 3602
f 3626 3624 3625
f 3631 3635 3599
f 3636 3637 3595
f 3647 3584 3588
f 3650 3582 3584
f 3653 3579 3580
f 3653 2176 3654
f 1801 1864 3656
f 3651 3580 3582
f 3644 3638 3595
f 1767 1768 3659
f 1597 3663 3661
f 1708 1707 3665
f 3671 3668 3667
f 3666 3667 3673
f 1588 1708 3664
f 2080 3671 3666
f 2082 3666 3672
f 3674 3677 3635
f 3677 3678 3636
f 3682 3647 3645
f 3692 3651 3650
f 3681 3645 3644
f 786 3694 3692
f 3694 3653 3651
f 785 3692 3686
f 497 3686 3682
f 650 3682 3681
f 3696 564 3681
f 3405 3606 3605
f 3702 3699 3678
f 3699 3698 3679
f 3645 3588 3638
f 1799 3657 3659
f 3708 3704 3458
f 3462 3710 3708
f 3714 463 564
f 3615 3606 3602
f 3710 3714 3696
f 3635 3636 3596
f 3629 3626 3627
f 3597 3600 3599
f 3630 3716 3715
f 3627 3625 3597
f 3717 3716 3723
f 3715 3663 3660
f 3716 3717 3725
f 3668 3665 3661
f 3668 3725 3717
f 3667 3717 3718
f 3727 3728 3673
f 3728 1576 3672
f 3726 3727 3718
f 1576 2101 2084
f 3727 3726 3731
f 3203 376 1387
f 3190 1387 1791
f 3283 2152 1949
f 317 240 259
f 2000 2176 3653
f 3601 3599 3600
f 3589 3588 3584
f 3577 758 756
f 3585 3584 3582
f 3678 3679 3637
f 3204 375 376
f 1801 3655 3657
f 3729 3735 3728
f 1575 3735 3738
f 3735 1575 1576
f 1776 1795 1796
f 1293 1294 1290
f 1326 14 1327
f 1294 1245 1234
f 878 1244 1330
f 497 373 374
f 122 648 413
f 3699 3702 3704
f 3606 3405 3401
f 3708 3710 3698
f 3464 3714 3710
f 3704 3674 3443
f 439 398 399
f 1512 1528 1526
f 1668 1741 1738
f 839 849 1362
f 1362 1357 826
f 3843 740 1896
f 2053 2054 2118
f 3888 3887 2120
f 696 697 3816
f 1826 1878 639
f 3740 3739 3729
f 956 885 886
f 1980 806 1922
f 33 34 105
f 1343 1344 3856
f 3907 2127 2128
f 1766 1581 1582
f 14 1326 2163
f 595 98 99
f 3233 3238 3246
f 1346 1035 1044
f 748 1888 1425
f 3193 3208 3254
f 3190 3191 3206
f 3612 3605 3606
f 3624 3612 3615
f 3631 3415 3443
f 3679 3680 3644
f 3686 3650 3647
f 3702 3677 3674
f 3625 3615 3600
f 3601 3400 3415
f 3739 3738 3735
f 3630 3627 3594
f 3741 3723 3716
f 1284 1290 1288
f 3698 3696 3680
f 1778 1781 1780
f 1792 1759 1584
f 695 570 571
f 3638 3741 3594
f 3741 3638 3588
f 3247 3248 3209
f 3292 3293 3294
f 3296 3297 3298
f 3299 3298 3300
f 3302 3303 3304
f 3306 3307 3308
f 3307 3310 3311
f 3303 3302 3301
f 3312 3305 3304
f 3314 3315 3316
f 3318 3319 3320
f 3324 3318 3321
f 3326 3327 3328
f 3329 3330 3331
f 3333 3334 3335
f 3337 3338 3339
f 3333 3336 3341
f 3342 3341 3343
f 3319 3345 3344
f 3338 3335 3334
f 3346 3301 3302
f 3305 3348 3347
f 3312 3224 3223
f 3350 3337 3340
f 3312 3349 3348
f 3352 3343 3341
f 3311 3353 3354
f 3341 3336 3327
f 3359 3360 3361
f 3360 3359 3250
f 3318 3363 3345
f 3364 3363 3318
f 3314 3364 3324
f 3366 3299 3301
f 3299 3366 3367
f 3308 3354 3368
f 3369 3317 3295
f 3317 3369 3364
f 3370 3295 3317
f 3325 3371 3365
f 3352 3320 3319
f 3296 3367 3353
f 3297 3296 3311
f 3363 3368 3354
f 3345 3354 3353
f 3344 3353 3367
f 3366 3333 3342
f 3347 3339 3334
f 3339 3347 3348
f 3348 3349 3351
f 3363 3364 3369
f 3294 3309 3368
f 3293 3306 3309
f 3331 3373 3374
f 3346 3334 3333
f 3323 3322 3352
f 3356 3355 3321
f 3355 3357 3325
f 3357 3358 3371
f 3322 3356 3320
f 3361 3330 3329
f 3373 3372 3375
f 3374 3375 3376
f 3329 3332 3376
f 3327 3375 3372
f 3336 3335 3375
f 3335 3338 3376
f 3376 3338 3337
f 3337 3350 3359
f 3359 3350 3276
f 3377 3292 3295
f 3277 3316 3315
f 3371 3378 3379
f 3378 3371 3358
f 3365 3379 3315
f 3316 3277 3279
f 3282 3377 3370
f 3313 3283 3224
f 3378 3285 3284
f 3380 3286 3285
f 3379 3284 3278
f 3276 3350 3351
f 3291 3351 3349
f 3313 3304 2965
f 2965 3304 3303
f 222 3303 3300
f 223 3300 3298
f 3298 3297 3185
f 3297 3310 2977
f 3310 3307 1213
f 3307 3306 1214
f 2532 1214 3306
f 2894 2532 3293
f 2871 2894 3292
f 3253 3225 3240
f 3283 3313 3013
f 1997 1996 1889
f 1237 745 744
f 1535 1534 120
f 1531 1532 201
f 1119 1241 1032
f 946 948 824
f 163 8 5
f 3589 3726 3723
f 1155 1156 1162
f 427 213 327
f 553 1902 796
f 3381 2232 2231
f 3381 3178 2230
f 2237 3183 3180
f 3383 3384 3385
f 3384 3386 3387
f 3386 3388 3389
f 3388 3390 3391
f 3392 3393 3394
f 3395 3394 3396
f 3398 3399 3397
f 3400 3401 3399
f 3403 3404 3405
f 3406 3407 3404
f 3408 3409 3407
f 3410 3411 3409
f 3412 3413 3411
f 3415 3400 3398
f 3414 3398 3396
f 3416 3396 3394
f 3417 3394 3393
f 3393 3419 3420
f 3419 3390 3421
f 3390 3388 3422
f 3388 3386 3423
f 3386 3384 3424
f 3384 3383 3425
f 3425 3383 3426
f 2904 3427 3428
f 3429 3427 2904
f 3430 3429 2902
f 2875 3431 3430
f 3432 3433 2733
f 2825 3434 3435
f 3437 3438 3439
f 3441 3437 3436
f 2724 2723 3434
f 3436 3439 3115
f 3440 3436 3117
f 3443 3415 3414
f 3442 3414 3416
f 3444 3416 3417
f 3445 3417 3418
f 3446 3418 3420
f 3420 3421 3448
f 3421 3422 3449
f 3422 3423 3450
f 3423 3424 3451
f 3424 3425 3452
f 3425 3184 3056
f 3451 3452 2253
f 3450 3451 2252
f 3449 3450 1727
f 3448 3449 2150
f 3453 3447 3448
f 3454 3446 3447
f 3455 3445 3446
f 3456 3444 3445
f 3442 3444 3456
f 3443 3442 3457
f 3459 3460 3458
f 3457 3456 3455
f 3459 3455 3454
f 3462 3460 3459
f 3461 3454 3453
f 3464 3462 3461
f 3463 3453 1941
f 3404 3399 3401
f 3407 3397 3399
f 3409 3395 3397
f 3411 3392 3395
f 3465 3466 3413
f 3467 3468 3469
f 3465 3412 3431
f 3470 3467 3466
f 3438 3470 3432
f 3467 3470 3438
f 3468 3467 3437
f 3471 3469 3468
f 3472 3468 3441
f 3473 3441 3440
f 2712 3440 3119
f 3475 3471 3472
f 3474 3472 3473
f 3476 3473 2712
f 3477 3476 2711
f 3478 3474 3476
f 3479 3475 3474
f 3392 3411 3413
f 3466 3469 3480
f 3419 3393 3392
f 3390 3419 3480
f 3469 3471 3391
f 3389 3391 3471
f 3387 3389 3475
f 3385 3387 3479
f 3482 3477 2400
f 3483 3478 3477
f 3481 3479 3478
f 3484 3482 2402
f 3058 3484 2707
f 3061 3485 3484
f 3485 3483 3482
f 3382 3385 3481
f 3486 3481 3483
f 3426 3383 3382
f 3487 3382 3486
f 3486 3485 3061
f 1961 3057 3487
f 3057 3184 3426
f 3428 3403 3402
f 3427 3406 3403
f 3429 3408 3406
f 3430 3410 3408
f 3431 3412 3410
f 3470 3465 3433
f 3434 3439 3438
f 2723 3115 3439
f 2875 2733 3433
f 2736 2824 3435
f 2947 3428 3488
f 3464 3463 1360
f 1900 1925 1924
f 1736 1717 1718
f 1955 1952 1943
f 1671 1738 1735
f 1696 1750 1698
f 1800 1865 1864
f 2063 2055 2056
f 1737 1734 1717
f 1751 1735 1697
f 943 3885 3899
f 3656 3488 3402
f 1577 1578 1764
f 3917 1598 1599
f 1945 146 82
f 68 6 7
f 147 1542 1543
f 1109 1135 1133
f 1503 1910 1907
f 1499 1501 1909
f 452 1922 735
f 1824 2068 3835
f 1825 2067 2068
f 1463 1462 1022
f 841 1012 1009
f 1568 1547 1955
f 1910 1503 1502
f 1939 1502 422
f 309 280 1940
f 1804 1851 1866
f 269 1482 1954
f 2065 1607 2060
f 3812 1685 1758
f 280 276 552
f 1875 1873 1869
f 1739 1721 1734
f 1778 1779 1790
f 310 1920 1915
f 1909 1908 1906
f 1789 1783 1778
f 978 981 980
f 1584 1759 1731
f 425 426 311
f 148 1543 115
f 2044 3897 3894
f 277 1910 1939
f 1943 1946 1945
f 1461 1462 1463
f 2253 3452 3056
f 2981 2254 3489
f 2209 2998 3489
f 2254 2253 3055
f 2998 926 958
f 2826 2817 2721
f 3490 2739 2721
f 2816 3491 3490
f 2334 2297 2296
f 2298 2297 2334
f 2301 2298 2336
f 2311 2301 2338
f 2312 2311 2354
f 2359 2358 2361
f 2335 2296 2359
f 2414 2413 2365
f 2413 2270 2361
f 2355 2352 2540
f 2541 2540 2539
f 2722 2721 2739
f 3114 2722 2738
f 3110 3112 3121
f 3108 3110 3120
f 3122 1754 3127
f 3112 3122 3126
f 3127 1754 1753
f 3139 3133 2529
f 3744 3775 3133
f 3490 2789 2740
f 3491 2790 2789
f 228 229 91
f 245 244 243
f 248 7 247
f 2 297 296
f 145 146 300
f 327 213 210
f 329 332 331
f 239 241 240
f 373 376 375
f 178 177 176
f 1218 1225 1228
f 3862 1231 1295
f 808 809 824
f 3858 3859 1013
f 3813 3810 1411
f 2154 2149 2159
f 3845 3835 1758
f 306 807 1922
f 2157 2153 1976
f 708 709 2031
f 1450 1226 1227
f 1672 1604 1605
f 1813 1814 1821
f 1717 1716 1715
f 176 159 402
f 1710 1705 3916
f 1712 1580 1577
f 1705 1713 1711
f 971 978 979
f 822 823 1094
f 2909 2810 2793
f 2810 2769 2795
f 2799 2910 2249
f 3662 3643 2910
f 2769 2768 2801
f 3177 3176 3178
f 3178 3381 3180
f 3181 1394 1393
f 3181 1633 1632
f 3182 1632 2244
f 3183 2244 2243
f 3492 2791 2790
f 2808 3492 3491
f 2239 3574 3572
f 1149 1150 3571
f 1150 2009 3567
f 2202 3569 3566
f 2921 3564 3565
f 3568 3560 2133
f 1777 1579 1759
f 1201 1196 1183
f 3561 3554 2195
f 3553 3576 2770
f 3927 3925 1687
f 1516 152 154
f 3549 3562 2974
f 3550 3548 2779
f 2771 2772 3575
f 3070 2771 3546
f 3547 3544 2775
f 1376 1375 1370
f 2767 3543 3556
f 2195 3554 3543
f 2775 3544 3542
f 3377 3282 3545
f 3804 3802 3539
f 2776 3542 3538
f 2240 3572 3535
f 2920 3535 3669
f 3548 3534 2786
f 1805 1850 1851
f 3534 3532 2787
f 2951 2773 3540
f 2772 2951 3531
f 2973 2224 3530
f 2224 2223 3537
f 1957 1953 320
f 306 305 304
f 2770 3576 3528
f 2913 3528 3574
f 2923 3565 3527
f 308 1940 431
f 207 208 132
f 1879 1876 1881
f 3733 3787 3525
f 2475 3070 3558
f 2476 2475 3524
f 2223 2476 3523
f 3522 3549 2803
f 2037 3563 11
f 1959 1958 450
f 2003 3555 3520
f 9 10 334
f 2009 2008 3518
f 2008 2973 3536
f 3877 672 673
f 3515 3550 2778
f 2935 3514 3513
f 111 1149 3570
f 3510 3514 2935
f 683 3876 3885
f 3508 3557 2810
f 736 733 732
f 1795 1804 1803
f 3505 3510 2938
f 3507 3505 2939
f 2950 3512 3504
f 2940 2949 3504
f 3801 3791 3512
f 2868 3509 3502
f 2869 3502 3522
f 1024 1034 1023
f 3500 3503 2948
f 551 1939 442
f 2972 3499 3568
f 2032 3533 3499
f 216 93 1924
f 203 202 201
f 1828 1848 1847
f 1958 1957 449
f 272 271 178
f 2871 3545 3495
f 3619 3669 3564
f 2801 2768 3643
f 2005 3758 3654
f 960 886 899
f 3657 3655 3612
f 3780 3788 3646
f 3151 3646 3593
f 2193 3604 3623
f 3607 3603 3145
f 3603 3649 2761
f 3592 3607 3144
f 2926 3658 3634
f 3634 3592 3104
f 3755 3754 3746
f 566 567 3758
f 3488 3656 1864
f 1602 1586 2079
f 2868 3658 3611
f 2922 3611 3610
f 2923 3610 3618
f 3670 3613 2918
f 3619 3670 3614
f 2921 3618 3670
f 2920 3614 3586
f 3613 3642 2915
f 2917 2766 3622
f 2916 2917 3641
f 2239 3587 3652
f 2911 3640 3652
f 3643 3640 2911
f 2797 2801 3662
f 2797 3591 3598
f 3622 3628 2763
f 3608 3628 2764
f 2194 3623 3648
f 2221 3648 3649
f 2756 3608 3609
f 2750 3598 3609
f 3669 3535 1817
f 3763 3770 1691
f 2515 3621 3590
f 2548 3590 3593
f 2513 2489 3632
f 2513 3616 3621
f 2509 3633 3620
f 2510 3632 3633
f 2289 3620 3639
f 2283 3639 3617
f 2240 3586 3587
f 3659 3657 3624
f 716 2121 3887
f 727 1999 3761
f 2165 2171 2170
f 3660 3659 3626
f 3743 3581 3578
f 2175 2172 769
f 2100 500 2095
f 3758 567 3757
f 640 3560 3568
f 1653 3576 3553
f 1895 3536 3530
f 746 3530 3537
f 1653 1810 3528
f 3762 1603 1604
f 2093 2075 2073
f 959 996 995
f 962 899 919
f 1400 1401 1398
f 1000 817 1127
f 956 959 884
f 1662 3548 3550
f 2034 3558 3546
f 3926 1689 3539
f 3535 3572 766
f 3572 3574 765
f 334 3570 3571
f 1868 3531 3540
f 1684 1651 1652
f 1682 1683 775
f 1585 1603 3762
f 3763 3762 1672
f 2173 2174 490
f 1658 3544 3547
f 3556 3543 1650
f 1571 3754 2010
f 1587 3664 3671
f 2099 2095 2077
f 787 3761 1999
f 2000 3694 786
f 3155 339 3697
f 3713 3155 3683
f 2180 2179 3685
f 3496 2180 3684
f 1684 3846 3840
f 1760 464 3495
f 2607 3689 3693
f 2581 3676 3689
f 2371 2502 3700
f 2371 3695 3693
f 2587 3676 3675
f 2586 3675 3697
f 2497 3691 3687
f 2502 2503 3687
f 2494 3691 3690
f 3690 3688 2472
f 3688 3701 2468
f 3701 3703 2469
f 726 3908 3892
f 581 3567 3518
f 10 3511 3570
f 1837 3514 3510
f 741 3537 3523
f 1299 3524 3558
f 1851 3507 3504
f 3527 3565 1820
f 580 3518 3536
f 1758 1685 3522
f 1693 3557 3508
f 3504 3512 1867
f 1894 1826 3568
f 2126 1418 3813
f 3906 2126 3841
f 2113 3911 3867
f 2179 3713 3789
f 624 3903 3904
f 2192 3604 3788
f 2177 3541 3787
f 1364 3824 3833
f 3858 3855 1470
f 3135 1753 3775
f 2069 3812 3835
f 1351 3861 3853
f 2108 3882 3901
f 2089 2092 3736
f 3828 3834 1358
f 2001 3749 3783
f 2187 3783 3719
f 2130 3756 3752
f 2004 3752 3749
f 2014 3724 3779
f 2201 3779 3756
f 3167 3720 3759
f 3168 3724 3720
f 3159 3709 3764
f 3160 3764 3765
f 3730 3707 3158
f 3158 3707 3709
f 2200 3069 3730
f 3685 3789 3742
f 3722 3774 2197
f 3790 3736 2092
f 3774 3790 3721
f 3154 3706 3790
f 3155 3713 3706
f 2091 3719 3721
f 2196 3148 3750
f 2193 2196 3776
f 3604 2193 3781
f 2086 2192 3780
f 2087 2086 3778
f 2204 3742 3751
f 2205 3751 3750
f 3909 3886 574
f 2124 2087 3777
f 2208 2124 3760
f 3711 3785 3140
f 3785 3745 3138
f 3745 3744 3139
f 3771 3712 3136
f 3712 3711 3137
f 3775 3767 3131
f 3767 3782 3132
f 1813 3839 3838
f 1293 3854 3856
f 2184 2321 3748
f 2181 2184 3732
f 3765 3768 3079
f 3768 3734 3080
f 709 3873 3875
f 2774 2961 3737
f 3786 3769 2134
f 3809 3808 766
f 2968 3784 3766
f 2969 3759 3784
f 2958 3747 3737
f 2132 3747 3766
f 2321 2185 3771
f 3860 3848 1449
f 3905 3874 582
f 3886 3889 577
f 3847 3826 1818
f 705 3902 3887
f 3816 3912 3907
f 2111 3883 3911
f 3810 3829 1366
f 1812 3839 3822
f 675 3851 3852
f 3496 3705 3851
f 2110 3867 3868
f 2104 3896 3901
f 2109 3868 3899
f 3842 3831 703
f 1680 3811 3846
f 1639 1627 3819
f 623 3904 3906
f 2139 2140 3866
f 1808 1640 3844
f 3820 3821 1819
f 3872 3914 3900
f 1646 3832 3830
f 3889 3890 633
f 2139 3865 3875
f 2156 2155 3871
f 674 3852 3913
f 2117 3817 3812
f 1815 3822 3847
f 3855 3849 1444
f 697 3906 3912
f 866 842 3836
f 3864 3869 2136
f 3585 3731 3726
f 3583 3740 3731
f 3753 3746 3738
f 3740 3583 3581
f 1088 3738 3746
f 3739 3740 3743
f 2791 3492 3493
f 3492 2808 2807
f 2792 3493 3494
f 3493 2807 2806
f 3508 2909 3494
f 3516 3494 2806
f 2948 3503 3791
f 2105 3908 3896
f 3538 3802 3804
f 680 3878 3876
f 1891 1890 3910
f 2905 3799 3801
f 2900 3797 3799
f 2901 3797 3807
f 2734 2878 3806
f 2877 3807 3806
f 2820 3800 3794
f 2818 3796 3792
f 2823 3793 3792
f 2822 3793 3798
f 2819 2735 3800
f 2817 3796 3795
f 2809 3805 3795
f 2808 3805 3803
f 2805 3804 3803
f 1702 3921 3923
f 3922 3920 1797
f 3915 3916 1706
f 3918 3927 1692
f 1657 3898 3880
f 1890 1877 3895
f 3772 3770 1674
f 1689 1690 3772
f 3926 3802 3538
f 3516 3539 1689
f 3917 3923 1703
f 1598 3917 3928
f 3880 3884 1876
f 1691 1690 3925
f 3925 3926 1688
f 3934 3933 3937
f 3934 3938 3939
f 3932 3936 3937
f 3938 3942 3943
f 3937 3936 3940
f 3937 3941 3942
f 3942 3946 3947
f 3941 3940 3944
f 3942 3941 3945
f 3947 3946 3950
f 3944 3948 3949
f 3945 3949 3950
f 3950 3954 3955
f 3949 3948 3952
f 3950 3949 3953
f 3955 3954 3958
f 3953 3952 3956
f 3953 3957 3958
f 3959 3958 3962
f 3957 3956 3960
f 3958 3957 3961
f 3962 3966 3967
f 3960 3964 3965
f 3961 3965 3966
f 3966 3970 3971
f 3965 3964 3968
f 3966 3965 3969
f 3970 3974 3975
f 3968 3972 3973
f 3969 3973 3974
f 3974 3978 3979
f 3973 3972 3976
f 3974 3973 3977
f 3979 3978 3982
f 3976 3980 3981
f 3977 3981 3982
f 3982 3986 3987
f 3981 3980 3984
f 3982 3981 3985
f 3987 3986 3990
f 3984 3988 3989
f 3985 3989 3990
f 3991 3990 3994
f 3989 3988 3992
f 3990 3989 3993
f 3995 3994 3998
f 3992 3996 3997
f 3993 3997 3998
f 3998 4002 4003
f 3997 3996 4000
f 3998 3997 4001
f 4002 4006 4007
f 4000 4004 4005
f 4001 4005 4006
f 4006 4010 4011
f 4005 4004 4008
f 4006 4005 4009
f 4011 4010 4014
f 4008 4012 4013
f 4009 4013 4014
f 4014 4018 4019
f 4013 4012 4016
f 4014 4013 4017
f 4019 4018 4022
f 4016 4020 4021
f 4017 4021 4022
f 4023 4022 4026
f 4021 4020 4024
f 4022 4021 4025
f 4027 4026 4030
f 4024 4028 4029
f 4025 4029 4030
f 4031 4030 4034
f 4029 4028 4032
f 4030 4029 4033
f 4034 4038 4039
f 4032 4036 4037
f 4033 4037 4038
f 4038 4042 4043
f 4037 4036 4040
f 4038 4037 4041
f 4043 4042 4046
f 4040 4044 4045
f 4041 4045 4046
f 4046 4050 4051
f 4045 4044 4048
f 4046 4045 4049
f 4051 4050 4055
f 4048 4053 4054
f 4049 4054 4055
f 4056 4055 4059
f 4053 4057 4058
f 4055 4054 4058
f 4060 4059 3934
f 4058 4057 3932
f 4058 3933 3934
f 4069 4068 4081
f 4066 4079 4080
f 4065 4064 4077
f 4063 4062 4075
f 4071 4084 4085
f 4069 4082 4083
f 4067 4080 4081
f 4066 4065 4078
f 4063 4076 4077
f 4061 4074 4075
f 4072 4085 4086
f 4071 4070 4083
f 4076 4089 4090
f 4074 4087 4088
f 4086 4085 4098
f 4083 4096 4097
f 4082 4081 4094
f 4079 4092 4093
f 4078 4077 4090
f 4076 4075 4088
f 4085 4084 4097
f 4082 4095 4096
f 4080 4093 4094
f 4079 4078 4091
f 4089 4102 4103
f 4088 4087 4100
f 4098 4111 4112
f 4096 4109 4110
f 4095 4094 4107
f 4092 4105 4106
f 4090 4103 4104
f 4089 4088 4101
f 4097 4110 4111
f 4095 4108 4109
f 4094 4093 4106
f 4092 4091 4104
f 4103 4102 4115
f 4100 4113 4114
f 4112 4111 4124
f 4110 4109 4122
f 4107 4120 4121
f 4105 4118 4119
f 4103 4116 4117
f 4101 4114 4115
f 4110 4123 4124
f 4109 4108 4121
f 4107 4106 4119
f 4105 4104 4117
f 4115 4128 4129
f 4114 4113 4126
f 4124 4137 4138
f 4123 4122 4135
f 4120 4133 4134
f 4119 4118 4131
f 4117 4116 4129
f 4114 4127 4128
f 4124 4123 4136
f 4122 4121 4134
f 4119 4132 4133
f 4117 4130 4131
f 4129 4128 4141
f 4126 4139 4140
f 4138 4137 4150
f 4136 4135 4148
f 4133 4146 4147
f 4131 4144 4145
f 4130 4129 4142
f 4127 4140 4141
f 4137 4136 4149
f 4135 4134 4147
f 4132 4145 4146
f 4131 4130 4143
f 4142 4141 4154
f 4140 4139 4152
f 4150 4163 4164
f 4149 4148 4161
f 4146 4159 4160
f 4144 4157 4158
f 4142 4155 4156
f 4140 4153 4154
f 4149 4162 4163
f 4148 4147 4160
f 4146 4145 4158
f 4144 4143 4156
f 4155 4154 4167
f 4153 4152 4165
f 4163 4176 4177
f 4161 4174 4175
f 4159 4172 4173
f 4158 4157 4170
f 4155 4168 4169
f 4153 4166 4167
f 4163 4162 4175
f 4161 4160 4173
f 4159 4158 4171
f 4156 4169 4170
f 4167 4180 4181
f 4165 4178 4179
f 4176 4189 4190
f 4175 4174 4187
f 4173 4172 4185
f 4170 4183 4184
f 4169 4168 4181
f 4167 4166 4179
f 4175 4188 4189
f 4173 4186 4187
f 4171 4184 4185
f 4170 4169 4182
f 4180 4193 4194
f 4178 4191 4192
f 4190 4189 4202
f 4187 4200 4201
f 4186 4185 4198
f 4183 4196 4197
f 4182 4181 4194
f 4180 4179 4192
f 4189 4188 4201
f 4186 4199 4200
f 4184 4197 4198
f 4183 4182 4195
f 4193 4206 4207
f 4192 4191 4204
f 4202 4215 4216
f 4200 4213 4214
f 4199 4198 4211
f 4196 4209 4210
f 4194 4207 4208
f 4193 4192 4205
f 4201 4214 4215
f 4199 4212 4213
f 4198 4197 4210
f 4196 4195 4208
f 4207 4206 4219
f 4204 4217 4218
f 4216 4215 4228
f 4213 4226 4227
f 4211 4224 4225
f 4209 4222 4223
f 4207 4220 4221
f 4205 4218 4219
f 4214 4227 4228
f 4213 4212 4225
f 4211 4210 4223
f 4209 4208 4221
f 4219 4232 4233
f 4218 4217 4230
f 4228 4241 4242
f 4226 4239 4240
f 4225 4224 4237
f 4223 4222 4235
f 4221 4220 4233
f 4218 4231 4232
f 4228 4227 4240
f 4226 4225 4238
f 4223 4236 4237
f 4221 4234 4235
f 4233 4232 4245
f 4230 4243 4244
f 4242 4241 4254
f 4240 4239 4252
f 4237 4250 4251
f 4235 4248 4249
f 4234 4233 4246
f 4231 4244 4245
f 4241 4240 4253
f 4239 4238 4251
f 4236 4249 4250
f 4235 4234 4247
f 4246 4245 4258
f 4244 4243 4256
f 4254 4267 4268
f 4253 4252 4265
f 4250 4263 4264
f 4248 4261 4262
f 4246 4259 4260
f 4244 4257 4258
f 4253 4266 4267
f 4252 4251 4264
f 4250 4249 4262
f 4248 4247 4260
f 4259 4258 4271
f 4257 4256 4269
f 4267 4280 4281
f 4265 4278 4279
f 4263 4276 4277
f 4262 4261 4274
f 4259 4272 4273
f 4257 4270 4271
f 4266 4279 4280
f 4265 4264 4277
f 4263 4262 4275
f 4260 4273 4274
f 4271 4284 4285
f 4269 4282 4283
f 4281 4280 4293
f 4279 4278 4291
f 4277 4276 4289
f 4274 4287 4288
f 4273 4272 4285
f 4271 4270 4283
f 4280 4279 4292
f 4277 4290 4291
f 4275 4288 4289
f 4274 4273 4286
f 4284 4297 4298
f 4282 4295 4296
f 4294 4293 4306
f 4291 4304 4305
f 4290 4289 4302
f 4287 4300 4301
f 4286 4285 4298
f 4284 4283 4296
f 4293 4292 4305
f 4290 4303 4304
f 4288 4301 4302
f 4287 4286 4299
f 4297 4310 4311
f 4296 4295 4308
f 4306 4319 4320
f 4304 4317 4318
f 4303 4302 4315
f 4300 4313 4314
f 4298 4311 4312
f 4297 4296 4309
f 4305 4318 4319
f 4304 4303 4316
f 4302 4301 4314
f 4300 4299 4312
f 4310 4323 4324
f 4308 4321 4322
f 4320 4319 4332
f 4318 4317 4330
f 4316 4315 4328
f 4313 4326 4327
f 4311 4324 4325
f 4310 4309 4322
f 4318 4331 4332
f 4316 4329 4330
f 4315 4314 4327
f 4312 4325 4326
f 4323 4336 4337
f 4322 4321 4334
f 4332 4345 4346
f 4330 4343 4344
f 4329 4328 4341
f 4327 4326 4339
f 4325 4324 4337
f 4322 4335 4336
f 4332 4331 4344
f 4330 4329 4342
f 4327 4340 4341
f 4325 4338 4339
f 4337 4336 4350
f 4334 4348 4349
f 4346 4345 4359
f 4344 4343 4357
f 4341 4355 4356
f 4340 4339 4353
f 4338 4337 4351
f 4335 4349 4350
f 4345 4344 4358
f 4343 4342 4356
f 4340 4354 4355
f 4338 4352 4353
f 4351 4350 4363
f 4349 4348 4361
f 4359 4372 4373
f 4358 4357 4370
f 4355 4368 4369
f 4354 4353 4366
f 4351 4364 4365
f 4349 4362 4363
f 4358 4371 4372
f 4357 4356 4369
f 4355 4354 4367
f 4352 4365 4366
f 4364 4363 4376
f 4362 4361 4374
f 4373 4372 4385
f 4370 4383 4384
f 4368 4381 4382
f 4367 4366 4379
f 4364 4377 4378
f 4362 4375 4376
f 4372 4371 4384
f 4370 4369 4382
f 4368 4367 4380
f 4365 4378 4379
f 4376 4389 4390
f 4374 4387 4388
f 4385 4398 4399
f 4384 4383 4396
f 4382 4381 4394
f 4379 4392 4393
f 4378 4377 4390
f 4376 4375 4388
f 4384 4397 4398
f 4382 4395 4396
f 4380 4393 4394
f 4379 4378 4391
f 4389 4402 4403
f 4387 4400 4401
f 4399 4398 4411
f 4396 4409 4410
f 4395 4394 4407
f 4393 4392 4405
f 4391 4390 4403
f 4389 4388 4401
f 4398 4397 4410
f 4395 4408 4409
f 4393 4406 4407
f 4391 4404 4405
f 4402 4415 4416
f 4401 4400 4413
f 4411 4424 4425
f 4409 4422 4423
f 4408 4407 4420
f 4406 4405 4418
f 4403 4416 4417
f 4402 4401 4414
f 4410 4423 4424
f 4408 4421 4422
f 4407 4406 4419
f 4404 4417 4418
f 4416 4415 4428
f 4413 4426 4427
f 4425 4424 4437
f 4423 4422 4435
f 4421 4420 4433
f 4418 4431 4432
f 4416 4429 4430
f 4415 4414 4427
f 4423 4436 4437
f 4421 4434 4435
f 4420 4419 4432
f 4418 4417 4430
f 4428 4441 4442
f 4426 4439 4440
f 4437 4450 4451
f 4435 4448 4449
f 4434 4433 4446
f 4432 4431 4444
f 4430 4429 4442
f 4427 4440 4441
f 4437 4436 4449
f 4435 4434 4447
f 4432 4445 4446
f 4430 4443 4444
f 4442 4441 4454
f 4439 4452 4453
f 4451 4450 4463
f 4449 4448 4461
f 4446 4459 4460
f 4444 4457 4458
f 4443 4442 4455
f 4440 4453 4454
f 4450 4449 4462
f 4447 4460 4461
f 4445 4458 4459
f 4444 4443 4456
f 4455 4454 4467
f 4453 4452 4465
f 4463 4476 4477
f 4462 4461 4474
f 4459 4472 4473
f 4457 4470 4471
f 4455 4468 4469
f 4453 4466 4467
f 4462 4475 4476
f 4461 4460 4473
f 4459 4458 4471
f 4457 4456 4469
f 4468 4467 4063
f 4466 4465 4061
f 4477 4476 4072
f 4474 4070 4071
f 4472 4068 4069
f 4471 4470 4066
f 4468 4064 4065
f 4466 4062 4063
f 4476 4475 4071
f 4474 4473 4069
f 4472 4471 4067
f 4469 4065 4066
f 3935 4061 4465
f 4465 4452 4056
f 4452 4439 4051
f 4439 4426 4047
f 4047 4426 4413
f 4043 4413 4400
f 4039 4400 4387
f 4387 4374 4031
f 4031 4374 4361
f 4361 4348 4023
f 4348 4334 4019
f 4334 4321 4015
f 4015 4321 4308
f 4011 4308 4295
f 4007 4295 4282
f 4282 4269 3999
f 3999 4269 4256
f 4256 4243 3991
f 4243 4230 3987
f 4230 4217 3983
f 3983 4217 4204
f 3979 4204 4191
f 3975 4191 4178
f 4178 4165 3967
f 3967 4165 4152
f 4152 4139 3959
f 4139 4126 3955
f 4126 4113 3951
f 3951 4113 4100
f 3947 4100 4087
f 3943 4087 4074
f 4074 4061 3935
f 4480 4479 4483
f 4480 4484 4485
f 4479 4478 4482
f 4484 4488 4489
f 4482 4486 4487
f 4483 4487 4488
f 4488 4492 4493
f 4487 4486 4490
f 4488 4487 4491
f 4493 4492 4496
f 4490 4494 4495
f 4491 4495 4496
f 4496 4500 4501
f 4495 4494 4498
f 4496 4495 4499
f 4501 4500 4504
f 4498 4502 4503
f 4499 4503 4504
f 4505 4504 4508
f 4503 4502 4506
f 4504 4503 4507
f 4509 4508 4512
f 4506 4510 4511
f 4507 4511 4512
f 4513 4512 4516
f 4511 4510 4514
f 4512 4511 4515
f 4516 4520 4521
f 4514 4518 4519
f 4515 4519 4520
f 4520 4524 4525
f 4518 4522 4523
f 4520 4519 4523
f 4525 4524 4528
f 4522 4526 4527
f 4523 4527 4528
f 4528 4532 4533
f 4527 4526 4530
f 4528 4527 4531
f 4533 4532 4536
f 4530 4534 4535
f 4531 4535 4536
f 4537 4536 4540
f 4534 4538 4539
f 4536 4535 4539
f 4541 4540 4544
f 4539 4538 4542
f 4539 4543 4544
f 4544 4548 4549
f 4542 4546 4547
f 4544 4543 4547
f 4548 4552 4553
f 4547 4546 4550
f 4547 4551 4552
f 4552 4556 4557
f 4551 4550 4554
f 4552 4551 4555
f 4557 4556 4560
f 4554 4558 4559
f 4555 4559 4560
f 4560 4564 4565
f 4559 4558 4562
f 4560 4559 4563
f 4565 4564 4568
f 4562 4566 4567
f 4563 4567 4568
f 4569 4568 4572
f 4567 4566 4570
f 4568 4567 4571
f 4572 4576 4577
f 4570 4574 4575
f 4571 4575 4576
f 4576 4580 4581
f 4575 4574 4578
f 4576 4575 4579
f 4580 4584 4585
f 4578 4582 4583
f 4579 4583 4584
f 4584 4588 4589
f 4583 4582 4586
f 4584 4583 4587
f 4589 4588 4592
f 4586 4590 4591
f 4587 4591 4592
f 4592 4596 4597
f 4591 4590 4594
f 4592 4591 4595
f 4597 4596 4601
f 4594 4599 4600
f 4595 4600 4601
f 4602 4601 4605
f 4600 4599 4603
f 4601 4600 4604
f 4606 4605 4480
f 4603 4478 4479
f 4604 4479 4480
f 4615 4614 4627
f 4612 4625 4626
f 4611 4610 4623
f 4609 4608 4621
f 4618 4617 4630
f 4615 4628 4629
f 4613 4626 4627
f 4612 4611 4624
f 4609 4622 4623
f 4607 4620 4621
f 4619 4618 4631
f 4617 4616 4629
f 4622 4635 4636
f 4620 4633 4634
f 4632 4631 4644
f 4629 4642 4643
f 4628 4627 4640
f 4626 4625 4638
f 4624 4623 4636
f 4622 4621 4634
f 4631 4630 4643
f 4628 4641 4642
f 4626 4639 4640
f 4624 4637 4638
f 4635 4648 4649
f 4634 4633 4646
f 4644 4657 4658
f 4642 4655 4656
f 4641 4640 4653
f 4639 4638 4651
f 4636 4649 4650
f 4635 4634 4647
f 4643 4656 4657
f 4642 4641 4654
f 4640 4639 4652
f 4637 4650 4651
f 4648 4661 4662
f 4646 4659 4660
f 4658 4657 4670
f 4656 4655 4668
f 4653 4666 4667
f 4651 4664 4665
f 4649 4662 4663
f 4648 4647 4660
f 4656 4669 4670
f 4654 4667 4668
f 4653 4652 4665
f 4651 4650 4663
f 4661 4674 4675
f 4660 4659 4672
f 4670 4683 4684
f 4668 4681 4682
f 4667 4666 4679
f 4665 4664 4677
f 4663 4662 4675
f 4661 4660 4673
f 4670 4669 4682
f 4667 4680 4681
f 4665 4678 4679
f 4663 4676 4677
f 4675 4674 4687
f 4672 4685 4686
f 4684 4683 4696
f 4682 4681 4694
f 4679 4692 4693
f 4678 4677 4690
f 4676 4675 4688
f 4673 4686 4687
f 4683 4682 4695
f 4681 4680 4693
f 4678 4691 4692
f 4676 4689 4690
f 4688 4687 4700
f 4686 4685 4698
f 4696 4709 4710
f 4695 4694 4707
f 4692 4705 4706
f 4691 4690 4703
f 4688 4701 4702
f 4686 4699 4700
f 4695 4708 4709
f 4694 4693 4706
f 4692 4691 4704
f 4689 4702 4703
f 4701 4700 4713
f 4699 4698 4711
f 4710 4709 4722
f 4707 4720 4721
f 4705 4718 4719
f 4704 4703 4716
f 4701 4714 4715
f 4699 4712 4713
f 4709 4708 4721
f 4707 4706 4719
f 4705 4704 4717
f 4702 4715 4716
f 4713 4726 4727
f 4711 4724 4725
f 4723 4722 4735
f 4721 4720 4733
f 4719 4718 4731
f 4716 4729 4730
f 4715 4714 4727
f 4713 4712 4725
f 4721 4734 4735
f 4719 4732 4733
f 4717 4730 4731
f 4716 4715 4728
f 4726 4739 4740
f 4724 4737 4738
f 4736 4735 4748
f 4733 4746 4747
f 4732 4731 4744
f 4730 4729 4742
f 4728 4727 4740
f 4726 4725 4738
f 4735 4734 4747
f 4732 4745 4746
f 4730 4743 4744
f 4728 4741 4742
f 4739 4752 4753
f 4738 4737 4750
f 4748 4761 4762
f 4746 4759 4760
f 4745 4744 4757
f 4743 4742 4755
f 4740 4753 4754
f 4739 4738 4751
f 4747 4760 4761
f 4745 4758 4759
f 4744 4743 4756
f 4741 4754 4755
f 4753 4752 4765
f 4750 4763 4764
f 4762 4761 4774
f 4759 4772 4773
f 4758 4757 4770
f 4755 4768 4769
f 4753 4766 4767
f 4752 4751 4764
f 4760 4773 4774
f 4758 4771 4772
f 4757 4756 4769
f 4755 4754 4767
f 4765 4778 4779
f 4764 4763 4776
f 4774 4787 4788
f 4772 4785 4786
f 4771 4770 4783
f 4769 4768 4781
f 4767 4766 4779
f 4765 4764 4777
f 4774 4773 4786
f 4771 4784 4785
f 4769 4782 4783
f 4767 4780 4781
f 4779 4778 4791
f 4776 4789 4790
f 4788 4787 4800
f 4786 4785 4798
f 4783 4796 4797
f 4782 4781 4794
f 4780 4779 4792
f 4777 4790 4791
f 4787 4786 4799
f 4785 4784 4797
f 4782 4795 4796
f 4780 4793 4794
f 4792 4791 4804
f 4790 4789 4802
f 4800 4813 4814
f 4799 4798 4811
f 4796 4809 4810
f 4795 4794 4807
f 4792 4805 4806
f 4790 4803 4804
f 4799 4812 4813
f 4798 4797 4810
f 4796 4795 4808
f 4793 4806 4807
f 4805 4804 4817
f 4803 4802 4815
f 4814 4813 4826
f 4811 4824 4825
f 4809 4822 4823
f 4808 4807 4820
f 4805 4818 4819
f 4803 4816 4817
f 4813 4812 4825
f 4811 4810 4823
f 4809 4808 4821
f 4806 4819 4820
f 4817 4830 4831
f 4815 4828 4829
f 4826 4839 4840
f 4825 4824 4837
f 4823 4822 4835
f 4820 4833 4834
f 4819 4818 4831
f 4817 4816 4829
f 4825 4838 4839
f 4823 4836 4837
f 4821 4834 4835
f 4820 4819 4832
f 4830 4843 4844
f 4828 4841 4842
f 4840 4839 4852
f 4837 4850 4851
f 4836 4835 4848
f 4834 4833 4846
f 4832 4831 4844
f 4830 4829 4842
f 4839 4838 4851
f 4836 4849 4850
f 4834 4847 4848
f 4832 4845 4846
f 4843 4856 4857
f 4842 4841 4854
f 4852 4865 4866
f 4850 4863 4864
f 4849 4848 4861
f 4847 4846 4859
f 4844 4857 4858
f 4843 4842 4855
f 4851 4864 4865
f 4849 4862 4863
f 4848 4847 4860
f 4845 4858 4859
f 4857 4856 4869
f 4855 4854 4867
f 4866 4865 4878
f 4864 4863 4876
f 4862 4861 4874
f 4859 4872 4873
f 4857 4870 4871
f 4856 4855 4868
f 4864 4877 4878
f 4862 4875 4876
f 4861 4860 4873
f 4859 4858 4871
f 4869 4882 4883
f 4868 4867 4880
f 4878 4891 4892
f 4877 4876 4889
f 4874 4887 4888
f 4873 4872 4885
f 4871 4870 4883
f 4868 4881 4882
f 4878 4877 4890
f 4876 4875 4888
f 4873 4886 4887
f 4871 4884 4885
f 4883 4882 4896
f 4880 4894 4895
f 4892 4891 4905
f 4890 4889 4903
f 4887 4901 4902
f 4885 4899 4900
f 4884 4883 4897
f 4881 4895 4896
f 4891 4890 4904
f 4889 4888 4902
f 4886 4900 4901
f 4885 4884 4898
f 4897 4896 4909
f 4895 4894 4907
f 4905 4918 4919
f 4904 4903 4916
f 4901 4914 4915
f 4899 4912 4913
f 4897 4910 4911
f 4895 4908 4909
f 4904 4917 4918
f 4903 4902 4915
f 4901 4900 4913
f 4899 4898 4911
f 4910 4909 4922
f 4908 4907 4920
f 4919 4918 4931
f 4916 4929 4930
f 4914 4927 4928
f 4913 4912 4925
f 4910 4923 4924
f 4908 4921 4922
f 4918 4917 4930
f 4916 4915 4928
f 4914 4913 4926
f 4911 4924 4925
f 4922 4935 4936
f 4920 4933 4934
f 4931 4944 4945
f 4930 4929 4942
f 4928 4927 4940
f 4925 4938 4939
f 4924 4923 4936
f 4922 4921 4934
f 4930 4943 4944
f 4928 4941 4942
f 4926 4939 4940
f 4925 4924 4937
f 4935 4948 4949
f 4933 4946 4947
f 4945 4944 4957
f 4942 4955 4956
f 4941 4940 4953
f 4938 4951 4952
f 4937 4936 4949
f 4935 4934 4947
f 4944 4943 4956
f 4941 4954 4955
f 4939 4952 4953
f 4938 4937 4950
f 4948 4961 4962
f 4947 4946 4959
f 4957 4970 4971
f 4955 4968 4969
f 4954 4953 4966
f 4951 4964 4965
f 4949 4962 4963
f 4948 4947 4960
f 4956 4969 4970
f 4954 4967 4968
f 4953 4952 4965
f 4951 4950 4963
f 4962 4961 4974
f 4959 4972 4973
f 4971 4970 4983
f 4968 4981 4982
f 4966 4979 4980
f 4964 4977 4978
f 4962 4975 4976
f 4960 4973 4974
f 4969 4982 4983
f 4967 4980 4981
f 4966 4965 4978
f 4964 4963 4976
f 4975 4974 4987
f 4973 4972 4985
f 4983 4996 4997
f 4981 4994 4995
f 4979 4992 4993
f 4978 4977 4990
f 4976 4975 4988
f 4973 4986 4987
f 4983 4982 4995
f 4981 4980 4993
f 4978 4991 4992
f 4976 4989 4990
f 4988 4987 5000
f 4985 4998 4999
f 4997 4996 5009
f 4995 4994 5007
f 4992 5005 5006
f 4991 4990 5003
f 4989 4988 5001
f 4986 4999 5000
f 4996 4995 5008
f 4994 4993 5006
f 4991 5004 5005
f 4989 5002 5003
f 5001 5000 5013
f 4999 4998 5011
f 5009 5022 5023
f 5008 5007 5020
f 5005 5018 5019
f 5004 5003 5016
f 5001 5014 5015
f 4999 5012 5013
f 5008 5021 5022
f 5007 5006 5019
f 5005 5004 5017
f 5002 5015 5016
f 5014 5013 4609
f 5012 5011 4607
f 5022 4618 4619
f 5020 4616 4617
f 5018 4614 4615
f 5017 5016 4612
f 5014 4610 4611
f 5012 4608 4609
f 5021 4617 4618
f 5020 5019 4615
f 5018 5017 4613
f 5015 4611 4612
f 4481 4607 5011
f 5011 4998 4602
f 4998 4985 4597
f 4985 4972 4593
f 4593 4972 4959
f 4589 4959 4946
f 4585 4946 4933
f 4933 4920 4577
f 4577 4920 4907
f 4907 4894 4569
f 4894 4880 4565
f 4880 4867 4561
f 4561 4867 4854
f 4557 4854 4841
f 4553 4841 4828
f 4828 4815 4545
f 4545 4815 4802
f 4802 4789 4537
f 4789 4776 4533
f 4776 4763 4529
f 4529 4763 4750
f 4525 4750 4737
f 4521 4737 4724
f 4724 4711 4513
f 4513 4711 4698
f 4698 4685 4505
f 4685 4672 4501
f 4672 4659 4497
f 4497 4659 4646
f 4493 4646 4633
f 4489 4633 4620
f 4620 4607 4481
