v 0.055756 -0.009089 -0.038357
v 0.058981 -0.010080 -0.036392
v 0.059442 -0.008624 -0.035915
v 0.056370 -0.008104 -0.037932
v 0.067969 -0.009254 -0.044171
v 0.067965 -0.005716 -0.039604
v 0.067298 -0.003284 -0.038846
v 0.067587 -0.003310 -0.041757
v 0.031834 -0.045377 -0.107286
v 0.018220 -0.045140 -0.114294
v 0.017669 -0.056361 -0.111771
v 0.029993 -0.059372 -0.103754
v 0.045604 -0.082789 -0.081431
v 0.041341 -0.074675 -0.087695
v 0.039872 -0.086856 -0.091822
v 0.047065 -0.090619 -0.080808
v 0.014225 0.048517 0.044780
v 0.022433 0.047187 0.040425
v 0.020669 0.041278 0.043743
v -0.068195 -0.009213 -0.066175
v -0.071970 -0.010205 -0.065603
v -0.072601 -0.008785 -0.065416
v -0.068758 -0.008181 -0.066069
v -0.076861 -0.009141 -0.076769
v -0.078927 -0.005671 -0.072548
v -0.078579 -0.003285 -0.071563
v -0.077552 -0.003245 -0.074397
v 0.012954 0.041884 0.046678
v 0.085758 0.013058 -0.049261
v 0.086125 0.010574 -0.050448
v 0.086418 0.008760 -0.048630
v 0.085816 0.010860 -0.047257
v 0.082111 -0.004221 -0.049903
v 0.082581 0.002846 -0.050676
v 0.083864 0.005311 -0.050887
v 0.083906 0.003116 -0.050199
v 0.081277 -0.014468 -0.047406
v 0.079932 -0.013764 -0.047486
v 0.081629 -0.009298 -0.048736
v 0.083325 -0.009728 -0.048896
v 0.063283 -0.034771 -0.027092
v 0.066403 -0.031851 -0.028994
v 0.066810 -0.035064 -0.030392
v 0.062076 -0.036632 -0.029555
v 0.059262 -0.034740 -0.031326
v 0.064394 -0.035415 -0.034748
v 0.064221 -0.031877 -0.036001
v 0.060048 -0.031738 -0.033554
v 0.078769 0.022057 -0.037739
v 0.079060 0.018355 -0.036832
v 0.077538 0.017223 -0.035027
v 0.076955 0.020845 -0.035697
v 0.066097 -0.008366 -0.050905
v 0.064161 -0.014791 -0.049862
v 0.070625 -0.010181 -0.050865
v 0.071174 -0.007457 -0.050799
v 0.079533 0.012357 -0.043271
v 0.080136 0.013003 -0.046223
v 0.080765 0.011003 -0.047444
v 0.079805 0.009744 -0.045366
v 0.082959 0.014647 -0.050819
v 0.083367 0.011831 -0.052126
v 0.061689 -0.025127 -0.026769
v 0.060737 -0.021652 -0.026132
v 0.061435 -0.020163 -0.027312
v 0.061917 -0.021246 -0.028882
v 0.066849 -0.009267 -0.041038
v 0.067742 -0.004711 -0.038185
v 0.077176 -0.025255 -0.043621
v 0.076621 -0.023214 -0.042708
v 0.079406 -0.019100 -0.045198
v 0.079900 -0.020568 -0.046612
v 0.073018 -0.020880 -0.041516
v 0.075943 -0.018005 -0.044143
v 0.077238 -0.017280 -0.045619
v 0.075995 -0.019502 -0.043874
v 0.081065 0.014838 -0.044289
v 0.078915 0.017123 -0.039782
v 0.080056 0.016050 -0.038312
v 0.082429 0.013939 -0.042034
v 0.073089 0.003959 -0.049523
v 0.071282 0.008838 -0.047763
v 0.070174 0.008218 -0.048046
v 0.071616 0.003992 -0.049706
v 0.082378 0.012147 -0.048609
v 0.083035 0.009977 -0.049786
v 0.081462 0.008715 -0.048803
v 0.069360 0.009674 -0.034133
v 0.071342 0.010769 -0.035712
v 0.071631 0.009191 -0.036593
v 0.071170 0.008014 -0.035927
v 0.067174 -0.035972 -0.033898
v 0.061793 -0.023407 -0.043790
v 0.063788 -0.023056 -0.045105
v 0.066998 -0.018918 -0.047306
v 0.065403 -0.017674 -0.048021
v 0.058351 -0.032590 -0.025941
v 0.061607 -0.032382 -0.025592
v 0.062339 -0.033630 -0.026459
v 0.059324 -0.034869 -0.027369
v 0.072277 0.014053 -0.035720
v 0.074604 0.013288 -0.037013
v 0.072833 0.012514 -0.036905
v 0.071338 0.012998 -0.035812
v 0.081143 0.001078 -0.049451
v 0.080342 0.007283 -0.047095
v 0.079380 -0.007924 -0.045180
v 0.080031 -0.007571 -0.047846
v 0.079273 -0.011634 -0.046529
v -0.022284 -0.045527 -0.118367
v -0.007094 -0.045172 -0.119456
v -0.007460 -0.056449 -0.116924
v -0.021822 -0.059598 -0.114378
v 0.078147 -0.011778 -0.044290
v 0.079561 -0.000104 -0.044694
v 0.080335 0.000018 -0.047825
v 0.083982 0.008030 -0.047798
v 0.084254 0.002331 -0.048925
v 0.083611 0.008703 -0.048759
v 0.068913 0.011834 -0.045907
v 0.070177 0.015008 -0.049933
v 0.069142 0.009018 -0.052139
v 0.069179 0.009509 -0.047652
v 0.062167 -0.016215 -0.027301
v 0.063510 -0.014007 -0.028365
v 0.062261 -0.016094 -0.030536
v 0.061213 -0.018661 -0.030222
v 0.067607 -0.021151 -0.046013
v 0.064526 -0.024192 -0.044187
v 0.065032 -0.024932 -0.043420
v 0.067937 -0.022869 -0.044504
v 0.076955 0.013934 -0.038401
v 0.077410 0.009824 -0.039708
v 0.075710 0.009815 -0.038770
v 0.067668 -0.019983 -0.035211
v 0.068342 -0.018725 -0.037165
v 0.069969 -0.021460 -0.038037
v 0.069434 -0.023501 -0.036186
v 0.072454 -0.031907 -0.038612
v 0.069920 -0.032061 -0.040028
v 0.067107 -0.034093 -0.037138
v 0.069885 -0.034304 -0.036215
v 0.061818 -0.019824 -0.029542
v 0.061590 -0.018737 -0.027465
v 0.075503 0.004177 -0.050708
v 0.073944 0.010000 -0.048235
v 0.079208 0.008342 -0.043472
v 0.079710 0.006142 -0.045065
v 0.065527 -0.003593 -0.031384
v 0.064253 -0.003171 -0.033418
v 0.064546 -0.003989 -0.033298
v 0.066193 -0.005034 -0.031057
v 0.065231 -0.003974 -0.029958
v 0.065702 -0.005545 -0.029752
v 0.064854 -0.005581 -0.029116
v 0.064476 -0.004757 -0.029010
v 0.063655 -0.002994 -0.034025
v 0.063999 -0.003251 -0.033697
v 0.064168 -0.002751 -0.033692
v 0.069947 -0.000562 -0.043574
v 0.069780 -0.007681 -0.045781
v 0.069267 -0.009018 -0.045915
v 0.070431 -0.003358 -0.043052
v 0.080862 -0.006555 -0.049187
v 0.073865 0.017459 -0.032273
v 0.072966 0.020258 -0.032419
v 0.075996 0.022892 -0.035718
v 0.063271 -0.017067 -0.040440
v 0.066119 -0.016916 -0.037481
v 0.065339 -0.017057 -0.035931
v 0.063413 -0.017237 -0.038600
v 0.063746 -0.012051 -0.033003
v 0.061431 -0.015092 -0.033424
v 0.064441 -0.013630 -0.030742
v 0.065300 0.001677 -0.029616
v 0.065248 -0.002042 -0.032325
v 0.065023 -0.002869 -0.031111
v 0.064761 -0.002550 -0.029857
v 0.081699 -0.015188 -0.048763
v 0.083333 -0.009933 -0.050531
v 0.081987 -0.009994 -0.052312
v 0.080466 -0.015654 -0.050555
v 0.059543 -0.028675 -0.024696
v 0.055479 -0.030549 -0.029051
v 0.058483 -0.025467 -0.025091
v 0.083365 0.019371 -0.044799
v 0.081429 0.021190 -0.045525
v 0.082087 0.019275 -0.047603
v 0.084423 0.017522 -0.046588
v 0.066630 0.002694 -0.037021
v 0.066214 0.000728 -0.036981
v 0.066439 0.001809 -0.035531
v 0.066275 0.004027 -0.035579
v 0.051934 -0.031316 -0.085669
v 0.056112 -0.031348 -0.065500
v 0.061656 -0.017585 -0.072812
v 0.057873 -0.017776 -0.089873
v 0.072811 -0.028666 -0.037711
v 0.071657 -0.030863 -0.035360
v 0.066852 0.009172 -0.028063
v 0.066018 0.010857 -0.027480
v 0.067112 0.016345 -0.029161
v 0.068098 0.013200 -0.028853
v 0.084363 0.004410 -0.053678
v 0.086540 0.003639 -0.051983
v 0.071457 0.014230 -0.034325
v 0.074071 0.016826 -0.036640
v 0.072559 0.014736 -0.035894
v 0.071010 0.013484 -0.034686
v 0.070588 0.006049 -0.031617
v 0.071231 0.007320 -0.031468
v 0.069484 0.008237 -0.032014
v 0.068554 0.006947 -0.032415
v 0.065263 0.015842 -0.026924
v 0.067096 0.020894 -0.030160
v 0.059699 -0.023670 -0.043821
v 0.069309 0.007980 -0.029200
v 0.070085 0.010566 -0.029431
v 0.071783 0.009048 -0.031238
v -0.044503 -0.083378 -0.099884
v -0.038206 -0.075210 -0.103970
v -0.035311 -0.087339 -0.107179
v -0.046016 -0.091227 -0.099900
v 0.059420 -0.020768 -0.024447
v 0.060890 -0.019161 -0.026038
v 0.070592 0.013155 -0.034542
v 0.069903 0.012006 -0.034567
v 0.068345 0.008120 -0.033302
v 0.069536 0.007076 -0.035252
v 0.074608 0.000588 -0.041634
v 0.075492 -0.007482 -0.043164
v 0.061901 -0.017125 -0.058304
v 0.055798 -0.030049 -0.045124
v 0.068426 0.008691 -0.032514
v 0.068646 0.009245 -0.032641
v 0.068056 0.008456 -0.032544
v 0.067637 0.007606 -0.033039
v 0.070030 -0.032783 -0.033205
v 0.074268 0.006644 -0.039438
v 0.071188 0.004708 -0.038042
v 0.072740 0.006615 -0.037718
v 0.083713 -0.005312 -0.048813
v 0.085288 0.002054 -0.048541
v 0.086896 0.002246 -0.049644
v 0.085186 -0.005452 -0.049698
v 0.057206 -0.033360 -0.030337
v 0.066315 -0.000019 -0.038327
v 0.067180 -0.001347 -0.037471
v 0.068162 0.005531 -0.035890
v 0.067084 0.006710 -0.033541
v 0.060988 -0.016147 -0.025502
v 0.080954 0.015626 -0.046031
v 0.081797 0.014064 -0.047259
v 0.079813 0.014488 -0.045023
v 0.079383 0.015565 -0.043576
v 0.078582 0.017850 -0.042100
v 0.077874 0.018548 -0.041774
v 0.080118 0.017130 -0.044480
v 0.070530 0.006155 -0.036289
v 0.071876 0.007114 -0.036796
v 0.067466 -0.021183 -0.033557
v 0.068452 -0.026744 -0.033359
v 0.077657 -0.015132 -0.044852
v 0.076079 -0.014523 -0.042727
v 0.079615 -0.004328 -0.053392
v 0.079579 0.004359 -0.053187
v 0.077497 0.004197 -0.051714
v 0.078102 -0.004098 -0.052404
v 0.071325 -0.001920 -0.050653
v 0.067801 -0.000970 -0.051321
v 0.064064 -0.003916 -0.028583
v 0.063125 -0.000187 -0.026789
v 0.066774 0.004740 -0.035456
v 0.066674 0.006448 -0.034025
v 0.071899 -0.018763 -0.047763
v 0.066953 -0.025730 -0.041099
v 0.071870 -0.020899 -0.045857
v 0.062525 -0.026151 -0.039990
v 0.061876 -0.027157 -0.037768
v 0.064683 -0.027334 -0.038765
v 0.072642 -0.018962 -0.040763
v 0.075153 -0.017643 -0.042723
v 0.064350 -0.003472 -0.034469
v 0.063647 -0.005132 -0.036339
v 0.062523 -0.003516 -0.034664
v 0.077875 0.000014 -0.042850
v 0.078226 -0.007712 -0.043581
v 0.070997 0.009532 -0.032170
v 0.068029 0.000174 -0.032419
v 0.068392 0.003521 -0.030383
v 0.073834 0.012438 -0.031841
v 0.072732 0.011033 -0.032415
v 0.071989 0.010163 -0.032259
v 0.072635 0.010668 -0.031280
v 0.058308 -0.012213 -0.037599
v 0.060047 -0.013942 -0.035371
v 0.061578 -0.010970 -0.034380
v 0.077015 0.017730 -0.039382
v 0.077804 0.015965 -0.040250
v 0.076023 0.010516 -0.049222
v 0.072098 0.011014 -0.036437
v 0.072322 0.009640 -0.037527
v 0.072246 0.023032 -0.044120
v 0.071891 0.020436 -0.040372
v 0.071419 0.020670 -0.039046
v 0.071341 0.025348 -0.039558
v 0.060623 -0.030009 -0.034661
v 0.063769 -0.029765 -0.036753
v 0.063535 -0.028422 -0.037318
v 0.061320 -0.028441 -0.035890
v 0.064675 -0.017180 -0.035381
v 0.063211 -0.017436 -0.037601
v 0.078904 -0.013674 -0.047455
v 0.078251 -0.014596 -0.046547
v 0.079861 -0.010628 -0.048174
v 0.080154 -0.009162 -0.049055
v 0.068175 0.003406 -0.040039
v 0.067535 0.002372 -0.038969
v 0.070635 0.015579 -0.041911
v 0.073188 0.017346 -0.042575
v 0.072650 0.019385 -0.039540
v 0.070880 0.017908 -0.040036
v 0.078133 0.011214 -0.050732
v 0.072307 0.008152 -0.037595
v 0.072817 0.008321 -0.038382
v 0.072044 0.008554 -0.037031
v 0.067777 0.006063 -0.032881
v 0.069897 0.004890 -0.032502
v 0.073889 0.012754 -0.033174
v 0.076913 0.015903 -0.035183
v 0.076364 0.016499 -0.036531
v 0.073444 0.013635 -0.033439
v 0.069473 0.010822 -0.033000
v 0.020772 -0.032970 -0.120211
v 0.023968 -0.022682 -0.126973
v -0.061708 0.048294 0.028515
v -0.067854 0.046919 0.021446
v -0.067370 0.041034 0.024985
v -0.061163 0.041768 0.030501
v 0.071630 0.020073 -0.032364
v 0.072376 0.021457 -0.035682
v 0.073482 0.022329 -0.035889
v 0.072294 0.020809 -0.032729
v 0.079308 0.014438 -0.043170
v 0.082841 0.011152 -0.047803
v 0.068026 -0.003306 -0.036177
v 0.065663 -0.006038 -0.037424
v 0.056221 -0.006517 -0.038460
v 0.056493 -0.005382 -0.038126
v 0.057343 -0.005725 -0.039013
v 0.057360 -0.006605 -0.039479
v 0.060605 -0.011793 -0.039707
v 0.062529 -0.012593 -0.038559
v 0.061315 -0.014048 -0.037272
v 0.059883 -0.013066 -0.039209
v 0.055843 -0.009151 -0.039060
v 0.056035 -0.007708 -0.038713
v 0.057072 -0.008174 -0.040024
v 0.056832 -0.009684 -0.040785
v 0.076038 0.018313 -0.037889
v 0.077959 0.018063 -0.039754
v 0.084478 0.009806 -0.046243
v 0.084968 0.007792 -0.047389
v 0.081801 0.014867 -0.045127
v 0.082423 0.013097 -0.046375
v 0.063633 -0.011353 -0.028044
v 0.064950 -0.011177 -0.029387
v 0.064653 -0.012763 -0.029509
v 0.085499 0.012333 -0.045744
v 0.085170 0.015215 -0.047831
v 0.062152 -0.028473 -0.025916
v 0.060964 -0.030079 -0.025007
v 0.032560 -0.100767 -0.015759
v 0.044199 -0.095484 -0.026385
v 0.043292 -0.105559 -0.026201
v 0.031992 -0.110750 -0.016125
v 0.072515 0.015596 -0.031065
v 0.070998 0.018408 -0.031557
v 0.055872 -0.011117 -0.039428
v 0.055874 -0.011264 -0.039520
v 0.058385 -0.013006 -0.038766
v 0.059893 -0.007202 -0.035757
v 0.056611 -0.006790 -0.037631
v 0.061278 -0.010371 -0.039347
v 0.060531 -0.005268 -0.037784
v 0.059979 -0.004068 -0.036669
v 0.060357 -0.016859 -0.034748
v 0.061585 -0.017844 -0.036383
v 0.062532 -0.018309 -0.033108
v 0.057216 -0.011774 -0.040867
v 0.068621 0.004892 -0.038059
v 0.063869 -0.010062 -0.038523
v 0.065226 -0.012184 -0.040374
v 0.064338 -0.013834 -0.039796
v 0.063229 -0.011727 -0.038741
v 0.070965 -0.021835 -0.039296
v 0.070857 -0.020057 -0.039394
v 0.063847 -0.016272 -0.042469
v 0.066624 -0.016741 -0.040248
v 0.068150 -0.000570 -0.036132
v 0.069171 0.002306 -0.033580
v 0.065154 -0.003401 -0.034848
v 0.063766 -0.007967 -0.037582
v 0.065770 -0.010260 -0.039569
v 0.060034 -0.006094 -0.035844
v 0.062869 -0.005751 -0.033881
v 0.062686 -0.004722 -0.034192
v 0.060049 -0.005163 -0.036057
v 0.074184 0.009793 -0.038410
v 0.069422 0.016392 -0.030111
v 0.071452 0.013119 -0.030049
v 0.074856 0.027611 -0.055648
v 0.073300 0.019579 -0.060790
v 0.072062 0.019981 -0.047869
v 0.062002 -0.008800 -0.038906
v 0.056775 -0.004884 -0.038122
v 0.057230 -0.005434 -0.037718
v 0.078245 -0.017920 -0.045395
v 0.062898 -0.019098 -0.032654
v 0.066850 0.004179 -0.033556
v 0.078666 -0.009355 -0.052545
v 0.077381 -0.014747 -0.050913
v 0.066584 0.005590 -0.033824
v 0.066788 0.006613 -0.033765
v 0.062579 -0.017809 -0.037155
v 0.063977 -0.017801 -0.034308
v 0.067075 0.006881 -0.033448
v 0.065412 -0.011597 -0.030741
v 0.079024 0.009717 -0.042197
v 0.068487 -0.029254 -0.040756
v 0.066078 -0.030698 -0.038253
v 0.057012 -0.005827 -0.037391
v 0.060012 -0.013852 -0.036838
v 0.060925 -0.006915 -0.038146
v 0.064766 -0.007824 -0.032656
v 0.064336 -0.009978 -0.032548
v 0.065541 -0.009344 -0.030460
v 0.067858 -0.016137 -0.041693
v 0.064900 -0.014170 -0.044236
v 0.066420 -0.013344 -0.045971
v 0.069953 -0.015055 -0.042553
v 0.075702 -0.019797 -0.048901
v 0.073385 -0.024279 -0.046112
v 0.075658 -0.026324 -0.045738
v 0.078615 -0.021374 -0.048417
v 0.077457 0.043721 -0.064338
v 0.074258 0.033202 -0.048820
v 0.075913 0.050061 -0.053000
v 0.076813 0.018808 -0.046494
v 0.076918 0.016588 -0.047969
v 0.082577 0.017116 -0.049274
v 0.069839 0.023329 -0.034454
v 0.070893 0.020684 -0.037638
v 0.072245 0.020614 -0.035524
v 0.083223 -0.004832 -0.053327
v 0.066108 0.005460 -0.028186
v 0.068548 0.005602 -0.029525
v 0.071003 -0.017466 -0.048880
v 0.070802 -0.016913 -0.039886
v 0.073507 -0.016133 -0.041056
v 0.080890 0.018442 -0.038833
v 0.078388 0.016330 -0.036775
v -0.007666 -0.112001 0.006702
v -0.007016 -0.119085 0.002281
v -0.020742 -0.009164 0.057006
v -0.019540 -0.009369 0.056013
v -0.020717 -0.007822 0.054620
v -0.021162 -0.007798 0.055131
v -0.020168 -0.017734 0.056811
v -0.020717 -0.016431 0.055962
v -0.019345 -0.016481 0.055280
v -0.018512 -0.017416 0.056369
v -0.021929 -0.007659 0.054536
v -0.023504 -0.009507 0.056990
v -0.022606 -0.009335 0.057761
v -0.021649 -0.007731 0.054883
v 0.081295 0.021543 -0.039613
v -0.016366 -0.016975 0.057394
v -0.017400 -0.015290 0.056542
v -0.017433 -0.014792 0.058174
v -0.015403 -0.015870 0.059209
v -0.025143 -0.015612 0.063488
v -0.024083 -0.013582 0.063631
v -0.024641 -0.014747 0.061461
v -0.024592 -0.016618 0.061071
v -0.021947 -0.013207 0.063289
v -0.020437 -0.013153 0.065498
v -0.018385 -0.013296 0.064079
v -0.020168 -0.013705 0.062043
v -0.023522 -0.013325 0.057236
v -0.022806 -0.015270 0.058564
v -0.024809 -0.012530 0.060033
v -0.017555 -0.012767 0.056681
v -0.017598 -0.013702 0.055587
v -0.019285 -0.010371 0.055006
v -0.019021 -0.010028 0.054886
v 0.035459 -0.083965 -0.014425
v 0.045798 -0.081667 -0.027296
v 0.009785 0.005425 0.042621
v 0.008814 0.002574 0.043518
v 0.004588 0.003742 0.043394
v 0.005679 0.006205 0.042615
v 0.065691 -0.007348 -0.029516
v 0.064722 -0.006607 -0.028721
v 0.077193 0.014030 -0.049363
v 0.080560 0.016061 -0.044906
v 0.076769 0.020348 -0.044624
v 0.075356 0.021882 -0.040190
v 0.073801 0.020588 -0.039825
v 0.074668 0.018863 -0.043562
v 0.083592 0.015901 -0.042943
v 0.063899 -0.020553 -0.032288
v 0.076246 0.005866 -0.040957
v 0.074380 0.022338 -0.037902
v 0.077542 0.023514 -0.037694
v 0.082029 -0.004821 -0.049063
v 0.084504 0.014566 -0.044525
v 0.083115 0.012941 -0.043616
v 0.074981 0.014392 -0.032429
v 0.068932 -0.010762 -0.046570
v 0.074132 -0.010864 -0.043301
v 0.072214 -0.013536 -0.042996
v -0.091223 0.013007 -0.088095
v -0.091174 0.010518 -0.089354
v -0.092023 0.008701 -0.087646
v -0.092014 0.010796 -0.086240
v -0.087571 -0.004277 -0.087189
v -0.087703 0.002694 -0.088216
v -0.088676 0.005212 -0.088948
v -0.089235 0.002987 -0.088320
v 0.068132 -0.012699 -0.046506
v 0.067092 0.001241 -0.038761
v 0.060386 -0.015509 -0.023492
v 0.070495 -0.026306 -0.036436
v -0.088208 -0.014494 -0.084227
v -0.086965 -0.013899 -0.083963
v -0.087894 -0.009336 -0.085683
v -0.089506 -0.009757 -0.086347
v 0.071773 -0.025138 -0.038628
v 0.035526 -0.032455 -0.111484
v 0.040341 -0.021359 -0.117118
v 0.084976 -0.005215 -0.051615
v 0.076855 0.018482 -0.039163
v 0.065992 -0.020995 -0.033015
v 0.065920 -0.026215 -0.030759
v 0.064090 -0.025526 -0.029504
v 0.072615 0.008798 -0.038159
v 0.070185 -0.016029 -0.048949
v 0.070200 -0.013757 -0.050193
v 0.057461 -0.005107 -0.038693
v 0.072389 -0.022471 -0.045821
v 0.067872 -0.027361 -0.040795
v 0.050917 -0.078356 -0.040872
v 0.051002 -0.075060 -0.057256
v -0.080374 -0.034344 -0.057978
v -0.082233 -0.031521 -0.061000
v -0.082122 -0.034498 -0.062389
v -0.078185 -0.035925 -0.059916
v 0.051477 -0.086848 -0.054922
v 0.050649 -0.090980 -0.039629
v 0.061287 -0.001906 -0.024167
v 0.062245 -0.008783 -0.026199
v 0.061538 -0.010016 -0.024733
v 0.007281 -0.102517 0.003641
v 0.005021 -0.114800 -0.000892
v 0.059091 -0.014877 -0.020147
v 0.056115 -0.015482 -0.008867
v 0.057646 0.000277 -0.008969
v 0.059174 -0.005046 -0.019350
v 0.039269 0.030892 0.024666
v 0.041918 0.031556 0.020567
v 0.042440 0.022094 0.020823
v 0.039596 0.023262 0.024204
v -0.002777 0.087364 0.033114
v -0.013075 0.088454 0.033354
v -0.012046 0.095507 0.027364
v -0.001461 0.094212 0.026901
v 0.043005 -0.013000 -0.120700
v 0.045758 -0.002438 -0.124774
v 0.027895 -0.005239 -0.135602
v 0.025780 -0.014997 -0.130902
v 0.003109 0.111611 0.004919
v -0.007684 0.113156 0.005485
v -0.005563 0.118334 -0.004345
v -0.075077 -0.034538 -0.060336
v -0.077871 -0.034955 -0.065519
v -0.077172 -0.031689 -0.066660
v -0.074886 -0.031796 -0.062714
v 0.005339 0.116548 -0.004548
v 0.029958 0.003150 0.036909
v 0.031924 -0.002650 0.037777
v 0.027520 -0.003130 0.040614
v 0.026142 0.002723 0.039183
v 0.065312 -0.030651 -0.028034
v 0.063996 -0.029568 -0.027093
v -0.089309 0.021802 -0.074347
v -0.089818 0.018130 -0.073765
v -0.089017 0.017011 -0.071541
v -0.088352 0.020610 -0.071686
v -0.074624 -0.009044 -0.081685
v -0.073396 -0.015655 -0.079841
v -0.078651 -0.010868 -0.083452
v -0.078924 -0.007984 -0.083788
v -0.003042 0.122802 -0.015859
v 0.008028 0.120859 -0.015612
v -0.013772 0.012785 0.044711
v -0.086626 0.012308 -0.080405
v -0.086494 0.012902 -0.083328
v -0.086818 0.010894 -0.084618
v -0.086540 0.009616 -0.082279
v -0.088090 0.014536 -0.088433
v -0.087977 0.011752 -0.089891
v -0.079259 -0.025421 -0.056961
v -0.078450 -0.022011 -0.056032
v -0.078464 -0.020430 -0.057545
v -0.078619 -0.021425 -0.059135
v -0.077076 -0.009188 -0.073388
v -0.079154 -0.004696 -0.071102
v -0.085705 -0.024868 -0.078844
v -0.085850 -0.023037 -0.077898
v -0.087370 -0.019011 -0.081343
v -0.087063 -0.020364 -0.082788
v -0.012875 0.014623 0.042066
v -0.009020 0.011092 0.041691
v -0.009833 0.009159 0.043772
v -0.017515 0.061162 0.044691
v -0.016057 0.068856 0.042148
v -0.006980 0.068745 0.042585
v -0.009007 0.061166 0.045508
v -0.004224 0.008600 0.041693
v -0.005392 0.006650 0.043029
v -0.010777 0.101918 0.020777
v -0.000019 0.100590 0.020124
v 0.017455 0.127386 -0.064969
v -0.083186 -0.020908 -0.075598
v -0.084787 -0.018058 -0.079247
v -0.085324 -0.017363 -0.081140
v -0.084939 -0.019574 -0.079023
v 0.016223 0.127532 -0.056568
v 0.005349 0.130162 -0.059174
v -0.088221 0.014784 -0.081797
v -0.087983 0.017046 -0.076806
v -0.089734 0.015939 -0.075773
v -0.090427 0.013891 -0.080176
v 0.008912 0.129384 -0.071290
v 0.068517 0.000756 -0.079165
v 0.068188 -0.000809 -0.062940
v 0.071493 0.011151 -0.063796
v 0.073217 0.017227 -0.080844
v 0.019781 -0.095715 -0.004016
v 0.018275 -0.108207 -0.007631
v -0.080541 0.003583 -0.083247
v -0.079398 0.008472 -0.080689
v -0.078750 0.007807 -0.080484
v -0.079551 0.003605 -0.082908
v -0.087990 0.012056 -0.086320
v -0.088233 0.009883 -0.087636
v -0.087039 0.008600 -0.086087
v -0.081710 0.009436 -0.068048
v -0.083069 0.010432 -0.070357
v -0.082753 0.008973 -0.071238
v -0.082744 0.007742 -0.070461
v -0.080820 -0.035325 -0.065849
v -0.073319 -0.024240 -0.073159
v -0.074441 -0.023784 -0.075202
v -0.076486 -0.019632 -0.078591
v -0.075047 -0.018518 -0.078606
v 0.031434 0.052911 0.030411
v 0.034171 0.057998 0.026536
v 0.038124 0.051058 0.023566
v 0.035118 0.046944 0.027788
v -0.019667 0.048710 0.047618
v -0.012256 0.048641 0.048891
v -0.014115 0.042491 0.048711
v -0.020404 0.042432 0.047862
v -0.076451 -0.032683 -0.054807
v -0.079523 -0.032349 -0.055789
v -0.079799 -0.033403 -0.057001
v -0.076693 -0.034503 -0.056765
v 0.039474 0.015749 0.024902
v 0.042461 0.012963 0.022635
v 0.040589 0.004869 0.027484
v 0.037360 0.008628 0.028800
v 0.033044 0.004270 0.034261
v -0.083685 0.013760 -0.070751
v -0.084995 0.013125 -0.072900
v -0.083566 0.012323 -0.072064
v -0.082891 0.012700 -0.070455
v 0.035441 -0.001273 0.034724
v -0.086896 0.000920 -0.086411
v -0.086587 0.007173 -0.084001
v -0.004846 0.078064 0.039051
v -0.014661 0.078678 0.038684
v 0.040724 0.041795 0.021230
v 0.037755 0.039272 0.025740
v -0.016796 0.016191 0.046464
v -0.015459 0.017641 0.043173
v -0.017937 0.022138 0.044947
v -0.087283 -0.007993 -0.081532
v -0.086589 -0.007656 -0.084307
v -0.086601 -0.011682 -0.082736
v -0.086649 -0.011784 -0.080126
v -0.022451 0.021962 0.049957
v -0.021914 0.025944 0.048391
v -0.018363 0.025775 0.045564
v 0.009550 0.060791 0.041966
v 0.011806 0.067703 0.038673
v 0.020198 0.066387 0.034761
v 0.017918 0.059875 0.038227
v 0.001433 0.106255 0.012966
v -0.087387 -0.000252 -0.081259
v -0.086784 -0.000146 -0.084496
v -0.009376 0.107659 0.013626
v -0.021199 0.034973 0.047469
v -0.016624 0.035144 0.046496
v -0.017460 0.031570 0.045601
v -0.090048 0.007982 -0.086107
v -0.090145 0.002246 -0.087174
v -0.089275 0.008644 -0.086882
v -0.078282 0.011340 -0.077506
v -0.077935 0.014494 -0.081318
v -0.076808 0.008588 -0.083324
v -0.078158 0.009069 -0.079345
v -0.021276 0.031730 0.047443
v -0.000468 0.004938 0.043106
v 0.000581 0.007138 0.042225
v 0.057116 -0.029679 -0.035236
v 0.058516 -0.031069 -0.033561
v 0.062556 0.016091 -0.021230
v 0.060351 0.005489 -0.019875
v 0.058774 0.013419 -0.009851
v 0.059991 0.026489 -0.012067
v 0.063000 0.038680 -0.015226
v 0.064703 0.046917 -0.020367
v 0.067317 0.030677 -0.026904
v 0.065172 0.025142 -0.023260
v 0.049825 -0.084013 -0.069050
v 0.047866 -0.073574 -0.072894
v -0.022798 0.018908 0.052790
v -0.023307 0.015930 0.055412
v 0.032524 0.036877 -0.145855
v -0.078541 -0.016450 -0.058119
v -0.079316 -0.014246 -0.059790
v -0.077389 -0.016277 -0.061214
v -0.076936 -0.018911 -0.060404
v 0.031512 0.023316 -0.144221
v 0.049806 0.027293 -0.131865
v 0.050470 0.040221 -0.133109
v 0.064576 -0.009877 -0.076076
v -0.077375 -0.021737 -0.077543
v -0.075252 -0.024795 -0.074580
v -0.075858 -0.025451 -0.074042
v -0.078048 -0.023362 -0.076264
v 0.064986 -0.009489 -0.060931
v -0.018794 -0.011925 0.058170
v -0.020794 -0.007675 0.053896
v -0.020360 -0.010656 0.055180
v -0.020731 -0.007699 0.053989
v -0.018536 -0.014222 0.060320
v -0.016274 -0.014068 0.062072
v -0.019884 -0.014785 0.054607
v -0.020910 -0.014722 0.054841
v -0.021022 -0.010427 0.055259
v -0.020526 -0.007646 0.054061
v -0.028093 -0.017024 0.065229
v -0.028033 -0.015462 0.068218
v -0.024201 -0.014112 0.067792
v -0.025353 -0.015726 0.065503
v -0.021742 -0.007594 0.054592
v -0.022941 -0.010139 0.055945
v -0.024288 -0.011736 0.061470
v -0.021767 -0.009177 0.057676
v -0.021420 -0.007737 0.055051
v -0.022268 -0.011422 0.060967
v -0.022934 -0.017259 0.058962
v -0.020541 -0.011551 0.059757
v -0.086065 0.013891 -0.075089
v -0.086380 0.009705 -0.076333
v -0.085326 0.009677 -0.074859
v -0.081139 -0.020014 -0.067576
v -0.081100 -0.018759 -0.069675
v -0.081910 -0.021444 -0.071100
v -0.082049 -0.023428 -0.069124
v 0.069157 -0.017806 -0.038781
v 0.045689 -0.063468 -0.022186
v 0.050152 -0.048587 -0.029270
v 0.050928 -0.049453 -0.034895
v -0.083310 -0.031316 -0.072256
v -0.080687 -0.031868 -0.072765
v -0.079509 -0.033866 -0.068924
v -0.082135 -0.033698 -0.069068
v -0.078158 -0.020040 -0.059883
v -0.078266 -0.019004 -0.057872
v -0.081872 0.003879 -0.085420
v -0.081606 0.009649 -0.082430
v 0.048496 -0.065182 -0.031067
v 0.074280 0.008308 -0.039035
v 0.049994 0.058193 0.007311
v 0.052765 0.069346 -0.002027
v 0.060251 0.058251 -0.012374
v -0.086614 0.008202 -0.080258
v -0.086741 0.006012 -0.081788
v 0.059234 0.048052 -0.007152
v 0.054912 0.079193 -0.009963
v 0.062172 0.068884 -0.019515
v 0.067126 0.057092 -0.028273
v 0.071878 0.036545 -0.040839
v 0.018782 0.017616 0.039329
v 0.018910 0.017464 0.039457
v 0.017104 0.017187 0.040419
v -0.079922 -0.003809 -0.063748
v -0.077936 -0.003366 -0.065189
v -0.078268 -0.004183 -0.065140
v -0.080692 -0.005262 -0.063633
v 0.017185 0.017300 0.040299
v 0.018483 0.017845 0.038682
v 0.016762 0.017415 0.039435
v -0.080254 -0.004258 -0.062245
v -0.080797 -0.005820 -0.062200
v -0.080295 -0.005878 -0.061249
v -0.079984 -0.005068 -0.061014
v 0.019631 0.018168 0.037937
v 0.019996 0.017892 0.038495
v 0.020199 0.017678 0.038615
v 0.000709 0.018630 0.039171
v 0.001567 0.018987 0.038835
v 0.004141 0.017983 0.039530
v 0.003212 0.017945 0.040361
v 0.000390 0.018389 0.039491
v 0.003073 0.017665 0.040706
v -0.077131 -0.003124 -0.065573
v -0.077585 -0.003419 -0.065366
v -0.077736 -0.002906 -0.065460
v -0.078543 -0.000355 -0.077532
v -0.078244 -0.007711 -0.079174
v -0.077501 -0.008996 -0.078926
v -0.079206 -0.003291 -0.076906
v 0.005804 0.020783 0.033920
v 0.005305 0.021082 0.033703
v -0.086730 -0.006615 -0.085948
v 0.006598 0.020413 0.034212
v -0.000601 0.020493 0.036591
v -0.000587 0.021777 0.036570
v -0.087072 0.017125 -0.067349
v -0.086330 0.019857 -0.066912
v -0.087802 0.022511 -0.071197
v 0.005016 0.022051 0.033622
v 0.005021 0.021305 0.033560
v -0.000331 0.020128 0.036906
v -0.074733 -0.017298 -0.070958
v -0.078826 -0.017019 -0.069196
v -0.078500 -0.017072 -0.067370
v -0.075733 -0.017409 -0.069230
v -0.077748 -0.012238 -0.064253
v -0.075497 -0.015274 -0.063636
v -0.079292 -0.013834 -0.062383
v -0.080215 0.001457 -0.062022
v -0.079119 -0.002160 -0.064556
v -0.079576 -0.003125 -0.063296
v -0.079860 -0.002852 -0.061984
v -0.087957 -0.015155 -0.085616
v -0.088774 -0.009961 -0.087944
v -0.086910 -0.010142 -0.089342
v -0.086208 -0.015764 -0.087010
v -0.001974 0.019785 0.036597
v -0.002851 0.020068 0.035926
v -0.077991 -0.028956 -0.054053
v -0.072661 -0.031006 -0.056422
v -0.077120 -0.025995 -0.053956
v -0.090811 0.019183 -0.082819
v -0.088803 0.020917 -0.082632
v -0.088598 0.019047 -0.084910
v -0.091076 0.017389 -0.084984
v -0.078501 0.002540 -0.069686
v -0.078106 0.000636 -0.069469
v -0.078818 0.001644 -0.068189
v -0.078759 0.003790 -0.068183
v -0.002871 0.021774 0.036132
v 0.008227 0.016630 0.041749
v 0.008406 0.015871 0.041822
v 0.003666 0.016239 0.041112
v 0.003304 0.017096 0.040958
v 0.008076 0.017070 0.041584
v 0.011666 0.017125 0.041358
v 0.011703 0.016685 0.041474
v 0.011812 0.015928 0.041479
v -0.048802 -0.031744 -0.106625
v -0.060171 -0.031983 -0.089861
v -0.062488 -0.018141 -0.098985
v -0.052522 -0.018210 -0.112981
v -0.084279 -0.028299 -0.071707
v -0.084167 -0.030404 -0.069030
v -0.082340 0.008809 -0.060983
v -0.081935 0.010412 -0.059575
v -0.082266 0.015907 -0.061246
v -0.083113 0.012912 -0.061704
v 0.000420 0.017190 0.040208
v 0.000393 0.018045 0.039888
v 0.011834 0.015256 0.041477
v 0.008639 0.015205 0.041798
v -0.088315 0.004362 -0.091799
v -0.090894 0.003624 -0.090843
v 0.003863 0.015572 0.041125
v 0.000374 0.016756 0.040287
v -0.002269 0.018019 0.039049
v -0.001131 0.018211 0.039352
v 0.008721 0.014424 0.041660
v 0.008674 0.013604 0.041567
v 0.003767 0.013982 0.041097
v 0.003882 0.014800 0.041089
v -0.083446 0.013911 -0.069139
v -0.084453 0.016669 -0.072298
v -0.083522 0.014543 -0.071040
v -0.082930 0.013185 -0.069282
v -0.084013 0.005823 -0.066156
v -0.084563 0.007092 -0.066271
v -0.082725 0.007967 -0.066114
v -0.081809 0.006670 -0.066125
v 0.011933 0.014486 0.041217
v 0.011932 0.013619 0.041104
v -0.081521 0.015201 -0.058338
v -0.081838 0.020204 -0.061772
v 0.021686 0.017732 0.037147
v 0.022402 0.018215 0.036372
v 0.022341 0.017662 0.036426
v -0.071427 -0.024517 -0.072117
v 0.021887 0.017257 0.036818
v 0.025103 0.015152 0.034050
v 0.026275 0.016534 0.033496
v 0.028123 0.015979 0.032275
v -0.083756 0.007726 -0.063372
v -0.084444 0.010284 -0.063658
v -0.085092 0.008835 -0.066191
v -0.077773 -0.021274 -0.053899
v -0.078196 -0.019527 -0.056146
v -0.082683 0.012833 -0.068994
v -0.082137 0.011687 -0.068723
v -0.081201 0.007843 -0.066872
v -0.081633 0.006758 -0.069163
v 0.026706 0.014421 0.033277
v -0.084009 0.000523 -0.076847
v -0.084438 -0.007475 -0.078360
v 0.035562 0.005946 0.031367
v 0.029155 0.011625 0.033141
v 0.030956 0.013121 0.031368
v 0.021005 0.017539 0.037824
v 0.020175 0.017281 0.038606
v 0.020981 0.017856 0.037837
v 0.021654 0.018170 0.037022
v 0.021202 0.016890 0.037525
v 0.020282 0.016639 0.038410
v 0.018943 0.017131 0.039453
v 0.018992 0.016417 0.039352
v 0.017116 0.016137 0.040354
v 0.017033 0.016877 0.040414
v 0.014737 0.016746 0.041065
v -0.068126 -0.017887 -0.086095
v -0.067263 -0.030892 -0.071080
v 0.015089 0.017142 0.040984
v 0.014832 0.015970 0.041007
v 0.017282 0.015481 0.040141
v 0.014962 0.015308 0.040928
v 0.019099 0.015743 0.038989
v 0.020461 0.016076 0.037990
v 0.021450 0.016441 0.037043
v 0.022296 0.016827 0.036374
v 0.022893 0.017465 0.035918
v 0.021901 0.015910 0.036482
v 0.022697 0.015201 0.035776
v 0.021182 0.014704 0.036898
v 0.020752 0.015494 0.037515
v 0.022965 0.016414 0.035745
v 0.023958 0.015817 0.034911
v -0.081524 0.008396 -0.066178
v -0.081637 0.008957 -0.066392
v -0.081252 0.008162 -0.066032
v -0.080699 0.007290 -0.066355
v 0.019402 0.015152 0.038576
v 0.019561 0.014408 0.038114
v 0.017451 0.014034 0.039350
v 0.017400 0.014801 0.039810
v -0.083711 -0.032289 -0.066348
v -0.084025 0.006559 -0.074698
v -0.082219 0.004462 -0.072291
v -0.083561 0.006401 -0.072604
v 0.015078 0.014620 0.040645
v 0.015222 0.013743 0.040290
v -0.089564 -0.005262 -0.086529
v -0.091332 0.002001 -0.087026
v -0.092312 0.002196 -0.088629
v -0.090540 -0.005370 -0.087857
v 0.008067 0.017104 0.041388
v 0.007972 0.017334 0.040213
v 0.011501 0.017121 0.040321
v 0.011781 0.017115 0.041150
v 0.015182 0.017148 0.040873
v -0.073694 -0.033394 -0.058514
v -0.077629 -0.000058 -0.070741
v -0.078893 -0.001394 -0.070292
v 0.014587 0.017229 0.040067
v 0.011581 0.017152 0.039172
v 0.010767 0.019525 0.034781
v 0.012161 0.019537 0.034683
v 0.014412 0.017195 0.038966
v -0.080283 0.005112 -0.069188
v -0.080085 0.006388 -0.066559
v 0.008406 0.017447 0.039057
v 0.009225 0.019677 0.034739
v 0.005152 0.018228 0.038509
v -0.078388 -0.016554 -0.055884
v 0.007745 0.020017 0.034503
v 0.002455 0.019021 0.038227
v 0.009639 0.030160 0.041926
v 0.009504 0.030362 0.042316
v 0.014901 0.029696 0.042325
v 0.014495 0.029357 0.041951
v 0.056274 0.000858 -0.111869
v 0.058910 0.015806 -0.116920
v 0.048574 0.011329 -0.129013
v 0.017303 0.026887 0.041556
v 0.017313 0.027890 0.041349
v 0.020063 0.026632 0.040091
v 0.019902 0.025668 0.040138
v 0.017249 0.025795 0.041836
v -0.087385 0.015540 -0.083452
v -0.087837 0.013970 -0.084879
v -0.086574 0.014388 -0.082118
v -0.086723 0.015461 -0.080627
v -0.086585 0.017751 -0.078868
v -0.086125 0.018462 -0.078346
v -0.087118 0.017043 -0.081732
v -0.082195 0.005850 -0.070480
v -0.083063 0.006879 -0.071476
v 0.019674 0.024504 0.040270
v 0.014169 0.027053 0.043192
v -0.081663 -0.021180 -0.065918
v -0.082208 -0.026555 -0.066032
v -0.086010 -0.015146 -0.080507
v -0.085777 -0.014598 -0.077837
v -0.084255 -0.004486 -0.089445
v -0.084487 0.004132 -0.089328
v -0.083278 0.003912 -0.087139
v -0.083399 -0.004316 -0.087932
v 0.014262 0.028253 0.042880
v 0.014280 0.029090 0.042379
v 0.019426 0.023015 0.036033
v 0.018550 0.023914 0.036584
v -0.078962 -0.002330 -0.083768
v -0.075933 -0.001408 -0.082851
v -0.079835 -0.004270 -0.060401
v -0.079678 -0.000583 -0.058205
v -0.079243 0.004439 -0.068248
v -0.079659 0.006106 -0.066867
v -0.080408 -0.019273 -0.080939
v -0.078268 -0.026136 -0.072751
v -0.080890 -0.021358 -0.079213
v -0.074904 -0.026686 -0.069830
v -0.075092 -0.027605 -0.067473
v -0.077076 -0.027695 -0.069603
v 0.018922 0.023708 0.038102
v 0.020169 0.022953 0.037059
v 0.020232 0.022366 0.035576
v 0.021006 0.022267 0.036301
v 0.015351 0.022248 0.033020
v 0.014932 0.022583 0.033251
v 0.014326 0.023007 0.033575
v -0.083369 -0.018991 -0.074651
v -0.084716 -0.017651 -0.077510
v 0.015600 0.021919 0.032879
v -0.077602 -0.003576 -0.066296
v -0.076013 -0.005098 -0.067785
v -0.075845 -0.003627 -0.065720
v -0.086430 -0.000067 -0.078944
v -0.086811 -0.007756 -0.079639
v -0.083984 0.009297 -0.066825
v 0.015719 0.021560 0.032817
v -0.081559 0.000064 -0.065887
v -0.082580 0.003356 -0.064162
v -0.086915 0.012183 -0.067388
v -0.085563 0.010774 -0.067661
v -0.084806 0.009959 -0.067235
v -0.085820 0.010475 -0.066461
v -0.070903 -0.012316 -0.066388
v -0.073407 -0.014058 -0.065008
v -0.075172 -0.011107 -0.064758
v 0.015719 0.021173 0.032828
v 0.015578 0.020843 0.032965
v 0.037875 -0.009482 0.032874
v 0.038251 0.001007 0.031248
v -0.086066 0.017651 -0.075878
v -0.086361 0.015889 -0.076987
v -0.082612 0.010286 -0.084245
v 0.041049 -0.006796 0.028864
v 0.020761 0.018156 0.037655
v -0.083431 0.010699 -0.071332
v -0.082967 0.009455 -0.072369
v 0.021466 0.018534 0.036877
v -0.081210 0.022289 -0.075958
v -0.082281 0.019733 -0.072730
v -0.082255 0.020020 -0.071517
v -0.081973 0.024593 -0.071536
v 0.020354 0.018440 0.037212
v -0.074988 -0.030226 -0.064008
v -0.076940 -0.029973 -0.067290
v -0.076599 -0.028741 -0.067746
v -0.075181 -0.028755 -0.065458
v -0.078067 -0.017225 -0.066603
v -0.075999 -0.017599 -0.068177
v 0.020992 0.018844 0.036559
v -0.086115 -0.013816 -0.083548
v -0.085881 -0.014694 -0.082394
v -0.086468 -0.010707 -0.084551
v -0.086473 -0.009289 -0.085535
v 0.022190 0.019119 0.036133
v 0.022538 0.018831 0.036132
v 0.018003 0.017949 0.037852
v 0.014159 0.019858 0.034178
v 0.014748 0.020045 0.033841
v -0.078543 0.003215 -0.073176
v -0.078400 0.002288 -0.071943
v -0.080706 0.015086 -0.074523
v -0.082461 0.016962 -0.076227
v -0.083051 0.019009 -0.073064
v -0.081542 0.017382 -0.072707
v -0.083861 0.011034 -0.086485
v 0.018963 0.018431 0.037139
v 0.016380 0.017535 0.038447
v 0.013264 0.019673 0.034465
v 0.015058 0.020301 0.033542
v 0.015365 0.020526 0.033211
v -0.083109 0.007949 -0.072354
v -0.083262 0.008134 -0.073242
v 0.019428 0.018797 0.036530
v -0.083018 0.008345 -0.071774
v 0.020054 0.019249 0.035905
v 0.021476 0.019511 0.036053
v -0.081014 0.005789 -0.066258
v -0.083116 0.004688 -0.066721
v -0.086197 0.012551 -0.068800
v -0.087970 0.015846 -0.071729
v -0.086853 0.016371 -0.072901
v -0.085634 0.013391 -0.068964
v 0.020725 0.020415 0.035129
v 0.020784 0.021057 0.035145
v 0.021664 0.020097 0.035833
v -0.082263 0.010551 -0.067061
v 0.021762 0.020830 0.035756
v 0.020502 0.019861 0.035376
v -0.007073 -0.033031 -0.125925
v -0.007295 -0.022749 -0.133408
v 0.020622 0.021720 0.035274
v 0.021541 0.021466 0.035962
v 0.022790 0.018354 0.036013
v 0.022914 0.019298 0.035835
v 0.023476 0.020413 0.035325
v 0.023348 0.018420 0.035578
v -0.085177 0.019608 -0.066135
v -0.084488 0.020997 -0.069457
v -0.085394 0.021902 -0.070235
v -0.085579 0.020368 -0.066814
v -0.086541 0.014386 -0.080237
v 0.024154 0.018507 0.034965
v 0.023655 0.017200 0.035194
v 0.024543 0.021249 0.035043
v 0.026036 0.021776 0.034476
v -0.088826 0.011092 -0.085713
v -0.080170 -0.003353 -0.069372
v -0.077438 -0.006017 -0.069577
v 0.025525 0.018574 0.034143
v 0.024757 0.016986 0.034364
v 0.022618 0.019844 0.035826
v -0.068392 -0.006582 -0.066565
v -0.068756 -0.005445 -0.066446
v -0.069191 -0.005771 -0.067578
v -0.069037 -0.006641 -0.067926
v 0.022750 0.020514 0.035570
v 0.023765 0.022414 0.036166
v -0.072115 -0.011849 -0.069234
v -0.074422 -0.012669 -0.068973
v -0.073842 -0.014123 -0.067242
v -0.071738 -0.013120 -0.068428
v 0.024584 0.023407 0.036052
v 0.023052 0.021686 0.036267
v 0.022312 0.022568 0.037354
v 0.022842 0.023430 0.037368
v -0.067851 -0.009184 -0.066782
v -0.068135 -0.007758 -0.066644
v -0.068582 -0.008210 -0.068215
v -0.068164 -0.009744 -0.068611
v 0.023458 0.024323 0.037264
v 0.021659 0.024416 0.038715
v -0.085801 0.018215 -0.074131
v -0.086908 0.018025 -0.076508
v 0.022061 0.025395 0.038689
v 0.021251 0.023439 0.038679
v 0.022440 0.021361 0.036170
v -0.091065 0.009766 -0.084838
v -0.091166 0.007757 -0.085980
v -0.088639 0.014817 -0.082879
v -0.088870 0.013040 -0.084251
v 0.021771 0.022135 0.037002
v 0.020760 0.022999 0.038098
v 0.019340 0.023657 0.039747
v -0.079597 -0.011653 -0.059628
v -0.080259 -0.011425 -0.061431
v -0.079935 -0.013003 -0.061379
v -0.092224 0.012277 -0.084773
v -0.091220 0.015138 -0.086503
v -0.079769 -0.028627 -0.056377
v -0.079143 -0.030227 -0.054921
v -0.056459 -0.101213 -0.034398
v -0.063289 -0.096066 -0.048735
v -0.062808 -0.106307 -0.048282
v -0.056059 -0.111288 -0.034479
v -0.086314 0.015287 -0.065737
v -0.084944 0.018005 -0.065279
v 0.017122 0.024751 0.041426
v 0.016667 0.024657 0.039498
v 0.014033 0.026026 0.042713
v -0.067917 -0.011227 -0.067148
v -0.067892 -0.011331 -0.067150
v -0.070528 -0.013059 -0.067441
v -0.073059 -0.007374 -0.065524
v -0.069280 -0.006961 -0.065979
v 0.013638 0.025451 0.040574
v 0.009842 0.031313 0.043168
v 0.015720 0.030846 0.043060
v 0.013522 0.025591 0.038628
v 0.011837 0.023764 0.034495
v 0.010184 0.023877 0.034710
v 0.010217 0.025644 0.039010
v -0.072725 -0.010378 -0.069346
v -0.000133 0.022808 0.037214
v 0.000675 0.023777 0.038011
v -0.072587 -0.005235 -0.067892
v -0.072715 -0.004159 -0.066618
v -0.074302 -0.017105 -0.064364
v -0.074902 -0.018021 -0.066367
v -0.077118 -0.018497 -0.063647
v -0.068529 -0.011744 -0.068701
v -0.079806 0.004580 -0.071451
v 0.005652 0.022916 0.034261
v 0.005236 0.022523 0.033920
v -0.001785 0.022788 0.037518
v -0.000594 0.023855 0.038619
v -0.075407 -0.010031 -0.069774
v -0.076045 -0.012225 -0.071925
v -0.075541 -0.013890 -0.070880
v -0.074797 -0.011723 -0.069540
v -0.082198 -0.021842 -0.072696
v -0.082222 -0.020072 -0.072697
v -0.073909 -0.016413 -0.073189
v -0.077801 -0.016780 -0.072052
v -0.080264 -0.000637 -0.069473
v -0.082126 0.002156 -0.067460
v -0.078177 -0.003513 -0.066973
v -0.075684 -0.007931 -0.068931
v -0.076766 -0.010228 -0.071519
v -0.073125 -0.006257 -0.065735
v -0.076509 -0.005910 -0.065014
v -0.076199 -0.004857 -0.065284
v -0.073035 -0.005303 -0.066012
v -0.084228 0.009637 -0.073913
v -0.083868 0.016145 -0.063152
v -0.085261 0.012950 -0.064442
v -0.079832 0.026978 -0.087645
v -0.076916 0.019040 -0.092173
v -0.079879 0.019332 -0.079592
v -0.073518 -0.008746 -0.069420
v -0.069015 -0.004929 -0.066624
v -0.069785 -0.005594 -0.066441
v -0.086178 -0.018016 -0.081350
v -0.077834 -0.019264 -0.063287
v -0.079970 0.003933 -0.066500
v -0.084049 -0.009652 -0.088293
v -0.083495 -0.015057 -0.086262
v -0.079655 0.005293 -0.066674
v -0.079810 0.006290 -0.066711
v -0.075535 -0.017977 -0.067503
v -0.077847 -0.017865 -0.065302
v -0.080124 0.006559 -0.066520
v -0.080161 -0.011805 -0.062840
v -0.086849 0.009585 -0.079146
v 0.004214 0.025140 0.038928
v 0.007240 0.023536 0.034760
v -0.079258 -0.029310 -0.072983
v -0.078172 -0.030727 -0.069632
v 0.006277 0.023247 0.034547
v -0.069728 -0.005999 -0.065973
v 0.002467 0.024486 0.038430
v -0.072792 -0.013924 -0.066330
v -0.072851 -0.006924 -0.068251
v 0.003171 0.025650 0.040671
v 0.000941 0.024725 0.039566
v 0.010054 0.025950 0.041094
v -0.078798 -0.008045 -0.064483
v -0.078437 -0.010176 -0.064149
v -0.080404 -0.009581 -0.062690
v 0.033492 0.072596 -0.142338
v 0.033602 0.057043 -0.145737
v -0.078446 -0.016113 -0.073873
v -0.074483 -0.014327 -0.075298
v -0.075441 -0.013506 -0.077480
v -0.080077 -0.014934 -0.075419
v -0.082659 -0.020050 -0.083632
v -0.081651 -0.024446 -0.079966
v -0.083555 -0.026168 -0.080332
v -0.085245 -0.021316 -0.084085
v 0.050967 0.058835 -0.133090
v 0.050479 0.072322 -0.130422
v -0.078859 0.043175 -0.096420
v -0.081631 0.032498 -0.080981
v -0.081589 0.049430 -0.085290
v -0.084257 0.018489 -0.081653
v -0.083802 0.016324 -0.083196
v -0.088262 0.016982 -0.086779
v -0.082660 0.022649 -0.066658
v -0.082341 0.020118 -0.070193
v -0.084451 0.020111 -0.069044
v -0.087387 -0.004904 -0.090942
v 0.016220 0.024866 0.037737
v 0.013220 0.023450 0.034066
v 0.058670 0.073388 -0.120785
v 0.057359 0.081906 -0.118081
v 0.049985 0.083877 -0.125280
v 0.038011 -0.061220 -0.092974
v 0.029734 -0.072819 -0.101450
v -0.081403 0.005196 -0.061097
v -0.082993 0.005384 -0.063438
v -0.004051 0.022508 0.038358
v -0.079392 -0.018050 -0.081598
v -0.002346 0.023849 0.039220
v -0.082081 -0.016891 -0.073094
v -0.083968 -0.016084 -0.075225
v -0.090697 0.018246 -0.076357
v -0.088713 0.016247 -0.073697
v -0.005179 0.021312 0.037701
v -0.005862 0.021155 0.037600
v -0.004772 0.022614 0.038181
v -0.003286 0.024083 0.039012
v -0.000289 0.024996 0.040167
v -0.001073 0.025445 0.040440
v 0.002196 0.026859 0.042164
v 0.002379 0.026006 0.041813
v 0.009754 0.026818 0.043034
v 0.009746 0.027844 0.043492
v 0.001786 0.027809 0.041583
v -0.001487 0.026042 0.039823
v 0.001260 0.028822 0.040968
v -0.001625 0.027087 0.039541
v 0.009820 0.029793 0.042398
v 0.009876 0.028978 0.043172
v -0.002330 0.018893 0.038569
v -0.004550 0.019276 0.037902
v -0.001767 0.019188 0.038545
v -0.004156 0.019551 0.037792
v -0.000417 0.019555 0.037918
v -0.004962 0.020063 0.037422
v -0.005712 0.019879 0.037433
v -0.028021 -0.111937 0.002244
v -0.027033 -0.119048 -0.002137
v 0.000530 0.019680 0.037613
v -0.005417 0.022680 0.037581
v -0.006751 0.020984 0.037233
v -0.006373 0.023217 0.036574
v -0.007388 0.021117 0.036577
v -0.004093 0.025646 0.037715
v -0.003822 0.024398 0.038070
v -0.006668 0.019747 0.037099
v -0.006066 0.019205 0.037439
v -0.007372 0.019717 0.036749
v -0.006767 0.018991 0.037158
v 0.000120 0.016093 0.040295
v -0.000139 0.015435 0.040231
v -0.003048 0.017507 0.038968
v -0.003638 0.017052 0.038723
v 0.008474 0.012736 0.041361
v 0.011817 0.012711 0.041063
v 0.008115 0.011595 0.041349
v -0.035394 -0.009113 0.053894
v -0.036116 -0.009309 0.052507
v -0.034497 -0.007775 0.051696
v -0.034284 -0.007751 0.052343
v 0.011677 0.011540 0.040955
v 0.002936 0.012113 0.041112
v 0.003485 0.013084 0.041098
v 0.018250 -0.116380 -0.009175
v 0.023610 0.014332 0.035231
v 0.024762 0.013322 0.034807
v 0.022797 0.012533 0.036255
v 0.021838 0.013830 0.036395
v 0.019863 0.013429 0.037660
v -0.035904 -0.017690 0.053440
v -0.035092 -0.016382 0.052905
v -0.036088 -0.016420 0.051742
v -0.037247 -0.017356 0.052375
v 0.020328 0.012053 0.037684
v 0.017613 0.011760 0.038988
v 0.017449 0.013035 0.039001
v 0.015230 0.012843 0.040078
v 0.015038 0.011487 0.040090
v 0.027378 0.018152 0.033092
v 0.028479 0.021642 0.032861
v 0.029287 0.017551 0.031801
v 0.031020 0.021282 0.031153
v -0.008151 0.024282 0.036349
v -0.033359 -0.007621 0.052096
v -0.032870 -0.009477 0.054983
v -0.033994 -0.009304 0.055327
v -0.033748 -0.007692 0.052309
v -0.008459 0.021463 0.036034
v -0.009929 0.025053 0.036960
v -0.010032 0.022113 0.036511
v -0.008736 0.027995 0.038225
v -0.006646 0.027161 0.037415
v -0.008195 0.019804 0.036493
v -0.007475 0.018690 0.036784
v -0.009349 0.019717 0.036550
v -0.008426 0.018217 0.036946
v -0.000654 0.014644 0.040053
v -0.001209 0.013717 0.039985
v -0.004291 0.016461 0.038713
v -0.005220 0.015630 0.038576
v 0.053411 -0.010238 -0.107508
v 0.060303 0.031575 -0.119360
v 0.023419 0.034794 0.041789
v 0.020995 0.031956 0.042151
v 0.017111 0.033178 0.043677
v 0.018886 0.036589 0.044127
v 0.026399 0.038718 0.040069
v 0.029208 0.035213 0.037733
v 0.026532 0.032424 0.039394
v 0.024019 0.030223 0.040343
v 0.029183 0.024576 0.033802
v 0.027161 0.024545 0.035063
v 0.026964 0.026352 0.036396
v 0.028925 0.027025 0.035248
v 0.031696 0.024618 0.032037
v 0.031673 0.027908 0.033696
v 0.028007 0.029507 0.037241
v 0.025727 0.028196 0.038252
v 0.030813 0.031174 0.035827
v -0.001156 0.033001 0.042161
v -0.000391 0.031447 0.041076
v -0.003051 0.029212 0.039289
v -0.004513 0.029863 0.039626
v -0.002478 0.034356 0.042864
v -0.006641 0.030761 0.040007
v 0.011622 0.037103 0.045643
v 0.010845 0.034084 0.044425
v 0.000974 0.029493 0.040401
v -0.000988 0.028168 0.039862
v 0.000641 0.029656 0.040244
v -0.001571 0.028094 0.039529
v 0.062615 0.092634 -0.098881
v 0.062296 0.098530 -0.086157
v 0.047477 0.109368 -0.095686
v 0.048998 0.102030 -0.107942
v 0.017325 0.028204 0.041539
v 0.018026 0.028710 0.041494
v 0.020768 0.027601 0.040222
v 0.020147 0.027127 0.040295
v 0.022383 0.026054 0.038716
v 0.022998 0.026550 0.038739
v 0.024459 0.025432 0.037293
v 0.023906 0.025107 0.037350
v 0.024751 0.024296 0.036291
v 0.025332 0.024323 0.035962
v -0.001546 0.029028 0.039765
v 0.000371 0.030140 0.040649
v 0.060197 0.061588 -0.121754
v 0.023018 0.073614 0.030183
v 0.031142 0.070150 0.025077
v 0.028088 0.063741 0.030258
v 0.018968 0.029803 0.042080
v 0.021916 0.028572 0.040548
v 0.024052 0.027256 0.038750
v 0.025471 0.025880 0.037172
v 0.026108 0.024889 0.036055
v 0.061365 -0.012835 -0.024824
v 0.061893 -0.012742 -0.026391
v 0.073125 -0.002610 -0.050410
v 0.070736 0.003910 -0.049843
v 0.069313 0.007349 -0.048825
v 0.071976 0.014430 -0.033844
v 0.074493 0.017452 -0.036210
v 0.075882 -0.021243 -0.042925
v 0.071850 -0.023144 -0.039917
v -0.090955 0.021319 -0.077139
v 0.075730 -0.020307 -0.043473
v 0.082411 0.013361 -0.044037
v 0.083042 0.011769 -0.045318
v 0.083870 0.011425 -0.044827
v 0.044663 -0.031774 -0.099254
v 0.050216 -0.019078 -0.104186
v 0.083489 0.010043 -0.046640
v 0.063973 -0.008124 -0.028219
v 0.074411 -0.003109 -0.050330
v 0.076455 -0.003707 -0.051716
v 0.077451 -0.008808 -0.051795
v 0.076466 -0.008265 -0.051328
v 0.076377 -0.013844 -0.050239
v 0.075499 -0.012980 -0.049930
v 0.077726 -0.017439 -0.045642
v 0.078370 -0.013059 -0.048351
v 0.075779 0.017850 -0.037369
v 0.075547 0.017079 -0.036656
v 0.076595 0.017849 -0.037649
v 0.065075 -0.009250 -0.029404
v 0.070290 0.012253 -0.034245
v 0.069707 0.010486 -0.032568
v 0.069492 0.010936 -0.033098
v 0.063917 -0.004360 -0.033594
v 0.063725 -0.003552 -0.033777
v 0.064989 -0.005819 -0.033031
v 0.066231 -0.007105 -0.030661
v 0.061037 -0.014589 -0.034037
v 0.060978 -0.015295 -0.035635
v 0.060297 -0.015997 -0.035220
v 0.079079 0.023551 -0.040406
v 0.069748 0.009505 -0.032140
v 0.071006 0.010479 -0.032269
v 0.071651 0.011593 -0.032483
v 0.077332 0.017162 -0.037663
v 0.072187 0.012475 -0.032614
v 0.071209 0.012564 -0.033000
v 0.072688 0.014123 -0.033561
v 0.070630 0.012681 -0.033505
v 0.068588 -0.012052 -0.046290
v 0.067204 -0.012115 -0.044541
v 0.062963 0.007269 -0.024980
v 0.063935 0.005278 -0.026658
v 0.070455 -0.023894 -0.037960
v 0.069038 0.013103 -0.043178
v 0.070674 0.016118 -0.045049
v 0.080466 -0.008984 -0.049153
v 0.071774 -0.015321 -0.041367
v 0.069451 -0.016272 -0.040528
v 0.074251 -0.013946 -0.042282
v 0.076564 -0.011392 -0.043275
v 0.067203 0.003621 -0.037000
v 0.077387 0.007835 -0.040890
v 0.078001 0.005668 -0.042055
v 0.075772 0.008012 -0.039880
v 0.071634 0.019380 -0.043451
v 0.071366 0.019060 -0.040832
v 0.068464 0.016027 -0.042545
v 0.071024 0.017191 -0.040229
v 0.062841 -0.011287 -0.033260
v 0.061223 -0.016749 -0.037534
v 0.063592 -0.015510 -0.038415
v 0.062449 -0.017351 -0.038305
v 0.064320 -0.016474 -0.039576
v 0.064852 -0.015237 -0.040950
v 0.065565 -0.013564 -0.041959
v 0.066903 -0.011723 -0.041618
v 0.062746 -0.007279 -0.033799
v 0.069012 0.019477 -0.031718
v 0.062293 -0.009064 -0.033976
v 0.064142 -0.005646 -0.033330
v 0.064000 -0.007357 -0.033056
v 0.063471 -0.009234 -0.032975
v 0.066546 -0.019094 -0.034930
v 0.067177 -0.017598 -0.037289
v 0.065403 -0.018506 -0.034446
v 0.068036 -0.017116 -0.039302
v 0.064344 -0.018102 -0.034187
v 0.070561 0.013973 -0.042277
v 0.071450 0.016818 -0.042111
v 0.060816 -0.009457 -0.023255
v 0.044100 -0.001753 0.024008
v 0.046604 0.007704 0.018556
v 0.002480 -0.049715 0.038855
v 0.001615 -0.052675 0.039205
v 0.034004 -0.012012 0.036607
v 0.028760 -0.014810 0.040528
v -0.000978 -0.044526 0.049582
v -0.001915 -0.045156 0.049571
v -0.002890 -0.044521 0.049691
v -0.001970 -0.044380 0.049448
v -0.003797 -0.043645 0.048037
v -0.002707 -0.044065 0.047300
v -0.002823 -0.044045 0.048553
v -0.003839 -0.043630 0.049168
v 0.002177 -0.029824 0.050907
v 0.006144 -0.025685 0.050239
v 0.009320 -0.030055 0.049642
v 0.005648 -0.033473 0.050472
v 0.000245 -0.046643 0.040707
v 0.000088 -0.045079 0.041032
v -0.001150 -0.044679 0.043616
v -0.001192 -0.045385 0.043351
v 0.000170 -0.047658 0.040771
v -0.001370 -0.045735 0.043364
v 0.002462 -0.048011 0.038713
v 0.002177 -0.045437 0.038810
v 0.008614 -0.050696 0.047468
v 0.004748 -0.048566 0.048445
v 0.005656 -0.045560 0.048943
v 0.009541 -0.046240 0.048017
v -0.001114 -0.017866 0.049473
v 0.002723 -0.021488 0.050090
v -0.000399 -0.026052 0.050497
v -0.004347 -0.021571 0.049560
v -0.008135 -0.017021 0.049170
v -0.005131 -0.013751 0.048739
v -0.010768 -0.009059 0.051919
v -0.010297 -0.012780 0.053350
v -0.011497 -0.013885 0.056586
v -0.010984 -0.011644 0.055481
v -0.012843 -0.018025 0.054911
v -0.009864 -0.015028 0.051898
v -0.016848 -0.019385 0.054779
v -0.039598 -0.016880 0.052482
v -0.038336 -0.015210 0.052120
v -0.038901 -0.014702 0.053635
v -0.041146 -0.015755 0.053770
v -0.017228 -0.018871 0.055721
v -0.012406 -0.018399 0.053416
v -0.033857 -0.015620 0.061601
v -0.034872 -0.013573 0.061299
v -0.033633 -0.014750 0.059516
v -0.033497 -0.016648 0.059168
v -0.011768 -0.019323 0.051557
v -0.016101 -0.019969 0.053719
v -0.017961 -0.018081 0.056476
v -0.015097 -0.017694 0.056975
v -0.036673 -0.013179 0.060141
v -0.038881 -0.013105 0.061598
v -0.040259 -0.013219 0.059467
v -0.037834 -0.013644 0.058288
v -0.033010 -0.013288 0.055203
v -0.034210 -0.015238 0.056131
v -0.032902 -0.012512 0.058275
v -0.038216 -0.012687 0.052330
v -0.037788 -0.013623 0.051345
v -0.035970 -0.010313 0.051497
v -0.036153 -0.009968 0.051267
v -0.013875 -0.015425 0.058661
v -0.025593 -0.016620 0.063125
v -0.024829 -0.015230 0.065308
v -0.017389 0.014054 0.049429
v -0.014157 0.010477 0.047174
v -0.017706 0.011435 0.051667
v -0.014607 0.008189 0.049264
v -0.015122 -0.013051 0.061820
v -0.013483 -0.011240 0.060621
v -0.018243 -0.011854 0.064958
v -0.017328 -0.009224 0.064817
v -0.021611 0.029012 0.047672
v -0.026737 -0.020387 0.058775
v -0.026299 -0.021010 0.058400
v -0.027293 -0.019014 0.060301
v 0.031951 0.095076 -0.129911
v 0.030319 0.107349 -0.118851
v 0.025000 0.120345 -0.096321
v 0.020366 0.124505 -0.084583
v -0.023176 -0.037507 0.059859
v -0.023462 -0.034761 0.059846
v -0.012992 -0.042559 0.045766
v -0.018539 -0.042695 0.045992
v -0.019296 -0.043657 0.048924
v -0.013751 -0.043861 0.048833
v -0.009821 -0.043770 0.047994
v -0.008605 -0.042521 0.044955
v -0.012305 -0.041075 0.043376
v -0.017916 -0.041179 0.043182
v -0.015453 -0.044772 0.054162
v -0.020956 -0.044419 0.055003
v -0.021826 -0.042678 0.057417
v -0.016144 -0.043114 0.056142
v -0.008856 -0.023490 0.051015
v -0.013331 -0.022989 0.052662
v -0.018036 -0.022975 0.055328
v -0.021690 -0.023171 0.057275
v -0.022459 -0.021150 0.057312
v -0.019625 -0.020588 0.055683
v -0.022896 -0.020329 0.057480
v -0.020249 -0.019890 0.056087
v -0.020511 -0.019248 0.056563
v -0.020153 -0.018368 0.056921
v -0.022046 -0.018335 0.057790
v -0.021560 -0.017650 0.057739
v -0.023049 -0.019623 0.057770
v -0.025071 0.006164 0.063439
v -0.024562 0.009578 0.060498
v -0.018553 -0.033214 0.058900
v -0.023473 -0.032600 0.059302
v -0.024243 -0.028484 0.058366
v -0.019720 -0.028649 0.057940
v -0.014786 -0.029453 0.056422
v -0.013184 -0.034879 0.057319
v -0.025835 -0.021781 0.058156
v -0.018237 -0.035530 0.059117
v -0.017790 -0.038069 0.058888
v -0.012731 -0.037247 0.057426
v -0.012396 -0.039492 0.057030
v -0.007963 -0.037236 0.055135
v -0.009010 -0.031300 0.054635
v -0.002740 -0.033287 0.052666
v -0.003529 -0.039642 0.052958
v 0.005191 -0.042618 0.049731
v 0.000536 -0.044801 0.049595
v 0.000378 -0.043618 0.050013
v -0.000078 -0.042535 0.050749
v 0.004314 -0.039634 0.050585
v 0.008846 -0.041914 0.048873
v 0.007746 -0.037548 0.049740
v 0.001965 -0.036496 0.051542
v -0.001134 -0.041251 0.051612
v -0.000960 -0.043876 0.050075
v -0.001884 -0.044119 0.049734
v -0.001441 -0.043341 0.050692
v -0.002264 -0.043924 0.050271
v -0.002211 -0.042722 0.051462
v -0.002964 -0.043707 0.050916
v -0.004343 -0.043140 0.051922
v -0.003904 -0.041674 0.052627
v -0.003516 -0.044531 0.048227
v -0.004813 -0.044798 0.048862
v -0.005076 -0.044766 0.049987
v -0.003810 -0.044631 0.049118
v -0.002654 -0.044360 0.047638
v -0.003090 -0.044429 0.048690
v -0.001660 -0.044391 0.044122
v -0.002525 -0.044123 0.044561
v -0.059583 -0.084534 -0.034225
v -0.064128 -0.082273 -0.050171
v -0.002203 -0.044163 0.047272
v -0.002348 -0.044231 0.048194
v -0.002688 -0.044190 0.049275
v -0.002866 -0.044263 0.049560
v -0.003543 -0.044329 0.050088
v -0.004783 -0.044199 0.050941
v -0.012122 -0.041591 0.056000
v -0.008162 -0.041291 0.054609
v -0.008153 -0.043040 0.053420
v -0.011820 -0.043808 0.054330
v -0.008159 -0.044418 0.052083
v -0.007445 -0.041126 0.042541
v -0.011434 -0.044976 0.052478
v -0.004325 -0.042785 0.043236
v -0.002833 -0.041637 0.040999
v -0.005842 -0.043853 0.046214
v -0.000414 -0.044115 0.041597
v -0.001168 -0.043437 0.041822
v 0.001517 -0.043716 0.039160
v 0.000466 -0.042540 0.039682
v -0.007814 -0.044951 0.050596
v -0.008001 -0.039439 0.055116
v -0.017120 -0.040538 0.057757
v -0.022556 -0.040021 0.058801
v -0.057345 0.005393 0.027933
v -0.056911 0.002578 0.029226
v -0.053041 0.003880 0.031025
v -0.053624 0.006318 0.029797
v -0.025628 -0.001540 0.070015
v -0.025297 0.002685 0.066527
v -0.003583 -0.043936 0.049694
v -0.006315 -0.124761 -0.001146
v -0.080918 -0.007632 -0.061919
v -0.080370 -0.006922 -0.060802
v -0.083496 0.013818 -0.084778
v -0.000426 -0.045908 0.049403
v -0.000400 -0.049816 0.040901
v -0.002159 -0.046615 0.043689
v 0.005586 -0.055089 0.047475
v 0.000117 -0.058424 0.049137
v -0.002064 -0.054375 0.050157
v 0.002316 -0.051774 0.048599
v -0.005317 -0.048502 0.051706
v -0.002224 -0.047000 0.050158
v -0.087461 0.016017 -0.082252
v -0.003654 -0.045707 0.050615
v -0.006669 -0.046323 0.052326
v -0.007561 -0.044586 0.052689
v -0.004618 -0.044551 0.050732
v -0.009212 -0.042310 0.051832
v -0.013936 -0.041515 0.053332
v -0.013337 -0.045990 0.048500
v -0.008486 -0.046493 0.047162
v -0.003664 -0.046579 0.044904
v -0.005217 -0.043184 0.048980
v -0.084922 0.020007 -0.079815
v -0.085463 0.021484 -0.075127
v -0.083954 0.020251 -0.073988
v -0.083334 0.018518 -0.077872
v -0.008822 -0.042341 0.052364
v -0.005393 -0.043061 0.050188
v -0.013611 -0.041634 0.054457
v 0.005381 -0.121402 -0.004015
v -0.005063 -0.043570 0.050622
v -0.008271 -0.043034 0.052524
v -0.013093 -0.042637 0.055044
v -0.012307 -0.044690 0.055457
v -0.011479 -0.047056 0.055528
v -0.010544 -0.049946 0.054809
v -0.007913 -0.057280 0.052693
v -0.006248 -0.062257 0.051823
v -0.014652 -0.058725 0.054499
v -0.013451 -0.063900 0.054478
v -0.016226 -0.050986 0.057323
v -0.016912 -0.047489 0.058497
v -0.017510 -0.044658 0.058116
v -0.017972 -0.042341 0.057247
v -0.025158 -0.023429 0.057943
v -0.023484 -0.018158 0.058786
v -0.024973 -0.017533 0.060647
v -0.022708 -0.013663 0.066551
v -0.027830 -0.018015 0.062536
v -0.019983 -0.012058 0.066447
v -0.021941 -0.012515 0.067600
v -0.021500 -0.010885 0.068521
v -0.020140 -0.010276 0.067585
v -0.023602 -0.013106 0.068617
v -0.022440 -0.011081 0.069418
v -0.027800 -0.014295 0.069728
v -0.027181 -0.010856 0.072027
v -0.026085 -0.005160 0.072013
v -0.026783 -0.008574 0.072592
v -0.021078 -0.009261 0.069167
v -0.019558 -0.007429 0.067736
v -0.091539 0.015776 -0.081303
v -0.018984 -0.004377 0.065706
v -0.016341 -0.006582 0.062542
v 0.002701 0.129420 -0.043455
v -0.018465 -0.041074 0.056326
v -0.018999 -0.040896 0.054535
v -0.079186 -0.020665 -0.063234
v -0.085217 0.005793 -0.076676
v -0.012149 -0.056553 0.042014
v -0.012570 -0.051926 0.044261
v -0.017618 -0.052024 0.044798
v -0.085468 0.021925 -0.072540
v -0.088399 0.023160 -0.073740
v -0.017292 -0.056584 0.042772
v -0.023102 -0.040474 0.054780
v -0.087933 -0.004830 -0.086230
v -0.091773 0.014471 -0.083209
v -0.090589 0.012888 -0.081910
v -0.087671 0.014143 -0.068285
v -0.077459 -0.010816 -0.079138
v -0.083436 -0.010769 -0.077833
v -0.081957 -0.013406 -0.076706
v -0.076778 -0.012681 -0.078540
v -0.078249 0.001202 -0.071492
v -0.022135 -0.045333 0.049137
v -0.018292 -0.045487 0.049148
v -0.023181 -0.040801 0.056604
v -0.022940 -0.042141 0.057877
v -0.022676 -0.044581 0.059098
v -0.021381 -0.052018 0.044679
v -0.020997 -0.056868 0.042720
v -0.078810 -0.016033 -0.053634
v -0.002248 -0.051139 0.041769
v -0.082758 -0.026063 -0.069685
v -0.083011 -0.025002 -0.072317
v -0.024023 -0.032568 -0.123698
v -0.026116 -0.021500 -0.130819
v -0.089554 -0.005188 -0.089723
v -0.001178 -0.054908 0.039871
v -0.007349 -0.052263 0.043465
v -0.006527 -0.055877 0.041383
v -0.020595 -0.064099 0.056149
v -0.021305 -0.059107 0.055519
v -0.022200 -0.047792 0.059463
v -0.022061 -0.051647 0.058140
v 0.028149 0.115030 -0.108144
v 0.046238 0.076101 0.004154
v 0.043283 0.069559 0.011755
v -0.085976 0.018392 -0.075600
v 0.035340 0.076787 0.017374
v 0.038430 0.082072 0.010439
v 0.048508 0.084103 -0.003830
v 0.040562 0.088855 0.002853
v 0.035565 0.121671 -0.056665
v 0.033261 0.120944 -0.042547
v 0.013882 0.126871 -0.042470
v 0.033289 0.121777 -0.071402
v 0.047227 0.113626 -0.078089
v 0.045533 0.116235 -0.058604
v 0.042412 0.115957 -0.043594
v -0.080724 -0.021031 -0.064754
v -0.081299 -0.026261 -0.062617
v -0.080270 -0.025655 -0.060611
v -0.083078 0.008615 -0.073014
v 0.029868 -0.084686 -0.102720
v 0.060717 0.044204 -0.120757
v 0.038389 0.114854 -0.030294
v 0.029850 0.119035 -0.029142
v 0.026880 0.115875 -0.017058
v 0.034765 0.112493 -0.019042
v 0.010840 0.124349 -0.028317
v -0.000337 0.126519 -0.028687
v 0.030128 0.007504 -0.140653
v -0.023972 0.012965 0.057794
v 0.046922 -0.048153 -0.081873
v 0.052458 -0.048369 -0.062522
v 0.050383 -0.100978 -0.039300
v 0.061733 -0.025501 -0.041090
v 0.061419 -0.024712 -0.041808
v 0.050974 -0.063571 -0.043155
v 0.051993 -0.049305 -0.043945
v 0.040036 -0.047067 -0.095260
v 0.072040 -0.014349 -0.049879
v 0.072924 -0.010670 -0.050591
v 0.073475 -0.015363 -0.049215
v 0.074338 -0.011368 -0.050222
v 0.074656 -0.007143 -0.050582
v 0.074123 -0.017184 -0.048181
v 0.071114 0.018783 -0.039012
v 0.072381 0.020216 -0.037423
v -0.078740 -0.016715 -0.081403
v -0.078456 -0.014472 -0.082576
v 0.060407 -0.027191 -0.037132
v 0.060576 -0.026402 -0.038781
v -0.069414 -0.005144 -0.067399
v 0.059760 -0.026756 -0.038219
v 0.059383 -0.027285 -0.036910
v 0.059971 -0.028194 -0.035579
v 0.059058 -0.027954 -0.035844
v 0.069204 0.035864 -0.032455
v 0.058665 -0.027174 -0.039606
v 0.060494 -0.025116 -0.041631
v 0.060359 -0.025789 -0.040152
v 0.059562 -0.026622 -0.038964
v 0.059064 -0.027805 -0.037053
v 0.058729 -0.028782 -0.035416
v 0.059088 -0.029417 -0.034713
v -0.081157 -0.022808 -0.079352
v -0.078934 -0.027614 -0.072834
v -0.063854 -0.078828 -0.064856
v -0.058306 -0.075941 -0.079658
v -0.059708 -0.087541 -0.077769
v -0.064415 -0.091579 -0.063378
v -0.079706 -0.002616 -0.054798
v -0.079255 -0.009224 -0.057312
v -0.079440 -0.010589 -0.055515
v 0.074684 -0.018421 -0.048382
v 0.065561 -0.028730 -0.038617
v -0.040803 -0.102793 -0.006326
v -0.036936 -0.114937 -0.009850
v 0.070556 0.012598 -0.044447
v 0.070711 0.010765 -0.046087
v 0.073458 0.012155 -0.046697
v 0.073234 0.014227 -0.045327
v 0.060916 -0.009373 -0.093313
v 0.064344 0.001596 -0.097886
v 0.017569 -0.082492 -0.109844
v 0.017413 -0.069818 -0.109763
v 0.075909 0.033957 -0.079944
v 0.070450 0.014072 -0.043135
v 0.073227 0.015877 -0.043976
v 0.073375 -0.006610 -0.050711
v 0.068358 0.014065 -0.043900
v 0.068765 0.012382 -0.045226
v 0.074804 0.017395 -0.045175
v 0.074836 0.015491 -0.046613
v 0.074904 0.013214 -0.047970
v 0.069169 0.010475 -0.046596
v -0.079494 -0.015575 -0.049840
v -0.081179 -0.016213 -0.038044
v -0.082400 -0.000531 -0.038674
v -0.080082 -0.005864 -0.049209
v 0.071744 0.017861 -0.045159
v 0.076129 0.064232 -0.055846
v 0.078023 0.058478 -0.069817
v 0.073573 0.081073 -0.059999
v 0.075537 0.076171 -0.075209
v 0.074158 0.070340 -0.091773
v 0.076380 0.051609 -0.086495
v 0.071123 0.018982 -0.039488
v 0.073233 0.021258 -0.037605
v 0.050592 0.090614 -0.011451
v 0.057067 0.085791 -0.017562
v 0.042168 0.094802 -0.004220
v 0.043354 0.100152 -0.010911
v 0.051371 0.096803 -0.018472
v 0.060900 0.090219 -0.028948
v 0.072261 0.054917 -0.041250
v 0.071679 0.069520 -0.042302
v 0.066030 0.073409 -0.029581
v -0.077602 0.030458 0.000255
v -0.078507 0.031025 -0.004509
v -0.078990 0.021566 -0.004652
v -0.077494 0.022786 -0.000433
v 0.068524 0.085830 -0.045057
v 0.058019 0.099337 -0.036102
v 0.064536 0.095835 -0.049735
v 0.051835 0.107777 -0.041336
v 0.056819 0.105963 -0.055331
v 0.059811 0.103424 -0.071094
v 0.069139 0.091989 -0.064319
v 0.050769 0.102331 -0.024951
v 0.042847 0.104987 -0.016622
v 0.046481 0.108701 -0.029422
v 0.041505 0.109039 -0.021581
v 0.062626 0.074950 -0.022922
v 0.053726 -0.033227 -0.036258
v 0.055169 -0.033950 -0.030701
v -0.041731 0.087300 0.024995
v -0.032220 0.088429 0.029323
v -0.031244 0.095605 0.023248
v -0.040905 0.094377 0.018585
v 0.057859 -0.023362 -0.021706
v -0.027083 -0.013148 -0.135153
v -0.027896 -0.002568 -0.139918
v -0.007364 -0.005308 -0.142860
v -0.007371 -0.015072 -0.137732
v 0.050525 0.000929 0.012571
v 0.051021 0.013517 0.009758
v 0.056062 0.005725 0.000199
v 0.054058 -0.009060 0.001805
v -0.036778 0.111563 -0.003187
v -0.026995 0.113145 0.001541
v -0.025145 0.118293 -0.008314
v -0.035156 0.116446 -0.012734
v -0.073712 0.002886 0.014891
v -0.075894 -0.002977 0.014892
v -0.072903 -0.003400 0.019156
v -0.071043 0.002517 0.018427
v 0.050066 0.027339 0.007533
v 0.055560 0.019902 -0.001806
v 0.056748 0.034648 -0.003886
v 0.050703 0.042005 0.006954
v 0.068499 0.065007 -0.108442
v 0.070173 0.048197 -0.106108
v -0.081743 -0.030444 -0.059646
v -0.080957 -0.029567 -0.058231
v 0.070111 0.035418 -0.104214
v 0.025786 0.057939 0.033913
v -0.022992 0.122735 -0.019882
v -0.033321 0.120712 -0.023938
v 0.032791 0.086215 -0.136129
v 0.026433 0.080927 0.023067
v 0.061177 0.085280 -0.110269
v 0.005018 -0.068248 -0.113887
v 0.049689 0.091335 -0.119354
v 0.071307 0.087298 -0.079327
v 0.070723 0.082170 -0.093265
v 0.065701 0.075950 -0.109463
v 0.068552 0.019202 -0.102438
v 0.033786 0.108440 -0.011473
v 0.034830 0.024469 0.029466
v 0.034208 0.019903 0.028631
v 0.034814 0.029284 0.030846
v 0.032170 0.015066 0.030082
v -0.010459 0.007135 0.045693
v -0.011192 0.005094 0.047511
v -0.011925 0.002617 0.049387
v -0.007452 0.002375 0.046278
v -0.008407 -0.000520 0.047966
v -0.016016 0.003008 0.053813
v -0.015196 0.005601 0.051492
v -0.012943 0.000180 0.051105
v -0.013676 -0.002819 0.052766
v -0.016529 0.000084 0.056089
v -0.008985 -0.015042 0.049928
v -0.007763 -0.010338 0.048788
v -0.010684 -0.006361 0.050061
v -0.004456 -0.003309 0.047477
v -0.005948 -0.006514 0.048432
v -0.009587 -0.003144 0.049122
v -0.002965 -0.000155 0.045775
v -0.013262 -0.006166 0.055274
v -0.012682 -0.009403 0.058490
v -0.016698 -0.003278 0.059265
v -0.018928 -0.001094 0.062288
v -0.018777 0.002429 0.059075
v -0.006500 0.004568 0.044683
v -0.001592 0.002341 0.044438
v -0.002235 -0.009755 0.048815
v 0.002307 -0.012830 0.049507
v 0.000219 -0.005652 0.047609
v 0.004503 -0.008142 0.048082
v 0.001660 -0.002301 0.046076
v 0.006141 -0.004542 0.046471
v 0.006405 -0.016735 0.049923
v 0.010171 -0.020647 0.049710
v 0.013684 -0.026184 0.048753
v 0.013420 -0.015618 0.048360
v 0.017510 -0.020986 0.047279
v 0.015688 -0.010459 0.046618
v 0.020502 -0.015667 0.045583
v -0.036788 0.012852 0.039631
v -0.036566 0.014700 0.036834
v -0.040005 0.011192 0.034956
v -0.040068 0.009248 0.037172
v -0.032349 0.061101 0.041419
v -0.032735 0.068776 0.038554
v -0.041323 0.068602 0.035307
v -0.040499 0.061059 0.038691
v 0.009205 -0.011363 0.048414
v 0.011178 -0.007362 0.046725
v 0.007660 -0.001040 0.044879
v 0.003199 0.000772 0.044643
v 0.017389 0.000110 0.043099
v 0.016943 -0.005238 0.044887
v 0.012354 -0.002991 0.044977
v 0.013168 0.001353 0.043358
v 0.022448 -0.008875 0.043898
v 0.022352 -0.001497 0.042386
v 0.021698 0.003285 0.040670
v 0.007240 0.009657 0.041728
v 0.002168 0.010332 0.041373
v 0.010982 0.009419 0.041494
v 0.017384 0.003940 0.041644
v 0.013751 0.004621 0.042255
v 0.026689 0.010500 0.035018
v 0.024063 0.009692 0.036854
v 0.017659 0.009159 0.039926
v 0.014530 0.009210 0.040871
v 0.020984 0.009333 0.038522
v -0.002322 0.011908 0.040349
v -0.006956 0.013949 0.039315
v 0.050713 -0.061592 -0.059879
v -0.018674 0.005603 0.056603
v -0.018198 0.008537 0.054020
v -0.009485 0.031214 0.040912
v -0.011615 0.028401 0.039552
v -0.018160 0.028809 0.045546
v -0.006021 0.035379 0.044253
v -0.010110 0.016717 0.038540
v -0.044360 0.008736 0.033041
v -0.043850 0.006767 0.034742
v -0.011844 0.019327 0.038069
v -0.012711 0.022067 0.038059
v -0.012920 0.025380 0.038501
v -0.029964 0.101979 0.016748
v -0.039710 0.100684 0.011893
v -0.022787 0.127261 -0.073063
v -0.024904 0.127348 -0.064821
v -0.013858 0.130072 -0.063027
v -0.012441 0.129355 -0.075600
v 0.004895 0.048676 0.047923
v 0.001194 0.042126 0.048964
v 0.038624 0.062888 0.020267
v 0.043009 0.054556 0.017170
v 0.027811 0.044048 0.036960
v 0.031424 0.039827 0.034534
v 0.033822 0.034665 0.032368
v 0.045295 0.043052 0.014794
v 0.045849 0.030509 0.014407
v 0.046574 0.018744 0.015704
v -0.066145 0.000330 -0.107351
v -0.072072 -0.001319 -0.092782
v -0.074569 0.010679 -0.094500
v -0.069457 0.016813 -0.110484
v 0.030826 0.092831 0.009413
v -0.049391 -0.096251 -0.018459
v -0.046493 -0.108544 -0.021296
v 0.004968 -0.081403 -0.113755
v 0.032103 0.098599 0.002596
v 0.028967 0.086653 0.016405
v 0.024695 0.111672 -0.007820
v 0.023097 0.107125 0.000506
v 0.033117 0.103836 -0.004297
v 0.022105 0.101863 0.007821
v 0.021103 0.096111 0.014630
v 0.019250 0.090042 0.021661
v 0.017162 0.084044 0.028200
v 0.014311 0.075757 0.034597
v 0.045652 -0.060680 -0.079792
v -0.020763 -0.007519 0.054127
v -0.021265 -0.007611 0.054495
v -0.072184 0.052430 0.008807
v -0.073197 0.057481 0.004249
v -0.075737 0.050495 -0.000100
v -0.074738 0.046458 0.004914
v -0.020951 -0.007541 0.053888
v -0.021535 -0.007578 0.054285
v -0.021229 -0.007952 0.054459
v -0.021812 -0.016056 0.057023
v -0.022584 -0.014078 0.055880
v -0.022002 -0.010376 0.055253
v 0.057783 -0.029918 -0.024185
v -0.031587 0.048705 0.044961
v -0.038802 0.048597 0.042875
v -0.037084 0.042494 0.043478
v -0.031042 0.042444 0.045489
v -0.077543 0.015267 0.000173
v -0.079712 0.012427 -0.003020
v -0.079966 0.004440 0.002185
v -0.077344 0.008219 0.004653
v -0.075515 0.003995 0.011336
v -0.078005 -0.001627 0.010757
v -0.041980 0.077898 0.031247
v -0.032723 0.078600 0.034867
v -0.077414 0.041253 -0.003335
v -0.076605 0.038818 0.001958
v -0.034618 0.016233 0.042501
v -0.034565 0.017680 0.038916
v -0.032653 0.022052 0.041631
v -0.030108 0.021782 0.048037
v -0.029636 0.025743 0.046304
v -0.032172 0.025628 0.042296
v -0.056416 0.060543 0.028089
v -0.057297 0.067422 0.024281
v -0.063520 0.066003 0.017373
v -0.062673 0.059528 0.021337
v -0.038334 0.106273 0.004818
v -0.028555 0.107685 0.009663
v -0.029935 0.034977 0.045141
v -0.033977 0.035103 0.042450
v -0.032851 0.031482 0.041941
v -0.029718 0.031676 0.045102
v -0.048522 0.005066 0.032857
v -0.049078 0.007247 0.031580
v -0.071736 -0.030243 -0.062755
v -0.073685 -0.031291 -0.061971
v -0.081277 0.015340 -0.051887
v -0.080239 0.004717 -0.049975
v -0.082501 0.012702 -0.039702
v -0.082202 0.025664 -0.042008
v -0.083653 0.037649 -0.045890
v -0.083755 0.046005 -0.051078
v -0.083526 0.029741 -0.058431
v -0.082550 0.024292 -0.054482
v -0.052993 -0.084678 -0.090153
v -0.049712 -0.074269 -0.092926
v -0.030854 0.018761 0.050881
v -0.031375 0.015775 0.053495
v -0.006902 0.036815 -0.153906
v -0.006862 0.023250 -0.152084
v -0.028338 0.027169 -0.147858
v -0.028204 0.040098 -0.149157
v -0.063859 -0.010362 -0.103162
v -0.070000 -0.010100 -0.089845
v -0.037630 -0.011856 0.054183
v -0.034151 -0.007629 0.051063
v -0.035091 -0.010609 0.052085
v -0.034281 -0.007645 0.051128
v -0.038688 -0.014130 0.056045
v -0.041426 -0.013971 0.056775
v -0.035324 -0.014723 0.051364
v -0.034490 -0.014663 0.051987
v -0.034518 -0.010388 0.052420
v -0.034449 -0.007599 0.051101
v -0.031660 -0.017014 0.064459
v -0.032716 -0.015367 0.067165
v -0.036155 -0.014025 0.065205
v -0.034305 -0.015688 0.063560
v -0.033563 -0.007546 0.052074
v -0.033022 -0.010103 0.053800
v -0.033880 -0.011724 0.059386
v -0.034715 -0.009133 0.054917
v -0.034014 -0.007694 0.052371
v -0.035515 -0.011386 0.058128
v -0.034223 -0.017251 0.056536
v -0.036632 -0.011493 0.056333
v -0.080948 -0.017787 -0.071494
v -0.066803 -0.064324 -0.045560
v -0.069000 -0.049879 -0.054198
v -0.067186 -0.050503 -0.059620
v -0.065866 -0.066083 -0.054876
v -0.084202 0.008144 -0.074426
v -0.080844 0.057354 -0.019587
v -0.080261 0.068888 -0.029141
v -0.083024 0.057534 -0.041765
v -0.083464 0.047009 -0.036747
v -0.079008 0.078692 -0.037157
v -0.081967 0.068279 -0.048899
v -0.083018 0.056363 -0.059051
v -0.082445 0.035798 -0.072673
v -0.064228 0.017599 0.021454
v -0.064440 0.017430 0.021543
v -0.063150 0.017165 0.023115
v -0.063182 0.017273 0.022968
v -0.063674 0.017746 0.020937
v -0.062508 0.017166 0.022265
v -0.064415 0.018172 0.019797
v -0.065002 0.017878 0.020214
v -0.065217 0.017664 0.020262
v -0.047548 0.018573 0.028171
v -0.048182 0.018647 0.027565
v -0.050874 0.017765 0.027135
v -0.050326 0.017893 0.028324
v -0.047366 0.018333 0.028586
v -0.050309 0.017611 0.028686
v -0.050158 0.020473 0.021428
v -0.049572 0.020824 0.021461
v -0.051000 0.020130 0.021332
v -0.045157 0.020652 0.026396
v -0.045379 0.021803 0.026434
v -0.049313 0.021923 0.021541
v -0.049182 0.021186 0.021451
v -0.045601 0.020002 0.026610
v -0.043942 0.019895 0.026898
v -0.042838 0.020347 0.026586
v -0.043005 0.021934 0.026853
v -0.055479 0.016585 0.027660
v -0.055663 0.015838 0.027659
v -0.051014 0.016187 0.028822
v -0.050622 0.017031 0.028827
v -0.055276 0.017029 0.027558
v -0.058496 0.017117 0.025991
v -0.058574 0.016667 0.026086
v -0.058665 0.015922 0.026058
v -0.047660 0.017126 0.029244
v -0.047519 0.017980 0.028958
v -0.058667 0.015249 0.026055
v -0.055848 0.015191 0.027527
v -0.051188 0.015542 0.028740
v -0.047647 0.016704 0.029326
v -0.044731 0.017968 0.029214
v -0.045892 0.018154 0.029047
v -0.055848 0.014416 0.027355
v -0.055768 0.013591 0.027266
v -0.051094 0.013972 0.028765
v -0.051190 0.014788 0.028696
v -0.058625 0.014474 0.025764
v -0.058567 0.013596 0.025637
v -0.066000 0.017694 0.018383
v -0.066355 0.018169 0.017409
v -0.066322 0.017603 0.017501
v -0.066070 0.017201 0.018023
v -0.068054 0.014929 0.014292
v -0.068833 0.016269 0.013320
v -0.070009 0.015652 0.011456
v -0.069213 0.014143 0.012964
v -0.076790 0.005605 0.007726
v -0.071417 0.011301 0.011854
v -0.072300 0.012759 0.009499
v -0.065641 0.017514 0.019244
v -0.065181 0.017263 0.020268
v -0.065634 0.017836 0.019257
v -0.065930 0.018140 0.018265
v -0.065738 0.016844 0.018895
v -0.065197 0.016617 0.020051
v -0.064454 0.017098 0.021528
v -0.064462 0.016382 0.021411
v -0.063126 0.016115 0.023043
v -0.063073 0.016865 0.023133
v -0.061201 0.016746 0.024559
v -0.061502 0.017139 0.024362
v -0.061262 0.015966 0.024485
v -0.063172 0.015449 0.022774
v -0.061320 0.015291 0.024346
v -0.064404 0.015698 0.021043
v -0.065201 0.016034 0.019616
v -0.065783 0.016373 0.018384
v -0.066287 0.016748 0.017481
v -0.066635 0.017374 0.016846
v -0.066000 0.015808 0.017723
v -0.066487 0.015062 0.016785
v -0.065512 0.014590 0.018359
v -0.065290 0.015425 0.019087
v -0.066670 0.016300 0.016670
v -0.067264 0.015663 0.015534
v -0.064448 0.015107 0.020540
v -0.064427 0.014334 0.020066
v -0.062973 0.013974 0.022015
v -0.063105 0.014765 0.022446
v -0.060892 0.014670 0.024079
v -0.060890 0.013765 0.023702
v -0.055208 0.017107 0.027385
v -0.054708 0.017174 0.026166
v -0.057970 0.016993 0.024871
v -0.058532 0.017132 0.025769
v -0.061561 0.017135 0.024229
v -0.060707 0.016924 0.023582
v -0.057548 0.016875 0.023885
v -0.054998 0.019291 0.020259
v -0.056110 0.019320 0.019648
v -0.060066 0.016896 0.022635
v -0.054592 0.017193 0.025000
v -0.053604 0.019433 0.020818
v -0.051388 0.017964 0.025760
v -0.052165 0.019764 0.021145
v -0.048785 0.018676 0.026620
v -0.056502 0.030045 0.027108
v -0.056490 0.030234 0.027578
v -0.061494 0.029538 0.025509
v -0.061025 0.029203 0.025279
v -0.042417 0.000667 -0.132183
v -0.042597 0.015588 -0.137786
v -0.028595 0.011207 -0.144843
v -0.063431 0.026734 0.023844
v -0.063355 0.027704 0.023630
v -0.065360 0.026475 0.021428
v -0.065235 0.025540 0.021562
v -0.063541 0.025678 0.024171
v -0.065087 0.024404 0.021847
v -0.061214 0.026940 0.026559
v -0.061155 0.028063 0.026179
v -0.060987 0.028898 0.025730
v -0.063524 0.022935 0.018162
v -0.062955 0.023883 0.018999
v -0.063867 0.023692 0.020164
v -0.064616 0.022898 0.018750
v -0.064022 0.022258 0.017464
v -0.065031 0.022158 0.017821
v -0.058532 0.022113 0.016997
v -0.058266 0.022478 0.017356
v -0.057855 0.022918 0.017909
v -0.058679 0.021770 0.016806
v -0.058778 0.021390 0.016723
v -0.058776 0.021011 0.016766
v -0.058697 0.020687 0.016944
v -0.079583 -0.009901 0.008019
v -0.079304 0.000624 0.006532
v -0.081029 -0.007238 0.003152
v -0.065376 0.018133 0.019157
v -0.065709 0.018502 0.018187
v -0.064768 0.018455 0.018872
v -0.065117 0.018817 0.018095
v -0.066073 0.019079 0.017235
v -0.066385 0.018786 0.017122
v -0.062859 0.017784 0.020353
v -0.057855 0.019638 0.018434
v -0.058233 0.019902 0.017962
v -0.063422 0.018389 0.019348
v -0.061755 0.017162 0.021386
v -0.057191 0.019413 0.019003
v -0.058404 0.020162 0.017605
v -0.058562 0.020403 0.017234
v -0.063610 0.018742 0.018635
v -0.063966 0.019159 0.017890
v -0.065419 0.019410 0.017494
v -0.064374 0.020338 0.016889
v -0.064374 0.020962 0.016878
v -0.065555 0.019992 0.017172
v -0.065594 0.020764 0.017036
v -0.064258 0.019709 0.017224
v -0.064234 0.021612 0.017071
v -0.065367 0.021369 0.017331
v -0.066566 0.018286 0.016946
v -0.066541 0.019225 0.016724
v -0.066942 0.020300 0.016013
v -0.066894 0.018319 0.016327
v -0.067372 0.018355 0.015433
v -0.067056 0.017066 0.015893
v -0.067695 0.021099 0.015290
v -0.068624 0.021590 0.014116
v -0.068332 0.018339 0.014140
v -0.067796 0.016777 0.014707
v -0.066215 0.019784 0.016805
v -0.066375 0.020441 0.016492
v -0.067361 0.022296 0.016562
v -0.067971 0.023264 0.016101
v -0.066841 0.021581 0.016961
v -0.066536 0.022453 0.018207
v -0.066891 0.023318 0.017978
v -0.067366 0.024195 0.017600
v -0.066255 0.024312 0.019631
v -0.066597 0.025270 0.019398
v -0.065992 0.023330 0.019811
v -0.066302 0.021286 0.017118
v -0.065986 0.022041 0.018112
v -0.065446 0.022877 0.019485
v -0.064726 0.023538 0.021529
v -0.063274 0.024647 0.023907
v -0.062312 0.024603 0.022339
v -0.060938 0.025945 0.026247
v -0.060010 0.025515 0.024726
v -0.057052 0.031165 0.028265
v -0.062469 0.030680 0.025915
v -0.059180 0.025493 0.022933
v -0.055944 0.023599 0.019814
v -0.054492 0.023665 0.020660
v -0.056285 0.025515 0.024677
v -0.046141 0.022632 0.026848
v -0.047107 0.023528 0.027242
v -0.050140 0.022667 0.021850
v -0.049647 0.022313 0.021714
v -0.044640 0.022724 0.027718
v -0.046193 0.023691 0.028197
v -0.050720 0.024908 0.026772
v -0.051814 0.023263 0.021771
v -0.050831 0.022974 0.021891
v -0.048878 0.024254 0.026932
v -0.050450 0.025551 0.028633
v -0.047915 0.024534 0.028506
v -0.056976 0.026078 0.026643
v -0.008593 0.072539 -0.150884
v -0.007639 0.056981 -0.154132
v -0.028392 0.058715 -0.149229
v -0.028747 0.072211 -0.146496
v -0.061275 0.024816 0.020992
v -0.057049 0.023320 0.018843
v -0.039886 0.073188 -0.140769
v -0.039589 0.081728 -0.137711
v -0.030088 0.083772 -0.141498
v -0.033181 -0.061624 -0.107622
v -0.022235 -0.073097 -0.112119
v -0.042702 0.022525 0.029226
v -0.044595 0.023863 0.029340
v -0.041422 0.021316 0.029073
v -0.040778 0.021145 0.029297
v -0.041973 0.022610 0.029374
v -0.043628 0.024077 0.029530
v -0.046872 0.025007 0.029409
v -0.046214 0.025419 0.029966
v -0.049900 0.026807 0.030251
v -0.049976 0.026032 0.029876
v -0.057202 0.026760 0.028122
v -0.057353 0.027683 0.028496
v -0.049237 0.027732 0.029876
v -0.045550 0.026008 0.029565
v -0.048459 0.028740 0.029470
v -0.045268 0.027032 0.029301
v -0.056912 0.029614 0.027455
v -0.057287 0.028752 0.028118
v -0.044473 0.018846 0.028782
v -0.042198 0.019232 0.029050
v -0.044987 0.019143 0.028535
v -0.042515 0.019501 0.028770
v -0.045963 0.019309 0.027548
v -0.041556 0.020036 0.028743
v -0.040912 0.019856 0.029092
v -0.046754 0.019339 0.026909
v -0.041170 0.022673 0.029131
v -0.039860 0.020973 0.029383
v -0.039925 0.023204 0.028635
v -0.039086 0.021107 0.029117
v -0.042325 0.025624 0.028579
v -0.042774 0.024389 0.028906
v -0.039931 0.019722 0.029220
v -0.040629 0.019170 0.029251
v -0.039183 0.019704 0.029248
v -0.039906 0.018973 0.029342
v -0.047417 0.016060 0.029427
v -0.047179 0.015421 0.029500
v -0.044017 0.017467 0.029463
v -0.043401 0.017028 0.029521
v -0.055514 0.012718 0.027172
v -0.058438 0.012677 0.025608
v -0.055101 0.011618 0.027349
v -0.058273 0.011483 0.025545
v -0.050411 0.012142 0.029264
v -0.050840 0.013088 0.028934
v -0.045933 -0.116696 -0.022603
v -0.067156 0.014147 0.015940
v -0.068098 0.013094 0.015090
v -0.066760 0.012356 0.017150
v -0.065968 0.013675 0.017663
v -0.064616 0.013301 0.019559
v -0.065043 0.011893 0.019389
v -0.062989 0.011633 0.021570
v -0.062832 0.012951 0.021686
v -0.060808 0.012854 0.023468
v -0.061012 0.011406 0.023483
v -0.069538 0.017868 0.012421
v -0.070231 0.021377 0.011634
v -0.070706 0.017217 0.010471
v -0.071943 0.020958 0.009099
v -0.038321 0.024233 0.029339
v -0.037962 0.021444 0.029141
v -0.037037 0.024938 0.030831
v -0.036804 0.022071 0.030427
v -0.038414 0.027841 0.031512
v -0.039970 0.027091 0.029587
v -0.038410 0.019808 0.029454
v -0.039182 0.018690 0.029396
v -0.037476 0.019737 0.030101
v -0.038472 0.018243 0.030047
v -0.046698 0.014647 0.029636
v -0.046201 0.013758 0.029917
v -0.042834 0.016471 0.029864
v -0.042050 0.015660 0.030231
v -0.041646 -0.010484 -0.127148
v -0.042640 0.031352 -0.140432
v -0.069085 0.034579 0.021921
v -0.066891 0.031790 0.023093
v -0.063912 0.033014 0.025993
v -0.065765 0.036408 0.025785
v -0.071421 0.038446 0.019428
v -0.073092 0.034947 0.016091
v -0.071040 0.032204 0.018491
v -0.069019 0.030050 0.020242
v -0.071212 0.024335 0.012222
v -0.069799 0.024359 0.014171
v -0.070128 0.026175 0.015490
v -0.071618 0.026790 0.013685
v -0.072902 0.024334 0.009661
v -0.073622 0.027639 0.011238
v -0.071526 0.029296 0.015894
v -0.069776 0.028012 0.017657
v -0.073707 0.030916 0.013610
v -0.046542 0.032833 0.031859
v -0.046891 0.031330 0.030373
v -0.043861 0.029142 0.029703
v -0.042651 0.029730 0.030812
v -0.045630 0.034224 0.033145
v -0.040853 0.030601 0.032244
v -0.059558 0.036952 0.030001
v -0.058381 0.033931 0.029138
v -0.047949 0.029396 0.029071
v -0.045954 0.028082 0.029333
v -0.047583 0.029564 0.029067
v -0.045305 0.028028 0.029262
v -0.051623 0.092440 -0.121992
v -0.056151 0.098259 -0.110110
v -0.038783 0.109194 -0.113115
v -0.035571 0.101903 -0.125041
v -0.063444 0.028035 0.023830
v -0.064022 0.028554 0.023548
v -0.066042 0.027444 0.021314
v -0.065535 0.026960 0.021592
v -0.066959 0.025902 0.019297
v -0.067513 0.026386 0.019113
v -0.068224 0.025278 0.017249
v -0.067762 0.024976 0.017495
v -0.068140 0.024154 0.016215
v -0.068520 0.024160 0.015703
v -0.045382 0.028934 0.029512
v -0.047462 0.030027 0.029583
v -0.041113 0.061386 -0.142344
v -0.064433 0.073252 0.012155
v -0.069991 0.069681 0.004251
v -0.069044 0.063280 0.010113
v -0.065090 0.029630 0.023788
v -0.067199 0.028398 0.021219
v -0.068447 0.027083 0.018735
v -0.069065 0.025719 0.016762
v -0.069223 0.024724 0.015488
v -0.079078 -0.013349 -0.055426
v -0.078859 -0.013166 -0.057257
v -0.080434 -0.002991 -0.084197
v -0.078917 0.003518 -0.082745
v -0.078109 0.006934 -0.080885
v -0.084156 0.014118 -0.068862
v -0.085114 0.017300 -0.072011
v -0.085030 -0.021293 -0.078075
v -0.082710 -0.023150 -0.073640
v -0.084793 -0.020370 -0.078532
v -0.089686 0.013299 -0.082074
v -0.089906 0.011708 -0.083499
v -0.090947 0.011377 -0.083324
v -0.037062 -0.032004 -0.116089
v -0.040080 -0.019373 -0.122924
v -0.089923 0.009991 -0.084878
v -0.079919 -0.008462 -0.059985
v -0.081369 -0.003469 -0.084625
v -0.082483 -0.004021 -0.086687
v -0.083265 -0.009105 -0.087088
v -0.082715 -0.008605 -0.086282
v -0.083026 -0.014224 -0.085228
v -0.082543 -0.013431 -0.084607
v -0.085708 -0.017546 -0.081380
v -0.085245 -0.013227 -0.084183
v -0.085799 0.017732 -0.073563
v -0.086036 0.016902 -0.072786
v -0.086468 0.017771 -0.074069
v -0.080409 -0.009540 -0.061515
v -0.082548 0.011933 -0.068576
v -0.082564 0.010233 -0.066730
v -0.082128 0.010661 -0.067169
v -0.077569 -0.004513 -0.065198
v -0.077305 -0.003704 -0.065333
v -0.078819 -0.006032 -0.064982
v -0.080928 -0.007335 -0.063220
v -0.074863 -0.014740 -0.064138
v -0.074221 -0.015397 -0.065561
v -0.073786 -0.016131 -0.064831
v -0.088606 0.023262 -0.076894
v -0.082838 0.009255 -0.066331
v -0.083877 0.010256 -0.066914
v -0.084493 0.011308 -0.067394
v -0.087203 0.017125 -0.074266
v -0.084858 0.012209 -0.067726
v -0.083856 0.012249 -0.067754
v -0.084901 0.013842 -0.068840
v -0.083118 0.012341 -0.068026
v -0.076934 -0.012064 -0.078785
v -0.076358 -0.012179 -0.076592
v -0.080619 0.006644 -0.056032
v -0.080523 0.004838 -0.058405
v -0.082254 -0.023833 -0.071195
v -0.079210 0.012620 -0.075136
v -0.079698 0.015614 -0.077023
v -0.086711 -0.009089 -0.085678
v -0.082245 -0.015203 -0.074895
v -0.080444 -0.016185 -0.073246
v -0.084272 -0.013939 -0.076765
v -0.085710 -0.011378 -0.078609
v -0.079033 0.003394 -0.069904
v -0.086161 0.007682 -0.077205
v -0.086206 0.005629 -0.078367
v -0.085174 0.007846 -0.075719
v -0.080994 0.018696 -0.075483
v -0.081784 0.018427 -0.073273
v -0.078641 0.015441 -0.074267
v -0.081747 0.016633 -0.072939
v -0.076784 -0.011451 -0.064210
v -0.074003 -0.016923 -0.067395
v -0.075465 -0.015560 -0.069189
v -0.074887 -0.017536 -0.068618
v -0.075712 -0.016537 -0.070548
v -0.075571 -0.015322 -0.072125
v -0.075765 -0.013633 -0.073470
v -0.077058 -0.011705 -0.073812
v -0.076457 -0.007448 -0.064822
v -0.083129 0.018953 -0.064282
v -0.076000 -0.009229 -0.064730
v -0.077905 -0.005823 -0.064974
v -0.077911 -0.007552 -0.064604
v -0.077483 -0.009424 -0.064268
v -0.080412 -0.019124 -0.066850
v -0.079935 -0.017650 -0.069389
v -0.079323 -0.018487 -0.065903
v -0.079629 -0.017073 -0.071586
v -0.078364 -0.018136 -0.065275
v -0.080838 0.013404 -0.074757
v -0.081598 0.016205 -0.074641
v -0.079622 -0.010127 -0.053690
v -0.082121 -0.002295 -0.002474
v -0.082284 0.007108 -0.008423
v -0.049537 -0.049333 0.027836
v -0.048915 -0.052132 0.028506
v -0.077446 -0.012375 0.012956
v -0.074201 -0.014994 0.018561
v -0.050638 -0.044427 0.038969
v -0.049863 -0.045072 0.039389
v -0.049048 -0.044405 0.039957
v -0.049721 -0.044248 0.039327
v -0.047512 -0.043288 0.038793
v -0.048137 -0.043833 0.037738
v -0.048537 -0.043839 0.038881
v -0.047926 -0.043439 0.039858
v -0.054103 -0.029792 0.038726
v -0.057354 -0.025723 0.036255
v -0.059976 -0.030037 0.034568
v -0.057051 -0.033405 0.036970
v -0.048369 -0.046342 0.030482
v -0.048338 -0.044834 0.030848
v -0.048164 -0.044444 0.033731
v -0.048078 -0.045118 0.033484
v -0.048297 -0.047272 0.030577
v -0.047931 -0.045408 0.033557
v -0.049465 -0.047673 0.027715
v -0.049292 -0.045164 0.027955
v -0.058489 -0.050641 0.032877
v -0.055358 -0.048494 0.035331
v -0.056400 -0.045483 0.035485
v -0.059597 -0.046183 0.033076
v -0.050463 -0.017908 0.038473
v -0.054146 -0.021565 0.037460
v -0.051562 -0.026029 0.039280
v -0.047541 -0.021575 0.039986
v -0.044136 -0.016993 0.041319
v -0.046650 -0.013740 0.039538
v -0.043219 -0.008910 0.045143
v -0.044049 -0.012643 0.046264
v -0.043876 -0.013737 0.049733
v -0.044119 -0.011494 0.048521
v -0.041955 -0.017851 0.048676
v -0.043780 -0.014910 0.044749
v -0.038111 -0.019208 0.050068
v -0.038116 -0.018722 0.051155
v -0.041881 -0.018256 0.047086
v -0.041752 -0.019248 0.045101
v -0.038405 -0.019849 0.048749
v -0.037764 -0.018001 0.052238
v -0.040573 -0.017578 0.051568
v -0.042302 -0.015293 0.052636
v -0.033277 -0.016653 0.061478
v -0.034754 -0.015199 0.063156
v -0.035182 0.014098 0.045504
v -0.037413 0.010555 0.042091
v -0.035802 0.011484 0.047719
v -0.037853 0.008265 0.044217
v -0.042358 -0.012949 0.056081
v -0.043407 -0.011116 0.054274
v -0.040700 -0.011796 0.060233
v -0.041481 -0.009159 0.059718
v -0.029459 0.028864 0.045460
v -0.030559 -0.020399 0.057930
v -0.030785 -0.020990 0.057358
v -0.030628 -0.019032 0.059610
v -0.011570 0.095025 -0.138715
v -0.014164 0.107290 -0.127842
v -0.017698 0.120205 -0.104925
v -0.017905 0.124379 -0.092285
v -0.033876 -0.037470 0.057458
v -0.033697 -0.034765 0.057482
v -0.037782 -0.042390 0.040431
v -0.032709 -0.042568 0.042949
v -0.033152 -0.043518 0.045952
v -0.038255 -0.043660 0.043584
v -0.041611 -0.043554 0.041147
v -0.041557 -0.042281 0.037872
v -0.037464 -0.040945 0.037961
v -0.032192 -0.041011 0.040108
v -0.038788 -0.044590 0.049130
v -0.033974 -0.044241 0.052164
v -0.034174 -0.042598 0.054742
v -0.039018 -0.042995 0.051238
v -0.044054 -0.023443 0.043334
v -0.040572 -0.022893 0.046700
v -0.037196 -0.022882 0.051014
v -0.034498 -0.023118 0.054225
v -0.033829 -0.021090 0.054639
v -0.035844 -0.020488 0.051983
v -0.033537 -0.020272 0.055060
v -0.035443 -0.019786 0.052663
v -0.035400 -0.019170 0.053271
v -0.035930 -0.018320 0.053510
v -0.034529 -0.018310 0.055074
v -0.034985 -0.017614 0.054844
v -0.033549 -0.019597 0.055468
v -0.033177 0.006008 0.061480
v -0.032387 0.009418 0.058600
v -0.037940 -0.033212 0.054579
v -0.033613 -0.032632 0.056859
v -0.032545 -0.028495 0.056315
v -0.036584 -0.028635 0.054092
v -0.040641 -0.029388 0.050801
v -0.042324 -0.034795 0.051044
v -0.031071 -0.021752 0.056874
v -0.038256 -0.035482 0.054734
v -0.038498 -0.037983 0.054393
v -0.042734 -0.037171 0.051016
v -0.042856 -0.039407 0.050537
v -0.046303 -0.037117 0.047015
v -0.045282 -0.031209 0.046882
v -0.050193 -0.033163 0.042562
v -0.049518 -0.039544 0.043215
v -0.056315 -0.042546 0.036509
v -0.051994 -0.044702 0.038243
v -0.051953 -0.043494 0.038803
v -0.051808 -0.042409 0.039705
v -0.055852 -0.039557 0.037710
v -0.059378 -0.041860 0.034261
v -0.058749 -0.037485 0.035525
v -0.054112 -0.036414 0.039547
v -0.051175 -0.041140 0.040955
v -0.050822 -0.043762 0.039452
v -0.049866 -0.043982 0.039554
v -0.050606 -0.043224 0.040244
v -0.049691 -0.043789 0.040215
v -0.050191 -0.042621 0.041274
v -0.049281 -0.043581 0.041107
v -0.048400 -0.043038 0.042611
v -0.049087 -0.041593 0.043063
v -0.047749 -0.044357 0.038943
v -0.046799 -0.044582 0.040008
v -0.046944 -0.044594 0.041141
v -0.047783 -0.044456 0.039828
v -0.048330 -0.044199 0.038033
v -0.048299 -0.044260 0.039134
v -0.047821 -0.044213 0.034411
v -0.047186 -0.043909 0.035151
v -0.048605 -0.043933 0.037496
v -0.048811 -0.044030 0.038371
v -0.048966 -0.044016 0.039504
v -0.048865 -0.044105 0.039832
v -0.048419 -0.044174 0.040600
v -0.047599 -0.044064 0.041895
v -0.042691 -0.041492 0.049488
v -0.045916 -0.041210 0.046629
v -0.045445 -0.042935 0.045541
v -0.042357 -0.043677 0.047843
v -0.044902 -0.044267 0.044309
v -0.041732 -0.040868 0.035225
v -0.041919 -0.044741 0.045937
v -0.044904 -0.042554 0.034646
v -0.045465 -0.041395 0.032014
v -0.044701 -0.043608 0.037912
v -0.047945 -0.043978 0.031592
v -0.047334 -0.043245 0.032093
v -0.048809 -0.043489 0.028565
v -0.048031 -0.042309 0.029478
v -0.044642 -0.044669 0.042763
v -0.046285 -0.039364 0.047021
v -0.038722 -0.040429 0.053087
v -0.034034 -0.039941 0.056264
v -0.035183 -0.001652 0.067779
v -0.034204 0.002552 0.064436
v -0.048418 -0.043786 0.040257
v -0.026625 -0.124784 -0.005618
v -0.051077 -0.045833 0.038505
v -0.047805 -0.049321 0.030914
v -0.047330 -0.046168 0.034158
v -0.055850 -0.055067 0.034254
v -0.051734 -0.058425 0.038258
v -0.050119 -0.054345 0.040088
v -0.053377 -0.051753 0.036608
v -0.047842 -0.048491 0.042862
v -0.049859 -0.046952 0.040053
v -0.048813 -0.045653 0.041126
v -0.046832 -0.046289 0.043988
v -0.046076 -0.044521 0.044637
v -0.047967 -0.044462 0.041648
v -0.044177 -0.041978 0.044414
v -0.040346 -0.041308 0.047628
v -0.038904 -0.045627 0.043001
v -0.042880 -0.046053 0.039826
v -0.046481 -0.046034 0.035811
v -0.046669 -0.042757 0.040192
v -0.044714 -0.042205 0.044792
v -0.046958 -0.042891 0.041428
v -0.041071 -0.041525 0.048585
v -0.036060 -0.121633 -0.012806
v -0.047479 -0.043448 0.041710
v -0.045312 -0.042934 0.044731
v -0.041831 -0.042551 0.048918
v -0.042792 -0.044607 0.049026
v -0.043603 -0.046995 0.048870
v -0.044252 -0.049903 0.047907
v -0.045727 -0.057250 0.044752
v -0.046895 -0.062265 0.043255
v -0.040190 -0.058693 0.049014
v -0.041237 -0.063934 0.048486
v -0.039938 -0.050944 0.052345
v -0.039775 -0.047397 0.053584
v -0.038998 -0.044607 0.053420
v -0.038190 -0.042316 0.052830
v -0.031560 -0.023399 0.056289
v -0.033620 -0.018181 0.056612
v -0.032959 -0.017601 0.058959
v -0.037150 -0.013611 0.063468
v -0.030961 -0.018047 0.061883
v -0.039627 -0.012028 0.062309
v -0.038210 -0.012482 0.064143
v -0.038962 -0.010873 0.064831
v -0.039910 -0.010246 0.063414
v -0.036967 -0.013033 0.065728
v -0.038334 -0.011074 0.066044
v -0.033354 -0.014155 0.068440
v -0.034562 -0.010757 0.070275
v -0.035451 -0.005241 0.069760
v -0.035067 -0.008555 0.070603
v -0.039532 -0.009253 0.065275
v -0.040435 -0.007404 0.063330
v -0.040243 -0.004336 0.061186
v -0.041606 -0.006494 0.057187
v -0.017538 0.129265 -0.047491
v -0.037354 -0.041038 0.052235
v -0.036157 -0.040809 0.050816
v -0.037414 -0.056066 0.036595
v -0.037896 -0.051516 0.038820
v -0.033487 -0.051699 0.041333
v -0.033000 -0.056188 0.039326
v -0.032359 -0.040515 0.052784
v -0.031097 -0.045355 0.047184
v -0.034624 -0.045374 0.045580
v -0.032993 -0.040837 0.054458
v -0.033708 -0.042202 0.055446
v -0.034444 -0.044600 0.056389
v -0.030036 -0.051877 0.042808
v -0.029587 -0.056598 0.040844
v -0.046507 -0.050451 0.032366
v -0.046636 -0.054479 0.030272
v -0.042415 -0.051560 0.035858
v -0.042357 -0.055315 0.033767
v -0.035251 -0.064140 0.052726
v -0.034404 -0.059065 0.052475
v -0.035033 -0.047741 0.056477
v -0.034855 -0.051554 0.055237
v -0.016161 0.114957 -0.117090
v -0.076632 0.075846 -0.020828
v -0.076549 0.069107 -0.012690
v -0.071331 0.076455 -0.004329
v -0.071839 0.081991 -0.011987
v -0.075521 0.083724 -0.028999
v -0.070778 0.088624 -0.019737
v -0.042753 0.121393 -0.072423
v -0.046109 0.120629 -0.058503
v -0.028238 0.126648 -0.050909
v -0.034964 0.121556 -0.085143
v -0.045284 0.113379 -0.096759
v -0.051229 0.115889 -0.078102
v -0.054163 0.115581 -0.063037
v -0.022021 -0.085030 -0.113265
v -0.042228 0.043991 -0.141743
v -0.055631 0.114465 -0.049212
v -0.048191 0.118706 -0.044829
v -0.050180 0.115560 -0.032561
v -0.056690 0.112104 -0.037446
v -0.030955 0.124160 -0.036710
v -0.020488 0.126423 -0.032734
v -0.007237 0.007437 -0.148323
v -0.031778 0.012810 0.055919
v -0.045584 -0.048677 -0.101039
v -0.058065 -0.049174 -0.085456
v -0.064871 -0.101741 -0.063056
v -0.073965 -0.026159 -0.070541
v -0.073548 -0.025432 -0.071135
v -0.063712 -0.064472 -0.066867
v -0.064646 -0.050363 -0.068203
v -0.034294 -0.047399 -0.110590
v -0.079971 -0.014938 -0.083043
v -0.080523 -0.011229 -0.084160
v -0.081223 -0.015866 -0.083013
v -0.081665 -0.011871 -0.084365
v -0.081567 -0.007533 -0.084904
v -0.081955 -0.017639 -0.082369
v -0.082045 0.018257 -0.071696
v -0.083824 0.019751 -0.070916
v -0.074175 -0.027725 -0.066209
v -0.073789 -0.027044 -0.067843
v -0.073316 -0.027429 -0.066911
v -0.073435 -0.027895 -0.065541
v -0.074220 -0.028596 -0.064554
v -0.073410 -0.028467 -0.064371
v -0.083178 0.035043 -0.064031
v -0.071280 -0.027656 -0.067478
v -0.072895 -0.025911 -0.070479
v -0.073142 -0.026521 -0.069004
v -0.072956 -0.027408 -0.067510
v -0.072709 -0.028269 -0.065390
v -0.072990 -0.029180 -0.063714
v -0.073790 -0.029802 -0.063319
v -0.082183 -0.018778 -0.082752
v -0.077720 -0.028938 -0.069806
v -0.079895 0.012166 -0.077088
v -0.079533 0.010339 -0.078714
v -0.081393 0.011874 -0.080543
v -0.081592 0.013899 -0.079056
v -0.053943 -0.009738 -0.117235
v -0.055109 0.001288 -0.122608
v -0.008071 -0.082666 -0.115088
v -0.007876 -0.069937 -0.114949
v -0.071823 0.033512 -0.110384
v -0.080165 0.013610 -0.075739
v -0.081987 0.015522 -0.077671
v -0.080615 -0.007028 -0.084543
v -0.078159 0.013545 -0.075542
v -0.078197 0.011901 -0.076980
v -0.082801 0.017076 -0.079477
v -0.082342 0.015201 -0.080947
v -0.082356 0.012869 -0.082471
v -0.078175 0.010030 -0.078492
v -0.080664 0.017193 -0.077258
v -0.080681 0.063670 -0.087823
v -0.077186 0.057995 -0.101485
v -0.076658 0.080579 -0.090497
v -0.072688 0.075741 -0.105321
v -0.065191 0.069984 -0.120098
v -0.069518 0.051232 -0.116290
v -0.081961 0.018391 -0.072072
v -0.084561 0.020815 -0.071647
v -0.074383 0.090179 -0.036753
v -0.077964 0.085293 -0.044916
v -0.069433 0.094468 -0.026809
v -0.067856 0.099758 -0.033372
v -0.072297 0.096336 -0.043467
v -0.077002 0.089699 -0.056870
v -0.082678 0.054220 -0.073030
v -0.081769 0.068914 -0.073573
v -0.081529 0.072812 -0.059599
v -0.077762 0.085313 -0.074710
v -0.071521 0.098859 -0.062272
v -0.072243 0.095388 -0.077382
v -0.063764 0.107351 -0.064651
v -0.062931 0.105547 -0.079506
v -0.059607 0.103071 -0.095221
v -0.070844 0.091558 -0.092647
v -0.069175 0.101862 -0.049158
v -0.065120 0.104558 -0.038390
v -0.063456 0.108263 -0.051576
v -0.061925 0.108606 -0.042414
v -0.081033 0.074406 -0.052088
v -0.068712 -0.034232 -0.062146
v -0.071776 -0.034666 -0.057364
v -0.077848 -0.024073 -0.050553
v -0.083632 0.000301 -0.015547
v -0.082961 0.012923 -0.018220
v -0.084068 0.004938 -0.029250
v -0.082896 -0.009741 -0.027060
v -0.081081 0.026684 -0.019777
v -0.082671 0.019230 -0.030663
v -0.082413 0.033729 -0.032958
v -0.081025 0.041169 -0.020433
v -0.053731 0.064723 -0.133287
v -0.056418 0.047930 -0.131902
v -0.057261 0.035107 -0.130281
v -0.068266 0.057479 0.014280
v -0.010126 0.086165 -0.144825
v -0.065153 0.080647 0.004404
v -0.046008 0.085087 -0.131963
v -0.031947 0.091227 -0.135872
v -0.067102 0.086915 -0.107358
v -0.061317 0.081876 -0.120016
v -0.050593 0.075689 -0.133038
v -0.056818 0.018880 -0.128248
v -0.058767 0.108075 -0.030125
v -0.074814 0.024169 0.006207
v -0.073857 0.019568 0.005631
v -0.075572 0.028971 0.007510
v -0.072767 0.014687 0.007796
v -0.040265 0.007213 0.039190
v -0.040342 0.005177 0.041193
v -0.040474 0.002685 0.043174
v -0.043277 0.002443 0.038473
v -0.043128 -0.000469 0.040342
v -0.038509 0.003098 0.049010
v -0.038273 0.005677 0.046512
v -0.040356 0.000270 0.045202
v -0.040538 -0.002701 0.047053
v -0.039090 0.000187 0.051277
v -0.043977 -0.014951 0.042552
v -0.044522 -0.010252 0.040839
v -0.042367 -0.006232 0.043309
v -0.046486 -0.003255 0.038205
v -0.045672 -0.006457 0.039631
v -0.042683 -0.003069 0.041888
v -0.047145 -0.000066 0.036178
v -0.041953 -0.006035 0.049228
v -0.043486 -0.009285 0.051982
v -0.040167 -0.003178 0.054281
v -0.039072 -0.001035 0.057987
v -0.037946 0.002486 0.054966
v -0.043509 0.004649 0.036647
v -0.047960 0.002472 0.034501
v -0.049173 -0.009731 0.038421
v -0.053635 -0.012885 0.037229
v -0.050822 -0.005594 0.036428
v -0.054920 -0.008124 0.035153
v -0.051528 -0.002180 0.034625
v -0.055745 -0.004492 0.033103
v -0.057490 -0.016816 0.035923
v -0.060807 -0.020753 0.034199
v -0.063594 -0.026184 0.031976
v -0.063136 -0.015667 0.031814
v -0.066504 -0.021060 0.029205
v -0.064454 -0.010544 0.029384
v -0.068517 -0.015747 0.026491
v -0.059290 -0.011395 0.033575
v -0.060384 -0.007380 0.031273
v -0.056430 -0.000988 0.031042
v -0.052378 0.000929 0.032798
v -0.064466 -0.000035 0.025310
v -0.064788 -0.005322 0.027253
v -0.060656 -0.003038 0.029118
v -0.060712 0.001252 0.027174
v -0.069479 -0.009014 0.024222
v -0.068685 -0.001631 0.022831
v -0.067477 0.003142 0.021494
v -0.054520 0.009705 0.028137
v -0.049931 0.010390 0.029942
v -0.057876 0.009356 0.026331
v -0.063831 0.003816 0.023951
v -0.060737 0.004518 0.025901
v -0.069960 0.010214 0.014504
v -0.068161 0.009468 0.017182
v -0.063401 0.009020 0.022328
v -0.060855 0.009098 0.024339
v -0.065962 0.009154 0.019852
v -0.045402 0.011983 0.030826
v -0.040853 0.014014 0.031735
v -0.057380 -0.062445 -0.082234
v -0.036952 0.005646 0.052667
v -0.036346 0.008581 0.050094
v -0.038655 0.031053 0.034387
v -0.036344 0.028215 0.034129
v -0.032125 0.028694 0.042170
v -0.042940 0.035293 0.035966
v -0.037673 0.016781 0.032323
v -0.035891 0.019366 0.032613
v -0.035055 0.021998 0.033105
v -0.034938 0.025225 0.033667
v -0.054150 0.048547 0.034934
v -0.051070 0.042096 0.037179
v -0.075014 0.062307 -0.003192
v -0.077809 0.053883 -0.007853
v -0.071663 0.043722 0.016198
v -0.074144 0.039514 0.012502
v -0.075452 0.034362 0.009465
v -0.079085 0.042374 -0.011040
v -0.079774 0.029923 -0.011718
v -0.081076 0.018161 -0.010981
v -0.064302 0.092740 -0.009911
v -0.062785 0.098381 -0.016616
v -0.065328 0.086741 -0.002825
v -0.051791 0.111397 -0.023239
v -0.053590 0.106917 -0.014993
v -0.060986 0.103528 -0.023301
v -0.055546 0.101754 -0.007931
v -0.057272 0.096135 -0.001353
v -0.058257 0.090233 0.005735
v -0.058514 0.083917 0.012830
v -0.058050 0.075477 0.019643
v -0.045175 -0.061311 -0.098535
v -0.034267 -0.007475 0.051259
v -0.033951 -0.007569 0.051799
v -0.033991 -0.007497 0.051115
v -0.033624 -0.007535 0.051708
v -0.034019 -0.007913 0.051750
v -0.034515 -0.016006 0.054325
v -0.033346 -0.014036 0.053598
v -0.033617 -0.010338 0.052795
v -0.076732 -0.030520 -0.052462
v -0.060487 -0.097513 -0.077553
v -0.054098 -0.094000 -0.090115
v 0.051938 -0.096814 -0.054410
v 0.050876 -0.093320 -0.068529
v 0.005725 -0.127361 -0.006228
v 0.018783 -0.123428 -0.010288
v 0.020087 -0.131988 -0.011508
v 0.006683 -0.135349 -0.008073
v 0.056521 -0.114720 -0.059249
v 0.053484 -0.105899 -0.055573
v 0.052808 -0.102371 -0.070714
v 0.056988 -0.111079 -0.075102
v 0.048413 -0.100227 -0.084582
v 0.052635 -0.109929 -0.089569
v 0.044128 -0.110196 -0.101483
v 0.040789 -0.098779 -0.096124
v 0.030542 -0.097988 -0.105497
v 0.033007 -0.110589 -0.110231
v 0.032312 -0.118663 -0.016893
v 0.043585 -0.113786 -0.027067
v 0.045336 -0.123113 -0.029328
v 0.033700 -0.127666 -0.018482
v 0.051052 -0.109596 -0.040057
v 0.053154 -0.118872 -0.043321
v 0.020066 -0.110647 -0.116000
v 0.018312 -0.096902 -0.111536
v 0.009021 -0.154948 -0.011136
v -0.004109 -0.157215 -0.012507
v -0.004526 -0.146856 -0.009531
v 0.007917 -0.144910 -0.009758
v 0.042898 -0.158377 -0.023392
v 0.059199 -0.151895 -0.033832
v 0.064882 -0.160413 -0.029344
v 0.046526 -0.168087 -0.019641
v 0.088475 -0.157802 -0.036782
v 0.102052 -0.146706 -0.056315
v 0.025286 -0.162350 -0.015801
v 0.027013 -0.172104 -0.011867
v 0.007611 -0.123198 -0.126024
v 0.006200 -0.110348 -0.119318
v 0.092861 -0.141401 -0.060999
v 0.096948 -0.137615 -0.084799
v 0.108589 -0.143309 -0.080683
v 0.064124 -0.159149 -0.131397
v 0.064982 -0.165999 -0.134058
v 0.079239 -0.161313 -0.128797
v 0.074462 -0.154855 -0.126191
v 0.075483 -0.125525 -0.083893
v 0.067781 -0.126171 -0.100891
v 0.076775 -0.133786 -0.104633
v 0.086308 -0.131562 -0.085836
v 0.046058 -0.143110 -0.128009
v 0.062396 -0.137984 -0.118303
v 0.055598 -0.129585 -0.114174
v 0.041049 -0.132603 -0.123353
v 0.083564 -0.136415 -0.063569
v 0.073163 -0.130693 -0.064019
v 0.072511 -0.144713 -0.047363
v 0.064390 -0.137448 -0.048206
v 0.053557 -0.143135 -0.034336
v 0.059436 -0.118710 -0.095483
v 0.049379 -0.120350 -0.107903
v 0.036607 -0.122075 -0.116915
v 0.022376 -0.123083 -0.122606
v 0.011537 -0.172292 -0.143618
v 0.011099 -0.160006 -0.141721
v 0.028004 -0.145799 -0.133420
v 0.025355 -0.134621 -0.129011
v 0.080362 -0.151101 -0.043716
v 0.057518 -0.128604 -0.046876
v 0.048818 -0.133219 -0.032244
v 0.050828 -0.175161 -0.007911
v 0.071618 -0.168864 -0.019835
v 0.029154 -0.179704 -0.000941
v 0.010129 -0.183399 0.001821
v 0.030313 -0.158714 -0.136746
v 0.030154 -0.170773 -0.139127
v 0.049179 -0.168014 -0.136216
v 0.052030 -0.155335 -0.132261
v 0.039330 -0.148272 -0.022870
v 0.023932 -0.152189 -0.014689
v 0.009346 -0.164882 -0.011409
v 0.064658 -0.118945 -0.079719
v 0.063089 -0.123161 -0.062577
v 0.036311 -0.137692 -0.020945
v 0.021909 -0.141986 -0.013490
v -0.005399 -0.137681 -0.006637
v 0.009679 -0.174514 -0.007086
v 0.102053 -0.147695 -0.103711
v 0.091859 -0.154983 -0.119115
v 0.084579 -0.151155 -0.118963
v 0.010069 -0.146733 -0.138172
v -0.015558 -0.147560 -0.011331
v -0.015219 -0.157719 -0.014712
v -0.015882 -0.138350 -0.007557
v 0.087113 -0.142597 -0.108544
v 0.069197 -0.147345 -0.122571
v -0.016432 -0.131196 -0.004273
v 0.005265 -0.096216 -0.115059
v -0.014824 -0.168894 -0.017222
v -0.015487 -0.180708 -0.013698
v -0.017332 -0.189959 -0.003730
v -0.005865 -0.130234 -0.003803
v -0.003564 -0.178433 -0.009854
v -0.003576 -0.167655 -0.013713
v -0.004326 -0.187928 -0.000680
v 0.009084 -0.134901 -0.132953
v -0.035756 -0.127666 -0.014913
v -0.046170 -0.123762 -0.023796
v -0.047150 -0.132297 -0.025368
v -0.036134 -0.135573 -0.016942
v -0.062720 -0.115509 -0.083801
v -0.061485 -0.106705 -0.079268
v -0.055079 -0.103076 -0.092866
v -0.057168 -0.111763 -0.098507
v -0.045814 -0.100845 -0.103847
v -0.047716 -0.110474 -0.110076
v -0.035332 -0.110623 -0.117711
v -0.034428 -0.099272 -0.111471
v -0.021407 -0.098337 -0.116097
v -0.021749 -0.110892 -0.121429
v -0.056246 -0.119264 -0.035232
v -0.062738 -0.114691 -0.049127
v -0.063437 -0.123685 -0.051724
v -0.057092 -0.128086 -0.037147
v -0.065174 -0.110585 -0.064046
v -0.065492 -0.119819 -0.067798
v -0.007690 -0.110834 -0.121638
v -0.007993 -0.097103 -0.116876
v -0.038027 -0.155164 -0.020610
v -0.025823 -0.157237 -0.016832
v -0.025821 -0.146873 -0.013945
v -0.037135 -0.145077 -0.019067
v -0.063407 -0.159352 -0.045798
v -0.074446 -0.152648 -0.061664
v -0.081484 -0.161050 -0.059702
v -0.068715 -0.168635 -0.043308
v -0.100378 -0.158485 -0.075736
v -0.105415 -0.147315 -0.098959
v -0.050988 -0.162946 -0.031422
v -0.054412 -0.172802 -0.028504
v -0.095264 -0.141947 -0.099617
v -0.089988 -0.138034 -0.123056
v -0.102229 -0.143761 -0.123863
v -0.041778 -0.159381 -0.153134
v -0.041524 -0.166193 -0.155923
v -0.056610 -0.161549 -0.156661
v -0.053316 -0.155144 -0.152330
v -0.070726 -0.126035 -0.113733
v -0.057080 -0.126835 -0.126367
v -0.063883 -0.134224 -0.133316
v -0.079838 -0.132049 -0.119746
v -0.026580 -0.143355 -0.142873
v -0.045416 -0.138173 -0.140304
v -0.040796 -0.129398 -0.133641
v -0.023834 -0.132829 -0.136543
v -0.085766 -0.136968 -0.098297
v -0.076005 -0.131291 -0.094627
v -0.081720 -0.145352 -0.079164
v -0.073920 -0.138117 -0.076815
v -0.068885 -0.143916 -0.060081
v -0.051578 -0.119181 -0.118147
v -0.037594 -0.120703 -0.125638
v -0.022406 -0.122305 -0.128895
v -0.006998 -0.123725 -0.128630
v -0.008077 -0.146512 -0.140933
v -0.007814 -0.133337 -0.135537
v -0.090273 -0.151779 -0.078947
v -0.067977 -0.129395 -0.072968
v -0.065523 -0.133853 -0.056103
v -0.077576 -0.175935 -0.034040
v -0.091615 -0.169492 -0.053406
v -0.060854 -0.180361 -0.019132
v -0.044760 -0.183659 -0.009017
v -0.008727 -0.158762 -0.144804
v -0.007490 -0.170829 -0.146800
v -0.025996 -0.168266 -0.151659
v -0.030331 -0.155570 -0.149149
v -0.060605 -0.148888 -0.043881
v -0.050166 -0.152615 -0.029767
v -0.038550 -0.165402 -0.021273
v -0.062402 -0.119535 -0.105720
v -0.067427 -0.123869 -0.089432
v -0.058789 -0.138121 -0.040601
v -0.048466 -0.142318 -0.028001
v -0.026042 -0.137807 -0.011061
v -0.040855 -0.174872 -0.017239
v -0.087327 -0.148121 -0.142416
v -0.072011 -0.155317 -0.152626
v -0.065410 -0.151487 -0.149580
v -0.071790 -0.143012 -0.141009
v -0.049891 -0.147686 -0.146912
v -0.026243 -0.130347 -0.008230
v -0.027755 -0.178677 -0.014615
v -0.026105 -0.168025 -0.018380
v -0.030373 -0.187882 -0.005788
v -0.034330 -0.007855 0.051317
v -0.079928 -0.032730 -0.030085
v -0.077912 -0.040402 -0.037280
v -0.076318 -0.051653 -0.029001
v -0.078886 -0.043144 -0.021581
v -0.073175 -0.061673 -0.019990
v -0.077165 -0.051662 -0.014711
v -0.069350 -0.069491 -0.009557
v -0.074418 -0.059358 -0.006466
v -0.066576 -0.074029 0.001458
v -0.071526 -0.064259 0.002809
v -0.056647 -0.076665 0.026429
v -0.054177 -0.081895 0.023024
v -0.049107 -0.084319 0.032278
v -0.050607 -0.080178 0.036334
v -0.043271 -0.086349 0.040586
v -0.044728 -0.082341 0.044564
v -0.036181 -0.087061 0.046139
v -0.037131 -0.083199 0.050442
v -0.027049 -0.086961 0.049990
v -0.027909 -0.082916 0.054183
v -0.028449 -0.073326 0.057119
v -0.036881 -0.073679 0.054101
v -0.037192 -0.078594 0.052989
v -0.028357 -0.078761 0.056228
v -0.043478 -0.072996 0.048762
v -0.044582 -0.078048 0.047116
v -0.048896 -0.070881 0.041860
v -0.050305 -0.075837 0.039460
v -0.055048 -0.067097 0.033529
v -0.056387 -0.072098 0.030257
v -0.060350 -0.062545 0.028087
v -0.062731 -0.065648 0.023121
v -0.034057 -0.090204 0.039770
v -0.025816 -0.089962 0.043895
v -0.040738 -0.089601 0.034638
v -0.046405 -0.087746 0.027246
v -0.050996 -0.086069 0.018991
v -0.062095 -0.077066 0.012501
v -0.055657 -0.084233 0.009487
v -0.061038 -0.080240 -0.000491
v -0.063708 -0.075929 -0.012422
v -0.068692 -0.067911 -0.024733
v -0.073016 -0.056877 -0.035920
v -0.075103 -0.044839 -0.044448
v -0.078144 -0.032454 -0.042946
v -0.042190 -0.068732 0.049146
v -0.036132 -0.068950 0.053786
v -0.047283 -0.066914 0.043315
v -0.053197 -0.062830 0.036206
v -0.058294 -0.058701 0.031498
v -0.062934 -0.047000 0.029801
v -0.061689 -0.053115 0.029753
v -0.061947 -0.035259 0.032610
v -0.062622 -0.041035 0.031100
v -0.068770 -0.028729 0.025931
v -0.069780 -0.037378 0.022519
v -0.066336 -0.039982 0.027019
v -0.065528 -0.032478 0.029383
v -0.071523 -0.022799 0.022281
v -0.072892 -0.033232 0.017671
v -0.031989 -0.092844 0.034097
v -0.024404 -0.092962 0.036917
v -0.037912 -0.092564 0.029350
v -0.042677 -0.091731 0.022498
v -0.045710 -0.091340 0.014819
v -0.049053 -0.090362 0.006259
v -0.052376 -0.088018 -0.003479
v -0.056701 -0.083835 -0.015184
v -0.062985 -0.075504 -0.028936
v -0.069353 -0.061693 -0.041716
v -0.071157 -0.048827 -0.050492
v -0.039697 -0.098538 0.003100
v -0.037040 -0.097771 0.010210
v -0.034694 -0.097892 0.016454
v -0.032482 -0.097556 0.021774
v -0.027836 -0.098765 0.022193
v -0.021526 -0.099655 0.023065
v -0.025532 -0.101003 0.014668
v -0.019958 -0.101815 0.016373
v -0.026935 -0.103541 0.009676
v -0.019190 -0.104388 0.012680
v -0.028556 -0.106811 0.006044
v -0.018622 -0.108933 0.009043
v -0.064481 -0.055850 0.025664
v -0.067607 -0.056746 0.019972
v -0.069583 -0.046924 0.020117
v -0.072798 -0.044255 0.014028
v -0.070970 -0.056118 0.012827
v -0.066319 -0.048068 0.025474
v -0.074609 -0.052697 0.004256
v -0.075934 -0.039778 0.007331
v -0.075838 -0.027231 0.012863
v -0.078067 -0.033986 0.001654
v -0.077113 -0.047143 -0.003680
v -0.078252 -0.022971 0.007675
v -0.080003 -0.018756 0.003066
v -0.079387 -0.029232 -0.003258
v -0.078687 -0.040499 -0.009223
v -0.066244 -0.068748 0.014064
v -0.079742 -0.034334 -0.014990
v -0.081289 -0.014876 -0.002005
v -0.080395 -0.024191 -0.008335
v -0.082483 -0.009441 -0.008341
v -0.081514 -0.018410 -0.016918
v -0.080718 -0.026595 -0.023791
v -0.079855 -0.024262 -0.039284
v -0.028419 -0.068568 0.056797
v -0.068106 -0.032819 -0.066530
v -0.047699 -0.028842 0.043043
v -0.043074 -0.026979 0.046808
v -0.038880 -0.026205 0.050922
v -0.035441 -0.025881 0.054124
v -0.031917 -0.025952 0.056282
v -0.017485 -0.120346 0.002218
v -0.025708 0.042237 0.047046
v -0.018219 -0.113533 0.006101
v -0.025463 -0.056713 0.042039
v -0.010625 0.127456 -0.029617
v -0.028283 -0.063767 0.056078
v -0.025828 -0.051711 0.044150
v -0.030004 0.003481 0.067236
v -0.028091 -0.059369 0.055101
v -0.028738 -0.048217 0.058667
v -0.028349 -0.042053 0.057103
v -0.023739 0.078518 0.037621
v -0.028634 -0.044521 0.058397
v -0.028498 -0.023792 0.057311
v -0.030653 -0.000600 0.070595
v -0.028081 -0.040644 0.055775
v 0.005667 -0.044979 -0.117382
v -0.028434 -0.051935 0.057144
v -0.026748 -0.045410 0.048412
v -0.027782 -0.040326 0.054129
v -0.025056 -0.041342 0.041997
v -0.028385 -0.026621 0.057269
v -0.027010 0.020254 0.053170
v 0.010552 -0.006197 -0.140873
v -0.027635 0.017184 0.055678
v -0.020577 0.102500 0.019972
v -0.022745 0.088778 0.032102
v -0.029346 0.007272 0.064001
v 0.013617 0.056625 -0.153376
v 0.013117 0.073108 -0.150185
v -0.024969 0.061243 0.043186
v 0.001884 0.126155 -0.091688
v -0.031063 -0.004530 0.072697
v -0.029420 -0.018507 0.062344
v -0.015577 0.119143 -0.005132
v 0.012870 0.022185 -0.151135
v 0.006574 0.117028 -0.115626
v -0.028160 -0.042689 0.056787
v -0.013214 0.123646 -0.016831
v -0.027545 -0.044241 0.053953
v -0.030736 -0.014785 0.069749
v 0.011904 0.006427 -0.147009
v 0.013384 0.035893 -0.153035
v -0.028557 -0.033068 0.058019
v -0.028409 -0.029221 0.057290
v 0.004318 0.122514 -0.104066
v -0.025458 0.048438 0.046542
v -0.028678 -0.035538 0.058856
v -0.025870 0.029159 0.047907
v -0.028668 -0.037982 0.059183
v -0.016880 -0.125863 -0.001377
v 0.010769 0.096947 -0.137382
v -0.028456 -0.040310 0.058162
v -0.026288 -0.043473 0.048018
v -0.028675 0.010852 0.060987
v -0.025665 -0.042618 0.044985
v -0.024447 0.068667 0.040881
v -0.028719 -0.021284 0.058548
v -0.028791 -0.020728 0.059102
v -0.026140 0.026618 0.048759
v -0.021807 0.096209 0.026303
v -0.025735 0.031710 0.047660
v -0.028569 -0.021957 0.058034
v 0.011945 0.087772 -0.143734
v -0.001516 0.130655 -0.074650
v -0.004141 0.131560 -0.061665
v -0.026578 0.023248 0.050873
v -0.028031 0.014217 0.058089
v 0.005350 -0.054794 -0.115646
v -0.031094 -0.011310 0.072464
v -0.031211 -0.008404 0.073293
v -0.017594 0.113827 0.004892
v 0.009467 -0.015759 -0.135775
v -0.007551 0.130799 -0.044801
v -0.019203 0.108246 0.012981
v 0.007067 -0.033405 -0.124179
v 0.008589 -0.023462 -0.131534
v -0.030473 -0.016018 0.068025
v -0.025826 0.035002 0.047192
v -0.029924 -0.017513 0.064954
v 0.008631 0.109583 -0.126259
v -0.028996 -0.019692 0.060261
v -0.020745 -0.007903 0.054185
v 0.052059 -0.032027 -0.002288
v 0.052283 -0.039406 -0.010028
v 0.047710 -0.050875 -0.002917
v 0.047792 -0.042610 0.005150
v 0.041823 -0.061049 0.004164
v 0.043728 -0.051169 0.010712
v 0.034395 -0.068899 0.012108
v 0.038082 -0.058900 0.017096
v -0.034473 -0.014740 0.066239
v -0.033015 -0.016407 0.064032
v 0.027850 -0.073595 0.021127
v 0.031966 -0.063907 0.024423
v -0.038185 0.020612 0.029278
v -0.035683 -0.018590 0.053468
v -0.035811 0.004643 0.058658
v -0.037124 0.020870 0.030194
v 0.009145 -0.076283 0.040000
v 0.008212 -0.081449 0.035840
v -0.000197 -0.083720 0.042145
v -0.000378 -0.079724 0.046478
v -0.037898 -0.018170 0.051854
v -0.008687 -0.085958 0.047587
v -0.008854 -0.082120 0.051870
v -0.017225 -0.086962 0.050062
v -0.017966 -0.083210 0.054484
v -0.034254 0.011216 0.053283
v -0.033373 0.020130 0.040356
v -0.019736 -0.073679 0.057916
v -0.019003 -0.078655 0.056964
v -0.034849 0.007848 0.056105
v -0.043133 -0.014729 0.050983
v -0.041279 -0.017601 0.050191
v -0.037579 -0.008906 0.068131
v -0.038281 -0.006141 0.066982
v -0.011579 -0.072995 0.055394
v -0.037792 -0.011905 0.065975
v -0.035253 -0.013604 0.067180
v -0.010072 -0.077984 0.054246
v -0.039676 0.020361 0.029300
v -0.049074 0.021548 0.021440
v -0.036758 -0.010855 0.068183
v -0.033898 -0.012808 0.069416
v -0.042467 0.021198 0.026549
v -0.038994 0.020494 0.029230
v -0.041099 -0.010311 0.060152
v -0.032879 0.019144 0.044866
v -0.004003 -0.070777 0.051155
v -0.001906 -0.075624 0.049409
v 0.004939 -0.066958 0.046131
v 0.007363 -0.071877 0.043570
v -0.042868 -0.011897 0.055332
v 0.012009 -0.062441 0.043494
v 0.016034 -0.065491 0.039733
v -0.016541 -0.089980 0.043273
v -0.040483 0.020459 0.029052
v -0.041053 0.020642 0.028833
v -0.037033 0.001038 0.061536
v -0.008526 -0.089084 0.041020
v -0.000512 -0.087079 0.036406
v 0.007072 -0.085508 0.030772
v 0.019699 -0.076827 0.029504
v -0.045097 0.021259 0.026338
v -0.031832 -0.018366 0.059300
v -0.039812 -0.011031 0.062887
v -0.038706 -0.011544 0.064623
v -0.031944 -0.019176 0.057382
v 0.015106 -0.083932 0.024010
v 0.023652 -0.079661 0.016890
v -0.035364 0.020727 0.032879
v 0.030331 -0.075102 0.006947
v -0.033261 0.016878 0.048467
v -0.033708 0.014095 0.051258
v 0.039592 -0.067092 -0.002290
v 0.047231 -0.055843 -0.010898
v -0.032178 -0.017416 0.061690
v 0.052369 -0.043738 -0.017902
v 0.055175 -0.031650 -0.014849
v -0.012861 -0.068700 0.055386
v -0.020193 -0.068914 0.057401
v -0.005964 -0.066861 0.051979
v -0.038052 -0.002675 0.064815
v 0.002228 -0.062765 0.047850
v 0.008884 -0.058660 0.045907
v 0.013862 -0.047027 0.046276
v -0.034039 -0.018683 0.055408
v 0.012674 -0.053108 0.045786
v 0.011841 -0.035287 0.048478
v 0.013028 -0.041068 0.047286
v 0.020747 -0.028706 0.045084
v 0.022845 -0.037306 0.042206
v 0.017998 -0.039958 0.045037
v -0.030928 -0.013265 0.071178
v -0.035955 -0.012404 0.067794
v 0.016441 -0.032480 0.047019
v 0.024814 -0.022689 0.042787
v 0.027593 -0.033140 0.038950
v -0.016155 -0.092550 0.037220
v -0.052848 0.035299 0.031774
v -0.052506 0.032961 0.030427
v -0.008961 -0.092059 0.035090
v -0.001945 -0.091141 0.030627
v 0.003773 -0.090820 0.024829
v 0.010207 -0.089966 0.018296
v 0.016863 -0.087507 0.010603
v 0.025037 -0.083031 0.001633
v -0.046777 0.038377 0.036782
v -0.030460 0.038499 0.045288
v -0.035472 0.038573 0.043132
v 0.036286 -0.074777 -0.008339
v -0.053221 0.028200 0.029065
v -0.053504 0.025951 0.027738
v -0.052094 0.030857 0.029146
v -0.053536 0.026359 0.029082
v -0.053590 0.027190 0.029411
v 0.046301 -0.060769 -0.017679
v -0.052105 0.029862 0.028742
v 0.050737 -0.047527 -0.025014
v -0.052072 0.029894 0.028754
v 0.002846 -0.098278 0.011596
v -0.051291 0.037461 0.033829
v -0.002259 -0.097468 0.017120
v -0.006735 -0.097529 0.021985
v -0.052528 0.029201 0.028623
v -0.053324 0.025331 0.026046
v -0.010810 -0.097225 0.026032
v -0.053081 0.023525 0.021371
v -0.015279 -0.098623 0.024674
v -0.025760 0.038557 0.047131
v -0.046260 0.048551 0.039691
v -0.071709 0.047821 0.012734
v -0.014270 -0.100932 0.016890
v -0.074253 0.042488 0.009333
v -0.011170 -0.103427 0.012793
v -0.069411 0.006404 0.017673
v -0.071514 0.007267 0.014647
v -0.043659 0.042387 0.040810
v -0.008410 -0.106741 0.010246
v 0.016727 -0.055752 0.042930
v 0.021628 -0.056592 0.038753
v 0.023439 -0.046798 0.039774
v 0.028773 -0.044094 0.035432
v -0.049699 0.068008 0.030587
v -0.044421 0.114050 -0.017781
v -0.048866 0.060909 0.034159
v -0.061770 0.053471 0.025566
v 0.027562 -0.055953 0.033514
v -0.046375 0.109401 -0.008827
v 0.018499 -0.048007 0.043482
v 0.034161 -0.052487 0.027111
v 0.034200 -0.039560 0.030577
v 0.032293 -0.027001 0.035734
v 0.038435 -0.033616 0.026200
v -0.067772 0.051926 0.018043
v 0.039464 -0.046860 0.020896
v -0.074606 0.012125 0.006514
v -0.031874 0.054463 0.043729
v -0.075329 0.017896 0.003379
v 0.036518 -0.022657 0.032011
v -0.039794 0.054464 0.041385
v -0.028536 0.124766 -0.078556
v 0.039974 -0.018276 0.028411
v 0.041506 -0.028811 0.022273
v 0.043103 -0.040069 0.016426
v 0.022936 -0.068488 0.032682
v -0.038146 0.035253 0.039296
v 0.046271 -0.033889 0.011626
v -0.060787 0.007097 0.024922
v -0.063504 0.006659 0.022989
v 0.043066 -0.014366 0.024198
v -0.034593 0.124466 -0.068241
v -0.074127 0.009985 0.008774
v -0.050785 0.085930 0.019631
v -0.033873 0.028564 0.038258
v -0.035672 0.031389 0.038010
v -0.050278 0.092750 0.012900
v 0.044447 -0.023615 0.017947
v 0.046602 -0.008896 0.018781
v 0.048863 -0.017822 0.010521
v -0.049229 0.098837 0.005986
v 0.050591 -0.025955 0.003928
v 0.055565 -0.023572 -0.010589
v -0.042625 0.118211 -0.028309
v -0.044900 0.010463 0.031788
v 0.054818 -0.031828 -0.040555
v -0.005374 -0.028922 0.052165
v -0.011063 -0.027080 0.053713
v -0.075959 0.036294 0.006393
v -0.076475 0.029665 0.004651
v -0.037943 0.123758 -0.054736
v -0.054096 0.008178 0.028862
v -0.075949 0.023702 0.003566
v -0.015419 0.126768 -0.084184
v -0.016460 -0.026292 0.055866
v -0.073120 0.008333 0.011643
v -0.020755 -0.025923 0.057557
v -0.024802 -0.025957 0.058083
v -0.055489 0.054290 0.031875
v -0.057664 0.007542 0.026978
v -0.033239 0.025416 0.037862
v -0.040418 0.012770 0.033028
v -0.037136 0.015793 0.034130
v -0.047902 0.104314 -0.001039
v -0.035010 0.018768 0.035514
v -0.033501 0.022016 0.037193
v -0.049547 0.008970 0.030683
v -0.050626 0.076872 0.026059
v -0.040304 0.121488 -0.040832
v -0.066542 0.006425 0.020489
v 0.000342 0.128078 -0.083896
v -0.025375 0.054541 0.045130
v -0.034165 0.020411 0.036533
v -0.041023 0.038587 0.040348
v -0.047961 0.054424 0.037403
v -0.028138 -0.055572 0.055653
v -0.052438 -0.039159 0.040590
v -0.053565 -0.041177 0.038960
v -0.052969 -0.046818 0.037211
v -0.046159 -0.034316 0.046966
v -0.049971 -0.036877 0.043214
v -0.044967 -0.053313 0.046451
v -0.053813 -0.043073 0.037938
v -0.040032 -0.054504 0.050659
v -0.053921 -0.044932 0.037167
v -0.034590 -0.054946 0.053459
v -0.028477 -0.031002 0.057688
v -0.037320 -0.030844 0.054355
v -0.032914 -0.030578 0.056733
v -0.041744 -0.032119 0.050902
v -0.051168 -0.048980 0.038671
v -0.048740 -0.051382 0.041843
v -0.026084 -0.014851 0.068094
v -0.026691 -0.016431 0.065409
v -0.008332 0.020616 0.036235
v -0.020344 -0.018649 0.056813
v -0.021845 0.004691 0.061757
v -0.009684 0.020870 0.036474
v -0.017680 -0.018280 0.056228
v -0.021034 0.011272 0.056239
v -0.017031 0.020141 0.044011
v -0.021668 0.007907 0.059054
v -0.012499 -0.014889 0.057500
v -0.013923 -0.017751 0.056035
v -0.023772 -0.008896 0.071136
v -0.022715 -0.006110 0.070358
v -0.022907 -0.011941 0.069163
v -0.025635 -0.013729 0.069324
v -0.006914 0.020378 0.037052
v 0.004917 0.021548 0.033485
v -0.024541 -0.010891 0.070866
v -0.027556 -0.012946 0.070916
v -0.003244 0.021085 0.035742
v -0.007523 0.020503 0.036653
v -0.017830 -0.010372 0.065058
v -0.019087 0.019182 0.047994
v -0.014359 -0.012014 0.061361
v -0.006047 0.020476 0.037216
v -0.005436 0.020654 0.037301
v -0.021939 0.001052 0.064838
v -0.000734 0.020994 0.036495
v -0.026098 -0.018309 0.060507
v -0.020036 -0.011060 0.067056
v -0.021651 -0.011563 0.068235
v -0.025290 -0.019137 0.058827
v -0.012382 0.020718 0.038067
v -0.020021 0.016935 0.051466
v -0.020601 0.014166 0.054199
v -0.026659 -0.017362 0.062859
v -0.022156 -0.002646 0.068265
v -0.022603 -0.018701 0.057905
v -0.025163 -0.012493 0.070190
v 0.004766 0.035469 0.044592
v 0.004886 0.033101 0.043328
v -0.002688 0.038415 0.046713
v -0.020842 0.038489 0.047580
v -0.015486 0.038563 0.047718
v 0.005741 0.028360 0.042424
v 0.006356 0.025977 0.040875
v 0.004871 0.030978 0.042045
v 0.005967 0.026358 0.042478
v 0.005912 0.027278 0.042860
v 0.004971 0.029964 0.041717
v 0.004898 0.030001 0.041787
v 0.002584 0.037590 0.045850
v 0.005326 0.029330 0.041771
v 0.006928 0.025550 0.039152
v 0.008589 0.023776 0.034815
v -0.004153 0.048633 0.049187
v 0.029325 0.048248 0.033827
v 0.032803 0.042882 0.031629
v 0.024972 0.006598 0.037836
v 0.028054 0.007540 0.035797
v -0.007043 0.042391 0.049190
v 0.002381 0.068231 0.041522
v 0.015804 0.114235 -0.005634
v 0.000303 0.061079 0.044617
v 0.015432 0.053766 0.041913
v 0.014090 0.109514 0.003419
v 0.023783 0.052315 0.037251
v 0.034276 0.012536 0.029572
v -0.018897 0.054499 0.046659
v 0.036362 0.018309 0.027093
v -0.010717 0.054550 0.047850
v 0.024855 0.124945 -0.067815
v -0.011683 0.035311 0.045285
v 0.014218 0.007209 0.041374
v 0.017486 0.006780 0.040619
v 0.026451 0.124690 -0.055971
v 0.032834 0.010343 0.031370
v 0.007528 0.086021 0.031558
v -0.015333 0.028725 0.042397
v -0.013557 0.031546 0.042946
v 0.009253 0.092542 0.025271
v 0.010940 0.098751 0.018340
v 0.018280 0.118442 -0.016054
v -0.003195 0.010347 0.040878
v 0.035382 0.036673 0.029591
v 0.036615 0.030030 0.028401
v 0.024292 0.124016 -0.042238
v 0.006534 0.008095 0.042080
v 0.036792 0.024079 0.027375
v 0.014963 0.126834 -0.078060
v 0.030784 0.008629 0.033624
v 0.007247 0.054499 0.045289
v 0.010501 0.007592 0.041936
v -0.016015 0.025561 0.041673
v -0.007888 0.012663 0.040163
v -0.011331 0.015707 0.039846
v 0.012448 0.104337 0.011253
v -0.013781 0.018719 0.040259
v -0.015682 0.022089 0.041128
v 0.001439 0.008886 0.041729
v 0.004972 0.077129 0.037653
v 0.021043 0.121751 -0.028509
v 0.021235 0.006562 0.039391
v -0.014889 0.020412 0.040825
v -0.009351 0.038574 0.047554
v -0.001725 0.054552 0.047487
v 0.000130 -0.039253 0.051805
v 0.001804 -0.041281 0.050820
v 0.001813 -0.046920 0.049133
v -0.008108 -0.034438 0.055059
v -0.003161 -0.036993 0.053158
v -0.009483 -0.053311 0.053822
v 0.002355 -0.043168 0.050014
v -0.015486 -0.054524 0.055857
v 0.002722 -0.045022 0.049447
v -0.021586 -0.055059 0.056447
v -0.019106 -0.030851 0.058468
v -0.024073 -0.030548 0.058854
v -0.013762 -0.032177 0.056948
v -0.000443 -0.049037 0.049501
v -0.004088 -0.051383 0.051116
v 0.009744 0.022156 0.029462
v -0.051936 0.021919 0.015890
v 0.005461 0.021398 0.041716
v 0.004021 0.021398 0.040939
v 0.002758 0.021398 0.039897
v 0.001769 0.021399 0.038680
v 0.005493 0.021716 0.041722
v 0.004080 0.022023 0.040952
v 0.002845 0.022306 0.039916
v 0.001880 0.022543 0.038702
v 0.005583 0.022023 0.041741
v 0.004259 0.022623 0.040988
v 0.003104 0.023178 0.039967
v 0.002205 0.023642 0.038768
v 0.005730 0.022305 0.041771
v 0.004548 0.023177 0.041047
v 0.003524 0.023981 0.040053
v 0.002735 0.024655 0.038875
v 0.005929 0.022551 0.041811
v 0.004938 0.023662 0.041125
v 0.004089 0.024686 0.040167
v 0.003447 0.025544 0.039021
v 0.006170 0.022755 0.041860
v 0.005411 0.024060 0.041222
v 0.004778 0.025263 0.040307
v 0.004317 0.026272 0.039195
v 0.006446 0.022905 0.041916
v 0.005953 0.024356 0.041331
v 0.005564 0.025693 0.040465
v 0.005309 0.026814 0.039396
v 0.006746 0.022999 0.041977
v 0.006540 0.024538 0.041450
v 0.006417 0.025957 0.040639
v 0.006384 0.027146 0.039613
v 0.007058 0.023029 0.042039
v 0.007152 0.024599 0.041573
v 0.007305 0.026046 0.040817
v 0.007503 0.027259 0.039840
v 0.007369 0.022998 0.042102
v 0.007763 0.024537 0.041696
v 0.008192 0.025956 0.040996
v 0.008622 0.027145 0.040065
v 0.007669 0.022905 0.042162
v 0.008350 0.024354 0.041814
v 0.009045 0.025691 0.041168
v 0.009697 0.026811 0.040282
v 0.007945 0.022754 0.042217
v 0.008892 0.024058 0.041923
v 0.009831 0.025261 0.041326
v 0.010688 0.026269 0.040482
v 0.008186 0.022550 0.042266
v 0.009366 0.023659 0.042018
v 0.010520 0.024682 0.041465
v 0.011558 0.025540 0.040658
v 0.008386 0.022303 0.042305
v 0.009756 0.023174 0.042096
v 0.011086 0.023978 0.041578
v 0.012271 0.024651 0.040800
v 0.008533 0.022021 0.042335
v 0.010045 0.022621 0.042154
v 0.011506 0.023174 0.041662
v 0.012801 0.023637 0.040906
v 0.008624 0.021714 0.042352
v 0.010224 0.022020 0.042189
v 0.011765 0.022302 0.041714
v 0.013126 0.022538 0.040970
v 0.008655 0.021396 0.042358
v 0.010284 0.021396 0.042201
v 0.011852 0.021395 0.041730
v 0.013238 0.021394 0.040994
v 0.008624 0.021079 0.042351
v 0.010224 0.020771 0.042188
v 0.011765 0.020488 0.041713
v 0.013127 0.020251 0.040970
v 0.008533 0.020772 0.042333
v 0.010046 0.020171 0.042152
v 0.011507 0.019617 0.041660
v 0.012802 0.019152 0.040905
v 0.008386 0.020490 0.042303
v 0.009757 0.019618 0.042094
v 0.011087 0.018813 0.041576
v 0.012273 0.018139 0.040799
v 0.008187 0.020243 0.042264
v 0.009368 0.019133 0.042016
v 0.010523 0.018109 0.041463
v 0.011562 0.017249 0.040657
v 0.007946 0.020040 0.042216
v 0.008894 0.018735 0.041922
v 0.009834 0.017531 0.041325
v 0.010692 0.016521 0.040481
v 0.007671 0.019889 0.042161
v 0.008353 0.018439 0.041812
v 0.009049 0.017101 0.041166
v 0.009701 0.015980 0.040281
v 0.007370 0.019796 0.042100
v 0.007766 0.018256 0.041695
v 0.008196 0.016836 0.040995
v 0.008627 0.015647 0.040064
v 0.007059 0.019765 0.042038
v 0.007155 0.018195 0.041571
v 0.007309 0.016747 0.040816
v 0.007508 0.015534 0.039838
v 0.006748 0.019796 0.041975
v 0.006543 0.018256 0.041449
v 0.006421 0.016837 0.040637
v 0.006389 0.015647 0.039612
v 0.006448 0.019889 0.041914
v 0.005956 0.018439 0.041329
v 0.005568 0.017102 0.040464
v 0.005314 0.015981 0.039394
v 0.006172 0.020040 0.041859
v 0.005414 0.018735 0.041221
v 0.004782 0.017532 0.040305
v 0.004322 0.016523 0.039193
v 0.005930 0.020244 0.041810
v 0.004940 0.019134 0.041124
v 0.004092 0.018110 0.040166
v 0.003452 0.017252 0.039019
v 0.005731 0.020491 0.041770
v 0.004550 0.019619 0.041046
v 0.003527 0.018815 0.040052
v 0.002739 0.018142 0.038874
v 0.007026 0.021397 0.042195
v 0.005584 0.020773 0.041740
v 0.004260 0.020173 0.040987
v 0.003106 0.019619 0.039966
v 0.002207 0.019156 0.038767
v 0.005493 0.021080 0.041722
v 0.004081 0.020773 0.040951
v 0.002846 0.020491 0.039915
v 0.001881 0.020255 0.038702
v 0.000781 0.021399 0.037607
v -0.000719 0.021400 0.035819
v -0.001867 0.021400 0.033646
v -0.002570 0.021401 0.031289
v -0.002799 0.021401 0.028840
v -0.002547 0.021401 0.026393
v -0.001823 0.021400 0.024039
v -0.000657 0.021399 0.021872
v 0.000909 0.021399 0.019974
v 0.002814 0.021398 0.018419
v 0.004984 0.021397 0.017265
v 0.007338 0.021396 0.016558
v 0.009782 0.021395 0.016325
v 0.000913 0.022774 0.037633
v -0.000553 0.023131 0.035853
v -0.001672 0.023437 0.033686
v -0.002353 0.023663 0.031334
v -0.002569 0.023802 0.028887
v -0.002312 0.023849 0.026440
v -0.001594 0.023802 0.024086
v -0.000440 0.023661 0.021916
v 0.001104 0.023435 0.020013
v 0.002980 0.023129 0.018452
v 0.005115 0.022758 0.017291
v 0.007426 0.022333 0.016576
v 0.009828 0.021873 0.016334
v 0.001306 0.024096 0.037713
v -0.000060 0.024797 0.035953
v -0.001092 0.025395 0.033804
v -0.001708 0.025838 0.031464
v -0.001884 0.026112 0.029025
v -0.001615 0.026204 0.026580
v -0.000910 0.026111 0.024224
v 0.000204 0.025837 0.022047
v 0.001684 0.025392 0.020131
v 0.003473 0.024794 0.018552
v 0.005502 0.024065 0.017370
v 0.007694 0.023234 0.016630
v 0.009964 0.022332 0.016362
v 0.001941 0.025315 0.037842
v 0.000742 0.026332 0.036116
v -0.000149 0.027199 0.033995
v -0.000660 0.027843 0.031676
v -0.000772 0.028239 0.029250
v -0.000481 0.028373 0.026810
v 0.000202 0.028238 0.024449
v 0.001252 0.027841 0.022259
v 0.002627 0.027196 0.020322
v 0.004274 0.026328 0.018715
v 0.006132 0.025271 0.017497
v 0.008127 0.024064 0.016718
v 0.010184 0.022756 0.016407
v 0.002798 0.026382 0.038016
v 0.001822 0.027676 0.036334
v 0.001120 0.028780 0.034251
v 0.000750 0.029599 0.031961
v 0.000725 0.030104 0.029553
v 0.001046 0.030274 0.027119
v 0.001700 0.030103 0.024753
v 0.002662 0.029598 0.022545
v 0.003895 0.028777 0.020579
v 0.005353 0.027673 0.018934
v 0.006979 0.026327 0.017669
v 0.008711 0.024792 0.016836
v 0.010483 0.023126 0.016467
v 0.003843 0.027257 0.038226
v 0.003137 0.028779 0.036600
v 0.002667 0.030076 0.034564
v 0.002469 0.031041 0.032309
v 0.002550 0.031634 0.029923
v 0.002905 0.031835 0.027496
v 0.003524 0.031634 0.025122
v 0.004380 0.031039 0.022893
v 0.005442 0.030074 0.020893
v 0.006668 0.028776 0.019200
v 0.008013 0.027194 0.017879
v 0.009424 0.025389 0.016981
v 0.010845 0.023431 0.016540
v 0.005035 0.027907 0.038466
v 0.004639 0.029598 0.036902
v 0.004432 0.031040 0.034921
v 0.004430 0.032112 0.032706
v 0.004630 0.032772 0.030345
v 0.005028 0.032994 0.027926
v 0.005604 0.032771 0.025544
v 0.006340 0.032110 0.023290
v 0.007206 0.031038 0.021250
v 0.008169 0.029595 0.019504
v 0.009192 0.027838 0.018118
v 0.010235 0.025832 0.017145
v 0.011259 0.023656 0.016624
v 0.006328 0.028307 0.038728
v 0.006268 0.030102 0.037232
v 0.006347 0.031633 0.035309
v 0.006558 0.032771 0.033137
v 0.006890 0.033471 0.030803
v 0.007330 0.033707 0.028393
v 0.007863 0.033471 0.026002
v 0.008468 0.032770 0.023722
v 0.009121 0.031631 0.021638
v 0.009798 0.030100 0.019834
v 0.010471 0.028234 0.018377
v 0.011116 0.026106 0.017324
v 0.011708 0.023796 0.016715
v 0.007673 0.028442 0.039000
v 0.007962 0.030272 0.037575
v 0.008339 0.031833 0.035712
v 0.008770 0.032993 0.033585
v 0.009238 0.033706 0.031278
v 0.009725 0.033949 0.028880
v 0.010212 0.033706 0.026478
v 0.010680 0.032992 0.024170
v 0.011112 0.031831 0.022042
v 0.011491 0.030270 0.020177
v 0.011802 0.028368 0.018647
v 0.012033 0.026198 0.017509
v 0.012176 0.023843 0.016810
v 0.009018 0.028306 0.039271
v 0.009655 0.030100 0.037917
v 0.010331 0.031631 0.036115
v 0.010983 0.032769 0.034033
v 0.011587 0.033470 0.031754
v 0.012120 0.033705 0.029363
v 0.012561 0.033469 0.026954
v 0.012892 0.032768 0.024618
v 0.013104 0.031630 0.022445
v 0.013184 0.030098 0.020520
v 0.013132 0.028233 0.018916
v 0.012950 0.026105 0.017695
v 0.012643 0.023795 0.016905
v 0.010311 0.027904 0.039532
v 0.011285 0.029595 0.038247
v 0.012246 0.031036 0.036502
v 0.013111 0.032108 0.034464
v 0.013847 0.032768 0.032211
v 0.014424 0.032990 0.029829
v 0.014820 0.032768 0.027411
v 0.015020 0.032107 0.025049
v 0.015019 0.031035 0.022833
v 0.014813 0.029593 0.020850
v 0.014411 0.027836 0.019175
v 0.013831 0.025831 0.017874
v 0.013092 0.023656 0.016996
v 0.011503 0.027253 0.039774
v 0.012786 0.028774 0.038551
v 0.014012 0.030071 0.036860
v 0.015073 0.031035 0.034860
v 0.015928 0.031629 0.032632
v 0.016546 0.031829 0.030259
v 0.016901 0.031629 0.027832
v 0.016982 0.031034 0.025446
v 0.016784 0.030070 0.023190
v 0.016314 0.028772 0.021154
v 0.015591 0.027191 0.019414
v 0.014643 0.025387 0.018038
v 0.013507 0.023430 0.017080
v 0.012548 0.026377 0.039985
v 0.014102 0.027670 0.038817
v 0.015559 0.028773 0.037173
v 0.016792 0.029593 0.035209
v 0.017754 0.030097 0.033002
v 0.018407 0.030267 0.030636
v 0.018727 0.030096 0.028202
v 0.018701 0.029592 0.025794
v 0.018331 0.028772 0.023504
v 0.017630 0.027668 0.021421
v 0.016625 0.026324 0.019624
v 0.015356 0.024790 0.018182
v 0.013869 0.023125 0.017153
v 0.013405 0.025309 0.040158
v 0.015182 0.026325 0.039036
v 0.016829 0.027191 0.037430
v 0.018203 0.027835 0.035494
v 0.019253 0.028231 0.033305
v 0.019935 0.028365 0.030945
v 0.020225 0.028230 0.028506
v 0.020112 0.027834 0.026080
v 0.019600 0.027190 0.023761
v 0.018710 0.026323 0.021640
v 0.017474 0.025267 0.019795
v 0.015940 0.024061 0.018301
v 0.014167 0.022754 0.017213
v 0.014041 0.024090 0.040284
v 0.015985 0.024790 0.039197
v 0.017773 0.025387 0.037621
v 0.019254 0.025830 0.035708
v 0.020367 0.026103 0.033532
v 0.021071 0.026194 0.031176
v 0.021339 0.026103 0.028731
v 0.021161 0.025829 0.026293
v 0.020544 0.025385 0.023952
v 0.019512 0.024788 0.021802
v 0.018104 0.024060 0.019923
v 0.016374 0.023231 0.018389
v 0.014388 0.022331 0.017258
v 0.014434 0.022768 0.040363
v 0.016480 0.023124 0.039297
v 0.018356 0.023428 0.037739
v 0.019901 0.023654 0.035840
v 0.021053 0.023793 0.033671
v 0.021770 0.023840 0.031318
v 0.022026 0.023792 0.028871
v 0.021808 0.023653 0.026424
v 0.021126 0.023427 0.024070
v 0.020006 0.023122 0.021902
v 0.018492 0.022753 0.020002
v 0.016642 0.022330 0.018443
v 0.014525 0.021871 0.017286
v 0.014568 0.021393 0.040392
v 0.016648 0.021393 0.039332
v 0.018555 0.021392 0.037780
v 0.020121 0.021391 0.035885
v 0.021286 0.021391 0.033718
v 0.022008 0.021392 0.031368
v 0.022257 0.021391 0.028918
v 0.022027 0.021391 0.026468
v 0.021323 0.021391 0.024110
v 0.020174 0.021391 0.021936
v 0.018624 0.021392 0.020028
v 0.016733 0.021392 0.018461
v 0.014571 0.021393 0.017295
v 0.014435 0.020019 0.040363
v 0.016482 0.019661 0.039298
v 0.018359 0.019355 0.037740
v 0.019904 0.019129 0.035841
v 0.021056 0.018990 0.033672
v 0.021772 0.018942 0.031318
v 0.022028 0.018990 0.028871
v 0.021810 0.019129 0.026424
v 0.021128 0.019355 0.024070
v 0.020008 0.019660 0.021902
v 0.018493 0.020031 0.020002
v 0.016643 0.020455 0.018443
v 0.014525 0.020916 0.017286
v 0.014043 0.018697 0.040284
v 0.015988 0.017996 0.039197
v 0.017777 0.017398 0.037622
v 0.019258 0.016954 0.035710
v 0.020371 0.016680 0.033532
v 0.021075 0.016587 0.031176
v 0.021343 0.016679 0.028732
v 0.021165 0.016953 0.026293
v 0.020547 0.017397 0.023952
v 0.019515 0.017995 0.021802
v 0.018106 0.018724 0.019923
v 0.016375 0.019554 0.018389
v 0.014389 0.020456 0.017258
v 0.013408 0.017479 0.040158
v 0.015187 0.016461 0.039036
v 0.016834 0.015594 0.037430
v 0.018209 0.014949 0.035496
v 0.019258 0.014552 0.033306
v 0.019941 0.014418 0.030946
v 0.020231 0.014552 0.028506
v 0.020117 0.014949 0.026080
v 0.019605 0.015593 0.023761
v 0.018713 0.016460 0.021640
v 0.017476 0.017518 0.019795
v 0.015942 0.018724 0.018301
v 0.014168 0.020033 0.017213
v 0.012552 0.016412 0.039985
v 0.014107 0.015117 0.038817
v 0.015565 0.014013 0.037173
v 0.016799 0.013193 0.035209
v 0.017760 0.012688 0.033001
v 0.018414 0.012517 0.030636
v 0.018733 0.012687 0.028202
v 0.018707 0.013192 0.025794
v 0.018336 0.014012 0.023504
v 0.017634 0.015116 0.021421
v 0.016629 0.016461 0.019624
v 0.015358 0.017996 0.018182
v 0.013870 0.019663 0.017153
v 0.011508 0.015536 0.039773
v 0.012792 0.014014 0.038550
v 0.014018 0.012716 0.036859
v 0.015080 0.011751 0.034861
v 0.015936 0.011157 0.032632
v 0.016554 0.010956 0.030259
v 0.016909 0.011157 0.027832
v 0.016989 0.011751 0.025446
v 0.016790 0.012715 0.023190
v 0.016319 0.014013 0.021154
v 0.015596 0.015595 0.019414
v 0.014646 0.017399 0.018038
v 0.013508 0.019358 0.017080
v 0.012225 0.021394 0.016573
v 0.010316 0.014886 0.039531
v 0.011291 0.013195 0.038246
v 0.012254 0.011752 0.036501
v 0.013119 0.010681 0.034464
v 0.013855 0.010020 0.032211
v 0.014433 0.009797 0.029829
v 0.014829 0.010020 0.027411
v 0.015028 0.010680 0.025049
v 0.015026 0.011751 0.022833
v 0.014819 0.013193 0.020850
v 0.014416 0.014951 0.019175
v 0.013834 0.016956 0.017874
v 0.013094 0.019132 0.016996
v 0.009023 0.014485 0.039270
v 0.009662 0.012691 0.037916
v 0.010339 0.011159 0.036114
v 0.010991 0.010021 0.034033
v 0.011596 0.009321 0.031753
v 0.012129 0.009085 0.029363
v 0.012570 0.009320 0.026954
v 0.012901 0.010020 0.024618
v 0.013111 0.011158 0.022445
v 0.013190 0.012689 0.020520
v 0.013137 0.014555 0.018916
v 0.012953 0.016682 0.017695
v 0.012645 0.018993 0.016905
v 0.007679 0.014350 0.038999
v 0.007969 0.012521 0.037573
v 0.008347 0.010959 0.035710
v 0.008779 0.009799 0.033585
v 0.009248 0.009086 0.031277
v 0.009735 0.008845 0.028879
v 0.010221 0.009085 0.026478
v 0.010689 0.009798 0.024170
v 0.011120 0.010958 0.022042
v 0.011497 0.012519 0.020177
v 0.011807 0.014421 0.018646
v 0.012036 0.016591 0.017509
v 0.012177 0.018946 0.016810
v 0.006334 0.014486 0.038726
v 0.006276 0.012692 0.037231
v 0.006356 0.011161 0.035307
v 0.006567 0.010023 0.033137
v 0.006899 0.009323 0.030802
v 0.007340 0.009087 0.028393
v 0.007872 0.009322 0.026002
v 0.008476 0.010022 0.023721
v 0.009128 0.011160 0.021638
v 0.009804 0.012691 0.019834
v 0.010476 0.014556 0.018377
v 0.011120 0.016683 0.017323
v 0.011710 0.018993 0.016715
v 0.005041 0.014888 0.038464
v 0.004646 0.013198 0.036901
v 0.004440 0.011756 0.034920
v 0.004439 0.010684 0.032706
v 0.004639 0.010024 0.030344
v 0.005037 0.009801 0.027926
v 0.005613 0.010023 0.025543
v 0.006348 0.010683 0.023290
v 0.007213 0.011754 0.021250
v 0.008174 0.013196 0.019504
v 0.009197 0.014953 0.018118
v 0.010238 0.016957 0.017145
v 0.011261 0.019133 0.016624
v 0.003849 0.015539 0.038224
v 0.003145 0.014018 0.036597
v 0.002675 0.012721 0.034562
v 0.002477 0.011756 0.032308
v 0.002558 0.011162 0.029922
v 0.002913 0.010961 0.027495
v 0.003532 0.011162 0.025122
v 0.004387 0.011755 0.022893
v 0.005448 0.012719 0.020892
v 0.006674 0.014016 0.019200
v 0.008017 0.015597 0.017879
v 0.009426 0.017401 0.016980
v 0.010846 0.019359 0.016540
v 0.002804 0.016415 0.038013
v 0.001829 0.015122 0.036331
v 0.001128 0.014019 0.034249
v 0.000758 0.013199 0.031960
v 0.000733 0.012694 0.029552
v 0.001053 0.012524 0.027118
v 0.001706 0.012694 0.024752
v 0.002668 0.013198 0.022544
v 0.003901 0.014017 0.020579
v 0.005358 0.015121 0.018933
v 0.006983 0.016465 0.017669
v 0.008714 0.017999 0.016836
v 0.010484 0.019664 0.016467
v 0.001946 0.017484 0.037839
v 0.000748 0.016467 0.036113
v -0.000142 0.015601 0.033992
v -0.000653 0.014957 0.031675
v -0.000766 0.014560 0.029249
v -0.000475 0.014426 0.026809
v 0.000208 0.014560 0.024449
v 0.001257 0.014956 0.022259
v 0.002631 0.015599 0.020322
v 0.004278 0.016466 0.018715
v 0.006135 0.017522 0.017497
v 0.008129 0.018727 0.016718
v 0.010186 0.020034 0.016406
v 0.001309 0.018702 0.037711
v -0.000055 0.018002 0.035951
v -0.001086 0.017405 0.033801
v -0.001703 0.016962 0.031463
v -0.001880 0.016688 0.029024
v -0.001611 0.016597 0.026580
v -0.000906 0.016688 0.024224
v 0.000208 0.016961 0.022047
v 0.001688 0.017404 0.020131
v 0.003476 0.018001 0.018552
v 0.005504 0.018728 0.017370
v 0.007695 0.019557 0.016630
v 0.009965 0.020458 0.016362
v 0.000915 0.020024 0.037632
v -0.000550 0.019669 0.035852
v -0.001669 0.019364 0.033684
v -0.002350 0.019138 0.031333
v -0.002566 0.018999 0.028886
v -0.002310 0.018952 0.026440
v -0.001592 0.018999 0.024086
v -0.000439 0.019137 0.021916
v 0.001106 0.019362 0.020013
v 0.002981 0.019667 0.018452
v 0.005116 0.020036 0.017291
v 0.007427 0.020459 0.016576
v 0.009828 0.020917 0.016334
v -0.056234 0.021492 0.028107
v -0.057674 0.021493 0.027327
v -0.058935 0.021493 0.026282
v -0.059924 0.021493 0.025063
v -0.056203 0.021810 0.028113
v -0.057614 0.022118 0.027340
v -0.058848 0.022400 0.026301
v -0.059813 0.022637 0.025086
v -0.056113 0.022117 0.028132
v -0.057436 0.022718 0.027377
v -0.058590 0.023272 0.026354
v -0.059488 0.023736 0.025153
v -0.055966 0.022399 0.028162
v -0.057148 0.023271 0.027436
v -0.058171 0.024075 0.026441
v -0.058960 0.024749 0.025262
v -0.055768 0.022646 0.028203
v -0.056759 0.023756 0.027516
v -0.057607 0.024780 0.026556
v -0.058249 0.025638 0.025409
v -0.055526 0.022849 0.028252
v -0.056285 0.024154 0.027613
v -0.056919 0.025357 0.026697
v -0.057380 0.026366 0.025585
v -0.055251 0.023000 0.028308
v -0.055744 0.024450 0.027723
v -0.056133 0.025787 0.026856
v -0.056389 0.026908 0.025787
v -0.054951 0.023093 0.028370
v -0.055157 0.024632 0.027843
v -0.055280 0.026052 0.027030
v -0.055314 0.027241 0.026005
v -0.054640 0.023124 0.028433
v -0.054546 0.024694 0.027966
v -0.054393 0.026141 0.027211
v -0.054195 0.027354 0.026233
v -0.054329 0.023093 0.028497
v -0.053935 0.024632 0.028092
v -0.053506 0.026051 0.027392
v -0.053076 0.027241 0.026460
v -0.054028 0.023000 0.028558
v -0.053347 0.024450 0.028210
v -0.052653 0.025786 0.027565
v -0.052002 0.026907 0.026678
v -0.053753 0.022849 0.028614
v -0.052806 0.024154 0.028321
v -0.051867 0.025357 0.027724
v -0.051010 0.026365 0.026880
v -0.053511 0.022646 0.028662
v -0.052331 0.023755 0.028416
v -0.051177 0.024778 0.027864
v -0.050140 0.025637 0.027058
v -0.053312 0.022399 0.028703
v -0.051942 0.023270 0.028496
v -0.050612 0.024074 0.027978
v -0.049427 0.024747 0.027201
v -0.053165 0.022117 0.028732
v -0.051652 0.022716 0.028554
v -0.050192 0.023270 0.028063
v -0.048897 0.023733 0.027308
v -0.053073 0.021810 0.028751
v -0.051473 0.022116 0.028590
v -0.049932 0.022398 0.028116
v -0.048571 0.022634 0.027373
v -0.053043 0.021491 0.028757
v -0.051413 0.021491 0.028602
v -0.049845 0.021490 0.028133
v -0.048459 0.021490 0.027397
v -0.053073 0.021173 0.028751
v -0.051473 0.020866 0.028590
v -0.049932 0.020583 0.028116
v -0.048570 0.020346 0.027373
v -0.053164 0.020866 0.028732
v -0.051652 0.020266 0.028553
v -0.050191 0.019711 0.028062
v -0.048896 0.019247 0.027307
v -0.053312 0.020584 0.028702
v -0.051941 0.019712 0.028495
v -0.050611 0.018907 0.027977
v -0.049426 0.018233 0.027199
v -0.053511 0.020338 0.028662
v -0.052330 0.019227 0.028415
v -0.051176 0.018203 0.027863
v -0.050138 0.017344 0.027055
v -0.053752 0.020134 0.028613
v -0.052804 0.018829 0.028320
v -0.051865 0.017625 0.027723
v -0.051008 0.016616 0.026878
v -0.054028 0.019983 0.028557
v -0.053346 0.018533 0.028209
v -0.052651 0.017196 0.027563
v -0.051999 0.016074 0.026677
v -0.054328 0.019890 0.028496
v -0.053933 0.018350 0.028091
v -0.053504 0.016931 0.027391
v -0.053073 0.015741 0.026459
v -0.054639 0.019859 0.028432
v -0.054544 0.018290 0.027966
v -0.054390 0.016842 0.027210
v -0.054192 0.015628 0.026232
v -0.054950 0.019891 0.028369
v -0.055155 0.018351 0.027842
v -0.055278 0.016932 0.027030
v -0.055311 0.015742 0.026004
v -0.055250 0.019984 0.028308
v -0.055741 0.018534 0.027721
v -0.056130 0.017197 0.026855
v -0.056385 0.016076 0.025786
v -0.055525 0.020135 0.028251
v -0.056283 0.018830 0.027611
v -0.056916 0.017627 0.026695
v -0.057376 0.016618 0.025584
v -0.055766 0.020339 0.028202
v -0.056756 0.019229 0.027514
v -0.057604 0.018206 0.026555
v -0.058246 0.017347 0.025407
v -0.055965 0.020586 0.028161
v -0.057145 0.019714 0.027434
v -0.058168 0.018911 0.026439
v -0.058957 0.018237 0.025260
v -0.054671 0.021492 0.028590
v -0.056112 0.020868 0.028131
v -0.057435 0.020268 0.027376
v -0.058588 0.019715 0.026353
v -0.059486 0.019251 0.025151
v -0.056202 0.021175 0.028113
v -0.057613 0.020868 0.027339
v -0.058847 0.020586 0.026300
v -0.059811 0.020350 0.025085
v -0.060913 0.021494 0.023990
v -0.062415 0.021494 0.022203
v -0.063568 0.021494 0.020032
v -0.064274 0.021494 0.017677
v -0.064504 0.021495 0.015228
v -0.064253 0.021495 0.012782
v -0.063528 0.021494 0.010428
v -0.062362 0.021493 0.008261
v -0.060796 0.021493 0.006363
v -0.058890 0.021492 0.004809
v -0.056720 0.021491 0.003655
v -0.054367 0.021490 0.002948
v -0.051923 0.021490 0.002716
v -0.060780 0.022868 0.024017
v -0.062249 0.023225 0.022237
v -0.063372 0.023531 0.020072
v -0.064056 0.023756 0.017721
v -0.064273 0.023896 0.015275
v -0.064016 0.023943 0.012828
v -0.063298 0.023896 0.010475
v -0.062145 0.023755 0.008306
v -0.060600 0.023529 0.006403
v -0.058724 0.023223 0.004843
v -0.056589 0.022852 0.003682
v -0.054278 0.022428 0.002966
v -0.051877 0.021967 0.002725
v -0.060389 0.024190 0.024097
v -0.061756 0.024891 0.022338
v -0.062791 0.025489 0.020191
v -0.063410 0.025932 0.017851
v -0.063587 0.026206 0.015414
v -0.063319 0.026298 0.012969
v -0.062613 0.026205 0.010613
v -0.061499 0.025931 0.008436
v -0.060019 0.025487 0.006521
v -0.058231 0.024889 0.004943
v -0.056202 0.024159 0.003760
v -0.054010 0.023329 0.003021
v -0.051740 0.022427 0.002753
v -0.059755 0.025408 0.024229
v -0.060956 0.026425 0.022503
v -0.061848 0.027293 0.020382
v -0.062361 0.027937 0.018064
v -0.062474 0.028333 0.015639
v -0.062184 0.028467 0.013199
v -0.061501 0.028332 0.010839
v -0.060451 0.027935 0.008649
v -0.059077 0.027290 0.006712
v -0.057429 0.026423 0.005105
v -0.055572 0.025365 0.003888
v -0.053577 0.024158 0.003109
v -0.051520 0.022850 0.002798
v -0.058899 0.026476 0.024403
v -0.059876 0.027770 0.022722
v -0.060579 0.028874 0.020640
v -0.060950 0.029694 0.018350
v -0.060976 0.030198 0.015942
v -0.060657 0.030368 0.013509
v -0.060003 0.030197 0.011142
v -0.059042 0.029692 0.008935
v -0.057808 0.028872 0.006969
v -0.056350 0.027767 0.005324
v -0.054724 0.026422 0.004060
v -0.052993 0.024887 0.003227
v -0.051221 0.023220 0.002858
v -0.057855 0.027351 0.024615
v -0.058561 0.028873 0.022989
v -0.059032 0.030171 0.020954
v -0.059232 0.031135 0.018698
v -0.059152 0.031729 0.016313
v -0.058797 0.031929 0.013886
v -0.058179 0.031728 0.011513
v -0.057323 0.031134 0.009283
v -0.056262 0.030169 0.007283
v -0.055035 0.028871 0.005591
v -0.053691 0.027289 0.004270
v -0.052280 0.025484 0.003372
v -0.050859 0.023525 0.002932
v -0.056663 0.028001 0.024857
v -0.057060 0.029692 0.023293
v -0.057268 0.031134 0.021311
v -0.057271 0.032206 0.019097
v -0.057071 0.032866 0.016735
v -0.056675 0.033089 0.014317
v -0.056098 0.032866 0.011935
v -0.055363 0.032205 0.009681
v -0.054497 0.031132 0.007641
v -0.053535 0.029690 0.005895
v -0.052512 0.027932 0.004509
v -0.051469 0.025927 0.003536
v -0.050445 0.023751 0.003016
v -0.055370 0.028402 0.025119
v -0.055431 0.030197 0.023624
v -0.055353 0.031728 0.021700
v -0.055143 0.032866 0.019529
v -0.054812 0.033566 0.017194
v -0.054372 0.033802 0.014784
v -0.053839 0.033566 0.012394
v -0.053235 0.032865 0.010113
v -0.052583 0.031726 0.008029
v -0.051906 0.030194 0.006226
v -0.051233 0.028328 0.004768
v -0.050588 0.026201 0.003715
v -0.049996 0.023890 0.003107
v -0.054026 0.028537 0.025394
v -0.053738 0.030367 0.023968
v -0.053361 0.031928 0.022105
v -0.052930 0.033088 0.019977
v -0.052463 0.033801 0.017670
v -0.051978 0.034044 0.015272
v -0.051491 0.033801 0.012870
v -0.051023 0.033087 0.010562
v -0.050591 0.031926 0.008433
v -0.050213 0.030364 0.006569
v -0.049902 0.028462 0.005038
v -0.049671 0.026293 0.003901
v -0.049529 0.023937 0.003202
v -0.052681 0.028402 0.025666
v -0.052045 0.030196 0.024312
v -0.051369 0.031727 0.022509
v -0.050718 0.032865 0.020426
v -0.050114 0.033565 0.018147
v -0.049582 0.033800 0.015756
v -0.049142 0.033564 0.013346
v -0.048811 0.032863 0.011010
v -0.048600 0.031725 0.008837
v -0.048520 0.030193 0.006912
v -0.048571 0.028327 0.005308
v -0.048754 0.026200 0.004087
v -0.049061 0.023890 0.003296
v -0.051388 0.028000 0.025929
v -0.050415 0.029691 0.024643
v -0.049453 0.031133 0.022898
v -0.048590 0.032204 0.020859
v -0.047855 0.032864 0.018605
v -0.047278 0.033086 0.016223
v -0.046882 0.032863 0.013804
v -0.046682 0.032202 0.011442
v -0.046685 0.031130 0.009226
v -0.046891 0.029688 0.007243
v -0.047293 0.027931 0.005567
v -0.047873 0.025926 0.004266
v -0.048612 0.023750 0.003387
v -0.050196 0.027350 0.026172
v -0.048913 0.028871 0.024949
v -0.047688 0.030168 0.023257
v -0.046627 0.031132 0.021257
v -0.045773 0.031725 0.019027
v -0.045156 0.031925 0.016654
v -0.044801 0.031724 0.014226
v -0.044721 0.031130 0.011839
v -0.044920 0.030165 0.009584
v -0.045390 0.028867 0.007547
v -0.046112 0.027286 0.005807
v -0.047061 0.025482 0.004430
v -0.048198 0.023525 0.003471
v -0.049151 0.026474 0.026385
v -0.047597 0.027767 0.025216
v -0.046140 0.028870 0.023572
v -0.044908 0.029689 0.021606
v -0.043948 0.030193 0.019398
v -0.043295 0.030363 0.017031
v -0.042976 0.030192 0.014596
v -0.043002 0.029687 0.012188
v -0.043373 0.028867 0.009897
v -0.044074 0.027763 0.007814
v -0.045079 0.026419 0.006016
v -0.046348 0.024885 0.004575
v -0.047835 0.023219 0.003545
v -0.048293 0.025406 0.026559
v -0.046516 0.026422 0.025437
v -0.044870 0.027289 0.023830
v -0.043497 0.027932 0.021893
v -0.042449 0.028327 0.019702
v -0.041767 0.028461 0.017341
v -0.041478 0.028326 0.014900
v -0.041591 0.027929 0.012474
v -0.042103 0.027285 0.010155
v -0.042994 0.026418 0.008033
v -0.044230 0.025362 0.006188
v -0.045764 0.024156 0.004693
v -0.047537 0.022849 0.003605
v -0.047657 0.024187 0.026686
v -0.045713 0.024887 0.025599
v -0.043925 0.025484 0.024022
v -0.042448 0.025926 0.022106
v -0.041336 0.026199 0.019928
v -0.040632 0.026290 0.017571
v -0.040364 0.026198 0.015126
v -0.040542 0.025924 0.012687
v -0.041159 0.025480 0.010346
v -0.042192 0.024884 0.008195
v -0.043600 0.024155 0.006316
v -0.045330 0.023326 0.004781
v -0.047316 0.022425 0.003650
v -0.047264 0.022865 0.026766
v -0.045220 0.023221 0.025697
v -0.043344 0.023525 0.024139
v -0.041801 0.023750 0.022237
v -0.040650 0.023889 0.020067
v -0.039934 0.023936 0.017713
v -0.039679 0.023888 0.015265
v -0.039896 0.023748 0.012818
v -0.040578 0.023522 0.010464
v -0.041698 0.023217 0.008295
v -0.043212 0.022848 0.006395
v -0.045062 0.022425 0.004835
v -0.047179 0.021966 0.003678
v -0.047131 0.021490 0.026793
v -0.045053 0.021489 0.025731
v -0.043148 0.021488 0.024177
v -0.041583 0.021488 0.022281
v -0.040418 0.021488 0.020113
v -0.039697 0.021488 0.017762
v -0.039448 0.021487 0.015312
v -0.039678 0.021486 0.012862
v -0.040381 0.021486 0.010503
v -0.041531 0.021486 0.008329
v -0.043080 0.021487 0.006421
v -0.044972 0.021487 0.004854
v -0.047133 0.021488 0.003687
v -0.047264 0.020114 0.026764
v -0.045220 0.019758 0.025696
v -0.043345 0.019452 0.024136
v -0.041801 0.019226 0.022236
v -0.040649 0.019086 0.020066
v -0.039933 0.019038 0.017713
v -0.039677 0.019085 0.015265
v -0.039895 0.019224 0.012818
v -0.040577 0.019450 0.010463
v -0.041697 0.019755 0.008295
v -0.043211 0.020126 0.006394
v -0.045061 0.020550 0.004835
v -0.047179 0.021010 0.003678
v -0.047657 0.018793 0.026684
v -0.045714 0.018092 0.025594
v -0.043926 0.017494 0.024017
v -0.042447 0.017050 0.022104
v -0.041334 0.016775 0.019926
v -0.040630 0.016683 0.017570
v -0.040362 0.016775 0.015125
v -0.040540 0.017049 0.012686
v -0.041157 0.017492 0.010345
v -0.042190 0.018090 0.008195
v -0.043598 0.018818 0.006316
v -0.045329 0.019649 0.004781
v -0.047315 0.020551 0.003650
v -0.048292 0.017574 0.026555
v -0.046516 0.016557 0.025432
v -0.044869 0.015690 0.023825
v -0.043495 0.015045 0.021890
v -0.042446 0.014648 0.019700
v -0.041764 0.014513 0.017339
v -0.041474 0.014648 0.014899
v -0.041588 0.015044 0.012473
v -0.042100 0.015688 0.010154
v -0.042991 0.016555 0.008032
v -0.044228 0.017612 0.006188
v -0.045763 0.018819 0.004693
v -0.047536 0.020127 0.003605
v -0.049149 0.016507 0.026382
v -0.047595 0.015213 0.025212
v -0.046138 0.014108 0.023568
v -0.044905 0.013288 0.021604
v -0.043944 0.012783 0.019396
v -0.043291 0.012612 0.017029
v -0.042971 0.012783 0.014595
v -0.042998 0.013287 0.012187
v -0.043368 0.014107 0.009897
v -0.044070 0.015211 0.007813
v -0.045076 0.016556 0.006016
v -0.046346 0.018091 0.004574
v -0.047834 0.019757 0.003545
v -0.050193 0.015631 0.026169
v -0.048910 0.014109 0.024945
v -0.047684 0.012811 0.023254
v -0.046623 0.011847 0.021255
v -0.045768 0.011252 0.019025
v -0.045150 0.011051 0.016652
v -0.044795 0.011252 0.014225
v -0.044715 0.011846 0.011839
v -0.044915 0.012810 0.009583
v -0.045385 0.014108 0.007547
v -0.046109 0.015689 0.005806
v -0.047059 0.017494 0.004430
v -0.048196 0.019452 0.003471
v -0.049480 0.021489 0.002965
v -0.051385 0.014981 0.025927
v -0.050411 0.013290 0.024640
v -0.049449 0.011847 0.022896
v -0.048584 0.010775 0.020858
v -0.047848 0.010115 0.018604
v -0.047272 0.009892 0.016222
v -0.046875 0.010115 0.013803
v -0.046676 0.010775 0.011441
v -0.046679 0.011846 0.009225
v -0.046886 0.013288 0.007242
v -0.047288 0.015045 0.005567
v -0.047870 0.017051 0.004265
v -0.048610 0.019227 0.003387
v -0.052677 0.014580 0.025665
v -0.052040 0.012786 0.024310
v -0.051363 0.011254 0.022507
v -0.050712 0.010116 0.020426
v -0.050107 0.009415 0.018146
v -0.049575 0.009179 0.015755
v -0.049135 0.009415 0.013346
v -0.048804 0.010115 0.011010
v -0.048593 0.011253 0.008837
v -0.048515 0.012784 0.006912
v -0.048567 0.014649 0.005308
v -0.048751 0.016777 0.004087
v -0.049060 0.019087 0.003296
v -0.054022 0.014445 0.025392
v -0.053733 0.012615 0.023966
v -0.053355 0.011054 0.022103
v -0.052924 0.009894 0.019977
v -0.052456 0.009180 0.017669
v -0.051970 0.008939 0.015271
v -0.051483 0.009180 0.012870
v -0.051016 0.009893 0.010561
v -0.050585 0.011053 0.008433
v -0.050207 0.012614 0.006569
v -0.049898 0.014515 0.005038
v -0.049668 0.016686 0.003901
v -0.049527 0.019040 0.003201
v -0.055366 0.014581 0.025118
v -0.055426 0.012787 0.023623
v -0.055346 0.011255 0.021699
v -0.055136 0.010117 0.019529
v -0.054805 0.009417 0.017193
v -0.054365 0.009181 0.014784
v -0.053832 0.009416 0.012393
v -0.053228 0.010116 0.010113
v -0.052576 0.011254 0.008029
v -0.051900 0.012785 0.006226
v -0.051229 0.014650 0.004768
v -0.050585 0.016778 0.003715
v -0.049994 0.019087 0.003107
v -0.056659 0.014983 0.024856
v -0.057055 0.013292 0.023292
v -0.057262 0.011850 0.021311
v -0.057264 0.010778 0.019097
v -0.057064 0.010118 0.016735
v -0.056667 0.009895 0.014316
v -0.056091 0.010117 0.011934
v -0.055356 0.010777 0.009681
v -0.054491 0.011849 0.007641
v -0.053530 0.013290 0.005895
v -0.052508 0.015047 0.004509
v -0.051466 0.017052 0.003536
v -0.050444 0.019227 0.003016
v -0.057851 0.015633 0.024614
v -0.058557 0.014112 0.022988
v -0.059027 0.012815 0.020953
v -0.059226 0.011850 0.018699
v -0.059145 0.011256 0.016312
v -0.058791 0.011055 0.013886
v -0.058172 0.011256 0.011512
v -0.057317 0.011850 0.009283
v -0.056256 0.012814 0.007283
v -0.055031 0.014111 0.005591
v -0.053687 0.015692 0.004270
v -0.052278 0.017496 0.003372
v -0.050858 0.019453 0.002931
v -0.058895 0.016510 0.024402
v -0.059872 0.015216 0.022721
v -0.060574 0.014112 0.020639
v -0.060945 0.013293 0.018350
v -0.060971 0.012788 0.015942
v -0.060651 0.012617 0.013508
v -0.059998 0.012788 0.011142
v -0.059036 0.013292 0.008935
v -0.057803 0.014112 0.006969
v -0.056346 0.015215 0.005324
v -0.054721 0.016559 0.004060
v -0.052991 0.018093 0.003227
v -0.051220 0.019758 0.002858
v -0.059752 0.017578 0.024228
v -0.060953 0.016561 0.022502
v -0.061844 0.015694 0.020382
v -0.062357 0.015050 0.018064
v -0.062470 0.014654 0.015639
v -0.062179 0.014520 0.013199
v -0.061497 0.014654 0.010839
v -0.060447 0.015050 0.008649
v -0.059073 0.015694 0.006712
v -0.057426 0.016560 0.005105
v -0.055570 0.017616 0.003888
v -0.053575 0.018822 0.003109
v -0.051519 0.020129 0.002798
v -0.060386 0.018797 0.024096
v -0.061754 0.018096 0.022337
v -0.062789 0.017499 0.020190
v -0.063407 0.017056 0.017852
v -0.063585 0.016782 0.015413
v -0.063315 0.016691 0.012969
v -0.062611 0.016782 0.010613
v -0.061497 0.017055 0.008436
v -0.060017 0.017498 0.006521
v -0.058229 0.018095 0.004943
v -0.056200 0.018823 0.003760
v -0.054009 0.019652 0.003021
v -0.051740 0.020552 0.002753
v -0.060778 0.020119 0.024016
v -0.062248 0.019763 0.022237
v -0.063371 0.019457 0.020072
v -0.064055 0.019232 0.017721
v -0.064272 0.019093 0.015275
v -0.064015 0.019045 0.012828
v -0.063297 0.019092 0.010475
v -0.062143 0.019231 0.008306
v -0.060599 0.019456 0.006403
v -0.058723 0.019761 0.004843
v -0.056588 0.020130 0.003682
v -0.054277 0.020553 0.002966
v -0.051876 0.021012 0.002725
f 4 2 1
f 8 6 5
f 13 15 14
f 17 19 18
f 32 30 29
f 36 34 33
f 37 39 38
f 21 23 20
f 25 27 24
f 41 43 42
f 48 46 45
f 52 50 49
f 53 55 54
f 60 58 57
f 29 62 61
f 66 64 63
f 67 6 68
f 72 70 69
f 76 74 73
f 77 79 78
f 81 83 82
f 59 86 85
f 88 90 89
f 96 94 93
f 100 98 97
f 101 103 102
f 106 34 87
f 108 115 107
f 117 36 118
f 124 126 125
f 131 129 128
f 132 134 133
f 142 140 139
f 148 60 147
f 144 127 124
f 149 151 150
f 156 154 153
f 159 158 157
f 116 164 105
f 171 169 168
f 174 173 172
f 179 181 180
f 186 188 187
f 194 196 195
f 199 139 198
f 206 208 207
f 213 211 210
f 202 214 201
f 96 216 54
f 92 43 44
f 97 246 100
f 250 229 228
f 252 58 253
f 258 256 255
f 260 229 259
f 110 112 113
f 114 263 109
f 265 267 266
f 56 270 269
f 274 249 250
f 185 63 64
f 280 278 276
f 285 283 157
f 288 211 212
f 141 92 46
f 289 175 176
f 148 105 106
f 312 170 171
f 238 42 43
f 318 160 317
f 310 308 307
f 241 325 324
f 160 240 317
f 47 307 308
f 108 315 164
f 345 86 119
f 348 350 349
f 356 358 357
f 355 353 352
f 363 32 362
f 149 150 176
f 364 253 365
f 366 368 367
f 183 371 63
f 163 161 160
f 209 101 208
f 378 165 166
f 379 381 380
f 383 3 4
f 284 386 385
f 387 389 388
f 391 229 249
f 73 397 396
f 405 407 406
f 203 411 410
f 414 413 412
f 1 357 4
f 277 131 275
f 254 57 58
f 358 415 351
f 417 386 408
f 401 192 420
f 419 127 143
f 421 182 422
f 103 302 409
f 428 368 174
f 380 359 356
f 62 266 323
f 140 431 430
f 357 351 348
f 356 379 380
f 415 403 434
f 437 436 435
f 438 440 439
f 188 450 449
f 452 454 453
f 265 181 421
f 224 64 225
f 237 213 427
f 275 128 458
f 281 460 459
f 50 79 461
f 73 282 281
f 468 466 465
f 390 352 359
f 482 484 483
f 489 487 486
f 493 495 494
f 472 470 469
f 502 500 499
f 220 222 223
f 512 143 66
f 518 511 80
f 513 230 286
f 205 31 244
f 189 451 188
f 163 532 8
f 533 225 251
f 446 447 412
f 335 540 334
f 544 546 545
f 329 291 292
f 199 262 238
f 385 416 550
f 532 191 247
f 363 118 243
f 236 237 250
f 578 580 579
f 573 571 570
f 561 562 272
f 241 259 240
f 590 592 591
f 545 595 594
f 503 155 504
f 606 624 623
f 478 480 479
f 646 648 647
f 590 689 684
f 564 651 650
f 728 184 727
f 714 716 715
f 692 575 693
f 541 581 578
f 346 248 400
f 161 230 160
f 128 94 95
f 698 704 703
f 574 576 575
f 290 401 328
f 630 725 726
f 733 735 734
f 755 496 493
f 759 481 760
f 757 762 761
f 764 466 467
f 768 3808 3809
f 759 488 489
f 492 475 771
f 474 769 473
f 773 465 772
f 771 486 483
f 484 775 491
f 774 489 486
f 495 764 756
f 495 761 494
f 137 784 136
f 325 797 547
f 165 51 52
f 369 29 370
f 730 568 569
f 90 301 89
f 243 516 242
f 800 806 805
f 817 808 816
f 816 823 822
f 306 447 807
f 815 809 808
f 829 828 825
f 726 501 502
f 274 424 423
f 879 881 880
f 884 879 885
f 219 217 211
f 906 904 897
f 455 205 542
f 898 830 829
f 903 880 881
f 906 897 898
f 377 519 165
f 923 948 946
f 946 951 950
f 3519 739 3517
f 900 886 880
f 225 65 144
f 182 442 422
f 809 947 824
f 954 962 961
f 927 965 966
f 885 880 886
f 925 966 967
f 343 341 340
f 965 971 968
f 968 970 969
f 972 969 973
f 963 981 978
f 336 338 339
f 992 827 828
f 810 996 959
f 1007 1002 1008
f 1012 827 1009
f 1011 1007 1008
f 294 292 291
f 907 920 919
f 1017 1019 1018
f 1020 1022 1021
f 1035 1020 1044
f 1061 1047 1046
f 1063 1046 1062
f 1044 1021 1045
f 1102 1097 1109
f 1116 1118 1117
f 1016 1014 1013
f 881 904 903
f 816 1127 817
f 1094 949 1097
f 514 167 515
f 146 81 82
f 1133 1130 1129
f 1102 1126 822
f 822 1116 816
f 1145 1148 1136
f 1076 1151 1069
f 1148 1086 1087
f 1109 1114 1136
f 1154 1156 1155
f 1153 967 1156
f 3464 463 3714
f 1144 1152 1151
f 1156 1163 1162
f 1164 1169 1165
f 1145 1176 1147
f 1114 1154 1171
f 1183 1164 1177
f 1184 1177 1185
f 1069 1062 1064
f 1023 1194 1022
f 1162 1170 1169
f 1195 1185 1191
f 1183 1176 1155
f 1201 1152 1196
f 1061 1201 1202
f 3825 843 3836
f 1203 1195 1034
f 1202 1184 1195
f 1218 1203 1217
f 1060 1202 1203
f 1225 1217 1219
f 671 694 670
f 1219 1024 1035
f 1217 1034 1024
f 1226 1015 1227
f 1243 1234 1233
f 1231 1229 1228
f 847 1233 843
f 843 1244 878
f 1233 1245 1244
f 1923 233 216
f 2100 499 500
f 3914 2135 3900
f 61 323 505
f 210 217 457
f 1299 1309 1300
f 3863 1231 3862
f 1066 1321 1322
f 1322 1228 1229
f 1060 1321 1047
f 1325 1323 1310
f 1244 1332 1330
f 1290 1242 1288
f 1337 1339 1338
f 1330 1340 1339
f 1341 1245 1294
f 1342 1332 1341
f 1343 1341 1344
f 1344 1294 1293
f 3857 1345 1346
f 1347 1342 1343
f 3856 1295 1345
f 1349 1348 1347
f 3861 1347 3853
f 3853 1343 3857
f 906 829 1353
f 905 1353 1354
f 865 1355 1357
f 1355 829 825
f 1357 825 826
f 1356 1353 1355
f 3834 1338 3833
f 866 1356 865
f 1358 1354 1356
f 3828 1337 3834
f 838 1012 841
f 1363 1338 1339
f 1368 1339 1340
f 1348 1340 1342
f 1371 3824 3829
f 524 526 523
f 528 530 527
f 1372 1369 1371
f 535 537 538
f 1367 1348 1350
f 1370 1359 1369
f 1369 3833 3824
f 1373 903 904
f 555 557 558
f 1374 910 1373
f 1373 905 1375
f 1374 1375 1376
f 1375 1354 1370
f 1378 908 1377
f 376 651 1387
f 1388 973 969
f 586 588 585
f 1390 1388 1391
f 1391 969 970
f 597 599 596
f 600 602 603
f 1392 970 979
f 608 610 607
f 612 523 611
f 614 616 613
f 617 25 24
f 620 622 619
f 1397 1391 1392
f 1398 1392 1399
f 1400 920 1378
f 1402 1165 1169
f 636 638 635
f 930 1402 929
f 641 643 644
f 929 1169 1170
f 1404 1403 1402
f 1411 1365 1406
f 1412 1415 1414
f 652 654 655
f 609 657 658
f 659 661 662
f 558 586 585
f 665 667 664
f 1413 1406 1412
f 1418 3810 3813
f 1417 1371 1416
f 1416 3829 3810
f 1419 1416 1418
f 1386 1374 1420
f 677 679 676
f 1385 1420 1421
f 1420 1376 1422
f 685 687 688
f 1421 1422 1423
f 528 691 658
f 1422 1372 1417
f 1018 747 1425
f 699 701 702
f 1424 579 1017
f 3663 1767 3660
f 700 711 712
f 1093 3754 1571
f 717 530 719
f 721 723 720
f 704 3543 3554
f 19 1426 1430
f 1429 1427 1426
f 1658 3542 3544
f 1439 1434 1438
f 1437 1435 1434
f 1426 1433 1432
f 1442 1432 1440
f 742 744 745
f 1432 1441 1440
f 751 753 750
f 1438 1403 1405
f 1446 1444 1443
f 1447 1446 1443
f 3860 1443 3848
f 1415 1445 1446
f 1414 1446 1448
f 2173 469 470
f 777 779 686
f 780 782 783
f 1676 1806 1675
f 3859 1349 3861
f 789 791 788
f 745 793 742
f 652 795 653
f 1455 1457 1456
f 1454 1350 1452
f 610 802 801
f 3831 698 703
f 1352 1045 1351
f 1015 1459 1460
f 811 813 814
f 2118 3817 2117
f 819 821 818
f 1466 1194 1190
f 1467 1465 1466
f 1182 1468 1467
f 832 833 831
f 835 837 834
f 1467 1190 1182
f 1469 1444 1445
f 840 712 690
f 1453 1469 1454
f 599 845 846
f 1226 3849 3855
f 851 853 850
f 855 856 854
f 858 860 857
f 861 863 864
f 1014 3855 3858
f 867 868 869
f 870 872 873
f 874 876 877
f 1310 1471 1309
f 1476 1427 1475
f 1461 1475 1460
f 887 889 890
f 788 892 891
f 894 896 893
f 1460 1227 1015
f 901 524 612
f 1465 1477 1464
f 1865 3500 1864
f 911 913 914
f 916 918 915
f 1850 3507 1851
f 921 895 894
f 1479 1436 1478
f 926 667 601
f 1481 563 1480
f 269 84 1482
f 931 933 916
f 934 614 869
f 936 688 937
f 938 662 939
f 1484 122 123
f 941 835 834
f 320 509 510
f 1849 3505 1850
f 84 1484 83
f 1487 1488 539
f 1757 3502 3509
f 365 1491 364
f 461 80 511
f 117 362 1496
f 1494 541 1495
f 926 957 958
f 1477 1433 1476
f 1709 1585 1700
f 119 1496 345
f 271 504 156
f 511 189 186
f 345 1492 365
f 255 344 254
f 57 299 132
f 1501 268 1500
f 267 1499 145
f 974 976 977
f 1678 1693 1676
f 3846 1807 3840
f 557 663 558
f 983 984 985
f 1443 3849 3848
f 421 268 265
f 989 991 988
f 1490 418 1504
f 279 309 310
f 997 676 679
f 998 999 875
f 1504 38 1505
f 1506 1507 1486
f 360 1508 1506
f 1506 207 360
f 939 1006 938
f 270 1483 269
f 66 546 512
f 1010 793 935
f 367 437 1509
f 244 363 243
f 1670 3534 1669
f 209 1510 226
f 235 1512 1511
f 1511 234 235
f 388 426 425
f 427 250 237
f 161 521 231
f 100 45 44
f 1025 608 1027
f 1029 1031 1028
f 939 1033 1032
f 41 594 99
f 1036 783 1037
f 702 1038 1039
f 1040 1042 1043
f 362 369 1493
f 187 477 186
f 70 539 198
f 1511 1521 234
f 1049 603 1048
f 613 869 614
f 860 1051 857
f 1005 1053 1006
f 753 1056 1054
f 1057 1059 1055
f 293 1522 292
f 288 1521 1522
f 292 1523 329
f 331 1508 1524
f 306 453 305
f 100 41 99
f 462 78 79
f 330 1524 462
f 635 1068 636
f 1485 1526 1528
f 206 1528 1510
f 1070 1072 831
f 942 1073 1074
f 916 1075 917
f 440 1530 439
f 157 1514 285
f 1529 5 1530
f 371 546 63
f 790 663 791
f 1077 857 1078
f 1403 1435 1165
f 1080 1082 1079
f 531 1529 440
f 21 1084 1085
f 272 1531 561
f 137 396 397
f 690 802 691
f 335 3567 581
f 1090 1029 1091
f 1092 794 1042
f 1533 137 138
f 661 1095 1096
f 69 445 72
f 1099 1101 1098
f 38 1536 1505
f 1104 1106 1103
f 852 1108 853
f 1377 909 1386
f 291 411 294
f 316 516 33
f 539 1533 534
f 1505 316 313
f 1110 1112 1113
f 1539 460 264
f 522 1537 1539
f 834 1120 1119
f 1122 1124 1121
f 612 1041 901
f 935 615 614
f 276 130 131
f 1686 3522 1685
f 193 1541 273
f 231 1540 287
f 556 982 557
f 365 85 345
f 190 318 1541
f 1810 3574 3528
f 3924 3512 3791
f 1132 985 1131
f 208 102 132
f 1134 662 661
f 1491 80 77
f 429 1542 147
f 1137 915 918
f 172 428 174
f 1139 1141 1142
f 549 54 55
f 1517 1518 296
f 976 1146 938
f 834 984 941
f 1543 286 115
f 1544 239 513
f 133 1544 1542
f 506 257 258
f 420 328 401
f 1158 1160 1157
f 587 1103 588
f 1513 1514 151
f 607 1027 608
f 304 1545 303
f 364 77 506
f 69 198 139
f 1006 976 938
f 700 1112 701
f 3877 3525 3787
f 1166 657 656
f 1167 858 1077
f 1300 3524 1299
f 1172 1174 1175
f 218 200 217
f 1179 1181 1178
f 372 97 98
f 89 227 88
f 1186 1188 1189
f 172 1517 1549
f 1482 81 1498
f 1090 1193 1030
f 394 353 1551
f 526 1198 1197
f 811 858 812
f 1199 1026 1025
f 606 697 696
f 1204 1206 743
f 1207 523 526
f 1209 867 613
f 914 685 936
f 1478 1441 1477
f 1029 1161 1091
f 1211 1213 1214
f 3858 1451 3859
f 844 1216 845
f 423 273 274
f 1220 1222 1083
f 22 1224 23
f 882 897 881
f 1519 173 387
f 1189 1232 1178
f 349 550 416
f 1071 1236 1072
f 1237 1239 745
f 1221 1189 1240
f 1510 1512 333
f 939 1241 1005
f 1556 5 67
f 1553 394 1551
f 404 67 347
f 1247 1249 1246
f 142 238 92
f 1251 635 1250
f 850 1253 851
f 1254 1077 1255
f 57 133 429
f 443 552 551
f 1187 1175 1188
f 1256 831 833
f 432 382 383
f 741 747 746
f 434 351 415
f 349 383 348
f 251 1481 1480
f 395 352 353
f 1518 1550 1551
f 1558 378 340
f 109 314 315
f 285 1513 407
f 395 393 392
f 202 410 1558
f 417 405 432
f 1246 1258 1247
f 3 297 2
f 1259 1261 1262
f 403 347 284
f 955 953 952
f 462 51 330
f 1096 687 1263
f 429 60 57
f 896 1265 932
f 1267 1268 1266
f 423 327 420
f 37 180 40
f 20 1187 1186
f 1256 1071 1070
f 155 156 504
f 1188 1269 1232
f 1236 1271 1262
f 1272 535 621
f 565 463 464
f 1273 745 1239
f 876 1255 1274
f 316 164 315
f 437 503 1509
f 194 1495 197
f 1275 864 863
f 624 631 630
f 1277 1137 1278
f 569 567 566
f 1481 125 366
f 324 547 326
f 1279 1107 1280
f 1525 329 1523
f 1281 1137 918
f 171 1553 1552
f 1488 396 1533
f 1557 1562 1559
f 1282 1206 1205
f 1053 1278 1281
f 778 607 1283
f 713 3566 3569
f 251 144 124
f 4 348 383
f 709 707 706
f 728 45 246
f 261 1563 544
f 789 1287 790
f 74 263 282
f 403 385 434
f 1178 1240 1189
f 1223 1289 1224
f 158 150 151
f 1220 1186 1221
f 296 354 433
f 784 1538 1566
f 1181 1291 1222
f 1269 1257 1246
f 1566 438 399
f 136 1566 1564
f 1563 169 1565
f 107 109 108
f 1297 1298 1296
f 1464 1476 1461
f 1520 507 508
f 1301 1303 1304
f 1306 1308 1305
f 175 1532 272
f 1532 200 201
f 1311 1312 1313
f 872 1315 1316
f 1317 1318 1319
f 3836 878 3828
f 1305 864 1276
f 1040 863 1320
f 1564 399 169
f 592 1575 591
f 591 1088 689
f 1581 1583 1582
f 1196 1147 1176
f 710 583 713
f 285 408 386
f 953 961 963
f 1594 1589 1593
f 1585 1587 1586
f 1592 1590 1589
f 3885 944 3899
f 1600 1598 1597
f 1604 1602 1601
f 1399 979 980
f 1589 1596 1595
f 1610 1608 1607
f 298 361 360
f 551 276 277
f 1627 3814 3819
f 859 818 860
f 1078 1328 1329
f 1555 1530 1556
f 572 680 681
f 772 776 774
f 977 918 917
f 404 392 393
f 1054 750 753
f 1644 1643 1642
f 932 1082 933
f 1067 1334 1068
f 1540 264 114
f 597 643 1336
f 471 762 470
f 1642 3831 3842
f 1644 3842 3843
f 923 950 927
f 96 548 95
f 520 522 521
f 445 443 442
f 849 848 842
f 480 755 493
f 1646 481 1639
f 311 1567 170
f 464 3497 3495
f 3497 1361 3495
f 234 236 235
f 190 192 191
f 153 152 149
f 231 286 230
f 1552 1551 1550
f 760 1648 488
f 3832 1649 3830
f 828 826 825
f 52 166 165
f 1663 1661 1660
f 287 115 286
f 668 670 669
f 634 640 639
f 553 559 554
f 118 33 516
f 492 491 490
f 3552 1651 3553
f 582 584 583
f 384 392 415
f 1381 1383 1380
f 1562 435 436
f 952 951 947
f 3529 583 584
f 1660 1667 1666
f 1394 1396 1393
f 1660 1664 1663
f 1671 1669 1668
f 1624 1673 1672
f 1407 1409 1410
f 1677 1675 1674
f 1613 1677 1625
f 1679 1676 1677
f 1626 3811 3814
f 534 198 539
f 176 150 159
f 803 734 800
f 400 191 192
f 65 143 144
f 3526 1656 3540
f 402 157 283
f 629 627 626
f 461 49 50
f 758 495 756
f 796 786 785
f 406 1513 1560
f 342 166 167
f 1694 1658 1695
f 1692 1694 1696
f 3557 1652 3552
f 3921 1703 3923
f 326 302 90
f 3916 1702 1706
f 3919 1698 1701
f 1699 3927 3918
f 1557 1560 1561
f 1127 1117 1128
f 400 289 346
f 1706 1707 1708
f 1707 1599 1600
f 1709 1708 1588
f 1714 1711 1713
f 3919 1709 1700
f 1704 1577 1703
f 1716 1713 1715
f 1559 1549 297
f 1722 1720 1719
f 1335 596 1489
f 410 377 378
f 973 1163 972
f 168 399 398
f 1571 1089 1093
f 1572 682 1571
f 749 647 754
f 1730 1723 1729
f 1594 1729 1592
f 1729 1591 1592
f 1731 1730 1583
f 1384 1377 1379
f 1732 1712 1714
f 1724 1731 1732
f 1712 1731 1580
f 1722 1732 1733
f 1721 1733 1734
f 1734 1716 1717
f 1735 1736 1697
f 1733 1714 1716
f 1663 1741 1668
f 1742 1740 1743
f 1738 1737 1735
f 1665 1666 1740
f 1665 1744 1664
f 1725 1746 1745
f 1591 1745 1590
f 1590 1747 1596
f 1745 1748 1747
f 1659 3538 3542
f 3287 3545 3282
f 1185 1182 1190
f 1664 1749 1741
f 1741 1739 1738
f 1746 1743 1748
f 1726 1742 1746
f 1153 924 925
f 1115 1153 1154
f 1654 3575 1655
f 1896 3549 1686
f 1720 1744 1726
f 1721 1749 1720
f 1750 1701 1698
f 1697 1750 1696
f 1151 1063 1062
f 1751 1670 1671
f 1695 1752 1751
f 961 986 981
f 1770 1768 1767
f 1766 1593 1765
f 1731 1579 1580
f 1579 1774 1578
f 3928 1771 3929
f 1764 3928 3917
f 1777 1775 1774
f 3762 1699 1700
f 1004 1128 1003
f 1774 1771 1772
f 987 1399 980
f 1578 1772 1764
f 1783 1781 1778
f 1597 1770 1767
f 639 3895 3884
f 3928 1769 1770
f 1793 1789 1788
f 3929 1798 1769
f 3508 3773 1806
f 1802 3924 3922
f 1788 1794 1793
f 1793 1795 1776
f 3773 1675 1806
f 1584 1783 1789
f 1771 3920 3929
f 1801 1798 1800
f 1768 1798 1799
f 1775 1797 1771
f 508 515 1520
f 1796 1802 1797
f 1800 3920 3922
f 1794 1804 1795
f 3532 1752 3547
f 485 1807 775
f 3809 1640 768
f 3837 1810 1653
f 485 1640 1808
f 1690 3770 3772
f 487 1648 1811
f 3839 1816 3822
f 3838 1648 3830
f 3839 1811 3838
f 1812 487 1811
f 1641 767 768
f 465 755 776
f 767 3823 3808
f 3822 3826 3847
f 1809 1815 767
f 3837 1651 3840
f 675 3541 3496
f 1814 1822 1821
f 1821 3821 3820
f 1824 1649 1825
f 1827 1850 1805
f 1668 1662 1663
f 1779 1848 1828
f 1790 1805 1794
f 1833 1853 1852
f 3521 693 575
f 1614 1616 1617
f 1852 3498 3501
f 1620 1622 1623
f 1855 1574 1861
f 1847 3501 3513
f 1766 1855 1782
f 1629 1631 1628
f 1633 1634 1632
f 1635 1637 1638
f 1848 1852 1847
f 1855 1863 1862
f 1803 1867 1802
f 1862 1831 1832
f 1782 1862 1781
f 3922 1865 1800
f 1873 1870 1869
f 1874 799 804
f 2045 3897 2044
f 1219 1295 1225
f 1615 1396 1395
f 3884 1877 1876
f 645 3786 3559
f 1345 1035 1346
f 634 3884 3880
f 15 1327 14
f 3910 1878 1893
f 1894 605 1893
f 3506 627 693
f 3560 645 3559
f 340 454 1558
f 1897 195 1898
f 1889 1877 1890
f 1901 129 1900
f 196 754 232
f 1705 3921 3916
f 340 166 343
f 1570 563 561
f 1904 194 1897
f 1781 1832 1780
f 1905 55 1906
f 1000 995 996
f 986 920 987
f 1191 1190 1194
f 2094 2075 2093
f 1920 1919 1915
f 453 1912 1911
f 1915 1918 1916
f 3882 2106 3901
f 1655 3531 1868
f 1916 1926 1925
f 704 3561 703
f 278 1925 1900
f 3565 1818 1820
f 1097 1115 1114
f 1927 727 1923
f 3578 3654 3758
f 1920 307 1929
f 1929 48 728
f 503 1497 1509
f 1902 787 796
f 1816 3820 3826
f 1925 1923 1924
f 1535 1568 1534
f 254 258 255
f 1509 366 367
f 119 35 36
f 219 293 294
f 141 47 431
f 542 244 245
f 1940 430 431
f 1779 1827 1790
f 1701 3915 3919
f 1661 3515 1667
f 270 754 647
f 197 749 196
f 1727 1212 1211
f 53 232 754
f 1465 1479 1478
f 1284 3854 1293
f 1951 412 413
f 168 1554 1553
f 1486 206 207
f 506 78 361
f 994 1007 993
f 951 963 964
f 1013 3861 1351
f 3826 1820 1818
f 1498 1954 1482
f 299 543 132
f 1754 1756 1753
f 1681 1683 1682
f 1696 1695 1697
f 13 738 737
f 473 475 474
f 482 768 1640
f 204 30 205
f 1761 820 819
f 611 1125 612
f 1501 1908 1909
f 1074 711 699
f 1960 82 83
f 120 1960 123
f 35 87 34
f 1773 1025 1031
f 1965 1569 1535
f 494 471 479
f 1966 1969 1968
f 446 1971 1967
f 174 125 126
f 1580 1578 1577
f 1785 1787 1784
f 1972 304 305
f 1254 875 999
f 1973 342 514
f 321 1973 509
f 1910 275 1907
f 509 514 508
f 1486 1527 1485
f 1974 804 1975
f 1977 1974 1978
f 1980 1966 1981
f 379 2 295
f 1718 1710 1701
f 884 992 883
f 1680 1678 1679
f 902 525 524
f 344 256 299
f 135 137 136
f 236 228 333
f 448 1967 1966
f 589 604 584
f 910 908 907
f 1981 1968 1987
f 1982 1987 1979
f 1988 1987 1989
f 1990 1989 1991
f 1991 1993 1992
f 322 320 319
f 992 830 883
f 1144 1086 1143
f 1995 1978 1994
f 1133 1118 1126
f 1997 1994 1996
f 870 1335 1489
f 805 1982 1998
f 727 2000 1999
f 1996 1988 1990
f 1994 1979 1988
f 1829 792 1273
f 1830 941 983
f 798 800 799
f 729 731 730
f 2011 2023 2022
f 1834 846 1159
f 402 284 347
f 2022 2024 2025
f 1838 989 988
f 810 952 809
f 1823 1840 644
f 1430 1432 1431
f 1215 1841 1079
f 149 176 177
f 1316 873 872
f 2112 1384 2106
f 1842 1844 1845
f 1159 845 1160
f 837 1846 1120
f 1971 2030 2027
f 517 370 189
f 858 833 812
f 1471 2027 1888
f 3551 626 627
f 2174 770 490
f 935 1854 1010
f 1613 1611 1618
f 1231 1225 1295
f 1856 891 892
f 1300 748 741
f 1150 1858 1859
f 1643 696 1642
f 1215 1264 1216
f 1320 902 901
f 1956 1944 1960
f 2031 669 1474
f 2034 1310 1299
f 1879 1656 1657
f 40 242 39
f 1992 2039 1456
f 888 957 889
f 1882 1996 1990
f 1078 1255 1077
f 1871 1192 1090
f 294 218 219
f 1323 2026 1471
f 123 83 1484
f 1324 2041 1323
f 384 359 352
f 1324 2038 2036
f 1883 1885 1829
f 287 114 107
f 1096 1134 661
f 915 931 916
f 806 1981 1982
f 3533 584 604
f 1425 2042 1018
f 1018 1948 1017
f 3562 740 3519
f 1948 649 646
f 1881 1990 1991
f 1900 130 278
f 992 994 993
f 923 925 924
f 3878 2047 3876
f 1643 625 606
f 2050 2051 2049
f 2045 1404 2047
f 3876 945 3885
f 1139 1079 1841
f 1037 892 982
f 2055 2057 2056
f 1198 718 717
f 1619 1612 1611
f 2058 1606 2059
f 2059 1607 2058
f 2058 1624 1605
f 71 179 37
f 405 1557 382
f 976 1006 977
f 322 1972 1911
f 2061 2063 2062
f 2066 2067 1825
f 2052 2064 2051
f 1609 2066 1647
f 1515 152 1516
f 1009 993 1007
f 1644 3815 2118
f 279 1916 278
f 1285 3862 1284
f 1647 1825 1649
f 2056 2067 2065
f 319 1953 1952
f 667 1913 1914
f 2070 625 2048
f 2052 2055 2063
f 2038 1655 1458
f 1606 2073 2072
f 1235 1270 1236
f 2072 2075 2074
f 2059 2072 2062
f 2074 2077 2076
f 1601 2078 2073
f 2049 1643 1645
f 1000 1001 994
f 1089 684 689
f 1931 1306 1930
f 1462 1021 1022
f 1932 1934 1935
f 875 1846 998
f 1936 1937 1938
f 44 46 92
f 1534 1956 120
f 1541 317 391
f 2081 2084 2083
f 146 1959 300
f 1360 1942 1361
f 985 1032 1033
f 1995 1892 2043
f 2079 2082 2081
f 2095 2076 2077
f 2081 2078 2079
f 2055 2054 2053
f 501 2095 500
f 2097 2099 2098
f 2098 2094 2083
f 2140 3893 3866
f 2141 3894 3893
f 2051 2048 2049
f 592 2101 1576
f 2071 2076 2096
f 2102 2098 2101
f 593 2102 592
f 1019 746 747
f 1950 12 1327
f 725 2096 501
f 1385 2104 1379
f 1379 2106 1384
f 2107 2100 2097
f 3908 502 3896
f 3896 499 3901
f 940 2109 944
f 928 1170 973
f 3868 684 3899
f 1962 1964 1961
f 3878 573 3897
f 2039 1968 1969
f 1389 2110 2109
f 1398 2113 1397
f 3757 3753 3743
f 3911 2107 2103
f 949 924 1115
f 260 324 326
f 1390 2113 2110
f 2070 2064 2071
f 3867 2103 593
f 2105 1421 2114
f 2114 1423 2115
f 3892 2115 3903
f 3908 2114 3892
f 554 1902 553
f 972 967 966
f 1765 1573 1574
f 1984 1986 1983
f 2053 2069 2057
f 3573 724 714
f 1625 1674 1673
f 3881 2119 2122
f 3903 2123 3904
f 56 1906 55
f 626 3879 629
f 2001 2003 2004
f 3912 2127 3907
f 2006 2008 2009
f 2127 1412 2128
f 2014 2016 2017
f 2018 2020 2021
f 1495 1947 197
f 1379 1386 1385
f 3814 1680 1618
f 2029 1884 2028
f 3902 2120 3887
f 629 3914 3872
f 682 943 1089
f 724 2121 716
f 1757 3821 3845
f 765 3844 3809
f 3851 715 3852
f 706 3870 3872
f 981 987 980
f 1457 1656 1880
f 2017 2032 2033
f 1458 1868 1457
f 1776 1792 1793
f 1959 1946 1958
f 3663 3725 3661
f 3913 2122 3850
f 1093 689 1088
f 966 968 972
f 3852 3881 3913
f 2172 2170 2171
f 670 2137 669
f 3761 1903 233
f 1429 28 1449
f 964 978 971
f 3841 1413 2127
f 1473 669 2137
f 3834 1359 1358
f 2138 1870 2137
f 1872 2137 1870
f 715 3888 3881
f 1881 1992 1880
f 3843 739 740
f 1837 3513 3514
f 253 59 85
f 1808 3840 1807
f 1647 3818 1609
f 3865 671 668
f 2112 3883 2111
f 1405 2044 1438
f 3829 1364 1366
f 273 391 249
f 576 3520 3555
f 3875 668 2031
f 1430 2140 2139
f 2136 3860 28
f 1430 18 19
f 3893 570 695
f 1442 2046 2141
f 1431 2141 2140
f 3869 3850 2136
f 3808 1817 766
f 3866 695 671
f 2142 798 2138
f 571 2142 694
f 3819 1618 1611
f 2143 2025 2142
f 694 2138 670
f 681 2144 572
f 2144 2022 2143
f 328 457 290
f 1572 2011 2144
f 630 3903 624
f 2085 2087 2088
f 2090 2092 2089
f 572 2143 571
f 1875 2153 2149
f 1873 2149 2154
f 2103 2097 2102
f 2157 2155 2156
f 2128 1414 2120
f 3874 589 582
f 3872 628 629
f 2149 2158 2159
f 2159 3905 3890
f 698 3902 705
f 3823 3827 1817
f 2158 3874 3905
f 1438 2046 1439
f 2035 2160 2161
f 2161 3889 3886
f 3871 605 589
f 3873 18 3875
f 370 61 451
f 649 413 648
f 2153 2156 2158
f 1428 1449 1450
f 1490 73 1488
f 3890 710 633
f 2155 3891 3871
f 1456 1880 1992
f 2125 2087 2124
f 2160 3890 3889
f 300 505 323
f 1064 1046 1065
f 2043 1891 2155
f 2129 2004 2003
f 2131 2133 2134
f 3848 1450 1449
f 1998 804 805
f 3879 3864 3914
f 474 490 770
f 1164 1182 1177
f 707 3909 3870
f 708 2162 707
f 2162 3886 3909
f 548 1905 458
f 1145 1114 1171
f 705 1650 704
f 2043 1977 1995
f 737 554 559
f 1034 1191 1023
f 458 1907 275
f 195 232 233
f 2040 1969 1970
f 2145 2147 2148
f 2054 2049 1645
f 3832 1639 3818
f 9 11 10
f 252 506 258
f 472 479 471
f 1865 3791 3503
f 900 910 907
f 1941 2151 1942
f 1921 1927 1919
f 2163 1898 2116
f 271 153 178
f 1904 12 9
f 282 264 460
f 1872 2154 2035
f 1326 1897 2163
f 628 693 627
f 1724 1719 1723
f 1549 436 172
f 1582 1730 1729
f 1921 1929 1928
f 3563 10 11
f 2152 1950 1949
f 475 774 771
f 769 2171 473
f 2171 476 473
f 476 772 475
f 1791 464 1760
f 2166 2168 2169
f 595 372 98
f 483 1641 482
f 762 2173 470
f 771 484 492
f 486 1809 483
f 297 1517 296
f 763 2174 762
f 776 759 489
f 184 2176 2000
f 412 303 414
f 2005 185 224
f 3811 1682 3846
f 2164 756 764
f 1472 2161 2162
f 950 964 965
f 2177 2179 2180
f 227 1510 333
f 764 467 2164
f 2182 2184 2181
f 2186 2018 2185
f 1985 2181 1986
f 214 729 1531
f 1545 1546 1569
f 865 842 866
f 849 1357 1362
f 452 1558 454
f 559 3188 737
f 16 737 3188
f 560 498 374
f 3193 3195 3194
f 3200 3198 3199
f 3211 3213 3212
f 3215 3217 3216
f 2187 2002 2001
f 2169 2189 2190
f 2192 2085 2191
f 2193 2195 2196
f 2198 2200 2197
f 1998 1979 1975
f 3664 3668 3671
f 2116 1903 1902
f 1859 2009 1150
f 3904 2126 3906
f 1135 1087 1130
f 2201 2015 2014
f 1149 110 1858
f 3221 3218 3215
f 2203 2205 2206
f 579 1895 1019
f 1755 2208 1756
f 3891 1893 605
f 1211 2150 1727
f 868 2210 2209
f 944 930 940
f 2130 2202 2201
f 233 1898 195
f 665 750 666
f 1167 999 618
f 2211 2213 2214
f 2215 2217 2218
f 3867 590 3868
f 2220 220 2219
f 823 948 1094
f 3225 3227 3226
f 266 455 265
f 3882 2107 3883
f 2221 3519 3517
f 2223 2225 2226
f 2207 2124 2208
f 673 3869 3864
f 817 996 815
f 2227 2146 2145
f 1947 646 749
f 3900 17 3873
f 2229 1638 1381
f 1679 1618 1680
f 1637 2232 2230
f 2233 1617 1616
f 2231 2236 2237
f 1381 2238 1382
f 3586 2242 3587
f 1630 2233 1631
f 1681 472 469
f 1408 2243 2244
f 3236 3238 3237
f 3232 3240 3235
f 1637 2238 1638
f 3237 3233 3234
f 1409 1634 2245
f 1380 2247 2246
f 1628 2245 1621
f 2249 1622 1633
f 1632 1408 2244
f 2248 1631 2250
f 2235 1637 1636
f 3245 3199 3198
f 631 2071 725
f 515 52 49
f 782 2251 1251
f 2253 2255 2252
f 397 459 784
f 1456 2040 1455
f 2040 2036 1455
f 1401 2111 1398
f 2041 1970 2026
f 1535 414 1965
f 1586 2080 2079
f 2256 1132 1886
f 1700 3918 3919
f 3815 1686 3817
f 1263 1886 1096
f 598 844 599
f 2257 2259 2260
f 2258 2262 2259
f 2259 2263 2216
f 2260 2216 2215
f 1967 1970 1969
f 2212 1963 2213
f 922 2218 2217
f 1312 1101 2264
f 1307 1286 789
f 1548 1546 1972
f 2266 2268 2265
f 2265 2270 2269
f 2272 2269 2271
f 2273 2265 2272
f 2275 2277 2274
f 2278 2277 2279
f 2284 3617 3639
f 2287 2286 2281
f 2288 2283 2287
f 2290 3639 3620
f 2291 2293 2294
f 2295 2294 2279
f 2296 2291 2295
f 2297 2292 2291
f 2294 2299 2300
f 2279 2300 2278
f 2298 2302 2292
f 2292 2303 2293
f 2293 2304 2299
f 2304 2306 2299
f 2306 2300 2299
f 2308 2310 2307
f 2302 2310 2303
f 2301 2307 2302
f 2312 2307 2311
f 2313 2315 2316
f 2318 2320 2317
f 3748 2322 2323
f 2324 2273 2326
f 2313 2326 2327
f 2328 2313 2316
f 2329 2324 2328
f 2331 2333 2330
f 2330 2267 2266
f 2325 2266 2273
f 2329 2330 2325
f 2333 2335 2267
f 2336 2333 2332
f 2338 2332 2337
f 2331 2337 2332
f 2329 2339 2331
f 2328 2340 2329
f 2316 2341 2328
f 2342 2315 2343
f 2344 2346 2347
f 2341 2347 2340
f 2342 2344 2341
f 2348 2345 2344
f 2350 2352 2353
f 2339 2353 2337
f 2340 2350 2339
f 2347 2351 2350
f 2337 2354 2338
f 2353 2355 2354
f 2356 2276 2357
f 2356 2358 2359
f 2356 2296 2295
f 2279 2356 2295
f 2360 2270 2268
f 2267 2360 2268
f 2362 2364 2365
f 2362 2361 2358
f 2366 2358 2357
f 2366 2363 2362
f 2357 2368 2366
f 2366 2369 2367
f 2276 2370 2368
f 2368 2282 2369
f 2372 2374 2371
f 2375 2377 2007
f 2378 2380 2381
f 2382 2381 2383
f 2384 2378 2382
f 2385 2379 2378
f 2388 2390 2387
f 2387 2392 2391
f 2393 2387 2391
f 2394 2388 2387
f 2186 2402 2400
f 2403 2327 2326
f 2272 2326 2273
f 2271 2403 2272
f 2405 2404 2403
f 2404 2408 2327
f 2409 2411 2412
f 2409 2271 2269
f 2413 2269 2270
f 2413 2410 2409
f 2417 2416 2418
f 2417 2406 2405
f 2412 2405 2271
f 2411 2417 2412
f 2406 2407 2404
f 3569 632 713
f 2420 2397 2421
f 2420 2423 2422
f 2424 2422 2419
f 2424 2398 2420
f 2425 2392 2426
f 2421 2426 2423
f 2397 2425 2421
f 2396 2391 2425
f 2427 2315 2314
f 2427 2408 2428
f 2430 2428 2429
f 2343 2427 2430
f 2432 2430 2431
f 2431 2429 2433
f 2435 2433 2434
f 2436 2431 2435
f 2428 2407 2437
f 2422 2407 2419
f 2438 2422 2423
f 2429 2437 2438
f 2440 2433 2439
f 2441 2433 2429
f 2442 2439 2441
f 2443 2440 2439
f 2445 2444 2443
f 2447 2443 2442
f 2383 2445 2447
f 2381 2446 2445
f 2448 2423 2426
f 2449 2426 2392
f 2441 2449 2442
f 2441 2438 2448
f 2449 2390 2450
f 2450 2389 2451
f 2447 2451 2383
f 2442 2450 2447
f 2451 2453 2452
f 2452 2455 2454
f 2382 2454 2384
f 2383 2452 2382
f 2456 2373 2372
f 2459 2461 2458
f 2463 2465 2462
f 2462 2285 2284
f 2466 2284 2290
f 2467 2462 2466
f 2461 3703 3701
f 2468 2470 2471
f 2472 2471 2473
f 2474 3701 3688
f 2475 2477 2478
f 2458 2453 2479
f 2479 2389 2388
f 2395 2479 2388
f 2480 2458 2479
f 2481 2483 2478
f 2484 2485 221
f 2471 2464 2463
f 2473 2463 2467
f 2487 2466 2486
f 2486 2290 2488
f 2490 2488 2489
f 2491 2486 2490
f 2492 2467 2487
f 2493 2487 2491
f 2494 2492 2493
f 2495 2473 2492
f 3690 2474 3688
f 3691 2496 3690
f 2498 2493 2499
f 2500 2499 2501
f 3700 2498 2500
f 3687 2494 2498
f 2306 2278 2300
f 2305 2504 2306
f 2504 2507 2506
f 2506 2288 2508
f 2274 2508 2275
f 2278 2506 2274
f 3633 2489 2488
f 3620 2488 2290
f 2507 2289 2288
f 2505 2509 2507
f 2508 2287 2511
f 2511 2281 2280
f 2370 2280 2282
f 2275 2511 2370
f 2512 2489 2513
f 2514 2513 2515
f 2517 2514 2516
f 2517 2490 2512
f 2499 2491 2517
f 2499 2516 2501
f 2510 2519 2518
f 2518 2521 2520
f 3616 2520 3621
f 3632 2518 3616
f 2522 2303 2310
f 2523 2310 2309
f 2305 2522 2524
f 2524 2523 2525
f 2519 2525 2521
f 2505 2524 2519
f 2308 2527 2526
f 2526 2529 2528
f 2531 2528 2530
f 2309 2526 2531
f 1214 2151 1211
f 2419 2418 2424
f 2533 2349 2317
f 2534 2317 2320
f 2535 2533 2534
f 2536 2345 2533
f 2537 2346 2536
f 2538 2536 2535
f 2539 2537 2538
f 2540 2351 2537
f 2312 2541 2527
f 2527 2542 2529
f 2543 2434 2544
f 2545 2544 2546
f 2319 2543 2545
f 2318 2435 2543
f 2514 2548 2547
f 2547 2550 2549
f 2552 2549 2551
f 2552 2514 2547
f 2520 2554 2553
f 2553 2556 2555
f 3590 2555 3593
f 3621 2553 3590
f 2523 2531 2557
f 2557 2530 2558
f 2525 2557 2559
f 2559 2558 2560
f 2554 2560 2556
f 2521 2559 2554
f 2561 2007 2006
f 2376 2225 2377
f 2564 2566 2563
f 2563 338 2567
f 2569 2567 2568
f 2570 2563 2569
f 2572 2574 2571
f 2571 2576 2575
f 2544 2575 2546
f 2544 2572 2571
f 2578 2569 2577
f 2579 2569 2568
f 2574 2579 2576
f 2573 2577 2574
f 2581 2583 2580
f 2584 2583 2585
f 3697 2580 2584
f 3676 2580 3675
f 2582 2552 2583
f 2583 2551 2585
f 2500 2589 2588
f 2590 2589 2591
f 3693 2588 2590
f 3695 2500 2588
f 2501 2591 2589
f 2592 2594 2595
f 2386 2503 2502
f 2596 2386 2374
f 2596 2373 2597
f 2599 2597 2598
f 2599 2379 2596
f 2600 2380 2599
f 2600 2598 2601
f 2603 2601 2602
f 2603 2446 2600
f 2604 2602 2605
f 2440 2605 2434
f 2444 2604 2440
f 2606 2581 2607
f 2606 2590 2591
f 2591 2582 2606
f 3676 2456 3689
f 3689 2372 3693
f 2478 2608 2481
f 2609 2611 2199
f 2564 2613 2612
f 2612 2598 2597
f 2457 2597 2373
f 2565 2612 2457
f 2614 2570 2578
f 2615 2578 2573
f 2602 2614 2615
f 2601 2613 2614
f 2572 2605 2616
f 2616 2602 2615
f 2573 2616 2615
f 1459 1045 1021
f 1265 1079 1082
f 1612 1609 1611
f 2067 2069 2068
f 1135 1136 1148
f 1938 2618 2617
f 95 458 128
f 2058 1608 1612
f 1454 1445 1367
f 655 1048 2619
f 722 2621 723
f 1131 1033 1134
f 562 366 1497
f 1723 1725 1591
f 1786 1122 1787
f 267 323 266
f 1325 1654 2038
f 1468 1435 1479
f 658 529 528
f 8 247 7
f 382 1559 3
f 788 1307 789
f 940 929 928
f 911 2623 912
f 2621 655 654
f 2624 2625 2626
f 998 27 26
f 635 2626 2625
f 2627 644 1840
f 2628 1840 2629
f 1200 2627 2628
f 1199 641 2627
f 1520 49 477
f 1452 1349 1451
f 2630 1859 1858
f 644 1335 1823
f 1197 717 2632
f 2632 719 1166
f 2628 1166 1200
f 2629 2632 2628
f 1762 1050 821
f 1823 873 1839
f 2634 794 652
f 1028 1027 1161
f 1042 2635 1043
f 93 1901 1924
f 2036 1458 1455
f 1527 1525 1526
f 877 1274 1277
f 134 797 1544
f 1328 931 1329
f 607 1091 1161
f 1043 2637 2636
f 2636 2639 2638
f 1275 2638 1276
f 1275 1043 2636
f 1272 2626 2640
f 2640 638 637
f 1110 2640 637
f 536 2640 2641
f 1472 1474 1473
f 2042 1951 649
f 1058 1105 1059
f 2642 2643 2644
f 1192 2644 1193
f 912 2642 1192
f 3898 3526 3786
f 1049 2620 2621
f 616 1885 613
f 1331 666 750
f 990 1198 525
f 1911 321 322
f 1298 1205 2645
f 76 1504 75
f 1502 421 422
f 610 658 691
f 1146 659 938
f 2646 914 936
f 1280 1238 1279
f 975 2647 2648
f 2647 975 974
f 1453 1452 1451
f 1514 158 151
f 835 1843 1842
f 1271 1173 1289
f 2649 813 2650
f 1893 1826 1894
f 1050 1937 1051
f 2651 814 813
f 1006 1281 977
f 2653 2654 2655
f 1001 1003 1002
f 585 679 558
f 2624 621 620
f 555 2028 556
f 1207 1197 2629
f 1626 478 472
f 426 419 1567
f 1030 1773 1031
f 3898 634 3880
f 534 138 262
f 1125 1042 1041
f 333 88 227
f 569 561 730
f 1489 871 870
f 1857 620 891
f 1673 3770 3763
f 622 864 1308
f 2647 974 2657
f 619 891 620
f 261 545 262
f 393 1556 404
f 2658 2647 2657
f 1075 2657 917
f 1081 2658 1075
f 1080 2659 2658
f 2644 1141 2660
f 2660 1140 1336
f 642 1336 643
f 1193 2660 642
f 679 555 558
f 1503 1500 1502
f 1318 1101 1100
f 2661 1139 1142
f 2661 2663 2662
f 2662 2659 2661
f 2662 2622 2664
f 2664 911 2646
f 2648 2646 1146
f 2648 2662 2664
f 2083 2093 2081
f 1442 1437 1439
f 519 330 51
f 1885 1209 613
f 799 805 804
f 1946 1952 1953
f 1302 1253 1252
f 566 224 533
f 1389 928 1388
f 683 681 680
f 836 1842 2665
f 2665 1845 1303
f 2666 1303 1302
f 24 2665 2666
f 831 2650 832
f 1845 1304 1303
f 2010 2012 2011
f 1051 2667 2668
f 1522 1511 1523
f 531 441 522
f 782 1251 1250
f 1250 2625 2669
f 2669 1857 1856
f 783 1856 1037
f 782 2669 783
f 720 2671 721
f 1055 1930 1056
f 1333 1251 2251
f 619 1308 1307
f 652 2619 2634
f 521 1539 1540
f 1838 537 2672
f 2672 536 2641
f 1113 2641 1110
f 1113 1838 2672
f 1016 1351 1045
f 3897 570 3894
f 226 104 101
f 3564 3827 1818
f 1036 1884 1883
f 2674 1304 2673
f 2673 1844 2675
f 1334 2675 1039
f 1333 2673 1334
f 2676 1039 2675
f 1843 2675 1844
f 942 2676 1843
f 1074 702 2676
f 811 859 858
f 752 1055 753
f 1200 656 1026
f 1120 874 2677
f 2677 877 1052
f 1241 1052 1005
f 1119 2677 1241
f 1560 151 1515
f 1208 611 523
f 215 736 214
f 1460 1462 1461
f 1208 1839 873
f 854 1282 1297
f 72 182 179
f 544 1565 512
f 217 456 457
f 2047 930 945
f 1204 1937 2633
f 913 686 685
f 840 1113 1112
f 1531 730 561
f 2678 1283 801
f 601 1914 602
f 1537 459 460
f 1819 3509 3527
f 991 862 538
f 2679 1073 1830
f 2680 983 2256
f 779 2256 1263
f 778 2680 779
f 2678 1830 2680
f 180 245 40
f 1886 1131 1134
f 1138 1274 1255
f 1841 1140 1139
f 75 314 74
f 193 420 192
f 2681 1099 1098
f 170 1565 169
f 349 417 432
f 1121 2684 2683
f 547 409 302
f 123 121 120
f 2643 1142 1141
f 1542 513 1543
f 899 907 919
f 1210 676 867
f 791 982 892
f 24 837 836
f 893 932 931
f 1860 863 862
f 535 862 861
f 832 813 812
f 2650 813 832
f 1569 1547 1568
f 181 542 180
f 660 937 688
f 2013 568 2012
f 887 2631 2630
f 1524 361 78
f 520 162 1529
f 2653 854 2685
f 1238 2655 2686
f 718 527 530
f 1492 518 1491
f 792 615 793
f 599 1835 596
f 290 456 175
f 312 1552 425
f 1248 1179 1249
f 153 177 178
f 1240 1222 1221
f 1257 1235 1071
f 1291 1083 1222
f 1052 1277 1053
f 743 2618 1204
f 444 430 443
f 23 1172 1187
f 2687 1180 1179
f 102 409 134
f 1283 610 801
f 373 650 651
f 1180 1084 1291
f 855 2655 1237
f 1173 1917 1174
f 2689 853 2688
f 2688 1108 1279
f 2686 1279 1238
f 2687 2688 2686
f 2691 1252 2690
f 2690 850 2689
f 1248 2689 2687
f 1248 2691 2690
f 2692 24 2666
f 2691 2666 1302
f 1247 2692 2691
f 1258 617 2692
f 394 1555 393
f 2693 1259 1223
f 1072 1262 1261
f 1257 1168 1258
f 398 1555 1554
f 871 1314 872
f 1178 1249 1179
f 1224 1173 1172
f 1010 2618 742
f 1175 1292 1269
f 2654 2686 2655
f 2694 1216 1264
f 71 1487 70
f 701 1111 1038
f 1072 2649 2650
f 1085 22 21
f 895 1264 896
f 1601 1605 1604
f 1259 1271 1289
f 21 1220 1083
f 988 538 537
f 598 1336 1140
f 820 1762 821
f 1050 818 821
f 1298 1761 2652
f 1168 618 617
f 858 1256 833
f 39 516 1536
f 2652 819 814
f 313 315 314
f 2026 1971 2027
f 2656 596 1835
f 814 818 811
f 2696 813 2649
f 1260 2649 1261
f 2693 2696 1260
f 2697 2651 2696
f 381 390 380
f 3818 1611 1609
f 1475 1428 1227
f 1292 1917 1235
f 1551 354 1518
f 1526 1523 1511
f 1593 1595 1573
f 1232 1246 1249
f 2695 1223 22
f 2698 1296 2697
f 2698 2693 2695
f 2685 2695 1085
f 2685 1297 2698
f 562 271 272
f 2652 1296 1298
f 1365 1364 1363
f 1958 1953 1957
f 585 2210 997
f 1561 1515 435
f 975 1146 976
f 347 68 346
f 1038 636 1068
f 2700 780 2699
f 2699 1036 1883
f 2701 1883 1829
f 851 2699 2701
f 2674 2251 2702
f 2702 781 2700
f 1253 2700 851
f 1301 2702 1253
f 1519 388 1550
f 1273 1280 2703
f 2703 1107 852
f 2701 852 851
f 1829 2703 2701
f 91 326 90
f 1784 2656 1785
f 2683 2705 2704
f 604 3499 3533
f 1669 3548 1662
f 2062 2060 2059
f 621 861 622
f 2023 732 2024
f 686 1263 687
f 857 2668 1328
f 883 882 879
f 637 1111 1110
f 2668 893 1328
f 2667 894 2668
f 1039 1068 1334
f 313 1504 1505
f 1911 305 453
f 1936 1964 2212
f 2707 2401 2183
f 2708 2183 2182
f 738 2116 554
f 2349 2432 2436
f 2711 2020 2019
f 2400 2019 2186
f 2714 2716 2713
f 2717 2719 2720
f 2721 2723 2724
f 2726 2728 2725
f 2725 2730 2729
f 2731 2729 2709
f 2732 2725 2731
f 2734 2736 2733
f 2738 2740 2737
f 2737 2741 2742
f 2744 2746 2743
f 2745 2748 2747
f 2749 2747 2751
f 2753 2751 2752
f 2250 2246 2248
f 2754 1614 2755
f 3598 2755 3609
f 3608 2747 3609
f 1617 2755 1614
f 2242 1620 2757
f 2191 2760 2759
f 2761 2760 2762
f 3648 2761 3649
f 3623 2759 3648
f 3209 3223 3224
f 1395 2236 2235
f 1395 1636 1615
f 1616 2229 2233
f 1617 2763 2756
f 2756 3628 3608
f 2765 2234 1630
f 2766 3628 3622
f 3202 3246 3247
f 1516 435 1515
f 2768 3552 3553
f 1495 578 1424
f 2135 28 17
f 3526 2773 2774
f 1690 3926 3925
f 2778 2780 2777
f 2777 2781 2782
f 2784 2777 2783
f 3555 575 576
f 1494 9 540
f 3529 2015 3566
f 451 505 450
f 2786 2788 2785
f 2779 2785 2780
f 2789 2741 2740
f 2790 2752 2789
f 2792 2794 2791
f 2793 2796 2794
f 2796 2750 2749
f 2794 2749 2753
f 2798 1396 2754
f 3591 2754 3598
f 2798 2800 1393
f 3591 2799 2798
f 2797 2795 2801
f 2791 2753 2790
f 216 232 54
f 3804 2807 3803
f 3805 2804 3803
f 2769 3557 3552
f 183 184 97
f 2811 2775 2776
f 2804 2776 2805
f 2809 2811 2804
f 2812 2813 2814
f 3805 2816 3795
f 3796 2815 3795
f 3798 2820 2821
f 3793 2819 3798
f 2824 2735 2819
f 2823 2824 2819
f 2825 2826 2724
f 3793 2827 3792
f 3796 2826 3792
f 2713 2829 2828
f 2828 2831 2830
f 2822 2828 2830
f 2821 2713 2828
f 2832 2822 2830
f 2833 2830 2831
f 2834 2832 2833
f 2835 2827 2832
f 2837 2839 2836
f 2836 2841 2840
f 2842 2840 2727
f 2843 2836 2842
f 2840 2845 2844
f 2718 2845 2719
f 2730 2844 2718
f 2727 2844 2728
f 2846 2719 2845
f 2846 2841 2847
f 2829 2847 2831
f 2829 2716 2846
f 2847 2839 2848
f 2848 2838 2849
f 2833 2849 2834
f 2831 2848 2833
f 2850 2851 2852
f 2853 2852 2854
f 2783 2782 2855
f 2785 2853 2856
f 2780 2856 2781
f 2857 2855 2782
f 2859 2782 2781
f 2861 2842 2860
f 2860 2727 2726
f 2862 2726 2732
f 2863 2860 2862
f 2861 2858 2857
f 2843 2857 2859
f 2856 2854 2864
f 2781 2864 2859
f 2837 2859 2864
f 2838 2864 2854
f 2852 2834 2849
f 2854 2849 2838
f 2865 2818 2835
f 2851 2835 2834
f 2813 2815 2865
f 2814 2865 2851
f 2866 2814 2850
f 2788 2850 2853
f 2866 2787 2867
f 2812 2867 2775
f 1892 1890 1891
f 2720 2846 2870
f 298 256 257
f 2872 2713 2820
f 3794 2735 2734
f 2729 2874 2873
f 2846 2715 2870
f 2876 2878 2875
f 2733 2878 2734
f 3806 2879 2880
f 3806 2872 3794
f 2882 2884 2881
f 2881 2715 2714
f 2880 2714 2872
f 2879 2881 2880
f 2885 2887 2888
f 2888 2890 2885
f 2885 2892 2891
f 2893 2885 2891
f 1942 2532 2894
f 2895 2720 2870
f 2884 2870 2715
f 2883 2895 2884
f 2896 2892 2895
f 2889 2717 2890
f 2890 2720 2892
f 2897 2891 2896
f 2898 2896 2883
f 2899 2883 2882
f 2900 2882 2879
f 3797 2879 3807
f 2876 2901 2877
f 2901 2904 2903
f 1785 1835 1834
f 2905 2899 2900
f 2907 2897 2898
f 3797 2903 3799
f 632 577 633
f 3532 2867 2787
f 434 550 350
f 2768 3640 3643
f 2910 1623 2249
f 2241 2758 2242
f 3640 2913 3652
f 1623 2757 1620
f 3587 2757 3652
f 2229 1380 2250
f 2765 1629 2914
f 2915 1629 2912
f 3642 2914 2915
f 3641 2765 2914
f 2919 3642 3613
f 2918 2912 2241
f 3614 2241 3586
f 3618 3613 3670
f 3541 2180 3496
f 3521 2188 3506
f 3705 714 3851
f 2925 2917 2924
f 2924 2916 2919
f 3610 2919 3618
f 3611 2924 3610
f 2926 2766 2925
f 3658 2925 3611
f 1715 1705 1710
f 785 498 796
f 1387 565 1791
f 374 1899 560
f 3573 2206 3556
f 2929 2886 2893
f 2932 2934 2931
f 1905 1908 1907
f 2930 2936 2937
f 2938 2930 2929
f 1493 517 518
f 1603 1586 1602
f 2939 2929 2908
f 2940 2908 2907
f 3665 1600 3661
f 2886 2937 2887
f 2906 2898 2899
f 2908 2893 2897
f 2942 2933 2941
f 2941 2937 2936
f 3501 2936 3513
f 3498 2941 3501
f 2943 2710 2873
f 2943 2874 2889
f 2945 2889 2888
f 2946 2943 2945
f 2932 2888 2887
f 2931 2945 2932
f 727 1929 728
f 2903 2947 2948
f 545 42 262
f 1480 533 251
f 2907 2949 2940
f 2906 2950 2949
f 1558 215 202
f 3799 2948 3801
f 2054 1644 2118
f 3705 2203 3573
f 1828 1849 1827
f 2953 2955 2952
f 2952 2957 2956
f 2956 2258 2952
f 2953 2258 2257
f 2454 2474 2496
f 3747 2959 3766
f 3747 2131 3737
f 2961 2963 2958
f 2958 2964 2959
f 222 2485 2965
f 2477 2966 2608
f 2631 2006 1859
f 2384 2496 2497
f 2967 2959 2964
f 2968 2970 2969
f 3759 2971 3784
f 3784 2960 3766
f 2972 2033 2032
f 2007 2973 2008
f 3560 2134 2133
f 1836 1832 1831
f 3506 2090 3551
f 955 959 956
f 672 674 673
f 633 713 632
f 2024 733 803
f 2025 803 798
f 425 1550 388
f 2975 888 887
f 1319 1157 2694
f 1212 2977 1213
f 889 2228 2227
f 1978 1975 1979
f 1138 1329 915
f 751 2979 2978
f 1619 1625 1624
f 2252 1728 1727
f 1157 845 1216
f 2706 1938 2617
f 2980 2254 2981
f 2982 887 2630
f 802 711 2679
f 678 2029 2028
f 527 690 528
f 1839 2629 1840
f 2983 602 1914
f 2983 1913 1331
f 2985 1331 1054
f 2986 2983 2985
f 2987 2635 2634
f 2985 2639 2986
f 2990 1318 2989
f 2991 2993 2994
f 2995 2994 2996
f 1106 2991 2995
f 1058 2992 2991
f 1415 1365 1367
f 1317 2217 2997
f 1932 2255 2980
f 926 2999 664
f 3001 2992 3000
f 3000 1057 2978
f 2999 2978 2979
f 2998 3000 2999
f 3002 2209 3003
f 3002 2996 2994
f 2993 3002 2994
f 3001 2998 3002
f 1103 2995 3004
f 3004 2996 3003
f 2209 3004 3003
f 588 3004 2210
f 295 433 381
f 2638 2988 3005
f 3005 1056 1930
f 1305 1930 1306
f 1276 3005 1305
f 1987 1993 1989
f 2633 1761 2645
f 1423 1417 1419
f 3561 739 703
f 2671 2704 2705
f 1473 2035 1472
f 922 2694 895
f 1401 1378 1384
f 556 1884 1037
f 842 3825 3836
f 1854 2617 1010
f 933 1081 1075
f 1440 1436 1437
f 529 719 530
f 1031 1027 1028
f 777 912 1871
f 2645 1204 2633
f 441 1538 1537
f 790 587 586
f 2065 1610 1607
f 1860 990 902
f 60 87 59
f 1424 1948 1947
f 332 1507 331
f 261 138 135
f 187 449 507
f 1719 1726 1725
f 1931 1059 3006
f 3006 1105 1104
f 1287 1104 587
f 1286 3006 1287
f 3007 3009 3010
f 3009 653 795
f 618 26 25
f 2029 1210 1209
f 957 600 2228
f 1049 2228 600
f 2631 3011 2561
f 890 2227 3011
f 3011 2145 3012
f 2561 3012 2375
f 1026 609 608
f 2706 1961 1964
f 3013 2485 3014
f 2148 1267 3015
f 3015 1266 1311
f 2997 1101 1317
f 642 1773 1193
f 186 461 511
f 1041 1320 901
f 1121 3017 1122
f 2984 2987 3018
f 3018 2634 2619
f 1048 3018 2619
f 603 2984 3018
f 2679 801 802
f 2062 2074 2061
f 2061 2076 2064
f 414 1545 1965
f 3016 2683 3019
f 3019 2704 2670
f 3020 2670 720
f 3007 3019 3020
f 1871 1091 777
f 3021 1122 3017
f 3022 3017 3010
f 1314 3022 1315
f 1784 3021 1314
f 1316 1763 611
f 3023 3010 3009
f 3023 795 1092
f 1763 1092 1125
f 1315 3023 1763
f 3016 3010 3017
f 752 2978 1057
f 2986 2637 2987
f 3024 653 3008
f 3020 3008 3007
f 720 3024 3020
f 723 654 3024
f 2681 1268 3025
f 2671 1268 721
f 2705 3025 2671
f 1313 3027 1311
f 3026 3029 3027
f 3027 3030 3031
f 1311 3031 3015
f 2012 731 2023
f 917 974 977
f 743 856 744
f 1888 2030 1425
f 2682 2684 3032
f 3032 1124 2989
f 1100 2989 1318
f 1099 3032 1100
f 1123 2989 1124
f 3033 1159 1158
f 2990 1158 1319
f 1123 3033 2990
f 1786 1834 3033
f 1054 2988 2985
f 2979 664 2999
f 2623 2663 2643
f 1095 688 687
f 3034 2261 2956
f 3036 2956 2957
f 3037 3034 3036
f 3038 3035 3034
f 3040 3026 1313
f 2263 3041 3040
f 3042 3043 3041
f 3041 3028 3026
f 3044 3043 3039
f 3046 3045 3044
f 3047 3049 3045
f 3043 3049 3028
f 3038 3051 3050
f 3050 3053 3052
f 3052 3044 3050
f 3039 3050 3044
f 3054 3039 3042
f 3042 2262 3054
f 2261 3054 2262
f 2216 2997 2217
f 2212 2667 1936
f 3056 2209 3055
f 934 1961 1854
f 2013 3757 567
f 3058 3060 3061
f 3059 3063 3060
f 3060 2213 1963
f 3061 1963 1962
f 3063 2214 2213
f 3062 3064 3063
f 3065 2260 3064
f 3064 2215 2214
f 3066 3031 3030
f 2608 3067 3066
f 2966 3068 3067
f 3031 3068 3015
f 2455 2461 2474
f 2476 2226 2477
f 3551 2089 3525
f 3526 3769 3786
f 433 355 381
f 2115 1419 2123
f 3509 2922 3527
f 3769 2131 2134
f 3069 2167 2166
f 2971 2928 2960
f 2961 2773 2962
f 3070 2478 2483
f 2610 3071 2954
f 2502 2374 2386
f 3072 2595 3073
f 2964 3052 2967
f 3048 3074 3049
f 2593 3075 3074
f 3075 3029 3074
f 3074 3028 3049
f 3072 3075 2592
f 3076 2482 2481
f 2481 3066 3076
f 3076 3030 3075
f 2967 3053 2970
f 2482 3073 2483
f 479 493 494
f 706 3873 709
f 3561 2221 3517
f 2013 3754 3755
f 3533 2016 3529
f 3562 2222 2974
f 1171 1155 1176
f 2586 2565 2587
f 2982 113 2484
f 2562 3077 3068
f 2376 3012 3077
f 3012 2148 3077
f 3077 3015 3068
f 2963 3046 2964
f 3051 2970 3053
f 1683 491 775
f 3850 1447 3860
f 1986 3734 3768
f 3079 2546 2575
f 3081 2575 2576
f 1983 3768 3765
f 3082 2319 2545
f 3080 2545 2546
f 3734 3082 3080
f 3732 2323 3082
f 1309 1888 748
f 3073 2772 2771
f 2760 3084 2762
f 2760 2088 3083
f 3085 3086 3087
f 3089 3090 3088
f 3089 3084 3085
f 3092 3090 3091
f 3093 2744 2743
f 2751 2748 3093
f 3093 2752 2751
f 2742 3093 3094
f 3094 2743 3095
f 3096 3098 3087
f 3099 3087 3086
f 3097 3095 3098
f 3100 2746 3101
f 3101 3102 3100
f 2764 2927 3101
f 2745 3101 2746
f 3102 3091 3100
f 3100 3095 2743
f 2869 3592 3634
f 3102 3104 3092
f 3658 2869 3634
f 2927 3103 3102
f 3098 3091 3090
f 3087 3090 3085
f 2088 3105 3083
f 3083 3086 3084
f 2483 2771 3070
f 2401 2185 2321
f 3099 3105 3106
f 2125 3106 3105
f 3108 2742 3107
f 3107 3094 3097
f 3110 3107 3109
f 3109 3097 3096
f 3111 3096 3099
f 3112 3109 3111
f 3113 2737 3108
f 3115 2722 3114
f 3117 3114 3116
f 3119 3116 3118
f 3118 3120 3121
f 3116 3113 3120
f 3122 3111 3123
f 3122 1755 1754
f 3124 3126 3127
f 3125 3121 3126
f 3128 3118 3125
f 3129 3125 3124
f 2020 3128 3129
f 3853 1346 1352
f 1065 1047 1066
f 1814 3830 1649
f 2021 3129 3130
f 3111 3106 3123
f 3123 2207 1755
f 2377 2224 2973
f 3014 113 112
f 1756 3782 3767
f 3131 2530 2528
f 3133 2528 2529
f 1753 3767 3775
f 3134 3127 3135
f 2327 2314 2313
f 2436 2317 2349
f 2018 3711 3712
f 2534 3137 2535
f 2320 3136 2534
f 2185 3712 3771
f 3138 2542 2539
f 3134 3744 3745
f 3785 3134 3745
f 3140 2539 2538
f 2535 3140 2538
f 3711 3130 3785
f 2558 3132 3141
f 3782 3141 3132
f 2560 3141 3142
f 3760 3142 3141
f 958 2976 2981
f 1933 2980 3143
f 2399 2418 2416
f 2348 2343 2432
f 2322 2319 2323
f 2718 2874 2730
f 2709 2873 2710
f 2894 1361 1942
f 346 176 347
f 1876 1882 1881
f 2802 3607 3592
f 3104 3088 3092
f 2974 3649 3603
f 3089 2761 2762
f 3088 3145 3089
f 2803 3603 3607
f 3870 692 628
f 2123 1418 2126
f 1365 1368 1367
f 1581 1782 1783
f 3569 2129 3520
f 3555 2002 3521
f 3146 2551 3147
f 3751 3147 3750
f 3742 3146 3751
f 3149 2585 3146
f 3196 3197 3195
f 3604 2191 3623
f 3142 2556 2560
f 3777 3150 3142
f 3646 2550 3593
f 3150 2555 2556
f 3778 3151 3150
f 3788 3152 3646
f 3153 2551 2549
f 3152 2549 2550
f 3781 3153 3152
f 3776 3147 3153
f 3148 2206 2205
f 2183 2321 2184
f 2132 2928 2133
f 3684 2204 2203
f 3719 2197 3721
f 2594 2773 2951
f 2595 2951 2772
f 1870 799 1869
f 3713 2178 3706
f 3706 3736 3790
f 336 3774 3722
f 339 3154 336
f 3789 3149 3742
f 3683 2584 3149
f 2963 3048 3047
f 3722 337 336
f 339 2566 2586
f 3156 2168 2167
f 2610 2167 2611
f 2954 3156 2610
f 3157 2953 2257
f 3707 2169 3709
f 2567 3159 2568
f 337 2567 338
f 3730 2166 3707
f 3764 1983 3765
f 2579 3081 2576
f 2568 3160 2579
f 3709 2190 3764
f 3065 3162 3161
f 3161 1984 2189
f 3157 2189 2168
f 2257 3161 3157
f 734 1922 806
f 3059 2708 3163
f 3163 2182 1985
f 3162 1985 1984
f 3062 3163 3162
f 3203 3205 3204
f 2122 1448 1447
f 3817 1685 3812
f 139 444 69
f 1570 566 533
f 2957 3165 3036
f 2955 3164 2957
f 1912 341 1973
f 3130 3124 3134
f 1548 319 1547
f 1949 1327 1887
f 2969 3078 3167
f 3167 3169 3168
f 3724 2017 3720
f 3720 2033 3759
f 3168 3165 3170
f 3170 3164 3171
f 3779 3171 3756
f 3724 3170 3779
f 3171 3166 3172
f 3172 3071 3173
f 3752 3173 3749
f 3756 3172 3752
f 3169 3036 3165
f 2593 2962 2594
f 3173 2609 3174
f 3174 2199 2198
f 3783 2198 3719
f 3749 3174 3783
f 2190 1984 1983
f 2196 2767 3148
f 2119 1414 1448
f 1464 1466 1465
f 2199 3069 2200
f 2457 2587 2565
f 2226 2562 2966
f 481 1627 1639
f 333 235 236
f 3078 3037 3169
f 3040 2997 2263
f 2219 1933 2220
f 2385 2497 2503
f 221 3175 2484
f 2220 3143 3175
f 3175 2976 2975
f 2484 2975 2982
f 2954 3166 2955
f 2630 110 2982
f 1547 1952 1955
f 2091 2188 2187
f 3733 2178 2177
f 1918 1927 1926
f 3563 111 3511
f 955 960 954
f 2037 112 3563
f 3143 2981 2976
f 2218 2214 2215
f 672 3787 3541
f 2152 3014 2037
f 1147 1143 1145
f 2248 1409 2245
f 1615 1635 1616
f 1410 2246 2247
f 3241 3242 3240
f 3177 1383 1382
f 2238 3176 1382
f 3176 2230 3178
f 1410 3179 1407
f 3179 2243 1407
f 1633 2800 2249
f 1621 2758 2912
f 1622 2245 1634
f 2236 3181 3182
f 2237 3182 3183
f 2250 2233 2229
f 2912 1628 1621
f 135 1564 1563
f 1567 512 1565
f 1085 2653 2685
f 3184 868 3056
f 869 3057 934
f 1266 1098 1312
f 1267 722 721
f 937 2646 936
f 2146 722 2147
f 2211 921 2667
f 1957 507 449
f 1313 2264 3040
f 1496 1493 1492
f 2681 2705 2682
f 2887 2933 2932
f 1687 1659 1694
f 145 1498 81
f 1317 1319 2694
f 37 418 71
f 1935 3185 2977
f 104 301 103
f 2101 2083 2084
f 543 360 207
f 1934 3186 3185
f 234 212 237
f 3845 1822 1824
f 1976 1874 1974
f 223 2219 220
f 3655 3605 3612
f 468 773 2165
f 1935 1728 1932
f 3240 3226 3235
f 3261 3250 3260
f 3215 3244 3264
f 3265 3215 3264
f 3267 3198 3196
f 3205 3269 3255
f 3214 3265 3270
f 3271 3214 3192
f 3251 3239 3236
f 3222 3266 3272
f 3232 3234 3233
f 3216 3243 3244
f 3196 3268 3267
f 3244 3254 3255
f 3238 3247 3246
f 3264 3255 3269
f 3253 3216 3217
f 3211 3221 3265
f 3257 3218 3256
f 3258 3272 3259
f 3274 3280 3273
f 3228 3262 3263
f 3275 3281 3280
f 3226 3273 3280
f 3236 3260 3251
f 3281 3236 3237
f 3287 3192 3189
f 3235 3280 3234
f 3234 3281 3237
f 3288 3259 3272
f 3260 3276 3251
f 3289 3278 3284
f 3210 3224 3283
f 3199 3201 3200
f 3228 3230 3229
f 3290 3285 3286
f 3282 3271 3287
f 3260 3262 3261
f 3243 3268 3254
f 3267 3241 3232
f 3194 3208 3193
f 3191 3269 3206
f 3270 3192 3214
f 3275 3230 3231
f 3264 3270 3265
f 3252 3276 3291
f 3248 3291 3223
f 3213 3279 3277
f 3272 3289 3288
f 3277 3212 3213
f 3228 3281 3231
f 3220 3253 3219
f 3219 3217 3257
f 3256 3222 3258
f 3247 3252 3248
f 3245 3232 3233
f 3266 3212 3289
f 3208 3255 3254
f 3288 3284 3285
f 3204 3208 3207
f 560 3187 559
f 3209 3201 3202
f 3189 3191 3190
f 448 807 447
f 647 122 270
f 1833 1780 1832
f 510 508 507
f 3210 1887 3201
f 1887 3200 3201
f 15 3197 3200
f 16 3195 3197
f 3195 3187 3194
f 3194 1899 3207
f 3207 375 3204
f 387 126 127
f 3189 1760 3287
f 3577 757 758
f 763 2172 2175
f 3583 3580 3581
f 3581 3579 3578
f 3594 3596 3595
f 3400 3602 3401
f 3626 3625 3627
f 3631 3599 3601
f 3636 3595 3596
f 3647 3588 3645
f 3650 3584 3647
f 3653 3580 3651
f 3653 3654 3579
f 1801 3656 3655
f 3651 3582 3650
f 3644 3595 3637
f 1767 3659 3660
f 1597 3661 1600
f 1708 3665 3664
f 3671 3667 3666
f 3666 3673 3672
f 1588 3664 1587
f 2080 3666 2082
f 2082 3672 2084
f 3674 3635 3631
f 3677 3636 3635
f 3682 3645 3681
f 3692 3650 3686
f 3681 3644 3680
f 786 3692 785
f 3694 3651 3692
f 785 3686 497
f 497 3682 650
f 650 3681 564
f 3696 3681 3680
f 3405 3605 3402
f 3702 3678 3677
f 3699 3679 3678
f 3645 3638 3644
f 1799 3659 1768
f 3708 3458 3460
f 3462 3708 3460
f 3714 564 3696
f 3615 3602 3600
f 3710 3696 3698
f 3635 3596 3599
f 3629 3627 3630
f 3597 3599 3596
f 3630 3715 3629
f 3627 3597 3594
f 3717 3723 3718
f 3715 3660 3629
f 3716 3725 3715
f 3668 3661 3725
f 3668 3717 3667
f 3667 3718 3673
f 3727 3673 3718
f 3728 3672 3673
f 3726 3718 3723
f 1576 2084 3672
f 3727 3731 3729
f 3203 1387 3190
f 3190 1791 3189
f 3283 1949 3210
f 317 259 391
f 2000 3653 3694
f 3601 3600 3602
f 3589 3584 3585
f 3577 756 2170
f 3585 3582 3583
f 3678 3637 3636
f 3204 376 3203
f 1801 3657 1799
f 3729 3728 3727
f 1575 3738 1088
f 3735 1576 3728
f 1776 1796 1775
f 1293 1290 1284
f 1326 1327 12
f 1294 1234 1290
f 878 1330 1337
f 497 374 498
f 122 413 121
f 3699 3704 3708
f 3606 3401 3602
f 3708 3698 3699
f 3464 3710 3462
f 3704 3443 3458
f 439 399 438
f 1512 1526 1511
f 1668 1738 1671
f 839 1362 838
f 1362 826 1012
f 3843 1896 3815
f 2053 2118 2117
f 3888 2120 2119
f 696 3816 3831
f 1826 639 640
f 3740 3729 3731
f 956 886 960
f 1980 1922 807
f 33 105 164
f 1343 3856 3857
f 3907 2128 3902
f 1766 1582 1594
f 14 2163 738
f 595 99 594
f 3233 3246 3245
f 1346 1044 1352
f 748 1425 747
f 3193 3254 3268
f 3190 3206 3203
f 3612 3606 3615
f 3624 3615 3625
f 3631 3443 3674
f 3679 3644 3637
f 3686 3647 3682
f 3702 3674 3704
f 3625 3600 3597
f 3601 3415 3631
f 3739 3735 3729
f 3630 3594 3741
f 3741 3716 3630
f 1284 1288 1285
f 3698 3680 3679
f 1778 1780 1779
f 1792 1584 1789
f 695 571 694
f 3638 3594 3595
f 3741 3588 3589
f 3247 3209 3202
f 3292 3294 3295
f 3296 3298 3299
f 3299 3300 3301
f 3302 3304 3305
f 3306 3308 3309
f 3307 3311 3308
f 3303 3301 3300
f 3312 3304 3313
f 3314 3316 3317
f 3318 3320 3321
f 3324 3321 3325
f 3326 3328 3323
f 3329 3331 3332
f 3333 3335 3336
f 3337 3339 3340
f 3333 3341 3342
f 3342 3343 3344
f 3319 3344 3343
f 3338 3334 3339
f 3346 3302 3347
f 3305 3347 3302
f 3312 3223 3349
f 3350 3340 3351
f 3312 3348 3305
f 3352 3341 3326
f 3311 3354 3308
f 3341 3327 3326
f 3359 3361 3362
f 3360 3250 3249
f 3318 3345 3319
f 3364 3318 3324
f 3314 3324 3365
f 3366 3301 3346
f 3299 3367 3296
f 3308 3368 3309
f 3369 3295 3294
f 3317 3364 3314
f 3370 3317 3316
f 3325 3365 3324
f 3352 3319 3343
f 3296 3353 3311
f 3297 3311 3310
f 3363 3354 3345
f 3345 3353 3344
f 3344 3367 3342
f 3366 3342 3367
f 3347 3334 3346
f 3339 3348 3340
f 3348 3351 3340
f 3363 3369 3368
f 3294 3368 3369
f 3293 3309 3294
f 3331 3374 3332
f 3346 3333 3366
f 3323 3352 3326
f 3356 3321 3320
f 3355 3325 3321
f 3357 3371 3325
f 3322 3320 3352
f 3361 3329 3362
f 3373 3375 3374
f 3374 3376 3332
f 3329 3376 3362
f 3327 3372 3328
f 3336 3375 3327
f 3335 3376 3375
f 3376 3337 3362
f 3337 3359 3362
f 3359 3276 3250
f 3377 3295 3370
f 3277 3315 3278
f 3371 3379 3365
f 3378 3358 3380
f 3365 3315 3314
f 3316 3279 3370
f 3282 3370 3279
f 3313 3224 3312
f 3378 3284 3379
f 3380 3285 3378
f 3379 3278 3315
f 3276 3351 3291
f 3291 3349 3223
f 3313 2965 3013
f 2965 3303 222
f 222 3300 223
f 223 3298 3186
f 3298 3185 3186
f 3297 2977 3185
f 3310 1213 2977
f 3307 1214 1213
f 2532 3306 3293
f 2894 3293 3292
f 2871 3292 3377
f 3253 3240 3242
f 3283 3013 2152
f 1997 1889 1892
f 1237 744 855
f 1535 120 121
f 1531 201 214
f 1119 1032 984
f 946 824 947
f 163 5 162
f 3589 3723 3741
f 1155 1162 1164
f 427 327 424
f 553 796 498
f 3381 2231 2237
f 3381 2230 2232
f 2237 3180 3381
f 3383 3385 3382
f 3384 3387 3385
f 3386 3389 3387
f 3388 3391 3389
f 3392 3394 3395
f 3395 3396 3397
f 3398 3397 3396
f 3400 3399 3398
f 3403 3405 3402
f 3406 3404 3403
f 3408 3407 3406
f 3410 3409 3408
f 3412 3411 3410
f 3415 3398 3414
f 3414 3396 3416
f 3416 3394 3417
f 3417 3393 3418
f 3393 3420 3418
f 3419 3421 3420
f 3390 3422 3421
f 3388 3423 3422
f 3386 3424 3423
f 3384 3425 3424
f 3425 3426 3184
f 2904 3428 2947
f 3429 2904 2902
f 3430 2902 2876
f 2875 3430 2876
f 3432 2733 2736
f 2825 3435 2824
f 3437 3439 3436
f 3441 3436 3440
f 2724 3434 2825
f 3436 3115 3117
f 3440 3117 3119
f 3443 3414 3442
f 3442 3416 3444
f 3444 3417 3445
f 3445 3418 3446
f 3446 3420 3447
f 3420 3448 3447
f 3421 3449 3448
f 3422 3450 3449
f 3423 3451 3450
f 3424 3452 3451
f 3425 3056 3452
f 3451 2253 2252
f 3450 2252 1727
f 3449 1727 2150
f 3448 2150 1941
f 3453 3448 1941
f 3454 3447 3453
f 3455 3446 3454
f 3456 3445 3455
f 3442 3456 3457
f 3443 3457 3458
f 3459 3458 3457
f 3457 3455 3459
f 3459 3454 3461
f 3462 3459 3461
f 3461 3453 3463
f 3464 3461 3463
f 3463 1941 1360
f 3404 3401 3405
f 3407 3399 3404
f 3409 3397 3407
f 3411 3395 3409
f 3465 3413 3412
f 3467 3469 3466
f 3465 3431 3433
f 3470 3466 3465
f 3438 3432 3435
f 3467 3438 3437
f 3468 3437 3441
f 3471 3468 3472
f 3472 3441 3473
f 3473 3440 2712
f 2712 3119 3128
f 3475 3472 3474
f 3474 3473 3476
f 3476 2712 2711
f 3477 2711 2400
f 3478 3476 3477
f 3479 3474 3478
f 3392 3413 3480
f 3466 3480 3413
f 3419 3392 3480
f 3390 3480 3391
f 3469 3391 3480
f 3389 3471 3475
f 3387 3475 3479
f 3385 3479 3481
f 3482 2400 2402
f 3483 3477 3482
f 3481 3478 3483
f 3484 2402 2707
f 3058 2707 2708
f 3061 3484 3058
f 3485 3482 3484
f 3382 3481 3486
f 3486 3483 3485
f 3426 3382 3487
f 3487 3486 1962
f 3486 3061 1962
f 1961 3487 1962
f 3057 3426 3487
f 3428 3402 3488
f 3427 3403 3428
f 3429 3406 3427
f 3430 3408 3429
f 3431 3410 3430
f 3470 3433 3432
f 3434 3438 3435
f 2723 3439 3434
f 2875 3433 3431
f 2736 3435 3432
f 2947 3488 3500
f 3464 1360 3497
f 1900 1924 1901
f 1736 1718 1750
f 1955 1943 1956
f 1671 1735 1751
f 1696 1698 1692
f 1800 1864 1801
f 2063 2056 2060
f 1737 1717 1736
f 1751 1697 1695
f 943 3899 684
f 3656 3402 3605
f 1577 1764 1703
f 3917 1599 3923
f 1945 82 1944
f 68 7 248
f 147 1543 148
f 1109 1133 1102
f 1503 1907 1908
f 1499 1909 1498
f 452 735 215
f 1824 3835 3845
f 1825 2068 1824
f 1463 1022 1194
f 841 1009 1011
f 1568 1955 1534
f 1926 1927 1923
f 1910 1502 1939
f 1939 422 442
f 309 1940 308
f 1804 1866 1803
f 269 1954 56
f 2065 2060 2056
f 3812 1758 3835
f 280 552 1940
f 1875 1869 1874
f 1739 1734 1737
f 1778 1790 1788
f 310 1915 279
f 1909 1906 1954
f 1789 1778 1788
f 978 980 979
f 1584 1731 1583
f 425 311 312
f 148 115 116
f 2044 3894 2046
f 277 1939 551
f 1943 1945 1944
f 1461 1463 1464
f 2253 3056 3055
f 2981 3489 958
f 2209 3489 3055
f 2254 3055 3489
f 2998 958 3489
f 2826 2721 2724
f 3490 2721 2817
f 2816 3490 2817
f 2334 2296 2335
f 2298 2334 2336
f 2301 2336 2338
f 2311 2338 2354
f 2312 2354 2355
f 2359 2361 2360
f 2335 2359 2360
f 2414 2365 2364
f 2413 2361 2365
f 2355 2540 2541
f 2541 2539 2542
f 2722 2739 2738
f 3114 2738 3113
f 3110 3121 3120
f 3108 3120 3113
f 3122 3127 3126
f 3112 3126 3121
f 3127 1753 3135
f 3139 2529 2542
f 3744 3133 3139
f 3490 2740 2739
f 3491 2789 3490
f 228 91 88
f 245 243 242
f 248 247 191
f 2 296 295
f 145 300 267
f 327 210 328
f 329 331 330
f 250 228 236
f 239 240 230
f 373 375 374
f 178 176 175
f 1218 1228 1321
f 3862 1295 3854
f 808 824 823
f 3858 1013 1014
f 3813 1411 1413
f 2154 2159 2160
f 3845 1758 1757
f 306 1922 452
f 2157 1976 1977
f 708 2031 1474
f 1450 1227 1428
f 1672 1605 1624
f 1813 1821 1816
f 1717 1715 1718
f 176 402 347
f 1710 3916 3915
f 1712 1577 1711
f 1705 1711 1704
f 971 979 970
f 822 1094 1102
f 2909 2793 2792
f 2810 2795 2793
f 2799 2249 2800
f 3662 2910 2799
f 2769 2801 2795
f 3177 3178 3179
f 3178 3180 3179
f 3181 1393 2800
f 3181 1632 3182
f 3182 2244 3183
f 3183 2243 3180
f 3492 2790 3491
f 2808 3491 2816
f 2239 3572 2240
f 1149 3571 3570
f 1150 3567 3571
f 2202 3566 2015
f 2921 3565 2923
f 3568 2133 2928
f 1777 1759 1792
f 1201 1183 1184
f 3561 2195 2194
f 3553 2770 2768
f 3927 1687 1692
f 1516 154 503
f 3549 2974 2803
f 3550 2779 2778
f 2771 3575 3546
f 3070 3546 3558
f 3547 2775 2867
f 1376 1370 1372
f 2767 3556 2206
f 2195 3543 2767
f 2775 3542 2776
f 3377 3545 2871
f 3804 3539 2806
f 2776 3538 2805
f 2240 3535 2920
f 2920 3669 3619
f 3548 2786 2779
f 1805 1851 1804
f 3534 2787 2786
f 2951 3540 3531
f 2772 3531 3575
f 2973 3530 3536
f 2224 3537 3530
f 1957 320 510
f 306 304 303
f 2770 3528 2913
f 2913 3574 2239
f 2923 3527 2922
f 308 431 47
f 207 132 543
f 1879 1881 1880
f 3733 3525 2089
f 2475 3558 3524
f 2476 3524 3523
f 2223 3523 3537
f 3522 2803 2802
f 2037 11 1950
f 1959 450 505
f 2003 3520 2129
f 9 334 540
f 2009 3518 3567
f 2008 3536 3518
f 3877 673 3879
f 3515 2778 2784
f 2935 3513 2936
f 111 3570 3511
f 3510 2935 2938
f 683 3885 943
f 3508 2810 2909
f 736 732 729
f 1795 1803 1796
f 3505 2938 2939
f 3507 2939 2940
f 2950 3504 2949
f 2940 3504 3507
f 3801 3512 2950
f 2868 3502 2869
f 2869 3522 2802
f 1024 1023 1020
f 3500 2948 2947
f 551 442 443
f 2972 3568 2928
f 2032 3499 2972
f 216 1924 1923
f 203 201 200
f 1828 1847 1837
f 1958 449 450
f 272 178 175
f 2871 3495 1361
f 3619 3564 2921
f 2801 3643 3662
f 2005 3654 2176
f 960 899 962
f 3657 3612 3624
f 3780 3646 3151
f 3151 3593 2555
f 2193 3623 2194
f 3607 3145 3144
f 3603 2761 3145
f 3592 3144 3104
f 2926 3634 3103
f 3634 3104 3103
f 3755 3746 3753
f 566 3758 2005
f 3488 1864 3500
f 1602 2079 2078
f 2868 3611 2922
f 2922 3610 2923
f 2923 3618 2921
f 3670 2918 3614
f 3619 3614 2920
f 2921 3670 3619
f 2920 3586 2240
f 3613 2915 2918
f 2917 3622 3641
f 2916 3641 3642
f 2239 3652 2913
f 2911 3652 2757
f 3643 2911 2910
f 2797 3662 3591
f 2797 3598 2750
f 3622 2763 2765
f 3608 2764 2745
f 2194 3648 2221
f 2221 3649 2222
f 2756 3609 2755
f 2750 3609 2747
f 3669 1817 3827
f 3763 1691 1699
f 2515 3590 2548
f 2548 3593 2550
f 2513 3632 3616
f 2513 3621 2515
f 2509 3620 2289
f 2510 3633 2509
f 2289 3639 2283
f 2283 3617 2286
f 2240 3587 2239
f 3659 3624 3626
f 716 3887 3888
f 727 3761 1923
f 2165 2170 2164
f 3660 3626 3629
f 3743 3578 3757
f 2175 769 770
f 2100 2095 2099
f 3758 3757 3578
f 640 3568 1826
f 1653 3553 1651
f 1895 3530 746
f 746 3537 741
f 1653 3528 3576
f 3762 1604 1672
f 2093 2073 2078
f 959 995 884
f 962 919 986
f 1400 1398 1399
f 1000 1127 1004
f 956 884 885
f 1662 3550 1661
f 2034 3546 1654
f 3926 3539 3802
f 3535 766 1817
f 3572 765 766
f 334 3571 335
f 1868 3540 1656
f 1684 1652 1678
f 1682 775 1807
f 1585 3762 1700
f 3763 1672 1673
f 2173 490 491
f 1658 3547 1752
f 3556 1650 724
f 1571 2010 1572
f 1587 3671 2080
f 2099 2077 2094
f 787 1999 786
f 2000 786 1999
f 3155 3697 3683
f 3713 3683 3789
f 2180 3685 3684
f 3496 3684 3705
f 1684 3840 1651
f 1760 3495 3545
f 2607 3693 2590
f 2581 3689 2607
f 2371 3700 3695
f 2371 3693 2372
f 2587 3675 2586
f 2586 3697 339
f 2497 3687 2503
f 2502 3687 3700
f 2494 3690 2495
f 3690 2472 2495
f 3688 2468 2472
f 3701 2469 2468
f 726 3892 630
f 581 3518 580
f 10 3570 334
f 1837 3510 1849
f 741 3523 1300
f 1299 3558 2034
f 1851 3504 1866
f 3527 1820 1819
f 580 3536 1895
f 1758 3522 3502
f 1693 3508 1806
f 3504 1867 1866
f 1894 3568 3499
f 2126 3813 3841
f 3906 3841 3912
f 2113 3867 2110
f 2179 3789 3685
f 624 3904 623
f 2192 3788 3780
f 2177 3787 3733
f 1364 3833 1338
f 3858 1470 1453
f 3135 3775 3744
f 2069 3835 2068
f 1351 3853 1352
f 2108 3901 499
f 2089 3736 3733
f 3828 1358 866
f 2001 3783 2187
f 2187 3719 2091
f 2130 3752 2004
f 2004 3749 2001
f 2014 3779 2201
f 2201 3756 2130
f 3167 3759 2969
f 3168 3720 3167
f 3159 3764 3160
f 3160 3765 3081
f 3730 3158 337
f 3158 3709 3159
f 2200 3730 3722
f 3685 3742 2204
f 3722 2197 2200
f 3790 2092 3721
f 3774 3721 2197
f 3154 3790 3774
f 3155 3706 3154
f 2091 3721 2092
f 2196 3750 3776
f 2193 3776 3781
f 3604 3781 3788
f 2086 3780 3778
f 2087 3778 3777
f 2204 3751 2205
f 2205 3750 3148
f 3909 574 692
f 2124 3777 3760
f 2208 3760 3782
f 3711 3140 3137
f 3785 3138 3140
f 3745 3139 3138
f 3771 3136 2322
f 3712 3137 3136
f 3775 3131 3133
f 3767 3132 3131
f 1813 3838 1814
f 1293 3856 1344
f 2184 3748 3732
f 2181 3732 3734
f 3765 3079 3081
f 3768 3080 3079
f 709 3875 2031
f 2774 3737 3769
f 3786 2134 3559
f 3809 766 765
f 2968 3766 2959
f 2969 3784 2968
f 2958 3737 2961
f 2132 3766 2960
f 2321 3771 3748
f 3860 1449 28
f 3905 582 710
f 3886 577 574
f 3847 1818 3827
f 705 3887 2121
f 3816 3907 698
f 2111 3911 2113
f 3810 1366 1411
f 1812 3822 1815
f 675 3852 674
f 3496 3851 675
f 2110 3868 2109
f 2104 3901 2106
f 2109 3899 944
f 3842 703 739
f 1680 3846 1684
f 1639 3819 3818
f 623 3906 697
f 2139 3866 3865
f 1808 3844 3837
f 3820 1819 1820
f 3872 3900 706
f 1646 3830 1648
f 3889 633 577
f 2139 3875 18
f 2156 3871 3874
f 674 3913 3869
f 2117 3812 2069
f 1815 3847 3823
f 3855 1444 1470
f 697 3912 3816
f 866 3836 3828
f 3864 2136 2135
f 3585 3726 3589
f 3583 3731 3585
f 3753 3738 3739
f 3740 3581 3743
f 1088 3746 1093
f 3739 3743 3753
f 2791 3493 2792
f 3492 2807 3493
f 2792 3494 2909
f 3493 2806 3494
f 3508 3494 3516
f 3516 2806 3539
f 2948 3791 3801
f 2105 3896 2104
f 3538 3804 2805
f 680 3876 683
f 1891 3910 3891
f 2905 3801 2950
f 2900 3799 2905
f 2901 3807 2877
f 2734 3806 3794
f 2877 3806 2878
f 2820 3794 2872
f 2818 3792 2827
f 2823 3792 2826
f 2822 3798 2821
f 2819 3800 3798
f 2817 3795 2816
f 2809 3795 2815
f 2808 3803 2807
f 2805 3803 2804
f 1702 3923 1599
f 3922 1797 1802
f 3915 1706 1709
f 3918 1692 1698
f 1657 3880 1879
f 1890 3895 3910
f 3772 1674 1675
f 1689 3772 3773
f 3926 3538 1688
f 3516 1689 3773
f 3917 1703 1764
f 1598 3928 1770
f 3880 1876 1879
f 1691 3925 3927
f 3925 1688 1687
f 1117 1118 3930
f 1066 1322 3930
f 1243 847 3930
f 3825 848 3930
f 1128 1117 3930
f 1129 1130 3930
f 841 1011 3930
f 1230 3863 3930
f 1242 1243 3930
f 1322 1229 3930
f 1064 1065 3930
f 1003 1128 3930
f 1229 1230 3930
f 3863 1285 3930
f 1285 1288 3930
f 848 839 3930
f 847 3825 3930
f 1118 1129 3930
f 1065 1066 3930
f 1087 1086 3930
f 1008 1002 3930
f 1011 1008 3930
f 1002 1003 3930
f 1076 1069 3930
f 838 841 3930
f 839 838 3930
f 1288 1242 3930
f 1130 1087 3930
f 1086 1076 3930
f 1069 1064 3930
f 2410 2414 3931
f 2411 2410 3931
f 3617 2285 3931
f 2394 2393 3931
f 2393 2396 3931
f 2281 2286 3931
f 2282 2280 3931
f 2398 2399 3931
f 2465 2464 3931
f 2396 2397 3931
f 2470 2469 3931
f 2399 2416 3931
f 2480 2395 3931
f 2459 2480 3931
f 2369 2282 3931
f 2460 2459 3931
f 2415 2411 3931
f 2416 2415 3931
f 2364 2363 3931
f 2286 3617 3931
f 2464 2470 3931
f 2469 3703 3931
f 2285 2465 3931
f 2414 2364 3931
f 2395 2394 3931
f 2363 2367 3931
f 2397 2398 3931
f 2280 2281 3931
f 3703 2460 3931
f 2367 2369 3931
f 3934 3937 3938
f 3934 3939 3935
f 3932 3937 3933
f 3938 3943 3939
f 3937 3940 3941
f 3937 3942 3938
f 3942 3947 3943
f 3941 3944 3945
f 3942 3945 3946
f 3947 3950 3951
f 3944 3949 3945
f 3945 3950 3946
f 3950 3955 3951
f 3949 3952 3953
f 3950 3953 3954
f 3955 3958 3959
f 3953 3956 3957
f 3953 3958 3954
f 3959 3962 3963
f 3957 3960 3961
f 3958 3961 3962
f 3962 3967 3963
f 3960 3965 3961
f 3961 3966 3962
f 3966 3971 3967
f 3965 3968 3969
f 3966 3969 3970
f 3970 3975 3971
f 3968 3973 3969
f 3969 3974 3970
f 3974 3979 3975
f 3973 3976 3977
f 3974 3977 3978
f 3979 3982 3983
f 3976 3981 3977
f 3977 3982 3978
f 3982 3987 3983
f 3981 3984 3985
f 3982 3985 3986
f 3987 3990 3991
f 3984 3989 3985
f 3985 3990 3986
f 3991 3994 3995
f 3989 3992 3993
f 3990 3993 3994
f 3995 3998 3999
f 3992 3997 3993
f 3993 3998 3994
f 3998 4003 3999
f 3997 4000 4001
f 3998 4001 4002
f 4002 4007 4003
f 4000 4005 4001
f 4001 4006 4002
f 4006 4011 4007
f 4005 4008 4009
f 4006 4009 4010
f 4011 4014 4015
f 4008 4013 4009
f 4009 4014 4010
f 4014 4019 4015
f 4013 4016 4017
f 4014 4017 4018
f 4019 4022 4023
f 4016 4021 4017
f 4017 4022 4018
f 4023 4026 4027
f 4021 4024 4025
f 4022 4025 4026
f 4027 4030 4031
f 4024 4029 4025
f 4025 4030 4026
f 4031 4034 4035
f 4029 4032 4033
f 4030 4033 4034
f 4034 4039 4035
f 4032 4037 4033
f 4033 4038 4034
f 4038 4043 4039
f 4037 4040 4041
f 4038 4041 4042
f 4043 4046 4047
f 4040 4045 4041
f 4041 4046 4042
f 4046 4051 4047
f 4045 4048 4049
f 4046 4049 4050
f 4051 4055 4056
f 4048 4054 4049
f 4049 4055 4050
f 4056 4059 4060
f 4053 4058 4054
f 4055 4058 4059
f 3932 4052 3936
f 3936 4052 3940
f 3940 4052 3944
f 3944 4052 3948
f 3948 4052 3952
f 3952 4052 3956
f 3956 4052 3960
f 3960 4052 3964
f 3964 4052 3968
f 3968 4052 3972
f 3972 4052 3976
f 3976 4052 3980
f 3980 4052 3984
f 3984 4052 3988
f 3988 4052 3992
f 3992 4052 3996
f 3996 4052 4000
f 4000 4052 4004
f 4004 4052 4008
f 4008 4052 4012
f 4012 4052 4016
f 4016 4052 4020
f 4020 4052 4024
f 4024 4052 4028
f 4028 4052 4032
f 4032 4052 4036
f 4036 4052 4040
f 4040 4052 4044
f 4044 4052 4048
f 4048 4052 4053
f 4053 4052 4057
f 4060 3934 3935
f 4058 3932 3933
f 4058 3934 4059
f 4057 4052 3932
f 4069 4081 4082
f 4066 4080 4067
f 4065 4077 4078
f 4063 4075 4076
f 4071 4085 4072
f 4069 4083 4070
f 4067 4081 4068
f 4066 4078 4079
f 4063 4077 4064
f 4061 4075 4062
f 4072 4086 4073
f 4071 4083 4084
f 4076 4090 4077
f 4074 4088 4075
f 4086 4098 4099
f 4083 4097 4084
f 4082 4094 4095
f 4079 4093 4080
f 4078 4090 4091
f 4076 4088 4089
f 4085 4097 4098
f 4082 4096 4083
f 4080 4094 4081
f 4079 4091 4092
f 4089 4103 4090
f 4088 4100 4101
f 4098 4112 4099
f 4096 4110 4097
f 4095 4107 4108
f 4092 4106 4093
f 4090 4104 4091
f 4089 4101 4102
f 4097 4111 4098
f 4095 4109 4096
f 4094 4106 4107
f 4092 4104 4105
f 4103 4115 4116
f 4100 4114 4101
f 4112 4124 4125
f 4110 4122 4123
f 4107 4121 4108
f 4105 4119 4106
f 4103 4117 4104
f 4101 4115 4102
f 4110 4124 4111
f 4109 4121 4122
f 4107 4119 4120
f 4105 4117 4118
f 4115 4129 4116
f 4114 4126 4127
f 4124 4138 4125
f 4123 4135 4136
f 4120 4134 4121
f 4119 4131 4132
f 4117 4129 4130
f 4114 4128 4115
f 4124 4136 4137
f 4122 4134 4135
f 4119 4133 4120
f 4117 4131 4118
f 4129 4141 4142
f 4126 4140 4127
f 4138 4150 4151
f 4136 4148 4149
f 4133 4147 4134
f 4131 4145 4132
f 4130 4142 4143
f 4127 4141 4128
f 4137 4149 4150
f 4135 4147 4148
f 4132 4146 4133
f 4131 4143 4144
f 4142 4154 4155
f 4140 4152 4153
f 4150 4164 4151
f 4149 4161 4162
f 4146 4160 4147
f 4144 4158 4145
f 4142 4156 4143
f 4140 4154 4141
f 4149 4163 4150
f 4148 4160 4161
f 4146 4158 4159
f 4144 4156 4157
f 4155 4167 4168
f 4153 4165 4166
f 4163 4177 4164
f 4161 4175 4162
f 4159 4173 4160
f 4158 4170 4171
f 4155 4169 4156
f 4153 4167 4154
f 4163 4175 4176
f 4161 4173 4174
f 4159 4171 4172
f 4156 4170 4157
f 4167 4181 4168
f 4165 4179 4166
f 4176 4190 4177
f 4175 4187 4188
f 4173 4185 4186
f 4170 4184 4171
f 4169 4181 4182
f 4167 4179 4180
f 4175 4189 4176
f 4173 4187 4174
f 4171 4185 4172
f 4170 4182 4183
f 4180 4194 4181
f 4178 4192 4179
f 4190 4202 4203
f 4187 4201 4188
f 4186 4198 4199
f 4183 4197 4184
f 4182 4194 4195
f 4180 4192 4193
f 4189 4201 4202
f 4186 4200 4187
f 4184 4198 4185
f 4183 4195 4196
f 4193 4207 4194
f 4192 4204 4205
f 4202 4216 4203
f 4200 4214 4201
f 4199 4211 4212
f 4196 4210 4197
f 4194 4208 4195
f 4193 4205 4206
f 4201 4215 4202
f 4199 4213 4200
f 4198 4210 4211
f 4196 4208 4209
f 4207 4219 4220
f 4204 4218 4205
f 4216 4228 4229
f 4213 4227 4214
f 4211 4225 4212
f 4209 4223 4210
f 4207 4221 4208
f 4205 4219 4206
f 4214 4228 4215
f 4213 4225 4226
f 4211 4223 4224
f 4209 4221 4222
f 4219 4233 4220
f 4218 4230 4231
f 4228 4242 4229
f 4226 4240 4227
f 4225 4237 4238
f 4223 4235 4236
f 4221 4233 4234
f 4218 4232 4219
f 4228 4240 4241
f 4226 4238 4239
f 4223 4237 4224
f 4221 4235 4222
f 4233 4245 4246
f 4230 4244 4231
f 4242 4254 4255
f 4240 4252 4253
f 4237 4251 4238
f 4235 4249 4236
f 4234 4246 4247
f 4231 4245 4232
f 4241 4253 4254
f 4239 4251 4252
f 4236 4250 4237
f 4235 4247 4248
f 4246 4258 4259
f 4244 4256 4257
f 4254 4268 4255
f 4253 4265 4266
f 4250 4264 4251
f 4248 4262 4249
f 4246 4260 4247
f 4244 4258 4245
f 4253 4267 4254
f 4252 4264 4265
f 4250 4262 4263
f 4248 4260 4261
f 4259 4271 4272
f 4257 4269 4270
f 4267 4281 4268
f 4265 4279 4266
f 4263 4277 4264
f 4262 4274 4275
f 4259 4273 4260
f 4257 4271 4258
f 4266 4280 4267
f 4265 4277 4278
f 4263 4275 4276
f 4260 4274 4261
f 4271 4285 4272
f 4269 4283 4270
f 4281 4293 4294
f 4279 4291 4292
f 4277 4289 4290
f 4274 4288 4275
f 4273 4285 4286
f 4271 4283 4284
f 4280 4292 4293
f 4277 4291 4278
f 4275 4289 4276
f 4274 4286 4287
f 4284 4298 4285
f 4282 4296 4283
f 4294 4306 4307
f 4291 4305 4292
f 4290 4302 4303
f 4287 4301 4288
f 4286 4298 4299
f 4284 4296 4297
f 4293 4305 4306
f 4290 4304 4291
f 4288 4302 4289
f 4287 4299 4300
f 4297 4311 4298
f 4296 4308 4309
f 4306 4320 4307
f 4304 4318 4305
f 4303 4315 4316
f 4300 4314 4301
f 4298 4312 4299
f 4297 4309 4310
f 4305 4319 4306
f 4304 4316 4317
f 4302 4314 4315
f 4300 4312 4313
f 4310 4324 4311
f 4308 4322 4309
f 4320 4332 4333
f 4318 4330 4331
f 4316 4328 4329
f 4313 4327 4314
f 4311 4325 4312
f 4310 4322 4323
f 4318 4332 4319
f 4316 4330 4317
f 4315 4327 4328
f 4312 4326 4313
f 4323 4337 4324
f 4322 4334 4335
f 4332 4346 4333
f 4330 4344 4331
f 4329 4341 4342
f 4327 4339 4340
f 4325 4337 4338
f 4322 4336 4323
f 4332 4344 4345
f 4330 4342 4343
f 4327 4341 4328
f 4325 4339 4326
f 4337 4350 4351
f 4334 4349 4335
f 4346 4359 4360
f 4344 4357 4358
f 4341 4356 4342
f 4340 4353 4354
f 4338 4351 4352
f 4335 4350 4336
f 4345 4358 4359
f 4343 4356 4357
f 4340 4355 4341
f 4338 4353 4339
f 4351 4363 4364
f 4349 4361 4362
f 4359 4373 4360
f 4358 4370 4371
f 4355 4369 4356
f 4354 4366 4367
f 4351 4365 4352
f 4349 4363 4350
f 4358 4372 4359
f 4357 4369 4370
f 4355 4367 4368
f 4352 4366 4353
f 4364 4376 4377
f 4362 4374 4375
f 4373 4385 4386
f 4370 4384 4371
f 4368 4382 4369
f 4367 4379 4380
f 4364 4378 4365
f 4362 4376 4363
f 4372 4384 4385
f 4370 4382 4383
f 4368 4380 4381
f 4365 4379 4366
f 4376 4390 4377
f 4374 4388 4375
f 4385 4399 4386
f 4384 4396 4397
f 4382 4394 4395
f 4379 4393 4380
f 4378 4390 4391
f 4376 4388 4389
f 4384 4398 4385
f 4382 4396 4383
f 4380 4394 4381
f 4379 4391 4392
f 4389 4403 4390
f 4387 4401 4388
f 4399 4411 4412
f 4396 4410 4397
f 4395 4407 4408
f 4393 4405 4406
f 4391 4403 4404
f 4389 4401 4402
f 4398 4410 4411
f 4395 4409 4396
f 4393 4407 4394
f 4391 4405 4392
f 4402 4416 4403
f 4401 4413 4414
f 4411 4425 4412
f 4409 4423 4410
f 4408 4420 4421
f 4406 4418 4419
f 4403 4417 4404
f 4402 4414 4415
f 4410 4424 4411
f 4408 4422 4409
f 4407 4419 4420
f 4404 4418 4405
f 4416 4428 4429
f 4413 4427 4414
f 4425 4437 4438
f 4423 4435 4436
f 4421 4433 4434
f 4418 4432 4419
f 4416 4430 4417
f 4415 4427 4428
f 4423 4437 4424
f 4421 4435 4422
f 4420 4432 4433
f 4418 4430 4431
f 4428 4442 4429
f 4426 4440 4427
f 4437 4451 4438
f 4435 4449 4436
f 4434 4446 4447
f 4432 4444 4445
f 4430 4442 4443
f 4427 4441 4428
f 4437 4449 4450
f 4435 4447 4448
f 4432 4446 4433
f 4430 4444 4431
f 4442 4454 4455
f 4439 4453 4440
f 4451 4463 4464
f 4449 4461 4462
f 4446 4460 4447
f 4444 4458 4445
f 4443 4455 4456
f 4440 4454 4441
f 4450 4462 4463
f 4447 4461 4448
f 4445 4459 4446
f 4444 4456 4457
f 4455 4467 4468
f 4453 4465 4466
f 4463 4477 4464
f 4462 4474 4475
f 4459 4473 4460
f 4457 4471 4458
f 4455 4469 4456
f 4453 4467 4454
f 4462 4476 4463
f 4461 4473 4474
f 4459 4471 4472
f 4457 4469 4470
f 4347 4073 4086
f 4347 4086 4099
f 4347 4099 4112
f 4347 4112 4125
f 4347 4125 4138
f 4347 4138 4151
f 4347 4151 4164
f 4347 4164 4177
f 4347 4177 4190
f 4347 4190 4203
f 4347 4203 4216
f 4347 4216 4229
f 4347 4229 4242
f 4347 4242 4255
f 4347 4255 4268
f 4347 4268 4281
f 4347 4281 4294
f 4347 4294 4307
f 4347 4307 4320
f 4347 4320 4333
f 4347 4333 4346
f 4347 4346 4360
f 4347 4360 4373
f 4347 4373 4386
f 4347 4386 4399
f 4347 4399 4412
f 4347 4412 4425
f 4347 4425 4438
f 4347 4438 4451
f 4347 4451 4464
f 4347 4464 4477
f 4468 4063 4064
f 4466 4061 4062
f 4477 4072 4073
f 4474 4071 4475
f 4472 4069 4473
f 4471 4066 4067
f 4468 4065 4469
f 4466 4063 4467
f 4347 4477 4073
f 4476 4071 4072
f 4474 4069 4070
f 4472 4067 4068
f 4469 4066 4470
f 3935 4465 4060
f 4465 4056 4060
f 4452 4051 4056
f 4439 4047 4051
f 4047 4413 4043
f 4043 4400 4039
f 4039 4387 4035
f 4387 4031 4035
f 4031 4361 4027
f 4361 4023 4027
f 4348 4019 4023
f 4334 4015 4019
f 4015 4308 4011
f 4011 4295 4007
f 4007 4282 4003
f 4282 3999 4003
f 3999 4256 3995
f 4256 3991 3995
f 4243 3987 3991
f 4230 3983 3987
f 3983 4204 3979
f 3979 4191 3975
f 3975 4178 3971
f 4178 3967 3971
f 3967 4152 3963
f 4152 3959 3963
f 4139 3955 3959
f 4126 3951 3955
f 3951 4100 3947
f 3947 4087 3943
f 3943 4074 3939
f 4074 3935 3939
f 4480 4483 4484
f 4480 4485 4481
f 4479 4482 4483
f 4484 4489 4485
f 4482 4487 4483
f 4483 4488 4484
f 4488 4493 4489
f 4487 4490 4491
f 4488 4491 4492
f 4493 4496 4497
f 4490 4495 4491
f 4491 4496 4492
f 4496 4501 4497
f 4495 4498 4499
f 4496 4499 4500
f 4501 4504 4505
f 4498 4503 4499
f 4499 4504 4500
f 4505 4508 4509
f 4503 4506 4507
f 4504 4507 4508
f 4509 4512 4513
f 4506 4511 4507
f 4507 4512 4508
f 4513 4516 4517
f 4511 4514 4515
f 4512 4515 4516
f 4516 4521 4517
f 4514 4519 4515
f 4515 4520 4516
f 4520 4525 4521
f 4518 4523 4519
f 4520 4523 4524
f 4525 4528 4529
f 4522 4527 4523
f 4523 4528 4524
f 4528 4533 4529
f 4527 4530 4531
f 4528 4531 4532
f 4533 4536 4537
f 4530 4535 4531
f 4531 4536 4532
f 4537 4540 4541
f 4534 4539 4535
f 4536 4539 4540
f 4541 4544 4545
f 4539 4542 4543
f 4539 4544 4540
f 4544 4549 4545
f 4542 4547 4543
f 4544 4547 4548
f 4548 4553 4549
f 4547 4550 4551
f 4547 4552 4548
f 4552 4557 4553
f 4551 4554 4555
f 4552 4555 4556
f 4557 4560 4561
f 4554 4559 4555
f 4555 4560 4556
f 4560 4565 4561
f 4559 4562 4563
f 4560 4563 4564
f 4565 4568 4569
f 4562 4567 4563
f 4563 4568 4564
f 4569 4572 4573
f 4567 4570 4571
f 4568 4571 4572
f 4572 4577 4573
f 4570 4575 4571
f 4571 4576 4572
f 4576 4581 4577
f 4575 4578 4579
f 4576 4579 4580
f 4580 4585 4581
f 4578 4583 4579
f 4579 4584 4580
f 4584 4589 4585
f 4583 4586 4587
f 4584 4587 4588
f 4589 4592 4593
f 4586 4591 4587
f 4587 4592 4588
f 4592 4597 4593
f 4591 4594 4595
f 4592 4595 4596
f 4597 4601 4602
f 4594 4600 4595
f 4595 4601 4596
f 4602 4605 4606
f 4600 4603 4604
f 4601 4604 4605
f 4478 4598 4482
f 4482 4598 4486
f 4486 4598 4490
f 4490 4598 4494
f 4494 4598 4498
f 4498 4598 4502
f 4502 4598 4506
f 4506 4598 4510
f 4510 4598 4514
f 4514 4598 4518
f 4518 4598 4522
f 4522 4598 4526
f 4526 4598 4530
f 4530 4598 4534
f 4534 4598 4538
f 4538 4598 4542
f 4542 4598 4546
f 4546 4598 4550
f 4550 4598 4554
f 4554 4598 4558
f 4558 4598 4562
f 4562 4598 4566
f 4566 4598 4570
f 4570 4598 4574
f 4574 4598 4578
f 4578 4598 4582
f 4582 4598 4586
f 4586 4598 4590
f 4590 4598 4594
f 4594 4598 4599
f 4599 4598 4603
f 4606 4480 4481
f 4603 4479 4604
f 4604 4480 4605
f 4603 4598 4478
f 4615 4627 4628
f 4612 4626 4613
f 4611 4623 4624
f 4609 4621 4622
f 4618 4630 4631
f 4615 4629 4616
f 4613 4627 4614
f 4612 4624 4625
f 4609 4623 4610
f 4607 4621 4608
f 4619 4631 4632
f 4617 4629 4630
f 4622 4636 4623
f 4620 4634 4621
f 4632 4644 4645
f 4629 4643 4630
f 4628 4640 4641
f 4626 4638 4639
f 4624 4636 4637
f 4622 4634 4635
f 4631 4643 4644
f 4628 4642 4629
f 4626 4640 4627
f 4624 4638 4625
f 4635 4649 4636
f 4634 4646 4647
f 4644 4658 4645
f 4642 4656 4643
f 4641 4653 4654
f 4639 4651 4652
f 4636 4650 4637
f 4635 4647 4648
f 4643 4657 4644
f 4642 4654 4655
f 4640 4652 4653
f 4637 4651 4638
f 4648 4662 4649
f 4646 4660 4647
f 4658 4670 4671
f 4656 4668 4669
f 4653 4667 4654
f 4651 4665 4652
f 4649 4663 4650
f 4648 4660 4661
f 4656 4670 4657
f 4654 4668 4655
f 4653 4665 4666
f 4651 4663 4664
f 4661 4675 4662
f 4660 4672 4673
f 4670 4684 4671
f 4668 4682 4669
f 4667 4679 4680
f 4665 4677 4678
f 4663 4675 4676
f 4661 4673 4674
f 4670 4682 4683
f 4667 4681 4668
f 4665 4679 4666
f 4663 4677 4664
f 4675 4687 4688
f 4672 4686 4673
f 4684 4696 4697
f 4682 4694 4695
f 4679 4693 4680
f 4678 4690 4691
f 4676 4688 4689
f 4673 4687 4674
f 4683 4695 4696
f 4681 4693 4694
f 4678 4692 4679
f 4676 4690 4677
f 4688 4700 4701
f 4686 4698 4699
f 4696 4710 4697
f 4695 4707 4708
f 4692 4706 4693
f 4691 4703 4704
f 4688 4702 4689
f 4686 4700 4687
f 4695 4709 4696
f 4694 4706 4707
f 4692 4704 4705
f 4689 4703 4690
f 4701 4713 4714
f 4699 4711 4712
f 4710 4722 4723
f 4707 4721 4708
f 4705 4719 4706
f 4704 4716 4717
f 4701 4715 4702
f 4699 4713 4700
f 4709 4721 4722
f 4707 4719 4720
f 4705 4717 4718
f 4702 4716 4703
f 4713 4727 4714
f 4711 4725 4712
f 4723 4735 4736
f 4721 4733 4734
f 4719 4731 4732
f 4716 4730 4717
f 4715 4727 4728
f 4713 4725 4726
f 4721 4735 4722
f 4719 4733 4720
f 4717 4731 4718
f 4716 4728 4729
f 4726 4740 4727
f 4724 4738 4725
f 4736 4748 4749
f 4733 4747 4734
f 4732 4744 4745
f 4730 4742 4743
f 4728 4740 4741
f 4726 4738 4739
f 4735 4747 4748
f 4732 4746 4733
f 4730 4744 4731
f 4728 4742 4729
f 4739 4753 4740
f 4738 4750 4751
f 4748 4762 4749
f 4746 4760 4747
f 4745 4757 4758
f 4743 4755 4756
f 4740 4754 4741
f 4739 4751 4752
f 4747 4761 4748
f 4745 4759 4746
f 4744 4756 4757
f 4741 4755 4742
f 4753 4765 4766
f 4750 4764 4751
f 4762 4774 4775
f 4759 4773 4760
f 4758 4770 4771
f 4755 4769 4756
f 4753 4767 4754
f 4752 4764 4765
f 4760 4774 4761
f 4758 4772 4759
f 4757 4769 4770
f 4755 4767 4768
f 4765 4779 4766
f 4764 4776 4777
f 4774 4788 4775
f 4772 4786 4773
f 4771 4783 4784
f 4769 4781 4782
f 4767 4779 4780
f 4765 4777 4778
f 4774 4786 4787
f 4771 4785 4772
f 4769 4783 4770
f 4767 4781 4768
f 4779 4791 4792
f 4776 4790 4777
f 4788 4800 4801
f 4786 4798 4799
f 4783 4797 4784
f 4782 4794 4795
f 4780 4792 4793
f 4777 4791 4778
f 4787 4799 4800
f 4785 4797 4798
f 4782 4796 4783
f 4780 4794 4781
f 4792 4804 4805
f 4790 4802 4803
f 4800 4814 4801
f 4799 4811 4812
f 4796 4810 4797
f 4795 4807 4808
f 4792 4806 4793
f 4790 4804 4791
f 4799 4813 4800
f 4798 4810 4811
f 4796 4808 4809
f 4793 4807 4794
f 4805 4817 4818
f 4803 4815 4816
f 4814 4826 4827
f 4811 4825 4812
f 4809 4823 4810
f 4808 4820 4821
f 4805 4819 4806
f 4803 4817 4804
f 4813 4825 4826
f 4811 4823 4824
f 4809 4821 4822
f 4806 4820 4807
f 4817 4831 4818
f 4815 4829 4816
f 4826 4840 4827
f 4825 4837 4838
f 4823 4835 4836
f 4820 4834 4821
f 4819 4831 4832
f 4817 4829 4830
f 4825 4839 4826
f 4823 4837 4824
f 4821 4835 4822
f 4820 4832 4833
f 4830 4844 4831
f 4828 4842 4829
f 4840 4852 4853
f 4837 4851 4838
f 4836 4848 4849
f 4834 4846 4847
f 4832 4844 4845
f 4830 4842 4843
f 4839 4851 4852
f 4836 4850 4837
f 4834 4848 4835
f 4832 4846 4833
f 4843 4857 4844
f 4842 4854 4855
f 4852 4866 4853
f 4850 4864 4851
f 4849 4861 4862
f 4847 4859 4860
f 4844 4858 4845
f 4843 4855 4856
f 4851 4865 4852
f 4849 4863 4850
f 4848 4860 4861
f 4845 4859 4846
f 4857 4869 4870
f 4855 4867 4868
f 4866 4878 4879
f 4864 4876 4877
f 4862 4874 4875
f 4859 4873 4860
f 4857 4871 4858
f 4856 4868 4869
f 4864 4878 4865
f 4862 4876 4863
f 4861 4873 4874
f 4859 4871 4872
f 4869 4883 4870
f 4868 4880 4881
f 4878 4892 4879
f 4877 4889 4890
f 4874 4888 4875
f 4873 4885 4886
f 4871 4883 4884
f 4868 4882 4869
f 4878 4890 4891
f 4876 4888 4889
f 4873 4887 4874
f 4871 4885 4872
f 4883 4896 4897
f 4880 4895 4881
f 4892 4905 4906
f 4890 4903 4904
f 4887 4902 4888
f 4885 4900 4886
f 4884 4897 4898
f 4881 4896 4882
f 4891 4904 4905
f 4889 4902 4903
f 4886 4901 4887
f 4885 4898 4899
f 4897 4909 4910
f 4895 4907 4908
f 4905 4919 4906
f 4904 4916 4917
f 4901 4915 4902
f 4899 4913 4900
f 4897 4911 4898
f 4895 4909 4896
f 4904 4918 4905
f 4903 4915 4916
f 4901 4913 4914
f 4899 4911 4912
f 4910 4922 4923
f 4908 4920 4921
f 4919 4931 4932
f 4916 4930 4917
f 4914 4928 4915
f 4913 4925 4926
f 4910 4924 4911
f 4908 4922 4909
f 4918 4930 4931
f 4916 4928 4929
f 4914 4926 4927
f 4911 4925 4912
f 4922 4936 4923
f 4920 4934 4921
f 4931 4945 4932
f 4930 4942 4943
f 4928 4940 4941
f 4925 4939 4926
f 4924 4936 4937
f 4922 4934 4935
f 4930 4944 4931
f 4928 4942 4929
f 4926 4940 4927
f 4925 4937 4938
f 4935 4949 4936
f 4933 4947 4934
f 4945 4957 4958
f 4942 4956 4943
f 4941 4953 4954
f 4938 4952 4939
f 4937 4949 4950
f 4935 4947 4948
f 4944 4956 4957
f 4941 4955 4942
f 4939 4953 4940
f 4938 4950 4951
f 4948 4962 4949
f 4947 4959 4960
f 4957 4971 4958
f 4955 4969 4956
f 4954 4966 4967
f 4951 4965 4952
f 4949 4963 4950
f 4948 4960 4961
f 4956 4970 4957
f 4954 4968 4955
f 4953 4965 4966
f 4951 4963 4964
f 4962 4974 4975
f 4959 4973 4960
f 4971 4983 4984
f 4968 4982 4969
f 4966 4980 4967
f 4964 4978 4965
f 4962 4976 4963
f 4960 4974 4961
f 4969 4983 4970
f 4967 4981 4968
f 4966 4978 4979
f 4964 4976 4977
f 4975 4987 4988
f 4973 4985 4986
f 4983 4997 4984
f 4981 4995 4982
f 4979 4993 4980
f 4978 4990 4991
f 4976 4988 4989
f 4973 4987 4974
f 4983 4995 4996
f 4981 4993 4994
f 4978 4992 4979
f 4976 4990 4977
f 4988 5000 5001
f 4985 4999 4986
f 4997 5009 5010
f 4995 5007 5008
f 4992 5006 4993
f 4991 5003 5004
f 4989 5001 5002
f 4986 5000 4987
f 4996 5008 5009
f 4994 5006 5007
f 4991 5005 4992
f 4989 5003 4990
f 5001 5013 5014
f 4999 5011 5012
f 5009 5023 5010
f 5008 5020 5021
f 5005 5019 5006
f 5004 5016 5017
f 5001 5015 5002
f 4999 5013 5000
f 5008 5022 5009
f 5007 5019 5020
f 5005 5017 5018
f 5002 5016 5003
f 4893 4619 4632
f 4893 4632 4645
f 4893 4645 4658
f 4893 4658 4671
f 4893 4671 4684
f 4893 4684 4697
f 4893 4697 4710
f 4893 4710 4723
f 4893 4723 4736
f 4893 4736 4749
f 4893 4749 4762
f 4893 4762 4775
f 4893 4775 4788
f 4893 4788 4801
f 4893 4801 4814
f 4893 4814 4827
f 4893 4827 4840
f 4893 4840 4853
f 4893 4853 4866
f 4893 4866 4879
f 4893 4879 4892
f 4893 4892 4906
f 4893 4906 4919
f 4893 4919 4932
f 4893 4932 4945
f 4893 4945 4958
f 4893 4958 4971
f 4893 4971 4984
f 4893 4984 4997
f 4893 4997 5010
f 4893 5010 5023
f 5014 4609 4610
f 5012 4607 4608
f 5022 4619 5023
f 5020 4617 5021
f 5018 4615 5019
f 5017 4612 4613
f 5014 4611 5015
f 5012 4609 5013
f 4893 5023 4619
f 5021 4618 5022
f 5020 4615 4616
f 5018 4613 4614
f 5015 4612 5016
f 4481 5011 4606
f 5011 4602 4606
f 4998 4597 4602
f 4985 4593 4597
f 4593 4959 4589
f 4589 4946 4585
f 4585 4933 4581
f 4933 4577 4581
f 4577 4907 4573
f 4907 4569 4573
f 4894 4565 4569
f 4880 4561 4565
f 4561 4854 4557
f 4557 4841 4553
f 4553 4828 4549
f 4828 4545 4549
f 4545 4802 4541
f 4802 4537 4541
f 4789 4533 4537
f 4776 4529 4533
f 4529 4750 4525
f 4525 4737 4521
f 4521 4724 4517
f 4724 4513 4517
f 4513 4698 4509
f 4698 4505 4509
f 4685 4501 4505
f 4672 4497 4501
f 4497 4646 4493
f 4493 4633 4489
f 4489 4620 4485
f 4620 4481 4485
f 4 3 2
f 8 7 6
f 13 16 15
f 17 28 19
f 32 31 30
f 36 35 34
f 37 40 39
f 21 22 23
f 25 26 27
f 41 44 43
f 48 47 46
f 52 51 50
f 53 56 55
f 60 59 58
f 29 30 62
f 66 65 64
f 67 5 6
f 72 71 70
f 76 75 74
f 77 80 79
f 81 84 83
f 59 87 86
f 88 91 90
f 96 95 94
f 100 99 98
f 101 104 103
f 106 105 34
f 108 116 115
f 117 119 36
f 124 127 126
f 131 130 129
f 132 102 134
f 142 141 140
f 148 106 60
f 144 143 127
f 149 152 151
f 156 155 154
f 159 150 158
f 116 108 164
f 171 170 169
f 174 126 173
f 179 182 181
f 186 189 188
f 194 197 196
f 199 142 139
f 206 209 208
f 213 212 211
f 202 215 214
f 96 93 216
f 92 238 43
f 97 184 246
f 250 249 229
f 252 254 58
f 258 257 256
f 260 91 229
f 110 111 112
f 114 264 263
f 265 268 267
f 56 53 270
f 274 273 249
f 185 183 63
f 280 279 278
f 285 284 283
f 288 219 211
f 141 142 92
f 289 290 175
f 148 116 105
f 312 311 170
f 238 262 42
f 318 163 160
f 310 309 308
f 241 239 325
f 160 230 240
f 47 48 307
f 108 109 315
f 345 85 86
f 348 351 350
f 356 359 358
f 355 354 353
f 363 31 32
f 364 252 253
f 366 125 368
f 183 372 371
f 163 162 161
f 209 226 101
f 378 377 165
f 379 295 381
f 383 382 3
f 284 285 386
f 387 127 389
f 391 259 229
f 73 281 397
f 405 408 407
f 203 218 411
f 414 121 413
f 1 356 357
f 277 276 131
f 254 344 57
f 358 384 415
f 417 416 386
f 401 400 192
f 419 389 127
f 421 181 182
f 103 301 302
f 428 367 368
f 380 390 359
f 62 204 266
f 140 141 431
f 357 358 351
f 356 1 379
f 415 392 403
f 437 428 436
f 438 441 440
f 188 451 450
f 265 455 181
f 224 185 64
f 237 212 213
f 275 131 128
f 281 282 460
f 50 462 79
f 73 74 282
f 468 467 466
f 390 355 352
f 482 485 484
f 489 488 487
f 493 496 495
f 472 471 470
f 502 501 500
f 220 221 222
f 512 419 143
f 518 517 511
f 513 239 230
f 205 30 31
f 189 370 451
f 163 318 532
f 533 224 225
f 446 448 447
f 335 541 540
f 544 512 546
f 329 519 291
f 199 534 262
f 385 386 416
f 532 190 191
f 363 117 118
f 578 581 580
f 573 572 571
f 561 563 562
f 241 260 259
f 590 593 592
f 545 546 595
f 503 154 155
f 606 625 624
f 478 481 480
f 646 649 648
f 590 591 689
f 564 565 651
f 728 246 184
f 714 724 716
f 692 574 575
f 541 335 581
f 346 68 248
f 161 231 230
f 128 129 94
f 698 705 704
f 574 577 576
f 290 289 401
f 630 631 725
f 733 736 735
f 755 466 496
f 759 480 481
f 757 763 762
f 764 496 466
f 768 767 3808
f 759 760 488
f 492 474 475
f 474 770 769
f 773 468 465
f 771 774 486
f 484 485 775
f 774 776 489
f 495 496 764
f 495 757 761
f 137 397 784
f 325 239 797
f 165 519 51
f 369 32 29
f 730 731 568
f 90 302 301
f 243 118 516
f 800 734 806
f 817 815 808
f 816 808 823
f 306 303 447
f 815 810 809
f 829 830 828
f 726 725 501
f 274 427 424
f 879 882 881
f 884 883 879
f 219 218 217
f 906 905 904
f 455 204 205
f 898 882 830
f 903 900 880
f 377 291 519
f 923 949 948
f 946 947 951
f 3519 740 739
f 900 899 886
f 225 64 65
f 182 445 442
f 809 952 947
f 954 960 962
f 927 950 965
f 885 879 880
f 925 927 966
f 343 342 341
f 965 964 971
f 968 971 970
f 972 968 969
f 963 961 981
f 336 337 338
f 992 993 827
f 810 815 996
f 1007 1001 1002
f 1012 826 827
f 1011 1009 1007
f 294 293 292
f 907 908 920
f 1017 579 1019
f 1020 1023 1022
f 1035 1024 1020
f 1061 1060 1047
f 1063 1061 1046
f 1044 1020 1021
f 1102 1094 1097
f 1116 1126 1118
f 1016 1015 1014
f 881 897 904
f 816 1116 1127
f 1094 948 949
f 514 342 167
f 146 145 81
f 1133 1135 1130
f 1102 1133 1126
f 822 1126 1116
f 1145 1143 1148
f 1076 1144 1151
f 1148 1143 1086
f 1109 1097 1114
f 1154 1153 1156
f 1153 925 967
f 3464 3497 463
f 1144 1147 1152
f 1156 967 1163
f 1164 1162 1169
f 1145 1171 1176
f 1114 1115 1154
f 1183 1155 1164
f 1184 1183 1177
f 1069 1151 1062
f 1023 1191 1194
f 1162 1163 1170
f 1195 1184 1185
f 1183 1196 1176
f 1201 1063 1152
f 1061 1063 1201
f 3825 847 843
f 1203 1202 1195
f 1202 1201 1184
f 1218 1060 1203
f 1060 1061 1202
f 1225 1218 1217
f 671 695 694
f 1219 1217 1024
f 1217 1203 1034
f 1226 1014 1015
f 1243 1242 1234
f 1231 1230 1229
f 847 1243 1233
f 843 1233 1244
f 1233 1234 1245
f 1923 3761 233
f 2100 2108 499
f 3914 3864 2135
f 61 62 323
f 210 211 217
f 1299 1310 1309
f 3863 1230 1231
f 1066 1047 1321
f 1322 1321 1228
f 1060 1218 1321
f 1325 1324 1323
f 1244 1245 1332
f 1290 1234 1242
f 1337 1330 1339
f 1330 1332 1340
f 1341 1332 1245
f 1342 1340 1332
f 1343 1342 1341
f 1344 1341 1294
f 3857 3856 1345
f 1347 1348 1342
f 3856 3854 1295
f 1349 1350 1348
f 3861 1349 1347
f 3853 1347 1343
f 906 898 829
f 905 906 1353
f 865 1356 1355
f 1355 1353 829
f 1357 1355 825
f 1356 1354 1353
f 3834 1337 1338
f 866 1358 1356
f 1358 1359 1354
f 3828 878 1337
f 838 1362 1012
f 1363 1364 1338
f 1368 1363 1339
f 1348 1368 1340
f 1371 1369 3824
f 524 525 526
f 528 529 530
f 1372 1370 1369
f 535 536 537
f 1367 1368 1348
f 1370 1354 1359
f 1369 1359 3833
f 1373 910 903
f 555 556 557
f 1374 909 910
f 1373 904 905
f 1374 1373 1375
f 1375 905 1354
f 1378 920 908
f 376 373 651
f 1388 928 973
f 586 587 588
f 1390 1389 1388
f 1391 1388 969
f 597 598 599
f 600 601 602
f 1392 1391 970
f 608 609 610
f 612 524 523
f 614 615 616
f 617 618 25
f 620 621 622
f 1397 1390 1391
f 1398 1397 1392
f 1400 987 920
f 1402 1403 1165
f 636 637 638
f 930 1404 1402
f 641 642 643
f 929 1402 1169
f 1404 1405 1403
f 1411 1366 1365
f 1412 1406 1415
f 652 653 654
f 609 656 657
f 659 660 661
f 558 663 586
f 665 666 667
f 1413 1411 1406
f 1418 1416 3810
f 1417 1372 1371
f 1416 1371 3829
f 1419 1417 1416
f 1386 909 1374
f 677 678 679
f 1385 1386 1420
f 1420 1374 1376
f 685 686 687
f 1421 1420 1422
f 528 690 691
f 1422 1376 1372
f 1018 1019 747
f 699 700 701
f 1424 578 579
f 3663 1597 1767
f 700 699 711
f 1093 3746 3754
f 717 718 530
f 721 722 723
f 704 1650 3543
f 19 1429 1426
f 1429 1428 1427
f 1658 1659 3542
f 1439 1437 1434
f 1437 1436 1435
f 1426 1427 1433
f 1442 1431 1432
f 742 743 744
f 1432 1433 1441
f 751 752 753
f 1438 1434 1403
f 1446 1445 1444
f 1447 1448 1446
f 3860 1447 1443
f 1415 1367 1445
f 1414 1415 1446
f 2173 1683 469
f 777 778 779
f 780 781 782
f 1676 1693 1806
f 3859 1451 1349
f 789 790 791
f 745 792 793
f 652 794 795
f 1455 1458 1457
f 1454 1367 1350
f 610 691 802
f 3831 3816 698
f 1352 1044 1045
f 1015 1016 1459
f 811 812 813
f 2118 3815 3817
f 819 820 821
f 1466 1463 1194
f 1467 1468 1465
f 1182 1165 1468
f 832 812 833
f 835 836 837
f 1467 1466 1190
f 1469 1470 1444
f 840 700 712
f 1453 1470 1469
f 599 844 845
f 1226 1450 3849
f 851 852 853
f 855 744 856
f 858 859 860
f 861 862 863
f 1014 1226 3855
f 867 676 868
f 870 871 872
f 874 875 876
f 1310 1323 1471
f 1476 1433 1427
f 1461 1476 1475
f 887 888 889
f 788 791 892
f 894 895 896
f 1460 1475 1227
f 901 902 524
f 1465 1478 1477
f 1865 3503 3500
f 911 912 913
f 916 917 918
f 1850 3505 3507
f 921 922 895
f 1479 1435 1436
f 926 664 667
f 1481 562 563
f 269 1483 84
f 931 932 933
f 934 935 614
f 936 685 688
f 938 659 662
f 1484 270 122
f 941 942 835
f 320 321 509
f 1849 3510 3505
f 84 1483 1484
f 1487 1490 1488
f 1757 1758 3502
f 365 1492 1491
f 461 79 80
f 117 363 362
f 1494 540 541
f 926 601 957
f 1477 1441 1433
f 1709 1588 1585
f 119 117 1496
f 271 1497 504
f 511 517 189
f 345 1496 1492
f 57 344 299
f 1501 1499 268
f 267 268 1499
f 974 975 976
f 1678 1652 1693
f 3846 1682 1807
f 557 982 663
f 983 941 984
f 1443 1444 3849
f 421 1500 268
f 989 990 991
f 1490 1487 418
f 279 280 309
f 997 868 676
f 998 26 999
f 1504 418 38
f 1506 1508 1507
f 360 361 1508
f 1506 1486 207
f 939 1005 1006
f 270 1484 1483
f 66 63 546
f 1010 742 793
f 367 428 437
f 244 31 363
f 1670 3532 3534
f 209 206 1510
f 388 389 426
f 427 274 250
f 161 520 521
f 100 246 45
f 1025 1026 608
f 1029 1030 1031
f 939 662 1033
f 41 42 594
f 1036 780 783
f 702 701 1038
f 1040 1041 1042
f 362 32 369
f 187 1520 477
f 70 1487 539
f 1049 600 603
f 613 867 869
f 860 1050 1051
f 1005 1052 1053
f 753 1055 1056
f 1057 1058 1059
f 293 288 1522
f 288 212 1521
f 292 1522 1523
f 331 1507 1508
f 306 452 453
f 100 44 41
f 462 1524 78
f 330 331 1524
f 635 1067 1068
f 1485 1527 1526
f 206 1485 1528
f 1070 1071 1072
f 942 941 1073
f 916 933 1075
f 440 1529 1530
f 157 158 1514
f 1529 162 5
f 371 595 546
f 790 586 663
f 1077 858 857
f 1403 1434 1435
f 1080 1081 1082
f 531 520 1529
f 21 1083 1084
f 272 1532 1531
f 690 712 802
f 335 3571 3567
f 1090 1030 1029
f 1092 795 794
f 1533 396 137
f 661 660 1095
f 69 444 445
f 1099 1100 1101
f 38 39 1536
f 1104 1105 1106
f 852 1107 1108
f 1377 908 909
f 291 377 411
f 316 1536 516
f 539 1488 1533
f 1505 1536 316
f 1110 1111 1112
f 1539 1537 460
f 522 441 1537
f 834 837 1120
f 1122 1123 1124
f 612 1125 1041
f 935 793 615
f 276 278 130
f 1686 3549 3522
f 193 190 1541
f 231 521 1540
f 556 1037 982
f 365 253 85
f 190 532 318
f 1810 765 3574
f 3924 1867 3512
f 1132 983 985
f 208 101 102
f 1134 1033 662
f 1491 518 80
f 429 133 1542
f 1137 1138 915
f 172 436 428
f 1139 1140 1141
f 549 96 54
f 1517 1519 1518
f 834 1119 984
f 1543 513 286
f 1544 797 239
f 133 134 1544
f 506 361 257
f 420 327 328
f 1158 1159 1160
f 587 1104 1103
f 607 1161 1027
f 304 1546 1545
f 364 1491 77
f 69 70 198
f 700 840 1112
f 3877 626 3525
f 1166 719 657
f 1167 1168 858
f 1300 3523 3524
f 1172 1173 1174
f 218 203 200
f 1179 1180 1181
f 372 183 97
f 89 104 227
f 1186 1187 1188
f 172 173 1517
f 1482 84 81
f 1090 1192 1193
f 394 395 353
f 526 525 1198
f 1199 1200 1026
f 606 623 697
f 1204 1205 1206
f 1207 1208 523
f 1209 1210 867
f 914 913 685
f 1478 1436 1441
f 1029 1028 1161
f 1211 1212 1213
f 3858 1453 1451
f 844 1215 1216
f 423 193 273
f 1220 1221 1222
f 22 1223 1224
f 882 898 897
f 1519 1517 173
f 1189 1188 1232
f 349 350 550
f 1071 1235 1236
f 1237 1238 1239
f 1221 1186 1189
f 1510 1528 1512
f 939 1032 1241
f 1556 1530 5
f 1553 1554 394
f 404 1556 67
f 1247 1248 1249
f 142 199 238
f 1251 1067 635
f 850 1252 1253
f 1254 1167 1077
f 57 132 133
f 443 430 552
f 1187 1172 1175
f 1256 1070 831
f 432 405 382
f 741 748 747
f 434 350 351
f 349 432 383
f 251 124 1481
f 395 384 352
f 1518 1519 1550
f 1558 410 378
f 109 263 314
f 285 1514 1513
f 395 394 393
f 202 203 410
f 417 408 405
f 1246 1257 1258
f 3 1559 297
f 1259 1260 1261
f 403 404 347
f 955 954 953
f 462 50 51
f 1096 1095 687
f 429 147 60
f 896 1264 1265
f 1267 721 1268
f 423 424 327
f 37 179 180
f 20 23 1187
f 1256 1168 1071
f 1188 1175 1269
f 1236 1270 1271
f 1272 536 535
f 565 564 463
f 1273 792 745
f 876 1254 1255
f 316 33 164
f 437 1516 503
f 194 1494 1495
f 1275 1276 864
f 624 625 631
f 1277 1274 1137
f 569 568 567
f 1481 124 125
f 324 325 547
f 1279 1108 1107
f 1525 332 329
f 1281 1278 1137
f 171 168 1553
f 1488 73 396
f 1557 1561 1562
f 1282 856 1206
f 1053 1277 1278
f 778 777 607
f 713 583 3566
f 251 225 144
f 4 357 348
f 709 708 707
f 728 48 45
f 261 135 1563
f 789 1286 1287
f 74 314 263
f 403 284 385
f 1178 1181 1240
f 1223 1259 1289
f 1220 20 1186
f 296 1518 354
f 784 459 1538
f 1181 1180 1291
f 1269 1292 1257
f 1566 1538 438
f 136 784 1566
f 1563 1564 169
f 107 114 109
f 1297 1282 1298
f 1464 1477 1476
f 1520 187 507
f 1301 1302 1303
f 1306 1307 1308
f 175 456 1532
f 1532 456 200
f 1311 1266 1312
f 872 1314 1315
f 3836 843 878
f 1305 1308 864
f 1040 1275 863
f 1564 1566 399
f 592 1576 1575
f 591 1575 1088
f 1581 1584 1583
f 1196 1152 1147
f 710 582 583
f 285 407 408
f 953 954 961
f 1594 1592 1589
f 1585 1588 1587
f 1592 1591 1590
f 3885 945 944
f 1600 1599 1598
f 1604 1603 1602
f 1399 1392 979
f 1589 1590 1596
f 1610 1609 1608
f 298 257 361
f 551 552 276
f 1627 1626 3814
f 859 811 818
f 1078 857 1328
f 1555 439 1530
f 572 573 680
f 772 465 776
f 977 1281 918
f 404 403 392
f 1054 1331 750
f 1644 1645 1643
f 932 1265 1082
f 1067 1333 1334
f 1540 1539 264
f 597 1335 643
f 471 761 762
f 1642 696 3831
f 1644 1642 3842
f 923 946 950
f 96 549 548
f 520 531 522
f 445 444 443
f 849 839 848
f 480 759 755
f 1646 760 481
f 311 426 1567
f 464 463 3497
f 3497 1360 1361
f 234 237 236
f 190 193 192
f 153 154 152
f 231 287 286
f 1552 1553 1551
f 760 1646 1648
f 3832 1647 1649
f 828 827 826
f 52 167 166
f 1663 1662 1661
f 287 107 115
f 668 671 670
f 634 645 640
f 553 560 559
f 118 36 33
f 492 484 491
f 3552 1652 1651
f 582 589 584
f 384 395 392
f 1381 1382 1383
f 1562 1561 435
f 952 953 951
f 3529 3566 583
f 1660 1661 1667
f 1394 1395 1396
f 1660 1665 1664
f 1671 1670 1669
f 1624 1625 1673
f 1407 1408 1409
f 1677 1676 1675
f 1613 1679 1677
f 1679 1678 1676
f 1626 1681 3811
f 534 199 198
f 803 733 734
f 400 248 191
f 65 66 143
f 3526 1657 1656
f 402 159 157
f 629 628 627
f 461 477 49
f 758 757 495
f 796 787 786
f 406 407 1513
f 342 343 166
f 1694 1659 1658
f 1692 1687 1694
f 3557 1693 1652
f 3921 1704 1703
f 326 547 302
f 3916 3921 1702
f 3919 3918 1698
f 1699 1691 3927
f 1557 406 1560
f 1127 1116 1117
f 400 401 289
f 1706 1702 1707
f 1707 1702 1599
f 1709 1706 1708
f 1714 1712 1711
f 3919 3915 1709
f 1704 1711 1577
f 1716 1714 1713
f 1559 1562 1549
f 1722 1721 1720
f 1335 597 596
f 410 411 377
f 973 1170 1163
f 168 169 399
f 1571 682 1089
f 1572 681 682
f 749 646 647
f 1730 1724 1723
f 1594 1582 1729
f 1729 1723 1591
f 1384 1378 1377
f 1732 1731 1712
f 1724 1730 1731
f 1722 1724 1732
f 1721 1722 1733
f 1734 1733 1716
f 1735 1737 1736
f 1733 1732 1714
f 1663 1664 1741
f 1742 1665 1740
f 1738 1739 1737
f 1665 1660 1666
f 1665 1742 1744
f 1725 1726 1746
f 1591 1725 1745
f 1590 1745 1747
f 1745 1746 1748
f 1659 1688 3538
f 3287 1760 3545
f 1185 1177 1182
f 1664 1744 1749
f 1741 1749 1739
f 1746 1742 1743
f 1726 1744 1742
f 1115 924 1153
f 1654 3546 3575
f 1896 3562 3549
f 1720 1749 1744
f 1721 1739 1749
f 1750 1718 1701
f 1697 1736 1750
f 1151 1152 1063
f 1751 1752 1670
f 1695 1658 1752
f 961 962 986
f 1770 1769 1768
f 1766 1594 1593
f 1731 1759 1579
f 1579 1777 1774
f 3928 1772 1771
f 1764 1772 3928
f 1777 1776 1775
f 3762 3763 1699
f 1004 1127 1128
f 1774 1775 1771
f 987 1400 1399
f 1578 1774 1772
f 1783 1782 1781
f 1597 1598 1770
f 639 1878 3895
f 3928 3929 1769
f 1793 1792 1789
f 3929 3920 1798
f 3508 3516 3773
f 1802 1867 3924
f 1788 1790 1794
f 1793 1794 1795
f 3773 3772 1675
f 1584 1581 1783
f 1771 1797 3920
f 1801 1799 1798
f 1768 1769 1798
f 1775 1796 1797
f 508 514 515
f 1796 1803 1802
f 1800 1798 3920
f 1794 1805 1804
f 3532 1670 1752
f 485 1808 1807
f 3809 3844 1640
f 3837 3844 1810
f 485 482 1640
f 1690 1691 3770
f 487 488 1648
f 3839 1813 1816
f 3838 1811 1648
f 3839 1812 1811
f 1812 1809 487
f 1641 1809 767
f 465 466 755
f 767 1815 3823
f 3822 1816 3826
f 1809 1812 1815
f 3837 1653 1651
f 675 672 3541
f 1814 1649 1822
f 1821 1822 3821
f 1824 1822 1649
f 1827 1849 1850
f 1668 1669 1662
f 1779 1780 1848
f 1790 1827 1805
f 1833 1836 1853
f 3521 3506 693
f 1614 1615 1616
f 1852 1853 3498
f 1620 1621 1622
f 1855 1765 1574
f 1847 1852 3501
f 1766 1765 1855
f 1629 1630 1631
f 1633 1622 1634
f 1635 1636 1637
f 1848 1833 1852
f 1855 1861 1863
f 1803 1866 1867
f 1862 1863 1831
f 1782 1855 1862
f 3922 3924 1865
f 1873 1872 1870
f 1874 1869 799
f 2045 3878 3897
f 1219 1345 1295
f 1615 1614 1396
f 3884 3895 1877
f 645 3898 3786
f 1345 1219 1035
f 634 639 3884
f 15 1887 1327
f 3910 3895 1878
f 1894 604 605
f 3506 3551 627
f 3560 640 645
f 340 341 454
f 1897 194 195
f 1889 1882 1877
f 1901 94 129
f 196 749 754
f 1705 1704 3921
f 340 378 166
f 1570 1480 563
f 1904 1494 194
f 1781 1862 1832
f 1905 549 55
f 1000 994 995
f 986 919 920
f 1191 1185 1190
f 2094 2077 2075
f 1920 1921 1919
f 453 454 1912
f 1915 1919 1918
f 3882 2112 2106
f 1655 3575 3531
f 1916 1918 1926
f 704 3554 3561
f 278 1916 1925
f 3565 3564 1818
f 1097 949 1115
f 1927 1928 727
f 3578 3579 3654
f 1920 310 307
f 1929 307 48
f 503 504 1497
f 1902 1903 787
f 1816 1821 3820
f 1925 1926 1923
f 1535 1569 1568
f 254 252 258
f 1509 1497 366
f 119 86 35
f 219 288 293
f 141 46 47
f 542 205 244
f 1940 552 430
f 1779 1828 1827
f 1701 1710 3915
f 1661 3550 3515
f 270 53 754
f 197 1947 749
f 1727 1728 1212
f 53 54 232
f 1465 1468 1479
f 1284 3862 3854
f 1951 446 412
f 168 398 1554
f 1486 1485 206
f 506 77 78
f 994 1001 1007
f 951 953 963
f 1013 3859 3861
f 3826 3820 1820
f 1498 1909 1954
f 299 298 543
f 1754 1755 1756
f 1681 469 1683
f 1696 1694 1695
f 13 14 738
f 473 476 475
f 482 1641 768
f 204 62 30
f 1761 1762 820
f 611 1763 1125
f 1501 1503 1908
f 1074 1073 711
f 1960 1944 82
f 120 1956 1960
f 35 86 87
f 1773 1199 1025
f 1965 1545 1569
f 494 761 471
f 1966 1967 1969
f 446 1951 1971
f 174 368 125
f 1580 1579 1578
f 1785 1786 1787
f 1972 1546 304
f 1254 876 875
f 1973 341 342
f 321 1912 1973
f 1910 277 275
f 509 1973 514
f 1486 1507 1527
f 1974 1874 804
f 1977 1976 1974
f 1980 448 1966
f 379 1 2
f 1718 1715 1710
f 884 995 992
f 1680 1684 1678
f 902 990 525
f 344 255 256
f 135 138 137
f 448 446 1967
f 589 605 604
f 910 909 908
f 1981 1966 1968
f 1982 1981 1987
f 1988 1979 1987
f 1990 1988 1989
f 1991 1989 1993
f 322 321 320
f 992 828 830
f 1144 1076 1086
f 1995 1977 1978
f 1133 1129 1118
f 1997 1995 1994
f 870 1823 1335
f 805 806 1982
f 727 184 2000
f 1996 1994 1988
f 1994 1978 1979
f 1829 616 792
f 1830 1073 941
f 798 803 800
f 729 732 731
f 2011 2012 2023
f 1834 1835 846
f 402 283 284
f 2022 2023 2024
f 1838 718 989
f 810 955 952
f 1823 1839 1840
f 1430 1426 1432
f 1215 844 1841
f 1316 1208 873
f 2112 1401 1384
f 1842 1843 1844
f 1159 846 845
f 837 27 1846
f 1971 1951 2030
f 517 369 370
f 1471 2026 2027
f 3551 3525 626
f 2174 2175 770
f 935 934 1854
f 1613 1619 1611
f 1231 1228 1225
f 1856 1857 891
f 1300 1309 748
f 1150 1149 1858
f 1643 606 696
f 1215 1265 1264
f 1320 1860 902
f 1956 1943 1944
f 2031 668 669
f 2034 1325 1310
f 1879 1880 1656
f 40 245 242
f 1992 1993 2039
f 888 958 957
f 1882 1889 1996
f 1078 1138 1255
f 1871 912 1192
f 294 411 218
f 1323 2041 2026
f 123 1960 83
f 1324 2036 2041
f 384 358 359
f 1324 1325 2038
f 1883 1884 1885
f 287 1540 114
f 1096 1886 1134
f 915 1329 931
f 806 1980 1981
f 3533 3529 584
f 1425 2030 2042
f 1018 2042 1948
f 3562 1896 740
f 1948 2042 649
f 1881 1882 1990
f 1900 129 130
f 992 995 994
f 923 927 925
f 3878 2045 2047
f 1643 2048 625
f 2050 2052 2051
f 2045 1405 1404
f 3876 2047 945
f 1139 1080 1079
f 1037 1856 892
f 2055 2053 2057
f 1198 989 718
f 1619 2058 1612
f 2058 1605 1606
f 2059 2060 1607
f 2058 1619 1624
f 71 72 179
f 405 406 1557
f 322 1548 1972
f 2061 2052 2063
f 2066 2065 2067
f 2052 2061 2064
f 1609 1610 2066
f 1515 151 152
f 1009 827 993
f 1644 3843 3815
f 279 1915 1916
f 1285 3863 3862
f 1647 2066 1825
f 2056 2057 2067
f 319 320 1953
f 667 666 1913
f 2070 631 625
f 2052 2050 2055
f 2038 1654 1655
f 1606 1601 2073
f 1235 1917 1270
f 2072 2073 2075
f 2059 1606 2072
f 2074 2075 2077
f 1601 1602 2078
f 2049 2048 1643
f 1000 1004 1001
f 1089 943 684
f 1931 1286 1306
f 1462 1459 1021
f 1932 1933 1934
f 875 874 1846
f 1936 1051 1937
f 44 45 46
f 1534 1955 1956
f 1541 318 317
f 2081 2082 2084
f 146 1945 1959
f 1360 1941 1942
f 985 984 1032
f 1995 1997 1892
f 2079 2080 2082
f 2095 2096 2076
f 2081 2093 2078
f 2055 2050 2054
f 501 2096 2095
f 2097 2100 2099
f 2098 2099 2094
f 2140 2141 3893
f 2141 2046 3894
f 2051 2070 2048
f 592 2102 2101
f 2071 2064 2076
f 2102 2097 2098
f 593 2103 2102
f 1019 1895 746
f 1950 11 12
f 725 2071 2096
f 1385 2105 2104
f 1379 2104 2106
f 2107 2108 2100
f 3908 726 502
f 3896 502 499
f 940 1389 2109
f 928 929 1170
f 3868 590 684
f 1962 1963 1964
f 3878 680 573
f 2039 1993 1968
f 1389 1390 2110
f 1398 2111 2113
f 3757 3755 3753
f 3911 3883 2107
f 949 923 924
f 260 241 324
f 1390 1397 2113
f 2070 2051 2064
f 3867 3911 2103
f 2105 1385 1421
f 2114 1421 1423
f 3892 2114 2115
f 3908 2105 2114
f 554 2116 1902
f 972 1163 967
f 1765 1593 1573
f 1984 1985 1986
f 2053 2117 2069
f 3573 3556 724
f 1625 1677 1674
f 3881 3888 2119
f 3903 2115 2123
f 56 1954 1906
f 626 3877 3879
f 2001 2002 2003
f 3912 3841 2127
f 2006 2007 2008
f 2127 1413 1412
f 2014 2015 2016
f 2018 2019 2020
f 1495 1424 1947
f 1379 1377 1386
f 3814 3811 1680
f 2029 1885 1884
f 3902 2128 2120
f 629 3879 3914
f 682 683 943
f 724 1650 2121
f 1757 1819 3821
f 765 1810 3844
f 3851 714 715
f 706 707 3870
f 981 986 987
f 1457 1868 1656
f 2017 2016 2032
f 1458 1655 1868
f 1776 1777 1792
f 1959 1945 1946
f 3663 3715 3725
f 3913 3881 2122
f 1093 1089 689
f 966 965 968
f 3852 715 3881
f 2172 3577 2170
f 670 2138 2137
f 3761 787 1903
f 1429 19 28
f 964 963 978
f 3841 3813 1413
f 1473 1474 669
f 3834 3833 1359
f 2138 798 1870
f 1872 1473 2137
f 715 716 3888
f 1881 1991 1992
f 3843 3842 739
f 1837 1847 3513
f 253 58 59
f 1808 3837 3840
f 1647 3832 3818
f 3865 3866 671
f 2112 3882 3883
f 1405 2045 2044
f 3829 3824 1364
f 273 1541 391
f 576 632 3520
f 3875 3865 668
f 1430 1431 2140
f 2136 3850 3860
f 1430 2139 18
f 3893 3894 570
f 1442 1439 2046
f 1431 1442 2141
f 3869 3913 3850
f 3808 3823 1817
f 3866 3893 695
f 2142 2025 798
f 571 2143 2142
f 3819 3814 1618
f 2143 2022 2025
f 694 2142 2138
f 681 1572 2144
f 2144 2011 2022
f 328 210 457
f 1572 2010 2011
f 630 3892 3903
f 2085 2086 2087
f 2090 2091 2092
f 572 2144 2143
f 1875 1976 2153
f 1873 1875 2149
f 2103 2107 2097
f 2157 2043 2155
f 2128 1412 1414
f 3874 3871 589
f 3872 3870 628
f 2149 2153 2158
f 2159 2158 3905
f 698 3907 3902
f 3823 3847 3827
f 2158 2156 3874
f 1438 2044 2046
f 2035 2154 2160
f 2161 2160 3889
f 3871 3891 605
f 3873 17 18
f 370 29 61
f 649 1951 413
f 2153 2157 2156
f 1428 1429 1449
f 1490 76 73
f 3890 3905 710
f 2155 1891 3891
f 1456 1457 1880
f 2125 2088 2087
f 2160 2159 3890
f 300 1959 505
f 1064 1062 1046
f 2043 1892 1891
f 2129 2130 2004
f 2131 2132 2133
f 3848 3849 1450
f 1998 1975 804
f 3879 673 3864
f 474 492 490
f 1164 1165 1182
f 707 2162 3909
f 708 1472 2162
f 2162 2161 3886
f 548 549 1905
f 1145 1136 1114
f 705 2121 1650
f 2043 2157 1977
f 737 738 554
f 1034 1195 1191
f 458 1905 1907
f 195 196 232
f 2040 2039 1969
f 2145 2146 2147
f 2054 2050 2049
f 3832 1646 1639
f 9 12 11
f 252 364 506
f 472 478 479
f 1865 3924 3791
f 900 903 910
f 1941 2150 2151
f 1921 1928 1927
f 2163 1897 1898
f 271 156 153
f 1904 1326 12
f 282 263 264
f 1872 1873 2154
f 1326 1904 1897
f 628 692 693
f 1724 1722 1719
f 1549 1562 436
f 1582 1583 1730
f 1921 1920 1929
f 3563 3511 10
f 2152 2037 1950
f 475 772 774
f 769 2172 2171
f 2171 2165 476
f 476 773 772
f 1791 565 464
f 2166 2167 2168
f 595 371 372
f 483 1809 1641
f 762 2174 2173
f 771 483 484
f 486 487 1809
f 297 1549 1517
f 763 2175 2174
f 776 755 759
f 184 185 2176
f 412 447 303
f 2005 2176 185
f 3811 1681 1682
f 2164 2170 756
f 1472 2035 2161
f 950 951 964
f 2177 2178 2179
f 227 226 1510
f 2182 2183 2184
f 2186 2019 2018
f 1985 2182 2181
f 214 736 729
f 865 849 842
f 849 865 1357
f 559 3187 3188
f 16 13 737
f 560 553 498
f 3193 3196 3195
f 3200 3197 3198
f 3211 3214 3213
f 3215 3218 3217
f 2187 2188 2002
f 2169 2168 2189
f 2192 2086 2085
f 2193 2194 2195
f 2198 2199 2200
f 1998 1982 1979
f 3664 3665 3668
f 2116 1898 1903
f 1859 2006 2009
f 3904 2123 2126
f 1135 1148 1087
f 2201 2202 2015
f 1149 111 110
f 3221 3222 3218
f 2203 2204 2205
f 579 580 1895
f 1755 2207 2208
f 3891 3910 1893
f 1211 2151 2150
f 868 997 2210
f 944 945 930
f 2130 2129 2202
f 233 1903 1898
f 665 751 750
f 1167 1254 999
f 2211 2212 2213
f 2215 2216 2217
f 3867 593 590
f 2220 221 220
f 823 824 948
f 3225 3220 3227
f 266 204 455
f 3882 2108 2107
f 2221 2222 3519
f 2223 2224 2225
f 2207 2125 2124
f 673 674 3869
f 817 1000 996
f 2227 2228 2146
f 1947 1948 646
f 3900 2135 17
f 2229 1635 1638
f 1679 1613 1618
f 1637 2231 2232
f 2233 2234 1617
f 2231 2235 2236
f 1381 1638 2238
f 3586 2241 2242
f 1630 2234 2233
f 1681 1626 472
f 1408 1407 2243
f 3236 3239 3238
f 3232 3241 3240
f 1637 2230 2238
f 3237 3238 3233
f 1409 1408 1634
f 1380 1383 2247
f 1628 2248 2245
f 2249 1623 1622
f 1632 1634 1408
f 2248 1628 1631
f 2235 2231 1637
f 3245 3246 3199
f 631 2070 2071
f 515 167 52
f 782 781 2251
f 2253 2254 2255
f 397 281 459
f 1456 2039 2040
f 2040 2041 2036
f 1401 2112 2111
f 2041 2040 1970
f 1535 121 414
f 1586 1587 2080
f 2256 983 1132
f 1700 1699 3918
f 3815 1896 1686
f 1263 2256 1886
f 598 1841 844
f 2257 2258 2259
f 2258 2261 2262
f 2259 2262 2263
f 2260 2259 2216
f 1967 1971 1970
f 2212 1964 1963
f 922 921 2218
f 1312 1098 1101
f 1307 1306 1286
f 1548 1569 1546
f 2266 2267 2268
f 2265 2268 2270
f 2272 2265 2269
f 2273 2266 2265
f 2275 2276 2277
f 2278 2274 2277
f 2284 2285 3617
f 2287 2283 2286
f 2288 2289 2283
f 2290 2284 3639
f 2291 2292 2293
f 2295 2291 2294
f 2296 2297 2291
f 2297 2298 2292
f 2294 2293 2299
f 2279 2294 2300
f 2298 2301 2302
f 2292 2302 2303
f 2293 2303 2304
f 2304 2305 2306
f 2308 2309 2310
f 2302 2307 2310
f 2301 2311 2307
f 2312 2308 2307
f 2313 2314 2315
f 2318 2319 2320
f 3748 3771 2322
f 2324 2325 2273
f 2313 2324 2326
f 2328 2324 2313
f 2329 2325 2324
f 2331 2332 2333
f 2330 2333 2267
f 2325 2330 2266
f 2329 2331 2330
f 2333 2334 2335
f 2336 2334 2333
f 2338 2336 2332
f 2331 2339 2337
f 2329 2340 2339
f 2328 2341 2340
f 2316 2342 2341
f 2342 2316 2315
f 2344 2345 2346
f 2341 2344 2347
f 2342 2348 2344
f 2348 2349 2345
f 2350 2351 2352
f 2339 2350 2353
f 2340 2347 2350
f 2347 2346 2351
f 2337 2353 2354
f 2353 2352 2355
f 2356 2277 2276
f 2356 2357 2358
f 2356 2359 2296
f 2279 2277 2356
f 2360 2361 2270
f 2267 2335 2360
f 2362 2363 2364
f 2362 2365 2361
f 2366 2362 2358
f 2366 2367 2363
f 2357 2276 2368
f 2366 2368 2369
f 2276 2275 2370
f 2368 2370 2282
f 2372 2373 2374
f 2375 2376 2377
f 2378 2379 2380
f 2382 2378 2381
f 2384 2385 2378
f 2385 2386 2379
f 2388 2389 2390
f 2387 2390 2392
f 2393 2394 2387
f 2394 2395 2388
f 2186 2401 2402
f 2403 2404 2327
f 2272 2403 2326
f 2271 2405 2403
f 2405 2406 2404
f 2404 2407 2408
f 2409 2410 2411
f 2409 2412 2271
f 2413 2409 2269
f 2413 2414 2410
f 2417 2415 2416
f 2417 2418 2406
f 2412 2417 2405
f 2411 2415 2417
f 2406 2419 2407
f 3569 3520 632
f 2420 2398 2397
f 2420 2421 2423
f 2424 2420 2422
f 2424 2399 2398
f 2425 2391 2392
f 2421 2425 2426
f 2397 2396 2425
f 2396 2393 2391
f 2427 2314 2408
f 2430 2427 2428
f 2343 2315 2427
f 2432 2343 2430
f 2431 2430 2429
f 2435 2431 2433
f 2436 2432 2431
f 2428 2408 2407
f 2422 2437 2407
f 2438 2437 2422
f 2429 2428 2437
f 2440 2434 2433
f 2441 2439 2433
f 2442 2443 2439
f 2443 2444 2440
f 2445 2446 2444
f 2447 2445 2443
f 2383 2381 2445
f 2381 2380 2446
f 2448 2438 2423
f 2449 2448 2426
f 2441 2448 2449
f 2441 2429 2438
f 2449 2392 2390
f 2450 2390 2389
f 2447 2450 2451
f 2442 2449 2450
f 2451 2389 2453
f 2452 2453 2455
f 2382 2452 2454
f 2383 2451 2452
f 2456 2457 2373
f 2459 2460 2461
f 2463 2464 2465
f 2462 2465 2285
f 2466 2462 2284
f 2467 2463 2462
f 2461 2460 3703
f 2468 2469 2470
f 2472 2468 2471
f 2474 2461 3701
f 2475 2476 2477
f 2458 2455 2453
f 2479 2453 2389
f 2395 2480 2479
f 2480 2459 2458
f 2481 2482 2483
f 2484 113 2485
f 2471 2470 2464
f 2473 2471 2463
f 2487 2467 2466
f 2486 2466 2290
f 2490 2486 2488
f 2491 2487 2486
f 2492 2473 2467
f 2493 2492 2487
f 2494 2495 2492
f 2495 2472 2473
f 3690 2496 2474
f 3691 2497 2496
f 2498 2494 2493
f 2500 2498 2499
f 3700 3687 2498
f 3687 3691 2494
f 2306 2504 2278
f 2305 2505 2504
f 2504 2505 2507
f 2506 2507 2288
f 2274 2506 2508
f 2278 2504 2506
f 3633 3632 2489
f 3620 3633 2488
f 2507 2509 2289
f 2505 2510 2509
f 2508 2288 2287
f 2511 2287 2281
f 2370 2511 2280
f 2275 2508 2511
f 2512 2490 2489
f 2514 2512 2513
f 2517 2512 2514
f 2517 2491 2490
f 2499 2493 2491
f 2499 2517 2516
f 2510 2505 2519
f 2518 2519 2521
f 3616 2518 2520
f 3632 2510 2518
f 2522 2304 2303
f 2523 2522 2310
f 2305 2304 2522
f 2524 2522 2523
f 2519 2524 2525
f 2505 2305 2524
f 2308 2312 2527
f 2526 2527 2529
f 2531 2526 2528
f 2309 2308 2526
f 1214 2532 2151
f 2419 2406 2418
f 2533 2345 2349
f 2534 2533 2317
f 2535 2536 2533
f 2536 2346 2345
f 2537 2351 2346
f 2538 2537 2536
f 2539 2540 2537
f 2540 2352 2351
f 2312 2355 2541
f 2527 2541 2542
f 2543 2435 2434
f 2545 2543 2544
f 2319 2318 2543
f 2318 2436 2435
f 2514 2515 2548
f 2547 2548 2550
f 2552 2547 2549
f 2552 2516 2514
f 2520 2521 2554
f 2553 2554 2556
f 3590 2553 2555
f 3621 2520 2553
f 2523 2309 2531
f 2557 2531 2530
f 2525 2523 2557
f 2559 2557 2558
f 2554 2559 2560
f 2521 2525 2559
f 2561 2375 2007
f 2376 2562 2225
f 2564 2565 2566
f 2563 2566 338
f 2569 2563 2567
f 2570 2564 2563
f 2572 2573 2574
f 2571 2574 2576
f 2544 2571 2575
f 2544 2434 2572
f 2578 2570 2569
f 2579 2577 2569
f 2574 2577 2579
f 2573 2578 2577
f 2581 2582 2583
f 2584 2580 2583
f 3697 3675 2580
f 3676 2581 2580
f 2582 2516 2552
f 2583 2552 2551
f 2500 2501 2589
f 2590 2588 2589
f 3693 3695 2588
f 3695 3700 2500
f 2501 2516 2591
f 2592 2593 2594
f 2386 2385 2503
f 2596 2379 2386
f 2596 2374 2373
f 2599 2596 2597
f 2599 2380 2379
f 2600 2446 2380
f 2600 2599 2598
f 2603 2600 2601
f 2603 2444 2446
f 2604 2603 2602
f 2440 2604 2605
f 2444 2603 2604
f 2606 2582 2581
f 2606 2607 2590
f 2591 2516 2582
f 3676 2587 2456
f 3689 2456 2372
f 2478 2477 2608
f 2609 2610 2611
f 2564 2570 2613
f 2612 2613 2598
f 2457 2612 2597
f 2565 2564 2612
f 2614 2613 2570
f 2615 2614 2578
f 2602 2601 2614
f 2601 2598 2613
f 2572 2434 2605
f 2616 2605 2602
f 2573 2572 2616
f 1459 1016 1045
f 1265 1215 1079
f 1612 1608 1609
f 2067 2057 2069
f 1135 1109 1136
f 1938 1937 2618
f 95 548 458
f 2058 1607 1608
f 1454 1469 1445
f 655 2620 1048
f 722 1049 2621
f 1131 985 1033
f 562 1481 366
f 1723 1719 1725
f 1786 1123 1122
f 267 300 323
f 1325 2034 1654
f 1468 1165 1435
f 658 657 529
f 8 532 247
f 382 1557 1559
f 788 619 1307
f 940 930 929
f 911 2622 2623
f 2621 2620 655
f 2624 1857 2625
f 998 1846 27
f 635 638 2626
f 2627 641 644
f 2628 2627 1840
f 1200 1199 2627
f 1199 1773 641
f 1520 515 49
f 1452 1350 1349
f 2630 2631 1859
f 644 643 1335
f 1197 1198 717
f 2632 717 719
f 2628 2632 1166
f 2629 1197 2632
f 1762 2633 1050
f 1823 870 873
f 2634 2635 794
f 1042 794 2635
f 93 94 1901
f 2036 2038 1458
f 1527 332 1525
f 877 876 1274
f 134 409 797
f 1328 893 931
f 607 777 1091
f 1043 2635 2637
f 2636 2637 2639
f 1275 2636 2638
f 1275 1040 1043
f 1272 2624 2626
f 2640 2626 638
f 1110 2641 2640
f 536 1272 2640
f 1472 708 1474
f 2042 2030 1951
f 1058 1106 1105
f 2642 2623 2643
f 1192 2642 2644
f 912 2623 2642
f 3898 1657 3526
f 1049 1048 2620
f 616 1829 1885
f 1331 1913 666
f 990 989 1198
f 1911 1912 321
f 1298 1282 1205
f 76 1490 1504
f 1502 1500 421
f 610 609 658
f 1146 937 659
f 2646 911 914
f 1280 1239 1238
f 1453 1454 1452
f 835 942 1843
f 1271 1270 1173
f 1893 1878 1826
f 1050 2633 1937
f 2651 2652 814
f 1006 1053 1281
f 2653 1084 2654
f 1001 1004 1003
f 585 997 679
f 2624 1272 621
f 555 678 2028
f 1207 526 1197
f 1626 1627 478
f 426 389 419
f 1030 1193 1773
f 3898 645 634
f 534 1533 138
f 1125 1092 1042
f 333 228 88
f 569 1570 561
f 1489 2656 871
f 1857 2624 620
f 1673 1674 3770
f 622 861 864
f 619 788 891
f 261 544 545
f 393 1555 1556
f 2658 2659 2647
f 1075 2658 2657
f 1081 1080 2658
f 1080 1139 2659
f 2644 2643 1141
f 2660 1141 1140
f 642 2660 1336
f 1193 2644 2660
f 679 678 555
f 1503 1501 1500
f 1318 1317 1101
f 2661 2659 1139
f 2661 1142 2663
f 2662 2647 2659
f 2662 2663 2622
f 2664 2622 911
f 2648 2664 2646
f 2648 2647 2662
f 2083 2094 2093
f 1442 1440 1437
f 519 329 330
f 1885 2029 1209
f 799 800 805
f 1946 1943 1952
f 1302 1301 1253
f 566 2005 224
f 1389 940 928
f 683 682 681
f 836 835 1842
f 2665 1842 1845
f 2666 2665 1303
f 24 836 2665
f 831 1072 2650
f 1845 1844 1304
f 2010 2013 2012
f 1051 1936 2667
f 1522 1521 1511
f 531 440 441
f 1250 635 2625
f 2669 2625 1857
f 783 2669 1856
f 782 1250 2669
f 720 2670 2671
f 1055 1931 1930
f 1333 1067 1251
f 619 622 1308
f 652 655 2619
f 521 522 1539
f 1838 988 537
f 2672 537 536
f 1113 2672 2641
f 1113 527 1838
f 1016 1013 1351
f 3897 573 570
f 226 227 104
f 3564 3669 3827
f 1036 1037 1884
f 2674 1301 1304
f 2673 1304 1844
f 1334 2673 2675
f 1333 2674 2673
f 2676 702 1039
f 1843 2676 2675
f 942 1074 2676
f 1074 699 702
f 752 1057 1055
f 1200 1166 656
f 1120 1846 874
f 2677 874 877
f 1241 2677 1052
f 1119 1120 2677
f 1560 1513 151
f 1208 1316 611
f 215 735 736
f 1460 1459 1462
f 1208 1207 1839
f 854 856 1282
f 72 445 182
f 544 1563 1565
f 217 200 456
f 2047 1404 930
f 1204 2618 1937
f 913 777 686
f 840 527 1113
f 1531 729 730
f 2678 778 1283
f 601 667 1914
f 1537 1538 459
f 1819 1757 3509
f 991 1860 862
f 2679 711 1073
f 2680 1830 983
f 779 2680 2256
f 778 2678 2680
f 2678 2679 1830
f 180 542 245
f 1886 1132 1131
f 1138 1137 1274
f 1841 598 1140
f 75 313 314
f 193 423 420
f 2681 2682 1099
f 170 1567 1565
f 349 416 417
f 1121 1124 2684
f 547 797 409
f 123 122 121
f 2643 2663 1142
f 1542 1544 513
f 899 900 907
f 1210 677 676
f 791 663 982
f 24 27 837
f 893 896 932
f 1860 1320 863
f 535 538 862
f 1569 1548 1547
f 181 455 542
f 660 659 937
f 2013 567 568
f 887 890 2631
f 1524 1508 361
f 520 161 162
f 2653 855 854
f 1238 1237 2655
f 718 1838 527
f 1492 1493 518
f 792 616 615
f 599 846 1835
f 290 457 456
f 312 171 1552
f 1248 2687 1179
f 153 149 177
f 1240 1181 1222
f 1257 1292 1235
f 1291 1084 1083
f 1052 877 1277
f 743 742 2618
f 444 140 430
f 23 1224 1172
f 2687 2654 1180
f 102 103 409
f 1283 607 610
f 373 497 650
f 1180 2654 1084
f 855 2653 2655
f 1173 1270 1917
f 2689 850 853
f 2688 853 1108
f 2686 2688 1279
f 2687 2689 2688
f 2691 1302 1252
f 2690 1252 850
f 1248 2690 2689
f 1248 1247 2691
f 2692 617 24
f 2691 2692 2666
f 1247 1258 2692
f 1258 1168 617
f 394 1554 1555
f 2693 1260 1259
f 1072 1236 1262
f 1257 1071 1168
f 398 439 1555
f 871 1784 1314
f 1178 1232 1249
f 1224 1289 1173
f 1010 2617 2618
f 1175 1174 1292
f 2654 2687 2686
f 2694 1157 1216
f 71 418 1487
f 701 1112 1111
f 1072 1261 2649
f 1085 2695 22
f 895 2694 1264
f 1601 1606 1605
f 1259 1262 1271
f 21 20 1220
f 988 991 538
f 598 597 1336
f 1050 860 818
f 1298 2645 1761
f 1168 1167 618
f 858 1168 1256
f 39 242 516
f 2652 1761 819
f 313 316 315
f 2026 1970 1971
f 2656 1489 596
f 814 819 818
f 2696 2651 813
f 1260 2696 2649
f 2693 2697 2696
f 2697 1296 2651
f 381 355 390
f 3818 3819 1611
f 1475 1427 1428
f 1292 1174 1917
f 1551 353 354
f 1526 1525 1523
f 1593 1589 1595
f 1232 1269 1246
f 2695 2693 1223
f 2698 1297 1296
f 2698 2697 2693
f 2685 2698 2695
f 2685 854 1297
f 562 1497 271
f 2652 2651 1296
f 1365 1366 1364
f 1958 1946 1953
f 585 588 2210
f 1561 1560 1515
f 975 2648 1146
f 347 67 68
f 1038 1111 636
f 2700 781 780
f 2699 780 1036
f 2701 2699 1883
f 851 2700 2699
f 2674 1333 2251
f 2702 2251 781
f 1253 2702 2700
f 1301 2674 2702
f 1519 387 388
f 1273 1239 1280
f 2703 1280 1107
f 2701 2703 852
f 1829 1273 2703
f 91 260 326
f 1784 871 2656
f 2683 2684 2705
f 604 1894 3499
f 1669 3534 3548
f 2062 2063 2060
f 621 535 861
f 2023 731 732
f 686 779 1263
f 857 1051 2668
f 883 830 882
f 637 636 1111
f 2668 894 893
f 2667 921 894
f 1039 1038 1068
f 313 75 1504
f 1911 1972 305
f 1936 2706 1964
f 2707 2402 2401
f 2708 2707 2183
f 738 2163 2116
f 2349 2348 2432
f 2711 2712 2020
f 2400 2711 2019
f 2714 2715 2716
f 2717 2718 2719
f 2721 2722 2723
f 2726 2727 2728
f 2725 2728 2730
f 2731 2725 2729
f 2732 2726 2725
f 2734 2735 2736
f 2738 2739 2740
f 2737 2740 2741
f 2744 2745 2746
f 2745 2744 2748
f 2749 2750 2747
f 2753 2749 2751
f 2250 1380 2246
f 2754 1396 1614
f 3598 2754 2755
f 3608 2745 2747
f 1617 2756 2755
f 2242 2758 1620
f 2191 2085 2760
f 2761 2759 2760
f 3648 2759 2761
f 3623 2191 2759
f 3209 3248 3223
f 1395 1394 2236
f 1395 2235 1636
f 1616 1635 2229
f 1617 2234 2763
f 2756 2763 3628
f 2765 2763 2234
f 2766 2764 3628
f 3202 3199 3246
f 1516 437 435
f 2768 2769 3552
f 1495 541 578
f 2135 2136 28
f 3526 3540 2773
f 1690 1689 3926
f 2778 2779 2780
f 2777 2780 2781
f 2784 2778 2777
f 3555 3521 575
f 1494 1904 9
f 3529 2016 2015
f 451 61 505
f 2786 2787 2788
f 2779 2786 2785
f 2789 2752 2741
f 2790 2753 2752
f 2792 2793 2794
f 2793 2795 2796
f 2796 2797 2750
f 2794 2796 2749
f 2798 1393 1396
f 3591 2798 2754
f 2798 2799 2800
f 3591 3662 2799
f 2797 2796 2795
f 2791 2794 2753
f 216 233 232
f 3804 2806 2807
f 3805 2809 2804
f 2769 2810 3557
f 183 185 184
f 2811 2812 2775
f 2804 2811 2776
f 2809 2813 2811
f 2812 2811 2813
f 3805 2808 2816
f 3796 2818 2815
f 3798 3800 2820
f 3793 2823 2819
f 2824 2736 2735
f 2823 2825 2824
f 2825 2823 2826
f 3793 2822 2827
f 3796 2817 2826
f 2713 2716 2829
f 2828 2829 2831
f 2822 2821 2828
f 2821 2820 2713
f 2832 2827 2822
f 2833 2832 2830
f 2834 2835 2832
f 2835 2818 2827
f 2837 2838 2839
f 2836 2839 2841
f 2842 2836 2840
f 2843 2837 2836
f 2840 2841 2845
f 2718 2844 2845
f 2730 2728 2844
f 2727 2840 2844
f 2846 2845 2841
f 2829 2846 2847
f 2847 2841 2839
f 2848 2839 2838
f 2833 2848 2849
f 2831 2847 2848
f 2850 2814 2851
f 2853 2850 2852
f 2783 2777 2782
f 2785 2788 2853
f 2780 2785 2856
f 2857 2858 2855
f 2859 2857 2782
f 2861 2843 2842
f 2860 2842 2727
f 2862 2860 2726
f 2863 2861 2860
f 2861 2863 2858
f 2843 2861 2857
f 2856 2853 2854
f 2781 2856 2864
f 2837 2843 2859
f 2838 2837 2864
f 2852 2851 2834
f 2854 2852 2849
f 2865 2815 2818
f 2851 2865 2835
f 2813 2809 2815
f 2814 2813 2865
f 2866 2812 2814
f 2788 2866 2850
f 2866 2788 2787
f 2812 2866 2867
f 1892 1889 1890
f 2720 2719 2846
f 298 299 256
f 2872 2714 2713
f 3794 3800 2735
f 2729 2730 2874
f 2846 2716 2715
f 2876 2877 2878
f 2733 2875 2878
f 3806 3807 2879
f 3806 2880 2872
f 2882 2883 2884
f 2881 2884 2715
f 2880 2881 2714
f 2879 2882 2881
f 2885 2886 2887
f 2888 2889 2890
f 2885 2890 2892
f 2893 2886 2885
f 1942 2151 2532
f 2895 2892 2720
f 2884 2895 2870
f 2883 2896 2895
f 2896 2891 2892
f 2889 2874 2717
f 2890 2717 2720
f 2897 2893 2891
f 2898 2897 2896
f 2899 2898 2883
f 2900 2899 2882
f 3797 2900 2879
f 2876 2902 2901
f 2901 2902 2904
f 1785 2656 1835
f 2905 2906 2899
f 2907 2908 2897
f 3797 2901 2903
f 632 576 577
f 3532 3547 2867
f 434 385 550
f 2768 2770 3640
f 2910 2911 1623
f 2241 2912 2758
f 3640 2770 2913
f 1623 2911 2757
f 3587 2242 2757
f 2229 1381 1380
f 2765 1630 1629
f 2915 2914 1629
f 3642 3641 2914
f 3641 3622 2765
f 2919 2916 3642
f 2918 2915 2912
f 3614 2918 2241
f 3618 2919 3613
f 3541 2177 2180
f 3521 2002 2188
f 3705 3573 714
f 2925 2766 2917
f 2924 2917 2916
f 3610 2924 2919
f 3611 2925 2924
f 2926 2927 2766
f 3658 2926 2925
f 1715 1713 1705
f 785 497 498
f 1387 651 565
f 374 375 1899
f 3573 2203 2206
f 2929 2930 2886
f 2932 2933 2934
f 1905 1906 1908
f 2930 2935 2936
f 2938 2935 2930
f 1493 369 517
f 1603 1585 1586
f 2939 2938 2929
f 2940 2939 2908
f 3665 1707 1600
f 2886 2930 2937
f 2906 2907 2898
f 2908 2929 2893
f 2942 2934 2933
f 2941 2933 2937
f 3501 2941 2936
f 3498 2942 2941
f 2943 2944 2710
f 2943 2873 2874
f 2945 2943 2889
f 2946 2944 2943
f 2932 2945 2888
f 2931 2946 2945
f 727 1928 1929
f 2903 2904 2947
f 545 594 42
f 1480 1570 533
f 2907 2906 2949
f 2906 2905 2950
f 1558 452 215
f 3799 2903 2948
f 2054 1645 1644
f 3705 3684 2203
f 1828 1837 1849
f 2953 2954 2955
f 2952 2955 2957
f 2956 2261 2258
f 2953 2952 2258
f 2454 2455 2474
f 3747 2958 2959
f 3747 2132 2131
f 2961 2962 2963
f 2958 2963 2964
f 222 221 2485
f 2477 2226 2966
f 2631 2561 2006
f 2384 2454 2496
f 2967 2968 2959
f 2968 2967 2970
f 3759 2033 2971
f 3784 2971 2960
f 2972 2971 2033
f 2007 2377 2973
f 3560 3559 2134
f 1836 1833 1832
f 3506 2188 2090
f 955 810 959
f 672 675 674
f 633 710 713
f 2024 732 733
f 2025 2024 803
f 425 1552 1550
f 2975 2976 888
f 1319 1158 1157
f 1212 1935 2977
f 889 957 2228
f 1978 1974 1975
f 1138 1078 1329
f 751 665 2979
f 1619 1613 1625
f 2252 2255 1728
f 1157 1160 845
f 2706 1936 1938
f 2980 2255 2254
f 2982 2975 887
f 802 712 711
f 678 677 2029
f 527 840 690
f 1839 1207 2629
f 2983 2984 602
f 2983 1914 1913
f 2985 2983 1331
f 2986 2984 2983
f 2987 2637 2635
f 2985 2988 2639
f 2990 1319 1318
f 2991 2992 2993
f 2995 2991 2994
f 1106 1058 2991
f 1058 1057 2992
f 1415 1406 1365
f 1317 922 2217
f 1932 1728 2255
f 926 2998 2999
f 3001 2993 2992
f 3000 2992 1057
f 2999 3000 2978
f 2998 3001 3000
f 3002 2998 2209
f 3002 3003 2996
f 2993 3001 3002
f 1103 1106 2995
f 3004 2995 2996
f 2209 2210 3004
f 588 1103 3004
f 295 296 433
f 2638 2639 2988
f 3005 2988 1056
f 1305 3005 1930
f 1276 2638 3005
f 1987 1968 1993
f 2633 1762 1761
f 1423 1422 1417
f 3561 3517 739
f 2671 2670 2704
f 1473 1872 2035
f 922 1317 2694
f 1401 1400 1378
f 556 2028 1884
f 842 848 3825
f 1854 2706 2617
f 933 1082 1081
f 1440 1441 1436
f 529 657 719
f 1031 1025 1027
f 777 913 912
f 2645 1205 1204
f 441 438 1538
f 790 1287 587
f 2065 2066 1610
f 1860 991 990
f 60 106 87
f 1424 1017 1948
f 332 1527 1507
f 261 262 138
f 187 188 449
f 1719 1720 1726
f 1931 1055 1059
f 3006 1059 1105
f 1287 3006 1104
f 1286 1931 3006
f 3007 3008 3009
f 3009 3008 653
f 618 999 26
f 2029 677 1210
f 957 601 600
f 1049 2146 2228
f 2631 890 3011
f 890 889 2227
f 3011 2227 2145
f 2561 3011 3012
f 1026 656 609
f 2706 1854 1961
f 3013 2965 2485
f 2148 2147 1267
f 3015 1267 1266
f 2997 2264 1101
f 642 641 1773
f 186 477 461
f 1041 1040 1320
f 1121 3016 3017
f 2984 2986 2987
f 3018 2987 2634
f 1048 603 3018
f 603 602 2984
f 2679 2678 801
f 2062 2072 2074
f 2061 2074 2076
f 414 303 1545
f 3016 1121 2683
f 3019 2683 2704
f 3020 3019 2670
f 3007 3016 3019
f 1871 1090 1091
f 3021 1787 1122
f 3022 3021 3017
f 1314 3021 3022
f 1784 1787 3021
f 1316 1315 1763
f 3023 3022 3010
f 3023 3009 795
f 1763 3023 1092
f 1315 3022 3023
f 3016 3007 3010
f 752 751 2978
f 2986 2639 2637
f 3024 654 653
f 3020 3024 3008
f 720 723 3024
f 723 2621 654
f 2681 1098 1268
f 2671 3025 1268
f 2705 2681 3025
f 1313 3026 3027
f 3026 3028 3029
f 3027 3029 3030
f 1311 3027 3031
f 2012 568 731
f 917 2657 974
f 743 1206 856
f 1888 2027 2030
f 2682 2705 2684
f 3032 2684 1124
f 1100 3032 2989
f 1099 2682 3032
f 1123 2990 2989
f 3033 1834 1159
f 2990 3033 1158
f 1123 1786 3033
f 1786 1785 1834
f 1054 1056 2988
f 2979 665 664
f 2623 2622 2663
f 1095 660 688
f 3034 3035 2261
f 3036 3034 2956
f 3037 3038 3034
f 3038 3039 3035
f 3040 3041 3026
f 2263 3042 3041
f 3042 3039 3043
f 3041 3043 3028
f 3044 3045 3043
f 3046 3047 3045
f 3047 3048 3049
f 3043 3045 3049
f 3038 3037 3051
f 3050 3051 3053
f 3052 3046 3044
f 3039 3038 3050
f 3054 3035 3039
f 3042 2263 2262
f 2261 3035 3054
f 2216 2263 2997
f 2212 2211 2667
f 3056 868 2209
f 934 3057 1961
f 2013 3755 3757
f 3058 3059 3060
f 3059 3062 3063
f 3060 3063 2213
f 3061 3060 1963
f 3063 3064 2214
f 3062 3065 3064
f 3065 2257 2260
f 3064 2260 2215
f 3066 3067 3031
f 2608 2966 3067
f 2966 2562 3068
f 3031 3067 3068
f 2455 2458 2461
f 2476 2223 2226
f 3551 2090 2089
f 3526 2774 3769
f 433 354 355
f 2115 1423 1419
f 3509 2868 2922
f 3769 3737 2131
f 3069 2611 2167
f 2971 2972 2928
f 2961 2774 2773
f 3070 2475 2478
f 2610 2609 3071
f 2502 2371 2374
f 3072 2592 2595
f 2964 3046 3052
f 3048 2593 3074
f 2593 2592 3075
f 3075 3030 3029
f 3074 3029 3028
f 3072 3076 3075
f 3076 3072 2482
f 2481 2608 3066
f 3076 3066 3030
f 2967 3052 3053
f 2482 3072 3073
f 479 480 493
f 706 3900 3873
f 3561 2194 2221
f 2013 2010 3754
f 3533 2032 2016
f 3562 3519 2222
f 1171 1154 1155
f 2586 2566 2565
f 2982 110 113
f 2562 2376 3077
f 2376 2375 3012
f 3012 2145 2148
f 3077 2148 3015
f 2963 3047 3046
f 3051 3078 2970
f 1683 2173 491
f 3850 2122 1447
f 1986 2181 3734
f 3079 3080 2546
f 3081 3079 2575
f 1983 1986 3768
f 3082 2323 2319
f 3080 3082 2545
f 3734 3732 3082
f 3732 3748 2323
f 1309 1471 1888
f 3073 2595 2772
f 2760 3083 3084
f 2760 2085 2088
f 3085 3084 3086
f 3089 3085 3090
f 3089 2762 3084
f 3092 3088 3090
f 3093 2748 2744
f 2751 2747 2748
f 3093 2741 2752
f 2742 2741 3093
f 3094 3093 2743
f 3096 3097 3098
f 3099 3096 3087
f 3097 3094 3095
f 3100 2743 2746
f 3101 2927 3102
f 2764 2766 2927
f 2745 2764 3101
f 3102 3092 3091
f 3100 3091 3095
f 2869 2802 3592
f 3102 3103 3104
f 3658 2868 2869
f 2927 2926 3103
f 3098 3095 3091
f 3087 3098 3090
f 2088 2125 3105
f 3083 3105 3086
f 2483 3073 2771
f 2401 2186 2185
f 3099 3086 3105
f 2125 2207 3106
f 3108 2737 2742
f 3107 2742 3094
f 3110 3108 3107
f 3109 3107 3097
f 3111 3109 3096
f 3112 3110 3109
f 3113 2738 2737
f 3115 2723 2722
f 3117 3115 3114
f 3119 3117 3116
f 3118 3116 3120
f 3116 3114 3113
f 3122 3112 3111
f 3122 3123 1755
f 3124 3125 3126
f 3125 3118 3121
f 3128 3119 3118
f 3129 3128 3125
f 2020 2712 3128
f 3853 3857 1346
f 1065 1046 1047
f 1814 3838 3830
f 2021 2020 3129
f 3111 3099 3106
f 3123 3106 2207
f 2377 2225 2224
f 3014 2485 113
f 1756 2208 3782
f 3131 3132 2530
f 3133 3131 2528
f 1753 1756 3767
f 3134 3124 3127
f 2327 2408 2314
f 2436 2318 2317
f 2018 2021 3711
f 2534 3136 3137
f 2320 2322 3136
f 2185 2018 3712
f 3138 3139 2542
f 3134 3135 3744
f 3785 3130 3134
f 3140 3138 2539
f 2535 3137 3140
f 3711 2021 3130
f 2558 2530 3132
f 3782 3760 3141
f 2560 2558 3141
f 3760 3777 3142
f 958 888 2976
f 1933 1932 2980
f 2399 2424 2418
f 2348 2342 2343
f 2322 2320 2319
f 2718 2717 2874
f 2709 2729 2873
f 2894 2871 1361
f 346 289 176
f 1876 1877 1882
f 2802 2803 3607
f 3104 3144 3088
f 2974 2222 3649
f 3089 3145 2761
f 3088 3144 3145
f 2803 2974 3603
f 3870 3909 692
f 2123 1419 1418
f 1365 1363 1368
f 1581 1766 1782
f 3569 2202 2129
f 3555 2003 2002
f 3146 2585 2551
f 3751 3146 3147
f 3742 3149 3146
f 3149 2584 2585
f 3196 3198 3197
f 3604 2192 2191
f 3142 3150 2556
f 3777 3778 3150
f 3646 3152 2550
f 3150 3151 2555
f 3778 3780 3151
f 3788 3781 3152
f 3153 3147 2551
f 3152 3153 2549
f 3781 3776 3153
f 3776 3750 3147
f 3148 2767 2206
f 2183 2401 2321
f 2132 2960 2928
f 3684 3685 2204
f 3719 2198 2197
f 2594 2962 2773
f 2595 2594 2951
f 1870 798 799
f 3713 2179 2178
f 3706 2178 3736
f 336 3154 3774
f 339 3155 3154
f 3789 3683 3149
f 3683 3697 2584
f 2963 2962 3048
f 3722 3730 337
f 339 338 2566
f 3156 3157 2168
f 2610 3156 2167
f 2954 2953 3156
f 3157 3156 2953
f 3707 2166 2169
f 2567 3158 3159
f 337 3158 2567
f 3730 3069 2166
f 3764 2190 1983
f 2579 3160 3081
f 2568 3159 3160
f 3709 2169 2190
f 3065 3062 3162
f 3161 3162 1984
f 3157 3161 2189
f 2257 3065 3161
f 734 735 1922
f 3059 3058 2708
f 3163 2708 2182
f 3162 3163 1985
f 3062 3059 3163
f 3203 3206 3205
f 2122 2119 1448
f 3817 1686 1685
f 139 140 444
f 1570 569 566
f 2957 3164 3165
f 2955 3166 3164
f 1912 454 341
f 3130 3129 3124
f 1548 322 319
f 1949 1950 1327
f 2969 2970 3078
f 3167 3078 3169
f 3724 2014 2017
f 3720 2017 2033
f 3168 3169 3165
f 3170 3165 3164
f 3779 3170 3171
f 3724 3168 3170
f 3171 3164 3166
f 3172 3166 3071
f 3752 3172 3173
f 3756 3171 3172
f 3169 3037 3036
f 2593 3048 2962
f 3173 3071 2609
f 3174 2609 2199
f 3783 3174 2198
f 3749 3173 3174
f 2190 2189 1984
f 2196 2195 2767
f 2119 2120 1414
f 1464 1463 1466
f 2199 2611 3069
f 2457 2456 2587
f 2226 2225 2562
f 481 478 1627
f 333 1512 235
f 3078 3051 3037
f 3040 2264 2997
f 2219 1934 1933
f 2385 2384 2497
f 221 2220 3175
f 2220 1933 3143
f 3175 3143 2976
f 2484 3175 2975
f 2954 3071 3166
f 2630 1858 110
f 1547 319 1952
f 2091 2090 2188
f 3733 3736 2178
f 1918 1919 1927
f 3563 112 111
f 955 956 960
f 2037 3014 112
f 3143 2980 2981
f 2218 2211 2214
f 672 3877 3787
f 2152 3013 3014
f 1147 1144 1143
f 2248 2246 1409
f 1615 1636 1635
f 1410 1409 2246
f 3241 3243 3242
f 1382 3176 3177
f 3177 1410 2247
f 2247 1383 3177
f 3176 2238 2230
f 1410 3177 3179
f 3179 3180 2243
f 1633 3181 2800
f 1621 1620 2758
f 1622 1621 2245
f 2236 1394 3181
f 2237 2236 3182
f 2250 1631 2233
f 2912 1629 1628
f 135 136 1564
f 1567 419 512
f 1085 1084 2653
f 3184 869 868
f 869 3184 3057
f 1266 1268 1098
f 1267 2147 722
f 937 1146 2646
f 2146 1049 722
f 2211 2218 921
f 1957 510 507
f 1313 1312 2264
f 1496 362 1493
f 2887 2937 2933
f 1687 1688 1659
f 145 1499 1498
f 37 38 418
f 1935 1934 3185
f 104 89 301
f 2101 2098 2083
f 543 298 360
f 1934 2219 3186
f 234 1521 212
f 3845 3821 1822
f 1976 1875 1874
f 223 3186 2219
f 3655 3656 3605
f 2165 2164 467
f 467 468 2165
f 773 476 2165
f 1935 1212 1728
f 3240 3225 3226
f 3261 3249 3250
f 3215 3216 3244
f 3265 3221 3215
f 3267 3245 3198
f 3205 3206 3269
f 3214 3211 3265
f 3271 3213 3214
f 3251 3252 3239
f 3222 3221 3266
f 3232 3235 3234
f 3216 3242 3243
f 3196 3193 3268
f 3244 3243 3254
f 3238 3239 3247
f 3264 3244 3255
f 3253 3242 3216
f 3211 3266 3221
f 3257 3217 3218
f 3258 3222 3272
f 3274 3275 3280
f 3228 3229 3262
f 3275 3231 3281
f 3226 3227 3273
f 3236 3263 3260
f 3281 3263 3236
f 3287 3271 3192
f 3235 3226 3280
f 3234 3280 3281
f 3288 3290 3259
f 3260 3250 3276
f 3289 3212 3278
f 3210 3209 3224
f 3199 3202 3201
f 3228 3231 3230
f 3290 3288 3285
f 3282 3279 3271
f 3260 3263 3262
f 3243 3241 3268
f 3267 3268 3241
f 3194 3207 3208
f 3191 3270 3269
f 3270 3191 3192
f 3275 3274 3230
f 3264 3269 3270
f 3252 3251 3276
f 3248 3252 3291
f 3213 3271 3279
f 3272 3266 3289
f 3277 3278 3212
f 3228 3263 3281
f 3220 3225 3253
f 3219 3253 3217
f 3256 3218 3222
f 3247 3239 3252
f 3245 3267 3232
f 3266 3211 3212
f 3208 3205 3255
f 3288 3289 3284
f 3204 3205 3208
f 560 1899 3187
f 3209 3210 3201
f 3189 3192 3191
f 448 1980 807
f 647 648 122
f 1833 1848 1780
f 510 509 508
f 3210 1949 1887
f 1887 15 3200
f 15 16 3197
f 16 3188 3195
f 3195 3188 3187
f 3194 3187 1899
f 3207 1899 375
f 387 173 126
f 3189 1791 1760
f 3577 763 757
f 763 3577 2172
f 3583 3582 3580
f 3581 3580 3579
f 3594 3597 3596
f 3400 3601 3602
f 3626 3624 3625
f 3631 3635 3599
f 3636 3637 3595
f 3647 3584 3588
f 3650 3582 3584
f 3653 3579 3580
f 3653 2176 3654
f 1801 1864 3656
f 3651 3580 3582
f 3644 3638 3595
f 1767 1768 3659
f 1597 3663 3661
f 1708 1707 3665
f 3671 3668 3667
f 3666 3667 3673
f 1588 1708 3664
f 2080 3671 3666
f 2082 3666 3672
f 3674 3677 3635
f 3677 3678 3636
f 3682 3647 3645
f 3692 3651 3650
f 3681 3645 3644
f 786 3694 3692
f 3694 3653 3651
f 785 3692 3686
f 497 3686 3682
f 650 3682 3681
f 3696 564 3681
f 3405 3606 3605
f 3702 3699 3678
f 3699 3698 3679
f 3645 3588 3638
f 1799 3657 3659
f 3708 3704 3458
f 3462 3710 3708
f 3714 463 564
f 3615 3606 3602
f 3710 3714 3696
f 3635 3636 3596
f 3629 3626 3627
f 3597 3600 3599
f 3630 3716 3715
f 3627 3625 3597
f 3717 3716 3723
f 3715 3663 3660
f 3716 3717 3725
f 3668 3665 3661
f 3668 3725 3717
f 3667 3717 3718
f 3727 3728 3673
f 3728 1576 3672
f 3726 3727 3718
f 1576 2101 2084
f 3727 3726 3731
f 3203 376 1387
f 3190 1387 1791
f 3283 2152 1949
f 317 240 259
f 2000 2176 3653
f 3601 3599 3600
f 3589 3588 3584
f 3577 758 756
f 3585 3584 3582
f 3678 3679 3637
f 3204 375 376
f 1801 3655 3657
f 3729 3735 3728
f 1575 3735 3738
f 3735 1575 1576
f 1776 1795 1796
f 1293 1294 1290
f 1326 14 1327
f 1294 1245 1234
f 878 1244 1330
f 497 373 374
f 122 648 413
f 3699 3702 3704
f 3606 3405 3401
f 3708 3710 3698
f 3464 3714 3710
f 3704 3674 3443
f 439 398 399
f 1512 1528 1526
f 1668 1741 1738
f 839 849 1362
f 1362 1357 826
f 3843 740 1896
f 2053 2054 2118
f 3888 3887 2120
f 696 697 3816
f 1826 1878 639
f 3740 3739 3729
f 956 885 886
f 1980 806 1922
f 33 34 105
f 1343 1344 3856
f 3907 2127 2128
f 1766 1581 1582
f 14 1326 2163
f 595 98 99
f 3233 3238 3246
f 1346 1035 1044
f 748 1888 1425
f 3193 3208 3254
f 3190 3191 3206
f 3612 3605 3606
f 3624 3612 3615
f 3631 3415 3443
f 3679 3680 3644
f 3686 3650 3647
f 3702 3677 3674
f 3625 3615 3600
f 3601 3400 3415
f 3739 3738 3735
f 3630 3627 3594
f 3741 3723 3716
f 1284 1290 1288
f 3698 3696 3680
f 1778 1781 1780
f 1792 1759 1584
f 695 570 571
f 3638 3741 3594
f 3741 3638 3588
f 3247 3248 3209
f 3292 3293 3294
f 3296 3297 3298
f 3299 3298 3300
f 3302 3303 3304
f 3306 3307 3308
f 3307 3310 3311
f 3303 3302 3301
f 3312 3305 3304
f 3314 3315 3316
f 3318 3319 3320
f 3324 3318 3321
f 3326 3327 3328
f 3329 3330 3331
f 3333 3334 3335
f 3337 3338 3339
f 3333 3336 3341
f 3342 3341 3343
f 3319 3345 3344
f 3338 3335 3334
f 3346 3301 3302
f 3305 3348 3347
f 3312 3224 3223
f 3350 3337 3340
f 3312 3349 3348
f 3352 3343 3341
f 3311 3353 3354
f 3341 3336 3327
f 3359 3360 3361
f 3360 3359 3250
f 3318 3363 3345
f 3364 3363 3318
f 3314 3364 3324
f 3366 3299 3301
f 3299 3366 3367
f 3308 3354 3368
f 3369 3317 3295
f 3317 3369 3364
f 3370 3295 3317
f 3325 3371 3365
f 3352 3320 3319
f 3296 3367 3353
f 3297 3296 3311
f 3363 3368 3354
f 3345 3354 3353
f 3344 3353 3367
f 3366 3333 3342
f 3347 3339 3334
f 3339 3347 3348
f 3348 3349 3351
f 3363 3364 3369
f 3294 3309 3368
f 3293 3306 3309
f 3331 3373 3374
f 3346 3334 3333
f 3323 3322 3352
f 3356 3355 3321
f 3355 3357 3325
f 3357 3358 3371
f 3322 3356 3320
f 3361 3330 3329
f 3373 3372 3375
f 3374 3375 3376
f 3329 3332 3376
f 3327 3375 3372
f 3336 3335 3375
f 3335 3338 3376
f 3376 3338 3337
f 3337 3350 3359
f 3359 3350 3276
f 3377 3292 3295
f 3277 3316 3315
f 3371 3378 3379
f 3378 3371 3358
f 3365 3379 3315
f 3316 3277 3279
f 3282 3377 3370
f 3313 3283 3224
f 3378 3285 3284
f 3380 3286 3285
f 3379 3284 3278
f 3276 3350 3351
f 3291 3351 3349
f 3313 3304 2965
f 2965 3304 3303
f 222 3303 3300
f 223 3300 3298
f 3298 3297 3185
f 3297 3310 2977
f 3310 3307 1213
f 3307 3306 1214
f 2532 1214 3306
f 2894 2532 3293
f 2871 2894 3292
f 3253 3225 3240
f 3283 3313 3013
f 1997 1996 1889
f 1237 745 744
f 1535 1534 120
f 1531 1532 201
f 1119 1241 1032
f 946 948 824
f 163 8 5
f 3589 3726 3723
f 1155 1156 1162
f 427 213 327
f 553 1902 796
f 3381 2232 2231
f 3381 3178 2230
f 2237 3183 3180
f 3383 3384 3385
f 3384 3386 3387
f 3386 3388 3389
f 3388 3390 3391
f 3392 3393 3394
f 3395 3394 3396
f 3398 3399 3397
f 3400 3401 3399
f 3403 3404 3405
f 3406 3407 3404
f 3408 3409 3407
f 3410 3411 3409
f 3412 3413 3411
f 3415 3400 3398
f 3414 3398 3396
f 3416 3396 3394
f 3417 3394 3393
f 3393 3419 3420
f 3419 3390 3421
f 3390 3388 3422
f 3388 3386 3423
f 3386 3384 3424
f 3384 3383 3425
f 3425 3383 3426
f 2904 3427 3428
f 3429 3427 2904
f 3430 3429 2902
f 2875 3431 3430
f 3432 3433 2733
f 2825 3434 3435
f 3437 3438 3439
f 3441 3437 3436
f 2724 2723 3434
f 3436 3439 3115
f 3440 3436 3117
f 3443 3415 3414
f 3442 3414 3416
f 3444 3416 3417
f 3445 3417 3418
f 3446 3418 3420
f 3420 3421 3448
f 3421 3422 3449
f 3422 3423 3450
f 3423 3424 3451
f 3424 3425 3452
f 3425 3184 3056
f 3451 3452 2253
f 3450 3451 2252
f 3449 3450 1727
f 3448 3449 2150
f 3453 3447 3448
f 3454 3446 3447
f 3455 3445 3446
f 3456 3444 3445
f 3442 3444 3456
f 3443 3442 3457
f 3459 3460 3458
f 3457 3456 3455
f 3459 3455 3454
f 3462 3460 3459
f 3461 3454 3453
f 3464 3462 3461
f 3463 3453 1941
f 3404 3399 3401
f 3407 3397 3399
f 3409 3395 3397
f 3411 3392 3395
f 3465 3466 3413
f 3467 3468 3469
f 3465 3412 3431
f 3470 3467 3466
f 3438 3470 3432
f 3467 3470 3438
f 3468 3467 3437
f 3471 3469 3468
f 3472 3468 3441
f 3473 3441 3440
f 2712 3440 3119
f 3475 3471 3472
f 3474 3472 3473
f 3476 3473 2712
f 3477 3476 2711
f 3478 3474 3476
f 3479 3475 3474
f 3392 3411 3413
f 3466 3469 3480
f 3419 3393 3392
f 3390 3419 3480
f 3469 3471 3391
f 3389 3391 3471
f 3387 3389 3475
f 3385 3387 3479
f 3482 3477 2400
f 3483 3478 3477
f 3481 3479 3478
f 3484 3482 2402
f 3058 3484 2707
f 3061 3485 3484
f 3485 3483 3482
f 3382 3385 3481
f 3486 3481 3483
f 3426 3383 3382
f 3487 3382 3486
f 3486 3485 3061
f 1961 3057 3487
f 3057 3184 3426
f 3428 3403 3402
f 3427 3406 3403
f 3429 3408 3406
f 3430 3410 3408
f 3431 3412 3410
f 3470 3465 3433
f 3434 3439 3438
f 2723 3115 3439
f 2875 2733 3433
f 2736 2824 3435
f 2947 3428 3488
f 3464 3463 1360
f 1900 1925 1924
f 1736 1717 1718
f 1955 1952 1943
f 1671 1738 1735
f 1696 1750 1698
f 1800 1865 1864
f 2063 2055 2056
f 1737 1734 1717
f 1751 1735 1697
f 943 3885 3899
f 3656 3488 3402
f 1577 1578 1764
f 3917 1598 1599
f 1945 146 82
f 68 6 7
f 147 1542 1543
f 1109 1135 1133
f 1503 1910 1907
f 1499 1501 1909
f 452 1922 735
f 1824 2068 3835
f 1825 2067 2068
f 1463 1462 1022
f 841 1012 1009
f 1568 1547 1955
f 1910 1503 1502
f 1939 1502 422
f 309 280 1940
f 1804 1851 1866
f 269 1482 1954
f 2065 1607 2060
f 3812 1685 1758
f 280 276 552
f 1875 1873 1869
f 1739 1721 1734
f 1778 1779 1790
f 310 1920 1915
f 1909 1908 1906
f 1789 1783 1778
f 978 981 980
f 1584 1759 1731
f 425 426 311
f 148 1543 115
f 2044 3897 3894
f 277 1910 1939
f 1943 1946 1945
f 1461 1462 1463
f 2253 3452 3056
f 2981 2254 3489
f 2209 2998 3489
f 2254 2253 3055
f 2998 926 958
f 2826 2817 2721
f 3490 2739 2721
f 2816 3491 3490
f 2334 2297 2296
f 2298 2297 2334
f 2301 2298 2336
f 2311 2301 2338
f 2312 2311 2354
f 2359 2358 2361
f 2335 2296 2359
f 2414 2413 2365
f 2413 2270 2361
f 2355 2352 2540
f 2541 2540 2539
f 2722 2721 2739
f 3114 2722 2738
f 3110 3112 3121
f 3108 3110 3120
f 3122 1754 3127
f 3112 3122 3126
f 3127 1754 1753
f 3139 3133 2529
f 3744 3775 3133
f 3490 2789 2740
f 3491 2790 2789
f 228 229 91
f 245 244 243
f 248 7 247
f 2 297 296
f 145 146 300
f 327 213 210
f 329 332 331
f 239 241 240
f 373 376 375
f 178 177 176
f 1218 1225 1228
f 3862 1231 1295
f 808 809 824
f 3858 3859 1013
f 3813 3810 1411
f 2154 2149 2159
f 3845 3835 1758
f 306 807 1922
f 2157 2153 1976
f 708 709 2031
f 1450 1226 1227
f 1672 1604 1605
f 1813 1814 1821
f 1717 1716 1715
f 176 159 402
f 1710 1705 3916
f 1712 1580 1577
f 1705 1713 1711
f 971 978 979
f 822 823 1094
f 2909 2810 2793
f 2810 2769 2795
f 2799 2910 2249
f 3662 3643 2910
f 2769 2768 2801
f 3177 3176 3178
f 3178 3381 3180
f 3181 1394 1393
f 3181 1633 1632
f 3182 1632 2244
f 3183 2244 2243
f 3492 2791 2790
f 2808 3492 3491
f 2239 3574 3572
f 1149 1150 3571
f 1150 2009 3567
f 2202 3569 3566
f 2921 3564 3565
f 3568 3560 2133
f 1777 1579 1759
f 1201 1196 1183
f 3561 3554 2195
f 3553 3576 2770
f 3927 3925 1687
f 1516 152 154
f 3549 3562 2974
f 3550 3548 2779
f 2771 2772 3575
f 3070 2771 3546
f 3547 3544 2775
f 1376 1375 1370
f 2767 3543 3556
f 2195 3554 3543
f 2775 3544 3542
f 3377 3282 3545
f 3804 3802 3539
f 2776 3542 3538
f 2240 3572 3535
f 2920 3535 3669
f 3548 3534 2786
f 1805 1850 1851
f 3534 3532 2787
f 2951 2773 3540
f 2772 2951 3531
f 2973 2224 3530
f 2224 2223 3537
f 1957 1953 320
f 306 305 304
f 2770 3576 3528
f 2913 3528 3574
f 2923 3565 3527
f 308 1940 431
f 207 208 132
f 1879 1876 1881
f 3733 3787 3525
f 2475 3070 3558
f 2476 2475 3524
f 2223 2476 3523
f 3522 3549 2803
f 2037 3563 11
f 1959 1958 450
f 2003 3555 3520
f 9 10 334
f 2009 2008 3518
f 2008 2973 3536
f 3877 672 673
f 3515 3550 2778
f 2935 3514 3513
f 111 1149 3570
f 3510 3514 2935
f 683 3876 3885
f 3508 3557 2810
f 736 733 732
f 1795 1804 1803
f 3505 3510 2938
f 3507 3505 2939
f 2950 3512 3504
f 2940 2949 3504
f 3801 3791 3512
f 2868 3509 3502
f 2869 3502 3522
f 1024 1034 1023
f 3500 3503 2948
f 551 1939 442
f 2972 3499 3568
f 2032 3533 3499
f 216 93 1924
f 203 202 201
f 1828 1848 1847
f 1958 1957 449
f 272 271 178
f 2871 3545 3495
f 3619 3669 3564
f 2801 2768 3643
f 2005 3758 3654
f 960 886 899
f 3657 3655 3612
f 3780 3788 3646
f 3151 3646 3593
f 2193 3604 3623
f 3607 3603 3145
f 3603 3649 2761
f 3592 3607 3144
f 2926 3658 3634
f 3634 3592 3104
f 3755 3754 3746
f 566 567 3758
f 3488 3656 1864
f 1602 1586 2079
f 2868 3658 3611
f 2922 3611 3610
f 2923 3610 3618
f 3670 3613 2918
f 3619 3670 3614
f 2921 3618 3670
f 2920 3614 3586
f 3613 3642 2915
f 2917 2766 3622
f 2916 2917 3641
f 2239 3587 3652
f 2911 3640 3652
f 3643 3640 2911
f 2797 2801 3662
f 2797 3591 3598
f 3622 3628 2763
f 3608 3628 2764
f 2194 3623 3648
f 2221 3648 3649
f 2756 3608 3609
f 2750 3598 3609
f 3669 3535 1817
f 3763 3770 1691
f 2515 3621 3590
f 2548 3590 3593
f 2513 2489 3632
f 2513 3616 3621
f 2509 3633 3620
f 2510 3632 3633
f 2289 3620 3639
f 2283 3639 3617
f 2240 3586 3587
f 3659 3657 3624
f 716 2121 3887
f 727 1999 3761
f 2165 2171 2170
f 3660 3659 3626
f 3743 3581 3578
f 2175 2172 769
f 2100 500 2095
f 3758 567 3757
f 640 3560 3568
f 1653 3576 3553
f 1895 3536 3530
f 746 3530 3537
f 1653 1810 3528
f 3762 1603 1604
f 2093 2075 2073
f 959 996 995
f 962 899 919
f 1400 1401 1398
f 1000 817 1127
f 956 959 884
f 1662 3548 3550
f 2034 3558 3546
f 3926 1689 3539
f 3535 3572 766
f 3572 3574 765
f 334 3570 3571
f 1868 3531 3540
f 1684 1651 1652
f 1682 1683 775
f 1585 1603 3762
f 3763 3762 1672
f 2173 2174 490
f 1658 3544 3547
f 3556 3543 1650
f 1571 3754 2010
f 1587 3664 3671
f 2099 2095 2077
f 787 3761 1999
f 2000 3694 786
f 3155 339 3697
f 3713 3155 3683
f 2180 2179 3685
f 3496 2180 3684
f 1684 3846 3840
f 1760 464 3495
f 2607 3689 3693
f 2581 3676 3689
f 2371 2502 3700
f 2371 3695 3693
f 2587 3676 3675
f 2586 3675 3697
f 2497 3691 3687
f 2502 2503 3687
f 2494 3691 3690
f 3690 3688 2472
f 3688 3701 2468
f 3701 3703 2469
f 726 3908 3892
f 581 3567 3518
f 10 3511 3570
f 1837 3514 3510
f 741 3537 3523
f 1299 3524 3558
f 1851 3507 3504
f 3527 3565 1820
f 580 3518 3536
f 1758 1685 3522
f 1693 3557 3508
f 3504 3512 1867
f 1894 1826 3568
f 2126 1418 3813
f 3906 2126 3841
f 2113 3911 3867
f 2179 3713 3789
f 624 3903 3904
f 2192 3604 3788
f 2177 3541 3787
f 1364 3824 3833
f 3858 3855 1470
f 3135 1753 3775
f 2069 3812 3835
f 1351 3861 3853
f 2108 3882 3901
f 2089 2092 3736
f 3828 3834 1358
f 2001 3749 3783
f 2187 3783 3719
f 2130 3756 3752
f 2004 3752 3749
f 2014 3724 3779
f 2201 3779 3756
f 3167 3720 3759
f 3168 3724 3720
f 3159 3709 3764
f 3160 3764 3765
f 3730 3707 3158
f 3158 3707 3709
f 2200 3069 3730
f 3685 3789 3742
f 3722 3774 2197
f 3790 3736 2092
f 3774 3790 3721
f 3154 3706 3790
f 3155 3713 3706
f 2091 3719 3721
f 2196 3148 3750
f 2193 2196 3776
f 3604 2193 3781
f 2086 2192 3780
f 2087 2086 3778
f 2204 3742 3751
f 2205 3751 3750
f 3909 3886 574
f 2124 2087 3777
f 2208 2124 3760
f 3711 3785 3140
f 3785 3745 3138
f 3745 3744 3139
f 3771 3712 3136
f 3712 3711 3137
f 3775 3767 3131
f 3767 3782 3132
f 1813 3839 3838
f 1293 3854 3856
f 2184 2321 3748
f 2181 2184 3732
f 3765 3768 3079
f 3768 3734 3080
f 709 3873 3875
f 2774 2961 3737
f 3786 3769 2134
f 3809 3808 766
f 2968 3784 3766
f 2969 3759 3784
f 2958 3747 3737
f 2132 3747 3766
f 2321 2185 3771
f 3860 3848 1449
f 3905 3874 582
f 3886 3889 577
f 3847 3826 1818
f 705 3902 3887
f 3816 3912 3907
f 2111 3883 3911
f 3810 3829 1366
f 1812 3839 3822
f 675 3851 3852
f 3496 3705 3851
f 2110 3867 3868
f 2104 3896 3901
f 2109 3868 3899
f 3842 3831 703
f 1680 3811 3846
f 1639 1627 3819
f 623 3904 3906
f 2139 2140 3866
f 1808 1640 3844
f 3820 3821 1819
f 3872 3914 3900
f 1646 3832 3830
f 3889 3890 633
f 2139 3865 3875
f 2156 2155 3871
f 674 3852 3913
f 2117 3817 3812
f 1815 3822 3847
f 3855 3849 1444
f 697 3906 3912
f 866 842 3836
f 3864 3869 2136
f 3585 3731 3726
f 3583 3740 3731
f 3753 3746 3738
f 3740 3583 3581
f 1088 3738 3746
f 3739 3740 3743
f 2791 3492 3493
f 3492 2808 2807
f 2792 3493 3494
f 3493 2807 2806
f 3508 2909 3494
f 3516 3494 2806
f 2948 3503 3791
f 2105 3908 3896
f 3538 3802 3804
f 680 3878 3876
f 1891 1890 3910
f 2905 3799 3801
f 2900 3797 3799
f 2901 3797 3807
f 2734 2878 3806
f 2877 3807 3806
f 2820 3800 3794
f 2818 3796 3792
f 2823 3793 3792
f 2822 3793 3798
f 2819 2735 3800
f 2817 3796 3795
f 2809 3805 3795
f 2808 3805 3803
f 2805 3804 3803
f 1702 3921 3923
f 3922 3920 1797
f 3915 3916 1706
f 3918 3927 1692
f 1657 3898 3880
f 1890 1877 3895
f 3772 3770 1674
f 1689 1690 3772
f 3926 3802 3538
f 3516 3539 1689
f 3917 3923 1703
f 1598 3917 3928
f 3880 3884 1876
f 1691 1690 3925
f 3925 3926 1688
f 3934 3933 3937
f 3934 3938 3939
f 3932 3936 3937
f 3938 3942 3943
f 3937 3936 3940
f 3937 3941 3942
f 3942 3946 3947
f 3941 3940 3944
f 3942 3941 3945
f 3947 3946 3950
f 3944 3948 3949
f 3945 3949 3950
f 3950 3954 3955
f 3949 3948 3952
f 3950 3949 3953
f 3955 3954 3958
f 3953 3952 3956
f 3953 3957 3958
f 3959 3958 3962
f 3957 3956 3960
f 3958 3957 3961
f 3962 3966 3967
f 3960 3964 3965
f 3961 3965 3966
f 3966 3970 3971
f 3965 3964 3968
f 3966 3965 3969
f 3970 3974 3975
f 3968 3972 3973
f 3969 3973 3974
f 3974 3978 3979
f 3973 3972 3976
f 3974 3973 3977
f 3979 3978 3982
f 3976 3980 3981
f 3977 3981 3982
f 3982 3986 3987
f 3981 3980 3984
f 3982 3981 3985
f 3987 3986 3990
f 3984 3988 3989
f 3985 3989 3990
f 3991 3990 3994
f 3989 3988 3992
f 3990 3989 3993
f 3995 3994 3998
f 3992 3996 3997
f 3993 3997 3998
f 3998 4002 4003
f 3997 3996 4000
f 3998 3997 4001
f 4002 4006 4007
f 4000 4004 4005
f 4001 4005 4006
f 4006 4010 4011
f 4005 4004 4008
f 4006 4005 4009
f 4011 4010 4014
f 4008 4012 4013
f 4009 4013 4014
f 4014 4018 4019
f 4013 4012 4016
f 4014 4013 4017
f 4019 4018 4022
f 4016 4020 4021
f 4017 4021 4022
f 4023 4022 4026
f 4021 4020 4024
f 4022 4021 4025
f 4027 4026 4030
f 4024 4028 4029
f 4025 4029 4030
f 4031 4030 4034
f 4029 4028 4032
f 4030 4029 4033
f 4034 4038 4039
f 4032 4036 4037
f 4033 4037 4038
f 4038 4042 4043
f 4037 4036 4040
f 4038 4037 4041
f 4043 4042 4046
f 4040 4044 4045
f 4041 4045 4046
f 4046 4050 4051
f 4045 4044 4048
f 4046 4045 4049
f 4051 4050 4055
f 4048 4053 4054
f 4049 4054 4055
f 4056 4055 4059
f 4053 4057 4058
f 4055 4054 4058
f 4060 4059 3934
f 4058 4057 3932
f 4058 3933 3934
f 4069 4068 4081
f 4066 4079 4080
f 4065 4064 4077
f 4063 4062 4075
f 4071 4084 4085
f 4069 4082 4083
f 4067 4080 4081
f 4066 4065 4078
f 4063 4076 4077
f 4061 4074 4075
f 4072 4085 4086
f 4071 4070 4083
f 4076 4089 4090
f 4074 4087 4088
f 4086 4085 4098
f 4083 4096 4097
f 4082 4081 4094
f 4079 4092 4093
f 4078 4077 4090
f 4076 4075 4088
f 4085 4084 4097
f 4082 4095 4096
f 4080 4093 4094
f 4079 4078 4091
f 4089 4102 4103
f 4088 4087 4100
f 4098 4111 4112
f 4096 4109 4110
f 4095 4094 4107
f 4092 4105 4106
f 4090 4103 4104
f 4089 4088 4101
f 4097 4110 4111
f 4095 4108 4109
f 4094 4093 4106
f 4092 4091 4104
f 4103 4102 4115
f 4100 4113 4114
f 4112 4111 4124
f 4110 4109 4122
f 4107 4120 4121
f 4105 4118 4119
f 4103 4116 4117
f 4101 4114 4115
f 4110 4123 4124
f 4109 4108 4121
f 4107 4106 4119
f 4105 4104 4117
f 4115 4128 4129
f 4114 4113 4126
f 4124 4137 4138
f 4123 4122 4135
f 4120 4133 4134
f 4119 4118 4131
f 4117 4116 4129
f 4114 4127 4128
f 4124 4123 4136
f 4122 4121 4134
f 4119 4132 4133
f 4117 4130 4131
f 4129 4128 4141
f 4126 4139 4140
f 4138 4137 4150
f 4136 4135 4148
f 4133 4146 4147
f 4131 4144 4145
f 4130 4129 4142
f 4127 4140 4141
f 4137 4136 4149
f 4135 4134 4147
f 4132 4145 4146
f 4131 4130 4143
f 4142 4141 4154
f 4140 4139 4152
f 4150 4163 4164
f 4149 4148 4161
f 4146 4159 4160
f 4144 4157 4158
f 4142 4155 4156
f 4140 4153 4154
f 4149 4162 4163
f 4148 4147 4160
f 4146 4145 4158
f 4144 4143 4156
f 4155 4154 4167
f 4153 4152 4165
f 4163 4176 4177
f 4161 4174 4175
f 4159 4172 4173
f 4158 4157 4170
f 4155 4168 4169
f 4153 4166 4167
f 4163 4162 4175
f 4161 4160 4173
f 4159 4158 4171
f 4156 4169 4170
f 4167 4180 4181
f 4165 4178 4179
f 4176 4189 4190
f 4175 4174 4187
f 4173 4172 4185
f 4170 4183 4184
f 4169 4168 4181
f 4167 4166 4179
f 4175 4188 4189
f 4173 4186 4187
f 4171 4184 4185
f 4170 4169 4182
f 4180 4193 4194
f 4178 4191 4192
f 4190 4189 4202
f 4187 4200 4201
f 4186 4185 4198
f 4183 4196 4197
f 4182 4181 4194
f 4180 4179 4192
f 4189 4188 4201
f 4186 4199 4200
f 4184 4197 4198
f 4183 4182 4195
f 4193 4206 4207
f 4192 4191 4204
f 4202 4215 4216
f 4200 4213 4214
f 4199 4198 4211
f 4196 4209 4210
f 4194 4207 4208
f 4193 4192 4205
f 4201 4214 4215
f 4199 4212 4213
f 4198 4197 4210
f 4196 4195 4208
f 4207 4206 4219
f 4204 4217 4218
f 4216 4215 4228
f 4213 4226 4227
f 4211 4224 4225
f 4209 4222 4223
f 4207 4220 4221
f 4205 4218 4219
f 4214 4227 4228
f 4213 4212 4225
f 4211 4210 4223
f 4209 4208 4221
f 4219 4232 4233
f 4218 4217 4230
f 4228 4241 4242
f 4226 4239 4240
f 4225 4224 4237
f 4223 4222 4235
f 4221 4220 4233
f 4218 4231 4232
f 4228 4227 4240
f 4226 4225 4238
f 4223 4236 4237
f 4221 4234 4235
f 4233 4232 4245
f 4230 4243 4244
f 4242 4241 4254
f 4240 4239 4252
f 4237 4250 4251
f 4235 4248 4249
f 4234 4233 4246
f 4231 4244 4245
f 4241 4240 4253
f 4239 4238 4251
f 4236 4249 4250
f 4235 4234 4247
f 4246 4245 4258
f 4244 4243 4256
f 4254 4267 4268
f 4253 4252 4265
f 4250 4263 4264
f 4248 4261 4262
f 4246 4259 4260
f 4244 4257 4258
f 4253 4266 4267
f 4252 4251 4264
f 4250 4249 4262
f 4248 4247 4260
f 4259 4258 4271
f 4257 4256 4269
f 4267 4280 4281
f 4265 4278 4279
f 4263 4276 4277
f 4262 4261 4274
f 4259 4272 4273
f 4257 4270 4271
f 4266 4279 4280
f 4265 4264 4277
f 4263 4262 4275
f 4260 4273 4274
f 4271 4284 4285
f 4269 4282 4283
f 4281 4280 4293
f 4279 4278 4291
f 4277 4276 4289
f 4274 4287 4288
f 4273 4272 4285
f 4271 4270 4283
f 4280 4279 4292
f 4277 4290 4291
f 4275 4288 4289
f 4274 4273 4286
f 4284 4297 4298
f 4282 4295 4296
f 4294 4293 4306
f 4291 4304 4305
f 4290 4289 4302
f 4287 4300 4301
f 4286 4285 4298
f 4284 4283 4296
f 4293 4292 4305
f 4290 4303 4304
f 4288 4301 4302
f 4287 4286 4299
f 4297 4310 4311
f 4296 4295 4308
f 4306 4319 4320
f 4304 4317 4318
f 4303 4302 4315
f 4300 4313 4314
f 4298 4311 4312
f 4297 4296 4309
f 4305 4318 4319
f 4304 4303 4316
f 4302 4301 4314
f 4300 4299 4312
f 4310 4323 4324
f 4308 4321 4322
f 4320 4319 4332
f 4318 4317 4330
f 4316 4315 4328
f 4313 4326 4327
f 4311 4324 4325
f 4310 4309 4322
f 4318 4331 4332
f 4316 4329 4330
f 4315 4314 4327
f 4312 4325 4326
f 4323 4336 4337
f 4322 4321 4334
f 4332 4345 4346
f 4330 4343 4344
f 4329 4328 4341
f 4327 4326 4339
f 4325 4324 4337
f 4322 4335 4336
f 4332 4331 4344
f 4330 4329 4342
f 4327 4340 4341
f 4325 4338 4339
f 4337 4336 4350
f 4334 4348 4349
f 4346 4345 4359
f 4344 4343 4357
f 4341 4355 4356
f 4340 4339 4353
f 4338 4337 4351
f 4335 4349 4350
f 4345 4344 4358
f 4343 4342 4356
f 4340 4354 4355
f 4338 4352 4353
f 4351 4350 4363
f 4349 4348 4361
f 4359 4372 4373
f 4358 4357 4370
f 4355 4368 4369
f 4354 4353 4366
f 4351 4364 4365
f 4349 4362 4363
f 4358 4371 4372
f 4357 4356 4369
f 4355 4354 4367
f 4352 4365 4366
f 4364 4363 4376
f 4362 4361 4374
f 4373 4372 4385
f 4370 4383 4384
f 4368 4381 4382
f 4367 4366 4379
f 4364 4377 4378
f 4362 4375 4376
f 4372 4371 4384
f 4370 4369 4382
f 4368 4367 4380
f 4365 4378 4379
f 4376 4389 4390
f 4374 4387 4388
f 4385 4398 4399
f 4384 4383 4396
f 4382 4381 4394
f 4379 4392 4393
f 4378 4377 4390
f 4376 4375 4388
f 4384 4397 4398
f 4382 4395 4396
f 4380 4393 4394
f 4379 4378 4391
f 4389 4402 4403
f 4387 4400 4401
f 4399 4398 4411
f 4396 4409 4410
f 4395 4394 4407
f 4393 4392 4405
f 4391 4390 4403
f 4389 4388 4401
f 4398 4397 4410
f 4395 4408 4409
f 4393 4406 4407
f 4391 4404 4405
f 4402 4415 4416
f 4401 4400 4413
f 4411 4424 4425
f 4409 4422 4423
f 4408 4407 4420
f 4406 4405 4418
f 4403 4416 4417
f 4402 4401 4414
f 4410 4423 4424
f 4408 4421 4422
f 4407 4406 4419
f 4404 4417 4418
f 4416 4415 4428
f 4413 4426 4427
f 4425 4424 4437
f 4423 4422 4435
f 4421 4420 4433
f 4418 4431 4432
f 4416 4429 4430
f 4415 4414 4427
f 4423 4436 4437
f 4421 4434 4435
f 4420 4419 4432
f 4418 4417 4430
f 4428 4441 4442
f 4426 4439 4440
f 4437 4450 4451
f 4435 4448 4449
f 4434 4433 4446
f 4432 4431 4444
f 4430 4429 4442
f 4427 4440 4441
f 4437 4436 4449
f 4435 4434 4447
f 4432 4445 4446
f 4430 4443 4444
f 4442 4441 4454
f 4439 4452 4453
f 4451 4450 4463
f 4449 4448 4461
f 4446 4459 4460
f 4444 4457 4458
f 4443 4442 4455
f 4440 4453 4454
f 4450 4449 4462
f 4447 4460 4461
f 4445 4458 4459
f 4444 4443 4456
f 4455 4454 4467
f 4453 4452 4465
f 4463 4476 4477
f 4462 4461 4474
f 4459 4472 4473
f 4457 4470 4471
f 4455 4468 4469
f 4453 4466 4467
f 4462 4475 4476
f 4461 4460 4473
f 4459 4458 4471
f 4457 4456 4469
f 4468 4467 4063
f 4466 4465 4061
f 4477 4476 4072
f 4474 4070 4071
f 4472 4068 4069
f 4471 4470 4066
f 4468 4064 4065
f 4466 4062 4063
f 4476 4475 4071
f 4474 4473 4069
f 4472 4471 4067
f 4469 4065 4066
f 3935 4061 4465
f 4465 4452 4056
f 4452 4439 4051
f 4439 4426 4047
f 4047 4426 4413
f 4043 4413 4400
f 4039 4400 4387
f 4387 4374 4031
f 4031 4374 4361
f 4361 4348 4023
f 4348 4334 4019
f 4334 4321 4015
f 4015 4321 4308
f 4011 4308 4295
f 4007 4295 4282
f 4282 4269 3999
f 3999 4269 4256
f 4256 4243 3991
f 4243 4230 3987
f 4230 4217 3983
f 3983 4217 4204
f 3979 4204 4191
f 3975 4191 4178
f 4178 4165 3967
f 3967 4165 4152
f 4152 4139 3959
f 4139 4126 3955
f 4126 4113 3951
f 3951 4113 4100
f 3947 4100 4087
f 3943 4087 4074
f 4074 4061 3935
f 4480 4479 4483
f 4480 4484 4485
f 4479 4478 4482
f 4484 4488 4489
f 4482 4486 4487
f 4483 4487 4488
f 4488 4492 4493
f 4487 4486 4490
f 4488 4487 4491
f 4493 4492 4496
f 4490 4494 4495
f 4491 4495 4496
f 4496 4500 4501
f 4495 4494 4498
f 4496 4495 4499
f 4501 4500 4504
f 4498 4502 4503
f 4499 4503 4504
f 4505 4504 4508
f 4503 4502 4506
f 4504 4503 4507
f 4509 4508 4512
f 4506 4510 4511
f 4507 4511 4512
f 4513 4512 4516
f 4511 4510 4514
f 4512 4511 4515
f 4516 4520 4521
f 4514 4518 4519
f 4515 4519 4520
f 4520 4524 4525
f 4518 4522 4523
f 4520 4519 4523
f 4525 4524 4528
f 4522 4526 4527
f 4523 4527 4528
f 4528 4532 4533
f 4527 4526 4530
f 4528 4527 4531
f 4533 4532 4536
f 4530 4534 4535
f 4531 4535 4536
f 4537 4536 4540
f 4534 4538 4539
f 4536 4535 4539
f 4541 4540 4544
f 4539 4538 4542
f 4539 4543 4544
f 4544 4548 4549
f 4542 4546 4547
f 4544 4543 4547
f 4548 4552 4553
f 4547 4546 4550
f 4547 4551 4552
f 4552 4556 4557
f 4551 4550 4554
f 4552 4551 4555
f 4557 4556 4560
f 4554 4558 4559
f 4555 4559 4560
f 4560 4564 4565
f 4559 4558 4562
f 4560 4559 4563
f 4565 4564 4568
f 4562 4566 4567
f 4563 4567 4568
f 4569 4568 4572
f 4567 4566 4570
f 4568 4567 4571
f 4572 4576 4577
f 4570 4574 4575
f 4571 4575 4576
f 4576 4580 4581
f 4575 4574 4578
f 4576 4575 4579
f 4580 4584 4585
f 4578 4582 4583
f 4579 4583 4584
f 4584 4588 4589
f 4583 4582 4586
f 4584 4583 4587
f 4589 4588 4592
f 4586 4590 4591
f 4587 4591 4592
f 4592 4596 4597
f 4591 4590 4594
f 4592 4591 4595
f 4597 4596 4601
f 4594 4599 4600
f 4595 4600 4601
f 4602 4601 4605
f 4600 4599 4603
f 4601 4600 4604
f 4606 4605 4480
f 4603 4478 4479
f 4604 4479 4480
f 4615 4614 4627
f 4612 4625 4626
f 4611 4610 4623
f 4609 4608 4621
f 4618 4617 4630
f 4615 4628 4629
f 4613 4626 4627
f 4612 4611 4624
f 4609 4622 4623
f 4607 4620 4621
f 4619 4618 4631
f 4617 4616 4629
f 4622 4635 4636
f 4620 4633 4634
f 4632 4631 4644
f 4629 4642 4643
f 4628 4627 4640
f 4626 4625 4638
f 4624 4623 4636
f 4622 4621 4634
f 4631 4630 4643
f 4628 4641 4642
f 4626 4639 4640
f 4624 4637 4638
f 4635 4648 4649
f 4634 4633 4646
f 4644 4657 4658
f 4642 4655 4656
f 4641 4640 4653
f 4639 4638 4651
f 4636 4649 4650
f 4635 4634 4647
f 4643 4656 4657
f 4642 4641 4654
f 4640 4639 4652
f 4637 4650 4651
f 4648 4661 4662
f 4646 4659 4660
f 4658 4657 4670
f 4656 4655 4668
f 4653 4666 4667
f 4651 4664 4665
f 4649 4662 4663
f 4648 4647 4660
f 4656 4669 4670
f 4654 4667 4668
f 4653 4652 4665
f 4651 4650 4663
f 4661 4674 4675
f 4660 4659 4672
f 4670 4683 4684
f 4668 4681 4682
f 4667 4666 4679
f 4665 4664 4677
f 4663 4662 4675
f 4661 4660 4673
f 4670 4669 4682
f 4667 4680 4681
f 4665 4678 4679
f 4663 4676 4677
f 4675 4674 4687
f 4672 4685 4686
f 4684 4683 4696
f 4682 4681 4694
f 4679 4692 4693
f 4678 4677 4690
f 4676 4675 4688
f 4673 4686 4687
f 4683 4682 4695
f 4681 4680 4693
f 4678 4691 4692
f 4676 4689 4690
f 4688 4687 4700
f 4686 4685 4698
f 4696 4709 4710
f 4695 4694 4707
f 4692 4705 4706
f 4691 4690 4703
f 4688 4701 4702
f 4686 4699 4700
f 4695 4708 4709
f 4694 4693 4706
f 4692 4691 4704
f 4689 4702 4703
f 4701 4700 4713
f 4699 4698 4711
f 4710 4709 4722
f 4707 4720 4721
f 4705 4718 4719
f 4704 4703 4716
f 4701 4714 4715
f 4699 4712 4713
f 4709 4708 4721
f 4707 4706 4719
f 4705 4704 4717
f 4702 4715 4716
f 4713 4726 4727
f 4711 4724 4725
f 4723 4722 4735
f 4721 4720 4733
f 4719 4718 4731
f 4716 4729 4730
f 4715 4714 4727
f 4713 4712 4725
f 4721 4734 4735
f 4719 4732 4733
f 4717 4730 4731
f 4716 4715 4728
f 4726 4739 4740
f 4724 4737 4738
f 4736 4735 4748
f 4733 4746 4747
f 4732 4731 4744
f 4730 4729 4742
f 4728 4727 4740
f 4726 4725 4738
f 4735 4734 4747
f 4732 4745 4746
f 4730 4743 4744
f 4728 4741 4742
f 4739 4752 4753
f 4738 4737 4750
f 4748 4761 4762
f 4746 4759 4760
f 4745 4744 4757
f 4743 4742 4755
f 4740 4753 4754
f 4739 4738 4751
f 4747 4760 4761
f 4745 4758 4759
f 4744 4743 4756
f 4741 4754 4755
f 4753 4752 4765
f 4750 4763 4764
f 4762 4761 4774
f 4759 4772 4773
f 4758 4757 4770
f 4755 4768 4769
f 4753 4766 4767
f 4752 4751 4764
f 4760 4773 4774
f 4758 4771 4772
f 4757 4756 4769
f 4755 4754 4767
f 4765 4778 4779
f 4764 4763 4776
f 4774 4787 4788
f 4772 4785 4786
f 4771 4770 4783
f 4769 4768 4781
f 4767 4766 4779
f 4765 4764 4777
f 4774 4773 4786
f 4771 4784 4785
f 4769 4782 4783
f 4767 4780 4781
f 4779 4778 4791
f 4776 4789 4790
f 4788 4787 4800
f 4786 4785 4798
f 4783 4796 4797
f 4782 4781 4794
f 4780 4779 4792
f 4777 4790 4791
f 4787 4786 4799
f 4785 4784 4797
f 4782 4795 4796
f 4780 4793 4794
f 4792 4791 4804
f 4790 4789 4802
f 4800 4813 4814
f 4799 4798 4811
f 4796 4809 4810
f 4795 4794 4807
f 4792 4805 4806
f 4790 4803 4804
f 4799 4812 4813
f 4798 4797 4810
f 4796 4795 4808
f 4793 4806 4807
f 4805 4804 4817
f 4803 4802 4815
f 4814 4813 4826
f 4811 4824 4825
f 4809 4822 4823
f 4808 4807 4820
f 4805 4818 4819
f 4803 4816 4817
f 4813 4812 4825
f 4811 4810 4823
f 4809 4808 4821
f 4806 4819 4820
f 4817 4830 4831
f 4815 4828 4829
f 4826 4839 4840
f 4825 4824 4837
f 4823 4822 4835
f 4820 4833 4834
f 4819 4818 4831
f 4817 4816 4829
f 4825 4838 4839
f 4823 4836 4837
f 4821 4834 4835
f 4820 4819 4832
f 4830 4843 4844
f 4828 4841 4842
f 4840 4839 4852
f 4837 4850 4851
f 4836 4835 4848
f 4834 4833 4846
f 4832 4831 4844
f 4830 4829 4842
f 4839 4838 4851
f 4836 4849 4850
f 4834 4847 4848
f 4832 4845 4846
f 4843 4856 4857
f 4842 4841 4854
f 4852 4865 4866
f 4850 4863 4864
f 4849 4848 4861
f 4847 4846 4859
f 4844 4857 4858
f 4843 4842 4855
f 4851 4864 4865
f 4849 4862 4863
f 4848 4847 4860
f 4845 4858 4859
f 4857 4856 4869
f 4855 4854 4867
f 4866 4865 4878
f 4864 4863 4876
f 4862 4861 4874
f 4859 4872 4873
f 4857 4870 4871
f 4856 4855 4868
f 4864 4877 4878
f 4862 4875 4876
f 4861 4860 4873
f 4859 4858 4871
f 4869 4882 4883
f 4868 4867 4880
f 4878 4891 4892
f 4877 4876 4889
f 4874 4887 4888
f 4873 4872 4885
f 4871 4870 4883
f 4868 4881 4882
f 4878 4877 4890
f 4876 4875 4888
f 4873 4886 4887
f 4871 4884 4885
f 4883 4882 4896
f 4880 4894 4895
f 4892 4891 4905
f 4890 4889 4903
f 4887 4901 4902
f 4885 4899 4900
f 4884 4883 4897
f 4881 4895 4896
f 4891 4890 4904
f 4889 4888 4902
f 4886 4900 4901
f 4885 4884 4898
f 4897 4896 4909
f 4895 4894 4907
f 4905 4918 4919
f 4904 4903 4916
f 4901 4914 4915
f 4899 4912 4913
f 4897 4910 4911
f 4895 4908 4909
f 4904 4917 4918
f 4903 4902 4915
f 4901 4900 4913
f 4899 4898 4911
f 4910 4909 4922
f 4908 4907 4920
f 4919 4918 4931
f 4916 4929 4930
f 4914 4927 4928
f 4913 4912 4925
f 4910 4923 4924
f 4908 4921 4922
f 4918 4917 4930
f 4916 4915 4928
f 4914 4913 4926
f 4911 4924 4925
f 4922 4935 4936
f 4920 4933 4934
f 4931 4944 4945
f 4930 4929 4942
f 4928 4927 4940
f 4925 4938 4939
f 4924 4923 4936
f 4922 4921 4934
f 4930 4943 4944
f 4928 4941 4942
f 4926 4939 4940
f 4925 4924 4937
f 4935 4948 4949
f 4933 4946 4947
f 4945 4944 4957
f 4942 4955 4956
f 4941 4940 4953
f 4938 4951 4952
f 4937 4936 4949
f 4935 4934 4947
f 4944 4943 4956
f 4941 4954 4955
f 4939 4952 4953
f 4938 4937 4950
f 4948 4961 4962
f 4947 4946 4959
f 4957 4970 4971
f 4955 4968 4969
f 4954 4953 4966
f 4951 4964 4965
f 4949 4962 4963
f 4948 4947 4960
f 4956 4969 4970
f 4954 4967 4968
f 4953 4952 4965
f 4951 4950 4963
f 4962 4961 4974
f 4959 4972 4973
f 4971 4970 4983
f 4968 4981 4982
f 4966 4979 4980
f 4964 4977 4978
f 4962 4975 4976
f 4960 4973 4974
f 4969 4982 4983
f 4967 4980 4981
f 4966 4965 4978
f 4964 4963 4976
f 4975 4974 4987
f 4973 4972 4985
f 4983 4996 4997
f 4981 4994 4995
f 4979 4992 4993
f 4978 4977 4990
f 4976 4975 4988
f 4973 4986 4987
f 4983 4982 4995
f 4981 4980 4993
f 4978 4991 4992
f 4976 4989 4990
f 4988 4987 5000
f 4985 4998 4999
f 4997 4996 5009
f 4995 4994 5007
f 4992 5005 5006
f 4991 4990 5003
f 4989 4988 5001
f 4986 4999 5000
f 4996 4995 5008
f 4994 4993 5006
f 4991 5004 5005
f 4989 5002 5003
f 5001 5000 5013
f 4999 4998 5011
f 5009 5022 5023
f 5008 5007 5020
f 5005 5018 5019
f 5004 5003 5016
f 5001 5014 5015
f 4999 5012 5013
f 5008 5021 5022
f 5007 5006 5019
f 5005 5004 5017
f 5002 5015 5016
f 5014 5013 4609
f 5012 5011 4607
f 5022 4618 4619
f 5020 4616 4617
f 5018 4614 4615
f 5017 5016 4612
f 5014 4610 4611
f 5012 4608 4609
f 5021 4617 4618
f 5020 5019 4615
f 5018 5017 4613
f 5015 4611 4612
f 4481 4607 5011
f 5011 4998 4602
f 4998 4985 4597
f 4985 4972 4593
f 4593 4972 4959
f 4589 4959 4946
f 4585 4946 4933
f 4933 4920 4577
f 4577 4920 4907
f 4907 4894 4569
f 4894 4880 4565
f 4880 4867 4561
f 4561 4867 4854
f 4557 4854 4841
f 4553 4841 4828
f 4828 4815 4545
f 4545 4815 4802
f 4802 4789 4537
f 4789 4776 4533
f 4776 4763 4529
f 4529 4763 4750
f 4525 4750 4737
f 4521 4737 4724
f 4724 4711 4513
f 4513 4711 4698
f 4698 4685 4505
f 4685 4672 4501
f 4672 4659 4497
f 4497 4659 4646
f 4493 4646 4633
f 4489 4633 4620
f 4620 4607 4481
