v 0.061967 -0.021593 -0.050535
v 0.065254 -0.023265 -0.049251
v 0.066066 -0.022025 -0.048871
v 0.062827 -0.020839 -0.050235
v 0.072516 -0.023985 -0.058656
v 0.074104 -0.020695 -0.054174
v 0.074092 -0.018216 -0.053303
v 0.073800 -0.018182 -0.056212
v 0.021602 -0.047999 -0.113384
v 0.006790 -0.046087 -0.117544
v 0.005765 -0.057113 -0.114954
v 0.020241 -0.061193 -0.109555
v 0.039279 -0.085404 -0.090763
v 0.033431 -0.077451 -0.096043
v 0.032230 -0.088567 -0.099806
v 0.041122 -0.092902 -0.090446
v 0.049702 0.039477 0.039141
v 0.056488 0.036704 0.033244
v 0.054335 0.031205 0.036809
v -0.062499 0.003405 -0.053169
v -0.066215 0.003130 -0.051859
v -0.066495 0.004708 -0.051555
v -0.062808 0.004578 -0.052956
v -0.072868 0.005633 -0.061840
v -0.073343 0.009268 -0.057287
v -0.072345 0.011500 -0.056391
v -0.071905 0.011452 -0.059373
v 0.047640 0.033249 0.041143
v 0.093047 -0.005392 -0.067167
v 0.092674 -0.007848 -0.068405
v 0.092948 -0.009754 -0.066682
v 0.093054 -0.007635 -0.065216
v 0.085982 -0.021562 -0.067088
v 0.087687 -0.014721 -0.067931
v 0.089369 -0.012549 -0.068391
v 0.089107 -0.014734 -0.067727
v 0.083632 -0.031526 -0.064480
v 0.082464 -0.030573 -0.064292
v 0.084732 -0.026508 -0.065849
v 0.086245 -0.027254 -0.066342
v 0.066701 -0.047891 -0.041018
v 0.069861 -0.045563 -0.043496
v 0.069385 -0.048720 -0.044955
v 0.064714 -0.049388 -0.043197
v 0.062033 -0.046914 -0.044382
v 0.066450 -0.047859 -0.048753
v 0.066671 -0.044306 -0.049943
v 0.062917 -0.044020 -0.046722
v 0.090366 0.004322 -0.054484
v 0.090088 0.000601 -0.053654
v 0.088754 -0.000283 -0.051584
v 0.088781 0.003406 -0.052125
v 0.069596 -0.022465 -0.064889
v 0.066665 -0.028424 -0.063491
v 0.073588 -0.025138 -0.065753
v 0.074669 -0.022575 -0.065793
v 0.088093 -0.005108 -0.060062
v 0.088225 -0.004474 -0.063074
v 0.088193 -0.006507 -0.064395
v 0.087425 -0.007635 -0.062171
v 0.090372 -0.003228 -0.068139
v 0.089949 -0.006012 -0.069503
v 0.066856 -0.038655 -0.040389
v 0.066733 -0.035093 -0.039579
v 0.067457 -0.033743 -0.040869
v 0.067405 -0.034831 -0.042500
v 0.072049 -0.023902 -0.055361
v 0.074364 -0.019727 -0.052744
v 0.078291 -0.041440 -0.059965
v 0.078337 -0.039374 -0.058960
v 0.081339 -0.035806 -0.061946
v 0.081249 -0.037282 -0.063432
v 0.075574 -0.036437 -0.057068
v 0.078441 -0.034089 -0.060223
v 0.079537 -0.033588 -0.061925
v 0.078247 -0.035577 -0.059970
v 0.089862 -0.002937 -0.061362
v 0.089130 -0.000457 -0.056516
v 0.090299 -0.001790 -0.055301
v 0.091433 -0.004173 -0.059422
v 0.079019 -0.011826 -0.064916
v 0.078596 -0.006767 -0.062826
v 0.077355 -0.007146 -0.062884
v 0.077577 -0.011498 -0.064800
v 0.089744 -0.005653 -0.065858
v 0.089715 -0.007860 -0.067144
v 0.088144 -0.008828 -0.065868
v 0.079568 -0.006118 -0.049088
v 0.081380 -0.005361 -0.051029
v 0.081173 -0.006914 -0.051952
v 0.080627 -0.008027 -0.051207
v 0.068878 -0.049548 -0.048465
v 0.063988 -0.036277 -0.057082
v 0.065682 -0.036358 -0.058762
v 0.069073 -0.033090 -0.061549
v 0.067652 -0.031526 -0.061936
v 0.062618 -0.044828 -0.038919
v 0.065848 -0.045267 -0.039217
v 0.066136 -0.046616 -0.040210
v 0.062837 -0.047214 -0.040512
v 0.082930 -0.002322 -0.051222
v 0.084762 -0.003485 -0.052952
v 0.082928 -0.003902 -0.052495
v 0.081801 -0.003168 -0.051126
v 0.086190 -0.016221 -0.066447
v 0.087115 -0.010080 -0.063973
v 0.083538 -0.024861 -0.061915
v 0.083712 -0.024542 -0.064657
v 0.082434 -0.028422 -0.063219
v -0.033022 -0.041663 -0.113476
v -0.018764 -0.042892 -0.117567
v -0.019649 -0.054205 -0.115008
v -0.032216 -0.056546 -0.109657
v 0.081761 -0.028433 -0.060801
v 0.085360 -0.017258 -0.061471
v 0.085517 -0.017166 -0.064693
v 0.090623 -0.010030 -0.065384
v 0.089531 -0.015621 -0.066547
v 0.090215 -0.009261 -0.066253
v 0.077278 -0.003446 -0.060533
v 0.078341 -0.000422 -0.064728
v 0.075727 -0.005997 -0.066686
v 0.076731 -0.005705 -0.062297
v 0.068873 -0.030231 -0.040997
v 0.070391 -0.028295 -0.042303
v 0.068355 -0.030013 -0.044181
v 0.066946 -0.032175 -0.043667
v 0.069465 -0.035451 -0.060403
v 0.066373 -0.037579 -0.058011
v 0.066864 -0.038434 -0.057362
v 0.069813 -0.037014 -0.058995
v 0.086879 -0.003257 -0.054777
v 0.086244 -0.007318 -0.056151
v 0.084791 -0.007034 -0.054895
v 0.071861 -0.034732 -0.049825
v 0.072375 -0.033559 -0.051873
v 0.073229 -0.036501 -0.053055
v 0.072676 -0.038462 -0.051139
v 0.073553 -0.046916 -0.054124
v 0.070821 -0.046517 -0.055011
v 0.068297 -0.048065 -0.051625
v 0.071095 -0.048854 -0.051267
v 0.067441 -0.033445 -0.043125
v 0.067846 -0.032384 -0.041048
v 0.081149 -0.012035 -0.066557
v 0.081293 -0.006127 -0.063818
v 0.086942 -0.008968 -0.060198
v 0.086674 -0.011156 -0.061860
v 0.073790 -0.018464 -0.045643
v 0.072251 -0.017721 -0.047382
v 0.072395 -0.018582 -0.047322
v 0.074208 -0.020017 -0.045456
v 0.073708 -0.018834 -0.044189
v 0.073889 -0.020472 -0.044081
v 0.073192 -0.020364 -0.043291
v 0.073013 -0.019488 -0.043113
v 0.071594 -0.017405 -0.047855
v 0.071938 -0.017739 -0.047603
v 0.072200 -0.017282 -0.047632
v 0.076258 -0.015879 -0.058466
v 0.074248 -0.022733 -0.060599
v 0.073470 -0.023938 -0.060625
v 0.076277 -0.018728 -0.058045
v 0.084455 -0.023644 -0.066138
v 0.085808 0.000554 -0.048157
v 0.085471 0.003487 -0.048122
v 0.088264 0.005605 -0.051955
v 0.067184 -0.030822 -0.054074
v 0.070536 -0.031338 -0.051742
v 0.070071 -0.031343 -0.050071
v 0.067650 -0.031087 -0.052300
v 0.070098 -0.026251 -0.046886
v 0.067189 -0.028762 -0.046840
v 0.070896 -0.028018 -0.044813
v 0.074960 -0.013333 -0.043871
v 0.073645 -0.016858 -0.046510
v 0.073501 -0.017667 -0.045277
v 0.073559 -0.017354 -0.043999
v 0.083628 -0.032280 -0.065892
v 0.085896 -0.027389 -0.067946
v 0.084246 -0.027118 -0.069426
v 0.082011 -0.032402 -0.067410
v 0.064740 -0.041256 -0.037931
v 0.059627 -0.042132 -0.041423
v 0.064032 -0.038406 -0.038125
v 0.092873 0.001077 -0.062317
v 0.091233 0.003267 -0.062644
v 0.091080 0.001346 -0.064812
v 0.093174 -0.000867 -0.064281
v 0.074995 -0.012304 -0.051381
v 0.074212 -0.014149 -0.051260
v 0.074926 -0.013193 -0.049884
v 0.075200 -0.010987 -0.049898
v 0.046182 -0.038292 -0.096189
v 0.053995 -0.039879 -0.077243
v 0.059710 -0.028045 -0.085515
v 0.052710 -0.026922 -0.101493
v 0.074694 -0.043851 -0.053311
v 0.073628 -0.045862 -0.050780
v 0.078243 -0.006356 -0.042656
v 0.077895 -0.004565 -0.041926
v 0.079710 0.000663 -0.043784
v 0.080090 -0.002623 -0.043674
v 0.089127 -0.013416 -0.071226
v 0.091395 -0.014662 -0.069997
v 0.082450 -0.002048 -0.049691
v 0.085026 0.000069 -0.052477
v 0.083303 -0.001714 -0.051447
v 0.081802 -0.002677 -0.049957
v 0.080521 -0.010006 -0.046876
v 0.081419 -0.008891 -0.046857
v 0.079815 -0.007632 -0.047040
v 0.078587 -0.008697 -0.047249
v 0.078269 0.000445 -0.041240
v 0.080398 0.005162 -0.044767
v 0.062123 -0.035573 -0.056701
v 0.080145 -0.007959 -0.044254
v 0.081360 -0.005570 -0.044634
v 0.082338 -0.007314 -0.046742
v -0.052088 -0.079402 -0.090929
v -0.047119 -0.070958 -0.096178
v -0.044058 -0.084397 -0.099905
v -0.053344 -0.087665 -0.090640
v 0.065956 -0.034037 -0.037682
v 0.067373 -0.032702 -0.039521
v 0.081363 -0.002927 -0.049733
v 0.080468 -0.003917 -0.049622
v 0.078446 -0.007477 -0.048074
v 0.079002 -0.008652 -0.050220
v 0.081342 -0.015739 -0.057490
v 0.080286 -0.023752 -0.059171
v 0.062532 -0.029428 -0.071354
v 0.057366 -0.040227 -0.057164
v 0.078791 -0.006961 -0.047318
v 0.079087 -0.006459 -0.047486
v 0.078383 -0.007121 -0.047274
v 0.077715 -0.007848 -0.047677
v 0.072129 -0.047492 -0.048350
v 0.082646 -0.009830 -0.055265
v 0.079575 -0.011179 -0.053284
v 0.081507 -0.009606 -0.053278
v 0.087515 -0.022982 -0.066338
v 0.090544 -0.016107 -0.066376
v 0.091912 -0.016189 -0.067775
v 0.088731 -0.023371 -0.067497
v 0.060512 -0.045203 -0.043015
v 0.073897 -0.014845 -0.052599
v 0.074632 -0.016349 -0.051933
v 0.077250 -0.009874 -0.050575
v 0.076907 -0.008601 -0.048058
v 0.068098 -0.030017 -0.039006
v 0.089571 -0.002071 -0.063047
v 0.089831 -0.003716 -0.064418
v 0.088444 -0.003004 -0.061833
v 0.088528 -0.001924 -0.060328
v 0.088501 0.000412 -0.058722
v 0.088022 0.001222 -0.058262
v 0.089369 -0.000496 -0.061360
v 0.079573 -0.009705 -0.051434
v 0.080956 -0.008987 -0.052201
v 0.071761 -0.035910 -0.048172
v 0.071715 -0.041363 -0.048182
v 0.080521 -0.031576 -0.061258
v 0.079533 -0.030783 -0.058860
v 0.082888 -0.021040 -0.070011
v 0.084618 -0.012552 -0.069794
v 0.082874 -0.012364 -0.067937
v 0.081673 -0.020556 -0.068743
v 0.075940 -0.017194 -0.065673
v 0.072616 -0.015547 -0.065626
v 0.072869 -0.018598 -0.042616
v 0.073051 -0.014838 -0.040676
v 0.075839 -0.010383 -0.049877
v 0.076361 -0.008748 -0.048456
v 0.073717 -0.033882 -0.062969
v 0.069000 -0.039688 -0.055464
v 0.073636 -0.036046 -0.061096
v 0.064888 -0.039275 -0.053506
v 0.064503 -0.040221 -0.051203
v 0.066965 -0.040910 -0.052732
v 0.075753 -0.034473 -0.056254
v 0.078034 -0.033626 -0.058674
v 0.072083 -0.017984 -0.048428
v 0.070719 -0.019411 -0.050119
v 0.070287 -0.017658 -0.048256
v 0.084128 -0.016876 -0.059330
v 0.082784 -0.024495 -0.060119
v 0.081496 -0.006651 -0.047496
v 0.076739 -0.015225 -0.047153
v 0.078149 -0.012099 -0.045231
v 0.084865 -0.004365 -0.047734
v 0.083414 -0.005503 -0.048078
v 0.082558 -0.006218 -0.047781
v 0.083471 -0.005895 -0.046949
v 0.063950 -0.025178 -0.050301
v 0.065713 -0.027295 -0.048464
v 0.067966 -0.024718 -0.047797
v 0.087501 0.000491 -0.055747
v 0.087738 -0.001358 -0.056756
v 0.083199 -0.005986 -0.065197
v 0.082013 -0.005245 -0.051889
v 0.081743 -0.006585 -0.053004
v 0.083058 0.006800 -0.059441
v 0.082929 0.004175 -0.055700
v 0.082780 0.004444 -0.054310
v 0.083536 0.009061 -0.054797
v 0.063571 -0.042400 -0.047919
v 0.066011 -0.043185 -0.050587
v 0.065936 -0.041804 -0.051090
v 0.064291 -0.040954 -0.049257
v 0.069521 -0.031346 -0.049402
v 0.067617 -0.031267 -0.051284
v 0.081501 -0.030289 -0.064056
v 0.080868 -0.031101 -0.063037
v 0.082879 -0.027490 -0.064948
v 0.083281 -0.026077 -0.065869
v 0.076032 -0.011790 -0.054643
v 0.075422 -0.012716 -0.053469
v 0.080458 -0.000277 -0.056959
v 0.083130 0.000984 -0.058118
v 0.083609 0.002965 -0.055038
v 0.081520 0.001883 -0.055172
v 0.085071 -0.005654 -0.067095
v 0.081420 -0.008031 -0.053070
v 0.081789 -0.007933 -0.053942
v 0.081358 -0.007609 -0.052464
v 0.077574 -0.009392 -0.047552
v 0.079454 -0.010969 -0.047607
v 0.084718 -0.004017 -0.049048
v 0.087861 -0.001449 -0.051614
v 0.087188 -0.000701 -0.052827
v 0.084411 -0.003025 -0.049219
v 0.080127 -0.005059 -0.048002
v 0.008831 -0.034546 -0.123849
v 0.011813 -0.025006 -0.131108
v -0.026335 0.054583 0.038303
v -0.033952 0.054670 0.032621
v -0.033954 0.048724 0.035995
v -0.026764 0.048113 0.040032
v 0.084162 0.003559 -0.047805
v 0.084507 0.004901 -0.051205
v 0.085703 0.005548 -0.051625
v 0.084874 0.004164 -0.048290
v 0.088310 -0.003031 -0.059917
v 0.090150 -0.006752 -0.065160
v 0.075310 -0.018487 -0.050836
v 0.072256 -0.020649 -0.051584
v 0.062897 -0.019235 -0.050722
v 0.063449 -0.018189 -0.050449
v 0.064024 -0.018656 -0.051488
v 0.063775 -0.019503 -0.051948
v 0.065820 -0.025188 -0.052820
v 0.067743 -0.026328 -0.052080
v 0.066540 -0.027569 -0.050580
v 0.064981 -0.026255 -0.052193
v 0.061893 -0.021719 -0.051236
v 0.062432 -0.020356 -0.050934
v 0.063079 -0.020962 -0.052426
v 0.062399 -0.022365 -0.053128
v 0.086969 0.001193 -0.054090
v 0.088403 0.000648 -0.056300
v 0.091756 -0.008450 -0.063956
v 0.091602 -0.010470 -0.065179
v 0.090411 -0.003018 -0.062328
v 0.090414 -0.004823 -0.063675
v 0.071098 -0.025725 -0.042011
v 0.072136 -0.025759 -0.043585
v 0.071514 -0.027248 -0.043648
v 0.093339 -0.006193 -0.063668
v 0.093191 -0.003223 -0.065646
v 0.067034 -0.041538 -0.039639
v 0.065775 -0.042905 -0.038513
v 0.037383 -0.103494 -0.024157
v 0.046993 -0.099124 -0.036642
v 0.047095 -0.108227 -0.036284
v 0.037825 -0.112754 -0.024385
v 0.084377 -0.001052 -0.046708
v 0.083383 0.002017 -0.046888
v 0.061469 -0.023560 -0.051608
v 0.061423 -0.023703 -0.051698
v 0.063640 -0.025927 -0.051459
v 0.066815 -0.020725 -0.048804
v 0.063377 -0.019608 -0.049988
v 0.066817 -0.023963 -0.052597
v 0.067417 -0.018878 -0.050916
v 0.067342 -0.017634 -0.049714
v 0.065590 -0.030078 -0.047930
v 0.066258 -0.031222 -0.049772
v 0.067722 -0.031977 -0.046752
v 0.062335 -0.024488 -0.053286
v 0.077142 -0.010499 -0.052794
v 0.069527 -0.024196 -0.052304
v 0.070038 -0.026459 -0.054391
v 0.068971 -0.027923 -0.053650
v 0.068538 -0.025693 -0.052391
v 0.073860 -0.037015 -0.054487
v 0.074091 -0.035251 -0.054558
v 0.067486 -0.030109 -0.056175
v 0.070499 -0.031206 -0.054549
v 0.075979 -0.015832 -0.050815
v 0.078033 -0.013311 -0.048518
v 0.072793 -0.018065 -0.048960
v 0.070029 -0.022160 -0.051361
v 0.071103 -0.024718 -0.053708
v 0.067152 -0.019663 -0.048917
v 0.070327 -0.019957 -0.047557
v 0.070297 -0.018901 -0.047825
v 0.067310 -0.018746 -0.049129
v 0.083390 -0.006767 -0.054239
v 0.081751 0.000303 -0.045164
v 0.083064 -0.003313 -0.045507
v 0.084261 0.011230 -0.071271
v 0.080163 0.003881 -0.076010
v 0.081542 0.004002 -0.063079
v 0.067909 -0.022579 -0.052308
v 0.063817 -0.017751 -0.050502
v 0.064224 -0.018396 -0.050196
v 0.080419 -0.034419 -0.061908
v 0.068009 -0.032830 -0.046384
v 0.076171 -0.011022 -0.048030
v 0.081139 -0.025835 -0.068994
v 0.079154 -0.030917 -0.067143
v 0.076149 -0.009586 -0.048238
v 0.076560 -0.008626 -0.048220
v 0.067069 -0.031350 -0.050724
v 0.068934 -0.031868 -0.048213
v 0.076951 -0.008433 -0.047966
v 0.072230 -0.026219 -0.045001
v 0.087288 -0.007637 -0.058910
v 0.069848 -0.043464 -0.055435
v 0.067748 -0.044499 -0.052509
v 0.064000 -0.018751 -0.049833
v 0.065412 -0.027147 -0.049894
v 0.067399 -0.020556 -0.051349
v 0.071969 -0.022407 -0.046741
v 0.071162 -0.024356 -0.046554
v 0.072840 -0.024133 -0.044746
v 0.071520 -0.030800 -0.056211
v 0.068573 -0.028191 -0.058115
v 0.069858 -0.027611 -0.060119
v 0.073579 -0.030116 -0.057470
v 0.076932 -0.035617 -0.064839
v 0.074369 -0.039646 -0.061650
v 0.076303 -0.041858 -0.061745
v 0.079508 -0.037748 -0.064948
v 0.088272 0.026868 -0.080301
v 0.086128 0.016551 -0.064465
v 0.090258 0.032934 -0.068886
v 0.086137 0.001870 -0.062677
v 0.085509 -0.000266 -0.064143
v 0.090796 -0.000777 -0.066551
v 0.082681 0.007178 -0.049509
v 0.082549 0.004506 -0.052830
v 0.084247 0.004094 -0.051029
v 0.086265 -0.022252 -0.070663
v 0.076766 -0.009807 -0.042631
v 0.078878 -0.010097 -0.044423
v 0.072899 -0.032384 -0.063886
v 0.074565 -0.032134 -0.055029
v 0.077078 -0.031900 -0.056715
v 0.091474 0.000413 -0.055975
v 0.089055 -0.001253 -0.053461
v 0.000993 -0.111815 0.005908
v 0.002409 -0.118851 0.001330
v 0.007087 -0.010618 0.058058
v 0.008068 -0.011062 0.056850
v 0.006902 -0.009239 0.055692
v 0.006555 -0.009125 0.056272
v 0.005996 -0.019076 0.057758
v 0.005499 -0.017646 0.057036
v 0.006654 -0.018020 0.056072
v 0.007536 -0.019021 0.056985
v 0.005801 -0.008782 0.055725
v 0.004361 -0.010371 0.058591
v 0.005434 -0.010432 0.059119
v 0.006093 -0.008964 0.056046
v 0.092327 0.003401 -0.056820
v 0.009887 -0.019093 0.057559
v 0.009061 -0.017186 0.056940
v 0.009420 -0.016805 0.058566
v 0.011399 -0.018348 0.059111
v 0.002892 -0.016367 0.065284
v 0.004330 -0.014576 0.065201
v 0.003163 -0.015502 0.063241
v 0.002784 -0.017315 0.062779
v 0.006409 -0.014659 0.064442
v 0.008278 -0.014978 0.066335
v 0.009987 -0.015428 0.064586
v 0.007792 -0.015462 0.062887
v 0.003629 -0.014207 0.058849
v 0.004284 -0.016268 0.059993
v 0.003071 -0.013244 0.061934
v 0.009487 -0.014747 0.057111
v 0.009054 -0.015611 0.056020
v 0.007935 -0.011990 0.055794
v 0.008224 -0.011703 0.055550
v 0.039500 -0.088281 -0.023364
v 0.047603 -0.086730 -0.037830
v 0.036487 -0.001591 0.037975
v 0.035191 -0.004289 0.039063
v 0.031334 -0.002261 0.039767
v 0.032717 -0.000046 0.038795
v 0.073568 -0.022244 -0.043850
v 0.072939 -0.021362 -0.042878
v 0.084994 -0.002769 -0.065565
v 0.089501 -0.001618 -0.061867
v 0.086766 0.003312 -0.060836
v 0.086575 0.004920 -0.056208
v 0.084898 0.003934 -0.055543
v 0.084660 0.002223 -0.059379
v 0.092764 -0.002440 -0.060542
v 0.068767 -0.034450 -0.046227
v 0.084095 -0.010915 -0.057146
v 0.086173 0.005464 -0.053774
v 0.089487 0.005992 -0.054196
v 0.085946 -0.022164 -0.066248
v 0.093065 -0.003861 -0.062274
v 0.091584 -0.005221 -0.061108
v 0.086240 -0.002661 -0.048531
v 0.072667 -0.025552 -0.061205
v 0.078280 -0.026798 -0.059036
v 0.075967 -0.029051 -0.058355
v -0.084486 0.030565 -0.070076
v -0.085178 0.028170 -0.071321
v -0.086020 0.026488 -0.069479
v -0.085322 0.028480 -0.068102
v -0.084229 0.012873 -0.069924
v -0.083171 0.019785 -0.070900
v -0.083750 0.022471 -0.071422
v -0.084605 0.020374 -0.070697
v 0.071526 -0.027296 -0.060985
v 0.074811 -0.013745 -0.053178
v 0.068036 -0.029349 -0.036925
v 0.073182 -0.041140 -0.051602
v -0.086286 0.002864 -0.066904
v -0.084921 0.003197 -0.066893
v -0.085242 0.007933 -0.068390
v -0.087012 0.007837 -0.068716
v 0.074200 -0.040167 -0.054003
v 0.025040 -0.036367 -0.118231
v 0.029763 -0.026867 -0.124702
v 0.088205 -0.023032 -0.069333
v 0.087539 0.001251 -0.055503
v 0.070550 -0.035262 -0.047352
v 0.069902 -0.040446 -0.045130
v 0.068543 -0.039427 -0.043538
v 0.081734 -0.007442 -0.053682
v 0.072382 -0.030836 -0.063792
v 0.072607 -0.028563 -0.065015
v 0.064322 -0.018085 -0.051197
v 0.073830 -0.037691 -0.061165
v 0.069620 -0.041485 -0.055350
v 0.050422 -0.083642 -0.052113
v 0.047904 -0.079820 -0.068163
v -0.077362 -0.020018 -0.042744
v -0.079222 -0.016767 -0.045330
v -0.079940 -0.019671 -0.046721
v -0.075919 -0.021916 -0.045082
v 0.049344 -0.090602 -0.065986
v 0.051090 -0.094970 -0.050852
v 0.071457 -0.016250 -0.037756
v 0.070616 -0.023107 -0.039925
v 0.069986 -0.024168 -0.038358
v 0.015395 -0.103936 -0.000059
v 0.013348 -0.115558 -0.004099
v 0.067566 -0.028591 -0.033413
v 0.066784 -0.029178 -0.021763
v 0.071385 -0.014012 -0.022134
v 0.069745 -0.019095 -0.032641
v 0.066399 0.018013 0.014522
v 0.068105 0.018066 0.010081
v 0.066913 0.008886 0.010152
v 0.065080 0.010503 0.014038
v 0.038866 0.081347 0.031170
v 0.029215 0.084465 0.033409
v 0.030437 0.091421 0.027342
v 0.040281 0.088093 0.024815
v 0.033082 -0.019079 -0.128736
v 0.036831 -0.009125 -0.133273
v 0.017015 -0.008334 -0.140339
v 0.014138 -0.017668 -0.135316
v 0.043832 0.105134 0.002358
v 0.033883 0.108730 0.005057
v 0.035040 0.113783 -0.004998
v -0.072742 -0.021137 -0.046122
v -0.076371 -0.021429 -0.050636
v -0.075339 -0.018309 -0.051890
v -0.072509 -0.018404 -0.048490
v 0.045113 0.109911 -0.007363
v 0.054374 -0.007413 0.028282
v 0.055244 -0.013442 0.028861
v 0.051479 -0.013244 0.032471
v 0.051085 -0.007204 0.031266
v 0.069237 -0.044201 -0.042343
v 0.068365 -0.042920 -0.041159
v -0.078225 0.038262 -0.056982
v -0.079328 0.034739 -0.056313
v -0.078345 0.033402 -0.054294
v -0.077020 0.036804 -0.054569
v -0.071674 0.005468 -0.067111
v -0.071440 -0.001323 -0.065555
v -0.076245 0.004541 -0.068047
v -0.076004 0.007430 -0.068317
v 0.036093 0.118127 -0.016783
v 0.046388 0.114051 -0.018740
v 0.015728 0.010001 0.044732
v -0.078711 0.028683 -0.063453
v -0.079033 0.029355 -0.066343
v -0.079997 0.027495 -0.067543
v -0.079529 0.026098 -0.065307
v -0.081239 0.031467 -0.071032
v -0.081967 0.028777 -0.072485
v -0.074504 -0.010958 -0.041982
v -0.072881 -0.007800 -0.041233
v -0.072881 -0.006182 -0.042706
v -0.073535 -0.007061 -0.044232
v -0.072427 0.005494 -0.058482
v -0.073087 0.010211 -0.055826
v -0.084884 -0.008041 -0.062134
v -0.084476 -0.006256 -0.061178
v -0.085813 -0.001845 -0.064247
v -0.086068 -0.003174 -0.065726
v 0.016458 0.011723 0.041915
v 0.019416 0.007536 0.040765
v 0.018641 0.005784 0.042952
v 0.021690 0.058005 0.045442
v 0.024102 0.065204 0.042699
v 0.032844 0.063205 0.041343
v 0.029996 0.056225 0.044599
v 0.023499 0.004188 0.039857
v 0.022264 0.002496 0.041383
v 0.031653 0.097715 0.020647
v 0.041609 0.094343 0.017883
v 0.047139 0.120572 -0.068988
v -0.081046 -0.004770 -0.059447
v -0.082732 -0.001521 -0.062705
v -0.083481 -0.000626 -0.064453
v -0.083136 -0.002988 -0.062455
v 0.047617 0.120625 -0.060521
v 0.037189 0.125424 -0.060908
v -0.080024 0.031472 -0.064500
v -0.078375 0.033446 -0.059654
v -0.080076 0.032657 -0.058293
v -0.082004 0.030960 -0.062472
v 0.038040 0.124454 -0.073486
v 0.068229 -0.012043 -0.093089
v 0.070782 -0.015000 -0.077108
v 0.076171 -0.003894 -0.078590
v 0.075681 0.002544 -0.095655
v 0.025888 -0.098361 -0.010079
v 0.025057 -0.109956 -0.013374
v -0.075159 0.019058 -0.067456
v -0.072595 0.023522 -0.065173
v -0.072066 0.022729 -0.065101
v -0.074135 0.018875 -0.067323
v -0.081221 0.028937 -0.068980
v -0.082142 0.026909 -0.070223
v -0.080947 0.025358 -0.068943
v -0.072151 0.024424 -0.052321
v -0.073721 0.025733 -0.054309
v -0.073871 0.024296 -0.055240
v -0.073953 0.023059 -0.054480
v -0.079513 -0.020600 -0.050373
v -0.071713 -0.010415 -0.059029
v -0.073117 -0.009573 -0.060807
v -0.074951 -0.004725 -0.063719
v -0.073349 -0.003912 -0.064023
v 0.064271 0.040911 0.021862
v 0.067218 0.045338 0.017406
v 0.068936 0.037828 0.013900
v 0.066061 0.034438 0.018635
v 0.017722 0.046206 0.048624
v 0.025074 0.044687 0.048408
v 0.022014 0.038995 0.048567
v 0.015822 0.040177 0.049000
v -0.072643 -0.019269 -0.040428
v -0.075742 -0.018313 -0.040772
v -0.076442 -0.019241 -0.041902
v -0.073601 -0.020920 -0.042297
v 0.063643 0.003239 0.014658
v 0.065530 0.000042 0.011827
v 0.063053 -0.007666 0.017048
v 0.060929 -0.003456 0.018988
v 0.057037 -0.006906 0.025126
v -0.073720 0.029149 -0.054577
v -0.075521 0.028873 -0.056421
v -0.074145 0.027775 -0.055887
v -0.073108 0.027945 -0.054445
v 0.058349 -0.012769 0.025121
v -0.082394 0.017818 -0.069293
v -0.080391 0.023790 -0.066986
v 0.036137 0.072239 0.037496
v 0.026766 0.074865 0.039039
v 0.068995 0.028212 0.011123
v 0.066722 0.026452 0.016034
v 0.013852 0.013908 0.047031
v 0.014785 0.015204 0.043528
v 0.013689 0.019900 0.045709
v -0.083579 0.008962 -0.064441
v -0.083389 0.009267 -0.067297
v -0.083889 0.005266 -0.065759
v -0.083445 0.005073 -0.063193
v 0.010196 0.020536 0.051621
v 0.011331 0.024333 0.049891
v 0.014100 0.023495 0.046421
v 0.047098 0.052432 0.037417
v 0.049970 0.058827 0.033759
v 0.057022 0.056121 0.028260
v 0.054229 0.050092 0.032092
v 0.042727 0.099891 0.010576
v -0.082091 0.016563 -0.064148
v -0.082124 0.016677 -0.067439
v 0.032749 0.103346 0.013365
v 0.013565 0.033108 0.048858
v 0.017774 0.032414 0.046981
v 0.016108 0.029080 0.046250
v -0.083964 0.025337 -0.068364
v -0.085402 0.019779 -0.069394
v -0.083243 0.025866 -0.069277
v -0.070336 0.025987 -0.062271
v -0.070120 0.029161 -0.066075
v -0.070597 0.023237 -0.068267
v -0.071025 0.023811 -0.064101
v 0.012895 0.029913 0.048848
v 0.026653 -0.000111 0.040491
v 0.027907 0.001850 0.039423
v 0.060438 -0.040755 -0.047814
v 0.061583 -0.043049 -0.046441
v 0.076846 0.001010 -0.035174
v 0.072867 -0.009004 -0.033370
v 0.074866 -0.001372 -0.023115
v 0.078178 0.011416 -0.025561
v 0.082993 0.023008 -0.029295
v 0.085221 0.030874 -0.034708
v 0.083223 0.014589 -0.041679
v 0.080761 0.009459 -0.037671
v 0.045319 -0.087336 -0.079485
v 0.042272 -0.077496 -0.082846
v 0.009915 0.017447 0.054379
v 0.009430 0.014512 0.057016
v 0.027788 0.032202 -0.151275
v -0.072293 -0.002001 -0.043249
v -0.072928 0.000373 -0.044729
v -0.071759 -0.001932 -0.046505
v -0.071672 -0.004853 -0.045800
v 0.024454 0.019053 -0.149480
v 0.045239 0.018926 -0.141002
v 0.048235 0.031457 -0.142341
v 0.063060 -0.021852 -0.089282
v -0.076017 -0.006657 -0.062515
v -0.073961 -0.010508 -0.060036
v -0.074566 -0.011049 -0.059390
v -0.076713 -0.008408 -0.061127
v 0.066432 -0.022500 -0.074515
v 0.008739 -0.013784 0.058855
v 0.006728 -0.008988 0.054983
v 0.006873 -0.012069 0.056215
v 0.006829 -0.008939 0.055053
v 0.008909 -0.016168 0.060890
v 0.011497 -0.016538 0.062115
v 0.006329 -0.016303 0.055503
v 0.005423 -0.015994 0.055932
v 0.006312 -0.011739 0.056415
v 0.007016 -0.008993 0.055066
v 0.000080 -0.017202 0.067510
v 0.001041 -0.015798 0.070450
v 0.004924 -0.015257 0.069290
v 0.003037 -0.016542 0.067256
v 0.006041 -0.008728 0.055801
v 0.004595 -0.011076 0.057442
v 0.004021 -0.012590 0.063166
v 0.006223 -0.010463 0.058898
v 0.006311 -0.009007 0.056190
v 0.005955 -0.012722 0.062275
v 0.003858 -0.018202 0.060370
v 0.007394 -0.013128 0.060757
v -0.076824 0.029916 -0.058353
v -0.078200 0.025926 -0.059511
v -0.076906 0.025634 -0.058276
v -0.077342 -0.004624 -0.051992
v -0.077466 -0.003315 -0.054054
v -0.079050 -0.005771 -0.055293
v -0.079189 -0.007766 -0.053333
v 0.073026 -0.032735 -0.053619
v 0.048488 -0.070376 -0.032891
v 0.052544 -0.057149 -0.040662
v 0.052203 -0.057790 -0.046327
v -0.082516 -0.015411 -0.056153
v -0.080200 -0.016441 -0.057179
v -0.078700 -0.018781 -0.053654
v -0.081225 -0.018098 -0.053268
v -0.072966 -0.005748 -0.045051
v -0.072475 -0.004807 -0.043063
v -0.076799 0.019694 -0.069322
v -0.074818 0.025176 -0.066440
v 0.049745 -0.071814 -0.042070
v 0.083066 -0.008214 -0.054871
v 0.078598 0.043684 -0.004385
v 0.081739 0.054289 -0.014300
v 0.084729 0.042429 -0.025994
v -0.079484 0.024652 -0.063314
v -0.080337 0.022593 -0.064789
v 0.082775 0.032475 -0.020698
v 0.084233 0.063863 -0.022496
v 0.087314 0.052724 -0.033377
v 0.088027 0.040534 -0.042922
v 0.086053 0.019932 -0.056146
v 0.046898 0.008599 0.032947
v 0.047012 0.008446 0.033033
v 0.045392 0.008489 0.034358
v -0.072218 0.010940 -0.048470
v -0.070501 0.011044 -0.050275
v -0.070974 0.010308 -0.050162
v -0.073223 0.009663 -0.048207
v 0.045449 0.008579 0.034244
v 0.046553 0.008860 0.032397
v 0.044919 0.008786 0.033451
v -0.072330 0.010507 -0.046935
v -0.073153 0.009080 -0.046785
v -0.072494 0.008889 -0.045954
v -0.071987 0.009616 -0.045786
v 0.047566 0.008968 0.031456
v 0.047965 0.008636 0.031893
v 0.048140 0.008415 0.031949
v 0.029780 0.013119 0.036333
v 0.030526 0.013330 0.035870
v 0.032914 0.011771 0.036074
v 0.032273 0.011879 0.037033
v 0.029508 0.012938 0.036644
v 0.032128 0.011678 0.037375
v -0.069757 0.011140 -0.050809
v -0.070211 0.010932 -0.050517
v -0.070272 0.011468 -0.050580
v -0.072892 0.014596 -0.062251
v -0.074378 0.007395 -0.063927
v -0.073875 0.005984 -0.063829
v -0.073993 0.011826 -0.061504
v 0.034042 0.014449 0.030101
v 0.033627 0.014829 0.029990
v -0.083641 0.010369 -0.068876
v 0.034739 0.013934 0.030241
v 0.028332 0.015251 0.034209
v 0.028577 0.016508 0.034180
v -0.075636 0.032967 -0.050574
v -0.074299 0.035482 -0.050292
v -0.076023 0.038538 -0.054199
v 0.033557 0.015765 0.029975
v 0.033417 0.015081 0.029915
v 0.028512 0.014871 0.034432
v -0.071310 -0.003061 -0.056571
v -0.074846 -0.002063 -0.054035
v -0.074189 -0.002244 -0.052310
v -0.071958 -0.003044 -0.054680
v -0.071902 0.002218 -0.049402
v -0.070217 -0.001219 -0.049248
v -0.073334 0.000878 -0.047269
v -0.071107 0.016090 -0.046726
v -0.071274 0.012432 -0.049421
v -0.071658 0.011527 -0.048099
v -0.071619 0.011796 -0.046760
v -0.086447 0.002223 -0.068316
v -0.086657 0.007578 -0.070430
v -0.085176 0.007089 -0.072172
v -0.085161 0.001339 -0.070034
v 0.026872 0.014874 0.034345
v 0.025970 0.015280 0.033907
v -0.073291 -0.015348 -0.039377
v -0.068980 -0.018289 -0.042789
v -0.071968 -0.012059 -0.039479
v -0.081839 0.036322 -0.064986
v -0.079528 0.037626 -0.065204
v -0.080146 0.035844 -0.067476
v -0.082870 0.034704 -0.067055
v -0.070752 0.017116 -0.054566
v -0.070705 0.015166 -0.054432
v -0.070938 0.016240 -0.053036
v -0.070458 0.018330 -0.053042
v 0.026309 0.016966 0.034101
v 0.037172 0.009576 0.037333
v 0.037178 0.008814 0.037371
v 0.032478 0.010126 0.037583
v 0.032278 0.011074 0.037520
v 0.037116 0.010028 0.037239
v 0.040488 0.009385 0.036293
v 0.040489 0.008968 0.036345
v 0.040344 0.008218 0.036359
v -0.055297 -0.023687 -0.096689
v -0.063140 -0.022353 -0.077993
v -0.065111 -0.006935 -0.086481
v -0.058250 -0.008297 -0.102187
v -0.082757 -0.012283 -0.055420
v -0.082537 -0.014472 -0.052822
v -0.071481 0.023656 -0.045287
v -0.070493 0.025096 -0.043995
v -0.070057 0.030605 -0.045563
v -0.071554 0.027853 -0.045839
v 0.029319 0.011742 0.037329
v 0.029440 0.012623 0.037010
v 0.040167 0.007583 0.036377
v 0.037213 0.008131 0.037288
v -0.084129 0.021678 -0.074292
v -0.086566 0.021420 -0.072839
v 0.032525 0.009429 0.037552
v 0.029229 0.011297 0.037431
v 0.026723 0.013138 0.036774
v 0.027918 0.013103 0.036807
v 0.036974 0.007387 0.037156
v 0.036819 0.006578 0.037006
v 0.032014 0.007926 0.037494
v 0.032312 0.008696 0.037478
v -0.073149 0.029177 -0.053041
v -0.074177 0.032214 -0.055936
v -0.073462 0.029900 -0.054890
v -0.072827 0.028371 -0.053285
v -0.074703 0.021263 -0.050018
v -0.075004 0.022612 -0.050020
v -0.073035 0.023109 -0.050227
v -0.072413 0.021661 -0.050420
v 0.039983 0.006832 0.036127
v 0.039786 0.005998 0.035982
v -0.068898 0.029656 -0.042876
v -0.068897 0.034749 -0.046171
v 0.049280 0.008194 0.030243
v 0.049917 0.008550 0.029310
v 0.049757 0.008018 0.029403
v -0.069659 -0.011665 -0.058373
v 0.049325 0.007699 0.029883
v 0.051490 0.005184 0.026485
v 0.052777 0.006349 0.025715
v 0.054173 0.005561 0.024195
v -0.073529 0.022968 -0.047342
v -0.073739 0.025617 -0.047487
v -0.075147 0.024423 -0.049838
v -0.071667 -0.007300 -0.039294
v -0.072172 -0.005408 -0.041396
v -0.072598 0.027976 -0.053053
v -0.072248 0.026738 -0.052896
v -0.071748 0.022719 -0.051271
v -0.072825 0.021833 -0.053429
v 0.052748 0.004244 0.025416
v -0.077833 0.016488 -0.060497
v -0.080124 0.008794 -0.061903
v 0.059218 -0.005716 0.021814
v 0.054509 0.001000 0.024864
v 0.056162 0.002206 0.022768
v 0.048739 0.008134 0.031017
v 0.048050 0.008028 0.031935
v 0.048759 0.008434 0.031051
v 0.049296 0.008624 0.030115
v 0.048736 0.007441 0.030711
v 0.047996 0.007356 0.031733
v 0.046997 0.008104 0.033015
v 0.046922 0.007380 0.032880
v 0.045249 0.007448 0.034242
v 0.045309 0.008180 0.034312
v 0.043281 0.008472 0.035359
v -0.068022 -0.004776 -0.072750
v -0.066391 -0.019606 -0.058135
v 0.043602 0.008806 0.035291
v 0.043129 0.007686 0.035311
v 0.045208 0.006777 0.034028
v 0.043087 0.007041 0.035246
v 0.046786 0.006698 0.032536
v 0.047962 0.006778 0.031303
v 0.048786 0.006976 0.030189
v 0.049542 0.007213 0.029368
v 0.050149 0.007741 0.028788
v 0.049002 0.006413 0.029538
v 0.049500 0.005607 0.028674
v 0.048158 0.005382 0.030062
v 0.048027 0.006189 0.030771
v 0.049988 0.006718 0.028606
v 0.050677 0.005984 0.027567
v -0.071810 0.023293 -0.050528
v -0.071851 0.023875 -0.050714
v -0.071569 0.023007 -0.050439
v -0.071271 0.022058 -0.050866
v 0.046874 0.006077 0.032068
v 0.046779 0.005360 0.031563
v 0.044863 0.005343 0.033221
v 0.045096 0.006093 0.033684
v -0.081943 -0.016511 -0.050288
v -0.076242 0.022318 -0.058380
v -0.074450 0.019824 -0.056381
v -0.075427 0.021978 -0.056419
v 0.042978 0.006366 0.034948
v 0.042813 0.005495 0.034580
v -0.086208 0.012271 -0.068882
v -0.086562 0.019765 -0.069013
v -0.087781 0.020203 -0.070387
v -0.087428 0.012403 -0.069988
v 0.036997 0.010062 0.037124
v 0.036680 0.010335 0.036041
v 0.040079 0.009486 0.035414
v 0.040377 0.009441 0.036185
v 0.043595 0.008811 0.035223
v -0.070839 -0.020336 -0.044624
v -0.070632 0.014446 -0.055772
v -0.072022 0.013365 -0.055083
v 0.042972 0.009032 0.034545
v 0.039850 0.009498 0.034351
v 0.038694 0.012215 0.030008
v 0.040009 0.011965 0.029620
v 0.042615 0.008958 0.033583
v -0.071860 0.019957 -0.053723
v -0.070902 0.021064 -0.051187
v 0.036802 0.010397 0.034899
v 0.037200 0.012650 0.030310
v 0.033683 0.011849 0.034957
v -0.071727 -0.002229 -0.041096
v 0.035781 0.013313 0.030328
v 0.031176 0.013192 0.035212
v 0.041260 0.022530 0.037287
v 0.041148 0.022761 0.037737
v 0.046261 0.021051 0.036657
v 0.045818 0.020779 0.036327
v 0.050091 -0.008509 -0.122703
v 0.054600 0.005399 -0.128173
v 0.041397 0.003570 -0.137977
v 0.047813 0.017934 0.035420
v 0.047989 0.018898 0.035224
v 0.050127 0.017187 0.033423
v 0.049788 0.016291 0.033472
v 0.047614 0.016859 0.035683
v -0.079391 0.032120 -0.066288
v -0.080413 0.030726 -0.067597
v -0.078580 0.030780 -0.065142
v -0.078220 0.031801 -0.063650
v -0.077293 0.033949 -0.061953
v -0.076607 0.034537 -0.061533
v -0.078501 0.033473 -0.064654
v -0.073803 0.021105 -0.054608
v -0.074635 0.022301 -0.055411
v 0.049363 0.015148 0.033654
v 0.045154 0.018632 0.037686
v -0.077753 -0.005739 -0.050268
v -0.079332 -0.011101 -0.050271
v -0.083576 0.001634 -0.063694
v -0.082720 0.002043 -0.061124
v -0.081529 0.012108 -0.072798
v -0.080018 0.020609 -0.072631
v -0.078476 0.020070 -0.070727
v -0.080377 0.012052 -0.071487
v 0.045413 0.019797 0.037355
v 0.045534 0.020604 0.036848
v 0.048055 0.013849 0.029650
v 0.047500 0.014902 0.030346
v -0.074916 0.012977 -0.068286
v -0.071646 0.013255 -0.067986
v -0.071566 0.010342 -0.045219
v -0.070248 0.013832 -0.043099
v -0.070811 0.019057 -0.053008
v -0.070609 0.020716 -0.051573
v -0.079106 -0.003514 -0.065238
v -0.076765 -0.011302 -0.057639
v -0.079645 -0.005530 -0.063451
v -0.073062 -0.012610 -0.055454
v -0.072960 -0.013561 -0.053110
v -0.075305 -0.013180 -0.054797
v 0.048055 0.014540 0.031744
v 0.048897 0.013598 0.030479
v 0.048662 0.013049 0.029039
v 0.049447 0.012776 0.029579
v 0.043216 0.014012 0.027388
v 0.042925 0.014404 0.027682
v 0.042511 0.014914 0.028101
v -0.080657 -0.002940 -0.058481
v -0.082244 -0.001203 -0.061016
v 0.043357 0.013655 0.027205
v -0.070443 0.010817 -0.051422
v -0.069499 0.009075 -0.053196
v -0.068645 0.010404 -0.051206
v -0.080688 0.016451 -0.062070
v -0.082709 0.009029 -0.062681
v -0.074117 0.024686 -0.050676
v 0.043367 0.013292 0.027116
v -0.073435 0.015137 -0.050239
v -0.073423 0.018493 -0.048347
v -0.076484 0.028076 -0.050643
v -0.075517 0.026445 -0.051178
v -0.074855 0.025508 -0.050916
v -0.075576 0.026180 -0.049957
v -0.065757 0.000900 -0.052844
v -0.068237 -0.000377 -0.050996
v -0.069302 0.002848 -0.050400
v 0.043249 0.012939 0.027124
v 0.043130 0.012633 0.027287
v 0.058728 -0.021246 0.022790
v 0.060806 -0.011036 0.021184
v -0.076229 0.033630 -0.059125
v -0.077078 0.032006 -0.060154
v -0.076010 0.026069 -0.068017
v 0.061487 -0.019187 0.018283
v 0.048566 0.008760 0.030931
v -0.074196 0.026123 -0.055196
v -0.074201 0.024855 -0.056306
v 0.049164 0.009017 0.030020
v -0.070681 0.037215 -0.060168
v -0.071584 0.034793 -0.056796
v -0.071262 0.035024 -0.055615
v -0.070090 0.039445 -0.055691
v 0.048169 0.009117 0.030615
v -0.072571 -0.016799 -0.049736
v -0.075159 -0.015527 -0.052564
v -0.074684 -0.014369 -0.053076
v -0.072773 -0.015263 -0.051115
v -0.073654 -0.002508 -0.051644
v -0.072046 -0.003221 -0.053597
v 0.048754 0.009419 0.029831
v -0.084008 0.003098 -0.066653
v -0.083733 0.002128 -0.065567
v -0.083925 0.006265 -0.067563
v -0.083841 0.007693 -0.068525
v 0.049846 0.009476 0.029118
v 0.050124 0.009143 0.029027
v 0.045986 0.009023 0.031746
v 0.041839 0.011912 0.028727
v 0.042332 0.011989 0.028305
v -0.071341 0.017919 -0.057978
v -0.071146 0.016939 -0.056796
v -0.071340 0.030011 -0.058866
v -0.072981 0.032260 -0.060188
v -0.072525 0.034255 -0.056971
v -0.071333 0.032349 -0.056921
v -0.077495 0.027136 -0.069963
v 0.046848 0.009359 0.030846
v 0.044453 0.008942 0.032621
v 0.041029 0.011891 0.029179
v 0.042700 0.012151 0.027973
v 0.042940 0.012345 0.027579
v -0.074635 0.023403 -0.056263
v -0.074917 0.023650 -0.057103
v 0.047308 0.009636 0.030170
v -0.074356 0.023749 -0.055711
v 0.047871 0.009993 0.029407
v 0.049273 0.010011 0.029226
v -0.071850 0.020650 -0.050709
v -0.074177 0.020001 -0.050749
v -0.075992 0.028366 -0.052167
v -0.077609 0.032067 -0.054684
v -0.076661 0.032412 -0.056053
v -0.075324 0.029071 -0.052433
v 0.048538 0.011060 0.028461
v 0.048774 0.011672 0.028473
v 0.049475 0.010570 0.028959
v -0.072269 0.025586 -0.051245
v 0.049706 0.011258 0.028866
v 0.048300 0.010536 0.028769
v -0.019182 -0.030210 -0.123910
v -0.019554 -0.019392 -0.131201
v 0.048810 0.012345 0.028641
v 0.049682 0.011903 0.029114
v 0.050244 0.008627 0.028881
v 0.050514 0.009546 0.028662
v 0.051184 0.010592 0.028017
v 0.050710 0.008605 0.028331
v -0.073088 0.034984 -0.049764
v -0.072800 0.036341 -0.053155
v -0.073641 0.037435 -0.053735
v -0.073457 0.035832 -0.050344
v -0.078181 0.030693 -0.063306
v 0.051387 0.008576 0.027547
v 0.050696 0.007373 0.027903
v 0.052346 0.011253 0.027507
v 0.053752 0.011505 0.026678
v -0.082097 0.028127 -0.068218
v -0.073458 0.011654 -0.053931
v -0.071403 0.008521 -0.054672
v 0.052565 0.008441 0.026461
v 0.051564 0.007017 0.026855
v 0.050327 0.010135 0.028721
v -0.062236 0.006092 -0.053513
v -0.062337 0.007272 -0.053324
v -0.063040 0.007083 -0.054348
v -0.063132 0.006215 -0.054720
v 0.050540 0.010773 0.028426
v 0.052051 0.012487 0.028802
v -0.067381 0.001747 -0.055391
v -0.069711 0.001338 -0.054679
v -0.069103 -0.000269 -0.053099
v -0.067115 0.000357 -0.054678
v 0.053016 0.013334 0.028522
v 0.051208 0.011889 0.029072
v 0.050892 0.012841 0.030312
v 0.051576 0.013614 0.030197
v -0.062275 0.003448 -0.053833
v -0.062238 0.004895 -0.053642
v -0.063062 0.004600 -0.055093
v -0.063043 0.003031 -0.055565
v 0.052329 0.014363 0.029943
v 0.050912 0.014750 0.031732
v -0.075523 0.034064 -0.057464
v -0.077088 0.034187 -0.059576
v 0.051495 0.015631 0.031626
v 0.050326 0.013851 0.031802
v 0.050540 0.011653 0.029113
v -0.084340 0.027231 -0.066917
v -0.085059 0.025329 -0.068018
v -0.080629 0.031631 -0.065475
v -0.081470 0.029989 -0.066775
v 0.050218 0.012506 0.030089
v 0.049651 0.013501 0.031362
v 0.048761 0.014326 0.033271
v -0.072654 0.002944 -0.044511
v -0.073601 0.003367 -0.046140
v -0.073590 0.001757 -0.046157
v -0.084944 0.029912 -0.066621
v -0.083751 0.032587 -0.068515
v -0.075404 -0.014579 -0.041297
v -0.074809 -0.016332 -0.039996
v -0.052546 -0.096710 -0.024488
v -0.061996 -0.090735 -0.037080
v -0.060628 -0.102098 -0.036705
v -0.051349 -0.107723 -0.024603
v -0.074958 0.030951 -0.049148
v -0.073014 0.033328 -0.048972
v 0.047190 0.015757 0.035372
v 0.046329 0.015842 0.033571
v 0.044738 0.017590 0.037269
v -0.062819 0.001412 -0.054180
v -0.062818 0.001313 -0.054186
v -0.065750 0.000143 -0.053949
v -0.066674 0.006184 -0.051569
v -0.063050 0.005870 -0.052763
v 0.043787 0.017165 0.035241
v 0.041798 0.023608 0.038506
v 0.047374 0.021986 0.037198
v 0.043322 0.017476 0.033409
v 0.040501 0.016091 0.029510
v 0.038958 0.016544 0.030089
v 0.040206 0.018137 0.034466
v -0.067695 0.003327 -0.055380
v 0.029301 0.017400 0.034725
v 0.030421 0.018155 0.035348
v -0.066256 0.008280 -0.053981
v -0.065918 0.009309 -0.052706
v -0.069564 -0.003428 -0.050200
v -0.070714 -0.004132 -0.052040
v -0.072405 -0.004282 -0.048937
v -0.063809 0.001142 -0.055582
v -0.071948 0.019435 -0.056037
v 0.034394 0.016433 0.030473
v 0.033879 0.016155 0.030221
v 0.027824 0.017690 0.035295
v 0.029394 0.018438 0.036136
v -0.070285 0.004206 -0.055268
v -0.071759 0.002249 -0.057251
v -0.071400 0.000482 -0.056328
v -0.069989 0.002421 -0.055160
v -0.079715 -0.006042 -0.056800
v -0.079388 -0.004296 -0.056795
v -0.070777 -0.002219 -0.058921
v -0.074370 -0.001864 -0.057035
v -0.073028 0.014338 -0.054010
v -0.073870 0.017359 -0.051667
v -0.071112 0.011018 -0.051973
v -0.069970 0.006281 -0.054385
v -0.071974 0.004342 -0.056710
v -0.066558 0.007295 -0.051761
v -0.069599 0.008269 -0.050383
v -0.069146 0.009252 -0.050708
v -0.066335 0.008226 -0.052049
v -0.075683 0.025325 -0.057566
v -0.071925 0.031225 -0.047106
v -0.074151 0.028418 -0.048091
v -0.070687 0.042053 -0.071915
v -0.070341 0.033893 -0.076939
v -0.070696 0.034207 -0.063994
v -0.068148 0.005082 -0.055294
v -0.062516 0.007835 -0.053447
v -0.063354 0.007326 -0.053115
v -0.084472 -0.001094 -0.064492
v -0.073169 -0.004911 -0.048448
v -0.071262 0.018639 -0.051152
v -0.082127 0.006974 -0.071717
v -0.082271 0.001473 -0.069841
v -0.070727 0.019916 -0.051385
v -0.070684 0.020924 -0.051391
v -0.071536 -0.003919 -0.053024
v -0.073314 -0.003231 -0.050416
v -0.070897 0.021237 -0.051140
v -0.073859 0.003037 -0.047538
v -0.079219 0.026012 -0.062176
v 0.034280 0.018773 0.035543
v 0.036058 0.016730 0.030671
v -0.078373 -0.014204 -0.057672
v -0.076947 -0.015933 -0.054610
v 0.035075 0.016626 0.030636
v -0.063289 0.006900 -0.052667
v 0.032401 0.018475 0.035386
v -0.067880 -0.000319 -0.052411
v -0.066917 0.006690 -0.054281
v 0.033799 0.019390 0.037441
v 0.031244 0.018955 0.036772
v 0.040588 0.018318 0.036434
v -0.072120 0.006604 -0.049418
v -0.072137 0.004359 -0.049161
v -0.073617 0.005341 -0.047345
v 0.036589 0.066842 -0.148014
v 0.032915 0.051729 -0.151372
v -0.075209 -0.001009 -0.058693
v -0.071322 0.000029 -0.060875
v -0.072504 0.001102 -0.062825
v -0.076842 0.000520 -0.059885
v -0.081944 -0.003689 -0.067432
v -0.081128 -0.008375 -0.064040
v -0.083342 -0.009916 -0.064023
v -0.084765 -0.004404 -0.067363
v 0.052421 0.049601 -0.142420
v 0.055181 0.062784 -0.139704
v -0.068237 0.058090 -0.080705
v -0.070022 0.047542 -0.065030
v -0.067451 0.064310 -0.069256
v -0.075455 0.034323 -0.065147
v -0.075749 0.032175 -0.066749
v -0.080596 0.033830 -0.069376
v -0.070174 0.037490 -0.050783
v -0.071064 0.035086 -0.054303
v -0.072863 0.035449 -0.052761
v -0.084911 0.012371 -0.073640
v 0.045625 0.016269 0.031976
v 0.041654 0.015537 0.028803
v 0.065107 0.061863 -0.131891
v 0.066067 0.070357 -0.128978
v 0.057984 0.074009 -0.134565
v 0.029922 -0.063982 -0.100585
v 0.019987 -0.074318 -0.107240
v -0.071322 0.019944 -0.045582
v -0.073276 0.020527 -0.047555
v 0.025725 0.017804 0.036587
v -0.078019 -0.002495 -0.066085
v 0.027806 0.018767 0.037073
v -0.078704 -0.001198 -0.057208
v -0.080770 0.000131 -0.058924
v -0.080656 0.035127 -0.058675
v -0.078627 0.032680 -0.056464
v 0.024283 0.016853 0.036167
v 0.023605 0.016833 0.036187
v 0.025056 0.018070 0.036539
v 0.026929 0.019203 0.037032
v 0.030194 0.019464 0.037585
v 0.029585 0.020049 0.037996
v 0.033333 0.020738 0.039026
v 0.033357 0.019877 0.038727
v 0.040819 0.019196 0.038415
v 0.041065 0.020221 0.038829
v 0.033046 0.021807 0.038479
v 0.029234 0.020753 0.037424
v 0.032625 0.022926 0.038000
v 0.029198 0.021789 0.037158
v 0.041340 0.022148 0.037747
v 0.041301 0.021334 0.038528
v 0.026799 0.014033 0.036343
v 0.024579 0.014854 0.036147
v 0.027373 0.014217 0.036228
v 0.024935 0.015053 0.036033
v 0.028585 0.014339 0.035318
v 0.024231 0.015651 0.035833
v 0.023513 0.015613 0.035925
v -0.019663 -0.109765 0.005708
v -0.017829 -0.117438 0.001183
v 0.029340 0.014258 0.034970
v 0.024351 0.018310 0.036069
v 0.022640 0.016859 0.036002
v 0.023312 0.019081 0.035216
v 0.021933 0.017151 0.035442
v 0.026167 0.020958 0.035824
v 0.026338 0.019698 0.036176
v 0.022473 0.015689 0.035764
v 0.022964 0.015100 0.035951
v 0.021709 0.015823 0.035533
v 0.022183 0.015050 0.035779
v 0.028844 0.010673 0.037496
v 0.028426 0.010086 0.037434
v 0.025841 0.012753 0.036849
v 0.025132 0.012421 0.036690
v 0.036441 0.005792 0.036832
v 0.039537 0.005171 0.035929
v 0.035901 0.004759 0.036935
v -0.007594 -0.007584 0.057928
v -0.008667 -0.007610 0.056709
v -0.006893 -0.006391 0.055566
v -0.006529 -0.006418 0.056151
v 0.039182 0.004092 0.035866
v 0.030929 0.006213 0.037746
v 0.031630 0.007039 0.037565
v 0.025792 -0.117579 -0.014919
v 0.050108 0.004616 0.027962
v 0.050937 0.003466 0.027331
v 0.049165 0.003007 0.029137
v 0.048516 0.004439 0.029444
v 0.046780 0.004393 0.031048
v -0.009894 -0.015869 0.057571
v -0.008900 -0.014736 0.056885
v -0.010115 -0.014602 0.055928
v -0.011303 -0.015196 0.056778
v 0.046930 0.002950 0.031040
v 0.044513 0.003182 0.032818
v 0.044606 0.004402 0.032838
v 0.042658 0.004670 0.034312
v 0.042225 0.003412 0.034373
v 0.054042 0.007703 0.025101
v 0.055715 0.010928 0.024638
v 0.055437 0.006769 0.023522
v 0.057730 0.010117 0.022501
v 0.021787 0.020551 0.035320
v -0.005701 -0.006408 0.055613
v -0.004983 -0.008449 0.058501
v -0.006004 -0.008074 0.059009
v -0.006039 -0.006457 0.055936
v 0.020846 0.017747 0.035078
v 0.020333 0.021610 0.036257
v 0.019581 0.018720 0.035842
v 0.022298 0.024174 0.037203
v 0.023991 0.023072 0.036044
v 0.020882 0.016106 0.035429
v 0.021361 0.014918 0.035522
v 0.019777 0.016278 0.035711
v 0.020397 0.014643 0.035899
v 0.027773 0.009395 0.037370
v 0.027060 0.008626 0.037467
v 0.024387 0.011969 0.036821
v 0.023291 0.011348 0.036916
v 0.046200 -0.018409 -0.117871
v 0.058570 0.020648 -0.130834
v 0.055283 0.024408 0.034325
v 0.052431 0.022081 0.035214
v 0.049287 0.023946 0.037494
v 0.051773 0.026974 0.037487
v 0.058548 0.027699 0.032124
v 0.060069 0.023841 0.029358
v 0.057276 0.021581 0.031431
v 0.054625 0.019871 0.032839
v 0.057141 0.013594 0.025415
v 0.055474 0.013946 0.027046
v 0.055886 0.015642 0.028358
v 0.057681 0.015981 0.026851
v 0.059252 0.013215 0.023193
v 0.060249 0.016404 0.024804
v 0.057705 0.018545 0.028998
v 0.055420 0.017629 0.030436
v 0.060477 0.019656 0.027103
v 0.031184 0.027447 0.039603
v 0.031524 0.025896 0.038438
v 0.028226 0.024301 0.037198
v 0.026967 0.025111 0.037757
v 0.030508 0.029053 0.040503
v 0.025172 0.026372 0.038479
v 0.045151 0.028883 0.040500
v 0.043555 0.026108 0.039499
v 0.032262 0.023648 0.037530
v 0.030015 0.022694 0.037374
v 0.032019 0.023886 0.037442
v 0.029463 0.022794 0.037162
v 0.077017 0.079057 -0.111200
v 0.080362 0.084393 -0.098665
v 0.066430 0.098287 -0.105056
v 0.064039 0.091295 -0.117372
v 0.048150 0.019129 0.035387
v 0.048823 0.019518 0.035216
v 0.050949 0.017948 0.033423
v 0.050368 0.017591 0.033587
v 0.051958 0.016174 0.031561
v 0.052591 0.016546 0.031515
v 0.053490 0.015239 0.029787
v 0.052950 0.015010 0.029913
v 0.053393 0.014111 0.028697
v 0.053869 0.014083 0.028292
v 0.029631 0.023702 0.037383
v 0.031837 0.024423 0.037894
v 0.064058 0.050032 -0.133144
v 0.060316 0.062891 0.023229
v 0.066455 0.058146 0.016576
v 0.063236 0.052057 0.022231
v 0.050016 0.020373 0.035622
v 0.052296 0.018668 0.033521
v 0.053726 0.017026 0.031307
v 0.054501 0.015426 0.029436
v 0.054721 0.014398 0.028205
v 0.069247 -0.026878 -0.038421
v 0.069468 -0.026832 -0.040052
v 0.077577 -0.018230 -0.065794
v 0.076691 -0.011400 -0.064759
v 0.076205 -0.007795 -0.063475
v 0.083082 -0.001971 -0.049323
v 0.085641 0.000584 -0.052140
v 0.077982 -0.037275 -0.059026
v 0.074332 -0.038434 -0.055274
v -0.080449 0.038217 -0.059388
v 0.077916 -0.036309 -0.059529
v 0.090909 -0.004655 -0.061381
v 0.090949 -0.006285 -0.062764
v 0.091771 -0.006803 -0.062446
v 0.036479 -0.037220 -0.108063
v 0.042286 -0.026518 -0.113994
v 0.090776 -0.008010 -0.064150
v 0.072018 -0.022707 -0.042244
v 0.078727 -0.018975 -0.065972
v 0.080300 -0.019904 -0.067739
v 0.080228 -0.025090 -0.068017
v 0.079481 -0.024385 -0.067363
v 0.078506 -0.029850 -0.066282
v 0.077895 -0.028844 -0.065805
v 0.079974 -0.033825 -0.062047
v 0.080932 -0.029551 -0.064830
v 0.086730 0.000768 -0.053530
v 0.086493 0.000030 -0.052786
v 0.087460 0.000619 -0.053966
v 0.072622 -0.023979 -0.043622
v 0.080953 -0.003761 -0.049383
v 0.080369 -0.005452 -0.047626
v 0.080147 -0.004949 -0.048100
v 0.071659 -0.018813 -0.047485
v 0.071599 -0.017977 -0.047626
v 0.072509 -0.020472 -0.047151
v 0.073911 -0.022068 -0.045077
v 0.066788 -0.028177 -0.047356
v 0.066281 -0.028794 -0.048910
v 0.065569 -0.029359 -0.048374
v 0.090442 0.005834 -0.057158
v 0.080296 -0.006436 -0.047215
v 0.081673 -0.005722 -0.047591
v 0.082473 -0.004739 -0.047927
v 0.088030 -0.000197 -0.054125
v 0.083136 -0.003976 -0.048161
v 0.082140 -0.003682 -0.048345
v 0.083760 -0.002422 -0.049186
v 0.081507 -0.003435 -0.048724
v 0.072141 -0.026756 -0.060860
v 0.071140 -0.026614 -0.058872
v 0.074731 -0.007560 -0.038878
v 0.074937 -0.009657 -0.040703
v 0.073232 -0.038965 -0.053081
v 0.078183 -0.002335 -0.057882
v 0.079990 0.000372 -0.060041
v 0.083596 -0.025957 -0.066028
v 0.075507 -0.030778 -0.056670
v 0.073252 -0.031288 -0.055386
v 0.077979 -0.029881 -0.058062
v 0.080515 -0.027790 -0.059494
v 0.075734 -0.011509 -0.051472
v 0.085595 -0.009214 -0.057306
v 0.085526 -0.011407 -0.058570
v 0.084275 -0.008766 -0.055996
v 0.081872 0.003318 -0.058667
v 0.082061 0.002950 -0.056047
v 0.078334 0.000617 -0.057150
v 0.081478 0.001161 -0.055388
v 0.069330 -0.025313 -0.046953
v 0.065896 -0.030035 -0.050826
v 0.068192 -0.029474 -0.052152
v 0.066757 -0.031023 -0.051819
v 0.068473 -0.030514 -0.053433
v 0.068960 -0.029350 -0.054884
v 0.069780 -0.027811 -0.056013
v 0.071499 -0.026295 -0.055942
v 0.069921 -0.021433 -0.047454
v 0.081656 0.003458 -0.046659
v 0.069097 -0.023086 -0.047538
v 0.071671 -0.020125 -0.047273
v 0.071247 -0.021786 -0.046976
v 0.070382 -0.023524 -0.046794
v 0.071015 -0.033649 -0.049329
v 0.071454 -0.032219 -0.051764
v 0.070139 -0.032827 -0.048631
v 0.071967 -0.031885 -0.053904
v 0.069251 -0.032235 -0.048169
v 0.079996 -0.001818 -0.057304
v 0.081448 0.000789 -0.057316
v 0.069690 -0.023518 -0.036781
v 0.064435 -0.014756 0.012916
v 0.067669 -0.005804 0.006995
v 0.018102 -0.054071 0.035288
v 0.016849 -0.056864 0.035809
v 0.055236 -0.023135 0.027217
v 0.050454 -0.024990 0.032113
v 0.017770 -0.048560 0.046696
v 0.016771 -0.049041 0.046865
v 0.015957 -0.048317 0.047138
v 0.016774 -0.048225 0.046726
v 0.014983 -0.047099 0.045645
v 0.015781 -0.047684 0.044739
v 0.015917 -0.047769 0.045959
v 0.015163 -0.047243 0.046726
v 0.023980 -0.034749 0.047388
v 0.028441 -0.031512 0.046019
v 0.030549 -0.036373 0.044838
v 0.026405 -0.038985 0.046410
v 0.016730 -0.050558 0.037605
v 0.016949 -0.048974 0.037994
v 0.016359 -0.048403 0.040818
v 0.016138 -0.049063 0.040551
v 0.016489 -0.051537 0.037658
v 0.015888 -0.049394 0.040548
v 0.018331 -0.052381 0.035148
v 0.018527 -0.049745 0.035294
v 0.025374 -0.056530 0.042657
v 0.022260 -0.053666 0.044408
v 0.023821 -0.050883 0.044789
v 0.027285 -0.052302 0.043084
v 0.022887 -0.022466 0.046706
v 0.025967 -0.026772 0.046548
v 0.022087 -0.030605 0.047552
v 0.019020 -0.025360 0.047397
v 0.016208 -0.020110 0.047789
v 0.019657 -0.017628 0.046805
v 0.015841 -0.012055 0.051124
v 0.015859 -0.015915 0.052381
v 0.015072 -0.016963 0.055777
v 0.015816 -0.014871 0.054648
v 0.012621 -0.020763 0.054341
v 0.015590 -0.018141 0.050706
v 0.008404 -0.021223 0.055044
v -0.013442 -0.014276 0.057372
v -0.011972 -0.012868 0.056775
v -0.012111 -0.012358 0.058396
v -0.014468 -0.012982 0.058906
v 0.008340 -0.020684 0.056049
v 0.012711 -0.021087 0.052868
v -0.005871 -0.014618 0.065135
v -0.006517 -0.012366 0.065053
v -0.005897 -0.013706 0.063112
v -0.006237 -0.015567 0.062662
v 0.012758 -0.021903 0.050896
v 0.008818 -0.021838 0.053871
v 0.007941 -0.019759 0.056951
v 0.010917 -0.020066 0.056826
v -0.008454 -0.011619 0.064279
v -0.010237 -0.011158 0.066167
v -0.012018 -0.010895 0.064398
v -0.010029 -0.011800 0.062704
v -0.005854 -0.012262 0.058752
v -0.007265 -0.013934 0.059877
v -0.004949 -0.011613 0.061829
v -0.011382 -0.010443 0.056968
v -0.011356 -0.011407 0.055890
v -0.008881 -0.008528 0.055680
v -0.009042 -0.008151 0.055411
v 0.012892 -0.018151 0.058226
v 0.002191 -0.017228 0.064979
v 0.003559 -0.016187 0.066978
v 0.013453 0.011717 0.050066
v 0.015392 0.007722 0.047164
v 0.013046 0.009173 0.052269
v 0.014915 0.005463 0.049292
v 0.012791 -0.015689 0.061606
v 0.014459 -0.014130 0.060096
v 0.010553 -0.014038 0.065374
v 0.011912 -0.011600 0.064978
v 0.012107 0.027286 0.049117
v -0.000572 -0.020500 0.060857
v -0.000334 -0.021122 0.060431
v -0.000476 -0.019093 0.062481
v 0.042000 0.088672 -0.135526
v 0.045025 0.100582 -0.124356
v 0.046866 0.113456 -0.101223
v 0.045524 0.117965 -0.088797
v -0.000205 -0.037837 0.061214
v -0.000023 -0.035057 0.061272
v 0.005732 -0.044215 0.045436
v 0.000495 -0.043282 0.046759
v 0.000184 -0.044230 0.049789
v 0.005455 -0.045481 0.048642
v 0.009024 -0.046087 0.047031
v 0.009853 -0.044945 0.043768
v 0.006075 -0.042734 0.042838
v 0.000681 -0.041711 0.043746
v 0.004682 -0.046183 0.054333
v -0.000377 -0.044821 0.056237
v -0.000424 -0.043053 0.058678
v 0.004702 -0.044499 0.056316
v 0.014648 -0.026560 0.049745
v 0.010774 -0.025277 0.052219
v 0.006700 -0.024498 0.055811
v 0.003493 -0.024097 0.058454
v 0.003151 -0.021921 0.058629
v 0.005662 -0.021851 0.056470
v 0.002941 -0.021027 0.058863
v 0.005278 -0.021056 0.056991
v 0.005272 -0.020390 0.057505
v 0.005869 -0.019649 0.057858
v 0.004220 -0.019302 0.059064
v 0.004851 -0.018779 0.058946
v 0.003032 -0.020336 0.059128
v 0.007223 0.004930 0.065357
v 0.007869 0.008289 0.062335
v 0.004809 -0.034394 0.059349
v 0.000211 -0.032908 0.060747
v 0.000164 -0.028831 0.060030
v 0.004437 -0.029777 0.058674
v 0.008746 -0.031409 0.056202
v 0.009376 -0.036998 0.056745
v -0.000091 -0.021939 0.060112
v 0.004715 -0.036716 0.059507
v 0.004613 -0.039314 0.059230
v 0.009373 -0.039417 0.056784
v 0.009144 -0.041704 0.056353
v 0.013552 -0.040272 0.053609
v 0.013633 -0.034282 0.053303
v 0.018938 -0.037425 0.050107
v 0.016991 -0.043470 0.050572
v 0.024185 -0.047928 0.045646
v 0.019156 -0.049103 0.046464
v 0.019360 -0.047957 0.046914
v 0.019289 -0.046811 0.047754
v 0.024027 -0.044843 0.046726
v 0.027717 -0.047967 0.044041
v 0.027604 -0.043410 0.045218
v 0.022551 -0.041431 0.048139
v 0.018715 -0.045435 0.048788
v 0.018018 -0.047973 0.047208
v 0.016973 -0.048014 0.047019
v 0.017804 -0.047364 0.047939
v 0.016763 -0.047778 0.047666
v 0.017345 -0.046658 0.048838
v 0.016291 -0.047483 0.048446
v 0.015312 -0.046756 0.049656
v 0.016180 -0.045397 0.050287
v 0.014942 -0.048015 0.045914
v 0.013825 -0.048087 0.046798
v 0.013866 -0.048098 0.047917
v 0.014860 -0.048152 0.046808
v 0.015769 -0.047982 0.045128
v 0.015506 -0.048060 0.046222
v 0.016020 -0.048069 0.041463
v 0.015391 -0.047704 0.042055
v -0.056416 -0.078165 -0.023729
v -0.063629 -0.075412 -0.038327
v 0.016193 -0.047832 0.044676
v 0.016239 -0.047987 0.045551
v 0.016089 -0.047940 0.046674
v 0.015964 -0.047991 0.047043
v 0.015422 -0.047961 0.047724
v 0.014466 -0.047672 0.048785
v 0.008775 -0.043803 0.055312
v 0.012388 -0.044237 0.053162
v 0.011800 -0.045936 0.051995
v 0.008356 -0.045955 0.053683
v 0.011303 -0.047204 0.050718
v 0.010722 -0.043658 0.041051
v 0.008128 -0.047101 0.051860
v 0.013640 -0.045945 0.041159
v 0.014833 -0.045020 0.038557
v 0.012522 -0.046859 0.044411
v 0.016790 -0.047940 0.038701
v 0.016268 -0.047167 0.039058
v 0.018281 -0.047899 0.035791
v 0.017609 -0.046535 0.036531
v 0.011240 -0.047705 0.049216
v 0.013068 -0.042442 0.053619
v 0.004537 -0.041860 0.058013
v -0.000356 -0.040392 0.060080
v -0.030788 0.012012 0.036887
v -0.030720 0.009066 0.038094
v -0.026381 0.009560 0.039077
v -0.026687 0.012111 0.037964
v 0.006491 -0.002733 0.071824
v 0.006947 0.001472 0.068349
v 0.015440 -0.047621 0.047237
v 0.003752 -0.124512 -0.002111
v -0.073573 0.007317 -0.046489
v -0.072686 0.007860 -0.045504
v -0.076258 0.029722 -0.068363
v 0.018026 -0.050019 0.046382
v 0.015603 -0.053577 0.037901
v 0.015043 -0.050119 0.040985
v 0.021607 -0.060164 0.043227
v 0.016012 -0.062582 0.045845
v 0.014855 -0.058147 0.047328
v 0.019284 -0.056304 0.045041
v 0.013175 -0.051749 0.049485
v 0.016233 -0.050853 0.047449
v -0.079153 0.032522 -0.065092
v 0.015201 -0.049348 0.048162
v 0.012470 -0.049388 0.050292
v 0.012065 -0.047613 0.050793
v 0.014540 -0.048074 0.048422
v 0.010895 -0.044875 0.050380
v 0.006820 -0.043163 0.052856
v 0.005435 -0.047455 0.047871
v 0.009781 -0.048904 0.045582
v 0.013976 -0.049860 0.042438
v 0.013982 -0.046423 0.046792
v -0.075436 0.035864 -0.063214
v -0.074747 0.037228 -0.058513
v -0.073322 0.035684 -0.057696
v -0.073830 0.034014 -0.061625
v 0.011308 -0.045155 0.050690
v 0.014074 -0.046463 0.047921
v 0.007178 -0.043551 0.053760
v 0.014358 -0.121838 -0.007265
v 0.014282 -0.047014 0.048357
v 0.011684 -0.045969 0.050766
v 0.007539 -0.044702 0.054140
v 0.007932 -0.046881 0.054374
v 0.008222 -0.049258 0.054301
v 0.008374 -0.052218 0.053427
v 0.009021 -0.059917 0.050954
v 0.009524 -0.065171 0.049847
v 0.002614 -0.060153 0.053985
v 0.002787 -0.065465 0.053832
v 0.003194 -0.052272 0.056951
v 0.003506 -0.048796 0.058285
v 0.003448 -0.045945 0.058016
v 0.003326 -0.043515 0.057265
v 0.000166 -0.023712 0.059776
v 0.003080 -0.018919 0.060254
v 0.002134 -0.018101 0.062385
v 0.006207 -0.015081 0.067804
v -0.000388 -0.018099 0.064813
v 0.009099 -0.014042 0.067122
v 0.007321 -0.014151 0.068642
v 0.008181 -0.012712 0.069483
v 0.009458 -0.012294 0.068306
v 0.005813 -0.014452 0.069943
v 0.007449 -0.012805 0.070492
v 0.001776 -0.014812 0.071832
v 0.003501 -0.011729 0.073966
v 0.005726 -0.006322 0.073829
v 0.004459 -0.009614 0.074492
v 0.009114 -0.011231 0.069982
v 0.010711 -0.009633 0.068263
v -0.082918 0.033065 -0.063355
v 0.011471 -0.006613 0.066222
v 0.012947 -0.009105 0.062622
v 0.037496 0.124598 -0.044968
v 0.003010 -0.042106 0.056562
v 0.002330 -0.041639 0.054976
v -0.074732 -0.006036 -0.048130
v -0.077921 0.021882 -0.060083
v 0.002993 -0.058248 0.041192
v 0.004096 -0.053478 0.043496
v -0.000704 -0.052638 0.045012
v -0.074173 0.037539 -0.055973
v -0.076974 0.039375 -0.056566
v -0.001838 -0.057363 0.042943
v -0.001461 -0.040543 0.055958
v -0.084496 0.012364 -0.068912
v -0.083770 0.031912 -0.065177
v -0.082696 0.030079 -0.064140
v -0.076987 0.030197 -0.051371
v -0.074232 0.004196 -0.064049
v -0.079713 0.005348 -0.061585
v -0.078594 0.002433 -0.060774
v -0.073831 0.002210 -0.063599
v -0.071128 0.015827 -0.056384
v -0.002727 -0.045284 0.050096
v 0.000879 -0.046055 0.049469
v -0.001375 -0.041013 0.057718
v -0.001240 -0.042475 0.058828
v -0.001251 -0.044956 0.059976
v -0.004281 -0.051969 0.045600
v -0.005396 -0.057000 0.043622
v -0.071591 -0.001721 -0.038817
v 0.013797 -0.054551 0.039091
v -0.080465 -0.010457 -0.053741
v -0.081015 -0.009268 -0.056266
v -0.034873 -0.027503 -0.118361
v -0.036937 -0.015019 -0.124921
v -0.086809 0.012470 -0.072013
v 0.013785 -0.058591 0.036978
v 0.008960 -0.054775 0.041694
v 0.008529 -0.058566 0.039464
v -0.003748 -0.064392 0.056858
v -0.003573 -0.059379 0.056279
v -0.001470 -0.048243 0.060276
v -0.002321 -0.052046 0.058870
v 0.046544 0.108108 -0.113430
v 0.078040 0.061841 -0.006983
v 0.075279 0.055869 0.001171
v -0.075943 0.034330 -0.058872
v 0.070319 0.064255 0.008115
v 0.072948 0.069085 0.000718
v 0.080273 0.069679 -0.015256
v 0.074887 0.075618 -0.007132
v 0.064990 0.111121 -0.064447
v 0.065378 0.110298 -0.050152
v 0.047969 0.119875 -0.046234
v 0.059968 0.112250 -0.078432
v 0.070457 0.101803 -0.087757
v 0.073092 0.103943 -0.068325
v 0.072958 0.103678 -0.052999
v -0.076580 -0.006035 -0.049315
v -0.077731 -0.011146 -0.047109
v -0.076234 -0.010844 -0.045349
v -0.074599 0.024079 -0.056916
v 0.021059 -0.085550 -0.108495
v 0.061265 0.032884 -0.132276
v 0.071507 0.102825 -0.039162
v 0.064362 0.108541 -0.036336
v 0.063208 0.105550 -0.023901
v 0.069720 0.100781 -0.027410
v 0.047308 0.117426 -0.031753
v 0.036942 0.121747 -0.029896
v 0.020635 0.003773 -0.145724
v 0.008628 0.011597 0.059558
v 0.040699 -0.053281 -0.091474
v 0.049518 -0.055006 -0.073580
v 0.051728 -0.104011 -0.050487
v 0.064044 -0.038431 -0.054426
v 0.063757 -0.037572 -0.055064
v 0.050149 -0.070184 -0.054323
v 0.051687 -0.057448 -0.055234
v 0.031694 -0.050923 -0.103224
v 0.074313 -0.029520 -0.065068
v 0.075749 -0.026079 -0.065937
v 0.075616 -0.030822 -0.064702
v 0.077039 -0.027053 -0.065858
v 0.078112 -0.022963 -0.066270
v 0.076077 -0.032775 -0.063818
v 0.082118 0.002652 -0.054217
v 0.083927 0.003752 -0.052912
v -0.077090 -0.001272 -0.066027
v -0.076602 0.000918 -0.067232
v 0.063325 -0.039707 -0.050297
v 0.063173 -0.039265 -0.051942
v -0.063094 0.007732 -0.054128
v 0.062581 -0.039096 -0.051238
v 0.062373 -0.039593 -0.049882
v 0.063113 -0.040442 -0.048693
v 0.062238 -0.039999 -0.048777
v 0.084981 0.019457 -0.047435
v 0.061284 -0.039003 -0.052385
v 0.062832 -0.037779 -0.054716
v 0.062857 -0.038474 -0.053243
v 0.062277 -0.038889 -0.051929
v 0.062288 -0.039215 -0.049962
v 0.062111 -0.040175 -0.048297
v 0.062214 -0.041489 -0.047677
v -0.080213 -0.006891 -0.063536
v -0.077707 -0.012614 -0.057589
v -0.065765 -0.071818 -0.052781
v -0.062716 -0.069546 -0.068362
v -0.063381 -0.082250 -0.066231
v -0.065587 -0.085975 -0.051201
v -0.070003 0.011724 -0.039773
v -0.071385 0.005250 -0.042314
v -0.071486 0.003805 -0.040522
v 0.076330 -0.034089 -0.064126
v 0.067563 -0.042457 -0.052762
v -0.033413 -0.099212 -0.000185
v -0.029282 -0.112411 -0.004384
v 0.079295 -0.003079 -0.059429
v 0.078759 -0.004838 -0.061069
v 0.081554 -0.003984 -0.062211
v 0.082019 -0.001967 -0.060822
v 0.056370 -0.019204 -0.105460
v 0.060717 -0.009794 -0.110606
v 0.007241 -0.082689 -0.113018
v 0.006230 -0.070270 -0.112937
v 0.081792 0.018261 -0.095297
v 0.079742 -0.001667 -0.058121
v 0.082603 -0.000401 -0.059498
v 0.076964 -0.022187 -0.066142
v 0.077580 -0.001231 -0.058457
v 0.077378 -0.002907 -0.059837
v 0.084185 0.000822 -0.060985
v 0.083557 -0.000991 -0.062402
v 0.082905 -0.003178 -0.063746
v 0.077120 -0.004798 -0.061260
v -0.071410 -0.001282 -0.034990
v -0.070819 -0.002196 -0.023079
v -0.069030 0.013640 -0.023427
v -0.069908 0.008392 -0.034247
v 0.081341 0.001896 -0.060364
v 0.092727 0.046879 -0.071712
v 0.090657 0.041468 -0.085785
v 0.092798 0.064067 -0.075272
v 0.090751 0.059487 -0.090570
v 0.085046 0.054696 -0.106533
v 0.084490 0.035694 -0.101797
v 0.082074 0.002866 -0.054683
v 0.084916 0.004614 -0.053257
v 0.082083 0.075949 -0.023140
v 0.086134 0.070209 -0.030402
v 0.076239 0.081409 -0.014372
v 0.077130 0.086679 -0.021164
v 0.082691 0.082140 -0.030167
v 0.088481 0.074264 -0.042334
v 0.090007 0.037951 -0.056642
v 0.092135 0.052395 -0.057555
v 0.089961 0.056789 -0.043961
v -0.050744 0.041375 0.013776
v -0.052445 0.042117 0.009343
v -0.054773 0.033122 0.009329
v -0.052267 0.033864 0.013137
v 0.091813 0.069095 -0.059630
v 0.086114 0.084055 -0.048761
v 0.089030 0.079884 -0.063423
v 0.080830 0.093736 -0.052649
v 0.082528 0.091551 -0.067360
v 0.081874 0.089075 -0.083408
v 0.089881 0.075774 -0.078634
v 0.081951 0.087930 -0.036393
v 0.076488 0.091741 -0.026652
v 0.078227 0.095184 -0.039908
v 0.075037 0.096175 -0.031234
v 0.088276 0.058684 -0.036794
v 0.056405 -0.043502 -0.048164
v 0.058661 -0.044820 -0.043011
v -0.000188 0.089227 0.030931
v 0.010044 0.088336 0.033249
v 0.011231 0.095421 0.027112
v 0.000778 0.096281 0.024479
v 0.064484 -0.036343 -0.034717
v -0.037241 -0.006408 -0.128973
v -0.037040 0.004374 -0.133481
v -0.018342 -0.001843 -0.140447
v -0.019116 -0.011654 -0.135421
v 0.068932 -0.012938 0.000357
v 0.071343 -0.000763 -0.002371
v 0.072756 -0.008969 -0.012864
v 0.068265 -0.022969 -0.011090
v 0.003934 0.113189 0.002330
v 0.014569 0.112641 0.005021
v 0.015452 0.117722 -0.005000
v 0.004605 0.118039 -0.007346
v -0.049537 0.013299 0.027274
v -0.052717 0.008029 0.027837
v -0.049170 0.006836 0.031379
v -0.046409 0.012306 0.030215
v 0.072676 0.012957 -0.004350
v 0.074638 0.004988 -0.014606
v 0.078286 0.019574 -0.016932
v 0.076004 0.027536 -0.004972
v 0.075311 0.051229 -0.121747
v 0.074025 0.034337 -0.119789
v -0.078285 -0.015857 -0.044107
v -0.077087 -0.015204 -0.042876
v 0.071745 0.021840 -0.117937
v 0.060529 0.046727 0.026394
v 0.016147 0.122115 -0.016766
v 0.005033 0.122308 -0.018691
v 0.039840 0.080075 -0.141785
v 0.063712 0.069777 0.015498
v 0.071944 0.072591 -0.122081
v -0.007263 -0.067499 -0.114509
v 0.060347 0.081128 -0.128699
v 0.088107 0.071355 -0.093775
v 0.083801 0.067012 -0.107311
v 0.074589 0.062541 -0.122192
v 0.067337 0.006348 -0.115897
v 0.069470 0.096690 -0.019803
v 0.061757 0.012523 0.020048
v 0.060112 0.008230 0.019339
v 0.063027 0.017195 0.021328
v 0.057444 0.003835 0.021238
v 0.017987 0.003864 0.044975
v 0.017286 0.001775 0.046861
v 0.016378 -0.000500 0.048938
v 0.020127 -0.001529 0.044912
v 0.018909 -0.004192 0.046781
v 0.013476 0.000458 0.053952
v 0.014251 0.002968 0.051632
v 0.015304 -0.002768 0.050755
v 0.014344 -0.005521 0.052533
v 0.012784 -0.002288 0.056423
v 0.016020 -0.018247 0.048710
v 0.017821 -0.013827 0.047407
v 0.016024 -0.009431 0.049254
v 0.022066 -0.007611 0.045520
v 0.020218 -0.010441 0.046728
v 0.017498 -0.006506 0.048128
v 0.023879 -0.004822 0.043539
v 0.014609 -0.008913 0.054969
v 0.015178 -0.012430 0.057912
v 0.012592 -0.005638 0.059581
v 0.011472 -0.003182 0.062884
v 0.011704 0.000349 0.059705
v 0.021106 0.000603 0.043209
v 0.025355 -0.002503 0.042012
v 0.023228 -0.014330 0.046365
v 0.027174 -0.018235 0.046117
v 0.026151 -0.010750 0.044714
v 0.029868 -0.014003 0.044322
v 0.027890 -0.007770 0.042971
v 0.031787 -0.010764 0.042450
v 0.030424 -0.022863 0.045704
v 0.033223 -0.027413 0.044765
v 0.035369 -0.033468 0.043151
v 0.037038 -0.023081 0.042826
v 0.039734 -0.029124 0.040990
v 0.039846 -0.018446 0.040702
v 0.043275 -0.024473 0.038746
v -0.007324 0.014719 0.044297
v -0.007317 0.016600 0.041483
v -0.011722 0.013937 0.040315
v -0.011668 0.012001 0.042457
v 0.006848 0.060924 0.045188
v 0.007417 0.068511 0.042480
v -0.001479 0.070059 0.041008
v -0.001513 0.062497 0.044165
v 0.033836 -0.018102 0.043703
v 0.036147 -0.014541 0.041687
v 0.033628 -0.007655 0.040622
v 0.029696 -0.005023 0.041279
v 0.042827 -0.008275 0.036930
v 0.041704 -0.013515 0.038774
v 0.037751 -0.010427 0.039758
v 0.039082 -0.006308 0.038022
v 0.046141 -0.018156 0.036700
v 0.047181 -0.010779 0.035235
v 0.047157 -0.005920 0.033686
v 0.034721 0.002995 0.037557
v 0.029873 0.004605 0.038237
v 0.038182 0.002102 0.036586
v 0.043309 -0.004526 0.035515
v 0.040087 -0.003180 0.036821
v 0.052260 0.000302 0.027213
v 0.049911 -0.000051 0.029545
v 0.044245 0.000583 0.033768
v 0.041421 0.001227 0.035293
v 0.047204 0.000122 0.031771
v 0.025675 0.007041 0.038130
v 0.021389 0.009985 0.038063
v 0.047072 -0.067541 -0.070648
v 0.011997 0.003462 0.057196
v 0.012510 0.006390 0.054606
v 0.022761 0.027372 0.039962
v 0.019939 0.025062 0.039059
v 0.014919 0.026453 0.046317
v 0.027648 0.030748 0.042591
v 0.018779 0.013411 0.037900
v -0.016725 0.012486 0.039318
v -0.016281 0.010415 0.040888
v 0.017547 0.016371 0.037768
v 0.017284 0.019107 0.037926
v 0.017806 0.022420 0.038376
v 0.012462 0.101673 0.020502
v 0.001889 0.102501 0.017685
v 0.006893 0.128616 -0.068931
v 0.006484 0.128787 -0.060444
v 0.017982 0.129232 -0.060872
v 0.016746 0.128750 -0.073474
v 0.041374 0.041423 0.044034
v 0.036714 0.035712 0.045764
v 0.071250 0.049654 0.010400
v 0.073056 0.040742 0.006637
v 0.060296 0.032659 0.028916
v 0.062515 0.028004 0.025750
v 0.063410 0.022581 0.023112
v 0.072461 0.029085 0.003769
v 0.070494 0.016545 0.003110
v 0.069256 0.004970 0.004257
v -0.066877 0.013190 -0.093952
v -0.069857 0.012996 -0.078500
v -0.070201 0.025332 -0.079674
v -0.067234 0.030885 -0.096367
v 0.067578 0.081176 0.001247
v -0.043890 -0.091534 -0.010373
v -0.040514 -0.105126 -0.013700
v -0.006429 -0.080729 -0.114343
v 0.068645 0.086826 -0.005684
v 0.065962 0.075190 0.008459
v 0.062094 0.101484 -0.014413
v 0.061279 0.097014 -0.005936
v 0.069316 0.092028 -0.012639
v 0.060708 0.091763 0.001428
v 0.059940 0.086054 0.008297
v 0.058333 0.080189 0.015578
v 0.056426 0.074437 0.022437
v 0.053246 0.066488 0.029335
v 0.038946 -0.065107 -0.089163
v 0.006830 -0.008911 0.055212
v 0.006388 -0.008949 0.055665
v -0.039500 0.061490 0.021139
v -0.040457 0.066571 0.016733
v -0.045069 0.060425 0.013037
v -0.043866 0.056306 0.017871
v 0.006621 -0.008893 0.054999
v 0.006134 -0.008832 0.055481
v 0.006432 -0.009226 0.055626
v 0.004758 -0.017187 0.058316
v 0.004112 -0.015167 0.057333
v 0.005342 -0.011544 0.056580
v 0.062934 -0.042092 -0.037136
v 0.005843 0.048591 0.048393
v -0.001491 0.049960 0.047771
v -0.000923 0.043600 0.048021
v 0.005219 0.042344 0.048751
v -0.053719 0.026515 0.013702
v -0.056943 0.024314 0.011009
v -0.057716 0.016341 0.016240
v -0.054017 0.019366 0.018152
v -0.051731 0.014790 0.024214
v -0.055342 0.009828 0.024153
v -0.001082 0.079664 0.037205
v 0.008668 0.078464 0.038872
v -0.049141 0.051796 0.010255
v -0.047755 0.049302 0.015342
v -0.003983 0.017544 0.046660
v -0.004367 0.019084 0.043118
v -0.001191 0.022808 0.045343
v 0.002534 0.021884 0.051187
v 0.003313 0.025732 0.049298
v 0.000123 0.026177 0.045934
v -0.018980 0.065664 0.036888
v -0.019183 0.072704 0.033286
v -0.026761 0.072750 0.027790
v -0.026498 0.066172 0.031541
v 0.002945 0.107988 0.010481
v 0.013565 0.107269 0.013287
v 0.004710 0.034914 0.048262
v 0.000361 0.035910 0.046441
v 0.000593 0.032130 0.045705
v 0.004210 0.031611 0.048170
v -0.021472 0.009761 0.039973
v -0.021805 0.012037 0.038812
v -0.069035 -0.018126 -0.049178
v -0.071110 -0.018175 -0.048020
v -0.067369 0.029511 -0.036654
v -0.068105 0.018802 -0.034945
v -0.066667 0.026608 -0.024327
v -0.064183 0.039467 -0.026667
v -0.064025 0.051826 -0.030226
v -0.063476 0.060150 -0.035328
v -0.067992 0.044323 -0.042622
v -0.067335 0.038654 -0.038932
v -0.058924 -0.079880 -0.079708
v -0.056494 -0.068799 -0.083073
v 0.001628 0.018927 0.054049
v 0.001036 0.016031 0.056724
v -0.011654 0.040068 -0.151340
v -0.013949 0.026694 -0.149569
v -0.032976 0.034532 -0.141161
v -0.030502 0.047252 -0.142452
v -0.065850 0.002122 -0.090302
v -0.069076 0.003398 -0.076033
v -0.010308 -0.009868 0.058688
v -0.006620 -0.006237 0.054866
v -0.007959 -0.009027 0.056116
v -0.006703 -0.006149 0.054950
v -0.011343 -0.011992 0.060685
v -0.013840 -0.011308 0.061912
v -0.009140 -0.013125 0.055403
v -0.008189 -0.013222 0.055831
v -0.007326 -0.008954 0.056317
v -0.006889 -0.006128 0.054933
v -0.003505 -0.016452 0.067446
v -0.003670 -0.014734 0.070333
v -0.007102 -0.012715 0.069104
v -0.005939 -0.014673 0.067097
v -0.005898 -0.006259 0.055692
v -0.005508 -0.009001 0.057353
v -0.005518 -0.010644 0.063037
v -0.006734 -0.007781 0.058780
v -0.006254 -0.006407 0.056071
v -0.007331 -0.009987 0.062132
v -0.007597 -0.015929 0.060232
v -0.008804 -0.009792 0.060598
v -0.077480 -0.002355 -0.055866
v -0.065092 -0.055281 -0.033456
v -0.067494 -0.039442 -0.041434
v -0.066719 -0.040404 -0.047090
v -0.065740 -0.057587 -0.042647
v -0.076051 0.023881 -0.058076
v -0.052261 0.069519 -0.004755
v -0.051364 0.080879 -0.014463
v -0.058715 0.070850 -0.026348
v -0.060230 0.060502 -0.021350
v -0.049770 0.090566 -0.022558
v -0.056986 0.081417 -0.033549
v -0.062337 0.070329 -0.043271
v -0.068534 0.050562 -0.056701
v -0.036282 0.025411 0.031945
v -0.036474 0.025308 0.032057
v -0.034983 0.024724 0.033352
v -0.035014 0.024814 0.033251
v -0.035869 0.025453 0.031336
v -0.034582 0.024572 0.032412
v -0.036693 0.026076 0.030399
v -0.037210 0.025893 0.030891
v -0.037440 0.025730 0.030960
v -0.018828 0.022878 0.035201
v -0.019487 0.023081 0.034765
v -0.022315 0.022718 0.034888
v -0.021617 0.022698 0.035939
v -0.018586 0.022593 0.035508
v -0.021490 0.022404 0.036245
v -0.022248 0.025527 0.028998
v -0.021656 0.025755 0.028922
v -0.023094 0.025350 0.029077
v -0.016402 0.024505 0.033050
v -0.016366 0.025620 0.033148
v -0.021201 0.026719 0.028945
v -0.021248 0.026033 0.028832
v -0.016867 0.023934 0.033381
v -0.015284 0.023539 0.033205
v -0.014190 0.023780 0.032629
v -0.013974 0.025304 0.032983
v -0.026960 0.022440 0.036277
v -0.027288 0.021748 0.036288
v -0.022440 0.021108 0.036466
v -0.021874 0.021870 0.036420
v -0.026748 0.022839 0.036154
v -0.030097 0.023611 0.035254
v -0.030263 0.023184 0.035330
v -0.030448 0.022469 0.035311
v -0.018877 0.021358 0.036173
v -0.018628 0.022230 0.035876
v -0.030507 0.021859 0.035298
v -0.027588 0.021185 0.036158
v -0.022770 0.020520 0.036391
v -0.018989 0.020936 0.036225
v -0.015972 0.021698 0.035533
v -0.017055 0.022092 0.035599
v -0.027644 0.020445 0.035996
v -0.027823 0.019646 0.035849
v -0.022894 0.019020 0.036391
v -0.022863 0.019812 0.036337
v -0.030597 0.021111 0.035012
v -0.030753 0.020244 0.034860
v -0.038560 0.025966 0.029287
v -0.039012 0.026536 0.028379
v -0.039067 0.025964 0.028485
v -0.038803 0.025511 0.028942
v -0.041885 0.023852 0.025655
v -0.042559 0.025354 0.024875
v -0.044108 0.025120 0.023299
v -0.043383 0.023426 0.024586
v -0.053365 0.016710 0.020979
v -0.046283 0.021078 0.023999
v -0.047301 0.022772 0.021858
v -0.038082 0.025708 0.030037
v -0.037484 0.025337 0.030938
v -0.037998 0.026006 0.030073
v -0.038419 0.026387 0.029155
v -0.038385 0.025060 0.029732
v -0.037679 0.024712 0.030738
v -0.036565 0.025002 0.032029
v -0.036779 0.024324 0.031885
v -0.035230 0.023749 0.033218
v -0.035017 0.024435 0.033305
v -0.033079 0.023831 0.034346
v -0.033251 0.024305 0.034236
v -0.033219 0.023109 0.034269
v -0.035431 0.023099 0.032995
v -0.033369 0.022526 0.034154
v -0.036907 0.023628 0.031555
v -0.037883 0.024149 0.030323
v -0.038618 0.024629 0.029232
v -0.039208 0.025120 0.028458
v -0.039537 0.025824 0.027910
v -0.039058 0.024158 0.028617
v -0.039855 0.023573 0.027779
v -0.038700 0.022859 0.029123
v -0.038185 0.023598 0.029808
v -0.039814 0.024801 0.027732
v -0.040733 0.024352 0.026720
v -0.037157 0.023067 0.031066
v -0.037368 0.022337 0.030577
v -0.035632 0.021583 0.032237
v -0.035552 0.022393 0.032683
v -0.033084 0.021826 0.033814
v -0.033289 0.020925 0.033465
v -0.026664 0.022906 0.035981
v -0.026397 0.022928 0.034725
v -0.029860 0.023446 0.034066
v -0.030066 0.023630 0.035085
v -0.033267 0.024287 0.034185
v -0.032727 0.023933 0.033385
v -0.029600 0.023225 0.033115
v -0.027335 0.025329 0.028852
v -0.028488 0.025598 0.028461
v -0.032336 0.023789 0.032393
v -0.026433 0.022925 0.033641
v -0.025832 0.025159 0.029157
v -0.022993 0.023054 0.033706
v -0.024288 0.025216 0.029150
v -0.020158 0.023227 0.034040
v -0.025448 0.035960 0.035890
v -0.025186 0.036138 0.036390
v -0.030612 0.036530 0.035310
v -0.030368 0.036089 0.034965
v -0.048831 0.010150 -0.123006
v -0.047045 0.025462 -0.128463
v -0.035884 0.018662 -0.138164
v -0.033303 0.034114 0.034098
v -0.033081 0.035088 0.033850
v -0.035678 0.034348 0.032115
v -0.035708 0.033375 0.032223
v -0.033556 0.033074 0.034452
v -0.035730 0.032192 0.032463
v -0.030620 0.033798 0.036370
v -0.030395 0.034937 0.035943
v -0.030169 0.035752 0.035441
v -0.035308 0.030666 0.028628
v -0.034412 0.031447 0.029321
v -0.035030 0.031310 0.030630
v -0.036168 0.030760 0.029394
v -0.036115 0.030124 0.028047
v -0.036939 0.030174 0.028585
v -0.030739 0.028870 0.026376
v -0.030347 0.029150 0.026657
v -0.029781 0.029468 0.027096
v -0.030967 0.028576 0.026222
v -0.031096 0.028228 0.026163
v -0.031203 0.027869 0.026207
v -0.031177 0.027535 0.026368
v -0.059060 0.002105 0.021815
v -0.056965 0.012397 0.020321
v -0.060864 0.005095 0.017358
v -0.037712 0.026244 0.029945
v -0.038159 0.026701 0.029059
v -0.037153 0.026458 0.029577
v -0.037590 0.026909 0.028887
v -0.038599 0.027371 0.028189
v -0.038973 0.027162 0.028098
v -0.035250 0.025318 0.030670
v -0.030302 0.026291 0.027612
v -0.030658 0.026633 0.027253
v -0.035830 0.026092 0.029793
v -0.034114 0.024443 0.031446
v -0.029634 0.025923 0.028038
v -0.030926 0.026932 0.026964
v -0.031062 0.027222 0.026626
v -0.036143 0.026506 0.029153
v -0.036549 0.027011 0.028482
v -0.037910 0.027581 0.028358
v -0.036877 0.028293 0.027541
v -0.036724 0.028907 0.027512
v -0.037941 0.028181 0.028064
v -0.037856 0.028936 0.027925
v -0.036848 0.027639 0.027867
v -0.036473 0.029532 0.027680
v -0.037464 0.029467 0.028158
v -0.039274 0.026707 0.027976
v -0.039095 0.027640 0.027753
v -0.039400 0.028803 0.027132
v -0.039690 0.026825 0.027440
v -0.040308 0.026981 0.026655
v -0.040178 0.025649 0.027051
v -0.040108 0.029756 0.026573
v -0.041108 0.030484 0.025595
v -0.041501 0.027216 0.025564
v -0.041185 0.025573 0.026027
v -0.038650 0.028105 0.027790
v -0.038754 0.028772 0.027506
v -0.039326 0.030783 0.027779
v -0.039807 0.031932 0.027444
v -0.038864 0.029954 0.028094
v -0.038163 0.030669 0.029251
v -0.038383 0.031632 0.029081
v -0.038768 0.032638 0.028776
v -0.037269 0.032412 0.030550
v -0.037473 0.033475 0.030388
v -0.037166 0.031354 0.030682
v -0.038395 0.029567 0.028129
v -0.037730 0.030193 0.029050
v -0.036778 0.030818 0.030271
v -0.035602 0.031222 0.032131
v -0.033558 0.031950 0.034185
v -0.032922 0.031809 0.032458
v -0.030605 0.032705 0.036046
v -0.030052 0.032160 0.034356
v -0.025327 0.037111 0.037164
v -0.031190 0.037759 0.035886
v -0.029606 0.032122 0.032479
v -0.027494 0.029671 0.028597
v -0.025884 0.029446 0.029173
v -0.026457 0.031484 0.033635
v -0.016805 0.026550 0.033725
v -0.017461 0.027602 0.034314
v -0.021725 0.027554 0.029410
v -0.021372 0.027137 0.029182
v -0.015229 0.026339 0.034214
v -0.016421 0.027542 0.035002
v -0.020784 0.029660 0.034547
v -0.023171 0.028430 0.029681
v -0.022291 0.027964 0.029587
v -0.019121 0.028662 0.034331
v -0.020098 0.030150 0.036304
v -0.017855 0.028671 0.035654
v -0.026700 0.032028 0.035615
v -0.005500 0.075322 -0.148035
v -0.008345 0.060014 -0.151413
v -0.026973 0.065558 -0.142480
v -0.024073 0.078751 -0.139728
v -0.032167 0.031953 0.030971
v -0.028781 0.029643 0.027855
v -0.033483 0.081639 -0.131905
v -0.030902 0.089832 -0.128964
v -0.022114 0.090139 -0.134558
v -0.042152 -0.057607 -0.100771
v -0.032704 -0.070329 -0.107357
v -0.013061 0.025715 0.035344
v -0.014597 0.027383 0.035808
v -0.012119 0.024269 0.034924
v -0.011555 0.023962 0.034981
v -0.012371 0.025671 0.035316
v -0.013628 0.027409 0.035788
v -0.016536 0.028933 0.036313
v -0.015735 0.029184 0.036725
v -0.018914 0.031256 0.037762
v -0.019307 0.030530 0.037449
v -0.026466 0.032696 0.037134
v -0.026333 0.033671 0.037512
v -0.018182 0.032093 0.037231
v -0.015115 0.029645 0.036198
v -0.017334 0.032984 0.036643
v -0.014636 0.030613 0.035841
v -0.025744 0.035573 0.036336
v -0.026074 0.034745 0.037105
v -0.015658 0.022566 0.035087
v -0.013325 0.022518 0.034911
v -0.016126 0.022965 0.035045
v -0.013585 0.022824 0.034762
v -0.017220 0.023356 0.034298
v -0.012601 0.023153 0.034555
v -0.011995 0.022819 0.034739
v -0.018015 0.023480 0.033926
v -0.011675 0.025605 0.034875
v -0.010711 0.023603 0.034872
v -0.010444 0.025901 0.034081
v -0.009997 0.023608 0.034422
v -0.012231 0.028684 0.034515
v -0.012931 0.027619 0.034957
v -0.011041 0.022449 0.034658
v -0.011749 0.022110 0.034792
v -0.010313 0.022275 0.034515
v -0.011070 0.021744 0.034719
v -0.018885 0.020265 0.036291
v -0.018737 0.019624 0.036333
v -0.015347 0.021058 0.035663
v -0.014835 0.020498 0.035607
v -0.027778 0.018776 0.035699
v -0.030842 0.019381 0.034771
v -0.027566 0.017642 0.035800
v -0.030922 0.018226 0.034682
v -0.022582 0.017111 0.036755
v -0.022861 0.018092 0.036512
v -0.039219 -0.113958 -0.015054
v -0.040842 0.022863 0.027086
v -0.042091 0.022105 0.026446
v -0.040553 0.021026 0.028195
v -0.039446 0.022102 0.028533
v -0.037864 0.021372 0.030120
v -0.038541 0.020103 0.030076
v -0.036183 0.019380 0.031789
v -0.035777 0.020573 0.031854
v -0.033485 0.020079 0.033160
v -0.033977 0.018758 0.033214
v -0.043080 0.027065 0.024121
v -0.043155 0.030652 0.023486
v -0.044658 0.026687 0.022492
v -0.045374 0.030644 0.021369
v -0.008537 0.026655 0.034426
v -0.008805 0.023741 0.034176
v -0.006861 0.027015 0.035621
v -0.007324 0.024121 0.035188
v -0.007473 0.030028 0.036528
v -0.009479 0.029757 0.035007
v -0.009507 0.022233 0.034549
v -0.010415 0.021312 0.034604
v -0.008496 0.021984 0.034984
v -0.009694 0.020726 0.035116
v -0.018462 0.018790 0.036380
v -0.018118 0.017838 0.036554
v -0.014344 0.019818 0.035844
v -0.013673 0.018846 0.036045
v -0.049233 -0.001797 -0.118225
v -0.044480 0.041063 -0.131043
v -0.037520 0.042879 0.033269
v -0.035746 0.039708 0.034026
v -0.032129 0.040224 0.036274
v -0.033238 0.043919 0.036350
v -0.039426 0.047211 0.031370
v -0.042303 0.044235 0.028545
v -0.040446 0.041111 0.030358
v -0.038661 0.038564 0.031657
v -0.043395 0.033679 0.024246
v -0.041673 0.033422 0.025859
v -0.041417 0.035165 0.027179
v -0.043037 0.036128 0.025725
v -0.045544 0.034117 0.022077
v -0.045294 0.037481 0.023757
v -0.042035 0.038519 0.027866
v -0.040282 0.036801 0.029259
v -0.044221 0.040578 0.026150
v -0.014063 0.036404 0.038542
v -0.015114 0.035179 0.037192
v -0.012806 0.032519 0.035945
v -0.011265 0.032701 0.036710
v -0.012818 0.037660 0.039571
v -0.009102 0.033125 0.037668
v -0.026276 0.043118 0.039358
v -0.025909 0.039990 0.038292
v -0.016734 0.033508 0.036142
v -0.015028 0.031763 0.036010
v -0.016424 0.033624 0.036080
v -0.014505 0.031645 0.035825
v -0.037254 0.102053 -0.111166
v -0.038126 0.108171 -0.098619
v -0.019850 0.115627 -0.105009
v -0.020538 0.108331 -0.117336
v -0.033134 0.035432 0.034040
v -0.033561 0.036066 0.033899
v -0.036118 0.035409 0.032150
v -0.035766 0.034844 0.032275
v -0.037752 0.034166 0.030324
v -0.038160 0.034745 0.030289
v -0.039406 0.033891 0.028597
v -0.039041 0.033490 0.028715
v -0.039798 0.032823 0.027538
v -0.040199 0.032953 0.027142
v -0.014295 0.032502 0.036068
v -0.016027 0.033995 0.036571
v -0.037293 0.070391 -0.133208
v -0.027257 0.080311 0.022868
v -0.034867 0.078208 0.016155
v -0.034086 0.071291 0.021700
v -0.034271 0.037263 0.034372
v -0.037038 0.036566 0.032296
v -0.038977 0.035619 0.030091
v -0.040239 0.034445 0.028242
v -0.040831 0.033581 0.027010
v -0.071666 0.001033 -0.040516
v -0.071778 0.001245 -0.042342
v -0.076544 0.012631 -0.068414
v -0.073515 0.018653 -0.067288
v -0.071701 0.021768 -0.065622
v -0.073730 0.029517 -0.052631
v -0.074632 0.032952 -0.055525
v -0.083378 -0.004698 -0.061512
v -0.080648 -0.007194 -0.057622
v -0.083057 -0.003821 -0.062005
v -0.081779 0.030313 -0.064479
v -0.082582 0.028855 -0.065833
v -0.083614 0.028724 -0.065455
v -0.045817 -0.025455 -0.108302
v -0.048420 -0.011080 -0.114402
v -0.083216 0.027211 -0.067179
v -0.072396 0.006234 -0.044796
v -0.077619 0.012363 -0.068648
v -0.079199 0.012117 -0.070447
v -0.081033 0.007308 -0.070690
v -0.080250 0.007660 -0.070009
v -0.081456 0.002155 -0.068918
v -0.080716 0.002812 -0.068405
v -0.083933 -0.000724 -0.064613
v -0.083180 0.003510 -0.067447
v -0.075508 0.033568 -0.056909
v -0.075749 0.032770 -0.056101
v -0.076241 0.033756 -0.057272
v -0.073382 0.005337 -0.046197
v -0.072574 0.027034 -0.052669
v -0.072554 0.025321 -0.050862
v -0.072137 0.025671 -0.051377
v -0.070382 0.009851 -0.050354
v -0.069993 0.010596 -0.050538
v -0.071839 0.008598 -0.049900
v -0.073780 0.007663 -0.047757
v -0.069606 -0.000814 -0.049857
v -0.069397 -0.001524 -0.051377
v -0.068979 -0.002354 -0.050754
v -0.077756 0.039660 -0.059617
v -0.072934 0.024395 -0.050416
v -0.073847 0.025600 -0.050781
v -0.074332 0.026753 -0.051126
v -0.077113 0.033272 -0.057320
v -0.074561 0.027737 -0.051380
v -0.073597 0.027583 -0.051607
v -0.074497 0.029389 -0.052460
v -0.072924 0.027540 -0.052018
v -0.073911 0.002864 -0.063805
v -0.072956 0.002530 -0.061767
v -0.069277 0.021013 -0.040793
v -0.070014 0.019317 -0.043123
v -0.079869 -0.008045 -0.055319
v -0.070512 0.027328 -0.059762
v -0.070755 0.030430 -0.061516
v -0.084055 0.007943 -0.068619
v -0.078877 0.000641 -0.058941
v -0.077021 -0.000733 -0.057682
v -0.080936 0.002355 -0.060373
v -0.082168 0.005231 -0.061895
v -0.071138 0.018063 -0.054672
v -0.078558 0.023938 -0.060412
v -0.079231 0.021982 -0.061545
v -0.077288 0.023848 -0.059152
v -0.071091 0.033637 -0.059748
v -0.071473 0.033440 -0.057426
v -0.069233 0.029948 -0.059026
v -0.071727 0.031662 -0.057106
v -0.070814 0.002797 -0.049545
v -0.069838 -0.003180 -0.053221
v -0.071331 -0.001226 -0.054689
v -0.071052 -0.003357 -0.054245
v -0.072025 -0.002080 -0.055974
v -0.071954 -0.000856 -0.057547
v -0.072068 0.000870 -0.058822
v -0.072993 0.003044 -0.058901
v -0.069816 0.006744 -0.050208
v -0.070884 0.033873 -0.048361
v -0.069714 0.004907 -0.050208
v -0.070920 0.008624 -0.050069
v -0.071196 0.006917 -0.049708
v -0.071094 0.004972 -0.049462
v -0.076328 -0.003931 -0.051425
v -0.076073 -0.002480 -0.054003
v -0.074971 -0.003534 -0.050715
v -0.076090 -0.001807 -0.056219
v -0.073858 -0.003398 -0.050290
v -0.071851 0.028386 -0.059069
v -0.072002 0.031281 -0.058804
v -0.071211 0.004229 -0.038713
v -0.062040 0.010261 0.012070
v -0.061525 0.019749 0.006195
v -0.034366 -0.043067 0.034807
v -0.034234 -0.046003 0.035345
v -0.056565 -0.000919 0.026228
v -0.052911 -0.004281 0.031060
v -0.032057 -0.038432 0.046009
v -0.031496 -0.039328 0.046273
v -0.030502 -0.038947 0.046642
v -0.031138 -0.038447 0.046157
v -0.028873 -0.037880 0.045246
v -0.029808 -0.038208 0.044371
v -0.030040 -0.038254 0.045508
v -0.029170 -0.038176 0.046297
v -0.032509 -0.023327 0.046497
v -0.035256 -0.018738 0.044801
v -0.038962 -0.022354 0.043660
v -0.036328 -0.026214 0.045444
v -0.031874 -0.040398 0.037228
v -0.031499 -0.038892 0.037619
v -0.030677 -0.038634 0.040454
v -0.030707 -0.039310 0.040187
v -0.031992 -0.041318 0.037281
v -0.030615 -0.039644 0.040175
v -0.033935 -0.041452 0.034667
v -0.033175 -0.038982 0.034863
v -0.042047 -0.042909 0.041574
v -0.038064 -0.041431 0.043346
v -0.038406 -0.038215 0.043731
v -0.042179 -0.038205 0.041998
v -0.026759 -0.012548 0.045696
v -0.031170 -0.015375 0.045388
v -0.029165 -0.020268 0.046619
v -0.024305 -0.016660 0.046516
v -0.019891 -0.012820 0.047189
v -0.022051 -0.009239 0.046021
v -0.016729 -0.005331 0.050939
v -0.018102 -0.008911 0.052144
v -0.017478 -0.010212 0.055465
v -0.017531 -0.007979 0.054423
v -0.016721 -0.014641 0.053996
v -0.018637 -0.011102 0.050413
v -0.012953 -0.016729 0.054610
v -0.012630 -0.016276 0.055703
v -0.017056 -0.014941 0.052480
v -0.017463 -0.015772 0.050470
v -0.013623 -0.017205 0.053379
v -0.011920 -0.015683 0.056726
v -0.014700 -0.014736 0.056602
v -0.015720 -0.012204 0.057978
v -0.005559 -0.015709 0.064847
v -0.006337 -0.014135 0.066822
v -0.004410 0.015376 0.049721
v -0.007889 0.012516 0.046771
v -0.005063 0.012880 0.051971
v -0.008359 0.010249 0.048938
v -0.014670 -0.010034 0.061403
v -0.015591 -0.007902 0.059815
v -0.011977 -0.009410 0.065208
v -0.012276 -0.006643 0.064772
v 0.003941 0.028767 0.048441
v -0.004395 -0.019749 0.060803
v -0.004837 -0.020199 0.060312
v -0.003911 -0.018411 0.062465
v -0.001516 0.097450 -0.135512
v 0.000530 0.109545 -0.124333
v 0.004191 0.121976 -0.101177
v 0.007241 0.125602 -0.088743
v -0.011095 -0.035596 0.060963
v -0.010323 -0.032981 0.060940
v -0.019138 -0.038958 0.045109
v -0.013841 -0.040221 0.046577
v -0.013904 -0.041196 0.049599
v -0.019295 -0.040208 0.048328
v -0.022945 -0.039309 0.046613
v -0.023288 -0.037930 0.043362
v -0.018887 -0.037496 0.042514
v -0.013409 -0.038658 0.043555
v -0.018866 -0.041171 0.053960
v -0.013547 -0.041932 0.056000
v -0.012876 -0.040418 0.058462
v -0.018304 -0.039662 0.055938
v -0.020813 -0.019389 0.049151
v -0.016765 -0.019647 0.051747
v -0.012674 -0.020489 0.055336
v -0.009502 -0.021399 0.057955
v -0.008332 -0.019527 0.058226
v -0.010647 -0.018436 0.056018
v -0.007803 -0.018805 0.058595
v -0.009969 -0.017864 0.056622
v -0.009685 -0.017289 0.057227
v -0.009991 -0.016446 0.057637
v -0.008331 -0.016786 0.058877
v -0.008713 -0.016052 0.058768
v -0.007638 -0.018180 0.058985
v -0.000934 0.006389 0.065047
v -0.000112 0.009711 0.062038
v -0.014621 -0.030464 0.058876
v -0.009911 -0.030904 0.060294
v -0.008275 -0.027150 0.059618
v -0.012596 -0.026331 0.058204
v -0.017243 -0.026106 0.055770
v -0.019834 -0.030991 0.056263
v -0.005365 -0.020850 0.059881
v -0.015312 -0.032611 0.059107
v -0.016122 -0.035025 0.058837
v -0.020695 -0.033239 0.056323
v -0.021330 -0.035409 0.055881
v -0.024925 -0.032342 0.053121
v -0.022831 -0.026837 0.052821
v -0.028774 -0.027663 0.049521
v -0.029239 -0.033994 0.049985
v -0.037625 -0.035355 0.044692
v -0.033458 -0.038409 0.045591
v -0.033147 -0.037219 0.046152
v -0.032601 -0.036176 0.047051
v -0.036306 -0.032532 0.045815
v -0.040962 -0.033997 0.043053
v -0.039162 -0.029813 0.044268
v -0.033692 -0.029936 0.047323
v -0.031523 -0.035155 0.048115
v -0.032001 -0.037724 0.046562
v -0.031138 -0.038127 0.046452
v -0.031539 -0.037229 0.047326
v -0.030782 -0.037959 0.047105
v -0.030810 -0.036797 0.048229
v -0.030179 -0.037884 0.047886
v -0.028968 -0.037635 0.049108
v -0.029250 -0.036109 0.049705
v -0.029371 -0.038789 0.045563
v -0.028349 -0.039211 0.046426
v -0.028233 -0.039271 0.047478
v -0.029233 -0.038940 0.046376
v -0.030037 -0.038510 0.044761
v -0.029823 -0.038651 0.045779
v -0.030278 -0.038491 0.041091
v -0.029582 -0.038345 0.041681
v -0.030310 -0.038156 0.044295
v -0.030407 -0.038318 0.045111
v -0.030381 -0.038364 0.046188
v -0.030174 -0.038432 0.046555
v -0.029603 -0.038594 0.047227
v -0.028572 -0.038714 0.048281
v -0.021783 -0.037436 0.054845
v -0.025377 -0.036439 0.052653
v -0.025513 -0.038156 0.051511
v -0.022292 -0.039526 0.053253
v -0.025559 -0.039449 0.050277
v -0.023597 -0.036406 0.040687
v -0.022463 -0.040574 0.051444
v -0.027213 -0.037397 0.040784
v -0.027981 -0.036078 0.038198
v -0.026608 -0.038600 0.043973
v -0.030856 -0.038140 0.038323
v -0.030133 -0.037562 0.038674
v -0.032247 -0.037419 0.035387
v -0.031113 -0.036422 0.036144
v -0.025744 -0.039796 0.048802
v -0.025326 -0.034566 0.053114
v -0.017091 -0.037337 0.057614
v -0.011941 -0.037945 0.059842
v -0.003224 -0.000924 0.071507
v -0.002032 0.003153 0.068090
v -0.029707 -0.038508 0.046778
v -0.016921 -0.123490 -0.002306
v -0.032865 -0.039756 0.045621
v -0.031897 -0.043463 0.037519
v -0.030091 -0.040527 0.040604
v -0.040103 -0.047748 0.042427
v -0.036093 -0.052198 0.045372
v -0.033330 -0.048524 0.046903
v -0.036567 -0.045073 0.044192
v -0.029443 -0.043293 0.049231
v -0.031666 -0.041278 0.046874
v -0.030296 -0.040318 0.047742
v -0.027919 -0.041458 0.050118
v -0.026732 -0.039947 0.050601
v -0.029175 -0.039382 0.048053
v -0.024415 -0.037497 0.050059
v -0.019989 -0.037619 0.052494
v -0.020207 -0.041984 0.047524
v -0.024766 -0.041518 0.045214
v -0.029070 -0.040602 0.042016
v -0.027792 -0.037595 0.046400
v -0.024931 -0.037810 0.050415
v -0.027963 -0.037914 0.047570
v -0.020449 -0.037927 0.053461
v -0.027763 -0.119642 -0.007468
v -0.028443 -0.038478 0.047989
v -0.025662 -0.038511 0.050511
v -0.021327 -0.038887 0.053890
v -0.022656 -0.040755 0.054217
v -0.023944 -0.042921 0.054286
v -0.025336 -0.045563 0.053477
v -0.028752 -0.052395 0.050616
v -0.031105 -0.057066 0.049422
v -0.022995 -0.055068 0.053686
v -0.025042 -0.059950 0.053394
v -0.020568 -0.047618 0.056976
v -0.019415 -0.044185 0.058144
v -0.018108 -0.041583 0.057715
v -0.016980 -0.039456 0.056948
v -0.006278 -0.022381 0.059395
v -0.007169 -0.016921 0.060148
v -0.005960 -0.016561 0.062301
v -0.008324 -0.012069 0.067633
v -0.003548 -0.017481 0.064781
v -0.010587 -0.009980 0.066954
v -0.008935 -0.010787 0.068465
v -0.009181 -0.009192 0.069305
v -0.010250 -0.008311 0.068133
v -0.007563 -0.011648 0.069742
v -0.008427 -0.009572 0.070307
v -0.003807 -0.013527 0.071659
v -0.003963 -0.010117 0.073710
v -0.003846 -0.004492 0.073459
v -0.003965 -0.007895 0.074174
v -0.009379 -0.007483 0.069798
v -0.010283 -0.005339 0.068072
v -0.009872 -0.002234 0.066008
v -0.012349 -0.003892 0.062377
v 0.017279 0.128544 -0.044905
v -0.016079 -0.038259 0.056301
v -0.015254 -0.038044 0.054737
v -0.022004 -0.052710 0.040858
v -0.021223 -0.047954 0.043158
v -0.016509 -0.049151 0.044727
v -0.017198 -0.053882 0.042639
v -0.011083 -0.038641 0.055873
v -0.011734 -0.043492 0.049987
v -0.015402 -0.042702 0.049215
v -0.011367 -0.039050 0.057616
v -0.012138 -0.040357 0.058606
v -0.013165 -0.042581 0.059656
v -0.012950 -0.050102 0.045455
v -0.013706 -0.055058 0.043469
v -0.030637 -0.044868 0.038652
v -0.032060 -0.048923 0.036586
v -0.026150 -0.046982 0.041185
v -0.027170 -0.050809 0.039099
v -0.018628 -0.061462 0.056341
v -0.016934 -0.056668 0.055898
v -0.014292 -0.045612 0.059980
v -0.015262 -0.049399 0.058680
v 0.002253 0.117020 -0.113399
v -0.044954 0.086594 -0.007063
v -0.044529 0.079782 0.000978
v -0.036471 0.085615 0.007970
v -0.037377 0.091415 0.000638
v -0.043832 0.094497 -0.015305
v -0.036542 0.097985 -0.007170
v -0.013317 0.126734 -0.064339
v -0.013983 0.126087 -0.050030
v 0.005853 0.128202 -0.046141
v -0.008277 0.125883 -0.078345
v -0.022086 0.120340 -0.087682
v -0.023670 0.123214 -0.068217
v -0.023618 0.122886 -0.052875
v -0.031651 -0.083074 -0.108507
v -0.041753 0.053500 -0.132403
v -0.022557 0.121532 -0.039033
v -0.013709 0.124066 -0.036213
v -0.013866 0.120883 -0.023791
v -0.021750 0.118962 -0.027287
v 0.005495 0.125729 -0.031678
v 0.016770 0.125748 -0.029859
v -0.016788 0.011017 -0.145816
v 0.000580 0.013047 0.059278
v -0.052735 -0.042217 -0.091854
v -0.062024 -0.041137 -0.074082
v -0.065296 -0.097227 -0.050781
v -0.072193 -0.012266 -0.056336
v -0.071768 -0.011615 -0.056999
v -0.065699 -0.056124 -0.054754
v -0.065839 -0.040677 -0.055826
v -0.043372 -0.042278 -0.103459
v -0.078241 0.000771 -0.067385
v -0.078253 0.004580 -0.068367
v -0.079621 0.000106 -0.067107
v -0.079516 0.004181 -0.068341
v -0.078670 0.008424 -0.068884
v -0.080549 -0.001514 -0.066331
v -0.071445 0.033262 -0.055833
v -0.072704 0.035037 -0.054713
v -0.071793 -0.014219 -0.052055
v -0.071680 -0.013171 -0.053735
v -0.071042 -0.014082 -0.052918
v -0.070976 -0.014566 -0.051553
v -0.071633 -0.015340 -0.050428
v -0.070786 -0.015392 -0.050416
v -0.067689 0.049627 -0.048125
v -0.069195 -0.014876 -0.053880
v -0.071101 -0.012238 -0.056495
v -0.071168 -0.012836 -0.055004
v -0.070808 -0.014122 -0.053577
v -0.070150 -0.015931 -0.051547
v -0.070251 -0.016823 -0.049855
v -0.071194 -0.016657 -0.049313
v -0.081066 -0.002568 -0.066662
v -0.076204 -0.014258 -0.054868
v -0.071641 0.027094 -0.061541
v -0.071971 0.025298 -0.063208
v -0.073807 0.027239 -0.064631
v -0.073307 0.029203 -0.063132
v -0.059017 0.000569 -0.106067
v -0.059051 0.012725 -0.111100
v -0.018788 -0.081280 -0.113063
v -0.019398 -0.068161 -0.112987
v -0.066126 0.047795 -0.095796
v -0.071351 0.028508 -0.060165
v -0.073094 0.030814 -0.061697
v -0.077587 0.008722 -0.068720
v -0.069396 0.028047 -0.060371
v -0.070039 0.026500 -0.061773
v -0.073915 0.032567 -0.063304
v -0.074134 0.030700 -0.064837
v -0.074906 0.028478 -0.066328
v -0.070683 0.024724 -0.063261
v -0.071418 0.032172 -0.061554
v -0.064235 0.078176 -0.071912
v -0.064667 0.072477 -0.085996
v -0.057518 0.094074 -0.075329
v -0.057556 0.089148 -0.090649
v -0.054378 0.082632 -0.106623
v -0.061534 0.064943 -0.102031
v -0.071413 0.033392 -0.056216
v -0.073353 0.036232 -0.055279
v -0.042968 0.100904 -0.023123
v -0.048976 0.097132 -0.030398
v -0.035461 0.103726 -0.014356
v -0.034149 0.108876 -0.021092
v -0.041045 0.106797 -0.030107
v -0.049495 0.101744 -0.042314
v -0.065148 0.068754 -0.057021
v -0.061459 0.082967 -0.057731
v -0.057738 0.086181 -0.044080
v -0.054568 0.098293 -0.059643
v -0.043456 0.109858 -0.048685
v -0.047787 0.107189 -0.063357
v -0.034776 0.116759 -0.052544
v -0.037221 0.115425 -0.067273
v -0.037586 0.112971 -0.083341
v -0.050172 0.103774 -0.078599
v -0.038056 0.111827 -0.036299
v -0.031533 0.113249 -0.026544
v -0.031757 0.117075 -0.039790
v -0.028435 0.116753 -0.031113
v -0.055509 0.087316 -0.036848
v -0.066670 -0.022664 -0.049218
v -0.068825 -0.022545 -0.043930
v -0.071628 -0.010148 -0.036038
v -0.065564 0.013635 -0.000537
v -0.062946 0.025907 -0.003174
v -0.067760 0.018705 -0.013901
v -0.069100 0.004156 -0.012170
v -0.058676 0.039017 -0.005020
v -0.063852 0.032419 -0.015452
v -0.061046 0.046974 -0.017772
v -0.055776 0.053544 -0.005607
v -0.046987 0.075760 -0.121828
v -0.052657 0.059757 -0.119932
v -0.055757 0.047223 -0.118188
v -0.033661 0.065353 0.025786
v -0.003098 0.088733 -0.141785
v -0.028013 0.088132 0.015336
v -0.035256 0.094150 -0.122057
v -0.021291 0.097586 -0.128676
v -0.050367 0.099075 -0.093762
v -0.048280 0.093514 -0.107308
v -0.041738 0.085882 -0.122203
v -0.058232 0.030997 -0.116292
v -0.023123 0.115130 -0.019704
v -0.048125 0.034440 0.019059
v -0.048244 0.029828 0.018283
v -0.047682 0.039249 0.020451
v -0.047735 0.024735 0.020250
v -0.011829 0.009981 0.044489
v -0.012024 0.007798 0.046437
v -0.012148 0.005345 0.048495
v -0.015933 0.005846 0.044356
v -0.015920 0.002910 0.046193
v -0.009109 0.005091 0.053676
v -0.008797 0.007702 0.051310
v -0.012158 0.002872 0.050380
v -0.012532 0.000007 0.052235
v -0.009720 0.002336 0.056139
v -0.019239 -0.011051 0.048416
v -0.019097 -0.006310 0.046885
v -0.015728 -0.002912 0.048919
v -0.020104 0.000970 0.044785
v -0.019678 -0.002346 0.045978
v -0.015685 0.000263 0.047593
v -0.020622 0.004282 0.042892
v -0.014123 -0.002990 0.054745
v -0.015764 -0.006036 0.057646
v -0.010850 -0.000826 0.059325
v -0.008644 0.000938 0.062653
v -0.007461 0.004247 0.059450
v -0.015989 0.008193 0.042664
v -0.021148 0.007038 0.041477
v -0.023923 -0.004810 0.045495
v -0.029104 -0.006965 0.045188
v -0.025089 -0.000341 0.043902
v -0.029760 -0.001943 0.043465
v -0.025472 0.003165 0.042319
v -0.030208 0.001831 0.041667
v -0.033818 -0.010018 0.044639
v -0.038080 -0.013159 0.043568
v -0.042247 -0.017830 0.041905
v -0.039800 -0.007616 0.041782
v -0.044603 -0.012191 0.039879
v -0.040543 -0.002288 0.039736
v -0.046044 -0.006513 0.037703
v -0.034930 -0.004242 0.042759
v -0.035629 -0.000036 0.040782
v -0.030600 0.005420 0.039799
v -0.026051 0.006438 0.040713
v -0.039214 0.008197 0.035750
v -0.040219 0.002978 0.037736
v -0.035419 0.004346 0.038742
v -0.035023 0.008606 0.036830
v -0.046097 0.000341 0.035688
v -0.044091 0.007553 0.034153
v -0.042236 0.012038 0.032590
v -0.027227 0.015620 0.036485
v -0.022330 0.015267 0.037353
v -0.030801 0.016010 0.035416
v -0.038125 0.011838 0.034295
v -0.034647 0.011844 0.035585
v -0.044549 0.019638 0.026299
v -0.042433 0.018448 0.028570
v -0.036970 0.016893 0.032622
v -0.034100 0.016410 0.034061
v -0.039889 0.017593 0.030737
v -0.017498 0.015874 0.037309
v -0.012509 0.016909 0.037345
v -0.062119 -0.054801 -0.071067
v -0.006387 0.007187 0.056927
v -0.005689 0.010076 0.054326
v -0.006523 0.033129 0.039365
v -0.004962 0.029915 0.038652
v 0.000725 0.029208 0.045750
v -0.009517 0.038173 0.041803
v -0.008771 0.019028 0.037284
v -0.006509 0.021238 0.037188
v -0.005110 0.023575 0.037490
v -0.004208 0.026724 0.037995
v -0.017745 0.053193 0.043035
v -0.015652 0.046223 0.044564
v -0.042655 0.072176 0.009836
v -0.047834 0.064698 0.005948
v -0.039236 0.052452 0.028320
v -0.043169 0.049057 0.025209
v -0.046042 0.044397 0.022494
v -0.051933 0.053764 0.003103
v -0.055240 0.041617 0.002566
v -0.058721 0.030400 0.003512
v -0.027549 0.100386 0.001180
v -0.026269 0.105873 -0.005687
v -0.028356 0.094438 0.008313
v -0.014417 0.116748 -0.014340
v -0.015424 0.112379 -0.005906
v -0.024827 0.110835 -0.012580
v -0.016959 0.107425 0.001399
v -0.018479 0.102003 0.008189
v -0.019205 0.096131 0.015318
v -0.019335 0.089700 0.022323
v -0.019233 0.080957 0.028975
v -0.052865 -0.055311 -0.089468
v -0.006697 -0.006123 0.055088
v -0.006308 -0.006327 0.055548
v -0.006479 -0.006192 0.054877
v -0.006025 -0.006319 0.055362
v -0.006479 -0.006573 0.055522
v -0.008033 -0.014597 0.058192
v -0.006653 -0.012968 0.057243
v -0.006364 -0.009145 0.056489
v -0.072053 -0.017201 -0.038137
v -0.063524 -0.093199 -0.065860
v -0.059929 -0.089662 -0.079441
v 0.050627 -0.099729 -0.065578
v 0.046607 -0.096215 -0.079185
v 0.015357 -0.127579 -0.009494
v 0.027039 -0.124264 -0.016076
v 0.028969 -0.132620 -0.017424
v 0.016950 -0.135449 -0.011450
v 0.055464 -0.116607 -0.071236
v 0.052452 -0.108283 -0.067033
v 0.049055 -0.104551 -0.081714
v 0.053106 -0.112794 -0.086840
v 0.042473 -0.101925 -0.094415
v 0.046311 -0.111273 -0.100139
v 0.035974 -0.111060 -0.110118
v 0.033108 -0.099936 -0.104205
v 0.022030 -0.098496 -0.111350
v 0.023979 -0.110944 -0.116473
v 0.038882 -0.120183 -0.025160
v 0.048020 -0.115849 -0.037190
v 0.050069 -0.124721 -0.039829
v 0.040569 -0.128931 -0.026967
v 0.052735 -0.112096 -0.051368
v 0.054981 -0.120809 -0.054981
v 0.010103 -0.110637 -0.119551
v 0.008487 -0.096960 -0.114832
v 0.019850 -0.154865 -0.014748
v 0.007083 -0.156827 -0.013372
v 0.006731 -0.146637 -0.010457
v 0.018555 -0.144952 -0.013251
v 0.050107 -0.158983 -0.033239
v 0.063866 -0.153035 -0.046818
v 0.070288 -0.161540 -0.043530
v 0.054409 -0.168517 -0.030366
v 0.091504 -0.159693 -0.055529
v 0.100907 -0.149084 -0.077348
v 0.034721 -0.162375 -0.022395
v 0.037332 -0.172077 -0.018939
v -0.004045 -0.122792 -0.126880
v -0.004724 -0.109873 -0.120044
v 0.091624 -0.143272 -0.080114
v 0.090953 -0.139532 -0.104241
v 0.102521 -0.145792 -0.102518
v 0.049836 -0.159807 -0.143361
v 0.050268 -0.166575 -0.146123
v 0.064202 -0.162559 -0.143815
v 0.060741 -0.155853 -0.140321
v 0.070448 -0.126990 -0.099097
v 0.059591 -0.127346 -0.114222
v 0.067641 -0.135041 -0.119671
v 0.080646 -0.133169 -0.103152
v 0.033522 -0.143408 -0.136461
v 0.051063 -0.138748 -0.130202
v 0.045459 -0.130262 -0.124785
v 0.029798 -0.132850 -0.130908
v 0.082149 -0.138081 -0.080785
v 0.071795 -0.132258 -0.079172
v 0.074370 -0.146151 -0.062726
v 0.066046 -0.138901 -0.061958
v 0.058036 -0.144349 -0.046247
v 0.052257 -0.119898 -0.107276
v 0.040459 -0.121032 -0.117442
v 0.026418 -0.122367 -0.123730
v 0.011474 -0.123045 -0.126474
v -0.003862 -0.171850 -0.144867
v -0.003439 -0.159639 -0.142931
v 0.014967 -0.145615 -0.138128
v 0.013239 -0.134575 -0.133327
v 0.082599 -0.152701 -0.060698
v 0.059169 -0.130206 -0.059303
v 0.053379 -0.134604 -0.043293
v 0.061049 -0.175761 -0.019817
v 0.078479 -0.170150 -0.035616
v 0.041667 -0.179875 -0.008656
v 0.023588 -0.183304 -0.002143
v 0.016336 -0.158662 -0.141874
v 0.015326 -0.170678 -0.144169
v 0.034084 -0.168326 -0.145104
v 0.037947 -0.155756 -0.141808
v 0.046354 -0.149184 -0.032147
v 0.033417 -0.152482 -0.021027
v 0.020352 -0.164644 -0.015007
v 0.060303 -0.120443 -0.092876
v 0.061851 -0.124782 -0.075789
v 0.043171 -0.138818 -0.029806
v 0.031098 -0.142480 -0.019607
v 0.005746 -0.137444 -0.007571
v 0.021592 -0.174295 -0.010847
v 0.090495 -0.150391 -0.123767
v 0.077618 -0.157045 -0.136836
v 0.071500 -0.152682 -0.135252
v -0.003560 -0.146259 -0.139220
v -0.004014 -0.147103 -0.009874
v -0.004026 -0.157169 -0.013322
v -0.004272 -0.137850 -0.006227
v 0.076415 -0.144198 -0.125552
v 0.056590 -0.148229 -0.135734
v -0.005191 -0.130561 -0.002980
v -0.005618 -0.095644 -0.115687
v -0.004070 -0.168281 -0.016011
v -0.004415 -0.180142 -0.012440
v -0.004824 -0.189456 -0.002189
v 0.004795 -0.129972 -0.004751
v 0.008188 -0.178023 -0.010984
v 0.007498 -0.167254 -0.014756
v 0.008603 -0.187619 -0.001741
v -0.003611 -0.134479 -0.133925
v -0.026828 -0.126081 -0.009542
v -0.038848 -0.121497 -0.016143
v -0.039385 -0.130445 -0.017432
v -0.026646 -0.134337 -0.011321
v -0.065775 -0.112539 -0.071512
v -0.064379 -0.103045 -0.067324
v -0.060546 -0.099688 -0.081932
v -0.062957 -0.109032 -0.087036
v -0.053247 -0.098042 -0.094545
v -0.055743 -0.108167 -0.100261
v -0.044847 -0.108864 -0.110206
v -0.043305 -0.097083 -0.104280
v -0.030813 -0.096951 -0.111397
v -0.031746 -0.109774 -0.116549
v -0.050979 -0.116302 -0.025267
v -0.059990 -0.111238 -0.037532
v -0.060504 -0.120836 -0.039986
v -0.051714 -0.125560 -0.027017
v -0.065377 -0.106709 -0.051684
v -0.065689 -0.116700 -0.055276
v -0.018143 -0.110051 -0.119552
v -0.018250 -0.096067 -0.114830
v -0.027961 -0.154242 -0.014317
v -0.015003 -0.156636 -0.013119
v -0.014964 -0.146215 -0.010308
v -0.027357 -0.144038 -0.013062
v -0.058245 -0.157555 -0.034007
v -0.072322 -0.150424 -0.047395
v -0.078644 -0.158974 -0.044287
v -0.062505 -0.167074 -0.030965
v -0.100801 -0.155405 -0.056219
v -0.110361 -0.143703 -0.077933
v -0.042696 -0.161692 -0.022515
v -0.045359 -0.171679 -0.019260
v -0.100170 -0.138893 -0.080591
v -0.099605 -0.134955 -0.104582
v -0.112717 -0.139468 -0.102960
v -0.058163 -0.157801 -0.143598
v -0.058377 -0.164693 -0.146362
v -0.074546 -0.158971 -0.144088
v -0.069586 -0.153106 -0.140515
v -0.078372 -0.123745 -0.099251
v -0.067548 -0.124822 -0.114330
v -0.075566 -0.132130 -0.119801
v -0.088551 -0.129552 -0.103347
v -0.040440 -0.142356 -0.136571
v -0.058695 -0.136588 -0.130302
v -0.052608 -0.127987 -0.124698
v -0.036249 -0.131935 -0.130921
v -0.090264 -0.134382 -0.081160
v -0.080046 -0.128821 -0.079477
v -0.082708 -0.142932 -0.063188
v -0.074789 -0.135662 -0.062406
v -0.066728 -0.141641 -0.046952
v -0.060677 -0.117152 -0.107390
v -0.048054 -0.119266 -0.117513
v -0.033642 -0.121293 -0.123729
v -0.018596 -0.123051 -0.126495
v -0.021794 -0.145876 -0.138351
v -0.020639 -0.132315 -0.133016
v -0.091151 -0.149173 -0.061332
v -0.068571 -0.126749 -0.059833
v -0.062982 -0.131373 -0.043772
v -0.069813 -0.174064 -0.020066
v -0.087541 -0.167084 -0.036203
v -0.050287 -0.179120 -0.008734
v -0.032496 -0.182819 -0.001959
v -0.023456 -0.158070 -0.142009
v -0.022989 -0.170073 -0.144198
v -0.042307 -0.167100 -0.145274
v -0.045884 -0.154336 -0.141970
v -0.055571 -0.146978 -0.032748
v -0.042056 -0.151203 -0.020907
v -0.028218 -0.164581 -0.015051
v -0.068965 -0.117149 -0.093060
v -0.070965 -0.121271 -0.076090
v -0.053567 -0.135969 -0.030027
v -0.040562 -0.140771 -0.019655
v -0.015341 -0.137009 -0.007550
v -0.029637 -0.174131 -0.010873
v -0.101923 -0.144252 -0.124073
v -0.089131 -0.151943 -0.137102
v -0.081121 -0.148943 -0.135434
v -0.085369 -0.140424 -0.125773
v -0.064587 -0.146000 -0.135896
v -0.016010 -0.129300 -0.004875
v -0.016450 -0.178041 -0.010905
v -0.015345 -0.167395 -0.014801
v -0.018011 -0.187191 -0.001629
v -0.006815 -0.006410 0.055163
v -0.071325 -0.018976 -0.015575
v -0.072180 -0.026968 -0.023092
v -0.071012 -0.039117 -0.015271
v -0.070643 -0.029993 -0.007402
v -0.067801 -0.050217 -0.007080
v -0.069167 -0.039102 -0.001065
v -0.062843 -0.059575 0.002388
v -0.066229 -0.047652 0.006445
v -0.059069 -0.064526 0.012584
v -0.062445 -0.053532 0.014943
v -0.045851 -0.069028 0.035162
v -0.044364 -0.074891 0.031286
v -0.038866 -0.078159 0.039300
v -0.039094 -0.073799 0.043513
v -0.032321 -0.081349 0.046159
v -0.032369 -0.077243 0.050335
v -0.024744 -0.083486 0.050085
v -0.024258 -0.079708 0.054542
v -0.015282 -0.085238 0.051991
v -0.014652 -0.081397 0.056359
v -0.012885 -0.071943 0.059443
v -0.021713 -0.070446 0.058092
v -0.022997 -0.075250 0.057094
v -0.014045 -0.077310 0.058517
v -0.028956 -0.068310 0.054148
v -0.031025 -0.073174 0.052800
v -0.035003 -0.065027 0.048524
v -0.037474 -0.069720 0.046474
v -0.041850 -0.059777 0.041517
v -0.044385 -0.064584 0.038596
v -0.047241 -0.053907 0.037201
v -0.050801 -0.056727 0.032854
v -0.023825 -0.087016 0.043567
v -0.015380 -0.088349 0.045890
v -0.030864 -0.085123 0.039908
v -0.037077 -0.082130 0.033805
v -0.042458 -0.079449 0.026600
v -0.053104 -0.068524 0.022524
v -0.047405 -0.077132 0.018231
v -0.054017 -0.072051 0.009548
v -0.057906 -0.067520 -0.001578
v -0.064675 -0.057846 -0.012666
v -0.069612 -0.045454 -0.022772
v -0.071478 -0.032229 -0.030666
v -0.072001 -0.018608 -0.028572
v -0.026962 -0.064319 0.054162
v -0.020206 -0.065954 0.057592
v -0.032547 -0.061457 0.049474
v -0.038792 -0.056106 0.043712
v -0.043749 -0.050672 0.040256
v -0.046211 -0.038320 0.039498
v -0.046288 -0.044599 0.039174
v -0.042340 -0.027002 0.042116
v -0.044541 -0.032483 0.040644
v -0.048895 -0.019179 0.037088
v -0.052245 -0.027317 0.033862
v -0.048637 -0.030558 0.037507
v -0.045857 -0.023523 0.039725
v -0.051122 -0.012663 0.034135
v -0.055347 -0.022450 0.029781
v -0.022909 -0.089844 0.037615
v -0.015241 -0.091405 0.038907
v -0.029323 -0.088385 0.034119
v -0.034097 -0.086768 0.028344
v -0.037471 -0.085940 0.021421
v -0.041512 -0.084495 0.013699
v -0.045337 -0.081959 0.004861
v -0.051063 -0.077248 -0.005697
v -0.059707 -0.067244 -0.017934
v -0.067193 -0.051585 -0.029225
v -0.069055 -0.037587 -0.037428
v -0.031886 -0.094613 0.008745
v -0.029381 -0.093880 0.015143
v -0.027644 -0.094092 0.020752
v -0.025217 -0.094195 0.025534
v -0.020619 -0.096151 0.025039
v -0.014067 -0.098074 0.024725
v -0.017813 -0.098732 0.017209
v -0.012338 -0.100368 0.017843
v -0.019315 -0.101029 0.012633
v -0.011060 -0.103043 0.014051
v -0.020758 -0.104220 0.009444
v -0.010018 -0.107617 0.010391
v -0.050428 -0.046299 0.035720
v -0.054517 -0.046687 0.030841
v -0.054447 -0.036586 0.031404
v -0.058119 -0.033168 0.026115
v -0.058806 -0.045447 0.024597
v -0.050561 -0.038319 0.035992
v -0.063244 -0.041159 0.016924
v -0.061517 -0.027960 0.020182
v -0.057937 -0.015772 0.025721
v -0.063518 -0.021573 0.015072
v -0.066188 -0.034724 0.009601
v -0.060421 -0.010943 0.021128
v -0.062154 -0.006279 0.017001
v -0.064813 -0.016463 0.010621
v -0.067516 -0.027625 0.004613
v -0.055986 -0.059333 0.024842
v -0.068503 -0.021199 -0.000692
v -0.063637 -0.002077 0.012321
v -0.065828 -0.011213 0.005933
v -0.064956 0.003641 0.006369
v -0.067509 -0.005095 -0.002535
v -0.069659 -0.013222 -0.009143
v -0.071366 -0.010256 -0.024572
v -0.012081 -0.067292 0.059099
v -0.066667 -0.021358 -0.053612
v -0.025366 -0.023962 0.049604
v -0.019903 -0.023123 0.052339
v -0.014928 -0.023387 0.055582
v -0.010982 -0.023897 0.058029
v -0.007185 -0.024826 0.059454
v -0.007381 -0.119402 0.003463
v 0.010605 0.041174 0.049220
v -0.008565 -0.112399 0.007496
v -0.009674 -0.056020 0.043803
v 0.027062 0.124717 -0.028773
v -0.011175 -0.062654 0.058338
v -0.008630 -0.050889 0.045864
v 0.002743 0.003255 0.069946
v -0.010316 -0.058263 0.057275
v -0.007938 -0.047376 0.060829
v -0.006623 -0.041387 0.059194
v 0.017868 0.076738 0.039722
v -0.007148 -0.043820 0.060474
v -0.003245 -0.023374 0.059743
v 0.001952 -0.000759 0.073365
v -0.006307 -0.039902 0.057891
v -0.006261 -0.044281 -0.118070
v -0.008740 -0.050979 0.059267
v -0.007436 -0.044557 0.050211
v -0.006266 -0.039482 0.056231
v -0.006339 -0.040464 0.043975
v -0.003691 -0.026131 0.059716
v 0.006189 0.019597 0.055675
v -0.000894 -0.005984 -0.142064
v 0.005469 0.016614 0.058249
v 0.022218 0.100284 0.021750
v 0.019805 0.086924 0.033996
v 0.003473 0.006847 0.066750
v 0.012165 0.055518 -0.154896
v 0.015603 0.071634 -0.151656
v 0.014320 0.059765 0.045392
v 0.026751 0.123464 -0.092083
v 0.001160 -0.004669 0.075500
v -0.002065 -0.018244 0.064999
v 0.025435 0.116571 -0.003796
v 0.004951 0.021818 -0.152565
v 0.024772 0.114565 -0.116472
v -0.006719 -0.041941 0.059236
v 0.026315 0.120983 -0.015731
v -0.006972 -0.043396 0.056382
v -0.001147 -0.014670 0.072506
v 0.001624 0.006395 -0.148342
v 0.007780 0.035228 -0.154528
v -0.004988 -0.032336 0.060427
v -0.004216 -0.028621 0.059752
v 0.025941 0.119919 -0.104694
v 0.011996 0.047229 0.048676
v -0.005381 -0.034735 0.061274
v 0.008012 0.028336 0.050169
v -0.005806 -0.037226 0.061658
v -0.006418 -0.125053 -0.000120
v 0.020538 0.094941 -0.138637
v -0.006279 -0.039610 0.060615
v -0.006757 -0.042569 0.050176
v 0.004230 0.010294 0.063790
v -0.006586 -0.041723 0.047134
v 0.015821 0.066947 0.043074
v -0.002699 -0.020983 0.061072
v -0.002554 -0.020490 0.061610
v 0.007401 0.025839 0.051098
v 0.021032 0.094172 0.028144
v 0.008619 0.030815 0.049932
v -0.002787 -0.021613 0.060527
v 0.018649 0.085976 -0.145093
v 0.027683 0.127860 -0.074713
v 0.027870 0.128744 -0.061454
v 0.006722 0.022513 0.053374
v 0.004978 0.013645 0.060760
v -0.007949 -0.053919 -0.116298
v -0.000284 -0.011381 0.075235
v 0.000347 -0.008536 0.076108
v 0.024386 0.111358 0.006422
v -0.002605 -0.015376 -0.136854
v 0.027681 0.127995 -0.044253
v 0.023261 0.105895 0.014660
v -0.005166 -0.032793 -0.125010
v -0.003919 -0.022948 -0.132527
v -0.001466 -0.015817 0.070816
v 0.009096 0.034136 0.049486
v -0.001838 -0.017278 0.067673
v 0.023196 0.107298 -0.127300
v -0.002303 -0.019452 0.062810
v 0.006841 -0.009218 0.055269
v 0.061099 -0.044400 -0.014551
v 0.058562 -0.051147 -0.022225
v 0.053657 -0.061514 -0.014322
v 0.056506 -0.054172 -0.006380
v 0.047840 -0.070448 -0.006239
v 0.052161 -0.061910 -0.000201
v 0.041679 -0.076667 0.002962
v 0.046639 -0.068610 0.007121
v -0.005401 -0.013777 0.069755
v -0.004745 -0.015618 0.067279
v 0.036031 -0.080556 0.013028
v 0.041643 -0.072365 0.015485
v -0.009194 0.022965 0.034356
v -0.009784 -0.016712 0.057523
v -0.004298 0.005752 0.062683
v -0.007943 0.023008 0.035029
v 0.020179 -0.080984 0.035293
v 0.018433 -0.085535 0.031384
v 0.010330 -0.086749 0.039202
v 0.011446 -0.083004 0.043455
v -0.012141 -0.015780 0.056354
v 0.002435 -0.087611 0.046131
v 0.003765 -0.083982 0.050382
v -0.005670 -0.087074 0.050153
v -0.004867 -0.083500 0.054707
v -0.002575 0.012084 0.057111
v -0.002444 0.021186 0.044293
v -0.004284 -0.073938 0.058488
v -0.004524 -0.078942 0.057415
v -0.003240 0.008777 0.060010
v -0.016731 -0.011392 0.056474
v -0.015696 -0.014557 0.055340
v -0.006899 -0.007669 0.072230
v -0.007250 -0.004719 0.071273
v 0.003254 -0.074751 0.054385
v -0.008085 -0.010428 0.070125
v -0.005745 -0.012600 0.070795
v 0.003844 -0.079846 0.052987
v -0.010679 0.022994 0.034723
v -0.021135 0.026353 0.028775
v -0.006471 -0.009737 0.072082
v -0.003886 -0.012200 0.072707
v -0.013707 0.024539 0.032504
v -0.010008 0.022994 0.034503
v -0.012046 -0.007864 0.065203
v -0.001268 0.019972 0.048624
v 0.010151 -0.073861 0.048759
v 0.011242 -0.078864 0.046634
v 0.018566 -0.071569 0.041940
v 0.019838 -0.076632 0.038943
v -0.015058 -0.008830 0.060721
v 0.025774 -0.068308 0.037857
v 0.028566 -0.071885 0.033414
v -0.006171 -0.090096 0.043526
v -0.011495 0.023262 0.034633
v -0.012015 0.023579 0.034537
v -0.005569 0.002402 0.065760
v 0.001584 -0.090567 0.039776
v 0.009140 -0.089760 0.033679
v 0.016039 -0.089180 0.026649
v 0.029147 -0.082554 0.022838
v -0.016308 0.025098 0.032941
v -0.004961 -0.017518 0.062403
v -0.010419 -0.009032 0.067615
v -0.009117 -0.009837 0.069033
v -0.005549 -0.018254 0.060572
v 0.024026 -0.088287 0.018427
v 0.031338 -0.085186 0.009758
v -0.005716 0.022428 0.037339
v 0.036952 -0.081256 -0.001285
v -0.001428 0.017653 0.052237
v -0.001956 0.014850 0.054994
v 0.044394 -0.074971 -0.012122
v 0.051406 -0.065214 -0.022068
v -0.004605 -0.016648 0.064821
v 0.056565 -0.054642 -0.029938
v 0.061722 -0.044150 -0.027495
v 0.002820 -0.070294 0.054551
v -0.004023 -0.069158 0.058051
v 0.009280 -0.069743 0.049854
v -0.006743 -0.001209 0.069145
v 0.017149 -0.067115 0.044138
v 0.023816 -0.064137 0.040990
v 0.030946 -0.053900 0.040495
v -0.007865 -0.017205 0.059091
v 0.028498 -0.059599 0.040139
v 0.031789 -0.041968 0.043200
v 0.031645 -0.047874 0.041661
v 0.040932 -0.037253 0.038198
v 0.040741 -0.045953 0.034890
v 0.036169 -0.047619 0.038562
v -0.000761 -0.013244 0.073923
v -0.006063 -0.011365 0.071524
v 0.036499 -0.040104 0.040898
v 0.045552 -0.032054 0.035139
v 0.045449 -0.042645 0.030740
v -0.007016 -0.092513 0.037575
v -0.019702 0.040115 0.039803
v -0.020169 0.037841 0.038378
v -0.000236 -0.093215 0.034051
v 0.006939 -0.093222 0.028304
v 0.012486 -0.093442 0.021498
v 0.018420 -0.093120 0.013809
v 0.024685 -0.090998 0.004929
v 0.031390 -0.087336 -0.005480
v -0.012377 0.041888 0.043324
v 0.004929 0.038430 0.048478
v -0.000257 0.039528 0.047391
v 0.040404 -0.080866 -0.017450
v -0.022078 0.033314 0.037213
v -0.023173 0.031182 0.036033
v -0.020469 0.035767 0.037070
v -0.022882 0.031519 0.037362
v -0.022590 0.032345 0.037653
v 0.049379 -0.068785 -0.028580
v -0.020841 0.034801 0.036692
v 0.053622 -0.056871 -0.036641
v -0.020793 0.034868 0.036673
v 0.011166 -0.099777 0.008644
v -0.017387 0.041864 0.041427
v 0.005735 -0.098723 0.015105
v 0.000482 -0.098410 0.020734
v -0.021338 0.034246 0.036600
v -0.023359 0.030627 0.034365
v -0.003437 -0.097666 0.025493
v -0.024391 0.028960 0.029567
v -0.008013 -0.098208 0.025055
v 0.009847 0.037621 0.049383
v -0.009261 0.051527 0.046138
v -0.039093 0.056741 0.024992
v -0.006496 -0.100418 0.017237
v -0.043292 0.052128 0.022133
v -0.003472 -0.103139 0.012613
v -0.044197 0.015757 0.029200
v -0.046604 0.017112 0.026680
v -0.007748 0.044943 0.046664
v -0.000432 -0.106639 0.009552
v 0.031473 -0.062621 0.036460
v 0.035348 -0.064222 0.031502
v 0.039029 -0.055183 0.032265
v 0.043796 -0.053411 0.026939
v -0.010539 0.071410 0.038013
v -0.005769 0.117690 -0.010451
v -0.010462 0.064198 0.041368
v -0.025983 0.059844 0.035532
v 0.040249 -0.064457 0.025268
v -0.006819 0.113162 -0.001293
v 0.034777 -0.055413 0.036843
v 0.045992 -0.062042 0.017669
v 0.048973 -0.049715 0.021059
v 0.050526 -0.037375 0.026626
v 0.053280 -0.044531 0.015927
v -0.033499 0.059797 0.029386
v 0.050776 -0.057394 0.010471
v -0.050254 0.022612 0.019424
v 0.006474 0.054284 0.047295
v -0.050422 0.028569 0.016412
v 0.054677 -0.033850 0.022098
v -0.001593 0.055920 0.046588
v -0.000220 0.127506 -0.073169
v 0.058131 -0.030082 0.017931
v 0.056301 -0.040370 0.011573
v 0.054581 -0.051349 0.005513
v 0.033819 -0.075479 0.025286
v -0.004218 0.037037 0.044156
v 0.057797 -0.045907 0.000336
v -0.034320 0.014439 0.034626
v -0.037449 0.014569 0.033275
v 0.061030 -0.026745 0.013274
v -0.004060 0.127989 -0.061862
v -0.049747 0.020463 0.021504
v -0.010204 0.089871 0.027466
v -0.001691 0.029611 0.042230
v -0.002878 0.032754 0.042372
v -0.009655 0.096738 0.020760
v 0.059267 -0.035818 0.006864
v 0.064413 -0.021973 0.007301
v 0.063227 -0.030861 -0.001542
v -0.008780 0.102781 0.013784
v 0.061905 -0.038904 -0.008072
v 0.064372 -0.036648 -0.023347
v -0.005251 0.121840 -0.021129
v -0.017125 0.014280 0.038185
v 0.056917 -0.042094 -0.052579
v 0.017071 -0.032595 0.050214
v 0.012325 -0.029715 0.052811
v -0.046764 0.046495 0.019610
v -0.048937 0.040170 0.017902
v -0.004804 0.127409 -0.047958
v -0.026964 0.014053 0.037123
v -0.049802 0.034317 0.016754
v 0.011697 0.127135 -0.081295
v 0.007655 -0.028034 0.056020
v -0.048530 0.018562 0.024089
v 0.003914 -0.026964 0.058541
v 0.000060 -0.026293 0.059840
v -0.018553 0.059206 0.040417
v -0.030845 0.014202 0.036008
v -0.001721 0.026384 0.041790
v -0.012117 0.015609 0.038525
v -0.008143 0.017931 0.038925
v -0.007781 0.108164 0.006639
v -0.005237 0.020377 0.039864
v -0.002806 0.023100 0.041217
v -0.022092 0.013807 0.038000
v -0.010607 0.080592 0.033818
v -0.004811 0.125095 -0.033862
v -0.040944 0.015074 0.031396
v 0.027158 0.125337 -0.084149
v 0.012981 0.053209 0.047309
v -0.003910 0.021742 0.040710
v -0.006099 0.040798 0.045737
v -0.010223 0.057635 0.044327
v -0.009484 -0.054517 0.057799
v -0.032404 -0.032913 0.048009
v -0.034182 -0.034606 0.046633
v -0.035024 -0.040335 0.044733
v -0.024251 -0.029636 0.053033
v -0.029160 -0.031288 0.050084
v -0.027006 -0.048722 0.052158
v -0.035042 -0.036409 0.045638
v -0.021716 -0.051033 0.055311
v -0.035567 -0.038240 0.044890
v -0.016083 -0.052687 0.056864
v -0.004571 -0.030346 0.060133
v -0.013630 -0.028297 0.058564
v -0.008957 -0.029028 0.060058
v -0.018789 -0.028503 0.056025
v -0.033547 -0.042873 0.045768
v -0.031148 -0.045796 0.048335
v 0.003004 -0.015610 0.069935
v 0.001578 -0.016935 0.067409
v 0.020869 0.016897 0.035241
v 0.005581 -0.019857 0.057777
v 0.009731 0.002988 0.062970
v 0.019686 0.017448 0.035729
v 0.008121 -0.020003 0.056637
v 0.010745 0.009483 0.057413
v 0.013938 0.017913 0.044651
v 0.010012 0.006201 0.060318
v 0.014093 -0.017815 0.056766
v 0.011873 -0.020327 0.055628
v 0.006973 -0.010458 0.072462
v 0.008423 -0.007857 0.071518
v 0.006804 -0.013504 0.070319
v 0.003866 -0.014685 0.071007
v 0.022352 0.016326 0.035809
v 0.033415 0.015306 0.029847
v 0.005771 -0.012255 0.072312
v 0.002495 -0.013638 0.072926
v 0.025804 0.016363 0.033750
v 0.021698 0.016591 0.035525
v 0.011250 -0.012615 0.065372
v 0.012539 0.017229 0.049008
v 0.013621 -0.014752 0.060972
v 0.023259 0.016228 0.035800
v 0.023883 0.016279 0.035782
v 0.009468 -0.000631 0.066033
v 0.028375 0.015751 0.034115
v 0.000841 -0.018632 0.062451
v 0.009319 -0.013054 0.067775
v 0.007874 -0.013324 0.069214
v 0.001066 -0.019516 0.060639
v 0.017346 0.017778 0.037892
v 0.011889 0.015038 0.052581
v 0.011375 0.012246 0.055310
v 0.000932 -0.017718 0.064899
v 0.009250 -0.004435 0.069388
v 0.003616 -0.019506 0.059241
v 0.004713 -0.013650 0.071749
v 0.037921 0.028681 0.040870
v 0.037398 0.026373 0.039610
v 0.031881 0.032960 0.044314
v 0.014604 0.036459 0.048842
v 0.019765 0.035469 0.047940
v 0.037059 0.021519 0.038526
v 0.036988 0.019078 0.037003
v 0.036715 0.024309 0.038383
v 0.037023 0.019448 0.038625
v 0.037109 0.020392 0.038968
v 0.036587 0.023256 0.038067
v 0.036560 0.023329 0.038142
v 0.036502 0.031102 0.042491
v 0.036786 0.022574 0.037986
v 0.037022 0.018661 0.035231
v 0.037388 0.016726 0.030484
v 0.032927 0.043169 0.047054
v 0.061937 0.036690 0.025683
v 0.063847 0.030799 0.022763
v 0.050444 -0.003201 0.030229
v 0.053174 -0.002807 0.027647
v 0.028897 0.037607 0.047593
v 0.041521 0.060957 0.038447
v 0.054489 0.105643 -0.010508
v 0.038766 0.054350 0.041883
v 0.051323 0.044478 0.036206
v 0.053670 0.100993 -0.001296
v 0.058125 0.041622 0.030048
v 0.058860 0.000983 0.020372
v 0.019405 0.051744 0.047578
v 0.061559 0.006318 0.017455
v 0.027522 0.050166 0.047146
v 0.053178 0.116857 -0.073244
v 0.022331 0.031713 0.044767
v 0.040836 -0.000670 0.035856
v 0.043773 -0.001760 0.034477
v 0.056981 0.115824 -0.061959
v 0.057449 -0.000860 0.022384
v 0.048220 0.078087 0.027626
v 0.016971 0.025989 0.042608
v 0.019317 0.028408 0.042817
v 0.049938 0.084434 0.021110
v 0.051416 0.090475 0.013962
v 0.055675 0.109695 -0.021213
v 0.024642 0.005684 0.038864
v 0.064727 0.024292 0.020202
v 0.064382 0.017622 0.018679
v 0.057432 0.115041 -0.048069
v 0.033806 0.001628 0.038088
v 0.063142 0.011816 0.017690
v 0.042086 0.121033 -0.081326
v 0.055600 -0.002208 0.024986
v 0.044280 0.046682 0.041104
v 0.037460 0.000404 0.037144
v 0.015488 0.023053 0.042121
v 0.020452 0.008913 0.039078
v 0.017699 0.012623 0.039384
v 0.052593 0.095928 0.006708
v 0.016024 0.016072 0.040328
v 0.015025 0.019579 0.041558
v 0.028972 0.003365 0.038765
v 0.045127 0.069478 0.034196
v 0.056563 0.112895 -0.033966
v 0.047159 -0.002634 0.032500
v 0.015419 0.017861 0.041124
v 0.025653 0.034359 0.046507
v 0.036105 0.048410 0.045035
v 0.020340 -0.043703 0.048750
v 0.021392 -0.045944 0.047444
v 0.019921 -0.051475 0.045706
v 0.013967 -0.037493 0.053525
v 0.017922 -0.040936 0.050677
v 0.008495 -0.055742 0.052278
v 0.021405 -0.047908 0.046509
v 0.002881 -0.055870 0.055411
v 0.021200 -0.049793 0.045883
v -0.002916 -0.055396 0.057124
v 0.004670 -0.031990 0.059054
v 0.000034 -0.030804 0.060442
v 0.009289 -0.034228 0.056494
v 0.017389 -0.053155 0.046429
v 0.013708 -0.054730 0.048575
v 0.037082 0.015201 0.024781
v -0.024604 0.027458 0.023742
v 0.035342 0.014850 0.037882
v 0.033807 0.015161 0.037406
v 0.032391 0.015449 0.036636
v 0.031204 0.015690 0.035640
v 0.035436 0.015155 0.037881
v 0.033991 0.015762 0.037407
v 0.032658 0.016320 0.036636
v 0.031542 0.016788 0.035639
v 0.035587 0.015438 0.037882
v 0.034288 0.016314 0.037407
v 0.033091 0.017122 0.036636
v 0.032086 0.017800 0.035639
v 0.035790 0.015684 0.037882
v 0.034688 0.016798 0.037407
v 0.033670 0.017825 0.036636
v 0.032817 0.018685 0.035639
v 0.036039 0.015886 0.037881
v 0.035173 0.017194 0.037406
v 0.034375 0.018401 0.036636
v 0.033706 0.019412 0.035640
v 0.036320 0.016036 0.037882
v 0.035726 0.017488 0.037407
v 0.035179 0.018827 0.036636
v 0.034720 0.019950 0.035638
v 0.036626 0.016128 0.037882
v 0.036327 0.017668 0.037406
v 0.036050 0.019088 0.036635
v 0.035819 0.020279 0.035638
v 0.036945 0.016158 0.037881
v 0.036950 0.017728 0.037406
v 0.036956 0.019175 0.036636
v 0.036960 0.020387 0.035637
v 0.037262 0.016125 0.037881
v 0.037574 0.017663 0.037405
v 0.037861 0.019082 0.036634
v 0.038102 0.020271 0.035637
v 0.037567 0.016032 0.037880
v 0.038173 0.017479 0.037405
v 0.038730 0.018814 0.036633
v 0.039198 0.019932 0.035635
v 0.037849 0.015879 0.037880
v 0.038723 0.017181 0.037403
v 0.039530 0.018381 0.036632
v 0.040206 0.019387 0.035634
v 0.038094 0.015676 0.037879
v 0.039206 0.016781 0.037403
v 0.040231 0.017800 0.036631
v 0.041090 0.018655 0.035633
v 0.038295 0.015427 0.037879
v 0.039600 0.016294 0.037402
v 0.040805 0.017094 0.036630
v 0.041815 0.017764 0.035633
v 0.038445 0.015145 0.037878
v 0.039894 0.015740 0.037401
v 0.041230 0.016288 0.036629
v 0.042350 0.016748 0.035631
v 0.038536 0.014838 0.037877
v 0.040073 0.015138 0.037400
v 0.041490 0.015416 0.036627
v 0.042678 0.015647 0.035629
v 0.038566 0.014519 0.037876
v 0.040132 0.014514 0.037399
v 0.041575 0.014508 0.036627
v 0.042786 0.014504 0.035628
v 0.038534 0.014201 0.037876
v 0.040068 0.013890 0.037398
v 0.041483 0.013602 0.036626
v 0.042670 0.013361 0.035629
v 0.038440 0.013896 0.037876
v 0.039884 0.013289 0.037398
v 0.041215 0.012731 0.036625
v 0.042332 0.012262 0.035627
v 0.038288 0.013614 0.037876
v 0.039587 0.012738 0.037398
v 0.040784 0.011929 0.036626
v 0.041789 0.011252 0.035628
v 0.038085 0.013367 0.037876
v 0.039188 0.012254 0.037399
v 0.040205 0.011227 0.036627
v 0.041059 0.010366 0.035629
v 0.037837 0.013166 0.037877
v 0.038703 0.011858 0.037400
v 0.039501 0.010651 0.036628
v 0.040171 0.009638 0.035632
v 0.037556 0.013015 0.037877
v 0.038150 0.011563 0.037401
v 0.038698 0.010224 0.036629
v 0.039157 0.009101 0.035631
v 0.037251 0.012923 0.037878
v 0.037550 0.011383 0.037401
v 0.037827 0.009962 0.036630
v 0.038058 0.008771 0.035633
v 0.036932 0.012893 0.037879
v 0.036927 0.011323 0.037403
v 0.036922 0.009875 0.036632
v 0.036918 0.008662 0.035633
v 0.036615 0.012925 0.037879
v 0.036304 0.011387 0.037403
v 0.036017 0.009968 0.036632
v 0.035777 0.008778 0.035634
v 0.036310 0.013019 0.037880
v 0.035705 0.011571 0.037404
v 0.035148 0.010235 0.036633
v 0.034680 0.009117 0.035635
v 0.036028 0.013171 0.037880
v 0.035154 0.011869 0.037404
v 0.034347 0.010668 0.036633
v 0.033672 0.009661 0.035635
v 0.035782 0.013375 0.037880
v 0.034671 0.012269 0.037405
v 0.033646 0.011249 0.036634
v 0.032788 0.010394 0.035635
v 0.035581 0.013624 0.037880
v 0.034276 0.012756 0.037404
v 0.033072 0.011956 0.036634
v 0.032063 0.011285 0.035637
v 0.035431 0.013906 0.037881
v 0.033982 0.013310 0.037406
v 0.032646 0.012761 0.036634
v 0.031526 0.012301 0.035636
v 0.036938 0.014526 0.038040
v 0.035340 0.014212 0.037881
v 0.033803 0.013912 0.037405
v 0.032385 0.013634 0.036635
v 0.031197 0.013402 0.035638
v 0.035310 0.014532 0.037881
v 0.033743 0.014536 0.037406
v 0.032299 0.014542 0.036636
v 0.031088 0.014546 0.035638
v 0.030047 0.015925 0.034784
v 0.028258 0.016288 0.033329
v 0.026732 0.016598 0.031428
v 0.025598 0.016828 0.029258
v 0.024901 0.016969 0.026903
v 0.024667 0.017017 0.024455
v 0.024903 0.016968 0.022004
v 0.025601 0.016826 0.019649
v 0.026736 0.016595 0.017477
v 0.028263 0.016285 0.015574
v 0.030122 0.015907 0.014012
v 0.032245 0.015476 0.012852
v 0.034547 0.015008 0.012138
v 0.030452 0.017246 0.034783
v 0.028768 0.017951 0.033330
v 0.027331 0.018554 0.031429
v 0.026264 0.019001 0.029259
v 0.025608 0.019276 0.026903
v 0.025388 0.019369 0.024454
v 0.025610 0.019275 0.022004
v 0.026267 0.018999 0.019649
v 0.027336 0.018551 0.017477
v 0.028773 0.017948 0.015574
v 0.030524 0.017214 0.014012
v 0.032520 0.016376 0.012852
v 0.034688 0.015467 0.012138
v 0.031107 0.018462 0.034783
v 0.029591 0.019484 0.033330
v 0.028301 0.020355 0.031429
v 0.027342 0.021002 0.029258
v 0.026752 0.021401 0.026903
v 0.026553 0.021535 0.024453
v 0.026753 0.021400 0.022004
v 0.027344 0.021000 0.019649
v 0.028305 0.020352 0.017477
v 0.029597 0.019480 0.015574
v 0.031171 0.018417 0.014012
v 0.032967 0.017205 0.012852
v 0.034916 0.015890 0.012138
v 0.031984 0.019527 0.034784
v 0.030698 0.020825 0.033331
v 0.029602 0.021932 0.031429
v 0.028788 0.022754 0.029257
v 0.028286 0.023260 0.026903
v 0.028117 0.023431 0.024453
v 0.028287 0.023259 0.022004
v 0.028790 0.022752 0.019648
v 0.029606 0.021929 0.017477
v 0.030702 0.020821 0.015574
v 0.032040 0.019471 0.014012
v 0.033565 0.017930 0.012852
v 0.035220 0.016260 0.012138
v 0.033053 0.020399 0.034784
v 0.032045 0.021924 0.033329
v 0.031185 0.023224 0.031428
v 0.030547 0.024190 0.029257
v 0.030154 0.024785 0.026902
v 0.030022 0.024985 0.024453
v 0.030155 0.024783 0.022003
v 0.030549 0.024188 0.019648
v 0.031188 0.023221 0.017477
v 0.032049 0.021920 0.015574
v 0.033097 0.020335 0.014012
v 0.034293 0.018526 0.012852
v 0.035592 0.016562 0.012138
v 0.034272 0.021045 0.034783
v 0.033580 0.022738 0.033328
v 0.032989 0.024182 0.031427
v 0.032551 0.025254 0.029256
v 0.032282 0.025915 0.026902
v 0.032191 0.026138 0.024453
v 0.032283 0.025914 0.022003
v 0.032553 0.025252 0.019648
v 0.032992 0.024179 0.017477
v 0.033583 0.022735 0.015574
v 0.034303 0.020975 0.014012
v 0.035124 0.018966 0.012852
v 0.036015 0.016788 0.012138
v 0.035593 0.021440 0.034781
v 0.035243 0.023237 0.033327
v 0.034946 0.024768 0.031426
v 0.034725 0.025906 0.029256
v 0.034589 0.026608 0.026902
v 0.034544 0.026844 0.024453
v 0.034589 0.026607 0.022003
v 0.034727 0.025905 0.019648
v 0.034948 0.024766 0.017477
v 0.035246 0.023234 0.015574
v 0.035610 0.021366 0.014012
v 0.036024 0.019236 0.012852
v 0.036474 0.016925 0.012138
v 0.036965 0.021571 0.034780
v 0.036973 0.023400 0.033326
v 0.036979 0.024962 0.031426
v 0.036984 0.026121 0.029255
v 0.036987 0.026835 0.026902
v 0.036988 0.027076 0.024453
v 0.036988 0.026835 0.022004
v 0.036985 0.026120 0.019648
v 0.036980 0.024959 0.017477
v 0.036975 0.023397 0.015574
v 0.036967 0.021495 0.014012
v 0.036959 0.019326 0.012852
v 0.036951 0.016970 0.012138
v 0.038337 0.021430 0.034780
v 0.038700 0.023223 0.033326
v 0.039010 0.024754 0.031425
v 0.039241 0.025890 0.029255
v 0.039382 0.026590 0.026901
v 0.039432 0.026827 0.024454
v 0.039383 0.026589 0.022004
v 0.039242 0.025889 0.019648
v 0.039011 0.024752 0.017477
v 0.038702 0.023221 0.015574
v 0.038325 0.021357 0.014012
v 0.037894 0.019230 0.012852
v 0.037427 0.016922 0.012138
v 0.039654 0.021024 0.034779
v 0.040359 0.022712 0.033325
v 0.040962 0.024152 0.031424
v 0.041408 0.025223 0.029254
v 0.041684 0.025881 0.026901
v 0.041778 0.026103 0.024452
v 0.041685 0.025881 0.022003
v 0.041409 0.025221 0.019648
v 0.040963 0.024150 0.017476
v 0.040361 0.022710 0.015574
v 0.039629 0.020955 0.014012
v 0.038793 0.018954 0.012851
v 0.037885 0.016781 0.012138
v 0.040867 0.020368 0.034778
v 0.041888 0.021886 0.033324
v 0.042759 0.023181 0.031423
v 0.043405 0.024143 0.029254
v 0.043805 0.024736 0.026900
v 0.043939 0.024935 0.024451
v 0.043805 0.024735 0.022002
v 0.043406 0.024142 0.019647
v 0.042760 0.023179 0.017476
v 0.041890 0.021884 0.015574
v 0.040829 0.020307 0.014012
v 0.039620 0.018506 0.012851
v 0.038307 0.016553 0.012138
v 0.041930 0.019489 0.034778
v 0.043227 0.020778 0.033324
v 0.044332 0.021877 0.031423
v 0.045154 0.022694 0.029253
v 0.045659 0.023198 0.026899
v 0.045831 0.023367 0.024450
v 0.045660 0.023197 0.022002
v 0.045154 0.022693 0.019647
v 0.044333 0.021876 0.017476
v 0.043228 0.020776 0.015573
v 0.041881 0.019436 0.014012
v 0.040343 0.017907 0.012851
v 0.038676 0.016247 0.012138
v 0.042801 0.018418 0.034777
v 0.044323 0.019429 0.033323
v 0.045622 0.020291 0.031423
v 0.046586 0.020932 0.029252
v 0.047180 0.021326 0.026898
v 0.047381 0.021459 0.024450
v 0.047180 0.021326 0.022001
v 0.046587 0.020931 0.019647
v 0.045622 0.020290 0.017475
v 0.044324 0.019427 0.015573
v 0.042742 0.018376 0.014011
v 0.040937 0.017177 0.012851
v 0.038978 0.015875 0.012138
v 0.043445 0.017198 0.034776
v 0.045136 0.017892 0.033323
v 0.046577 0.018484 0.031422
v 0.047648 0.018923 0.029252
v 0.048309 0.019193 0.026898
v 0.048531 0.019285 0.024450
v 0.048308 0.019193 0.022001
v 0.047648 0.018922 0.019646
v 0.046577 0.018482 0.017475
v 0.045137 0.017890 0.015573
v 0.043380 0.017168 0.014011
v 0.041377 0.016344 0.012851
v 0.039203 0.015451 0.012138
v 0.043839 0.015874 0.034774
v 0.045633 0.016225 0.033321
v 0.047163 0.016523 0.031422
v 0.048300 0.016745 0.029253
v 0.049000 0.016882 0.026899
v 0.049236 0.016927 0.024450
v 0.049000 0.016882 0.022001
v 0.048299 0.016744 0.019646
v 0.047163 0.016522 0.017475
v 0.045634 0.016223 0.015573
v 0.043771 0.015858 0.014011
v 0.041646 0.015442 0.012851
v 0.039340 0.014991 0.012138
v 0.043969 0.014499 0.034773
v 0.045797 0.014491 0.033322
v 0.047357 0.014486 0.031422
v 0.048516 0.014481 0.029254
v 0.049228 0.014479 0.026899
v 0.049468 0.014478 0.024451
v 0.049227 0.014478 0.022001
v 0.048514 0.014481 0.019646
v 0.047356 0.014485 0.017475
v 0.045797 0.014490 0.015573
v 0.043899 0.014497 0.014011
v 0.041735 0.014505 0.012851
v 0.039385 0.014513 0.012138
v 0.043830 0.013125 0.034774
v 0.045622 0.012761 0.033322
v 0.047151 0.012450 0.031423
v 0.048286 0.012219 0.029254
v 0.048983 0.012078 0.026899
v 0.049220 0.012030 0.024452
v 0.048981 0.012078 0.022002
v 0.048283 0.012219 0.019646
v 0.047148 0.012449 0.017475
v 0.045621 0.012759 0.015573
v 0.043761 0.013137 0.014011
v 0.041640 0.013568 0.012851
v 0.039336 0.014035 0.012137
v 0.043424 0.011805 0.034773
v 0.045111 0.011098 0.033322
v 0.046551 0.010494 0.031423
v 0.047619 0.010046 0.029254
v 0.048276 0.009771 0.026899
v 0.048497 0.009678 0.024450
v 0.048275 0.009771 0.022001
v 0.047617 0.010047 0.019646
v 0.046548 0.010494 0.017475
v 0.045111 0.011097 0.015573
v 0.043360 0.011830 0.014011
v 0.041363 0.012667 0.012851
v 0.039195 0.013577 0.012137
v 0.042770 0.010589 0.034773
v 0.044287 0.009565 0.033322
v 0.045580 0.008693 0.031422
v 0.046541 0.008045 0.029254
v 0.047132 0.007646 0.026899
v 0.047331 0.007511 0.024449
v 0.047131 0.007646 0.022001
v 0.046539 0.008045 0.019646
v 0.045579 0.008693 0.017474
v 0.044287 0.009564 0.015572
v 0.042713 0.010627 0.014011
v 0.040917 0.011839 0.012851
v 0.038968 0.013154 0.012137
v 0.041893 0.009523 0.034775
v 0.043181 0.008224 0.033323
v 0.044278 0.007116 0.031422
v 0.045094 0.006293 0.029253
v 0.045597 0.005787 0.026898
v 0.045766 0.005615 0.024449
v 0.045596 0.005786 0.022000
v 0.045093 0.006293 0.019645
v 0.044278 0.007116 0.017474
v 0.043181 0.008223 0.015572
v 0.041844 0.009573 0.014011
v 0.040318 0.011113 0.012851
v 0.038663 0.012784 0.012137
v 0.040825 0.008651 0.034776
v 0.041834 0.007126 0.033322
v 0.042695 0.005824 0.031421
v 0.043334 0.004857 0.029252
v 0.043728 0.004262 0.026897
v 0.043861 0.004061 0.024449
v 0.043728 0.004262 0.022000
v 0.043334 0.004857 0.019645
v 0.042695 0.005823 0.017474
v 0.041834 0.007124 0.015572
v 0.040786 0.008709 0.014011
v 0.039590 0.010518 0.012851
v 0.038291 0.012481 0.012137
v 0.039607 0.008004 0.034776
v 0.040300 0.006311 0.033322
v 0.040891 0.004867 0.031421
v 0.041330 0.003793 0.029252
v 0.041600 0.003132 0.026897
v 0.041692 0.002909 0.024449
v 0.041600 0.003132 0.022000
v 0.041330 0.003793 0.019645
v 0.040891 0.004866 0.017474
v 0.040300 0.006309 0.015572
v 0.039581 0.008069 0.014011
v 0.038759 0.010077 0.012851
v 0.037869 0.012256 0.012137
v 0.036942 0.014522 0.011896
v 0.038286 0.007609 0.034775
v 0.038636 0.005812 0.033322
v 0.038935 0.004280 0.031421
v 0.039156 0.003141 0.029253
v 0.039293 0.002440 0.026898
v 0.039340 0.002203 0.024449
v 0.039293 0.002439 0.022000
v 0.039156 0.003141 0.019646
v 0.038935 0.004279 0.017474
v 0.038637 0.005811 0.015572
v 0.038273 0.007677 0.014011
v 0.037859 0.009807 0.012851
v 0.037410 0.012119 0.012137
v 0.036914 0.007478 0.034776
v 0.036907 0.005649 0.033323
v 0.036902 0.004087 0.031422
v 0.036897 0.002927 0.029253
v 0.036895 0.002212 0.026898
v 0.036895 0.001971 0.024450
v 0.036896 0.002212 0.022001
v 0.036898 0.002926 0.019646
v 0.036903 0.004085 0.017475
v 0.036908 0.005647 0.015573
v 0.036916 0.007549 0.014011
v 0.036924 0.009718 0.012851
v 0.036933 0.012073 0.012137
v 0.035543 0.007618 0.034778
v 0.035180 0.005825 0.033323
v 0.034871 0.004295 0.031422
v 0.034641 0.003157 0.029253
v 0.034500 0.002458 0.026898
v 0.034453 0.002221 0.024452
v 0.034501 0.002458 0.022001
v 0.034642 0.003156 0.019646
v 0.034872 0.004293 0.017475
v 0.035181 0.005823 0.015573
v 0.035559 0.007687 0.014011
v 0.035989 0.009814 0.012851
v 0.036456 0.012122 0.012138
v 0.034225 0.008024 0.034778
v 0.033521 0.006336 0.033323
v 0.032919 0.004896 0.031423
v 0.032473 0.003825 0.029253
v 0.032198 0.003166 0.026899
v 0.032106 0.002944 0.024450
v 0.032199 0.003166 0.022001
v 0.032474 0.003824 0.019646
v 0.032920 0.004894 0.017475
v 0.033523 0.006334 0.015573
v 0.034255 0.008089 0.014011
v 0.035091 0.010090 0.012851
v 0.035998 0.012263 0.012137
v 0.033012 0.008680 0.034778
v 0.031992 0.007162 0.033324
v 0.031122 0.005867 0.031423
v 0.030477 0.004904 0.029254
v 0.030078 0.004311 0.026899
v 0.029945 0.004111 0.024450
v 0.030078 0.004311 0.022001
v 0.030477 0.004903 0.019646
v 0.031123 0.005865 0.017475
v 0.031993 0.007160 0.015573
v 0.033055 0.008737 0.014011
v 0.034264 0.010538 0.012851
v 0.035577 0.012491 0.012138
v 0.031949 0.009560 0.034779
v 0.030654 0.008270 0.033325
v 0.029549 0.007170 0.031424
v 0.028728 0.006353 0.029254
v 0.028223 0.005849 0.026899
v 0.028052 0.005679 0.024450
v 0.028224 0.005849 0.022001
v 0.028729 0.006352 0.019646
v 0.029550 0.007169 0.017475
v 0.030656 0.008268 0.015573
v 0.032003 0.009608 0.014011
v 0.033540 0.011137 0.012851
v 0.035207 0.012796 0.012138
v 0.031078 0.010630 0.034780
v 0.029558 0.009619 0.033326
v 0.028260 0.008756 0.031424
v 0.027295 0.008115 0.029255
v 0.026702 0.007721 0.026899
v 0.026502 0.007587 0.024451
v 0.026703 0.007720 0.022002
v 0.027297 0.008114 0.019647
v 0.028261 0.008755 0.017476
v 0.029560 0.009617 0.015573
v 0.031141 0.010668 0.014011
v 0.032946 0.011867 0.012851
v 0.034906 0.013169 0.012138
v 0.030433 0.011851 0.034780
v 0.028744 0.011157 0.033326
v 0.027304 0.010564 0.031424
v 0.026234 0.010124 0.029255
v 0.025574 0.009853 0.026900
v 0.025352 0.009761 0.024451
v 0.025575 0.009853 0.022002
v 0.026235 0.010123 0.019647
v 0.027306 0.010562 0.017476
v 0.028747 0.011154 0.015574
v 0.030503 0.011876 0.014012
v 0.032507 0.012700 0.012851
v 0.034681 0.013593 0.012138
v 0.030038 0.013174 0.034781
v 0.028246 0.012824 0.033327
v 0.026718 0.012524 0.031425
v 0.025583 0.012302 0.029256
v 0.024884 0.012165 0.026901
v 0.024648 0.012119 0.024452
v 0.024884 0.012164 0.022003
v 0.025584 0.012301 0.019648
v 0.026721 0.012523 0.017476
v 0.028249 0.012821 0.015574
v 0.030112 0.013186 0.014012
v 0.032238 0.013601 0.012852
v 0.034544 0.014052 0.012138
v 0.029907 0.014550 0.034782
v 0.028082 0.014557 0.033328
v 0.026525 0.014562 0.031426
v 0.025368 0.014566 0.029257
v 0.024656 0.014568 0.026902
v 0.024417 0.014569 0.024453
v 0.024657 0.014568 0.022004
v 0.025370 0.014565 0.019648
v 0.026528 0.014560 0.017476
v 0.028086 0.014554 0.015574
v 0.029984 0.014546 0.014012
v 0.032148 0.014539 0.012852
v 0.034499 0.014531 0.012138
v -0.026550 0.027492 0.036800
v -0.028084 0.027804 0.036322
v -0.029499 0.028091 0.035549
v -0.030686 0.028332 0.034551
v -0.026455 0.027798 0.036800
v -0.027900 0.028404 0.036323
v -0.029232 0.028962 0.035550
v -0.030348 0.029430 0.034551
v -0.026305 0.028080 0.036801
v -0.027603 0.028956 0.036324
v -0.028800 0.029764 0.035551
v -0.029805 0.030441 0.034552
v -0.026102 0.028327 0.036801
v -0.027204 0.029440 0.036325
v -0.028222 0.030467 0.035552
v -0.029075 0.031327 0.034554
v -0.025854 0.028528 0.036802
v -0.026719 0.029836 0.036325
v -0.027517 0.031043 0.035553
v -0.028187 0.032054 0.034556
v -0.025572 0.028679 0.036802
v -0.026166 0.030130 0.036326
v -0.026714 0.031469 0.035554
v -0.027173 0.032592 0.034556
v -0.025266 0.028771 0.036803
v -0.025566 0.030311 0.036326
v -0.025843 0.031731 0.035555
v -0.026074 0.032922 0.034557
v -0.024948 0.028801 0.036803
v -0.024943 0.030371 0.036328
v -0.024937 0.031817 0.035556
v -0.024933 0.033030 0.034558
v -0.024630 0.028768 0.036803
v -0.024319 0.030307 0.036327
v -0.024032 0.031725 0.035556
v -0.023792 0.032914 0.034559
v -0.024326 0.028675 0.036804
v -0.023720 0.030123 0.036329
v -0.023163 0.031457 0.035558
v -0.022695 0.032576 0.034559
v -0.024044 0.028522 0.036804
v -0.023169 0.029824 0.036328
v -0.022362 0.031025 0.035557
v -0.021686 0.032031 0.034560
v -0.023798 0.028319 0.036804
v -0.022686 0.029424 0.036329
v -0.021661 0.030444 0.035558
v -0.020802 0.031299 0.034560
v -0.023597 0.028070 0.036804
v -0.022291 0.028938 0.036328
v -0.021087 0.029738 0.035558
v -0.020076 0.030409 0.034562
v -0.023447 0.027788 0.036804
v -0.021998 0.028384 0.036329
v -0.020661 0.028933 0.035558
v -0.019541 0.029392 0.034560
v -0.023355 0.027482 0.036804
v -0.021818 0.027782 0.036328
v -0.020401 0.028060 0.035557
v -0.019212 0.028291 0.034560
v -0.023325 0.027162 0.036803
v -0.021759 0.027158 0.036328
v -0.020315 0.027152 0.035557
v -0.019105 0.027148 0.034559
v -0.023358 0.026844 0.036804
v -0.021823 0.026533 0.036328
v -0.020408 0.026245 0.035557
v -0.019220 0.026004 0.034560
v -0.023451 0.026539 0.036803
v -0.022007 0.025932 0.036328
v -0.020675 0.025374 0.035557
v -0.019559 0.024905 0.034559
v -0.023604 0.026256 0.036803
v -0.022305 0.025380 0.036327
v -0.021108 0.024572 0.035556
v -0.020103 0.023894 0.034559
v -0.023807 0.026010 0.036803
v -0.022704 0.024896 0.036328
v -0.021687 0.023869 0.035556
v -0.020834 0.023008 0.034558
v -0.024055 0.025808 0.036803
v -0.023190 0.024500 0.036327
v -0.022392 0.023293 0.035556
v -0.021723 0.022281 0.034559
v -0.024337 0.025658 0.036803
v -0.023743 0.024206 0.036328
v -0.023196 0.022866 0.035556
v -0.022738 0.021744 0.034558
v -0.024642 0.025566 0.036803
v -0.024343 0.024025 0.036327
v -0.024067 0.022605 0.035556
v -0.023836 0.021414 0.034557
v -0.024961 0.025536 0.036803
v -0.024967 0.023965 0.036327
v -0.024973 0.022518 0.035556
v -0.024977 0.021305 0.034557
v -0.025278 0.025568 0.036802
v -0.025590 0.024030 0.036326
v -0.025877 0.022611 0.035555
v -0.026118 0.021421 0.034557
v -0.025583 0.025662 0.036802
v -0.026189 0.024214 0.036326
v -0.026747 0.022879 0.035555
v -0.027215 0.021760 0.034556
v -0.025865 0.025814 0.036802
v -0.026739 0.024512 0.036325
v -0.027546 0.023312 0.035553
v -0.028223 0.022305 0.034556
v -0.026110 0.026018 0.036801
v -0.027222 0.024913 0.036324
v -0.028247 0.023893 0.035552
v -0.029106 0.023037 0.034554
v -0.026311 0.026267 0.036801
v -0.027616 0.025399 0.036323
v -0.028821 0.024599 0.035551
v -0.029831 0.023928 0.034554
v -0.026461 0.026549 0.036800
v -0.027909 0.025954 0.036322
v -0.029245 0.025404 0.035550
v -0.030366 0.024944 0.034552
v -0.024954 0.027169 0.036963
v -0.026552 0.026855 0.036800
v -0.028089 0.026555 0.036322
v -0.029505 0.026277 0.035549
v -0.030694 0.026045 0.034550
v -0.026581 0.027174 0.036800
v -0.028148 0.027179 0.036322
v -0.029591 0.027185 0.035549
v -0.030801 0.027188 0.034549
v -0.031845 0.028567 0.033695
v -0.033636 0.028930 0.032242
v -0.035166 0.029241 0.030344
v -0.036303 0.029471 0.028176
v -0.037000 0.029613 0.025821
v -0.037235 0.029661 0.023374
v -0.036997 0.029612 0.020923
v -0.036299 0.029470 0.018568
v -0.035165 0.029239 0.016397
v -0.033637 0.028929 0.014494
v -0.031778 0.028551 0.012933
v -0.029655 0.028120 0.011772
v -0.027353 0.027652 0.011059
v -0.031439 0.029887 0.033695
v -0.033126 0.030593 0.032243
v -0.034565 0.031197 0.030344
v -0.035635 0.031644 0.028176
v -0.036292 0.031920 0.025821
v -0.036513 0.032013 0.023373
v -0.036291 0.031919 0.020923
v -0.035633 0.031643 0.018568
v -0.034564 0.031195 0.016397
v -0.033127 0.030591 0.014495
v -0.031376 0.029858 0.012933
v -0.029380 0.029020 0.011772
v -0.027212 0.028111 0.011059
v -0.030785 0.031103 0.033696
v -0.032302 0.032126 0.032244
v -0.033595 0.032998 0.030345
v -0.034557 0.033646 0.028175
v -0.035148 0.034045 0.025821
v -0.035347 0.034179 0.023372
v -0.035147 0.034044 0.020923
v -0.034555 0.033644 0.018568
v -0.033595 0.032996 0.016397
v -0.032303 0.032124 0.014495
v -0.030729 0.031061 0.012933
v -0.028933 0.029849 0.011773
v -0.026984 0.028534 0.011059
v -0.029909 0.032169 0.033699
v -0.031196 0.033468 0.032246
v -0.032293 0.034575 0.030345
v -0.033110 0.035398 0.028175
v -0.033612 0.035904 0.025820
v -0.033782 0.036075 0.023372
v -0.033612 0.035903 0.020923
v -0.033109 0.035396 0.018568
v -0.032294 0.034573 0.016397
v -0.031197 0.033465 0.014495
v -0.029860 0.032115 0.012933
v -0.028335 0.030574 0.011773
v -0.026679 0.028904 0.011059
v -0.028840 0.033041 0.033700
v -0.029849 0.034566 0.032246
v -0.030710 0.035867 0.030345
v -0.031350 0.036833 0.028175
v -0.031744 0.037428 0.025821
v -0.031877 0.037629 0.023372
v -0.031744 0.037427 0.020923
v -0.031350 0.036832 0.018568
v -0.030711 0.035865 0.016397
v -0.029851 0.034564 0.014495
v -0.028802 0.032979 0.012933
v -0.027606 0.031170 0.011773
v -0.026308 0.029206 0.011059
v -0.027622 0.033688 0.033701
v -0.028315 0.035381 0.032247
v -0.028906 0.036825 0.030346
v -0.029345 0.037898 0.028175
v -0.029615 0.038558 0.025821
v -0.029707 0.038782 0.023372
v -0.029615 0.038558 0.020923
v -0.029346 0.037896 0.018569
v -0.028907 0.036823 0.016397
v -0.028317 0.035379 0.014495
v -0.027597 0.033619 0.012933
v -0.026775 0.031611 0.011773
v -0.025885 0.029432 0.011059
v -0.026301 0.034083 0.033700
v -0.026651 0.035880 0.032247
v -0.026950 0.037412 0.030346
v -0.027171 0.038550 0.028176
v -0.027308 0.039251 0.025822
v -0.027354 0.039488 0.023373
v -0.027309 0.039251 0.020924
v -0.027172 0.038549 0.018569
v -0.026951 0.037410 0.016397
v -0.026653 0.035878 0.014495
v -0.026289 0.034011 0.012933
v -0.025876 0.031880 0.011773
v -0.025426 0.029569 0.011059
v -0.024929 0.034214 0.033701
v -0.024922 0.036044 0.032247
v -0.024917 0.037605 0.030346
v -0.024912 0.038765 0.028176
v -0.024910 0.039479 0.025822
v -0.024910 0.039720 0.023374
v -0.024910 0.039479 0.020925
v -0.024913 0.038764 0.018569
v -0.024919 0.037603 0.016398
v -0.024924 0.036042 0.014496
v -0.024932 0.034139 0.012934
v -0.024940 0.031970 0.011773
v -0.024949 0.029615 0.011059
v -0.023557 0.034074 0.033703
v -0.023195 0.035867 0.032248
v -0.022885 0.037398 0.030347
v -0.022655 0.038534 0.028177
v -0.022514 0.039234 0.025823
v -0.022467 0.039471 0.023376
v -0.022515 0.039233 0.020925
v -0.022657 0.038533 0.018570
v -0.022887 0.037396 0.016398
v -0.023197 0.035865 0.014496
v -0.023575 0.034001 0.012934
v -0.024005 0.031874 0.011773
v -0.024472 0.029566 0.011059
v -0.022239 0.033668 0.033703
v -0.021535 0.035356 0.032248
v -0.020933 0.036797 0.030348
v -0.020487 0.037867 0.028177
v -0.020212 0.038526 0.025823
v -0.020120 0.038747 0.023375
v -0.020213 0.038525 0.020925
v -0.020489 0.037866 0.018570
v -0.020936 0.036795 0.016398
v -0.021538 0.035354 0.014496
v -0.022271 0.033599 0.012934
v -0.023107 0.031598 0.011773
v -0.024014 0.029425 0.011059
v -0.021026 0.033013 0.033703
v -0.020005 0.034531 0.032249
v -0.019135 0.035826 0.030349
v -0.018490 0.036788 0.028178
v -0.018092 0.037380 0.025824
v -0.017958 0.037580 0.023374
v -0.018093 0.037380 0.020925
v -0.018492 0.036787 0.018570
v -0.019139 0.035824 0.016398
v -0.020009 0.034529 0.014496
v -0.021071 0.032951 0.012934
v -0.022280 0.031150 0.011773
v -0.023593 0.029197 0.011059
v -0.019962 0.032134 0.033705
v -0.018667 0.033423 0.032251
v -0.017561 0.034522 0.030349
v -0.016741 0.035339 0.028178
v -0.016236 0.035843 0.025824
v -0.016066 0.036012 0.023374
v -0.016238 0.035842 0.020925
v -0.016744 0.035338 0.018570
v -0.017566 0.034520 0.016399
v -0.018671 0.033420 0.014496
v -0.020019 0.032080 0.012934
v -0.021556 0.030551 0.011773
v -0.023223 0.028892 0.011059
v -0.019091 0.031063 0.033706
v -0.017570 0.032074 0.032252
v -0.016271 0.032937 0.030350
v -0.015308 0.033577 0.028179
v -0.014715 0.033971 0.025824
v -0.014516 0.034104 0.023375
v -0.014717 0.033970 0.020925
v -0.015312 0.033576 0.018570
v -0.016276 0.032934 0.016399
v -0.017575 0.032071 0.014496
v -0.019157 0.031020 0.012934
v -0.020962 0.029821 0.011773
v -0.022922 0.028519 0.011059
v -0.018446 0.029843 0.033706
v -0.016755 0.030537 0.032253
v -0.015315 0.031129 0.030351
v -0.014245 0.031569 0.028180
v -0.013587 0.031839 0.025825
v -0.013366 0.031930 0.023375
v -0.013589 0.031838 0.020925
v -0.014250 0.031567 0.018570
v -0.015321 0.031127 0.016399
v -0.016762 0.030534 0.014496
v -0.018519 0.029812 0.012934
v -0.020523 0.028988 0.011773
v -0.022697 0.028095 0.011059
v -0.018052 0.028519 0.033704
v -0.016258 0.028870 0.032252
v -0.014729 0.029169 0.030351
v -0.013595 0.029390 0.028180
v -0.012896 0.029528 0.025825
v -0.012662 0.029572 0.023375
v -0.012898 0.029527 0.020926
v -0.013599 0.029389 0.018570
v -0.014736 0.029167 0.016399
v -0.016265 0.028868 0.014496
v -0.018128 0.028502 0.012934
v -0.020254 0.028087 0.011773
v -0.022560 0.027636 0.011060
v -0.017922 0.027144 0.033704
v -0.016096 0.027137 0.032251
v -0.014537 0.027132 0.030351
v -0.013381 0.027127 0.028180
v -0.012670 0.027124 0.025825
v -0.012431 0.027123 0.023375
v -0.012672 0.027124 0.020926
v -0.013385 0.027126 0.018570
v -0.014543 0.027130 0.016399
v -0.016102 0.027135 0.014496
v -0.018000 0.027142 0.012934
v -0.020164 0.027149 0.011773
v -0.022515 0.027157 0.011059
v -0.018063 0.025769 0.033704
v -0.016273 0.025406 0.032250
v -0.014746 0.025096 0.030349
v -0.013612 0.024865 0.028180
v -0.012915 0.024724 0.025824
v -0.012680 0.024676 0.023376
v -0.012918 0.024723 0.020926
v -0.013616 0.024864 0.018570
v -0.014751 0.025094 0.016398
v -0.016279 0.025404 0.014496
v -0.018138 0.025781 0.012934
v -0.020260 0.026212 0.011773
v -0.022563 0.026680 0.011059
v -0.018469 0.024448 0.033703
v -0.016784 0.023743 0.032249
v -0.015348 0.023140 0.030348
v -0.014280 0.022692 0.028179
v -0.013624 0.022417 0.025824
v -0.013403 0.022323 0.023375
v -0.013625 0.022416 0.020925
v -0.014283 0.022692 0.018570
v -0.015351 0.023138 0.016398
v -0.016789 0.023741 0.014496
v -0.018540 0.024474 0.012934
v -0.020536 0.025312 0.011773
v -0.022704 0.026221 0.011059
v -0.019124 0.023233 0.033702
v -0.017609 0.022210 0.032248
v -0.016318 0.021338 0.030347
v -0.015358 0.020691 0.028178
v -0.014768 0.020291 0.025823
v -0.014568 0.020156 0.023374
v -0.014768 0.020291 0.020924
v -0.015360 0.020690 0.018569
v -0.016321 0.021337 0.016398
v -0.017613 0.022209 0.014495
v -0.019187 0.023272 0.012933
v -0.020983 0.024483 0.011773
v -0.022932 0.025798 0.011059
v -0.020002 0.022167 0.033702
v -0.018716 0.020869 0.032248
v -0.017620 0.019761 0.030346
v -0.016805 0.018938 0.028177
v -0.016303 0.018432 0.025822
v -0.016134 0.018260 0.023373
v -0.016304 0.018431 0.020924
v -0.016806 0.018938 0.018569
v -0.017622 0.019760 0.016397
v -0.018719 0.020868 0.014495
v -0.020056 0.022217 0.012933
v -0.021581 0.023758 0.011773
v -0.023237 0.025428 0.011059
v -0.021071 0.021295 0.033702
v -0.020063 0.019770 0.032247
v -0.019203 0.018469 0.030346
v -0.018564 0.017502 0.028176
v -0.018171 0.016907 0.025821
v -0.018038 0.016706 0.023372
v -0.018171 0.016907 0.020923
v -0.018565 0.017502 0.018568
v -0.019205 0.018468 0.016397
v -0.020065 0.019769 0.014495
v -0.021114 0.021354 0.012933
v -0.022310 0.023162 0.011773
v -0.023609 0.025126 0.011059
v -0.022289 0.020648 0.033701
v -0.021597 0.018955 0.032247
v -0.021007 0.017511 0.030345
v -0.020568 0.016438 0.028176
v -0.020299 0.015777 0.025821
v -0.020208 0.015553 0.023372
v -0.020300 0.015776 0.020923
v -0.020570 0.016437 0.018568
v -0.021009 0.017510 0.016397
v -0.021599 0.018954 0.014495
v -0.022319 0.020714 0.012933
v -0.023141 0.022722 0.011773
v -0.024031 0.024900 0.011059
v -0.024958 0.027166 0.010818
v -0.023610 0.020253 0.033700
v -0.023260 0.018456 0.032246
v -0.022963 0.016924 0.030345
v -0.022742 0.015786 0.028176
v -0.022605 0.015084 0.025821
v -0.022560 0.014847 0.023372
v -0.022606 0.015084 0.020923
v -0.022743 0.015785 0.018568
v -0.022964 0.016923 0.016397
v -0.023262 0.018455 0.014495
v -0.023627 0.020322 0.012933
v -0.024040 0.022452 0.011773
v -0.024490 0.024763 0.011059
v -0.024982 0.020122 0.033700
v -0.024990 0.018292 0.032246
v -0.024995 0.016731 0.030345
v -0.025001 0.015570 0.028175
v -0.025004 0.014856 0.025821
v -0.025004 0.014616 0.023372
v -0.025004 0.014856 0.020923
v -0.025002 0.015570 0.018568
v -0.024997 0.016730 0.016397
v -0.024992 0.018291 0.014495
v -0.024984 0.020193 0.012933
v -0.024976 0.022362 0.011772
v -0.024967 0.024717 0.011059
v -0.026354 0.020262 0.033700
v -0.026717 0.018469 0.032246
v -0.027027 0.016938 0.030344
v -0.027257 0.015801 0.028175
v -0.027399 0.015102 0.025820
v -0.027447 0.014866 0.023373
v -0.027399 0.015102 0.020923
v -0.027258 0.015801 0.018568
v -0.027028 0.016937 0.016397
v -0.026718 0.018468 0.014494
v -0.026341 0.020331 0.012933
v -0.025911 0.022459 0.011772
v -0.025444 0.024766 0.011059
v -0.027671 0.020668 0.033699
v -0.028376 0.018980 0.032245
v -0.028978 0.017539 0.030344
v -0.029425 0.016469 0.028175
v -0.029701 0.015810 0.025820
v -0.029794 0.015588 0.023371
v -0.029701 0.015810 0.020923
v -0.029426 0.016468 0.018568
v -0.028979 0.017538 0.016396
v -0.028377 0.018978 0.014494
v -0.027645 0.020733 0.012933
v -0.026809 0.022734 0.011772
v -0.025902 0.024907 0.011059
v -0.028884 0.021323 0.033698
v -0.029905 0.019805 0.032245
v -0.030776 0.018510 0.030344
v -0.031422 0.017548 0.028175
v -0.031821 0.016955 0.025820
v -0.031955 0.016755 0.023371
v -0.031821 0.016955 0.020922
v -0.031422 0.017547 0.018567
v -0.030776 0.018509 0.016396
v -0.029906 0.019804 0.014494
v -0.028845 0.021381 0.012932
v -0.027636 0.023182 0.011772
v -0.026323 0.025135 0.011059
v -0.029947 0.022203 0.033699
v -0.031243 0.020913 0.032245
v -0.032349 0.019814 0.030344
v -0.033171 0.018996 0.028174
v -0.033676 0.018493 0.025819
v -0.033848 0.018322 0.023371
v -0.033676 0.018492 0.020922
v -0.033171 0.018996 0.018567
v -0.032350 0.019813 0.016396
v -0.031244 0.020912 0.014494
v -0.029897 0.022252 0.012932
v -0.028360 0.023781 0.011772
v -0.026693 0.025441 0.011059
v -0.030817 0.023273 0.033698
v -0.032340 0.022262 0.032244
v -0.033638 0.021399 0.030344
v -0.034603 0.020758 0.028174
v -0.035197 0.020364 0.025819
v -0.035398 0.020231 0.023370
v -0.035197 0.020364 0.020922
v -0.034603 0.020758 0.018567
v -0.033639 0.021399 0.016396
v -0.032341 0.022261 0.014494
v -0.030759 0.023312 0.012932
v -0.028954 0.024511 0.011772
v -0.026994 0.025813 0.011059
v -0.031462 0.024494 0.033697
v -0.033153 0.023799 0.032245
v -0.034594 0.023207 0.030344
v -0.035666 0.022767 0.028175
v -0.036326 0.022497 0.025820
v -0.036548 0.022405 0.023371
v -0.036325 0.022496 0.020922
v -0.035665 0.022767 0.018567
v -0.034594 0.023206 0.016396
v -0.033153 0.023798 0.014494
v -0.031397 0.024520 0.012932
v -0.029393 0.025344 0.011772
v -0.027219 0.026237 0.011059
v -0.031854 0.025817 0.033694
v -0.033649 0.025466 0.032242
v -0.035180 0.025167 0.030344
v -0.036318 0.024946 0.028175
v -0.037018 0.024808 0.025820
v -0.037253 0.024763 0.023371
v -0.037017 0.024808 0.020922
v -0.036316 0.024945 0.018567
v -0.035180 0.025166 0.016396
v -0.033651 0.025465 0.014494
v -0.031788 0.025830 0.012933
v -0.029662 0.026245 0.011772
v -0.027356 0.026697 0.011059
v -0.031984 0.027193 0.033694
v -0.033812 0.027200 0.032242
v -0.035374 0.027205 0.030344
v -0.036533 0.027210 0.028176
v -0.037245 0.027212 0.025821
v -0.037484 0.027212 0.023372
v -0.037243 0.027211 0.020923
v -0.036530 0.027209 0.018568
v -0.035372 0.027203 0.016396
v -0.033814 0.027198 0.014494
v -0.031916 0.027190 0.012933
v -0.029752 0.027183 0.011772
v -0.027401 0.027175 0.011059
f 4 2 1
f 8 6 5
f 13 15 14
f 17 19 18
f 32 30 29
f 36 34 33
f 37 39 38
f 21 23 20
f 25 27 24
f 41 43 42
f 48 46 45
f 52 50 49
f 53 55 54
f 60 58 57
f 29 62 61
f 66 64 63
f 67 6 68
f 72 70 69
f 76 74 73
f 77 79 78
f 81 83 82
f 59 86 85
f 88 90 89
f 96 94 93
f 100 98 97
f 101 103 102
f 106 34 87
f 108 115 107
f 117 36 118
f 124 126 125
f 131 129 128
f 132 134 133
f 142 140 139
f 148 60 147
f 144 127 124
f 149 151 150
f 156 154 153
f 159 158 157
f 116 164 105
f 171 169 168
f 174 173 172
f 179 181 180
f 186 188 187
f 194 196 195
f 199 139 198
f 206 208 207
f 213 211 210
f 202 214 201
f 96 216 54
f 92 43 44
f 97 246 100
f 250 229 228
f 252 58 253
f 258 256 255
f 260 229 259
f 110 112 113
f 114 263 109
f 265 267 266
f 56 270 269
f 274 249 250
f 185 63 64
f 280 278 276
f 285 283 157
f 288 211 212
f 141 92 46
f 289 175 176
f 148 105 106
f 312 170 171
f 238 42 43
f 318 160 317
f 310 308 307
f 241 325 324
f 160 240 317
f 47 307 308
f 108 315 164
f 345 86 119
f 348 350 349
f 356 358 357
f 355 353 352
f 363 32 362
f 149 150 176
f 364 253 365
f 366 368 367
f 183 371 63
f 163 161 160
f 209 101 208
f 378 165 166
f 379 381 380
f 383 3 4
f 284 386 385
f 387 389 388
f 391 229 249
f 73 397 396
f 405 407 406
f 203 411 410
f 414 413 412
f 1 357 4
f 277 131 275
f 254 57 58
f 358 415 351
f 417 386 408
f 401 192 420
f 419 127 143
f 421 182 422
f 103 302 409
f 428 368 174
f 380 359 356
f 62 266 323
f 140 431 430
f 357 351 348
f 356 379 380
f 415 403 434
f 437 436 435
f 438 440 439
f 188 450 449
f 452 454 453
f 265 181 421
f 224 64 225
f 237 213 427
f 275 128 458
f 281 460 459
f 50 79 461
f 73 282 281
f 468 466 465
f 390 352 359
f 482 484 483
f 489 487 486
f 493 495 494
f 472 470 469
f 502 500 499
f 220 222 223
f 512 143 66
f 518 511 80
f 513 230 286
f 205 31 244
f 189 451 188
f 163 532 8
f 533 225 251
f 446 447 412
f 335 540 334
f 544 546 545
f 329 291 292
f 199 262 238
f 385 416 550
f 532 191 247
f 363 118 243
f 236 237 250
f 578 580 579
f 573 571 570
f 561 562 272
f 241 259 240
f 590 592 591
f 545 595 594
f 503 155 504
f 606 624 623
f 478 480 479
f 646 648 647
f 590 689 684
f 564 651 650
f 728 184 727
f 714 716 715
f 692 575 693
f 541 581 578
f 346 248 400
f 161 230 160
f 128 94 95
f 698 704 703
f 574 576 575
f 290 401 328
f 630 725 726
f 733 735 734
f 755 496 493
f 759 481 760
f 757 762 761
f 764 466 467
f 768 3808 3809
f 759 488 489
f 492 475 771
f 474 769 473
f 773 465 772
f 771 486 483
f 484 775 491
f 774 489 486
f 495 764 756
f 495 761 494
f 137 784 136
f 325 797 547
f 165 51 52
f 369 29 370
f 730 568 569
f 90 301 89
f 243 516 242
f 800 806 805
f 817 808 816
f 816 823 822
f 306 447 807
f 815 809 808
f 829 828 825
f 726 501 502
f 274 424 423
f 879 881 880
f 884 879 885
f 219 217 211
f 906 904 897
f 455 205 542
f 898 830 829
f 903 880 881
f 906 897 898
f 377 519 165
f 923 948 946
f 946 951 950
f 3519 739 3517
f 900 886 880
f 225 65 144
f 182 442 422
f 809 947 824
f 954 962 961
f 927 965 966
f 885 880 886
f 925 966 967
f 343 341 340
f 965 971 968
f 968 970 969
f 972 969 973
f 963 981 978
f 336 338 339
f 992 827 828
f 810 996 959
f 1007 1002 1008
f 1012 827 1009
f 1011 1007 1008
f 294 292 291
f 907 920 919
f 1017 1019 1018
f 1020 1022 1021
f 1035 1020 1044
f 1061 1047 1046
f 1063 1046 1062
f 1044 1021 1045
f 1102 1097 1109
f 1116 1118 1117
f 1016 1014 1013
f 881 904 903
f 816 1127 817
f 1094 949 1097
f 514 167 515
f 146 81 82
f 1133 1130 1129
f 1102 1126 822
f 822 1116 816
f 1145 1148 1136
f 1076 1151 1069
f 1148 1086 1087
f 1109 1114 1136
f 1154 1156 1155
f 1153 967 1156
f 3464 463 3714
f 1144 1152 1151
f 1156 1163 1162
f 1164 1169 1165
f 1145 1176 1147
f 1114 1154 1171
f 1183 1164 1177
f 1184 1177 1185
f 1069 1062 1064
f 1023 1194 1022
f 1162 1170 1169
f 1195 1185 1191
f 1183 1176 1155
f 1201 1152 1196
f 1061 1201 1202
f 3825 843 3836
f 1203 1195 1034
f 1202 1184 1195
f 1218 1203 1217
f 1060 1202 1203
f 1225 1217 1219
f 671 694 670
f 1219 1024 1035
f 1217 1034 1024
f 1226 1015 1227
f 1243 1234 1233
f 1231 1229 1228
f 847 1233 843
f 843 1244 878
f 1233 1245 1244
f 1923 233 216
f 2100 499 500
f 3914 2135 3900
f 61 323 505
f 210 217 457
f 1299 1309 1300
f 3863 1231 3862
f 1066 1321 1322
f 1322 1228 1229
f 1060 1321 1047
f 1325 1323 1310
f 1244 1332 1330
f 1290 1242 1288
f 1337 1339 1338
f 1330 1340 1339
f 1341 1245 1294
f 1342 1332 1341
f 1343 1341 1344
f 1344 1294 1293
f 3857 1345 1346
f 1347 1342 1343
f 3856 1295 1345
f 1349 1348 1347
f 3861 1347 3853
f 3853 1343 3857
f 906 829 1353
f 905 1353 1354
f 865 1355 1357
f 1355 829 825
f 1357 825 826
f 1356 1353 1355
f 3834 1338 3833
f 866 1356 865
f 1358 1354 1356
f 3828 1337 3834
f 838 1012 841
f 1363 1338 1339
f 1368 1339 1340
f 1348 1340 1342
f 1371 3824 3829
f 524 526 523
f 528 530 527
f 1372 1369 1371
f 535 537 538
f 1367 1348 1350
f 1370 1359 1369
f 1369 3833 3824
f 1373 903 904
f 555 557 558
f 1374 910 1373
f 1373 905 1375
f 1374 1375 1376
f 1375 1354 1370
f 1378 908 1377
f 376 651 1387
f 1388 973 969
f 586 588 585
f 1390 1388 1391
f 1391 969 970
f 597 599 596
f 600 602 603
f 1392 970 979
f 608 610 607
f 612 523 611
f 614 616 613
f 617 25 24
f 620 622 619
f 1397 1391 1392
f 1398 1392 1399
f 1400 920 1378
f 1402 1165 1169
f 636 638 635
f 930 1402 929
f 641 643 644
f 929 1169 1170
f 1404 1403 1402
f 1411 1365 1406
f 1412 1415 1414
f 652 654 655
f 609 657 658
f 659 661 662
f 558 586 585
f 665 667 664
f 1413 1406 1412
f 1418 3810 3813
f 1417 1371 1416
f 1416 3829 3810
f 1419 1416 1418
f 1386 1374 1420
f 677 679 676
f 1385 1420 1421
f 1420 1376 1422
f 685 687 688
f 1421 1422 1423
f 528 691 658
f 1422 1372 1417
f 1018 747 1425
f 699 701 702
f 1424 579 1017
f 3663 1767 3660
f 700 711 712
f 1093 3754 1571
f 717 530 719
f 721 723 720
f 704 3543 3554
f 19 1426 1430
f 1429 1427 1426
f 1658 3542 3544
f 1439 1434 1438
f 1437 1435 1434
f 1426 1433 1432
f 1442 1432 1440
f 742 744 745
f 1432 1441 1440
f 751 753 750
f 1438 1403 1405
f 1446 1444 1443
f 1447 1446 1443
f 3860 1443 3848
f 1415 1445 1446
f 1414 1446 1448
f 2173 469 470
f 777 779 686
f 780 782 783
f 1676 1806 1675
f 3859 1349 3861
f 789 791 788
f 745 793 742
f 652 795 653
f 1455 1457 1456
f 1454 1350 1452
f 610 802 801
f 3831 698 703
f 1352 1045 1351
f 1015 1459 1460
f 811 813 814
f 2118 3817 2117
f 819 821 818
f 1466 1194 1190
f 1467 1465 1466
f 1182 1468 1467
f 832 833 831
f 835 837 834
f 1467 1190 1182
f 1469 1444 1445
f 840 712 690
f 1453 1469 1454
f 599 845 846
f 1226 3849 3855
f 851 853 850
f 855 856 854
f 858 860 857
f 861 863 864
f 1014 3855 3858
f 867 868 869
f 870 872 873
f 874 876 877
f 1310 1471 1309
f 1476 1427 1475
f 1461 1475 1460
f 887 889 890
f 788 892 891
f 894 896 893
f 1460 1227 1015
f 901 524 612
f 1465 1477 1464
f 1865 3500 1864
f 911 913 914
f 916 918 915
f 1850 3507 1851
f 921 895 894
f 1479 1436 1478
f 926 667 601
f 1481 563 1480
f 269 84 1482
f 931 933 916
f 934 614 869
f 936 688 937
f 938 662 939
f 1484 122 123
f 941 835 834
f 320 509 510
f 1849 3505 1850
f 84 1484 83
f 1487 1488 539
f 1757 3502 3509
f 365 1491 364
f 461 80 511
f 117 362 1496
f 1494 541 1495
f 926 957 958
f 1477 1433 1476
f 1709 1585 1700
f 119 1496 345
f 271 504 156
f 511 189 186
f 345 1492 365
f 255 344 254
f 57 299 132
f 1501 268 1500
f 267 1499 145
f 974 976 977
f 1678 1693 1676
f 3846 1807 3840
f 557 663 558
f 983 984 985
f 1443 3849 3848
f 421 268 265
f 989 991 988
f 1490 418 1504
f 279 309 310
f 997 676 679
f 998 999 875
f 1504 38 1505
f 1506 1507 1486
f 360 1508 1506
f 1506 207 360
f 939 1006 938
f 270 1483 269
f 66 546 512
f 1010 793 935
f 367 437 1509
f 244 363 243
f 1670 3534 1669
f 209 1510 226
f 235 1512 1511
f 1511 234 235
f 388 426 425
f 427 250 237
f 161 521 231
f 100 45 44
f 1025 608 1027
f 1029 1031 1028
f 939 1033 1032
f 41 594 99
f 1036 783 1037
f 702 1038 1039
f 1040 1042 1043
f 362 369 1493
f 187 477 186
f 70 539 198
f 1511 1521 234
f 1049 603 1048
f 613 869 614
f 860 1051 857
f 1005 1053 1006
f 753 1056 1054
f 1057 1059 1055
f 293 1522 292
f 288 1521 1522
f 292 1523 329
f 331 1508 1524
f 306 453 305
f 100 41 99
f 462 78 79
f 330 1524 462
f 635 1068 636
f 1485 1526 1528
f 206 1528 1510
f 1070 1072 831
f 942 1073 1074
f 916 1075 917
f 440 1530 439
f 157 1514 285
f 1529 5 1530
f 371 546 63
f 790 663 791
f 1077 857 1078
f 1403 1435 1165
f 1080 1082 1079
f 531 1529 440
f 21 1084 1085
f 272 1531 561
f 137 396 397
f 690 802 691
f 335 3567 581
f 1090 1029 1091
f 1092 794 1042
f 1533 137 138
f 661 1095 1096
f 69 445 72
f 1099 1101 1098
f 38 1536 1505
f 1104 1106 1103
f 852 1108 853
f 1377 909 1386
f 291 411 294
f 316 516 33
f 539 1533 534
f 1505 316 313
f 1110 1112 1113
f 1539 460 264
f 522 1537 1539
f 834 1120 1119
f 1122 1124 1121
f 612 1041 901
f 935 615 614
f 276 130 131
f 1686 3522 1685
f 193 1541 273
f 231 1540 287
f 556 982 557
f 365 85 345
f 190 318 1541
f 1810 3574 3528
f 3924 3512 3791
f 1132 985 1131
f 208 102 132
f 1134 662 661
f 1491 80 77
f 429 1542 147
f 1137 915 918
f 172 428 174
f 1139 1141 1142
f 549 54 55
f 1517 1518 296
f 976 1146 938
f 834 984 941
f 1543 286 115
f 1544 239 513
f 133 1544 1542
f 506 257 258
f 420 328 401
f 1158 1160 1157
f 587 1103 588
f 1513 1514 151
f 607 1027 608
f 304 1545 303
f 364 77 506
f 69 198 139
f 1006 976 938
f 700 1112 701
f 3877 3525 3787
f 1166 657 656
f 1167 858 1077
f 1300 3524 1299
f 1172 1174 1175
f 218 200 217
f 1179 1181 1178
f 372 97 98
f 89 227 88
f 1186 1188 1189
f 172 1517 1549
f 1482 81 1498
f 1090 1193 1030
f 394 353 1551
f 526 1198 1197
f 811 858 812
f 1199 1026 1025
f 606 697 696
f 1204 1206 743
f 1207 523 526
f 1209 867 613
f 914 685 936
f 1478 1441 1477
f 1029 1161 1091
f 1211 1213 1214
f 3858 1451 3859
f 844 1216 845
f 423 273 274
f 1220 1222 1083
f 22 1224 23
f 882 897 881
f 1519 173 387
f 1189 1232 1178
f 349 550 416
f 1071 1236 1072
f 1237 1239 745
f 1221 1189 1240
f 1510 1512 333
f 939 1241 1005
f 1556 5 67
f 1553 394 1551
f 404 67 347
f 1247 1249 1246
f 142 238 92
f 1251 635 1250
f 850 1253 851
f 1254 1077 1255
f 57 133 429
f 443 552 551
f 1187 1175 1188
f 1256 831 833
f 432 382 383
f 741 747 746
f 434 351 415
f 349 383 348
f 251 1481 1480
f 395 352 353
f 1518 1550 1551
f 1558 378 340
f 109 314 315
f 285 1513 407
f 395 393 392
f 202 410 1558
f 417 405 432
f 1246 1258 1247
f 3 297 2
f 1259 1261 1262
f 403 347 284
f 955 953 952
f 462 51 330
f 1096 687 1263
f 429 60 57
f 896 1265 932
f 1267 1268 1266
f 423 327 420
f 37 180 40
f 20 1187 1186
f 1256 1071 1070
f 155 156 504
f 1188 1269 1232
f 1236 1271 1262
f 1272 535 621
f 565 463 464
f 1273 745 1239
f 876 1255 1274
f 316 164 315
f 437 503 1509
f 194 1495 197
f 1275 864 863
f 624 631 630
f 1277 1137 1278
f 569 567 566
f 1481 125 366
f 324 547 326
f 1279 1107 1280
f 1525 329 1523
f 1281 1137 918
f 171 1553 1552
f 1488 396 1533
f 1557 1562 1559
f 1282 1206 1205
f 1053 1278 1281
f 778 607 1283
f 713 3566 3569
f 251 144 124
f 4 348 383
f 709 707 706
f 728 45 246
f 261 1563 544
f 789 1287 790
f 74 263 282
f 403 385 434
f 1178 1240 1189
f 1223 1289 1224
f 158 150 151
f 1220 1186 1221
f 296 354 433
f 784 1538 1566
f 1181 1291 1222
f 1269 1257 1246
f 1566 438 399
f 136 1566 1564
f 1563 169 1565
f 107 109 108
f 1297 1298 1296
f 1464 1476 1461
f 1520 507 508
f 1301 1303 1304
f 1306 1308 1305
f 175 1532 272
f 1532 200 201
f 1311 1312 1313
f 872 1315 1316
f 1317 1318 1319
f 3836 878 3828
f 1305 864 1276
f 1040 863 1320
f 1564 399 169
f 592 1575 591
f 591 1088 689
f 1581 1583 1582
f 1196 1147 1176
f 710 583 713
f 285 408 386
f 953 961 963
f 1594 1589 1593
f 1585 1587 1586
f 1592 1590 1589
f 3885 944 3899
f 1600 1598 1597
f 1604 1602 1601
f 1399 979 980
f 1589 1596 1595
f 1610 1608 1607
f 298 361 360
f 551 276 277
f 1627 3814 3819
f 859 818 860
f 1078 1328 1329
f 1555 1530 1556
f 572 680 681
f 772 776 774
f 977 918 917
f 404 392 393
f 1054 750 753
f 1644 1643 1642
f 932 1082 933
f 1067 1334 1068
f 1540 264 114
f 597 643 1336
f 471 762 470
f 1642 3831 3842
f 1644 3842 3843
f 923 950 927
f 96 548 95
f 520 522 521
f 445 443 442
f 849 848 842
f 480 755 493
f 1646 481 1639
f 311 1567 170
f 464 3497 3495
f 3497 1361 3495
f 234 236 235
f 190 192 191
f 153 152 149
f 231 286 230
f 1552 1551 1550
f 760 1648 488
f 3832 1649 3830
f 828 826 825
f 52 166 165
f 1663 1661 1660
f 287 115 286
f 668 670 669
f 634 640 639
f 553 559 554
f 118 33 516
f 492 491 490
f 3552 1651 3553
f 582 584 583
f 384 392 415
f 1381 1383 1380
f 1562 435 436
f 952 951 947
f 3529 583 584
f 1660 1667 1666
f 1394 1396 1393
f 1660 1664 1663
f 1671 1669 1668
f 1624 1673 1672
f 1407 1409 1410
f 1677 1675 1674
f 1613 1677 1625
f 1679 1676 1677
f 1626 3811 3814
f 534 198 539
f 176 150 159
f 803 734 800
f 400 191 192
f 65 143 144
f 3526 1656 3540
f 402 157 283
f 629 627 626
f 461 49 50
f 758 495 756
f 796 786 785
f 406 1513 1560
f 342 166 167
f 1694 1658 1695
f 1692 1694 1696
f 3557 1652 3552
f 3921 1703 3923
f 326 302 90
f 3916 1702 1706
f 3919 1698 1701
f 1699 3927 3918
f 1557 1560 1561
f 1127 1117 1128
f 400 289 346
f 1706 1707 1708
f 1707 1599 1600
f 1709 1708 1588
f 1714 1711 1713
f 3919 1709 1700
f 1704 1577 1703
f 1716 1713 1715
f 1559 1549 297
f 1722 1720 1719
f 1335 596 1489
f 410 377 378
f 973 1163 972
f 168 399 398
f 1571 1089 1093
f 1572 682 1571
f 749 647 754
f 1730 1723 1729
f 1594 1729 1592
f 1729 1591 1592
f 1731 1730 1583
f 1384 1377 1379
f 1732 1712 1714
f 1724 1731 1732
f 1712 1731 1580
f 1722 1732 1733
f 1721 1733 1734
f 1734 1716 1717
f 1735 1736 1697
f 1733 1714 1716
f 1663 1741 1668
f 1742 1740 1743
f 1738 1737 1735
f 1665 1666 1740
f 1665 1744 1664
f 1725 1746 1745
f 1591 1745 1590
f 1590 1747 1596
f 1745 1748 1747
f 1659 3538 3542
f 3287 3545 3282
f 1185 1182 1190
f 1664 1749 1741
f 1741 1739 1738
f 1746 1743 1748
f 1726 1742 1746
f 1153 924 925
f 1115 1153 1154
f 1654 3575 1655
f 1896 3549 1686
f 1720 1744 1726
f 1721 1749 1720
f 1750 1701 1698
f 1697 1750 1696
f 1151 1063 1062
f 1751 1670 1671
f 1695 1752 1751
f 961 986 981
f 1770 1768 1767
f 1766 1593 1765
f 1731 1579 1580
f 1579 1774 1578
f 3928 1771 3929
f 1764 3928 3917
f 1777 1775 1774
f 3762 1699 1700
f 1004 1128 1003
f 1774 1771 1772
f 987 1399 980
f 1578 1772 1764
f 1783 1781 1778
f 1597 1770 1767
f 639 3895 3884
f 3928 1769 1770
f 1793 1789 1788
f 3929 1798 1769
f 3508 3773 1806
f 1802 3924 3922
f 1788 1794 1793
f 1793 1795 1776
f 3773 1675 1806
f 1584 1783 1789
f 1771 3920 3929
f 1801 1798 1800
f 1768 1798 1799
f 1775 1797 1771
f 508 515 1520
f 1796 1802 1797
f 1800 3920 3922
f 1794 1804 1795
f 3532 1752 3547
f 485 1807 775
f 3809 1640 768
f 3837 1810 1653
f 485 1640 1808
f 1690 3770 3772
f 487 1648 1811
f 3839 1816 3822
f 3838 1648 3830
f 3839 1811 3838
f 1812 487 1811
f 1641 767 768
f 465 755 776
f 767 3823 3808
f 3822 3826 3847
f 1809 1815 767
f 3837 1651 3840
f 675 3541 3496
f 1814 1822 1821
f 1821 3821 3820
f 1824 1649 1825
f 1827 1850 1805
f 1668 1662 1663
f 1779 1848 1828
f 1790 1805 1794
f 1833 1853 1852
f 3521 693 575
f 1614 1616 1617
f 1852 3498 3501
f 1620 1622 1623
f 1855 1574 1861
f 1847 3501 3513
f 1766 1855 1782
f 1629 1631 1628
f 1633 1634 1632
f 1635 1637 1638
f 1848 1852 1847
f 1855 1863 1862
f 1803 1867 1802
f 1862 1831 1832
f 1782 1862 1781
f 3922 1865 1800
f 1873 1870 1869
f 1874 799 804
f 2045 3897 2044
f 1219 1295 1225
f 1615 1396 1395
f 3884 1877 1876
f 645 3786 3559
f 1345 1035 1346
f 634 3884 3880
f 15 1327 14
f 3910 1878 1893
f 1894 605 1893
f 3506 627 693
f 3560 645 3559
f 340 454 1558
f 1897 195 1898
f 1889 1877 1890
f 1901 129 1900
f 196 754 232
f 1705 3921 3916
f 340 166 343
f 1570 563 561
f 1904 194 1897
f 1781 1832 1780
f 1905 55 1906
f 1000 995 996
f 986 920 987
f 1191 1190 1194
f 2094 2075 2093
f 1920 1919 1915
f 453 1912 1911
f 1915 1918 1916
f 3882 2106 3901
f 1655 3531 1868
f 1916 1926 1925
f 704 3561 703
f 278 1925 1900
f 3565 1818 1820
f 1097 1115 1114
f 1927 727 1923
f 3578 3654 3758
f 1920 307 1929
f 1929 48 728
f 503 1497 1509
f 1902 787 796
f 1816 3820 3826
f 1925 1923 1924
f 1535 1568 1534
f 254 258 255
f 1509 366 367
f 119 35 36
f 219 293 294
f 141 47 431
f 542 244 245
f 1940 430 431
f 1779 1827 1790
f 1701 3915 3919
f 1661 3515 1667
f 270 754 647
f 197 749 196
f 1727 1212 1211
f 53 232 754
f 1465 1479 1478
f 1284 3854 1293
f 1951 412 413
f 168 1554 1553
f 1486 206 207
f 506 78 361
f 994 1007 993
f 951 963 964
f 1013 3861 1351
f 3826 1820 1818
f 1498 1954 1482
f 299 543 132
f 1754 1756 1753
f 1681 1683 1682
f 1696 1695 1697
f 13 738 737
f 473 475 474
f 482 768 1640
f 204 30 205
f 1761 820 819
f 611 1125 612
f 1501 1908 1909
f 1074 711 699
f 1960 82 83
f 120 1960 123
f 35 87 34
f 1773 1025 1031
f 1965 1569 1535
f 494 471 479
f 1966 1969 1968
f 446 1971 1967
f 174 125 126
f 1580 1578 1577
f 1785 1787 1784
f 1972 304 305
f 1254 875 999
f 1973 342 514
f 321 1973 509
f 1910 275 1907
f 509 514 508
f 1486 1527 1485
f 1974 804 1975
f 1977 1974 1978
f 1980 1966 1981
f 379 2 295
f 1718 1710 1701
f 884 992 883
f 1680 1678 1679
f 902 525 524
f 344 256 299
f 135 137 136
f 236 228 333
f 448 1967 1966
f 589 604 584
f 910 908 907
f 1981 1968 1987
f 1982 1987 1979
f 1988 1987 1989
f 1990 1989 1991
f 1991 1993 1992
f 322 320 319
f 992 830 883
f 1144 1086 1143
f 1995 1978 1994
f 1133 1118 1126
f 1997 1994 1996
f 870 1335 1489
f 805 1982 1998
f 727 2000 1999
f 1996 1988 1990
f 1994 1979 1988
f 1829 792 1273
f 1830 941 983
f 798 800 799
f 729 731 730
f 2011 2023 2022
f 1834 846 1159
f 402 284 347
f 2022 2024 2025
f 1838 989 988
f 810 952 809
f 1823 1840 644
f 1430 1432 1431
f 1215 1841 1079
f 149 176 177
f 1316 873 872
f 2112 1384 2106
f 1842 1844 1845
f 1159 845 1160
f 837 1846 1120
f 1971 2030 2027
f 517 370 189
f 858 833 812
f 1471 2027 1888
f 3551 626 627
f 2174 770 490
f 935 1854 1010
f 1613 1611 1618
f 1231 1225 1295
f 1856 891 892
f 1300 748 741
f 1150 1858 1859
f 1643 696 1642
f 1215 1264 1216
f 1320 902 901
f 1956 1944 1960
f 2031 669 1474
f 2034 1310 1299
f 1879 1656 1657
f 40 242 39
f 1992 2039 1456
f 888 957 889
f 1882 1996 1990
f 1078 1255 1077
f 1871 1192 1090
f 294 218 219
f 1323 2026 1471
f 123 83 1484
f 1324 2041 1323
f 384 359 352
f 1324 2038 2036
f 1883 1885 1829
f 287 114 107
f 1096 1134 661
f 915 931 916
f 806 1981 1982
f 3533 584 604
f 1425 2042 1018
f 1018 1948 1017
f 3562 740 3519
f 1948 649 646
f 1881 1990 1991
f 1900 130 278
f 992 994 993
f 923 925 924
f 3878 2047 3876
f 1643 625 606
f 2050 2051 2049
f 2045 1404 2047
f 3876 945 3885
f 1139 1079 1841
f 1037 892 982
f 2055 2057 2056
f 1198 718 717
f 1619 1612 1611
f 2058 1606 2059
f 2059 1607 2058
f 2058 1624 1605
f 71 179 37
f 405 1557 382
f 976 1006 977
f 322 1972 1911
f 2061 2063 2062
f 2066 2067 1825
f 2052 2064 2051
f 1609 2066 1647
f 1515 152 1516
f 1009 993 1007
f 1644 3815 2118
f 279 1916 278
f 1285 3862 1284
f 1647 1825 1649
f 2056 2067 2065
f 319 1953 1952
f 667 1913 1914
f 2070 625 2048
f 2052 2055 2063
f 2038 1655 1458
f 1606 2073 2072
f 1235 1270 1236
f 2072 2075 2074
f 2059 2072 2062
f 2074 2077 2076
f 1601 2078 2073
f 2049 1643 1645
f 1000 1001 994
f 1089 684 689
f 1931 1306 1930
f 1462 1021 1022
f 1932 1934 1935
f 875 1846 998
f 1936 1937 1938
f 44 46 92
f 1534 1956 120
f 1541 317 391
f 2081 2084 2083
f 146 1959 300
f 1360 1942 1361
f 985 1032 1033
f 1995 1892 2043
f 2079 2082 2081
f 2095 2076 2077
f 2081 2078 2079
f 2055 2054 2053
f 501 2095 500
f 2097 2099 2098
f 2098 2094 2083
f 2140 3893 3866
f 2141 3894 3893
f 2051 2048 2049
f 592 2101 1576
f 2071 2076 2096
f 2102 2098 2101
f 593 2102 592
f 1019 746 747
f 1950 12 1327
f 725 2096 501
f 1385 2104 1379
f 1379 2106 1384
f 2107 2100 2097
f 3908 502 3896
f 3896 499 3901
f 940 2109 944
f 928 1170 973
f 3868 684 3899
f 1962 1964 1961
f 3878 573 3897
f 2039 1968 1969
f 1389 2110 2109
f 1398 2113 1397
f 3757 3753 3743
f 3911 2107 2103
f 949 924 1115
f 260 324 326
f 1390 2113 2110
f 2070 2064 2071
f 3867 2103 593
f 2105 1421 2114
f 2114 1423 2115
f 3892 2115 3903
f 3908 2114 3892
f 554 1902 553
f 972 967 966
f 1765 1573 1574
f 1984 1986 1983
f 2053 2069 2057
f 3573 724 714
f 1625 1674 1673
f 3881 2119 2122
f 3903 2123 3904
f 56 1906 55
f 626 3879 629
f 2001 2003 2004
f 3912 2127 3907
f 2006 2008 2009
f 2127 1412 2128
f 2014 2016 2017
f 2018 2020 2021
f 1495 1947 197
f 1379 1386 1385
f 3814 1680 1618
f 2029 1884 2028
f 3902 2120 3887
f 629 3914 3872
f 682 943 1089
f 724 2121 716
f 1757 3821 3845
f 765 3844 3809
f 3851 715 3852
f 706 3870 3872
f 981 987 980
f 1457 1656 1880
f 2017 2032 2033
f 1458 1868 1457
f 1776 1792 1793
f 1959 1946 1958
f 3663 3725 3661
f 3913 2122 3850
f 1093 689 1088
f 966 968 972
f 3852 3881 3913
f 2172 2170 2171
f 670 2137 669
f 3761 1903 233
f 1429 28 1449
f 964 978 971
f 3841 1413 2127
f 1473 669 2137
f 3834 1359 1358
f 2138 1870 2137
f 1872 2137 1870
f 715 3888 3881
f 1881 1992 1880
f 3843 739 740
f 1837 3513 3514
f 253 59 85
f 1808 3840 1807
f 1647 3818 1609
f 3865 671 668
f 2112 3883 2111
f 1405 2044 1438
f 3829 1364 1366
f 273 391 249
f 576 3520 3555
f 3875 668 2031
f 1430 2140 2139
f 2136 3860 28
f 1430 18 19
f 3893 570 695
f 1442 2046 2141
f 1431 2141 2140
f 3869 3850 2136
f 3808 1817 766
f 3866 695 671
f 2142 798 2138
f 571 2142 694
f 3819 1618 1611
f 2143 2025 2142
f 694 2138 670
f 681 2144 572
f 2144 2022 2143
f 328 457 290
f 1572 2011 2144
f 630 3903 624
f 2085 2087 2088
f 2090 2092 2089
f 572 2143 571
f 1875 2153 2149
f 1873 2149 2154
f 2103 2097 2102
f 2157 2155 2156
f 2128 1414 2120
f 3874 589 582
f 3872 628 629
f 2149 2158 2159
f 2159 3905 3890
f 698 3902 705
f 3823 3827 1817
f 2158 3874 3905
f 1438 2046 1439
f 2035 2160 2161
f 2161 3889 3886
f 3871 605 589
f 3873 18 3875
f 370 61 451
f 649 413 648
f 2153 2156 2158
f 1428 1449 1450
f 1490 73 1488
f 3890 710 633
f 2155 3891 3871
f 1456 1880 1992
f 2125 2087 2124
f 2160 3890 3889
f 300 505 323
f 1064 1046 1065
f 2043 1891 2155
f 2129 2004 2003
f 2131 2133 2134
f 3848 1450 1449
f 1998 804 805
f 3879 3864 3914
f 474 490 770
f 1164 1182 1177
f 707 3909 3870
f 708 2162 707
f 2162 3886 3909
f 548 1905 458
f 1145 1114 1171
f 705 1650 704
f 2043 1977 1995
f 737 554 559
f 1034 1191 1023
f 458 1907 275
f 195 232 233
f 2040 1969 1970
f 2145 2147 2148
f 2054 2049 1645
f 3832 1639 3818
f 9 11 10
f 252 506 258
f 472 479 471
f 1865 3791 3503
f 900 910 907
f 1941 2151 1942
f 1921 1927 1919
f 2163 1898 2116
f 271 153 178
f 1904 12 9
f 282 264 460
f 1872 2154 2035
f 1326 1897 2163
f 628 693 627
f 1724 1719 1723
f 1549 436 172
f 1582 1730 1729
f 1921 1929 1928
f 3563 10 11
f 2152 1950 1949
f 475 774 771
f 769 2171 473
f 2171 476 473
f 476 772 475
f 1791 464 1760
f 2166 2168 2169
f 595 372 98
f 483 1641 482
f 762 2173 470
f 771 484 492
f 486 1809 483
f 297 1517 296
f 763 2174 762
f 776 759 489
f 184 2176 2000
f 412 303 414
f 2005 185 224
f 3811 1682 3846
f 2164 756 764
f 1472 2161 2162
f 950 964 965
f 2177 2179 2180
f 227 1510 333
f 764 467 2164
f 2182 2184 2181
f 2186 2018 2185
f 1985 2181 1986
f 214 729 1531
f 1545 1546 1569
f 865 842 866
f 849 1357 1362
f 452 1558 454
f 559 3188 737
f 16 737 3188
f 560 498 374
f 3193 3195 3194
f 3200 3198 3199
f 3211 3213 3212
f 3215 3217 3216
f 2187 2002 2001
f 2169 2189 2190
f 2192 2085 2191
f 2193 2195 2196
f 2198 2200 2197
f 1998 1979 1975
f 3664 3668 3671
f 2116 1903 1902
f 1859 2009 1150
f 3904 2126 3906
f 1135 1087 1130
f 2201 2015 2014
f 1149 110 1858
f 3221 3218 3215
f 2203 2205 2206
f 579 1895 1019
f 1755 2208 1756
f 3891 1893 605
f 1211 2150 1727
f 868 2210 2209
f 944 930 940
f 2130 2202 2201
f 233 1898 195
f 665 750 666
f 1167 999 618
f 2211 2213 2214
f 2215 2217 2218
f 3867 590 3868
f 2220 220 2219
f 823 948 1094
f 3225 3227 3226
f 266 455 265
f 3882 2107 3883
f 2221 3519 3517
f 2223 2225 2226
f 2207 2124 2208
f 673 3869 3864
f 817 996 815
f 2227 2146 2145
f 1947 646 749
f 3900 17 3873
f 2229 1638 1381
f 1679 1618 1680
f 1637 2232 2230
f 2233 1617 1616
f 2231 2236 2237
f 1381 2238 1382
f 3586 2242 3587
f 1630 2233 1631
f 1681 472 469
f 1408 2243 2244
f 3236 3238 3237
f 3232 3240 3235
f 1637 2238 1638
f 3237 3233 3234
f 1409 1634 2245
f 1380 2247 2246
f 1628 2245 1621
f 2249 1622 1633
f 1632 1408 2244
f 2248 1631 2250
f 2235 1637 1636
f 3245 3199 3198
f 631 2071 725
f 515 52 49
f 782 2251 1251
f 2253 2255 2252
f 397 459 784
f 1456 2040 1455
f 2040 2036 1455
f 1401 2111 1398
f 2041 1970 2026
f 1535 414 1965
f 1586 2080 2079
f 2256 1132 1886
f 1700 3918 3919
f 3815 1686 3817
f 1263 1886 1096
f 598 844 599
f 2257 2259 2260
f 2258 2262 2259
f 2259 2263 2216
f 2260 2216 2215
f 1967 1970 1969
f 2212 1963 2213
f 922 2218 2217
f 1312 1101 2264
f 1307 1286 789
f 1548 1546 1972
f 2266 2268 2265
f 2265 2270 2269
f 2272 2269 2271
f 2273 2265 2272
f 2275 2277 2274
f 2278 2277 2279
f 2284 3617 3639
f 2287 2286 2281
f 2288 2283 2287
f 2290 3639 3620
f 2291 2293 2294
f 2295 2294 2279
f 2296 2291 2295
f 2297 2292 2291
f 2294 2299 2300
f 2279 2300 2278
f 2298 2302 2292
f 2292 2303 2293
f 2293 2304 2299
f 2304 2306 2299
f 2306 2300 2299
f 2308 2310 2307
f 2302 2310 2303
f 2301 2307 2302
f 2312 2307 2311
f 2313 2315 2316
f 2318 2320 2317
f 3748 2322 2323
f 2324 2273 2326
f 2313 2326 2327
f 2328 2313 2316
f 2329 2324 2328
f 2331 2333 2330
f 2330 2267 2266
f 2325 2266 2273
f 2329 2330 2325
f 2333 2335 2267
f 2336 2333 2332
f 2338 2332 2337
f 2331 2337 2332
f 2329 2339 2331
f 2328 2340 2329
f 2316 2341 2328
f 2342 2315 2343
f 2344 2346 2347
f 2341 2347 2340
f 2342 2344 2341
f 2348 2345 2344
f 2350 2352 2353
f 2339 2353 2337
f 2340 2350 2339
f 2347 2351 2350
f 2337 2354 2338
f 2353 2355 2354
f 2356 2276 2357
f 2356 2358 2359
f 2356 2296 2295
f 2279 2356 2295
f 2360 2270 2268
f 2267 2360 2268
f 2362 2364 2365
f 2362 2361 2358
f 2366 2358 2357
f 2366 2363 2362
f 2357 2368 2366
f 2366 2369 2367
f 2276 2370 2368
f 2368 2282 2369
f 2372 2374 2371
f 2375 2377 2007
f 2378 2380 2381
f 2382 2381 2383
f 2384 2378 2382
f 2385 2379 2378
f 2388 2390 2387
f 2387 2392 2391
f 2393 2387 2391
f 2394 2388 2387
f 2186 2402 2400
f 2403 2327 2326
f 2272 2326 2273
f 2271 2403 2272
f 2405 2404 2403
f 2404 2408 2327
f 2409 2411 2412
f 2409 2271 2269
f 2413 2269 2270
f 2413 2410 2409
f 2417 2416 2418
f 2417 2406 2405
f 2412 2405 2271
f 2411 2417 2412
f 2406 2407 2404
f 3569 632 713
f 2420 2397 2421
f 2420 2423 2422
f 2424 2422 2419
f 2424 2398 2420
f 2425 2392 2426
f 2421 2426 2423
f 2397 2425 2421
f 2396 2391 2425
f 2427 2315 2314
f 2427 2408 2428
f 2430 2428 2429
f 2343 2427 2430
f 2432 2430 2431
f 2431 2429 2433
f 2435 2433 2434
f 2436 2431 2435
f 2428 2407 2437
f 2422 2407 2419
f 2438 2422 2423
f 2429 2437 2438
f 2440 2433 2439
f 2441 2433 2429
f 2442 2439 2441
f 2443 2440 2439
f 2445 2444 2443
f 2447 2443 2442
f 2383 2445 2447
f 2381 2446 2445
f 2448 2423 2426
f 2449 2426 2392
f 2441 2449 2442
f 2441 2438 2448
f 2449 2390 2450
f 2450 2389 2451
f 2447 2451 2383
f 2442 2450 2447
f 2451 2453 2452
f 2452 2455 2454
f 2382 2454 2384
f 2383 2452 2382
f 2456 2373 2372
f 2459 2461 2458
f 2463 2465 2462
f 2462 2285 2284
f 2466 2284 2290
f 2467 2462 2466
f 2461 3703 3701
f 2468 2470 2471
f 2472 2471 2473
f 2474 3701 3688
f 2475 2477 2478
f 2458 2453 2479
f 2479 2389 2388
f 2395 2479 2388
f 2480 2458 2479
f 2481 2483 2478
f 2484 2485 221
f 2471 2464 2463
f 2473 2463 2467
f 2487 2466 2486
f 2486 2290 2488
f 2490 2488 2489
f 2491 2486 2490
f 2492 2467 2487
f 2493 2487 2491
f 2494 2492 2493
f 2495 2473 2492
f 3690 2474 3688
f 3691 2496 3690
f 2498 2493 2499
f 2500 2499 2501
f 3700 2498 2500
f 3687 2494 2498
f 2306 2278 2300
f 2305 2504 2306
f 2504 2507 2506
f 2506 2288 2508
f 2274 2508 2275
f 2278 2506 2274
f 3633 2489 2488
f 3620 2488 2290
f 2507 2289 2288
f 2505 2509 2507
f 2508 2287 2511
f 2511 2281 2280
f 2370 2280 2282
f 2275 2511 2370
f 2512 2489 2513
f 2514 2513 2515
f 2517 2514 2516
f 2517 2490 2512
f 2499 2491 2517
f 2499 2516 2501
f 2510 2519 2518
f 2518 2521 2520
f 3616 2520 3621
f 3632 2518 3616
f 2522 2303 2310
f 2523 2310 2309
f 2305 2522 2524
f 2524 2523 2525
f 2519 2525 2521
f 2505 2524 2519
f 2308 2527 2526
f 2526 2529 2528
f 2531 2528 2530
f 2309 2526 2531
f 1214 2151 1211
f 2419 2418 2424
f 2533 2349 2317
f 2534 2317 2320
f 2535 2533 2534
f 2536 2345 2533
f 2537 2346 2536
f 2538 2536 2535
f 2539 2537 2538
f 2540 2351 2537
f 2312 2541 2527
f 2527 2542 2529
f 2543 2434 2544
f 2545 2544 2546
f 2319 2543 2545
f 2318 2435 2543
f 2514 2548 2547
f 2547 2550 2549
f 2552 2549 2551
f 2552 2514 2547
f 2520 2554 2553
f 2553 2556 2555
f 3590 2555 3593
f 3621 2553 3590
f 2523 2531 2557
f 2557 2530 2558
f 2525 2557 2559
f 2559 2558 2560
f 2554 2560 2556
f 2521 2559 2554
f 2561 2007 2006
f 2376 2225 2377
f 2564 2566 2563
f 2563 338 2567
f 2569 2567 2568
f 2570 2563 2569
f 2572 2574 2571
f 2571 2576 2575
f 2544 2575 2546
f 2544 2572 2571
f 2578 2569 2577
f 2579 2569 2568
f 2574 2579 2576
f 2573 2577 2574
f 2581 2583 2580
f 2584 2583 2585
f 3697 2580 2584
f 3676 2580 3675
f 2582 2552 2583
f 2583 2551 2585
f 2500 2589 2588
f 2590 2589 2591
f 3693 2588 2590
f 3695 2500 2588
f 2501 2591 2589
f 2592 2594 2595
f 2386 2503 2502
f 2596 2386 2374
f 2596 2373 2597
f 2599 2597 2598
f 2599 2379 2596
f 2600 2380 2599
f 2600 2598 2601
f 2603 2601 2602
f 2603 2446 2600
f 2604 2602 2605
f 2440 2605 2434
f 2444 2604 2440
f 2606 2581 2607
f 2606 2590 2591
f 2591 2582 2606
f 3676 2456 3689
f 3689 2372 3693
f 2478 2608 2481
f 2609 2611 2199
f 2564 2613 2612
f 2612 2598 2597
f 2457 2597 2373
f 2565 2612 2457
f 2614 2570 2578
f 2615 2578 2573
f 2602 2614 2615
f 2601 2613 2614
f 2572 2605 2616
f 2616 2602 2615
f 2573 2616 2615
f 1459 1045 1021
f 1265 1079 1082
f 1612 1609 1611
f 2067 2069 2068
f 1135 1136 1148
f 1938 2618 2617
f 95 458 128
f 2058 1608 1612
f 1454 1445 1367
f 655 1048 2619
f 722 2621 723
f 1131 1033 1134
f 562 366 1497
f 1723 1725 1591
f 1786 1122 1787
f 267 323 266
f 1325 1654 2038
f 1468 1435 1479
f 658 529 528
f 8 247 7
f 382 1559 3
f 788 1307 789
f 940 929 928
f 911 2623 912
f 2621 655 654
f 2624 2625 2626
f 998 27 26
f 635 2626 2625
f 2627 644 1840
f 2628 1840 2629
f 1200 2627 2628
f 1199 641 2627
f 1520 49 477
f 1452 1349 1451
f 2630 1859 1858
f 644 1335 1823
f 1197 717 2632
f 2632 719 1166
f 2628 1166 1200
f 2629 2632 2628
f 1762 1050 821
f 1823 873 1839
f 2634 794 652
f 1028 1027 1161
f 1042 2635 1043
f 93 1901 1924
f 2036 1458 1455
f 1527 1525 1526
f 877 1274 1277
f 134 797 1544
f 1328 931 1329
f 607 1091 1161
f 1043 2637 2636
f 2636 2639 2638
f 1275 2638 1276
f 1275 1043 2636
f 1272 2626 2640
f 2640 638 637
f 1110 2640 637
f 536 2640 2641
f 1472 1474 1473
f 2042 1951 649
f 1058 1105 1059
f 2642 2643 2644
f 1192 2644 1193
f 912 2642 1192
f 3898 3526 3786
f 1049 2620 2621
f 616 1885 613
f 1331 666 750
f 990 1198 525
f 1911 321 322
f 1298 1205 2645
f 76 1504 75
f 1502 421 422
f 610 658 691
f 1146 659 938
f 2646 914 936
f 1280 1238 1279
f 975 2647 2648
f 2647 975 974
f 1453 1452 1451
f 1514 158 151
f 835 1843 1842
f 1271 1173 1289
f 2649 813 2650
f 1893 1826 1894
f 1050 1937 1051
f 2651 814 813
f 1006 1281 977
f 2653 2654 2655
f 1001 1003 1002
f 585 679 558
f 2624 621 620
f 555 2028 556
f 1207 1197 2629
f 1626 478 472
f 426 419 1567
f 1030 1773 1031
f 3898 634 3880
f 534 138 262
f 1125 1042 1041
f 333 88 227
f 569 561 730
f 1489 871 870
f 1857 620 891
f 1673 3770 3763
f 622 864 1308
f 2647 974 2657
f 619 891 620
f 261 545 262
f 393 1556 404
f 2658 2647 2657
f 1075 2657 917
f 1081 2658 1075
f 1080 2659 2658
f 2644 1141 2660
f 2660 1140 1336
f 642 1336 643
f 1193 2660 642
f 679 555 558
f 1503 1500 1502
f 1318 1101 1100
f 2661 1139 1142
f 2661 2663 2662
f 2662 2659 2661
f 2662 2622 2664
f 2664 911 2646
f 2648 2646 1146
f 2648 2662 2664
f 2083 2093 2081
f 1442 1437 1439
f 519 330 51
f 1885 1209 613
f 799 805 804
f 1946 1952 1953
f 1302 1253 1252
f 566 224 533
f 1389 928 1388
f 683 681 680
f 836 1842 2665
f 2665 1845 1303
f 2666 1303 1302
f 24 2665 2666
f 831 2650 832
f 1845 1304 1303
f 2010 2012 2011
f 1051 2667 2668
f 1522 1511 1523
f 531 441 522
f 782 1251 1250
f 1250 2625 2669
f 2669 1857 1856
f 783 1856 1037
f 782 2669 783
f 720 2671 721
f 1055 1930 1056
f 1333 1251 2251
f 619 1308 1307
f 652 2619 2634
f 521 1539 1540
f 1838 537 2672
f 2672 536 2641
f 1113 2641 1110
f 1113 1838 2672
f 1016 1351 1045
f 3897 570 3894
f 226 104 101
f 3564 3827 1818
f 1036 1884 1883
f 2674 1304 2673
f 2673 1844 2675
f 1334 2675 1039
f 1333 2673 1334
f 2676 1039 2675
f 1843 2675 1844
f 942 2676 1843
f 1074 702 2676
f 811 859 858
f 752 1055 753
f 1200 656 1026
f 1120 874 2677
f 2677 877 1052
f 1241 1052 1005
f 1119 2677 1241
f 1560 151 1515
f 1208 611 523
f 215 736 214
f 1460 1462 1461
f 1208 1839 873
f 854 1282 1297
f 72 182 179
f 544 1565 512
f 217 456 457
f 2047 930 945
f 1204 1937 2633
f 913 686 685
f 840 1113 1112
f 1531 730 561
f 2678 1283 801
f 601 1914 602
f 1537 459 460
f 1819 3509 3527
f 991 862 538
f 2679 1073 1830
f 2680 983 2256
f 779 2256 1263
f 778 2680 779
f 2678 1830 2680
f 180 245 40
f 1886 1131 1134
f 1138 1274 1255
f 1841 1140 1139
f 75 314 74
f 193 420 192
f 2681 1099 1098
f 170 1565 169
f 349 417 432
f 1121 2684 2683
f 547 409 302
f 123 121 120
f 2643 1142 1141
f 1542 513 1543
f 899 907 919
f 1210 676 867
f 791 982 892
f 24 837 836
f 893 932 931
f 1860 863 862
f 535 862 861
f 832 813 812
f 2650 813 832
f 1569 1547 1568
f 181 542 180
f 660 937 688
f 2013 568 2012
f 887 2631 2630
f 1524 361 78
f 520 162 1529
f 2653 854 2685
f 1238 2655 2686
f 718 527 530
f 1492 518 1491
f 792 615 793
f 599 1835 596
f 290 456 175
f 312 1552 425
f 1248 1179 1249
f 153 177 178
f 1240 1222 1221
f 1257 1235 1071
f 1291 1083 1222
f 1052 1277 1053
f 743 2618 1204
f 444 430 443
f 23 1172 1187
f 2687 1180 1179
f 102 409 134
f 1283 610 801
f 373 650 651
f 1180 1084 1291
f 855 2655 1237
f 1173 1917 1174
f 2689 853 2688
f 2688 1108 1279
f 2686 1279 1238
f 2687 2688 2686
f 2691 1252 2690
f 2690 850 2689
f 1248 2689 2687
f 1248 2691 2690
f 2692 24 2666
f 2691 2666 1302
f 1247 2692 2691
f 1258 617 2692
f 394 1555 393
f 2693 1259 1223
f 1072 1262 1261
f 1257 1168 1258
f 398 1555 1554
f 871 1314 872
f 1178 1249 1179
f 1224 1173 1172
f 1010 2618 742
f 1175 1292 1269
f 2654 2686 2655
f 2694 1216 1264
f 71 1487 70
f 701 1111 1038
f 1072 2649 2650
f 1085 22 21
f 895 1264 896
f 1601 1605 1604
f 1259 1271 1289
f 21 1220 1083
f 988 538 537
f 598 1336 1140
f 820 1762 821
f 1050 818 821
f 1298 1761 2652
f 1168 618 617
f 858 1256 833
f 39 516 1536
f 2652 819 814
f 313 315 314
f 2026 1971 2027
f 2656 596 1835
f 814 818 811
f 2696 813 2649
f 1260 2649 1261
f 2693 2696 1260
f 2697 2651 2696
f 381 390 380
f 3818 1611 1609
f 1475 1428 1227
f 1292 1917 1235
f 1551 354 1518
f 1526 1523 1511
f 1593 1595 1573
f 1232 1246 1249
f 2695 1223 22
f 2698 1296 2697
f 2698 2693 2695
f 2685 2695 1085
f 2685 1297 2698
f 562 271 272
f 2652 1296 1298
f 1365 1364 1363
f 1958 1953 1957
f 585 2210 997
f 1561 1515 435
f 975 1146 976
f 347 68 346
f 1038 636 1068
f 2700 780 2699
f 2699 1036 1883
f 2701 1883 1829
f 851 2699 2701
f 2674 2251 2702
f 2702 781 2700
f 1253 2700 851
f 1301 2702 1253
f 1519 388 1550
f 1273 1280 2703
f 2703 1107 852
f 2701 852 851
f 1829 2703 2701
f 91 326 90
f 1784 2656 1785
f 2683 2705 2704
f 604 3499 3533
f 1669 3548 1662
f 2062 2060 2059
f 621 861 622
f 2023 732 2024
f 686 1263 687
f 857 2668 1328
f 883 882 879
f 637 1111 1110
f 2668 893 1328
f 2667 894 2668
f 1039 1068 1334
f 313 1504 1505
f 1911 305 453
f 1936 1964 2212
f 2707 2401 2183
f 2708 2183 2182
f 738 2116 554
f 2349 2432 2436
f 2711 2020 2019
f 2400 2019 2186
f 2714 2716 2713
f 2717 2719 2720
f 2721 2723 2724
f 2726 2728 2725
f 2725 2730 2729
f 2731 2729 2709
f 2732 2725 2731
f 2734 2736 2733
f 2738 2740 2737
f 2737 2741 2742
f 2744 2746 2743
f 2745 2748 2747
f 2749 2747 2751
f 2753 2751 2752
f 2250 2246 2248
f 2754 1614 2755
f 3598 2755 3609
f 3608 2747 3609
f 1617 2755 1614
f 2242 1620 2757
f 2191 2760 2759
f 2761 2760 2762
f 3648 2761 3649
f 3623 2759 3648
f 3209 3223 3224
f 1395 2236 2235
f 1395 1636 1615
f 1616 2229 2233
f 1617 2763 2756
f 2756 3628 3608
f 2765 2234 1630
f 2766 3628 3622
f 3202 3246 3247
f 1516 435 1515
f 2768 3552 3553
f 1495 578 1424
f 2135 28 17
f 3526 2773 2774
f 1690 3926 3925
f 2778 2780 2777
f 2777 2781 2782
f 2784 2777 2783
f 3555 575 576
f 1494 9 540
f 3529 2015 3566
f 451 505 450
f 2786 2788 2785
f 2779 2785 2780
f 2789 2741 2740
f 2790 2752 2789
f 2792 2794 2791
f 2793 2796 2794
f 2796 2750 2749
f 2794 2749 2753
f 2798 1396 2754
f 3591 2754 3598
f 2798 2800 1393
f 3591 2799 2798
f 2797 2795 2801
f 2791 2753 2790
f 216 232 54
f 3804 2807 3803
f 3805 2804 3803
f 2769 3557 3552
f 183 184 97
f 2811 2775 2776
f 2804 2776 2805
f 2809 2811 2804
f 2812 2813 2814
f 3805 2816 3795
f 3796 2815 3795
f 3798 2820 2821
f 3793 2819 3798
f 2824 2735 2819
f 2823 2824 2819
f 2825 2826 2724
f 3793 2827 3792
f 3796 2826 3792
f 2713 2829 2828
f 2828 2831 2830
f 2822 2828 2830
f 2821 2713 2828
f 2832 2822 2830
f 2833 2830 2831
f 2834 2832 2833
f 2835 2827 2832
f 2837 2839 2836
f 2836 2841 2840
f 2842 2840 2727
f 2843 2836 2842
f 2840 2845 2844
f 2718 2845 2719
f 2730 2844 2718
f 2727 2844 2728
f 2846 2719 2845
f 2846 2841 2847
f 2829 2847 2831
f 2829 2716 2846
f 2847 2839 2848
f 2848 2838 2849
f 2833 2849 2834
f 2831 2848 2833
f 2850 2851 2852
f 2853 2852 2854
f 2783 2782 2855
f 2785 2853 2856
f 2780 2856 2781
f 2857 2855 2782
f 2859 2782 2781
f 2861 2842 2860
f 2860 2727 2726
f 2862 2726 2732
f 2863 2860 2862
f 2861 2858 2857
f 2843 2857 2859
f 2856 2854 2864
f 2781 2864 2859
f 2837 2859 2864
f 2838 2864 2854
f 2852 2834 2849
f 2854 2849 2838
f 2865 2818 2835
f 2851 2835 2834
f 2813 2815 2865
f 2814 2865 2851
f 2866 2814 2850
f 2788 2850 2853
f 2866 2787 2867
f 2812 2867 2775
f 1892 1890 1891
f 2720 2846 2870
f 298 256 257
f 2872 2713 2820
f 3794 2735 2734
f 2729 2874 2873
f 2846 2715 2870
f 2876 2878 2875
f 2733 2878 2734
f 3806 2879 2880
f 3806 2872 3794
f 2882 2884 2881
f 2881 2715 2714
f 2880 2714 2872
f 2879 2881 2880
f 2885 2887 2888
f 2888 2890 2885
f 2885 2892 2891
f 2893 2885 2891
f 1942 2532 2894
f 2895 2720 2870
f 2884 2870 2715
f 2883 2895 2884
f 2896 2892 2895
f 2889 2717 2890
f 2890 2720 2892
f 2897 2891 2896
f 2898 2896 2883
f 2899 2883 2882
f 2900 2882 2879
f 3797 2879 3807
f 2876 2901 2877
f 2901 2904 2903
f 1785 1835 1834
f 2905 2899 2900
f 2907 2897 2898
f 3797 2903 3799
f 632 577 633
f 3532 2867 2787
f 434 550 350
f 2768 3640 3643
f 2910 1623 2249
f 2241 2758 2242
f 3640 2913 3652
f 1623 2757 1620
f 3587 2757 3652
f 2229 1380 2250
f 2765 1629 2914
f 2915 1629 2912
f 3642 2914 2915
f 3641 2765 2914
f 2919 3642 3613
f 2918 2912 2241
f 3614 2241 3586
f 3618 3613 3670
f 3541 2180 3496
f 3521 2188 3506
f 3705 714 3851
f 2925 2917 2924
f 2924 2916 2919
f 3610 2919 3618
f 3611 2924 3610
f 2926 2766 2925
f 3658 2925 3611
f 1715 1705 1710
f 785 498 796
f 1387 565 1791
f 374 1899 560
f 3573 2206 3556
f 2929 2886 2893
f 2932 2934 2931
f 1905 1908 1907
f 2930 2936 2937
f 2938 2930 2929
f 1493 517 518
f 1603 1586 1602
f 2939 2929 2908
f 2940 2908 2907
f 3665 1600 3661
f 2886 2937 2887
f 2906 2898 2899
f 2908 2893 2897
f 2942 2933 2941
f 2941 2937 2936
f 3501 2936 3513
f 3498 2941 3501
f 2943 2710 2873
f 2943 2874 2889
f 2945 2889 2888
f 2946 2943 2945
f 2932 2888 2887
f 2931 2945 2932
f 727 1929 728
f 2903 2947 2948
f 545 42 262
f 1480 533 251
f 2907 2949 2940
f 2906 2950 2949
f 1558 215 202
f 3799 2948 3801
f 2054 1644 2118
f 3705 2203 3573
f 1828 1849 1827
f 2953 2955 2952
f 2952 2957 2956
f 2956 2258 2952
f 2953 2258 2257
f 2454 2474 2496
f 3747 2959 3766
f 3747 2131 3737
f 2961 2963 2958
f 2958 2964 2959
f 222 2485 2965
f 2477 2966 2608
f 2631 2006 1859
f 2384 2496 2497
f 2967 2959 2964
f 2968 2970 2969
f 3759 2971 3784
f 3784 2960 3766
f 2972 2033 2032
f 2007 2973 2008
f 3560 2134 2133
f 1836 1832 1831
f 3506 2090 3551
f 955 959 956
f 672 674 673
f 633 713 632
f 2024 733 803
f 2025 803 798
f 425 1550 388
f 2975 888 887
f 1319 1157 2694
f 1212 2977 1213
f 889 2228 2227
f 1978 1975 1979
f 1138 1329 915
f 751 2979 2978
f 1619 1625 1624
f 2252 1728 1727
f 1157 845 1216
f 2706 1938 2617
f 2980 2254 2981
f 2982 887 2630
f 802 711 2679
f 678 2029 2028
f 527 690 528
f 1839 2629 1840
f 2983 602 1914
f 2983 1913 1331
f 2985 1331 1054
f 2986 2983 2985
f 2987 2635 2634
f 2985 2639 2986
f 2990 1318 2989
f 2991 2993 2994
f 2995 2994 2996
f 1106 2991 2995
f 1058 2992 2991
f 1415 1365 1367
f 1317 2217 2997
f 1932 2255 2980
f 926 2999 664
f 3001 2992 3000
f 3000 1057 2978
f 2999 2978 2979
f 2998 3000 2999
f 3002 2209 3003
f 3002 2996 2994
f 2993 3002 2994
f 3001 2998 3002
f 1103 2995 3004
f 3004 2996 3003
f 2209 3004 3003
f 588 3004 2210
f 295 433 381
f 2638 2988 3005
f 3005 1056 1930
f 1305 1930 1306
f 1276 3005 1305
f 1987 1993 1989
f 2633 1761 2645
f 1423 1417 1419
f 3561 739 703
f 2671 2704 2705
f 1473 2035 1472
f 922 2694 895
f 1401 1378 1384
f 556 1884 1037
f 842 3825 3836
f 1854 2617 1010
f 933 1081 1075
f 1440 1436 1437
f 529 719 530
f 1031 1027 1028
f 777 912 1871
f 2645 1204 2633
f 441 1538 1537
f 790 587 586
f 2065 1610 1607
f 1860 990 902
f 60 87 59
f 1424 1948 1947
f 332 1507 331
f 261 138 135
f 187 449 507
f 1719 1726 1725
f 1931 1059 3006
f 3006 1105 1104
f 1287 1104 587
f 1286 3006 1287
f 3007 3009 3010
f 3009 653 795
f 618 26 25
f 2029 1210 1209
f 957 600 2228
f 1049 2228 600
f 2631 3011 2561
f 890 2227 3011
f 3011 2145 3012
f 2561 3012 2375
f 1026 609 608
f 2706 1961 1964
f 3013 2485 3014
f 2148 1267 3015
f 3015 1266 1311
f 2997 1101 1317
f 642 1773 1193
f 186 461 511
f 1041 1320 901
f 1121 3017 1122
f 2984 2987 3018
f 3018 2634 2619
f 1048 3018 2619
f 603 2984 3018
f 2679 801 802
f 2062 2074 2061
f 2061 2076 2064
f 414 1545 1965
f 3016 2683 3019
f 3019 2704 2670
f 3020 2670 720
f 3007 3019 3020
f 1871 1091 777
f 3021 1122 3017
f 3022 3017 3010
f 1314 3022 1315
f 1784 3021 1314
f 1316 1763 611
f 3023 3010 3009
f 3023 795 1092
f 1763 1092 1125
f 1315 3023 1763
f 3016 3010 3017
f 752 2978 1057
f 2986 2637 2987
f 3024 653 3008
f 3020 3008 3007
f 720 3024 3020
f 723 654 3024
f 2681 1268 3025
f 2671 1268 721
f 2705 3025 2671
f 1313 3027 1311
f 3026 3029 3027
f 3027 3030 3031
f 1311 3031 3015
f 2012 731 2023
f 917 974 977
f 743 856 744
f 1888 2030 1425
f 2682 2684 3032
f 3032 1124 2989
f 1100 2989 1318
f 1099 3032 1100
f 1123 2989 1124
f 3033 1159 1158
f 2990 1158 1319
f 1123 3033 2990
f 1786 1834 3033
f 1054 2988 2985
f 2979 664 2999
f 2623 2663 2643
f 1095 688 687
f 3034 2261 2956
f 3036 2956 2957
f 3037 3034 3036
f 3038 3035 3034
f 3040 3026 1313
f 2263 3041 3040
f 3042 3043 3041
f 3041 3028 3026
f 3044 3043 3039
f 3046 3045 3044
f 3047 3049 3045
f 3043 3049 3028
f 3038 3051 3050
f 3050 3053 3052
f 3052 3044 3050
f 3039 3050 3044
f 3054 3039 3042
f 3042 2262 3054
f 2261 3054 2262
f 2216 2997 2217
f 2212 2667 1936
f 3056 2209 3055
f 934 1961 1854
f 2013 3757 567
f 3058 3060 3061
f 3059 3063 3060
f 3060 2213 1963
f 3061 1963 1962
f 3063 2214 2213
f 3062 3064 3063
f 3065 2260 3064
f 3064 2215 2214
f 3066 3031 3030
f 2608 3067 3066
f 2966 3068 3067
f 3031 3068 3015
f 2455 2461 2474
f 2476 2226 2477
f 3551 2089 3525
f 3526 3769 3786
f 433 355 381
f 2115 1419 2123
f 3509 2922 3527
f 3769 2131 2134
f 3069 2167 2166
f 2971 2928 2960
f 2961 2773 2962
f 3070 2478 2483
f 2610 3071 2954
f 2502 2374 2386
f 3072 2595 3073
f 2964 3052 2967
f 3048 3074 3049
f 2593 3075 3074
f 3075 3029 3074
f 3074 3028 3049
f 3072 3075 2592
f 3076 2482 2481
f 2481 3066 3076
f 3076 3030 3075
f 2967 3053 2970
f 2482 3073 2483
f 479 493 494
f 706 3873 709
f 3561 2221 3517
f 2013 3754 3755
f 3533 2016 3529
f 3562 2222 2974
f 1171 1155 1176
f 2586 2565 2587
f 2982 113 2484
f 2562 3077 3068
f 2376 3012 3077
f 3012 2148 3077
f 3077 3015 3068
f 2963 3046 2964
f 3051 2970 3053
f 1683 491 775
f 3850 1447 3860
f 1986 3734 3768
f 3079 2546 2575
f 3081 2575 2576
f 1983 3768 3765
f 3082 2319 2545
f 3080 2545 2546
f 3734 3082 3080
f 3732 2323 3082
f 1309 1888 748
f 3073 2772 2771
f 2760 3084 2762
f 2760 2088 3083
f 3085 3086 3087
f 3089 3090 3088
f 3089 3084 3085
f 3092 3090 3091
f 3093 2744 2743
f 2751 2748 3093
f 3093 2752 2751
f 2742 3093 3094
f 3094 2743 3095
f 3096 3098 3087
f 3099 3087 3086
f 3097 3095 3098
f 3100 2746 3101
f 3101 3102 3100
f 2764 2927 3101
f 2745 3101 2746
f 3102 3091 3100
f 3100 3095 2743
f 2869 3592 3634
f 3102 3104 3092
f 3658 2869 3634
f 2927 3103 3102
f 3098 3091 3090
f 3087 3090 3085
f 2088 3105 3083
f 3083 3086 3084
f 2483 2771 3070
f 2401 2185 2321
f 3099 3105 3106
f 2125 3106 3105
f 3108 2742 3107
f 3107 3094 3097
f 3110 3107 3109
f 3109 3097 3096
f 3111 3096 3099
f 3112 3109 3111
f 3113 2737 3108
f 3115 2722 3114
f 3117 3114 3116
f 3119 3116 3118
f 3118 3120 3121
f 3116 3113 3120
f 3122 3111 3123
f 3122 1755 1754
f 3124 3126 3127
f 3125 3121 3126
f 3128 3118 3125
f 3129 3125 3124
f 2020 3128 3129
f 3853 1346 1352
f 1065 1047 1066
f 1814 3830 1649
f 2021 3129 3130
f 3111 3106 3123
f 3123 2207 1755
f 2377 2224 2973
f 3014 113 112
f 1756 3782 3767
f 3131 2530 2528
f 3133 2528 2529
f 1753 3767 3775
f 3134 3127 3135
f 2327 2314 2313
f 2436 2317 2349
f 2018 3711 3712
f 2534 3137 2535
f 2320 3136 2534
f 2185 3712 3771
f 3138 2542 2539
f 3134 3744 3745
f 3785 3134 3745
f 3140 2539 2538
f 2535 3140 2538
f 3711 3130 3785
f 2558 3132 3141
f 3782 3141 3132
f 2560 3141 3142
f 3760 3142 3141
f 958 2976 2981
f 1933 2980 3143
f 2399 2418 2416
f 2348 2343 2432
f 2322 2319 2323
f 2718 2874 2730
f 2709 2873 2710
f 2894 1361 1942
f 346 176 347
f 1876 1882 1881
f 2802 3607 3592
f 3104 3088 3092
f 2974 3649 3603
f 3089 2761 2762
f 3088 3145 3089
f 2803 3603 3607
f 3870 692 628
f 2123 1418 2126
f 1365 1368 1367
f 1581 1782 1783
f 3569 2129 3520
f 3555 2002 3521
f 3146 2551 3147
f 3751 3147 3750
f 3742 3146 3751
f 3149 2585 3146
f 3196 3197 3195
f 3604 2191 3623
f 3142 2556 2560
f 3777 3150 3142
f 3646 2550 3593
f 3150 2555 2556
f 3778 3151 3150
f 3788 3152 3646
f 3153 2551 2549
f 3152 2549 2550
f 3781 3153 3152
f 3776 3147 3153
f 3148 2206 2205
f 2183 2321 2184
f 2132 2928 2133
f 3684 2204 2203
f 3719 2197 3721
f 2594 2773 2951
f 2595 2951 2772
f 1870 799 1869
f 3713 2178 3706
f 3706 3736 3790
f 336 3774 3722
f 339 3154 336
f 3789 3149 3742
f 3683 2584 3149
f 2963 3048 3047
f 3722 337 336
f 339 2566 2586
f 3156 2168 2167
f 2610 2167 2611
f 2954 3156 2610
f 3157 2953 2257
f 3707 2169 3709
f 2567 3159 2568
f 337 2567 338
f 3730 2166 3707
f 3764 1983 3765
f 2579 3081 2576
f 2568 3160 2579
f 3709 2190 3764
f 3065 3162 3161
f 3161 1984 2189
f 3157 2189 2168
f 2257 3161 3157
f 734 1922 806
f 3059 2708 3163
f 3163 2182 1985
f 3162 1985 1984
f 3062 3163 3162
f 3203 3205 3204
f 2122 1448 1447
f 3817 1685 3812
f 139 444 69
f 1570 566 533
f 2957 3165 3036
f 2955 3164 2957
f 1912 341 1973
f 3130 3124 3134
f 1548 319 1547
f 1949 1327 1887
f 2969 3078 3167
f 3167 3169 3168
f 3724 2017 3720
f 3720 2033 3759
f 3168 3165 3170
f 3170 3164 3171
f 3779 3171 3756
f 3724 3170 3779
f 3171 3166 3172
f 3172 3071 3173
f 3752 3173 3749
f 3756 3172 3752
f 3169 3036 3165
f 2593 2962 2594
f 3173 2609 3174
f 3174 2199 2198
f 3783 2198 3719
f 3749 3174 3783
f 2190 1984 1983
f 2196 2767 3148
f 2119 1414 1448
f 1464 1466 1465
f 2199 3069 2200
f 2457 2587 2565
f 2226 2562 2966
f 481 1627 1639
f 333 235 236
f 3078 3037 3169
f 3040 2997 2263
f 2219 1933 2220
f 2385 2497 2503
f 221 3175 2484
f 2220 3143 3175
f 3175 2976 2975
f 2484 2975 2982
f 2954 3166 2955
f 2630 110 2982
f 1547 1952 1955
f 2091 2188 2187
f 3733 2178 2177
f 1918 1927 1926
f 3563 111 3511
f 955 960 954
f 2037 112 3563
f 3143 2981 2976
f 2218 2214 2215
f 672 3787 3541
f 2152 3014 2037
f 1147 1143 1145
f 2248 1409 2245
f 1615 1635 1616
f 1410 2246 2247
f 3241 3242 3240
f 3177 1383 1382
f 2238 3176 1382
f 3176 2230 3178
f 1410 3179 1407
f 3179 2243 1407
f 1633 2800 2249
f 1621 2758 2912
f 1622 2245 1634
f 2236 3181 3182
f 2237 3182 3183
f 2250 2233 2229
f 2912 1628 1621
f 135 1564 1563
f 1567 512 1565
f 1085 2653 2685
f 3184 868 3056
f 869 3057 934
f 1266 1098 1312
f 1267 722 721
f 937 2646 936
f 2146 722 2147
f 2211 921 2667
f 1957 507 449
f 1313 2264 3040
f 1496 1493 1492
f 2681 2705 2682
f 2887 2933 2932
f 1687 1659 1694
f 145 1498 81
f 1317 1319 2694
f 37 418 71
f 1935 3185 2977
f 104 301 103
f 2101 2083 2084
f 543 360 207
f 1934 3186 3185
f 234 212 237
f 3845 1822 1824
f 1976 1874 1974
f 223 2219 220
f 3655 3605 3612
f 468 773 2165
f 1935 1728 1932
f 3240 3226 3235
f 3261 3250 3260
f 3215 3244 3264
f 3265 3215 3264
f 3267 3198 3196
f 3205 3269 3255
f 3214 3265 3270
f 3271 3214 3192
f 3251 3239 3236
f 3222 3266 3272
f 3232 3234 3233
f 3216 3243 3244
f 3196 3268 3267
f 3244 3254 3255
f 3238 3247 3246
f 3264 3255 3269
f 3253 3216 3217
f 3211 3221 3265
f 3257 3218 3256
f 3258 3272 3259
f 3274 3280 3273
f 3228 3262 3263
f 3275 3281 3280
f 3226 3273 3280
f 3236 3260 3251
f 3281 3236 3237
f 3287 3192 3189
f 3235 3280 3234
f 3234 3281 3237
f 3288 3259 3272
f 3260 3276 3251
f 3289 3278 3284
f 3210 3224 3283
f 3199 3201 3200
f 3228 3230 3229
f 3290 3285 3286
f 3282 3271 3287
f 3260 3262 3261
f 3243 3268 3254
f 3267 3241 3232
f 3194 3208 3193
f 3191 3269 3206
f 3270 3192 3214
f 3275 3230 3231
f 3264 3270 3265
f 3252 3276 3291
f 3248 3291 3223
f 3213 3279 3277
f 3272 3289 3288
f 3277 3212 3213
f 3228 3281 3231
f 3220 3253 3219
f 3219 3217 3257
f 3256 3222 3258
f 3247 3252 3248
f 3245 3232 3233
f 3266 3212 3289
f 3208 3255 3254
f 3288 3284 3285
f 3204 3208 3207
f 560 3187 559
f 3209 3201 3202
f 3189 3191 3190
f 448 807 447
f 647 122 270
f 1833 1780 1832
f 510 508 507
f 3210 1887 3201
f 1887 3200 3201
f 15 3197 3200
f 16 3195 3197
f 3195 3187 3194
f 3194 1899 3207
f 3207 375 3204
f 387 126 127
f 3189 1760 3287
f 3577 757 758
f 763 2172 2175
f 3583 3580 3581
f 3581 3579 3578
f 3594 3596 3595
f 3400 3602 3401
f 3626 3625 3627
f 3631 3599 3601
f 3636 3595 3596
f 3647 3588 3645
f 3650 3584 3647
f 3653 3580 3651
f 3653 3654 3579
f 1801 3656 3655
f 3651 3582 3650
f 3644 3595 3637
f 1767 3659 3660
f 1597 3661 1600
f 1708 3665 3664
f 3671 3667 3666
f 3666 3673 3672
f 1588 3664 1587
f 2080 3666 2082
f 2082 3672 2084
f 3674 3635 3631
f 3677 3636 3635
f 3682 3645 3681
f 3692 3650 3686
f 3681 3644 3680
f 786 3692 785
f 3694 3651 3692
f 785 3686 497
f 497 3682 650
f 650 3681 564
f 3696 3681 3680
f 3405 3605 3402
f 3702 3678 3677
f 3699 3679 3678
f 3645 3638 3644
f 1799 3659 1768
f 3708 3458 3460
f 3462 3708 3460
f 3714 564 3696
f 3615 3602 3600
f 3710 3696 3698
f 3635 3596 3599
f 3629 3627 3630
f 3597 3599 3596
f 3630 3715 3629
f 3627 3597 3594
f 3717 3723 3718
f 3715 3660 3629
f 3716 3725 3715
f 3668 3661 3725
f 3668 3717 3667
f 3667 3718 3673
f 3727 3673 3718
f 3728 3672 3673
f 3726 3718 3723
f 1576 2084 3672
f 3727 3731 3729
f 3203 1387 3190
f 3190 1791 3189
f 3283 1949 3210
f 317 259 391
f 2000 3653 3694
f 3601 3600 3602
f 3589 3584 3585
f 3577 756 2170
f 3585 3582 3583
f 3678 3637 3636
f 3204 376 3203
f 1801 3657 1799
f 3729 3728 3727
f 1575 3738 1088
f 3735 1576 3728
f 1776 1796 1775
f 1293 1290 1284
f 1326 1327 12
f 1294 1234 1290
f 878 1330 1337
f 497 374 498
f 122 413 121
f 3699 3704 3708
f 3606 3401 3602
f 3708 3698 3699
f 3464 3710 3462
f 3704 3443 3458
f 439 399 438
f 1512 1526 1511
f 1668 1738 1671
f 839 1362 838
f 1362 826 1012
f 3843 1896 3815
f 2053 2118 2117
f 3888 2120 2119
f 696 3816 3831
f 1826 639 640
f 3740 3729 3731
f 956 886 960
f 1980 1922 807
f 33 105 164
f 1343 3856 3857
f 3907 2128 3902
f 1766 1582 1594
f 14 2163 738
f 595 99 594
f 3233 3246 3245
f 1346 1044 1352
f 748 1425 747
f 3193 3254 3268
f 3190 3206 3203
f 3612 3606 3615
f 3624 3615 3625
f 3631 3443 3674
f 3679 3644 3637
f 3686 3647 3682
f 3702 3674 3704
f 3625 3600 3597
f 3601 3415 3631
f 3739 3735 3729
f 3630 3594 3741
f 3741 3716 3630
f 1284 1288 1285
f 3698 3680 3679
f 1778 1780 1779
f 1792 1584 1789
f 695 571 694
f 3638 3594 3595
f 3741 3588 3589
f 3247 3209 3202
f 3292 3294 3295
f 3296 3298 3299
f 3299 3300 3301
f 3302 3304 3305
f 3306 3308 3309
f 3307 3311 3308
f 3303 3301 3300
f 3312 3304 3313
f 3314 3316 3317
f 3318 3320 3321
f 3324 3321 3325
f 3326 3328 3323
f 3329 3331 3332
f 3333 3335 3336
f 3337 3339 3340
f 3333 3341 3342
f 3342 3343 3344
f 3319 3344 3343
f 3338 3334 3339
f 3346 3302 3347
f 3305 3347 3302
f 3312 3223 3349
f 3350 3340 3351
f 3312 3348 3305
f 3352 3341 3326
f 3311 3354 3308
f 3341 3327 3326
f 3359 3361 3362
f 3360 3250 3249
f 3318 3345 3319
f 3364 3318 3324
f 3314 3324 3365
f 3366 3301 3346
f 3299 3367 3296
f 3308 3368 3309
f 3369 3295 3294
f 3317 3364 3314
f 3370 3317 3316
f 3325 3365 3324
f 3352 3319 3343
f 3296 3353 3311
f 3297 3311 3310
f 3363 3354 3345
f 3345 3353 3344
f 3344 3367 3342
f 3366 3342 3367
f 3347 3334 3346
f 3339 3348 3340
f 3348 3351 3340
f 3363 3369 3368
f 3294 3368 3369
f 3293 3309 3294
f 3331 3374 3332
f 3346 3333 3366
f 3323 3352 3326
f 3356 3321 3320
f 3355 3325 3321
f 3357 3371 3325
f 3322 3320 3352
f 3361 3329 3362
f 3373 3375 3374
f 3374 3376 3332
f 3329 3376 3362
f 3327 3372 3328
f 3336 3375 3327
f 3335 3376 3375
f 3376 3337 3362
f 3337 3359 3362
f 3359 3276 3250
f 3377 3295 3370
f 3277 3315 3278
f 3371 3379 3365
f 3378 3358 3380
f 3365 3315 3314
f 3316 3279 3370
f 3282 3370 3279
f 3313 3224 3312
f 3378 3284 3379
f 3380 3285 3378
f 3379 3278 3315
f 3276 3351 3291
f 3291 3349 3223
f 3313 2965 3013
f 2965 3303 222
f 222 3300 223
f 223 3298 3186
f 3298 3185 3186
f 3297 2977 3185
f 3310 1213 2977
f 3307 1214 1213
f 2532 3306 3293
f 2894 3293 3292
f 2871 3292 3377
f 3253 3240 3242
f 3283 3013 2152
f 1997 1889 1892
f 1237 744 855
f 1535 120 121
f 1531 201 214
f 1119 1032 984
f 946 824 947
f 163 5 162
f 3589 3723 3741
f 1155 1162 1164
f 427 327 424
f 553 796 498
f 3381 2231 2237
f 3381 2230 2232
f 2237 3180 3381
f 3383 3385 3382
f 3384 3387 3385
f 3386 3389 3387
f 3388 3391 3389
f 3392 3394 3395
f 3395 3396 3397
f 3398 3397 3396
f 3400 3399 3398
f 3403 3405 3402
f 3406 3404 3403
f 3408 3407 3406
f 3410 3409 3408
f 3412 3411 3410
f 3415 3398 3414
f 3414 3396 3416
f 3416 3394 3417
f 3417 3393 3418
f 3393 3420 3418
f 3419 3421 3420
f 3390 3422 3421
f 3388 3423 3422
f 3386 3424 3423
f 3384 3425 3424
f 3425 3426 3184
f 2904 3428 2947
f 3429 2904 2902
f 3430 2902 2876
f 2875 3430 2876
f 3432 2733 2736
f 2825 3435 2824
f 3437 3439 3436
f 3441 3436 3440
f 2724 3434 2825
f 3436 3115 3117
f 3440 3117 3119
f 3443 3414 3442
f 3442 3416 3444
f 3444 3417 3445
f 3445 3418 3446
f 3446 3420 3447
f 3420 3448 3447
f 3421 3449 3448
f 3422 3450 3449
f 3423 3451 3450
f 3424 3452 3451
f 3425 3056 3452
f 3451 2253 2252
f 3450 2252 1727
f 3449 1727 2150
f 3448 2150 1941
f 3453 3448 1941
f 3454 3447 3453
f 3455 3446 3454
f 3456 3445 3455
f 3442 3456 3457
f 3443 3457 3458
f 3459 3458 3457
f 3457 3455 3459
f 3459 3454 3461
f 3462 3459 3461
f 3461 3453 3463
f 3464 3461 3463
f 3463 1941 1360
f 3404 3401 3405
f 3407 3399 3404
f 3409 3397 3407
f 3411 3395 3409
f 3465 3413 3412
f 3467 3469 3466
f 3465 3431 3433
f 3470 3466 3465
f 3438 3432 3435
f 3467 3438 3437
f 3468 3437 3441
f 3471 3468 3472
f 3472 3441 3473
f 3473 3440 2712
f 2712 3119 3128
f 3475 3472 3474
f 3474 3473 3476
f 3476 2712 2711
f 3477 2711 2400
f 3478 3476 3477
f 3479 3474 3478
f 3392 3413 3480
f 3466 3480 3413
f 3419 3392 3480
f 3390 3480 3391
f 3469 3391 3480
f 3389 3471 3475
f 3387 3475 3479
f 3385 3479 3481
f 3482 2400 2402
f 3483 3477 3482
f 3481 3478 3483
f 3484 2402 2707
f 3058 2707 2708
f 3061 3484 3058
f 3485 3482 3484
f 3382 3481 3486
f 3486 3483 3485
f 3426 3382 3487
f 3487 3486 1962
f 3486 3061 1962
f 1961 3487 1962
f 3057 3426 3487
f 3428 3402 3488
f 3427 3403 3428
f 3429 3406 3427
f 3430 3408 3429
f 3431 3410 3430
f 3470 3433 3432
f 3434 3438 3435
f 2723 3439 3434
f 2875 3433 3431
f 2736 3435 3432
f 2947 3488 3500
f 3464 1360 3497
f 1900 1924 1901
f 1736 1718 1750
f 1955 1943 1956
f 1671 1735 1751
f 1696 1698 1692
f 1800 1864 1801
f 2063 2056 2060
f 1737 1717 1736
f 1751 1697 1695
f 943 3899 684
f 3656 3402 3605
f 1577 1764 1703
f 3917 1599 3923
f 1945 82 1944
f 68 7 248
f 147 1543 148
f 1109 1133 1102
f 1503 1907 1908
f 1499 1909 1498
f 452 735 215
f 1824 3835 3845
f 1825 2068 1824
f 1463 1022 1194
f 841 1009 1011
f 1568 1955 1534
f 1926 1927 1923
f 1910 1502 1939
f 1939 422 442
f 309 1940 308
f 1804 1866 1803
f 269 1954 56
f 2065 2060 2056
f 3812 1758 3835
f 280 552 1940
f 1875 1869 1874
f 1739 1734 1737
f 1778 1790 1788
f 310 1915 279
f 1909 1906 1954
f 1789 1778 1788
f 978 980 979
f 1584 1731 1583
f 425 311 312
f 148 115 116
f 2044 3894 2046
f 277 1939 551
f 1943 1945 1944
f 1461 1463 1464
f 2253 3056 3055
f 2981 3489 958
f 2209 3489 3055
f 2254 3055 3489
f 2998 958 3489
f 2826 2721 2724
f 3490 2721 2817
f 2816 3490 2817
f 2334 2296 2335
f 2298 2334 2336
f 2301 2336 2338
f 2311 2338 2354
f 2312 2354 2355
f 2359 2361 2360
f 2335 2359 2360
f 2414 2365 2364
f 2413 2361 2365
f 2355 2540 2541
f 2541 2539 2542
f 2722 2739 2738
f 3114 2738 3113
f 3110 3121 3120
f 3108 3120 3113
f 3122 3127 3126
f 3112 3126 3121
f 3127 1753 3135
f 3139 2529 2542
f 3744 3133 3139
f 3490 2740 2739
f 3491 2789 3490
f 228 91 88
f 245 243 242
f 248 247 191
f 2 296 295
f 145 300 267
f 327 210 328
f 329 331 330
f 250 228 236
f 239 240 230
f 373 375 374
f 178 176 175
f 1218 1228 1321
f 3862 1295 3854
f 808 824 823
f 3858 1013 1014
f 3813 1411 1413
f 2154 2159 2160
f 3845 1758 1757
f 306 1922 452
f 2157 1976 1977
f 708 2031 1474
f 1450 1227 1428
f 1672 1605 1624
f 1813 1821 1816
f 1717 1715 1718
f 176 402 347
f 1710 3916 3915
f 1712 1577 1711
f 1705 1711 1704
f 971 979 970
f 822 1094 1102
f 2909 2793 2792
f 2810 2795 2793
f 2799 2249 2800
f 3662 2910 2799
f 2769 2801 2795
f 3177 3178 3179
f 3178 3180 3179
f 3181 1393 2800
f 3181 1632 3182
f 3182 2244 3183
f 3183 2243 3180
f 3492 2790 3491
f 2808 3491 2816
f 2239 3572 2240
f 1149 3571 3570
f 1150 3567 3571
f 2202 3566 2015
f 2921 3565 2923
f 3568 2133 2928
f 1777 1759 1792
f 1201 1183 1184
f 3561 2195 2194
f 3553 2770 2768
f 3927 1687 1692
f 1516 154 503
f 3549 2974 2803
f 3550 2779 2778
f 2771 3575 3546
f 3070 3546 3558
f 3547 2775 2867
f 1376 1370 1372
f 2767 3556 2206
f 2195 3543 2767
f 2775 3542 2776
f 3377 3545 2871
f 3804 3539 2806
f 2776 3538 2805
f 2240 3535 2920
f 2920 3669 3619
f 3548 2786 2779
f 1805 1851 1804
f 3534 2787 2786
f 2951 3540 3531
f 2772 3531 3575
f 2973 3530 3536
f 2224 3537 3530
f 1957 320 510
f 306 304 303
f 2770 3528 2913
f 2913 3574 2239
f 2923 3527 2922
f 308 431 47
f 207 132 543
f 1879 1881 1880
f 3733 3525 2089
f 2475 3558 3524
f 2476 3524 3523
f 2223 3523 3537
f 3522 2803 2802
f 2037 11 1950
f 1959 450 505
f 2003 3520 2129
f 9 334 540
f 2009 3518 3567
f 2008 3536 3518
f 3877 673 3879
f 3515 2778 2784
f 2935 3513 2936
f 111 3570 3511
f 3510 2935 2938
f 683 3885 943
f 3508 2810 2909
f 736 732 729
f 1795 1803 1796
f 3505 2938 2939
f 3507 2939 2940
f 2950 3504 2949
f 2940 3504 3507
f 3801 3512 2950
f 2868 3502 2869
f 2869 3522 2802
f 1024 1023 1020
f 3500 2948 2947
f 551 442 443
f 2972 3568 2928
f 2032 3499 2972
f 216 1924 1923
f 203 201 200
f 1828 1847 1837
f 1958 449 450
f 272 178 175
f 2871 3495 1361
f 3619 3564 2921
f 2801 3643 3662
f 2005 3654 2176
f 960 899 962
f 3657 3612 3624
f 3780 3646 3151
f 3151 3593 2555
f 2193 3623 2194
f 3607 3145 3144
f 3603 2761 3145
f 3592 3144 3104
f 2926 3634 3103
f 3634 3104 3103
f 3755 3746 3753
f 566 3758 2005
f 3488 1864 3500
f 1602 2079 2078
f 2868 3611 2922
f 2922 3610 2923
f 2923 3618 2921
f 3670 2918 3614
f 3619 3614 2920
f 2921 3670 3619
f 2920 3586 2240
f 3613 2915 2918
f 2917 3622 3641
f 2916 3641 3642
f 2239 3652 2913
f 2911 3652 2757
f 3643 2911 2910
f 2797 3662 3591
f 2797 3598 2750
f 3622 2763 2765
f 3608 2764 2745
f 2194 3648 2221
f 2221 3649 2222
f 2756 3609 2755
f 2750 3609 2747
f 3669 1817 3827
f 3763 1691 1699
f 2515 3590 2548
f 2548 3593 2550
f 2513 3632 3616
f 2513 3621 2515
f 2509 3620 2289
f 2510 3633 2509
f 2289 3639 2283
f 2283 3617 2286
f 2240 3587 2239
f 3659 3624 3626
f 716 3887 3888
f 727 3761 1923
f 2165 2170 2164
f 3660 3626 3629
f 3743 3578 3757
f 2175 769 770
f 2100 2095 2099
f 3758 3757 3578
f 640 3568 1826
f 1653 3553 1651
f 1895 3530 746
f 746 3537 741
f 1653 3528 3576
f 3762 1604 1672
f 2093 2073 2078
f 959 995 884
f 962 919 986
f 1400 1398 1399
f 1000 1127 1004
f 956 884 885
f 1662 3550 1661
f 2034 3546 1654
f 3926 3539 3802
f 3535 766 1817
f 3572 765 766
f 334 3571 335
f 1868 3540 1656
f 1684 1652 1678
f 1682 775 1807
f 1585 3762 1700
f 3763 1672 1673
f 2173 490 491
f 1658 3547 1752
f 3556 1650 724
f 1571 2010 1572
f 1587 3671 2080
f 2099 2077 2094
f 787 1999 786
f 2000 786 1999
f 3155 3697 3683
f 3713 3683 3789
f 2180 3685 3684
f 3496 3684 3705
f 1684 3840 1651
f 1760 3495 3545
f 2607 3693 2590
f 2581 3689 2607
f 2371 3700 3695
f 2371 3693 2372
f 2587 3675 2586
f 2586 3697 339
f 2497 3687 2503
f 2502 3687 3700
f 2494 3690 2495
f 3690 2472 2495
f 3688 2468 2472
f 3701 2469 2468
f 726 3892 630
f 581 3518 580
f 10 3570 334
f 1837 3510 1849
f 741 3523 1300
f 1299 3558 2034
f 1851 3504 1866
f 3527 1820 1819
f 580 3536 1895
f 1758 3522 3502
f 1693 3508 1806
f 3504 1867 1866
f 1894 3568 3499
f 2126 3813 3841
f 3906 3841 3912
f 2113 3867 2110
f 2179 3789 3685
f 624 3904 623
f 2192 3788 3780
f 2177 3787 3733
f 1364 3833 1338
f 3858 1470 1453
f 3135 3775 3744
f 2069 3835 2068
f 1351 3853 1352
f 2108 3901 499
f 2089 3736 3733
f 3828 1358 866
f 2001 3783 2187
f 2187 3719 2091
f 2130 3752 2004
f 2004 3749 2001
f 2014 3779 2201
f 2201 3756 2130
f 3167 3759 2969
f 3168 3720 3167
f 3159 3764 3160
f 3160 3765 3081
f 3730 3158 337
f 3158 3709 3159
f 2200 3730 3722
f 3685 3742 2204
f 3722 2197 2200
f 3790 2092 3721
f 3774 3721 2197
f 3154 3790 3774
f 3155 3706 3154
f 2091 3721 2092
f 2196 3750 3776
f 2193 3776 3781
f 3604 3781 3788
f 2086 3780 3778
f 2087 3778 3777
f 2204 3751 2205
f 2205 3750 3148
f 3909 574 692
f 2124 3777 3760
f 2208 3760 3782
f 3711 3140 3137
f 3785 3138 3140
f 3745 3139 3138
f 3771 3136 2322
f 3712 3137 3136
f 3775 3131 3133
f 3767 3132 3131
f 1813 3838 1814
f 1293 3856 1344
f 2184 3748 3732
f 2181 3732 3734
f 3765 3079 3081
f 3768 3080 3079
f 709 3875 2031
f 2774 3737 3769
f 3786 2134 3559
f 3809 766 765
f 2968 3766 2959
f 2969 3784 2968
f 2958 3737 2961
f 2132 3766 2960
f 2321 3771 3748
f 3860 1449 28
f 3905 582 710
f 3886 577 574
f 3847 1818 3827
f 705 3887 2121
f 3816 3907 698
f 2111 3911 2113
f 3810 1366 1411
f 1812 3822 1815
f 675 3852 674
f 3496 3851 675
f 2110 3868 2109
f 2104 3901 2106
f 2109 3899 944
f 3842 703 739
f 1680 3846 1684
f 1639 3819 3818
f 623 3906 697
f 2139 3866 3865
f 1808 3844 3837
f 3820 1819 1820
f 3872 3900 706
f 1646 3830 1648
f 3889 633 577
f 2139 3875 18
f 2156 3871 3874
f 674 3913 3869
f 2117 3812 2069
f 1815 3847 3823
f 3855 1444 1470
f 697 3912 3816
f 866 3836 3828
f 3864 2136 2135
f 3585 3726 3589
f 3583 3731 3585
f 3753 3738 3739
f 3740 3581 3743
f 1088 3746 1093
f 3739 3743 3753
f 2791 3493 2792
f 3492 2807 3493
f 2792 3494 2909
f 3493 2806 3494
f 3508 3494 3516
f 3516 2806 3539
f 2948 3791 3801
f 2105 3896 2104
f 3538 3804 2805
f 680 3876 683
f 1891 3910 3891
f 2905 3801 2950
f 2900 3799 2905
f 2901 3807 2877
f 2734 3806 3794
f 2877 3806 2878
f 2820 3794 2872
f 2818 3792 2827
f 2823 3792 2826
f 2822 3798 2821
f 2819 3800 3798
f 2817 3795 2816
f 2809 3795 2815
f 2808 3803 2807
f 2805 3803 2804
f 1702 3923 1599
f 3922 1797 1802
f 3915 1706 1709
f 3918 1692 1698
f 1657 3880 1879
f 1890 3895 3910
f 3772 1674 1675
f 1689 3772 3773
f 3926 3538 1688
f 3516 1689 3773
f 3917 1703 1764
f 1598 3928 1770
f 3880 1876 1879
f 1691 3925 3927
f 3925 1688 1687
f 1117 1118 3930
f 1066 1322 3930
f 1243 847 3930
f 3825 848 3930
f 1128 1117 3930
f 1129 1130 3930
f 841 1011 3930
f 1230 3863 3930
f 1242 1243 3930
f 1322 1229 3930
f 1064 1065 3930
f 1003 1128 3930
f 1229 1230 3930
f 3863 1285 3930
f 1285 1288 3930
f 848 839 3930
f 847 3825 3930
f 1118 1129 3930
f 1065 1066 3930
f 1087 1086 3930
f 1008 1002 3930
f 1011 1008 3930
f 1002 1003 3930
f 1076 1069 3930
f 838 841 3930
f 839 838 3930
f 1288 1242 3930
f 1130 1087 3930
f 1086 1076 3930
f 1069 1064 3930
f 2410 2414 3931
f 2411 2410 3931
f 3617 2285 3931
f 2394 2393 3931
f 2393 2396 3931
f 2281 2286 3931
f 2282 2280 3931
f 2398 2399 3931
f 2465 2464 3931
f 2396 2397 3931
f 2470 2469 3931
f 2399 2416 3931
f 2480 2395 3931
f 2459 2480 3931
f 2369 2282 3931
f 2460 2459 3931
f 2415 2411 3931
f 2416 2415 3931
f 2364 2363 3931
f 2286 3617 3931
f 2464 2470 3931
f 2469 3703 3931
f 2285 2465 3931
f 2414 2364 3931
f 2395 2394 3931
f 2363 2367 3931
f 2397 2398 3931
f 2280 2281 3931
f 3703 2460 3931
f 2367 2369 3931
f 3934 3937 3938
f 3934 3939 3935
f 3932 3937 3933
f 3938 3943 3939
f 3937 3940 3941
f 3937 3942 3938
f 3942 3947 3943
f 3941 3944 3945
f 3942 3945 3946
f 3947 3950 3951
f 3944 3949 3945
f 3945 3950 3946
f 3950 3955 3951
f 3949 3952 3953
f 3950 3953 3954
f 3955 3958 3959
f 3953 3956 3957
f 3953 3958 3954
f 3959 3962 3963
f 3957 3960 3961
f 3958 3961 3962
f 3962 3967 3963
f 3960 3965 3961
f 3961 3966 3962
f 3966 3971 3967
f 3965 3968 3969
f 3966 3969 3970
f 3970 3975 3971
f 3968 3973 3969
f 3969 3974 3970
f 3974 3979 3975
f 3973 3976 3977
f 3974 3977 3978
f 3979 3982 3983
f 3976 3981 3977
f 3977 3982 3978
f 3982 3987 3983
f 3981 3984 3985
f 3982 3985 3986
f 3987 3990 3991
f 3984 3989 3985
f 3985 3990 3986
f 3991 3994 3995
f 3989 3992 3993
f 3990 3993 3994
f 3995 3998 3999
f 3992 3997 3993
f 3993 3998 3994
f 3998 4003 3999
f 3997 4000 4001
f 3998 4001 4002
f 4002 4007 4003
f 4000 4005 4001
f 4001 4006 4002
f 4006 4011 4007
f 4005 4008 4009
f 4006 4009 4010
f 4011 4014 4015
f 4008 4013 4009
f 4009 4014 4010
f 4014 4019 4015
f 4013 4016 4017
f 4014 4017 4018
f 4019 4022 4023
f 4016 4021 4017
f 4017 4022 4018
f 4023 4026 4027
f 4021 4024 4025
f 4022 4025 4026
f 4027 4030 4031
f 4024 4029 4025
f 4025 4030 4026
f 4031 4034 4035
f 4029 4032 4033
f 4030 4033 4034
f 4034 4039 4035
f 4032 4037 4033
f 4033 4038 4034
f 4038 4043 4039
f 4037 4040 4041
f 4038 4041 4042
f 4043 4046 4047
f 4040 4045 4041
f 4041 4046 4042
f 4046 4051 4047
f 4045 4048 4049
f 4046 4049 4050
f 4051 4055 4056
f 4048 4054 4049
f 4049 4055 4050
f 4056 4059 4060
f 4053 4058 4054
f 4055 4058 4059
f 3932 4052 3936
f 3936 4052 3940
f 3940 4052 3944
f 3944 4052 3948
f 3948 4052 3952
f 3952 4052 3956
f 3956 4052 3960
f 3960 4052 3964
f 3964 4052 3968
f 3968 4052 3972
f 3972 4052 3976
f 3976 4052 3980
f 3980 4052 3984
f 3984 4052 3988
f 3988 4052 3992
f 3992 4052 3996
f 3996 4052 4000
f 4000 4052 4004
f 4004 4052 4008
f 4008 4052 4012
f 4012 4052 4016
f 4016 4052 4020
f 4020 4052 4024
f 4024 4052 4028
f 4028 4052 4032
f 4032 4052 4036
f 4036 4052 4040
f 4040 4052 4044
f 4044 4052 4048
f 4048 4052 4053
f 4053 4052 4057
f 4060 3934 3935
f 4058 3932 3933
f 4058 3934 4059
f 4057 4052 3932
f 4069 4081 4082
f 4066 4080 4067
f 4065 4077 4078
f 4063 4075 4076
f 4071 4085 4072
f 4069 4083 4070
f 4067 4081 4068
f 4066 4078 4079
f 4063 4077 4064
f 4061 4075 4062
f 4072 4086 4073
f 4071 4083 4084
f 4076 4090 4077
f 4074 4088 4075
f 4086 4098 4099
f 4083 4097 4084
f 4082 4094 4095
f 4079 4093 4080
f 4078 4090 4091
f 4076 4088 4089
f 4085 4097 4098
f 4082 4096 4083
f 4080 4094 4081
f 4079 4091 4092
f 4089 4103 4090
f 4088 4100 4101
f 4098 4112 4099
f 4096 4110 4097
f 4095 4107 4108
f 4092 4106 4093
f 4090 4104 4091
f 4089 4101 4102
f 4097 4111 4098
f 4095 4109 4096
f 4094 4106 4107
f 4092 4104 4105
f 4103 4115 4116
f 4100 4114 4101
f 4112 4124 4125
f 4110 4122 4123
f 4107 4121 4108
f 4105 4119 4106
f 4103 4117 4104
f 4101 4115 4102
f 4110 4124 4111
f 4109 4121 4122
f 4107 4119 4120
f 4105 4117 4118
f 4115 4129 4116
f 4114 4126 4127
f 4124 4138 4125
f 4123 4135 4136
f 4120 4134 4121
f 4119 4131 4132
f 4117 4129 4130
f 4114 4128 4115
f 4124 4136 4137
f 4122 4134 4135
f 4119 4133 4120
f 4117 4131 4118
f 4129 4141 4142
f 4126 4140 4127
f 4138 4150 4151
f 4136 4148 4149
f 4133 4147 4134
f 4131 4145 4132
f 4130 4142 4143
f 4127 4141 4128
f 4137 4149 4150
f 4135 4147 4148
f 4132 4146 4133
f 4131 4143 4144
f 4142 4154 4155
f 4140 4152 4153
f 4150 4164 4151
f 4149 4161 4162
f 4146 4160 4147
f 4144 4158 4145
f 4142 4156 4143
f 4140 4154 4141
f 4149 4163 4150
f 4148 4160 4161
f 4146 4158 4159
f 4144 4156 4157
f 4155 4167 4168
f 4153 4165 4166
f 4163 4177 4164
f 4161 4175 4162
f 4159 4173 4160
f 4158 4170 4171
f 4155 4169 4156
f 4153 4167 4154
f 4163 4175 4176
f 4161 4173 4174
f 4159 4171 4172
f 4156 4170 4157
f 4167 4181 4168
f 4165 4179 4166
f 4176 4190 4177
f 4175 4187 4188
f 4173 4185 4186
f 4170 4184 4171
f 4169 4181 4182
f 4167 4179 4180
f 4175 4189 4176
f 4173 4187 4174
f 4171 4185 4172
f 4170 4182 4183
f 4180 4194 4181
f 4178 4192 4179
f 4190 4202 4203
f 4187 4201 4188
f 4186 4198 4199
f 4183 4197 4184
f 4182 4194 4195
f 4180 4192 4193
f 4189 4201 4202
f 4186 4200 4187
f 4184 4198 4185
f 4183 4195 4196
f 4193 4207 4194
f 4192 4204 4205
f 4202 4216 4203
f 4200 4214 4201
f 4199 4211 4212
f 4196 4210 4197
f 4194 4208 4195
f 4193 4205 4206
f 4201 4215 4202
f 4199 4213 4200
f 4198 4210 4211
f 4196 4208 4209
f 4207 4219 4220
f 4204 4218 4205
f 4216 4228 4229
f 4213 4227 4214
f 4211 4225 4212
f 4209 4223 4210
f 4207 4221 4208
f 4205 4219 4206
f 4214 4228 4215
f 4213 4225 4226
f 4211 4223 4224
f 4209 4221 4222
f 4219 4233 4220
f 4218 4230 4231
f 4228 4242 4229
f 4226 4240 4227
f 4225 4237 4238
f 4223 4235 4236
f 4221 4233 4234
f 4218 4232 4219
f 4228 4240 4241
f 4226 4238 4239
f 4223 4237 4224
f 4221 4235 4222
f 4233 4245 4246
f 4230 4244 4231
f 4242 4254 4255
f 4240 4252 4253
f 4237 4251 4238
f 4235 4249 4236
f 4234 4246 4247
f 4231 4245 4232
f 4241 4253 4254
f 4239 4251 4252
f 4236 4250 4237
f 4235 4247 4248
f 4246 4258 4259
f 4244 4256 4257
f 4254 4268 4255
f 4253 4265 4266
f 4250 4264 4251
f 4248 4262 4249
f 4246 4260 4247
f 4244 4258 4245
f 4253 4267 4254
f 4252 4264 4265
f 4250 4262 4263
f 4248 4260 4261
f 4259 4271 4272
f 4257 4269 4270
f 4267 4281 4268
f 4265 4279 4266
f 4263 4277 4264
f 4262 4274 4275
f 4259 4273 4260
f 4257 4271 4258
f 4266 4280 4267
f 4265 4277 4278
f 4263 4275 4276
f 4260 4274 4261
f 4271 4285 4272
f 4269 4283 4270
f 4281 4293 4294
f 4279 4291 4292
f 4277 4289 4290
f 4274 4288 4275
f 4273 4285 4286
f 4271 4283 4284
f 4280 4292 4293
f 4277 4291 4278
f 4275 4289 4276
f 4274 4286 4287
f 4284 4298 4285
f 4282 4296 4283
f 4294 4306 4307
f 4291 4305 4292
f 4290 4302 4303
f 4287 4301 4288
f 4286 4298 4299
f 4284 4296 4297
f 4293 4305 4306
f 4290 4304 4291
f 4288 4302 4289
f 4287 4299 4300
f 4297 4311 4298
f 4296 4308 4309
f 4306 4320 4307
f 4304 4318 4305
f 4303 4315 4316
f 4300 4314 4301
f 4298 4312 4299
f 4297 4309 4310
f 4305 4319 4306
f 4304 4316 4317
f 4302 4314 4315
f 4300 4312 4313
f 4310 4324 4311
f 4308 4322 4309
f 4320 4332 4333
f 4318 4330 4331
f 4316 4328 4329
f 4313 4327 4314
f 4311 4325 4312
f 4310 4322 4323
f 4318 4332 4319
f 4316 4330 4317
f 4315 4327 4328
f 4312 4326 4313
f 4323 4337 4324
f 4322 4334 4335
f 4332 4346 4333
f 4330 4344 4331
f 4329 4341 4342
f 4327 4339 4340
f 4325 4337 4338
f 4322 4336 4323
f 4332 4344 4345
f 4330 4342 4343
f 4327 4341 4328
f 4325 4339 4326
f 4337 4350 4351
f 4334 4349 4335
f 4346 4359 4360
f 4344 4357 4358
f 4341 4356 4342
f 4340 4353 4354
f 4338 4351 4352
f 4335 4350 4336
f 4345 4358 4359
f 4343 4356 4357
f 4340 4355 4341
f 4338 4353 4339
f 4351 4363 4364
f 4349 4361 4362
f 4359 4373 4360
f 4358 4370 4371
f 4355 4369 4356
f 4354 4366 4367
f 4351 4365 4352
f 4349 4363 4350
f 4358 4372 4359
f 4357 4369 4370
f 4355 4367 4368
f 4352 4366 4353
f 4364 4376 4377
f 4362 4374 4375
f 4373 4385 4386
f 4370 4384 4371
f 4368 4382 4369
f 4367 4379 4380
f 4364 4378 4365
f 4362 4376 4363
f 4372 4384 4385
f 4370 4382 4383
f 4368 4380 4381
f 4365 4379 4366
f 4376 4390 4377
f 4374 4388 4375
f 4385 4399 4386
f 4384 4396 4397
f 4382 4394 4395
f 4379 4393 4380
f 4378 4390 4391
f 4376 4388 4389
f 4384 4398 4385
f 4382 4396 4383
f 4380 4394 4381
f 4379 4391 4392
f 4389 4403 4390
f 4387 4401 4388
f 4399 4411 4412
f 4396 4410 4397
f 4395 4407 4408
f 4393 4405 4406
f 4391 4403 4404
f 4389 4401 4402
f 4398 4410 4411
f 4395 4409 4396
f 4393 4407 4394
f 4391 4405 4392
f 4402 4416 4403
f 4401 4413 4414
f 4411 4425 4412
f 4409 4423 4410
f 4408 4420 4421
f 4406 4418 4419
f 4403 4417 4404
f 4402 4414 4415
f 4410 4424 4411
f 4408 4422 4409
f 4407 4419 4420
f 4404 4418 4405
f 4416 4428 4429
f 4413 4427 4414
f 4425 4437 4438
f 4423 4435 4436
f 4421 4433 4434
f 4418 4432 4419
f 4416 4430 4417
f 4415 4427 4428
f 4423 4437 4424
f 4421 4435 4422
f 4420 4432 4433
f 4418 4430 4431
f 4428 4442 4429
f 4426 4440 4427
f 4437 4451 4438
f 4435 4449 4436
f 4434 4446 4447
f 4432 4444 4445
f 4430 4442 4443
f 4427 4441 4428
f 4437 4449 4450
f 4435 4447 4448
f 4432 4446 4433
f 4430 4444 4431
f 4442 4454 4455
f 4439 4453 4440
f 4451 4463 4464
f 4449 4461 4462
f 4446 4460 4447
f 4444 4458 4445
f 4443 4455 4456
f 4440 4454 4441
f 4450 4462 4463
f 4447 4461 4448
f 4445 4459 4446
f 4444 4456 4457
f 4455 4467 4468
f 4453 4465 4466
f 4463 4477 4464
f 4462 4474 4475
f 4459 4473 4460
f 4457 4471 4458
f 4455 4469 4456
f 4453 4467 4454
f 4462 4476 4463
f 4461 4473 4474
f 4459 4471 4472
f 4457 4469 4470
f 4347 4073 4086
f 4347 4086 4099
f 4347 4099 4112
f 4347 4112 4125
f 4347 4125 4138
f 4347 4138 4151
f 4347 4151 4164
f 4347 4164 4177
f 4347 4177 4190
f 4347 4190 4203
f 4347 4203 4216
f 4347 4216 4229
f 4347 4229 4242
f 4347 4242 4255
f 4347 4255 4268
f 4347 4268 4281
f 4347 4281 4294
f 4347 4294 4307
f 4347 4307 4320
f 4347 4320 4333
f 4347 4333 4346
f 4347 4346 4360
f 4347 4360 4373
f 4347 4373 4386
f 4347 4386 4399
f 4347 4399 4412
f 4347 4412 4425
f 4347 4425 4438
f 4347 4438 4451
f 4347 4451 4464
f 4347 4464 4477
f 4468 4063 4064
f 4466 4061 4062
f 4477 4072 4073
f 4474 4071 4475
f 4472 4069 4473
f 4471 4066 4067
f 4468 4065 4469
f 4466 4063 4467
f 4347 4477 4073
f 4476 4071 4072
f 4474 4069 4070
f 4472 4067 4068
f 4469 4066 4470
f 3935 4465 4060
f 4465 4056 4060
f 4452 4051 4056
f 4439 4047 4051
f 4047 4413 4043
f 4043 4400 4039
f 4039 4387 4035
f 4387 4031 4035
f 4031 4361 4027
f 4361 4023 4027
f 4348 4019 4023
f 4334 4015 4019
f 4015 4308 4011
f 4011 4295 4007
f 4007 4282 4003
f 4282 3999 4003
f 3999 4256 3995
f 4256 3991 3995
f 4243 3987 3991
f 4230 3983 3987
f 3983 4204 3979
f 3979 4191 3975
f 3975 4178 3971
f 4178 3967 3971
f 3967 4152 3963
f 4152 3959 3963
f 4139 3955 3959
f 4126 3951 3955
f 3951 4100 3947
f 3947 4087 3943
f 3943 4074 3939
f 4074 3935 3939
f 4480 4483 4484
f 4480 4485 4481
f 4479 4482 4483
f 4484 4489 4485
f 4482 4487 4483
f 4483 4488 4484
f 4488 4493 4489
f 4487 4490 4491
f 4488 4491 4492
f 4493 4496 4497
f 4490 4495 4491
f 4491 4496 4492
f 4496 4501 4497
f 4495 4498 4499
f 4496 4499 4500
f 4501 4504 4505
f 4498 4503 4499
f 4499 4504 4500
f 4505 4508 4509
f 4503 4506 4507
f 4504 4507 4508
f 4509 4512 4513
f 4506 4511 4507
f 4507 4512 4508
f 4513 4516 4517
f 4511 4514 4515
f 4512 4515 4516
f 4516 4521 4517
f 4514 4519 4515
f 4515 4520 4516
f 4520 4525 4521
f 4518 4523 4519
f 4520 4523 4524
f 4525 4528 4529
f 4522 4527 4523
f 4523 4528 4524
f 4528 4533 4529
f 4527 4530 4531
f 4528 4531 4532
f 4533 4536 4537
f 4530 4535 4531
f 4531 4536 4532
f 4537 4540 4541
f 4534 4539 4535
f 4536 4539 4540
f 4541 4544 4545
f 4539 4542 4543
f 4539 4544 4540
f 4544 4549 4545
f 4542 4547 4543
f 4544 4547 4548
f 4548 4553 4549
f 4547 4550 4551
f 4547 4552 4548
f 4552 4557 4553
f 4551 4554 4555
f 4552 4555 4556
f 4557 4560 4561
f 4554 4559 4555
f 4555 4560 4556
f 4560 4565 4561
f 4559 4562 4563
f 4560 4563 4564
f 4565 4568 4569
f 4562 4567 4563
f 4563 4568 4564
f 4569 4572 4573
f 4567 4570 4571
f 4568 4571 4572
f 4572 4577 4573
f 4570 4575 4571
f 4571 4576 4572
f 4576 4581 4577
f 4575 4578 4579
f 4576 4579 4580
f 4580 4585 4581
f 4578 4583 4579
f 4579 4584 4580
f 4584 4589 4585
f 4583 4586 4587
f 4584 4587 4588
f 4589 4592 4593
f 4586 4591 4587
f 4587 4592 4588
f 4592 4597 4593
f 4591 4594 4595
f 4592 4595 4596
f 4597 4601 4602
f 4594 4600 4595
f 4595 4601 4596
f 4602 4605 4606
f 4600 4603 4604
f 4601 4604 4605
f 4478 4598 4482
f 4482 4598 4486
f 4486 4598 4490
f 4490 4598 4494
f 4494 4598 4498
f 4498 4598 4502
f 4502 4598 4506
f 4506 4598 4510
f 4510 4598 4514
f 4514 4598 4518
f 4518 4598 4522
f 4522 4598 4526
f 4526 4598 4530
f 4530 4598 4534
f 4534 4598 4538
f 4538 4598 4542
f 4542 4598 4546
f 4546 4598 4550
f 4550 4598 4554
f 4554 4598 4558
f 4558 4598 4562
f 4562 4598 4566
f 4566 4598 4570
f 4570 4598 4574
f 4574 4598 4578
f 4578 4598 4582
f 4582 4598 4586
f 4586 4598 4590
f 4590 4598 4594
f 4594 4598 4599
f 4599 4598 4603
f 4606 4480 4481
f 4603 4479 4604
f 4604 4480 4605
f 4603 4598 4478
f 4615 4627 4628
f 4612 4626 4613
f 4611 4623 4624
f 4609 4621 4622
f 4618 4630 4631
f 4615 4629 4616
f 4613 4627 4614
f 4612 4624 4625
f 4609 4623 4610
f 4607 4621 4608
f 4619 4631 4632
f 4617 4629 4630
f 4622 4636 4623
f 4620 4634 4621
f 4632 4644 4645
f 4629 4643 4630
f 4628 4640 4641
f 4626 4638 4639
f 4624 4636 4637
f 4622 4634 4635
f 4631 4643 4644
f 4628 4642 4629
f 4626 4640 4627
f 4624 4638 4625
f 4635 4649 4636
f 4634 4646 4647
f 4644 4658 4645
f 4642 4656 4643
f 4641 4653 4654
f 4639 4651 4652
f 4636 4650 4637
f 4635 4647 4648
f 4643 4657 4644
f 4642 4654 4655
f 4640 4652 4653
f 4637 4651 4638
f 4648 4662 4649
f 4646 4660 4647
f 4658 4670 4671
f 4656 4668 4669
f 4653 4667 4654
f 4651 4665 4652
f 4649 4663 4650
f 4648 4660 4661
f 4656 4670 4657
f 4654 4668 4655
f 4653 4665 4666
f 4651 4663 4664
f 4661 4675 4662
f 4660 4672 4673
f 4670 4684 4671
f 4668 4682 4669
f 4667 4679 4680
f 4665 4677 4678
f 4663 4675 4676
f 4661 4673 4674
f 4670 4682 4683
f 4667 4681 4668
f 4665 4679 4666
f 4663 4677 4664
f 4675 4687 4688
f 4672 4686 4673
f 4684 4696 4697
f 4682 4694 4695
f 4679 4693 4680
f 4678 4690 4691
f 4676 4688 4689
f 4673 4687 4674
f 4683 4695 4696
f 4681 4693 4694
f 4678 4692 4679
f 4676 4690 4677
f 4688 4700 4701
f 4686 4698 4699
f 4696 4710 4697
f 4695 4707 4708
f 4692 4706 4693
f 4691 4703 4704
f 4688 4702 4689
f 4686 4700 4687
f 4695 4709 4696
f 4694 4706 4707
f 4692 4704 4705
f 4689 4703 4690
f 4701 4713 4714
f 4699 4711 4712
f 4710 4722 4723
f 4707 4721 4708
f 4705 4719 4706
f 4704 4716 4717
f 4701 4715 4702
f 4699 4713 4700
f 4709 4721 4722
f 4707 4719 4720
f 4705 4717 4718
f 4702 4716 4703
f 4713 4727 4714
f 4711 4725 4712
f 4723 4735 4736
f 4721 4733 4734
f 4719 4731 4732
f 4716 4730 4717
f 4715 4727 4728
f 4713 4725 4726
f 4721 4735 4722
f 4719 4733 4720
f 4717 4731 4718
f 4716 4728 4729
f 4726 4740 4727
f 4724 4738 4725
f 4736 4748 4749
f 4733 4747 4734
f 4732 4744 4745
f 4730 4742 4743
f 4728 4740 4741
f 4726 4738 4739
f 4735 4747 4748
f 4732 4746 4733
f 4730 4744 4731
f 4728 4742 4729
f 4739 4753 4740
f 4738 4750 4751
f 4748 4762 4749
f 4746 4760 4747
f 4745 4757 4758
f 4743 4755 4756
f 4740 4754 4741
f 4739 4751 4752
f 4747 4761 4748
f 4745 4759 4746
f 4744 4756 4757
f 4741 4755 4742
f 4753 4765 4766
f 4750 4764 4751
f 4762 4774 4775
f 4759 4773 4760
f 4758 4770 4771
f 4755 4769 4756
f 4753 4767 4754
f 4752 4764 4765
f 4760 4774 4761
f 4758 4772 4759
f 4757 4769 4770
f 4755 4767 4768
f 4765 4779 4766
f 4764 4776 4777
f 4774 4788 4775
f 4772 4786 4773
f 4771 4783 4784
f 4769 4781 4782
f 4767 4779 4780
f 4765 4777 4778
f 4774 4786 4787
f 4771 4785 4772
f 4769 4783 4770
f 4767 4781 4768
f 4779 4791 4792
f 4776 4790 4777
f 4788 4800 4801
f 4786 4798 4799
f 4783 4797 4784
f 4782 4794 4795
f 4780 4792 4793
f 4777 4791 4778
f 4787 4799 4800
f 4785 4797 4798
f 4782 4796 4783
f 4780 4794 4781
f 4792 4804 4805
f 4790 4802 4803
f 4800 4814 4801
f 4799 4811 4812
f 4796 4810 4797
f 4795 4807 4808
f 4792 4806 4793
f 4790 4804 4791
f 4799 4813 4800
f 4798 4810 4811
f 4796 4808 4809
f 4793 4807 4794
f 4805 4817 4818
f 4803 4815 4816
f 4814 4826 4827
f 4811 4825 4812
f 4809 4823 4810
f 4808 4820 4821
f 4805 4819 4806
f 4803 4817 4804
f 4813 4825 4826
f 4811 4823 4824
f 4809 4821 4822
f 4806 4820 4807
f 4817 4831 4818
f 4815 4829 4816
f 4826 4840 4827
f 4825 4837 4838
f 4823 4835 4836
f 4820 4834 4821
f 4819 4831 4832
f 4817 4829 4830
f 4825 4839 4826
f 4823 4837 4824
f 4821 4835 4822
f 4820 4832 4833
f 4830 4844 4831
f 4828 4842 4829
f 4840 4852 4853
f 4837 4851 4838
f 4836 4848 4849
f 4834 4846 4847
f 4832 4844 4845
f 4830 4842 4843
f 4839 4851 4852
f 4836 4850 4837
f 4834 4848 4835
f 4832 4846 4833
f 4843 4857 4844
f 4842 4854 4855
f 4852 4866 4853
f 4850 4864 4851
f 4849 4861 4862
f 4847 4859 4860
f 4844 4858 4845
f 4843 4855 4856
f 4851 4865 4852
f 4849 4863 4850
f 4848 4860 4861
f 4845 4859 4846
f 4857 4869 4870
f 4855 4867 4868
f 4866 4878 4879
f 4864 4876 4877
f 4862 4874 4875
f 4859 4873 4860
f 4857 4871 4858
f 4856 4868 4869
f 4864 4878 4865
f 4862 4876 4863
f 4861 4873 4874
f 4859 4871 4872
f 4869 4883 4870
f 4868 4880 4881
f 4878 4892 4879
f 4877 4889 4890
f 4874 4888 4875
f 4873 4885 4886
f 4871 4883 4884
f 4868 4882 4869
f 4878 4890 4891
f 4876 4888 4889
f 4873 4887 4874
f 4871 4885 4872
f 4883 4896 4897
f 4880 4895 4881
f 4892 4905 4906
f 4890 4903 4904
f 4887 4902 4888
f 4885 4900 4886
f 4884 4897 4898
f 4881 4896 4882
f 4891 4904 4905
f 4889 4902 4903
f 4886 4901 4887
f 4885 4898 4899
f 4897 4909 4910
f 4895 4907 4908
f 4905 4919 4906
f 4904 4916 4917
f 4901 4915 4902
f 4899 4913 4900
f 4897 4911 4898
f 4895 4909 4896
f 4904 4918 4905
f 4903 4915 4916
f 4901 4913 4914
f 4899 4911 4912
f 4910 4922 4923
f 4908 4920 4921
f 4919 4931 4932
f 4916 4930 4917
f 4914 4928 4915
f 4913 4925 4926
f 4910 4924 4911
f 4908 4922 4909
f 4918 4930 4931
f 4916 4928 4929
f 4914 4926 4927
f 4911 4925 4912
f 4922 4936 4923
f 4920 4934 4921
f 4931 4945 4932
f 4930 4942 4943
f 4928 4940 4941
f 4925 4939 4926
f 4924 4936 4937
f 4922 4934 4935
f 4930 4944 4931
f 4928 4942 4929
f 4926 4940 4927
f 4925 4937 4938
f 4935 4949 4936
f 4933 4947 4934
f 4945 4957 4958
f 4942 4956 4943
f 4941 4953 4954
f 4938 4952 4939
f 4937 4949 4950
f 4935 4947 4948
f 4944 4956 4957
f 4941 4955 4942
f 4939 4953 4940
f 4938 4950 4951
f 4948 4962 4949
f 4947 4959 4960
f 4957 4971 4958
f 4955 4969 4956
f 4954 4966 4967
f 4951 4965 4952
f 4949 4963 4950
f 4948 4960 4961
f 4956 4970 4957
f 4954 4968 4955
f 4953 4965 4966
f 4951 4963 4964
f 4962 4974 4975
f 4959 4973 4960
f 4971 4983 4984
f 4968 4982 4969
f 4966 4980 4967
f 4964 4978 4965
f 4962 4976 4963
f 4960 4974 4961
f 4969 4983 4970
f 4967 4981 4968
f 4966 4978 4979
f 4964 4976 4977
f 4975 4987 4988
f 4973 4985 4986
f 4983 4997 4984
f 4981 4995 4982
f 4979 4993 4980
f 4978 4990 4991
f 4976 4988 4989
f 4973 4987 4974
f 4983 4995 4996
f 4981 4993 4994
f 4978 4992 4979
f 4976 4990 4977
f 4988 5000 5001
f 4985 4999 4986
f 4997 5009 5010
f 4995 5007 5008
f 4992 5006 4993
f 4991 5003 5004
f 4989 5001 5002
f 4986 5000 4987
f 4996 5008 5009
f 4994 5006 5007
f 4991 5005 4992
f 4989 5003 4990
f 5001 5013 5014
f 4999 5011 5012
f 5009 5023 5010
f 5008 5020 5021
f 5005 5019 5006
f 5004 5016 5017
f 5001 5015 5002
f 4999 5013 5000
f 5008 5022 5009
f 5007 5019 5020
f 5005 5017 5018
f 5002 5016 5003
f 4893 4619 4632
f 4893 4632 4645
f 4893 4645 4658
f 4893 4658 4671
f 4893 4671 4684
f 4893 4684 4697
f 4893 4697 4710
f 4893 4710 4723
f 4893 4723 4736
f 4893 4736 4749
f 4893 4749 4762
f 4893 4762 4775
f 4893 4775 4788
f 4893 4788 4801
f 4893 4801 4814
f 4893 4814 4827
f 4893 4827 4840
f 4893 4840 4853
f 4893 4853 4866
f 4893 4866 4879
f 4893 4879 4892
f 4893 4892 4906
f 4893 4906 4919
f 4893 4919 4932
f 4893 4932 4945
f 4893 4945 4958
f 4893 4958 4971
f 4893 4971 4984
f 4893 4984 4997
f 4893 4997 5010
f 4893 5010 5023
f 5014 4609 4610
f 5012 4607 4608
f 5022 4619 5023
f 5020 4617 5021
f 5018 4615 5019
f 5017 4612 4613
f 5014 4611 5015
f 5012 4609 5013
f 4893 5023 4619
f 5021 4618 5022
f 5020 4615 4616
f 5018 4613 4614
f 5015 4612 5016
f 4481 5011 4606
f 5011 4602 4606
f 4998 4597 4602
f 4985 4593 4597
f 4593 4959 4589
f 4589 4946 4585
f 4585 4933 4581
f 4933 4577 4581
f 4577 4907 4573
f 4907 4569 4573
f 4894 4565 4569
f 4880 4561 4565
f 4561 4854 4557
f 4557 4841 4553
f 4553 4828 4549
f 4828 4545 4549
f 4545 4802 4541
f 4802 4537 4541
f 4789 4533 4537
f 4776 4529 4533
f 4529 4750 4525
f 4525 4737 4521
f 4521 4724 4517
f 4724 4513 4517
f 4513 4698 4509
f 4698 4505 4509
f 4685 4501 4505
f 4672 4497 4501
f 4497 4646 4493
f 4493 4633 4489
f 4489 4620 4485
f 4620 4481 4485
f 4 3 2
f 8 7 6
f 13 16 15
f 17 28 19
f 32 31 30
f 36 35 34
f 37 40 39
f 21 22 23
f 25 26 27
f 41 44 43
f 48 47 46
f 52 51 50
f 53 56 55
f 60 59 58
f 29 30 62
f 66 65 64
f 67 5 6
f 72 71 70
f 76 75 74
f 77 80 79
f 81 84 83
f 59 87 86
f 88 91 90
f 96 95 94
f 100 99 98
f 101 104 103
f 106 105 34
f 108 116 115
f 117 119 36
f 124 127 126
f 131 130 129
f 132 102 134
f 142 141 140
f 148 106 60
f 144 143 127
f 149 152 151
f 156 155 154
f 159 150 158
f 116 108 164
f 171 170 169
f 174 126 173
f 179 182 181
f 186 189 188
f 194 197 196
f 199 142 139
f 206 209 208
f 213 212 211
f 202 215 214
f 96 93 216
f 92 238 43
f 97 184 246
f 250 249 229
f 252 254 58
f 258 257 256
f 260 91 229
f 110 111 112
f 114 264 263
f 265 268 267
f 56 53 270
f 274 273 249
f 185 183 63
f 280 279 278
f 285 284 283
f 288 219 211
f 141 142 92
f 289 290 175
f 148 116 105
f 312 311 170
f 238 262 42
f 318 163 160
f 310 309 308
f 241 239 325
f 160 230 240
f 47 48 307
f 108 109 315
f 345 85 86
f 348 351 350
f 356 359 358
f 355 354 353
f 363 31 32
f 364 252 253
f 366 125 368
f 183 372 371
f 163 162 161
f 209 226 101
f 378 377 165
f 379 295 381
f 383 382 3
f 284 285 386
f 387 127 389
f 391 259 229
f 73 281 397
f 405 408 407
f 203 218 411
f 414 121 413
f 1 356 357
f 277 276 131
f 254 344 57
f 358 384 415
f 417 416 386
f 401 400 192
f 419 389 127
f 421 181 182
f 103 301 302
f 428 367 368
f 380 390 359
f 62 204 266
f 140 141 431
f 357 358 351
f 356 1 379
f 415 392 403
f 437 428 436
f 438 441 440
f 188 451 450
f 265 455 181
f 224 185 64
f 237 212 213
f 275 131 128
f 281 282 460
f 50 462 79
f 73 74 282
f 468 467 466
f 390 355 352
f 482 485 484
f 489 488 487
f 493 496 495
f 472 471 470
f 502 501 500
f 220 221 222
f 512 419 143
f 518 517 511
f 513 239 230
f 205 30 31
f 189 370 451
f 163 318 532
f 533 224 225
f 446 448 447
f 335 541 540
f 544 512 546
f 329 519 291
f 199 534 262
f 385 386 416
f 532 190 191
f 363 117 118
f 578 581 580
f 573 572 571
f 561 563 562
f 241 260 259
f 590 593 592
f 545 546 595
f 503 154 155
f 606 625 624
f 478 481 480
f 646 649 648
f 590 591 689
f 564 565 651
f 728 246 184
f 714 724 716
f 692 574 575
f 541 335 581
f 346 68 248
f 161 231 230
f 128 129 94
f 698 705 704
f 574 577 576
f 290 289 401
f 630 631 725
f 733 736 735
f 755 466 496
f 759 480 481
f 757 763 762
f 764 496 466
f 768 767 3808
f 759 760 488
f 492 474 475
f 474 770 769
f 773 468 465
f 771 774 486
f 484 485 775
f 774 776 489
f 495 496 764
f 495 757 761
f 137 397 784
f 325 239 797
f 165 519 51
f 369 32 29
f 730 731 568
f 90 302 301
f 243 118 516
f 800 734 806
f 817 815 808
f 816 808 823
f 306 303 447
f 815 810 809
f 829 830 828
f 726 725 501
f 274 427 424
f 879 882 881
f 884 883 879
f 219 218 217
f 906 905 904
f 455 204 205
f 898 882 830
f 903 900 880
f 377 291 519
f 923 949 948
f 946 947 951
f 3519 740 739
f 900 899 886
f 225 64 65
f 182 445 442
f 809 952 947
f 954 960 962
f 927 950 965
f 885 879 880
f 925 927 966
f 343 342 341
f 965 964 971
f 968 971 970
f 972 968 969
f 963 961 981
f 336 337 338
f 992 993 827
f 810 815 996
f 1007 1001 1002
f 1012 826 827
f 1011 1009 1007
f 294 293 292
f 907 908 920
f 1017 579 1019
f 1020 1023 1022
f 1035 1024 1020
f 1061 1060 1047
f 1063 1061 1046
f 1044 1020 1021
f 1102 1094 1097
f 1116 1126 1118
f 1016 1015 1014
f 881 897 904
f 816 1116 1127
f 1094 948 949
f 514 342 167
f 146 145 81
f 1133 1135 1130
f 1102 1133 1126
f 822 1126 1116
f 1145 1143 1148
f 1076 1144 1151
f 1148 1143 1086
f 1109 1097 1114
f 1154 1153 1156
f 1153 925 967
f 3464 3497 463
f 1144 1147 1152
f 1156 967 1163
f 1164 1162 1169
f 1145 1171 1176
f 1114 1115 1154
f 1183 1155 1164
f 1184 1183 1177
f 1069 1151 1062
f 1023 1191 1194
f 1162 1163 1170
f 1195 1184 1185
f 1183 1196 1176
f 1201 1063 1152
f 1061 1063 1201
f 3825 847 843
f 1203 1202 1195
f 1202 1201 1184
f 1218 1060 1203
f 1060 1061 1202
f 1225 1218 1217
f 671 695 694
f 1219 1217 1024
f 1217 1203 1034
f 1226 1014 1015
f 1243 1242 1234
f 1231 1230 1229
f 847 1243 1233
f 843 1233 1244
f 1233 1234 1245
f 1923 3761 233
f 2100 2108 499
f 3914 3864 2135
f 61 62 323
f 210 211 217
f 1299 1310 1309
f 3863 1230 1231
f 1066 1047 1321
f 1322 1321 1228
f 1060 1218 1321
f 1325 1324 1323
f 1244 1245 1332
f 1290 1234 1242
f 1337 1330 1339
f 1330 1332 1340
f 1341 1332 1245
f 1342 1340 1332
f 1343 1342 1341
f 1344 1341 1294
f 3857 3856 1345
f 1347 1348 1342
f 3856 3854 1295
f 1349 1350 1348
f 3861 1349 1347
f 3853 1347 1343
f 906 898 829
f 905 906 1353
f 865 1356 1355
f 1355 1353 829
f 1357 1355 825
f 1356 1354 1353
f 3834 1337 1338
f 866 1358 1356
f 1358 1359 1354
f 3828 878 1337
f 838 1362 1012
f 1363 1364 1338
f 1368 1363 1339
f 1348 1368 1340
f 1371 1369 3824
f 524 525 526
f 528 529 530
f 1372 1370 1369
f 535 536 537
f 1367 1368 1348
f 1370 1354 1359
f 1369 1359 3833
f 1373 910 903
f 555 556 557
f 1374 909 910
f 1373 904 905
f 1374 1373 1375
f 1375 905 1354
f 1378 920 908
f 376 373 651
f 1388 928 973
f 586 587 588
f 1390 1389 1388
f 1391 1388 969
f 597 598 599
f 600 601 602
f 1392 1391 970
f 608 609 610
f 612 524 523
f 614 615 616
f 617 618 25
f 620 621 622
f 1397 1390 1391
f 1398 1397 1392
f 1400 987 920
f 1402 1403 1165
f 636 637 638
f 930 1404 1402
f 641 642 643
f 929 1402 1169
f 1404 1405 1403
f 1411 1366 1365
f 1412 1406 1415
f 652 653 654
f 609 656 657
f 659 660 661
f 558 663 586
f 665 666 667
f 1413 1411 1406
f 1418 1416 3810
f 1417 1372 1371
f 1416 1371 3829
f 1419 1417 1416
f 1386 909 1374
f 677 678 679
f 1385 1386 1420
f 1420 1374 1376
f 685 686 687
f 1421 1420 1422
f 528 690 691
f 1422 1376 1372
f 1018 1019 747
f 699 700 701
f 1424 578 579
f 3663 1597 1767
f 700 699 711
f 1093 3746 3754
f 717 718 530
f 721 722 723
f 704 1650 3543
f 19 1429 1426
f 1429 1428 1427
f 1658 1659 3542
f 1439 1437 1434
f 1437 1436 1435
f 1426 1427 1433
f 1442 1431 1432
f 742 743 744
f 1432 1433 1441
f 751 752 753
f 1438 1434 1403
f 1446 1445 1444
f 1447 1448 1446
f 3860 1447 1443
f 1415 1367 1445
f 1414 1415 1446
f 2173 1683 469
f 777 778 779
f 780 781 782
f 1676 1693 1806
f 3859 1451 1349
f 789 790 791
f 745 792 793
f 652 794 795
f 1455 1458 1457
f 1454 1367 1350
f 610 691 802
f 3831 3816 698
f 1352 1044 1045
f 1015 1016 1459
f 811 812 813
f 2118 3815 3817
f 819 820 821
f 1466 1463 1194
f 1467 1468 1465
f 1182 1165 1468
f 832 812 833
f 835 836 837
f 1467 1466 1190
f 1469 1470 1444
f 840 700 712
f 1453 1470 1469
f 599 844 845
f 1226 1450 3849
f 851 852 853
f 855 744 856
f 858 859 860
f 861 862 863
f 1014 1226 3855
f 867 676 868
f 870 871 872
f 874 875 876
f 1310 1323 1471
f 1476 1433 1427
f 1461 1476 1475
f 887 888 889
f 788 791 892
f 894 895 896
f 1460 1475 1227
f 901 902 524
f 1465 1478 1477
f 1865 3503 3500
f 911 912 913
f 916 917 918
f 1850 3505 3507
f 921 922 895
f 1479 1435 1436
f 926 664 667
f 1481 562 563
f 269 1483 84
f 931 932 933
f 934 935 614
f 936 685 688
f 938 659 662
f 1484 270 122
f 941 942 835
f 320 321 509
f 1849 3510 3505
f 84 1483 1484
f 1487 1490 1488
f 1757 1758 3502
f 365 1492 1491
f 461 79 80
f 117 363 362
f 1494 540 541
f 926 601 957
f 1477 1441 1433
f 1709 1588 1585
f 119 117 1496
f 271 1497 504
f 511 517 189
f 345 1496 1492
f 57 344 299
f 1501 1499 268
f 267 268 1499
f 974 975 976
f 1678 1652 1693
f 3846 1682 1807
f 557 982 663
f 983 941 984
f 1443 1444 3849
f 421 1500 268
f 989 990 991
f 1490 1487 418
f 279 280 309
f 997 868 676
f 998 26 999
f 1504 418 38
f 1506 1508 1507
f 360 361 1508
f 1506 1486 207
f 939 1005 1006
f 270 1484 1483
f 66 63 546
f 1010 742 793
f 367 428 437
f 244 31 363
f 1670 3532 3534
f 209 206 1510
f 388 389 426
f 427 274 250
f 161 520 521
f 100 246 45
f 1025 1026 608
f 1029 1030 1031
f 939 662 1033
f 41 42 594
f 1036 780 783
f 702 701 1038
f 1040 1041 1042
f 362 32 369
f 187 1520 477
f 70 1487 539
f 1049 600 603
f 613 867 869
f 860 1050 1051
f 1005 1052 1053
f 753 1055 1056
f 1057 1058 1059
f 293 288 1522
f 288 212 1521
f 292 1522 1523
f 331 1507 1508
f 306 452 453
f 100 44 41
f 462 1524 78
f 330 331 1524
f 635 1067 1068
f 1485 1527 1526
f 206 1485 1528
f 1070 1071 1072
f 942 941 1073
f 916 933 1075
f 440 1529 1530
f 157 158 1514
f 1529 162 5
f 371 595 546
f 790 586 663
f 1077 858 857
f 1403 1434 1435
f 1080 1081 1082
f 531 520 1529
f 21 1083 1084
f 272 1532 1531
f 690 712 802
f 335 3571 3567
f 1090 1030 1029
f 1092 795 794
f 1533 396 137
f 661 660 1095
f 69 444 445
f 1099 1100 1101
f 38 39 1536
f 1104 1105 1106
f 852 1107 1108
f 1377 908 909
f 291 377 411
f 316 1536 516
f 539 1488 1533
f 1505 1536 316
f 1110 1111 1112
f 1539 1537 460
f 522 441 1537
f 834 837 1120
f 1122 1123 1124
f 612 1125 1041
f 935 793 615
f 276 278 130
f 1686 3549 3522
f 193 190 1541
f 231 521 1540
f 556 1037 982
f 365 253 85
f 190 532 318
f 1810 765 3574
f 3924 1867 3512
f 1132 983 985
f 208 101 102
f 1134 1033 662
f 1491 518 80
f 429 133 1542
f 1137 1138 915
f 172 436 428
f 1139 1140 1141
f 549 96 54
f 1517 1519 1518
f 834 1119 984
f 1543 513 286
f 1544 797 239
f 133 134 1544
f 506 361 257
f 420 327 328
f 1158 1159 1160
f 587 1104 1103
f 607 1161 1027
f 304 1546 1545
f 364 1491 77
f 69 70 198
f 700 840 1112
f 3877 626 3525
f 1166 719 657
f 1167 1168 858
f 1300 3523 3524
f 1172 1173 1174
f 218 203 200
f 1179 1180 1181
f 372 183 97
f 89 104 227
f 1186 1187 1188
f 172 173 1517
f 1482 84 81
f 1090 1192 1193
f 394 395 353
f 526 525 1198
f 1199 1200 1026
f 606 623 697
f 1204 1205 1206
f 1207 1208 523
f 1209 1210 867
f 914 913 685
f 1478 1436 1441
f 1029 1028 1161
f 1211 1212 1213
f 3858 1453 1451
f 844 1215 1216
f 423 193 273
f 1220 1221 1222
f 22 1223 1224
f 882 898 897
f 1519 1517 173
f 1189 1188 1232
f 349 350 550
f 1071 1235 1236
f 1237 1238 1239
f 1221 1186 1189
f 1510 1528 1512
f 939 1032 1241
f 1556 1530 5
f 1553 1554 394
f 404 1556 67
f 1247 1248 1249
f 142 199 238
f 1251 1067 635
f 850 1252 1253
f 1254 1167 1077
f 57 132 133
f 443 430 552
f 1187 1172 1175
f 1256 1070 831
f 432 405 382
f 741 748 747
f 434 350 351
f 349 432 383
f 251 124 1481
f 395 384 352
f 1518 1519 1550
f 1558 410 378
f 109 263 314
f 285 1514 1513
f 395 394 393
f 202 203 410
f 417 408 405
f 1246 1257 1258
f 3 1559 297
f 1259 1260 1261
f 403 404 347
f 955 954 953
f 462 50 51
f 1096 1095 687
f 429 147 60
f 896 1264 1265
f 1267 721 1268
f 423 424 327
f 37 179 180
f 20 23 1187
f 1256 1168 1071
f 1188 1175 1269
f 1236 1270 1271
f 1272 536 535
f 565 564 463
f 1273 792 745
f 876 1254 1255
f 316 33 164
f 437 1516 503
f 194 1494 1495
f 1275 1276 864
f 624 625 631
f 1277 1274 1137
f 569 568 567
f 1481 124 125
f 324 325 547
f 1279 1108 1107
f 1525 332 329
f 1281 1278 1137
f 171 168 1553
f 1488 73 396
f 1557 1561 1562
f 1282 856 1206
f 1053 1277 1278
f 778 777 607
f 713 583 3566
f 251 225 144
f 4 357 348
f 709 708 707
f 728 48 45
f 261 135 1563
f 789 1286 1287
f 74 314 263
f 403 284 385
f 1178 1181 1240
f 1223 1259 1289
f 1220 20 1186
f 296 1518 354
f 784 459 1538
f 1181 1180 1291
f 1269 1292 1257
f 1566 1538 438
f 136 784 1566
f 1563 1564 169
f 107 114 109
f 1297 1282 1298
f 1464 1477 1476
f 1520 187 507
f 1301 1302 1303
f 1306 1307 1308
f 175 456 1532
f 1532 456 200
f 1311 1266 1312
f 872 1314 1315
f 3836 843 878
f 1305 1308 864
f 1040 1275 863
f 1564 1566 399
f 592 1576 1575
f 591 1575 1088
f 1581 1584 1583
f 1196 1152 1147
f 710 582 583
f 285 407 408
f 953 954 961
f 1594 1592 1589
f 1585 1588 1587
f 1592 1591 1590
f 3885 945 944
f 1600 1599 1598
f 1604 1603 1602
f 1399 1392 979
f 1589 1590 1596
f 1610 1609 1608
f 298 257 361
f 551 552 276
f 1627 1626 3814
f 859 811 818
f 1078 857 1328
f 1555 439 1530
f 572 573 680
f 772 465 776
f 977 1281 918
f 404 403 392
f 1054 1331 750
f 1644 1645 1643
f 932 1265 1082
f 1067 1333 1334
f 1540 1539 264
f 597 1335 643
f 471 761 762
f 1642 696 3831
f 1644 1642 3842
f 923 946 950
f 96 549 548
f 520 531 522
f 445 444 443
f 849 839 848
f 480 759 755
f 1646 760 481
f 311 426 1567
f 464 463 3497
f 3497 1360 1361
f 234 237 236
f 190 193 192
f 153 154 152
f 231 287 286
f 1552 1553 1551
f 760 1646 1648
f 3832 1647 1649
f 828 827 826
f 52 167 166
f 1663 1662 1661
f 287 107 115
f 668 671 670
f 634 645 640
f 553 560 559
f 118 36 33
f 492 484 491
f 3552 1652 1651
f 582 589 584
f 384 395 392
f 1381 1382 1383
f 1562 1561 435
f 952 953 951
f 3529 3566 583
f 1660 1661 1667
f 1394 1395 1396
f 1660 1665 1664
f 1671 1670 1669
f 1624 1625 1673
f 1407 1408 1409
f 1677 1676 1675
f 1613 1679 1677
f 1679 1678 1676
f 1626 1681 3811
f 534 199 198
f 803 733 734
f 400 248 191
f 65 66 143
f 3526 1657 1656
f 402 159 157
f 629 628 627
f 461 477 49
f 758 757 495
f 796 787 786
f 406 407 1513
f 342 343 166
f 1694 1659 1658
f 1692 1687 1694
f 3557 1693 1652
f 3921 1704 1703
f 326 547 302
f 3916 3921 1702
f 3919 3918 1698
f 1699 1691 3927
f 1557 406 1560
f 1127 1116 1117
f 400 401 289
f 1706 1702 1707
f 1707 1702 1599
f 1709 1706 1708
f 1714 1712 1711
f 3919 3915 1709
f 1704 1711 1577
f 1716 1714 1713
f 1559 1562 1549
f 1722 1721 1720
f 1335 597 596
f 410 411 377
f 973 1170 1163
f 168 169 399
f 1571 682 1089
f 1572 681 682
f 749 646 647
f 1730 1724 1723
f 1594 1582 1729
f 1729 1723 1591
f 1384 1378 1377
f 1732 1731 1712
f 1724 1730 1731
f 1722 1724 1732
f 1721 1722 1733
f 1734 1733 1716
f 1735 1737 1736
f 1733 1732 1714
f 1663 1664 1741
f 1742 1665 1740
f 1738 1739 1737
f 1665 1660 1666
f 1665 1742 1744
f 1725 1726 1746
f 1591 1725 1745
f 1590 1745 1747
f 1745 1746 1748
f 1659 1688 3538
f 3287 1760 3545
f 1185 1177 1182
f 1664 1744 1749
f 1741 1749 1739
f 1746 1742 1743
f 1726 1744 1742
f 1115 924 1153
f 1654 3546 3575
f 1896 3562 3549
f 1720 1749 1744
f 1721 1739 1749
f 1750 1718 1701
f 1697 1736 1750
f 1151 1152 1063
f 1751 1752 1670
f 1695 1658 1752
f 961 962 986
f 1770 1769 1768
f 1766 1594 1593
f 1731 1759 1579
f 1579 1777 1774
f 3928 1772 1771
f 1764 1772 3928
f 1777 1776 1775
f 3762 3763 1699
f 1004 1127 1128
f 1774 1775 1771
f 987 1400 1399
f 1578 1774 1772
f 1783 1782 1781
f 1597 1598 1770
f 639 1878 3895
f 3928 3929 1769
f 1793 1792 1789
f 3929 3920 1798
f 3508 3516 3773
f 1802 1867 3924
f 1788 1790 1794
f 1793 1794 1795
f 3773 3772 1675
f 1584 1581 1783
f 1771 1797 3920
f 1801 1799 1798
f 1768 1769 1798
f 1775 1796 1797
f 508 514 515
f 1796 1803 1802
f 1800 1798 3920
f 1794 1805 1804
f 3532 1670 1752
f 485 1808 1807
f 3809 3844 1640
f 3837 3844 1810
f 485 482 1640
f 1690 1691 3770
f 487 488 1648
f 3839 1813 1816
f 3838 1811 1648
f 3839 1812 1811
f 1812 1809 487
f 1641 1809 767
f 465 466 755
f 767 1815 3823
f 3822 1816 3826
f 1809 1812 1815
f 3837 1653 1651
f 675 672 3541
f 1814 1649 1822
f 1821 1822 3821
f 1824 1822 1649
f 1827 1849 1850
f 1668 1669 1662
f 1779 1780 1848
f 1790 1827 1805
f 1833 1836 1853
f 3521 3506 693
f 1614 1615 1616
f 1852 1853 3498
f 1620 1621 1622
f 1855 1765 1574
f 1847 1852 3501
f 1766 1765 1855
f 1629 1630 1631
f 1633 1622 1634
f 1635 1636 1637
f 1848 1833 1852
f 1855 1861 1863
f 1803 1866 1867
f 1862 1863 1831
f 1782 1855 1862
f 3922 3924 1865
f 1873 1872 1870
f 1874 1869 799
f 2045 3878 3897
f 1219 1345 1295
f 1615 1614 1396
f 3884 3895 1877
f 645 3898 3786
f 1345 1219 1035
f 634 639 3884
f 15 1887 1327
f 3910 3895 1878
f 1894 604 605
f 3506 3551 627
f 3560 640 645
f 340 341 454
f 1897 194 195
f 1889 1882 1877
f 1901 94 129
f 196 749 754
f 1705 1704 3921
f 340 378 166
f 1570 1480 563
f 1904 1494 194
f 1781 1862 1832
f 1905 549 55
f 1000 994 995
f 986 919 920
f 1191 1185 1190
f 2094 2077 2075
f 1920 1921 1919
f 453 454 1912
f 1915 1919 1918
f 3882 2112 2106
f 1655 3575 3531
f 1916 1918 1926
f 704 3554 3561
f 278 1916 1925
f 3565 3564 1818
f 1097 949 1115
f 1927 1928 727
f 3578 3579 3654
f 1920 310 307
f 1929 307 48
f 503 504 1497
f 1902 1903 787
f 1816 1821 3820
f 1925 1926 1923
f 1535 1569 1568
f 254 252 258
f 1509 1497 366
f 119 86 35
f 219 288 293
f 141 46 47
f 542 205 244
f 1940 552 430
f 1779 1828 1827
f 1701 1710 3915
f 1661 3550 3515
f 270 53 754
f 197 1947 749
f 1727 1728 1212
f 53 54 232
f 1465 1468 1479
f 1284 3862 3854
f 1951 446 412
f 168 398 1554
f 1486 1485 206
f 506 77 78
f 994 1001 1007
f 951 953 963
f 1013 3859 3861
f 3826 3820 1820
f 1498 1909 1954
f 299 298 543
f 1754 1755 1756
f 1681 469 1683
f 1696 1694 1695
f 13 14 738
f 473 476 475
f 482 1641 768
f 204 62 30
f 1761 1762 820
f 611 1763 1125
f 1501 1503 1908
f 1074 1073 711
f 1960 1944 82
f 120 1956 1960
f 35 86 87
f 1773 1199 1025
f 1965 1545 1569
f 494 761 471
f 1966 1967 1969
f 446 1951 1971
f 174 368 125
f 1580 1579 1578
f 1785 1786 1787
f 1972 1546 304
f 1254 876 875
f 1973 341 342
f 321 1912 1973
f 1910 277 275
f 509 1973 514
f 1486 1507 1527
f 1974 1874 804
f 1977 1976 1974
f 1980 448 1966
f 379 1 2
f 1718 1715 1710
f 884 995 992
f 1680 1684 1678
f 902 990 525
f 344 255 256
f 135 138 137
f 448 446 1967
f 589 605 604
f 910 909 908
f 1981 1966 1968
f 1982 1981 1987
f 1988 1979 1987
f 1990 1988 1989
f 1991 1989 1993
f 322 321 320
f 992 828 830
f 1144 1076 1086
f 1995 1977 1978
f 1133 1129 1118
f 1997 1995 1994
f 870 1823 1335
f 805 806 1982
f 727 184 2000
f 1996 1994 1988
f 1994 1978 1979
f 1829 616 792
f 1830 1073 941
f 798 803 800
f 729 732 731
f 2011 2012 2023
f 1834 1835 846
f 402 283 284
f 2022 2023 2024
f 1838 718 989
f 810 955 952
f 1823 1839 1840
f 1430 1426 1432
f 1215 844 1841
f 1316 1208 873
f 2112 1401 1384
f 1842 1843 1844
f 1159 846 845
f 837 27 1846
f 1971 1951 2030
f 517 369 370
f 1471 2026 2027
f 3551 3525 626
f 2174 2175 770
f 935 934 1854
f 1613 1619 1611
f 1231 1228 1225
f 1856 1857 891
f 1300 1309 748
f 1150 1149 1858
f 1643 606 696
f 1215 1265 1264
f 1320 1860 902
f 1956 1943 1944
f 2031 668 669
f 2034 1325 1310
f 1879 1880 1656
f 40 245 242
f 1992 1993 2039
f 888 958 957
f 1882 1889 1996
f 1078 1138 1255
f 1871 912 1192
f 294 411 218
f 1323 2041 2026
f 123 1960 83
f 1324 2036 2041
f 384 358 359
f 1324 1325 2038
f 1883 1884 1885
f 287 1540 114
f 1096 1886 1134
f 915 1329 931
f 806 1980 1981
f 3533 3529 584
f 1425 2030 2042
f 1018 2042 1948
f 3562 1896 740
f 1948 2042 649
f 1881 1882 1990
f 1900 129 130
f 992 995 994
f 923 927 925
f 3878 2045 2047
f 1643 2048 625
f 2050 2052 2051
f 2045 1405 1404
f 3876 2047 945
f 1139 1080 1079
f 1037 1856 892
f 2055 2053 2057
f 1198 989 718
f 1619 2058 1612
f 2058 1605 1606
f 2059 2060 1607
f 2058 1619 1624
f 71 72 179
f 405 406 1557
f 322 1548 1972
f 2061 2052 2063
f 2066 2065 2067
f 2052 2061 2064
f 1609 1610 2066
f 1515 151 152
f 1009 827 993
f 1644 3843 3815
f 279 1915 1916
f 1285 3863 3862
f 1647 2066 1825
f 2056 2057 2067
f 319 320 1953
f 667 666 1913
f 2070 631 625
f 2052 2050 2055
f 2038 1654 1655
f 1606 1601 2073
f 1235 1917 1270
f 2072 2073 2075
f 2059 1606 2072
f 2074 2075 2077
f 1601 1602 2078
f 2049 2048 1643
f 1000 1004 1001
f 1089 943 684
f 1931 1286 1306
f 1462 1459 1021
f 1932 1933 1934
f 875 874 1846
f 1936 1051 1937
f 44 45 46
f 1534 1955 1956
f 1541 318 317
f 2081 2082 2084
f 146 1945 1959
f 1360 1941 1942
f 985 984 1032
f 1995 1997 1892
f 2079 2080 2082
f 2095 2096 2076
f 2081 2093 2078
f 2055 2050 2054
f 501 2096 2095
f 2097 2100 2099
f 2098 2099 2094
f 2140 2141 3893
f 2141 2046 3894
f 2051 2070 2048
f 592 2102 2101
f 2071 2064 2076
f 2102 2097 2098
f 593 2103 2102
f 1019 1895 746
f 1950 11 12
f 725 2071 2096
f 1385 2105 2104
f 1379 2104 2106
f 2107 2108 2100
f 3908 726 502
f 3896 502 499
f 940 1389 2109
f 928 929 1170
f 3868 590 684
f 1962 1963 1964
f 3878 680 573
f 2039 1993 1968
f 1389 1390 2110
f 1398 2111 2113
f 3757 3755 3753
f 3911 3883 2107
f 949 923 924
f 260 241 324
f 1390 1397 2113
f 2070 2051 2064
f 3867 3911 2103
f 2105 1385 1421
f 2114 1421 1423
f 3892 2114 2115
f 3908 2105 2114
f 554 2116 1902
f 972 1163 967
f 1765 1593 1573
f 1984 1985 1986
f 2053 2117 2069
f 3573 3556 724
f 1625 1677 1674
f 3881 3888 2119
f 3903 2115 2123
f 56 1954 1906
f 626 3877 3879
f 2001 2002 2003
f 3912 3841 2127
f 2006 2007 2008
f 2127 1413 1412
f 2014 2015 2016
f 2018 2019 2020
f 1495 1424 1947
f 1379 1377 1386
f 3814 3811 1680
f 2029 1885 1884
f 3902 2128 2120
f 629 3879 3914
f 682 683 943
f 724 1650 2121
f 1757 1819 3821
f 765 1810 3844
f 3851 714 715
f 706 707 3870
f 981 986 987
f 1457 1868 1656
f 2017 2016 2032
f 1458 1655 1868
f 1776 1777 1792
f 1959 1945 1946
f 3663 3715 3725
f 3913 3881 2122
f 1093 1089 689
f 966 965 968
f 3852 715 3881
f 2172 3577 2170
f 670 2138 2137
f 3761 787 1903
f 1429 19 28
f 964 963 978
f 3841 3813 1413
f 1473 1474 669
f 3834 3833 1359
f 2138 798 1870
f 1872 1473 2137
f 715 716 3888
f 1881 1991 1992
f 3843 3842 739
f 1837 1847 3513
f 253 58 59
f 1808 3837 3840
f 1647 3832 3818
f 3865 3866 671
f 2112 3882 3883
f 1405 2045 2044
f 3829 3824 1364
f 273 1541 391
f 576 632 3520
f 3875 3865 668
f 1430 1431 2140
f 2136 3850 3860
f 1430 2139 18
f 3893 3894 570
f 1442 1439 2046
f 1431 1442 2141
f 3869 3913 3850
f 3808 3823 1817
f 3866 3893 695
f 2142 2025 798
f 571 2143 2142
f 3819 3814 1618
f 2143 2022 2025
f 694 2142 2138
f 681 1572 2144
f 2144 2011 2022
f 328 210 457
f 1572 2010 2011
f 630 3892 3903
f 2085 2086 2087
f 2090 2091 2092
f 572 2144 2143
f 1875 1976 2153
f 1873 1875 2149
f 2103 2107 2097
f 2157 2043 2155
f 2128 1412 1414
f 3874 3871 589
f 3872 3870 628
f 2149 2153 2158
f 2159 2158 3905
f 698 3907 3902
f 3823 3847 3827
f 2158 2156 3874
f 1438 2044 2046
f 2035 2154 2160
f 2161 2160 3889
f 3871 3891 605
f 3873 17 18
f 370 29 61
f 649 1951 413
f 2153 2157 2156
f 1428 1429 1449
f 1490 76 73
f 3890 3905 710
f 2155 1891 3891
f 1456 1457 1880
f 2125 2088 2087
f 2160 2159 3890
f 300 1959 505
f 1064 1062 1046
f 2043 1892 1891
f 2129 2130 2004
f 2131 2132 2133
f 3848 3849 1450
f 1998 1975 804
f 3879 673 3864
f 474 492 490
f 1164 1165 1182
f 707 2162 3909
f 708 1472 2162
f 2162 2161 3886
f 548 549 1905
f 1145 1136 1114
f 705 2121 1650
f 2043 2157 1977
f 737 738 554
f 1034 1195 1191
f 458 1905 1907
f 195 196 232
f 2040 2039 1969
f 2145 2146 2147
f 2054 2050 2049
f 3832 1646 1639
f 9 12 11
f 252 364 506
f 472 478 479
f 1865 3924 3791
f 900 903 910
f 1941 2150 2151
f 1921 1928 1927
f 2163 1897 1898
f 271 156 153
f 1904 1326 12
f 282 263 264
f 1872 1873 2154
f 1326 1904 1897
f 628 692 693
f 1724 1722 1719
f 1549 1562 436
f 1582 1583 1730
f 1921 1920 1929
f 3563 3511 10
f 2152 2037 1950
f 475 772 774
f 769 2172 2171
f 2171 2165 476
f 476 773 772
f 1791 565 464
f 2166 2167 2168
f 595 371 372
f 483 1809 1641
f 762 2174 2173
f 771 483 484
f 486 487 1809
f 297 1549 1517
f 763 2175 2174
f 776 755 759
f 184 185 2176
f 412 447 303
f 2005 2176 185
f 3811 1681 1682
f 2164 2170 756
f 1472 2035 2161
f 950 951 964
f 2177 2178 2179
f 227 226 1510
f 2182 2183 2184
f 2186 2019 2018
f 1985 2182 2181
f 214 736 729
f 865 849 842
f 849 865 1357
f 559 3187 3188
f 16 13 737
f 560 553 498
f 3193 3196 3195
f 3200 3197 3198
f 3211 3214 3213
f 3215 3218 3217
f 2187 2188 2002
f 2169 2168 2189
f 2192 2086 2085
f 2193 2194 2195
f 2198 2199 2200
f 1998 1982 1979
f 3664 3665 3668
f 2116 1898 1903
f 1859 2006 2009
f 3904 2123 2126
f 1135 1148 1087
f 2201 2202 2015
f 1149 111 110
f 3221 3222 3218
f 2203 2204 2205
f 579 580 1895
f 1755 2207 2208
f 3891 3910 1893
f 1211 2151 2150
f 868 997 2210
f 944 945 930
f 2130 2129 2202
f 233 1903 1898
f 665 751 750
f 1167 1254 999
f 2211 2212 2213
f 2215 2216 2217
f 3867 593 590
f 2220 221 220
f 823 824 948
f 3225 3220 3227
f 266 204 455
f 3882 2108 2107
f 2221 2222 3519
f 2223 2224 2225
f 2207 2125 2124
f 673 674 3869
f 817 1000 996
f 2227 2228 2146
f 1947 1948 646
f 3900 2135 17
f 2229 1635 1638
f 1679 1613 1618
f 1637 2231 2232
f 2233 2234 1617
f 2231 2235 2236
f 1381 1638 2238
f 3586 2241 2242
f 1630 2234 2233
f 1681 1626 472
f 1408 1407 2243
f 3236 3239 3238
f 3232 3241 3240
f 1637 2230 2238
f 3237 3238 3233
f 1409 1408 1634
f 1380 1383 2247
f 1628 2248 2245
f 2249 1623 1622
f 1632 1634 1408
f 2248 1628 1631
f 2235 2231 1637
f 3245 3246 3199
f 631 2070 2071
f 515 167 52
f 782 781 2251
f 2253 2254 2255
f 397 281 459
f 1456 2039 2040
f 2040 2041 2036
f 1401 2112 2111
f 2041 2040 1970
f 1535 121 414
f 1586 1587 2080
f 2256 983 1132
f 1700 1699 3918
f 3815 1896 1686
f 1263 2256 1886
f 598 1841 844
f 2257 2258 2259
f 2258 2261 2262
f 2259 2262 2263
f 2260 2259 2216
f 1967 1971 1970
f 2212 1964 1963
f 922 921 2218
f 1312 1098 1101
f 1307 1306 1286
f 1548 1569 1546
f 2266 2267 2268
f 2265 2268 2270
f 2272 2265 2269
f 2273 2266 2265
f 2275 2276 2277
f 2278 2274 2277
f 2284 2285 3617
f 2287 2283 2286
f 2288 2289 2283
f 2290 2284 3639
f 2291 2292 2293
f 2295 2291 2294
f 2296 2297 2291
f 2297 2298 2292
f 2294 2293 2299
f 2279 2294 2300
f 2298 2301 2302
f 2292 2302 2303
f 2293 2303 2304
f 2304 2305 2306
f 2308 2309 2310
f 2302 2307 2310
f 2301 2311 2307
f 2312 2308 2307
f 2313 2314 2315
f 2318 2319 2320
f 3748 3771 2322
f 2324 2325 2273
f 2313 2324 2326
f 2328 2324 2313
f 2329 2325 2324
f 2331 2332 2333
f 2330 2333 2267
f 2325 2330 2266
f 2329 2331 2330
f 2333 2334 2335
f 2336 2334 2333
f 2338 2336 2332
f 2331 2339 2337
f 2329 2340 2339
f 2328 2341 2340
f 2316 2342 2341
f 2342 2316 2315
f 2344 2345 2346
f 2341 2344 2347
f 2342 2348 2344
f 2348 2349 2345
f 2350 2351 2352
f 2339 2350 2353
f 2340 2347 2350
f 2347 2346 2351
f 2337 2353 2354
f 2353 2352 2355
f 2356 2277 2276
f 2356 2357 2358
f 2356 2359 2296
f 2279 2277 2356
f 2360 2361 2270
f 2267 2335 2360
f 2362 2363 2364
f 2362 2365 2361
f 2366 2362 2358
f 2366 2367 2363
f 2357 2276 2368
f 2366 2368 2369
f 2276 2275 2370
f 2368 2370 2282
f 2372 2373 2374
f 2375 2376 2377
f 2378 2379 2380
f 2382 2378 2381
f 2384 2385 2378
f 2385 2386 2379
f 2388 2389 2390
f 2387 2390 2392
f 2393 2394 2387
f 2394 2395 2388
f 2186 2401 2402
f 2403 2404 2327
f 2272 2403 2326
f 2271 2405 2403
f 2405 2406 2404
f 2404 2407 2408
f 2409 2410 2411
f 2409 2412 2271
f 2413 2409 2269
f 2413 2414 2410
f 2417 2415 2416
f 2417 2418 2406
f 2412 2417 2405
f 2411 2415 2417
f 2406 2419 2407
f 3569 3520 632
f 2420 2398 2397
f 2420 2421 2423
f 2424 2420 2422
f 2424 2399 2398
f 2425 2391 2392
f 2421 2425 2426
f 2397 2396 2425
f 2396 2393 2391
f 2427 2314 2408
f 2430 2427 2428
f 2343 2315 2427
f 2432 2343 2430
f 2431 2430 2429
f 2435 2431 2433
f 2436 2432 2431
f 2428 2408 2407
f 2422 2437 2407
f 2438 2437 2422
f 2429 2428 2437
f 2440 2434 2433
f 2441 2439 2433
f 2442 2443 2439
f 2443 2444 2440
f 2445 2446 2444
f 2447 2445 2443
f 2383 2381 2445
f 2381 2380 2446
f 2448 2438 2423
f 2449 2448 2426
f 2441 2448 2449
f 2441 2429 2438
f 2449 2392 2390
f 2450 2390 2389
f 2447 2450 2451
f 2442 2449 2450
f 2451 2389 2453
f 2452 2453 2455
f 2382 2452 2454
f 2383 2451 2452
f 2456 2457 2373
f 2459 2460 2461
f 2463 2464 2465
f 2462 2465 2285
f 2466 2462 2284
f 2467 2463 2462
f 2461 2460 3703
f 2468 2469 2470
f 2472 2468 2471
f 2474 2461 3701
f 2475 2476 2477
f 2458 2455 2453
f 2479 2453 2389
f 2395 2480 2479
f 2480 2459 2458
f 2481 2482 2483
f 2484 113 2485
f 2471 2470 2464
f 2473 2471 2463
f 2487 2467 2466
f 2486 2466 2290
f 2490 2486 2488
f 2491 2487 2486
f 2492 2473 2467
f 2493 2492 2487
f 2494 2495 2492
f 2495 2472 2473
f 3690 2496 2474
f 3691 2497 2496
f 2498 2494 2493
f 2500 2498 2499
f 3700 3687 2498
f 3687 3691 2494
f 2306 2504 2278
f 2305 2505 2504
f 2504 2505 2507
f 2506 2507 2288
f 2274 2506 2508
f 2278 2504 2506
f 3633 3632 2489
f 3620 3633 2488
f 2507 2509 2289
f 2505 2510 2509
f 2508 2288 2287
f 2511 2287 2281
f 2370 2511 2280
f 2275 2508 2511
f 2512 2490 2489
f 2514 2512 2513
f 2517 2512 2514
f 2517 2491 2490
f 2499 2493 2491
f 2499 2517 2516
f 2510 2505 2519
f 2518 2519 2521
f 3616 2518 2520
f 3632 2510 2518
f 2522 2304 2303
f 2523 2522 2310
f 2305 2304 2522
f 2524 2522 2523
f 2519 2524 2525
f 2505 2305 2524
f 2308 2312 2527
f 2526 2527 2529
f 2531 2526 2528
f 2309 2308 2526
f 1214 2532 2151
f 2419 2406 2418
f 2533 2345 2349
f 2534 2533 2317
f 2535 2536 2533
f 2536 2346 2345
f 2537 2351 2346
f 2538 2537 2536
f 2539 2540 2537
f 2540 2352 2351
f 2312 2355 2541
f 2527 2541 2542
f 2543 2435 2434
f 2545 2543 2544
f 2319 2318 2543
f 2318 2436 2435
f 2514 2515 2548
f 2547 2548 2550
f 2552 2547 2549
f 2552 2516 2514
f 2520 2521 2554
f 2553 2554 2556
f 3590 2553 2555
f 3621 2520 2553
f 2523 2309 2531
f 2557 2531 2530
f 2525 2523 2557
f 2559 2557 2558
f 2554 2559 2560
f 2521 2525 2559
f 2561 2375 2007
f 2376 2562 2225
f 2564 2565 2566
f 2563 2566 338
f 2569 2563 2567
f 2570 2564 2563
f 2572 2573 2574
f 2571 2574 2576
f 2544 2571 2575
f 2544 2434 2572
f 2578 2570 2569
f 2579 2577 2569
f 2574 2577 2579
f 2573 2578 2577
f 2581 2582 2583
f 2584 2580 2583
f 3697 3675 2580
f 3676 2581 2580
f 2582 2516 2552
f 2583 2552 2551
f 2500 2501 2589
f 2590 2588 2589
f 3693 3695 2588
f 3695 3700 2500
f 2501 2516 2591
f 2592 2593 2594
f 2386 2385 2503
f 2596 2379 2386
f 2596 2374 2373
f 2599 2596 2597
f 2599 2380 2379
f 2600 2446 2380
f 2600 2599 2598
f 2603 2600 2601
f 2603 2444 2446
f 2604 2603 2602
f 2440 2604 2605
f 2444 2603 2604
f 2606 2582 2581
f 2606 2607 2590
f 2591 2516 2582
f 3676 2587 2456
f 3689 2456 2372
f 2478 2477 2608
f 2609 2610 2611
f 2564 2570 2613
f 2612 2613 2598
f 2457 2612 2597
f 2565 2564 2612
f 2614 2613 2570
f 2615 2614 2578
f 2602 2601 2614
f 2601 2598 2613
f 2572 2434 2605
f 2616 2605 2602
f 2573 2572 2616
f 1459 1016 1045
f 1265 1215 1079
f 1612 1608 1609
f 2067 2057 2069
f 1135 1109 1136
f 1938 1937 2618
f 95 548 458
f 2058 1607 1608
f 1454 1469 1445
f 655 2620 1048
f 722 1049 2621
f 1131 985 1033
f 562 1481 366
f 1723 1719 1725
f 1786 1123 1122
f 267 300 323
f 1325 2034 1654
f 1468 1165 1435
f 658 657 529
f 8 532 247
f 382 1557 1559
f 788 619 1307
f 940 930 929
f 911 2622 2623
f 2621 2620 655
f 2624 1857 2625
f 998 1846 27
f 635 638 2626
f 2627 641 644
f 2628 2627 1840
f 1200 1199 2627
f 1199 1773 641
f 1520 515 49
f 1452 1350 1349
f 2630 2631 1859
f 644 643 1335
f 1197 1198 717
f 2632 717 719
f 2628 2632 1166
f 2629 1197 2632
f 1762 2633 1050
f 1823 870 873
f 2634 2635 794
f 1042 794 2635
f 93 94 1901
f 2036 2038 1458
f 1527 332 1525
f 877 876 1274
f 134 409 797
f 1328 893 931
f 607 777 1091
f 1043 2635 2637
f 2636 2637 2639
f 1275 2636 2638
f 1275 1040 1043
f 1272 2624 2626
f 2640 2626 638
f 1110 2641 2640
f 536 1272 2640
f 1472 708 1474
f 2042 2030 1951
f 1058 1106 1105
f 2642 2623 2643
f 1192 2642 2644
f 912 2623 2642
f 3898 1657 3526
f 1049 1048 2620
f 616 1829 1885
f 1331 1913 666
f 990 989 1198
f 1911 1912 321
f 1298 1282 1205
f 76 1490 1504
f 1502 1500 421
f 610 609 658
f 1146 937 659
f 2646 911 914
f 1280 1239 1238
f 1453 1454 1452
f 835 942 1843
f 1271 1270 1173
f 1893 1878 1826
f 1050 2633 1937
f 2651 2652 814
f 1006 1053 1281
f 2653 1084 2654
f 1001 1004 1003
f 585 997 679
f 2624 1272 621
f 555 678 2028
f 1207 526 1197
f 1626 1627 478
f 426 389 419
f 1030 1193 1773
f 3898 645 634
f 534 1533 138
f 1125 1092 1042
f 333 228 88
f 569 1570 561
f 1489 2656 871
f 1857 2624 620
f 1673 1674 3770
f 622 861 864
f 619 788 891
f 261 544 545
f 393 1555 1556
f 2658 2659 2647
f 1075 2658 2657
f 1081 1080 2658
f 1080 1139 2659
f 2644 2643 1141
f 2660 1141 1140
f 642 2660 1336
f 1193 2644 2660
f 679 678 555
f 1503 1501 1500
f 1318 1317 1101
f 2661 2659 1139
f 2661 1142 2663
f 2662 2647 2659
f 2662 2663 2622
f 2664 2622 911
f 2648 2664 2646
f 2648 2647 2662
f 2083 2094 2093
f 1442 1440 1437
f 519 329 330
f 1885 2029 1209
f 799 800 805
f 1946 1943 1952
f 1302 1301 1253
f 566 2005 224
f 1389 940 928
f 683 682 681
f 836 835 1842
f 2665 1842 1845
f 2666 2665 1303
f 24 836 2665
f 831 1072 2650
f 1845 1844 1304
f 2010 2013 2012
f 1051 1936 2667
f 1522 1521 1511
f 531 440 441
f 1250 635 2625
f 2669 2625 1857
f 783 2669 1856
f 782 1250 2669
f 720 2670 2671
f 1055 1931 1930
f 1333 1067 1251
f 619 622 1308
f 652 655 2619
f 521 522 1539
f 1838 988 537
f 2672 537 536
f 1113 2672 2641
f 1113 527 1838
f 1016 1013 1351
f 3897 573 570
f 226 227 104
f 3564 3669 3827
f 1036 1037 1884
f 2674 1301 1304
f 2673 1304 1844
f 1334 2673 2675
f 1333 2674 2673
f 2676 702 1039
f 1843 2676 2675
f 942 1074 2676
f 1074 699 702
f 752 1057 1055
f 1200 1166 656
f 1120 1846 874
f 2677 874 877
f 1241 2677 1052
f 1119 1120 2677
f 1560 1513 151
f 1208 1316 611
f 215 735 736
f 1460 1459 1462
f 1208 1207 1839
f 854 856 1282
f 72 445 182
f 544 1563 1565
f 217 200 456
f 2047 1404 930
f 1204 2618 1937
f 913 777 686
f 840 527 1113
f 1531 729 730
f 2678 778 1283
f 601 667 1914
f 1537 1538 459
f 1819 1757 3509
f 991 1860 862
f 2679 711 1073
f 2680 1830 983
f 779 2680 2256
f 778 2678 2680
f 2678 2679 1830
f 180 542 245
f 1886 1132 1131
f 1138 1137 1274
f 1841 598 1140
f 75 313 314
f 193 423 420
f 2681 2682 1099
f 170 1567 1565
f 349 416 417
f 1121 1124 2684
f 547 797 409
f 123 122 121
f 2643 2663 1142
f 1542 1544 513
f 899 900 907
f 1210 677 676
f 791 663 982
f 24 27 837
f 893 896 932
f 1860 1320 863
f 535 538 862
f 1569 1548 1547
f 181 455 542
f 660 659 937
f 2013 567 568
f 887 890 2631
f 1524 1508 361
f 520 161 162
f 2653 855 854
f 1238 1237 2655
f 718 1838 527
f 1492 1493 518
f 792 616 615
f 599 846 1835
f 290 457 456
f 312 171 1552
f 1248 2687 1179
f 153 149 177
f 1240 1181 1222
f 1257 1292 1235
f 1291 1084 1083
f 1052 877 1277
f 743 742 2618
f 444 140 430
f 23 1224 1172
f 2687 2654 1180
f 102 103 409
f 1283 607 610
f 373 497 650
f 1180 2654 1084
f 855 2653 2655
f 1173 1270 1917
f 2689 850 853
f 2688 853 1108
f 2686 2688 1279
f 2687 2689 2688
f 2691 1302 1252
f 2690 1252 850
f 1248 2690 2689
f 1248 1247 2691
f 2692 617 24
f 2691 2692 2666
f 1247 1258 2692
f 1258 1168 617
f 394 1554 1555
f 2693 1260 1259
f 1072 1236 1262
f 1257 1071 1168
f 398 439 1555
f 871 1784 1314
f 1178 1232 1249
f 1224 1289 1173
f 1010 2617 2618
f 1175 1174 1292
f 2654 2687 2686
f 2694 1157 1216
f 71 418 1487
f 701 1112 1111
f 1072 1261 2649
f 1085 2695 22
f 895 2694 1264
f 1601 1606 1605
f 1259 1262 1271
f 21 20 1220
f 988 991 538
f 598 597 1336
f 1050 860 818
f 1298 2645 1761
f 1168 1167 618
f 858 1168 1256
f 39 242 516
f 2652 1761 819
f 313 316 315
f 2026 1970 1971
f 2656 1489 596
f 814 819 818
f 2696 2651 813
f 1260 2696 2649
f 2693 2697 2696
f 2697 1296 2651
f 381 355 390
f 3818 3819 1611
f 1475 1427 1428
f 1292 1174 1917
f 1551 353 354
f 1526 1525 1523
f 1593 1589 1595
f 1232 1269 1246
f 2695 2693 1223
f 2698 1297 1296
f 2698 2697 2693
f 2685 2698 2695
f 2685 854 1297
f 562 1497 271
f 2652 2651 1296
f 1365 1366 1364
f 1958 1946 1953
f 585 588 2210
f 1561 1560 1515
f 975 2648 1146
f 347 67 68
f 1038 1111 636
f 2700 781 780
f 2699 780 1036
f 2701 2699 1883
f 851 2700 2699
f 2674 1333 2251
f 2702 2251 781
f 1253 2702 2700
f 1301 2674 2702
f 1519 387 388
f 1273 1239 1280
f 2703 1280 1107
f 2701 2703 852
f 1829 1273 2703
f 91 260 326
f 1784 871 2656
f 2683 2684 2705
f 604 1894 3499
f 1669 3534 3548
f 2062 2063 2060
f 621 535 861
f 2023 731 732
f 686 779 1263
f 857 1051 2668
f 883 830 882
f 637 636 1111
f 2668 894 893
f 2667 921 894
f 1039 1038 1068
f 313 75 1504
f 1911 1972 305
f 1936 2706 1964
f 2707 2402 2401
f 2708 2707 2183
f 738 2163 2116
f 2349 2348 2432
f 2711 2712 2020
f 2400 2711 2019
f 2714 2715 2716
f 2717 2718 2719
f 2721 2722 2723
f 2726 2727 2728
f 2725 2728 2730
f 2731 2725 2729
f 2732 2726 2725
f 2734 2735 2736
f 2738 2739 2740
f 2737 2740 2741
f 2744 2745 2746
f 2745 2744 2748
f 2749 2750 2747
f 2753 2749 2751
f 2250 1380 2246
f 2754 1396 1614
f 3598 2754 2755
f 3608 2745 2747
f 1617 2756 2755
f 2242 2758 1620
f 2191 2085 2760
f 2761 2759 2760
f 3648 2759 2761
f 3623 2191 2759
f 3209 3248 3223
f 1395 1394 2236
f 1395 2235 1636
f 1616 1635 2229
f 1617 2234 2763
f 2756 2763 3628
f 2765 2763 2234
f 2766 2764 3628
f 3202 3199 3246
f 1516 437 435
f 2768 2769 3552
f 1495 541 578
f 2135 2136 28
f 3526 3540 2773
f 1690 1689 3926
f 2778 2779 2780
f 2777 2780 2781
f 2784 2778 2777
f 3555 3521 575
f 1494 1904 9
f 3529 2016 2015
f 451 61 505
f 2786 2787 2788
f 2779 2786 2785
f 2789 2752 2741
f 2790 2753 2752
f 2792 2793 2794
f 2793 2795 2796
f 2796 2797 2750
f 2794 2796 2749
f 2798 1393 1396
f 3591 2798 2754
f 2798 2799 2800
f 3591 3662 2799
f 2797 2796 2795
f 2791 2794 2753
f 216 233 232
f 3804 2806 2807
f 3805 2809 2804
f 2769 2810 3557
f 183 185 184
f 2811 2812 2775
f 2804 2811 2776
f 2809 2813 2811
f 2812 2811 2813
f 3805 2808 2816
f 3796 2818 2815
f 3798 3800 2820
f 3793 2823 2819
f 2824 2736 2735
f 2823 2825 2824
f 2825 2823 2826
f 3793 2822 2827
f 3796 2817 2826
f 2713 2716 2829
f 2828 2829 2831
f 2822 2821 2828
f 2821 2820 2713
f 2832 2827 2822
f 2833 2832 2830
f 2834 2835 2832
f 2835 2818 2827
f 2837 2838 2839
f 2836 2839 2841
f 2842 2836 2840
f 2843 2837 2836
f 2840 2841 2845
f 2718 2844 2845
f 2730 2728 2844
f 2727 2840 2844
f 2846 2845 2841
f 2829 2846 2847
f 2847 2841 2839
f 2848 2839 2838
f 2833 2848 2849
f 2831 2847 2848
f 2850 2814 2851
f 2853 2850 2852
f 2783 2777 2782
f 2785 2788 2853
f 2780 2785 2856
f 2857 2858 2855
f 2859 2857 2782
f 2861 2843 2842
f 2860 2842 2727
f 2862 2860 2726
f 2863 2861 2860
f 2861 2863 2858
f 2843 2861 2857
f 2856 2853 2854
f 2781 2856 2864
f 2837 2843 2859
f 2838 2837 2864
f 2852 2851 2834
f 2854 2852 2849
f 2865 2815 2818
f 2851 2865 2835
f 2813 2809 2815
f 2814 2813 2865
f 2866 2812 2814
f 2788 2866 2850
f 2866 2788 2787
f 2812 2866 2867
f 1892 1889 1890
f 2720 2719 2846
f 298 299 256
f 2872 2714 2713
f 3794 3800 2735
f 2729 2730 2874
f 2846 2716 2715
f 2876 2877 2878
f 2733 2875 2878
f 3806 3807 2879
f 3806 2880 2872
f 2882 2883 2884
f 2881 2884 2715
f 2880 2881 2714
f 2879 2882 2881
f 2885 2886 2887
f 2888 2889 2890
f 2885 2890 2892
f 2893 2886 2885
f 1942 2151 2532
f 2895 2892 2720
f 2884 2895 2870
f 2883 2896 2895
f 2896 2891 2892
f 2889 2874 2717
f 2890 2717 2720
f 2897 2893 2891
f 2898 2897 2896
f 2899 2898 2883
f 2900 2899 2882
f 3797 2900 2879
f 2876 2902 2901
f 2901 2902 2904
f 1785 2656 1835
f 2905 2906 2899
f 2907 2908 2897
f 3797 2901 2903
f 632 576 577
f 3532 3547 2867
f 434 385 550
f 2768 2770 3640
f 2910 2911 1623
f 2241 2912 2758
f 3640 2770 2913
f 1623 2911 2757
f 3587 2242 2757
f 2229 1381 1380
f 2765 1630 1629
f 2915 2914 1629
f 3642 3641 2914
f 3641 3622 2765
f 2919 2916 3642
f 2918 2915 2912
f 3614 2918 2241
f 3618 2919 3613
f 3541 2177 2180
f 3521 2002 2188
f 3705 3573 714
f 2925 2766 2917
f 2924 2917 2916
f 3610 2924 2919
f 3611 2925 2924
f 2926 2927 2766
f 3658 2926 2925
f 1715 1713 1705
f 785 497 498
f 1387 651 565
f 374 375 1899
f 3573 2203 2206
f 2929 2930 2886
f 2932 2933 2934
f 1905 1906 1908
f 2930 2935 2936
f 2938 2935 2930
f 1493 369 517
f 1603 1585 1586
f 2939 2938 2929
f 2940 2939 2908
f 3665 1707 1600
f 2886 2930 2937
f 2906 2907 2898
f 2908 2929 2893
f 2942 2934 2933
f 2941 2933 2937
f 3501 2941 2936
f 3498 2942 2941
f 2943 2944 2710
f 2943 2873 2874
f 2945 2943 2889
f 2946 2944 2943
f 2932 2945 2888
f 2931 2946 2945
f 727 1928 1929
f 2903 2904 2947
f 545 594 42
f 1480 1570 533
f 2907 2906 2949
f 2906 2905 2950
f 1558 452 215
f 3799 2903 2948
f 2054 1645 1644
f 3705 3684 2203
f 1828 1837 1849
f 2953 2954 2955
f 2952 2955 2957
f 2956 2261 2258
f 2953 2952 2258
f 2454 2455 2474
f 3747 2958 2959
f 3747 2132 2131
f 2961 2962 2963
f 2958 2963 2964
f 222 221 2485
f 2477 2226 2966
f 2631 2561 2006
f 2384 2454 2496
f 2967 2968 2959
f 2968 2967 2970
f 3759 2033 2971
f 3784 2971 2960
f 2972 2971 2033
f 2007 2377 2973
f 3560 3559 2134
f 1836 1833 1832
f 3506 2188 2090
f 955 810 959
f 672 675 674
f 633 710 713
f 2024 732 733
f 2025 2024 803
f 425 1552 1550
f 2975 2976 888
f 1319 1158 1157
f 1212 1935 2977
f 889 957 2228
f 1978 1974 1975
f 1138 1078 1329
f 751 665 2979
f 1619 1613 1625
f 2252 2255 1728
f 1157 1160 845
f 2706 1936 1938
f 2980 2255 2254
f 2982 2975 887
f 802 712 711
f 678 677 2029
f 527 840 690
f 1839 1207 2629
f 2983 2984 602
f 2983 1914 1913
f 2985 2983 1331
f 2986 2984 2983
f 2987 2637 2635
f 2985 2988 2639
f 2990 1319 1318
f 2991 2992 2993
f 2995 2991 2994
f 1106 1058 2991
f 1058 1057 2992
f 1415 1406 1365
f 1317 922 2217
f 1932 1728 2255
f 926 2998 2999
f 3001 2993 2992
f 3000 2992 1057
f 2999 3000 2978
f 2998 3001 3000
f 3002 2998 2209
f 3002 3003 2996
f 2993 3001 3002
f 1103 1106 2995
f 3004 2995 2996
f 2209 2210 3004
f 588 1103 3004
f 295 296 433
f 2638 2639 2988
f 3005 2988 1056
f 1305 3005 1930
f 1276 2638 3005
f 1987 1968 1993
f 2633 1762 1761
f 1423 1422 1417
f 3561 3517 739
f 2671 2670 2704
f 1473 1872 2035
f 922 1317 2694
f 1401 1400 1378
f 556 2028 1884
f 842 848 3825
f 1854 2706 2617
f 933 1082 1081
f 1440 1441 1436
f 529 657 719
f 1031 1025 1027
f 777 913 912
f 2645 1205 1204
f 441 438 1538
f 790 1287 587
f 2065 2066 1610
f 1860 991 990
f 60 106 87
f 1424 1017 1948
f 332 1527 1507
f 261 262 138
f 187 188 449
f 1719 1720 1726
f 1931 1055 1059
f 3006 1059 1105
f 1287 3006 1104
f 1286 1931 3006
f 3007 3008 3009
f 3009 3008 653
f 618 999 26
f 2029 677 1210
f 957 601 600
f 1049 2146 2228
f 2631 890 3011
f 890 889 2227
f 3011 2227 2145
f 2561 3011 3012
f 1026 656 609
f 2706 1854 1961
f 3013 2965 2485
f 2148 2147 1267
f 3015 1267 1266
f 2997 2264 1101
f 642 641 1773
f 186 477 461
f 1041 1040 1320
f 1121 3016 3017
f 2984 2986 2987
f 3018 2987 2634
f 1048 603 3018
f 603 602 2984
f 2679 2678 801
f 2062 2072 2074
f 2061 2074 2076
f 414 303 1545
f 3016 1121 2683
f 3019 2683 2704
f 3020 3019 2670
f 3007 3016 3019
f 1871 1090 1091
f 3021 1787 1122
f 3022 3021 3017
f 1314 3021 3022
f 1784 1787 3021
f 1316 1315 1763
f 3023 3022 3010
f 3023 3009 795
f 1763 3023 1092
f 1315 3022 3023
f 3016 3007 3010
f 752 751 2978
f 2986 2639 2637
f 3024 654 653
f 3020 3024 3008
f 720 723 3024
f 723 2621 654
f 2681 1098 1268
f 2671 3025 1268
f 2705 2681 3025
f 1313 3026 3027
f 3026 3028 3029
f 3027 3029 3030
f 1311 3027 3031
f 2012 568 731
f 917 2657 974
f 743 1206 856
f 1888 2027 2030
f 2682 2705 2684
f 3032 2684 1124
f 1100 3032 2989
f 1099 2682 3032
f 1123 2990 2989
f 3033 1834 1159
f 2990 3033 1158
f 1123 1786 3033
f 1786 1785 1834
f 1054 1056 2988
f 2979 665 664
f 2623 2622 2663
f 1095 660 688
f 3034 3035 2261
f 3036 3034 2956
f 3037 3038 3034
f 3038 3039 3035
f 3040 3041 3026
f 2263 3042 3041
f 3042 3039 3043
f 3041 3043 3028
f 3044 3045 3043
f 3046 3047 3045
f 3047 3048 3049
f 3043 3045 3049
f 3038 3037 3051
f 3050 3051 3053
f 3052 3046 3044
f 3039 3038 3050
f 3054 3035 3039
f 3042 2263 2262
f 2261 3035 3054
f 2216 2263 2997
f 2212 2211 2667
f 3056 868 2209
f 934 3057 1961
f 2013 3755 3757
f 3058 3059 3060
f 3059 3062 3063
f 3060 3063 2213
f 3061 3060 1963
f 3063 3064 2214
f 3062 3065 3064
f 3065 2257 2260
f 3064 2260 2215
f 3066 3067 3031
f 2608 2966 3067
f 2966 2562 3068
f 3031 3067 3068
f 2455 2458 2461
f 2476 2223 2226
f 3551 2090 2089
f 3526 2774 3769
f 433 354 355
f 2115 1423 1419
f 3509 2868 2922
f 3769 3737 2131
f 3069 2611 2167
f 2971 2972 2928
f 2961 2774 2773
f 3070 2475 2478
f 2610 2609 3071
f 2502 2371 2374
f 3072 2592 2595
f 2964 3046 3052
f 3048 2593 3074
f 2593 2592 3075
f 3075 3030 3029
f 3074 3029 3028
f 3072 3076 3075
f 3076 3072 2482
f 2481 2608 3066
f 3076 3066 3030
f 2967 3052 3053
f 2482 3072 3073
f 479 480 493
f 706 3900 3873
f 3561 2194 2221
f 2013 2010 3754
f 3533 2032 2016
f 3562 3519 2222
f 1171 1154 1155
f 2586 2566 2565
f 2982 110 113
f 2562 2376 3077
f 2376 2375 3012
f 3012 2145 2148
f 3077 2148 3015
f 2963 3047 3046
f 3051 3078 2970
f 1683 2173 491
f 3850 2122 1447
f 1986 2181 3734
f 3079 3080 2546
f 3081 3079 2575
f 1983 1986 3768
f 3082 2323 2319
f 3080 3082 2545
f 3734 3732 3082
f 3732 3748 2323
f 1309 1471 1888
f 3073 2595 2772
f 2760 3083 3084
f 2760 2085 2088
f 3085 3084 3086
f 3089 3085 3090
f 3089 2762 3084
f 3092 3088 3090
f 3093 2748 2744
f 2751 2747 2748
f 3093 2741 2752
f 2742 2741 3093
f 3094 3093 2743
f 3096 3097 3098
f 3099 3096 3087
f 3097 3094 3095
f 3100 2743 2746
f 3101 2927 3102
f 2764 2766 2927
f 2745 2764 3101
f 3102 3092 3091
f 3100 3091 3095
f 2869 2802 3592
f 3102 3103 3104
f 3658 2868 2869
f 2927 2926 3103
f 3098 3095 3091
f 3087 3098 3090
f 2088 2125 3105
f 3083 3105 3086
f 2483 3073 2771
f 2401 2186 2185
f 3099 3086 3105
f 2125 2207 3106
f 3108 2737 2742
f 3107 2742 3094
f 3110 3108 3107
f 3109 3107 3097
f 3111 3109 3096
f 3112 3110 3109
f 3113 2738 2737
f 3115 2723 2722
f 3117 3115 3114
f 3119 3117 3116
f 3118 3116 3120
f 3116 3114 3113
f 3122 3112 3111
f 3122 3123 1755
f 3124 3125 3126
f 3125 3118 3121
f 3128 3119 3118
f 3129 3128 3125
f 2020 2712 3128
f 3853 3857 1346
f 1065 1046 1047
f 1814 3838 3830
f 2021 2020 3129
f 3111 3099 3106
f 3123 3106 2207
f 2377 2225 2224
f 3014 2485 113
f 1756 2208 3782
f 3131 3132 2530
f 3133 3131 2528
f 1753 1756 3767
f 3134 3124 3127
f 2327 2408 2314
f 2436 2318 2317
f 2018 2021 3711
f 2534 3136 3137
f 2320 2322 3136
f 2185 2018 3712
f 3138 3139 2542
f 3134 3135 3744
f 3785 3130 3134
f 3140 3138 2539
f 2535 3137 3140
f 3711 2021 3130
f 2558 2530 3132
f 3782 3760 3141
f 2560 2558 3141
f 3760 3777 3142
f 958 888 2976
f 1933 1932 2980
f 2399 2424 2418
f 2348 2342 2343
f 2322 2320 2319
f 2718 2717 2874
f 2709 2729 2873
f 2894 2871 1361
f 346 289 176
f 1876 1877 1882
f 2802 2803 3607
f 3104 3144 3088
f 2974 2222 3649
f 3089 3145 2761
f 3088 3144 3145
f 2803 2974 3603
f 3870 3909 692
f 2123 1419 1418
f 1365 1363 1368
f 1581 1766 1782
f 3569 2202 2129
f 3555 2003 2002
f 3146 2585 2551
f 3751 3146 3147
f 3742 3149 3146
f 3149 2584 2585
f 3196 3198 3197
f 3604 2192 2191
f 3142 3150 2556
f 3777 3778 3150
f 3646 3152 2550
f 3150 3151 2555
f 3778 3780 3151
f 3788 3781 3152
f 3153 3147 2551
f 3152 3153 2549
f 3781 3776 3153
f 3776 3750 3147
f 3148 2767 2206
f 2183 2401 2321
f 2132 2960 2928
f 3684 3685 2204
f 3719 2198 2197
f 2594 2962 2773
f 2595 2594 2951
f 1870 798 799
f 3713 2179 2178
f 3706 2178 3736
f 336 3154 3774
f 339 3155 3154
f 3789 3683 3149
f 3683 3697 2584
f 2963 2962 3048
f 3722 3730 337
f 339 338 2566
f 3156 3157 2168
f 2610 3156 2167
f 2954 2953 3156
f 3157 3156 2953
f 3707 2166 2169
f 2567 3158 3159
f 337 3158 2567
f 3730 3069 2166
f 3764 2190 1983
f 2579 3160 3081
f 2568 3159 3160
f 3709 2169 2190
f 3065 3062 3162
f 3161 3162 1984
f 3157 3161 2189
f 2257 3065 3161
f 734 735 1922
f 3059 3058 2708
f 3163 2708 2182
f 3162 3163 1985
f 3062 3059 3163
f 3203 3206 3205
f 2122 2119 1448
f 3817 1686 1685
f 139 140 444
f 1570 569 566
f 2957 3164 3165
f 2955 3166 3164
f 1912 454 341
f 3130 3129 3124
f 1548 322 319
f 1949 1950 1327
f 2969 2970 3078
f 3167 3078 3169
f 3724 2014 2017
f 3720 2017 2033
f 3168 3169 3165
f 3170 3165 3164
f 3779 3170 3171
f 3724 3168 3170
f 3171 3164 3166
f 3172 3166 3071
f 3752 3172 3173
f 3756 3171 3172
f 3169 3037 3036
f 2593 3048 2962
f 3173 3071 2609
f 3174 2609 2199
f 3783 3174 2198
f 3749 3173 3174
f 2190 2189 1984
f 2196 2195 2767
f 2119 2120 1414
f 1464 1463 1466
f 2199 2611 3069
f 2457 2456 2587
f 2226 2225 2562
f 481 478 1627
f 333 1512 235
f 3078 3051 3037
f 3040 2264 2997
f 2219 1934 1933
f 2385 2384 2497
f 221 2220 3175
f 2220 1933 3143
f 3175 3143 2976
f 2484 3175 2975
f 2954 3071 3166
f 2630 1858 110
f 1547 319 1952
f 2091 2090 2188
f 3733 3736 2178
f 1918 1919 1927
f 3563 112 111
f 955 956 960
f 2037 3014 112
f 3143 2980 2981
f 2218 2211 2214
f 672 3877 3787
f 2152 3013 3014
f 1147 1144 1143
f 2248 2246 1409
f 1615 1636 1635
f 1410 1409 2246
f 3241 3243 3242
f 1382 3176 3177
f 3177 1410 2247
f 2247 1383 3177
f 3176 2238 2230
f 1410 3177 3179
f 3179 3180 2243
f 1633 3181 2800
f 1621 1620 2758
f 1622 1621 2245
f 2236 1394 3181
f 2237 2236 3182
f 2250 1631 2233
f 2912 1629 1628
f 135 136 1564
f 1567 419 512
f 1085 1084 2653
f 3184 869 868
f 869 3184 3057
f 1266 1268 1098
f 1267 2147 722
f 937 1146 2646
f 2146 1049 722
f 2211 2218 921
f 1957 510 507
f 1313 1312 2264
f 1496 362 1493
f 2887 2937 2933
f 1687 1688 1659
f 145 1499 1498
f 37 38 418
f 1935 1934 3185
f 104 89 301
f 2101 2098 2083
f 543 298 360
f 1934 2219 3186
f 234 1521 212
f 3845 3821 1822
f 1976 1875 1874
f 223 3186 2219
f 3655 3656 3605
f 2165 2164 467
f 467 468 2165
f 773 476 2165
f 1935 1212 1728
f 3240 3225 3226
f 3261 3249 3250
f 3215 3216 3244
f 3265 3221 3215
f 3267 3245 3198
f 3205 3206 3269
f 3214 3211 3265
f 3271 3213 3214
f 3251 3252 3239
f 3222 3221 3266
f 3232 3235 3234
f 3216 3242 3243
f 3196 3193 3268
f 3244 3243 3254
f 3238 3239 3247
f 3264 3244 3255
f 3253 3242 3216
f 3211 3266 3221
f 3257 3217 3218
f 3258 3222 3272
f 3274 3275 3280
f 3228 3229 3262
f 3275 3231 3281
f 3226 3227 3273
f 3236 3263 3260
f 3281 3263 3236
f 3287 3271 3192
f 3235 3226 3280
f 3234 3280 3281
f 3288 3290 3259
f 3260 3250 3276
f 3289 3212 3278
f 3210 3209 3224
f 3199 3202 3201
f 3228 3231 3230
f 3290 3288 3285
f 3282 3279 3271
f 3260 3263 3262
f 3243 3241 3268
f 3267 3268 3241
f 3194 3207 3208
f 3191 3270 3269
f 3270 3191 3192
f 3275 3274 3230
f 3264 3269 3270
f 3252 3251 3276
f 3248 3252 3291
f 3213 3271 3279
f 3272 3266 3289
f 3277 3278 3212
f 3228 3263 3281
f 3220 3225 3253
f 3219 3253 3217
f 3256 3218 3222
f 3247 3239 3252
f 3245 3267 3232
f 3266 3211 3212
f 3208 3205 3255
f 3288 3289 3284
f 3204 3205 3208
f 560 1899 3187
f 3209 3210 3201
f 3189 3192 3191
f 448 1980 807
f 647 648 122
f 1833 1848 1780
f 510 509 508
f 3210 1949 1887
f 1887 15 3200
f 15 16 3197
f 16 3188 3195
f 3195 3188 3187
f 3194 3187 1899
f 3207 1899 375
f 387 173 126
f 3189 1791 1760
f 3577 763 757
f 763 3577 2172
f 3583 3582 3580
f 3581 3580 3579
f 3594 3597 3596
f 3400 3601 3602
f 3626 3624 3625
f 3631 3635 3599
f 3636 3637 3595
f 3647 3584 3588
f 3650 3582 3584
f 3653 3579 3580
f 3653 2176 3654
f 1801 1864 3656
f 3651 3580 3582
f 3644 3638 3595
f 1767 1768 3659
f 1597 3663 3661
f 1708 1707 3665
f 3671 3668 3667
f 3666 3667 3673
f 1588 1708 3664
f 2080 3671 3666
f 2082 3666 3672
f 3674 3677 3635
f 3677 3678 3636
f 3682 3647 3645
f 3692 3651 3650
f 3681 3645 3644
f 786 3694 3692
f 3694 3653 3651
f 785 3692 3686
f 497 3686 3682
f 650 3682 3681
f 3696 564 3681
f 3405 3606 3605
f 3702 3699 3678
f 3699 3698 3679
f 3645 3588 3638
f 1799 3657 3659
f 3708 3704 3458
f 3462 3710 3708
f 3714 463 564
f 3615 3606 3602
f 3710 3714 3696
f 3635 3636 3596
f 3629 3626 3627
f 3597 3600 3599
f 3630 3716 3715
f 3627 3625 3597
f 3717 3716 3723
f 3715 3663 3660
f 3716 3717 3725
f 3668 3665 3661
f 3668 3725 3717
f 3667 3717 3718
f 3727 3728 3673
f 3728 1576 3672
f 3726 3727 3718
f 1576 2101 2084
f 3727 3726 3731
f 3203 376 1387
f 3190 1387 1791
f 3283 2152 1949
f 317 240 259
f 2000 2176 3653
f 3601 3599 3600
f 3589 3588 3584
f 3577 758 756
f 3585 3584 3582
f 3678 3679 3637
f 3204 375 376
f 1801 3655 3657
f 3729 3735 3728
f 1575 3735 3738
f 3735 1575 1576
f 1776 1795 1796
f 1293 1294 1290
f 1326 14 1327
f 1294 1245 1234
f 878 1244 1330
f 497 373 374
f 122 648 413
f 3699 3702 3704
f 3606 3405 3401
f 3708 3710 3698
f 3464 3714 3710
f 3704 3674 3443
f 439 398 399
f 1512 1528 1526
f 1668 1741 1738
f 839 849 1362
f 1362 1357 826
f 3843 740 1896
f 2053 2054 2118
f 3888 3887 2120
f 696 697 3816
f 1826 1878 639
f 3740 3739 3729
f 956 885 886
f 1980 806 1922
f 33 34 105
f 1343 1344 3856
f 3907 2127 2128
f 1766 1581 1582
f 14 1326 2163
f 595 98 99
f 3233 3238 3246
f 1346 1035 1044
f 748 1888 1425
f 3193 3208 3254
f 3190 3191 3206
f 3612 3605 3606
f 3624 3612 3615
f 3631 3415 3443
f 3679 3680 3644
f 3686 3650 3647
f 3702 3677 3674
f 3625 3615 3600
f 3601 3400 3415
f 3739 3738 3735
f 3630 3627 3594
f 3741 3723 3716
f 1284 1290 1288
f 3698 3696 3680
f 1778 1781 1780
f 1792 1759 1584
f 695 570 571
f 3638 3741 3594
f 3741 3638 3588
f 3247 3248 3209
f 3292 3293 3294
f 3296 3297 3298
f 3299 3298 3300
f 3302 3303 3304
f 3306 3307 3308
f 3307 3310 3311
f 3303 3302 3301
f 3312 3305 3304
f 3314 3315 3316
f 3318 3319 3320
f 3324 3318 3321
f 3326 3327 3328
f 3329 3330 3331
f 3333 3334 3335
f 3337 3338 3339
f 3333 3336 3341
f 3342 3341 3343
f 3319 3345 3344
f 3338 3335 3334
f 3346 3301 3302
f 3305 3348 3347
f 3312 3224 3223
f 3350 3337 3340
f 3312 3349 3348
f 3352 3343 3341
f 3311 3353 3354
f 3341 3336 3327
f 3359 3360 3361
f 3360 3359 3250
f 3318 3363 3345
f 3364 3363 3318
f 3314 3364 3324
f 3366 3299 3301
f 3299 3366 3367
f 3308 3354 3368
f 3369 3317 3295
f 3317 3369 3364
f 3370 3295 3317
f 3325 3371 3365
f 3352 3320 3319
f 3296 3367 3353
f 3297 3296 3311
f 3363 3368 3354
f 3345 3354 3353
f 3344 3353 3367
f 3366 3333 3342
f 3347 3339 3334
f 3339 3347 3348
f 3348 3349 3351
f 3363 3364 3369
f 3294 3309 3368
f 3293 3306 3309
f 3331 3373 3374
f 3346 3334 3333
f 3323 3322 3352
f 3356 3355 3321
f 3355 3357 3325
f 3357 3358 3371
f 3322 3356 3320
f 3361 3330 3329
f 3373 3372 3375
f 3374 3375 3376
f 3329 3332 3376
f 3327 3375 3372
f 3336 3335 3375
f 3335 3338 3376
f 3376 3338 3337
f 3337 3350 3359
f 3359 3350 3276
f 3377 3292 3295
f 3277 3316 3315
f 3371 3378 3379
f 3378 3371 3358
f 3365 3379 3315
f 3316 3277 3279
f 3282 3377 3370
f 3313 3283 3224
f 3378 3285 3284
f 3380 3286 3285
f 3379 3284 3278
f 3276 3350 3351
f 3291 3351 3349
f 3313 3304 2965
f 2965 3304 3303
f 222 3303 3300
f 223 3300 3298
f 3298 3297 3185
f 3297 3310 2977
f 3310 3307 1213
f 3307 3306 1214
f 2532 1214 3306
f 2894 2532 3293
f 2871 2894 3292
f 3253 3225 3240
f 3283 3313 3013
f 1997 1996 1889
f 1237 745 744
f 1535 1534 120
f 1531 1532 201
f 1119 1241 1032
f 946 948 824
f 163 8 5
f 3589 3726 3723
f 1155 1156 1162
f 427 213 327
f 553 1902 796
f 3381 2232 2231
f 3381 3178 2230
f 2237 3183 3180
f 3383 3384 3385
f 3384 3386 3387
f 3386 3388 3389
f 3388 3390 3391
f 3392 3393 3394
f 3395 3394 3396
f 3398 3399 3397
f 3400 3401 3399
f 3403 3404 3405
f 3406 3407 3404
f 3408 3409 3407
f 3410 3411 3409
f 3412 3413 3411
f 3415 3400 3398
f 3414 3398 3396
f 3416 3396 3394
f 3417 3394 3393
f 3393 3419 3420
f 3419 3390 3421
f 3390 3388 3422
f 3388 3386 3423
f 3386 3384 3424
f 3384 3383 3425
f 3425 3383 3426
f 2904 3427 3428
f 3429 3427 2904
f 3430 3429 2902
f 2875 3431 3430
f 3432 3433 2733
f 2825 3434 3435
f 3437 3438 3439
f 3441 3437 3436
f 2724 2723 3434
f 3436 3439 3115
f 3440 3436 3117
f 3443 3415 3414
f 3442 3414 3416
f 3444 3416 3417
f 3445 3417 3418
f 3446 3418 3420
f 3420 3421 3448
f 3421 3422 3449
f 3422 3423 3450
f 3423 3424 3451
f 3424 3425 3452
f 3425 3184 3056
f 3451 3452 2253
f 3450 3451 2252
f 3449 3450 1727
f 3448 3449 2150
f 3453 3447 3448
f 3454 3446 3447
f 3455 3445 3446
f 3456 3444 3445
f 3442 3444 3456
f 3443 3442 3457
f 3459 3460 3458
f 3457 3456 3455
f 3459 3455 3454
f 3462 3460 3459
f 3461 3454 3453
f 3464 3462 3461
f 3463 3453 1941
f 3404 3399 3401
f 3407 3397 3399
f 3409 3395 3397
f 3411 3392 3395
f 3465 3466 3413
f 3467 3468 3469
f 3465 3412 3431
f 3470 3467 3466
f 3438 3470 3432
f 3467 3470 3438
f 3468 3467 3437
f 3471 3469 3468
f 3472 3468 3441
f 3473 3441 3440
f 2712 3440 3119
f 3475 3471 3472
f 3474 3472 3473
f 3476 3473 2712
f 3477 3476 2711
f 3478 3474 3476
f 3479 3475 3474
f 3392 3411 3413
f 3466 3469 3480
f 3419 3393 3392
f 3390 3419 3480
f 3469 3471 3391
f 3389 3391 3471
f 3387 3389 3475
f 3385 3387 3479
f 3482 3477 2400
f 3483 3478 3477
f 3481 3479 3478
f 3484 3482 2402
f 3058 3484 2707
f 3061 3485 3484
f 3485 3483 3482
f 3382 3385 3481
f 3486 3481 3483
f 3426 3383 3382
f 3487 3382 3486
f 3486 3485 3061
f 1961 3057 3487
f 3057 3184 3426
f 3428 3403 3402
f 3427 3406 3403
f 3429 3408 3406
f 3430 3410 3408
f 3431 3412 3410
f 3470 3465 3433
f 3434 3439 3438
f 2723 3115 3439
f 2875 2733 3433
f 2736 2824 3435
f 2947 3428 3488
f 3464 3463 1360
f 1900 1925 1924
f 1736 1717 1718
f 1955 1952 1943
f 1671 1738 1735
f 1696 1750 1698
f 1800 1865 1864
f 2063 2055 2056
f 1737 1734 1717
f 1751 1735 1697
f 943 3885 3899
f 3656 3488 3402
f 1577 1578 1764
f 3917 1598 1599
f 1945 146 82
f 68 6 7
f 147 1542 1543
f 1109 1135 1133
f 1503 1910 1907
f 1499 1501 1909
f 452 1922 735
f 1824 2068 3835
f 1825 2067 2068
f 1463 1462 1022
f 841 1012 1009
f 1568 1547 1955
f 1910 1503 1502
f 1939 1502 422
f 309 280 1940
f 1804 1851 1866
f 269 1482 1954
f 2065 1607 2060
f 3812 1685 1758
f 280 276 552
f 1875 1873 1869
f 1739 1721 1734
f 1778 1779 1790
f 310 1920 1915
f 1909 1908 1906
f 1789 1783 1778
f 978 981 980
f 1584 1759 1731
f 425 426 311
f 148 1543 115
f 2044 3897 3894
f 277 1910 1939
f 1943 1946 1945
f 1461 1462 1463
f 2253 3452 3056
f 2981 2254 3489
f 2209 2998 3489
f 2254 2253 3055
f 2998 926 958
f 2826 2817 2721
f 3490 2739 2721
f 2816 3491 3490
f 2334 2297 2296
f 2298 2297 2334
f 2301 2298 2336
f 2311 2301 2338
f 2312 2311 2354
f 2359 2358 2361
f 2335 2296 2359
f 2414 2413 2365
f 2413 2270 2361
f 2355 2352 2540
f 2541 2540 2539
f 2722 2721 2739
f 3114 2722 2738
f 3110 3112 3121
f 3108 3110 3120
f 3122 1754 3127
f 3112 3122 3126
f 3127 1754 1753
f 3139 3133 2529
f 3744 3775 3133
f 3490 2789 2740
f 3491 2790 2789
f 228 229 91
f 245 244 243
f 248 7 247
f 2 297 296
f 145 146 300
f 327 213 210
f 329 332 331
f 239 241 240
f 373 376 375
f 178 177 176
f 1218 1225 1228
f 3862 1231 1295
f 808 809 824
f 3858 3859 1013
f 3813 3810 1411
f 2154 2149 2159
f 3845 3835 1758
f 306 807 1922
f 2157 2153 1976
f 708 709 2031
f 1450 1226 1227
f 1672 1604 1605
f 1813 1814 1821
f 1717 1716 1715
f 176 159 402
f 1710 1705 3916
f 1712 1580 1577
f 1705 1713 1711
f 971 978 979
f 822 823 1094
f 2909 2810 2793
f 2810 2769 2795
f 2799 2910 2249
f 3662 3643 2910
f 2769 2768 2801
f 3177 3176 3178
f 3178 3381 3180
f 3181 1394 1393
f 3181 1633 1632
f 3182 1632 2244
f 3183 2244 2243
f 3492 2791 2790
f 2808 3492 3491
f 2239 3574 3572
f 1149 1150 3571
f 1150 2009 3567
f 2202 3569 3566
f 2921 3564 3565
f 3568 3560 2133
f 1777 1579 1759
f 1201 1196 1183
f 3561 3554 2195
f 3553 3576 2770
f 3927 3925 1687
f 1516 152 154
f 3549 3562 2974
f 3550 3548 2779
f 2771 2772 3575
f 3070 2771 3546
f 3547 3544 2775
f 1376 1375 1370
f 2767 3543 3556
f 2195 3554 3543
f 2775 3544 3542
f 3377 3282 3545
f 3804 3802 3539
f 2776 3542 3538
f 2240 3572 3535
f 2920 3535 3669
f 3548 3534 2786
f 1805 1850 1851
f 3534 3532 2787
f 2951 2773 3540
f 2772 2951 3531
f 2973 2224 3530
f 2224 2223 3537
f 1957 1953 320
f 306 305 304
f 2770 3576 3528
f 2913 3528 3574
f 2923 3565 3527
f 308 1940 431
f 207 208 132
f 1879 1876 1881
f 3733 3787 3525
f 2475 3070 3558
f 2476 2475 3524
f 2223 2476 3523
f 3522 3549 2803
f 2037 3563 11
f 1959 1958 450
f 2003 3555 3520
f 9 10 334
f 2009 2008 3518
f 2008 2973 3536
f 3877 672 673
f 3515 3550 2778
f 2935 3514 3513
f 111 1149 3570
f 3510 3514 2935
f 683 3876 3885
f 3508 3557 2810
f 736 733 732
f 1795 1804 1803
f 3505 3510 2938
f 3507 3505 2939
f 2950 3512 3504
f 2940 2949 3504
f 3801 3791 3512
f 2868 3509 3502
f 2869 3502 3522
f 1024 1034 1023
f 3500 3503 2948
f 551 1939 442
f 2972 3499 3568
f 2032 3533 3499
f 216 93 1924
f 203 202 201
f 1828 1848 1847
f 1958 1957 449
f 272 271 178
f 2871 3545 3495
f 3619 3669 3564
f 2801 2768 3643
f 2005 3758 3654
f 960 886 899
f 3657 3655 3612
f 3780 3788 3646
f 3151 3646 3593
f 2193 3604 3623
f 3607 3603 3145
f 3603 3649 2761
f 3592 3607 3144
f 2926 3658 3634
f 3634 3592 3104
f 3755 3754 3746
f 566 567 3758
f 3488 3656 1864
f 1602 1586 2079
f 2868 3658 3611
f 2922 3611 3610
f 2923 3610 3618
f 3670 3613 2918
f 3619 3670 3614
f 2921 3618 3670
f 2920 3614 3586
f 3613 3642 2915
f 2917 2766 3622
f 2916 2917 3641
f 2239 3587 3652
f 2911 3640 3652
f 3643 3640 2911
f 2797 2801 3662
f 2797 3591 3598
f 3622 3628 2763
f 3608 3628 2764
f 2194 3623 3648
f 2221 3648 3649
f 2756 3608 3609
f 2750 3598 3609
f 3669 3535 1817
f 3763 3770 1691
f 2515 3621 3590
f 2548 3590 3593
f 2513 2489 3632
f 2513 3616 3621
f 2509 3633 3620
f 2510 3632 3633
f 2289 3620 3639
f 2283 3639 3617
f 2240 3586 3587
f 3659 3657 3624
f 716 2121 3887
f 727 1999 3761
f 2165 2171 2170
f 3660 3659 3626
f 3743 3581 3578
f 2175 2172 769
f 2100 500 2095
f 3758 567 3757
f 640 3560 3568
f 1653 3576 3553
f 1895 3536 3530
f 746 3530 3537
f 1653 1810 3528
f 3762 1603 1604
f 2093 2075 2073
f 959 996 995
f 962 899 919
f 1400 1401 1398
f 1000 817 1127
f 956 959 884
f 1662 3548 3550
f 2034 3558 3546
f 3926 1689 3539
f 3535 3572 766
f 3572 3574 765
f 334 3570 3571
f 1868 3531 3540
f 1684 1651 1652
f 1682 1683 775
f 1585 1603 3762
f 3763 3762 1672
f 2173 2174 490
f 1658 3544 3547
f 3556 3543 1650
f 1571 3754 2010
f 1587 3664 3671
f 2099 2095 2077
f 787 3761 1999
f 2000 3694 786
f 3155 339 3697
f 3713 3155 3683
f 2180 2179 3685
f 3496 2180 3684
f 1684 3846 3840
f 1760 464 3495
f 2607 3689 3693
f 2581 3676 3689
f 2371 2502 3700
f 2371 3695 3693
f 2587 3676 3675
f 2586 3675 3697
f 2497 3691 3687
f 2502 2503 3687
f 2494 3691 3690
f 3690 3688 2472
f 3688 3701 2468
f 3701 3703 2469
f 726 3908 3892
f 581 3567 3518
f 10 3511 3570
f 1837 3514 3510
f 741 3537 3523
f 1299 3524 3558
f 1851 3507 3504
f 3527 3565 1820
f 580 3518 3536
f 1758 1685 3522
f 1693 3557 3508
f 3504 3512 1867
f 1894 1826 3568
f 2126 1418 3813
f 3906 2126 3841
f 2113 3911 3867
f 2179 3713 3789
f 624 3903 3904
f 2192 3604 3788
f 2177 3541 3787
f 1364 3824 3833
f 3858 3855 1470
f 3135 1753 3775
f 2069 3812 3835
f 1351 3861 3853
f 2108 3882 3901
f 2089 2092 3736
f 3828 3834 1358
f 2001 3749 3783
f 2187 3783 3719
f 2130 3756 3752
f 2004 3752 3749
f 2014 3724 3779
f 2201 3779 3756
f 3167 3720 3759
f 3168 3724 3720
f 3159 3709 3764
f 3160 3764 3765
f 3730 3707 3158
f 3158 3707 3709
f 2200 3069 3730
f 3685 3789 3742
f 3722 3774 2197
f 3790 3736 2092
f 3774 3790 3721
f 3154 3706 3790
f 3155 3713 3706
f 2091 3719 3721
f 2196 3148 3750
f 2193 2196 3776
f 3604 2193 3781
f 2086 2192 3780
f 2087 2086 3778
f 2204 3742 3751
f 2205 3751 3750
f 3909 3886 574
f 2124 2087 3777
f 2208 2124 3760
f 3711 3785 3140
f 3785 3745 3138
f 3745 3744 3139
f 3771 3712 3136
f 3712 3711 3137
f 3775 3767 3131
f 3767 3782 3132
f 1813 3839 3838
f 1293 3854 3856
f 2184 2321 3748
f 2181 2184 3732
f 3765 3768 3079
f 3768 3734 3080
f 709 3873 3875
f 2774 2961 3737
f 3786 3769 2134
f 3809 3808 766
f 2968 3784 3766
f 2969 3759 3784
f 2958 3747 3737
f 2132 3747 3766
f 2321 2185 3771
f 3860 3848 1449
f 3905 3874 582
f 3886 3889 577
f 3847 3826 1818
f 705 3902 3887
f 3816 3912 3907
f 2111 3883 3911
f 3810 3829 1366
f 1812 3839 3822
f 675 3851 3852
f 3496 3705 3851
f 2110 3867 3868
f 2104 3896 3901
f 2109 3868 3899
f 3842 3831 703
f 1680 3811 3846
f 1639 1627 3819
f 623 3904 3906
f 2139 2140 3866
f 1808 1640 3844
f 3820 3821 1819
f 3872 3914 3900
f 1646 3832 3830
f 3889 3890 633
f 2139 3865 3875
f 2156 2155 3871
f 674 3852 3913
f 2117 3817 3812
f 1815 3822 3847
f 3855 3849 1444
f 697 3906 3912
f 866 842 3836
f 3864 3869 2136
f 3585 3731 3726
f 3583 3740 3731
f 3753 3746 3738
f 3740 3583 3581
f 1088 3738 3746
f 3739 3740 3743
f 2791 3492 3493
f 3492 2808 2807
f 2792 3493 3494
f 3493 2807 2806
f 3508 2909 3494
f 3516 3494 2806
f 2948 3503 3791
f 2105 3908 3896
f 3538 3802 3804
f 680 3878 3876
f 1891 1890 3910
f 2905 3799 3801
f 2900 3797 3799
f 2901 3797 3807
f 2734 2878 3806
f 2877 3807 3806
f 2820 3800 3794
f 2818 3796 3792
f 2823 3793 3792
f 2822 3793 3798
f 2819 2735 3800
f 2817 3796 3795
f 2809 3805 3795
f 2808 3805 3803
f 2805 3804 3803
f 1702 3921 3923
f 3922 3920 1797
f 3915 3916 1706
f 3918 3927 1692
f 1657 3898 3880
f 1890 1877 3895
f 3772 3770 1674
f 1689 1690 3772
f 3926 3802 3538
f 3516 3539 1689
f 3917 3923 1703
f 1598 3917 3928
f 3880 3884 1876
f 1691 1690 3925
f 3925 3926 1688
f 3934 3933 3937
f 3934 3938 3939
f 3932 3936 3937
f 3938 3942 3943
f 3937 3936 3940
f 3937 3941 3942
f 3942 3946 3947
f 3941 3940 3944
f 3942 3941 3945
f 3947 3946 3950
f 3944 3948 3949
f 3945 3949 3950
f 3950 3954 3955
f 3949 3948 3952
f 3950 3949 3953
f 3955 3954 3958
f 3953 3952 3956
f 3953 3957 3958
f 3959 3958 3962
f 3957 3956 3960
f 3958 3957 3961
f 3962 3966 3967
f 3960 3964 3965
f 3961 3965 3966
f 3966 3970 3971
f 3965 3964 3968
f 3966 3965 3969
f 3970 3974 3975
f 3968 3972 3973
f 3969 3973 3974
f 3974 3978 3979
f 3973 3972 3976
f 3974 3973 3977
f 3979 3978 3982
f 3976 3980 3981
f 3977 3981 3982
f 3982 3986 3987
f 3981 3980 3984
f 3982 3981 3985
f 3987 3986 3990
f 3984 3988 3989
f 3985 3989 3990
f 3991 3990 3994
f 3989 3988 3992
f 3990 3989 3993
f 3995 3994 3998
f 3992 3996 3997
f 3993 3997 3998
f 3998 4002 4003
f 3997 3996 4000
f 3998 3997 4001
f 4002 4006 4007
f 4000 4004 4005
f 4001 4005 4006
f 4006 4010 4011
f 4005 4004 4008
f 4006 4005 4009
f 4011 4010 4014
f 4008 4012 4013
f 4009 4013 4014
f 4014 4018 4019
f 4013 4012 4016
f 4014 4013 4017
f 4019 4018 4022
f 4016 4020 4021
f 4017 4021 4022
f 4023 4022 4026
f 4021 4020 4024
f 4022 4021 4025
f 4027 4026 4030
f 4024 4028 4029
f 4025 4029 4030
f 4031 4030 4034
f 4029 4028 4032
f 4030 4029 4033
f 4034 4038 4039
f 4032 4036 4037
f 4033 4037 4038
f 4038 4042 4043
f 4037 4036 4040
f 4038 4037 4041
f 4043 4042 4046
f 4040 4044 4045
f 4041 4045 4046
f 4046 4050 4051
f 4045 4044 4048
f 4046 4045 4049
f 4051 4050 4055
f 4048 4053 4054
f 4049 4054 4055
f 4056 4055 4059
f 4053 4057 4058
f 4055 4054 4058
f 4060 4059 3934
f 4058 4057 3932
f 4058 3933 3934
f 4069 4068 4081
f 4066 4079 4080
f 4065 4064 4077
f 4063 4062 4075
f 4071 4084 4085
f 4069 4082 4083
f 4067 4080 4081
f 4066 4065 4078
f 4063 4076 4077
f 4061 4074 4075
f 4072 4085 4086
f 4071 4070 4083
f 4076 4089 4090
f 4074 4087 4088
f 4086 4085 4098
f 4083 4096 4097
f 4082 4081 4094
f 4079 4092 4093
f 4078 4077 4090
f 4076 4075 4088
f 4085 4084 4097
f 4082 4095 4096
f 4080 4093 4094
f 4079 4078 4091
f 4089 4102 4103
f 4088 4087 4100
f 4098 4111 4112
f 4096 4109 4110
f 4095 4094 4107
f 4092 4105 4106
f 4090 4103 4104
f 4089 4088 4101
f 4097 4110 4111
f 4095 4108 4109
f 4094 4093 4106
f 4092 4091 4104
f 4103 4102 4115
f 4100 4113 4114
f 4112 4111 4124
f 4110 4109 4122
f 4107 4120 4121
f 4105 4118 4119
f 4103 4116 4117
f 4101 4114 4115
f 4110 4123 4124
f 4109 4108 4121
f 4107 4106 4119
f 4105 4104 4117
f 4115 4128 4129
f 4114 4113 4126
f 4124 4137 4138
f 4123 4122 4135
f 4120 4133 4134
f 4119 4118 4131
f 4117 4116 4129
f 4114 4127 4128
f 4124 4123 4136
f 4122 4121 4134
f 4119 4132 4133
f 4117 4130 4131
f 4129 4128 4141
f 4126 4139 4140
f 4138 4137 4150
f 4136 4135 4148
f 4133 4146 4147
f 4131 4144 4145
f 4130 4129 4142
f 4127 4140 4141
f 4137 4136 4149
f 4135 4134 4147
f 4132 4145 4146
f 4131 4130 4143
f 4142 4141 4154
f 4140 4139 4152
f 4150 4163 4164
f 4149 4148 4161
f 4146 4159 4160
f 4144 4157 4158
f 4142 4155 4156
f 4140 4153 4154
f 4149 4162 4163
f 4148 4147 4160
f 4146 4145 4158
f 4144 4143 4156
f 4155 4154 4167
f 4153 4152 4165
f 4163 4176 4177
f 4161 4174 4175
f 4159 4172 4173
f 4158 4157 4170
f 4155 4168 4169
f 4153 4166 4167
f 4163 4162 4175
f 4161 4160 4173
f 4159 4158 4171
f 4156 4169 4170
f 4167 4180 4181
f 4165 4178 4179
f 4176 4189 4190
f 4175 4174 4187
f 4173 4172 4185
f 4170 4183 4184
f 4169 4168 4181
f 4167 4166 4179
f 4175 4188 4189
f 4173 4186 4187
f 4171 4184 4185
f 4170 4169 4182
f 4180 4193 4194
f 4178 4191 4192
f 4190 4189 4202
f 4187 4200 4201
f 4186 4185 4198
f 4183 4196 4197
f 4182 4181 4194
f 4180 4179 4192
f 4189 4188 4201
f 4186 4199 4200
f 4184 4197 4198
f 4183 4182 4195
f 4193 4206 4207
f 4192 4191 4204
f 4202 4215 4216
f 4200 4213 4214
f 4199 4198 4211
f 4196 4209 4210
f 4194 4207 4208
f 4193 4192 4205
f 4201 4214 4215
f 4199 4212 4213
f 4198 4197 4210
f 4196 4195 4208
f 4207 4206 4219
f 4204 4217 4218
f 4216 4215 4228
f 4213 4226 4227
f 4211 4224 4225
f 4209 4222 4223
f 4207 4220 4221
f 4205 4218 4219
f 4214 4227 4228
f 4213 4212 4225
f 4211 4210 4223
f 4209 4208 4221
f 4219 4232 4233
f 4218 4217 4230
f 4228 4241 4242
f 4226 4239 4240
f 4225 4224 4237
f 4223 4222 4235
f 4221 4220 4233
f 4218 4231 4232
f 4228 4227 4240
f 4226 4225 4238
f 4223 4236 4237
f 4221 4234 4235
f 4233 4232 4245
f 4230 4243 4244
f 4242 4241 4254
f 4240 4239 4252
f 4237 4250 4251
f 4235 4248 4249
f 4234 4233 4246
f 4231 4244 4245
f 4241 4240 4253
f 4239 4238 4251
f 4236 4249 4250
f 4235 4234 4247
f 4246 4245 4258
f 4244 4243 4256
f 4254 4267 4268
f 4253 4252 4265
f 4250 4263 4264
f 4248 4261 4262
f 4246 4259 4260
f 4244 4257 4258
f 4253 4266 4267
f 4252 4251 4264
f 4250 4249 4262
f 4248 4247 4260
f 4259 4258 4271
f 4257 4256 4269
f 4267 4280 4281
f 4265 4278 4279
f 4263 4276 4277
f 4262 4261 4274
f 4259 4272 4273
f 4257 4270 4271
f 4266 4279 4280
f 4265 4264 4277
f 4263 4262 4275
f 4260 4273 4274
f 4271 4284 4285
f 4269 4282 4283
f 4281 4280 4293
f 4279 4278 4291
f 4277 4276 4289
f 4274 4287 4288
f 4273 4272 4285
f 4271 4270 4283
f 4280 4279 4292
f 4277 4290 4291
f 4275 4288 4289
f 4274 4273 4286
f 4284 4297 4298
f 4282 4295 4296
f 4294 4293 4306
f 4291 4304 4305
f 4290 4289 4302
f 4287 4300 4301
f 4286 4285 4298
f 4284 4283 4296
f 4293 4292 4305
f 4290 4303 4304
f 4288 4301 4302
f 4287 4286 4299
f 4297 4310 4311
f 4296 4295 4308
f 4306 4319 4320
f 4304 4317 4318
f 4303 4302 4315
f 4300 4313 4314
f 4298 4311 4312
f 4297 4296 4309
f 4305 4318 4319
f 4304 4303 4316
f 4302 4301 4314
f 4300 4299 4312
f 4310 4323 4324
f 4308 4321 4322
f 4320 4319 4332
f 4318 4317 4330
f 4316 4315 4328
f 4313 4326 4327
f 4311 4324 4325
f 4310 4309 4322
f 4318 4331 4332
f 4316 4329 4330
f 4315 4314 4327
f 4312 4325 4326
f 4323 4336 4337
f 4322 4321 4334
f 4332 4345 4346
f 4330 4343 4344
f 4329 4328 4341
f 4327 4326 4339
f 4325 4324 4337
f 4322 4335 4336
f 4332 4331 4344
f 4330 4329 4342
f 4327 4340 4341
f 4325 4338 4339
f 4337 4336 4350
f 4334 4348 4349
f 4346 4345 4359
f 4344 4343 4357
f 4341 4355 4356
f 4340 4339 4353
f 4338 4337 4351
f 4335 4349 4350
f 4345 4344 4358
f 4343 4342 4356
f 4340 4354 4355
f 4338 4352 4353
f 4351 4350 4363
f 4349 4348 4361
f 4359 4372 4373
f 4358 4357 4370
f 4355 4368 4369
f 4354 4353 4366
f 4351 4364 4365
f 4349 4362 4363
f 4358 4371 4372
f 4357 4356 4369
f 4355 4354 4367
f 4352 4365 4366
f 4364 4363 4376
f 4362 4361 4374
f 4373 4372 4385
f 4370 4383 4384
f 4368 4381 4382
f 4367 4366 4379
f 4364 4377 4378
f 4362 4375 4376
f 4372 4371 4384
f 4370 4369 4382
f 4368 4367 4380
f 4365 4378 4379
f 4376 4389 4390
f 4374 4387 4388
f 4385 4398 4399
f 4384 4383 4396
f 4382 4381 4394
f 4379 4392 4393
f 4378 4377 4390
f 4376 4375 4388
f 4384 4397 4398
f 4382 4395 4396
f 4380 4393 4394
f 4379 4378 4391
f 4389 4402 4403
f 4387 4400 4401
f 4399 4398 4411
f 4396 4409 4410
f 4395 4394 4407
f 4393 4392 4405
f 4391 4390 4403
f 4389 4388 4401
f 4398 4397 4410
f 4395 4408 4409
f 4393 4406 4407
f 4391 4404 4405
f 4402 4415 4416
f 4401 4400 4413
f 4411 4424 4425
f 4409 4422 4423
f 4408 4407 4420
f 4406 4405 4418
f 4403 4416 4417
f 4402 4401 4414
f 4410 4423 4424
f 4408 4421 4422
f 4407 4406 4419
f 4404 4417 4418
f 4416 4415 4428
f 4413 4426 4427
f 4425 4424 4437
f 4423 4422 4435
f 4421 4420 4433
f 4418 4431 4432
f 4416 4429 4430
f 4415 4414 4427
f 4423 4436 4437
f 4421 4434 4435
f 4420 4419 4432
f 4418 4417 4430
f 4428 4441 4442
f 4426 4439 4440
f 4437 4450 4451
f 4435 4448 4449
f 4434 4433 4446
f 4432 4431 4444
f 4430 4429 4442
f 4427 4440 4441
f 4437 4436 4449
f 4435 4434 4447
f 4432 4445 4446
f 4430 4443 4444
f 4442 4441 4454
f 4439 4452 4453
f 4451 4450 4463
f 4449 4448 4461
f 4446 4459 4460
f 4444 4457 4458
f 4443 4442 4455
f 4440 4453 4454
f 4450 4449 4462
f 4447 4460 4461
f 4445 4458 4459
f 4444 4443 4456
f 4455 4454 4467
f 4453 4452 4465
f 4463 4476 4477
f 4462 4461 4474
f 4459 4472 4473
f 4457 4470 4471
f 4455 4468 4469
f 4453 4466 4467
f 4462 4475 4476
f 4461 4460 4473
f 4459 4458 4471
f 4457 4456 4469
f 4468 4467 4063
f 4466 4465 4061
f 4477 4476 4072
f 4474 4070 4071
f 4472 4068 4069
f 4471 4470 4066
f 4468 4064 4065
f 4466 4062 4063
f 4476 4475 4071
f 4474 4473 4069
f 4472 4471 4067
f 4469 4065 4066
f 3935 4061 4465
f 4465 4452 4056
f 4452 4439 4051
f 4439 4426 4047
f 4047 4426 4413
f 4043 4413 4400
f 4039 4400 4387
f 4387 4374 4031
f 4031 4374 4361
f 4361 4348 4023
f 4348 4334 4019
f 4334 4321 4015
f 4015 4321 4308
f 4011 4308 4295
f 4007 4295 4282
f 4282 4269 3999
f 3999 4269 4256
f 4256 4243 3991
f 4243 4230 3987
f 4230 4217 3983
f 3983 4217 4204
f 3979 4204 4191
f 3975 4191 4178
f 4178 4165 3967
f 3967 4165 4152
f 4152 4139 3959
f 4139 4126 3955
f 4126 4113 3951
f 3951 4113 4100
f 3947 4100 4087
f 3943 4087 4074
f 4074 4061 3935
f 4480 4479 4483
f 4480 4484 4485
f 4479 4478 4482
f 4484 4488 4489
f 4482 4486 4487
f 4483 4487 4488
f 4488 4492 4493
f 4487 4486 4490
f 4488 4487 4491
f 4493 4492 4496
f 4490 4494 4495
f 4491 4495 4496
f 4496 4500 4501
f 4495 4494 4498
f 4496 4495 4499
f 4501 4500 4504
f 4498 4502 4503
f 4499 4503 4504
f 4505 4504 4508
f 4503 4502 4506
f 4504 4503 4507
f 4509 4508 4512
f 4506 4510 4511
f 4507 4511 4512
f 4513 4512 4516
f 4511 4510 4514
f 4512 4511 4515
f 4516 4520 4521
f 4514 4518 4519
f 4515 4519 4520
f 4520 4524 4525
f 4518 4522 4523
f 4520 4519 4523
f 4525 4524 4528
f 4522 4526 4527
f 4523 4527 4528
f 4528 4532 4533
f 4527 4526 4530
f 4528 4527 4531
f 4533 4532 4536
f 4530 4534 4535
f 4531 4535 4536
f 4537 4536 4540
f 4534 4538 4539
f 4536 4535 4539
f 4541 4540 4544
f 4539 4538 4542
f 4539 4543 4544
f 4544 4548 4549
f 4542 4546 4547
f 4544 4543 4547
f 4548 4552 4553
f 4547 4546 4550
f 4547 4551 4552
f 4552 4556 4557
f 4551 4550 4554
f 4552 4551 4555
f 4557 4556 4560
f 4554 4558 4559
f 4555 4559 4560
f 4560 4564 4565
f 4559 4558 4562
f 4560 4559 4563
f 4565 4564 4568
f 4562 4566 4567
f 4563 4567 4568
f 4569 4568 4572
f 4567 4566 4570
f 4568 4567 4571
f 4572 4576 4577
f 4570 4574 4575
f 4571 4575 4576
f 4576 4580 4581
f 4575 4574 4578
f 4576 4575 4579
f 4580 4584 4585
f 4578 4582 4583
f 4579 4583 4584
f 4584 4588 4589
f 4583 4582 4586
f 4584 4583 4587
f 4589 4588 4592
f 4586 4590 4591
f 4587 4591 4592
f 4592 4596 4597
f 4591 4590 4594
f 4592 4591 4595
f 4597 4596 4601
f 4594 4599 4600
f 4595 4600 4601
f 4602 4601 4605
f 4600 4599 4603
f 4601 4600 4604
f 4606 4605 4480
f 4603 4478 4479
f 4604 4479 4480
f 4615 4614 4627
f 4612 4625 4626
f 4611 4610 4623
f 4609 4608 4621
f 4618 4617 4630
f 4615 4628 4629
f 4613 4626 4627
f 4612 4611 4624
f 4609 4622 4623
f 4607 4620 4621
f 4619 4618 4631
f 4617 4616 4629
f 4622 4635 4636
f 4620 4633 4634
f 4632 4631 4644
f 4629 4642 4643
f 4628 4627 4640
f 4626 4625 4638
f 4624 4623 4636
f 4622 4621 4634
f 4631 4630 4643
f 4628 4641 4642
f 4626 4639 4640
f 4624 4637 4638
f 4635 4648 4649
f 4634 4633 4646
f 4644 4657 4658
f 4642 4655 4656
f 4641 4640 4653
f 4639 4638 4651
f 4636 4649 4650
f 4635 4634 4647
f 4643 4656 4657
f 4642 4641 4654
f 4640 4639 4652
f 4637 4650 4651
f 4648 4661 4662
f 4646 4659 4660
f 4658 4657 4670
f 4656 4655 4668
f 4653 4666 4667
f 4651 4664 4665
f 4649 4662 4663
f 4648 4647 4660
f 4656 4669 4670
f 4654 4667 4668
f 4653 4652 4665
f 4651 4650 4663
f 4661 4674 4675
f 4660 4659 4672
f 4670 4683 4684
f 4668 4681 4682
f 4667 4666 4679
f 4665 4664 4677
f 4663 4662 4675
f 4661 4660 4673
f 4670 4669 4682
f 4667 4680 4681
f 4665 4678 4679
f 4663 4676 4677
f 4675 4674 4687
f 4672 4685 4686
f 4684 4683 4696
f 4682 4681 4694
f 4679 4692 4693
f 4678 4677 4690
f 4676 4675 4688
f 4673 4686 4687
f 4683 4682 4695
f 4681 4680 4693
f 4678 4691 4692
f 4676 4689 4690
f 4688 4687 4700
f 4686 4685 4698
f 4696 4709 4710
f 4695 4694 4707
f 4692 4705 4706
f 4691 4690 4703
f 4688 4701 4702
f 4686 4699 4700
f 4695 4708 4709
f 4694 4693 4706
f 4692 4691 4704
f 4689 4702 4703
f 4701 4700 4713
f 4699 4698 4711
f 4710 4709 4722
f 4707 4720 4721
f 4705 4718 4719
f 4704 4703 4716
f 4701 4714 4715
f 4699 4712 4713
f 4709 4708 4721
f 4707 4706 4719
f 4705 4704 4717
f 4702 4715 4716
f 4713 4726 4727
f 4711 4724 4725
f 4723 4722 4735
f 4721 4720 4733
f 4719 4718 4731
f 4716 4729 4730
f 4715 4714 4727
f 4713 4712 4725
f 4721 4734 4735
f 4719 4732 4733
f 4717 4730 4731
f 4716 4715 4728
f 4726 4739 4740
f 4724 4737 4738
f 4736 4735 4748
f 4733 4746 4747
f 4732 4731 4744
f 4730 4729 4742
f 4728 4727 4740
f 4726 4725 4738
f 4735 4734 4747
f 4732 4745 4746
f 4730 4743 4744
f 4728 4741 4742
f 4739 4752 4753
f 4738 4737 4750
f 4748 4761 4762
f 4746 4759 4760
f 4745 4744 4757
f 4743 4742 4755
f 4740 4753 4754
f 4739 4738 4751
f 4747 4760 4761
f 4745 4758 4759
f 4744 4743 4756
f 4741 4754 4755
f 4753 4752 4765
f 4750 4763 4764
f 4762 4761 4774
f 4759 4772 4773
f 4758 4757 4770
f 4755 4768 4769
f 4753 4766 4767
f 4752 4751 4764
f 4760 4773 4774
f 4758 4771 4772
f 4757 4756 4769
f 4755 4754 4767
f 4765 4778 4779
f 4764 4763 4776
f 4774 4787 4788
f 4772 4785 4786
f 4771 4770 4783
f 4769 4768 4781
f 4767 4766 4779
f 4765 4764 4777
f 4774 4773 4786
f 4771 4784 4785
f 4769 4782 4783
f 4767 4780 4781
f 4779 4778 4791
f 4776 4789 4790
f 4788 4787 4800
f 4786 4785 4798
f 4783 4796 4797
f 4782 4781 4794
f 4780 4779 4792
f 4777 4790 4791
f 4787 4786 4799
f 4785 4784 4797
f 4782 4795 4796
f 4780 4793 4794
f 4792 4791 4804
f 4790 4789 4802
f 4800 4813 4814
f 4799 4798 4811
f 4796 4809 4810
f 4795 4794 4807
f 4792 4805 4806
f 4790 4803 4804
f 4799 4812 4813
f 4798 4797 4810
f 4796 4795 4808
f 4793 4806 4807
f 4805 4804 4817
f 4803 4802 4815
f 4814 4813 4826
f 4811 4824 4825
f 4809 4822 4823
f 4808 4807 4820
f 4805 4818 4819
f 4803 4816 4817
f 4813 4812 4825
f 4811 4810 4823
f 4809 4808 4821
f 4806 4819 4820
f 4817 4830 4831
f 4815 4828 4829
f 4826 4839 4840
f 4825 4824 4837
f 4823 4822 4835
f 4820 4833 4834
f 4819 4818 4831
f 4817 4816 4829
f 4825 4838 4839
f 4823 4836 4837
f 4821 4834 4835
f 4820 4819 4832
f 4830 4843 4844
f 4828 4841 4842
f 4840 4839 4852
f 4837 4850 4851
f 4836 4835 4848
f 4834 4833 4846
f 4832 4831 4844
f 4830 4829 4842
f 4839 4838 4851
f 4836 4849 4850
f 4834 4847 4848
f 4832 4845 4846
f 4843 4856 4857
f 4842 4841 4854
f 4852 4865 4866
f 4850 4863 4864
f 4849 4848 4861
f 4847 4846 4859
f 4844 4857 4858
f 4843 4842 4855
f 4851 4864 4865
f 4849 4862 4863
f 4848 4847 4860
f 4845 4858 4859
f 4857 4856 4869
f 4855 4854 4867
f 4866 4865 4878
f 4864 4863 4876
f 4862 4861 4874
f 4859 4872 4873
f 4857 4870 4871
f 4856 4855 4868
f 4864 4877 4878
f 4862 4875 4876
f 4861 4860 4873
f 4859 4858 4871
f 4869 4882 4883
f 4868 4867 4880
f 4878 4891 4892
f 4877 4876 4889
f 4874 4887 4888
f 4873 4872 4885
f 4871 4870 4883
f 4868 4881 4882
f 4878 4877 4890
f 4876 4875 4888
f 4873 4886 4887
f 4871 4884 4885
f 4883 4882 4896
f 4880 4894 4895
f 4892 4891 4905
f 4890 4889 4903
f 4887 4901 4902
f 4885 4899 4900
f 4884 4883 4897
f 4881 4895 4896
f 4891 4890 4904
f 4889 4888 4902
f 4886 4900 4901
f 4885 4884 4898
f 4897 4896 4909
f 4895 4894 4907
f 4905 4918 4919
f 4904 4903 4916
f 4901 4914 4915
f 4899 4912 4913
f 4897 4910 4911
f 4895 4908 4909
f 4904 4917 4918
f 4903 4902 4915
f 4901 4900 4913
f 4899 4898 4911
f 4910 4909 4922
f 4908 4907 4920
f 4919 4918 4931
f 4916 4929 4930
f 4914 4927 4928
f 4913 4912 4925
f 4910 4923 4924
f 4908 4921 4922
f 4918 4917 4930
f 4916 4915 4928
f 4914 4913 4926
f 4911 4924 4925
f 4922 4935 4936
f 4920 4933 4934
f 4931 4944 4945
f 4930 4929 4942
f 4928 4927 4940
f 4925 4938 4939
f 4924 4923 4936
f 4922 4921 4934
f 4930 4943 4944
f 4928 4941 4942
f 4926 4939 4940
f 4925 4924 4937
f 4935 4948 4949
f 4933 4946 4947
f 4945 4944 4957
f 4942 4955 4956
f 4941 4940 4953
f 4938 4951 4952
f 4937 4936 4949
f 4935 4934 4947
f 4944 4943 4956
f 4941 4954 4955
f 4939 4952 4953
f 4938 4937 4950
f 4948 4961 4962
f 4947 4946 4959
f 4957 4970 4971
f 4955 4968 4969
f 4954 4953 4966
f 4951 4964 4965
f 4949 4962 4963
f 4948 4947 4960
f 4956 4969 4970
f 4954 4967 4968
f 4953 4952 4965
f 4951 4950 4963
f 4962 4961 4974
f 4959 4972 4973
f 4971 4970 4983
f 4968 4981 4982
f 4966 4979 4980
f 4964 4977 4978
f 4962 4975 4976
f 4960 4973 4974
f 4969 4982 4983
f 4967 4980 4981
f 4966 4965 4978
f 4964 4963 4976
f 4975 4974 4987
f 4973 4972 4985
f 4983 4996 4997
f 4981 4994 4995
f 4979 4992 4993
f 4978 4977 4990
f 4976 4975 4988
f 4973 4986 4987
f 4983 4982 4995
f 4981 4980 4993
f 4978 4991 4992
f 4976 4989 4990
f 4988 4987 5000
f 4985 4998 4999
f 4997 4996 5009
f 4995 4994 5007
f 4992 5005 5006
f 4991 4990 5003
f 4989 4988 5001
f 4986 4999 5000
f 4996 4995 5008
f 4994 4993 5006
f 4991 5004 5005
f 4989 5002 5003
f 5001 5000 5013
f 4999 4998 5011
f 5009 5022 5023
f 5008 5007 5020
f 5005 5018 5019
f 5004 5003 5016
f 5001 5014 5015
f 4999 5012 5013
f 5008 5021 5022
f 5007 5006 5019
f 5005 5004 5017
f 5002 5015 5016
f 5014 5013 4609
f 5012 5011 4607
f 5022 4618 4619
f 5020 4616 4617
f 5018 4614 4615
f 5017 5016 4612
f 5014 4610 4611
f 5012 4608 4609
f 5021 4617 4618
f 5020 5019 4615
f 5018 5017 4613
f 5015 4611 4612
f 4481 4607 5011
f 5011 4998 4602
f 4998 4985 4597
f 4985 4972 4593
f 4593 4972 4959
f 4589 4959 4946
f 4585 4946 4933
f 4933 4920 4577
f 4577 4920 4907
f 4907 4894 4569
f 4894 4880 4565
f 4880 4867 4561
f 4561 4867 4854
f 4557 4854 4841
f 4553 4841 4828
f 4828 4815 4545
f 4545 4815 4802
f 4802 4789 4537
f 4789 4776 4533
f 4776 4763 4529
f 4529 4763 4750
f 4525 4750 4737
f 4521 4737 4724
f 4724 4711 4513
f 4513 4711 4698
f 4698 4685 4505
f 4685 4672 4501
f 4672 4659 4497
f 4497 4659 4646
f 4493 4646 4633
f 4489 4633 4620
f 4620 4607 4481
