v 0.063036 -0.009052 -0.063277
v 0.066770 -0.010047 -0.062719
v 0.067381 -0.008588 -0.062510
v 0.063766 -0.008063 -0.063177
v 0.071998 -0.009278 -0.073444
v 0.073776 -0.005742 -0.069231
v 0.073458 -0.003310 -0.068284
v 0.072590 -0.003334 -0.071071
v 0.019096 -0.045368 -0.115799
v 0.003574 -0.045121 -0.118212
v 0.004416 -0.056330 -0.115606
v 0.019956 -0.059343 -0.111375
v 0.042057 -0.082736 -0.093726
v 0.035621 -0.074627 -0.099121
v 0.034331 -0.086788 -0.101818
v 0.044050 -0.090557 -0.093080
v 0.057242 0.048606 0.029452
v 0.063112 0.047347 0.022201
v 0.062740 0.041448 0.025987
v -0.061973 -0.009045 -0.040637
v -0.065231 -0.010036 -0.038644
v -0.065730 -0.008620 -0.038182
v -0.062443 -0.008015 -0.040283
v -0.074091 -0.009025 -0.046983
v -0.074344 -0.005557 -0.042292
v -0.073638 -0.003172 -0.041520
v -0.073796 -0.003129 -0.044529
v 0.056748 0.041982 0.031756
v 0.086405 0.013029 -0.085060
v 0.086278 0.010546 -0.086295
v 0.087254 0.008730 -0.084734
v 0.087236 0.010831 -0.083236
v 0.082786 -0.004248 -0.084227
v 0.082920 0.002821 -0.085128
v 0.084021 0.005285 -0.085821
v 0.084326 0.003090 -0.085205
v 0.082982 -0.014494 -0.081589
v 0.081713 -0.013791 -0.081141
v 0.082787 -0.009323 -0.082968
v 0.084286 -0.009753 -0.083777
v 0.074251 -0.034828 -0.055036
v 0.076413 -0.031905 -0.058019
v 0.076258 -0.035118 -0.059445
v 0.072201 -0.036687 -0.056836
v 0.068931 -0.034797 -0.057359
v 0.072396 -0.035476 -0.061922
v 0.071771 -0.031937 -0.063020
v 0.068812 -0.031794 -0.059709
v 0.084471 0.022027 -0.071726
v 0.085088 0.018326 -0.071005
v 0.084389 0.017194 -0.068748
v 0.083596 0.020816 -0.069134
v 0.067636 -0.008391 -0.078889
v 0.066254 -0.014818 -0.077169
v 0.071820 -0.010204 -0.080621
v 0.072355 -0.007479 -0.080779
v 0.083008 0.012330 -0.077123
v 0.082413 0.012976 -0.080077
v 0.082514 0.010977 -0.081445
v 0.082439 0.009718 -0.079158
v 0.083221 0.014620 -0.085409
v 0.083084 0.011804 -0.086769
v 0.072960 -0.025185 -0.054621
v 0.072342 -0.021712 -0.053669
v 0.072528 -0.020219 -0.055052
v 0.072360 -0.021301 -0.056687
v 0.072189 -0.009292 -0.070118
v 0.074123 -0.004738 -0.067846
v 0.080669 -0.025283 -0.076489
v 0.080515 -0.023242 -0.075437
v 0.082114 -0.019125 -0.078823
v 0.082017 -0.020592 -0.080315
v 0.077667 -0.020904 -0.072944
v 0.079339 -0.018030 -0.076504
v 0.079956 -0.017303 -0.078377
v 0.079492 -0.019527 -0.076276
v 0.084023 0.014810 -0.078659
v 0.083802 0.017094 -0.073671
v 0.085424 0.016021 -0.072763
v 0.086156 0.013910 -0.077113
v 0.074629 0.003939 -0.080362
v 0.073657 0.008819 -0.078037
v 0.072526 0.008199 -0.077864
v 0.073201 0.003973 -0.079951
v 0.083545 0.012121 -0.083147
v 0.083690 0.009951 -0.084487
v 0.082624 0.008689 -0.082969
v 0.077202 0.009648 -0.064748
v 0.078413 0.010740 -0.066972
v 0.078336 0.009161 -0.067889
v 0.078167 0.007987 -0.067107
v 0.075265 -0.036024 -0.062821
v 0.066481 -0.023444 -0.070316
v 0.067800 -0.023088 -0.072398
v 0.069866 -0.018943 -0.075897
v 0.068120 -0.017701 -0.075922
v 0.070130 -0.032652 -0.052023
v 0.073271 -0.032443 -0.052975
v 0.073619 -0.033688 -0.054079
v 0.070488 -0.034927 -0.053744
v 0.079272 0.014024 -0.067344
v 0.080909 0.013260 -0.069448
v 0.079320 0.012486 -0.068657
v 0.078372 0.012970 -0.067063
v 0.082071 0.001053 -0.083443
v 0.082257 0.007256 -0.080961
v 0.082106 -0.007950 -0.078825
v 0.081666 -0.007596 -0.081533
v 0.081477 -0.011660 -0.080025
v -0.035527 -0.045489 -0.109407
v -0.021994 -0.045141 -0.115014
v -0.020996 -0.056408 -0.112692
v -0.032503 -0.059552 -0.106645
v 0.081314 -0.011804 -0.077525
v 0.082469 -0.000131 -0.078447
v 0.081961 -0.000008 -0.081629
v 0.085334 0.008002 -0.083023
v 0.085140 0.002304 -0.084167
v 0.084619 0.008676 -0.083768
v 0.072205 0.011817 -0.075403
v 0.071805 0.014990 -0.079600
v 0.069983 0.009000 -0.081228
v 0.071766 0.009491 -0.077112
v 0.073224 -0.016262 -0.055541
v 0.074049 -0.014052 -0.057054
v 0.072052 -0.016136 -0.058570
v 0.071198 -0.018707 -0.057721
v 0.070928 -0.021177 -0.074948
v 0.068845 -0.024227 -0.071770
v 0.069607 -0.024967 -0.071263
v 0.071854 -0.022902 -0.073476
v 0.082531 0.013904 -0.071640
v 0.082438 0.009795 -0.073021
v 0.081239 0.009787 -0.071494
v 0.075199 -0.020017 -0.065024
v 0.075061 -0.018756 -0.067094
v 0.076217 -0.021491 -0.068513
v 0.076442 -0.023535 -0.066589
v 0.078298 -0.031945 -0.069744
v 0.075416 -0.032099 -0.070056
v 0.073938 -0.034135 -0.066280
v 0.076853 -0.034344 -0.066525
v 0.072018 -0.019874 -0.057312
v 0.072614 -0.018790 -0.055270
v 0.076389 0.004156 -0.082395
v 0.075925 0.009979 -0.079509
v 0.082627 0.008314 -0.077183
v 0.082465 0.006115 -0.078845
v 0.074739 -0.003626 -0.060702
v 0.072774 -0.003201 -0.062080
v 0.073091 -0.004018 -0.062081
v 0.075479 -0.005066 -0.060655
v 0.075024 -0.004009 -0.059264
v 0.075536 -0.005580 -0.059259
v 0.075005 -0.005617 -0.058339
v 0.074699 -0.004793 -0.058093
v 0.071987 -0.003022 -0.062409
v 0.072432 -0.003280 -0.062237
v 0.072589 -0.002780 -0.062297
v 0.074054 -0.000585 -0.073674
v 0.073033 -0.007702 -0.075642
v 0.072509 -0.009042 -0.075567
v 0.074703 -0.003384 -0.073379
v 0.081909 -0.006581 -0.083085
v 0.082082 0.017430 -0.064775
v 0.081202 0.020228 -0.064561
v 0.082707 0.022863 -0.068780
v 0.069122 -0.017096 -0.068141
v 0.072895 -0.016950 -0.066514
v 0.072781 -0.017095 -0.064751
v 0.069969 -0.017268 -0.066497
v 0.072462 -0.012088 -0.061439
v 0.070164 -0.015128 -0.060921
v 0.073981 -0.013672 -0.059617
v 0.075225 0.001643 -0.058987
v 0.074117 -0.002073 -0.061472
v 0.074383 -0.002903 -0.060250
v 0.074633 -0.002585 -0.058989
v 0.082840 -0.015213 -0.083000
v 0.083655 -0.009957 -0.085283
v 0.081722 -0.010016 -0.086398
v 0.081004 -0.015681 -0.084174
v 0.071709 -0.028742 -0.051332
v 0.066305 -0.030618 -0.053759
v 0.070664 -0.025533 -0.051802
v 0.085948 0.019343 -0.080020
v 0.083884 0.021164 -0.079932
v 0.083677 0.019249 -0.082104
v 0.086223 0.017494 -0.082080
v 0.073558 0.002669 -0.066346
v 0.073189 0.000703 -0.066142
v 0.073962 0.001783 -0.064892
v 0.073795 0.004000 -0.064877
v 0.043492 -0.031342 -0.102960
v 0.054041 -0.031371 -0.085848
v 0.056054 -0.017647 -0.095703
v 0.046440 -0.017835 -0.110092
v 0.078976 -0.028703 -0.069063
v 0.078818 -0.030904 -0.066434
v 0.077261 0.009140 -0.058157
v 0.076726 0.010821 -0.057288
v 0.077081 0.016312 -0.059266
v 0.078104 0.013167 -0.059370
v 0.083390 0.004386 -0.088583
v 0.086055 0.003612 -0.087870
v 0.079060 0.014201 -0.065742
v 0.080567 0.016798 -0.068889
v 0.079464 0.014708 -0.067615
v 0.078508 0.013456 -0.065901
v 0.079312 0.006018 -0.062900
v 0.079961 0.007291 -0.063015
v 0.078140 0.008210 -0.062840
v 0.077127 0.006920 -0.062846
v 0.076254 0.015806 -0.056479
v 0.076681 0.020864 -0.060178
v 0.064617 -0.023720 -0.068982
v 0.079077 0.007950 -0.060170
v 0.079703 0.010536 -0.060683
v 0.080560 0.009018 -0.063018
v -0.049391 -0.083325 -0.087451
v -0.044979 -0.075157 -0.092341
v -0.042035 -0.087275 -0.097386
v -0.050535 -0.091168 -0.087613
v 0.071791 -0.020831 -0.051596
v 0.072524 -0.019219 -0.053657
v 0.078178 0.013125 -0.065606
v 0.077533 0.011978 -0.065360
v 0.076589 0.008094 -0.063587
v 0.076925 0.007049 -0.065844
v 0.079102 0.000562 -0.073701
v 0.079312 -0.007508 -0.075459
v 0.061069 -0.017167 -0.083578
v 0.060586 -0.030079 -0.067811
v 0.076972 0.008665 -0.062891
v 0.077125 0.009219 -0.063096
v 0.076619 0.008430 -0.062778
v 0.076040 0.007579 -0.063069
v 0.078149 -0.032829 -0.063797
v 0.079651 0.006616 -0.071547
v 0.077357 0.004682 -0.069063
v 0.078915 0.006584 -0.069362
v 0.084681 -0.005342 -0.083849
v 0.086242 0.002026 -0.084216
v 0.087291 0.002218 -0.085858
v 0.085692 -0.005482 -0.085238
v 0.067408 -0.033421 -0.055639
v 0.072757 -0.000045 -0.067422
v 0.073887 -0.001374 -0.066970
v 0.075411 0.005505 -0.065899
v 0.075335 0.006685 -0.063315
v 0.072846 -0.016197 -0.053426
v 0.083243 0.015600 -0.080217
v 0.083540 0.014037 -0.081676
v 0.082584 0.014462 -0.078844
v 0.082753 0.015538 -0.077344
v 0.082595 0.017822 -0.075673
v 0.082070 0.018521 -0.075096
v 0.083080 0.017103 -0.078463
v 0.077436 0.006127 -0.067193
v 0.078480 0.007083 -0.068174
v 0.075654 -0.021223 -0.063407
v 0.076637 -0.026788 -0.063425
v 0.080641 -0.015159 -0.077840
v 0.080016 -0.014548 -0.075282
v 0.079124 -0.004352 -0.086466
v 0.079177 0.004337 -0.086268
v 0.077834 0.004175 -0.084098
v 0.078115 -0.004122 -0.084965
v 0.072558 -0.001940 -0.080707
v 0.069053 -0.000989 -0.079945
v 0.074487 -0.003954 -0.057537
v 0.074327 -0.000222 -0.055531
v 0.074297 0.004721 -0.064963
v 0.074763 0.006428 -0.063604
v 0.074201 -0.018788 -0.078238
v 0.072270 -0.025765 -0.069885
v 0.074915 -0.020924 -0.076474
v 0.068616 -0.026189 -0.067121
v 0.068874 -0.027197 -0.064818
v 0.071076 -0.027372 -0.066845
v 0.077620 -0.018989 -0.072076
v 0.079165 -0.017669 -0.074892
v 0.072452 -0.003502 -0.063096
v 0.071092 -0.005097 -0.064540
v 0.070711 -0.003484 -0.062562
v 0.081636 -0.000016 -0.076096
v 0.081667 -0.007739 -0.076905
v 0.079474 0.009503 -0.063570
v 0.076642 0.000143 -0.062641
v 0.077771 0.003488 -0.060903
v 0.082216 0.012407 -0.064368
v 0.080976 0.011003 -0.064471
v 0.080354 0.010133 -0.064042
v 0.081330 0.010638 -0.063384
v 0.065679 -0.012179 -0.063570
v 0.068146 -0.013911 -0.062190
v 0.069944 -0.010942 -0.061872
v 0.082209 0.017702 -0.072561
v 0.082596 0.015936 -0.073669
v 0.077454 0.010494 -0.081230
v 0.078826 0.010987 -0.067928
v 0.078607 0.009613 -0.069015
v 0.075984 0.023013 -0.075047
v 0.077115 0.020416 -0.071454
v 0.077196 0.020649 -0.070050
v 0.076929 0.025329 -0.070482
v 0.068924 -0.030062 -0.060963
v 0.071010 -0.029807 -0.064618
v 0.070576 -0.028462 -0.065055
v 0.069102 -0.028491 -0.062379
v 0.072386 -0.017220 -0.063982
v 0.070173 -0.017469 -0.065492
v 0.080778 -0.013701 -0.080720
v 0.080530 -0.014623 -0.079631
v 0.081378 -0.010652 -0.081769
v 0.081306 -0.009186 -0.082693
v 0.073804 0.003379 -0.069728
v 0.073630 0.002347 -0.068495
v 0.075353 0.015559 -0.072397
v 0.077445 0.017324 -0.074000
v 0.078134 0.019361 -0.070997
v 0.076312 0.017887 -0.070762
v 0.078809 0.011191 -0.083445
v 0.078565 0.008122 -0.069079
v 0.078728 0.008291 -0.070001
v 0.078543 0.008525 -0.068457
v 0.076230 0.006034 -0.062975
v 0.078330 0.004859 -0.063448
v 0.081746 0.012725 -0.065621
v 0.083749 0.015875 -0.068652
v 0.082719 0.016469 -0.069682
v 0.081235 0.013603 -0.065698
v 0.077747 0.010794 -0.063752
v 0.001990 -0.032968 -0.124787
v 0.000806 -0.022701 -0.132392
v -0.018994 0.048554 0.044059
v -0.027433 0.047204 0.039931
v -0.025565 0.041345 0.043000
v -0.017695 0.042041 0.045647
v 0.079992 0.020046 -0.063983
v 0.079388 0.021430 -0.067330
v 0.080326 0.022302 -0.067955
v 0.080462 0.020782 -0.064581
v 0.082841 0.014411 -0.076945
v 0.084286 0.011124 -0.082587
v 0.075171 -0.003334 -0.066104
v 0.072508 -0.006065 -0.066323
v 0.063425 -0.006475 -0.063606
v 0.063807 -0.005341 -0.063404
v 0.064244 -0.005684 -0.064552
v 0.064078 -0.006564 -0.064986
v 0.066972 -0.011757 -0.066456
v 0.069194 -0.012562 -0.066095
v 0.068575 -0.014018 -0.064435
v 0.066504 -0.013032 -0.065666
v 0.062841 -0.009109 -0.064009
v 0.063154 -0.007666 -0.063766
v 0.063598 -0.008133 -0.065376
v 0.063078 -0.009642 -0.065993
v 0.081892 0.018284 -0.070806
v 0.082934 0.018035 -0.073270
v 0.086398 0.009778 -0.081783
v 0.086400 0.007764 -0.083029
v 0.084374 0.014839 -0.079716
v 0.084460 0.013070 -0.081106
v 0.074290 -0.011397 -0.056807
v 0.074981 -0.011219 -0.058566
v 0.074658 -0.012806 -0.058558
v 0.087536 0.012304 -0.081724
v 0.086425 0.015187 -0.083513
v 0.073658 -0.028536 -0.053497
v 0.072901 -0.030143 -0.052183
v 0.047459 -0.100839 -0.027604
v 0.055606 -0.095488 -0.041071
v 0.054642 -0.105554 -0.039627
v 0.046265 -0.110733 -0.026957
v 0.081307 0.015566 -0.063137
v 0.079721 0.018380 -0.062995
v 0.062726 -0.011079 -0.064308
v 0.062691 -0.011226 -0.064395
v 0.065296 -0.012970 -0.064676
v 0.067860 -0.007166 -0.062540
v 0.064107 -0.006751 -0.062988
v 0.067734 -0.010333 -0.066391
v 0.067659 -0.005230 -0.064659
v 0.067586 -0.004031 -0.063414
v 0.068661 -0.016899 -0.061578
v 0.069157 -0.017883 -0.063567
v 0.071296 -0.018352 -0.060903
v 0.063399 -0.011732 -0.066217
v 0.074988 0.004865 -0.068075
v 0.070441 -0.010027 -0.066642
v 0.070950 -0.012209 -0.068873
v 0.070356 -0.013859 -0.067993
v 0.069765 -0.011691 -0.066592
v 0.076643 -0.021863 -0.070066
v 0.076508 -0.020085 -0.070117
v 0.068859 -0.016296 -0.070260
v 0.072279 -0.016767 -0.069298
v 0.075302 -0.000597 -0.066106
v 0.077240 0.002275 -0.064157
v 0.073045 -0.003431 -0.063751
v 0.070715 -0.007933 -0.065736
v 0.071767 -0.010286 -0.068347
v 0.067957 -0.006058 -0.062676
v 0.071332 -0.005719 -0.061972
v 0.071043 -0.004689 -0.062187
v 0.067889 -0.005127 -0.062878
v 0.079976 0.009764 -0.070553
v 0.078837 0.016359 -0.061049
v 0.080724 0.013087 -0.061786
v 0.073905 0.027585 -0.086680
v 0.070461 0.019560 -0.090807
v 0.074352 0.019962 -0.078424
v 0.068570 -0.008760 -0.066270
v 0.064066 -0.004842 -0.063514
v 0.064645 -0.005394 -0.063312
v 0.080966 -0.017945 -0.078563
v 0.071808 -0.019143 -0.060615
v 0.075108 0.004157 -0.063237
v 0.078573 -0.009376 -0.085319
v 0.078023 -0.014770 -0.083299
v 0.074763 0.005563 -0.063379
v 0.074975 0.006586 -0.063403
v 0.069773 -0.017846 -0.064669
v 0.072160 -0.017839 -0.062717
v 0.075363 0.006855 -0.063223
v 0.074878 -0.011638 -0.059999
v 0.082955 0.009688 -0.075938
v 0.073814 -0.029291 -0.070176
v 0.072559 -0.030738 -0.066916
v 0.064571 -0.005788 -0.062924
v 0.067544 -0.013819 -0.063531
v 0.067879 -0.006878 -0.065149
v 0.073540 -0.007857 -0.061574
v 0.073185 -0.010015 -0.061252
v 0.075109 -0.009379 -0.059849
v 0.072851 -0.016161 -0.071115
v 0.069142 -0.014192 -0.072304
v 0.069864 -0.013366 -0.074497
v 0.074445 -0.015078 -0.072724
v 0.077257 -0.019820 -0.080789
v 0.076209 -0.024306 -0.077302
v 0.078490 -0.026360 -0.077628
v 0.080128 -0.021398 -0.081477
v 0.072930 0.043693 -0.095683
v 0.076019 0.033176 -0.080149
v 0.075926 0.050032 -0.084646
v 0.079254 0.018785 -0.079026
v 0.078773 0.016565 -0.080425
v 0.083476 0.017085 -0.083839
v 0.077534 0.023305 -0.065200
v 0.077260 0.020661 -0.068547
v 0.079328 0.020587 -0.067128
v 0.082470 -0.004856 -0.087811
v 0.076528 0.005422 -0.057983
v 0.078251 0.005565 -0.060173
v 0.072942 -0.017490 -0.078914
v 0.076268 -0.016942 -0.070551
v 0.078299 -0.016162 -0.072737
v 0.085992 0.018413 -0.073565
v 0.084486 0.016302 -0.070693
v 0.015145 -0.111877 0.004843
v 0.013251 -0.118913 0.000761
v 0.029757 -0.009206 0.054287
v 0.030467 -0.009406 0.052905
v 0.028866 -0.007863 0.052086
v 0.028654 -0.007841 0.052733
v 0.030192 -0.017766 0.053898
v 0.029356 -0.016451 0.053313
v 0.030343 -0.016478 0.052158
v 0.031526 -0.017450 0.052856
v 0.027711 -0.007705 0.052507
v 0.027220 -0.009542 0.055337
v 0.028343 -0.009370 0.055712
v 0.028105 -0.007770 0.052711
v 0.086066 0.021513 -0.074437
v 0.033874 -0.017007 0.052973
v 0.032617 -0.015318 0.052567
v 0.033226 -0.014817 0.054082
v 0.035491 -0.015898 0.054272
v 0.028246 -0.015593 0.061981
v 0.029292 -0.013559 0.061704
v 0.027933 -0.014735 0.059900
v 0.027830 -0.016608 0.059552
v 0.031116 -0.013180 0.060561
v 0.033374 -0.013128 0.062001
v 0.034693 -0.013306 0.059886
v 0.032259 -0.013685 0.058721
v 0.027296 -0.013318 0.055567
v 0.028474 -0.015264 0.056525
v 0.027226 -0.012530 0.058619
v 0.032544 -0.012802 0.052747
v 0.032072 -0.013726 0.051766
v 0.030321 -0.010420 0.051874
v 0.030510 -0.010085 0.051684
v 0.051594 -0.084181 -0.028530
v 0.057021 -0.081661 -0.043758
v 0.052266 0.005304 0.029184
v 0.051712 0.002459 0.030376
v 0.047777 0.003632 0.031906
v 0.048473 0.006098 0.030765
v 0.075617 -0.007385 -0.059036
v 0.075036 -0.006644 -0.057923
v 0.078481 0.014007 -0.081817
v 0.083320 0.016033 -0.079029
v 0.079946 0.020325 -0.077287
v 0.080374 0.021856 -0.072652
v 0.079085 0.020564 -0.071706
v 0.078424 0.018841 -0.075488
v 0.086876 0.015872 -0.078400
v 0.072870 -0.020601 -0.060654
v 0.080879 0.005838 -0.073715
v 0.080368 0.022312 -0.070159
v 0.083361 0.023485 -0.071202
v 0.083033 -0.004849 -0.083424
v 0.087097 0.014537 -0.080212
v 0.086170 0.012913 -0.078835
v 0.083044 0.014363 -0.065359
v 0.071943 -0.010783 -0.076036
v 0.078003 -0.010888 -0.075052
v 0.076355 -0.013561 -0.074019
v -0.091706 0.013141 -0.051828
v -0.092154 0.010653 -0.053007
v -0.092271 0.008836 -0.051103
v -0.091713 0.010931 -0.049811
v -0.088003 -0.004141 -0.052419
v -0.088518 0.002830 -0.053309
v -0.089697 0.005349 -0.053604
v -0.089969 0.003124 -0.052808
v 0.071230 -0.012720 -0.075662
v 0.073303 0.001216 -0.068125
v 0.073081 -0.015566 -0.051322
v 0.077336 -0.026345 -0.066988
v -0.087447 -0.014365 -0.049461
v -0.086199 -0.013770 -0.049700
v -0.087719 -0.009205 -0.050905
v -0.089464 -0.009622 -0.050887
v 0.077668 -0.025173 -0.069516
v 0.019215 -0.032467 -0.121619
v 0.019732 -0.021393 -0.129277
v 0.084751 -0.005243 -0.086920
v 0.082147 0.018452 -0.072303
v 0.074513 -0.021041 -0.062142
v 0.075310 -0.026262 -0.060025
v 0.074113 -0.025577 -0.058105
v 0.078629 0.008769 -0.069715
v 0.072160 -0.016054 -0.078666
v 0.071692 -0.013783 -0.079815
v 0.064478 -0.005065 -0.064305
v 0.075406 -0.022497 -0.076644
v 0.073233 -0.027397 -0.069969
v 0.057829 -0.078337 -0.058091
v 0.053115 -0.075034 -0.073436
v -0.070240 -0.034277 -0.029105
v -0.073095 -0.031438 -0.031169
v -0.073525 -0.034420 -0.032506
v -0.068958 -0.035862 -0.031739
v 0.054637 -0.086817 -0.070259
v 0.058069 -0.090959 -0.055496
v 0.073659 -0.001953 -0.052365
v 0.073742 -0.008822 -0.054623
v 0.073659 -0.010063 -0.052942
v 0.029422 -0.102600 -0.002555
v 0.024550 -0.114716 -0.005543
v 0.073193 -0.014940 -0.047722
v 0.074804 -0.015529 -0.036151
v 0.076209 0.000219 -0.036935
v 0.073587 -0.005100 -0.047078
v 0.072437 0.031075 0.001063
v 0.073289 0.031872 -0.003841
v 0.073817 0.022268 -0.003725
v 0.072522 0.023426 0.000492
v 0.037032 0.087441 0.025319
v 0.027661 0.088528 0.029567
v 0.026256 0.095570 0.023634
v 0.035813 0.094269 0.019076
v 0.020696 -0.013035 -0.133655
v 0.021569 -0.002475 -0.138519
v 0.000888 -0.005256 -0.141894
v 0.000869 -0.015014 -0.136728
v 0.031471 0.111646 -0.002952
v 0.021757 0.113201 0.001774
v 0.019882 0.118375 -0.008108
v -0.066250 -0.034491 -0.033331
v -0.070879 -0.034877 -0.037619
v -0.070656 -0.031606 -0.038942
v -0.066975 -0.031746 -0.035615
v 0.029840 0.116579 -0.012542
v 0.068601 0.002991 0.016071
v 0.070743 -0.002838 0.016076
v 0.067813 -0.003310 0.020400
v 0.065983 0.002560 0.019649
v 0.075769 -0.030709 -0.056694
v 0.074911 -0.029628 -0.055307
v -0.084584 0.021927 -0.039908
v -0.084828 0.018256 -0.039176
v -0.083225 0.017134 -0.037435
v -0.082668 0.020730 -0.037828
v -0.073959 -0.008962 -0.052397
v -0.072114 -0.015584 -0.051179
v -0.078355 -0.010778 -0.052454
v -0.078734 -0.007885 -0.052657
v 0.017722 0.122840 -0.019696
v 0.028013 0.120887 -0.023781
v 0.031399 0.012756 0.040243
v -0.084476 0.012441 -0.046527
v -0.085492 0.013035 -0.049274
v -0.086295 0.011029 -0.050336
v -0.085129 0.009749 -0.048287
v -0.088952 0.014666 -0.053363
v -0.089419 0.011883 -0.054750
v -0.068676 -0.025392 -0.028076
v -0.067573 -0.021985 -0.027521
v -0.068170 -0.020388 -0.028904
v -0.068924 -0.021380 -0.030314
v -0.072972 -0.009076 -0.043782
v -0.073991 -0.004585 -0.040867
v -0.083058 -0.024758 -0.045505
v -0.082821 -0.022922 -0.044577
v -0.085557 -0.018888 -0.047128
v -0.085839 -0.020245 -0.048581
v 0.031184 0.014603 0.037483
v 0.034590 0.011063 0.035650
v 0.034653 0.009113 0.037871
v 0.028026 0.061252 0.041712
v 0.028356 0.068976 0.038803
v 0.036868 0.068888 0.035671
v 0.036134 0.061277 0.039129
v 0.039024 0.008558 0.033761
v 0.038458 0.006596 0.035443
v 0.024858 0.101972 0.017069
v 0.034507 0.100636 0.012274
v 0.017475 0.127410 -0.072906
v -0.079472 -0.020787 -0.043488
v -0.082363 -0.017932 -0.046227
v -0.083592 -0.017235 -0.047737
v -0.082417 -0.019448 -0.045962
v 0.019611 0.127556 -0.064687
v 0.008581 0.130193 -0.062855
v -0.086487 0.014916 -0.047191
v -0.084321 0.017175 -0.042686
v -0.085532 0.016068 -0.041053
v -0.087885 0.014025 -0.044838
v 0.007156 0.129413 -0.075402
v 0.059416 0.000710 -0.105118
v 0.064905 -0.000831 -0.090769
v 0.067620 0.011125 -0.092867
v 0.062646 0.017192 -0.109145
v 0.039720 -0.095925 -0.013564
v 0.035866 -0.108234 -0.015684
v -0.079998 0.003698 -0.051527
v -0.077944 0.008587 -0.049616
v -0.077269 0.007919 -0.049681
v -0.078955 0.003714 -0.051602
v -0.088036 0.012190 -0.051451
v -0.088774 0.010019 -0.052568
v -0.087071 0.008733 -0.051608
v -0.075139 0.009558 -0.037070
v -0.077289 0.010559 -0.038666
v -0.077345 0.009096 -0.039602
v -0.077032 0.007865 -0.038878
v -0.073637 -0.035244 -0.036205
v -0.069462 -0.024169 -0.045407
v -0.071278 -0.023701 -0.046767
v -0.074474 -0.019546 -0.048869
v -0.073154 -0.018444 -0.049445
v 0.067494 0.053149 0.009281
v 0.068534 0.058219 0.004755
v 0.071077 0.051383 0.000264
v 0.069868 0.047224 0.005374
v 0.027194 0.048778 0.045278
v 0.034479 0.048698 0.043608
v 0.032656 0.042547 0.044163
v 0.026558 0.042500 0.045778
v -0.065426 -0.032649 -0.027700
v -0.068627 -0.032300 -0.027421
v -0.069339 -0.033344 -0.028423
v -0.066387 -0.034455 -0.029401
v 0.072687 0.015832 0.001224
v 0.074534 0.013020 -0.002011
v 0.074695 0.004855 0.003179
v 0.072251 0.008654 0.005631
v 0.070396 0.004147 0.012416
v -0.078008 0.013884 -0.038794
v -0.080050 0.013252 -0.040250
v -0.078410 0.012449 -0.040038
v -0.077162 0.012824 -0.038832
v 0.072770 -0.001426 0.011916
v -0.087072 0.001052 -0.051957
v -0.085844 0.007305 -0.049855
v 0.037446 0.078185 0.031585
v 0.028282 0.078781 0.035082
v 0.072573 0.042218 -0.002947
v 0.071486 0.039509 0.002535
v 0.029303 0.016150 0.043039
v 0.029252 0.017607 0.039507
v 0.027647 0.022176 0.042158
v -0.085540 -0.007862 -0.047316
v -0.085980 -0.007523 -0.050142
v -0.085383 -0.011552 -0.048690
v -0.084413 -0.011656 -0.046267
v 0.025445 0.021962 0.048510
v 0.025309 0.025945 0.046884
v 0.027506 0.025837 0.042898
v 0.051838 0.060893 0.028663
v 0.052650 0.067856 0.024769
v 0.058871 0.066551 0.017862
v 0.058098 0.060016 0.021918
v 0.033059 0.106294 0.005113
v -0.085521 -0.000121 -0.047024
v -0.086225 -0.000015 -0.050240
v 0.023367 0.107708 0.009933
v 0.025629 0.035027 0.045778
v 0.029469 0.035191 0.043075
v 0.028349 0.031630 0.042591
v -0.089851 0.008117 -0.050454
v -0.090361 0.002382 -0.051400
v -0.089442 0.008779 -0.051469
v -0.075674 0.011451 -0.047120
v -0.076839 0.014603 -0.050765
v -0.076591 0.008689 -0.053056
v -0.076280 0.009177 -0.048862
v 0.025537 0.031771 0.045759
v 0.043019 0.004864 0.033594
v 0.043647 0.007064 0.032385
v 0.065476 -0.029751 -0.059473
v 0.067398 -0.031132 -0.059092
v 0.075989 0.016046 -0.050153
v 0.074473 0.005441 -0.048044
v 0.076932 0.013384 -0.038218
v 0.077220 0.026446 -0.040751
v 0.078739 0.038603 -0.044838
v 0.078310 0.046860 -0.050222
v 0.078160 0.030643 -0.057238
v 0.077606 0.025098 -0.053057
v 0.049238 -0.083972 -0.083227
v 0.045735 -0.073538 -0.087154
v 0.026212 0.018912 0.051266
v 0.026783 0.015944 0.053859
v -0.000045 0.036877 -0.153262
v -0.068404 -0.016392 -0.029192
v -0.069765 -0.014176 -0.030429
v -0.068543 -0.016205 -0.032492
v -0.067858 -0.018841 -0.032112
v -0.000322 0.023313 -0.151358
v 0.021298 0.027279 -0.147067
v 0.021335 0.040213 -0.148505
v 0.056942 -0.009920 -0.100746
v -0.074885 -0.021645 -0.047561
v -0.071787 -0.024707 -0.045952
v -0.072139 -0.025363 -0.045215
v -0.075012 -0.023265 -0.046334
v 0.062895 -0.009525 -0.087261
v 0.031978 -0.011960 0.054593
v 0.028517 -0.007736 0.051445
v 0.029402 -0.010710 0.052436
v 0.028612 -0.007784 0.051506
v 0.033080 -0.014229 0.056497
v 0.035825 -0.014087 0.057238
v 0.029607 -0.014780 0.051743
v 0.028749 -0.014723 0.052359
v 0.028823 -0.010466 0.052773
v 0.028827 -0.007713 0.051501
v 0.026210 -0.017040 0.064737
v 0.027431 -0.015494 0.067470
v 0.030782 -0.014104 0.065608
v 0.028822 -0.015711 0.063938
v 0.027898 -0.007648 0.052475
v 0.027328 -0.010171 0.054163
v 0.028267 -0.011748 0.059762
v 0.029077 -0.009213 0.055305
v 0.028387 -0.007779 0.052771
v 0.029898 -0.011436 0.058520
v 0.028528 -0.017249 0.056962
v 0.030997 -0.011577 0.056739
v -0.081888 0.014020 -0.041850
v -0.082667 0.009836 -0.042874
v -0.081122 0.009806 -0.041926
v -0.074470 -0.019918 -0.036904
v -0.075248 -0.018654 -0.038856
v -0.076554 -0.021335 -0.039880
v -0.075916 -0.023331 -0.038006
v 0.075184 -0.017836 -0.068889
v 0.059201 -0.063614 -0.040470
v 0.061078 -0.048712 -0.050070
v 0.059651 -0.049485 -0.055359
v -0.078322 -0.031212 -0.040655
v -0.076101 -0.031774 -0.042143
v -0.073536 -0.033789 -0.039062
v -0.076011 -0.033610 -0.038172
v -0.068783 -0.019982 -0.031164
v -0.068113 -0.018951 -0.029277
v -0.082068 0.003999 -0.053006
v -0.080653 0.009768 -0.050357
v 0.058506 -0.065188 -0.049524
v 0.079821 0.008279 -0.071169
v 0.075604 0.058235 -0.019125
v 0.074466 0.069350 -0.028706
v 0.077330 0.058236 -0.041133
v -0.084411 0.008334 -0.046398
v -0.085126 0.006143 -0.047755
v 0.078426 0.048043 -0.035944
v 0.073360 0.079183 -0.036844
v 0.076318 0.068865 -0.048447
v 0.077468 0.057072 -0.058447
v 0.076936 0.036531 -0.071880
v 0.059375 0.017620 0.022564
v 0.059537 0.017466 0.022640
v 0.058233 0.017189 0.024253
v -0.071837 -0.003711 -0.033792
v -0.070567 -0.003265 -0.035892
v -0.070855 -0.004081 -0.035719
v -0.072503 -0.005165 -0.033386
v 0.058272 0.017305 0.024091
v 0.058841 0.017849 0.022074
v 0.057546 0.017427 0.023476
v -0.071560 -0.004168 -0.032275
v -0.072043 -0.005730 -0.032023
v -0.071212 -0.005793 -0.031341
v -0.070835 -0.004987 -0.031247
v 0.059614 0.018160 0.020934
v 0.060178 0.017896 0.021301
v 0.060393 0.017693 0.021350
v 0.042611 0.018681 0.029607
v 0.043260 0.019014 0.028887
v 0.045897 0.017975 0.028487
v 0.045355 0.017911 0.029695
v 0.042413 0.018422 0.030042
v 0.045386 0.017632 0.030014
v -0.069975 -0.003018 -0.036562
v -0.070313 -0.003315 -0.036194
v -0.070489 -0.002804 -0.036222
v -0.075927 -0.000234 -0.047028
v -0.076298 -0.007589 -0.048661
v -0.075521 -0.008877 -0.048720
v -0.076297 -0.003172 -0.046194
v 0.045244 0.020803 0.022731
v 0.044686 0.021107 0.022734
v -0.086747 -0.006480 -0.051604
v 0.046102 0.020427 0.022682
v 0.040372 0.020521 0.027664
v 0.040397 0.021784 0.027603
v -0.079804 0.017239 -0.034332
v -0.078950 0.019969 -0.034219
v -0.081969 0.022628 -0.037599
v 0.044382 0.022065 0.022765
v 0.044358 0.021324 0.022719
v 0.040762 0.020180 0.027848
v -0.069881 -0.017195 -0.042510
v -0.072967 -0.016924 -0.039294
v -0.071957 -0.016984 -0.037733
v -0.070131 -0.017310 -0.040528
v -0.070049 -0.012146 -0.035152
v -0.067739 -0.015189 -0.035460
v -0.070747 -0.013753 -0.032829
v -0.071431 0.001547 -0.032088
v -0.071409 -0.002061 -0.034851
v -0.071341 -0.003031 -0.033512
v -0.071093 -0.002764 -0.032190
v -0.087758 -0.015028 -0.050838
v -0.089413 -0.009830 -0.052647
v -0.088243 -0.010014 -0.054661
v -0.086694 -0.015641 -0.052803
v 0.039112 0.019839 0.028255
v 0.038032 0.020092 0.027950
v -0.066560 -0.028924 -0.026408
v -0.062542 -0.030988 -0.030651
v -0.065549 -0.025988 -0.026137
v -0.089266 0.019315 -0.047123
v -0.087344 0.021046 -0.047739
v -0.088044 0.019178 -0.049918
v -0.090355 0.017522 -0.049021
v -0.072831 0.002655 -0.039821
v -0.072386 0.000748 -0.039774
v -0.072541 0.001755 -0.038317
v -0.072482 0.003904 -0.038336
v 0.038118 0.021801 0.028111
v 0.050528 0.016606 0.028943
v 0.050714 0.015931 0.028948
v 0.046101 0.016275 0.030105
v 0.045719 0.017076 0.030102
v 0.050309 0.017027 0.028855
v 0.053534 0.017081 0.027314
v 0.053605 0.016676 0.027395
v 0.053725 0.015987 0.027341
v -0.058002 -0.031700 -0.088399
v -0.063117 -0.031952 -0.068414
v -0.068815 -0.018084 -0.074923
v -0.064572 -0.018157 -0.091653
v -0.078998 -0.028188 -0.039768
v -0.077865 -0.030306 -0.037346
v -0.072979 0.008898 -0.030302
v -0.072063 0.010489 -0.029161
v -0.073014 0.015991 -0.030571
v -0.073969 0.013003 -0.030665
v 0.042770 0.017203 0.030551
v 0.042627 0.018038 0.030311
v 0.053764 0.015344 0.027299
v 0.050914 0.015306 0.028845
v -0.090479 0.004497 -0.056373
v -0.092482 0.003759 -0.054486
v 0.046286 0.015650 0.030071
v 0.042741 0.016801 0.030671
v 0.039824 0.018062 0.030630
v 0.041008 0.018243 0.030446
v 0.050972 0.014518 0.028679
v 0.050879 0.013682 0.028617
v 0.046204 0.014063 0.030097
v 0.046300 0.014886 0.030050
v -0.077159 0.014036 -0.037398
v -0.079314 0.016794 -0.039910
v -0.077969 0.014668 -0.039114
v -0.076741 0.013310 -0.037730
v -0.076532 0.005931 -0.034422
v -0.077081 0.007204 -0.034313
v -0.075325 0.008082 -0.034889
v -0.074488 0.006783 -0.035254
v 0.053788 0.014569 0.027014
v 0.053740 0.013689 0.026909
v -0.071204 0.015269 -0.028178
v -0.072824 0.020286 -0.031220
v 0.061165 0.017768 0.019449
v 0.061516 0.018231 0.018473
v 0.061471 0.017690 0.018543
v -0.067345 -0.024446 -0.045723
v 0.061205 0.017297 0.019078
v 0.063016 0.015083 0.015273
v 0.063884 0.016493 0.014276
v 0.065117 0.015926 0.012415
v -0.075213 0.007825 -0.031966
v -0.075957 0.010382 -0.031960
v -0.077538 0.008943 -0.034040
v -0.066126 -0.021258 -0.025809
v -0.067386 -0.019493 -0.027713
v -0.076402 0.012957 -0.037560
v -0.075795 0.011809 -0.037523
v -0.074215 0.007962 -0.036183
v -0.075506 0.006877 -0.038124
v 0.064183 0.014320 0.013923
v -0.080693 0.000650 -0.044274
v -0.081686 -0.007347 -0.045499
v 0.071589 0.005877 0.008739
v 0.066382 0.011551 0.012834
v 0.067366 0.013081 0.010489
v 0.060810 0.017573 0.020333
v 0.060360 0.017308 0.021367
v 0.060810 0.017875 0.020338
v 0.061098 0.018183 0.019348
v 0.060858 0.016948 0.019982
v 0.060359 0.016694 0.021153
v 0.059549 0.017147 0.022633
v 0.059539 0.016461 0.022529
v 0.058198 0.016193 0.024186
v 0.058132 0.016909 0.024289
v 0.056238 0.016765 0.025832
v -0.069604 -0.017845 -0.059495
v -0.063249 -0.030872 -0.047292
v 0.056554 0.017146 0.025614
v 0.056333 0.016041 0.025700
v 0.058284 0.015551 0.023910
v 0.056444 0.015383 0.025557
v 0.059507 0.015816 0.022136
v 0.060349 0.016147 0.020690
v 0.060880 0.016495 0.019449
v 0.061395 0.016860 0.018510
v 0.061770 0.017482 0.017852
v 0.061059 0.015938 0.018757
v 0.061492 0.015190 0.017802
v 0.060551 0.014724 0.019410
v 0.060412 0.015550 0.020144
v 0.061748 0.016418 0.017667
v 0.062309 0.015786 0.016515
v -0.074243 0.008515 -0.035416
v -0.074428 0.009078 -0.035569
v -0.073935 0.008281 -0.035388
v -0.073554 0.007408 -0.035900
v 0.059606 0.015223 0.021636
v 0.059557 0.014455 0.021151
v 0.058122 0.014110 0.023105
v 0.058258 0.014876 0.023556
v -0.076412 -0.032207 -0.035053
v -0.079865 0.006686 -0.042283
v -0.077265 0.004585 -0.040775
v -0.078623 0.006528 -0.040545
v 0.056448 0.014691 0.025255
v 0.056442 0.013814 0.024856
v -0.089583 -0.005127 -0.051036
v -0.091398 0.002136 -0.050799
v -0.092925 0.002333 -0.051892
v -0.090999 -0.005234 -0.051880
v 0.050230 0.017056 0.028705
v 0.049680 0.017353 0.027638
v 0.052955 0.017174 0.026394
v 0.053573 0.017135 0.027082
v 0.056626 0.017154 0.025462
v -0.064283 -0.033362 -0.032174
v -0.072441 0.000054 -0.041130
v -0.073431 -0.001284 -0.040223
v 0.055724 0.017276 0.024966
v 0.052606 0.017216 0.025277
v 0.050160 0.019554 0.021584
v 0.051413 0.019562 0.020954
v 0.055128 0.017251 0.023984
v -0.074274 0.005230 -0.038669
v -0.073067 0.006505 -0.036326
v 0.049641 0.017503 0.026391
v 0.048728 0.019706 0.022136
v 0.046446 0.018262 0.027149
v -0.067397 -0.016513 -0.027185
v 0.047276 0.020035 0.022499
v 0.043855 0.019057 0.027940
v 0.051864 0.030199 0.028627
v 0.051923 0.030387 0.029016
v 0.056893 0.029716 0.026931
v 0.056331 0.029404 0.026731
v 0.035708 0.000820 -0.130730
v 0.035581 0.015780 -0.136764
v 0.021595 0.011304 -0.143842
v 0.058809 0.026903 0.025226
v 0.058744 0.027932 0.025043
v 0.060784 0.026663 0.022815
v 0.060639 0.025695 0.022927
v 0.058842 0.025795 0.025537
v -0.086360 0.015673 -0.049045
v -0.087332 0.014103 -0.050183
v -0.085094 0.014519 -0.048131
v -0.084650 0.015593 -0.046700
v -0.083836 0.017880 -0.045133
v -0.083209 0.018591 -0.044832
v -0.085441 0.017175 -0.047561
v -0.076536 0.005972 -0.039112
v -0.077724 0.007005 -0.039699
v 0.060460 0.024549 0.023137
v 0.056518 0.027057 0.027953
v -0.074311 -0.021097 -0.035176
v -0.074888 -0.026467 -0.035253
v -0.083976 -0.015016 -0.046885
v -0.082721 -0.014471 -0.044503
v -0.085834 -0.004358 -0.055793
v -0.085993 0.004260 -0.055589
v -0.084030 0.004035 -0.054043
v -0.084458 -0.004193 -0.054736
v 0.056533 0.028286 0.027635
v 0.056319 0.029148 0.027176
v 0.058589 0.023010 0.019332
v 0.058000 0.023915 0.020186
v -0.078755 -0.002226 -0.052625
v -0.075611 -0.001314 -0.052961
v -0.070460 -0.004193 -0.030737
v -0.069459 -0.000511 -0.028773
v -0.072953 0.004556 -0.038205
v -0.072795 0.006221 -0.036772
v -0.078996 -0.019170 -0.049504
v -0.073864 -0.026039 -0.043082
v -0.078770 -0.021255 -0.047725
v -0.069639 -0.026609 -0.041701
v -0.068905 -0.027534 -0.039450
v -0.071553 -0.027610 -0.040640
v 0.058940 0.023733 0.021432
v 0.059682 0.022954 0.019978
v 0.059142 0.022360 0.018600
v 0.060151 0.022257 0.018954
v 0.053707 0.022252 0.018171
v 0.053413 0.022593 0.018550
v 0.052975 0.023025 0.019091
v -0.079274 -0.018868 -0.042582
v -0.081622 -0.017526 -0.044653
v 0.053883 0.021920 0.017943
v -0.070689 -0.003468 -0.037044
v -0.069790 -0.004929 -0.039035
v -0.068831 -0.003460 -0.037198
v -0.083739 0.000065 -0.045265
v -0.084367 -0.007625 -0.045752
v -0.076761 0.009411 -0.035051
v 0.053979 0.021556 0.017837
v -0.074172 0.000165 -0.035126
v -0.074439 0.003454 -0.033141
v -0.079680 0.012301 -0.034434
v -0.078541 0.010894 -0.035212
v -0.077678 0.010073 -0.035109
v -0.078312 0.010585 -0.033999
v -0.064555 -0.012148 -0.039782
v -0.066326 -0.013893 -0.037536
v -0.067852 -0.010942 -0.036618
v 0.054001 0.021164 0.017842
v 0.053919 0.020834 0.018024
v 0.074286 -0.009638 0.009286
v 0.074008 0.000905 0.007589
v -0.082192 0.017780 -0.042580
v -0.082897 0.016018 -0.043486
v -0.082284 0.010408 -0.051638
v 0.075647 -0.006899 0.004315
v 0.060547 0.018158 0.020248
v -0.078003 0.010823 -0.039426
v -0.077982 0.009579 -0.040562
v 0.060866 0.018536 0.019289
v -0.077761 0.022397 -0.044551
v -0.077491 0.019841 -0.041158
v -0.076995 0.020127 -0.040049
v -0.076742 0.024696 -0.040178
v 0.059977 0.018436 0.020014
v -0.067559 -0.030166 -0.036774
v -0.070537 -0.029903 -0.038559
v -0.070398 -0.028665 -0.039113
v -0.068285 -0.028683 -0.038038
v -0.071260 -0.017139 -0.037194
v -0.069967 -0.017505 -0.039454
v 0.060286 0.018837 0.019191
v -0.085254 -0.013687 -0.049647
v -0.084592 -0.014562 -0.048673
v -0.085967 -0.010575 -0.050414
v -0.086354 -0.009157 -0.051320
v 0.061223 0.019113 0.018336
v 0.061548 0.018831 0.018201
v 0.058046 0.017965 0.021512
v 0.053085 0.019865 0.019690
v 0.053507 0.020045 0.019139
v -0.074227 0.003334 -0.043019
v -0.073617 0.002405 -0.041939
v -0.076741 0.015201 -0.043422
v -0.079018 0.017080 -0.044307
v -0.078328 0.019122 -0.041162
v -0.076802 0.017494 -0.041427
v -0.084304 0.011160 -0.053214
v 0.058655 0.018436 0.020486
v 0.056776 0.017564 0.022722
v 0.052356 0.019688 0.020319
v 0.053644 0.020306 0.018757
v 0.053805 0.020524 0.018334
v -0.078109 0.008075 -0.040490
v -0.078595 0.008260 -0.041249
v 0.058812 0.018802 0.019772
v -0.077798 0.008470 -0.039991
v 0.059140 0.019247 0.018965
v 0.060518 0.019496 0.018546
v -0.073808 0.005900 -0.035685
v -0.075927 0.004795 -0.035290
v -0.079565 0.012673 -0.036014
v -0.082334 0.015970 -0.038015
v -0.081760 0.016496 -0.039528
v -0.079108 0.013517 -0.036389
v 0.059458 0.020406 0.018001
v 0.059503 0.021048 0.017992
v 0.060617 0.020081 0.018262
v -0.075263 0.010672 -0.035942
v 0.060654 0.020818 0.018163
v 0.059350 0.019852 0.018312
v -0.026046 -0.033009 -0.120460
v -0.030574 -0.022737 -0.126789
v 0.059394 0.021714 0.018171
v 0.060520 0.021453 0.018437
v 0.061727 0.018370 0.017986
v 0.061771 0.019299 0.017774
v 0.062079 0.020409 0.017084
v 0.062060 0.018438 0.017356
v -0.077588 0.019713 -0.033952
v -0.078244 0.021106 -0.037281
v -0.079378 0.022016 -0.037644
v -0.078219 0.020479 -0.034423
v -0.084331 0.014520 -0.046411
v 0.062545 0.018526 0.016469
v 0.062172 0.017200 0.016884
v 0.062924 0.021258 0.016401
v 0.064096 0.021814 0.015286
v -0.088571 0.011228 -0.050567
v -0.074252 -0.003245 -0.038877
v -0.071819 -0.005908 -0.040131
v 0.063474 0.018592 0.015171
v 0.062844 0.016964 0.015681
v 0.061496 0.019840 0.017878
v -0.062297 -0.006414 -0.040881
v -0.062585 -0.005278 -0.040629
v -0.063427 -0.005602 -0.041503
v -0.063422 -0.006472 -0.041884
v 0.061495 0.020509 0.017603
v 0.062626 0.022432 0.017734
v -0.066773 -0.011677 -0.041894
v -0.068802 -0.012498 -0.040793
v -0.067596 -0.013956 -0.039424
v -0.066118 -0.012950 -0.041335
v 0.063357 0.023436 0.017313
v 0.062013 0.021681 0.018112
v 0.061745 0.022583 0.019393
v 0.062250 0.023465 0.019204
v -0.061886 -0.009017 -0.041292
v -0.062093 -0.007590 -0.041054
v -0.063117 -0.008040 -0.042327
v -0.062889 -0.009577 -0.042857
v 0.062804 0.024356 0.018886
v 0.061694 0.024461 0.020933
v -0.081268 0.018342 -0.041072
v -0.083214 0.018155 -0.042832
v 0.062079 0.025429 0.020750
v 0.061278 0.023496 0.021042
v 0.061424 0.021348 0.018274
v -0.090292 0.009901 -0.048889
v -0.090833 0.007891 -0.049902
v -0.087293 0.014950 -0.048027
v -0.088041 0.013174 -0.049201
v 0.061126 0.022122 0.019289
v 0.060622 0.023025 0.020697
v 0.059946 0.023717 0.022779
v -0.069961 -0.011579 -0.030173
v -0.071269 -0.011341 -0.031578
v -0.070952 -0.012923 -0.031655
v -0.091332 0.012412 -0.048374
v -0.091081 0.015271 -0.050360
v -0.069072 -0.028577 -0.027854
v -0.067948 -0.030184 -0.026762
v -0.043064 -0.101039 -0.020879
v -0.053530 -0.096049 -0.032753
v -0.053278 -0.106255 -0.033515
v -0.043391 -0.111192 -0.021843
v -0.078481 0.015398 -0.033138
v -0.077041 0.018112 -0.033249
v 0.058552 0.024783 0.025199
v 0.057391 0.024687 0.023602
v 0.056180 0.026039 0.027608
v -0.062099 -0.011059 -0.041645
v -0.062076 -0.011162 -0.041655
v -0.064618 -0.012889 -0.040899
v -0.066192 -0.007208 -0.038105
v -0.062888 -0.006795 -0.039996
v 0.054997 0.025469 0.025776
v 0.052600 0.031321 0.029714
v 0.057961 0.030856 0.027317
v 0.054160 0.025609 0.024019
v 0.051023 0.023797 0.020912
v 0.049590 0.023911 0.021746
v 0.051275 0.025679 0.025656
v -0.067375 -0.010206 -0.041752
v 0.041080 0.022832 0.028017
v 0.042115 0.023820 0.028451
v -0.066677 -0.005065 -0.040468
v -0.066298 -0.003991 -0.039244
v -0.066956 -0.017021 -0.036778
v -0.068281 -0.017928 -0.038394
v -0.069275 -0.018415 -0.035033
v -0.063263 -0.011577 -0.042796
v -0.074717 0.004699 -0.040940
v 0.045222 0.022956 0.023118
v 0.044708 0.022550 0.022958
v 0.039677 0.022812 0.028945
v 0.041193 0.023891 0.029510
v -0.070012 -0.009859 -0.041104
v -0.071458 -0.012112 -0.042844
v -0.070588 -0.013780 -0.042078
v -0.069361 -0.011553 -0.041127
v -0.077438 -0.021727 -0.041240
v -0.077460 -0.019955 -0.041229
v -0.069987 -0.016304 -0.044840
v -0.073129 -0.016674 -0.042278
v -0.074375 -0.000528 -0.038935
v -0.075304 0.002263 -0.036355
v -0.071483 -0.003408 -0.037445
v -0.069937 -0.007760 -0.040219
v -0.071960 -0.010116 -0.042184
v -0.066333 -0.006088 -0.038267
v -0.069170 -0.005743 -0.036287
v -0.068988 -0.004689 -0.036657
v -0.066357 -0.005135 -0.038561
v -0.079744 0.009767 -0.041491
v -0.075226 0.016241 -0.031710
v -0.077010 0.013053 -0.032356
v -0.081030 0.027057 -0.055882
v -0.080115 0.019116 -0.061186
v -0.077954 0.019442 -0.048418
v -0.068133 -0.008575 -0.041514
v -0.062893 -0.004762 -0.040692
v -0.063532 -0.005427 -0.040221
v -0.084461 -0.017892 -0.047600
v -0.069796 -0.019192 -0.034426
v -0.072943 0.004043 -0.036316
v -0.085202 -0.009530 -0.054812
v -0.083905 -0.014940 -0.053172
v -0.072719 0.005406 -0.036599
v -0.072874 0.006403 -0.036572
v -0.069302 -0.017880 -0.039195
v -0.070552 -0.017786 -0.036082
v -0.073089 0.006673 -0.036270
v -0.071725 -0.011715 -0.032916
v -0.084194 0.009716 -0.045284
v 0.045715 0.025199 0.027934
v 0.046898 0.023586 0.022955
v -0.074867 -0.029212 -0.042898
v -0.072575 -0.030646 -0.040232
v 0.045916 0.023295 0.023140
v -0.063298 -0.005832 -0.039813
v 0.043903 0.024543 0.028159
v -0.066274 -0.013754 -0.038996
v -0.067061 -0.006753 -0.040697
v 0.045413 0.025721 0.029949
v 0.042938 0.024780 0.029799
v 0.051917 0.025993 0.027663
v -0.071092 -0.007950 -0.034910
v -0.070642 -0.010079 -0.034793
v -0.071877 -0.009493 -0.032630
v 0.002101 0.072596 -0.150411
v 0.000910 0.057040 -0.153579
v -0.074430 -0.016000 -0.043707
v -0.071334 -0.014216 -0.046562
v -0.073065 -0.013391 -0.048200
v -0.076533 -0.014816 -0.044498
v -0.082115 -0.019938 -0.051077
v -0.079764 -0.024342 -0.048118
v -0.081659 -0.026061 -0.047927
v -0.084673 -0.021202 -0.050486
v 0.021806 0.058826 -0.148684
v 0.022377 0.072314 -0.146045
v -0.083537 0.043250 -0.064351
v -0.080088 0.032578 -0.049037
v -0.081716 0.049503 -0.053033
v -0.082781 0.018614 -0.048607
v -0.082965 0.016449 -0.050206
v -0.088464 0.017113 -0.051770
v -0.075478 0.022745 -0.035409
v -0.076560 0.020222 -0.038794
v -0.078053 0.020215 -0.036911
v -0.089300 -0.004771 -0.055950
v 0.056310 0.024877 0.022146
v 0.052140 0.023476 0.019976
v 0.033679 0.073373 -0.140359
v 0.033531 0.081892 -0.137359
v 0.023935 0.083867 -0.141120
v 0.030623 -0.061194 -0.103436
v 0.021066 -0.072770 -0.108853
v -0.072163 0.005287 -0.030775
v -0.074536 0.005483 -0.032315
v 0.037916 0.022574 0.030600
v -0.078318 -0.017950 -0.050511
v 0.039829 0.023911 0.030753
v -0.077482 -0.016769 -0.041650
v -0.080041 -0.015962 -0.042805
v -0.086645 0.018375 -0.041221
v -0.083783 0.016374 -0.039539
v 0.036600 0.021389 0.030452
v 0.035935 0.021249 0.030635
v 0.037163 0.022699 0.030736
v 0.038887 0.024170 0.030931
v 0.042065 0.025047 0.030848
v 0.041496 0.025515 0.031441
v 0.045148 0.026906 0.031716
v 0.045137 0.026049 0.031292
v 0.052402 0.026838 0.029564
v 0.052582 0.027900 0.029952
v 0.044571 0.027843 0.031357
v 0.040872 0.026140 0.030987
v 0.043847 0.028884 0.030986
v 0.040617 0.027205 0.030780
v 0.052229 0.029847 0.028970
v 0.052598 0.029026 0.029629
v 0.039570 0.018946 0.030238
v 0.037279 0.019287 0.030425
v 0.040080 0.019277 0.030010
v 0.037578 0.019599 0.030191
v 0.041087 0.019620 0.028860
v 0.036696 0.020073 0.030114
v 0.036025 0.019893 0.030400
v -0.005594 -0.111861 0.006550
v -0.007231 -0.118999 0.001909
v 0.041846 0.019731 0.028144
v 0.036326 0.022763 0.030441
v 0.034980 0.021078 0.030635
v 0.035067 0.023296 0.029891
v 0.034128 0.021196 0.030281
v 0.037611 0.025754 0.030060
v 0.037981 0.024495 0.030243
v 0.035024 0.019762 0.030471
v 0.035741 0.019189 0.030561
v 0.034239 0.019733 0.030431
v 0.034989 0.018960 0.030581
v 0.042503 0.016158 0.030807
v 0.042254 0.015504 0.030849
v 0.039067 0.017554 0.030845
v 0.038450 0.017078 0.030814
v 0.050608 0.012800 0.028523
v 0.053588 0.012752 0.026933
v 0.050259 0.011624 0.028659
v 0.015058 -0.009131 0.057143
v 0.013866 -0.009326 0.056140
v 0.015029 -0.007801 0.054773
v 0.015473 -0.007777 0.055289
v 0.053402 0.011546 0.026903
v 0.045415 0.012158 0.030447
v 0.045924 0.013163 0.030217
v 0.034521 -0.116297 -0.016627
v 0.062100 0.014272 0.016945
v 0.062984 0.013215 0.016104
v 0.061741 0.012450 0.018202
v 0.060938 0.013796 0.018697
v 0.059638 0.013426 0.020623
v 0.014428 -0.017685 0.056917
v 0.014959 -0.016360 0.056101
v 0.013578 -0.016372 0.055428
v 0.012794 -0.017350 0.056474
v 0.060054 0.012010 0.020456
v 0.058098 0.011735 0.022724
v 0.057970 0.013080 0.022800
v 0.056344 0.012872 0.024681
v 0.056155 0.011470 0.024780
v 0.064770 0.018171 0.013468
v 0.065729 0.021684 0.012845
v 0.066042 0.017590 0.011517
v 0.067405 0.021337 0.010262
v 0.033350 0.024298 0.030401
v 0.016255 -0.007651 0.054717
v 0.017807 -0.009492 0.057149
v 0.016927 -0.009318 0.057919
v 0.015977 -0.007713 0.055062
v 0.032918 0.021519 0.030209
v 0.031929 0.025078 0.031692
v 0.031642 0.022118 0.031281
v 0.033549 0.028049 0.032433
v 0.035150 0.027209 0.030810
v 0.033364 0.019819 0.030520
v 0.034159 0.018659 0.030553
v 0.032299 0.019721 0.031018
v 0.033330 0.018198 0.031063
v 0.041710 0.014711 0.030873
v 0.041157 0.013749 0.031047
v 0.037836 0.016475 0.031067
v 0.036909 0.015622 0.031351
v 0.035627 -0.010286 -0.125060
v 0.035873 0.031551 -0.139587
v 0.064555 0.034923 0.023104
v 0.062465 0.032008 0.024416
v 0.059445 0.033224 0.027349
v 0.061216 0.036675 0.027127
v 0.066637 0.038912 0.020285
v 0.068318 0.035366 0.017017
v 0.066527 0.032525 0.019631
v 0.064573 0.030275 0.021528
v 0.066758 0.024630 0.013461
v 0.065379 0.024588 0.015416
v 0.065726 0.026396 0.016746
v 0.067086 0.027075 0.014909
v 0.068368 0.024676 0.010849
v 0.069000 0.027955 0.012394
v 0.067021 0.029552 0.017098
v 0.065332 0.028238 0.018931
v 0.069054 0.031263 0.014678
v 0.042116 0.033061 0.033060
v 0.042354 0.031503 0.031775
v 0.039176 0.029304 0.031132
v 0.038011 0.029933 0.032075
v 0.041126 0.034409 0.034284
v 0.036198 0.030829 0.033294
v 0.055142 0.037150 0.031298
v 0.053979 0.034107 0.030465
v 0.043356 0.029576 0.030565
v 0.041340 0.028287 0.030824
v 0.042962 0.029756 0.030552
v 0.040635 0.028219 0.030749
v 0.045847 0.092622 -0.121717
v 0.050503 0.098516 -0.109888
v 0.033151 0.109362 -0.112895
v 0.029788 0.102023 -0.124761
v 0.058816 0.028253 0.025238
v 0.059488 0.028741 0.024936
v 0.061531 0.027655 0.022664
v 0.060948 0.027177 0.022983
v 0.062396 0.026104 0.020653
v 0.063003 0.026606 0.020421
v 0.063779 0.025483 0.018518
v 0.063267 0.025157 0.018794
v 0.063628 0.024339 0.017485
v 0.064042 0.024362 0.016946
v 0.040769 0.029153 0.030983
v 0.042895 0.030228 0.031059
v 0.034695 0.061577 -0.141845
v 0.059693 0.073776 0.012537
v 0.065202 0.070319 0.004666
v 0.064369 0.063931 0.010622
v 0.060602 0.029840 0.025102
v 0.062733 0.028610 0.022525
v 0.063990 0.027300 0.020038
v 0.064669 0.025929 0.018040
v 0.064804 0.024943 0.016755
v 0.073462 -0.012885 -0.052946
v 0.073335 -0.012789 -0.054613
v 0.074309 -0.002630 -0.081193
v 0.072337 0.003889 -0.079734
v 0.071428 0.007330 -0.078242
v 0.079727 0.014401 -0.065501
v 0.081123 0.017422 -0.068658
v 0.079754 -0.021272 -0.075353
v 0.077216 -0.023173 -0.070980
v -0.087185 0.021448 -0.041839
v 0.079402 -0.020336 -0.075801
v 0.085358 0.013334 -0.078949
v 0.085439 0.011742 -0.080373
v 0.086392 0.011397 -0.080242
v 0.032191 -0.031793 -0.113144
v 0.034047 -0.019131 -0.120690
v 0.085334 0.010016 -0.081767
v 0.074541 -0.008164 -0.057167
v 0.075525 -0.003128 -0.081615
v 0.076864 -0.003727 -0.083694
v 0.077746 -0.008829 -0.084151
v 0.077020 -0.008287 -0.083341
v 0.077364 -0.013868 -0.082287
v 0.076676 -0.013005 -0.081658
v 0.080396 -0.017465 -0.078590
v 0.079937 -0.013084 -0.081336
v 0.081856 0.017822 -0.070226
v 0.081920 0.017049 -0.069479
v 0.082499 0.017821 -0.070801
v 0.075094 -0.009288 -0.058689
v 0.078017 0.012226 -0.065210
v 0.078132 0.010459 -0.063438
v 0.077727 0.010910 -0.063843
v 0.072394 -0.004389 -0.062116
v 0.072147 -0.003581 -0.062209
v 0.073601 -0.005850 -0.062009
v 0.075667 -0.007139 -0.060308
v 0.069561 -0.014621 -0.061345
v 0.068884 -0.015326 -0.062797
v 0.068419 -0.016030 -0.062141
v 0.083717 0.023523 -0.074303
v 0.078335 0.009477 -0.063060
v 0.079444 0.010450 -0.063667
v 0.079956 0.011564 -0.064114
v 0.083171 0.017134 -0.071101
v 0.080398 0.012446 -0.064445
v 0.079348 0.012535 -0.064421
v 0.080492 0.014093 -0.065514
v 0.078618 0.012652 -0.064662
v 0.071737 -0.012075 -0.075645
v 0.071144 -0.012140 -0.073496
v 0.074888 0.007228 -0.053780
v 0.075125 0.005243 -0.055725
v 0.076692 -0.023925 -0.068628
v 0.073385 0.013086 -0.072941
v 0.074167 0.016099 -0.075298
v 0.081554 -0.009007 -0.082903
v 0.076584 -0.015345 -0.072343
v 0.074771 -0.016297 -0.070663
v 0.078508 -0.013971 -0.074159
v 0.080253 -0.011416 -0.075976
v 0.074093 0.003597 -0.066548
v 0.081956 0.007807 -0.074099
v 0.082066 0.005640 -0.075408
v 0.080863 0.007984 -0.072540
v 0.075678 0.019360 -0.074197
v 0.076451 0.019039 -0.071680
v 0.073105 0.016010 -0.072133
v 0.076368 0.017170 -0.070995
v 0.071528 -0.011322 -0.061332
v 0.068378 -0.016784 -0.064500
v 0.070207 -0.015537 -0.066425
v 0.069197 -0.017380 -0.065851
v 0.070424 -0.016502 -0.067777
v 0.070378 -0.015263 -0.069253
v 0.070643 -0.013590 -0.070463
v 0.072009 -0.011748 -0.070681
v 0.071251 -0.007247 -0.061848
v 0.077835 0.019448 -0.062362
v 0.070763 -0.009032 -0.061833
v 0.072703 -0.005675 -0.061961
v 0.072678 -0.007387 -0.061650
v 0.072221 -0.009263 -0.061367
v 0.074277 -0.019130 -0.064322
v 0.073941 -0.017630 -0.066752
v 0.073416 -0.018546 -0.063397
v 0.073946 -0.017142 -0.068978
v 0.072544 -0.018142 -0.062743
v 0.075139 0.013954 -0.072703
v 0.076027 0.016797 -0.072895
v 0.073572 -0.009512 -0.051280
v 0.076561 -0.001789 -0.001362
v 0.076747 0.007729 -0.007348
v 0.044026 -0.050007 0.028990
v 0.043325 -0.052959 0.029697
v 0.072186 -0.012193 0.014221
v 0.068884 -0.015028 0.019868
v 0.045075 -0.044951 0.040081
v 0.044185 -0.045627 0.040421
v 0.043296 -0.044973 0.040942
v 0.044100 -0.044810 0.040328
v 0.041797 -0.044076 0.039887
v 0.042536 -0.044411 0.038715
v 0.042922 -0.044400 0.039905
v 0.042195 -0.044072 0.040929
v 0.048408 -0.030094 0.039958
v 0.051774 -0.025947 0.037752
v 0.054471 -0.030351 0.035975
v 0.051493 -0.033772 0.038178
v 0.042733 -0.046957 0.031513
v 0.042719 -0.045362 0.031823
v 0.042574 -0.044976 0.034670
v 0.042422 -0.045718 0.034490
v 0.042682 -0.048009 0.031631
v 0.042267 -0.046102 0.034603
v 0.043965 -0.048280 0.028843
v 0.043764 -0.045692 0.029009
v 0.053068 -0.051061 0.034415
v 0.049899 -0.048967 0.036828
v 0.050945 -0.045934 0.036852
v 0.054132 -0.046592 0.034480
v 0.044793 -0.018055 0.039813
v 0.048563 -0.021714 0.038924
v 0.045873 -0.026257 0.040538
v 0.041879 -0.021770 0.041174
v 0.038256 -0.017203 0.042226
v 0.040837 -0.013904 0.040641
v 0.036883 -0.009169 0.045714
v 0.037870 -0.012865 0.046877
v 0.038047 -0.013954 0.050357
v 0.038057 -0.011689 0.049089
v 0.036158 -0.018070 0.049342
v 0.037693 -0.015115 0.045431
v 0.032446 -0.019450 0.050788
v 0.010696 -0.016872 0.057499
v 0.011681 -0.015201 0.056654
v 0.011755 -0.014699 0.058273
v 0.009763 -0.015765 0.059303
v 0.032460 -0.018909 0.051815
v 0.035961 -0.018479 0.047769
v 0.019506 -0.015575 0.063653
v 0.018457 -0.013532 0.063778
v 0.018871 -0.014703 0.061628
v 0.018877 -0.016607 0.061276
v 0.035821 -0.019448 0.045831
v 0.032713 -0.020070 0.049520
v 0.032089 -0.018126 0.052767
v 0.034886 -0.017728 0.052122
v 0.016337 -0.013132 0.063421
v 0.014841 -0.013084 0.065635
v 0.012741 -0.013227 0.064188
v 0.014514 -0.013604 0.062170
v 0.017749 -0.013250 0.057403
v 0.017018 -0.015190 0.058730
v 0.019038 -0.012487 0.060174
v 0.011850 -0.012696 0.056793
v 0.011863 -0.013612 0.055726
v 0.013567 -0.010340 0.055157
v 0.013322 -0.010002 0.055034
v 0.036675 -0.015462 0.053173
v 0.027701 -0.016621 0.061829
v 0.029248 -0.015185 0.063552
v 0.029892 0.014049 0.046002
v 0.031993 0.010454 0.042672
v 0.030471 0.011414 0.048194
v 0.032379 0.008166 0.044765
v 0.036778 -0.013083 0.056555
v 0.037833 -0.011310 0.054841
v 0.035164 -0.011867 0.060640
v 0.035964 -0.009251 0.060190
v 0.025332 0.029035 0.046086
v 0.024958 -0.020397 0.058273
v 0.025210 -0.021041 0.057765
v 0.025023 -0.019051 0.059905
v 0.005536 0.095079 -0.138363
v 0.008343 0.107353 -0.127542
v 0.012217 0.120356 -0.104726
v 0.012523 0.124523 -0.092110
v 0.028656 -0.037483 0.058041
v 0.028393 -0.034770 0.058081
v 0.032554 -0.042713 0.041040
v 0.027520 -0.042822 0.043426
v 0.027954 -0.043761 0.046412
v 0.033009 -0.044005 0.044142
v 0.036313 -0.043965 0.041842
v 0.036272 -0.042735 0.038598
v 0.032313 -0.041245 0.038597
v 0.027063 -0.041330 0.040625
v 0.033503 -0.044917 0.049688
v 0.028783 -0.044534 0.052631
v 0.028948 -0.042730 0.055234
v 0.033664 -0.043228 0.051822
v 0.038288 -0.023663 0.044224
v 0.034833 -0.023157 0.047494
v 0.031577 -0.023093 0.051774
v 0.028985 -0.023242 0.054973
v 0.028286 -0.021220 0.055312
v 0.030253 -0.020675 0.052718
v 0.027964 -0.020397 0.055625
v 0.029841 -0.019953 0.053327
v 0.029793 -0.019292 0.053846
v 0.030279 -0.018415 0.054000
v 0.028906 -0.018366 0.055520
v 0.029305 -0.017670 0.055275
v 0.027930 -0.019671 0.055931
v 0.028269 0.006182 0.061921
v 0.027593 0.009587 0.059013
v 0.032496 -0.033323 0.055255
v 0.028178 -0.032649 0.057537
v 0.027104 -0.028512 0.056946
v 0.031065 -0.028732 0.054787
v 0.034989 -0.029601 0.051499
v 0.036786 -0.035055 0.051720
v 0.025532 -0.021830 0.057378
v 0.032872 -0.035616 0.055364
v 0.033216 -0.038112 0.055005
v 0.037254 -0.037397 0.051651
v 0.037433 -0.039616 0.051171
v 0.040725 -0.037447 0.047691
v 0.039583 -0.031494 0.047637
v 0.044558 -0.033499 0.043446
v 0.043914 -0.039914 0.044012
v 0.050780 -0.042959 0.037720
v 0.046491 -0.045233 0.039501
v 0.046467 -0.044017 0.039930
v 0.046293 -0.042924 0.040725
v 0.050297 -0.039941 0.038795
v 0.053799 -0.042232 0.035510
v 0.053128 -0.037871 0.036713
v 0.048491 -0.036753 0.040595
v 0.045611 -0.041591 0.041883
v 0.045256 -0.044259 0.040507
v 0.044284 -0.044503 0.040557
v 0.045030 -0.043711 0.041213
v 0.044137 -0.044281 0.041155
v 0.044584 -0.043069 0.042178
v 0.043734 -0.044032 0.041977
v 0.042824 -0.043413 0.043413
v 0.043432 -0.041965 0.043868
v 0.042264 -0.044851 0.039716
v 0.041283 -0.045102 0.040773
v 0.041438 -0.045062 0.041922
v 0.042290 -0.044953 0.040661
v 0.042783 -0.044710 0.038907
v 0.042787 -0.044775 0.040028
v 0.042353 -0.044687 0.035262
v 0.041727 -0.044399 0.035975
v -0.044574 -0.084243 -0.018666
v -0.054284 -0.082296 -0.032514
v 0.043028 -0.044530 0.038433
v 0.043250 -0.044597 0.039354
v 0.043358 -0.044584 0.040446
v 0.043310 -0.044617 0.040748
v 0.042889 -0.044655 0.041448
v 0.042080 -0.044474 0.042690
v 0.037316 -0.041714 0.050137
v 0.040378 -0.041470 0.047297
v 0.039971 -0.043223 0.046220
v 0.036929 -0.043978 0.048458
v 0.039444 -0.044645 0.044980
v 0.036431 -0.041363 0.035969
v 0.036545 -0.045175 0.046567
v 0.039551 -0.043040 0.035403
v 0.040063 -0.041893 0.032814
v 0.039301 -0.044101 0.038703
v 0.042489 -0.044384 0.032484
v 0.041909 -0.043689 0.032945
v 0.043309 -0.043963 0.029548
v 0.042563 -0.042790 0.030397
v 0.039169 -0.045210 0.043467
v 0.040677 -0.039638 0.047691
v 0.033417 -0.040584 0.053717
v 0.028838 -0.039995 0.056828
v -0.015235 0.005440 0.041828
v -0.014327 0.002634 0.042834
v -0.010065 0.003917 0.042983
v -0.011077 0.006366 0.042090
v 0.030349 -0.001522 0.068230
v 0.029272 0.002691 0.064868
v 0.042625 -0.044403 0.041267
v 0.012071 -0.124575 -0.002543
v -0.072049 -0.007547 -0.031718
v -0.071109 -0.006839 -0.030902
v -0.083301 0.013944 -0.051782
v 0.045528 -0.046386 0.039700
v 0.042197 -0.050201 0.032008
v 0.041665 -0.047040 0.035257
v 0.050241 -0.055451 0.035661
v 0.045753 -0.058783 0.039351
v 0.044129 -0.054774 0.041145
v 0.047655 -0.052208 0.037978
v 0.041738 -0.049038 0.043846
v 0.044075 -0.047531 0.041145
v -0.085964 0.016154 -0.047900
v 0.042927 -0.046276 0.042172
v 0.040761 -0.046912 0.044987
v 0.040062 -0.045089 0.045696
v 0.042078 -0.045112 0.042668
v 0.038260 -0.042775 0.045667
v 0.034531 -0.042009 0.048919
v 0.033241 -0.046484 0.044212
v 0.037147 -0.046955 0.041068
v 0.040718 -0.047031 0.037015
v 0.040831 -0.043648 0.041362
v -0.082676 0.020130 -0.046650
v -0.081345 0.021604 -0.042131
v -0.079516 0.020367 -0.041662
v -0.080458 0.018639 -0.045477
v 0.038790 -0.042767 0.046030
v 0.041122 -0.043553 0.042552
v 0.035230 -0.042027 0.049871
v 0.023062 -0.121238 -0.008301
v 0.041603 -0.044082 0.042781
v 0.039342 -0.043477 0.045913
v 0.035881 -0.043000 0.050186
v 0.036711 -0.045042 0.050155
v 0.037534 -0.047524 0.049831
v 0.038116 -0.050440 0.048748
v 0.039682 -0.057648 0.045755
v 0.040947 -0.062574 0.044332
v 0.034151 -0.059042 0.050045
v 0.035329 -0.064190 0.049625
v 0.033842 -0.051441 0.053302
v 0.033672 -0.047904 0.054734
v 0.032949 -0.044987 0.054674
v 0.032260 -0.042732 0.054159
v 0.026082 -0.023472 0.056921
v 0.027957 -0.018179 0.057031
v 0.027313 -0.017554 0.059320
v 0.031697 -0.013621 0.063870
v 0.025408 -0.018042 0.062158
v 0.034157 -0.012056 0.062716
v 0.032815 -0.012501 0.064544
v 0.033583 -0.010868 0.065197
v 0.034468 -0.010257 0.063796
v 0.031677 -0.013101 0.066138
v 0.033068 -0.011061 0.066418
v 0.028240 -0.014323 0.068794
v 0.029705 -0.010851 0.070705
v 0.030704 -0.005140 0.070257
v 0.030294 -0.008548 0.071069
v 0.034220 -0.009247 0.065638
v 0.035047 -0.007414 0.063740
v -0.089347 0.015909 -0.045446
v 0.034767 -0.004393 0.061664
v 0.035973 -0.006640 0.057718
v 0.012271 0.129451 -0.047348
v 0.031501 -0.041497 0.053481
v 0.030328 -0.041385 0.052030
v -0.071023 -0.020596 -0.033856
v -0.081732 0.005921 -0.043642
v 0.031812 -0.056778 0.037824
v 0.032293 -0.052327 0.040050
v 0.027876 -0.052431 0.042518
v -0.080344 0.022046 -0.039743
v -0.083508 0.023285 -0.039707
v 0.027373 -0.056820 0.040557
v 0.026601 -0.040929 0.053873
v -0.087965 -0.004696 -0.051399
v -0.090306 0.014604 -0.047113
v -0.088711 0.013021 -0.046379
v -0.080720 0.014260 -0.034957
v -0.075566 -0.010696 -0.048930
v -0.080561 -0.010645 -0.045401
v -0.078763 -0.013285 -0.044956
v -0.074708 -0.012563 -0.048644
v -0.073303 0.001316 -0.041578
v 0.025349 -0.045807 0.048315
v 0.028938 -0.045994 0.046764
v 0.027253 -0.041227 0.055596
v 0.027952 -0.042562 0.056704
v 0.028598 -0.044979 0.057622
v 0.024346 -0.052419 0.043900
v 0.023945 -0.057099 0.041956
v -0.066913 -0.016014 -0.024949
v 0.040816 -0.051547 0.033578
v -0.076815 -0.025959 -0.038495
v -0.078061 -0.024886 -0.040824
v -0.040701 -0.032538 -0.112735
v -0.046989 -0.021475 -0.117471
v -0.090820 -0.005054 -0.053984
v 0.041008 -0.055174 0.031452
v 0.036775 -0.052652 0.037223
v 0.036708 -0.056130 0.034989
v 0.029404 -0.064392 0.053984
v 0.028454 -0.059455 0.053590
v 0.029179 -0.048194 0.057729
v 0.028773 -0.052104 0.056364
v 0.010517 0.115034 -0.116832
v 0.070840 0.076116 -0.020465
v 0.071118 0.069590 -0.012376
v -0.082001 0.018520 -0.042357
v 0.065991 0.076818 -0.004052
v 0.066118 0.082074 -0.011636
v 0.069848 0.084094 -0.028689
v 0.065135 0.088853 -0.019442
v 0.037388 0.121681 -0.072306
v 0.040760 0.120955 -0.058405
v 0.022944 0.126895 -0.050791
v 0.029554 0.121788 -0.084996
v 0.039775 0.113624 -0.096594
v 0.045815 0.116233 -0.077968
v 0.048782 0.115961 -0.062931
v -0.073028 -0.020955 -0.034665
v -0.072735 -0.026192 -0.032484
v -0.071015 -0.025600 -0.031044
v -0.078336 0.008740 -0.041110
v 0.022331 -0.084606 -0.109603
v 0.035586 0.044189 -0.141106
v 0.050251 0.114861 -0.049130
v 0.042837 0.119048 -0.044742
v 0.044811 0.115887 -0.032459
v 0.051298 0.112500 -0.037357
v 0.025654 0.124375 -0.036577
v 0.015213 0.126554 -0.032565
v 0.000218 0.007495 -0.147488
v 0.027114 0.012978 0.056284
v 0.041086 -0.048149 -0.096661
v 0.052182 -0.048361 -0.080557
v 0.057982 -0.100954 -0.054103
v 0.067462 -0.025538 -0.067812
v 0.066897 -0.024748 -0.068357
v 0.057033 -0.063557 -0.061617
v 0.057591 -0.049295 -0.064014
v 0.030588 -0.047058 -0.106999
v 0.073509 -0.014372 -0.080251
v 0.074045 -0.010689 -0.081271
v 0.075088 -0.015386 -0.080204
v 0.075490 -0.011388 -0.081487
v 0.075647 -0.007163 -0.081943
v 0.076087 -0.017207 -0.079504
v 0.076927 0.018760 -0.069906
v 0.078713 0.020191 -0.068932
v -0.077642 -0.016626 -0.050554
v -0.077837 -0.014386 -0.051745
v 0.067778 -0.027239 -0.063374
v 0.067278 -0.026443 -0.065316
v -0.063562 -0.004975 -0.041249
v 0.066767 -0.026805 -0.064104
v 0.066918 -0.027336 -0.062748
v 0.067973 -0.028249 -0.061540
v 0.067030 -0.028010 -0.061404
v 0.077738 0.035850 -0.063098
v 0.065245 -0.027229 -0.064708
v 0.066113 -0.025156 -0.067809
v 0.066558 -0.025831 -0.066399
v 0.066300 -0.026672 -0.064703
v 0.066607 -0.027868 -0.061912
v 0.066901 -0.028849 -0.060268
v 0.067486 -0.029475 -0.060375
v -0.079070 -0.022704 -0.047749
v -0.074508 -0.027516 -0.042895
v -0.058422 -0.078857 -0.046684
v -0.057542 -0.075922 -0.062693
v -0.058175 -0.087518 -0.061709
v -0.058670 -0.091575 -0.046534
v -0.068170 -0.002573 -0.025618
v -0.068730 -0.009160 -0.028114
v -0.068221 -0.010539 -0.026435
v 0.076520 -0.018444 -0.079917
v 0.071941 -0.028769 -0.067053
v -0.019303 -0.102560 0.002044
v -0.018213 -0.114835 -0.002892
v 0.074288 0.012580 -0.074705
v 0.073788 0.010745 -0.076277
v 0.076079 0.012135 -0.077906
v 0.076410 0.014207 -0.076558
v 0.047874 -0.009433 -0.114544
v 0.048447 0.001554 -0.120873
v 0.008247 -0.082417 -0.113468
v 0.006607 -0.069770 -0.113464
v 0.065435 0.033928 -0.109438
v 0.074704 0.014052 -0.073453
v 0.076933 0.015854 -0.075311
v 0.074418 -0.006629 -0.081561
v 0.072479 0.014046 -0.073344
v 0.072334 0.012365 -0.074719
v 0.077919 0.017373 -0.077026
v 0.077386 0.015469 -0.078365
v 0.076916 0.013193 -0.079640
v 0.072170 0.010457 -0.076136
v -0.066056 -0.015577 -0.021178
v -0.063028 -0.016209 -0.009657
v -0.064421 -0.000534 -0.009703
v -0.066350 -0.005855 -0.020309
v 0.075114 0.017840 -0.075815
v 0.075024 0.064208 -0.087345
v 0.071330 0.058447 -0.100960
v 0.071067 0.081049 -0.090172
v 0.066954 0.076145 -0.104946
v 0.059233 0.070318 -0.119666
v 0.063322 0.051587 -0.115664
v 0.076750 0.018961 -0.070347
v 0.079427 0.021233 -0.069432
v 0.068808 0.090608 -0.036520
v 0.072385 0.085782 -0.044653
v 0.063868 0.094802 -0.026581
v 0.062359 0.100153 -0.033207
v 0.066798 0.096797 -0.043291
v 0.071490 0.090206 -0.056629
v 0.077142 0.054885 -0.072402
v 0.076205 0.069499 -0.073150
v 0.075957 0.073393 -0.059227
v -0.044708 0.030653 0.024204
v -0.047428 0.031234 0.020104
v -0.047988 0.021700 0.020172
v -0.044920 0.022953 0.023487
v 0.072236 0.085813 -0.074453
v 0.066062 0.099325 -0.062104
v 0.066754 0.095821 -0.077196
v 0.058334 0.107772 -0.064522
v 0.057477 0.105953 -0.079350
v 0.054083 0.103415 -0.095046
v 0.065305 0.091974 -0.092431
v 0.063724 0.102328 -0.049023
v 0.059673 0.104989 -0.038270
v 0.058039 0.108703 -0.051477
v 0.056511 0.109043 -0.042319
v 0.075415 0.074942 -0.051750
v 0.061915 -0.033289 -0.059009
v 0.065383 -0.034047 -0.054607
v -0.001984 0.087382 0.033042
v 0.008458 0.088505 0.033333
v 0.006969 0.095674 0.027332
v -0.003744 0.094450 0.026796
v 0.071417 -0.023438 -0.048436
v -0.049651 -0.013116 -0.121035
v -0.052328 -0.002535 -0.125061
v -0.034485 -0.005294 -0.135422
v -0.032399 -0.015058 -0.130725
v 0.078021 0.000902 -0.014351
v 0.077376 0.013575 -0.017199
v 0.078305 0.005732 -0.027899
v 0.077110 -0.009117 -0.025549
v -0.008424 0.111629 0.005125
v 0.002431 0.113205 0.005667
v 0.000299 0.118350 -0.004133
v -0.010646 0.116510 -0.004304
v -0.035483 0.002859 0.036225
v -0.037559 -0.003034 0.037068
v -0.033100 -0.003443 0.039808
v -0.031623 0.002484 0.038417
v 0.075713 0.027515 -0.018893
v 0.077158 0.019975 -0.029601
v 0.077447 0.034704 -0.031960
v 0.076157 0.042184 -0.019720
v 0.047529 0.064992 -0.132814
v 0.049970 0.048180 -0.131309
v -0.072131 -0.030374 -0.030112
v -0.070869 -0.029507 -0.029111
v 0.050711 0.035393 -0.129482
v 0.063661 0.058133 0.014820
v -0.002222 0.122788 -0.015629
v -0.013316 0.120771 -0.015341
v 0.003873 0.086218 -0.144422
v 0.060010 0.080986 0.004670
v 0.040084 0.085266 -0.131651
v -0.007161 -0.068204 -0.113827
v 0.025971 0.091327 -0.135546
v 0.061455 0.087280 -0.107103
v 0.055495 0.082151 -0.119706
v 0.044558 0.075933 -0.132673
v 0.050109 0.019171 -0.127110
v 0.053339 0.108447 -0.030005
v 0.070237 0.024554 0.007250
v 0.069318 0.019963 0.006714
v 0.070769 0.029357 0.008574
v 0.067993 0.015091 0.008826
v 0.034820 0.007087 0.039862
v 0.034815 0.005083 0.041828
v 0.034887 0.002577 0.043798
v 0.037767 0.002341 0.039229
v 0.037550 -0.000583 0.041127
v 0.032849 0.002982 0.049530
v 0.032705 0.005570 0.047028
v 0.034617 0.000136 0.045796
v 0.034596 -0.002896 0.047628
v 0.033278 0.000027 0.051784
v 0.037720 -0.015137 0.043238
v 0.038440 -0.010461 0.041669
v 0.036273 -0.006472 0.043966
v 0.040983 -0.003415 0.039130
v 0.039977 -0.006640 0.040596
v 0.036920 -0.003238 0.042654
v 0.041688 -0.000222 0.037008
v 0.035920 -0.006252 0.049764
v 0.037714 -0.009460 0.052540
v 0.034367 -0.003328 0.054783
v 0.033496 -0.001141 0.058486
v 0.032371 0.002376 0.055452
v 0.038052 0.004511 0.037391
v 0.042480 0.002265 0.035250
v 0.043528 -0.009907 0.039532
v 0.047957 -0.013018 0.038445
v 0.045322 -0.005793 0.037447
v 0.049462 -0.008316 0.036241
v 0.046086 -0.002397 0.035473
v 0.050375 -0.004678 0.034107
v 0.051889 -0.016949 0.037274
v 0.055270 -0.020886 0.035633
v 0.058117 -0.026451 0.033405
v 0.057773 -0.015836 0.033071
v 0.061086 -0.021215 0.030506
v 0.059221 -0.010645 0.030560
v 0.063227 -0.015872 0.027746
v 0.008205 0.012903 0.044551
v 0.007341 0.014748 0.041901
v 0.003449 0.011249 0.041508
v 0.004251 0.009285 0.043583
v 0.013094 0.061203 0.044487
v 0.011610 0.068904 0.042009
v 0.002424 0.068761 0.042365
v 0.004518 0.061205 0.045123
v 0.053903 -0.011560 0.034751
v 0.055107 -0.007526 0.032404
v 0.051168 -0.001145 0.032054
v 0.046958 0.000690 0.033577
v 0.059463 -0.000037 0.026643
v 0.059731 -0.005399 0.028469
v 0.055542 -0.003131 0.030322
v 0.055667 0.001227 0.028536
v 0.064397 -0.009043 0.025426
v 0.063758 -0.001654 0.024060
v 0.062470 0.003155 0.022725
v 0.049576 0.009628 0.029352
v 0.044797 0.010325 0.030999
v 0.052944 0.009376 0.027681
v 0.058886 0.003834 0.025312
v 0.055773 0.004522 0.027315
v 0.064838 0.010403 0.015540
v 0.063145 0.009592 0.018249
v 0.058477 0.009088 0.023592
v 0.055972 0.009154 0.025708
v 0.060970 0.009257 0.020983
v 0.040259 0.011896 0.031831
v 0.035601 0.013937 0.032664
v 0.051548 -0.061569 -0.077063
v 0.031495 0.005568 0.053156
v 0.030933 0.008498 0.050577
v 0.033914 0.031259 0.035215
v 0.031413 0.028441 0.034786
v 0.027678 0.028872 0.042818
v 0.038386 0.035407 0.036966
v 0.032397 0.016689 0.033154
v -0.001314 0.008792 0.041450
v -0.000178 0.006800 0.042817
v 0.030588 0.019298 0.033387
v 0.029785 0.022097 0.033774
v 0.029795 0.025410 0.034288
v 0.005614 0.102044 0.020838
v -0.005256 0.100754 0.020163
v -0.022742 0.127310 -0.064694
v -0.021483 0.127397 -0.056274
v -0.010610 0.130116 -0.058927
v -0.014198 0.129398 -0.071061
v 0.049873 0.048721 0.036013
v 0.046835 0.042194 0.038484
v 0.070249 0.063081 -0.002765
v 0.073162 0.054781 -0.007421
v 0.066745 0.044261 0.016836
v 0.069152 0.039975 0.013253
v 0.070486 0.034776 0.010340
v 0.074303 0.043354 -0.010511
v 0.074516 0.030818 -0.010960
v 0.075619 0.018889 -0.009994
v -0.075756 0.000402 -0.080222
v -0.075907 -0.001254 -0.063650
v -0.078867 0.010747 -0.064244
v -0.080342 0.016882 -0.081060
v 0.058735 0.092839 -0.009608
v -0.030428 -0.095911 -0.007074
v -0.030095 -0.108361 -0.011217
v -0.005440 -0.081334 -0.113939
v 0.057258 0.098607 -0.016386
v 0.059736 0.086672 -0.002448
v 0.046391 0.111688 -0.023100
v 0.048157 0.107141 -0.014807
v 0.055510 0.103843 -0.023130
v 0.050088 0.101880 -0.007681
v 0.051810 0.096133 -0.001016
v 0.052841 0.090081 0.006178
v 0.053484 0.084128 0.013012
v 0.053377 0.075918 0.020017
v 0.040911 -0.060651 -0.093858
v 0.028625 -0.007563 0.051649
v 0.028307 -0.007643 0.052188
v -0.036348 0.052598 0.029951
v -0.039012 0.057671 0.026153
v -0.043071 0.050684 0.023115
v -0.040236 0.046617 0.027341
v 0.028360 -0.007582 0.051505
v 0.027978 -0.007611 0.052105
v 0.028322 -0.008003 0.052139
v 0.028770 -0.016052 0.054709
v 0.027635 -0.014053 0.053955
v 0.027925 -0.010396 0.053159
v 0.070315 -0.030012 -0.050127
v 0.015187 0.048772 0.047505
v 0.007789 0.048662 0.048406
v 0.009622 0.042511 0.048313
v 0.015893 0.042488 0.047740
v -0.044729 0.015382 0.024084
v -0.047999 0.012509 0.021995
v -0.046223 0.004499 0.026893
v -0.042815 0.008324 0.028132
v -0.038560 0.003990 0.033642
v -0.041112 -0.001671 0.034099
v 0.000235 0.077998 0.038887
v 0.010152 0.078703 0.038618
v -0.045915 0.041452 0.020770
v -0.043131 0.038995 0.025367
v 0.011339 0.016251 0.046372
v 0.009985 0.017696 0.043055
v 0.012852 0.022090 0.044850
v 0.017658 0.021781 0.049720
v 0.017467 0.025722 0.047964
v 0.013568 0.025671 0.045280
v -0.014270 0.060672 0.041568
v -0.016585 0.067527 0.038442
v -0.025032 0.066109 0.034489
v -0.022678 0.059661 0.037782
v -0.006747 0.106340 0.013106
v 0.004157 0.107748 0.013759
v 0.016757 0.035022 0.046986
v 0.012011 0.035142 0.046102
v 0.012832 0.031529 0.045206
v 0.016933 0.031710 0.046872
v -0.005207 0.005105 0.042902
v -0.006217 0.007308 0.041948
v -0.064200 -0.030210 -0.037484
v -0.065587 -0.031260 -0.035399
v -0.068482 0.015382 -0.022318
v -0.066790 0.004750 -0.020958
v -0.064894 0.012734 -0.010637
v -0.065516 0.025687 -0.012891
v -0.068322 0.037644 -0.015916
v -0.070414 0.046026 -0.020661
v -0.073062 0.029801 -0.027505
v -0.070652 0.024344 -0.024223
v -0.055090 -0.084638 -0.075529
v -0.053093 -0.074231 -0.078148
v 0.018100 0.018761 0.052623
v 0.018648 0.015788 0.055230
v -0.039520 0.036838 -0.145393
v -0.038765 0.023271 -0.143735
v -0.056949 0.027205 -0.131498
v -0.057379 0.040136 -0.132709
v -0.072061 -0.010298 -0.077213
v -0.072776 -0.010038 -0.062191
v 0.013115 -0.011867 0.058268
v 0.015100 -0.007671 0.054052
v 0.014613 -0.010625 0.055343
v 0.014992 -0.007707 0.054166
v 0.012857 -0.014122 0.060427
v 0.010644 -0.013971 0.062172
v 0.014101 -0.014672 0.054789
v 0.015143 -0.014620 0.055027
v 0.015294 -0.010397 0.055424
v 0.014823 -0.007648 0.054214
v 0.022643 -0.017031 0.065431
v 0.022718 -0.015402 0.068341
v 0.018807 -0.014015 0.067902
v 0.019875 -0.015654 0.065653
v 0.016059 -0.007583 0.054763
v 0.017202 -0.010112 0.056120
v 0.018593 -0.011713 0.061604
v 0.016087 -0.009145 0.057823
v 0.015739 -0.007719 0.055221
v 0.016601 -0.011374 0.061085
v 0.017166 -0.017198 0.059127
v 0.014868 -0.011489 0.059871
v -0.075818 -0.017675 -0.040614
v -0.054188 -0.064183 -0.025768
v -0.058838 -0.049823 -0.031754
v -0.059401 -0.050542 -0.037673
v -0.056990 -0.066126 -0.035050
v -0.079922 0.008272 -0.041973
v -0.055533 0.057397 0.007162
v -0.058639 0.068965 -0.001833
v -0.066110 0.057585 -0.012372
v -0.064613 0.047034 -0.007553
v -0.060589 0.078771 -0.009710
v -0.067890 0.068350 -0.019351
v -0.072822 0.056437 -0.028296
v -0.077607 0.035888 -0.041074
v -0.024173 0.017693 0.038547
v -0.024315 0.017548 0.038693
v -0.022513 0.017255 0.039652
v -0.022615 0.017355 0.039534
v -0.023875 0.017791 0.037875
v -0.022289 0.017200 0.038659
v -0.024977 0.018248 0.037108
v -0.025354 0.017983 0.037705
v -0.025524 0.017787 0.037813
v -0.006171 0.018652 0.038246
v -0.007005 0.018738 0.037915
v -0.009645 0.017855 0.038552
v -0.008649 0.017982 0.039432
v -0.005769 0.018430 0.038553
v -0.008479 0.017704 0.039776
v -0.011180 0.020553 0.033060
v -0.010616 0.020910 0.032862
v -0.012004 0.020203 0.033301
v -0.004638 0.020761 0.035634
v -0.004858 0.021884 0.035756
v -0.010348 0.021999 0.032829
v -0.010249 0.021275 0.032693
v -0.004985 0.020114 0.036022
v -0.003344 0.020003 0.035668
v -0.002413 0.020460 0.034924
v -0.002491 0.022013 0.035208
v -0.013591 0.016673 0.040823
v -0.013767 0.015975 0.040869
v -0.009070 0.016357 0.040122
v -0.008722 0.017157 0.040010
v -0.013450 0.017089 0.040670
v -0.017052 0.017097 0.040529
v -0.017062 0.016692 0.040604
v -0.017186 0.015993 0.040584
v -0.005843 0.017281 0.039219
v -0.005820 0.018092 0.038945
v -0.017222 0.015381 0.040578
v -0.014001 0.015345 0.040809
v -0.009263 0.015728 0.040089
v -0.005782 0.016867 0.039257
v -0.003120 0.018091 0.038022
v -0.004273 0.018264 0.038361
v -0.014095 0.014565 0.040682
v -0.014024 0.013747 0.040569
v -0.009166 0.014134 0.040105
v -0.009282 0.014964 0.040066
v -0.017314 0.014629 0.040314
v -0.017296 0.013752 0.040175
v -0.026968 0.017822 0.036387
v -0.027667 0.018286 0.035636
v -0.027603 0.017722 0.035706
v -0.027174 0.017322 0.036090
v -0.030437 0.014951 0.033415
v -0.031533 0.016310 0.032796
v -0.033374 0.015680 0.031534
v -0.032033 0.014137 0.032641
v -0.041121 0.005632 0.030794
v -0.034521 0.011332 0.032477
v -0.036262 0.012813 0.030641
v -0.026306 0.017635 0.037045
v -0.025482 0.017388 0.037808
v -0.026293 0.017961 0.037055
v -0.026946 0.018259 0.036261
v -0.026532 0.016975 0.036758
v -0.025582 0.016747 0.037616
v -0.024327 0.017217 0.038682
v -0.024375 0.016516 0.038584
v -0.022517 0.016247 0.039545
v -0.022429 0.016939 0.039627
v -0.020127 0.016715 0.040233
v -0.020498 0.017135 0.040191
v -0.020243 0.016047 0.040136
v -0.022675 0.015605 0.039327
v -0.020348 0.015435 0.040045
v -0.024481 0.015849 0.038225
v -0.025762 0.016174 0.037218
v -0.026773 0.016499 0.036313
v -0.027581 0.016866 0.035678
v -0.028143 0.017489 0.035220
v -0.027230 0.015913 0.035793
v -0.028029 0.015132 0.035118
v -0.026532 0.014691 0.036186
v -0.026047 0.015554 0.036770
v -0.028241 0.016395 0.035080
v -0.029223 0.015723 0.034259
v -0.024704 0.015264 0.037782
v -0.024868 0.014471 0.037335
v -0.022799 0.014154 0.038555
v -0.022749 0.014938 0.039001
v -0.020078 0.014828 0.039651
v -0.020226 0.013937 0.039298
v -0.013502 0.017139 0.040504
v -0.013542 0.017239 0.039168
v -0.017041 0.017028 0.039280
v -0.017223 0.017118 0.040361
v -0.020623 0.017165 0.040104
v -0.020078 0.016944 0.039190
v -0.017050 0.016924 0.038205
v -0.016108 0.019345 0.033887
v -0.017381 0.019365 0.033773
v -0.019845 0.016948 0.038045
v -0.013897 0.017261 0.038054
v -0.014605 0.019497 0.033850
v -0.010659 0.018051 0.037492
v -0.013154 0.019828 0.033587
v -0.007933 0.018779 0.037256
v -0.014752 0.030147 0.040694
v -0.014566 0.030338 0.041098
v -0.019940 0.029672 0.041154
v -0.019604 0.029339 0.040754
v -0.063252 0.000713 -0.112141
v -0.066095 0.015635 -0.116760
v -0.055732 0.011242 -0.128797
v -0.022465 0.026887 0.040419
v -0.022453 0.027863 0.040174
v -0.025150 0.026646 0.038935
v -0.024977 0.025716 0.039021
v -0.022409 0.025848 0.040728
v -0.024704 0.024603 0.039200
v -0.019312 0.027134 0.042006
v -0.019425 0.028241 0.041687
v -0.019430 0.029050 0.041187
v -0.024735 0.023026 0.035236
v -0.023896 0.023989 0.035794
v -0.024274 0.023821 0.037210
v -0.025519 0.023011 0.036198
v -0.025456 0.022342 0.034787
v -0.026255 0.022254 0.035503
v -0.020615 0.022188 0.032250
v -0.020229 0.022565 0.032482
v -0.019630 0.023018 0.032837
v -0.020829 0.021840 0.032129
v -0.020968 0.021456 0.032091
v -0.020939 0.021072 0.032126
v -0.020798 0.020749 0.032264
v -0.043682 -0.009958 0.032229
v -0.043943 0.000619 0.030680
v -0.046889 -0.007244 0.028270
v -0.026098 0.018246 0.036878
v -0.026772 0.018614 0.036115
v -0.025642 0.018555 0.036382
v -0.026252 0.018917 0.035795
v -0.027475 0.019180 0.035375
v -0.027803 0.018893 0.035392
v -0.023330 0.017826 0.037033
v -0.019466 0.019675 0.033340
v -0.019997 0.019953 0.033042
v -0.024224 0.018458 0.036314
v -0.021915 0.017195 0.037563
v -0.018623 0.019454 0.033605
v -0.020272 0.020228 0.032768
v -0.020561 0.020469 0.032482
v -0.024655 0.018827 0.035712
v -0.025264 0.019244 0.035157
v -0.026759 0.019497 0.035357
v -0.026027 0.020419 0.034391
v -0.026034 0.021047 0.034387
v -0.027024 0.020077 0.035103
v -0.027103 0.020856 0.034993
v -0.025789 0.019786 0.034660
v -0.025818 0.021695 0.034508
v -0.026765 0.021465 0.035180
v -0.028039 0.018402 0.035290
v -0.028103 0.019328 0.035079
v -0.028744 0.020406 0.034565
v -0.028578 0.018440 0.034836
v -0.029355 0.018471 0.034179
v -0.028896 0.017166 0.034499
v -0.029694 0.021207 0.034156
v -0.031010 0.021705 0.033429
v -0.030739 0.018438 0.033342
v -0.030032 0.016848 0.033680
v -0.027776 0.019881 0.035023
v -0.028036 0.020546 0.034791
v -0.028872 0.022420 0.035201
v -0.029609 0.023405 0.035001
v -0.028252 0.021700 0.035380
v -0.027477 0.022589 0.036415
v -0.027885 0.023459 0.036338
v -0.028472 0.024369 0.036174
v -0.026644 0.024487 0.037640
v -0.027065 0.025457 0.037546
v -0.026341 0.023503 0.037690
v -0.027707 0.021393 0.035337
v -0.027023 0.022159 0.036126
v -0.025985 0.023020 0.037186
v -0.024506 0.023701 0.038781
v -0.022231 0.024791 0.040385
v -0.021970 0.024728 0.038596
v -0.019158 0.026124 0.041582
v -0.018915 0.025639 0.039873
v -0.014821 0.031268 0.041994
v -0.020706 0.030829 0.041963
v -0.018876 0.025616 0.037936
v -0.017123 0.023717 0.033844
v -0.015452 0.023777 0.034057
v -0.015531 0.025654 0.038417
v -0.005416 0.022714 0.036446
v -0.006159 0.023621 0.037192
v -0.011003 0.022757 0.033449
v -0.010599 0.022393 0.033127
v -0.003701 0.022786 0.036652
v -0.004952 0.023761 0.037706
v -0.009620 0.025038 0.038175
v -0.012558 0.023384 0.034039
v -0.011617 0.023079 0.033761
v -0.007895 0.024358 0.037599
v -0.008660 0.025673 0.039755
v -0.006416 0.024621 0.038656
v -0.015375 0.026249 0.040459
v -0.039993 0.072567 -0.141902
v -0.040344 0.057005 -0.145284
v -0.057576 0.058755 -0.132687
v -0.056852 0.072253 -0.130014
v -0.021572 0.024933 0.036972
v -0.018527 0.023433 0.033382
v -0.064882 0.073238 -0.120397
v -0.063414 0.081779 -0.117696
v -0.056134 0.083815 -0.124886
v -0.041476 -0.061577 -0.096891
v -0.031651 -0.073045 -0.104791
v -0.001309 0.022596 0.037257
v -0.003025 0.023923 0.038125
v -0.000170 0.021411 0.036603
v 0.000514 0.021246 0.036562
v -0.000561 0.022680 0.037089
v -0.002037 0.024125 0.037912
v -0.005096 0.025080 0.039073
v -0.004267 0.025484 0.039333
v -0.007504 0.026928 0.041028
v -0.007739 0.026142 0.040693
v -0.014983 0.026978 0.041856
v -0.015009 0.027891 0.042318
v -0.007047 0.027800 0.040446
v -0.003776 0.026046 0.038710
v -0.006480 0.028784 0.039757
v -0.003604 0.027089 0.038348
v -0.015018 0.029746 0.041176
v -0.015103 0.028910 0.041972
v -0.003051 0.018938 0.037579
v -0.000869 0.019331 0.036895
v -0.003666 0.019229 0.037601
v -0.001281 0.019589 0.036830
v -0.004971 0.019428 0.037056
v -0.000396 0.020137 0.036391
v 0.000320 0.019950 0.036426
v -0.005940 0.019445 0.036744
v 0.000107 0.022747 0.036562
v 0.001409 0.021075 0.036287
v 0.001073 0.023266 0.035653
v 0.002035 0.021196 0.035744
v -0.001172 0.025675 0.036532
v -0.001460 0.024441 0.036989
v 0.001282 0.019818 0.036160
v 0.000621 0.019260 0.036447
v 0.002004 0.019797 0.035904
v 0.001341 0.019048 0.036264
v -0.005520 0.016233 0.039239
v -0.005281 0.015584 0.039225
v -0.002373 0.017605 0.037938
v -0.001795 0.017154 0.037766
v -0.013811 0.012859 0.040391
v -0.017152 0.012807 0.040102
v -0.013359 0.011728 0.040401
v -0.017001 0.011581 0.039993
v -0.008328 0.012267 0.040315
v -0.008856 0.013249 0.040168
v -0.030863 -0.116646 -0.013055
v -0.028968 0.014171 0.034589
v -0.030177 0.013080 0.034164
v -0.028135 0.012365 0.035540
v -0.027208 0.013726 0.035717
v -0.025245 0.013401 0.036932
v -0.025686 0.011947 0.036929
v -0.022952 0.011717 0.038143
v -0.022782 0.013110 0.038200
v -0.020212 0.012988 0.039056
v -0.020355 0.011495 0.039154
v -0.032533 0.017960 0.032218
v -0.033491 0.021511 0.031754
v -0.034411 0.017347 0.030864
v -0.036078 0.021117 0.030073
v 0.002827 0.024273 0.035713
v 0.003069 0.021522 0.035355
v 0.004601 0.024985 0.036610
v 0.004648 0.022125 0.036129
v 0.003619 0.027915 0.037773
v 0.001422 0.027136 0.036573
v 0.002807 0.019877 0.035796
v 0.002063 0.018760 0.036048
v 0.003913 0.019790 0.036061
v 0.002980 0.018307 0.036373
v -0.004783 0.014792 0.039176
v -0.004212 0.013876 0.039253
v -0.001128 0.016578 0.037879
v -0.000252 0.015755 0.037938
v -0.059863 -0.010436 -0.108510
v -0.067192 0.031400 -0.119145
v -0.028344 0.034796 0.040910
v -0.025870 0.031987 0.041134
v -0.022001 0.033196 0.042623
v -0.023757 0.036633 0.043144
v -0.031533 0.038746 0.039429
v -0.034416 0.035198 0.036974
v -0.031548 0.032392 0.038459
v -0.028963 0.030224 0.039314
v -0.034160 0.024523 0.032688
v -0.032073 0.024514 0.033952
v -0.031836 0.026347 0.035345
v -0.033943 0.026968 0.034235
v -0.036722 0.024526 0.030973
v -0.036752 0.027825 0.032727
v -0.032980 0.029450 0.036257
v -0.030676 0.028171 0.037221
v -0.035932 0.031120 0.034946
v -0.003783 0.032959 0.041235
v -0.004647 0.031433 0.039995
v -0.002117 0.029213 0.038181
v -0.000564 0.029837 0.038749
v -0.002357 0.034358 0.042053
v 0.001687 0.030720 0.039385
v -0.016458 0.037100 0.044572
v -0.015692 0.034059 0.043352
v -0.006170 0.029466 0.039179
v -0.004227 0.028158 0.038639
v -0.005808 0.029662 0.039024
v -0.003641 0.028122 0.038308
v -0.068376 0.092502 -0.098525
v -0.067916 0.098323 -0.085818
v -0.053084 0.109247 -0.095353
v -0.054776 0.101953 -0.107588
v -0.022410 0.028188 0.040366
v -0.023080 0.028725 0.040350
v -0.025833 0.027638 0.039092
v -0.025233 0.027133 0.039137
v -0.027437 0.026099 0.037585
v -0.028038 0.026583 0.037645
v -0.029418 0.025462 0.036183
v -0.028879 0.025171 0.036235
v -0.029727 0.024324 0.035187
v -0.030288 0.024302 0.034856
v -0.003605 0.029051 0.038601
v -0.005506 0.030144 0.039468
v -0.066630 0.061434 -0.121378
v -0.027913 0.073349 0.030030
v -0.036115 0.069796 0.024910
v -0.032936 0.063438 0.029935
v -0.023989 0.029831 0.041021
v -0.026938 0.028602 0.039488
v -0.029049 0.027266 0.037686
v -0.030372 0.025908 0.036097
v -0.031010 0.024897 0.034965
v -0.067855 -0.013310 -0.026491
v -0.068361 -0.013108 -0.028266
v -0.080276 -0.002879 -0.052448
v -0.078310 0.003621 -0.051694
v -0.076839 0.007039 -0.050303
v -0.077706 0.014240 -0.036869
v -0.079810 0.017425 -0.039385
v -0.082133 -0.021174 -0.045060
v -0.078277 -0.023032 -0.041914
v -0.082092 -0.020247 -0.045572
v -0.087944 0.013433 -0.046875
v -0.088703 0.011843 -0.048101
v -0.089593 0.011512 -0.047535
v -0.050114 -0.031959 -0.101349
v -0.056702 -0.019331 -0.105309
v -0.089257 0.010129 -0.049362
v -0.070378 -0.008386 -0.030319
v -0.081303 -0.003353 -0.052476
v -0.083131 -0.003900 -0.053939
v -0.084011 -0.008986 -0.054006
v -0.083191 -0.008488 -0.053479
v -0.083070 -0.014108 -0.052404
v -0.082384 -0.013317 -0.052022
v -0.084040 -0.017420 -0.047809
v -0.084701 -0.013095 -0.050572
v -0.081046 0.017859 -0.040549
v -0.080962 0.017028 -0.039741
v -0.081859 0.017898 -0.040754
v -0.071425 -0.009461 -0.031538
v -0.076116 0.012059 -0.037229
v -0.075414 0.010352 -0.035520
v -0.075181 0.010782 -0.036094
v -0.070233 -0.004407 -0.036046
v -0.070041 -0.003599 -0.036273
v -0.071304 -0.005933 -0.035358
v -0.072562 -0.007241 -0.032915
v -0.067349 -0.014640 -0.036173
v -0.067310 -0.015295 -0.037735
v -0.066628 -0.016039 -0.037231
v -0.084926 0.023388 -0.042527
v -0.075512 0.009373 -0.035041
v -0.076695 0.010374 -0.035174
v -0.077449 0.011430 -0.035383
v -0.082614 0.017252 -0.040650
v -0.077914 0.012330 -0.035551
v -0.077001 0.012370 -0.035965
v -0.078384 0.013965 -0.036558
v -0.076426 0.012463 -0.036502
v -0.074947 -0.011947 -0.048812
v -0.073565 -0.012064 -0.047031
v -0.069481 0.006704 -0.026403
v -0.070307 0.004917 -0.028632
v -0.076908 -0.023725 -0.039837
v -0.075604 0.012733 -0.044573
v -0.076787 0.015726 -0.046121
v -0.086628 -0.008957 -0.051358
v -0.078326 -0.015081 -0.043170
v -0.076027 -0.016069 -0.042352
v -0.080918 -0.013813 -0.044102
v -0.082957 -0.011251 -0.045233
v -0.073405 0.003512 -0.039813
v -0.082806 0.007812 -0.043764
v -0.083302 0.005758 -0.044817
v -0.081318 0.007974 -0.042779
v -0.077379 0.018807 -0.044198
v -0.077246 0.018539 -0.041853
v -0.074739 0.015556 -0.043992
v -0.077081 0.016747 -0.041560
v -0.069142 -0.011351 -0.035489
v -0.067846 -0.016820 -0.039687
v -0.069860 -0.015457 -0.040549
v -0.069114 -0.017436 -0.040293
v -0.070619 -0.016434 -0.041704
v -0.071101 -0.015215 -0.043213
v -0.071803 -0.013519 -0.044377
v -0.073123 -0.011591 -0.044181
v -0.069048 -0.007283 -0.036130
v -0.074986 0.019047 -0.033038
v -0.068594 -0.009066 -0.036222
v -0.070457 -0.005720 -0.035709
v -0.070321 -0.007450 -0.035365
v -0.069798 -0.009323 -0.035220
v -0.073519 -0.019035 -0.036519
v -0.074065 -0.017547 -0.039045
v -0.072145 -0.018409 -0.036064
v -0.074631 -0.016968 -0.041136
v -0.071017 -0.018061 -0.035857
v -0.076952 0.013518 -0.043590
v -0.077608 0.016317 -0.043187
v -0.067683 -0.010098 -0.024677
v -0.050058 -0.002242 0.023464
v -0.052503 0.007186 0.018050
v -0.008083 -0.049577 0.039174
v -0.007248 -0.052386 0.039569
v -0.039773 -0.012436 0.035939
v -0.034573 -0.015064 0.039824
v -0.004864 -0.044604 0.049872
v -0.003958 -0.045252 0.050015
v -0.002974 -0.044537 0.050244
v -0.003844 -0.044431 0.049857
v -0.002060 -0.043586 0.048558
v -0.003027 -0.044014 0.047756
v -0.002942 -0.044001 0.048989
v -0.002023 -0.043664 0.049745
v -0.008181 -0.029874 0.050734
v -0.012174 -0.025820 0.049663
v -0.015267 -0.030148 0.049184
v -0.011609 -0.033509 0.050307
v -0.006038 -0.046580 0.041140
v -0.005843 -0.045036 0.041422
v -0.004582 -0.044635 0.043997
v -0.004643 -0.045350 0.043781
v -0.005927 -0.047554 0.041225
v -0.004466 -0.045679 0.043829
v -0.008069 -0.047880 0.039025
v -0.007824 -0.045348 0.039154
v -0.014537 -0.050833 0.047187
v -0.010676 -0.048664 0.048261
v -0.011611 -0.045634 0.048826
v -0.015484 -0.046348 0.047806
v -0.004885 -0.017980 0.048922
v -0.008712 -0.021645 0.049462
v -0.005644 -0.026073 0.050155
v -0.001630 -0.021636 0.049187
v 0.002061 -0.017074 0.049062
v -0.000942 -0.013809 0.048393
v 0.004442 -0.008996 0.052180
v 0.004126 -0.012676 0.053523
v 0.005640 -0.013776 0.056705
v 0.004939 -0.011505 0.055620
v 0.006998 -0.017877 0.054942
v 0.003806 -0.014953 0.052077
v 0.011086 -0.019236 0.054734
v 0.011511 -0.018753 0.055727
v 0.006464 -0.018282 0.053435
v 0.005794 -0.019286 0.051572
v 0.010312 -0.019877 0.053636
v 0.012256 -0.018022 0.056563
v 0.009427 -0.017594 0.057061
v 0.008236 -0.015331 0.058740
v 0.019991 -0.016631 0.063321
v 0.019287 -0.015143 0.065455
v 0.012004 0.014139 0.049354
v 0.008605 0.010592 0.047076
v 0.012272 0.011503 0.051635
v 0.009023 0.008291 0.049202
v 0.009518 -0.012960 0.061909
v 0.007828 -0.011140 0.060697
v 0.012617 -0.011808 0.065085
v 0.011693 -0.009151 0.064942
v 0.017297 0.028876 0.047107
v 0.021086 -0.020402 0.058996
v 0.020654 -0.020997 0.058557
v 0.021705 -0.019066 0.060567
v -0.038000 0.095058 -0.129530
v -0.036147 0.107324 -0.118506
v -0.030467 0.120247 -0.096020
v -0.025727 0.124423 -0.084298
v 0.017968 -0.037435 0.060040
v 0.018133 -0.034736 0.059945
v 0.007673 -0.042476 0.045877
v 0.013345 -0.042656 0.046194
v 0.014099 -0.043595 0.049125
v 0.008481 -0.043752 0.048951
v 0.004441 -0.043681 0.048043
v 0.003206 -0.042404 0.045028
v 0.006990 -0.041047 0.043519
v 0.012692 -0.041125 0.043427
v 0.010167 -0.044687 0.054247
v 0.015777 -0.044328 0.055125
v 0.016597 -0.042656 0.057618
v 0.010781 -0.043086 0.056324
v 0.002947 -0.023472 0.050852
v 0.007528 -0.022936 0.052604
v 0.012327 -0.022922 0.055276
v 0.016042 -0.023150 0.057179
v 0.016822 -0.021129 0.057291
v 0.013923 -0.020535 0.055632
v 0.017248 -0.020301 0.057550
v 0.014548 -0.019824 0.056099
v 0.014816 -0.019210 0.056628
v 0.014411 -0.018343 0.057001
v 0.016296 -0.018311 0.057902
v 0.015800 -0.017597 0.057845
v 0.017398 -0.019621 0.057919
v 0.020046 0.006023 0.063285
v 0.019660 0.009445 0.060320
v 0.013081 -0.033231 0.058932
v 0.017936 -0.032637 0.059302
v 0.018634 -0.028494 0.058336
v 0.014070 -0.028651 0.057883
v 0.009043 -0.029420 0.056454
v 0.007648 -0.034837 0.057430
v 0.020217 -0.021773 0.058247
v 0.012860 -0.035490 0.059248
v 0.012494 -0.037986 0.059058
v 0.007258 -0.037207 0.057607
v 0.006944 -0.039448 0.057253
v 0.002382 -0.037150 0.055316
v 0.003223 -0.031213 0.054690
v -0.003015 -0.033137 0.052717
v -0.002115 -0.039617 0.053171
v -0.011119 -0.042690 0.049749
v -0.006423 -0.044875 0.049721
v -0.006158 -0.043665 0.050189
v -0.005674 -0.042579 0.050916
v -0.010251 -0.039683 0.050615
v -0.014810 -0.042004 0.048840
v -0.013747 -0.037610 0.049710
v -0.007875 -0.036455 0.051556
v -0.004594 -0.041271 0.051803
v -0.004838 -0.043937 0.050337
v -0.003899 -0.044160 0.050076
v -0.004312 -0.043413 0.050946
v -0.003471 -0.043976 0.050567
v -0.003526 -0.042787 0.051730
v -0.002732 -0.043767 0.051217
v -0.001305 -0.043197 0.052267
v -0.001776 -0.041707 0.052935
v -0.002142 -0.044536 0.048576
v -0.000822 -0.044768 0.049162
v -0.000527 -0.044784 0.050295
v -0.001833 -0.044634 0.049428
v -0.003056 -0.044405 0.048016
v -0.002587 -0.044436 0.049018
v -0.003963 -0.044403 0.044447
v -0.003076 -0.044082 0.044858
v -0.003541 -0.044170 0.047669
v -0.003386 -0.044236 0.048586
v -0.003061 -0.044185 0.049705
v -0.002852 -0.044280 0.049906
v -0.002128 -0.044357 0.050406
v -0.000839 -0.044244 0.051273
v 0.006685 -0.041576 0.056228
v 0.002576 -0.041298 0.054908
v 0.002604 -0.043073 0.053708
v 0.006372 -0.043804 0.054534
v 0.002629 -0.044439 0.052324
v 0.001999 -0.040991 0.042715
v 0.006021 -0.044872 0.052558
v -0.001146 -0.042702 0.043441
v -0.002696 -0.041544 0.041282
v 0.000326 -0.043768 0.046346
v -0.005170 -0.044157 0.041910
v -0.004404 -0.043398 0.042103
v -0.007133 -0.043661 0.039503
v -0.006046 -0.042469 0.040011
v 0.002263 -0.044853 0.050771
v 0.002387 -0.039410 0.055373
v 0.011763 -0.040474 0.057950
v 0.017325 -0.039922 0.059024
v 0.020672 -0.001621 0.069910
v 0.020279 0.002564 0.066426
v -0.002281 -0.043982 0.050308
v -0.008683 -0.124780 -0.001661
v -0.005458 -0.046030 0.049645
v -0.005349 -0.049659 0.041364
v -0.003678 -0.046518 0.044194
v -0.011560 -0.055322 0.047454
v -0.006148 -0.058700 0.049633
v -0.003938 -0.054623 0.050735
v -0.008323 -0.052000 0.048700
v -0.000772 -0.048779 0.052531
v -0.003741 -0.047199 0.050671
v -0.002319 -0.045894 0.051321
v 0.000636 -0.046527 0.053219
v 0.001570 -0.044700 0.053519
v -0.001311 -0.044674 0.051477
v 0.003171 -0.042361 0.052545
v 0.007964 -0.041717 0.054013
v 0.007480 -0.046073 0.049160
v 0.002621 -0.046476 0.047768
v -0.002212 -0.046420 0.045422
v -0.000718 -0.043098 0.049573
v 0.002855 -0.042471 0.053181
v -0.000499 -0.043137 0.050895
v 0.007667 -0.041826 0.055255
v -0.019172 -0.121642 -0.006185
v -0.000885 -0.043653 0.051352
v 0.002277 -0.043137 0.053362
v 0.007118 -0.042778 0.055900
v 0.006297 -0.044749 0.056266
v 0.005468 -0.047246 0.056417
v 0.004528 -0.050228 0.055730
v 0.001947 -0.057578 0.053337
v 0.000223 -0.062565 0.052410
v 0.008775 -0.059001 0.055057
v 0.007509 -0.064234 0.055076
v 0.010203 -0.051292 0.058057
v 0.010821 -0.047688 0.059229
v 0.011516 -0.044769 0.058792
v 0.011998 -0.042583 0.058011
v 0.019536 -0.023418 0.057926
v 0.017762 -0.018161 0.058986
v 0.019303 -0.017603 0.060884
v 0.017195 -0.013570 0.066685
v 0.022281 -0.018074 0.062785
v 0.014422 -0.012036 0.066612
v 0.016455 -0.012470 0.067742
v 0.016006 -0.010828 0.068669
v 0.014569 -0.010189 0.067724
v 0.018235 -0.013028 0.068721
v 0.017077 -0.011034 0.069560
v 0.022631 -0.014186 0.069789
v 0.022249 -0.010752 0.071989
v 0.021217 -0.005206 0.071842
v 0.021908 -0.008523 0.072484
v 0.015670 -0.009192 0.069314
v 0.014085 -0.007343 0.067871
v 0.013422 -0.004345 0.065814
v 0.010588 -0.006538 0.062676
v -0.007946 0.129311 -0.043184
v 0.012538 -0.041368 0.057101
v 0.013096 -0.041240 0.055311
v 0.006415 -0.056285 0.042714
v 0.006870 -0.051900 0.044938
v 0.011891 -0.052079 0.045551
v 0.011479 -0.056408 0.043542
v 0.017312 -0.040919 0.055616
v 0.016263 -0.045759 0.049996
v 0.012358 -0.045779 0.049861
v 0.017333 -0.041173 0.057403
v 0.017116 -0.042485 0.058572
v 0.016837 -0.044830 0.059670
v 0.015640 -0.052244 0.045579
v 0.015192 -0.056797 0.043610
v -0.003555 -0.050820 0.042233
v -0.004506 -0.054724 0.040345
v 0.001542 -0.051919 0.043927
v 0.000730 -0.055547 0.041970
v 0.014710 -0.064466 0.056665
v 0.015432 -0.059436 0.055962
v 0.016295 -0.048094 0.060014
v 0.015975 -0.051966 0.058692
v -0.033794 0.114996 -0.107825
v -0.052037 0.075949 0.004416
v -0.048822 0.069195 0.011880
v -0.040713 0.076543 0.017581
v -0.044183 0.082076 0.010696
v -0.054190 0.083800 -0.003541
v -0.046218 0.088706 0.003134
v -0.040884 0.121453 -0.056324
v -0.038557 0.120693 -0.042194
v -0.019137 0.126700 -0.042162
v -0.038664 0.121610 -0.071074
v -0.052700 0.113439 -0.077751
v -0.050902 0.115953 -0.058249
v -0.047739 0.115650 -0.043229
v -0.030402 -0.084958 -0.106882
v -0.067416 0.044041 -0.120417
v -0.043712 0.114537 -0.029926
v -0.035152 0.118773 -0.028788
v -0.032205 0.115631 -0.016711
v -0.040110 0.112177 -0.018677
v -0.016109 0.124218 -0.028025
v -0.004919 0.126474 -0.028440
v -0.037223 0.007458 -0.140264
v 0.019203 0.012835 0.057605
v -0.052362 -0.048637 -0.085504
v -0.059396 -0.049140 -0.066412
v -0.059156 -0.101711 -0.047181
v -0.069048 -0.026084 -0.042736
v -0.068892 -0.025356 -0.043450
v -0.058792 -0.064485 -0.047263
v -0.059962 -0.050359 -0.046902
v -0.044492 -0.047354 -0.098285
v -0.079411 -0.014840 -0.051586
v -0.080352 -0.011126 -0.052382
v -0.080552 -0.015760 -0.051069
v -0.081482 -0.011762 -0.052124
v -0.081598 -0.007418 -0.052655
v -0.080976 -0.017531 -0.050190
v -0.076871 0.018366 -0.040296
v -0.078202 0.019862 -0.038881
v -0.067614 -0.027661 -0.038930
v -0.067838 -0.026982 -0.040223
v -0.067092 -0.027371 -0.039925
v -0.066680 -0.027842 -0.038611
v -0.067059 -0.028539 -0.037590
v -0.066246 -0.028419 -0.037750
v -0.074918 0.035125 -0.032818
v -0.065456 -0.027608 -0.041428
v -0.068041 -0.025850 -0.043103
v -0.067700 -0.026461 -0.041639
v -0.066990 -0.027351 -0.040629
v -0.066072 -0.028208 -0.039571
v -0.065713 -0.029130 -0.037902
v -0.066197 -0.029761 -0.036619
v -0.081335 -0.018668 -0.050453
v -0.072224 -0.028852 -0.040570
v -0.076996 0.012283 -0.046104
v -0.077297 0.010455 -0.047744
v -0.079720 0.011993 -0.048702
v -0.079322 0.014019 -0.047253
v -0.067555 -0.009677 -0.094929
v -0.071359 0.001350 -0.098470
v -0.017796 -0.082593 -0.111955
v -0.019026 -0.069884 -0.111315
v -0.082497 0.033582 -0.079973
v -0.076718 0.013727 -0.044755
v -0.079144 0.015641 -0.045824
v -0.080582 -0.006918 -0.052694
v -0.074793 0.013659 -0.045355
v -0.075390 0.012014 -0.046665
v -0.080594 0.017199 -0.047169
v -0.080746 0.015324 -0.048703
v -0.081354 0.012991 -0.050103
v -0.075961 0.010143 -0.048069
v -0.077768 0.017306 -0.045963
v -0.081853 0.063746 -0.055720
v -0.083957 0.058071 -0.069667
v -0.079177 0.080652 -0.059755
v -0.081296 0.075812 -0.074956
v -0.080152 0.070051 -0.091489
v -0.082662 0.051302 -0.086309
v -0.076941 0.018502 -0.040676
v -0.079163 0.020934 -0.039274
v -0.056155 0.090258 -0.011132
v -0.062635 0.085376 -0.017259
v -0.047726 0.094550 -0.003909
v -0.048812 0.099839 -0.010564
v -0.056841 0.096414 -0.018134
v -0.066398 0.089778 -0.028644
v -0.077950 0.054286 -0.041312
v -0.077309 0.068989 -0.042170
v -0.071647 0.072891 -0.029392
v -0.074045 0.085390 -0.044781
v -0.063444 0.098935 -0.035762
v -0.069992 0.095466 -0.049397
v -0.057219 0.107422 -0.040982
v -0.062238 0.105617 -0.054987
v -0.065298 0.103139 -0.070756
v -0.074651 0.091632 -0.064000
v -0.056175 0.101939 -0.024597
v -0.048244 0.104636 -0.016257
v -0.051846 0.108337 -0.029058
v -0.046868 0.108682 -0.021213
v -0.068261 0.074495 -0.022659
v -0.061256 -0.034213 -0.038175
v -0.062179 -0.034634 -0.032390
v -0.064888 -0.024083 -0.022698
v -0.056547 0.000339 0.012034
v -0.056956 0.012996 0.009270
v -0.062307 0.004984 -0.000402
v -0.060352 -0.009735 0.001248
v -0.055867 0.026795 0.007031
v -0.061555 0.019329 -0.002298
v -0.062210 0.033830 -0.004517
v -0.056099 0.041307 0.006412
v -0.074728 0.064782 -0.108113
v -0.076674 0.047993 -0.105796
v -0.076782 0.035170 -0.104039
v -0.030608 0.057649 0.033451
v -0.039042 0.086195 -0.135726
v -0.031606 0.080739 0.023214
v -0.067094 0.085144 -0.109892
v -0.055664 0.091275 -0.118972
v -0.076937 0.086986 -0.079006
v -0.076543 0.081944 -0.092923
v -0.071738 0.075748 -0.109100
v -0.075473 0.018943 -0.102503
v -0.039176 0.108151 -0.011124
v -0.039832 0.024374 0.028547
v -0.039176 0.019718 0.027658
v -0.040001 0.029193 0.030065
v -0.037352 0.014813 0.029233
v 0.004846 0.007221 0.045506
v 0.005576 0.005210 0.047385
v 0.006193 0.002677 0.049235
v 0.001820 0.002463 0.046009
v 0.002660 -0.000486 0.047669
v 0.010283 0.003096 0.053900
v 0.009514 0.005678 0.051464
v 0.007093 0.000245 0.051095
v 0.007635 -0.002763 0.052896
v 0.010606 0.000144 0.056203
v 0.002751 -0.014982 0.050120
v 0.001557 -0.010309 0.048755
v 0.004492 -0.006305 0.050167
v -0.001267 -0.003286 0.047000
v 0.000019 -0.006507 0.048042
v 0.003650 -0.003120 0.048952
v -0.002621 -0.000047 0.045387
v 0.007178 -0.006106 0.055432
v 0.006868 -0.009317 0.058598
v 0.010775 -0.003224 0.059401
v 0.013243 -0.001076 0.062407
v 0.013113 0.002458 0.059175
v 0.000881 0.004666 0.044421
v -0.004041 0.002496 0.044176
v -0.003683 -0.009798 0.048305
v -0.008260 -0.012965 0.048965
v -0.005957 -0.005645 0.047062
v -0.010247 -0.008198 0.047494
v -0.007283 -0.002172 0.045655
v -0.011795 -0.004522 0.045901
v -0.012364 -0.016903 0.049291
v -0.016133 -0.020842 0.049044
v -0.019609 -0.026281 0.048138
v -0.019188 -0.015751 0.047684
v -0.023354 -0.021135 0.046654
v -0.021320 -0.010598 0.045901
v -0.026241 -0.015799 0.044883
v -0.014914 -0.011471 0.047759
v -0.016803 -0.007425 0.046026
v -0.013195 -0.000953 0.044278
v -0.008763 0.000975 0.044324
v -0.022862 -0.000019 0.042140
v -0.022429 -0.005343 0.044050
v -0.017861 -0.003039 0.044153
v -0.018647 0.001294 0.042412
v -0.027965 -0.009043 0.043131
v -0.027747 -0.001643 0.041518
v -0.027122 0.003158 0.039818
v -0.012525 0.009790 0.040906
v -0.007630 0.010490 0.040761
v -0.016329 0.009426 0.040562
v -0.022779 0.003858 0.040672
v -0.019152 0.004573 0.041282
v -0.032145 0.010231 0.034348
v -0.029436 0.009488 0.036108
v -0.023018 0.009072 0.039007
v -0.019866 0.009161 0.039890
v -0.026350 0.009198 0.037708
v -0.003133 0.012080 0.039794
v 0.001425 0.014099 0.038864
v -0.057670 -0.062434 -0.064063
v 0.013147 0.005642 0.056675
v 0.012695 0.008577 0.054048
v 0.004558 0.031115 0.040542
v 0.006556 0.028256 0.039403
v 0.013589 0.028740 0.045147
v 0.001280 0.035398 0.043627
v 0.004584 0.016834 0.038162
v 0.006332 0.019384 0.037782
v 0.007302 0.022042 0.037944
v 0.007632 0.025262 0.038406
v -0.009534 0.048722 0.047049
v -0.005783 0.042240 0.047930
v -0.043622 0.062445 0.020000
v -0.048069 0.053989 0.016752
v -0.033060 0.043998 0.036572
v -0.036808 0.039817 0.034116
v -0.039166 0.034603 0.031818
v -0.050572 0.042532 0.014259
v -0.051467 0.030085 0.013916
v -0.052394 0.018270 0.015185
v -0.036417 0.092823 0.009671
v -0.037623 0.098460 0.002894
v -0.034604 0.086823 0.016601
v -0.030061 0.111472 -0.007496
v -0.028515 0.106992 0.000800
v -0.038561 0.103606 -0.003968
v -0.027565 0.101831 0.008071
v -0.026597 0.096218 0.014813
v -0.024746 0.090313 0.021726
v -0.022191 0.084000 0.028383
v -0.019107 0.075554 0.034449
v -0.050934 -0.061269 -0.083827
v 0.015080 -0.007502 0.054277
v 0.015583 -0.007585 0.054655
v 0.015288 -0.007521 0.054038
v 0.015857 -0.007555 0.054446
v 0.015515 -0.007940 0.054629
v 0.016049 -0.015957 0.057172
v 0.016822 -0.013974 0.056054
v 0.016281 -0.010335 0.055422
v -0.064734 -0.030498 -0.025448
v -0.058750 -0.097474 -0.062317
v -0.055940 -0.093955 -0.075788
v 0.055526 -0.096777 -0.068976
v 0.050710 -0.093275 -0.082509
v 0.022052 -0.127118 -0.010421
v 0.034109 -0.123263 -0.017542
v 0.034742 -0.131741 -0.018704
v 0.021989 -0.135014 -0.012341
v 0.059196 -0.114639 -0.073497
v 0.056932 -0.105853 -0.069849
v 0.052540 -0.102306 -0.084275
v 0.055950 -0.110976 -0.088898
v 0.045027 -0.100144 -0.096443
v 0.048438 -0.109824 -0.101794
v 0.037589 -0.110091 -0.111276
v 0.035000 -0.098690 -0.105658
v 0.023282 -0.097891 -0.112124
v 0.025128 -0.110480 -0.117110
v 0.046066 -0.118618 -0.027160
v 0.054593 -0.113780 -0.039809
v 0.055637 -0.123099 -0.041788
v 0.046780 -0.127558 -0.028612
v 0.058477 -0.109567 -0.054389
v 0.059718 -0.118824 -0.057363
v 0.011192 -0.110544 -0.119839
v 0.009707 -0.096814 -0.115175
v 0.023304 -0.154491 -0.015426
v 0.009862 -0.156786 -0.013901
v 0.010203 -0.146548 -0.011052
v 0.022590 -0.144513 -0.014080
v 0.054258 -0.158034 -0.034489
v 0.067802 -0.151703 -0.048463
v 0.074297 -0.160169 -0.045255
v 0.058470 -0.167639 -0.031529
v 0.095611 -0.157581 -0.057961
v 0.104390 -0.146498 -0.080192
v 0.038509 -0.161844 -0.023162
v 0.040924 -0.171557 -0.019601
v -0.002966 -0.123094 -0.126827
v -0.003433 -0.110257 -0.119910
v 0.094478 -0.141209 -0.082398
v 0.093134 -0.137435 -0.106503
v 0.105219 -0.143122 -0.105389
v 0.051245 -0.159005 -0.144384
v 0.051641 -0.165858 -0.147106
v 0.066060 -0.161166 -0.145454
v 0.062274 -0.154706 -0.141670
v 0.072445 -0.125373 -0.100877
v 0.061185 -0.126038 -0.115689
v 0.069206 -0.133637 -0.121229
v 0.082607 -0.131396 -0.105073
v 0.034566 -0.142977 -0.137089
v 0.052344 -0.137847 -0.131282
v 0.046575 -0.129517 -0.125524
v 0.030714 -0.132476 -0.131459
v 0.084863 -0.136235 -0.082840
v 0.074597 -0.130530 -0.081107
v 0.077735 -0.144533 -0.064601
v 0.069619 -0.137292 -0.063820
v 0.062208 -0.143008 -0.047897
v 0.054047 -0.118587 -0.108764
v 0.041743 -0.120232 -0.118413
v 0.027464 -0.121961 -0.124319
v 0.012417 -0.122972 -0.126745
v -0.002474 -0.172188 -0.144915
v -0.002360 -0.159889 -0.142980
v 0.015775 -0.145373 -0.138390
v 0.014159 -0.134498 -0.133623
v 0.086171 -0.150903 -0.062788
v 0.063148 -0.128506 -0.061333
v 0.058166 -0.133164 -0.045076
v 0.065075 -0.174686 -0.021076
v 0.082905 -0.168590 -0.037525
v 0.045271 -0.179222 -0.009431
v 0.027220 -0.183091 -0.002658
v 0.017442 -0.158588 -0.142223
v 0.016700 -0.170660 -0.144534
v 0.035638 -0.167884 -0.145842
v 0.039289 -0.155199 -0.142593
v 0.051019 -0.148072 -0.033434
v 0.037531 -0.151835 -0.022000
v 0.023566 -0.164365 -0.015518
v 0.062643 -0.118815 -0.094694
v 0.064997 -0.123031 -0.077769
v 0.048674 -0.137548 -0.031190
v 0.035934 -0.141679 -0.020653
v 0.010290 -0.137426 -0.008061
v 0.024832 -0.174088 -0.011240
v 0.093221 -0.147517 -0.126843
v 0.079974 -0.154823 -0.139286
v 0.073374 -0.151000 -0.137116
v -0.002755 -0.146327 -0.139196
v -0.001028 -0.147475 -0.009955
v -0.001436 -0.157604 -0.013420
v -0.000268 -0.138276 -0.006244
v 0.078235 -0.142437 -0.127475
v 0.058002 -0.147200 -0.136948
v 0.000474 -0.131113 -0.002985
v -0.004251 -0.096137 -0.115433
v -0.001477 -0.168849 -0.015912
v -0.001200 -0.180695 -0.012262
v -0.000706 -0.189938 -0.002184
v 0.011095 -0.130025 -0.005186
v 0.011207 -0.178222 -0.011089
v 0.010245 -0.167355 -0.015016
v 0.012621 -0.187812 -0.002028
v -0.002741 -0.134657 -0.133813
v -0.020136 -0.127774 -0.008357
v -0.031981 -0.123817 -0.014407
v -0.033606 -0.132411 -0.016035
v -0.021477 -0.135755 -0.010293
v -0.062288 -0.115432 -0.069253
v -0.060071 -0.106645 -0.064436
v -0.057237 -0.103010 -0.079182
v -0.060310 -0.111692 -0.084891
v -0.050823 -0.100779 -0.092254
v -0.053742 -0.110407 -0.098432
v -0.043324 -0.110552 -0.108854
v -0.041504 -0.099203 -0.102513
v -0.029611 -0.098257 -0.110348
v -0.030650 -0.110807 -0.115782
v -0.044075 -0.119214 -0.023167
v -0.053608 -0.114611 -0.035139
v -0.055050 -0.123593 -0.038112
v -0.045547 -0.128071 -0.025239
v -0.059761 -0.110536 -0.048716
v -0.061113 -0.119751 -0.053014
v -0.017077 -0.110743 -0.119098
v -0.017051 -0.097020 -0.114115
v -0.024457 -0.155411 -0.013905
v -0.012081 -0.157347 -0.012818
v -0.011326 -0.146999 -0.009878
v -0.023130 -0.145303 -0.012337
v -0.054285 -0.159403 -0.033202
v -0.068565 -0.152654 -0.046082
v -0.074994 -0.161135 -0.042680
v -0.059084 -0.168882 -0.029632
v -0.096876 -0.158599 -0.053802
v -0.106995 -0.147402 -0.074982
v -0.039282 -0.163176 -0.021846
v -0.042122 -0.173098 -0.018247
v -0.097242 -0.142008 -0.078141
v -0.097389 -0.138056 -0.102058
v -0.109707 -0.143831 -0.099351
v -0.056793 -0.159301 -0.142495
v -0.057038 -0.166108 -0.145361
v -0.072616 -0.161483 -0.142081
v -0.068072 -0.155072 -0.138983
v -0.076527 -0.125995 -0.097471
v -0.066062 -0.126804 -0.112621
v -0.074124 -0.134171 -0.118179
v -0.086695 -0.132033 -0.101353
v -0.039487 -0.143260 -0.135984
v -0.057553 -0.138014 -0.129183
v -0.051576 -0.129232 -0.123713
v -0.035425 -0.132720 -0.130405
v -0.087691 -0.136993 -0.079152
v -0.077437 -0.131265 -0.077629
v -0.079507 -0.145377 -0.061482
v -0.071422 -0.138098 -0.060742
v -0.062681 -0.143909 -0.045719
v -0.059025 -0.119117 -0.105811
v -0.046867 -0.120624 -0.116464
v -0.032663 -0.122209 -0.123072
v -0.017659 -0.123688 -0.125831
v -0.020894 -0.146401 -0.138109
v -0.020103 -0.132483 -0.132548
v -0.087767 -0.151852 -0.059364
v -0.064806 -0.129334 -0.057981
v -0.058374 -0.133789 -0.042304
v -0.065679 -0.176259 -0.018639
v -0.083459 -0.169718 -0.034340
v -0.046343 -0.180657 -0.007721
v -0.028579 -0.183847 -0.001359
v -0.022386 -0.158662 -0.141743
v -0.021685 -0.170727 -0.143933
v -0.040928 -0.168170 -0.144608
v -0.044659 -0.155481 -0.141191
v -0.050865 -0.148912 -0.031796
v -0.037873 -0.152780 -0.020345
v -0.025248 -0.165667 -0.014561
v -0.066809 -0.119476 -0.091208
v -0.068043 -0.123807 -0.074151
v -0.048104 -0.138094 -0.028696
v -0.035635 -0.142460 -0.018752
v -0.010634 -0.137892 -0.007020
v -0.026684 -0.175112 -0.010152
v -0.099500 -0.148140 -0.120847
v -0.086929 -0.155294 -0.134346
v -0.079407 -0.151434 -0.133404
v -0.083663 -0.142982 -0.123691
v -0.063326 -0.147614 -0.134665
v -0.009647 -0.130387 -0.004306
v -0.013388 -0.178773 -0.010442
v -0.012693 -0.168126 -0.014403
v -0.013844 -0.187946 -0.001352
v 0.015049 -0.007896 0.054349
v -0.058850 -0.032756 -0.003047
v -0.059832 -0.040369 -0.010767
v -0.055461 -0.051574 -0.004061
v -0.054782 -0.043124 0.004229
v -0.049461 -0.061581 0.002808
v -0.050689 -0.051616 0.009820
v -0.042460 -0.069299 0.010796
v -0.045135 -0.059299 0.016352
v -0.035837 -0.073887 0.019956
v -0.039203 -0.064191 0.023680
v -0.016260 -0.076711 0.040146
v -0.016140 -0.081773 0.035693
v -0.007173 -0.084346 0.042728
v -0.006498 -0.080301 0.047157
v 0.001746 -0.086499 0.048363
v 0.002243 -0.082493 0.052561
v 0.010644 -0.087255 0.050834
v 0.011694 -0.083320 0.055075
v 0.020714 -0.087134 0.050851
v 0.021728 -0.083015 0.054977
v 0.022534 -0.073516 0.057895
v 0.013602 -0.073893 0.058449
v 0.012639 -0.078745 0.057460
v 0.022302 -0.078911 0.057037
v 0.005454 -0.073215 0.056117
v 0.003399 -0.078191 0.054884
v -0.002299 -0.071091 0.051829
v -0.004964 -0.075975 0.049977
v -0.011234 -0.067310 0.046474
v -0.014195 -0.072206 0.043755
v -0.018158 -0.062776 0.043495
v -0.022686 -0.065738 0.039646
v 0.009461 -0.090410 0.044148
v 0.018978 -0.090214 0.044839
v 0.001082 -0.089662 0.041811
v -0.007351 -0.087664 0.036875
v -0.015204 -0.085904 0.030621
v -0.027553 -0.076926 0.028653
v -0.023731 -0.083893 0.022990
v -0.032316 -0.079978 0.015387
v -0.039059 -0.075631 0.005184
v -0.047606 -0.067718 -0.004155
v -0.055327 -0.056700 -0.012469
v -0.060129 -0.044742 -0.018956
v -0.062093 -0.032446 -0.015702
v 0.006942 -0.069005 0.056077
v 0.014306 -0.069212 0.057946
v -0.000158 -0.067175 0.052630
v -0.008427 -0.063060 0.048260
v -0.014951 -0.058967 0.045843
v -0.019856 -0.047174 0.046039
v -0.018727 -0.053306 0.045535
v -0.017875 -0.035383 0.048211
v -0.019056 -0.041187 0.047134
v -0.026792 -0.028813 0.044591
v -0.029068 -0.037487 0.041919
v -0.024131 -0.040148 0.044752
v -0.022463 -0.032588 0.046571
v -0.030709 -0.022876 0.042240
v -0.033806 -0.033306 0.038605
v 0.008538 -0.093027 0.038070
v 0.016677 -0.093267 0.037915
v 0.001182 -0.092599 0.035775
v -0.006487 -0.091577 0.030952
v -0.012934 -0.091034 0.024581
v -0.019896 -0.090045 0.017381
v -0.026906 -0.087677 0.008885
v -0.034626 -0.083450 -0.000813
v -0.044515 -0.075172 -0.011232
v -0.054418 -0.061405 -0.020163
v -0.059044 -0.048666 -0.026889
v -0.013846 -0.098245 0.011067
v -0.007742 -0.097503 0.017150
v -0.002063 -0.097758 0.022414
v 0.002740 -0.097526 0.026728
v 0.006864 -0.098820 0.025440
v 0.012494 -0.099726 0.024029
v 0.004661 -0.100860 0.017564
v 0.010413 -0.101750 0.017270
v 0.000290 -0.103364 0.013317
v 0.008746 -0.104245 0.013626
v -0.003557 -0.106681 0.010375
v 0.006347 -0.108790 0.010203
v -0.022851 -0.056105 0.042856
v -0.028209 -0.056879 0.038670
v -0.029839 -0.047073 0.039633
v -0.035209 -0.044348 0.035240
v -0.034347 -0.056157 0.033210
v -0.024637 -0.048307 0.043357
v -0.041046 -0.052708 0.026609
v -0.040777 -0.039849 0.030195
v -0.038382 -0.027320 0.035290
v -0.044887 -0.034067 0.025778
v -0.046224 -0.047167 0.020317
v -0.042626 -0.023056 0.031444
v -0.046030 -0.018824 0.027864
v -0.047950 -0.029296 0.021739
v -0.049726 -0.040515 0.015791
v -0.030145 -0.068684 0.032171
v -0.052873 -0.034329 0.010902
v -0.049169 -0.014903 0.023659
v -0.050832 -0.024212 0.017441
v -0.052714 -0.009422 0.018253
v -0.055145 -0.018383 0.010034
v -0.057115 -0.026543 0.003225
v -0.062292 -0.024291 -0.011426
v 0.022543 -0.068819 0.057652
v -0.062366 -0.032800 -0.042572
v -0.000572 -0.028844 0.052066
v 0.005222 -0.027013 0.053692
v 0.010712 -0.026235 0.055839
v 0.015130 -0.025898 0.057458
v 0.019214 -0.025955 0.058072
v 0.002692 -0.120249 0.003523
v 0.021365 0.042276 0.047118
v 0.004171 -0.113423 0.007407
v 0.019533 -0.056935 0.043088
v 0.005384 0.127498 -0.029413
v 0.022390 -0.064094 0.056980
v 0.020050 -0.052102 0.045180
v 0.025234 0.003474 0.067398
v 0.022196 -0.059809 0.055927
v 0.022883 -0.048664 0.059494
v 0.022695 -0.042456 0.058068
v 0.019519 0.078556 0.037674
v 0.022905 -0.044887 0.059306
v 0.022763 -0.023811 0.057662
v 0.025944 -0.000609 0.070739
v 0.022427 -0.041056 0.056720
v -0.009787 -0.044954 -0.117064
v 0.022584 -0.052423 0.057827
v 0.020847 -0.045837 0.049482
v 0.022083 -0.040765 0.055091
v 0.020011 -0.041467 0.042349
v 0.022866 -0.026636 0.057587
v 0.022494 0.020238 0.053203
v -0.016654 -0.006208 -0.140344
v 0.022908 0.017186 0.055738
v 0.015526 0.102546 0.020160
v 0.018264 0.088810 0.032222
v 0.024561 0.007276 0.064126
v -0.020476 0.056634 -0.152848
v -0.019716 0.073119 -0.149710
v 0.020595 0.061278 0.043282
v -0.007270 0.126185 -0.091459
v 0.026395 -0.004529 0.072838
v 0.023872 -0.018541 0.062590
v 0.010352 0.119191 -0.004928
v -0.020114 0.022191 -0.150518
v -0.012278 0.117049 -0.115335
v 0.022906 -0.042695 0.057162
v 0.007969 0.123691 -0.016625
v 0.022353 -0.044320 0.054265
v 0.025556 -0.014823 0.069936
v -0.018807 0.006424 -0.146407
v -0.020397 0.035898 -0.152465
v 0.023024 -0.033093 0.058379
v 0.022852 -0.029258 0.057603
v -0.009850 0.122538 -0.103810
v 0.021446 0.048481 0.046562
v 0.023254 -0.035528 0.059249
v 0.021530 0.029121 0.047946
v 0.023385 -0.037955 0.059575
v 0.001519 -0.125785 -0.000090
v -0.016882 0.096959 -0.137004
v 0.023182 -0.040257 0.058579
v 0.021196 -0.043574 0.048330
v 0.023998 0.010869 0.061023
v 0.020595 -0.042728 0.045293
v 0.020163 0.068707 0.040935
v 0.023031 -0.021273 0.058830
v 0.023181 -0.020722 0.059376
v 0.021602 0.026567 0.048846
v 0.016853 0.096247 0.026485
v 0.021549 0.031706 0.047663
v 0.022966 -0.021959 0.058309
v -0.018277 0.087785 -0.143312
v -0.003766 0.130690 -0.074438
v -0.001130 0.131596 -0.061458
v 0.022001 0.023228 0.050944
v 0.023490 0.014242 0.058108
v -0.010020 -0.054761 -0.115267
v 0.026276 -0.011324 0.072620
v 0.026495 -0.008399 0.073445
v 0.012399 0.113877 0.005095
v -0.015514 -0.015770 -0.135240
v 0.002306 0.130837 -0.044599
v 0.014069 0.108299 0.013178
v -0.011971 -0.033391 -0.123768
v -0.014591 -0.023470 -0.130998
v 0.025117 -0.016061 0.068223
v 0.021284 0.035021 0.047287
v 0.024428 -0.017540 0.065180
v -0.014529 0.109600 -0.125927
v 0.023453 -0.019714 0.060525
v 0.028668 -0.007966 0.051690
v 0.073571 -0.032184 -0.028257
v 0.070799 -0.039602 -0.035187
v 0.069149 -0.051107 -0.026495
v 0.072454 -0.042803 -0.019589
v 0.066188 -0.061311 -0.017302
v 0.070762 -0.051400 -0.012701
v 0.061972 -0.069286 -0.006733
v 0.067921 -0.059174 -0.004444
v 0.020758 -0.014756 0.068194
v 0.021233 -0.016402 0.065578
v 0.059253 -0.074059 0.004251
v 0.064884 -0.064296 0.004984
v 0.002933 0.020688 0.035554
v 0.014617 -0.018623 0.056886
v 0.016517 0.004644 0.061733
v 0.004268 0.020919 0.036014
v 0.049867 -0.076685 0.027958
v 0.046590 -0.081987 0.024949
v 0.041862 -0.084178 0.033564
v 0.043743 -0.080022 0.037427
v 0.011981 -0.018211 0.056275
v 0.036353 -0.086311 0.041678
v 0.038065 -0.082329 0.045566
v 0.029604 -0.087226 0.047180
v 0.030838 -0.083349 0.051429
v 0.015856 0.011234 0.056163
v 0.011663 0.020138 0.043930
v 0.030821 -0.073885 0.055233
v 0.030860 -0.078820 0.054103
v 0.016416 0.007858 0.059001
v 0.006814 -0.014757 0.057548
v 0.008233 -0.017625 0.056082
v 0.018603 -0.008859 0.071184
v 0.017495 -0.006082 0.070390
v 0.037345 -0.073208 0.049738
v 0.017561 -0.011893 0.069283
v 0.020394 -0.013620 0.069390
v 0.037894 -0.078171 0.048185
v 0.001558 0.020464 0.036136
v -0.010143 0.021634 0.032633
v 0.019381 -0.010835 0.070922
v 0.022516 -0.012825 0.070924
v -0.002077 0.021297 0.034718
v 0.002168 0.020591 0.035805
v 0.012214 -0.010318 0.065179
v 0.013869 0.019154 0.047881
v 0.042674 -0.071022 0.042899
v 0.043511 -0.075876 0.040634
v 0.048985 -0.067266 0.034814
v 0.049800 -0.072211 0.031781
v 0.008751 -0.011927 0.061450
v 0.054538 -0.062818 0.029629
v 0.056489 -0.065869 0.024841
v 0.026988 -0.090329 0.040771
v 0.000708 0.020565 0.036221
v 0.000099 0.020743 0.036242
v 0.016514 0.001019 0.064858
v 0.033336 -0.089526 0.035733
v 0.038677 -0.087600 0.028655
v 0.043113 -0.086050 0.020936
v 0.054798 -0.077334 0.014973
v -0.004591 0.021356 0.035547
v 0.020483 -0.018397 0.060753
v 0.014467 -0.011016 0.067201
v 0.016173 -0.011526 0.068383
v 0.019598 -0.019180 0.059037
v 0.047449 -0.084486 0.012197
v 0.052934 -0.080140 0.002686
v 0.006922 0.020749 0.037832
v 0.055632 -0.075519 -0.009028
v 0.014930 0.016895 0.051340
v 0.015605 0.014129 0.054092
v 0.061262 -0.067376 -0.021441
v 0.065445 -0.056087 -0.032850
v 0.021091 -0.017430 0.063086
v 0.067765 -0.043913 -0.041953
v 0.071643 -0.031779 -0.040949
v 0.036259 -0.068956 0.050249
v 0.030333 -0.069171 0.054956
v 0.041137 -0.067113 0.044456
v 0.016870 -0.002653 0.068291
v 0.047102 -0.063064 0.037427
v 0.052671 -0.059019 0.032955
v 0.057385 -0.047364 0.031207
v 0.016889 -0.018708 0.058043
v 0.056104 -0.053436 0.031306
v 0.056326 -0.035595 0.033955
v 0.056951 -0.041394 0.032453
v 0.063203 -0.028957 0.027253
v 0.064003 -0.037585 0.023863
v 0.060636 -0.040254 0.028384
v 0.025931 -0.013298 0.071349
v 0.019976 -0.012406 0.070247
v 0.059984 -0.032763 0.030757
v 0.066088 -0.022920 0.023512
v 0.067137 -0.033404 0.018979
v 0.024419 -0.092924 0.035149
v -0.009601 0.035415 0.043594
v -0.009785 0.033063 0.042247
v 0.030224 -0.092506 0.030562
v 0.034387 -0.091601 0.024052
v 0.036794 -0.091272 0.016949
v 0.039714 -0.090350 0.009047
v 0.042833 -0.087852 0.000084
v 0.047824 -0.083384 -0.011034
v -0.001953 0.038505 0.045898
v 0.016350 0.038547 0.047331
v 0.010939 0.038604 0.047328
v 0.055473 -0.075089 -0.024648
v -0.010987 0.028351 0.041257
v -0.011773 0.026108 0.040132
v -0.009913 0.030970 0.040870
v -0.011275 0.026524 0.041339
v -0.011195 0.027401 0.041679
v 0.061805 -0.061034 -0.037739
v -0.010087 0.029962 0.040480
v 0.063434 -0.047728 -0.047017
v -0.010070 0.029968 0.040494
v 0.029019 -0.098438 0.005674
v -0.007348 0.037618 0.044889
v 0.027229 -0.097676 0.012111
v 0.026002 -0.097804 0.017886
v -0.010550 0.029286 0.040571
v -0.012270 0.025483 0.038529
v 0.024480 -0.097567 0.022917
v -0.013877 0.023649 0.034166
v 0.019465 -0.098830 0.023301
v 0.021345 0.038591 0.047205
v -0.000348 0.048647 0.048393
v -0.034434 0.048007 0.033390
v 0.015988 -0.100964 0.015827
v -0.038120 0.042725 0.031246
v 0.016196 -0.103413 0.011177
v -0.030387 0.006406 0.037083
v -0.033540 0.007265 0.035123
v 0.002531 0.042441 0.048434
v 0.016893 -0.106699 0.008141
v 0.058707 -0.056151 0.027144
v 0.061437 -0.056978 0.021524
v 0.063602 -0.047120 0.021515
v 0.066826 -0.044389 0.015449
v -0.007128 0.068150 0.041283
v -0.021143 0.114120 -0.005342
v -0.004950 0.061054 0.044217
v -0.020209 0.053668 0.041321
v 0.064735 -0.056317 0.014547
v -0.019454 0.109474 0.003670
v 0.060507 -0.048376 0.026836
v 0.068281 -0.052790 0.006113
v 0.069874 -0.039820 0.008921
v 0.070233 -0.027244 0.014198
v 0.072103 -0.033841 0.003190
v -0.028697 0.052113 0.036742
v 0.070875 -0.047103 -0.001847
v -0.039562 0.012234 0.028774
v 0.014458 0.054560 0.046456
v -0.041429 0.018028 0.026164
v 0.072682 -0.022854 0.009116
v 0.006247 0.054577 0.047366
v -0.030172 0.124818 -0.067512
v 0.074468 -0.018437 0.004419
v 0.073441 -0.028978 -0.001728
v 0.072556 -0.040260 -0.007544
v 0.059609 -0.068926 0.016144
v 0.006973 0.035299 0.044853
v 0.073667 -0.034008 -0.013327
v -0.019582 0.007142 0.040409
v -0.022838 0.006715 0.039667
v 0.075683 -0.014482 -0.000716
v -0.031739 0.124521 -0.055652
v -0.038238 0.010019 0.030702
v -0.012415 0.086011 0.031631
v 0.010454 0.028601 0.042247
v 0.008711 0.031424 0.042718
v -0.014593 0.092829 0.025213
v 0.074510 -0.023722 -0.006934
v 0.076819 -0.008968 -0.007111
v 0.075701 -0.017876 -0.015454
v -0.016324 0.098915 0.018433
v 0.074699 -0.025993 -0.022147
v 0.073597 -0.023658 -0.037397
v -0.023591 0.118277 -0.015740
v -0.002301 0.010537 0.040500
v 0.061328 -0.031866 -0.063311
v 0.041955 -0.029111 0.043953
v 0.037333 -0.027257 0.047573
v -0.040834 0.036531 0.029201
v -0.041953 0.029899 0.027789
v -0.029567 0.123818 -0.041908
v -0.011868 0.008247 0.041411
v -0.041923 0.023890 0.026557
v -0.020285 0.126814 -0.077803
v 0.033247 -0.026435 0.051629
v -0.036198 0.008343 0.032972
v 0.029973 -0.025995 0.054839
v 0.026471 -0.025966 0.056898
v -0.011943 0.054455 0.044702
v -0.015892 0.007600 0.041078
v 0.010834 0.025442 0.041615
v 0.002315 0.012834 0.039888
v 0.005772 0.015830 0.039637
v -0.017842 0.104389 0.011440
v 0.008265 0.018781 0.040098
v 0.010319 0.022050 0.041088
v -0.006994 0.009054 0.041302
v -0.009760 0.076959 0.037470
v -0.026327 0.121551 -0.028182
v -0.026613 0.006457 0.038545
v -0.005652 0.128111 -0.083680
v 0.020983 0.054594 0.045234
v 0.009444 0.020427 0.040726
v 0.004762 0.038640 0.046960
v -0.002844 0.054559 0.046877
v 0.022305 -0.056043 0.056327
v -0.005914 -0.039258 0.051893
v -0.007629 -0.041320 0.050903
v -0.007734 -0.046983 0.049122
v 0.002484 -0.034326 0.055159
v -0.002538 -0.036898 0.053274
v 0.003334 -0.053653 0.054620
v -0.008227 -0.043228 0.050119
v 0.009516 -0.054840 0.056480
v -0.008656 -0.045078 0.049460
v 0.015591 -0.055325 0.056866
v 0.022948 -0.031039 0.058014
v 0.013524 -0.030869 0.058444
v 0.018504 -0.030611 0.058877
v 0.008106 -0.032157 0.057028
v -0.005469 -0.049214 0.049827
v -0.001935 -0.051695 0.051888
v 0.029170 -0.014869 0.066612
v 0.027572 -0.016435 0.064366
v 0.033125 0.020659 0.030324
v 0.030067 -0.018682 0.053978
v 0.030585 0.004668 0.059121
v 0.031941 0.020874 0.031085
v 0.032248 -0.018317 0.052448
v 0.029193 0.011262 0.053718
v 0.028136 0.020111 0.040896
v 0.029693 0.007899 0.056555
v 0.037490 -0.014925 0.051583
v 0.035598 -0.017781 0.050808
v 0.032511 -0.008874 0.068523
v 0.033174 -0.006092 0.067387
v 0.032534 -0.011937 0.066374
v 0.030077 -0.013740 0.067584
v 0.034767 0.020434 0.030527
v 0.044219 0.021555 0.022691
v 0.031696 -0.010877 0.068590
v 0.028930 -0.012960 0.069813
v 0.037599 0.021117 0.027914
v 0.034047 0.020562 0.030393
v 0.035588 -0.010397 0.060575
v 0.027784 0.019156 0.045360
v 0.037308 -0.012063 0.055848
v 0.035618 0.020537 0.030348
v 0.036205 0.020706 0.030187
v 0.031714 0.001031 0.061988
v 0.040196 0.021000 0.027618
v 0.026209 -0.018347 0.059625
v 0.034349 -0.011058 0.063277
v 0.033328 -0.011556 0.065010
v 0.026310 -0.019157 0.057755
v 0.030080 0.020714 0.033630
v 0.028267 0.016924 0.048927
v 0.028795 0.014179 0.051680
v 0.026621 -0.017382 0.062000
v 0.032858 -0.002628 0.065236
v 0.028414 -0.018746 0.055859
v 0.030857 -0.012494 0.068209
v 0.048471 0.035502 0.032975
v 0.048094 0.033122 0.031789
v 0.042404 0.038468 0.037951
v 0.026000 0.038548 0.045720
v 0.030993 0.038594 0.043791
v 0.048502 0.028399 0.030566
v 0.048426 0.026037 0.028894
v 0.047568 0.031033 0.030611
v 0.048704 0.026418 0.030517
v 0.048829 0.027319 0.030883
v 0.047512 0.030032 0.030235
v 0.047481 0.030049 0.030341
v 0.046950 0.037657 0.035008
v 0.047885 0.029357 0.030173
v 0.048310 0.025603 0.027074
v 0.048168 0.023823 0.022470
v 0.042025 0.048686 0.040720
v 0.066895 0.048474 0.013260
v 0.069245 0.043092 0.009930
v 0.064369 0.006473 0.018837
v 0.066410 0.007414 0.015759
v 0.039355 0.042452 0.041892
v 0.045075 0.068372 0.031064
v 0.039055 0.114257 -0.017620
v 0.044357 0.061168 0.034709
v 0.057238 0.053876 0.026264
v 0.041001 0.109538 -0.008613
v 0.063120 0.052496 0.018635
v 0.069735 0.012556 0.007533
v 0.027536 0.054577 0.044094
v 0.070689 0.018377 0.004447
v 0.035476 0.054631 0.041990
v 0.023188 0.124963 -0.078412
v 0.033566 0.035332 0.040078
v 0.055880 0.007119 0.026312
v 0.058580 0.006700 0.024322
v 0.029265 0.124707 -0.068120
v 0.069086 0.010287 0.009786
v 0.045912 0.086101 0.019859
v 0.029078 0.028774 0.038837
v 0.030936 0.031591 0.038646
v 0.045043 0.092598 0.013399
v 0.043902 0.098789 0.006361
v 0.037279 0.118463 -0.028182
v 0.039650 0.010310 0.032641
v 0.070830 0.036837 0.007116
v 0.071493 0.030146 0.005586
v 0.032624 0.124033 -0.054633
v 0.049051 0.008023 0.029949
v 0.071205 0.024196 0.004521
v 0.010085 0.126859 -0.083997
v 0.068073 0.008532 0.012677
v 0.051022 0.054560 0.032627
v 0.052666 0.007506 0.028282
v 0.028185 0.025600 0.038402
v 0.035056 0.012632 0.033811
v 0.031748 0.015666 0.034853
v 0.042531 0.104366 -0.000755
v 0.029660 0.018683 0.036198
v 0.028260 0.022121 0.037737
v 0.044245 0.008831 0.031615
v 0.045941 0.077259 0.026484
v 0.034974 0.121769 -0.040728
v 0.061532 0.006458 0.021732
v 0.028862 0.020405 0.037144
v 0.036597 0.038594 0.041315
v 0.043597 0.054612 0.038156
v 0.046870 -0.039544 0.041528
v 0.048044 -0.041635 0.040027
v 0.047460 -0.047342 0.038604
v 0.040555 -0.034652 0.047686
v 0.044335 -0.037240 0.044058
v 0.038690 -0.053716 0.047406
v 0.048271 -0.043545 0.039143
v 0.033931 -0.054923 0.051607
v 0.048436 -0.045411 0.038497
v 0.028561 -0.055469 0.054512
v 0.031828 -0.030952 0.055050
v 0.027424 -0.030600 0.057341
v 0.036117 -0.032349 0.051598
v 0.045456 -0.049510 0.039860
v 0.042607 -0.051825 0.042829
v 0.047180 0.022158 0.017138
v -0.014983 0.021975 0.028728
v 0.047938 0.021398 0.030070
v 0.046308 0.021398 0.029915
v 0.044740 0.021398 0.029447
v 0.043354 0.021399 0.028711
v 0.047969 0.021716 0.030063
v 0.046368 0.022023 0.029903
v 0.044827 0.022306 0.029430
v 0.043465 0.022543 0.028688
v 0.048059 0.022023 0.030045
v 0.046546 0.022623 0.029867
v 0.045085 0.023178 0.029377
v 0.043790 0.023642 0.028622
v 0.048206 0.022305 0.030016
v 0.046836 0.023177 0.029809
v 0.045505 0.023981 0.029292
v 0.044320 0.024655 0.028515
v 0.048405 0.022551 0.029975
v 0.047225 0.023662 0.029729
v 0.046070 0.024686 0.029178
v 0.045033 0.025544 0.028372
v 0.048647 0.022755 0.029926
v 0.047699 0.024060 0.029634
v 0.046759 0.025263 0.029037
v 0.045902 0.026272 0.028193
v 0.048922 0.022905 0.029870
v 0.048241 0.024356 0.029523
v 0.047545 0.025693 0.028878
v 0.046894 0.026814 0.027992
v 0.049223 0.022999 0.029809
v 0.048828 0.024538 0.029405
v 0.048398 0.025957 0.028705
v 0.047968 0.027146 0.027774
v 0.049534 0.023029 0.029745
v 0.049439 0.024599 0.029279
v 0.049285 0.026046 0.028524
v 0.049087 0.027259 0.027546
v 0.049845 0.022998 0.029682
v 0.050050 0.024537 0.029155
v 0.050173 0.025956 0.028343
v 0.050206 0.027145 0.027318
v 0.050145 0.022905 0.029620
v 0.050637 0.024354 0.029035
v 0.051025 0.025691 0.028169
v 0.051280 0.026811 0.027099
v 0.050420 0.022754 0.029564
v 0.051178 0.024058 0.028925
v 0.051811 0.025261 0.028009
v 0.052271 0.026269 0.026897
v 0.050662 0.022550 0.029515
v 0.051652 0.023659 0.028827
v 0.052500 0.024682 0.027868
v 0.053141 0.025540 0.026721
v 0.050860 0.022303 0.029473
v 0.052041 0.023174 0.028747
v 0.053064 0.023978 0.027752
v 0.053853 0.024651 0.026574
v 0.051007 0.022021 0.029443
v 0.052330 0.022621 0.028688
v 0.053484 0.023174 0.027666
v 0.054382 0.023637 0.026465
v 0.051098 0.021714 0.029424
v 0.052508 0.022020 0.028651
v 0.053742 0.022302 0.027613
v 0.054707 0.022538 0.026398
v 0.051129 0.021396 0.029418
v 0.052568 0.021396 0.028638
v 0.053830 0.021395 0.027594
v 0.054819 0.021394 0.026376
v 0.051098 0.021079 0.029423
v 0.052508 0.020771 0.028650
v 0.053742 0.020488 0.027611
v 0.054708 0.020251 0.026397
v 0.051007 0.020772 0.029442
v 0.052330 0.020171 0.028686
v 0.053484 0.019617 0.027664
v 0.054383 0.019152 0.026463
v 0.050860 0.020490 0.029472
v 0.052041 0.019618 0.028745
v 0.053065 0.018813 0.027750
v 0.053855 0.018139 0.026572
v 0.050662 0.020243 0.029513
v 0.051653 0.019133 0.028825
v 0.052501 0.018109 0.027866
v 0.053144 0.017249 0.026719
v 0.050421 0.020040 0.029562
v 0.051180 0.018735 0.028922
v 0.051813 0.017531 0.028006
v 0.052275 0.016521 0.026895
v 0.050146 0.019889 0.029619
v 0.050638 0.018439 0.029032
v 0.051028 0.017101 0.028166
v 0.051284 0.015980 0.027097
v 0.049846 0.019796 0.029680
v 0.050052 0.018256 0.029153
v 0.050176 0.016836 0.028341
v 0.050210 0.015647 0.027315
v 0.049535 0.019765 0.029744
v 0.049441 0.018195 0.029277
v 0.049289 0.016747 0.028521
v 0.049091 0.015534 0.027543
v 0.049224 0.019796 0.029807
v 0.048830 0.018256 0.029402
v 0.048402 0.016837 0.028702
v 0.047972 0.015647 0.027770
v 0.048923 0.019889 0.029868
v 0.048243 0.018439 0.029520
v 0.047549 0.017102 0.028875
v 0.046898 0.015981 0.027988
v 0.048648 0.020040 0.029924
v 0.047701 0.018735 0.029631
v 0.046762 0.017532 0.029035
v 0.045906 0.016523 0.028190
v 0.048406 0.020244 0.029973
v 0.047227 0.019134 0.029727
v 0.046073 0.018110 0.029175
v 0.045036 0.017252 0.028368
v 0.048207 0.020491 0.030014
v 0.046837 0.019619 0.029807
v 0.045507 0.018815 0.029290
v 0.044323 0.018142 0.028512
v 0.049566 0.021397 0.029901
v 0.048060 0.020773 0.030044
v 0.046547 0.020173 0.029865
v 0.045087 0.019619 0.029375
v 0.043792 0.019156 0.028620
v 0.047969 0.021080 0.030063
v 0.046368 0.020773 0.029903
v 0.044827 0.020491 0.029429
v 0.043466 0.020255 0.028687
v 0.042027 0.021399 0.028107
v 0.039949 0.021400 0.027044
v 0.038045 0.021400 0.025490
v 0.036480 0.021401 0.023594
v 0.035315 0.021401 0.021426
v 0.034594 0.021401 0.019075
v 0.034344 0.021400 0.016625
v 0.034574 0.021399 0.014175
v 0.035277 0.021399 0.011816
v 0.036427 0.021398 0.009642
v 0.037976 0.021397 0.007734
v 0.039869 0.021396 0.006167
v 0.042029 0.021395 0.005000
v 0.042159 0.022774 0.028080
v 0.040115 0.023131 0.027011
v 0.038240 0.023437 0.025451
v 0.036697 0.023663 0.023550
v 0.035545 0.023802 0.021380
v 0.034829 0.023849 0.019026
v 0.034574 0.023802 0.016579
v 0.034791 0.023661 0.014131
v 0.035473 0.023435 0.011777
v 0.036593 0.023129 0.009609
v 0.038107 0.022758 0.007708
v 0.039957 0.022333 0.006149
v 0.042075 0.021873 0.004991
v 0.042551 0.024096 0.028000
v 0.040608 0.024797 0.026912
v 0.038821 0.025395 0.025334
v 0.037342 0.025838 0.023418
v 0.036230 0.026112 0.021241
v 0.035526 0.026204 0.018884
v 0.035258 0.026111 0.016440
v 0.035436 0.025837 0.014000
v 0.036053 0.025392 0.011659
v 0.037086 0.024794 0.009509
v 0.038494 0.024065 0.007629
v 0.040225 0.023234 0.006094
v 0.042211 0.022332 0.004963
v 0.043187 0.025315 0.027873
v 0.041410 0.026332 0.026750
v 0.039763 0.027199 0.025143
v 0.038390 0.027843 0.023205
v 0.037342 0.028239 0.021015
v 0.036660 0.028373 0.018654
v 0.036370 0.028238 0.016214
v 0.036484 0.027841 0.013788
v 0.036996 0.027196 0.011468
v 0.037887 0.026328 0.009346
v 0.039124 0.025271 0.007502
v 0.040658 0.024064 0.006006
v 0.042432 0.022756 0.004919
v 0.044043 0.026382 0.027699
v 0.042489 0.027676 0.026529
v 0.041032 0.028780 0.024885
v 0.039800 0.029599 0.022919
v 0.038839 0.030104 0.020711
v 0.038186 0.030274 0.018345
v 0.037867 0.030103 0.015910
v 0.037893 0.029598 0.013502
v 0.038264 0.028777 0.011211
v 0.038966 0.027673 0.009128
v 0.039972 0.026327 0.007330
v 0.041242 0.024792 0.005888
v 0.042730 0.023126 0.004858
v 0.045088 0.027257 0.027486
v 0.043805 0.028779 0.026262
v 0.042579 0.030076 0.024570
v 0.041518 0.031041 0.022570
v 0.040663 0.031634 0.020341
v 0.040046 0.031835 0.017967
v 0.039691 0.031634 0.015540
v 0.039611 0.031039 0.013154
v 0.039810 0.030074 0.010898
v 0.040281 0.028776 0.008861
v 0.041005 0.027194 0.007120
v 0.041955 0.025389 0.005744
v 0.043092 0.023431 0.004785
v 0.046279 0.027907 0.027242
v 0.045305 0.029598 0.025956
v 0.044343 0.031040 0.024212
v 0.043479 0.032112 0.022172
v 0.042744 0.032772 0.019919
v 0.042168 0.032994 0.017537
v 0.041771 0.032771 0.015119
v 0.041572 0.032110 0.012756
v 0.041575 0.031038 0.010540
v 0.041781 0.029595 0.008557
v 0.042184 0.027838 0.006881
v 0.042766 0.025832 0.005579
v 0.043506 0.023656 0.004701
v 0.047572 0.028307 0.026980
v 0.046935 0.030102 0.025625
v 0.046258 0.031633 0.023823
v 0.045607 0.032771 0.021740
v 0.045003 0.033471 0.019461
v 0.044471 0.033707 0.017071
v 0.044031 0.033471 0.014661
v 0.043700 0.032770 0.012325
v 0.043489 0.031631 0.010152
v 0.043410 0.030100 0.008227
v 0.043463 0.028234 0.006622
v 0.043647 0.026106 0.005400
v 0.043956 0.023796 0.004610
v 0.048917 0.028442 0.026707
v 0.048628 0.030272 0.025281
v 0.048250 0.031833 0.023418
v 0.047819 0.032993 0.021292
v 0.047351 0.033706 0.018984
v 0.046866 0.033949 0.016586
v 0.046379 0.033706 0.014185
v 0.045912 0.032992 0.011876
v 0.045481 0.031831 0.009748
v 0.045103 0.030270 0.007883
v 0.044794 0.028368 0.006352
v 0.044564 0.026198 0.005215
v 0.044423 0.023843 0.004515
v 0.050261 0.028306 0.026433
v 0.050321 0.030100 0.024938
v 0.050242 0.031631 0.023014
v 0.050031 0.032769 0.020843
v 0.049700 0.033470 0.018508
v 0.049260 0.033705 0.016099
v 0.048728 0.033469 0.013708
v 0.048124 0.032768 0.011427
v 0.047472 0.031630 0.009344
v 0.046796 0.030098 0.007540
v 0.046124 0.028233 0.006082
v 0.045480 0.026105 0.005029
v 0.044890 0.023795 0.004420
v 0.051554 0.027904 0.026170
v 0.051950 0.029595 0.024606
v 0.052157 0.031036 0.022625
v 0.052159 0.032108 0.020411
v 0.051960 0.032768 0.018050
v 0.051564 0.032990 0.015631
v 0.050987 0.032768 0.013249
v 0.050252 0.032107 0.010996
v 0.049387 0.031035 0.008955
v 0.048426 0.029593 0.007209
v 0.047403 0.027836 0.005823
v 0.046362 0.025831 0.004850
v 0.045340 0.023656 0.004329
v 0.052746 0.027253 0.025928
v 0.053452 0.028774 0.024302
v 0.053922 0.030071 0.022267
v 0.054121 0.031035 0.020012
v 0.054041 0.031629 0.017627
v 0.053686 0.031829 0.015200
v 0.053068 0.031629 0.012827
v 0.052213 0.031034 0.010597
v 0.051152 0.030070 0.008597
v 0.049926 0.028772 0.006905
v 0.048583 0.027191 0.005583
v 0.047174 0.025387 0.004685
v 0.045754 0.023430 0.004245
v 0.053790 0.026377 0.025716
v 0.054767 0.027670 0.024034
v 0.055469 0.028773 0.021953
v 0.055840 0.029593 0.019663
v 0.055866 0.030097 0.017256
v 0.055546 0.030267 0.014823
v 0.054893 0.030096 0.012456
v 0.053932 0.029592 0.010249
v 0.052699 0.028772 0.008283
v 0.051242 0.027668 0.006638
v 0.049617 0.026324 0.005374
v 0.047886 0.024790 0.004541
v 0.046116 0.023125 0.004171
v 0.054647 0.025309 0.025541
v 0.055848 0.026325 0.023815
v 0.056739 0.027191 0.021695
v 0.057251 0.027835 0.019377
v 0.057365 0.028231 0.016952
v 0.057075 0.028365 0.014513
v 0.056392 0.028230 0.012153
v 0.055343 0.027834 0.009963
v 0.053968 0.027190 0.008026
v 0.052322 0.026323 0.006419
v 0.050465 0.025267 0.005202
v 0.048471 0.024061 0.004422
v 0.046415 0.022754 0.004111
v 0.055282 0.024090 0.025410
v 0.056649 0.024790 0.023651
v 0.057683 0.025387 0.021503
v 0.058301 0.025830 0.019164
v 0.058479 0.026103 0.016727
v 0.058211 0.026194 0.014283
v 0.057506 0.026103 0.011927
v 0.056392 0.025829 0.009750
v 0.054912 0.025385 0.007834
v 0.053124 0.024788 0.006256
v 0.051096 0.024060 0.005074
v 0.048905 0.023231 0.004334
v 0.046636 0.022331 0.004066
v 0.055675 0.022768 0.025330
v 0.057144 0.023124 0.023551
v 0.058266 0.023428 0.021385
v 0.058949 0.023654 0.019034
v 0.059166 0.023793 0.016588
v 0.058910 0.023840 0.014142
v 0.058192 0.023792 0.011788
v 0.057039 0.023653 0.009619
v 0.055494 0.023427 0.007716
v 0.053619 0.023122 0.006156
v 0.051484 0.022753 0.004995
v 0.049173 0.022330 0.004280
v 0.046772 0.021871 0.004038
v 0.055810 0.021393 0.025304
v 0.057313 0.021393 0.023517
v 0.058465 0.021392 0.021346
v 0.059169 0.021391 0.018990
v 0.059399 0.021391 0.016540
v 0.059149 0.021392 0.014095
v 0.058424 0.021391 0.011741
v 0.057258 0.021391 0.009574
v 0.055691 0.021391 0.007676
v 0.053786 0.021391 0.006122
v 0.051616 0.021392 0.004968
v 0.049264 0.021392 0.004261
v 0.046819 0.021393 0.004029
v 0.055676 0.020019 0.025329
v 0.057146 0.019661 0.023551
v 0.058269 0.019355 0.021385
v 0.058952 0.019129 0.019034
v 0.059169 0.018990 0.016587
v 0.058912 0.018942 0.014141
v 0.058194 0.018989 0.011787
v 0.057040 0.019129 0.009618
v 0.055496 0.019355 0.007716
v 0.053620 0.019660 0.006155
v 0.051485 0.020031 0.004995
v 0.049174 0.020455 0.004279
v 0.046773 0.020916 0.004038
v 0.055284 0.018697 0.025409
v 0.056653 0.017996 0.023650
v 0.057687 0.017398 0.021502
v 0.058306 0.016954 0.019165
v 0.058484 0.016680 0.016726
v 0.058214 0.016587 0.014281
v 0.057510 0.016679 0.011925
v 0.056395 0.016953 0.009749
v 0.054915 0.017397 0.007833
v 0.053127 0.017994 0.006255
v 0.051098 0.018724 0.005073
v 0.048906 0.019554 0.004334
v 0.046636 0.020456 0.004066
v 0.054651 0.017479 0.025540
v 0.055852 0.016461 0.023814
v 0.056744 0.015594 0.021693
v 0.057257 0.014949 0.019376
v 0.057370 0.014552 0.016951
v 0.057080 0.014418 0.014511
v 0.056397 0.014552 0.012151
v 0.055347 0.014949 0.009961
v 0.053972 0.015593 0.008024
v 0.052325 0.016460 0.006417
v 0.050468 0.017518 0.005200
v 0.048472 0.018724 0.004421
v 0.046416 0.020033 0.004110
v 0.053794 0.016412 0.025714
v 0.054772 0.015117 0.024032
v 0.055475 0.014013 0.021950
v 0.055846 0.013193 0.019661
v 0.055872 0.012688 0.017253
v 0.055553 0.012517 0.014820
v 0.054899 0.012687 0.012454
v 0.053937 0.013192 0.010247
v 0.052704 0.014012 0.008281
v 0.051246 0.015116 0.006636
v 0.049620 0.016461 0.005372
v 0.047889 0.017996 0.004540
v 0.046117 0.019662 0.004171
v 0.052750 0.015536 0.025926
v 0.053457 0.014014 0.024299
v 0.053928 0.012716 0.022263
v 0.054128 0.011751 0.020010
v 0.054048 0.011157 0.017623
v 0.053693 0.010956 0.015197
v 0.053075 0.011157 0.012824
v 0.052219 0.011751 0.010595
v 0.051158 0.012715 0.008595
v 0.049931 0.014013 0.006903
v 0.048587 0.015595 0.005582
v 0.047176 0.017399 0.004684
v 0.045755 0.019358 0.004244
v 0.044376 0.021394 0.004278
v 0.051558 0.014886 0.026167
v 0.051956 0.013195 0.024603
v 0.052163 0.011752 0.022621
v 0.052167 0.010681 0.020408
v 0.051968 0.010020 0.018046
v 0.051572 0.009797 0.015627
v 0.050995 0.010020 0.013246
v 0.050259 0.010680 0.010992
v 0.049393 0.011751 0.008952
v 0.048431 0.013193 0.007207
v 0.047408 0.014951 0.005821
v 0.046365 0.016956 0.004849
v 0.045341 0.019132 0.004328
v 0.050266 0.014485 0.026429
v 0.050327 0.012691 0.024934
v 0.050249 0.011159 0.023010
v 0.050039 0.010021 0.020840
v 0.049709 0.009321 0.018504
v 0.049269 0.009085 0.016095
v 0.048736 0.009320 0.013704
v 0.048131 0.010020 0.011424
v 0.047479 0.011158 0.009341
v 0.046802 0.012689 0.007537
v 0.046129 0.014555 0.006080
v 0.045484 0.016682 0.005027
v 0.044892 0.018993 0.004419
v 0.048922 0.014350 0.026703
v 0.048634 0.012521 0.025278
v 0.048257 0.010959 0.023414
v 0.047827 0.009799 0.021288
v 0.047360 0.009086 0.018980
v 0.046875 0.008845 0.016582
v 0.046388 0.009085 0.014181
v 0.045919 0.009798 0.011873
v 0.045488 0.010958 0.009745
v 0.045109 0.012519 0.007881
v 0.044798 0.014421 0.006350
v 0.044567 0.016591 0.005213
v 0.044425 0.018946 0.004514
v 0.047577 0.014486 0.026976
v 0.046941 0.012692 0.025621
v 0.046266 0.011161 0.023818
v 0.045615 0.010023 0.021737
v 0.045011 0.009323 0.019457
v 0.044479 0.009087 0.017067
v 0.044039 0.009322 0.014657
v 0.043707 0.010022 0.012321
v 0.043496 0.011160 0.010149
v 0.043416 0.012691 0.008224
v 0.043467 0.014556 0.006620
v 0.043650 0.016683 0.005399
v 0.043957 0.018993 0.004609
v 0.046284 0.014888 0.027238
v 0.045311 0.013198 0.025952
v 0.044351 0.011756 0.024207
v 0.043487 0.010684 0.022169
v 0.042752 0.010024 0.019915
v 0.042176 0.009801 0.017533
v 0.041779 0.010023 0.015115
v 0.041579 0.010683 0.012753
v 0.041581 0.011754 0.010537
v 0.041787 0.013196 0.008554
v 0.042189 0.014953 0.006879
v 0.042769 0.016957 0.005578
v 0.043508 0.019133 0.004700
v 0.045093 0.015539 0.027481
v 0.043811 0.014018 0.026257
v 0.042586 0.012721 0.024565
v 0.041525 0.011756 0.022567
v 0.040670 0.011162 0.020337
v 0.040053 0.010961 0.017964
v 0.039698 0.011162 0.015537
v 0.039618 0.011755 0.013150
v 0.039816 0.012719 0.010895
v 0.040286 0.014016 0.008859
v 0.041009 0.015597 0.007119
v 0.041957 0.017401 0.005742
v 0.043094 0.019359 0.004784
v 0.044048 0.016415 0.027694
v 0.042495 0.015122 0.026524
v 0.041039 0.014019 0.024880
v 0.039806 0.013199 0.022916
v 0.038845 0.012694 0.020707
v 0.038192 0.012524 0.018341
v 0.037873 0.012694 0.015907
v 0.037899 0.013198 0.013499
v 0.038269 0.014017 0.011209
v 0.038970 0.015121 0.009126
v 0.039975 0.016465 0.007328
v 0.041244 0.017999 0.005887
v 0.042731 0.019664 0.004858
v 0.043190 0.017484 0.027868
v 0.041415 0.016467 0.026744
v 0.039769 0.015601 0.025137
v 0.038395 0.014957 0.023202
v 0.037347 0.014560 0.021012
v 0.036665 0.014426 0.018651
v 0.036375 0.014560 0.016211
v 0.036488 0.014956 0.013785
v 0.037000 0.015599 0.011466
v 0.037891 0.016466 0.009345
v 0.039127 0.017522 0.007500
v 0.040660 0.018727 0.006006
v 0.042433 0.020034 0.004918
v 0.042554 0.018702 0.027997
v 0.040612 0.018002 0.026907
v 0.038825 0.017405 0.025329
v 0.037346 0.016962 0.023416
v 0.036233 0.016688 0.021238
v 0.035529 0.016597 0.018883
v 0.035261 0.016688 0.016437
v 0.035439 0.016961 0.013999
v 0.036056 0.017404 0.011658
v 0.037088 0.018001 0.009508
v 0.038496 0.018728 0.007628
v 0.040226 0.019557 0.006094
v 0.042212 0.020458 0.004963
v 0.042160 0.020024 0.028078
v 0.040117 0.019669 0.027009
v 0.038243 0.019364 0.025449
v 0.036699 0.019138 0.023548
v 0.035548 0.018999 0.021379
v 0.034831 0.018952 0.019025
v 0.034575 0.018999 0.016577
v 0.034793 0.019137 0.014130
v 0.035474 0.019362 0.011776
v 0.036594 0.019667 0.009608
v 0.038108 0.020036 0.007707
v 0.039958 0.020459 0.006148
v 0.042075 0.020917 0.004991
v -0.014188 0.021493 0.041560
v -0.015817 0.021493 0.041403
v -0.017385 0.021493 0.040931
v -0.018771 0.021493 0.040193
v -0.014156 0.021810 0.041554
v -0.015757 0.022118 0.041391
v -0.017298 0.022400 0.040915
v -0.018660 0.022637 0.040171
v -0.014066 0.022117 0.041536
v -0.015579 0.022718 0.041356
v -0.017040 0.023272 0.040864
v -0.018335 0.023736 0.040107
v -0.013919 0.022399 0.041507
v -0.015290 0.023271 0.041298
v -0.016620 0.024075 0.040780
v -0.017806 0.024749 0.040001
v -0.013720 0.022646 0.041467
v -0.014901 0.023756 0.041220
v -0.016056 0.024780 0.040666
v -0.017094 0.025638 0.039859
v -0.013479 0.022849 0.041418
v -0.014427 0.024154 0.041125
v -0.015367 0.025357 0.040528
v -0.016225 0.026366 0.039683
v -0.013203 0.023000 0.041363
v -0.013885 0.024450 0.041015
v -0.014581 0.025787 0.040369
v -0.015233 0.026908 0.039483
v -0.012903 0.023093 0.041302
v -0.013298 0.024632 0.040897
v -0.013728 0.026052 0.040197
v -0.014158 0.027241 0.039266
v -0.012592 0.023124 0.041240
v -0.012687 0.024694 0.040773
v -0.012841 0.026141 0.040018
v -0.013039 0.027354 0.039040
v -0.012281 0.023093 0.041177
v -0.012075 0.024632 0.040651
v -0.011953 0.026051 0.039839
v -0.011920 0.027241 0.038814
v -0.011980 0.023000 0.041116
v -0.011488 0.024450 0.040531
v -0.011100 0.025786 0.039666
v -0.010845 0.026907 0.038596
v -0.011704 0.022849 0.041060
v -0.010946 0.024154 0.040422
v -0.010313 0.025357 0.039507
v -0.009853 0.026365 0.038396
v -0.011463 0.022646 0.041011
v -0.010472 0.023755 0.040325
v -0.009624 0.024779 0.039367
v -0.008982 0.025637 0.038221
v -0.011264 0.022399 0.040971
v -0.010082 0.023270 0.040247
v -0.009059 0.024074 0.039252
v -0.008270 0.024747 0.038075
v -0.011116 0.022117 0.040941
v -0.009793 0.022716 0.040187
v -0.008639 0.023270 0.039167
v -0.007740 0.023733 0.037967
v -0.011025 0.021810 0.040922
v -0.009614 0.022116 0.040151
v -0.008379 0.022398 0.039114
v -0.007414 0.022634 0.037900
v -0.010995 0.021491 0.040916
v -0.009554 0.021491 0.040139
v -0.008292 0.021490 0.039096
v -0.007303 0.021490 0.037879
v -0.011025 0.021173 0.040922
v -0.009614 0.020866 0.040151
v -0.008379 0.020583 0.039114
v -0.007414 0.020346 0.037900
v -0.011116 0.020866 0.040940
v -0.009793 0.020266 0.040186
v -0.008638 0.019711 0.039166
v -0.007740 0.019247 0.037966
v -0.011264 0.020584 0.040970
v -0.010082 0.019712 0.040246
v -0.009058 0.018907 0.039251
v -0.008270 0.018233 0.038073
v -0.011463 0.020338 0.041010
v -0.010472 0.019227 0.040324
v -0.009623 0.018203 0.039365
v -0.008982 0.017344 0.038218
v -0.011704 0.020134 0.041060
v -0.010945 0.018829 0.040421
v -0.010312 0.017625 0.039505
v -0.009852 0.016616 0.038393
v -0.011980 0.019983 0.041115
v -0.011487 0.018533 0.040530
v -0.011098 0.017196 0.039664
v -0.010843 0.016074 0.038594
v -0.012280 0.019890 0.041176
v -0.012074 0.018350 0.040649
v -0.011951 0.016931 0.039837
v -0.011918 0.015741 0.038811
v -0.012591 0.019859 0.041239
v -0.012685 0.018290 0.040772
v -0.012839 0.016842 0.040016
v -0.013037 0.015628 0.039038
v -0.012902 0.019891 0.041301
v -0.013297 0.018351 0.040896
v -0.013726 0.016932 0.040195
v -0.014156 0.015742 0.039264
v -0.013202 0.019984 0.041362
v -0.013884 0.018534 0.041013
v -0.014579 0.017197 0.040367
v -0.015230 0.016076 0.039481
v -0.013478 0.020135 0.041417
v -0.014425 0.018830 0.041122
v -0.015365 0.017627 0.040525
v -0.016222 0.016618 0.039681
v -0.013720 0.020339 0.041465
v -0.014899 0.019229 0.041217
v -0.016054 0.018206 0.040664
v -0.017092 0.017347 0.039857
v -0.013919 0.020586 0.041505
v -0.015289 0.019714 0.041295
v -0.016619 0.018911 0.040777
v -0.017804 0.018237 0.039998
v -0.012559 0.021492 0.041396
v -0.014066 0.020868 0.041535
v -0.015578 0.020268 0.041354
v -0.017038 0.019715 0.040861
v -0.018333 0.019251 0.040104
v -0.014156 0.021175 0.041553
v -0.015757 0.020868 0.041389
v -0.017297 0.020587 0.040913
v -0.018659 0.020350 0.040169
v -0.020100 0.021494 0.039590
v -0.022180 0.021494 0.038529
v -0.024087 0.021494 0.036979
v -0.025654 0.021494 0.035085
v -0.026820 0.021495 0.032918
v -0.027541 0.021495 0.030567
v -0.027790 0.021494 0.028117
v -0.027560 0.021493 0.025667
v -0.026856 0.021493 0.023309
v -0.025707 0.021492 0.021135
v -0.024157 0.021491 0.019228
v -0.022265 0.021490 0.017660
v -0.020104 0.021490 0.016494
v -0.019967 0.022868 0.039563
v -0.022013 0.023225 0.038496
v -0.023890 0.023531 0.036939
v -0.025436 0.023757 0.035040
v -0.026589 0.023896 0.032871
v -0.027305 0.023943 0.030518
v -0.027560 0.023896 0.028071
v -0.027342 0.023755 0.025624
v -0.026660 0.023529 0.023270
v -0.025540 0.023223 0.021102
v -0.024026 0.022852 0.019201
v -0.022176 0.022428 0.017642
v -0.020058 0.021967 0.016485
v -0.019575 0.024190 0.039485
v -0.021520 0.024891 0.038397
v -0.023309 0.025489 0.036822
v -0.024790 0.025932 0.034908
v -0.025903 0.026206 0.032732
v -0.026607 0.026298 0.030376
v -0.026875 0.026205 0.027931
v -0.026697 0.025931 0.025493
v -0.026080 0.025487 0.023152
v -0.025047 0.024889 0.021002
v -0.023639 0.024159 0.019123
v -0.021908 0.023329 0.017588
v -0.019922 0.022427 0.016458
v -0.018941 0.025408 0.039359
v -0.020719 0.026425 0.038237
v -0.022366 0.027293 0.036631
v -0.023741 0.027937 0.034696
v -0.024790 0.028333 0.032506
v -0.025473 0.028467 0.030146
v -0.025763 0.028332 0.027706
v -0.025649 0.027935 0.025280
v -0.025137 0.027290 0.022961
v -0.024246 0.026423 0.020840
v -0.023009 0.025365 0.018995
v -0.021474 0.024158 0.017500
v -0.019701 0.022850 0.016413
v -0.018084 0.026476 0.039186
v -0.019639 0.027770 0.038018
v -0.021097 0.028874 0.036374
v -0.022331 0.029694 0.034410
v -0.023292 0.030198 0.032203
v -0.023946 0.030368 0.029837
v -0.024265 0.030197 0.027403
v -0.024239 0.029692 0.024995
v -0.023868 0.028872 0.022704
v -0.023166 0.027767 0.020621
v -0.022161 0.026422 0.018824
v -0.020891 0.024887 0.017382
v -0.019403 0.023220 0.016352
v -0.017040 0.027351 0.038975
v -0.018324 0.028873 0.037752
v -0.019550 0.030171 0.036061
v -0.020612 0.031135 0.034062
v -0.021467 0.031729 0.031833
v -0.022086 0.031929 0.029460
v -0.022441 0.031728 0.027033
v -0.022521 0.031134 0.024647
v -0.022322 0.030169 0.022391
v -0.021851 0.028871 0.020354
v -0.021128 0.027289 0.018614
v -0.020178 0.025484 0.017238
v -0.019041 0.023525 0.016279
v -0.015848 0.028001 0.038733
v -0.016823 0.029692 0.037448
v -0.017786 0.031134 0.035703
v -0.018651 0.032206 0.033665
v -0.019387 0.032866 0.031412
v -0.019963 0.033089 0.029030
v -0.020360 0.032866 0.026612
v -0.020560 0.032205 0.024249
v -0.020558 0.031133 0.022033
v -0.020351 0.029690 0.020051
v -0.019948 0.027932 0.018375
v -0.019367 0.025927 0.017073
v -0.018626 0.023751 0.016195
v -0.014555 0.028402 0.038472
v -0.015193 0.030197 0.037118
v -0.015870 0.031728 0.035316
v -0.016522 0.032866 0.033234
v -0.017127 0.033566 0.030955
v -0.017660 0.033802 0.028564
v -0.018101 0.033566 0.026155
v -0.018432 0.032865 0.023819
v -0.018643 0.031726 0.021646
v -0.018722 0.030194 0.019721
v -0.018669 0.028328 0.018116
v -0.018485 0.026201 0.016895
v -0.018177 0.023890 0.016104
v -0.013210 0.028537 0.038201
v -0.013500 0.030367 0.036776
v -0.013878 0.031928 0.034913
v -0.014310 0.033088 0.032786
v -0.014778 0.033801 0.030479
v -0.015265 0.034044 0.028081
v -0.015752 0.033801 0.025679
v -0.016220 0.033087 0.023371
v -0.016651 0.031926 0.021242
v -0.017029 0.030364 0.019378
v -0.017339 0.028462 0.017847
v -0.017569 0.026293 0.016709
v -0.017710 0.023937 0.016009
v -0.011865 0.028402 0.037928
v -0.011806 0.030196 0.036433
v -0.011886 0.031727 0.034510
v -0.012098 0.032865 0.032338
v -0.012429 0.033565 0.030003
v -0.012870 0.033800 0.027594
v -0.013403 0.033564 0.025203
v -0.014008 0.032863 0.022922
v -0.014660 0.031725 0.020839
v -0.015336 0.030193 0.019035
v -0.016008 0.028327 0.017577
v -0.016652 0.026200 0.016523
v -0.017242 0.023890 0.015915
v -0.010572 0.028000 0.037667
v -0.010176 0.029691 0.036103
v -0.009970 0.031133 0.034122
v -0.009969 0.032204 0.031907
v -0.010169 0.032864 0.029545
v -0.010566 0.033086 0.027127
v -0.011143 0.032863 0.024745
v -0.011879 0.032202 0.022491
v -0.012744 0.031130 0.020451
v -0.013706 0.029688 0.018704
v -0.014729 0.027931 0.017318
v -0.015771 0.025926 0.016345
v -0.016793 0.023750 0.015824
v -0.009379 0.027350 0.037427
v -0.008674 0.028871 0.035800
v -0.008204 0.030168 0.033765
v -0.008006 0.031132 0.031510
v -0.008088 0.031725 0.029123
v -0.008444 0.031925 0.026697
v -0.009062 0.031724 0.024323
v -0.009918 0.031130 0.022093
v -0.010979 0.030165 0.020093
v -0.012205 0.028868 0.018400
v -0.013549 0.027286 0.017079
v -0.014959 0.025482 0.016180
v -0.016379 0.023525 0.015740
v -0.008333 0.026474 0.037216
v -0.007358 0.027767 0.035534
v -0.006656 0.028870 0.033452
v -0.006287 0.029689 0.031162
v -0.006262 0.030193 0.028754
v -0.006583 0.030363 0.026320
v -0.007237 0.030192 0.023953
v -0.008199 0.029687 0.021745
v -0.009432 0.028867 0.019779
v -0.010890 0.027763 0.018134
v -0.012515 0.026419 0.016869
v -0.014246 0.024885 0.016036
v -0.016016 0.023219 0.015666
v -0.007476 0.025406 0.037042
v -0.006276 0.026422 0.035317
v -0.005385 0.027289 0.033196
v -0.004875 0.027932 0.030876
v -0.004763 0.028327 0.028451
v -0.005055 0.028461 0.026010
v -0.005739 0.028326 0.023650
v -0.006788 0.027929 0.021459
v -0.008163 0.027285 0.019522
v -0.009810 0.026418 0.017915
v -0.011667 0.025362 0.016697
v -0.013662 0.024156 0.015917
v -0.015718 0.022849 0.015606
v -0.006840 0.024187 0.036912
v -0.005474 0.024887 0.035153
v -0.004441 0.025484 0.033004
v -0.003826 0.025926 0.030664
v -0.003650 0.026199 0.028225
v -0.003920 0.026290 0.025780
v -0.004625 0.026198 0.023424
v -0.005739 0.025924 0.021247
v -0.007219 0.025480 0.019331
v -0.009008 0.024884 0.017752
v -0.011036 0.024155 0.016569
v -0.013228 0.023326 0.015829
v -0.015497 0.022425 0.015561
v -0.006448 0.022865 0.036832
v -0.004981 0.023221 0.035052
v -0.003860 0.023525 0.032886
v -0.003180 0.023750 0.030533
v -0.002964 0.023889 0.028086
v -0.003221 0.023936 0.025639
v -0.003939 0.023888 0.023285
v -0.005093 0.023748 0.021116
v -0.006638 0.023522 0.019213
v -0.008514 0.023217 0.017652
v -0.010648 0.022848 0.016491
v -0.012959 0.022425 0.015775
v -0.015360 0.021966 0.015533
v -0.006315 0.021490 0.036805
v -0.004814 0.021489 0.035017
v -0.003665 0.021488 0.032845
v -0.002962 0.021488 0.030488
v -0.002733 0.021488 0.028039
v -0.002984 0.021488 0.025592
v -0.003708 0.021487 0.023238
v -0.004875 0.021486 0.021071
v -0.006441 0.021486 0.019173
v -0.008346 0.021486 0.017618
v -0.010517 0.021487 0.016464
v -0.012869 0.021487 0.015757
v -0.015314 0.021488 0.015524
v -0.006448 0.020114 0.036830
v -0.004982 0.019758 0.035050
v -0.003862 0.019452 0.032883
v -0.003180 0.019226 0.030532
v -0.002964 0.019086 0.028085
v -0.003220 0.019038 0.025638
v -0.003938 0.019085 0.023284
v -0.005092 0.019224 0.021115
v -0.006637 0.019450 0.019212
v -0.008513 0.019755 0.017651
v -0.010648 0.020126 0.016490
v -0.012959 0.020550 0.015775
v -0.015360 0.021010 0.015533
v -0.006841 0.018793 0.036909
v -0.005476 0.018092 0.035149
v -0.004444 0.017494 0.033000
v -0.003826 0.017050 0.030662
v -0.003649 0.016775 0.028223
v -0.003918 0.016683 0.025779
v -0.004623 0.016775 0.023422
v -0.005737 0.017049 0.021245
v -0.007217 0.017492 0.019329
v -0.009006 0.018090 0.017751
v -0.011035 0.018819 0.016569
v -0.013227 0.019649 0.015829
v -0.015497 0.020551 0.015561
v -0.007477 0.017574 0.037038
v -0.006278 0.016557 0.035311
v -0.005387 0.015690 0.033191
v -0.004875 0.015045 0.030873
v -0.004762 0.014648 0.028447
v -0.005052 0.014513 0.026008
v -0.005736 0.014648 0.023647
v -0.006785 0.015044 0.021457
v -0.008160 0.015688 0.019520
v -0.009807 0.016555 0.017913
v -0.011665 0.017612 0.016696
v -0.013660 0.018819 0.015917
v -0.015717 0.020127 0.015605
v -0.008334 0.016507 0.037212
v -0.007358 0.015213 0.035530
v -0.006656 0.014108 0.033448
v -0.006285 0.013288 0.031159
v -0.006259 0.012783 0.028750
v -0.006579 0.012612 0.026316
v -0.007233 0.012783 0.023950
v -0.008195 0.013287 0.021743
v -0.009429 0.014107 0.019777
v -0.010886 0.015211 0.018132
v -0.012512 0.016556 0.016868
v -0.014244 0.018091 0.016035
v -0.016015 0.019757 0.015666
v -0.009378 0.015631 0.037423
v -0.008673 0.014109 0.035796
v -0.008202 0.012811 0.033760
v -0.008003 0.011847 0.031506
v -0.008084 0.011252 0.029120
v -0.008439 0.011051 0.026693
v -0.009057 0.011252 0.024320
v -0.009913 0.011846 0.022090
v -0.010975 0.012810 0.020090
v -0.012201 0.014108 0.018398
v -0.013546 0.015689 0.017077
v -0.014956 0.017494 0.016179
v -0.016378 0.019452 0.015739
v -0.017757 0.021489 0.015772
v -0.010570 0.014981 0.037664
v -0.010173 0.013290 0.036099
v -0.009967 0.011847 0.034118
v -0.009964 0.010775 0.031904
v -0.010164 0.010115 0.029541
v -0.010561 0.009892 0.027123
v -0.011138 0.010115 0.024741
v -0.011874 0.010775 0.022488
v -0.012739 0.011846 0.020448
v -0.013702 0.013288 0.018702
v -0.014725 0.015045 0.017316
v -0.015768 0.017051 0.016344
v -0.016792 0.019227 0.015823
v -0.011862 0.014580 0.037925
v -0.011803 0.012786 0.036429
v -0.011882 0.011254 0.034506
v -0.012092 0.010116 0.032335
v -0.012423 0.009415 0.029999
v -0.012864 0.009180 0.027590
v -0.013397 0.009415 0.025199
v -0.014001 0.010115 0.022919
v -0.014654 0.011253 0.020836
v -0.015331 0.012784 0.019032
v -0.016004 0.014649 0.017575
v -0.016649 0.016777 0.016522
v -0.017241 0.019087 0.015914
v -0.013207 0.014445 0.038198
v -0.013496 0.012615 0.036772
v -0.013873 0.011054 0.034909
v -0.014304 0.009894 0.032783
v -0.014772 0.009180 0.030475
v -0.015258 0.008939 0.028077
v -0.015745 0.009180 0.025675
v -0.016213 0.009893 0.023367
v -0.016645 0.011053 0.021239
v -0.017024 0.012614 0.019375
v -0.017335 0.014515 0.017845
v -0.017566 0.016686 0.016708
v -0.017708 0.019040 0.016009
v -0.014552 0.014581 0.038469
v -0.015189 0.012787 0.037115
v -0.015865 0.011255 0.035312
v -0.016516 0.010117 0.033231
v -0.017121 0.009417 0.030951
v -0.017654 0.009181 0.028561
v -0.018094 0.009417 0.026151
v -0.018426 0.010117 0.023816
v -0.018637 0.011254 0.021643
v -0.018717 0.012785 0.019718
v -0.018666 0.014650 0.018114
v -0.018483 0.016778 0.016894
v -0.018176 0.019087 0.016103
v -0.015845 0.014983 0.038731
v -0.016818 0.013292 0.037445
v -0.017780 0.011850 0.035700
v -0.018645 0.010778 0.033663
v -0.019380 0.010118 0.031409
v -0.019957 0.009895 0.029027
v -0.020354 0.010117 0.026609
v -0.020554 0.010777 0.024247
v -0.020552 0.011849 0.022031
v -0.020346 0.013290 0.020048
v -0.019944 0.015047 0.018374
v -0.019364 0.017052 0.017072
v -0.018625 0.019227 0.016195
v -0.017037 0.015633 0.038973
v -0.018320 0.014112 0.037750
v -0.019545 0.012815 0.036058
v -0.020606 0.011850 0.034059
v -0.021462 0.011256 0.031830
v -0.022080 0.011055 0.029457
v -0.022435 0.011256 0.027030
v -0.022515 0.011850 0.024644
v -0.022317 0.012814 0.022389
v -0.021847 0.014111 0.020353
v -0.021124 0.015692 0.018613
v -0.020176 0.017496 0.017237
v -0.019039 0.019453 0.016278
v -0.018081 0.016510 0.039184
v -0.019636 0.015216 0.038016
v -0.021093 0.014112 0.036372
v -0.022326 0.013293 0.034408
v -0.023287 0.012788 0.032200
v -0.023941 0.012617 0.029834
v -0.024260 0.012788 0.027400
v -0.024234 0.013292 0.024992
v -0.023864 0.014112 0.022702
v -0.023163 0.015215 0.020619
v -0.022158 0.016559 0.018822
v -0.020889 0.018093 0.017381
v -0.019402 0.019758 0.016352
v -0.018938 0.017578 0.039357
v -0.020716 0.016561 0.038235
v -0.022363 0.015694 0.036629
v -0.023738 0.015050 0.034695
v -0.024787 0.014654 0.032504
v -0.025469 0.014520 0.030144
v -0.025759 0.014654 0.027704
v -0.025645 0.015050 0.025279
v -0.025134 0.015694 0.022959
v -0.024243 0.016560 0.020838
v -0.023007 0.017616 0.018994
v -0.021473 0.018822 0.017500
v -0.019700 0.020129 0.016412
v -0.019574 0.018797 0.039483
v -0.021518 0.018096 0.038395
v -0.023308 0.017499 0.036821
v -0.024788 0.017056 0.034908
v -0.025901 0.016782 0.032731
v -0.026604 0.016691 0.030375
v -0.026873 0.016782 0.027930
v -0.026695 0.017055 0.025491
v -0.026077 0.017498 0.023151
v -0.025045 0.018095 0.021001
v -0.023637 0.018823 0.019122
v -0.021907 0.019652 0.017588
v -0.019921 0.020552 0.016457
v -0.019966 0.020119 0.039561
v -0.022012 0.019763 0.038495
v -0.023890 0.019457 0.036939
v -0.025435 0.019232 0.035040
v -0.026587 0.019093 0.032871
v -0.027303 0.019045 0.030517
v -0.027559 0.019093 0.028070
v -0.027341 0.019231 0.025623
v -0.026659 0.019456 0.023269
v -0.025539 0.019761 0.021101
v -0.024025 0.020130 0.019201
v -0.022175 0.020553 0.017642
v -0.020058 0.021012 0.016485
f 4 2 1
f 8 6 5
f 13 15 14
f 17 19 18
f 32 30 29
f 36 34 33
f 37 39 38
f 21 23 20
f 25 27 24
f 41 43 42
f 48 46 45
f 52 50 49
f 53 55 54
f 60 58 57
f 29 62 61
f 66 64 63
f 67 6 68
f 72 70 69
f 76 74 73
f 77 79 78
f 81 83 82
f 59 86 85
f 88 90 89
f 96 94 93
f 100 98 97
f 101 103 102
f 106 34 87
f 108 115 107
f 117 36 118
f 124 126 125
f 131 129 128
f 132 134 133
f 142 140 139
f 148 60 147
f 144 127 124
f 149 151 150
f 156 154 153
f 159 158 157
f 116 164 105
f 171 169 168
f 174 173 172
f 179 181 180
f 186 188 187
f 194 196 195
f 199 139 198
f 206 208 207
f 213 211 210
f 202 214 201
f 96 216 54
f 92 43 44
f 97 246 100
f 250 229 228
f 252 58 253
f 258 256 255
f 260 229 259
f 110 112 113
f 114 263 109
f 265 267 266
f 56 270 269
f 274 249 250
f 185 63 64
f 280 278 276
f 285 283 157
f 288 211 212
f 141 92 46
f 289 175 176
f 148 105 106
f 312 170 171
f 238 42 43
f 318 160 317
f 310 308 307
f 241 325 324
f 160 240 317
f 47 307 308
f 108 315 164
f 345 86 119
f 348 350 349
f 356 358 357
f 355 353 352
f 363 32 362
f 149 150 176
f 364 253 365
f 366 368 367
f 183 371 63
f 163 161 160
f 209 101 208
f 378 165 166
f 379 381 380
f 383 3 4
f 284 386 385
f 387 389 388
f 391 229 249
f 73 397 396
f 405 407 406
f 203 411 410
f 414 413 412
f 1 357 4
f 277 131 275
f 254 57 58
f 358 415 351
f 417 386 408
f 401 192 420
f 419 127 143
f 421 182 422
f 103 302 409
f 428 368 174
f 380 359 356
f 62 266 323
f 140 431 430
f 357 351 348
f 356 379 380
f 415 403 434
f 437 436 435
f 438 440 439
f 188 450 449
f 452 454 453
f 265 181 421
f 224 64 225
f 237 213 427
f 275 128 458
f 281 460 459
f 50 79 461
f 73 282 281
f 468 466 465
f 390 352 359
f 482 484 483
f 489 487 486
f 493 495 494
f 472 470 469
f 502 500 499
f 220 222 223
f 512 143 66
f 518 511 80
f 513 230 286
f 205 31 244
f 189 451 188
f 163 532 8
f 533 225 251
f 446 447 412
f 335 540 334
f 544 546 545
f 329 291 292
f 199 262 238
f 385 416 550
f 532 191 247
f 363 118 243
f 236 237 250
f 578 580 579
f 573 571 570
f 561 562 272
f 241 259 240
f 590 592 591
f 545 595 594
f 503 155 504
f 606 624 623
f 478 480 479
f 646 648 647
f 590 689 684
f 564 651 650
f 728 184 727
f 714 716 715
f 692 575 693
f 541 581 578
f 346 248 400
f 161 230 160
f 128 94 95
f 698 704 703
f 574 576 575
f 290 401 328
f 630 725 726
f 733 735 734
f 755 496 493
f 759 481 760
f 757 762 761
f 764 466 467
f 768 3808 3809
f 759 488 489
f 492 475 771
f 474 769 473
f 773 465 772
f 771 486 483
f 484 775 491
f 774 489 486
f 495 764 756
f 495 761 494
f 137 784 136
f 325 797 547
f 165 51 52
f 369 29 370
f 730 568 569
f 90 301 89
f 243 516 242
f 800 806 805
f 817 808 816
f 816 823 822
f 306 447 807
f 815 809 808
f 829 828 825
f 726 501 502
f 274 424 423
f 879 881 880
f 884 879 885
f 219 217 211
f 906 904 897
f 455 205 542
f 898 830 829
f 903 880 881
f 906 897 898
f 377 519 165
f 923 948 946
f 946 951 950
f 3519 739 3517
f 900 886 880
f 225 65 144
f 182 442 422
f 809 947 824
f 954 962 961
f 927 965 966
f 885 880 886
f 925 966 967
f 343 341 340
f 965 971 968
f 968 970 969
f 972 969 973
f 963 981 978
f 336 338 339
f 992 827 828
f 810 996 959
f 1007 1002 1008
f 1012 827 1009
f 1011 1007 1008
f 294 292 291
f 907 920 919
f 1017 1019 1018
f 1020 1022 1021
f 1035 1020 1044
f 1061 1047 1046
f 1063 1046 1062
f 1044 1021 1045
f 1102 1097 1109
f 1116 1118 1117
f 1016 1014 1013
f 881 904 903
f 816 1127 817
f 1094 949 1097
f 514 167 515
f 146 81 82
f 1133 1130 1129
f 1102 1126 822
f 822 1116 816
f 1145 1148 1136
f 1076 1151 1069
f 1148 1086 1087
f 1109 1114 1136
f 1154 1156 1155
f 1153 967 1156
f 3464 463 3714
f 1144 1152 1151
f 1156 1163 1162
f 1164 1169 1165
f 1145 1176 1147
f 1114 1154 1171
f 1183 1164 1177
f 1184 1177 1185
f 1069 1062 1064
f 1023 1194 1022
f 1162 1170 1169
f 1195 1185 1191
f 1183 1176 1155
f 1201 1152 1196
f 1061 1201 1202
f 3825 843 3836
f 1203 1195 1034
f 1202 1184 1195
f 1218 1203 1217
f 1060 1202 1203
f 1225 1217 1219
f 671 694 670
f 1219 1024 1035
f 1217 1034 1024
f 1226 1015 1227
f 1243 1234 1233
f 1231 1229 1228
f 847 1233 843
f 843 1244 878
f 1233 1245 1244
f 1923 233 216
f 2100 499 500
f 3914 2135 3900
f 61 323 505
f 210 217 457
f 1299 1309 1300
f 3863 1231 3862
f 1066 1321 1322
f 1322 1228 1229
f 1060 1321 1047
f 1325 1323 1310
f 1244 1332 1330
f 1290 1242 1288
f 1337 1339 1338
f 1330 1340 1339
f 1341 1245 1294
f 1342 1332 1341
f 1343 1341 1344
f 1344 1294 1293
f 3857 1345 1346
f 1347 1342 1343
f 3856 1295 1345
f 1349 1348 1347
f 3861 1347 3853
f 3853 1343 3857
f 906 829 1353
f 905 1353 1354
f 865 1355 1357
f 1355 829 825
f 1357 825 826
f 1356 1353 1355
f 3834 1338 3833
f 866 1356 865
f 1358 1354 1356
f 3828 1337 3834
f 838 1012 841
f 1363 1338 1339
f 1368 1339 1340
f 1348 1340 1342
f 1371 3824 3829
f 524 526 523
f 528 530 527
f 1372 1369 1371
f 535 537 538
f 1367 1348 1350
f 1370 1359 1369
f 1369 3833 3824
f 1373 903 904
f 555 557 558
f 1374 910 1373
f 1373 905 1375
f 1374 1375 1376
f 1375 1354 1370
f 1378 908 1377
f 376 651 1387
f 1388 973 969
f 586 588 585
f 1390 1388 1391
f 1391 969 970
f 597 599 596
f 600 602 603
f 1392 970 979
f 608 610 607
f 612 523 611
f 614 616 613
f 617 25 24
f 620 622 619
f 1397 1391 1392
f 1398 1392 1399
f 1400 920 1378
f 1402 1165 1169
f 636 638 635
f 930 1402 929
f 641 643 644
f 929 1169 1170
f 1404 1403 1402
f 1411 1365 1406
f 1412 1415 1414
f 652 654 655
f 609 657 658
f 659 661 662
f 558 586 585
f 665 667 664
f 1413 1406 1412
f 1418 3810 3813
f 1417 1371 1416
f 1416 3829 3810
f 1419 1416 1418
f 1386 1374 1420
f 677 679 676
f 1385 1420 1421
f 1420 1376 1422
f 685 687 688
f 1421 1422 1423
f 528 691 658
f 1422 1372 1417
f 1018 747 1425
f 699 701 702
f 1424 579 1017
f 3663 1767 3660
f 700 711 712
f 1093 3754 1571
f 717 530 719
f 721 723 720
f 704 3543 3554
f 19 1426 1430
f 1429 1427 1426
f 1658 3542 3544
f 1439 1434 1438
f 1437 1435 1434
f 1426 1433 1432
f 1442 1432 1440
f 742 744 745
f 1432 1441 1440
f 751 753 750
f 1438 1403 1405
f 1446 1444 1443
f 1447 1446 1443
f 3860 1443 3848
f 1415 1445 1446
f 1414 1446 1448
f 2173 469 470
f 777 779 686
f 780 782 783
f 1676 1806 1675
f 3859 1349 3861
f 789 791 788
f 745 793 742
f 652 795 653
f 1455 1457 1456
f 1454 1350 1452
f 610 802 801
f 3831 698 703
f 1352 1045 1351
f 1015 1459 1460
f 811 813 814
f 2118 3817 2117
f 819 821 818
f 1466 1194 1190
f 1467 1465 1466
f 1182 1468 1467
f 832 833 831
f 835 837 834
f 1467 1190 1182
f 1469 1444 1445
f 840 712 690
f 1453 1469 1454
f 599 845 846
f 1226 3849 3855
f 851 853 850
f 855 856 854
f 858 860 857
f 861 863 864
f 1014 3855 3858
f 867 868 869
f 870 872 873
f 874 876 877
f 1310 1471 1309
f 1476 1427 1475
f 1461 1475 1460
f 887 889 890
f 788 892 891
f 894 896 893
f 1460 1227 1015
f 901 524 612
f 1465 1477 1464
f 1865 3500 1864
f 911 913 914
f 916 918 915
f 1850 3507 1851
f 921 895 894
f 1479 1436 1478
f 926 667 601
f 1481 563 1480
f 269 84 1482
f 931 933 916
f 934 614 869
f 936 688 937
f 938 662 939
f 1484 122 123
f 941 835 834
f 320 509 510
f 1849 3505 1850
f 84 1484 83
f 1487 1488 539
f 1757 3502 3509
f 365 1491 364
f 461 80 511
f 117 362 1496
f 1494 541 1495
f 926 957 958
f 1477 1433 1476
f 1709 1585 1700
f 119 1496 345
f 271 504 156
f 511 189 186
f 345 1492 365
f 255 344 254
f 57 299 132
f 1501 268 1500
f 267 1499 145
f 974 976 977
f 1678 1693 1676
f 3846 1807 3840
f 557 663 558
f 983 984 985
f 1443 3849 3848
f 421 268 265
f 989 991 988
f 1490 418 1504
f 279 309 310
f 997 676 679
f 998 999 875
f 1504 38 1505
f 1506 1507 1486
f 360 1508 1506
f 1506 207 360
f 939 1006 938
f 270 1483 269
f 66 546 512
f 1010 793 935
f 367 437 1509
f 244 363 243
f 1670 3534 1669
f 209 1510 226
f 235 1512 1511
f 1511 234 235
f 388 426 425
f 427 250 237
f 161 521 231
f 100 45 44
f 1025 608 1027
f 1029 1031 1028
f 939 1033 1032
f 41 594 99
f 1036 783 1037
f 702 1038 1039
f 1040 1042 1043
f 362 369 1493
f 187 477 186
f 70 539 198
f 1511 1521 234
f 1049 603 1048
f 613 869 614
f 860 1051 857
f 1005 1053 1006
f 753 1056 1054
f 1057 1059 1055
f 293 1522 292
f 288 1521 1522
f 292 1523 329
f 331 1508 1524
f 306 453 305
f 100 41 99
f 462 78 79
f 330 1524 462
f 635 1068 636
f 1485 1526 1528
f 206 1528 1510
f 1070 1072 831
f 942 1073 1074
f 916 1075 917
f 440 1530 439
f 157 1514 285
f 1529 5 1530
f 371 546 63
f 790 663 791
f 1077 857 1078
f 1403 1435 1165
f 1080 1082 1079
f 531 1529 440
f 21 1084 1085
f 272 1531 561
f 137 396 397
f 690 802 691
f 335 3567 581
f 1090 1029 1091
f 1092 794 1042
f 1533 137 138
f 661 1095 1096
f 69 445 72
f 1099 1101 1098
f 38 1536 1505
f 1104 1106 1103
f 852 1108 853
f 1377 909 1386
f 291 411 294
f 316 516 33
f 539 1533 534
f 1505 316 313
f 1110 1112 1113
f 1539 460 264
f 522 1537 1539
f 834 1120 1119
f 1122 1124 1121
f 612 1041 901
f 935 615 614
f 276 130 131
f 1686 3522 1685
f 193 1541 273
f 231 1540 287
f 556 982 557
f 365 85 345
f 190 318 1541
f 1810 3574 3528
f 3924 3512 3791
f 1132 985 1131
f 208 102 132
f 1134 662 661
f 1491 80 77
f 429 1542 147
f 1137 915 918
f 172 428 174
f 1139 1141 1142
f 549 54 55
f 1517 1518 296
f 976 1146 938
f 834 984 941
f 1543 286 115
f 1544 239 513
f 133 1544 1542
f 506 257 258
f 420 328 401
f 1158 1160 1157
f 587 1103 588
f 1513 1514 151
f 607 1027 608
f 304 1545 303
f 364 77 506
f 69 198 139
f 1006 976 938
f 700 1112 701
f 3877 3525 3787
f 1166 657 656
f 1167 858 1077
f 1300 3524 1299
f 1172 1174 1175
f 218 200 217
f 1179 1181 1178
f 372 97 98
f 89 227 88
f 1186 1188 1189
f 172 1517 1549
f 1482 81 1498
f 1090 1193 1030
f 394 353 1551
f 526 1198 1197
f 811 858 812
f 1199 1026 1025
f 606 697 696
f 1204 1206 743
f 1207 523 526
f 1209 867 613
f 914 685 936
f 1478 1441 1477
f 1029 1161 1091
f 1211 1213 1214
f 3858 1451 3859
f 844 1216 845
f 423 273 274
f 1220 1222 1083
f 22 1224 23
f 882 897 881
f 1519 173 387
f 1189 1232 1178
f 349 550 416
f 1071 1236 1072
f 1237 1239 745
f 1221 1189 1240
f 1510 1512 333
f 939 1241 1005
f 1556 5 67
f 1553 394 1551
f 404 67 347
f 1247 1249 1246
f 142 238 92
f 1251 635 1250
f 850 1253 851
f 1254 1077 1255
f 57 133 429
f 443 552 551
f 1187 1175 1188
f 1256 831 833
f 432 382 383
f 741 747 746
f 434 351 415
f 349 383 348
f 251 1481 1480
f 395 352 353
f 1518 1550 1551
f 1558 378 340
f 109 314 315
f 285 1513 407
f 395 393 392
f 202 410 1558
f 417 405 432
f 1246 1258 1247
f 3 297 2
f 1259 1261 1262
f 403 347 284
f 955 953 952
f 462 51 330
f 1096 687 1263
f 429 60 57
f 896 1265 932
f 1267 1268 1266
f 423 327 420
f 37 180 40
f 20 1187 1186
f 1256 1071 1070
f 155 156 504
f 1188 1269 1232
f 1236 1271 1262
f 1272 535 621
f 565 463 464
f 1273 745 1239
f 876 1255 1274
f 316 164 315
f 437 503 1509
f 194 1495 197
f 1275 864 863
f 624 631 630
f 1277 1137 1278
f 569 567 566
f 1481 125 366
f 324 547 326
f 1279 1107 1280
f 1525 329 1523
f 1281 1137 918
f 171 1553 1552
f 1488 396 1533
f 1557 1562 1559
f 1282 1206 1205
f 1053 1278 1281
f 778 607 1283
f 713 3566 3569
f 251 144 124
f 4 348 383
f 709 707 706
f 728 45 246
f 261 1563 544
f 789 1287 790
f 74 263 282
f 403 385 434
f 1178 1240 1189
f 1223 1289 1224
f 158 150 151
f 1220 1186 1221
f 296 354 433
f 784 1538 1566
f 1181 1291 1222
f 1269 1257 1246
f 1566 438 399
f 136 1566 1564
f 1563 169 1565
f 107 109 108
f 1297 1298 1296
f 1464 1476 1461
f 1520 507 508
f 1301 1303 1304
f 1306 1308 1305
f 175 1532 272
f 1532 200 201
f 1311 1312 1313
f 872 1315 1316
f 1317 1318 1319
f 3836 878 3828
f 1305 864 1276
f 1040 863 1320
f 1564 399 169
f 592 1575 591
f 591 1088 689
f 1581 1583 1582
f 1196 1147 1176
f 710 583 713
f 285 408 386
f 953 961 963
f 1594 1589 1593
f 1585 1587 1586
f 1592 1590 1589
f 3885 944 3899
f 1600 1598 1597
f 1604 1602 1601
f 1399 979 980
f 1589 1596 1595
f 1610 1608 1607
f 298 361 360
f 551 276 277
f 1627 3814 3819
f 859 818 860
f 1078 1328 1329
f 1555 1530 1556
f 572 680 681
f 772 776 774
f 977 918 917
f 404 392 393
f 1054 750 753
f 1644 1643 1642
f 932 1082 933
f 1067 1334 1068
f 1540 264 114
f 597 643 1336
f 471 762 470
f 1642 3831 3842
f 1644 3842 3843
f 923 950 927
f 96 548 95
f 520 522 521
f 445 443 442
f 849 848 842
f 480 755 493
f 1646 481 1639
f 311 1567 170
f 464 3497 3495
f 3497 1361 3495
f 234 236 235
f 190 192 191
f 153 152 149
f 231 286 230
f 1552 1551 1550
f 760 1648 488
f 3832 1649 3830
f 828 826 825
f 52 166 165
f 1663 1661 1660
f 287 115 286
f 668 670 669
f 634 640 639
f 553 559 554
f 118 33 516
f 492 491 490
f 3552 1651 3553
f 582 584 583
f 384 392 415
f 1381 1383 1380
f 1562 435 436
f 952 951 947
f 3529 583 584
f 1660 1667 1666
f 1394 1396 1393
f 1660 1664 1663
f 1671 1669 1668
f 1624 1673 1672
f 1407 1409 1410
f 1677 1675 1674
f 1613 1677 1625
f 1679 1676 1677
f 1626 3811 3814
f 534 198 539
f 176 150 159
f 803 734 800
f 400 191 192
f 65 143 144
f 3526 1656 3540
f 402 157 283
f 629 627 626
f 461 49 50
f 758 495 756
f 796 786 785
f 406 1513 1560
f 342 166 167
f 1694 1658 1695
f 1692 1694 1696
f 3557 1652 3552
f 3921 1703 3923
f 326 302 90
f 3916 1702 1706
f 3919 1698 1701
f 1699 3927 3918
f 1557 1560 1561
f 1127 1117 1128
f 400 289 346
f 1706 1707 1708
f 1707 1599 1600
f 1709 1708 1588
f 1714 1711 1713
f 3919 1709 1700
f 1704 1577 1703
f 1716 1713 1715
f 1559 1549 297
f 1722 1720 1719
f 1335 596 1489
f 410 377 378
f 973 1163 972
f 168 399 398
f 1571 1089 1093
f 1572 682 1571
f 749 647 754
f 1730 1723 1729
f 1594 1729 1592
f 1729 1591 1592
f 1731 1730 1583
f 1384 1377 1379
f 1732 1712 1714
f 1724 1731 1732
f 1712 1731 1580
f 1722 1732 1733
f 1721 1733 1734
f 1734 1716 1717
f 1735 1736 1697
f 1733 1714 1716
f 1663 1741 1668
f 1742 1740 1743
f 1738 1737 1735
f 1665 1666 1740
f 1665 1744 1664
f 1725 1746 1745
f 1591 1745 1590
f 1590 1747 1596
f 1745 1748 1747
f 1659 3538 3542
f 3287 3545 3282
f 1185 1182 1190
f 1664 1749 1741
f 1741 1739 1738
f 1746 1743 1748
f 1726 1742 1746
f 1153 924 925
f 1115 1153 1154
f 1654 3575 1655
f 1896 3549 1686
f 1720 1744 1726
f 1721 1749 1720
f 1750 1701 1698
f 1697 1750 1696
f 1151 1063 1062
f 1751 1670 1671
f 1695 1752 1751
f 961 986 981
f 1770 1768 1767
f 1766 1593 1765
f 1731 1579 1580
f 1579 1774 1578
f 3928 1771 3929
f 1764 3928 3917
f 1777 1775 1774
f 3762 1699 1700
f 1004 1128 1003
f 1774 1771 1772
f 987 1399 980
f 1578 1772 1764
f 1783 1781 1778
f 1597 1770 1767
f 639 3895 3884
f 3928 1769 1770
f 1793 1789 1788
f 3929 1798 1769
f 3508 3773 1806
f 1802 3924 3922
f 1788 1794 1793
f 1793 1795 1776
f 3773 1675 1806
f 1584 1783 1789
f 1771 3920 3929
f 1801 1798 1800
f 1768 1798 1799
f 1775 1797 1771
f 508 515 1520
f 1796 1802 1797
f 1800 3920 3922
f 1794 1804 1795
f 3532 1752 3547
f 485 1807 775
f 3809 1640 768
f 3837 1810 1653
f 485 1640 1808
f 1690 3770 3772
f 487 1648 1811
f 3839 1816 3822
f 3838 1648 3830
f 3839 1811 3838
f 1812 487 1811
f 1641 767 768
f 465 755 776
f 767 3823 3808
f 3822 3826 3847
f 1809 1815 767
f 3837 1651 3840
f 675 3541 3496
f 1814 1822 1821
f 1821 3821 3820
f 1824 1649 1825
f 1827 1850 1805
f 1668 1662 1663
f 1779 1848 1828
f 1790 1805 1794
f 1833 1853 1852
f 3521 693 575
f 1614 1616 1617
f 1852 3498 3501
f 1620 1622 1623
f 1855 1574 1861
f 1847 3501 3513
f 1766 1855 1782
f 1629 1631 1628
f 1633 1634 1632
f 1635 1637 1638
f 1848 1852 1847
f 1855 1863 1862
f 1803 1867 1802
f 1862 1831 1832
f 1782 1862 1781
f 3922 1865 1800
f 1873 1870 1869
f 1874 799 804
f 2045 3897 2044
f 1219 1295 1225
f 1615 1396 1395
f 3884 1877 1876
f 645 3786 3559
f 1345 1035 1346
f 634 3884 3880
f 15 1327 14
f 3910 1878 1893
f 1894 605 1893
f 3506 627 693
f 3560 645 3559
f 340 454 1558
f 1897 195 1898
f 1889 1877 1890
f 1901 129 1900
f 196 754 232
f 1705 3921 3916
f 340 166 343
f 1570 563 561
f 1904 194 1897
f 1781 1832 1780
f 1905 55 1906
f 1000 995 996
f 986 920 987
f 1191 1190 1194
f 2094 2075 2093
f 1920 1919 1915
f 453 1912 1911
f 1915 1918 1916
f 3882 2106 3901
f 1655 3531 1868
f 1916 1926 1925
f 704 3561 703
f 278 1925 1900
f 3565 1818 1820
f 1097 1115 1114
f 1927 727 1923
f 3578 3654 3758
f 1920 307 1929
f 1929 48 728
f 503 1497 1509
f 1902 787 796
f 1816 3820 3826
f 1925 1923 1924
f 1535 1568 1534
f 254 258 255
f 1509 366 367
f 119 35 36
f 219 293 294
f 141 47 431
f 542 244 245
f 1940 430 431
f 1779 1827 1790
f 1701 3915 3919
f 1661 3515 1667
f 270 754 647
f 197 749 196
f 1727 1212 1211
f 53 232 754
f 1465 1479 1478
f 1284 3854 1293
f 1951 412 413
f 168 1554 1553
f 1486 206 207
f 506 78 361
f 994 1007 993
f 951 963 964
f 1013 3861 1351
f 3826 1820 1818
f 1498 1954 1482
f 299 543 132
f 1754 1756 1753
f 1681 1683 1682
f 1696 1695 1697
f 13 738 737
f 473 475 474
f 482 768 1640
f 204 30 205
f 1761 820 819
f 611 1125 612
f 1501 1908 1909
f 1074 711 699
f 1960 82 83
f 120 1960 123
f 35 87 34
f 1773 1025 1031
f 1965 1569 1535
f 494 471 479
f 1966 1969 1968
f 446 1971 1967
f 174 125 126
f 1580 1578 1577
f 1785 1787 1784
f 1972 304 305
f 1254 875 999
f 1973 342 514
f 321 1973 509
f 1910 275 1907
f 509 514 508
f 1486 1527 1485
f 1974 804 1975
f 1977 1974 1978
f 1980 1966 1981
f 379 2 295
f 1718 1710 1701
f 884 992 883
f 1680 1678 1679
f 902 525 524
f 344 256 299
f 135 137 136
f 236 228 333
f 448 1967 1966
f 589 604 584
f 910 908 907
f 1981 1968 1987
f 1982 1987 1979
f 1988 1987 1989
f 1990 1989 1991
f 1991 1993 1992
f 322 320 319
f 992 830 883
f 1144 1086 1143
f 1995 1978 1994
f 1133 1118 1126
f 1997 1994 1996
f 870 1335 1489
f 805 1982 1998
f 727 2000 1999
f 1996 1988 1990
f 1994 1979 1988
f 1829 792 1273
f 1830 941 983
f 798 800 799
f 729 731 730
f 2011 2023 2022
f 1834 846 1159
f 402 284 347
f 2022 2024 2025
f 1838 989 988
f 810 952 809
f 1823 1840 644
f 1430 1432 1431
f 1215 1841 1079
f 149 176 177
f 1316 873 872
f 2112 1384 2106
f 1842 1844 1845
f 1159 845 1160
f 837 1846 1120
f 1971 2030 2027
f 517 370 189
f 858 833 812
f 1471 2027 1888
f 3551 626 627
f 2174 770 490
f 935 1854 1010
f 1613 1611 1618
f 1231 1225 1295
f 1856 891 892
f 1300 748 741
f 1150 1858 1859
f 1643 696 1642
f 1215 1264 1216
f 1320 902 901
f 1956 1944 1960
f 2031 669 1474
f 2034 1310 1299
f 1879 1656 1657
f 40 242 39
f 1992 2039 1456
f 888 957 889
f 1882 1996 1990
f 1078 1255 1077
f 1871 1192 1090
f 294 218 219
f 1323 2026 1471
f 123 83 1484
f 1324 2041 1323
f 384 359 352
f 1324 2038 2036
f 1883 1885 1829
f 287 114 107
f 1096 1134 661
f 915 931 916
f 806 1981 1982
f 3533 584 604
f 1425 2042 1018
f 1018 1948 1017
f 3562 740 3519
f 1948 649 646
f 1881 1990 1991
f 1900 130 278
f 992 994 993
f 923 925 924
f 3878 2047 3876
f 1643 625 606
f 2050 2051 2049
f 2045 1404 2047
f 3876 945 3885
f 1139 1079 1841
f 1037 892 982
f 2055 2057 2056
f 1198 718 717
f 1619 1612 1611
f 2058 1606 2059
f 2059 1607 2058
f 2058 1624 1605
f 71 179 37
f 405 1557 382
f 976 1006 977
f 322 1972 1911
f 2061 2063 2062
f 2066 2067 1825
f 2052 2064 2051
f 1609 2066 1647
f 1515 152 1516
f 1009 993 1007
f 1644 3815 2118
f 279 1916 278
f 1285 3862 1284
f 1647 1825 1649
f 2056 2067 2065
f 319 1953 1952
f 667 1913 1914
f 2070 625 2048
f 2052 2055 2063
f 2038 1655 1458
f 1606 2073 2072
f 1235 1270 1236
f 2072 2075 2074
f 2059 2072 2062
f 2074 2077 2076
f 1601 2078 2073
f 2049 1643 1645
f 1000 1001 994
f 1089 684 689
f 1931 1306 1930
f 1462 1021 1022
f 1932 1934 1935
f 875 1846 998
f 1936 1937 1938
f 44 46 92
f 1534 1956 120
f 1541 317 391
f 2081 2084 2083
f 146 1959 300
f 1360 1942 1361
f 985 1032 1033
f 1995 1892 2043
f 2079 2082 2081
f 2095 2076 2077
f 2081 2078 2079
f 2055 2054 2053
f 501 2095 500
f 2097 2099 2098
f 2098 2094 2083
f 2140 3893 3866
f 2141 3894 3893
f 2051 2048 2049
f 592 2101 1576
f 2071 2076 2096
f 2102 2098 2101
f 593 2102 592
f 1019 746 747
f 1950 12 1327
f 725 2096 501
f 1385 2104 1379
f 1379 2106 1384
f 2107 2100 2097
f 3908 502 3896
f 3896 499 3901
f 940 2109 944
f 928 1170 973
f 3868 684 3899
f 1962 1964 1961
f 3878 573 3897
f 2039 1968 1969
f 1389 2110 2109
f 1398 2113 1397
f 3757 3753 3743
f 3911 2107 2103
f 949 924 1115
f 260 324 326
f 1390 2113 2110
f 2070 2064 2071
f 3867 2103 593
f 2105 1421 2114
f 2114 1423 2115
f 3892 2115 3903
f 3908 2114 3892
f 554 1902 553
f 972 967 966
f 1765 1573 1574
f 1984 1986 1983
f 2053 2069 2057
f 3573 724 714
f 1625 1674 1673
f 3881 2119 2122
f 3903 2123 3904
f 56 1906 55
f 626 3879 629
f 2001 2003 2004
f 3912 2127 3907
f 2006 2008 2009
f 2127 1412 2128
f 2014 2016 2017
f 2018 2020 2021
f 1495 1947 197
f 1379 1386 1385
f 3814 1680 1618
f 2029 1884 2028
f 3902 2120 3887
f 629 3914 3872
f 682 943 1089
f 724 2121 716
f 1757 3821 3845
f 765 3844 3809
f 3851 715 3852
f 706 3870 3872
f 981 987 980
f 1457 1656 1880
f 2017 2032 2033
f 1458 1868 1457
f 1776 1792 1793
f 1959 1946 1958
f 3663 3725 3661
f 3913 2122 3850
f 1093 689 1088
f 966 968 972
f 3852 3881 3913
f 2172 2170 2171
f 670 2137 669
f 3761 1903 233
f 1429 28 1449
f 964 978 971
f 3841 1413 2127
f 1473 669 2137
f 3834 1359 1358
f 2138 1870 2137
f 1872 2137 1870
f 715 3888 3881
f 1881 1992 1880
f 3843 739 740
f 1837 3513 3514
f 253 59 85
f 1808 3840 1807
f 1647 3818 1609
f 3865 671 668
f 2112 3883 2111
f 1405 2044 1438
f 3829 1364 1366
f 273 391 249
f 576 3520 3555
f 3875 668 2031
f 1430 2140 2139
f 2136 3860 28
f 1430 18 19
f 3893 570 695
f 1442 2046 2141
f 1431 2141 2140
f 3869 3850 2136
f 3808 1817 766
f 3866 695 671
f 2142 798 2138
f 571 2142 694
f 3819 1618 1611
f 2143 2025 2142
f 694 2138 670
f 681 2144 572
f 2144 2022 2143
f 328 457 290
f 1572 2011 2144
f 630 3903 624
f 2085 2087 2088
f 2090 2092 2089
f 572 2143 571
f 1875 2153 2149
f 1873 2149 2154
f 2103 2097 2102
f 2157 2155 2156
f 2128 1414 2120
f 3874 589 582
f 3872 628 629
f 2149 2158 2159
f 2159 3905 3890
f 698 3902 705
f 3823 3827 1817
f 2158 3874 3905
f 1438 2046 1439
f 2035 2160 2161
f 2161 3889 3886
f 3871 605 589
f 3873 18 3875
f 370 61 451
f 649 413 648
f 2153 2156 2158
f 1428 1449 1450
f 1490 73 1488
f 3890 710 633
f 2155 3891 3871
f 1456 1880 1992
f 2125 2087 2124
f 2160 3890 3889
f 300 505 323
f 1064 1046 1065
f 2043 1891 2155
f 2129 2004 2003
f 2131 2133 2134
f 3848 1450 1449
f 1998 804 805
f 3879 3864 3914
f 474 490 770
f 1164 1182 1177
f 707 3909 3870
f 708 2162 707
f 2162 3886 3909
f 548 1905 458
f 1145 1114 1171
f 705 1650 704
f 2043 1977 1995
f 737 554 559
f 1034 1191 1023
f 458 1907 275
f 195 232 233
f 2040 1969 1970
f 2145 2147 2148
f 2054 2049 1645
f 3832 1639 3818
f 9 11 10
f 252 506 258
f 472 479 471
f 1865 3791 3503
f 900 910 907
f 1941 2151 1942
f 1921 1927 1919
f 2163 1898 2116
f 271 153 178
f 1904 12 9
f 282 264 460
f 1872 2154 2035
f 1326 1897 2163
f 628 693 627
f 1724 1719 1723
f 1549 436 172
f 1582 1730 1729
f 1921 1929 1928
f 3563 10 11
f 2152 1950 1949
f 475 774 771
f 769 2171 473
f 2171 476 473
f 476 772 475
f 1791 464 1760
f 2166 2168 2169
f 595 372 98
f 483 1641 482
f 762 2173 470
f 771 484 492
f 486 1809 483
f 297 1517 296
f 763 2174 762
f 776 759 489
f 184 2176 2000
f 412 303 414
f 2005 185 224
f 3811 1682 3846
f 2164 756 764
f 1472 2161 2162
f 950 964 965
f 2177 2179 2180
f 227 1510 333
f 764 467 2164
f 2182 2184 2181
f 2186 2018 2185
f 1985 2181 1986
f 214 729 1531
f 1545 1546 1569
f 865 842 866
f 849 1357 1362
f 452 1558 454
f 559 3188 737
f 16 737 3188
f 560 498 374
f 3193 3195 3194
f 3200 3198 3199
f 3211 3213 3212
f 3215 3217 3216
f 2187 2002 2001
f 2169 2189 2190
f 2192 2085 2191
f 2193 2195 2196
f 2198 2200 2197
f 1998 1979 1975
f 3664 3668 3671
f 2116 1903 1902
f 1859 2009 1150
f 3904 2126 3906
f 1135 1087 1130
f 2201 2015 2014
f 1149 110 1858
f 3221 3218 3215
f 2203 2205 2206
f 579 1895 1019
f 1755 2208 1756
f 3891 1893 605
f 1211 2150 1727
f 868 2210 2209
f 944 930 940
f 2130 2202 2201
f 233 1898 195
f 665 750 666
f 1167 999 618
f 2211 2213 2214
f 2215 2217 2218
f 3867 590 3868
f 2220 220 2219
f 823 948 1094
f 3225 3227 3226
f 266 455 265
f 3882 2107 3883
f 2221 3519 3517
f 2223 2225 2226
f 2207 2124 2208
f 673 3869 3864
f 817 996 815
f 2227 2146 2145
f 1947 646 749
f 3900 17 3873
f 2229 1638 1381
f 1679 1618 1680
f 1637 2232 2230
f 2233 1617 1616
f 2231 2236 2237
f 1381 2238 1382
f 3586 2242 3587
f 1630 2233 1631
f 1681 472 469
f 1408 2243 2244
f 3236 3238 3237
f 3232 3240 3235
f 1637 2238 1638
f 3237 3233 3234
f 1409 1634 2245
f 1380 2247 2246
f 1628 2245 1621
f 2249 1622 1633
f 1632 1408 2244
f 2248 1631 2250
f 2235 1637 1636
f 3245 3199 3198
f 631 2071 725
f 515 52 49
f 782 2251 1251
f 2253 2255 2252
f 397 459 784
f 1456 2040 1455
f 2040 2036 1455
f 1401 2111 1398
f 2041 1970 2026
f 1535 414 1965
f 1586 2080 2079
f 2256 1132 1886
f 1700 3918 3919
f 3815 1686 3817
f 1263 1886 1096
f 598 844 599
f 2257 2259 2260
f 2258 2262 2259
f 2259 2263 2216
f 2260 2216 2215
f 1967 1970 1969
f 2212 1963 2213
f 922 2218 2217
f 1312 1101 2264
f 1307 1286 789
f 1548 1546 1972
f 2266 2268 2265
f 2265 2270 2269
f 2272 2269 2271
f 2273 2265 2272
f 2275 2277 2274
f 2278 2277 2279
f 2284 3617 3639
f 2287 2286 2281
f 2288 2283 2287
f 2290 3639 3620
f 2291 2293 2294
f 2295 2294 2279
f 2296 2291 2295
f 2297 2292 2291
f 2294 2299 2300
f 2279 2300 2278
f 2298 2302 2292
f 2292 2303 2293
f 2293 2304 2299
f 2304 2306 2299
f 2306 2300 2299
f 2308 2310 2307
f 2302 2310 2303
f 2301 2307 2302
f 2312 2307 2311
f 2313 2315 2316
f 2318 2320 2317
f 3748 2322 2323
f 2324 2273 2326
f 2313 2326 2327
f 2328 2313 2316
f 2329 2324 2328
f 2331 2333 2330
f 2330 2267 2266
f 2325 2266 2273
f 2329 2330 2325
f 2333 2335 2267
f 2336 2333 2332
f 2338 2332 2337
f 2331 2337 2332
f 2329 2339 2331
f 2328 2340 2329
f 2316 2341 2328
f 2342 2315 2343
f 2344 2346 2347
f 2341 2347 2340
f 2342 2344 2341
f 2348 2345 2344
f 2350 2352 2353
f 2339 2353 2337
f 2340 2350 2339
f 2347 2351 2350
f 2337 2354 2338
f 2353 2355 2354
f 2356 2276 2357
f 2356 2358 2359
f 2356 2296 2295
f 2279 2356 2295
f 2360 2270 2268
f 2267 2360 2268
f 2362 2364 2365
f 2362 2361 2358
f 2366 2358 2357
f 2366 2363 2362
f 2357 2368 2366
f 2366 2369 2367
f 2276 2370 2368
f 2368 2282 2369
f 2372 2374 2371
f 2375 2377 2007
f 2378 2380 2381
f 2382 2381 2383
f 2384 2378 2382
f 2385 2379 2378
f 2388 2390 2387
f 2387 2392 2391
f 2393 2387 2391
f 2394 2388 2387
f 2186 2402 2400
f 2403 2327 2326
f 2272 2326 2273
f 2271 2403 2272
f 2405 2404 2403
f 2404 2408 2327
f 2409 2411 2412
f 2409 2271 2269
f 2413 2269 2270
f 2413 2410 2409
f 2417 2416 2418
f 2417 2406 2405
f 2412 2405 2271
f 2411 2417 2412
f 2406 2407 2404
f 3569 632 713
f 2420 2397 2421
f 2420 2423 2422
f 2424 2422 2419
f 2424 2398 2420
f 2425 2392 2426
f 2421 2426 2423
f 2397 2425 2421
f 2396 2391 2425
f 2427 2315 2314
f 2427 2408 2428
f 2430 2428 2429
f 2343 2427 2430
f 2432 2430 2431
f 2431 2429 2433
f 2435 2433 2434
f 2436 2431 2435
f 2428 2407 2437
f 2422 2407 2419
f 2438 2422 2423
f 2429 2437 2438
f 2440 2433 2439
f 2441 2433 2429
f 2442 2439 2441
f 2443 2440 2439
f 2445 2444 2443
f 2447 2443 2442
f 2383 2445 2447
f 2381 2446 2445
f 2448 2423 2426
f 2449 2426 2392
f 2441 2449 2442
f 2441 2438 2448
f 2449 2390 2450
f 2450 2389 2451
f 2447 2451 2383
f 2442 2450 2447
f 2451 2453 2452
f 2452 2455 2454
f 2382 2454 2384
f 2383 2452 2382
f 2456 2373 2372
f 2459 2461 2458
f 2463 2465 2462
f 2462 2285 2284
f 2466 2284 2290
f 2467 2462 2466
f 2461 3703 3701
f 2468 2470 2471
f 2472 2471 2473
f 2474 3701 3688
f 2475 2477 2478
f 2458 2453 2479
f 2479 2389 2388
f 2395 2479 2388
f 2480 2458 2479
f 2481 2483 2478
f 2484 2485 221
f 2471 2464 2463
f 2473 2463 2467
f 2487 2466 2486
f 2486 2290 2488
f 2490 2488 2489
f 2491 2486 2490
f 2492 2467 2487
f 2493 2487 2491
f 2494 2492 2493
f 2495 2473 2492
f 3690 2474 3688
f 3691 2496 3690
f 2498 2493 2499
f 2500 2499 2501
f 3700 2498 2500
f 3687 2494 2498
f 2306 2278 2300
f 2305 2504 2306
f 2504 2507 2506
f 2506 2288 2508
f 2274 2508 2275
f 2278 2506 2274
f 3633 2489 2488
f 3620 2488 2290
f 2507 2289 2288
f 2505 2509 2507
f 2508 2287 2511
f 2511 2281 2280
f 2370 2280 2282
f 2275 2511 2370
f 2512 2489 2513
f 2514 2513 2515
f 2517 2514 2516
f 2517 2490 2512
f 2499 2491 2517
f 2499 2516 2501
f 2510 2519 2518
f 2518 2521 2520
f 3616 2520 3621
f 3632 2518 3616
f 2522 2303 2310
f 2523 2310 2309
f 2305 2522 2524
f 2524 2523 2525
f 2519 2525 2521
f 2505 2524 2519
f 2308 2527 2526
f 2526 2529 2528
f 2531 2528 2530
f 2309 2526 2531
f 1214 2151 1211
f 2419 2418 2424
f 2533 2349 2317
f 2534 2317 2320
f 2535 2533 2534
f 2536 2345 2533
f 2537 2346 2536
f 2538 2536 2535
f 2539 2537 2538
f 2540 2351 2537
f 2312 2541 2527
f 2527 2542 2529
f 2543 2434 2544
f 2545 2544 2546
f 2319 2543 2545
f 2318 2435 2543
f 2514 2548 2547
f 2547 2550 2549
f 2552 2549 2551
f 2552 2514 2547
f 2520 2554 2553
f 2553 2556 2555
f 3590 2555 3593
f 3621 2553 3590
f 2523 2531 2557
f 2557 2530 2558
f 2525 2557 2559
f 2559 2558 2560
f 2554 2560 2556
f 2521 2559 2554
f 2561 2007 2006
f 2376 2225 2377
f 2564 2566 2563
f 2563 338 2567
f 2569 2567 2568
f 2570 2563 2569
f 2572 2574 2571
f 2571 2576 2575
f 2544 2575 2546
f 2544 2572 2571
f 2578 2569 2577
f 2579 2569 2568
f 2574 2579 2576
f 2573 2577 2574
f 2581 2583 2580
f 2584 2583 2585
f 3697 2580 2584
f 3676 2580 3675
f 2582 2552 2583
f 2583 2551 2585
f 2500 2589 2588
f 2590 2589 2591
f 3693 2588 2590
f 3695 2500 2588
f 2501 2591 2589
f 2592 2594 2595
f 2386 2503 2502
f 2596 2386 2374
f 2596 2373 2597
f 2599 2597 2598
f 2599 2379 2596
f 2600 2380 2599
f 2600 2598 2601
f 2603 2601 2602
f 2603 2446 2600
f 2604 2602 2605
f 2440 2605 2434
f 2444 2604 2440
f 2606 2581 2607
f 2606 2590 2591
f 2591 2582 2606
f 3676 2456 3689
f 3689 2372 3693
f 2478 2608 2481
f 2609 2611 2199
f 2564 2613 2612
f 2612 2598 2597
f 2457 2597 2373
f 2565 2612 2457
f 2614 2570 2578
f 2615 2578 2573
f 2602 2614 2615
f 2601 2613 2614
f 2572 2605 2616
f 2616 2602 2615
f 2573 2616 2615
f 1459 1045 1021
f 1265 1079 1082
f 1612 1609 1611
f 2067 2069 2068
f 1135 1136 1148
f 1938 2618 2617
f 95 458 128
f 2058 1608 1612
f 1454 1445 1367
f 655 1048 2619
f 722 2621 723
f 1131 1033 1134
f 562 366 1497
f 1723 1725 1591
f 1786 1122 1787
f 267 323 266
f 1325 1654 2038
f 1468 1435 1479
f 658 529 528
f 8 247 7
f 382 1559 3
f 788 1307 789
f 940 929 928
f 911 2623 912
f 2621 655 654
f 2624 2625 2626
f 998 27 26
f 635 2626 2625
f 2627 644 1840
f 2628 1840 2629
f 1200 2627 2628
f 1199 641 2627
f 1520 49 477
f 1452 1349 1451
f 2630 1859 1858
f 644 1335 1823
f 1197 717 2632
f 2632 719 1166
f 2628 1166 1200
f 2629 2632 2628
f 1762 1050 821
f 1823 873 1839
f 2634 794 652
f 1028 1027 1161
f 1042 2635 1043
f 93 1901 1924
f 2036 1458 1455
f 1527 1525 1526
f 877 1274 1277
f 134 797 1544
f 1328 931 1329
f 607 1091 1161
f 1043 2637 2636
f 2636 2639 2638
f 1275 2638 1276
f 1275 1043 2636
f 1272 2626 2640
f 2640 638 637
f 1110 2640 637
f 536 2640 2641
f 1472 1474 1473
f 2042 1951 649
f 1058 1105 1059
f 2642 2643 2644
f 1192 2644 1193
f 912 2642 1192
f 3898 3526 3786
f 1049 2620 2621
f 616 1885 613
f 1331 666 750
f 990 1198 525
f 1911 321 322
f 1298 1205 2645
f 76 1504 75
f 1502 421 422
f 610 658 691
f 1146 659 938
f 2646 914 936
f 1280 1238 1279
f 975 2647 2648
f 2647 975 974
f 1453 1452 1451
f 1514 158 151
f 835 1843 1842
f 1271 1173 1289
f 2649 813 2650
f 1893 1826 1894
f 1050 1937 1051
f 2651 814 813
f 1006 1281 977
f 2653 2654 2655
f 1001 1003 1002
f 585 679 558
f 2624 621 620
f 555 2028 556
f 1207 1197 2629
f 1626 478 472
f 426 419 1567
f 1030 1773 1031
f 3898 634 3880
f 534 138 262
f 1125 1042 1041
f 333 88 227
f 569 561 730
f 1489 871 870
f 1857 620 891
f 1673 3770 3763
f 622 864 1308
f 2647 974 2657
f 619 891 620
f 261 545 262
f 393 1556 404
f 2658 2647 2657
f 1075 2657 917
f 1081 2658 1075
f 1080 2659 2658
f 2644 1141 2660
f 2660 1140 1336
f 642 1336 643
f 1193 2660 642
f 679 555 558
f 1503 1500 1502
f 1318 1101 1100
f 2661 1139 1142
f 2661 2663 2662
f 2662 2659 2661
f 2662 2622 2664
f 2664 911 2646
f 2648 2646 1146
f 2648 2662 2664
f 2083 2093 2081
f 1442 1437 1439
f 519 330 51
f 1885 1209 613
f 799 805 804
f 1946 1952 1953
f 1302 1253 1252
f 566 224 533
f 1389 928 1388
f 683 681 680
f 836 1842 2665
f 2665 1845 1303
f 2666 1303 1302
f 24 2665 2666
f 831 2650 832
f 1845 1304 1303
f 2010 2012 2011
f 1051 2667 2668
f 1522 1511 1523
f 531 441 522
f 782 1251 1250
f 1250 2625 2669
f 2669 1857 1856
f 783 1856 1037
f 782 2669 783
f 720 2671 721
f 1055 1930 1056
f 1333 1251 2251
f 619 1308 1307
f 652 2619 2634
f 521 1539 1540
f 1838 537 2672
f 2672 536 2641
f 1113 2641 1110
f 1113 1838 2672
f 1016 1351 1045
f 3897 570 3894
f 226 104 101
f 3564 3827 1818
f 1036 1884 1883
f 2674 1304 2673
f 2673 1844 2675
f 1334 2675 1039
f 1333 2673 1334
f 2676 1039 2675
f 1843 2675 1844
f 942 2676 1843
f 1074 702 2676
f 811 859 858
f 752 1055 753
f 1200 656 1026
f 1120 874 2677
f 2677 877 1052
f 1241 1052 1005
f 1119 2677 1241
f 1560 151 1515
f 1208 611 523
f 215 736 214
f 1460 1462 1461
f 1208 1839 873
f 854 1282 1297
f 72 182 179
f 544 1565 512
f 217 456 457
f 2047 930 945
f 1204 1937 2633
f 913 686 685
f 840 1113 1112
f 1531 730 561
f 2678 1283 801
f 601 1914 602
f 1537 459 460
f 1819 3509 3527
f 991 862 538
f 2679 1073 1830
f 2680 983 2256
f 779 2256 1263
f 778 2680 779
f 2678 1830 2680
f 180 245 40
f 1886 1131 1134
f 1138 1274 1255
f 1841 1140 1139
f 75 314 74
f 193 420 192
f 2681 1099 1098
f 170 1565 169
f 349 417 432
f 1121 2684 2683
f 547 409 302
f 123 121 120
f 2643 1142 1141
f 1542 513 1543
f 899 907 919
f 1210 676 867
f 791 982 892
f 24 837 836
f 893 932 931
f 1860 863 862
f 535 862 861
f 832 813 812
f 2650 813 832
f 1569 1547 1568
f 181 542 180
f 660 937 688
f 2013 568 2012
f 887 2631 2630
f 1524 361 78
f 520 162 1529
f 2653 854 2685
f 1238 2655 2686
f 718 527 530
f 1492 518 1491
f 792 615 793
f 599 1835 596
f 290 456 175
f 312 1552 425
f 1248 1179 1249
f 153 177 178
f 1240 1222 1221
f 1257 1235 1071
f 1291 1083 1222
f 1052 1277 1053
f 743 2618 1204
f 444 430 443
f 23 1172 1187
f 2687 1180 1179
f 102 409 134
f 1283 610 801
f 373 650 651
f 1180 1084 1291
f 855 2655 1237
f 1173 1917 1174
f 2689 853 2688
f 2688 1108 1279
f 2686 1279 1238
f 2687 2688 2686
f 2691 1252 2690
f 2690 850 2689
f 1248 2689 2687
f 1248 2691 2690
f 2692 24 2666
f 2691 2666 1302
f 1247 2692 2691
f 1258 617 2692
f 394 1555 393
f 2693 1259 1223
f 1072 1262 1261
f 1257 1168 1258
f 398 1555 1554
f 871 1314 872
f 1178 1249 1179
f 1224 1173 1172
f 1010 2618 742
f 1175 1292 1269
f 2654 2686 2655
f 2694 1216 1264
f 71 1487 70
f 701 1111 1038
f 1072 2649 2650
f 1085 22 21
f 895 1264 896
f 1601 1605 1604
f 1259 1271 1289
f 21 1220 1083
f 988 538 537
f 598 1336 1140
f 820 1762 821
f 1050 818 821
f 1298 1761 2652
f 1168 618 617
f 858 1256 833
f 39 516 1536
f 2652 819 814
f 313 315 314
f 2026 1971 2027
f 2656 596 1835
f 814 818 811
f 2696 813 2649
f 1260 2649 1261
f 2693 2696 1260
f 2697 2651 2696
f 381 390 380
f 3818 1611 1609
f 1475 1428 1227
f 1292 1917 1235
f 1551 354 1518
f 1526 1523 1511
f 1593 1595 1573
f 1232 1246 1249
f 2695 1223 22
f 2698 1296 2697
f 2698 2693 2695
f 2685 2695 1085
f 2685 1297 2698
f 562 271 272
f 2652 1296 1298
f 1365 1364 1363
f 1958 1953 1957
f 585 2210 997
f 1561 1515 435
f 975 1146 976
f 347 68 346
f 1038 636 1068
f 2700 780 2699
f 2699 1036 1883
f 2701 1883 1829
f 851 2699 2701
f 2674 2251 2702
f 2702 781 2700
f 1253 2700 851
f 1301 2702 1253
f 1519 388 1550
f 1273 1280 2703
f 2703 1107 852
f 2701 852 851
f 1829 2703 2701
f 91 326 90
f 1784 2656 1785
f 2683 2705 2704
f 604 3499 3533
f 1669 3548 1662
f 2062 2060 2059
f 621 861 622
f 2023 732 2024
f 686 1263 687
f 857 2668 1328
f 883 882 879
f 637 1111 1110
f 2668 893 1328
f 2667 894 2668
f 1039 1068 1334
f 313 1504 1505
f 1911 305 453
f 1936 1964 2212
f 2707 2401 2183
f 2708 2183 2182
f 738 2116 554
f 2349 2432 2436
f 2711 2020 2019
f 2400 2019 2186
f 2714 2716 2713
f 2717 2719 2720
f 2721 2723 2724
f 2726 2728 2725
f 2725 2730 2729
f 2731 2729 2709
f 2732 2725 2731
f 2734 2736 2733
f 2738 2740 2737
f 2737 2741 2742
f 2744 2746 2743
f 2745 2748 2747
f 2749 2747 2751
f 2753 2751 2752
f 2250 2246 2248
f 2754 1614 2755
f 3598 2755 3609
f 3608 2747 3609
f 1617 2755 1614
f 2242 1620 2757
f 2191 2760 2759
f 2761 2760 2762
f 3648 2761 3649
f 3623 2759 3648
f 3209 3223 3224
f 1395 2236 2235
f 1395 1636 1615
f 1616 2229 2233
f 1617 2763 2756
f 2756 3628 3608
f 2765 2234 1630
f 2766 3628 3622
f 3202 3246 3247
f 1516 435 1515
f 2768 3552 3553
f 1495 578 1424
f 2135 28 17
f 3526 2773 2774
f 1690 3926 3925
f 2778 2780 2777
f 2777 2781 2782
f 2784 2777 2783
f 3555 575 576
f 1494 9 540
f 3529 2015 3566
f 451 505 450
f 2786 2788 2785
f 2779 2785 2780
f 2789 2741 2740
f 2790 2752 2789
f 2792 2794 2791
f 2793 2796 2794
f 2796 2750 2749
f 2794 2749 2753
f 2798 1396 2754
f 3591 2754 3598
f 2798 2800 1393
f 3591 2799 2798
f 2797 2795 2801
f 2791 2753 2790
f 216 232 54
f 3804 2807 3803
f 3805 2804 3803
f 2769 3557 3552
f 183 184 97
f 2811 2775 2776
f 2804 2776 2805
f 2809 2811 2804
f 2812 2813 2814
f 3805 2816 3795
f 3796 2815 3795
f 3798 2820 2821
f 3793 2819 3798
f 2824 2735 2819
f 2823 2824 2819
f 2825 2826 2724
f 3793 2827 3792
f 3796 2826 3792
f 2713 2829 2828
f 2828 2831 2830
f 2822 2828 2830
f 2821 2713 2828
f 2832 2822 2830
f 2833 2830 2831
f 2834 2832 2833
f 2835 2827 2832
f 2837 2839 2836
f 2836 2841 2840
f 2842 2840 2727
f 2843 2836 2842
f 2840 2845 2844
f 2718 2845 2719
f 2730 2844 2718
f 2727 2844 2728
f 2846 2719 2845
f 2846 2841 2847
f 2829 2847 2831
f 2829 2716 2846
f 2847 2839 2848
f 2848 2838 2849
f 2833 2849 2834
f 2831 2848 2833
f 2850 2851 2852
f 2853 2852 2854
f 2783 2782 2855
f 2785 2853 2856
f 2780 2856 2781
f 2857 2855 2782
f 2859 2782 2781
f 2861 2842 2860
f 2860 2727 2726
f 2862 2726 2732
f 2863 2860 2862
f 2861 2858 2857
f 2843 2857 2859
f 2856 2854 2864
f 2781 2864 2859
f 2837 2859 2864
f 2838 2864 2854
f 2852 2834 2849
f 2854 2849 2838
f 2865 2818 2835
f 2851 2835 2834
f 2813 2815 2865
f 2814 2865 2851
f 2866 2814 2850
f 2788 2850 2853
f 2866 2787 2867
f 2812 2867 2775
f 1892 1890 1891
f 2720 2846 2870
f 298 256 257
f 2872 2713 2820
f 3794 2735 2734
f 2729 2874 2873
f 2846 2715 2870
f 2876 2878 2875
f 2733 2878 2734
f 3806 2879 2880
f 3806 2872 3794
f 2882 2884 2881
f 2881 2715 2714
f 2880 2714 2872
f 2879 2881 2880
f 2885 2887 2888
f 2888 2890 2885
f 2885 2892 2891
f 2893 2885 2891
f 1942 2532 2894
f 2895 2720 2870
f 2884 2870 2715
f 2883 2895 2884
f 2896 2892 2895
f 2889 2717 2890
f 2890 2720 2892
f 2897 2891 2896
f 2898 2896 2883
f 2899 2883 2882
f 2900 2882 2879
f 3797 2879 3807
f 2876 2901 2877
f 2901 2904 2903
f 1785 1835 1834
f 2905 2899 2900
f 2907 2897 2898
f 3797 2903 3799
f 632 577 633
f 3532 2867 2787
f 434 550 350
f 2768 3640 3643
f 2910 1623 2249
f 2241 2758 2242
f 3640 2913 3652
f 1623 2757 1620
f 3587 2757 3652
f 2229 1380 2250
f 2765 1629 2914
f 2915 1629 2912
f 3642 2914 2915
f 3641 2765 2914
f 2919 3642 3613
f 2918 2912 2241
f 3614 2241 3586
f 3618 3613 3670
f 3541 2180 3496
f 3521 2188 3506
f 3705 714 3851
f 2925 2917 2924
f 2924 2916 2919
f 3610 2919 3618
f 3611 2924 3610
f 2926 2766 2925
f 3658 2925 3611
f 1715 1705 1710
f 785 498 796
f 1387 565 1791
f 374 1899 560
f 3573 2206 3556
f 2929 2886 2893
f 2932 2934 2931
f 1905 1908 1907
f 2930 2936 2937
f 2938 2930 2929
f 1493 517 518
f 1603 1586 1602
f 2939 2929 2908
f 2940 2908 2907
f 3665 1600 3661
f 2886 2937 2887
f 2906 2898 2899
f 2908 2893 2897
f 2942 2933 2941
f 2941 2937 2936
f 3501 2936 3513
f 3498 2941 3501
f 2943 2710 2873
f 2943 2874 2889
f 2945 2889 2888
f 2946 2943 2945
f 2932 2888 2887
f 2931 2945 2932
f 727 1929 728
f 2903 2947 2948
f 545 42 262
f 1480 533 251
f 2907 2949 2940
f 2906 2950 2949
f 1558 215 202
f 3799 2948 3801
f 2054 1644 2118
f 3705 2203 3573
f 1828 1849 1827
f 2953 2955 2952
f 2952 2957 2956
f 2956 2258 2952
f 2953 2258 2257
f 2454 2474 2496
f 3747 2959 3766
f 3747 2131 3737
f 2961 2963 2958
f 2958 2964 2959
f 222 2485 2965
f 2477 2966 2608
f 2631 2006 1859
f 2384 2496 2497
f 2967 2959 2964
f 2968 2970 2969
f 3759 2971 3784
f 3784 2960 3766
f 2972 2033 2032
f 2007 2973 2008
f 3560 2134 2133
f 1836 1832 1831
f 3506 2090 3551
f 955 959 956
f 672 674 673
f 633 713 632
f 2024 733 803
f 2025 803 798
f 425 1550 388
f 2975 888 887
f 1319 1157 2694
f 1212 2977 1213
f 889 2228 2227
f 1978 1975 1979
f 1138 1329 915
f 751 2979 2978
f 1619 1625 1624
f 2252 1728 1727
f 1157 845 1216
f 2706 1938 2617
f 2980 2254 2981
f 2982 887 2630
f 802 711 2679
f 678 2029 2028
f 527 690 528
f 1839 2629 1840
f 2983 602 1914
f 2983 1913 1331
f 2985 1331 1054
f 2986 2983 2985
f 2987 2635 2634
f 2985 2639 2986
f 2990 1318 2989
f 2991 2993 2994
f 2995 2994 2996
f 1106 2991 2995
f 1058 2992 2991
f 1415 1365 1367
f 1317 2217 2997
f 1932 2255 2980
f 926 2999 664
f 3001 2992 3000
f 3000 1057 2978
f 2999 2978 2979
f 2998 3000 2999
f 3002 2209 3003
f 3002 2996 2994
f 2993 3002 2994
f 3001 2998 3002
f 1103 2995 3004
f 3004 2996 3003
f 2209 3004 3003
f 588 3004 2210
f 295 433 381
f 2638 2988 3005
f 3005 1056 1930
f 1305 1930 1306
f 1276 3005 1305
f 1987 1993 1989
f 2633 1761 2645
f 1423 1417 1419
f 3561 739 703
f 2671 2704 2705
f 1473 2035 1472
f 922 2694 895
f 1401 1378 1384
f 556 1884 1037
f 842 3825 3836
f 1854 2617 1010
f 933 1081 1075
f 1440 1436 1437
f 529 719 530
f 1031 1027 1028
f 777 912 1871
f 2645 1204 2633
f 441 1538 1537
f 790 587 586
f 2065 1610 1607
f 1860 990 902
f 60 87 59
f 1424 1948 1947
f 332 1507 331
f 261 138 135
f 187 449 507
f 1719 1726 1725
f 1931 1059 3006
f 3006 1105 1104
f 1287 1104 587
f 1286 3006 1287
f 3007 3009 3010
f 3009 653 795
f 618 26 25
f 2029 1210 1209
f 957 600 2228
f 1049 2228 600
f 2631 3011 2561
f 890 2227 3011
f 3011 2145 3012
f 2561 3012 2375
f 1026 609 608
f 2706 1961 1964
f 3013 2485 3014
f 2148 1267 3015
f 3015 1266 1311
f 2997 1101 1317
f 642 1773 1193
f 186 461 511
f 1041 1320 901
f 1121 3017 1122
f 2984 2987 3018
f 3018 2634 2619
f 1048 3018 2619
f 603 2984 3018
f 2679 801 802
f 2062 2074 2061
f 2061 2076 2064
f 414 1545 1965
f 3016 2683 3019
f 3019 2704 2670
f 3020 2670 720
f 3007 3019 3020
f 1871 1091 777
f 3021 1122 3017
f 3022 3017 3010
f 1314 3022 1315
f 1784 3021 1314
f 1316 1763 611
f 3023 3010 3009
f 3023 795 1092
f 1763 1092 1125
f 1315 3023 1763
f 3016 3010 3017
f 752 2978 1057
f 2986 2637 2987
f 3024 653 3008
f 3020 3008 3007
f 720 3024 3020
f 723 654 3024
f 2681 1268 3025
f 2671 1268 721
f 2705 3025 2671
f 1313 3027 1311
f 3026 3029 3027
f 3027 3030 3031
f 1311 3031 3015
f 2012 731 2023
f 917 974 977
f 743 856 744
f 1888 2030 1425
f 2682 2684 3032
f 3032 1124 2989
f 1100 2989 1318
f 1099 3032 1100
f 1123 2989 1124
f 3033 1159 1158
f 2990 1158 1319
f 1123 3033 2990
f 1786 1834 3033
f 1054 2988 2985
f 2979 664 2999
f 2623 2663 2643
f 1095 688 687
f 3034 2261 2956
f 3036 2956 2957
f 3037 3034 3036
f 3038 3035 3034
f 3040 3026 1313
f 2263 3041 3040
f 3042 3043 3041
f 3041 3028 3026
f 3044 3043 3039
f 3046 3045 3044
f 3047 3049 3045
f 3043 3049 3028
f 3038 3051 3050
f 3050 3053 3052
f 3052 3044 3050
f 3039 3050 3044
f 3054 3039 3042
f 3042 2262 3054
f 2261 3054 2262
f 2216 2997 2217
f 2212 2667 1936
f 3056 2209 3055
f 934 1961 1854
f 2013 3757 567
f 3058 3060 3061
f 3059 3063 3060
f 3060 2213 1963
f 3061 1963 1962
f 3063 2214 2213
f 3062 3064 3063
f 3065 2260 3064
f 3064 2215 2214
f 3066 3031 3030
f 2608 3067 3066
f 2966 3068 3067
f 3031 3068 3015
f 2455 2461 2474
f 2476 2226 2477
f 3551 2089 3525
f 3526 3769 3786
f 433 355 381
f 2115 1419 2123
f 3509 2922 3527
f 3769 2131 2134
f 3069 2167 2166
f 2971 2928 2960
f 2961 2773 2962
f 3070 2478 2483
f 2610 3071 2954
f 2502 2374 2386
f 3072 2595 3073
f 2964 3052 2967
f 3048 3074 3049
f 2593 3075 3074
f 3075 3029 3074
f 3074 3028 3049
f 3072 3075 2592
f 3076 2482 2481
f 2481 3066 3076
f 3076 3030 3075
f 2967 3053 2970
f 2482 3073 2483
f 479 493 494
f 706 3873 709
f 3561 2221 3517
f 2013 3754 3755
f 3533 2016 3529
f 3562 2222 2974
f 1171 1155 1176
f 2586 2565 2587
f 2982 113 2484
f 2562 3077 3068
f 2376 3012 3077
f 3012 2148 3077
f 3077 3015 3068
f 2963 3046 2964
f 3051 2970 3053
f 1683 491 775
f 3850 1447 3860
f 1986 3734 3768
f 3079 2546 2575
f 3081 2575 2576
f 1983 3768 3765
f 3082 2319 2545
f 3080 2545 2546
f 3734 3082 3080
f 3732 2323 3082
f 1309 1888 748
f 3073 2772 2771
f 2760 3084 2762
f 2760 2088 3083
f 3085 3086 3087
f 3089 3090 3088
f 3089 3084 3085
f 3092 3090 3091
f 3093 2744 2743
f 2751 2748 3093
f 3093 2752 2751
f 2742 3093 3094
f 3094 2743 3095
f 3096 3098 3087
f 3099 3087 3086
f 3097 3095 3098
f 3100 2746 3101
f 3101 3102 3100
f 2764 2927 3101
f 2745 3101 2746
f 3102 3091 3100
f 3100 3095 2743
f 2869 3592 3634
f 3102 3104 3092
f 3658 2869 3634
f 2927 3103 3102
f 3098 3091 3090
f 3087 3090 3085
f 2088 3105 3083
f 3083 3086 3084
f 2483 2771 3070
f 2401 2185 2321
f 3099 3105 3106
f 2125 3106 3105
f 3108 2742 3107
f 3107 3094 3097
f 3110 3107 3109
f 3109 3097 3096
f 3111 3096 3099
f 3112 3109 3111
f 3113 2737 3108
f 3115 2722 3114
f 3117 3114 3116
f 3119 3116 3118
f 3118 3120 3121
f 3116 3113 3120
f 3122 3111 3123
f 3122 1755 1754
f 3124 3126 3127
f 3125 3121 3126
f 3128 3118 3125
f 3129 3125 3124
f 2020 3128 3129
f 3853 1346 1352
f 1065 1047 1066
f 1814 3830 1649
f 2021 3129 3130
f 3111 3106 3123
f 3123 2207 1755
f 2377 2224 2973
f 3014 113 112
f 1756 3782 3767
f 3131 2530 2528
f 3133 2528 2529
f 1753 3767 3775
f 3134 3127 3135
f 2327 2314 2313
f 2436 2317 2349
f 2018 3711 3712
f 2534 3137 2535
f 2320 3136 2534
f 2185 3712 3771
f 3138 2542 2539
f 3134 3744 3745
f 3785 3134 3745
f 3140 2539 2538
f 2535 3140 2538
f 3711 3130 3785
f 2558 3132 3141
f 3782 3141 3132
f 2560 3141 3142
f 3760 3142 3141
f 958 2976 2981
f 1933 2980 3143
f 2399 2418 2416
f 2348 2343 2432
f 2322 2319 2323
f 2718 2874 2730
f 2709 2873 2710
f 2894 1361 1942
f 346 176 347
f 1876 1882 1881
f 2802 3607 3592
f 3104 3088 3092
f 2974 3649 3603
f 3089 2761 2762
f 3088 3145 3089
f 2803 3603 3607
f 3870 692 628
f 2123 1418 2126
f 1365 1368 1367
f 1581 1782 1783
f 3569 2129 3520
f 3555 2002 3521
f 3146 2551 3147
f 3751 3147 3750
f 3742 3146 3751
f 3149 2585 3146
f 3196 3197 3195
f 3604 2191 3623
f 3142 2556 2560
f 3777 3150 3142
f 3646 2550 3593
f 3150 2555 2556
f 3778 3151 3150
f 3788 3152 3646
f 3153 2551 2549
f 3152 2549 2550
f 3781 3153 3152
f 3776 3147 3153
f 3148 2206 2205
f 2183 2321 2184
f 2132 2928 2133
f 3684 2204 2203
f 3719 2197 3721
f 2594 2773 2951
f 2595 2951 2772
f 1870 799 1869
f 3713 2178 3706
f 3706 3736 3790
f 336 3774 3722
f 339 3154 336
f 3789 3149 3742
f 3683 2584 3149
f 2963 3048 3047
f 3722 337 336
f 339 2566 2586
f 3156 2168 2167
f 2610 2167 2611
f 2954 3156 2610
f 3157 2953 2257
f 3707 2169 3709
f 2567 3159 2568
f 337 2567 338
f 3730 2166 3707
f 3764 1983 3765
f 2579 3081 2576
f 2568 3160 2579
f 3709 2190 3764
f 3065 3162 3161
f 3161 1984 2189
f 3157 2189 2168
f 2257 3161 3157
f 734 1922 806
f 3059 2708 3163
f 3163 2182 1985
f 3162 1985 1984
f 3062 3163 3162
f 3203 3205 3204
f 2122 1448 1447
f 3817 1685 3812
f 139 444 69
f 1570 566 533
f 2957 3165 3036
f 2955 3164 2957
f 1912 341 1973
f 3130 3124 3134
f 1548 319 1547
f 1949 1327 1887
f 2969 3078 3167
f 3167 3169 3168
f 3724 2017 3720
f 3720 2033 3759
f 3168 3165 3170
f 3170 3164 3171
f 3779 3171 3756
f 3724 3170 3779
f 3171 3166 3172
f 3172 3071 3173
f 3752 3173 3749
f 3756 3172 3752
f 3169 3036 3165
f 2593 2962 2594
f 3173 2609 3174
f 3174 2199 2198
f 3783 2198 3719
f 3749 3174 3783
f 2190 1984 1983
f 2196 2767 3148
f 2119 1414 1448
f 1464 1466 1465
f 2199 3069 2200
f 2457 2587 2565
f 2226 2562 2966
f 481 1627 1639
f 333 235 236
f 3078 3037 3169
f 3040 2997 2263
f 2219 1933 2220
f 2385 2497 2503
f 221 3175 2484
f 2220 3143 3175
f 3175 2976 2975
f 2484 2975 2982
f 2954 3166 2955
f 2630 110 2982
f 1547 1952 1955
f 2091 2188 2187
f 3733 2178 2177
f 1918 1927 1926
f 3563 111 3511
f 955 960 954
f 2037 112 3563
f 3143 2981 2976
f 2218 2214 2215
f 672 3787 3541
f 2152 3014 2037
f 1147 1143 1145
f 2248 1409 2245
f 1615 1635 1616
f 1410 2246 2247
f 3241 3242 3240
f 3177 1383 1382
f 2238 3176 1382
f 3176 2230 3178
f 1410 3179 1407
f 3179 2243 1407
f 1633 2800 2249
f 1621 2758 2912
f 1622 2245 1634
f 2236 3181 3182
f 2237 3182 3183
f 2250 2233 2229
f 2912 1628 1621
f 135 1564 1563
f 1567 512 1565
f 1085 2653 2685
f 3184 868 3056
f 869 3057 934
f 1266 1098 1312
f 1267 722 721
f 937 2646 936
f 2146 722 2147
f 2211 921 2667
f 1957 507 449
f 1313 2264 3040
f 1496 1493 1492
f 2681 2705 2682
f 2887 2933 2932
f 1687 1659 1694
f 145 1498 81
f 1317 1319 2694
f 37 418 71
f 1935 3185 2977
f 104 301 103
f 2101 2083 2084
f 543 360 207
f 1934 3186 3185
f 234 212 237
f 3845 1822 1824
f 1976 1874 1974
f 223 2219 220
f 3655 3605 3612
f 468 773 2165
f 1935 1728 1932
f 3240 3226 3235
f 3261 3250 3260
f 3215 3244 3264
f 3265 3215 3264
f 3267 3198 3196
f 3205 3269 3255
f 3214 3265 3270
f 3271 3214 3192
f 3251 3239 3236
f 3222 3266 3272
f 3232 3234 3233
f 3216 3243 3244
f 3196 3268 3267
f 3244 3254 3255
f 3238 3247 3246
f 3264 3255 3269
f 3253 3216 3217
f 3211 3221 3265
f 3257 3218 3256
f 3258 3272 3259
f 3274 3280 3273
f 3228 3262 3263
f 3275 3281 3280
f 3226 3273 3280
f 3236 3260 3251
f 3281 3236 3237
f 3287 3192 3189
f 3235 3280 3234
f 3234 3281 3237
f 3288 3259 3272
f 3260 3276 3251
f 3289 3278 3284
f 3210 3224 3283
f 3199 3201 3200
f 3228 3230 3229
f 3290 3285 3286
f 3282 3271 3287
f 3260 3262 3261
f 3243 3268 3254
f 3267 3241 3232
f 3194 3208 3193
f 3191 3269 3206
f 3270 3192 3214
f 3275 3230 3231
f 3264 3270 3265
f 3252 3276 3291
f 3248 3291 3223
f 3213 3279 3277
f 3272 3289 3288
f 3277 3212 3213
f 3228 3281 3231
f 3220 3253 3219
f 3219 3217 3257
f 3256 3222 3258
f 3247 3252 3248
f 3245 3232 3233
f 3266 3212 3289
f 3208 3255 3254
f 3288 3284 3285
f 3204 3208 3207
f 560 3187 559
f 3209 3201 3202
f 3189 3191 3190
f 448 807 447
f 647 122 270
f 1833 1780 1832
f 510 508 507
f 3210 1887 3201
f 1887 3200 3201
f 15 3197 3200
f 16 3195 3197
f 3195 3187 3194
f 3194 1899 3207
f 3207 375 3204
f 387 126 127
f 3189 1760 3287
f 3577 757 758
f 763 2172 2175
f 3583 3580 3581
f 3581 3579 3578
f 3594 3596 3595
f 3400 3602 3401
f 3626 3625 3627
f 3631 3599 3601
f 3636 3595 3596
f 3647 3588 3645
f 3650 3584 3647
f 3653 3580 3651
f 3653 3654 3579
f 1801 3656 3655
f 3651 3582 3650
f 3644 3595 3637
f 1767 3659 3660
f 1597 3661 1600
f 1708 3665 3664
f 3671 3667 3666
f 3666 3673 3672
f 1588 3664 1587
f 2080 3666 2082
f 2082 3672 2084
f 3674 3635 3631
f 3677 3636 3635
f 3682 3645 3681
f 3692 3650 3686
f 3681 3644 3680
f 786 3692 785
f 3694 3651 3692
f 785 3686 497
f 497 3682 650
f 650 3681 564
f 3696 3681 3680
f 3405 3605 3402
f 3702 3678 3677
f 3699 3679 3678
f 3645 3638 3644
f 1799 3659 1768
f 3708 3458 3460
f 3462 3708 3460
f 3714 564 3696
f 3615 3602 3600
f 3710 3696 3698
f 3635 3596 3599
f 3629 3627 3630
f 3597 3599 3596
f 3630 3715 3629
f 3627 3597 3594
f 3717 3723 3718
f 3715 3660 3629
f 3716 3725 3715
f 3668 3661 3725
f 3668 3717 3667
f 3667 3718 3673
f 3727 3673 3718
f 3728 3672 3673
f 3726 3718 3723
f 1576 2084 3672
f 3727 3731 3729
f 3203 1387 3190
f 3190 1791 3189
f 3283 1949 3210
f 317 259 391
f 2000 3653 3694
f 3601 3600 3602
f 3589 3584 3585
f 3577 756 2170
f 3585 3582 3583
f 3678 3637 3636
f 3204 376 3203
f 1801 3657 1799
f 3729 3728 3727
f 1575 3738 1088
f 3735 1576 3728
f 1776 1796 1775
f 1293 1290 1284
f 1326 1327 12
f 1294 1234 1290
f 878 1330 1337
f 497 374 498
f 122 413 121
f 3699 3704 3708
f 3606 3401 3602
f 3708 3698 3699
f 3464 3710 3462
f 3704 3443 3458
f 439 399 438
f 1512 1526 1511
f 1668 1738 1671
f 839 1362 838
f 1362 826 1012
f 3843 1896 3815
f 2053 2118 2117
f 3888 2120 2119
f 696 3816 3831
f 1826 639 640
f 3740 3729 3731
f 956 886 960
f 1980 1922 807
f 33 105 164
f 1343 3856 3857
f 3907 2128 3902
f 1766 1582 1594
f 14 2163 738
f 595 99 594
f 3233 3246 3245
f 1346 1044 1352
f 748 1425 747
f 3193 3254 3268
f 3190 3206 3203
f 3612 3606 3615
f 3624 3615 3625
f 3631 3443 3674
f 3679 3644 3637
f 3686 3647 3682
f 3702 3674 3704
f 3625 3600 3597
f 3601 3415 3631
f 3739 3735 3729
f 3630 3594 3741
f 3741 3716 3630
f 1284 1288 1285
f 3698 3680 3679
f 1778 1780 1779
f 1792 1584 1789
f 695 571 694
f 3638 3594 3595
f 3741 3588 3589
f 3247 3209 3202
f 3292 3294 3295
f 3296 3298 3299
f 3299 3300 3301
f 3302 3304 3305
f 3306 3308 3309
f 3307 3311 3308
f 3303 3301 3300
f 3312 3304 3313
f 3314 3316 3317
f 3318 3320 3321
f 3324 3321 3325
f 3326 3328 3323
f 3329 3331 3332
f 3333 3335 3336
f 3337 3339 3340
f 3333 3341 3342
f 3342 3343 3344
f 3319 3344 3343
f 3338 3334 3339
f 3346 3302 3347
f 3305 3347 3302
f 3312 3223 3349
f 3350 3340 3351
f 3312 3348 3305
f 3352 3341 3326
f 3311 3354 3308
f 3341 3327 3326
f 3359 3361 3362
f 3360 3250 3249
f 3318 3345 3319
f 3364 3318 3324
f 3314 3324 3365
f 3366 3301 3346
f 3299 3367 3296
f 3308 3368 3309
f 3369 3295 3294
f 3317 3364 3314
f 3370 3317 3316
f 3325 3365 3324
f 3352 3319 3343
f 3296 3353 3311
f 3297 3311 3310
f 3363 3354 3345
f 3345 3353 3344
f 3344 3367 3342
f 3366 3342 3367
f 3347 3334 3346
f 3339 3348 3340
f 3348 3351 3340
f 3363 3369 3368
f 3294 3368 3369
f 3293 3309 3294
f 3331 3374 3332
f 3346 3333 3366
f 3323 3352 3326
f 3356 3321 3320
f 3355 3325 3321
f 3357 3371 3325
f 3322 3320 3352
f 3361 3329 3362
f 3373 3375 3374
f 3374 3376 3332
f 3329 3376 3362
f 3327 3372 3328
f 3336 3375 3327
f 3335 3376 3375
f 3376 3337 3362
f 3337 3359 3362
f 3359 3276 3250
f 3377 3295 3370
f 3277 3315 3278
f 3371 3379 3365
f 3378 3358 3380
f 3365 3315 3314
f 3316 3279 3370
f 3282 3370 3279
f 3313 3224 3312
f 3378 3284 3379
f 3380 3285 3378
f 3379 3278 3315
f 3276 3351 3291
f 3291 3349 3223
f 3313 2965 3013
f 2965 3303 222
f 222 3300 223
f 223 3298 3186
f 3298 3185 3186
f 3297 2977 3185
f 3310 1213 2977
f 3307 1214 1213
f 2532 3306 3293
f 2894 3293 3292
f 2871 3292 3377
f 3253 3240 3242
f 3283 3013 2152
f 1997 1889 1892
f 1237 744 855
f 1535 120 121
f 1531 201 214
f 1119 1032 984
f 946 824 947
f 163 5 162
f 3589 3723 3741
f 1155 1162 1164
f 427 327 424
f 553 796 498
f 3381 2231 2237
f 3381 2230 2232
f 2237 3180 3381
f 3383 3385 3382
f 3384 3387 3385
f 3386 3389 3387
f 3388 3391 3389
f 3392 3394 3395
f 3395 3396 3397
f 3398 3397 3396
f 3400 3399 3398
f 3403 3405 3402
f 3406 3404 3403
f 3408 3407 3406
f 3410 3409 3408
f 3412 3411 3410
f 3415 3398 3414
f 3414 3396 3416
f 3416 3394 3417
f 3417 3393 3418
f 3393 3420 3418
f 3419 3421 3420
f 3390 3422 3421
f 3388 3423 3422
f 3386 3424 3423
f 3384 3425 3424
f 3425 3426 3184
f 2904 3428 2947
f 3429 2904 2902
f 3430 2902 2876
f 2875 3430 2876
f 3432 2733 2736
f 2825 3435 2824
f 3437 3439 3436
f 3441 3436 3440
f 2724 3434 2825
f 3436 3115 3117
f 3440 3117 3119
f 3443 3414 3442
f 3442 3416 3444
f 3444 3417 3445
f 3445 3418 3446
f 3446 3420 3447
f 3420 3448 3447
f 3421 3449 3448
f 3422 3450 3449
f 3423 3451 3450
f 3424 3452 3451
f 3425 3056 3452
f 3451 2253 2252
f 3450 2252 1727
f 3449 1727 2150
f 3448 2150 1941
f 3453 3448 1941
f 3454 3447 3453
f 3455 3446 3454
f 3456 3445 3455
f 3442 3456 3457
f 3443 3457 3458
f 3459 3458 3457
f 3457 3455 3459
f 3459 3454 3461
f 3462 3459 3461
f 3461 3453 3463
f 3464 3461 3463
f 3463 1941 1360
f 3404 3401 3405
f 3407 3399 3404
f 3409 3397 3407
f 3411 3395 3409
f 3465 3413 3412
f 3467 3469 3466
f 3465 3431 3433
f 3470 3466 3465
f 3438 3432 3435
f 3467 3438 3437
f 3468 3437 3441
f 3471 3468 3472
f 3472 3441 3473
f 3473 3440 2712
f 2712 3119 3128
f 3475 3472 3474
f 3474 3473 3476
f 3476 2712 2711
f 3477 2711 2400
f 3478 3476 3477
f 3479 3474 3478
f 3392 3413 3480
f 3466 3480 3413
f 3419 3392 3480
f 3390 3480 3391
f 3469 3391 3480
f 3389 3471 3475
f 3387 3475 3479
f 3385 3479 3481
f 3482 2400 2402
f 3483 3477 3482
f 3481 3478 3483
f 3484 2402 2707
f 3058 2707 2708
f 3061 3484 3058
f 3485 3482 3484
f 3382 3481 3486
f 3486 3483 3485
f 3426 3382 3487
f 3487 3486 1962
f 3486 3061 1962
f 1961 3487 1962
f 3057 3426 3487
f 3428 3402 3488
f 3427 3403 3428
f 3429 3406 3427
f 3430 3408 3429
f 3431 3410 3430
f 3470 3433 3432
f 3434 3438 3435
f 2723 3439 3434
f 2875 3433 3431
f 2736 3435 3432
f 2947 3488 3500
f 3464 1360 3497
f 1900 1924 1901
f 1736 1718 1750
f 1955 1943 1956
f 1671 1735 1751
f 1696 1698 1692
f 1800 1864 1801
f 2063 2056 2060
f 1737 1717 1736
f 1751 1697 1695
f 943 3899 684
f 3656 3402 3605
f 1577 1764 1703
f 3917 1599 3923
f 1945 82 1944
f 68 7 248
f 147 1543 148
f 1109 1133 1102
f 1503 1907 1908
f 1499 1909 1498
f 452 735 215
f 1824 3835 3845
f 1825 2068 1824
f 1463 1022 1194
f 841 1009 1011
f 1568 1955 1534
f 1926 1927 1923
f 1910 1502 1939
f 1939 422 442
f 309 1940 308
f 1804 1866 1803
f 269 1954 56
f 2065 2060 2056
f 3812 1758 3835
f 280 552 1940
f 1875 1869 1874
f 1739 1734 1737
f 1778 1790 1788
f 310 1915 279
f 1909 1906 1954
f 1789 1778 1788
f 978 980 979
f 1584 1731 1583
f 425 311 312
f 148 115 116
f 2044 3894 2046
f 277 1939 551
f 1943 1945 1944
f 1461 1463 1464
f 2253 3056 3055
f 2981 3489 958
f 2209 3489 3055
f 2254 3055 3489
f 2998 958 3489
f 2826 2721 2724
f 3490 2721 2817
f 2816 3490 2817
f 2334 2296 2335
f 2298 2334 2336
f 2301 2336 2338
f 2311 2338 2354
f 2312 2354 2355
f 2359 2361 2360
f 2335 2359 2360
f 2414 2365 2364
f 2413 2361 2365
f 2355 2540 2541
f 2541 2539 2542
f 2722 2739 2738
f 3114 2738 3113
f 3110 3121 3120
f 3108 3120 3113
f 3122 3127 3126
f 3112 3126 3121
f 3127 1753 3135
f 3139 2529 2542
f 3744 3133 3139
f 3490 2740 2739
f 3491 2789 3490
f 228 91 88
f 245 243 242
f 248 247 191
f 2 296 295
f 145 300 267
f 327 210 328
f 329 331 330
f 250 228 236
f 239 240 230
f 373 375 374
f 178 176 175
f 1218 1228 1321
f 3862 1295 3854
f 808 824 823
f 3858 1013 1014
f 3813 1411 1413
f 2154 2159 2160
f 3845 1758 1757
f 306 1922 452
f 2157 1976 1977
f 708 2031 1474
f 1450 1227 1428
f 1672 1605 1624
f 1813 1821 1816
f 1717 1715 1718
f 176 402 347
f 1710 3916 3915
f 1712 1577 1711
f 1705 1711 1704
f 971 979 970
f 822 1094 1102
f 2909 2793 2792
f 2810 2795 2793
f 2799 2249 2800
f 3662 2910 2799
f 2769 2801 2795
f 3177 3178 3179
f 3178 3180 3179
f 3181 1393 2800
f 3181 1632 3182
f 3182 2244 3183
f 3183 2243 3180
f 3492 2790 3491
f 2808 3491 2816
f 2239 3572 2240
f 1149 3571 3570
f 1150 3567 3571
f 2202 3566 2015
f 2921 3565 2923
f 3568 2133 2928
f 1777 1759 1792
f 1201 1183 1184
f 3561 2195 2194
f 3553 2770 2768
f 3927 1687 1692
f 1516 154 503
f 3549 2974 2803
f 3550 2779 2778
f 2771 3575 3546
f 3070 3546 3558
f 3547 2775 2867
f 1376 1370 1372
f 2767 3556 2206
f 2195 3543 2767
f 2775 3542 2776
f 3377 3545 2871
f 3804 3539 2806
f 2776 3538 2805
f 2240 3535 2920
f 2920 3669 3619
f 3548 2786 2779
f 1805 1851 1804
f 3534 2787 2786
f 2951 3540 3531
f 2772 3531 3575
f 2973 3530 3536
f 2224 3537 3530
f 1957 320 510
f 306 304 303
f 2770 3528 2913
f 2913 3574 2239
f 2923 3527 2922
f 308 431 47
f 207 132 543
f 1879 1881 1880
f 3733 3525 2089
f 2475 3558 3524
f 2476 3524 3523
f 2223 3523 3537
f 3522 2803 2802
f 2037 11 1950
f 1959 450 505
f 2003 3520 2129
f 9 334 540
f 2009 3518 3567
f 2008 3536 3518
f 3877 673 3879
f 3515 2778 2784
f 2935 3513 2936
f 111 3570 3511
f 3510 2935 2938
f 683 3885 943
f 3508 2810 2909
f 736 732 729
f 1795 1803 1796
f 3505 2938 2939
f 3507 2939 2940
f 2950 3504 2949
f 2940 3504 3507
f 3801 3512 2950
f 2868 3502 2869
f 2869 3522 2802
f 1024 1023 1020
f 3500 2948 2947
f 551 442 443
f 2972 3568 2928
f 2032 3499 2972
f 216 1924 1923
f 203 201 200
f 1828 1847 1837
f 1958 449 450
f 272 178 175
f 2871 3495 1361
f 3619 3564 2921
f 2801 3643 3662
f 2005 3654 2176
f 960 899 962
f 3657 3612 3624
f 3780 3646 3151
f 3151 3593 2555
f 2193 3623 2194
f 3607 3145 3144
f 3603 2761 3145
f 3592 3144 3104
f 2926 3634 3103
f 3634 3104 3103
f 3755 3746 3753
f 566 3758 2005
f 3488 1864 3500
f 1602 2079 2078
f 2868 3611 2922
f 2922 3610 2923
f 2923 3618 2921
f 3670 2918 3614
f 3619 3614 2920
f 2921 3670 3619
f 2920 3586 2240
f 3613 2915 2918
f 2917 3622 3641
f 2916 3641 3642
f 2239 3652 2913
f 2911 3652 2757
f 3643 2911 2910
f 2797 3662 3591
f 2797 3598 2750
f 3622 2763 2765
f 3608 2764 2745
f 2194 3648 2221
f 2221 3649 2222
f 2756 3609 2755
f 2750 3609 2747
f 3669 1817 3827
f 3763 1691 1699
f 2515 3590 2548
f 2548 3593 2550
f 2513 3632 3616
f 2513 3621 2515
f 2509 3620 2289
f 2510 3633 2509
f 2289 3639 2283
f 2283 3617 2286
f 2240 3587 2239
f 3659 3624 3626
f 716 3887 3888
f 727 3761 1923
f 2165 2170 2164
f 3660 3626 3629
f 3743 3578 3757
f 2175 769 770
f 2100 2095 2099
f 3758 3757 3578
f 640 3568 1826
f 1653 3553 1651
f 1895 3530 746
f 746 3537 741
f 1653 3528 3576
f 3762 1604 1672
f 2093 2073 2078
f 959 995 884
f 962 919 986
f 1400 1398 1399
f 1000 1127 1004
f 956 884 885
f 1662 3550 1661
f 2034 3546 1654
f 3926 3539 3802
f 3535 766 1817
f 3572 765 766
f 334 3571 335
f 1868 3540 1656
f 1684 1652 1678
f 1682 775 1807
f 1585 3762 1700
f 3763 1672 1673
f 2173 490 491
f 1658 3547 1752
f 3556 1650 724
f 1571 2010 1572
f 1587 3671 2080
f 2099 2077 2094
f 787 1999 786
f 2000 786 1999
f 3155 3697 3683
f 3713 3683 3789
f 2180 3685 3684
f 3496 3684 3705
f 1684 3840 1651
f 1760 3495 3545
f 2607 3693 2590
f 2581 3689 2607
f 2371 3700 3695
f 2371 3693 2372
f 2587 3675 2586
f 2586 3697 339
f 2497 3687 2503
f 2502 3687 3700
f 2494 3690 2495
f 3690 2472 2495
f 3688 2468 2472
f 3701 2469 2468
f 726 3892 630
f 581 3518 580
f 10 3570 334
f 1837 3510 1849
f 741 3523 1300
f 1299 3558 2034
f 1851 3504 1866
f 3527 1820 1819
f 580 3536 1895
f 1758 3522 3502
f 1693 3508 1806
f 3504 1867 1866
f 1894 3568 3499
f 2126 3813 3841
f 3906 3841 3912
f 2113 3867 2110
f 2179 3789 3685
f 624 3904 623
f 2192 3788 3780
f 2177 3787 3733
f 1364 3833 1338
f 3858 1470 1453
f 3135 3775 3744
f 2069 3835 2068
f 1351 3853 1352
f 2108 3901 499
f 2089 3736 3733
f 3828 1358 866
f 2001 3783 2187
f 2187 3719 2091
f 2130 3752 2004
f 2004 3749 2001
f 2014 3779 2201
f 2201 3756 2130
f 3167 3759 2969
f 3168 3720 3167
f 3159 3764 3160
f 3160 3765 3081
f 3730 3158 337
f 3158 3709 3159
f 2200 3730 3722
f 3685 3742 2204
f 3722 2197 2200
f 3790 2092 3721
f 3774 3721 2197
f 3154 3790 3774
f 3155 3706 3154
f 2091 3721 2092
f 2196 3750 3776
f 2193 3776 3781
f 3604 3781 3788
f 2086 3780 3778
f 2087 3778 3777
f 2204 3751 2205
f 2205 3750 3148
f 3909 574 692
f 2124 3777 3760
f 2208 3760 3782
f 3711 3140 3137
f 3785 3138 3140
f 3745 3139 3138
f 3771 3136 2322
f 3712 3137 3136
f 3775 3131 3133
f 3767 3132 3131
f 1813 3838 1814
f 1293 3856 1344
f 2184 3748 3732
f 2181 3732 3734
f 3765 3079 3081
f 3768 3080 3079
f 709 3875 2031
f 2774 3737 3769
f 3786 2134 3559
f 3809 766 765
f 2968 3766 2959
f 2969 3784 2968
f 2958 3737 2961
f 2132 3766 2960
f 2321 3771 3748
f 3860 1449 28
f 3905 582 710
f 3886 577 574
f 3847 1818 3827
f 705 3887 2121
f 3816 3907 698
f 2111 3911 2113
f 3810 1366 1411
f 1812 3822 1815
f 675 3852 674
f 3496 3851 675
f 2110 3868 2109
f 2104 3901 2106
f 2109 3899 944
f 3842 703 739
f 1680 3846 1684
f 1639 3819 3818
f 623 3906 697
f 2139 3866 3865
f 1808 3844 3837
f 3820 1819 1820
f 3872 3900 706
f 1646 3830 1648
f 3889 633 577
f 2139 3875 18
f 2156 3871 3874
f 674 3913 3869
f 2117 3812 2069
f 1815 3847 3823
f 3855 1444 1470
f 697 3912 3816
f 866 3836 3828
f 3864 2136 2135
f 3585 3726 3589
f 3583 3731 3585
f 3753 3738 3739
f 3740 3581 3743
f 1088 3746 1093
f 3739 3743 3753
f 2791 3493 2792
f 3492 2807 3493
f 2792 3494 2909
f 3493 2806 3494
f 3508 3494 3516
f 3516 2806 3539
f 2948 3791 3801
f 2105 3896 2104
f 3538 3804 2805
f 680 3876 683
f 1891 3910 3891
f 2905 3801 2950
f 2900 3799 2905
f 2901 3807 2877
f 2734 3806 3794
f 2877 3806 2878
f 2820 3794 2872
f 2818 3792 2827
f 2823 3792 2826
f 2822 3798 2821
f 2819 3800 3798
f 2817 3795 2816
f 2809 3795 2815
f 2808 3803 2807
f 2805 3803 2804
f 1702 3923 1599
f 3922 1797 1802
f 3915 1706 1709
f 3918 1692 1698
f 1657 3880 1879
f 1890 3895 3910
f 3772 1674 1675
f 1689 3772 3773
f 3926 3538 1688
f 3516 1689 3773
f 3917 1703 1764
f 1598 3928 1770
f 3880 1876 1879
f 1691 3925 3927
f 3925 1688 1687
f 1117 1118 3930
f 1066 1322 3930
f 1243 847 3930
f 3825 848 3930
f 1128 1117 3930
f 1129 1130 3930
f 841 1011 3930
f 1230 3863 3930
f 1242 1243 3930
f 1322 1229 3930
f 1064 1065 3930
f 1003 1128 3930
f 1229 1230 3930
f 3863 1285 3930
f 1285 1288 3930
f 848 839 3930
f 847 3825 3930
f 1118 1129 3930
f 1065 1066 3930
f 1087 1086 3930
f 1008 1002 3930
f 1011 1008 3930
f 1002 1003 3930
f 1076 1069 3930
f 838 841 3930
f 839 838 3930
f 1288 1242 3930
f 1130 1087 3930
f 1086 1076 3930
f 1069 1064 3930
f 2410 2414 3931
f 2411 2410 3931
f 3617 2285 3931
f 2394 2393 3931
f 2393 2396 3931
f 2281 2286 3931
f 2282 2280 3931
f 2398 2399 3931
f 2465 2464 3931
f 2396 2397 3931
f 2470 2469 3931
f 2399 2416 3931
f 2480 2395 3931
f 2459 2480 3931
f 2369 2282 3931
f 2460 2459 3931
f 2415 2411 3931
f 2416 2415 3931
f 2364 2363 3931
f 2286 3617 3931
f 2464 2470 3931
f 2469 3703 3931
f 2285 2465 3931
f 2414 2364 3931
f 2395 2394 3931
f 2363 2367 3931
f 2397 2398 3931
f 2280 2281 3931
f 3703 2460 3931
f 2367 2369 3931
f 3934 3937 3938
f 3934 3939 3935
f 3932 3937 3933
f 3938 3943 3939
f 3937 3940 3941
f 3937 3942 3938
f 3942 3947 3943
f 3941 3944 3945
f 3942 3945 3946
f 3947 3950 3951
f 3944 3949 3945
f 3945 3950 3946
f 3950 3955 3951
f 3949 3952 3953
f 3950 3953 3954
f 3955 3958 3959
f 3953 3956 3957
f 3953 3958 3954
f 3959 3962 3963
f 3957 3960 3961
f 3958 3961 3962
f 3962 3967 3963
f 3960 3965 3961
f 3961 3966 3962
f 3966 3971 3967
f 3965 3968 3969
f 3966 3969 3970
f 3970 3975 3971
f 3968 3973 3969
f 3969 3974 3970
f 3974 3979 3975
f 3973 3976 3977
f 3974 3977 3978
f 3979 3982 3983
f 3976 3981 3977
f 3977 3982 3978
f 3982 3987 3983
f 3981 3984 3985
f 3982 3985 3986
f 3987 3990 3991
f 3984 3989 3985
f 3985 3990 3986
f 3991 3994 3995
f 3989 3992 3993
f 3990 3993 3994
f 3995 3998 3999
f 3992 3997 3993
f 3993 3998 3994
f 3998 4003 3999
f 3997 4000 4001
f 3998 4001 4002
f 4002 4007 4003
f 4000 4005 4001
f 4001 4006 4002
f 4006 4011 4007
f 4005 4008 4009
f 4006 4009 4010
f 4011 4014 4015
f 4008 4013 4009
f 4009 4014 4010
f 4014 4019 4015
f 4013 4016 4017
f 4014 4017 4018
f 4019 4022 4023
f 4016 4021 4017
f 4017 4022 4018
f 4023 4026 4027
f 4021 4024 4025
f 4022 4025 4026
f 4027 4030 4031
f 4024 4029 4025
f 4025 4030 4026
f 4031 4034 4035
f 4029 4032 4033
f 4030 4033 4034
f 4034 4039 4035
f 4032 4037 4033
f 4033 4038 4034
f 4038 4043 4039
f 4037 4040 4041
f 4038 4041 4042
f 4043 4046 4047
f 4040 4045 4041
f 4041 4046 4042
f 4046 4051 4047
f 4045 4048 4049
f 4046 4049 4050
f 4051 4055 4056
f 4048 4054 4049
f 4049 4055 4050
f 4056 4059 4060
f 4053 4058 4054
f 4055 4058 4059
f 3932 4052 3936
f 3936 4052 3940
f 3940 4052 3944
f 3944 4052 3948
f 3948 4052 3952
f 3952 4052 3956
f 3956 4052 3960
f 3960 4052 3964
f 3964 4052 3968
f 3968 4052 3972
f 3972 4052 3976
f 3976 4052 3980
f 3980 4052 3984
f 3984 4052 3988
f 3988 4052 3992
f 3992 4052 3996
f 3996 4052 4000
f 4000 4052 4004
f 4004 4052 4008
f 4008 4052 4012
f 4012 4052 4016
f 4016 4052 4020
f 4020 4052 4024
f 4024 4052 4028
f 4028 4052 4032
f 4032 4052 4036
f 4036 4052 4040
f 4040 4052 4044
f 4044 4052 4048
f 4048 4052 4053
f 4053 4052 4057
f 4060 3934 3935
f 4058 3932 3933
f 4058 3934 4059
f 4057 4052 3932
f 4069 4081 4082
f 4066 4080 4067
f 4065 4077 4078
f 4063 4075 4076
f 4071 4085 4072
f 4069 4083 4070
f 4067 4081 4068
f 4066 4078 4079
f 4063 4077 4064
f 4061 4075 4062
f 4072 4086 4073
f 4071 4083 4084
f 4076 4090 4077
f 4074 4088 4075
f 4086 4098 4099
f 4083 4097 4084
f 4082 4094 4095
f 4079 4093 4080
f 4078 4090 4091
f 4076 4088 4089
f 4085 4097 4098
f 4082 4096 4083
f 4080 4094 4081
f 4079 4091 4092
f 4089 4103 4090
f 4088 4100 4101
f 4098 4112 4099
f 4096 4110 4097
f 4095 4107 4108
f 4092 4106 4093
f 4090 4104 4091
f 4089 4101 4102
f 4097 4111 4098
f 4095 4109 4096
f 4094 4106 4107
f 4092 4104 4105
f 4103 4115 4116
f 4100 4114 4101
f 4112 4124 4125
f 4110 4122 4123
f 4107 4121 4108
f 4105 4119 4106
f 4103 4117 4104
f 4101 4115 4102
f 4110 4124 4111
f 4109 4121 4122
f 4107 4119 4120
f 4105 4117 4118
f 4115 4129 4116
f 4114 4126 4127
f 4124 4138 4125
f 4123 4135 4136
f 4120 4134 4121
f 4119 4131 4132
f 4117 4129 4130
f 4114 4128 4115
f 4124 4136 4137
f 4122 4134 4135
f 4119 4133 4120
f 4117 4131 4118
f 4129 4141 4142
f 4126 4140 4127
f 4138 4150 4151
f 4136 4148 4149
f 4133 4147 4134
f 4131 4145 4132
f 4130 4142 4143
f 4127 4141 4128
f 4137 4149 4150
f 4135 4147 4148
f 4132 4146 4133
f 4131 4143 4144
f 4142 4154 4155
f 4140 4152 4153
f 4150 4164 4151
f 4149 4161 4162
f 4146 4160 4147
f 4144 4158 4145
f 4142 4156 4143
f 4140 4154 4141
f 4149 4163 4150
f 4148 4160 4161
f 4146 4158 4159
f 4144 4156 4157
f 4155 4167 4168
f 4153 4165 4166
f 4163 4177 4164
f 4161 4175 4162
f 4159 4173 4160
f 4158 4170 4171
f 4155 4169 4156
f 4153 4167 4154
f 4163 4175 4176
f 4161 4173 4174
f 4159 4171 4172
f 4156 4170 4157
f 4167 4181 4168
f 4165 4179 4166
f 4176 4190 4177
f 4175 4187 4188
f 4173 4185 4186
f 4170 4184 4171
f 4169 4181 4182
f 4167 4179 4180
f 4175 4189 4176
f 4173 4187 4174
f 4171 4185 4172
f 4170 4182 4183
f 4180 4194 4181
f 4178 4192 4179
f 4190 4202 4203
f 4187 4201 4188
f 4186 4198 4199
f 4183 4197 4184
f 4182 4194 4195
f 4180 4192 4193
f 4189 4201 4202
f 4186 4200 4187
f 4184 4198 4185
f 4183 4195 4196
f 4193 4207 4194
f 4192 4204 4205
f 4202 4216 4203
f 4200 4214 4201
f 4199 4211 4212
f 4196 4210 4197
f 4194 4208 4195
f 4193 4205 4206
f 4201 4215 4202
f 4199 4213 4200
f 4198 4210 4211
f 4196 4208 4209
f 4207 4219 4220
f 4204 4218 4205
f 4216 4228 4229
f 4213 4227 4214
f 4211 4225 4212
f 4209 4223 4210
f 4207 4221 4208
f 4205 4219 4206
f 4214 4228 4215
f 4213 4225 4226
f 4211 4223 4224
f 4209 4221 4222
f 4219 4233 4220
f 4218 4230 4231
f 4228 4242 4229
f 4226 4240 4227
f 4225 4237 4238
f 4223 4235 4236
f 4221 4233 4234
f 4218 4232 4219
f 4228 4240 4241
f 4226 4238 4239
f 4223 4237 4224
f 4221 4235 4222
f 4233 4245 4246
f 4230 4244 4231
f 4242 4254 4255
f 4240 4252 4253
f 4237 4251 4238
f 4235 4249 4236
f 4234 4246 4247
f 4231 4245 4232
f 4241 4253 4254
f 4239 4251 4252
f 4236 4250 4237
f 4235 4247 4248
f 4246 4258 4259
f 4244 4256 4257
f 4254 4268 4255
f 4253 4265 4266
f 4250 4264 4251
f 4248 4262 4249
f 4246 4260 4247
f 4244 4258 4245
f 4253 4267 4254
f 4252 4264 4265
f 4250 4262 4263
f 4248 4260 4261
f 4259 4271 4272
f 4257 4269 4270
f 4267 4281 4268
f 4265 4279 4266
f 4263 4277 4264
f 4262 4274 4275
f 4259 4273 4260
f 4257 4271 4258
f 4266 4280 4267
f 4265 4277 4278
f 4263 4275 4276
f 4260 4274 4261
f 4271 4285 4272
f 4269 4283 4270
f 4281 4293 4294
f 4279 4291 4292
f 4277 4289 4290
f 4274 4288 4275
f 4273 4285 4286
f 4271 4283 4284
f 4280 4292 4293
f 4277 4291 4278
f 4275 4289 4276
f 4274 4286 4287
f 4284 4298 4285
f 4282 4296 4283
f 4294 4306 4307
f 4291 4305 4292
f 4290 4302 4303
f 4287 4301 4288
f 4286 4298 4299
f 4284 4296 4297
f 4293 4305 4306
f 4290 4304 4291
f 4288 4302 4289
f 4287 4299 4300
f 4297 4311 4298
f 4296 4308 4309
f 4306 4320 4307
f 4304 4318 4305
f 4303 4315 4316
f 4300 4314 4301
f 4298 4312 4299
f 4297 4309 4310
f 4305 4319 4306
f 4304 4316 4317
f 4302 4314 4315
f 4300 4312 4313
f 4310 4324 4311
f 4308 4322 4309
f 4320 4332 4333
f 4318 4330 4331
f 4316 4328 4329
f 4313 4327 4314
f 4311 4325 4312
f 4310 4322 4323
f 4318 4332 4319
f 4316 4330 4317
f 4315 4327 4328
f 4312 4326 4313
f 4323 4337 4324
f 4322 4334 4335
f 4332 4346 4333
f 4330 4344 4331
f 4329 4341 4342
f 4327 4339 4340
f 4325 4337 4338
f 4322 4336 4323
f 4332 4344 4345
f 4330 4342 4343
f 4327 4341 4328
f 4325 4339 4326
f 4337 4350 4351
f 4334 4349 4335
f 4346 4359 4360
f 4344 4357 4358
f 4341 4356 4342
f 4340 4353 4354
f 4338 4351 4352
f 4335 4350 4336
f 4345 4358 4359
f 4343 4356 4357
f 4340 4355 4341
f 4338 4353 4339
f 4351 4363 4364
f 4349 4361 4362
f 4359 4373 4360
f 4358 4370 4371
f 4355 4369 4356
f 4354 4366 4367
f 4351 4365 4352
f 4349 4363 4350
f 4358 4372 4359
f 4357 4369 4370
f 4355 4367 4368
f 4352 4366 4353
f 4364 4376 4377
f 4362 4374 4375
f 4373 4385 4386
f 4370 4384 4371
f 4368 4382 4369
f 4367 4379 4380
f 4364 4378 4365
f 4362 4376 4363
f 4372 4384 4385
f 4370 4382 4383
f 4368 4380 4381
f 4365 4379 4366
f 4376 4390 4377
f 4374 4388 4375
f 4385 4399 4386
f 4384 4396 4397
f 4382 4394 4395
f 4379 4393 4380
f 4378 4390 4391
f 4376 4388 4389
f 4384 4398 4385
f 4382 4396 4383
f 4380 4394 4381
f 4379 4391 4392
f 4389 4403 4390
f 4387 4401 4388
f 4399 4411 4412
f 4396 4410 4397
f 4395 4407 4408
f 4393 4405 4406
f 4391 4403 4404
f 4389 4401 4402
f 4398 4410 4411
f 4395 4409 4396
f 4393 4407 4394
f 4391 4405 4392
f 4402 4416 4403
f 4401 4413 4414
f 4411 4425 4412
f 4409 4423 4410
f 4408 4420 4421
f 4406 4418 4419
f 4403 4417 4404
f 4402 4414 4415
f 4410 4424 4411
f 4408 4422 4409
f 4407 4419 4420
f 4404 4418 4405
f 4416 4428 4429
f 4413 4427 4414
f 4425 4437 4438
f 4423 4435 4436
f 4421 4433 4434
f 4418 4432 4419
f 4416 4430 4417
f 4415 4427 4428
f 4423 4437 4424
f 4421 4435 4422
f 4420 4432 4433
f 4418 4430 4431
f 4428 4442 4429
f 4426 4440 4427
f 4437 4451 4438
f 4435 4449 4436
f 4434 4446 4447
f 4432 4444 4445
f 4430 4442 4443
f 4427 4441 4428
f 4437 4449 4450
f 4435 4447 4448
f 4432 4446 4433
f 4430 4444 4431
f 4442 4454 4455
f 4439 4453 4440
f 4451 4463 4464
f 4449 4461 4462
f 4446 4460 4447
f 4444 4458 4445
f 4443 4455 4456
f 4440 4454 4441
f 4450 4462 4463
f 4447 4461 4448
f 4445 4459 4446
f 4444 4456 4457
f 4455 4467 4468
f 4453 4465 4466
f 4463 4477 4464
f 4462 4474 4475
f 4459 4473 4460
f 4457 4471 4458
f 4455 4469 4456
f 4453 4467 4454
f 4462 4476 4463
f 4461 4473 4474
f 4459 4471 4472
f 4457 4469 4470
f 4347 4073 4086
f 4347 4086 4099
f 4347 4099 4112
f 4347 4112 4125
f 4347 4125 4138
f 4347 4138 4151
f 4347 4151 4164
f 4347 4164 4177
f 4347 4177 4190
f 4347 4190 4203
f 4347 4203 4216
f 4347 4216 4229
f 4347 4229 4242
f 4347 4242 4255
f 4347 4255 4268
f 4347 4268 4281
f 4347 4281 4294
f 4347 4294 4307
f 4347 4307 4320
f 4347 4320 4333
f 4347 4333 4346
f 4347 4346 4360
f 4347 4360 4373
f 4347 4373 4386
f 4347 4386 4399
f 4347 4399 4412
f 4347 4412 4425
f 4347 4425 4438
f 4347 4438 4451
f 4347 4451 4464
f 4347 4464 4477
f 4468 4063 4064
f 4466 4061 4062
f 4477 4072 4073
f 4474 4071 4475
f 4472 4069 4473
f 4471 4066 4067
f 4468 4065 4469
f 4466 4063 4467
f 4347 4477 4073
f 4476 4071 4072
f 4474 4069 4070
f 4472 4067 4068
f 4469 4066 4470
f 3935 4465 4060
f 4465 4056 4060
f 4452 4051 4056
f 4439 4047 4051
f 4047 4413 4043
f 4043 4400 4039
f 4039 4387 4035
f 4387 4031 4035
f 4031 4361 4027
f 4361 4023 4027
f 4348 4019 4023
f 4334 4015 4019
f 4015 4308 4011
f 4011 4295 4007
f 4007 4282 4003
f 4282 3999 4003
f 3999 4256 3995
f 4256 3991 3995
f 4243 3987 3991
f 4230 3983 3987
f 3983 4204 3979
f 3979 4191 3975
f 3975 4178 3971
f 4178 3967 3971
f 3967 4152 3963
f 4152 3959 3963
f 4139 3955 3959
f 4126 3951 3955
f 3951 4100 3947
f 3947 4087 3943
f 3943 4074 3939
f 4074 3935 3939
f 4480 4483 4484
f 4480 4485 4481
f 4479 4482 4483
f 4484 4489 4485
f 4482 4487 4483
f 4483 4488 4484
f 4488 4493 4489
f 4487 4490 4491
f 4488 4491 4492
f 4493 4496 4497
f 4490 4495 4491
f 4491 4496 4492
f 4496 4501 4497
f 4495 4498 4499
f 4496 4499 4500
f 4501 4504 4505
f 4498 4503 4499
f 4499 4504 4500
f 4505 4508 4509
f 4503 4506 4507
f 4504 4507 4508
f 4509 4512 4513
f 4506 4511 4507
f 4507 4512 4508
f 4513 4516 4517
f 4511 4514 4515
f 4512 4515 4516
f 4516 4521 4517
f 4514 4519 4515
f 4515 4520 4516
f 4520 4525 4521
f 4518 4523 4519
f 4520 4523 4524
f 4525 4528 4529
f 4522 4527 4523
f 4523 4528 4524
f 4528 4533 4529
f 4527 4530 4531
f 4528 4531 4532
f 4533 4536 4537
f 4530 4535 4531
f 4531 4536 4532
f 4537 4540 4541
f 4534 4539 4535
f 4536 4539 4540
f 4541 4544 4545
f 4539 4542 4543
f 4539 4544 4540
f 4544 4549 4545
f 4542 4547 4543
f 4544 4547 4548
f 4548 4553 4549
f 4547 4550 4551
f 4547 4552 4548
f 4552 4557 4553
f 4551 4554 4555
f 4552 4555 4556
f 4557 4560 4561
f 4554 4559 4555
f 4555 4560 4556
f 4560 4565 4561
f 4559 4562 4563
f 4560 4563 4564
f 4565 4568 4569
f 4562 4567 4563
f 4563 4568 4564
f 4569 4572 4573
f 4567 4570 4571
f 4568 4571 4572
f 4572 4577 4573
f 4570 4575 4571
f 4571 4576 4572
f 4576 4581 4577
f 4575 4578 4579
f 4576 4579 4580
f 4580 4585 4581
f 4578 4583 4579
f 4579 4584 4580
f 4584 4589 4585
f 4583 4586 4587
f 4584 4587 4588
f 4589 4592 4593
f 4586 4591 4587
f 4587 4592 4588
f 4592 4597 4593
f 4591 4594 4595
f 4592 4595 4596
f 4597 4601 4602
f 4594 4600 4595
f 4595 4601 4596
f 4602 4605 4606
f 4600 4603 4604
f 4601 4604 4605
f 4478 4598 4482
f 4482 4598 4486
f 4486 4598 4490
f 4490 4598 4494
f 4494 4598 4498
f 4498 4598 4502
f 4502 4598 4506
f 4506 4598 4510
f 4510 4598 4514
f 4514 4598 4518
f 4518 4598 4522
f 4522 4598 4526
f 4526 4598 4530
f 4530 4598 4534
f 4534 4598 4538
f 4538 4598 4542
f 4542 4598 4546
f 4546 4598 4550
f 4550 4598 4554
f 4554 4598 4558
f 4558 4598 4562
f 4562 4598 4566
f 4566 4598 4570
f 4570 4598 4574
f 4574 4598 4578
f 4578 4598 4582
f 4582 4598 4586
f 4586 4598 4590
f 4590 4598 4594
f 4594 4598 4599
f 4599 4598 4603
f 4606 4480 4481
f 4603 4479 4604
f 4604 4480 4605
f 4603 4598 4478
f 4615 4627 4628
f 4612 4626 4613
f 4611 4623 4624
f 4609 4621 4622
f 4618 4630 4631
f 4615 4629 4616
f 4613 4627 4614
f 4612 4624 4625
f 4609 4623 4610
f 4607 4621 4608
f 4619 4631 4632
f 4617 4629 4630
f 4622 4636 4623
f 4620 4634 4621
f 4632 4644 4645
f 4629 4643 4630
f 4628 4640 4641
f 4626 4638 4639
f 4624 4636 4637
f 4622 4634 4635
f 4631 4643 4644
f 4628 4642 4629
f 4626 4640 4627
f 4624 4638 4625
f 4635 4649 4636
f 4634 4646 4647
f 4644 4658 4645
f 4642 4656 4643
f 4641 4653 4654
f 4639 4651 4652
f 4636 4650 4637
f 4635 4647 4648
f 4643 4657 4644
f 4642 4654 4655
f 4640 4652 4653
f 4637 4651 4638
f 4648 4662 4649
f 4646 4660 4647
f 4658 4670 4671
f 4656 4668 4669
f 4653 4667 4654
f 4651 4665 4652
f 4649 4663 4650
f 4648 4660 4661
f 4656 4670 4657
f 4654 4668 4655
f 4653 4665 4666
f 4651 4663 4664
f 4661 4675 4662
f 4660 4672 4673
f 4670 4684 4671
f 4668 4682 4669
f 4667 4679 4680
f 4665 4677 4678
f 4663 4675 4676
f 4661 4673 4674
f 4670 4682 4683
f 4667 4681 4668
f 4665 4679 4666
f 4663 4677 4664
f 4675 4687 4688
f 4672 4686 4673
f 4684 4696 4697
f 4682 4694 4695
f 4679 4693 4680
f 4678 4690 4691
f 4676 4688 4689
f 4673 4687 4674
f 4683 4695 4696
f 4681 4693 4694
f 4678 4692 4679
f 4676 4690 4677
f 4688 4700 4701
f 4686 4698 4699
f 4696 4710 4697
f 4695 4707 4708
f 4692 4706 4693
f 4691 4703 4704
f 4688 4702 4689
f 4686 4700 4687
f 4695 4709 4696
f 4694 4706 4707
f 4692 4704 4705
f 4689 4703 4690
f 4701 4713 4714
f 4699 4711 4712
f 4710 4722 4723
f 4707 4721 4708
f 4705 4719 4706
f 4704 4716 4717
f 4701 4715 4702
f 4699 4713 4700
f 4709 4721 4722
f 4707 4719 4720
f 4705 4717 4718
f 4702 4716 4703
f 4713 4727 4714
f 4711 4725 4712
f 4723 4735 4736
f 4721 4733 4734
f 4719 4731 4732
f 4716 4730 4717
f 4715 4727 4728
f 4713 4725 4726
f 4721 4735 4722
f 4719 4733 4720
f 4717 4731 4718
f 4716 4728 4729
f 4726 4740 4727
f 4724 4738 4725
f 4736 4748 4749
f 4733 4747 4734
f 4732 4744 4745
f 4730 4742 4743
f 4728 4740 4741
f 4726 4738 4739
f 4735 4747 4748
f 4732 4746 4733
f 4730 4744 4731
f 4728 4742 4729
f 4739 4753 4740
f 4738 4750 4751
f 4748 4762 4749
f 4746 4760 4747
f 4745 4757 4758
f 4743 4755 4756
f 4740 4754 4741
f 4739 4751 4752
f 4747 4761 4748
f 4745 4759 4746
f 4744 4756 4757
f 4741 4755 4742
f 4753 4765 4766
f 4750 4764 4751
f 4762 4774 4775
f 4759 4773 4760
f 4758 4770 4771
f 4755 4769 4756
f 4753 4767 4754
f 4752 4764 4765
f 4760 4774 4761
f 4758 4772 4759
f 4757 4769 4770
f 4755 4767 4768
f 4765 4779 4766
f 4764 4776 4777
f 4774 4788 4775
f 4772 4786 4773
f 4771 4783 4784
f 4769 4781 4782
f 4767 4779 4780
f 4765 4777 4778
f 4774 4786 4787
f 4771 4785 4772
f 4769 4783 4770
f 4767 4781 4768
f 4779 4791 4792
f 4776 4790 4777
f 4788 4800 4801
f 4786 4798 4799
f 4783 4797 4784
f 4782 4794 4795
f 4780 4792 4793
f 4777 4791 4778
f 4787 4799 4800
f 4785 4797 4798
f 4782 4796 4783
f 4780 4794 4781
f 4792 4804 4805
f 4790 4802 4803
f 4800 4814 4801
f 4799 4811 4812
f 4796 4810 4797
f 4795 4807 4808
f 4792 4806 4793
f 4790 4804 4791
f 4799 4813 4800
f 4798 4810 4811
f 4796 4808 4809
f 4793 4807 4794
f 4805 4817 4818
f 4803 4815 4816
f 4814 4826 4827
f 4811 4825 4812
f 4809 4823 4810
f 4808 4820 4821
f 4805 4819 4806
f 4803 4817 4804
f 4813 4825 4826
f 4811 4823 4824
f 4809 4821 4822
f 4806 4820 4807
f 4817 4831 4818
f 4815 4829 4816
f 4826 4840 4827
f 4825 4837 4838
f 4823 4835 4836
f 4820 4834 4821
f 4819 4831 4832
f 4817 4829 4830
f 4825 4839 4826
f 4823 4837 4824
f 4821 4835 4822
f 4820 4832 4833
f 4830 4844 4831
f 4828 4842 4829
f 4840 4852 4853
f 4837 4851 4838
f 4836 4848 4849
f 4834 4846 4847
f 4832 4844 4845
f 4830 4842 4843
f 4839 4851 4852
f 4836 4850 4837
f 4834 4848 4835
f 4832 4846 4833
f 4843 4857 4844
f 4842 4854 4855
f 4852 4866 4853
f 4850 4864 4851
f 4849 4861 4862
f 4847 4859 4860
f 4844 4858 4845
f 4843 4855 4856
f 4851 4865 4852
f 4849 4863 4850
f 4848 4860 4861
f 4845 4859 4846
f 4857 4869 4870
f 4855 4867 4868
f 4866 4878 4879
f 4864 4876 4877
f 4862 4874 4875
f 4859 4873 4860
f 4857 4871 4858
f 4856 4868 4869
f 4864 4878 4865
f 4862 4876 4863
f 4861 4873 4874
f 4859 4871 4872
f 4869 4883 4870
f 4868 4880 4881
f 4878 4892 4879
f 4877 4889 4890
f 4874 4888 4875
f 4873 4885 4886
f 4871 4883 4884
f 4868 4882 4869
f 4878 4890 4891
f 4876 4888 4889
f 4873 4887 4874
f 4871 4885 4872
f 4883 4896 4897
f 4880 4895 4881
f 4892 4905 4906
f 4890 4903 4904
f 4887 4902 4888
f 4885 4900 4886
f 4884 4897 4898
f 4881 4896 4882
f 4891 4904 4905
f 4889 4902 4903
f 4886 4901 4887
f 4885 4898 4899
f 4897 4909 4910
f 4895 4907 4908
f 4905 4919 4906
f 4904 4916 4917
f 4901 4915 4902
f 4899 4913 4900
f 4897 4911 4898
f 4895 4909 4896
f 4904 4918 4905
f 4903 4915 4916
f 4901 4913 4914
f 4899 4911 4912
f 4910 4922 4923
f 4908 4920 4921
f 4919 4931 4932
f 4916 4930 4917
f 4914 4928 4915
f 4913 4925 4926
f 4910 4924 4911
f 4908 4922 4909
f 4918 4930 4931
f 4916 4928 4929
f 4914 4926 4927
f 4911 4925 4912
f 4922 4936 4923
f 4920 4934 4921
f 4931 4945 4932
f 4930 4942 4943
f 4928 4940 4941
f 4925 4939 4926
f 4924 4936 4937
f 4922 4934 4935
f 4930 4944 4931
f 4928 4942 4929
f 4926 4940 4927
f 4925 4937 4938
f 4935 4949 4936
f 4933 4947 4934
f 4945 4957 4958
f 4942 4956 4943
f 4941 4953 4954
f 4938 4952 4939
f 4937 4949 4950
f 4935 4947 4948
f 4944 4956 4957
f 4941 4955 4942
f 4939 4953 4940
f 4938 4950 4951
f 4948 4962 4949
f 4947 4959 4960
f 4957 4971 4958
f 4955 4969 4956
f 4954 4966 4967
f 4951 4965 4952
f 4949 4963 4950
f 4948 4960 4961
f 4956 4970 4957
f 4954 4968 4955
f 4953 4965 4966
f 4951 4963 4964
f 4962 4974 4975
f 4959 4973 4960
f 4971 4983 4984
f 4968 4982 4969
f 4966 4980 4967
f 4964 4978 4965
f 4962 4976 4963
f 4960 4974 4961
f 4969 4983 4970
f 4967 4981 4968
f 4966 4978 4979
f 4964 4976 4977
f 4975 4987 4988
f 4973 4985 4986
f 4983 4997 4984
f 4981 4995 4982
f 4979 4993 4980
f 4978 4990 4991
f 4976 4988 4989
f 4973 4987 4974
f 4983 4995 4996
f 4981 4993 4994
f 4978 4992 4979
f 4976 4990 4977
f 4988 5000 5001
f 4985 4999 4986
f 4997 5009 5010
f 4995 5007 5008
f 4992 5006 4993
f 4991 5003 5004
f 4989 5001 5002
f 4986 5000 4987
f 4996 5008 5009
f 4994 5006 5007
f 4991 5005 4992
f 4989 5003 4990
f 5001 5013 5014
f 4999 5011 5012
f 5009 5023 5010
f 5008 5020 5021
f 5005 5019 5006
f 5004 5016 5017
f 5001 5015 5002
f 4999 5013 5000
f 5008 5022 5009
f 5007 5019 5020
f 5005 5017 5018
f 5002 5016 5003
f 4893 4619 4632
f 4893 4632 4645
f 4893 4645 4658
f 4893 4658 4671
f 4893 4671 4684
f 4893 4684 4697
f 4893 4697 4710
f 4893 4710 4723
f 4893 4723 4736
f 4893 4736 4749
f 4893 4749 4762
f 4893 4762 4775
f 4893 4775 4788
f 4893 4788 4801
f 4893 4801 4814
f 4893 4814 4827
f 4893 4827 4840
f 4893 4840 4853
f 4893 4853 4866
f 4893 4866 4879
f 4893 4879 4892
f 4893 4892 4906
f 4893 4906 4919
f 4893 4919 4932
f 4893 4932 4945
f 4893 4945 4958
f 4893 4958 4971
f 4893 4971 4984
f 4893 4984 4997
f 4893 4997 5010
f 4893 5010 5023
f 5014 4609 4610
f 5012 4607 4608
f 5022 4619 5023
f 5020 4617 5021
f 5018 4615 5019
f 5017 4612 4613
f 5014 4611 5015
f 5012 4609 5013
f 4893 5023 4619
f 5021 4618 5022
f 5020 4615 4616
f 5018 4613 4614
f 5015 4612 5016
f 4481 5011 4606
f 5011 4602 4606
f 4998 4597 4602
f 4985 4593 4597
f 4593 4959 4589
f 4589 4946 4585
f 4585 4933 4581
f 4933 4577 4581
f 4577 4907 4573
f 4907 4569 4573
f 4894 4565 4569
f 4880 4561 4565
f 4561 4854 4557
f 4557 4841 4553
f 4553 4828 4549
f 4828 4545 4549
f 4545 4802 4541
f 4802 4537 4541
f 4789 4533 4537
f 4776 4529 4533
f 4529 4750 4525
f 4525 4737 4521
f 4521 4724 4517
f 4724 4513 4517
f 4513 4698 4509
f 4698 4505 4509
f 4685 4501 4505
f 4672 4497 4501
f 4497 4646 4493
f 4493 4633 4489
f 4489 4620 4485
f 4620 4481 4485
f 4 3 2
f 8 7 6
f 13 16 15
f 17 28 19
f 32 31 30
f 36 35 34
f 37 40 39
f 21 22 23
f 25 26 27
f 41 44 43
f 48 47 46
f 52 51 50
f 53 56 55
f 60 59 58
f 29 30 62
f 66 65 64
f 67 5 6
f 72 71 70
f 76 75 74
f 77 80 79
f 81 84 83
f 59 87 86
f 88 91 90
f 96 95 94
f 100 99 98
f 101 104 103
f 106 105 34
f 108 116 115
f 117 119 36
f 124 127 126
f 131 130 129
f 132 102 134
f 142 141 140
f 148 106 60
f 144 143 127
f 149 152 151
f 156 155 154
f 159 150 158
f 116 108 164
f 171 170 169
f 174 126 173
f 179 182 181
f 186 189 188
f 194 197 196
f 199 142 139
f 206 209 208
f 213 212 211
f 202 215 214
f 96 93 216
f 92 238 43
f 97 184 246
f 250 249 229
f 252 254 58
f 258 257 256
f 260 91 229
f 110 111 112
f 114 264 263
f 265 268 267
f 56 53 270
f 274 273 249
f 185 183 63
f 280 279 278
f 285 284 283
f 288 219 211
f 141 142 92
f 289 290 175
f 148 116 105
f 312 311 170
f 238 262 42
f 318 163 160
f 310 309 308
f 241 239 325
f 160 230 240
f 47 48 307
f 108 109 315
f 345 85 86
f 348 351 350
f 356 359 358
f 355 354 353
f 363 31 32
f 364 252 253
f 366 125 368
f 183 372 371
f 163 162 161
f 209 226 101
f 378 377 165
f 379 295 381
f 383 382 3
f 284 285 386
f 387 127 389
f 391 259 229
f 73 281 397
f 405 408 407
f 203 218 411
f 414 121 413
f 1 356 357
f 277 276 131
f 254 344 57
f 358 384 415
f 417 416 386
f 401 400 192
f 419 389 127
f 421 181 182
f 103 301 302
f 428 367 368
f 380 390 359
f 62 204 266
f 140 141 431
f 357 358 351
f 356 1 379
f 415 392 403
f 437 428 436
f 438 441 440
f 188 451 450
f 265 455 181
f 224 185 64
f 237 212 213
f 275 131 128
f 281 282 460
f 50 462 79
f 73 74 282
f 468 467 466
f 390 355 352
f 482 485 484
f 489 488 487
f 493 496 495
f 472 471 470
f 502 501 500
f 220 221 222
f 512 419 143
f 518 517 511
f 513 239 230
f 205 30 31
f 189 370 451
f 163 318 532
f 533 224 225
f 446 448 447
f 335 541 540
f 544 512 546
f 329 519 291
f 199 534 262
f 385 386 416
f 532 190 191
f 363 117 118
f 578 581 580
f 573 572 571
f 561 563 562
f 241 260 259
f 590 593 592
f 545 546 595
f 503 154 155
f 606 625 624
f 478 481 480
f 646 649 648
f 590 591 689
f 564 565 651
f 728 246 184
f 714 724 716
f 692 574 575
f 541 335 581
f 346 68 248
f 161 231 230
f 128 129 94
f 698 705 704
f 574 577 576
f 290 289 401
f 630 631 725
f 733 736 735
f 755 466 496
f 759 480 481
f 757 763 762
f 764 496 466
f 768 767 3808
f 759 760 488
f 492 474 475
f 474 770 769
f 773 468 465
f 771 774 486
f 484 485 775
f 774 776 489
f 495 496 764
f 495 757 761
f 137 397 784
f 325 239 797
f 165 519 51
f 369 32 29
f 730 731 568
f 90 302 301
f 243 118 516
f 800 734 806
f 817 815 808
f 816 808 823
f 306 303 447
f 815 810 809
f 829 830 828
f 726 725 501
f 274 427 424
f 879 882 881
f 884 883 879
f 219 218 217
f 906 905 904
f 455 204 205
f 898 882 830
f 903 900 880
f 377 291 519
f 923 949 948
f 946 947 951
f 3519 740 739
f 900 899 886
f 225 64 65
f 182 445 442
f 809 952 947
f 954 960 962
f 927 950 965
f 885 879 880
f 925 927 966
f 343 342 341
f 965 964 971
f 968 971 970
f 972 968 969
f 963 961 981
f 336 337 338
f 992 993 827
f 810 815 996
f 1007 1001 1002
f 1012 826 827
f 1011 1009 1007
f 294 293 292
f 907 908 920
f 1017 579 1019
f 1020 1023 1022
f 1035 1024 1020
f 1061 1060 1047
f 1063 1061 1046
f 1044 1020 1021
f 1102 1094 1097
f 1116 1126 1118
f 1016 1015 1014
f 881 897 904
f 816 1116 1127
f 1094 948 949
f 514 342 167
f 146 145 81
f 1133 1135 1130
f 1102 1133 1126
f 822 1126 1116
f 1145 1143 1148
f 1076 1144 1151
f 1148 1143 1086
f 1109 1097 1114
f 1154 1153 1156
f 1153 925 967
f 3464 3497 463
f 1144 1147 1152
f 1156 967 1163
f 1164 1162 1169
f 1145 1171 1176
f 1114 1115 1154
f 1183 1155 1164
f 1184 1183 1177
f 1069 1151 1062
f 1023 1191 1194
f 1162 1163 1170
f 1195 1184 1185
f 1183 1196 1176
f 1201 1063 1152
f 1061 1063 1201
f 3825 847 843
f 1203 1202 1195
f 1202 1201 1184
f 1218 1060 1203
f 1060 1061 1202
f 1225 1218 1217
f 671 695 694
f 1219 1217 1024
f 1217 1203 1034
f 1226 1014 1015
f 1243 1242 1234
f 1231 1230 1229
f 847 1243 1233
f 843 1233 1244
f 1233 1234 1245
f 1923 3761 233
f 2100 2108 499
f 3914 3864 2135
f 61 62 323
f 210 211 217
f 1299 1310 1309
f 3863 1230 1231
f 1066 1047 1321
f 1322 1321 1228
f 1060 1218 1321
f 1325 1324 1323
f 1244 1245 1332
f 1290 1234 1242
f 1337 1330 1339
f 1330 1332 1340
f 1341 1332 1245
f 1342 1340 1332
f 1343 1342 1341
f 1344 1341 1294
f 3857 3856 1345
f 1347 1348 1342
f 3856 3854 1295
f 1349 1350 1348
f 3861 1349 1347
f 3853 1347 1343
f 906 898 829
f 905 906 1353
f 865 1356 1355
f 1355 1353 829
f 1357 1355 825
f 1356 1354 1353
f 3834 1337 1338
f 866 1358 1356
f 1358 1359 1354
f 3828 878 1337
f 838 1362 1012
f 1363 1364 1338
f 1368 1363 1339
f 1348 1368 1340
f 1371 1369 3824
f 524 525 526
f 528 529 530
f 1372 1370 1369
f 535 536 537
f 1367 1368 1348
f 1370 1354 1359
f 1369 1359 3833
f 1373 910 903
f 555 556 557
f 1374 909 910
f 1373 904 905
f 1374 1373 1375
f 1375 905 1354
f 1378 920 908
f 376 373 651
f 1388 928 973
f 586 587 588
f 1390 1389 1388
f 1391 1388 969
f 597 598 599
f 600 601 602
f 1392 1391 970
f 608 609 610
f 612 524 523
f 614 615 616
f 617 618 25
f 620 621 622
f 1397 1390 1391
f 1398 1397 1392
f 1400 987 920
f 1402 1403 1165
f 636 637 638
f 930 1404 1402
f 641 642 643
f 929 1402 1169
f 1404 1405 1403
f 1411 1366 1365
f 1412 1406 1415
f 652 653 654
f 609 656 657
f 659 660 661
f 558 663 586
f 665 666 667
f 1413 1411 1406
f 1418 1416 3810
f 1417 1372 1371
f 1416 1371 3829
f 1419 1417 1416
f 1386 909 1374
f 677 678 679
f 1385 1386 1420
f 1420 1374 1376
f 685 686 687
f 1421 1420 1422
f 528 690 691
f 1422 1376 1372
f 1018 1019 747
f 699 700 701
f 1424 578 579
f 3663 1597 1767
f 700 699 711
f 1093 3746 3754
f 717 718 530
f 721 722 723
f 704 1650 3543
f 19 1429 1426
f 1429 1428 1427
f 1658 1659 3542
f 1439 1437 1434
f 1437 1436 1435
f 1426 1427 1433
f 1442 1431 1432
f 742 743 744
f 1432 1433 1441
f 751 752 753
f 1438 1434 1403
f 1446 1445 1444
f 1447 1448 1446
f 3860 1447 1443
f 1415 1367 1445
f 1414 1415 1446
f 2173 1683 469
f 777 778 779
f 780 781 782
f 1676 1693 1806
f 3859 1451 1349
f 789 790 791
f 745 792 793
f 652 794 795
f 1455 1458 1457
f 1454 1367 1350
f 610 691 802
f 3831 3816 698
f 1352 1044 1045
f 1015 1016 1459
f 811 812 813
f 2118 3815 3817
f 819 820 821
f 1466 1463 1194
f 1467 1468 1465
f 1182 1165 1468
f 832 812 833
f 835 836 837
f 1467 1466 1190
f 1469 1470 1444
f 840 700 712
f 1453 1470 1469
f 599 844 845
f 1226 1450 3849
f 851 852 853
f 855 744 856
f 858 859 860
f 861 862 863
f 1014 1226 3855
f 867 676 868
f 870 871 872
f 874 875 876
f 1310 1323 1471
f 1476 1433 1427
f 1461 1476 1475
f 887 888 889
f 788 791 892
f 894 895 896
f 1460 1475 1227
f 901 902 524
f 1465 1478 1477
f 1865 3503 3500
f 911 912 913
f 916 917 918
f 1850 3505 3507
f 921 922 895
f 1479 1435 1436
f 926 664 667
f 1481 562 563
f 269 1483 84
f 931 932 933
f 934 935 614
f 936 685 688
f 938 659 662
f 1484 270 122
f 941 942 835
f 320 321 509
f 1849 3510 3505
f 84 1483 1484
f 1487 1490 1488
f 1757 1758 3502
f 365 1492 1491
f 461 79 80
f 117 363 362
f 1494 540 541
f 926 601 957
f 1477 1441 1433
f 1709 1588 1585
f 119 117 1496
f 271 1497 504
f 511 517 189
f 345 1496 1492
f 57 344 299
f 1501 1499 268
f 267 268 1499
f 974 975 976
f 1678 1652 1693
f 3846 1682 1807
f 557 982 663
f 983 941 984
f 1443 1444 3849
f 421 1500 268
f 989 990 991
f 1490 1487 418
f 279 280 309
f 997 868 676
f 998 26 999
f 1504 418 38
f 1506 1508 1507
f 360 361 1508
f 1506 1486 207
f 939 1005 1006
f 270 1484 1483
f 66 63 546
f 1010 742 793
f 367 428 437
f 244 31 363
f 1670 3532 3534
f 209 206 1510
f 388 389 426
f 427 274 250
f 161 520 521
f 100 246 45
f 1025 1026 608
f 1029 1030 1031
f 939 662 1033
f 41 42 594
f 1036 780 783
f 702 701 1038
f 1040 1041 1042
f 362 32 369
f 187 1520 477
f 70 1487 539
f 1049 600 603
f 613 867 869
f 860 1050 1051
f 1005 1052 1053
f 753 1055 1056
f 1057 1058 1059
f 293 288 1522
f 288 212 1521
f 292 1522 1523
f 331 1507 1508
f 306 452 453
f 100 44 41
f 462 1524 78
f 330 331 1524
f 635 1067 1068
f 1485 1527 1526
f 206 1485 1528
f 1070 1071 1072
f 942 941 1073
f 916 933 1075
f 440 1529 1530
f 157 158 1514
f 1529 162 5
f 371 595 546
f 790 586 663
f 1077 858 857
f 1403 1434 1435
f 1080 1081 1082
f 531 520 1529
f 21 1083 1084
f 272 1532 1531
f 690 712 802
f 335 3571 3567
f 1090 1030 1029
f 1092 795 794
f 1533 396 137
f 661 660 1095
f 69 444 445
f 1099 1100 1101
f 38 39 1536
f 1104 1105 1106
f 852 1107 1108
f 1377 908 909
f 291 377 411
f 316 1536 516
f 539 1488 1533
f 1505 1536 316
f 1110 1111 1112
f 1539 1537 460
f 522 441 1537
f 834 837 1120
f 1122 1123 1124
f 612 1125 1041
f 935 793 615
f 276 278 130
f 1686 3549 3522
f 193 190 1541
f 231 521 1540
f 556 1037 982
f 365 253 85
f 190 532 318
f 1810 765 3574
f 3924 1867 3512
f 1132 983 985
f 208 101 102
f 1134 1033 662
f 1491 518 80
f 429 133 1542
f 1137 1138 915
f 172 436 428
f 1139 1140 1141
f 549 96 54
f 1517 1519 1518
f 834 1119 984
f 1543 513 286
f 1544 797 239
f 133 134 1544
f 506 361 257
f 420 327 328
f 1158 1159 1160
f 587 1104 1103
f 607 1161 1027
f 304 1546 1545
f 364 1491 77
f 69 70 198
f 700 840 1112
f 3877 626 3525
f 1166 719 657
f 1167 1168 858
f 1300 3523 3524
f 1172 1173 1174
f 218 203 200
f 1179 1180 1181
f 372 183 97
f 89 104 227
f 1186 1187 1188
f 172 173 1517
f 1482 84 81
f 1090 1192 1193
f 394 395 353
f 526 525 1198
f 1199 1200 1026
f 606 623 697
f 1204 1205 1206
f 1207 1208 523
f 1209 1210 867
f 914 913 685
f 1478 1436 1441
f 1029 1028 1161
f 1211 1212 1213
f 3858 1453 1451
f 844 1215 1216
f 423 193 273
f 1220 1221 1222
f 22 1223 1224
f 882 898 897
f 1519 1517 173
f 1189 1188 1232
f 349 350 550
f 1071 1235 1236
f 1237 1238 1239
f 1221 1186 1189
f 1510 1528 1512
f 939 1032 1241
f 1556 1530 5
f 1553 1554 394
f 404 1556 67
f 1247 1248 1249
f 142 199 238
f 1251 1067 635
f 850 1252 1253
f 1254 1167 1077
f 57 132 133
f 443 430 552
f 1187 1172 1175
f 1256 1070 831
f 432 405 382
f 741 748 747
f 434 350 351
f 349 432 383
f 251 124 1481
f 395 384 352
f 1518 1519 1550
f 1558 410 378
f 109 263 314
f 285 1514 1513
f 395 394 393
f 202 203 410
f 417 408 405
f 1246 1257 1258
f 3 1559 297
f 1259 1260 1261
f 403 404 347
f 955 954 953
f 462 50 51
f 1096 1095 687
f 429 147 60
f 896 1264 1265
f 1267 721 1268
f 423 424 327
f 37 179 180
f 20 23 1187
f 1256 1168 1071
f 1188 1175 1269
f 1236 1270 1271
f 1272 536 535
f 565 564 463
f 1273 792 745
f 876 1254 1255
f 316 33 164
f 437 1516 503
f 194 1494 1495
f 1275 1276 864
f 624 625 631
f 1277 1274 1137
f 569 568 567
f 1481 124 125
f 324 325 547
f 1279 1108 1107
f 1525 332 329
f 1281 1278 1137
f 171 168 1553
f 1488 73 396
f 1557 1561 1562
f 1282 856 1206
f 1053 1277 1278
f 778 777 607
f 713 583 3566
f 251 225 144
f 4 357 348
f 709 708 707
f 728 48 45
f 261 135 1563
f 789 1286 1287
f 74 314 263
f 403 284 385
f 1178 1181 1240
f 1223 1259 1289
f 1220 20 1186
f 296 1518 354
f 784 459 1538
f 1181 1180 1291
f 1269 1292 1257
f 1566 1538 438
f 136 784 1566
f 1563 1564 169
f 107 114 109
f 1297 1282 1298
f 1464 1477 1476
f 1520 187 507
f 1301 1302 1303
f 1306 1307 1308
f 175 456 1532
f 1532 456 200
f 1311 1266 1312
f 872 1314 1315
f 3836 843 878
f 1305 1308 864
f 1040 1275 863
f 1564 1566 399
f 592 1576 1575
f 591 1575 1088
f 1581 1584 1583
f 1196 1152 1147
f 710 582 583
f 285 407 408
f 953 954 961
f 1594 1592 1589
f 1585 1588 1587
f 1592 1591 1590
f 3885 945 944
f 1600 1599 1598
f 1604 1603 1602
f 1399 1392 979
f 1589 1590 1596
f 1610 1609 1608
f 298 257 361
f 551 552 276
f 1627 1626 3814
f 859 811 818
f 1078 857 1328
f 1555 439 1530
f 572 573 680
f 772 465 776
f 977 1281 918
f 404 403 392
f 1054 1331 750
f 1644 1645 1643
f 932 1265 1082
f 1067 1333 1334
f 1540 1539 264
f 597 1335 643
f 471 761 762
f 1642 696 3831
f 1644 1642 3842
f 923 946 950
f 96 549 548
f 520 531 522
f 445 444 443
f 849 839 848
f 480 759 755
f 1646 760 481
f 311 426 1567
f 464 463 3497
f 3497 1360 1361
f 234 237 236
f 190 193 192
f 153 154 152
f 231 287 286
f 1552 1553 1551
f 760 1646 1648
f 3832 1647 1649
f 828 827 826
f 52 167 166
f 1663 1662 1661
f 287 107 115
f 668 671 670
f 634 645 640
f 553 560 559
f 118 36 33
f 492 484 491
f 3552 1652 1651
f 582 589 584
f 384 395 392
f 1381 1382 1383
f 1562 1561 435
f 952 953 951
f 3529 3566 583
f 1660 1661 1667
f 1394 1395 1396
f 1660 1665 1664
f 1671 1670 1669
f 1624 1625 1673
f 1407 1408 1409
f 1677 1676 1675
f 1613 1679 1677
f 1679 1678 1676
f 1626 1681 3811
f 534 199 198
f 803 733 734
f 400 248 191
f 65 66 143
f 3526 1657 1656
f 402 159 157
f 629 628 627
f 461 477 49
f 758 757 495
f 796 787 786
f 406 407 1513
f 342 343 166
f 1694 1659 1658
f 1692 1687 1694
f 3557 1693 1652
f 3921 1704 1703
f 326 547 302
f 3916 3921 1702
f 3919 3918 1698
f 1699 1691 3927
f 1557 406 1560
f 1127 1116 1117
f 400 401 289
f 1706 1702 1707
f 1707 1702 1599
f 1709 1706 1708
f 1714 1712 1711
f 3919 3915 1709
f 1704 1711 1577
f 1716 1714 1713
f 1559 1562 1549
f 1722 1721 1720
f 1335 597 596
f 410 411 377
f 973 1170 1163
f 168 169 399
f 1571 682 1089
f 1572 681 682
f 749 646 647
f 1730 1724 1723
f 1594 1582 1729
f 1729 1723 1591
f 1384 1378 1377
f 1732 1731 1712
f 1724 1730 1731
f 1722 1724 1732
f 1721 1722 1733
f 1734 1733 1716
f 1735 1737 1736
f 1733 1732 1714
f 1663 1664 1741
f 1742 1665 1740
f 1738 1739 1737
f 1665 1660 1666
f 1665 1742 1744
f 1725 1726 1746
f 1591 1725 1745
f 1590 1745 1747
f 1745 1746 1748
f 1659 1688 3538
f 3287 1760 3545
f 1185 1177 1182
f 1664 1744 1749
f 1741 1749 1739
f 1746 1742 1743
f 1726 1744 1742
f 1115 924 1153
f 1654 3546 3575
f 1896 3562 3549
f 1720 1749 1744
f 1721 1739 1749
f 1750 1718 1701
f 1697 1736 1750
f 1151 1152 1063
f 1751 1752 1670
f 1695 1658 1752
f 961 962 986
f 1770 1769 1768
f 1766 1594 1593
f 1731 1759 1579
f 1579 1777 1774
f 3928 1772 1771
f 1764 1772 3928
f 1777 1776 1775
f 3762 3763 1699
f 1004 1127 1128
f 1774 1775 1771
f 987 1400 1399
f 1578 1774 1772
f 1783 1782 1781
f 1597 1598 1770
f 639 1878 3895
f 3928 3929 1769
f 1793 1792 1789
f 3929 3920 1798
f 3508 3516 3773
f 1802 1867 3924
f 1788 1790 1794
f 1793 1794 1795
f 3773 3772 1675
f 1584 1581 1783
f 1771 1797 3920
f 1801 1799 1798
f 1768 1769 1798
f 1775 1796 1797
f 508 514 515
f 1796 1803 1802
f 1800 1798 3920
f 1794 1805 1804
f 3532 1670 1752
f 485 1808 1807
f 3809 3844 1640
f 3837 3844 1810
f 485 482 1640
f 1690 1691 3770
f 487 488 1648
f 3839 1813 1816
f 3838 1811 1648
f 3839 1812 1811
f 1812 1809 487
f 1641 1809 767
f 465 466 755
f 767 1815 3823
f 3822 1816 3826
f 1809 1812 1815
f 3837 1653 1651
f 675 672 3541
f 1814 1649 1822
f 1821 1822 3821
f 1824 1822 1649
f 1827 1849 1850
f 1668 1669 1662
f 1779 1780 1848
f 1790 1827 1805
f 1833 1836 1853
f 3521 3506 693
f 1614 1615 1616
f 1852 1853 3498
f 1620 1621 1622
f 1855 1765 1574
f 1847 1852 3501
f 1766 1765 1855
f 1629 1630 1631
f 1633 1622 1634
f 1635 1636 1637
f 1848 1833 1852
f 1855 1861 1863
f 1803 1866 1867
f 1862 1863 1831
f 1782 1855 1862
f 3922 3924 1865
f 1873 1872 1870
f 1874 1869 799
f 2045 3878 3897
f 1219 1345 1295
f 1615 1614 1396
f 3884 3895 1877
f 645 3898 3786
f 1345 1219 1035
f 634 639 3884
f 15 1887 1327
f 3910 3895 1878
f 1894 604 605
f 3506 3551 627
f 3560 640 645
f 340 341 454
f 1897 194 195
f 1889 1882 1877
f 1901 94 129
f 196 749 754
f 1705 1704 3921
f 340 378 166
f 1570 1480 563
f 1904 1494 194
f 1781 1862 1832
f 1905 549 55
f 1000 994 995
f 986 919 920
f 1191 1185 1190
f 2094 2077 2075
f 1920 1921 1919
f 453 454 1912
f 1915 1919 1918
f 3882 2112 2106
f 1655 3575 3531
f 1916 1918 1926
f 704 3554 3561
f 278 1916 1925
f 3565 3564 1818
f 1097 949 1115
f 1927 1928 727
f 3578 3579 3654
f 1920 310 307
f 1929 307 48
f 503 504 1497
f 1902 1903 787
f 1816 1821 3820
f 1925 1926 1923
f 1535 1569 1568
f 254 252 258
f 1509 1497 366
f 119 86 35
f 219 288 293
f 141 46 47
f 542 205 244
f 1940 552 430
f 1779 1828 1827
f 1701 1710 3915
f 1661 3550 3515
f 270 53 754
f 197 1947 749
f 1727 1728 1212
f 53 54 232
f 1465 1468 1479
f 1284 3862 3854
f 1951 446 412
f 168 398 1554
f 1486 1485 206
f 506 77 78
f 994 1001 1007
f 951 953 963
f 1013 3859 3861
f 3826 3820 1820
f 1498 1909 1954
f 299 298 543
f 1754 1755 1756
f 1681 469 1683
f 1696 1694 1695
f 13 14 738
f 473 476 475
f 482 1641 768
f 204 62 30
f 1761 1762 820
f 611 1763 1125
f 1501 1503 1908
f 1074 1073 711
f 1960 1944 82
f 120 1956 1960
f 35 86 87
f 1773 1199 1025
f 1965 1545 1569
f 494 761 471
f 1966 1967 1969
f 446 1951 1971
f 174 368 125
f 1580 1579 1578
f 1785 1786 1787
f 1972 1546 304
f 1254 876 875
f 1973 341 342
f 321 1912 1973
f 1910 277 275
f 509 1973 514
f 1486 1507 1527
f 1974 1874 804
f 1977 1976 1974
f 1980 448 1966
f 379 1 2
f 1718 1715 1710
f 884 995 992
f 1680 1684 1678
f 902 990 525
f 344 255 256
f 135 138 137
f 448 446 1967
f 589 605 604
f 910 909 908
f 1981 1966 1968
f 1982 1981 1987
f 1988 1979 1987
f 1990 1988 1989
f 1991 1989 1993
f 322 321 320
f 992 828 830
f 1144 1076 1086
f 1995 1977 1978
f 1133 1129 1118
f 1997 1995 1994
f 870 1823 1335
f 805 806 1982
f 727 184 2000
f 1996 1994 1988
f 1994 1978 1979
f 1829 616 792
f 1830 1073 941
f 798 803 800
f 729 732 731
f 2011 2012 2023
f 1834 1835 846
f 402 283 284
f 2022 2023 2024
f 1838 718 989
f 810 955 952
f 1823 1839 1840
f 1430 1426 1432
f 1215 844 1841
f 1316 1208 873
f 2112 1401 1384
f 1842 1843 1844
f 1159 846 845
f 837 27 1846
f 1971 1951 2030
f 517 369 370
f 1471 2026 2027
f 3551 3525 626
f 2174 2175 770
f 935 934 1854
f 1613 1619 1611
f 1231 1228 1225
f 1856 1857 891
f 1300 1309 748
f 1150 1149 1858
f 1643 606 696
f 1215 1265 1264
f 1320 1860 902
f 1956 1943 1944
f 2031 668 669
f 2034 1325 1310
f 1879 1880 1656
f 40 245 242
f 1992 1993 2039
f 888 958 957
f 1882 1889 1996
f 1078 1138 1255
f 1871 912 1192
f 294 411 218
f 1323 2041 2026
f 123 1960 83
f 1324 2036 2041
f 384 358 359
f 1324 1325 2038
f 1883 1884 1885
f 287 1540 114
f 1096 1886 1134
f 915 1329 931
f 806 1980 1981
f 3533 3529 584
f 1425 2030 2042
f 1018 2042 1948
f 3562 1896 740
f 1948 2042 649
f 1881 1882 1990
f 1900 129 130
f 992 995 994
f 923 927 925
f 3878 2045 2047
f 1643 2048 625
f 2050 2052 2051
f 2045 1405 1404
f 3876 2047 945
f 1139 1080 1079
f 1037 1856 892
f 2055 2053 2057
f 1198 989 718
f 1619 2058 1612
f 2058 1605 1606
f 2059 2060 1607
f 2058 1619 1624
f 71 72 179
f 405 406 1557
f 322 1548 1972
f 2061 2052 2063
f 2066 2065 2067
f 2052 2061 2064
f 1609 1610 2066
f 1515 151 152
f 1009 827 993
f 1644 3843 3815
f 279 1915 1916
f 1285 3863 3862
f 1647 2066 1825
f 2056 2057 2067
f 319 320 1953
f 667 666 1913
f 2070 631 625
f 2052 2050 2055
f 2038 1654 1655
f 1606 1601 2073
f 1235 1917 1270
f 2072 2073 2075
f 2059 1606 2072
f 2074 2075 2077
f 1601 1602 2078
f 2049 2048 1643
f 1000 1004 1001
f 1089 943 684
f 1931 1286 1306
f 1462 1459 1021
f 1932 1933 1934
f 875 874 1846
f 1936 1051 1937
f 44 45 46
f 1534 1955 1956
f 1541 318 317
f 2081 2082 2084
f 146 1945 1959
f 1360 1941 1942
f 985 984 1032
f 1995 1997 1892
f 2079 2080 2082
f 2095 2096 2076
f 2081 2093 2078
f 2055 2050 2054
f 501 2096 2095
f 2097 2100 2099
f 2098 2099 2094
f 2140 2141 3893
f 2141 2046 3894
f 2051 2070 2048
f 592 2102 2101
f 2071 2064 2076
f 2102 2097 2098
f 593 2103 2102
f 1019 1895 746
f 1950 11 12
f 725 2071 2096
f 1385 2105 2104
f 1379 2104 2106
f 2107 2108 2100
f 3908 726 502
f 3896 502 499
f 940 1389 2109
f 928 929 1170
f 3868 590 684
f 1962 1963 1964
f 3878 680 573
f 2039 1993 1968
f 1389 1390 2110
f 1398 2111 2113
f 3757 3755 3753
f 3911 3883 2107
f 949 923 924
f 260 241 324
f 1390 1397 2113
f 2070 2051 2064
f 3867 3911 2103
f 2105 1385 1421
f 2114 1421 1423
f 3892 2114 2115
f 3908 2105 2114
f 554 2116 1902
f 972 1163 967
f 1765 1593 1573
f 1984 1985 1986
f 2053 2117 2069
f 3573 3556 724
f 1625 1677 1674
f 3881 3888 2119
f 3903 2115 2123
f 56 1954 1906
f 626 3877 3879
f 2001 2002 2003
f 3912 3841 2127
f 2006 2007 2008
f 2127 1413 1412
f 2014 2015 2016
f 2018 2019 2020
f 1495 1424 1947
f 1379 1377 1386
f 3814 3811 1680
f 2029 1885 1884
f 3902 2128 2120
f 629 3879 3914
f 682 683 943
f 724 1650 2121
f 1757 1819 3821
f 765 1810 3844
f 3851 714 715
f 706 707 3870
f 981 986 987
f 1457 1868 1656
f 2017 2016 2032
f 1458 1655 1868
f 1776 1777 1792
f 1959 1945 1946
f 3663 3715 3725
f 3913 3881 2122
f 1093 1089 689
f 966 965 968
f 3852 715 3881
f 2172 3577 2170
f 670 2138 2137
f 3761 787 1903
f 1429 19 28
f 964 963 978
f 3841 3813 1413
f 1473 1474 669
f 3834 3833 1359
f 2138 798 1870
f 1872 1473 2137
f 715 716 3888
f 1881 1991 1992
f 3843 3842 739
f 1837 1847 3513
f 253 58 59
f 1808 3837 3840
f 1647 3832 3818
f 3865 3866 671
f 2112 3882 3883
f 1405 2045 2044
f 3829 3824 1364
f 273 1541 391
f 576 632 3520
f 3875 3865 668
f 1430 1431 2140
f 2136 3850 3860
f 1430 2139 18
f 3893 3894 570
f 1442 1439 2046
f 1431 1442 2141
f 3869 3913 3850
f 3808 3823 1817
f 3866 3893 695
f 2142 2025 798
f 571 2143 2142
f 3819 3814 1618
f 2143 2022 2025
f 694 2142 2138
f 681 1572 2144
f 2144 2011 2022
f 328 210 457
f 1572 2010 2011
f 630 3892 3903
f 2085 2086 2087
f 2090 2091 2092
f 572 2144 2143
f 1875 1976 2153
f 1873 1875 2149
f 2103 2107 2097
f 2157 2043 2155
f 2128 1412 1414
f 3874 3871 589
f 3872 3870 628
f 2149 2153 2158
f 2159 2158 3905
f 698 3907 3902
f 3823 3847 3827
f 2158 2156 3874
f 1438 2044 2046
f 2035 2154 2160
f 2161 2160 3889
f 3871 3891 605
f 3873 17 18
f 370 29 61
f 649 1951 413
f 2153 2157 2156
f 1428 1429 1449
f 1490 76 73
f 3890 3905 710
f 2155 1891 3891
f 1456 1457 1880
f 2125 2088 2087
f 2160 2159 3890
f 300 1959 505
f 1064 1062 1046
f 2043 1892 1891
f 2129 2130 2004
f 2131 2132 2133
f 3848 3849 1450
f 1998 1975 804
f 3879 673 3864
f 474 492 490
f 1164 1165 1182
f 707 2162 3909
f 708 1472 2162
f 2162 2161 3886
f 548 549 1905
f 1145 1136 1114
f 705 2121 1650
f 2043 2157 1977
f 737 738 554
f 1034 1195 1191
f 458 1905 1907
f 195 196 232
f 2040 2039 1969
f 2145 2146 2147
f 2054 2050 2049
f 3832 1646 1639
f 9 12 11
f 252 364 506
f 472 478 479
f 1865 3924 3791
f 900 903 910
f 1941 2150 2151
f 1921 1928 1927
f 2163 1897 1898
f 271 156 153
f 1904 1326 12
f 282 263 264
f 1872 1873 2154
f 1326 1904 1897
f 628 692 693
f 1724 1722 1719
f 1549 1562 436
f 1582 1583 1730
f 1921 1920 1929
f 3563 3511 10
f 2152 2037 1950
f 475 772 774
f 769 2172 2171
f 2171 2165 476
f 476 773 772
f 1791 565 464
f 2166 2167 2168
f 595 371 372
f 483 1809 1641
f 762 2174 2173
f 771 483 484
f 486 487 1809
f 297 1549 1517
f 763 2175 2174
f 776 755 759
f 184 185 2176
f 412 447 303
f 2005 2176 185
f 3811 1681 1682
f 2164 2170 756
f 1472 2035 2161
f 950 951 964
f 2177 2178 2179
f 227 226 1510
f 2182 2183 2184
f 2186 2019 2018
f 1985 2182 2181
f 214 736 729
f 865 849 842
f 849 865 1357
f 559 3187 3188
f 16 13 737
f 560 553 498
f 3193 3196 3195
f 3200 3197 3198
f 3211 3214 3213
f 3215 3218 3217
f 2187 2188 2002
f 2169 2168 2189
f 2192 2086 2085
f 2193 2194 2195
f 2198 2199 2200
f 1998 1982 1979
f 3664 3665 3668
f 2116 1898 1903
f 1859 2006 2009
f 3904 2123 2126
f 1135 1148 1087
f 2201 2202 2015
f 1149 111 110
f 3221 3222 3218
f 2203 2204 2205
f 579 580 1895
f 1755 2207 2208
f 3891 3910 1893
f 1211 2151 2150
f 868 997 2210
f 944 945 930
f 2130 2129 2202
f 233 1903 1898
f 665 751 750
f 1167 1254 999
f 2211 2212 2213
f 2215 2216 2217
f 3867 593 590
f 2220 221 220
f 823 824 948
f 3225 3220 3227
f 266 204 455
f 3882 2108 2107
f 2221 2222 3519
f 2223 2224 2225
f 2207 2125 2124
f 673 674 3869
f 817 1000 996
f 2227 2228 2146
f 1947 1948 646
f 3900 2135 17
f 2229 1635 1638
f 1679 1613 1618
f 1637 2231 2232
f 2233 2234 1617
f 2231 2235 2236
f 1381 1638 2238
f 3586 2241 2242
f 1630 2234 2233
f 1681 1626 472
f 1408 1407 2243
f 3236 3239 3238
f 3232 3241 3240
f 1637 2230 2238
f 3237 3238 3233
f 1409 1408 1634
f 1380 1383 2247
f 1628 2248 2245
f 2249 1623 1622
f 1632 1634 1408
f 2248 1628 1631
f 2235 2231 1637
f 3245 3246 3199
f 631 2070 2071
f 515 167 52
f 782 781 2251
f 2253 2254 2255
f 397 281 459
f 1456 2039 2040
f 2040 2041 2036
f 1401 2112 2111
f 2041 2040 1970
f 1535 121 414
f 1586 1587 2080
f 2256 983 1132
f 1700 1699 3918
f 3815 1896 1686
f 1263 2256 1886
f 598 1841 844
f 2257 2258 2259
f 2258 2261 2262
f 2259 2262 2263
f 2260 2259 2216
f 1967 1971 1970
f 2212 1964 1963
f 922 921 2218
f 1312 1098 1101
f 1307 1306 1286
f 1548 1569 1546
f 2266 2267 2268
f 2265 2268 2270
f 2272 2265 2269
f 2273 2266 2265
f 2275 2276 2277
f 2278 2274 2277
f 2284 2285 3617
f 2287 2283 2286
f 2288 2289 2283
f 2290 2284 3639
f 2291 2292 2293
f 2295 2291 2294
f 2296 2297 2291
f 2297 2298 2292
f 2294 2293 2299
f 2279 2294 2300
f 2298 2301 2302
f 2292 2302 2303
f 2293 2303 2304
f 2304 2305 2306
f 2308 2309 2310
f 2302 2307 2310
f 2301 2311 2307
f 2312 2308 2307
f 2313 2314 2315
f 2318 2319 2320
f 3748 3771 2322
f 2324 2325 2273
f 2313 2324 2326
f 2328 2324 2313
f 2329 2325 2324
f 2331 2332 2333
f 2330 2333 2267
f 2325 2330 2266
f 2329 2331 2330
f 2333 2334 2335
f 2336 2334 2333
f 2338 2336 2332
f 2331 2339 2337
f 2329 2340 2339
f 2328 2341 2340
f 2316 2342 2341
f 2342 2316 2315
f 2344 2345 2346
f 2341 2344 2347
f 2342 2348 2344
f 2348 2349 2345
f 2350 2351 2352
f 2339 2350 2353
f 2340 2347 2350
f 2347 2346 2351
f 2337 2353 2354
f 2353 2352 2355
f 2356 2277 2276
f 2356 2357 2358
f 2356 2359 2296
f 2279 2277 2356
f 2360 2361 2270
f 2267 2335 2360
f 2362 2363 2364
f 2362 2365 2361
f 2366 2362 2358
f 2366 2367 2363
f 2357 2276 2368
f 2366 2368 2369
f 2276 2275 2370
f 2368 2370 2282
f 2372 2373 2374
f 2375 2376 2377
f 2378 2379 2380
f 2382 2378 2381
f 2384 2385 2378
f 2385 2386 2379
f 2388 2389 2390
f 2387 2390 2392
f 2393 2394 2387
f 2394 2395 2388
f 2186 2401 2402
f 2403 2404 2327
f 2272 2403 2326
f 2271 2405 2403
f 2405 2406 2404
f 2404 2407 2408
f 2409 2410 2411
f 2409 2412 2271
f 2413 2409 2269
f 2413 2414 2410
f 2417 2415 2416
f 2417 2418 2406
f 2412 2417 2405
f 2411 2415 2417
f 2406 2419 2407
f 3569 3520 632
f 2420 2398 2397
f 2420 2421 2423
f 2424 2420 2422
f 2424 2399 2398
f 2425 2391 2392
f 2421 2425 2426
f 2397 2396 2425
f 2396 2393 2391
f 2427 2314 2408
f 2430 2427 2428
f 2343 2315 2427
f 2432 2343 2430
f 2431 2430 2429
f 2435 2431 2433
f 2436 2432 2431
f 2428 2408 2407
f 2422 2437 2407
f 2438 2437 2422
f 2429 2428 2437
f 2440 2434 2433
f 2441 2439 2433
f 2442 2443 2439
f 2443 2444 2440
f 2445 2446 2444
f 2447 2445 2443
f 2383 2381 2445
f 2381 2380 2446
f 2448 2438 2423
f 2449 2448 2426
f 2441 2448 2449
f 2441 2429 2438
f 2449 2392 2390
f 2450 2390 2389
f 2447 2450 2451
f 2442 2449 2450
f 2451 2389 2453
f 2452 2453 2455
f 2382 2452 2454
f 2383 2451 2452
f 2456 2457 2373
f 2459 2460 2461
f 2463 2464 2465
f 2462 2465 2285
f 2466 2462 2284
f 2467 2463 2462
f 2461 2460 3703
f 2468 2469 2470
f 2472 2468 2471
f 2474 2461 3701
f 2475 2476 2477
f 2458 2455 2453
f 2479 2453 2389
f 2395 2480 2479
f 2480 2459 2458
f 2481 2482 2483
f 2484 113 2485
f 2471 2470 2464
f 2473 2471 2463
f 2487 2467 2466
f 2486 2466 2290
f 2490 2486 2488
f 2491 2487 2486
f 2492 2473 2467
f 2493 2492 2487
f 2494 2495 2492
f 2495 2472 2473
f 3690 2496 2474
f 3691 2497 2496
f 2498 2494 2493
f 2500 2498 2499
f 3700 3687 2498
f 3687 3691 2494
f 2306 2504 2278
f 2305 2505 2504
f 2504 2505 2507
f 2506 2507 2288
f 2274 2506 2508
f 2278 2504 2506
f 3633 3632 2489
f 3620 3633 2488
f 2507 2509 2289
f 2505 2510 2509
f 2508 2288 2287
f 2511 2287 2281
f 2370 2511 2280
f 2275 2508 2511
f 2512 2490 2489
f 2514 2512 2513
f 2517 2512 2514
f 2517 2491 2490
f 2499 2493 2491
f 2499 2517 2516
f 2510 2505 2519
f 2518 2519 2521
f 3616 2518 2520
f 3632 2510 2518
f 2522 2304 2303
f 2523 2522 2310
f 2305 2304 2522
f 2524 2522 2523
f 2519 2524 2525
f 2505 2305 2524
f 2308 2312 2527
f 2526 2527 2529
f 2531 2526 2528
f 2309 2308 2526
f 1214 2532 2151
f 2419 2406 2418
f 2533 2345 2349
f 2534 2533 2317
f 2535 2536 2533
f 2536 2346 2345
f 2537 2351 2346
f 2538 2537 2536
f 2539 2540 2537
f 2540 2352 2351
f 2312 2355 2541
f 2527 2541 2542
f 2543 2435 2434
f 2545 2543 2544
f 2319 2318 2543
f 2318 2436 2435
f 2514 2515 2548
f 2547 2548 2550
f 2552 2547 2549
f 2552 2516 2514
f 2520 2521 2554
f 2553 2554 2556
f 3590 2553 2555
f 3621 2520 2553
f 2523 2309 2531
f 2557 2531 2530
f 2525 2523 2557
f 2559 2557 2558
f 2554 2559 2560
f 2521 2525 2559
f 2561 2375 2007
f 2376 2562 2225
f 2564 2565 2566
f 2563 2566 338
f 2569 2563 2567
f 2570 2564 2563
f 2572 2573 2574
f 2571 2574 2576
f 2544 2571 2575
f 2544 2434 2572
f 2578 2570 2569
f 2579 2577 2569
f 2574 2577 2579
f 2573 2578 2577
f 2581 2582 2583
f 2584 2580 2583
f 3697 3675 2580
f 3676 2581 2580
f 2582 2516 2552
f 2583 2552 2551
f 2500 2501 2589
f 2590 2588 2589
f 3693 3695 2588
f 3695 3700 2500
f 2501 2516 2591
f 2592 2593 2594
f 2386 2385 2503
f 2596 2379 2386
f 2596 2374 2373
f 2599 2596 2597
f 2599 2380 2379
f 2600 2446 2380
f 2600 2599 2598
f 2603 2600 2601
f 2603 2444 2446
f 2604 2603 2602
f 2440 2604 2605
f 2444 2603 2604
f 2606 2582 2581
f 2606 2607 2590
f 2591 2516 2582
f 3676 2587 2456
f 3689 2456 2372
f 2478 2477 2608
f 2609 2610 2611
f 2564 2570 2613
f 2612 2613 2598
f 2457 2612 2597
f 2565 2564 2612
f 2614 2613 2570
f 2615 2614 2578
f 2602 2601 2614
f 2601 2598 2613
f 2572 2434 2605
f 2616 2605 2602
f 2573 2572 2616
f 1459 1016 1045
f 1265 1215 1079
f 1612 1608 1609
f 2067 2057 2069
f 1135 1109 1136
f 1938 1937 2618
f 95 548 458
f 2058 1607 1608
f 1454 1469 1445
f 655 2620 1048
f 722 1049 2621
f 1131 985 1033
f 562 1481 366
f 1723 1719 1725
f 1786 1123 1122
f 267 300 323
f 1325 2034 1654
f 1468 1165 1435
f 658 657 529
f 8 532 247
f 382 1557 1559
f 788 619 1307
f 940 930 929
f 911 2622 2623
f 2621 2620 655
f 2624 1857 2625
f 998 1846 27
f 635 638 2626
f 2627 641 644
f 2628 2627 1840
f 1200 1199 2627
f 1199 1773 641
f 1520 515 49
f 1452 1350 1349
f 2630 2631 1859
f 644 643 1335
f 1197 1198 717
f 2632 717 719
f 2628 2632 1166
f 2629 1197 2632
f 1762 2633 1050
f 1823 870 873
f 2634 2635 794
f 1042 794 2635
f 93 94 1901
f 2036 2038 1458
f 1527 332 1525
f 877 876 1274
f 134 409 797
f 1328 893 931
f 607 777 1091
f 1043 2635 2637
f 2636 2637 2639
f 1275 2636 2638
f 1275 1040 1043
f 1272 2624 2626
f 2640 2626 638
f 1110 2641 2640
f 536 1272 2640
f 1472 708 1474
f 2042 2030 1951
f 1058 1106 1105
f 2642 2623 2643
f 1192 2642 2644
f 912 2623 2642
f 3898 1657 3526
f 1049 1048 2620
f 616 1829 1885
f 1331 1913 666
f 990 989 1198
f 1911 1912 321
f 1298 1282 1205
f 76 1490 1504
f 1502 1500 421
f 610 609 658
f 1146 937 659
f 2646 911 914
f 1280 1239 1238
f 1453 1454 1452
f 835 942 1843
f 1271 1270 1173
f 1893 1878 1826
f 1050 2633 1937
f 2651 2652 814
f 1006 1053 1281
f 2653 1084 2654
f 1001 1004 1003
f 585 997 679
f 2624 1272 621
f 555 678 2028
f 1207 526 1197
f 1626 1627 478
f 426 389 419
f 1030 1193 1773
f 3898 645 634
f 534 1533 138
f 1125 1092 1042
f 333 228 88
f 569 1570 561
f 1489 2656 871
f 1857 2624 620
f 1673 1674 3770
f 622 861 864
f 619 788 891
f 261 544 545
f 393 1555 1556
f 2658 2659 2647
f 1075 2658 2657
f 1081 1080 2658
f 1080 1139 2659
f 2644 2643 1141
f 2660 1141 1140
f 642 2660 1336
f 1193 2644 2660
f 679 678 555
f 1503 1501 1500
f 1318 1317 1101
f 2661 2659 1139
f 2661 1142 2663
f 2662 2647 2659
f 2662 2663 2622
f 2664 2622 911
f 2648 2664 2646
f 2648 2647 2662
f 2083 2094 2093
f 1442 1440 1437
f 519 329 330
f 1885 2029 1209
f 799 800 805
f 1946 1943 1952
f 1302 1301 1253
f 566 2005 224
f 1389 940 928
f 683 682 681
f 836 835 1842
f 2665 1842 1845
f 2666 2665 1303
f 24 836 2665
f 831 1072 2650
f 1845 1844 1304
f 2010 2013 2012
f 1051 1936 2667
f 1522 1521 1511
f 531 440 441
f 1250 635 2625
f 2669 2625 1857
f 783 2669 1856
f 782 1250 2669
f 720 2670 2671
f 1055 1931 1930
f 1333 1067 1251
f 619 622 1308
f 652 655 2619
f 521 522 1539
f 1838 988 537
f 2672 537 536
f 1113 2672 2641
f 1113 527 1838
f 1016 1013 1351
f 3897 573 570
f 226 227 104
f 3564 3669 3827
f 1036 1037 1884
f 2674 1301 1304
f 2673 1304 1844
f 1334 2673 2675
f 1333 2674 2673
f 2676 702 1039
f 1843 2676 2675
f 942 1074 2676
f 1074 699 702
f 752 1057 1055
f 1200 1166 656
f 1120 1846 874
f 2677 874 877
f 1241 2677 1052
f 1119 1120 2677
f 1560 1513 151
f 1208 1316 611
f 215 735 736
f 1460 1459 1462
f 1208 1207 1839
f 854 856 1282
f 72 445 182
f 544 1563 1565
f 217 200 456
f 2047 1404 930
f 1204 2618 1937
f 913 777 686
f 840 527 1113
f 1531 729 730
f 2678 778 1283
f 601 667 1914
f 1537 1538 459
f 1819 1757 3509
f 991 1860 862
f 2679 711 1073
f 2680 1830 983
f 779 2680 2256
f 778 2678 2680
f 2678 2679 1830
f 180 542 245
f 1886 1132 1131
f 1138 1137 1274
f 1841 598 1140
f 75 313 314
f 193 423 420
f 2681 2682 1099
f 170 1567 1565
f 349 416 417
f 1121 1124 2684
f 547 797 409
f 123 122 121
f 2643 2663 1142
f 1542 1544 513
f 899 900 907
f 1210 677 676
f 791 663 982
f 24 27 837
f 893 896 932
f 1860 1320 863
f 535 538 862
f 1569 1548 1547
f 181 455 542
f 660 659 937
f 2013 567 568
f 887 890 2631
f 1524 1508 361
f 520 161 162
f 2653 855 854
f 1238 1237 2655
f 718 1838 527
f 1492 1493 518
f 792 616 615
f 599 846 1835
f 290 457 456
f 312 171 1552
f 1248 2687 1179
f 153 149 177
f 1240 1181 1222
f 1257 1292 1235
f 1291 1084 1083
f 1052 877 1277
f 743 742 2618
f 444 140 430
f 23 1224 1172
f 2687 2654 1180
f 102 103 409
f 1283 607 610
f 373 497 650
f 1180 2654 1084
f 855 2653 2655
f 1173 1270 1917
f 2689 850 853
f 2688 853 1108
f 2686 2688 1279
f 2687 2689 2688
f 2691 1302 1252
f 2690 1252 850
f 1248 2690 2689
f 1248 1247 2691
f 2692 617 24
f 2691 2692 2666
f 1247 1258 2692
f 1258 1168 617
f 394 1554 1555
f 2693 1260 1259
f 1072 1236 1262
f 1257 1071 1168
f 398 439 1555
f 871 1784 1314
f 1178 1232 1249
f 1224 1289 1173
f 1010 2617 2618
f 1175 1174 1292
f 2654 2687 2686
f 2694 1157 1216
f 71 418 1487
f 701 1112 1111
f 1072 1261 2649
f 1085 2695 22
f 895 2694 1264
f 1601 1606 1605
f 1259 1262 1271
f 21 20 1220
f 988 991 538
f 598 597 1336
f 1050 860 818
f 1298 2645 1761
f 1168 1167 618
f 858 1168 1256
f 39 242 516
f 2652 1761 819
f 313 316 315
f 2026 1970 1971
f 2656 1489 596
f 814 819 818
f 2696 2651 813
f 1260 2696 2649
f 2693 2697 2696
f 2697 1296 2651
f 381 355 390
f 3818 3819 1611
f 1475 1427 1428
f 1292 1174 1917
f 1551 353 354
f 1526 1525 1523
f 1593 1589 1595
f 1232 1269 1246
f 2695 2693 1223
f 2698 1297 1296
f 2698 2697 2693
f 2685 2698 2695
f 2685 854 1297
f 562 1497 271
f 2652 2651 1296
f 1365 1366 1364
f 1958 1946 1953
f 585 588 2210
f 1561 1560 1515
f 975 2648 1146
f 347 67 68
f 1038 1111 636
f 2700 781 780
f 2699 780 1036
f 2701 2699 1883
f 851 2700 2699
f 2674 1333 2251
f 2702 2251 781
f 1253 2702 2700
f 1301 2674 2702
f 1519 387 388
f 1273 1239 1280
f 2703 1280 1107
f 2701 2703 852
f 1829 1273 2703
f 91 260 326
f 1784 871 2656
f 2683 2684 2705
f 604 1894 3499
f 1669 3534 3548
f 2062 2063 2060
f 621 535 861
f 2023 731 732
f 686 779 1263
f 857 1051 2668
f 883 830 882
f 637 636 1111
f 2668 894 893
f 2667 921 894
f 1039 1038 1068
f 313 75 1504
f 1911 1972 305
f 1936 2706 1964
f 2707 2402 2401
f 2708 2707 2183
f 738 2163 2116
f 2349 2348 2432
f 2711 2712 2020
f 2400 2711 2019
f 2714 2715 2716
f 2717 2718 2719
f 2721 2722 2723
f 2726 2727 2728
f 2725 2728 2730
f 2731 2725 2729
f 2732 2726 2725
f 2734 2735 2736
f 2738 2739 2740
f 2737 2740 2741
f 2744 2745 2746
f 2745 2744 2748
f 2749 2750 2747
f 2753 2749 2751
f 2250 1380 2246
f 2754 1396 1614
f 3598 2754 2755
f 3608 2745 2747
f 1617 2756 2755
f 2242 2758 1620
f 2191 2085 2760
f 2761 2759 2760
f 3648 2759 2761
f 3623 2191 2759
f 3209 3248 3223
f 1395 1394 2236
f 1395 2235 1636
f 1616 1635 2229
f 1617 2234 2763
f 2756 2763 3628
f 2765 2763 2234
f 2766 2764 3628
f 3202 3199 3246
f 1516 437 435
f 2768 2769 3552
f 1495 541 578
f 2135 2136 28
f 3526 3540 2773
f 1690 1689 3926
f 2778 2779 2780
f 2777 2780 2781
f 2784 2778 2777
f 3555 3521 575
f 1494 1904 9
f 3529 2016 2015
f 451 61 505
f 2786 2787 2788
f 2779 2786 2785
f 2789 2752 2741
f 2790 2753 2752
f 2792 2793 2794
f 2793 2795 2796
f 2796 2797 2750
f 2794 2796 2749
f 2798 1393 1396
f 3591 2798 2754
f 2798 2799 2800
f 3591 3662 2799
f 2797 2796 2795
f 2791 2794 2753
f 216 233 232
f 3804 2806 2807
f 3805 2809 2804
f 2769 2810 3557
f 183 185 184
f 2811 2812 2775
f 2804 2811 2776
f 2809 2813 2811
f 2812 2811 2813
f 3805 2808 2816
f 3796 2818 2815
f 3798 3800 2820
f 3793 2823 2819
f 2824 2736 2735
f 2823 2825 2824
f 2825 2823 2826
f 3793 2822 2827
f 3796 2817 2826
f 2713 2716 2829
f 2828 2829 2831
f 2822 2821 2828
f 2821 2820 2713
f 2832 2827 2822
f 2833 2832 2830
f 2834 2835 2832
f 2835 2818 2827
f 2837 2838 2839
f 2836 2839 2841
f 2842 2836 2840
f 2843 2837 2836
f 2840 2841 2845
f 2718 2844 2845
f 2730 2728 2844
f 2727 2840 2844
f 2846 2845 2841
f 2829 2846 2847
f 2847 2841 2839
f 2848 2839 2838
f 2833 2848 2849
f 2831 2847 2848
f 2850 2814 2851
f 2853 2850 2852
f 2783 2777 2782
f 2785 2788 2853
f 2780 2785 2856
f 2857 2858 2855
f 2859 2857 2782
f 2861 2843 2842
f 2860 2842 2727
f 2862 2860 2726
f 2863 2861 2860
f 2861 2863 2858
f 2843 2861 2857
f 2856 2853 2854
f 2781 2856 2864
f 2837 2843 2859
f 2838 2837 2864
f 2852 2851 2834
f 2854 2852 2849
f 2865 2815 2818
f 2851 2865 2835
f 2813 2809 2815
f 2814 2813 2865
f 2866 2812 2814
f 2788 2866 2850
f 2866 2788 2787
f 2812 2866 2867
f 1892 1889 1890
f 2720 2719 2846
f 298 299 256
f 2872 2714 2713
f 3794 3800 2735
f 2729 2730 2874
f 2846 2716 2715
f 2876 2877 2878
f 2733 2875 2878
f 3806 3807 2879
f 3806 2880 2872
f 2882 2883 2884
f 2881 2884 2715
f 2880 2881 2714
f 2879 2882 2881
f 2885 2886 2887
f 2888 2889 2890
f 2885 2890 2892
f 2893 2886 2885
f 1942 2151 2532
f 2895 2892 2720
f 2884 2895 2870
f 2883 2896 2895
f 2896 2891 2892
f 2889 2874 2717
f 2890 2717 2720
f 2897 2893 2891
f 2898 2897 2896
f 2899 2898 2883
f 2900 2899 2882
f 3797 2900 2879
f 2876 2902 2901
f 2901 2902 2904
f 1785 2656 1835
f 2905 2906 2899
f 2907 2908 2897
f 3797 2901 2903
f 632 576 577
f 3532 3547 2867
f 434 385 550
f 2768 2770 3640
f 2910 2911 1623
f 2241 2912 2758
f 3640 2770 2913
f 1623 2911 2757
f 3587 2242 2757
f 2229 1381 1380
f 2765 1630 1629
f 2915 2914 1629
f 3642 3641 2914
f 3641 3622 2765
f 2919 2916 3642
f 2918 2915 2912
f 3614 2918 2241
f 3618 2919 3613
f 3541 2177 2180
f 3521 2002 2188
f 3705 3573 714
f 2925 2766 2917
f 2924 2917 2916
f 3610 2924 2919
f 3611 2925 2924
f 2926 2927 2766
f 3658 2926 2925
f 1715 1713 1705
f 785 497 498
f 1387 651 565
f 374 375 1899
f 3573 2203 2206
f 2929 2930 2886
f 2932 2933 2934
f 1905 1906 1908
f 2930 2935 2936
f 2938 2935 2930
f 1493 369 517
f 1603 1585 1586
f 2939 2938 2929
f 2940 2939 2908
f 3665 1707 1600
f 2886 2930 2937
f 2906 2907 2898
f 2908 2929 2893
f 2942 2934 2933
f 2941 2933 2937
f 3501 2941 2936
f 3498 2942 2941
f 2943 2944 2710
f 2943 2873 2874
f 2945 2943 2889
f 2946 2944 2943
f 2932 2945 2888
f 2931 2946 2945
f 727 1928 1929
f 2903 2904 2947
f 545 594 42
f 1480 1570 533
f 2907 2906 2949
f 2906 2905 2950
f 1558 452 215
f 3799 2903 2948
f 2054 1645 1644
f 3705 3684 2203
f 1828 1837 1849
f 2953 2954 2955
f 2952 2955 2957
f 2956 2261 2258
f 2953 2952 2258
f 2454 2455 2474
f 3747 2958 2959
f 3747 2132 2131
f 2961 2962 2963
f 2958 2963 2964
f 222 221 2485
f 2477 2226 2966
f 2631 2561 2006
f 2384 2454 2496
f 2967 2968 2959
f 2968 2967 2970
f 3759 2033 2971
f 3784 2971 2960
f 2972 2971 2033
f 2007 2377 2973
f 3560 3559 2134
f 1836 1833 1832
f 3506 2188 2090
f 955 810 959
f 672 675 674
f 633 710 713
f 2024 732 733
f 2025 2024 803
f 425 1552 1550
f 2975 2976 888
f 1319 1158 1157
f 1212 1935 2977
f 889 957 2228
f 1978 1974 1975
f 1138 1078 1329
f 751 665 2979
f 1619 1613 1625
f 2252 2255 1728
f 1157 1160 845
f 2706 1936 1938
f 2980 2255 2254
f 2982 2975 887
f 802 712 711
f 678 677 2029
f 527 840 690
f 1839 1207 2629
f 2983 2984 602
f 2983 1914 1913
f 2985 2983 1331
f 2986 2984 2983
f 2987 2637 2635
f 2985 2988 2639
f 2990 1319 1318
f 2991 2992 2993
f 2995 2991 2994
f 1106 1058 2991
f 1058 1057 2992
f 1415 1406 1365
f 1317 922 2217
f 1932 1728 2255
f 926 2998 2999
f 3001 2993 2992
f 3000 2992 1057
f 2999 3000 2978
f 2998 3001 3000
f 3002 2998 2209
f 3002 3003 2996
f 2993 3001 3002
f 1103 1106 2995
f 3004 2995 2996
f 2209 2210 3004
f 588 1103 3004
f 295 296 433
f 2638 2639 2988
f 3005 2988 1056
f 1305 3005 1930
f 1276 2638 3005
f 1987 1968 1993
f 2633 1762 1761
f 1423 1422 1417
f 3561 3517 739
f 2671 2670 2704
f 1473 1872 2035
f 922 1317 2694
f 1401 1400 1378
f 556 2028 1884
f 842 848 3825
f 1854 2706 2617
f 933 1082 1081
f 1440 1441 1436
f 529 657 719
f 1031 1025 1027
f 777 913 912
f 2645 1205 1204
f 441 438 1538
f 790 1287 587
f 2065 2066 1610
f 1860 991 990
f 60 106 87
f 1424 1017 1948
f 332 1527 1507
f 261 262 138
f 187 188 449
f 1719 1720 1726
f 1931 1055 1059
f 3006 1059 1105
f 1287 3006 1104
f 1286 1931 3006
f 3007 3008 3009
f 3009 3008 653
f 618 999 26
f 2029 677 1210
f 957 601 600
f 1049 2146 2228
f 2631 890 3011
f 890 889 2227
f 3011 2227 2145
f 2561 3011 3012
f 1026 656 609
f 2706 1854 1961
f 3013 2965 2485
f 2148 2147 1267
f 3015 1267 1266
f 2997 2264 1101
f 642 641 1773
f 186 477 461
f 1041 1040 1320
f 1121 3016 3017
f 2984 2986 2987
f 3018 2987 2634
f 1048 603 3018
f 603 602 2984
f 2679 2678 801
f 2062 2072 2074
f 2061 2074 2076
f 414 303 1545
f 3016 1121 2683
f 3019 2683 2704
f 3020 3019 2670
f 3007 3016 3019
f 1871 1090 1091
f 3021 1787 1122
f 3022 3021 3017
f 1314 3021 3022
f 1784 1787 3021
f 1316 1315 1763
f 3023 3022 3010
f 3023 3009 795
f 1763 3023 1092
f 1315 3022 3023
f 3016 3007 3010
f 752 751 2978
f 2986 2639 2637
f 3024 654 653
f 3020 3024 3008
f 720 723 3024
f 723 2621 654
f 2681 1098 1268
f 2671 3025 1268
f 2705 2681 3025
f 1313 3026 3027
f 3026 3028 3029
f 3027 3029 3030
f 1311 3027 3031
f 2012 568 731
f 917 2657 974
f 743 1206 856
f 1888 2027 2030
f 2682 2705 2684
f 3032 2684 1124
f 1100 3032 2989
f 1099 2682 3032
f 1123 2990 2989
f 3033 1834 1159
f 2990 3033 1158
f 1123 1786 3033
f 1786 1785 1834
f 1054 1056 2988
f 2979 665 664
f 2623 2622 2663
f 1095 660 688
f 3034 3035 2261
f 3036 3034 2956
f 3037 3038 3034
f 3038 3039 3035
f 3040 3041 3026
f 2263 3042 3041
f 3042 3039 3043
f 3041 3043 3028
f 3044 3045 3043
f 3046 3047 3045
f 3047 3048 3049
f 3043 3045 3049
f 3038 3037 3051
f 3050 3051 3053
f 3052 3046 3044
f 3039 3038 3050
f 3054 3035 3039
f 3042 2263 2262
f 2261 3035 3054
f 2216 2263 2997
f 2212 2211 2667
f 3056 868 2209
f 934 3057 1961
f 2013 3755 3757
f 3058 3059 3060
f 3059 3062 3063
f 3060 3063 2213
f 3061 3060 1963
f 3063 3064 2214
f 3062 3065 3064
f 3065 2257 2260
f 3064 2260 2215
f 3066 3067 3031
f 2608 2966 3067
f 2966 2562 3068
f 3031 3067 3068
f 2455 2458 2461
f 2476 2223 2226
f 3551 2090 2089
f 3526 2774 3769
f 433 354 355
f 2115 1423 1419
f 3509 2868 2922
f 3769 3737 2131
f 3069 2611 2167
f 2971 2972 2928
f 2961 2774 2773
f 3070 2475 2478
f 2610 2609 3071
f 2502 2371 2374
f 3072 2592 2595
f 2964 3046 3052
f 3048 2593 3074
f 2593 2592 3075
f 3075 3030 3029
f 3074 3029 3028
f 3072 3076 3075
f 3076 3072 2482
f 2481 2608 3066
f 3076 3066 3030
f 2967 3052 3053
f 2482 3072 3073
f 479 480 493
f 706 3900 3873
f 3561 2194 2221
f 2013 2010 3754
f 3533 2032 2016
f 3562 3519 2222
f 1171 1154 1155
f 2586 2566 2565
f 2982 110 113
f 2562 2376 3077
f 2376 2375 3012
f 3012 2145 2148
f 3077 2148 3015
f 2963 3047 3046
f 3051 3078 2970
f 1683 2173 491
f 3850 2122 1447
f 1986 2181 3734
f 3079 3080 2546
f 3081 3079 2575
f 1983 1986 3768
f 3082 2323 2319
f 3080 3082 2545
f 3734 3732 3082
f 3732 3748 2323
f 1309 1471 1888
f 3073 2595 2772
f 2760 3083 3084
f 2760 2085 2088
f 3085 3084 3086
f 3089 3085 3090
f 3089 2762 3084
f 3092 3088 3090
f 3093 2748 2744
f 2751 2747 2748
f 3093 2741 2752
f 2742 2741 3093
f 3094 3093 2743
f 3096 3097 3098
f 3099 3096 3087
f 3097 3094 3095
f 3100 2743 2746
f 3101 2927 3102
f 2764 2766 2927
f 2745 2764 3101
f 3102 3092 3091
f 3100 3091 3095
f 2869 2802 3592
f 3102 3103 3104
f 3658 2868 2869
f 2927 2926 3103
f 3098 3095 3091
f 3087 3098 3090
f 2088 2125 3105
f 3083 3105 3086
f 2483 3073 2771
f 2401 2186 2185
f 3099 3086 3105
f 2125 2207 3106
f 3108 2737 2742
f 3107 2742 3094
f 3110 3108 3107
f 3109 3107 3097
f 3111 3109 3096
f 3112 3110 3109
f 3113 2738 2737
f 3115 2723 2722
f 3117 3115 3114
f 3119 3117 3116
f 3118 3116 3120
f 3116 3114 3113
f 3122 3112 3111
f 3122 3123 1755
f 3124 3125 3126
f 3125 3118 3121
f 3128 3119 3118
f 3129 3128 3125
f 2020 2712 3128
f 3853 3857 1346
f 1065 1046 1047
f 1814 3838 3830
f 2021 2020 3129
f 3111 3099 3106
f 3123 3106 2207
f 2377 2225 2224
f 3014 2485 113
f 1756 2208 3782
f 3131 3132 2530
f 3133 3131 2528
f 1753 1756 3767
f 3134 3124 3127
f 2327 2408 2314
f 2436 2318 2317
f 2018 2021 3711
f 2534 3136 3137
f 2320 2322 3136
f 2185 2018 3712
f 3138 3139 2542
f 3134 3135 3744
f 3785 3130 3134
f 3140 3138 2539
f 2535 3137 3140
f 3711 2021 3130
f 2558 2530 3132
f 3782 3760 3141
f 2560 2558 3141
f 3760 3777 3142
f 958 888 2976
f 1933 1932 2980
f 2399 2424 2418
f 2348 2342 2343
f 2322 2320 2319
f 2718 2717 2874
f 2709 2729 2873
f 2894 2871 1361
f 346 289 176
f 1876 1877 1882
f 2802 2803 3607
f 3104 3144 3088
f 2974 2222 3649
f 3089 3145 2761
f 3088 3144 3145
f 2803 2974 3603
f 3870 3909 692
f 2123 1419 1418
f 1365 1363 1368
f 1581 1766 1782
f 3569 2202 2129
f 3555 2003 2002
f 3146 2585 2551
f 3751 3146 3147
f 3742 3149 3146
f 3149 2584 2585
f 3196 3198 3197
f 3604 2192 2191
f 3142 3150 2556
f 3777 3778 3150
f 3646 3152 2550
f 3150 3151 2555
f 3778 3780 3151
f 3788 3781 3152
f 3153 3147 2551
f 3152 3153 2549
f 3781 3776 3153
f 3776 3750 3147
f 3148 2767 2206
f 2183 2401 2321
f 2132 2960 2928
f 3684 3685 2204
f 3719 2198 2197
f 2594 2962 2773
f 2595 2594 2951
f 1870 798 799
f 3713 2179 2178
f 3706 2178 3736
f 336 3154 3774
f 339 3155 3154
f 3789 3683 3149
f 3683 3697 2584
f 2963 2962 3048
f 3722 3730 337
f 339 338 2566
f 3156 3157 2168
f 2610 3156 2167
f 2954 2953 3156
f 3157 3156 2953
f 3707 2166 2169
f 2567 3158 3159
f 337 3158 2567
f 3730 3069 2166
f 3764 2190 1983
f 2579 3160 3081
f 2568 3159 3160
f 3709 2169 2190
f 3065 3062 3162
f 3161 3162 1984
f 3157 3161 2189
f 2257 3065 3161
f 734 735 1922
f 3059 3058 2708
f 3163 2708 2182
f 3162 3163 1985
f 3062 3059 3163
f 3203 3206 3205
f 2122 2119 1448
f 3817 1686 1685
f 139 140 444
f 1570 569 566
f 2957 3164 3165
f 2955 3166 3164
f 1912 454 341
f 3130 3129 3124
f 1548 322 319
f 1949 1950 1327
f 2969 2970 3078
f 3167 3078 3169
f 3724 2014 2017
f 3720 2017 2033
f 3168 3169 3165
f 3170 3165 3164
f 3779 3170 3171
f 3724 3168 3170
f 3171 3164 3166
f 3172 3166 3071
f 3752 3172 3173
f 3756 3171 3172
f 3169 3037 3036
f 2593 3048 2962
f 3173 3071 2609
f 3174 2609 2199
f 3783 3174 2198
f 3749 3173 3174
f 2190 2189 1984
f 2196 2195 2767
f 2119 2120 1414
f 1464 1463 1466
f 2199 2611 3069
f 2457 2456 2587
f 2226 2225 2562
f 481 478 1627
f 333 1512 235
f 3078 3051 3037
f 3040 2264 2997
f 2219 1934 1933
f 2385 2384 2497
f 221 2220 3175
f 2220 1933 3143
f 3175 3143 2976
f 2484 3175 2975
f 2954 3071 3166
f 2630 1858 110
f 1547 319 1952
f 2091 2090 2188
f 3733 3736 2178
f 1918 1919 1927
f 3563 112 111
f 955 956 960
f 2037 3014 112
f 3143 2980 2981
f 2218 2211 2214
f 672 3877 3787
f 2152 3013 3014
f 1147 1144 1143
f 2248 2246 1409
f 1615 1636 1635
f 1410 1409 2246
f 3241 3243 3242
f 1382 3176 3177
f 3177 1410 2247
f 2247 1383 3177
f 3176 2238 2230
f 1410 3177 3179
f 3179 3180 2243
f 1633 3181 2800
f 1621 1620 2758
f 1622 1621 2245
f 2236 1394 3181
f 2237 2236 3182
f 2250 1631 2233
f 2912 1629 1628
f 135 136 1564
f 1567 419 512
f 1085 1084 2653
f 3184 869 868
f 869 3184 3057
f 1266 1268 1098
f 1267 2147 722
f 937 1146 2646
f 2146 1049 722
f 2211 2218 921
f 1957 510 507
f 1313 1312 2264
f 1496 362 1493
f 2887 2937 2933
f 1687 1688 1659
f 145 1499 1498
f 37 38 418
f 1935 1934 3185
f 104 89 301
f 2101 2098 2083
f 543 298 360
f 1934 2219 3186
f 234 1521 212
f 3845 3821 1822
f 1976 1875 1874
f 223 3186 2219
f 3655 3656 3605
f 2165 2164 467
f 467 468 2165
f 773 476 2165
f 1935 1212 1728
f 3240 3225 3226
f 3261 3249 3250
f 3215 3216 3244
f 3265 3221 3215
f 3267 3245 3198
f 3205 3206 3269
f 3214 3211 3265
f 3271 3213 3214
f 3251 3252 3239
f 3222 3221 3266
f 3232 3235 3234
f 3216 3242 3243
f 3196 3193 3268
f 3244 3243 3254
f 3238 3239 3247
f 3264 3244 3255
f 3253 3242 3216
f 3211 3266 3221
f 3257 3217 3218
f 3258 3222 3272
f 3274 3275 3280
f 3228 3229 3262
f 3275 3231 3281
f 3226 3227 3273
f 3236 3263 3260
f 3281 3263 3236
f 3287 3271 3192
f 3235 3226 3280
f 3234 3280 3281
f 3288 3290 3259
f 3260 3250 3276
f 3289 3212 3278
f 3210 3209 3224
f 3199 3202 3201
f 3228 3231 3230
f 3290 3288 3285
f 3282 3279 3271
f 3260 3263 3262
f 3243 3241 3268
f 3267 3268 3241
f 3194 3207 3208
f 3191 3270 3269
f 3270 3191 3192
f 3275 3274 3230
f 3264 3269 3270
f 3252 3251 3276
f 3248 3252 3291
f 3213 3271 3279
f 3272 3266 3289
f 3277 3278 3212
f 3228 3263 3281
f 3220 3225 3253
f 3219 3253 3217
f 3256 3218 3222
f 3247 3239 3252
f 3245 3267 3232
f 3266 3211 3212
f 3208 3205 3255
f 3288 3289 3284
f 3204 3205 3208
f 560 1899 3187
f 3209 3210 3201
f 3189 3192 3191
f 448 1980 807
f 647 648 122
f 1833 1848 1780
f 510 509 508
f 3210 1949 1887
f 1887 15 3200
f 15 16 3197
f 16 3188 3195
f 3195 3188 3187
f 3194 3187 1899
f 3207 1899 375
f 387 173 126
f 3189 1791 1760
f 3577 763 757
f 763 3577 2172
f 3583 3582 3580
f 3581 3580 3579
f 3594 3597 3596
f 3400 3601 3602
f 3626 3624 3625
f 3631 3635 3599
f 3636 3637 3595
f 3647 3584 3588
f 3650 3582 3584
f 3653 3579 3580
f 3653 2176 3654
f 1801 1864 3656
f 3651 3580 3582
f 3644 3638 3595
f 1767 1768 3659
f 1597 3663 3661
f 1708 1707 3665
f 3671 3668 3667
f 3666 3667 3673
f 1588 1708 3664
f 2080 3671 3666
f 2082 3666 3672
f 3674 3677 3635
f 3677 3678 3636
f 3682 3647 3645
f 3692 3651 3650
f 3681 3645 3644
f 786 3694 3692
f 3694 3653 3651
f 785 3692 3686
f 497 3686 3682
f 650 3682 3681
f 3696 564 3681
f 3405 3606 3605
f 3702 3699 3678
f 3699 3698 3679
f 3645 3588 3638
f 1799 3657 3659
f 3708 3704 3458
f 3462 3710 3708
f 3714 463 564
f 3615 3606 3602
f 3710 3714 3696
f 3635 3636 3596
f 3629 3626 3627
f 3597 3600 3599
f 3630 3716 3715
f 3627 3625 3597
f 3717 3716 3723
f 3715 3663 3660
f 3716 3717 3725
f 3668 3665 3661
f 3668 3725 3717
f 3667 3717 3718
f 3727 3728 3673
f 3728 1576 3672
f 3726 3727 3718
f 1576 2101 2084
f 3727 3726 3731
f 3203 376 1387
f 3190 1387 1791
f 3283 2152 1949
f 317 240 259
f 2000 2176 3653
f 3601 3599 3600
f 3589 3588 3584
f 3577 758 756
f 3585 3584 3582
f 3678 3679 3637
f 3204 375 376
f 1801 3655 3657
f 3729 3735 3728
f 1575 3735 3738
f 3735 1575 1576
f 1776 1795 1796
f 1293 1294 1290
f 1326 14 1327
f 1294 1245 1234
f 878 1244 1330
f 497 373 374
f 122 648 413
f 3699 3702 3704
f 3606 3405 3401
f 3708 3710 3698
f 3464 3714 3710
f 3704 3674 3443
f 439 398 399
f 1512 1528 1526
f 1668 1741 1738
f 839 849 1362
f 1362 1357 826
f 3843 740 1896
f 2053 2054 2118
f 3888 3887 2120
f 696 697 3816
f 1826 1878 639
f 3740 3739 3729
f 956 885 886
f 1980 806 1922
f 33 34 105
f 1343 1344 3856
f 3907 2127 2128
f 1766 1581 1582
f 14 1326 2163
f 595 98 99
f 3233 3238 3246
f 1346 1035 1044
f 748 1888 1425
f 3193 3208 3254
f 3190 3191 3206
f 3612 3605 3606
f 3624 3612 3615
f 3631 3415 3443
f 3679 3680 3644
f 3686 3650 3647
f 3702 3677 3674
f 3625 3615 3600
f 3601 3400 3415
f 3739 3738 3735
f 3630 3627 3594
f 3741 3723 3716
f 1284 1290 1288
f 3698 3696 3680
f 1778 1781 1780
f 1792 1759 1584
f 695 570 571
f 3638 3741 3594
f 3741 3638 3588
f 3247 3248 3209
f 3292 3293 3294
f 3296 3297 3298
f 3299 3298 3300
f 3302 3303 3304
f 3306 3307 3308
f 3307 3310 3311
f 3303 3302 3301
f 3312 3305 3304
f 3314 3315 3316
f 3318 3319 3320
f 3324 3318 3321
f 3326 3327 3328
f 3329 3330 3331
f 3333 3334 3335
f 3337 3338 3339
f 3333 3336 3341
f 3342 3341 3343
f 3319 3345 3344
f 3338 3335 3334
f 3346 3301 3302
f 3305 3348 3347
f 3312 3224 3223
f 3350 3337 3340
f 3312 3349 3348
f 3352 3343 3341
f 3311 3353 3354
f 3341 3336 3327
f 3359 3360 3361
f 3360 3359 3250
f 3318 3363 3345
f 3364 3363 3318
f 3314 3364 3324
f 3366 3299 3301
f 3299 3366 3367
f 3308 3354 3368
f 3369 3317 3295
f 3317 3369 3364
f 3370 3295 3317
f 3325 3371 3365
f 3352 3320 3319
f 3296 3367 3353
f 3297 3296 3311
f 3363 3368 3354
f 3345 3354 3353
f 3344 3353 3367
f 3366 3333 3342
f 3347 3339 3334
f 3339 3347 3348
f 3348 3349 3351
f 3363 3364 3369
f 3294 3309 3368
f 3293 3306 3309
f 3331 3373 3374
f 3346 3334 3333
f 3323 3322 3352
f 3356 3355 3321
f 3355 3357 3325
f 3357 3358 3371
f 3322 3356 3320
f 3361 3330 3329
f 3373 3372 3375
f 3374 3375 3376
f 3329 3332 3376
f 3327 3375 3372
f 3336 3335 3375
f 3335 3338 3376
f 3376 3338 3337
f 3337 3350 3359
f 3359 3350 3276
f 3377 3292 3295
f 3277 3316 3315
f 3371 3378 3379
f 3378 3371 3358
f 3365 3379 3315
f 3316 3277 3279
f 3282 3377 3370
f 3313 3283 3224
f 3378 3285 3284
f 3380 3286 3285
f 3379 3284 3278
f 3276 3350 3351
f 3291 3351 3349
f 3313 3304 2965
f 2965 3304 3303
f 222 3303 3300
f 223 3300 3298
f 3298 3297 3185
f 3297 3310 2977
f 3310 3307 1213
f 3307 3306 1214
f 2532 1214 3306
f 2894 2532 3293
f 2871 2894 3292
f 3253 3225 3240
f 3283 3313 3013
f 1997 1996 1889
f 1237 745 744
f 1535 1534 120
f 1531 1532 201
f 1119 1241 1032
f 946 948 824
f 163 8 5
f 3589 3726 3723
f 1155 1156 1162
f 427 213 327
f 553 1902 796
f 3381 2232 2231
f 3381 3178 2230
f 2237 3183 3180
f 3383 3384 3385
f 3384 3386 3387
f 3386 3388 3389
f 3388 3390 3391
f 3392 3393 3394
f 3395 3394 3396
f 3398 3399 3397
f 3400 3401 3399
f 3403 3404 3405
f 3406 3407 3404
f 3408 3409 3407
f 3410 3411 3409
f 3412 3413 3411
f 3415 3400 3398
f 3414 3398 3396
f 3416 3396 3394
f 3417 3394 3393
f 3393 3419 3420
f 3419 3390 3421
f 3390 3388 3422
f 3388 3386 3423
f 3386 3384 3424
f 3384 3383 3425
f 3425 3383 3426
f 2904 3427 3428
f 3429 3427 2904
f 3430 3429 2902
f 2875 3431 3430
f 3432 3433 2733
f 2825 3434 3435
f 3437 3438 3439
f 3441 3437 3436
f 2724 2723 3434
f 3436 3439 3115
f 3440 3436 3117
f 3443 3415 3414
f 3442 3414 3416
f 3444 3416 3417
f 3445 3417 3418
f 3446 3418 3420
f 3420 3421 3448
f 3421 3422 3449
f 3422 3423 3450
f 3423 3424 3451
f 3424 3425 3452
f 3425 3184 3056
f 3451 3452 2253
f 3450 3451 2252
f 3449 3450 1727
f 3448 3449 2150
f 3453 3447 3448
f 3454 3446 3447
f 3455 3445 3446
f 3456 3444 3445
f 3442 3444 3456
f 3443 3442 3457
f 3459 3460 3458
f 3457 3456 3455
f 3459 3455 3454
f 3462 3460 3459
f 3461 3454 3453
f 3464 3462 3461
f 3463 3453 1941
f 3404 3399 3401
f 3407 3397 3399
f 3409 3395 3397
f 3411 3392 3395
f 3465 3466 3413
f 3467 3468 3469
f 3465 3412 3431
f 3470 3467 3466
f 3438 3470 3432
f 3467 3470 3438
f 3468 3467 3437
f 3471 3469 3468
f 3472 3468 3441
f 3473 3441 3440
f 2712 3440 3119
f 3475 3471 3472
f 3474 3472 3473
f 3476 3473 2712
f 3477 3476 2711
f 3478 3474 3476
f 3479 3475 3474
f 3392 3411 3413
f 3466 3469 3480
f 3419 3393 3392
f 3390 3419 3480
f 3469 3471 3391
f 3389 3391 3471
f 3387 3389 3475
f 3385 3387 3479
f 3482 3477 2400
f 3483 3478 3477
f 3481 3479 3478
f 3484 3482 2402
f 3058 3484 2707
f 3061 3485 3484
f 3485 3483 3482
f 3382 3385 3481
f 3486 3481 3483
f 3426 3383 3382
f 3487 3382 3486
f 3486 3485 3061
f 1961 3057 3487
f 3057 3184 3426
f 3428 3403 3402
f 3427 3406 3403
f 3429 3408 3406
f 3430 3410 3408
f 3431 3412 3410
f 3470 3465 3433
f 3434 3439 3438
f 2723 3115 3439
f 2875 2733 3433
f 2736 2824 3435
f 2947 3428 3488
f 3464 3463 1360
f 1900 1925 1924
f 1736 1717 1718
f 1955 1952 1943
f 1671 1738 1735
f 1696 1750 1698
f 1800 1865 1864
f 2063 2055 2056
f 1737 1734 1717
f 1751 1735 1697
f 943 3885 3899
f 3656 3488 3402
f 1577 1578 1764
f 3917 1598 1599
f 1945 146 82
f 68 6 7
f 147 1542 1543
f 1109 1135 1133
f 1503 1910 1907
f 1499 1501 1909
f 452 1922 735
f 1824 2068 3835
f 1825 2067 2068
f 1463 1462 1022
f 841 1012 1009
f 1568 1547 1955
f 1910 1503 1502
f 1939 1502 422
f 309 280 1940
f 1804 1851 1866
f 269 1482 1954
f 2065 1607 2060
f 3812 1685 1758
f 280 276 552
f 1875 1873 1869
f 1739 1721 1734
f 1778 1779 1790
f 310 1920 1915
f 1909 1908 1906
f 1789 1783 1778
f 978 981 980
f 1584 1759 1731
f 425 426 311
f 148 1543 115
f 2044 3897 3894
f 277 1910 1939
f 1943 1946 1945
f 1461 1462 1463
f 2253 3452 3056
f 2981 2254 3489
f 2209 2998 3489
f 2254 2253 3055
f 2998 926 958
f 2826 2817 2721
f 3490 2739 2721
f 2816 3491 3490
f 2334 2297 2296
f 2298 2297 2334
f 2301 2298 2336
f 2311 2301 2338
f 2312 2311 2354
f 2359 2358 2361
f 2335 2296 2359
f 2414 2413 2365
f 2413 2270 2361
f 2355 2352 2540
f 2541 2540 2539
f 2722 2721 2739
f 3114 2722 2738
f 3110 3112 3121
f 3108 3110 3120
f 3122 1754 3127
f 3112 3122 3126
f 3127 1754 1753
f 3139 3133 2529
f 3744 3775 3133
f 3490 2789 2740
f 3491 2790 2789
f 228 229 91
f 245 244 243
f 248 7 247
f 2 297 296
f 145 146 300
f 327 213 210
f 329 332 331
f 239 241 240
f 373 376 375
f 178 177 176
f 1218 1225 1228
f 3862 1231 1295
f 808 809 824
f 3858 3859 1013
f 3813 3810 1411
f 2154 2149 2159
f 3845 3835 1758
f 306 807 1922
f 2157 2153 1976
f 708 709 2031
f 1450 1226 1227
f 1672 1604 1605
f 1813 1814 1821
f 1717 1716 1715
f 176 159 402
f 1710 1705 3916
f 1712 1580 1577
f 1705 1713 1711
f 971 978 979
f 822 823 1094
f 2909 2810 2793
f 2810 2769 2795
f 2799 2910 2249
f 3662 3643 2910
f 2769 2768 2801
f 3177 3176 3178
f 3178 3381 3180
f 3181 1394 1393
f 3181 1633 1632
f 3182 1632 2244
f 3183 2244 2243
f 3492 2791 2790
f 2808 3492 3491
f 2239 3574 3572
f 1149 1150 3571
f 1150 2009 3567
f 2202 3569 3566
f 2921 3564 3565
f 3568 3560 2133
f 1777 1579 1759
f 1201 1196 1183
f 3561 3554 2195
f 3553 3576 2770
f 3927 3925 1687
f 1516 152 154
f 3549 3562 2974
f 3550 3548 2779
f 2771 2772 3575
f 3070 2771 3546
f 3547 3544 2775
f 1376 1375 1370
f 2767 3543 3556
f 2195 3554 3543
f 2775 3544 3542
f 3377 3282 3545
f 3804 3802 3539
f 2776 3542 3538
f 2240 3572 3535
f 2920 3535 3669
f 3548 3534 2786
f 1805 1850 1851
f 3534 3532 2787
f 2951 2773 3540
f 2772 2951 3531
f 2973 2224 3530
f 2224 2223 3537
f 1957 1953 320
f 306 305 304
f 2770 3576 3528
f 2913 3528 3574
f 2923 3565 3527
f 308 1940 431
f 207 208 132
f 1879 1876 1881
f 3733 3787 3525
f 2475 3070 3558
f 2476 2475 3524
f 2223 2476 3523
f 3522 3549 2803
f 2037 3563 11
f 1959 1958 450
f 2003 3555 3520
f 9 10 334
f 2009 2008 3518
f 2008 2973 3536
f 3877 672 673
f 3515 3550 2778
f 2935 3514 3513
f 111 1149 3570
f 3510 3514 2935
f 683 3876 3885
f 3508 3557 2810
f 736 733 732
f 1795 1804 1803
f 3505 3510 2938
f 3507 3505 2939
f 2950 3512 3504
f 2940 2949 3504
f 3801 3791 3512
f 2868 3509 3502
f 2869 3502 3522
f 1024 1034 1023
f 3500 3503 2948
f 551 1939 442
f 2972 3499 3568
f 2032 3533 3499
f 216 93 1924
f 203 202 201
f 1828 1848 1847
f 1958 1957 449
f 272 271 178
f 2871 3545 3495
f 3619 3669 3564
f 2801 2768 3643
f 2005 3758 3654
f 960 886 899
f 3657 3655 3612
f 3780 3788 3646
f 3151 3646 3593
f 2193 3604 3623
f 3607 3603 3145
f 3603 3649 2761
f 3592 3607 3144
f 2926 3658 3634
f 3634 3592 3104
f 3755 3754 3746
f 566 567 3758
f 3488 3656 1864
f 1602 1586 2079
f 2868 3658 3611
f 2922 3611 3610
f 2923 3610 3618
f 3670 3613 2918
f 3619 3670 3614
f 2921 3618 3670
f 2920 3614 3586
f 3613 3642 2915
f 2917 2766 3622
f 2916 2917 3641
f 2239 3587 3652
f 2911 3640 3652
f 3643 3640 2911
f 2797 2801 3662
f 2797 3591 3598
f 3622 3628 2763
f 3608 3628 2764
f 2194 3623 3648
f 2221 3648 3649
f 2756 3608 3609
f 2750 3598 3609
f 3669 3535 1817
f 3763 3770 1691
f 2515 3621 3590
f 2548 3590 3593
f 2513 2489 3632
f 2513 3616 3621
f 2509 3633 3620
f 2510 3632 3633
f 2289 3620 3639
f 2283 3639 3617
f 2240 3586 3587
f 3659 3657 3624
f 716 2121 3887
f 727 1999 3761
f 2165 2171 2170
f 3660 3659 3626
f 3743 3581 3578
f 2175 2172 769
f 2100 500 2095
f 3758 567 3757
f 640 3560 3568
f 1653 3576 3553
f 1895 3536 3530
f 746 3530 3537
f 1653 1810 3528
f 3762 1603 1604
f 2093 2075 2073
f 959 996 995
f 962 899 919
f 1400 1401 1398
f 1000 817 1127
f 956 959 884
f 1662 3548 3550
f 2034 3558 3546
f 3926 1689 3539
f 3535 3572 766
f 3572 3574 765
f 334 3570 3571
f 1868 3531 3540
f 1684 1651 1652
f 1682 1683 775
f 1585 1603 3762
f 3763 3762 1672
f 2173 2174 490
f 1658 3544 3547
f 3556 3543 1650
f 1571 3754 2010
f 1587 3664 3671
f 2099 2095 2077
f 787 3761 1999
f 2000 3694 786
f 3155 339 3697
f 3713 3155 3683
f 2180 2179 3685
f 3496 2180 3684
f 1684 3846 3840
f 1760 464 3495
f 2607 3689 3693
f 2581 3676 3689
f 2371 2502 3700
f 2371 3695 3693
f 2587 3676 3675
f 2586 3675 3697
f 2497 3691 3687
f 2502 2503 3687
f 2494 3691 3690
f 3690 3688 2472
f 3688 3701 2468
f 3701 3703 2469
f 726 3908 3892
f 581 3567 3518
f 10 3511 3570
f 1837 3514 3510
f 741 3537 3523
f 1299 3524 3558
f 1851 3507 3504
f 3527 3565 1820
f 580 3518 3536
f 1758 1685 3522
f 1693 3557 3508
f 3504 3512 1867
f 1894 1826 3568
f 2126 1418 3813
f 3906 2126 3841
f 2113 3911 3867
f 2179 3713 3789
f 624 3903 3904
f 2192 3604 3788
f 2177 3541 3787
f 1364 3824 3833
f 3858 3855 1470
f 3135 1753 3775
f 2069 3812 3835
f 1351 3861 3853
f 2108 3882 3901
f 2089 2092 3736
f 3828 3834 1358
f 2001 3749 3783
f 2187 3783 3719
f 2130 3756 3752
f 2004 3752 3749
f 2014 3724 3779
f 2201 3779 3756
f 3167 3720 3759
f 3168 3724 3720
f 3159 3709 3764
f 3160 3764 3765
f 3730 3707 3158
f 3158 3707 3709
f 2200 3069 3730
f 3685 3789 3742
f 3722 3774 2197
f 3790 3736 2092
f 3774 3790 3721
f 3154 3706 3790
f 3155 3713 3706
f 2091 3719 3721
f 2196 3148 3750
f 2193 2196 3776
f 3604 2193 3781
f 2086 2192 3780
f 2087 2086 3778
f 2204 3742 3751
f 2205 3751 3750
f 3909 3886 574
f 2124 2087 3777
f 2208 2124 3760
f 3711 3785 3140
f 3785 3745 3138
f 3745 3744 3139
f 3771 3712 3136
f 3712 3711 3137
f 3775 3767 3131
f 3767 3782 3132
f 1813 3839 3838
f 1293 3854 3856
f 2184 2321 3748
f 2181 2184 3732
f 3765 3768 3079
f 3768 3734 3080
f 709 3873 3875
f 2774 2961 3737
f 3786 3769 2134
f 3809 3808 766
f 2968 3784 3766
f 2969 3759 3784
f 2958 3747 3737
f 2132 3747 3766
f 2321 2185 3771
f 3860 3848 1449
f 3905 3874 582
f 3886 3889 577
f 3847 3826 1818
f 705 3902 3887
f 3816 3912 3907
f 2111 3883 3911
f 3810 3829 1366
f 1812 3839 3822
f 675 3851 3852
f 3496 3705 3851
f 2110 3867 3868
f 2104 3896 3901
f 2109 3868 3899
f 3842 3831 703
f 1680 3811 3846
f 1639 1627 3819
f 623 3904 3906
f 2139 2140 3866
f 1808 1640 3844
f 3820 3821 1819
f 3872 3914 3900
f 1646 3832 3830
f 3889 3890 633
f 2139 3865 3875
f 2156 2155 3871
f 674 3852 3913
f 2117 3817 3812
f 1815 3822 3847
f 3855 3849 1444
f 697 3906 3912
f 866 842 3836
f 3864 3869 2136
f 3585 3731 3726
f 3583 3740 3731
f 3753 3746 3738
f 3740 3583 3581
f 1088 3738 3746
f 3739 3740 3743
f 2791 3492 3493
f 3492 2808 2807
f 2792 3493 3494
f 3493 2807 2806
f 3508 2909 3494
f 3516 3494 2806
f 2948 3503 3791
f 2105 3908 3896
f 3538 3802 3804
f 680 3878 3876
f 1891 1890 3910
f 2905 3799 3801
f 2900 3797 3799
f 2901 3797 3807
f 2734 2878 3806
f 2877 3807 3806
f 2820 3800 3794
f 2818 3796 3792
f 2823 3793 3792
f 2822 3793 3798
f 2819 2735 3800
f 2817 3796 3795
f 2809 3805 3795
f 2808 3805 3803
f 2805 3804 3803
f 1702 3921 3923
f 3922 3920 1797
f 3915 3916 1706
f 3918 3927 1692
f 1657 3898 3880
f 1890 1877 3895
f 3772 3770 1674
f 1689 1690 3772
f 3926 3802 3538
f 3516 3539 1689
f 3917 3923 1703
f 1598 3917 3928
f 3880 3884 1876
f 1691 1690 3925
f 3925 3926 1688
f 3934 3933 3937
f 3934 3938 3939
f 3932 3936 3937
f 3938 3942 3943
f 3937 3936 3940
f 3937 3941 3942
f 3942 3946 3947
f 3941 3940 3944
f 3942 3941 3945
f 3947 3946 3950
f 3944 3948 3949
f 3945 3949 3950
f 3950 3954 3955
f 3949 3948 3952
f 3950 3949 3953
f 3955 3954 3958
f 3953 3952 3956
f 3953 3957 3958
f 3959 3958 3962
f 3957 3956 3960
f 3958 3957 3961
f 3962 3966 3967
f 3960 3964 3965
f 3961 3965 3966
f 3966 3970 3971
f 3965 3964 3968
f 3966 3965 3969
f 3970 3974 3975
f 3968 3972 3973
f 3969 3973 3974
f 3974 3978 3979
f 3973 3972 3976
f 3974 3973 3977
f 3979 3978 3982
f 3976 3980 3981
f 3977 3981 3982
f 3982 3986 3987
f 3981 3980 3984
f 3982 3981 3985
f 3987 3986 3990
f 3984 3988 3989
f 3985 3989 3990
f 3991 3990 3994
f 3989 3988 3992
f 3990 3989 3993
f 3995 3994 3998
f 3992 3996 3997
f 3993 3997 3998
f 3998 4002 4003
f 3997 3996 4000
f 3998 3997 4001
f 4002 4006 4007
f 4000 4004 4005
f 4001 4005 4006
f 4006 4010 4011
f 4005 4004 4008
f 4006 4005 4009
f 4011 4010 4014
f 4008 4012 4013
f 4009 4013 4014
f 4014 4018 4019
f 4013 4012 4016
f 4014 4013 4017
f 4019 4018 4022
f 4016 4020 4021
f 4017 4021 4022
f 4023 4022 4026
f 4021 4020 4024
f 4022 4021 4025
f 4027 4026 4030
f 4024 4028 4029
f 4025 4029 4030
f 4031 4030 4034
f 4029 4028 4032
f 4030 4029 4033
f 4034 4038 4039
f 4032 4036 4037
f 4033 4037 4038
f 4038 4042 4043
f 4037 4036 4040
f 4038 4037 4041
f 4043 4042 4046
f 4040 4044 4045
f 4041 4045 4046
f 4046 4050 4051
f 4045 4044 4048
f 4046 4045 4049
f 4051 4050 4055
f 4048 4053 4054
f 4049 4054 4055
f 4056 4055 4059
f 4053 4057 4058
f 4055 4054 4058
f 4060 4059 3934
f 4058 4057 3932
f 4058 3933 3934
f 4069 4068 4081
f 4066 4079 4080
f 4065 4064 4077
f 4063 4062 4075
f 4071 4084 4085
f 4069 4082 4083
f 4067 4080 4081
f 4066 4065 4078
f 4063 4076 4077
f 4061 4074 4075
f 4072 4085 4086
f 4071 4070 4083
f 4076 4089 4090
f 4074 4087 4088
f 4086 4085 4098
f 4083 4096 4097
f 4082 4081 4094
f 4079 4092 4093
f 4078 4077 4090
f 4076 4075 4088
f 4085 4084 4097
f 4082 4095 4096
f 4080 4093 4094
f 4079 4078 4091
f 4089 4102 4103
f 4088 4087 4100
f 4098 4111 4112
f 4096 4109 4110
f 4095 4094 4107
f 4092 4105 4106
f 4090 4103 4104
f 4089 4088 4101
f 4097 4110 4111
f 4095 4108 4109
f 4094 4093 4106
f 4092 4091 4104
f 4103 4102 4115
f 4100 4113 4114
f 4112 4111 4124
f 4110 4109 4122
f 4107 4120 4121
f 4105 4118 4119
f 4103 4116 4117
f 4101 4114 4115
f 4110 4123 4124
f 4109 4108 4121
f 4107 4106 4119
f 4105 4104 4117
f 4115 4128 4129
f 4114 4113 4126
f 4124 4137 4138
f 4123 4122 4135
f 4120 4133 4134
f 4119 4118 4131
f 4117 4116 4129
f 4114 4127 4128
f 4124 4123 4136
f 4122 4121 4134
f 4119 4132 4133
f 4117 4130 4131
f 4129 4128 4141
f 4126 4139 4140
f 4138 4137 4150
f 4136 4135 4148
f 4133 4146 4147
f 4131 4144 4145
f 4130 4129 4142
f 4127 4140 4141
f 4137 4136 4149
f 4135 4134 4147
f 4132 4145 4146
f 4131 4130 4143
f 4142 4141 4154
f 4140 4139 4152
f 4150 4163 4164
f 4149 4148 4161
f 4146 4159 4160
f 4144 4157 4158
f 4142 4155 4156
f 4140 4153 4154
f 4149 4162 4163
f 4148 4147 4160
f 4146 4145 4158
f 4144 4143 4156
f 4155 4154 4167
f 4153 4152 4165
f 4163 4176 4177
f 4161 4174 4175
f 4159 4172 4173
f 4158 4157 4170
f 4155 4168 4169
f 4153 4166 4167
f 4163 4162 4175
f 4161 4160 4173
f 4159 4158 4171
f 4156 4169 4170
f 4167 4180 4181
f 4165 4178 4179
f 4176 4189 4190
f 4175 4174 4187
f 4173 4172 4185
f 4170 4183 4184
f 4169 4168 4181
f 4167 4166 4179
f 4175 4188 4189
f 4173 4186 4187
f 4171 4184 4185
f 4170 4169 4182
f 4180 4193 4194
f 4178 4191 4192
f 4190 4189 4202
f 4187 4200 4201
f 4186 4185 4198
f 4183 4196 4197
f 4182 4181 4194
f 4180 4179 4192
f 4189 4188 4201
f 4186 4199 4200
f 4184 4197 4198
f 4183 4182 4195
f 4193 4206 4207
f 4192 4191 4204
f 4202 4215 4216
f 4200 4213 4214
f 4199 4198 4211
f 4196 4209 4210
f 4194 4207 4208
f 4193 4192 4205
f 4201 4214 4215
f 4199 4212 4213
f 4198 4197 4210
f 4196 4195 4208
f 4207 4206 4219
f 4204 4217 4218
f 4216 4215 4228
f 4213 4226 4227
f 4211 4224 4225
f 4209 4222 4223
f 4207 4220 4221
f 4205 4218 4219
f 4214 4227 4228
f 4213 4212 4225
f 4211 4210 4223
f 4209 4208 4221
f 4219 4232 4233
f 4218 4217 4230
f 4228 4241 4242
f 4226 4239 4240
f 4225 4224 4237
f 4223 4222 4235
f 4221 4220 4233
f 4218 4231 4232
f 4228 4227 4240
f 4226 4225 4238
f 4223 4236 4237
f 4221 4234 4235
f 4233 4232 4245
f 4230 4243 4244
f 4242 4241 4254
f 4240 4239 4252
f 4237 4250 4251
f 4235 4248 4249
f 4234 4233 4246
f 4231 4244 4245
f 4241 4240 4253
f 4239 4238 4251
f 4236 4249 4250
f 4235 4234 4247
f 4246 4245 4258
f 4244 4243 4256
f 4254 4267 4268
f 4253 4252 4265
f 4250 4263 4264
f 4248 4261 4262
f 4246 4259 4260
f 4244 4257 4258
f 4253 4266 4267
f 4252 4251 4264
f 4250 4249 4262
f 4248 4247 4260
f 4259 4258 4271
f 4257 4256 4269
f 4267 4280 4281
f 4265 4278 4279
f 4263 4276 4277
f 4262 4261 4274
f 4259 4272 4273
f 4257 4270 4271
f 4266 4279 4280
f 4265 4264 4277
f 4263 4262 4275
f 4260 4273 4274
f 4271 4284 4285
f 4269 4282 4283
f 4281 4280 4293
f 4279 4278 4291
f 4277 4276 4289
f 4274 4287 4288
f 4273 4272 4285
f 4271 4270 4283
f 4280 4279 4292
f 4277 4290 4291
f 4275 4288 4289
f 4274 4273 4286
f 4284 4297 4298
f 4282 4295 4296
f 4294 4293 4306
f 4291 4304 4305
f 4290 4289 4302
f 4287 4300 4301
f 4286 4285 4298
f 4284 4283 4296
f 4293 4292 4305
f 4290 4303 4304
f 4288 4301 4302
f 4287 4286 4299
f 4297 4310 4311
f 4296 4295 4308
f 4306 4319 4320
f 4304 4317 4318
f 4303 4302 4315
f 4300 4313 4314
f 4298 4311 4312
f 4297 4296 4309
f 4305 4318 4319
f 4304 4303 4316
f 4302 4301 4314
f 4300 4299 4312
f 4310 4323 4324
f 4308 4321 4322
f 4320 4319 4332
f 4318 4317 4330
f 4316 4315 4328
f 4313 4326 4327
f 4311 4324 4325
f 4310 4309 4322
f 4318 4331 4332
f 4316 4329 4330
f 4315 4314 4327
f 4312 4325 4326
f 4323 4336 4337
f 4322 4321 4334
f 4332 4345 4346
f 4330 4343 4344
f 4329 4328 4341
f 4327 4326 4339
f 4325 4324 4337
f 4322 4335 4336
f 4332 4331 4344
f 4330 4329 4342
f 4327 4340 4341
f 4325 4338 4339
f 4337 4336 4350
f 4334 4348 4349
f 4346 4345 4359
f 4344 4343 4357
f 4341 4355 4356
f 4340 4339 4353
f 4338 4337 4351
f 4335 4349 4350
f 4345 4344 4358
f 4343 4342 4356
f 4340 4354 4355
f 4338 4352 4353
f 4351 4350 4363
f 4349 4348 4361
f 4359 4372 4373
f 4358 4357 4370
f 4355 4368 4369
f 4354 4353 4366
f 4351 4364 4365
f 4349 4362 4363
f 4358 4371 4372
f 4357 4356 4369
f 4355 4354 4367
f 4352 4365 4366
f 4364 4363 4376
f 4362 4361 4374
f 4373 4372 4385
f 4370 4383 4384
f 4368 4381 4382
f 4367 4366 4379
f 4364 4377 4378
f 4362 4375 4376
f 4372 4371 4384
f 4370 4369 4382
f 4368 4367 4380
f 4365 4378 4379
f 4376 4389 4390
f 4374 4387 4388
f 4385 4398 4399
f 4384 4383 4396
f 4382 4381 4394
f 4379 4392 4393
f 4378 4377 4390
f 4376 4375 4388
f 4384 4397 4398
f 4382 4395 4396
f 4380 4393 4394
f 4379 4378 4391
f 4389 4402 4403
f 4387 4400 4401
f 4399 4398 4411
f 4396 4409 4410
f 4395 4394 4407
f 4393 4392 4405
f 4391 4390 4403
f 4389 4388 4401
f 4398 4397 4410
f 4395 4408 4409
f 4393 4406 4407
f 4391 4404 4405
f 4402 4415 4416
f 4401 4400 4413
f 4411 4424 4425
f 4409 4422 4423
f 4408 4407 4420
f 4406 4405 4418
f 4403 4416 4417
f 4402 4401 4414
f 4410 4423 4424
f 4408 4421 4422
f 4407 4406 4419
f 4404 4417 4418
f 4416 4415 4428
f 4413 4426 4427
f 4425 4424 4437
f 4423 4422 4435
f 4421 4420 4433
f 4418 4431 4432
f 4416 4429 4430
f 4415 4414 4427
f 4423 4436 4437
f 4421 4434 4435
f 4420 4419 4432
f 4418 4417 4430
f 4428 4441 4442
f 4426 4439 4440
f 4437 4450 4451
f 4435 4448 4449
f 4434 4433 4446
f 4432 4431 4444
f 4430 4429 4442
f 4427 4440 4441
f 4437 4436 4449
f 4435 4434 4447
f 4432 4445 4446
f 4430 4443 4444
f 4442 4441 4454
f 4439 4452 4453
f 4451 4450 4463
f 4449 4448 4461
f 4446 4459 4460
f 4444 4457 4458
f 4443 4442 4455
f 4440 4453 4454
f 4450 4449 4462
f 4447 4460 4461
f 4445 4458 4459
f 4444 4443 4456
f 4455 4454 4467
f 4453 4452 4465
f 4463 4476 4477
f 4462 4461 4474
f 4459 4472 4473
f 4457 4470 4471
f 4455 4468 4469
f 4453 4466 4467
f 4462 4475 4476
f 4461 4460 4473
f 4459 4458 4471
f 4457 4456 4469
f 4468 4467 4063
f 4466 4465 4061
f 4477 4476 4072
f 4474 4070 4071
f 4472 4068 4069
f 4471 4470 4066
f 4468 4064 4065
f 4466 4062 4063
f 4476 4475 4071
f 4474 4473 4069
f 4472 4471 4067
f 4469 4065 4066
f 3935 4061 4465
f 4465 4452 4056
f 4452 4439 4051
f 4439 4426 4047
f 4047 4426 4413
f 4043 4413 4400
f 4039 4400 4387
f 4387 4374 4031
f 4031 4374 4361
f 4361 4348 4023
f 4348 4334 4019
f 4334 4321 4015
f 4015 4321 4308
f 4011 4308 4295
f 4007 4295 4282
f 4282 4269 3999
f 3999 4269 4256
f 4256 4243 3991
f 4243 4230 3987
f 4230 4217 3983
f 3983 4217 4204
f 3979 4204 4191
f 3975 4191 4178
f 4178 4165 3967
f 3967 4165 4152
f 4152 4139 3959
f 4139 4126 3955
f 4126 4113 3951
f 3951 4113 4100
f 3947 4100 4087
f 3943 4087 4074
f 4074 4061 3935
f 4480 4479 4483
f 4480 4484 4485
f 4479 4478 4482
f 4484 4488 4489
f 4482 4486 4487
f 4483 4487 4488
f 4488 4492 4493
f 4487 4486 4490
f 4488 4487 4491
f 4493 4492 4496
f 4490 4494 4495
f 4491 4495 4496
f 4496 4500 4501
f 4495 4494 4498
f 4496 4495 4499
f 4501 4500 4504
f 4498 4502 4503
f 4499 4503 4504
f 4505 4504 4508
f 4503 4502 4506
f 4504 4503 4507
f 4509 4508 4512
f 4506 4510 4511
f 4507 4511 4512
f 4513 4512 4516
f 4511 4510 4514
f 4512 4511 4515
f 4516 4520 4521
f 4514 4518 4519
f 4515 4519 4520
f 4520 4524 4525
f 4518 4522 4523
f 4520 4519 4523
f 4525 4524 4528
f 4522 4526 4527
f 4523 4527 4528
f 4528 4532 4533
f 4527 4526 4530
f 4528 4527 4531
f 4533 4532 4536
f 4530 4534 4535
f 4531 4535 4536
f 4537 4536 4540
f 4534 4538 4539
f 4536 4535 4539
f 4541 4540 4544
f 4539 4538 4542
f 4539 4543 4544
f 4544 4548 4549
f 4542 4546 4547
f 4544 4543 4547
f 4548 4552 4553
f 4547 4546 4550
f 4547 4551 4552
f 4552 4556 4557
f 4551 4550 4554
f 4552 4551 4555
f 4557 4556 4560
f 4554 4558 4559
f 4555 4559 4560
f 4560 4564 4565
f 4559 4558 4562
f 4560 4559 4563
f 4565 4564 4568
f 4562 4566 4567
f 4563 4567 4568
f 4569 4568 4572
f 4567 4566 4570
f 4568 4567 4571
f 4572 4576 4577
f 4570 4574 4575
f 4571 4575 4576
f 4576 4580 4581
f 4575 4574 4578
f 4576 4575 4579
f 4580 4584 4585
f 4578 4582 4583
f 4579 4583 4584
f 4584 4588 4589
f 4583 4582 4586
f 4584 4583 4587
f 4589 4588 4592
f 4586 4590 4591
f 4587 4591 4592
f 4592 4596 4597
f 4591 4590 4594
f 4592 4591 4595
f 4597 4596 4601
f 4594 4599 4600
f 4595 4600 4601
f 4602 4601 4605
f 4600 4599 4603
f 4601 4600 4604
f 4606 4605 4480
f 4603 4478 4479
f 4604 4479 4480
f 4615 4614 4627
f 4612 4625 4626
f 4611 4610 4623
f 4609 4608 4621
f 4618 4617 4630
f 4615 4628 4629
f 4613 4626 4627
f 4612 4611 4624
f 4609 4622 4623
f 4607 4620 4621
f 4619 4618 4631
f 4617 4616 4629
f 4622 4635 4636
f 4620 4633 4634
f 4632 4631 4644
f 4629 4642 4643
f 4628 4627 4640
f 4626 4625 4638
f 4624 4623 4636
f 4622 4621 4634
f 4631 4630 4643
f 4628 4641 4642
f 4626 4639 4640
f 4624 4637 4638
f 4635 4648 4649
f 4634 4633 4646
f 4644 4657 4658
f 4642 4655 4656
f 4641 4640 4653
f 4639 4638 4651
f 4636 4649 4650
f 4635 4634 4647
f 4643 4656 4657
f 4642 4641 4654
f 4640 4639 4652
f 4637 4650 4651
f 4648 4661 4662
f 4646 4659 4660
f 4658 4657 4670
f 4656 4655 4668
f 4653 4666 4667
f 4651 4664 4665
f 4649 4662 4663
f 4648 4647 4660
f 4656 4669 4670
f 4654 4667 4668
f 4653 4652 4665
f 4651 4650 4663
f 4661 4674 4675
f 4660 4659 4672
f 4670 4683 4684
f 4668 4681 4682
f 4667 4666 4679
f 4665 4664 4677
f 4663 4662 4675
f 4661 4660 4673
f 4670 4669 4682
f 4667 4680 4681
f 4665 4678 4679
f 4663 4676 4677
f 4675 4674 4687
f 4672 4685 4686
f 4684 4683 4696
f 4682 4681 4694
f 4679 4692 4693
f 4678 4677 4690
f 4676 4675 4688
f 4673 4686 4687
f 4683 4682 4695
f 4681 4680 4693
f 4678 4691 4692
f 4676 4689 4690
f 4688 4687 4700
f 4686 4685 4698
f 4696 4709 4710
f 4695 4694 4707
f 4692 4705 4706
f 4691 4690 4703
f 4688 4701 4702
f 4686 4699 4700
f 4695 4708 4709
f 4694 4693 4706
f 4692 4691 4704
f 4689 4702 4703
f 4701 4700 4713
f 4699 4698 4711
f 4710 4709 4722
f 4707 4720 4721
f 4705 4718 4719
f 4704 4703 4716
f 4701 4714 4715
f 4699 4712 4713
f 4709 4708 4721
f 4707 4706 4719
f 4705 4704 4717
f 4702 4715 4716
f 4713 4726 4727
f 4711 4724 4725
f 4723 4722 4735
f 4721 4720 4733
f 4719 4718 4731
f 4716 4729 4730
f 4715 4714 4727
f 4713 4712 4725
f 4721 4734 4735
f 4719 4732 4733
f 4717 4730 4731
f 4716 4715 4728
f 4726 4739 4740
f 4724 4737 4738
f 4736 4735 4748
f 4733 4746 4747
f 4732 4731 4744
f 4730 4729 4742
f 4728 4727 4740
f 4726 4725 4738
f 4735 4734 4747
f 4732 4745 4746
f 4730 4743 4744
f 4728 4741 4742
f 4739 4752 4753
f 4738 4737 4750
f 4748 4761 4762
f 4746 4759 4760
f 4745 4744 4757
f 4743 4742 4755
f 4740 4753 4754
f 4739 4738 4751
f 4747 4760 4761
f 4745 4758 4759
f 4744 4743 4756
f 4741 4754 4755
f 4753 4752 4765
f 4750 4763 4764
f 4762 4761 4774
f 4759 4772 4773
f 4758 4757 4770
f 4755 4768 4769
f 4753 4766 4767
f 4752 4751 4764
f 4760 4773 4774
f 4758 4771 4772
f 4757 4756 4769
f 4755 4754 4767
f 4765 4778 4779
f 4764 4763 4776
f 4774 4787 4788
f 4772 4785 4786
f 4771 4770 4783
f 4769 4768 4781
f 4767 4766 4779
f 4765 4764 4777
f 4774 4773 4786
f 4771 4784 4785
f 4769 4782 4783
f 4767 4780 4781
f 4779 4778 4791
f 4776 4789 4790
f 4788 4787 4800
f 4786 4785 4798
f 4783 4796 4797
f 4782 4781 4794
f 4780 4779 4792
f 4777 4790 4791
f 4787 4786 4799
f 4785 4784 4797
f 4782 4795 4796
f 4780 4793 4794
f 4792 4791 4804
f 4790 4789 4802
f 4800 4813 4814
f 4799 4798 4811
f 4796 4809 4810
f 4795 4794 4807
f 4792 4805 4806
f 4790 4803 4804
f 4799 4812 4813
f 4798 4797 4810
f 4796 4795 4808
f 4793 4806 4807
f 4805 4804 4817
f 4803 4802 4815
f 4814 4813 4826
f 4811 4824 4825
f 4809 4822 4823
f 4808 4807 4820
f 4805 4818 4819
f 4803 4816 4817
f 4813 4812 4825
f 4811 4810 4823
f 4809 4808 4821
f 4806 4819 4820
f 4817 4830 4831
f 4815 4828 4829
f 4826 4839 4840
f 4825 4824 4837
f 4823 4822 4835
f 4820 4833 4834
f 4819 4818 4831
f 4817 4816 4829
f 4825 4838 4839
f 4823 4836 4837
f 4821 4834 4835
f 4820 4819 4832
f 4830 4843 4844
f 4828 4841 4842
f 4840 4839 4852
f 4837 4850 4851
f 4836 4835 4848
f 4834 4833 4846
f 4832 4831 4844
f 4830 4829 4842
f 4839 4838 4851
f 4836 4849 4850
f 4834 4847 4848
f 4832 4845 4846
f 4843 4856 4857
f 4842 4841 4854
f 4852 4865 4866
f 4850 4863 4864
f 4849 4848 4861
f 4847 4846 4859
f 4844 4857 4858
f 4843 4842 4855
f 4851 4864 4865
f 4849 4862 4863
f 4848 4847 4860
f 4845 4858 4859
f 4857 4856 4869
f 4855 4854 4867
f 4866 4865 4878
f 4864 4863 4876
f 4862 4861 4874
f 4859 4872 4873
f 4857 4870 4871
f 4856 4855 4868
f 4864 4877 4878
f 4862 4875 4876
f 4861 4860 4873
f 4859 4858 4871
f 4869 4882 4883
f 4868 4867 4880
f 4878 4891 4892
f 4877 4876 4889
f 4874 4887 4888
f 4873 4872 4885
f 4871 4870 4883
f 4868 4881 4882
f 4878 4877 4890
f 4876 4875 4888
f 4873 4886 4887
f 4871 4884 4885
f 4883 4882 4896
f 4880 4894 4895
f 4892 4891 4905
f 4890 4889 4903
f 4887 4901 4902
f 4885 4899 4900
f 4884 4883 4897
f 4881 4895 4896
f 4891 4890 4904
f 4889 4888 4902
f 4886 4900 4901
f 4885 4884 4898
f 4897 4896 4909
f 4895 4894 4907
f 4905 4918 4919
f 4904 4903 4916
f 4901 4914 4915
f 4899 4912 4913
f 4897 4910 4911
f 4895 4908 4909
f 4904 4917 4918
f 4903 4902 4915
f 4901 4900 4913
f 4899 4898 4911
f 4910 4909 4922
f 4908 4907 4920
f 4919 4918 4931
f 4916 4929 4930
f 4914 4927 4928
f 4913 4912 4925
f 4910 4923 4924
f 4908 4921 4922
f 4918 4917 4930
f 4916 4915 4928
f 4914 4913 4926
f 4911 4924 4925
f 4922 4935 4936
f 4920 4933 4934
f 4931 4944 4945
f 4930 4929 4942
f 4928 4927 4940
f 4925 4938 4939
f 4924 4923 4936
f 4922 4921 4934
f 4930 4943 4944
f 4928 4941 4942
f 4926 4939 4940
f 4925 4924 4937
f 4935 4948 4949
f 4933 4946 4947
f 4945 4944 4957
f 4942 4955 4956
f 4941 4940 4953
f 4938 4951 4952
f 4937 4936 4949
f 4935 4934 4947
f 4944 4943 4956
f 4941 4954 4955
f 4939 4952 4953
f 4938 4937 4950
f 4948 4961 4962
f 4947 4946 4959
f 4957 4970 4971
f 4955 4968 4969
f 4954 4953 4966
f 4951 4964 4965
f 4949 4962 4963
f 4948 4947 4960
f 4956 4969 4970
f 4954 4967 4968
f 4953 4952 4965
f 4951 4950 4963
f 4962 4961 4974
f 4959 4972 4973
f 4971 4970 4983
f 4968 4981 4982
f 4966 4979 4980
f 4964 4977 4978
f 4962 4975 4976
f 4960 4973 4974
f 4969 4982 4983
f 4967 4980 4981
f 4966 4965 4978
f 4964 4963 4976
f 4975 4974 4987
f 4973 4972 4985
f 4983 4996 4997
f 4981 4994 4995
f 4979 4992 4993
f 4978 4977 4990
f 4976 4975 4988
f 4973 4986 4987
f 4983 4982 4995
f 4981 4980 4993
f 4978 4991 4992
f 4976 4989 4990
f 4988 4987 5000
f 4985 4998 4999
f 4997 4996 5009
f 4995 4994 5007
f 4992 5005 5006
f 4991 4990 5003
f 4989 4988 5001
f 4986 4999 5000
f 4996 4995 5008
f 4994 4993 5006
f 4991 5004 5005
f 4989 5002 5003
f 5001 5000 5013
f 4999 4998 5011
f 5009 5022 5023
f 5008 5007 5020
f 5005 5018 5019
f 5004 5003 5016
f 5001 5014 5015
f 4999 5012 5013
f 5008 5021 5022
f 5007 5006 5019
f 5005 5004 5017
f 5002 5015 5016
f 5014 5013 4609
f 5012 5011 4607
f 5022 4618 4619
f 5020 4616 4617
f 5018 4614 4615
f 5017 5016 4612
f 5014 4610 4611
f 5012 4608 4609
f 5021 4617 4618
f 5020 5019 4615
f 5018 5017 4613
f 5015 4611 4612
f 4481 4607 5011
f 5011 4998 4602
f 4998 4985 4597
f 4985 4972 4593
f 4593 4972 4959
f 4589 4959 4946
f 4585 4946 4933
f 4933 4920 4577
f 4577 4920 4907
f 4907 4894 4569
f 4894 4880 4565
f 4880 4867 4561
f 4561 4867 4854
f 4557 4854 4841
f 4553 4841 4828
f 4828 4815 4545
f 4545 4815 4802
f 4802 4789 4537
f 4789 4776 4533
f 4776 4763 4529
f 4529 4763 4750
f 4525 4750 4737
f 4521 4737 4724
f 4724 4711 4513
f 4513 4711 4698
f 4698 4685 4505
f 4685 4672 4501
f 4672 4659 4497
f 4497 4659 4646
f 4493 4646 4633
f 4489 4633 4620
f 4620 4607 4481
