v 0.063373 -0.008799 -0.050818
v 0.066936 -0.009795 -0.049542
v 0.067482 -0.008344 -0.049166
v 0.064073 -0.007817 -0.050519
v 0.074170 -0.008915 -0.058921
v 0.075080 -0.005363 -0.054434
v 0.074560 -0.002941 -0.053569
v 0.074279 -0.002967 -0.056482
v 0.026363 -0.045192 -0.113466
v 0.011616 -0.044904 -0.117671
v 0.011594 -0.056193 -0.114980
v 0.025283 -0.059255 -0.109484
v 0.044981 -0.082753 -0.090211
v 0.039547 -0.074648 -0.095655
v 0.037324 -0.086784 -0.099392
v 0.046576 -0.090658 -0.089642
v 0.039452 0.048492 0.038963
v 0.046530 0.047245 0.032941
v 0.045788 0.041175 0.036741
v -0.063493 -0.008884 -0.053441
v -0.067091 -0.009874 -0.052140
v -0.067672 -0.008459 -0.051833
v -0.064023 -0.007845 -0.053224
v -0.074068 -0.008722 -0.062085
v -0.075259 -0.005254 -0.057520
v -0.074735 -0.002878 -0.056628
v -0.074294 -0.002830 -0.059606
v 0.038934 0.041767 0.041120
v 0.090606 0.013356 -0.067393
v 0.090718 0.010888 -0.068635
v 0.091349 0.009074 -0.066920
v 0.091037 0.011167 -0.065452
v 0.086858 -0.003891 -0.067352
v 0.087182 0.003178 -0.068183
v 0.088408 0.005640 -0.068635
v 0.088578 0.003443 -0.067976
v 0.086502 -0.014132 -0.064756
v 0.085175 -0.013423 -0.064574
v 0.086594 -0.008960 -0.066122
v 0.088226 -0.009395 -0.066604
v 0.072929 -0.034321 -0.041035
v 0.075612 -0.031443 -0.043607
v 0.075742 -0.034666 -0.045022
v 0.071243 -0.036217 -0.043168
v 0.068134 -0.034327 -0.044328
v 0.072513 -0.035075 -0.048791
v 0.072093 -0.031542 -0.050046
v 0.068464 -0.031360 -0.046733
v 0.086081 0.022308 -0.054713
v 0.086544 0.018612 -0.053882
v 0.085415 0.017476 -0.051825
v 0.084716 0.021088 -0.052367
v 0.071029 -0.008185 -0.065156
v 0.069323 -0.014641 -0.063729
v 0.075466 -0.009969 -0.066025
v 0.076027 -0.007232 -0.066060
v 0.085692 0.012662 -0.060295
v 0.085694 0.013313 -0.063306
v 0.086058 0.011319 -0.064629
v 0.085532 0.010061 -0.062409
v 0.087560 0.014945 -0.068371
v 0.087691 0.012138 -0.069739
v 0.071489 -0.024657 -0.040481
v 0.070713 -0.021168 -0.039727
v 0.071153 -0.019732 -0.041061
v 0.071284 -0.020823 -0.042687
v 0.073700 -0.008928 -0.055623
v 0.075137 -0.004373 -0.053009
v 0.083235 -0.024938 -0.060239
v 0.082864 -0.022898 -0.059247
v 0.085107 -0.018769 -0.062231
v 0.085321 -0.020252 -0.063714
v 0.079588 -0.020524 -0.057357
v 0.081934 -0.017651 -0.060512
v 0.082912 -0.016929 -0.062213
v 0.082039 -0.019153 -0.060258
v 0.087004 0.015123 -0.061589
v 0.085800 0.017407 -0.056740
v 0.087214 0.016314 -0.055519
v 0.088789 0.014216 -0.059646
v 0.078164 0.004229 -0.065173
v 0.076759 0.009097 -0.063068
v 0.075626 0.008467 -0.063136
v 0.076698 0.004242 -0.065060
v 0.087411 0.012464 -0.066090
v 0.087819 0.010300 -0.067382
v 0.086465 0.009041 -0.066105
v 0.077540 0.009986 -0.049331
v 0.079170 0.011070 -0.051269
v 0.079277 0.009496 -0.052192
v 0.078964 0.008310 -0.051446
v 0.075394 -0.035626 -0.048534
v 0.068177 -0.023193 -0.057262
v 0.069867 -0.022817 -0.058964
v 0.072587 -0.018679 -0.061781
v 0.070887 -0.017479 -0.062167
v 0.068322 -0.032062 -0.038839
v 0.071607 -0.031879 -0.039202
v 0.072127 -0.033171 -0.040220
v 0.068977 -0.034382 -0.040462
v 0.080091 0.014358 -0.051460
v 0.082113 0.013593 -0.053186
v 0.080399 0.012822 -0.052732
v 0.079150 0.013309 -0.051366
v 0.086000 0.001415 -0.066707
v 0.085704 0.007613 -0.064214
v 0.085103 -0.007573 -0.062192
v 0.085205 -0.007227 -0.064931
v 0.084718 -0.011281 -0.063502
v -0.028918 -0.045370 -0.113570
v -0.014229 -0.044960 -0.117692
v -0.014092 -0.056274 -0.115043
v -0.027677 -0.059474 -0.109610
v 0.084068 -0.011425 -0.061089
v 0.085388 0.000237 -0.061735
v 0.085522 0.000360 -0.064955
v 0.089129 0.008349 -0.065625
v 0.089159 0.002655 -0.066795
v 0.088585 0.009022 -0.066490
v 0.074822 0.012063 -0.060761
v 0.075281 0.015219 -0.064959
v 0.073828 0.009220 -0.066932
v 0.074736 0.009734 -0.062536
v 0.071875 -0.015818 -0.041252
v 0.072975 -0.013643 -0.042588
v 0.071304 -0.015737 -0.044442
v 0.070326 -0.018290 -0.043893
v 0.073440 -0.020885 -0.060636
v 0.070776 -0.023929 -0.058222
v 0.071422 -0.024658 -0.057581
v 0.074056 -0.022585 -0.059226
v 0.084140 0.014223 -0.055012
v 0.084319 0.010126 -0.056391
v 0.082840 0.010115 -0.055137
v 0.075642 -0.019614 -0.050073
v 0.075919 -0.018357 -0.052135
v 0.077322 -0.021107 -0.053320
v 0.077160 -0.023153 -0.051382
v 0.079606 -0.031585 -0.054329
v 0.076855 -0.031755 -0.055193
v 0.074678 -0.033773 -0.051733
v 0.077577 -0.033977 -0.051401
v 0.071059 -0.019434 -0.043335
v 0.071277 -0.018329 -0.041273
v 0.080278 0.004465 -0.066812
v 0.079263 0.010275 -0.064059
v 0.085322 0.008658 -0.060444
v 0.085482 0.006463 -0.062107
v 0.074349 -0.003262 -0.045947
v 0.072681 -0.002834 -0.047680
v 0.072999 -0.003645 -0.047618
v 0.075074 -0.004700 -0.045767
v 0.074345 -0.003642 -0.044520
v 0.074850 -0.005209 -0.044405
v 0.074141 -0.005234 -0.043623
v 0.073791 -0.004414 -0.043453
v 0.071978 -0.002645 -0.048135
v 0.072382 -0.002907 -0.047891
v 0.072546 -0.002409 -0.047924
v 0.076221 -0.000218 -0.058742
v 0.075596 -0.007329 -0.060888
v 0.075098 -0.008667 -0.060898
v 0.076830 -0.003018 -0.058306
v 0.085767 -0.006221 -0.066406
v 0.082372 0.017697 -0.048419
v 0.081467 0.020486 -0.048385
v 0.083784 0.023139 -0.052199
v 0.070273 -0.016713 -0.054337
v 0.073682 -0.016566 -0.052006
v 0.073230 -0.016711 -0.050328
v 0.070799 -0.016893 -0.052554
v 0.072269 -0.011699 -0.047175
v 0.069901 -0.014744 -0.047107
v 0.073411 -0.013282 -0.045098
v 0.074476 0.001993 -0.044228
v 0.073879 -0.001712 -0.046811
v 0.073902 -0.002539 -0.045601
v 0.073904 -0.002233 -0.044343
v 0.086663 -0.014858 -0.066173
v 0.087917 -0.009598 -0.068211
v 0.086262 -0.009680 -0.069701
v 0.085113 -0.015341 -0.067701
v 0.069776 -0.028120 -0.037920
v 0.064845 -0.030034 -0.041378
v 0.068703 -0.024901 -0.038161
v 0.089172 0.019643 -0.062537
v 0.087133 0.021464 -0.062862
v 0.087358 0.019557 -0.065032
v 0.089846 0.017804 -0.064501
v 0.074278 0.003031 -0.051650
v 0.073873 0.001053 -0.051533
v 0.074388 0.002126 -0.050159
v 0.074223 0.004347 -0.050167
v 0.050364 -0.031139 -0.096282
v 0.058502 -0.031161 -0.077244
v 0.062446 -0.017332 -0.085671
v 0.055313 -0.017531 -0.101688
v 0.080122 -0.028335 -0.053555
v 0.079485 -0.030516 -0.050975
v 0.076311 0.009463 -0.043049
v 0.075648 0.011133 -0.042391
v 0.076402 0.016594 -0.044216
v 0.077405 0.013464 -0.044068
v 0.088345 0.004725 -0.071471
v 0.090806 0.003958 -0.070237
v 0.079567 0.014529 -0.049924
v 0.081666 0.017119 -0.052703
v 0.080331 0.015033 -0.051683
v 0.079055 0.013784 -0.050198
v 0.079268 0.006344 -0.047186
v 0.079927 0.007608 -0.047157
v 0.078097 0.008534 -0.047304
v 0.077100 0.007250 -0.047521
v 0.075038 0.016109 -0.041793
v 0.076205 0.021105 -0.045237
v 0.066137 -0.023505 -0.056850
v 0.078490 0.008269 -0.044588
v 0.079216 0.010836 -0.044979
v 0.080516 0.009326 -0.047057
v -0.046878 -0.083294 -0.090355
v -0.041569 -0.075122 -0.095785
v -0.039329 -0.087217 -0.099496
v -0.048368 -0.091205 -0.089842
v 0.069792 -0.020277 -0.037853
v 0.070897 -0.018721 -0.039733
v 0.078672 0.013458 -0.049972
v 0.077991 0.012315 -0.049868
v 0.076712 0.008431 -0.048321
v 0.077490 0.007389 -0.050461
v 0.081178 0.000923 -0.057765
v 0.081711 -0.007136 -0.059469
v 0.065522 -0.016831 -0.071595
v 0.062132 -0.029759 -0.057000
v 0.076953 0.008995 -0.047569
v 0.077142 0.009549 -0.047731
v 0.076584 0.008766 -0.047525
v 0.076072 0.007916 -0.047933
v 0.078336 -0.032420 -0.048500
v 0.081295 0.006964 -0.055517
v 0.078548 0.005042 -0.053534
v 0.080138 0.006931 -0.053525
v 0.088628 -0.004980 -0.066592
v 0.090241 0.002383 -0.066622
v 0.091597 0.002570 -0.068015
v 0.089894 -0.005125 -0.067746
v 0.066303 -0.032917 -0.042949
v 0.073701 0.000333 -0.052868
v 0.074724 -0.001007 -0.052207
v 0.076016 0.005840 -0.050824
v 0.075426 0.007024 -0.048314
v 0.071088 -0.015715 -0.039264
v 0.086537 0.015936 -0.063275
v 0.087117 0.014376 -0.064649
v 0.085615 0.014793 -0.062060
v 0.085486 0.015864 -0.060553
v 0.085005 0.018144 -0.058949
v 0.084376 0.018853 -0.058483
v 0.086030 0.017437 -0.061585
v 0.078257 0.006472 -0.051670
v 0.079476 0.007424 -0.052443
v 0.075770 -0.020809 -0.048410
v 0.076744 -0.026373 -0.048393
v 0.083472 -0.014773 -0.061546
v 0.082355 -0.014166 -0.059154
v 0.083748 -0.004015 -0.070269
v 0.083765 0.004675 -0.070034
v 0.082027 0.004500 -0.068184
v 0.082467 -0.003788 -0.069002
v 0.076216 -0.001682 -0.065937
v 0.072647 -0.000757 -0.065902
v 0.073481 -0.003570 -0.042981
v 0.072928 0.000149 -0.041076
v 0.074746 0.005056 -0.050132
v 0.074935 0.006761 -0.048714
v 0.077301 -0.018480 -0.063223
v 0.073759 -0.025432 -0.055682
v 0.077646 -0.020605 -0.061350
v 0.069634 -0.025866 -0.053701
v 0.069433 -0.026843 -0.051381
v 0.071992 -0.027022 -0.052935
v 0.079384 -0.018604 -0.056538
v 0.081446 -0.017286 -0.058963
v 0.072579 -0.003124 -0.048700
v 0.071527 -0.004873 -0.050414
v 0.070752 -0.003245 -0.048555
v 0.084123 0.000348 -0.059593
v 0.084296 -0.007372 -0.060400
v 0.079551 0.009830 -0.047784
v 0.076591 0.000488 -0.047455
v 0.077355 0.003830 -0.045563
v 0.082414 0.012703 -0.048021
v 0.081206 0.011314 -0.048354
v 0.080508 0.010449 -0.048073
v 0.081348 0.010940 -0.047259
v 0.066028 -0.011929 -0.050592
v 0.068167 -0.013671 -0.048749
v 0.069879 -0.010696 -0.048095
v 0.084006 0.018020 -0.055969
v 0.084601 0.016258 -0.056984
v 0.081094 0.010803 -0.065433
v 0.079766 0.011311 -0.052128
v 0.079765 0.009941 -0.053248
v 0.078485 0.023190 -0.059664
v 0.078871 0.020617 -0.055944
v 0.078672 0.020857 -0.054573
v 0.078514 0.025493 -0.055072
v 0.068809 -0.029660 -0.047998
v 0.071489 -0.029442 -0.050726
v 0.071150 -0.028101 -0.051265
v 0.069254 -0.028106 -0.049398
v 0.072695 -0.016833 -0.049653
v 0.070803 -0.017091 -0.051542
v 0.084184 -0.013327 -0.064334
v 0.083722 -0.014245 -0.063317
v 0.084982 -0.010279 -0.065225
v 0.085096 -0.008824 -0.066142
v 0.075195 0.003724 -0.054894
v 0.074771 0.002722 -0.053731
v 0.077322 0.015810 -0.057178
v 0.079680 0.017585 -0.058344
v 0.079757 0.019606 -0.055283
v 0.077937 0.018126 -0.055406
v 0.082850 0.011510 -0.067326
v 0.079738 0.008463 -0.053315
v 0.080079 0.008635 -0.054190
v 0.079595 0.008861 -0.052706
v 0.076243 0.006374 -0.047833
v 0.078409 0.005198 -0.047922
v 0.082186 0.013030 -0.049304
v 0.084762 0.016171 -0.051856
v 0.083951 0.016777 -0.053065
v 0.081688 0.013910 -0.049452
v 0.077885 0.011126 -0.048249
v 0.012939 -0.032649 -0.124058
v 0.014711 -0.022314 -0.131344
v -0.038451 0.048142 0.038205
v -0.045819 0.046879 0.032341
v -0.044935 0.040736 0.035928
v -0.037845 0.041509 0.040007
v 0.080174 0.020299 -0.048100
v 0.080244 0.021684 -0.051486
v 0.081282 0.022568 -0.051883
v 0.080746 0.021039 -0.048552
v 0.085496 0.014735 -0.060143
v 0.088033 0.011462 -0.065392
v 0.075826 -0.002988 -0.051124
v 0.073267 -0.005699 -0.051854
v 0.063825 -0.006227 -0.051007
v 0.064158 -0.005094 -0.050735
v 0.064816 -0.005437 -0.051774
v 0.064737 -0.006313 -0.052233
v 0.067870 -0.011503 -0.053108
v 0.069972 -0.012305 -0.052370
v 0.069035 -0.013770 -0.050871
v 0.067252 -0.012780 -0.052487
v 0.063334 -0.008858 -0.051519
v 0.063592 -0.007416 -0.051219
v 0.064344 -0.007879 -0.052712
v 0.063947 -0.009385 -0.053417
v 0.083355 0.018606 -0.054311
v 0.084869 0.018356 -0.056524
v 0.089928 0.010109 -0.064191
v 0.090168 0.008107 -0.065417
v 0.087558 0.015161 -0.062551
v 0.087916 0.013396 -0.063903
v 0.073155 -0.010999 -0.042323
v 0.074174 -0.010835 -0.043886
v 0.073859 -0.012419 -0.043942
v 0.091040 0.012629 -0.063894
v 0.090327 0.015501 -0.065869
v 0.072075 -0.028011 -0.039703
v 0.071087 -0.029556 -0.038526
v 0.043958 -0.097720 -0.021046
v 0.054350 -0.093985 -0.034033
v 0.053622 -0.103976 -0.033438
v 0.043840 -0.108097 -0.021289
v 0.081292 0.015842 -0.047003
v 0.079715 0.018627 -0.047192
v 0.063272 -0.010831 -0.051895
v 0.063257 -0.010975 -0.051981
v 0.065877 -0.012722 -0.051747
v 0.067959 -0.006926 -0.049099
v 0.064362 -0.006504 -0.050274
v 0.068614 -0.010086 -0.052878
v 0.068185 -0.004993 -0.051204
v 0.067859 -0.003786 -0.050008
v 0.068580 -0.016513 -0.048190
v 0.069460 -0.017512 -0.050024
v 0.071056 -0.017963 -0.046982
v 0.064307 -0.011484 -0.053583
v 0.076029 0.005209 -0.053049
v 0.071311 -0.009783 -0.052583
v 0.072237 -0.011820 -0.054653
v 0.071480 -0.013468 -0.053911
v 0.070634 -0.011443 -0.052675
v 0.078024 -0.021478 -0.054762
v 0.077914 -0.019698 -0.054833
v 0.070418 -0.015921 -0.056448
v 0.073615 -0.016394 -0.054819
v 0.075946 -0.000248 -0.051106
v 0.077479 0.002622 -0.048823
v 0.073287 -0.003062 -0.049243
v 0.071398 -0.007701 -0.051645
v 0.072946 -0.009910 -0.053964
v 0.068077 -0.005818 -0.049212
v 0.071250 -0.005485 -0.047860
v 0.071016 -0.004451 -0.048123
v 0.068048 -0.004890 -0.049422
v 0.081417 0.010092 -0.054485
v 0.078466 0.016640 -0.045521
v 0.080457 0.013374 -0.045836
v 0.078777 0.027977 -0.071406
v 0.076229 0.020003 -0.076194
v 0.077544 0.020168 -0.063299
v 0.069422 -0.008531 -0.052579
v 0.064431 -0.004599 -0.050786
v 0.064952 -0.005153 -0.050479
v 0.083933 -0.017588 -0.062193
v 0.071489 -0.018747 -0.046613
v 0.075197 0.004490 -0.048302
v 0.082977 -0.009041 -0.069268
v 0.082035 -0.014436 -0.067426
v 0.074882 0.005907 -0.048504
v 0.075096 0.006927 -0.048485
v 0.070278 -0.017469 -0.050977
v 0.072228 -0.017456 -0.048456
v 0.075440 0.007194 -0.048227
v 0.074361 -0.011255 -0.045297
v 0.085404 0.010026 -0.059151
v 0.075309 -0.028947 -0.055644
v 0.073447 -0.030380 -0.052660
v 0.064801 -0.005541 -0.050120
v 0.067853 -0.013576 -0.050179
v 0.068508 -0.006639 -0.051629
v 0.073342 -0.007481 -0.047040
v 0.072937 -0.009630 -0.046848
v 0.074544 -0.009003 -0.045051
v 0.074527 -0.015789 -0.056490
v 0.071114 -0.013808 -0.058395
v 0.072253 -0.012979 -0.060403
v 0.076407 -0.014702 -0.057757
v 0.080780 -0.019494 -0.065117
v 0.079061 -0.023985 -0.061911
v 0.081352 -0.026034 -0.062002
v 0.083720 -0.021073 -0.065235
v 0.079609 0.044122 -0.080415
v 0.079548 0.033525 -0.064638
v 0.080335 0.050460 -0.069022
v 0.082422 0.019075 -0.062894
v 0.082225 0.016863 -0.064363
v 0.087504 0.017396 -0.066774
v 0.078040 0.023505 -0.049873
v 0.078428 0.020870 -0.053122
v 0.080170 0.020817 -0.051344
v 0.087288 -0.004527 -0.070919
v 0.075540 0.005760 -0.042991
v 0.077667 0.005899 -0.044748
v 0.076206 -0.017207 -0.064135
v 0.077765 -0.016547 -0.055313
v 0.080176 -0.015776 -0.057003
v 0.087937 0.018695 -0.056187
v 0.085897 0.016567 -0.053679
v 0.010019 -0.105129 0.012278
v 0.009903 -0.114100 0.006875
v 0.007452 -0.009182 0.058095
v 0.008590 -0.009511 0.056876
v 0.006989 -0.007880 0.055638
v 0.006591 -0.007797 0.056209
v 0.008111 -0.018138 0.057943
v 0.007150 -0.016759 0.057172
v 0.008409 -0.016993 0.056121
v 0.009491 -0.017633 0.057160
v 0.005888 -0.007557 0.055440
v 0.004670 -0.009492 0.058643
v 0.005824 -0.009305 0.059068
v 0.006194 -0.007728 0.055819
v 0.088186 0.021796 -0.057033
v 0.011765 -0.017292 0.057594
v 0.010670 -0.015501 0.057000
v 0.010901 -0.015107 0.058610
v 0.013243 -0.016309 0.058972
v 0.004456 -0.015856 0.065363
v 0.005501 -0.013714 0.065239
v 0.004518 -0.014989 0.063423
v 0.004615 -0.016849 0.062864
v 0.007639 -0.013498 0.064413
v 0.009579 -0.013425 0.066339
v 0.011400 -0.013561 0.064674
v 0.009115 -0.014160 0.062829
v 0.004668 -0.013740 0.058964
v 0.005851 -0.015646 0.060100
v 0.003870 -0.012769 0.062220
v 0.010732 -0.012941 0.057169
v 0.010510 -0.013942 0.056016
v 0.008543 -0.010419 0.055816
v 0.008758 -0.010037 0.055417
v 0.046648 -0.080553 -0.020607
v 0.055543 -0.080364 -0.035763
v 0.034362 0.005389 0.037491
v 0.033724 0.002382 0.038547
v 0.029489 0.003649 0.039318
v 0.030374 0.006055 0.038372
v 0.074887 -0.007014 -0.044172
v 0.074096 -0.006280 -0.043210
v 0.082213 0.014312 -0.065789
v 0.086398 0.016350 -0.062097
v 0.082758 0.020606 -0.061055
v 0.082256 0.022126 -0.056426
v 0.080818 0.020822 -0.055773
v 0.080922 0.019109 -0.059602
v 0.089751 0.016183 -0.060764
v 0.072542 -0.020198 -0.046438
v 0.082923 0.006191 -0.057398
v 0.081755 0.022580 -0.054008
v 0.084900 0.023765 -0.054425
v 0.086929 -0.004487 -0.066508
v 0.090317 0.014859 -0.062499
v 0.089135 0.013233 -0.061336
v 0.083426 0.014643 -0.048789
v 0.074603 -0.010402 -0.061498
v 0.080353 -0.010515 -0.059341
v 0.078534 -0.013185 -0.058653
v -0.090392 0.013362 -0.070276
v -0.090594 0.010884 -0.071526
v -0.091078 0.009071 -0.069689
v -0.090787 0.011155 -0.068311
v -0.086599 -0.003880 -0.070167
v -0.086946 0.003092 -0.071124
v -0.088057 0.005599 -0.071640
v -0.088470 0.003380 -0.070921
v 0.073824 -0.012334 -0.061276
v 0.074376 0.001592 -0.053449
v 0.070937 -0.015018 -0.037196
v 0.078124 -0.025953 -0.051850
v -0.086628 -0.014116 -0.067175
v -0.085356 -0.013508 -0.067167
v -0.086603 -0.008944 -0.068653
v -0.088327 -0.009372 -0.068976
v 0.078920 -0.024798 -0.054276
v 0.029136 -0.032209 -0.118403
v 0.032744 -0.021041 -0.124912
v 0.089332 -0.004893 -0.069585
v 0.083899 0.018774 -0.055738
v 0.074443 -0.020629 -0.047573
v 0.074789 -0.025827 -0.045305
v 0.073271 -0.025135 -0.043678
v 0.079926 0.009108 -0.053929
v 0.075398 -0.015800 -0.064042
v 0.075174 -0.013557 -0.065275
v 0.064990 -0.004818 -0.051483
v 0.078154 -0.022167 -0.061427
v 0.074710 -0.027054 -0.055573
v 0.058199 -0.077915 -0.050732
v 0.055064 -0.074975 -0.067268
v -0.073759 -0.033920 -0.042765
v -0.076181 -0.031129 -0.045451
v -0.076363 -0.034120 -0.046809
v -0.071986 -0.035538 -0.045057
v 0.056027 -0.086673 -0.064685
v 0.058271 -0.090406 -0.048957
v 0.071670 -0.001503 -0.038250
v 0.072183 -0.008441 -0.040262
v 0.071809 -0.009625 -0.038714
v 0.023297 -0.095760 0.005609
v 0.020727 -0.110085 0.001243
v 0.070347 -0.014244 -0.033758
v 0.069264 -0.015036 -0.021996
v 0.071069 0.000993 -0.022728
v 0.070547 -0.004526 -0.033213
v 0.060235 0.030842 0.013962
v 0.062020 0.030645 0.010273
v 0.062324 0.021845 0.009915
v 0.060214 0.023085 0.013603
v 0.020392 0.087141 0.031251
v 0.010261 0.088501 0.033342
v 0.010005 0.095544 0.027373
v 0.020354 0.094153 0.024912
v 0.034655 -0.012653 -0.128941
v 0.036546 -0.002029 -0.133472
v 0.016855 -0.004833 -0.140559
v 0.015698 -0.014598 -0.135549
v 0.020399 0.111736 0.002497
v 0.009929 0.113266 0.005195
v 0.010056 0.118485 -0.004850
v -0.069023 -0.034139 -0.046063
v -0.072801 -0.034624 -0.050706
v -0.072340 -0.031352 -0.052018
v -0.069305 -0.031422 -0.048495
v 0.020705 0.116702 -0.007218
v 0.052865 0.005092 0.027017
v 0.054796 0.000214 0.028152
v 0.051146 -0.000560 0.031604
v 0.049720 0.004356 0.029991
v 0.074747 -0.030215 -0.042451
v 0.073643 -0.029122 -0.041248
v -0.085794 0.022099 -0.057199
v -0.086173 0.018421 -0.056538
v -0.084951 0.017323 -0.054533
v -0.084330 0.020908 -0.054808
v -0.072894 -0.008798 -0.067343
v -0.071300 -0.015429 -0.065746
v -0.077176 -0.010590 -0.068283
v -0.077515 -0.007693 -0.068550
v 0.010237 0.122985 -0.016633
v 0.021145 0.121050 -0.018592
v 0.011634 0.012450 0.044614
v -0.084360 0.012686 -0.063664
v -0.084797 0.013282 -0.066551
v -0.085372 0.011272 -0.067750
v -0.084641 0.009998 -0.065519
v -0.087392 0.014884 -0.071240
v -0.087571 0.012109 -0.072698
v -0.072521 -0.024940 -0.042043
v -0.071554 -0.021518 -0.041347
v -0.071860 -0.019988 -0.042873
v -0.072316 -0.020987 -0.044393
v -0.073613 -0.008784 -0.058725
v -0.075209 -0.004293 -0.056067
v -0.083102 -0.024517 -0.062410
v -0.083047 -0.022675 -0.061470
v -0.085233 -0.018635 -0.064529
v -0.085223 -0.020000 -0.066007
v 0.012031 0.014248 0.041755
v 0.015860 0.010734 0.040442
v 0.015409 0.009034 0.042529
v 0.008199 0.060744 0.045447
v 0.009172 0.068024 0.042744
v 0.018120 0.067513 0.041469
v 0.016706 0.060323 0.044735
v 0.020481 0.008259 0.039584
v 0.019621 0.006438 0.041056
v 0.009927 0.101971 0.020736
v 0.020380 0.100638 0.017995
v 0.020583 0.127701 -0.068857
v -0.079998 -0.020513 -0.059727
v -0.082283 -0.017655 -0.062985
v -0.083191 -0.016959 -0.064728
v -0.082391 -0.019178 -0.062736
v 0.021027 0.127838 -0.060437
v 0.009841 0.130462 -0.060787
v -0.086208 0.015130 -0.064707
v -0.084993 0.017396 -0.059860
v -0.086493 0.016267 -0.058497
v -0.088034 0.014220 -0.062679
v 0.010980 0.129691 -0.073352
v 0.067884 0.001139 -0.093296
v 0.070783 -0.000445 -0.077339
v 0.073863 0.011609 -0.078756
v 0.072167 0.017697 -0.095846
v 0.032868 -0.090420 -0.006016
v 0.031447 -0.104145 -0.009422
v -0.079002 0.003903 -0.067680
v -0.077376 0.008784 -0.065387
v -0.076696 0.008115 -0.065329
v -0.077955 0.003916 -0.067556
v -0.086861 0.012432 -0.069185
v -0.087362 0.010269 -0.070435
v -0.085880 0.008986 -0.069151
v -0.077098 0.009814 -0.052544
v -0.078906 0.010801 -0.054526
v -0.078781 0.009341 -0.055456
v -0.078606 0.008120 -0.054700
v -0.075761 -0.034986 -0.050471
v -0.069873 -0.023981 -0.059190
v -0.071377 -0.023510 -0.060999
v -0.074060 -0.019345 -0.063932
v -0.072660 -0.018270 -0.064222
v 0.053208 0.052643 0.021793
v 0.055547 0.057136 0.017174
v 0.058552 0.050152 0.014015
v 0.056335 0.046717 0.018728
v 0.006688 0.049090 0.048456
v 0.014273 0.048613 0.048441
v 0.012440 0.042372 0.048653
v 0.006131 0.042604 0.048860
v -0.069283 -0.032170 -0.040318
v -0.072518 -0.031863 -0.040741
v -0.073005 -0.032960 -0.041908
v -0.069899 -0.034042 -0.042236
v 0.060148 0.015821 0.013931
v 0.062572 0.013243 0.011128
v 0.061560 0.005528 0.016439
v 0.058661 0.008875 0.018352
v 0.055362 0.005757 0.024024
v -0.079583 0.014122 -0.054793
v -0.081290 0.013499 -0.056631
v -0.079725 0.012701 -0.056100
v -0.078745 0.013068 -0.054663
v 0.057821 0.000934 0.024268
v -0.085787 0.001318 -0.069522
v -0.085024 0.007566 -0.067198
v 0.019569 0.077344 0.037707
v 0.009829 0.078369 0.039076
v 0.060690 0.040494 0.011630
v 0.058768 0.039111 0.016030
v 0.009029 0.016032 0.046900
v 0.009665 0.017517 0.043397
v 0.007930 0.021649 0.045322
v -0.085185 -0.007580 -0.064700
v -0.085059 -0.007247 -0.067551
v -0.084752 -0.011269 -0.066024
v -0.084284 -0.011369 -0.063463
v 0.004180 0.021811 0.051266
v 0.004834 0.025708 0.049518
v 0.007688 0.025282 0.046091
v 0.034219 0.060117 0.037408
v 0.035712 0.066715 0.033821
v 0.043132 0.065659 0.028304
v 0.041530 0.059393 0.032088
v 0.020362 0.106344 0.010702
v -0.085238 0.000153 -0.064389
v -0.085293 0.000260 -0.067673
v 0.009882 0.107725 0.013488
v 0.005337 0.035112 0.048564
v 0.009655 0.035198 0.046823
v 0.008666 0.031449 0.045931
v -0.088831 0.008358 -0.068579
v -0.089129 0.002632 -0.069622
v -0.088234 0.009021 -0.069488
v -0.075659 0.011629 -0.062480
v -0.076082 0.014760 -0.066294
v -0.075375 0.008850 -0.068491
v -0.075901 0.009349 -0.064324
v 0.005316 0.031675 0.048493
v 0.024447 0.004770 0.040154
v 0.025220 0.006886 0.039110
v 0.065250 -0.029323 -0.047841
v 0.066973 -0.030687 -0.046430
v 0.073511 0.016532 -0.035975
v 0.071569 0.005909 -0.034050
v 0.071886 0.013803 -0.023641
v 0.072662 0.027284 -0.026028
v 0.075321 0.040019 -0.029713
v 0.075880 0.047939 -0.035069
v 0.077191 0.031131 -0.042264
v 0.075782 0.025637 -0.038353
v 0.051565 -0.083997 -0.078611
v 0.048864 -0.073598 -0.082260
v 0.004798 0.018612 0.053816
v 0.005017 0.015547 0.056474
v 0.019319 0.037314 -0.151415
v -0.072046 -0.016033 -0.043485
v -0.073134 -0.013857 -0.044997
v -0.071525 -0.015892 -0.046751
v -0.070902 -0.018519 -0.046014
v 0.018667 0.023791 -0.149658
v 0.039099 0.027793 -0.141160
v 0.039482 0.040685 -0.142453
v 0.064640 -0.009583 -0.089469
v -0.074718 -0.021445 -0.062726
v -0.072046 -0.024495 -0.060243
v -0.072532 -0.025140 -0.059605
v -0.075126 -0.023043 -0.061357
v 0.068027 -0.009179 -0.074734
v 0.009723 -0.012125 0.058988
v 0.006700 -0.007576 0.054933
v 0.007493 -0.010744 0.056312
v 0.006749 -0.007390 0.054999
v 0.010255 -0.014643 0.060846
v 0.013141 -0.014430 0.062006
v 0.007730 -0.015417 0.055480
v 0.006783 -0.015230 0.055921
v 0.006943 -0.010565 0.056481
v 0.006955 -0.007482 0.054968
v 0.001940 -0.017157 0.067642
v 0.002639 -0.015516 0.070595
v 0.006371 -0.014206 0.069307
v 0.004677 -0.015935 0.067275
v 0.006143 -0.007423 0.055635
v 0.005046 -0.010211 0.057470
v 0.004703 -0.011764 0.063304
v 0.006564 -0.009200 0.058900
v 0.006354 -0.007707 0.056019
v 0.006721 -0.011581 0.062396
v 0.005862 -0.017674 0.060441
v 0.008209 -0.011738 0.060854
v -0.082765 0.014259 -0.058564
v -0.083324 0.010084 -0.059724
v -0.082002 0.010054 -0.058489
v -0.076427 -0.019627 -0.052237
v -0.076806 -0.018371 -0.054317
v -0.077876 -0.021060 -0.055559
v -0.077623 -0.023059 -0.053578
v 0.076384 -0.017435 -0.053893
v 0.055757 -0.061392 -0.031387
v 0.059319 -0.047709 -0.039951
v 0.059021 -0.048922 -0.045896
v -0.079459 -0.030985 -0.056385
v -0.076996 -0.031553 -0.057381
v -0.075083 -0.033555 -0.053766
v -0.077684 -0.033363 -0.053432
v -0.072005 -0.019633 -0.045241
v -0.071729 -0.018582 -0.043268
v -0.080724 0.004214 -0.069545
v -0.079868 0.009976 -0.066650
v 0.057329 -0.064276 -0.040866
v 0.081386 0.008610 -0.055113
v 0.066754 0.059081 -0.003841
v 0.067742 0.069524 -0.014316
v 0.073165 0.058784 -0.026282
v -0.084307 0.008590 -0.063534
v -0.084726 0.006406 -0.065013
v 0.073333 0.048997 -0.021036
v 0.068222 0.079462 -0.022453
v 0.073581 0.069195 -0.033691
v 0.076692 0.057361 -0.043174
v 0.078804 0.036612 -0.056224
v 0.042476 0.017515 0.032736
v 0.042598 0.017373 0.032781
v 0.041075 0.017065 0.034111
v -0.074523 -0.003432 -0.048755
v -0.072851 -0.002984 -0.050555
v -0.073172 -0.003793 -0.050438
v -0.075257 -0.004882 -0.048500
v 0.041046 0.017177 0.034058
v 0.042173 0.017700 0.032213
v 0.040591 0.017227 0.033191
v -0.074544 -0.003884 -0.047242
v -0.075067 -0.005442 -0.047088
v -0.074378 -0.005494 -0.046266
v -0.074026 -0.004694 -0.046107
v 0.043108 0.018033 0.031309
v 0.043488 0.017756 0.031732
v 0.043697 0.017540 0.031725
v 0.025048 0.018425 0.036260
v 0.025553 0.018845 0.035817
v 0.028135 0.017784 0.036056
v 0.027715 0.017776 0.037009
v 0.024768 0.018257 0.036503
v 0.027400 0.017554 0.037264
v -0.072145 -0.002728 -0.051067
v -0.072549 -0.003029 -0.050783
v -0.072712 -0.002517 -0.050849
v -0.075872 0.000053 -0.062473
v -0.075872 -0.007291 -0.064177
v -0.075125 -0.008573 -0.064071
v -0.076423 -0.002883 -0.061730
v 0.028788 0.020766 0.029658
v 0.028421 0.021043 0.029558
v -0.085523 -0.006208 -0.069125
v 0.029471 0.020408 0.029808
v 0.023053 0.020353 0.034201
v 0.023089 0.021615 0.034118
v -0.082216 0.017425 -0.050830
v -0.081410 0.020146 -0.050549
v -0.083702 0.022819 -0.054439
v 0.028344 0.021876 0.029495
v 0.028283 0.021249 0.029477
v 0.023149 0.019955 0.034468
v -0.070829 -0.016892 -0.056824
v -0.074510 -0.016629 -0.054288
v -0.073843 -0.016687 -0.052554
v -0.071480 -0.017011 -0.054929
v -0.072486 -0.011846 -0.049682
v -0.070147 -0.014890 -0.049507
v -0.073632 -0.013450 -0.047542
v -0.074443 0.001819 -0.047054
v -0.073884 -0.001781 -0.049700
v -0.074085 -0.002751 -0.048399
v -0.074105 -0.002495 -0.047076
v -0.086670 -0.014780 -0.068588
v -0.087942 -0.009574 -0.070686
v -0.086399 -0.009775 -0.072432
v -0.085238 -0.015402 -0.070317
v 0.021701 0.019603 0.034184
v 0.020804 0.019907 0.033631
v -0.070674 -0.028404 -0.039332
v -0.065839 -0.030491 -0.042692
v -0.069826 -0.025420 -0.039462
v -0.088940 0.019508 -0.065189
v -0.086942 0.021247 -0.065408
v -0.087190 0.019382 -0.067677
v -0.089629 0.017721 -0.067251
v -0.074301 0.002940 -0.054802
v -0.073864 0.001035 -0.054674
v -0.074302 0.002027 -0.053283
v -0.074249 0.004181 -0.053284
v 0.020878 0.021598 0.033802
v 0.032992 0.016483 0.037140
v 0.033149 0.015646 0.037157
v 0.028069 0.015953 0.037417
v 0.027623 0.016960 0.037385
v 0.032938 0.016925 0.037090
v 0.036332 0.016998 0.036039
v 0.036452 0.016592 0.036029
v 0.036357 0.015750 0.036068
v -0.052607 -0.031594 -0.096832
v -0.060464 -0.031816 -0.078023
v -0.064533 -0.017932 -0.086695
v -0.057493 -0.018012 -0.102447
v -0.080281 -0.027946 -0.055685
v -0.079669 -0.030046 -0.053038
v -0.076294 0.009151 -0.045657
v -0.075621 0.010744 -0.044436
v -0.076296 0.016216 -0.045985
v -0.077201 0.013235 -0.046219
v 0.024495 0.017009 0.037141
v 0.024454 0.018003 0.036813
v 0.036163 0.015063 0.036193
v 0.033263 0.014963 0.037134
v -0.088273 0.004737 -0.074509
v -0.090604 0.003999 -0.073054
v 0.028291 0.015222 0.037424
v 0.024646 0.016476 0.037255
v 0.021898 0.017852 0.036527
v 0.022978 0.018124 0.036545
v 0.032936 0.014207 0.037089
v 0.033138 0.013355 0.036933
v 0.027929 0.013683 0.037437
v 0.028090 0.014488 0.037392
v -0.079021 0.014273 -0.053254
v -0.080628 0.017030 -0.056141
v -0.079472 0.014909 -0.055102
v -0.078547 0.013548 -0.053503
v -0.078998 0.006180 -0.050306
v -0.079552 0.007436 -0.050300
v -0.077716 0.008331 -0.050475
v -0.076819 0.007036 -0.050676
v 0.035977 0.014248 0.036031
v 0.035988 0.013360 0.035920
v -0.074988 0.015521 -0.043401
v -0.076013 0.020472 -0.046619
v 0.044860 0.017461 0.030042
v 0.045459 0.017970 0.029062
v 0.045406 0.017376 0.029206
v -0.067807 -0.024298 -0.058491
v 0.045045 0.016972 0.029687
v 0.047754 0.015309 0.025937
v 0.048760 0.016747 0.025260
v 0.050108 0.016525 0.023630
v -0.078173 0.008077 -0.047653
v -0.078904 0.010611 -0.047813
v -0.080051 0.009174 -0.050130
v -0.070473 -0.020762 -0.039418
v -0.071331 -0.019070 -0.041578
v -0.078251 0.013197 -0.053271
v -0.077662 0.012057 -0.053121
v -0.076369 0.008222 -0.051501
v -0.077253 0.007148 -0.053650
v 0.049055 0.014990 0.024676
v -0.081072 0.000924 -0.060734
v -0.081778 -0.007075 -0.062165
v 0.057337 0.006907 0.020901
v 0.051336 0.012235 0.024086
v 0.052728 0.013666 0.022069
v 0.044350 0.017337 0.030763
v 0.043717 0.017116 0.031658
v 0.044278 0.017636 0.030854
v 0.044795 0.017919 0.029898
v 0.044495 0.016579 0.030521
v 0.043819 0.016369 0.031492
v 0.042710 0.017002 0.032749
v 0.042886 0.016207 0.032609
v 0.041276 0.015938 0.034019
v 0.041187 0.016743 0.034037
v 0.039335 0.016619 0.035001
v -0.067462 -0.017666 -0.072996
v -0.063560 -0.030546 -0.057927
v 0.039450 0.017002 0.034998
v 0.039157 0.015762 0.035069
v 0.041274 0.015232 0.033904
v 0.039159 0.015079 0.035108
v 0.042790 0.015464 0.032383
v 0.043916 0.015772 0.031154
v 0.044687 0.016139 0.030014
v 0.045403 0.016525 0.029176
v 0.045896 0.017197 0.028601
v 0.045069 0.015679 0.029317
v 0.045769 0.015083 0.028325
v 0.044479 0.014531 0.029807
v 0.044149 0.015235 0.030611
v 0.045996 0.016185 0.028353
v 0.046857 0.015717 0.027178
v -0.076540 0.008737 -0.050760
v -0.076699 0.009317 -0.050942
v -0.076254 0.008526 -0.050673
v -0.075768 0.007637 -0.051102
v 0.043032 0.014862 0.031956
v 0.043106 0.014166 0.031416
v 0.041112 0.013704 0.033185
v 0.041244 0.014524 0.033617
v -0.078712 -0.031923 -0.050439
v -0.080684 0.006955 -0.058605
v -0.078437 0.004868 -0.056605
v -0.079833 0.006784 -0.056647
v 0.039115 0.014390 0.034855
v 0.039033 0.013463 0.034551
v -0.088416 -0.004874 -0.069132
v -0.090262 0.002387 -0.069244
v -0.091545 0.002573 -0.070614
v -0.089643 -0.004981 -0.070236
v 0.032724 0.016887 0.037094
v 0.032305 0.017043 0.036077
v 0.035958 0.016855 0.035331
v 0.036048 0.016903 0.036036
v 0.039284 0.016967 0.035037
v -0.067293 -0.032959 -0.044530
v -0.073646 0.000360 -0.056006
v -0.074792 -0.000990 -0.055327
v 0.038864 0.016935 0.034401
v 0.035531 0.016772 0.034372
v 0.033779 0.019450 0.029596
v 0.035116 0.019486 0.029166
v 0.038512 0.016791 0.033553
v -0.075939 0.005497 -0.053951
v -0.075216 0.006768 -0.051426
v 0.032239 0.017071 0.035000
v 0.032146 0.019553 0.029969
v 0.028753 0.017971 0.035006
v -0.071455 -0.016111 -0.041329
v 0.030563 0.019988 0.029935
v 0.025973 0.018828 0.035280
v 0.034725 0.030203 0.037042
v 0.034293 0.030332 0.037510
v 0.039800 0.029586 0.036343
v 0.039603 0.029283 0.035978
v 0.049407 0.001259 -0.122880
v 0.050957 0.016306 -0.128377
v 0.038450 0.011796 -0.138190
v 0.041740 0.026736 0.035158
v 0.041725 0.027860 0.034913
v 0.044141 0.026577 0.033126
v 0.043979 0.025533 0.033245
v 0.041759 0.025514 0.035519
v -0.085712 0.015912 -0.066491
v -0.086430 0.014344 -0.067803
v -0.084651 0.014756 -0.065345
v -0.084507 0.015825 -0.063851
v -0.084034 0.018108 -0.062157
v -0.083478 0.018828 -0.061734
v -0.085112 0.017416 -0.064856
v -0.078066 0.006251 -0.054825
v -0.079128 0.007261 -0.055633
v 0.043775 0.024225 0.033499
v 0.039054 0.026789 0.037527
v -0.076630 -0.020792 -0.050488
v -0.077160 -0.026175 -0.050476
v -0.083733 -0.014736 -0.063970
v -0.082973 -0.014182 -0.061404
v -0.083823 -0.004121 -0.073040
v -0.084039 0.004494 -0.072849
v -0.082433 0.004269 -0.070947
v -0.082691 -0.003957 -0.071732
v 0.039058 0.028233 0.037167
v 0.039057 0.029136 0.036605
v 0.042914 0.022902 0.029626
v 0.042127 0.023848 0.030286
v -0.077552 -0.002030 -0.068521
v -0.074410 -0.001138 -0.068223
v -0.073763 -0.003888 -0.045556
v -0.073159 -0.000207 -0.043473
v -0.074732 0.004825 -0.053244
v -0.074859 0.006487 -0.051817
v -0.078371 -0.018944 -0.065481
v -0.074635 -0.025799 -0.057861
v -0.078496 -0.021019 -0.063696
v -0.070754 -0.026361 -0.055639
v -0.070467 -0.027263 -0.053278
v -0.072839 -0.027351 -0.055000
v 0.042600 0.023460 0.031677
v 0.043620 0.022756 0.030437
v 0.043795 0.022224 0.028998
v 0.044450 0.022090 0.029569
v 0.037775 0.022066 0.027059
v 0.037402 0.022369 0.027325
v 0.036923 0.022772 0.027706
v -0.079992 -0.018590 -0.058767
v -0.081880 -0.017247 -0.061298
v 0.037976 0.021755 0.026883
v -0.072758 -0.003178 -0.051673
v -0.071477 -0.004784 -0.053471
v -0.070907 -0.003308 -0.051489
v -0.083845 0.000342 -0.062312
v -0.084351 -0.007347 -0.062942
v -0.079088 0.009655 -0.050942
v 0.038012 0.021412 0.026784
v -0.076541 0.000435 -0.050513
v -0.077195 0.003719 -0.048646
v -0.082083 0.012506 -0.050915
v -0.080807 0.011114 -0.051441
v -0.079974 0.010303 -0.051187
v -0.080819 0.010804 -0.050246
v -0.066194 -0.011988 -0.053125
v -0.068373 -0.013743 -0.051275
v -0.070061 -0.010790 -0.050692
v 0.037871 0.021071 0.026783
v 0.037900 0.020761 0.026917
v 0.059847 -0.006848 0.022380
v 0.059934 0.002466 0.020442
v -0.082916 0.018004 -0.059326
v -0.083425 0.016252 -0.060357
v -0.081219 0.010623 -0.068222
v 0.062230 -0.005063 0.017865
v 0.044056 0.017968 0.030772
v -0.079454 0.011067 -0.055410
v -0.079210 0.009823 -0.056519
v 0.044664 0.018326 0.029836
v -0.078251 0.022504 -0.060385
v -0.078648 0.019965 -0.057033
v -0.078375 0.020257 -0.055870
v -0.078114 0.024799 -0.055964
v 0.043710 0.018285 0.030457
v -0.069661 -0.029871 -0.049819
v -0.072247 -0.029633 -0.052701
v -0.072002 -0.028400 -0.053245
v -0.070144 -0.028404 -0.051259
v -0.073269 -0.016842 -0.051883
v -0.071534 -0.017215 -0.053843
v 0.044310 0.018659 0.029701
v -0.084447 -0.013413 -0.066922
v -0.083987 -0.014283 -0.065840
v -0.084991 -0.010294 -0.067823
v -0.085186 -0.008881 -0.068779
v 0.045326 0.018912 0.028930
v 0.045590 0.018649 0.028761
v 0.041700 0.017678 0.031622
v 0.036816 0.019834 0.028231
v 0.037185 0.020026 0.027863
v -0.075025 0.003610 -0.058204
v -0.074647 0.002697 -0.057017
v -0.077456 0.015367 -0.059078
v -0.079498 0.017252 -0.060406
v -0.079448 0.019284 -0.057209
v -0.077910 0.017648 -0.057151
v -0.082875 0.011383 -0.070168
v 0.042438 0.018249 0.030700
v 0.040257 0.017218 0.032448
v 0.036086 0.019641 0.028687
v 0.037693 0.020187 0.027586
v 0.037827 0.020440 0.027201
v -0.079344 0.008331 -0.056482
v -0.079666 0.008520 -0.057324
v 0.042994 0.018550 0.030071
v -0.079143 0.008721 -0.055928
v 0.043492 0.018990 0.029322
v 0.044782 0.019350 0.029118
v -0.076069 0.006160 -0.050964
v -0.078232 0.005054 -0.051034
v -0.081652 0.012885 -0.052406
v -0.083969 0.016180 -0.054911
v -0.083111 0.016720 -0.056274
v -0.081129 0.013735 -0.052650
v 0.043854 0.020216 0.028333
v 0.044059 0.020869 0.028369
v 0.044778 0.019974 0.028866
v -0.077453 0.010928 -0.051474
v 0.044917 0.020673 0.028792
v 0.043784 0.019630 0.028657
v -0.015509 -0.032732 -0.124123
v -0.017220 -0.022413 -0.131439
v 0.044020 0.021540 0.028564
v 0.044797 0.021282 0.029064
v 0.045791 0.018121 0.028675
v 0.045918 0.019148 0.028468
v 0.046390 0.020390 0.027799
v 0.046298 0.018202 0.028152
v -0.080130 0.019892 -0.050056
v -0.080114 0.021282 -0.053427
v -0.081146 0.022199 -0.053985
v -0.080652 0.020657 -0.050597
v -0.084235 0.014722 -0.063513
v 0.046999 0.018343 0.027326
v 0.046552 0.016993 0.027658
v 0.047422 0.021288 0.027218
v 0.048697 0.021873 0.026440
v -0.087561 0.011439 -0.068423
v -0.075868 -0.002982 -0.054187
v -0.073224 -0.005638 -0.054912
v 0.048188 0.018549 0.026156
v 0.047491 0.016946 0.026503
v 0.045652 0.019697 0.028565
v -0.063761 -0.006241 -0.053784
v -0.064094 -0.005107 -0.053595
v -0.064746 -0.005425 -0.054621
v -0.064663 -0.006292 -0.054990
v 0.045766 0.020368 0.028245
v 0.046890 0.022344 0.028503
v -0.067951 -0.011504 -0.055667
v -0.070158 -0.012329 -0.054961
v -0.069245 -0.013796 -0.053384
v -0.067419 -0.012782 -0.054961
v 0.047698 0.023473 0.028269
v 0.046156 0.021623 0.028895
v 0.045633 0.022384 0.030112
v 0.046195 0.023318 0.029950
v -0.063276 -0.008835 -0.054102
v -0.063527 -0.007411 -0.053911
v -0.064271 -0.007864 -0.055363
v -0.063945 -0.009391 -0.055838
v 0.046859 0.024259 0.029675
v 0.045369 0.024267 0.031522
v -0.082319 0.018576 -0.057665
v -0.083879 0.018386 -0.059783
v 0.045801 0.025334 0.031361
v 0.044911 0.023177 0.031630
v 0.045629 0.021242 0.029016
v -0.089577 0.010126 -0.067127
v -0.089901 0.008128 -0.068234
v -0.086834 0.015174 -0.065674
v -0.087323 0.013401 -0.066973
v 0.045091 0.021964 0.030023
v 0.044280 0.022728 0.031249
v 0.043301 0.023270 0.033199
v -0.073369 -0.011271 -0.044810
v -0.074381 -0.011049 -0.046430
v -0.074055 -0.012625 -0.046439
v -0.090701 0.012626 -0.066824
v -0.090072 0.015479 -0.068713
v -0.072869 -0.028160 -0.041339
v -0.071963 -0.029709 -0.039986
v -0.044058 -0.098280 -0.021774
v -0.054779 -0.094541 -0.034628
v -0.054297 -0.104767 -0.034097
v -0.044188 -0.108751 -0.021961
v -0.081154 0.015579 -0.049440
v -0.079719 0.018281 -0.049276
v 0.041535 0.024335 0.035323
v 0.040638 0.024397 0.033543
v 0.038825 0.025621 0.037182
v -0.063408 -0.010907 -0.054453
v -0.063389 -0.010990 -0.054459
v -0.066044 -0.012724 -0.054229
v -0.068140 -0.007050 -0.051848
v -0.064521 -0.006630 -0.053031
v 0.037898 0.025195 0.035234
v 0.034620 0.031198 0.038343
v 0.040672 0.030687 0.036942
v 0.037334 0.025579 0.033472
v 0.034786 0.023528 0.029121
v 0.033126 0.023707 0.029761
v 0.034084 0.025571 0.034555
v -0.068574 -0.010034 -0.055651
v 0.023547 0.022597 0.034699
v 0.024451 0.023534 0.035332
v -0.068139 -0.004903 -0.054256
v -0.068017 -0.003831 -0.052981
v -0.069102 -0.016727 -0.050461
v -0.070100 -0.017642 -0.052295
v -0.071743 -0.018116 -0.049167
v -0.064322 -0.011393 -0.055863
v -0.075922 0.004973 -0.056267
v 0.028870 0.022625 0.029972
v 0.028505 0.022278 0.029733
v 0.022215 0.022559 0.035133
v 0.023564 0.023520 0.036015
v -0.071283 -0.009690 -0.055536
v -0.072331 -0.011801 -0.057499
v -0.071631 -0.013461 -0.056578
v -0.070636 -0.011377 -0.055433
v -0.078461 -0.021447 -0.057076
v -0.078488 -0.019674 -0.057074
v -0.070456 -0.015993 -0.059175
v -0.074058 -0.016371 -0.057294
v -0.075974 -0.000256 -0.054264
v -0.077411 0.002529 -0.051940
v -0.073451 -0.003124 -0.052230
v -0.071386 -0.007607 -0.054654
v -0.072957 -0.009816 -0.056952
v -0.068242 -0.005935 -0.052038
v -0.071421 -0.005597 -0.050670
v -0.071178 -0.004540 -0.050989
v -0.068209 -0.004985 -0.052323
v -0.080748 0.010009 -0.057779
v -0.078243 0.016447 -0.047451
v -0.079867 0.013266 -0.048407
v -0.079295 0.027289 -0.072062
v -0.077325 0.019410 -0.077135
v -0.077667 0.019580 -0.064201
v -0.069372 -0.008413 -0.055561
v -0.064378 -0.004592 -0.053721
v -0.065106 -0.005267 -0.053380
v -0.084065 -0.017628 -0.064774
v -0.072360 -0.018887 -0.048666
v -0.075095 0.004311 -0.051403
v -0.083394 -0.009293 -0.071981
v -0.082440 -0.014698 -0.070119
v -0.074823 0.005675 -0.051628
v -0.074978 0.006670 -0.051635
v -0.070947 -0.017594 -0.053273
v -0.072797 -0.017482 -0.050644
v -0.075246 0.006935 -0.051383
v -0.074573 -0.011422 -0.047824
v -0.084331 0.009968 -0.062392
v 0.028062 0.024947 0.035512
v 0.030235 0.023226 0.030223
v -0.075635 -0.028982 -0.057892
v -0.073913 -0.030396 -0.054777
v 0.029388 0.022938 0.030144
v -0.064956 -0.005669 -0.052937
v 0.026332 0.024253 0.035319
v -0.068040 -0.013599 -0.052690
v -0.068477 -0.006591 -0.054549
v 0.027620 0.025395 0.037400
v 0.025215 0.024363 0.036654
v 0.034577 0.025660 0.036347
v -0.073559 -0.007658 -0.049702
v -0.073135 -0.009790 -0.049446
v -0.074780 -0.009202 -0.047632
v 0.020955 0.073123 -0.148097
v 0.020387 0.057574 -0.151511
v -0.075035 -0.015698 -0.058954
v -0.071426 -0.013893 -0.061134
v -0.072794 -0.013077 -0.063087
v -0.076931 -0.014520 -0.060155
v -0.081090 -0.019706 -0.067705
v -0.079369 -0.024114 -0.064301
v -0.081311 -0.025855 -0.064300
v -0.083708 -0.020974 -0.067648
v 0.039957 0.059349 -0.142506
v 0.040000 0.072795 -0.139746
v -0.080105 0.043530 -0.080820
v -0.079724 0.032777 -0.065203
v -0.080551 0.049779 -0.069389
v -0.082307 0.018813 -0.065347
v -0.082166 0.016654 -0.066949
v -0.087223 0.017328 -0.069579
v -0.077812 0.022893 -0.051128
v -0.078189 0.020366 -0.054577
v -0.080023 0.020377 -0.053061
v -0.087187 -0.004533 -0.073875
v 0.039896 0.024840 0.031989
v 0.035987 0.023203 0.028405
v 0.049917 0.073888 -0.131940
v 0.049167 0.082402 -0.128988
v 0.040541 0.084381 -0.134562
v 0.035304 -0.061125 -0.100428
v 0.025513 -0.072776 -0.106968
v -0.075405 0.005548 -0.045912
v -0.077443 0.005739 -0.047851
v 0.020153 0.022144 0.036457
v -0.077509 -0.017742 -0.066321
v 0.021973 0.023501 0.036934
v -0.078427 -0.016481 -0.057495
v -0.080694 -0.015669 -0.059209
v -0.087546 0.018567 -0.058883
v -0.085079 0.016575 -0.056681
v 0.018949 0.020931 0.036038
v 0.018399 0.020762 0.036052
v 0.019577 0.022257 0.036382
v 0.021127 0.023716 0.036860
v 0.024107 0.024633 0.037437
v 0.023474 0.025055 0.037883
v 0.026908 0.026579 0.038968
v 0.027205 0.025751 0.038694
v 0.034526 0.026446 0.038291
v 0.034510 0.027677 0.038796
v 0.026518 0.027627 0.038447
v 0.023111 0.025687 0.037337
v 0.025918 0.028740 0.037986
v 0.022712 0.026770 0.037083
v 0.034584 0.029881 0.037567
v 0.034489 0.028989 0.038468
v 0.021897 0.018750 0.036109
v 0.019515 0.019135 0.035946
v 0.022406 0.018985 0.036156
v 0.019754 0.019361 0.035934
v 0.023487 0.019384 0.035248
v 0.019041 0.019872 0.035695
v 0.018444 0.019665 0.035766
v -0.010221 -0.105014 0.011785
v -0.010200 -0.114101 0.006411
v 0.023978 0.019501 0.035039
v 0.018910 0.022367 0.035887
v 0.017487 0.020550 0.035870
v 0.017660 0.022812 0.034944
v 0.016740 0.020637 0.035234
v 0.019890 0.025210 0.035590
v 0.020581 0.024114 0.035954
v 0.017398 0.019517 0.035576
v 0.017799 0.019052 0.035736
v 0.016611 0.019481 0.035314
v 0.017018 0.018839 0.035561
v 0.024417 0.015727 0.037360
v 0.024030 0.015099 0.037326
v 0.021138 0.017236 0.036662
v 0.020499 0.016741 0.036502
v 0.033002 0.012458 0.036692
v 0.036085 0.012492 0.035777
v 0.032676 0.011284 0.036716
v -0.007460 -0.009106 0.057956
v -0.008586 -0.009437 0.056737
v -0.006990 -0.007817 0.055511
v -0.006594 -0.007723 0.056084
v 0.035991 0.011385 0.035586
v 0.027347 0.011655 0.037589
v 0.027863 0.012653 0.037468
v 0.031543 -0.113048 -0.011403
v 0.046537 0.014430 0.027465
v 0.047452 0.013805 0.026644
v 0.045869 0.012804 0.028591
v 0.045017 0.013827 0.029058
v 0.043304 0.013295 0.030792
v -0.008191 -0.018179 0.057789
v -0.007246 -0.016786 0.057073
v -0.008524 -0.016999 0.056013
v -0.009590 -0.017685 0.057005
v 0.043661 0.012034 0.030714
v 0.041194 0.011640 0.032588
v 0.041093 0.012712 0.032718
v 0.039198 0.012611 0.034165
v 0.039049 0.011367 0.034069
v 0.049702 0.018218 0.024763
v 0.050601 0.021695 0.024464
v 0.051090 0.017543 0.023225
v 0.052753 0.021322 0.022276
v 0.015828 0.024090 0.034994
v -0.005866 -0.007489 0.055326
v -0.004628 -0.009453 0.058549
v -0.005827 -0.009236 0.058937
v -0.006180 -0.007653 0.055703
v 0.015472 0.020960 0.034755
v 0.014131 0.024851 0.035902
v 0.013992 0.021735 0.035491
v 0.015617 0.027649 0.036848
v 0.017388 0.027032 0.035795
v 0.015719 0.019607 0.035166
v 0.016209 0.018547 0.035240
v 0.014532 0.019566 0.035386
v 0.015275 0.018113 0.035587
v 0.023652 0.014240 0.037204
v 0.023102 0.013291 0.037232
v 0.019853 0.016116 0.036613
v 0.018824 0.015285 0.036644
v 0.047441 -0.009896 -0.118071
v 0.051821 0.032080 -0.131000
v 0.047836 0.034569 0.034208
v 0.045509 0.031746 0.035035
v 0.042210 0.033008 0.037275
v 0.044124 0.036439 0.037420
v 0.050382 0.038551 0.032157
v 0.052472 0.035254 0.029522
v 0.050078 0.032353 0.031468
v 0.047928 0.030036 0.032737
v 0.051539 0.024523 0.025371
v 0.049868 0.024603 0.026964
v 0.049968 0.026244 0.028301
v 0.051662 0.027018 0.026832
v 0.053805 0.024696 0.022998
v 0.054252 0.028146 0.024658
v 0.051184 0.029586 0.029016
v 0.049069 0.028031 0.030403
v 0.053765 0.031376 0.027058
v 0.023075 0.032546 0.039462
v 0.023992 0.031341 0.038311
v 0.021265 0.029107 0.037053
v 0.019793 0.029390 0.037552
v 0.022652 0.034043 0.040361
v 0.017955 0.030229 0.038154
v 0.037006 0.036994 0.040604
v 0.035901 0.034082 0.039450
v 0.025234 0.029440 0.037353
v 0.023206 0.027927 0.037240
v 0.025053 0.029625 0.037237
v 0.022789 0.027891 0.037016
v 0.058185 0.093043 -0.111189
v 0.060371 0.098957 -0.098625
v 0.043932 0.109830 -0.104978
v 0.042998 0.102519 -0.117324
v 0.041994 0.028059 0.035037
v 0.042462 0.028583 0.034864
v 0.044778 0.027505 0.033076
v 0.044397 0.026976 0.033215
v 0.046204 0.025938 0.031164
v 0.046636 0.026497 0.031200
v 0.047709 0.025395 0.029595
v 0.047367 0.025026 0.029559
v 0.047942 0.024251 0.028376
v 0.048310 0.024426 0.028106
v 0.022586 0.028760 0.037169
v 0.024532 0.030009 0.037708
v 0.051245 0.062081 -0.133236
v 0.045091 0.073147 0.023299
v 0.052129 0.069905 0.016484
v 0.050288 0.062854 0.022183
v 0.043426 0.029659 0.035322
v 0.045897 0.028446 0.033291
v 0.047574 0.027143 0.031128
v 0.048647 0.025676 0.029305
v 0.049106 0.024778 0.028038
v 0.071627 -0.012404 -0.038749
v 0.071798 -0.012345 -0.040361
v 0.078019 -0.002352 -0.066049
v 0.075819 0.004143 -0.065028
v 0.074634 0.007581 -0.063738
v 0.080174 0.014725 -0.049558
v 0.082179 0.017748 -0.052370
v 0.082098 -0.020909 -0.059319
v 0.078749 -0.022796 -0.055555
v -0.087965 0.021640 -0.059591
v 0.081849 -0.019963 -0.059818
v 0.088362 0.013658 -0.061608
v 0.088718 0.012073 -0.062992
v 0.089624 0.011726 -0.062678
v 0.040526 -0.031542 -0.108208
v 0.044964 -0.018793 -0.114185
v 0.088886 0.010353 -0.064383
v 0.073455 -0.007785 -0.042575
v 0.079285 -0.002833 -0.066229
v 0.080995 -0.003417 -0.068000
v 0.081946 -0.008503 -0.068285
v 0.081079 -0.007978 -0.067626
v 0.081193 -0.013538 -0.066554
v 0.080401 -0.012683 -0.066071
v 0.083381 -0.017101 -0.062329
v 0.083471 -0.012718 -0.065114
v 0.083208 0.018142 -0.053756
v 0.083123 0.017364 -0.053019
v 0.083953 0.018138 -0.054192
v 0.074303 -0.008906 -0.043943
v 0.078439 0.012561 -0.049627
v 0.078202 0.010788 -0.047879
v 0.077881 0.011236 -0.048345
v 0.072328 -0.004012 -0.047766
v 0.072100 -0.003205 -0.047905
v 0.073487 -0.005476 -0.047451
v 0.075189 -0.006771 -0.045385
v 0.069392 -0.014240 -0.047616
v 0.069014 -0.014933 -0.049170
v 0.068421 -0.015637 -0.048637
v 0.085854 0.023813 -0.057377
v 0.078328 0.009807 -0.047481
v 0.079538 0.010774 -0.047861
v 0.080127 0.011886 -0.048186
v 0.084674 0.017447 -0.054355
v 0.080623 0.012762 -0.048408
v 0.079590 0.012861 -0.048591
v 0.080926 0.014410 -0.049423
v 0.078918 0.012981 -0.048962
v 0.074346 -0.011698 -0.061135
v 0.073334 -0.011754 -0.059145
v 0.073138 0.007599 -0.039412
v 0.073726 0.005589 -0.041112
v 0.077787 -0.023548 -0.053344
v 0.075489 0.013349 -0.058100
v 0.076735 0.016342 -0.060267
v 0.085377 -0.008640 -0.066305
v 0.078425 -0.014966 -0.056962
v 0.076321 -0.015914 -0.055670
v 0.080663 -0.013594 -0.058361
v 0.082728 -0.011041 -0.059792
v 0.074851 0.003951 -0.051730
v 0.084055 0.008150 -0.057549
v 0.084416 0.005993 -0.058825
v 0.082677 0.008325 -0.056239
v 0.077998 0.019578 -0.058897
v 0.078256 0.019269 -0.056281
v 0.075041 0.016285 -0.057372
v 0.078039 0.017411 -0.055618
v 0.071326 -0.010938 -0.047228
v 0.068863 -0.016393 -0.051091
v 0.071033 -0.015152 -0.052416
v 0.069914 -0.016999 -0.052076
v 0.071505 -0.016117 -0.053695
v 0.071743 -0.014871 -0.055151
v 0.072237 -0.013193 -0.056278
v 0.073638 -0.011366 -0.056200
v 0.071146 -0.007012 -0.047755
v 0.077751 0.019694 -0.047023
v 0.070667 -0.008796 -0.047839
v 0.072600 -0.005299 -0.047556
v 0.072511 -0.007013 -0.047259
v 0.072007 -0.008890 -0.047074
v 0.074604 -0.018740 -0.049573
v 0.074753 -0.017236 -0.052027
v 0.073581 -0.018161 -0.048867
v 0.075188 -0.016755 -0.054179
v 0.072594 -0.017759 -0.048411
v 0.077172 0.014201 -0.057530
v 0.078084 0.017031 -0.057545
v 0.071413 -0.008981 -0.037199
v 0.064374 -0.000905 0.012447
v 0.065799 0.008066 0.006312
v 0.026942 -0.037332 0.041116
v 0.026309 -0.039453 0.042467
v 0.056805 -0.008973 0.026871
v 0.052600 -0.011308 0.031829
v 0.025296 -0.033032 0.050403
v 0.024440 -0.032293 0.050642
v 0.023421 -0.031500 0.050875
v 0.024163 -0.032450 0.050371
v 0.022149 -0.028791 0.050933
v 0.023117 -0.030839 0.049708
v 0.023345 -0.031015 0.050537
v 0.022470 -0.029176 0.051377
v 0.028578 -0.025699 0.048465
v 0.032290 -0.021801 0.046514
v 0.035483 -0.024675 0.046010
v 0.031863 -0.027633 0.048240
v 0.024499 -0.035035 0.042647
v 0.024587 -0.034499 0.042539
v 0.024041 -0.033902 0.045337
v 0.023650 -0.033508 0.045502
v 0.024419 -0.034992 0.043135
v 0.023345 -0.033025 0.045713
v 0.026772 -0.036615 0.040347
v 0.026437 -0.034982 0.039770
v 0.034513 -0.038480 0.047446
v 0.030884 -0.036385 0.048791
v 0.031994 -0.035110 0.048551
v 0.035830 -0.035867 0.046869
v 0.024906 -0.016274 0.046465
v 0.028845 -0.018894 0.046556
v 0.025598 -0.023354 0.048108
v 0.021439 -0.019762 0.047483
v 0.017605 -0.015779 0.047615
v 0.020678 -0.012895 0.046436
v 0.015981 -0.008696 0.050929
v 0.016860 -0.012756 0.052264
v 0.016394 -0.014222 0.055686
v 0.016766 -0.012009 0.054635
v 0.014679 -0.018377 0.054179
v 0.017098 -0.014926 0.050246
v 0.010412 -0.019363 0.055167
v -0.011814 -0.017292 0.057446
v -0.010753 -0.015479 0.056859
v -0.010877 -0.015075 0.058448
v -0.013202 -0.016287 0.058795
v 0.010357 -0.018951 0.056129
v 0.014703 -0.018388 0.052910
v -0.004394 -0.015866 0.065156
v -0.005466 -0.013675 0.065037
v -0.004596 -0.015015 0.063235
v -0.004634 -0.016910 0.062714
v 0.014775 -0.018880 0.050888
v 0.010815 -0.019637 0.054022
v 0.009914 -0.018209 0.057075
v 0.012960 -0.018034 0.056702
v -0.007577 -0.013439 0.064212
v -0.009466 -0.013374 0.066154
v -0.011323 -0.013499 0.064495
v -0.009075 -0.014078 0.062652
v -0.004710 -0.013704 0.058859
v -0.005957 -0.015611 0.059972
v -0.003914 -0.012748 0.062083
v -0.010723 -0.012884 0.057038
v -0.010575 -0.013886 0.055910
v -0.008518 -0.010377 0.055712
v -0.008740 -0.009986 0.055299
v 0.014675 -0.015709 0.057982
v 0.004024 -0.016803 0.065029
v 0.005033 -0.015549 0.066998
v 0.009215 0.013602 0.049847
v 0.011855 0.010184 0.046830
v 0.009364 0.011137 0.051835
v 0.011889 0.007836 0.048854
v 0.014234 -0.013233 0.061429
v 0.015366 -0.011485 0.059998
v 0.011635 -0.011944 0.065334
v 0.012321 -0.009470 0.064900
v 0.005013 0.028818 0.048780
v 0.001965 -0.020730 0.061056
v 0.002307 -0.021219 0.060774
v 0.001894 -0.019160 0.062634
v 0.021913 0.095569 -0.135539
v 0.022503 0.107849 -0.124307
v 0.021726 0.120768 -0.101150
v 0.019536 0.124880 -0.088703
v 0.005733 -0.036223 0.061351
v 0.005105 -0.033906 0.061219
v 0.012843 -0.039326 0.047762
v 0.007649 -0.040409 0.048744
v 0.007598 -0.041760 0.051752
v 0.012992 -0.040956 0.050957
v 0.016596 -0.039279 0.049782
v 0.017219 -0.037479 0.046559
v 0.012627 -0.037288 0.045084
v 0.007156 -0.038335 0.045545
v 0.012321 -0.041985 0.056754
v 0.007156 -0.042507 0.058422
v 0.006762 -0.040714 0.060506
v 0.012032 -0.040309 0.058369
v 0.017535 -0.022896 0.049817
v 0.013611 -0.022758 0.052207
v 0.009490 -0.022876 0.055978
v 0.006465 -0.023168 0.058722
v 0.005757 -0.021061 0.058903
v 0.007899 -0.020376 0.056689
v 0.005510 -0.020349 0.059120
v 0.007518 -0.019839 0.057197
v 0.007554 -0.019271 0.057652
v 0.008051 -0.018626 0.058058
v 0.006392 -0.018640 0.059201
v 0.006939 -0.018098 0.059089
v 0.005608 -0.019741 0.059267
v 0.004449 0.005672 0.065146
v 0.004551 0.009127 0.061936
v 0.009363 -0.031927 0.059297
v 0.004757 -0.032083 0.060748
v 0.004281 -0.028740 0.060244
v 0.008469 -0.028452 0.058808
v 0.012680 -0.028651 0.056341
v 0.014188 -0.032597 0.056923
v 0.002675 -0.021868 0.060492
v 0.009774 -0.033612 0.059544
v 0.010373 -0.035624 0.059805
v 0.014803 -0.034226 0.057253
v 0.015313 -0.035867 0.057456
v 0.019091 -0.033710 0.054463
v 0.017975 -0.029709 0.053719
v 0.024077 -0.030352 0.051185
v 0.023487 -0.034422 0.052195
v 0.032017 -0.033444 0.048778
v 0.026823 -0.033587 0.050227
v 0.026863 -0.033315 0.050404
v 0.026564 -0.033478 0.050882
v 0.031182 -0.031931 0.049277
v 0.035687 -0.033201 0.046884
v 0.034397 -0.030271 0.047499
v 0.028781 -0.031161 0.050120
v 0.025723 -0.034052 0.051238
v 0.025429 -0.033785 0.050699
v 0.024322 -0.033269 0.050638
v 0.025110 -0.034362 0.051147
v 0.024092 -0.034436 0.051041
v 0.024518 -0.035047 0.051588
v 0.023625 -0.035658 0.051423
v 0.022641 -0.036696 0.051986
v 0.023123 -0.035770 0.052257
v 0.022795 -0.035335 0.049754
v 0.021737 -0.037116 0.050186
v 0.021577 -0.037534 0.050904
v 0.022482 -0.035883 0.050244
v 0.023498 -0.033546 0.049461
v 0.023067 -0.034135 0.050087
v 0.023989 -0.035011 0.045545
v 0.023468 -0.036117 0.045649
v -0.046742 -0.081200 -0.021213
v -0.055796 -0.080882 -0.036295
v 0.023654 -0.032020 0.049449
v 0.023721 -0.032262 0.049992
v 0.023518 -0.032384 0.050491
v 0.023395 -0.034260 0.050595
v 0.022889 -0.035902 0.050896
v 0.022043 -0.037332 0.051457
v 0.015658 -0.037635 0.057125
v 0.019074 -0.036417 0.054963
v 0.019001 -0.037845 0.054308
v 0.015771 -0.039793 0.056053
v 0.018849 -0.038930 0.053468
v 0.017705 -0.035431 0.043725
v 0.015770 -0.040790 0.054645
v 0.021313 -0.036007 0.044354
v 0.022172 -0.034448 0.041640
v 0.020382 -0.037567 0.047519
v 0.024523 -0.034613 0.042873
v 0.024096 -0.035310 0.042683
v 0.025941 -0.034226 0.039761
v 0.025178 -0.034125 0.040022
v 0.018982 -0.039056 0.052302
v 0.019187 -0.035144 0.054858
v 0.011104 -0.037763 0.059431
v 0.006103 -0.038233 0.061075
v -0.034087 0.005359 0.036451
v -0.033560 0.002361 0.037655
v -0.029334 0.003786 0.038689
v -0.030088 0.006196 0.037627
v 0.005489 -0.001883 0.071676
v 0.004900 0.002316 0.068152
v 0.022795 -0.030174 0.051220
v 0.009986 -0.120953 0.002469
v -0.075129 -0.007261 -0.046794
v -0.074367 -0.006561 -0.045817
v -0.082170 0.014143 -0.068568
v 0.025904 -0.033244 0.050259
v 0.023999 -0.036217 0.044100
v 0.022622 -0.032521 0.046654
v 0.031071 -0.039934 0.048884
v 0.025802 -0.041364 0.052369
v 0.023723 -0.037509 0.053313
v 0.027967 -0.036797 0.050286
v 0.021193 -0.031319 0.054083
v 0.024171 -0.032665 0.051561
v -0.085565 0.016348 -0.065305
v 0.022863 -0.030818 0.052053
v 0.020088 -0.028982 0.054400
v 0.019355 -0.027077 0.054758
v 0.021985 -0.029443 0.052207
v 0.018116 -0.023363 0.055978
v 0.014066 -0.020587 0.058676
v 0.013204 -0.027116 0.054369
v 0.017517 -0.029108 0.051946
v 0.021814 -0.031098 0.048416
v 0.021285 -0.026770 0.052185
v -0.082597 0.020318 -0.063423
v -0.082183 0.021787 -0.058724
v -0.080499 0.020544 -0.057918
v -0.080660 0.018821 -0.061840
v 0.018379 -0.023602 0.055378
v 0.021507 -0.026571 0.052540
v 0.013980 -0.020980 0.058774
v 0.020559 -0.117703 -0.002817
v 0.021584 -0.027845 0.052482
v 0.018715 -0.024930 0.055026
v 0.014315 -0.022413 0.058524
v 0.014981 -0.024929 0.058487
v 0.015708 -0.027450 0.058606
v 0.016412 -0.030292 0.058255
v 0.018040 -0.037420 0.057563
v 0.019491 -0.042286 0.057174
v 0.012168 -0.036993 0.060194
v 0.013193 -0.041660 0.060986
v 0.011319 -0.029719 0.061734
v 0.010973 -0.026231 0.062694
v 0.010421 -0.023186 0.062349
v 0.010040 -0.020388 0.061849
v 0.003172 -0.023586 0.060128
v 0.005254 -0.018455 0.060299
v 0.004196 -0.017692 0.062413
v 0.007568 -0.013876 0.067810
v 0.001696 -0.018139 0.064972
v 0.010212 -0.012281 0.066970
v 0.008452 -0.012730 0.068536
v 0.008915 -0.011319 0.069329
v 0.010037 -0.010671 0.068218
v 0.007079 -0.013325 0.069824
v 0.008352 -0.011626 0.070215
v 0.003209 -0.014454 0.071833
v 0.004381 -0.011161 0.073866
v 0.005546 -0.005489 0.073717
v 0.004927 -0.008967 0.074396
v 0.009743 -0.009786 0.069709
v 0.010954 -0.007938 0.068069
v -0.089343 0.016111 -0.063558
v 0.010950 -0.004694 0.066193
v 0.012798 -0.006819 0.062654
v 0.010338 0.129688 -0.044811
v 0.009713 -0.018695 0.061789
v 0.009331 -0.018566 0.060832
v -0.073680 -0.020289 -0.048322
v -0.082233 0.006192 -0.060309
v 0.012002 -0.041117 0.049321
v 0.012574 -0.034886 0.051012
v 0.007832 -0.034024 0.052746
v -0.081671 0.022219 -0.056210
v -0.084783 0.023469 -0.056795
v 0.007109 -0.040268 0.051393
v 0.005400 -0.017573 0.061844
v -0.086750 -0.004442 -0.069162
v -0.089947 0.014808 -0.065381
v -0.088535 0.013226 -0.064347
v -0.082995 0.014448 -0.051621
v -0.075093 -0.010395 -0.064311
v -0.080696 -0.010359 -0.061860
v -0.079025 -0.012996 -0.061051
v -0.074307 -0.012261 -0.063868
v -0.074416 0.001611 -0.056616
v 0.004869 -0.024588 0.056656
v 0.008527 -0.025384 0.056053
v 0.005307 -0.017676 0.063121
v 0.005588 -0.019240 0.063667
v 0.005917 -0.022155 0.064497
v 0.004462 -0.033381 0.053373
v 0.003878 -0.039925 0.052322
v -0.071450 -0.015520 -0.039041
v 0.022456 -0.036482 0.045808
v -0.078409 -0.025695 -0.053996
v -0.079161 -0.024638 -0.056547
v -0.031685 -0.032340 -0.118555
v -0.035186 -0.021215 -0.125157
v -0.089061 -0.004817 -0.072253
v 0.023351 -0.041200 0.044153
v 0.017566 -0.036351 0.048927
v 0.017634 -0.041241 0.047054
v 0.007213 -0.041014 0.063693
v 0.006597 -0.036480 0.062191
v 0.006067 -0.025954 0.064911
v 0.006093 -0.030051 0.063461
v 0.022496 0.115395 -0.113375
v 0.062682 0.075878 -0.007079
v 0.061006 0.069812 0.001309
v -0.082783 0.018751 -0.059086
v 0.054582 0.076997 0.007866
v 0.056129 0.082217 0.000593
v 0.063186 0.084342 -0.015404
v 0.056741 0.089039 -0.007239
v 0.039989 0.121990 -0.064339
v 0.040524 0.121229 -0.050040
v 0.021511 0.127151 -0.046131
v 0.034827 0.122135 -0.078315
v 0.047182 0.114015 -0.087661
v 0.049357 0.116574 -0.068228
v 0.049290 0.116265 -0.052902
v -0.075489 -0.020651 -0.049518
v -0.075599 -0.025866 -0.047267
v -0.074219 -0.025252 -0.045464
v -0.079445 0.008988 -0.057133
v 0.025372 -0.084548 -0.108292
v 0.051940 0.044684 -0.132412
v 0.047988 0.115114 -0.039052
v 0.039840 0.119274 -0.036204
v 0.039328 0.116077 -0.023750
v 0.046655 0.112722 -0.027271
v 0.021374 0.124566 -0.031595
v 0.010335 0.126726 -0.029741
v 0.018028 0.007921 -0.145953
v 0.004677 0.012520 0.059086
v 0.046223 -0.048048 -0.091399
v 0.055443 -0.048366 -0.073390
v 0.058127 -0.100325 -0.048325
v 0.068644 -0.025238 -0.054613
v 0.068194 -0.024458 -0.055247
v 0.057839 -0.063266 -0.053401
v 0.058638 -0.049250 -0.054602
v 0.036804 -0.046908 -0.103250
v 0.077032 -0.014101 -0.065322
v 0.077768 -0.010418 -0.066200
v 0.078561 -0.015082 -0.064963
v 0.079218 -0.011090 -0.066121
v 0.079465 -0.006868 -0.066529
v 0.079395 -0.016887 -0.064081
v 0.078372 0.018981 -0.054477
v 0.079916 0.020429 -0.053183
v -0.076847 -0.016436 -0.066249
v -0.076809 -0.014211 -0.067458
v 0.068115 -0.026878 -0.050451
v 0.067952 -0.026127 -0.052111
v -0.064924 -0.004805 -0.054402
v 0.067261 -0.026464 -0.051390
v 0.067150 -0.026974 -0.050009
v 0.067994 -0.027861 -0.048803
v 0.067043 -0.027628 -0.048870
v 0.077888 0.035957 -0.047715
v 0.065926 -0.026935 -0.052503
v 0.067326 -0.024889 -0.054881
v 0.067479 -0.025537 -0.053408
v 0.066927 -0.026362 -0.052075
v 0.066824 -0.027510 -0.050083
v 0.066813 -0.028457 -0.048368
v 0.067297 -0.029071 -0.047718
v -0.078775 -0.022471 -0.063788
v -0.075292 -0.027286 -0.057811
v -0.058957 -0.078389 -0.051298
v -0.056481 -0.075765 -0.067445
v -0.057445 -0.087306 -0.064899
v -0.059211 -0.090939 -0.049288
v -0.072526 -0.002180 -0.040216
v -0.072577 -0.008856 -0.042626
v -0.072419 -0.010191 -0.040840
v 0.079901 -0.018132 -0.064387
v 0.072875 -0.028411 -0.052958
v -0.023804 -0.096016 0.005260
v -0.021158 -0.110231 0.000655
v 0.076733 0.012842 -0.059651
v 0.076548 0.011016 -0.061297
v 0.079110 0.012420 -0.062444
v 0.079173 0.014474 -0.061040
v 0.057626 -0.009011 -0.105656
v 0.060080 0.001987 -0.110791
v 0.011918 -0.082325 -0.112847
v 0.011750 -0.069679 -0.112829
v 0.074980 0.034434 -0.095445
v 0.076891 0.014314 -0.058341
v 0.079439 0.016127 -0.059717
v 0.078195 -0.006357 -0.066404
v 0.074678 0.014314 -0.058675
v 0.074812 0.012633 -0.060062
v 0.080735 0.017649 -0.061201
v 0.080475 0.015753 -0.062622
v 0.080263 0.013485 -0.063975
v 0.074932 0.010725 -0.061491
v -0.071335 -0.014929 -0.035267
v -0.070124 -0.015713 -0.023234
v -0.071846 0.000228 -0.023938
v -0.071745 -0.005300 -0.034751
v 0.077766 0.018067 -0.060587
v 0.079996 0.064550 -0.071805
v 0.079067 0.058841 -0.085853
v 0.076629 0.081449 -0.075318
v 0.075533 0.076591 -0.090616
v 0.070886 0.070808 -0.106592
v 0.074153 0.052037 -0.101866
v 0.078287 0.019184 -0.054925
v 0.080702 0.021487 -0.053510
v 0.063743 0.090849 -0.023229
v 0.068903 0.085991 -0.030456
v 0.056909 0.095001 -0.014415
v 0.056741 0.100349 -0.021152
v 0.063088 0.097055 -0.030186
v 0.070382 0.090498 -0.042428
v 0.079098 0.055369 -0.056796
v 0.078323 0.069833 -0.057653
v 0.075327 0.073654 -0.044048
v -0.059911 0.030565 0.013060
v -0.061873 0.030547 0.009201
v -0.061948 0.021612 0.008956
v -0.059692 0.022801 0.012575
v 0.074663 0.086127 -0.059690
v 0.066107 0.099627 -0.048748
v 0.069835 0.096099 -0.063445
v 0.058989 0.108080 -0.052538
v 0.061083 0.106322 -0.067285
v 0.060913 0.103799 -0.083358
v 0.071436 0.092306 -0.078677
v 0.061208 0.102581 -0.036372
v 0.055088 0.105191 -0.026583
v 0.056099 0.108958 -0.039788
v 0.052757 0.109266 -0.031098
v 0.073375 0.074959 -0.037019
v 0.061667 -0.032775 -0.048179
v 0.064234 -0.033395 -0.042849
v -0.019614 0.087099 0.031046
v -0.009343 0.088468 0.033208
v -0.009592 0.095637 0.027145
v -0.020045 0.094319 0.024583
v 0.068852 -0.022665 -0.034847
v -0.036995 -0.012814 -0.129220
v -0.038751 -0.002182 -0.133727
v -0.019173 -0.004899 -0.140700
v -0.018152 -0.014690 -0.135666
v 0.068512 0.001573 -0.000234
v 0.068206 0.013587 -0.002780
v 0.071390 0.005853 -0.013562
v 0.069546 -0.008315 -0.011879
v -0.020288 0.111670 0.002457
v -0.009754 0.113240 0.005153
v -0.009909 0.118440 -0.004858
v -0.020606 0.116599 -0.007212
v -0.052497 0.004841 0.026117
v -0.054438 -0.000094 0.027253
v -0.050791 -0.000821 0.030593
v -0.049354 0.004167 0.029037
v 0.067008 0.027155 -0.004305
v 0.070257 0.019679 -0.015061
v 0.071256 0.035250 -0.017208
v 0.067493 0.042509 -0.004591
v 0.062025 0.065511 -0.121837
v 0.064167 0.048630 -0.119880
v -0.075450 -0.030014 -0.044218
v -0.074402 -0.029122 -0.042955
v 0.064461 0.035856 -0.118092
v 0.048407 0.057273 0.026453
v -0.010107 0.122920 -0.016623
v -0.021047 0.120902 -0.018549
v 0.021502 0.086736 -0.141819
v 0.047034 0.080927 0.015330
v 0.054478 0.085722 -0.122098
v -0.001237 -0.068040 -0.114474
v 0.041418 0.091801 -0.128699
v 0.070564 0.087671 -0.093832
v 0.067231 0.082586 -0.107331
v 0.059069 0.076424 -0.122249
v 0.063287 0.019627 -0.116100
v 0.047203 0.108650 -0.019692
v 0.056564 0.024568 0.019583
v 0.055674 0.020034 0.018755
v 0.057020 0.029568 0.020810
v 0.053768 0.015174 0.020689
v 0.015139 0.007040 0.044539
v 0.015067 0.004561 0.046319
v 0.014408 0.002241 0.048593
v 0.018539 0.001916 0.044359
v 0.017679 -0.000864 0.046300
v 0.011582 0.002610 0.053364
v 0.011700 0.005260 0.051267
v 0.013886 -0.000196 0.050332
v 0.013394 -0.002879 0.052261
v 0.011223 -0.000063 0.056306
v 0.017363 -0.014710 0.048370
v 0.018202 -0.010008 0.046948
v 0.015699 -0.006285 0.048878
v 0.021425 -0.003398 0.045011
v 0.020064 -0.006333 0.046197
v 0.016683 -0.003245 0.047655
v 0.022938 -0.000495 0.043007
v 0.014264 -0.006071 0.054996
v 0.015731 -0.009725 0.057896
v 0.011657 -0.003402 0.059715
v 0.010090 -0.001082 0.062818
v 0.009703 0.002408 0.059391
v 0.018906 0.004378 0.042794
v 0.023737 0.002180 0.041614
v 0.023754 -0.009096 0.045837
v 0.028511 -0.011437 0.045594
v 0.026070 -0.005230 0.044120
v 0.030346 -0.007065 0.043636
v 0.027301 -0.002406 0.042496
v 0.031572 -0.004032 0.041802
v 0.032661 -0.014450 0.045292
v 0.036349 -0.017277 0.044674
v 0.039805 -0.021478 0.043691
v 0.039222 -0.012865 0.042293
v 0.043156 -0.017190 0.041012
v 0.040971 -0.008586 0.039908
v 0.045544 -0.012766 0.038348
v -0.011521 0.012505 0.044204
v -0.011926 0.014294 0.041329
v -0.015790 0.010846 0.040043
v -0.015325 0.009124 0.042047
v -0.006927 0.060672 0.045207
v -0.007926 0.067889 0.042564
v -0.016938 0.067322 0.041219
v -0.015450 0.060224 0.044319
v 0.035102 -0.009568 0.042962
v 0.036618 -0.006275 0.040875
v 0.032859 -0.001142 0.040069
v 0.028559 0.000506 0.040864
v 0.041861 0.000805 0.036079
v 0.041765 -0.004068 0.037869
v 0.037356 -0.002480 0.038985
v 0.037936 0.001374 0.037402
v 0.047040 -0.006895 0.035899
v 0.046574 -0.000074 0.034215
v 0.045646 0.004099 0.032722
v 0.031792 0.009284 0.037268
v 0.026596 0.009804 0.038000
v 0.035334 0.009230 0.036261
v 0.041714 0.004083 0.034860
v 0.038321 0.004525 0.036283
v 0.049210 0.011161 0.026418
v 0.047010 0.010190 0.028888
v 0.041522 0.009139 0.033363
v 0.038677 0.009105 0.034914
v 0.044458 0.009443 0.031315
v 0.021983 0.011389 0.037864
v 0.017098 0.013512 0.037842
v 0.054276 -0.061567 -0.070099
v 0.009549 0.005403 0.056530
v 0.009433 0.008447 0.053947
v 0.015592 0.030913 0.039602
v 0.013308 0.028154 0.038517
v 0.008025 0.028489 0.045882
v 0.019826 0.035289 0.042500
v 0.013869 0.016477 0.037705
v -0.020346 0.008423 0.039080
v -0.019541 0.006573 0.040561
v 0.012148 0.019206 0.037520
v 0.011562 0.021662 0.037581
v 0.011448 0.025124 0.037985
v -0.009626 0.102023 0.020585
v -0.020173 0.100716 0.017786
v -0.020492 0.127559 -0.068814
v -0.020914 0.127636 -0.060371
v -0.009724 0.130360 -0.060764
v -0.010879 0.129655 -0.073364
v 0.030892 0.048459 0.044026
v 0.027448 0.041791 0.045874
v 0.058566 0.062448 0.010335
v 0.062051 0.054234 0.006989
v 0.050854 0.043925 0.028864
v 0.054130 0.040198 0.025487
v 0.056195 0.035081 0.022724
v 0.063896 0.042658 0.004228
v 0.064552 0.029839 0.003396
v 0.065277 0.018556 0.003910
v -0.069762 0.000628 -0.094193
v -0.072679 -0.001030 -0.078735
v -0.075487 0.011068 -0.079849
v -0.073657 0.017185 -0.096579
v 0.048452 0.092991 0.001199
v -0.033494 -0.091138 -0.006394
v -0.031884 -0.104622 -0.009982
v -0.001214 -0.081162 -0.114228
v 0.048363 0.098776 -0.005654
v 0.048052 0.086786 0.008363
v 0.039013 0.111843 -0.014263
v 0.039097 0.107285 -0.005811
v 0.047984 0.104024 -0.012564
v 0.039587 0.102004 0.001510
v 0.039989 0.096218 0.008331
v 0.039614 0.090090 0.015615
v 0.038981 0.083926 0.022460
v 0.037437 0.075119 0.029519
v 0.045320 -0.060701 -0.088928
v 0.006866 -0.007559 0.055150
v 0.006461 -0.007734 0.055572
v -0.052474 0.052118 0.021019
v -0.054655 0.056307 0.016505
v -0.057898 0.049534 0.012809
v -0.055875 0.046415 0.017671
v 0.006689 -0.007591 0.054907
v 0.006220 -0.007639 0.055327
v 0.006593 -0.007923 0.055550
v 0.006429 -0.016569 0.058475
v 0.005329 -0.014777 0.057412
v 0.005929 -0.010639 0.056590
v 0.068270 -0.029216 -0.037050
v -0.005559 0.049122 0.048229
v -0.013096 0.048625 0.047827
v -0.011354 0.042492 0.048114
v -0.005065 0.042651 0.048579
v -0.059535 0.015477 0.012949
v -0.062203 0.012804 0.010365
v -0.061269 0.005135 0.015759
v -0.058223 0.008530 0.017554
v -0.054956 0.005507 0.023179
v -0.057549 0.000601 0.023416
v -0.018545 0.077170 0.037479
v -0.008692 0.078253 0.038951
v -0.060500 0.040350 0.010249
v -0.058512 0.038911 0.015004
v -0.008825 0.016058 0.046561
v -0.009454 0.017520 0.043021
v -0.007426 0.021536 0.044952
v -0.003319 0.021582 0.050878
v -0.003673 0.025472 0.048920
v -0.006882 0.025107 0.045573
v -0.033206 0.059870 0.036955
v -0.034759 0.066528 0.033415
v -0.042158 0.065194 0.027931
v -0.040555 0.059031 0.031582
v -0.020220 0.106332 0.010593
v -0.009659 0.107744 0.013401
v -0.004150 0.035088 0.047945
v -0.008630 0.035108 0.046284
v -0.007668 0.031313 0.045374
v -0.004001 0.031599 0.047829
v -0.024532 0.004896 0.039649
v -0.025241 0.006988 0.038570
v -0.066190 -0.029861 -0.049179
v -0.067988 -0.030911 -0.047988
v -0.073445 0.015841 -0.037416
v -0.072006 0.005186 -0.035557
v -0.072078 0.013177 -0.024780
v -0.072260 0.026558 -0.027119
v -0.074854 0.039064 -0.030631
v -0.075928 0.047035 -0.035674
v -0.077174 0.030185 -0.043191
v -0.075334 0.024841 -0.039601
v -0.053295 -0.084607 -0.078804
v -0.050647 -0.074227 -0.082447
v -0.003858 0.018431 0.053525
v -0.003982 0.015381 0.056189
v -0.020949 0.037240 -0.151516
v -0.020544 0.023703 -0.149790
v -0.040799 0.027622 -0.141361
v -0.040911 0.040540 -0.142596
v -0.066685 -0.010128 -0.090537
v -0.070050 -0.009853 -0.076265
v -0.009673 -0.012073 0.058820
v -0.006669 -0.007559 0.054806
v -0.007489 -0.010724 0.056230
v -0.006726 -0.007374 0.054896
v -0.010197 -0.014579 0.060668
v -0.013070 -0.014395 0.061829
v -0.007804 -0.015387 0.055408
v -0.006851 -0.015201 0.055873
v -0.006924 -0.010566 0.056391
v -0.006935 -0.007444 0.054832
v -0.001790 -0.017144 0.067564
v -0.002343 -0.015421 0.070458
v -0.006090 -0.014089 0.069097
v -0.004449 -0.015865 0.067081
v -0.006101 -0.007373 0.055523
v -0.005039 -0.010187 0.057379
v -0.004715 -0.011723 0.063128
v -0.006576 -0.009100 0.058776
v -0.006350 -0.007627 0.055896
v -0.006725 -0.011486 0.062238
v -0.005947 -0.017681 0.060293
v -0.008238 -0.011634 0.060708
v -0.077012 -0.017381 -0.056141
v -0.056893 -0.062173 -0.031907
v -0.061485 -0.048956 -0.040621
v -0.060814 -0.049918 -0.046575
v -0.058440 -0.065124 -0.041361
v -0.080821 0.008515 -0.058294
v -0.066684 0.058439 -0.004345
v -0.068093 0.069070 -0.014518
v -0.073451 0.058090 -0.026648
v -0.073041 0.048121 -0.021699
v -0.068400 0.078934 -0.022523
v -0.073768 0.068561 -0.033874
v -0.076784 0.056595 -0.043526
v -0.078860 0.035815 -0.056781
v -0.042041 0.017565 0.031731
v -0.042225 0.017384 0.031822
v -0.040651 0.017116 0.033158
v -0.040640 0.017212 0.033084
v -0.041706 0.017697 0.031148
v -0.040239 0.017064 0.032154
v -0.042699 0.018079 0.030223
v -0.043096 0.017821 0.030667
v -0.043265 0.017611 0.030691
v -0.024629 0.018409 0.035104
v -0.025114 0.018524 0.034745
v -0.027777 0.017543 0.034880
v -0.027321 0.017659 0.035865
v -0.024360 0.018178 0.035241
v -0.027004 0.017379 0.036065
v -0.028377 0.020495 0.028569
v -0.027955 0.020833 0.028504
v -0.029072 0.020147 0.028651
v -0.022481 0.020527 0.033093
v -0.022708 0.021613 0.033094
v -0.027872 0.021765 0.028456
v -0.027732 0.021165 0.028416
v -0.022625 0.019899 0.033443
v -0.021183 0.019791 0.033055
v -0.020308 0.020162 0.032390
v -0.020413 0.021743 0.032663
v -0.032661 0.016301 0.036012
v -0.032801 0.015550 0.036042
v -0.027722 0.015831 0.036226
v -0.027269 0.016748 0.036167
v -0.032576 0.016758 0.035916
v -0.035929 0.016977 0.034931
v -0.036071 0.016549 0.034978
v -0.035945 0.015824 0.035045
v -0.024159 0.016872 0.035883
v -0.024096 0.017840 0.035562
v -0.035757 0.015150 0.035159
v -0.032876 0.014974 0.035981
v -0.027913 0.015194 0.036193
v -0.024305 0.016397 0.036001
v -0.021540 0.017763 0.035275
v -0.022619 0.018011 0.035295
v -0.032556 0.014222 0.035929
v -0.032784 0.013341 0.035754
v -0.027574 0.013682 0.036288
v -0.027714 0.014512 0.036199
v -0.035586 0.014302 0.034921
v -0.035618 0.013390 0.034775
v -0.044407 0.017571 0.029036
v -0.044995 0.018037 0.028099
v -0.044926 0.017455 0.028260
v -0.044584 0.017076 0.028709
v -0.047297 0.015121 0.025109
v -0.048224 0.016478 0.024409
v -0.049525 0.016178 0.022753
v -0.048568 0.014709 0.023850
v -0.057003 0.006586 0.020140
v -0.050864 0.011926 0.023222
v -0.052194 0.013330 0.021156
v -0.043909 0.017437 0.029732
v -0.043259 0.017179 0.030645
v -0.043871 0.017736 0.029807
v -0.044368 0.017994 0.028899
v -0.044089 0.016683 0.029494
v -0.043366 0.016467 0.030476
v -0.042315 0.017047 0.031791
v -0.042513 0.016277 0.031638
v -0.040878 0.016050 0.033037
v -0.040722 0.016887 0.033071
v -0.038856 0.016773 0.033968
v -0.038986 0.017111 0.033970
v -0.038691 0.015959 0.034073
v -0.040905 0.015294 0.032867
v -0.038745 0.015180 0.034019
v -0.042436 0.015517 0.031378
v -0.043461 0.015859 0.030130
v -0.044256 0.016218 0.029018
v -0.044930 0.016596 0.028241
v -0.045389 0.017220 0.027701
v -0.044625 0.015694 0.028377
v -0.045318 0.015035 0.027432
v -0.044049 0.014480 0.028848
v -0.043677 0.015268 0.029614
v -0.045494 0.016195 0.027474
v -0.046322 0.015651 0.026342
v -0.042580 0.014920 0.030899
v -0.042646 0.014162 0.030370
v -0.040687 0.013723 0.032131
v -0.040833 0.014573 0.032582
v -0.038193 0.014529 0.033693
v -0.038123 0.013565 0.033380
v -0.032362 0.016859 0.035920
v -0.032036 0.016901 0.034752
v -0.035652 0.016773 0.033959
v -0.035631 0.017008 0.034912
v -0.038868 0.017046 0.034004
v -0.038495 0.016735 0.033198
v -0.035187 0.016522 0.033119
v -0.033313 0.019229 0.028442
v -0.034433 0.019300 0.027993
v -0.038147 0.016539 0.032348
v -0.031909 0.016832 0.033745
v -0.031743 0.019326 0.028827
v -0.028409 0.017711 0.033765
v -0.030170 0.019744 0.028765
v -0.025589 0.018510 0.034141
v -0.034062 0.029973 0.035619
v -0.033574 0.030070 0.036126
v -0.039068 0.029294 0.034970
v -0.038947 0.028987 0.034610
v -0.051463 0.001023 -0.123202
v -0.052740 0.016024 -0.128690
v -0.040442 0.011621 -0.138400
v -0.040972 0.026494 0.033828
v -0.040976 0.027524 0.033581
v -0.043351 0.026315 0.031784
v -0.043150 0.025366 0.031890
v -0.041059 0.025345 0.034239
v -0.042928 0.024113 0.032189
v -0.038367 0.026692 0.036161
v -0.038338 0.027924 0.035761
v -0.038362 0.028788 0.035255
v -0.042456 0.022865 0.028583
v -0.041694 0.023845 0.029205
v -0.042140 0.023437 0.030477
v -0.043158 0.022715 0.029309
v -0.043247 0.022157 0.027989
v -0.043899 0.022008 0.028544
v -0.037260 0.021973 0.026035
v -0.036932 0.022309 0.026280
v -0.036476 0.022724 0.026668
v -0.037387 0.021652 0.025893
v -0.037324 0.021310 0.025836
v -0.037444 0.020963 0.025854
v -0.037399 0.020648 0.025995
v -0.059599 -0.007205 0.021441
v -0.059683 0.002109 0.019709
v -0.062058 -0.005451 0.017064
v -0.043683 0.018003 0.029714
v -0.044238 0.018324 0.028849
v -0.043278 0.018294 0.029411
v -0.043840 0.018633 0.028742
v -0.044838 0.018902 0.027979
v -0.045114 0.018672 0.027811
v -0.041204 0.017575 0.030561
v -0.036295 0.019664 0.027120
v -0.036638 0.019913 0.026813
v -0.041946 0.018211 0.029658
v -0.039935 0.016932 0.031264
v -0.035648 0.019416 0.027544
v -0.037136 0.020087 0.026573
v -0.037264 0.020361 0.026241
v -0.042480 0.018506 0.029052
v -0.042966 0.018939 0.028381
v -0.044327 0.019278 0.028219
v -0.043474 0.020166 0.027430
v -0.043394 0.020806 0.027400
v -0.044357 0.019906 0.027947
v -0.044427 0.020644 0.027835
v -0.043361 0.019524 0.027753
v -0.043382 0.021480 0.027593
v -0.044177 0.021217 0.028081
v -0.045294 0.018146 0.027746
v -0.045311 0.019131 0.027528
v -0.045853 0.020312 0.026847
v -0.045748 0.018175 0.027216
v -0.046394 0.018236 0.026379
v -0.046007 0.016944 0.026791
v -0.046755 0.021118 0.026220
v -0.047822 0.021673 0.025302
v -0.047616 0.018321 0.025211
v -0.046983 0.016776 0.025670
v -0.044961 0.019687 0.027587
v -0.045224 0.020329 0.027276
v -0.046195 0.022171 0.027452
v -0.046916 0.023275 0.027137
v -0.045532 0.021497 0.027871
v -0.044994 0.022218 0.029035
v -0.045414 0.023146 0.028797
v -0.046044 0.024067 0.028439
v -0.044476 0.024150 0.030215
v -0.044932 0.025141 0.030037
v -0.044160 0.023064 0.030413
v -0.045052 0.021181 0.027985
v -0.044520 0.021869 0.028962
v -0.043703 0.022596 0.030111
v -0.042673 0.023132 0.031960
v -0.040862 0.024208 0.034047
v -0.040169 0.024326 0.032312
v -0.038211 0.025563 0.035908
v -0.037470 0.025251 0.034222
v -0.033782 0.030952 0.036928
v -0.039857 0.030421 0.035593
v -0.036970 0.025506 0.032448
v -0.034353 0.023408 0.028156
v -0.032679 0.023542 0.028800
v -0.033717 0.025484 0.033636
v -0.023240 0.022419 0.033662
v -0.024053 0.023317 0.034230
v -0.028383 0.022417 0.028873
v -0.028035 0.022106 0.028662
v -0.021807 0.022484 0.034010
v -0.023215 0.023371 0.034783
v -0.027677 0.024725 0.034471
v -0.029796 0.022985 0.029204
v -0.028920 0.022690 0.029067
v -0.025903 0.024035 0.034201
v -0.027272 0.025284 0.036171
v -0.024819 0.024180 0.035429
v -0.034246 0.025812 0.035408
v -0.022025 0.073038 -0.148144
v -0.021733 0.057477 -0.151579
v -0.041123 0.059188 -0.142596
v -0.040926 0.072677 -0.139800
v -0.039487 0.024811 0.030907
v -0.035560 0.023111 0.027403
v -0.050668 0.073642 -0.131965
v -0.049775 0.082185 -0.128988
v -0.041255 0.084239 -0.134561
v -0.037484 -0.061530 -0.100637
v -0.027643 -0.073047 -0.107089
v -0.019562 0.022199 0.035103
v -0.021361 0.023546 0.035558
v -0.018400 0.020977 0.034696
v -0.017830 0.020805 0.034787
v -0.018971 0.022325 0.035059
v -0.020471 0.023773 0.035514
v -0.023586 0.024663 0.036022
v -0.022841 0.025053 0.036485
v -0.026367 0.026502 0.037562
v -0.026713 0.025776 0.037302
v -0.034051 0.026488 0.036891
v -0.034035 0.027459 0.037303
v -0.025863 0.027555 0.037055
v -0.022435 0.025683 0.035984
v -0.025263 0.028644 0.036536
v -0.022092 0.026682 0.035682
v -0.033970 0.029571 0.036152
v -0.033907 0.028609 0.037028
v -0.021491 0.018697 0.034812
v -0.019158 0.019082 0.034676
v -0.021945 0.019062 0.034900
v -0.019433 0.019310 0.034629
v -0.022980 0.019282 0.034230
v -0.018622 0.019817 0.034373
v -0.017985 0.019616 0.034517
v -0.023544 0.019221 0.034026
v -0.018292 0.022462 0.034676
v -0.016917 0.020596 0.034759
v -0.017056 0.022906 0.033853
v -0.016241 0.020695 0.034249
v -0.019267 0.025209 0.034213
v -0.019930 0.024196 0.034687
v -0.016922 0.019425 0.034452
v -0.017390 0.018989 0.034556
v -0.016129 0.019402 0.034326
v -0.016603 0.018755 0.034475
v -0.024074 0.015715 0.036107
v -0.023712 0.015126 0.036163
v -0.020797 0.017205 0.035459
v -0.020153 0.016722 0.035400
v -0.032663 0.012450 0.035510
v -0.035719 0.012512 0.034576
v -0.032201 0.011351 0.035553
v -0.035632 0.011376 0.034338
v -0.027011 0.011712 0.036637
v -0.027506 0.012672 0.036390
v -0.031943 -0.113485 -0.011836
v -0.046109 0.014300 0.026601
v -0.047068 0.013592 0.025765
v -0.045403 0.012643 0.027645
v -0.044607 0.013714 0.028141
v -0.042918 0.013180 0.029817
v -0.043231 0.011871 0.029740
v -0.040764 0.011505 0.031520
v -0.040661 0.012668 0.031661
v -0.038279 0.012693 0.032954
v -0.038640 0.011323 0.032883
v -0.049057 0.017954 0.023743
v -0.049760 0.021457 0.023228
v -0.050374 0.017245 0.022185
v -0.051958 0.021032 0.021090
v -0.015349 0.024087 0.034140
v -0.015048 0.021020 0.033872
v -0.013763 0.024680 0.035311
v -0.013664 0.021714 0.034852
v -0.015018 0.027416 0.036150
v -0.016803 0.026941 0.034731
v -0.015306 0.019573 0.034329
v -0.015828 0.018487 0.034349
v -0.014249 0.019544 0.034686
v -0.015001 0.018073 0.034845
v -0.023334 0.014261 0.036219
v -0.022779 0.013369 0.036370
v -0.019493 0.016125 0.035659
v -0.018578 0.015316 0.035839
v -0.049660 -0.010196 -0.118458
v -0.053306 0.031799 -0.131222
v -0.047039 0.034247 0.033088
v -0.044609 0.031396 0.033810
v -0.041317 0.032706 0.036015
v -0.043259 0.036066 0.036220
v -0.049770 0.038175 0.031360
v -0.051867 0.035066 0.028535
v -0.049337 0.032128 0.030317
v -0.047112 0.029757 0.031532
v -0.050701 0.024306 0.024117
v -0.048946 0.024409 0.025719
v -0.049073 0.026027 0.027096
v -0.050921 0.026796 0.025642
v -0.053010 0.024436 0.021809
v -0.053572 0.027906 0.023531
v -0.050426 0.029356 0.027854
v -0.048266 0.027775 0.029197
v -0.053110 0.031153 0.025997
v -0.022116 0.032355 0.038306
v -0.023189 0.031106 0.037053
v -0.020619 0.028953 0.035744
v -0.019046 0.029218 0.036387
v -0.021720 0.033882 0.039327
v -0.017184 0.030020 0.037287
v -0.036022 0.036750 0.039361
v -0.034942 0.033917 0.038140
v -0.024599 0.029248 0.035966
v -0.022592 0.027748 0.035848
v -0.024434 0.029374 0.035912
v -0.022204 0.027715 0.035658
v -0.058510 0.092800 -0.111161
v -0.060555 0.098634 -0.098590
v -0.044126 0.109623 -0.104939
v -0.043355 0.102359 -0.117287
v -0.041252 0.027744 0.033721
v -0.041667 0.028285 0.033557
v -0.043988 0.027195 0.031862
v -0.043630 0.026678 0.031918
v -0.045424 0.025681 0.029920
v -0.045851 0.026223 0.030026
v -0.046857 0.025165 0.028382
v -0.046525 0.024815 0.028327
v -0.047111 0.024040 0.027173
v -0.047437 0.024210 0.026908
v -0.021943 0.028485 0.035877
v -0.023855 0.029700 0.036440
v -0.052199 0.061861 -0.133311
v -0.044284 0.072756 0.022982
v -0.051400 0.069337 0.016078
v -0.049243 0.062159 0.021747
v -0.042617 0.029291 0.034134
v -0.045093 0.028103 0.032116
v -0.046772 0.026870 0.029926
v -0.047770 0.025448 0.028079
v -0.048206 0.024565 0.026810
v -0.072061 -0.012907 -0.040811
v -0.072183 -0.012753 -0.042633
v -0.079078 -0.002675 -0.068642
v -0.077306 0.003807 -0.067530
v -0.076149 0.007223 -0.065861
v -0.079665 0.014476 -0.052847
v -0.081230 0.017670 -0.055734
v -0.082285 -0.020914 -0.061800
v -0.079135 -0.022766 -0.057901
v -0.082147 -0.019980 -0.062290
v -0.087687 0.013650 -0.064684
v -0.088179 0.012067 -0.066039
v -0.089163 0.011730 -0.065661
v -0.042964 -0.031804 -0.108486
v -0.047276 -0.019133 -0.114636
v -0.088463 0.010352 -0.067394
v -0.073753 -0.008089 -0.045109
v -0.080070 -0.003138 -0.068878
v -0.081559 -0.003673 -0.070684
v -0.082392 -0.008750 -0.070945
v -0.081701 -0.008258 -0.070254
v -0.081785 -0.013871 -0.069181
v -0.081198 -0.013085 -0.068656
v -0.083613 -0.017150 -0.064890
v -0.083699 -0.012824 -0.067724
v -0.082210 0.018096 -0.057114
v -0.082288 0.017259 -0.056312
v -0.082966 0.018131 -0.057478
v -0.074550 -0.009160 -0.046499
v -0.078032 0.012306 -0.052891
v -0.077677 0.010600 -0.051095
v -0.077335 0.011030 -0.051600
v -0.072506 -0.004116 -0.050618
v -0.072269 -0.003309 -0.050800
v -0.073680 -0.005642 -0.050186
v -0.075406 -0.006954 -0.048050
v -0.069632 -0.014346 -0.050111
v -0.069287 -0.014986 -0.051630
v -0.068704 -0.015728 -0.051007
v -0.085613 0.023589 -0.059824
v -0.077866 0.009620 -0.050661
v -0.078999 0.010614 -0.051031
v -0.079703 0.011661 -0.051365
v -0.083720 0.017475 -0.057532
v -0.080127 0.012555 -0.051608
v -0.079153 0.012605 -0.051833
v -0.080390 0.014190 -0.052678
v -0.078482 0.012700 -0.052236
v -0.074539 -0.011640 -0.064057
v -0.073547 -0.011754 -0.062019
v -0.073627 0.007025 -0.041286
v -0.074000 0.005196 -0.043501
v -0.078216 -0.023454 -0.055587
v -0.076098 0.012911 -0.059968
v -0.076961 0.015893 -0.061729
v -0.085440 -0.008680 -0.068880
v -0.078945 -0.014784 -0.059226
v -0.076862 -0.015768 -0.057961
v -0.081294 -0.013523 -0.060658
v -0.083068 -0.010962 -0.062169
v -0.074865 0.003791 -0.054899
v -0.083270 0.008069 -0.060630
v -0.083526 0.006025 -0.061772
v -0.082014 0.008234 -0.059369
v -0.077934 0.018949 -0.059969
v -0.078264 0.018693 -0.057651
v -0.075355 0.015746 -0.059237
v -0.078159 0.016904 -0.057327
v -0.071532 -0.011061 -0.049815
v -0.069417 -0.016520 -0.053488
v -0.071234 -0.015145 -0.054943
v -0.070533 -0.017133 -0.054496
v -0.071738 -0.016122 -0.056223
v -0.071905 -0.014897 -0.057798
v -0.072351 -0.013198 -0.059072
v -0.073690 -0.011283 -0.059142
v -0.071331 -0.007133 -0.050496
v -0.077769 0.019230 -0.048711
v -0.070868 -0.008911 -0.050497
v -0.072787 -0.005428 -0.050338
v -0.072716 -0.007159 -0.049978
v -0.072230 -0.009034 -0.049732
v -0.075589 -0.018747 -0.051664
v -0.075616 -0.017258 -0.054264
v -0.074346 -0.018119 -0.050936
v -0.075747 -0.016669 -0.056484
v -0.073285 -0.017763 -0.050514
v -0.077635 0.013680 -0.059278
v -0.078357 0.016470 -0.059021
v -0.072259 -0.009637 -0.039079
v -0.064391 -0.001407 0.011736
v -0.065813 0.007551 0.005584
v -0.026874 -0.036479 0.040672
v -0.026242 -0.038353 0.042054
v -0.056533 -0.009295 0.025894
v -0.052453 -0.011488 0.030743
v -0.025325 -0.032787 0.049928
v -0.024569 -0.032027 0.050250
v -0.023621 -0.031076 0.050586
v -0.024267 -0.032038 0.050004
v -0.022203 -0.027861 0.050619
v -0.023074 -0.030099 0.049410
v -0.023321 -0.030354 0.050198
v -0.022535 -0.028450 0.051121
v -0.028850 -0.025694 0.047700
v -0.032472 -0.021839 0.045430
v -0.035575 -0.024614 0.044992
v -0.032092 -0.027521 0.047445
v -0.024587 -0.034300 0.042290
v -0.024637 -0.033888 0.042163
v -0.024005 -0.033299 0.044977
v -0.023704 -0.032802 0.045156
v -0.024473 -0.034114 0.042785
v -0.023422 -0.032210 0.045365
v -0.026699 -0.035863 0.039896
v -0.026423 -0.034358 0.039340
v -0.034520 -0.038463 0.046494
v -0.030964 -0.036365 0.047840
v -0.032120 -0.035085 0.047637
v -0.035929 -0.035839 0.045968
v -0.025141 -0.016311 0.045461
v -0.029028 -0.018985 0.045468
v -0.025866 -0.023375 0.047254
v -0.021658 -0.019838 0.046631
v -0.017960 -0.015792 0.047030
v -0.020975 -0.012862 0.045644
v -0.016616 -0.008595 0.050895
v -0.017337 -0.012591 0.052064
v -0.016507 -0.013998 0.055381
v -0.017111 -0.011839 0.054415
v -0.014782 -0.018227 0.053889
v -0.017453 -0.014770 0.050022
v -0.010458 -0.019260 0.054778
v -0.010353 -0.018884 0.055829
v -0.014945 -0.018275 0.052579
v -0.015064 -0.018870 0.050541
v -0.010916 -0.019603 0.053566
v -0.009974 -0.018250 0.056890
v -0.012952 -0.018041 0.056521
v -0.014571 -0.015712 0.057788
v -0.003915 -0.016853 0.064860
v -0.004892 -0.015487 0.066796
v -0.008952 0.013650 0.049514
v -0.011737 0.010265 0.046457
v -0.009120 0.011199 0.051557
v -0.011802 0.007905 0.048525
v -0.014114 -0.013236 0.061252
v -0.015254 -0.011311 0.059704
v -0.011518 -0.011930 0.065162
v -0.012223 -0.009380 0.064703
v -0.003654 0.028654 0.048086
v -0.001958 -0.020767 0.060999
v -0.002277 -0.021222 0.060651
v -0.001878 -0.019174 0.062623
v -0.022528 0.095495 -0.135514
v -0.022910 0.107773 -0.124272
v -0.021787 0.120609 -0.101111
v -0.019504 0.124740 -0.088652
v -0.005350 -0.036296 0.061108
v -0.004882 -0.033997 0.060927
v -0.012599 -0.039543 0.047351
v -0.007309 -0.040508 0.048524
v -0.007245 -0.041826 0.051550
v -0.012675 -0.041161 0.050617
v -0.016366 -0.039517 0.049307
v -0.017045 -0.037572 0.046066
v -0.012350 -0.037529 0.044702
v -0.006822 -0.038439 0.045304
v -0.012042 -0.042183 0.056447
v -0.006763 -0.042531 0.058224
v -0.006373 -0.040845 0.060308
v -0.011809 -0.040512 0.058106
v -0.017757 -0.022985 0.049256
v -0.013753 -0.022738 0.051753
v -0.009533 -0.022820 0.055537
v -0.006421 -0.023127 0.058234
v -0.005714 -0.021036 0.058519
v -0.007918 -0.020369 0.056289
v -0.005462 -0.020347 0.058878
v -0.007507 -0.019833 0.056891
v -0.007521 -0.019311 0.057437
v -0.008102 -0.018674 0.057853
v -0.006431 -0.018668 0.059032
v -0.007014 -0.018099 0.058931
v -0.005577 -0.019796 0.059143
v -0.003759 0.005509 0.064793
v -0.003742 0.008953 0.061574
v -0.009242 -0.032035 0.058950
v -0.004726 -0.032167 0.060387
v -0.004267 -0.028750 0.059901
v -0.008449 -0.028486 0.058419
v -0.012743 -0.028689 0.055973
v -0.014079 -0.032657 0.056564
v -0.002637 -0.021858 0.060259
v -0.009572 -0.033703 0.059254
v -0.010029 -0.035742 0.059542
v -0.014630 -0.034348 0.056942
v -0.015090 -0.036095 0.057174
v -0.018966 -0.033731 0.054062
v -0.018067 -0.029734 0.053266
v -0.024093 -0.030294 0.050631
v -0.023384 -0.034455 0.051719
v -0.032161 -0.033429 0.047967
v -0.026870 -0.033418 0.049495
v -0.026799 -0.033134 0.049877
v -0.026490 -0.033373 0.050380
v -0.031311 -0.031854 0.048513
v -0.035913 -0.033180 0.046095
v -0.034675 -0.030169 0.046750
v -0.028940 -0.031052 0.049433
v -0.025643 -0.034026 0.050702
v -0.025460 -0.033599 0.050310
v -0.024380 -0.032934 0.050320
v -0.025129 -0.034261 0.050785
v -0.024093 -0.034265 0.050748
v -0.024532 -0.035036 0.051207
v -0.023624 -0.035615 0.051133
v -0.022627 -0.036777 0.051689
v -0.023104 -0.035862 0.051868
v -0.022704 -0.035079 0.049442
v -0.021665 -0.037019 0.049838
v -0.021497 -0.037555 0.050602
v -0.022373 -0.035722 0.049947
v -0.023455 -0.033104 0.049145
v -0.022968 -0.033820 0.049761
v -0.023876 -0.034614 0.045164
v -0.023409 -0.035851 0.045255
v -0.023618 -0.031294 0.049127
v -0.023688 -0.031668 0.049650
v -0.023549 -0.031862 0.050212
v -0.023361 -0.033985 0.050337
v -0.022848 -0.035809 0.050638
v -0.022012 -0.037399 0.051185
v -0.015415 -0.037940 0.056840
v -0.018976 -0.036665 0.054669
v -0.018911 -0.038106 0.054043
v -0.015625 -0.040082 0.055773
v -0.018742 -0.039182 0.053158
v -0.017570 -0.035442 0.043278
v -0.015565 -0.041051 0.054250
v -0.021176 -0.035866 0.043902
v -0.022104 -0.034210 0.041207
v -0.020276 -0.037559 0.047026
v -0.024386 -0.034228 0.042479
v -0.024030 -0.035008 0.042255
v -0.025902 -0.033724 0.039340
v -0.025138 -0.033735 0.039592
v -0.018875 -0.039135 0.051896
v -0.019113 -0.035301 0.054504
v -0.010819 -0.037954 0.059166
v -0.005711 -0.038292 0.060862
v -0.004697 -0.001966 0.071372
v -0.004169 0.002184 0.067881
v -0.022968 -0.029552 0.051008
v -0.010522 -0.121055 0.002012
v -0.025954 -0.033089 0.049616
v -0.024023 -0.035185 0.043740
v -0.022691 -0.031518 0.046296
v -0.031202 -0.039877 0.048155
v -0.026142 -0.041200 0.052064
v -0.024012 -0.037303 0.053059
v -0.028160 -0.036739 0.049646
v -0.021494 -0.030958 0.053989
v -0.024333 -0.032450 0.051233
v -0.023137 -0.030475 0.051818
v -0.020431 -0.028505 0.054334
v -0.019685 -0.026604 0.054644
v -0.022277 -0.028940 0.052023
v -0.018255 -0.022525 0.055702
v -0.014118 -0.019987 0.058425
v -0.013080 -0.026174 0.054129
v -0.017514 -0.028058 0.051649
v -0.021903 -0.029949 0.048025
v -0.021403 -0.025777 0.051864
v -0.018506 -0.023075 0.055131
v -0.021594 -0.025902 0.052280
v -0.014048 -0.020581 0.058507
v -0.020922 -0.117989 -0.003290
v -0.021798 -0.027244 0.052271
v -0.018937 -0.024454 0.054816
v -0.014458 -0.022050 0.058275
v -0.015253 -0.024488 0.058309
v -0.015987 -0.026969 0.058550
v -0.016683 -0.029781 0.058275
v -0.018299 -0.037174 0.057352
v -0.019798 -0.042185 0.056900
v -0.012404 -0.036804 0.059973
v -0.013424 -0.041656 0.060704
v -0.011625 -0.029366 0.061631
v -0.011345 -0.025860 0.062451
v -0.010695 -0.022883 0.062049
v -0.010262 -0.020190 0.061598
v -0.003113 -0.023569 0.059753
v -0.005304 -0.018553 0.060210
v -0.004206 -0.017817 0.062347
v -0.007401 -0.013782 0.067622
v -0.001634 -0.018170 0.064937
v -0.010056 -0.012268 0.066787
v -0.008239 -0.012696 0.068338
v -0.008689 -0.011302 0.069166
v -0.009877 -0.010648 0.068059
v -0.006764 -0.013236 0.069608
v -0.008012 -0.011610 0.070057
v -0.002736 -0.014304 0.071646
v -0.003616 -0.011066 0.073615
v -0.004664 -0.005575 0.073354
v -0.004072 -0.008951 0.074095
v -0.009448 -0.009745 0.069573
v -0.010739 -0.007868 0.067897
v -0.010825 -0.004629 0.065926
v -0.012849 -0.006691 0.062318
v -0.010210 0.129527 -0.044745
v -0.009863 -0.018471 0.061589
v -0.009453 -0.018219 0.060664
v -0.011948 -0.039959 0.049134
v -0.012465 -0.033830 0.050758
v -0.007738 -0.033185 0.052565
v -0.007060 -0.039303 0.051237
v -0.005400 -0.017666 0.061656
v -0.004922 -0.024628 0.056433
v -0.008520 -0.025082 0.055767
v -0.005340 -0.017802 0.062871
v -0.005697 -0.019346 0.063394
v -0.006059 -0.022059 0.064125
v -0.004476 -0.032966 0.053298
v -0.003826 -0.039346 0.052231
v -0.022534 -0.035203 0.045394
v -0.023317 -0.040128 0.043882
v -0.017561 -0.035028 0.048469
v -0.017645 -0.040019 0.046793
v -0.007388 -0.041079 0.063324
v -0.006828 -0.036384 0.061906
v -0.006222 -0.025822 0.064474
v -0.006479 -0.029829 0.063139
v -0.022729 0.115402 -0.113332
v -0.063016 0.075627 -0.007209
v -0.061049 0.069428 0.000998
v -0.054425 0.076662 0.007665
v -0.056410 0.082132 0.000445
v -0.063391 0.083940 -0.015456
v -0.056905 0.088767 -0.007316
v -0.039928 0.121696 -0.064225
v -0.040444 0.120897 -0.049910
v -0.021396 0.126923 -0.046031
v -0.034818 0.121901 -0.078206
v -0.047244 0.113747 -0.087581
v -0.049336 0.116228 -0.068113
v -0.049236 0.115859 -0.052782
v -0.027500 -0.084856 -0.108305
v -0.053161 0.044424 -0.132543
v -0.047930 0.114709 -0.038923
v -0.039764 0.118935 -0.036084
v -0.039269 0.115759 -0.023657
v -0.046611 0.112319 -0.027155
v -0.021264 0.124371 -0.031541
v -0.010206 0.126631 -0.029720
v -0.020134 0.007833 -0.146046
v -0.003711 0.012352 0.058794
v -0.048338 -0.048604 -0.091790
v -0.057397 -0.049137 -0.073843
v -0.059552 -0.101031 -0.048670
v -0.069973 -0.025863 -0.056500
v -0.069683 -0.025142 -0.057160
v -0.059231 -0.064106 -0.053751
v -0.060371 -0.050225 -0.055132
v -0.039162 -0.047257 -0.103510
v -0.078376 -0.014636 -0.067618
v -0.079146 -0.010919 -0.068601
v -0.079590 -0.015535 -0.067351
v -0.080295 -0.011536 -0.068584
v -0.080313 -0.007198 -0.069121
v -0.080172 -0.017296 -0.066581
v -0.078202 0.018508 -0.056081
v -0.079769 0.020022 -0.054973
v -0.069307 -0.027386 -0.052198
v -0.069257 -0.026723 -0.053882
v -0.068601 -0.027112 -0.053051
v -0.068444 -0.027561 -0.051663
v -0.069020 -0.028249 -0.050529
v -0.068187 -0.028121 -0.050495
v -0.077876 0.035102 -0.048410
v -0.066724 -0.027376 -0.053978
v -0.068919 -0.025642 -0.056630
v -0.068860 -0.026229 -0.055143
v -0.068372 -0.027110 -0.053701
v -0.067694 -0.027944 -0.051671
v -0.067634 -0.028833 -0.049920
v -0.068352 -0.029439 -0.049341
v -0.080463 -0.018433 -0.066923
v -0.073507 -0.028597 -0.055064
v -0.077164 0.012467 -0.061747
v -0.077125 0.010644 -0.063415
v -0.079301 0.012193 -0.064839
v -0.079205 0.014212 -0.063337
v -0.059754 -0.009436 -0.106321
v -0.061983 0.001618 -0.111323
v -0.014225 -0.082442 -0.112935
v -0.014104 -0.069789 -0.112893
v -0.075968 0.033920 -0.095961
v -0.077164 0.013901 -0.060372
v -0.079319 0.015826 -0.061905
v -0.079317 -0.006712 -0.068951
v -0.075142 0.013846 -0.060578
v -0.075466 0.012204 -0.061981
v -0.080459 0.017390 -0.063507
v -0.080301 0.015520 -0.065039
v -0.080609 0.013196 -0.066534
v -0.075742 0.010338 -0.063471
v -0.077963 0.017455 -0.061768
v -0.080184 0.063936 -0.072004
v -0.079467 0.058303 -0.086078
v -0.076750 0.080910 -0.075372
v -0.075802 0.076120 -0.090696
v -0.071386 0.070410 -0.106689
v -0.074894 0.051599 -0.102125
v -0.078194 0.018639 -0.056453
v -0.080621 0.021100 -0.055524
v -0.063842 0.090391 -0.023212
v -0.069010 0.085476 -0.030439
v -0.056998 0.094634 -0.014417
v -0.056763 0.099930 -0.021090
v -0.063117 0.096569 -0.030124
v -0.070419 0.089954 -0.042395
v -0.079185 0.054628 -0.057181
v -0.078427 0.069187 -0.057833
v -0.075433 0.073026 -0.044170
v -0.074714 0.085568 -0.059703
v -0.066104 0.099122 -0.048664
v -0.069857 0.095624 -0.063371
v -0.058966 0.107630 -0.052430
v -0.061080 0.105890 -0.067196
v -0.060969 0.103426 -0.083301
v -0.071495 0.091852 -0.078645
v -0.061190 0.102101 -0.036266
v -0.055074 0.104751 -0.026472
v -0.056058 0.108512 -0.039662
v -0.052723 0.108838 -0.030979
v -0.073526 0.074399 -0.037061
v -0.063007 -0.033724 -0.049181
v -0.065107 -0.034073 -0.043722
v -0.069870 -0.023345 -0.036086
v -0.068603 0.001035 -0.001016
v -0.068250 0.013186 -0.003583
v -0.071651 0.005153 -0.014508
v -0.069733 -0.008921 -0.012867
v -0.066794 0.026911 -0.005069
v -0.070396 0.019193 -0.015877
v -0.070822 0.034521 -0.018078
v -0.067030 0.042018 -0.005403
v -0.062768 0.065170 -0.121926
v -0.065165 0.048306 -0.120027
v -0.065636 0.035483 -0.118358
v -0.047460 0.056656 0.025944
v -0.022327 0.086670 -0.141821
v -0.046655 0.080653 0.015164
v -0.054941 0.085481 -0.122085
v -0.041953 0.091661 -0.128675
v -0.070728 0.087230 -0.093826
v -0.067580 0.082234 -0.107336
v -0.059637 0.076105 -0.122262
v -0.064786 0.019236 -0.116508
v -0.047184 0.108260 -0.019614
v -0.055730 0.024305 0.018557
v -0.054808 0.019750 0.017679
v -0.056447 0.029251 0.019877
v -0.053112 0.014836 0.019701
v -0.015058 0.007114 0.044070
v -0.015016 0.004625 0.045919
v -0.014433 0.002272 0.048172
v -0.018493 0.001961 0.043817
v -0.017720 -0.000855 0.045713
v -0.011625 0.002641 0.053106
v -0.011700 0.005299 0.050967
v -0.014037 -0.000154 0.049980
v -0.013728 -0.002820 0.052039
v -0.011452 -0.000012 0.056062
v -0.017905 -0.014595 0.048161
v -0.018664 -0.009949 0.046492
v -0.016161 -0.006225 0.048625
v -0.021423 -0.003367 0.044255
v -0.020225 -0.006287 0.045438
v -0.016896 -0.003232 0.047124
v -0.022855 -0.000433 0.042362
v -0.014626 -0.005979 0.054861
v -0.015812 -0.009581 0.057618
v -0.011883 -0.003314 0.059484
v -0.010112 -0.001016 0.062570
v -0.009686 0.002439 0.059149
v -0.018856 0.004453 0.042239
v -0.023758 0.002292 0.041067
v -0.023912 -0.009052 0.044964
v -0.028744 -0.011467 0.044683
v -0.026092 -0.005163 0.043312
v -0.030358 -0.007023 0.042804
v -0.027275 -0.002296 0.041867
v -0.031529 -0.003992 0.041082
v -0.032848 -0.014510 0.044281
v -0.036466 -0.017337 0.043566
v -0.039792 -0.021382 0.042556
v -0.039129 -0.012856 0.041300
v -0.043076 -0.017159 0.039931
v -0.040775 -0.008634 0.038973
v -0.045361 -0.012785 0.037297
v -0.035024 -0.009563 0.042069
v -0.036486 -0.006279 0.040022
v -0.032730 -0.001125 0.039344
v -0.028524 0.000648 0.040351
v -0.041551 0.000663 0.034950
v -0.041430 -0.004126 0.036882
v -0.037134 -0.002548 0.038052
v -0.037679 0.001258 0.036268
v -0.046673 -0.006988 0.034907
v -0.046094 -0.000163 0.033182
v -0.045266 0.003972 0.031684
v -0.031329 0.009353 0.036265
v -0.026345 0.009889 0.037223
v -0.034971 0.009187 0.035059
v -0.041333 0.003983 0.033653
v -0.037974 0.004438 0.035043
v -0.048837 0.010885 0.025518
v -0.046550 0.009961 0.027925
v -0.041110 0.008991 0.032220
v -0.038276 0.009010 0.033676
v -0.044023 0.009249 0.030287
v -0.021717 0.011475 0.037149
v -0.016948 0.013547 0.037191
v -0.056098 -0.062357 -0.070477
v -0.009384 0.005397 0.056270
v -0.009226 0.008446 0.053695
v -0.014855 0.030699 0.039009
v -0.012727 0.027891 0.038139
v -0.006974 0.028338 0.045297
v -0.018905 0.035195 0.041706
v -0.013737 0.016480 0.037131
v -0.012012 0.019192 0.036983
v -0.011314 0.021536 0.037178
v -0.011074 0.024873 0.037641
v -0.029718 0.048297 0.043084
v -0.026220 0.041692 0.044744
v -0.057953 0.061809 0.009643
v -0.061532 0.053714 0.006049
v -0.050400 0.043624 0.028132
v -0.053745 0.039866 0.024830
v -0.055804 0.034814 0.021933
v -0.063498 0.042379 0.003276
v -0.064331 0.029837 0.002581
v -0.065132 0.018254 0.003096
v -0.048544 0.092863 0.001099
v -0.048431 0.098530 -0.005666
v -0.048177 0.086854 0.008178
v -0.038981 0.111574 -0.014228
v -0.039087 0.107069 -0.005795
v -0.047996 0.103694 -0.012522
v -0.039594 0.101869 0.001467
v -0.039982 0.096205 0.008176
v -0.039572 0.090263 0.015324
v -0.038445 0.083824 0.022351
v -0.036534 0.074872 0.029214
v -0.047274 -0.061273 -0.089209
v -0.006850 -0.007523 0.055019
v -0.006452 -0.007674 0.055452
v -0.006648 -0.007571 0.054772
v -0.006200 -0.007582 0.055208
v -0.006594 -0.007917 0.055449
v -0.006507 -0.016543 0.058383
v -0.005347 -0.014756 0.057335
v -0.005912 -0.010632 0.056498
v -0.069186 -0.029805 -0.037976
v -0.058107 -0.097234 -0.064330
v -0.054353 -0.093949 -0.078205
v 0.056634 -0.096589 -0.064012
v 0.052752 -0.093319 -0.077956
v 0.020572 -0.124380 -0.005899
v 0.032158 -0.120585 -0.013044
v 0.033563 -0.129733 -0.014762
v 0.021266 -0.133068 -0.008636
v 0.060164 -0.114493 -0.069843
v 0.057947 -0.105671 -0.065268
v 0.054218 -0.102335 -0.080548
v 0.057440 -0.110999 -0.085934
v 0.047146 -0.100184 -0.093759
v 0.050307 -0.109839 -0.099593
v 0.039612 -0.110037 -0.109827
v 0.037388 -0.098666 -0.103840
v 0.025497 -0.097808 -0.111197
v 0.027017 -0.110362 -0.116357
v 0.044346 -0.116289 -0.022308
v 0.053787 -0.112239 -0.034401
v 0.055101 -0.121698 -0.037525
v 0.045665 -0.125698 -0.024397
v 0.058647 -0.108934 -0.048998
v 0.060044 -0.118308 -0.052903
v 0.013187 -0.110384 -0.119509
v 0.012314 -0.096667 -0.114737
v 0.022728 -0.153591 -0.013137
v 0.009731 -0.156074 -0.012144
v 0.010038 -0.145290 -0.008455
v 0.022073 -0.143191 -0.011171
v 0.053460 -0.157507 -0.031456
v 0.067557 -0.151329 -0.045297
v 0.073968 -0.159748 -0.041785
v 0.057595 -0.167142 -0.028591
v 0.095626 -0.157236 -0.053493
v 0.105101 -0.146469 -0.075499
v 0.037568 -0.161143 -0.020775
v 0.040169 -0.171094 -0.017342
v -0.000978 -0.122855 -0.126829
v -0.001061 -0.110043 -0.120002
v 0.095307 -0.141172 -0.078852
v 0.094616 -0.137627 -0.103152
v 0.106689 -0.143392 -0.100911
v 0.053281 -0.159005 -0.142845
v 0.053607 -0.165770 -0.145569
v 0.068538 -0.161276 -0.142983
v 0.064423 -0.154768 -0.139698
v 0.073822 -0.125426 -0.098363
v 0.062895 -0.126055 -0.113737
v 0.070960 -0.133744 -0.119024
v 0.084002 -0.131516 -0.102346
v 0.036277 -0.142889 -0.136186
v 0.054183 -0.137833 -0.129760
v 0.048309 -0.129000 -0.124606
v 0.032253 -0.132353 -0.130743
v 0.085702 -0.136178 -0.079743
v 0.075444 -0.130449 -0.078123
v 0.078056 -0.144321 -0.061476
v 0.069992 -0.137035 -0.060510
v 0.062064 -0.142435 -0.044437
v 0.055799 -0.118584 -0.106821
v 0.043500 -0.120123 -0.117241
v 0.029210 -0.121783 -0.123661
v 0.014125 -0.122772 -0.126461
v -0.000695 -0.171898 -0.144503
v -0.000722 -0.159736 -0.142661
v 0.017468 -0.145272 -0.137824
v 0.015780 -0.134339 -0.133179
v 0.086409 -0.150667 -0.059177
v 0.063596 -0.128151 -0.057552
v 0.057814 -0.132242 -0.041196
v 0.064800 -0.174201 -0.017631
v 0.082508 -0.168008 -0.033355
v 0.045022 -0.178764 -0.006741
v 0.026938 -0.182308 -0.000364
v 0.019178 -0.158441 -0.141554
v 0.018455 -0.170402 -0.143794
v 0.037658 -0.167758 -0.144643
v 0.041253 -0.155152 -0.141415
v 0.050365 -0.147287 -0.030073
v 0.036694 -0.150804 -0.019198
v 0.022887 -0.163703 -0.013677
v 0.064050 -0.118822 -0.092157
v 0.065925 -0.122921 -0.074685
v 0.047764 -0.136355 -0.027468
v 0.035103 -0.140322 -0.017346
v 0.009856 -0.135557 -0.004670
v 0.024284 -0.173433 -0.009417
v 0.095738 -0.148003 -0.122137
v 0.082766 -0.155174 -0.135539
v 0.075703 -0.151200 -0.134428
v -0.001079 -0.146223 -0.138943
v -0.000952 -0.146040 -0.008177
v -0.001349 -0.156233 -0.012269
v -0.000489 -0.136309 -0.003661
v 0.080284 -0.142663 -0.124663
v 0.059976 -0.147241 -0.135204
v -0.000393 -0.128439 0.000421
v -0.001144 -0.095946 -0.115589
v -0.001504 -0.167401 -0.015265
v -0.001508 -0.179428 -0.011401
v -0.001370 -0.188737 -0.000591
v 0.010005 -0.127313 -0.000996
v 0.010948 -0.177217 -0.009825
v 0.009970 -0.166402 -0.013789
v 0.012255 -0.186709 -0.000073
v -0.000982 -0.134323 -0.133778
v -0.021116 -0.124795 -0.006222
v -0.032707 -0.121048 -0.013356
v -0.034300 -0.130177 -0.014989
v -0.021943 -0.133427 -0.008847
v -0.061576 -0.115172 -0.070217
v -0.059433 -0.106414 -0.065641
v -0.055845 -0.102970 -0.080802
v -0.059036 -0.111561 -0.086203
v -0.048940 -0.100713 -0.093914
v -0.052060 -0.110276 -0.099774
v -0.041443 -0.110375 -0.109954
v -0.039298 -0.099087 -0.103933
v -0.027458 -0.098097 -0.111265
v -0.028897 -0.110593 -0.116478
v -0.044950 -0.117011 -0.022796
v -0.054476 -0.113212 -0.035011
v -0.055790 -0.122340 -0.037930
v -0.046511 -0.126226 -0.024715
v -0.060022 -0.109858 -0.049478
v -0.061091 -0.119178 -0.053390
v -0.015160 -0.110542 -0.119533
v -0.014477 -0.096842 -0.114734
v -0.024393 -0.153926 -0.012997
v -0.011833 -0.155980 -0.011858
v -0.011330 -0.145369 -0.008517
v -0.023309 -0.143494 -0.011362
v -0.054392 -0.158528 -0.032273
v -0.068641 -0.151825 -0.045861
v -0.075130 -0.160176 -0.042282
v -0.058885 -0.167819 -0.029043
v -0.096816 -0.157672 -0.053913
v -0.106396 -0.146863 -0.075948
v -0.039120 -0.161929 -0.021042
v -0.042032 -0.171962 -0.017631
v -0.096654 -0.141527 -0.079223
v -0.096101 -0.137886 -0.103474
v -0.108172 -0.143723 -0.101077
v -0.054841 -0.159138 -0.143135
v -0.055148 -0.165867 -0.145882
v -0.070076 -0.161453 -0.143200
v -0.065979 -0.154988 -0.139872
v -0.075341 -0.125819 -0.098571
v -0.064411 -0.126329 -0.113968
v -0.072532 -0.134066 -0.119192
v -0.085473 -0.131874 -0.102576
v -0.037896 -0.143089 -0.136301
v -0.055864 -0.137875 -0.129863
v -0.049948 -0.129071 -0.124442
v -0.033908 -0.132539 -0.130759
v -0.087049 -0.136571 -0.080184
v -0.076791 -0.130891 -0.078534
v -0.079297 -0.144743 -0.061962
v -0.071220 -0.137497 -0.061055
v -0.062873 -0.143091 -0.045373
v -0.057467 -0.118945 -0.106999
v -0.045246 -0.120388 -0.117364
v -0.030986 -0.121962 -0.123703
v -0.015773 -0.122866 -0.126565
v -0.019392 -0.146175 -0.138169
v -0.018105 -0.132570 -0.132506
v -0.087607 -0.151109 -0.059739
v -0.064618 -0.128791 -0.058354
v -0.058690 -0.132940 -0.041988
v -0.066382 -0.175037 -0.017866
v -0.083741 -0.168522 -0.033790
v -0.047145 -0.179485 -0.006732
v -0.029458 -0.182629 -0.000125
v -0.020754 -0.158469 -0.141747
v -0.019947 -0.170441 -0.143844
v -0.039152 -0.167888 -0.144866
v -0.042812 -0.155315 -0.141610
v -0.051508 -0.147944 -0.030833
v -0.038246 -0.151319 -0.019228
v -0.024966 -0.164384 -0.013841
v -0.065614 -0.119282 -0.092421
v -0.067345 -0.123476 -0.075072
v -0.048984 -0.136887 -0.027893
v -0.036278 -0.140771 -0.017635
v -0.011069 -0.135768 -0.004973
v -0.026707 -0.173957 -0.009459
v -0.097272 -0.148191 -0.122549
v -0.084319 -0.155339 -0.135864
v -0.077241 -0.151381 -0.134688
v -0.081833 -0.142919 -0.124936
v -0.061551 -0.147463 -0.135422
v -0.010727 -0.127510 -0.001399
v -0.013618 -0.177490 -0.009662
v -0.012453 -0.166780 -0.013772
v -0.014782 -0.186637 0.000075
v -0.006894 -0.007774 0.055121
v -0.067147 -0.030861 -0.014851
v -0.066911 -0.038886 -0.021976
v -0.063780 -0.049664 -0.013057
v -0.064603 -0.040810 -0.005632
v -0.059276 -0.058748 -0.003430
v -0.062066 -0.048575 0.001770
v -0.053665 -0.064989 0.007423
v -0.058174 -0.055099 0.010703
v -0.048471 -0.066549 0.018957
v -0.053648 -0.057918 0.020318
v -0.032913 -0.061580 0.044305
v -0.031038 -0.066882 0.040545
v -0.024375 -0.066374 0.050199
v -0.025280 -0.061396 0.053947
v -0.017395 -0.065759 0.058053
v -0.018128 -0.060726 0.061408
v -0.009681 -0.064691 0.062241
v -0.009766 -0.059815 0.065659
v -0.000171 -0.063831 0.063978
v -0.000190 -0.059117 0.067118
v -0.000092 -0.049122 0.067933
v -0.008863 -0.049316 0.066695
v -0.009302 -0.054528 0.066826
v -0.000221 -0.054506 0.068192
v -0.016018 -0.049938 0.062726
v -0.017370 -0.055774 0.062536
v -0.022411 -0.050309 0.056899
v -0.024319 -0.056329 0.055836
v -0.030455 -0.049764 0.048889
v -0.032413 -0.056046 0.046753
v -0.037274 -0.047679 0.043500
v -0.040528 -0.053075 0.039444
v -0.008735 -0.069658 0.055867
v -0.000169 -0.068391 0.058358
v -0.015886 -0.070652 0.051762
v -0.022641 -0.070903 0.044609
v -0.028710 -0.071285 0.036149
v -0.041265 -0.065868 0.030048
v -0.034955 -0.072354 0.025847
v -0.042248 -0.071549 0.015768
v -0.047533 -0.070686 0.003223
v -0.055269 -0.064823 -0.009058
v -0.061793 -0.055125 -0.020553
v -0.065779 -0.043924 -0.029602
v -0.068550 -0.031290 -0.028124
v -0.014976 -0.045510 0.061761
v -0.008126 -0.045083 0.065375
v -0.020975 -0.045850 0.056842
v -0.028289 -0.045065 0.050377
v -0.034310 -0.043413 0.046251
v -0.039823 -0.036817 0.043519
v -0.038461 -0.040938 0.044274
v -0.038276 -0.028234 0.044189
v -0.039647 -0.032523 0.043423
v -0.046106 -0.023619 0.038042
v -0.047921 -0.030953 0.035888
v -0.043893 -0.031738 0.040066
v -0.042424 -0.026194 0.041261
v -0.049302 -0.018652 0.034407
v -0.051707 -0.028074 0.031023
v -0.007532 -0.074058 0.049838
v -0.000165 -0.073563 0.051241
v -0.014002 -0.075005 0.045996
v -0.019943 -0.076208 0.038937
v -0.024305 -0.078018 0.030536
v -0.029257 -0.079105 0.021205
v -0.034034 -0.079345 0.010546
v -0.040001 -0.078081 -0.001486
v -0.049370 -0.072054 -0.014814
v -0.058925 -0.059870 -0.027256
v -0.062911 -0.047893 -0.036465
v -0.020725 -0.089017 0.015376
v -0.016831 -0.086050 0.023577
v -0.013411 -0.083985 0.031330
v -0.010190 -0.081961 0.037313
v -0.005920 -0.083260 0.036658
v -0.000065 -0.084526 0.035817
v -0.005091 -0.088335 0.026556
v 0.000187 -0.088924 0.027317
v -0.007272 -0.092861 0.020246
v 0.000238 -0.093132 0.022065
v -0.009545 -0.097880 0.016230
v 0.000061 -0.100045 0.017024
v -0.042264 -0.043071 0.040958
v -0.046403 -0.046639 0.035936
v -0.048298 -0.038815 0.034885
v -0.052580 -0.038068 0.028682
v -0.051106 -0.048591 0.029159
v -0.044088 -0.037405 0.040124
v -0.056334 -0.047236 0.020496
v -0.056710 -0.034788 0.021878
v -0.055230 -0.022793 0.026167
v -0.059394 -0.029771 0.016017
v -0.060041 -0.042902 0.012025
v -0.058265 -0.019294 0.021142
v -0.060659 -0.015640 0.016901
v -0.061147 -0.025917 0.011205
v -0.061998 -0.037200 0.006269
v -0.045831 -0.059189 0.031337
v -0.063600 -0.032100 0.000465
v -0.062974 -0.012615 0.012218
v -0.062881 -0.021900 0.006294
v -0.065672 -0.008055 0.006215
v -0.065968 -0.017223 -0.003013
v -0.066041 -0.025717 -0.008689
v -0.069219 -0.023164 -0.024390
v -0.000108 -0.044863 0.066936
v -0.063331 -0.032460 -0.053655
v -0.021235 -0.027257 0.050312
v -0.016045 -0.026268 0.052508
v -0.011163 -0.026029 0.055758
v -0.007391 -0.025943 0.058287
v -0.003619 -0.026268 0.059776
v -0.000166 -0.115568 0.008691
v 0.000656 0.042816 0.048878
v -0.000118 -0.107060 0.013372
v -0.000126 -0.039347 0.052535
v 0.000075 0.127689 -0.028657
v -0.000115 -0.040565 0.065417
v -0.000091 -0.032743 0.053568
v 0.000481 0.003562 0.069617
v -0.000123 -0.036177 0.063436
v -0.000092 -0.025840 0.065235
v 0.000005 -0.018768 0.064451
v 0.000727 0.078883 0.039495
v -0.000070 -0.021709 0.065412
v -0.000130 -0.023946 0.060061
v 0.000500 -0.000443 0.073222
v 0.000045 -0.017287 0.063574
v -0.001305 -0.044718 -0.118225
v -0.000049 -0.029148 0.063772
v -0.000212 -0.024459 0.056754
v 0.000004 -0.017295 0.062133
v 0.000245 -0.039178 0.045540
v -0.000059 -0.026774 0.059964
v 0.000533 0.020111 0.055279
v -0.001208 -0.005723 -0.142316
v 0.000433 0.016781 0.058020
v 0.000188 0.102813 0.021650
v 0.000536 0.089556 0.033506
v 0.000499 0.006924 0.066459
v -0.000741 0.057222 -0.155090
v -0.000596 0.073680 -0.151762
v 0.000618 0.061688 0.045096
v 0.000006 0.126554 -0.091967
v 0.000527 -0.004423 0.075536
v 0.000033 -0.018610 0.065334
v 0.000093 0.119341 -0.003717
v -0.001004 0.022720 -0.152818
v -0.000146 0.117515 -0.116368
v 0.000153 -0.041576 0.060610
v 0.000076 0.123845 -0.015646
v 0.000195 -0.042976 0.058253
v 0.000207 -0.014869 0.072705
v -0.001114 0.006932 -0.148604
v -0.000890 0.036392 -0.154764
v -0.000044 -0.032692 0.060261
v -0.000112 -0.029278 0.059843
v -0.000062 0.122970 -0.104568
v 0.000852 0.049362 0.048324
v 0.000056 -0.034615 0.061106
v 0.000591 0.029146 0.049899
v 0.000150 -0.037044 0.061780
v -0.000280 -0.122164 0.004178
v -0.000354 0.097460 -0.138612
v 0.000147 -0.039378 0.061152
v 0.000268 -0.041822 0.051866
v 0.000554 0.010280 0.063519
v 0.000268 -0.040703 0.048926
v 0.000687 0.068643 0.042913
v -0.000040 -0.021635 0.061417
v 0.000008 -0.021135 0.061831
v 0.000474 0.026492 0.050806
v 0.000252 0.096735 0.027864
v 0.000694 0.031811 0.049656
v 0.000002 -0.022204 0.060928
v -0.000465 0.088344 -0.145124
v 0.000050 0.131000 -0.074603
v 0.000056 0.131876 -0.061282
v 0.000478 0.023058 0.052988
v 0.000618 0.013704 0.060493
v -0.001272 -0.054530 -0.116417
v 0.000433 -0.011483 0.075353
v 0.000495 -0.008483 0.076235
v 0.000113 0.114000 0.006476
v -0.001255 -0.015345 -0.137096
v 0.000068 0.131058 -0.044084
v 0.000147 0.108439 0.014658
v -0.001290 -0.033110 -0.125219
v -0.001268 -0.023074 -0.132783
v 0.000112 -0.016031 0.071168
v 0.000493 0.035361 0.049169
v 0.000045 -0.017605 0.068007
v -0.000242 0.110113 -0.127212
v 0.000042 -0.019959 0.063013
v 0.006931 -0.007777 0.055236
v 0.066334 -0.030224 -0.013948
v 0.065343 -0.037949 -0.021263
v 0.062286 -0.048901 -0.012266
v 0.063735 -0.040297 -0.004719
v 0.058220 -0.058091 -0.002714
v 0.061340 -0.048072 0.002557
v 0.052826 -0.064319 0.008039
v 0.057546 -0.054644 0.011393
v -0.004196 -0.014809 0.069777
v -0.003120 -0.016579 0.067286
v 0.047945 -0.066115 0.019530
v 0.053223 -0.057605 0.020977
v -0.015285 0.020276 0.034087
v -0.007742 -0.018798 0.057714
v -0.006932 0.004390 0.062326
v -0.014042 0.020585 0.034676
v 0.032365 -0.061226 0.044619
v 0.030494 -0.066450 0.040735
v 0.023588 -0.065799 0.050105
v 0.024587 -0.061009 0.053895
v -0.010075 -0.018325 0.056449
v 0.016791 -0.065385 0.058040
v 0.017632 -0.060582 0.061473
v 0.009273 -0.064574 0.062350
v 0.009474 -0.059874 0.065855
v -0.006587 0.010942 0.056615
v -0.008113 0.019949 0.044087
v 0.008467 -0.049321 0.066978
v 0.008923 -0.054633 0.067126
v -0.006559 0.007523 0.059561
v -0.015688 -0.015041 0.056199
v -0.013920 -0.018013 0.055149
v -0.006989 -0.009453 0.072067
v -0.007946 -0.006641 0.071139
v 0.015611 -0.050037 0.062822
v -0.007531 -0.012242 0.069890
v -0.004799 -0.013793 0.070684
v 0.016806 -0.055829 0.062631
v -0.016758 0.020058 0.034581
v -0.027874 0.021459 0.028301
v -0.006129 -0.011326 0.071877
v -0.003095 -0.013091 0.072603
v -0.020146 0.021021 0.032118
v -0.016082 0.020172 0.034347
v -0.011777 -0.010359 0.065117
v -0.006713 0.018955 0.048435
v 0.021885 -0.050293 0.057051
v 0.023688 -0.056186 0.056010
v 0.030033 -0.049669 0.049384
v 0.031880 -0.055860 0.047244
v -0.014655 -0.012067 0.060551
v 0.037014 -0.047591 0.044370
v 0.040108 -0.052967 0.040236
v 0.008478 -0.069482 0.055809
v -0.017667 0.020160 0.034442
v -0.018207 0.020381 0.034332
v -0.007361 0.000943 0.065685
v 0.015480 -0.070227 0.051588
v 0.022153 -0.070329 0.044435
v 0.028426 -0.070812 0.036158
v 0.040911 -0.065628 0.030555
v -0.022776 0.021112 0.032868
v -0.003057 -0.018532 0.062507
v -0.009951 -0.011275 0.067499
v -0.008548 -0.011855 0.068856
v -0.003318 -0.019543 0.060714
v 0.034815 -0.072129 0.026117
v 0.041783 -0.070970 0.016021
v -0.011603 0.020444 0.037077
v 0.046748 -0.069774 0.003578
v -0.006491 0.016578 0.051885
v -0.006628 0.013601 0.054468
v 0.054293 -0.063984 -0.008618
v 0.060129 -0.054115 -0.020033
v -0.002814 -0.017583 0.064873
v 0.064055 -0.042879 -0.029023
v 0.067556 -0.030564 -0.027174
v 0.014671 -0.045518 0.061966
v 0.007914 -0.045042 0.065681
v 0.020583 -0.045874 0.057046
v -0.007997 -0.003073 0.069028
v 0.027891 -0.045097 0.050729
v 0.034152 -0.043348 0.047112
v 0.039719 -0.036882 0.044483
v -0.005851 -0.018929 0.059298
v 0.038309 -0.040895 0.045307
v 0.038064 -0.028340 0.045130
v 0.039407 -0.032622 0.044323
v 0.046018 -0.023673 0.039135
v 0.047580 -0.030970 0.036912
v 0.043675 -0.031816 0.041135
v 0.000322 -0.013414 0.074039
v -0.005384 -0.012755 0.071330
v 0.042337 -0.026297 0.042357
v 0.049350 -0.018567 0.035416
v 0.051356 -0.027999 0.031921
v 0.007371 -0.073838 0.049732
v -0.028535 0.035146 0.039748
v -0.028704 0.032790 0.038292
v 0.013730 -0.074604 0.045844
v 0.019679 -0.075702 0.038799
v 0.024041 -0.077579 0.030579
v 0.028997 -0.078791 0.021347
v 0.033501 -0.078828 0.010627
v 0.039277 -0.077132 -0.001208
v -0.022314 0.038130 0.043328
v -0.004617 0.038694 0.048211
v -0.009932 0.038592 0.047417
v 0.048877 -0.071280 -0.014292
v -0.029754 0.027954 0.037027
v -0.030566 0.025730 0.035926
v -0.028733 0.030566 0.036917
v -0.030430 0.026055 0.037182
v -0.030073 0.026906 0.037385
v 0.057440 -0.058959 -0.026730
v -0.029131 0.029611 0.036539
v 0.060810 -0.046628 -0.035811
v -0.029138 0.029847 0.036559
v 0.020548 -0.088866 0.015509
v -0.026763 0.037055 0.041399
v 0.016772 -0.085849 0.023620
v 0.013389 -0.083701 0.031243
v -0.029424 0.029089 0.036441
v -0.030433 0.025204 0.034312
v 0.010175 -0.081717 0.037164
v -0.031050 0.023301 0.029146
v 0.005884 -0.083156 0.036591
v 0.000581 0.039109 0.049063
v -0.020991 0.048367 0.046238
v -0.050890 0.047890 0.024930
v 0.005367 -0.088297 0.026562
v -0.054339 0.042716 0.021821
v 0.007421 -0.092835 0.020342
v -0.047871 0.007343 0.028190
v -0.050335 0.008421 0.025645
v -0.018260 0.042238 0.046854
v 0.009537 -0.097899 0.016564
v 0.041990 -0.042939 0.041903
v 0.045872 -0.046540 0.036777
v 0.047790 -0.038776 0.035814
v 0.052025 -0.037943 0.029538
v -0.026052 0.066772 0.038208
v -0.030688 0.114185 -0.010331
v -0.024603 0.060024 0.041517
v -0.038773 0.053197 0.035467
v 0.050645 -0.048494 0.029958
v -0.030823 0.109514 -0.001195
v 0.043796 -0.037404 0.041059
v 0.055765 -0.047057 0.021254
v 0.056116 -0.034545 0.022707
v 0.055034 -0.022541 0.027051
v 0.058974 -0.029395 0.016819
v -0.045987 0.051809 0.029292
v 0.059392 -0.042604 0.012855
v -0.055106 0.012438 0.018806
v -0.005972 0.054537 0.047198
v -0.056670 0.018148 0.015725
v 0.058189 -0.018968 0.022143
v -0.014258 0.054098 0.046647
v -0.027203 0.125050 -0.073053
v 0.060720 -0.015208 0.017847
v 0.060739 -0.025513 0.012123
v 0.061410 -0.036772 0.007094
v 0.045592 -0.058992 0.032012
v -0.013384 0.035226 0.044088
v 0.063004 -0.031688 0.001410
v -0.038091 0.007108 0.034137
v -0.041229 0.006620 0.032752
v 0.062992 -0.012174 0.013114
v -0.031102 0.124755 -0.061738
v -0.054144 0.010783 0.020671
v -0.029577 0.085722 0.027590
v -0.009401 0.028291 0.041700
v -0.011199 0.031170 0.042026
v -0.030362 0.092687 0.020836
v 0.062546 -0.021389 0.007162
v 0.065651 -0.007580 0.007029
v 0.065726 -0.016708 -0.002123
v -0.030675 0.098857 0.013847
v 0.065489 -0.025138 -0.007719
v 0.068527 -0.022545 -0.023266
v -0.031034 0.118400 -0.021002
v -0.021052 0.010010 0.037991
v 0.061926 -0.031541 -0.052686
v 0.021015 -0.027226 0.050907
v 0.015876 -0.026252 0.052977
v -0.056814 0.036659 0.019046
v -0.057847 0.029911 0.017200
v -0.031697 0.124004 -0.047833
v -0.030717 0.007952 0.036847
v -0.057318 0.023865 0.016213
v -0.015487 0.127069 -0.081198
v 0.011092 -0.026064 0.056173
v -0.052535 0.009381 0.023101
v 0.007466 -0.025993 0.058774
v 0.003667 -0.026268 0.060155
v -0.031587 0.053843 0.040402
v -0.034598 0.007436 0.035618
v -0.008589 0.025066 0.041428
v -0.016359 0.012383 0.038365
v -0.012956 0.015508 0.038758
v -0.030760 0.104372 0.006718
v -0.010555 0.018622 0.039737
v -0.008919 0.021561 0.040961
v -0.025821 0.008580 0.037870
v -0.028065 0.076131 0.034114
v -0.031248 0.121713 -0.033724
v -0.044788 0.006715 0.030648
v 0.000040 0.128436 -0.084062
v 0.000603 0.055347 0.046938
v -0.009633 0.020161 0.040552
v -0.015969 0.038548 0.045839
v -0.023129 0.053905 0.044372
v -0.000051 -0.032319 0.063180
v -0.027039 -0.032706 0.050216
v -0.028622 -0.032813 0.049570
v -0.028131 -0.035027 0.048840
v -0.018839 -0.031774 0.053676
v -0.023832 -0.032633 0.051473
v -0.017599 -0.033105 0.057754
v -0.029121 -0.033302 0.049144
v -0.012028 -0.032719 0.060697
v -0.029192 -0.034414 0.048729
v -0.006605 -0.032761 0.061936
v -0.000071 -0.030910 0.060110
v -0.008839 -0.030187 0.058729
v -0.004554 -0.030430 0.060243
v -0.013607 -0.030679 0.056238
v -0.025749 -0.034357 0.050477
v -0.022558 -0.033237 0.053609
v 0.004518 -0.014938 0.069978
v 0.003327 -0.016606 0.067448
v 0.015677 0.020258 0.034956
v 0.007737 -0.018744 0.057943
v 0.007312 0.004452 0.062618
v 0.014332 0.020575 0.035390
v 0.010063 -0.018319 0.056717
v 0.007138 0.010995 0.056871
v 0.008408 0.019989 0.044434
v 0.007012 0.007604 0.059856
v 0.015752 -0.015144 0.056471
v 0.013956 -0.018049 0.055398
v 0.007529 -0.009451 0.072240
v 0.008457 -0.006645 0.071344
v 0.007878 -0.012279 0.070089
v 0.005216 -0.013933 0.070912
v 0.017275 0.020106 0.035644
v 0.028414 0.021455 0.029351
v 0.006668 -0.011364 0.072075
v 0.003726 -0.013230 0.072834
v 0.020593 0.020929 0.033375
v 0.016588 0.020176 0.035323
v 0.011937 -0.010387 0.065304
v 0.007166 0.019018 0.048772
v 0.014790 -0.012127 0.060766
v 0.018212 0.020199 0.035626
v 0.018733 0.020376 0.035608
v 0.007633 0.000934 0.065971
v 0.023222 0.020888 0.033992
v 0.003061 -0.018434 0.062554
v 0.010116 -0.011278 0.067682
v 0.008787 -0.011868 0.069055
v 0.003301 -0.019404 0.060750
v 0.011808 0.020456 0.037632
v 0.007069 0.016635 0.052227
v 0.007331 0.013670 0.054741
v 0.002892 -0.017503 0.064979
v 0.008438 -0.003059 0.069291
v 0.005847 -0.018820 0.059404
v 0.005876 -0.012848 0.071553
v 0.029565 0.035335 0.040909
v 0.029656 0.032995 0.039565
v 0.023407 0.038136 0.044338
v 0.005708 0.038713 0.048605
v 0.010991 0.038560 0.047958
v 0.030290 0.028230 0.038440
v 0.030885 0.025769 0.036983
v 0.029499 0.030846 0.038196
v 0.030911 0.026032 0.038575
v 0.030544 0.026983 0.038890
v 0.029807 0.029880 0.037905
v 0.029797 0.030034 0.038063
v 0.027844 0.037264 0.042543
v 0.030033 0.029292 0.037874
v 0.030791 0.025403 0.035244
v 0.031483 0.023512 0.030111
v 0.022263 0.048422 0.047113
v 0.051507 0.048238 0.025774
v 0.054776 0.043002 0.022676
v 0.048270 0.007535 0.029175
v 0.050711 0.008686 0.026554
v 0.019448 0.042116 0.047752
v 0.027022 0.066962 0.038559
v 0.030747 0.114387 -0.010394
v 0.025700 0.060191 0.041967
v 0.039736 0.053529 0.036092
v 0.030878 0.109635 -0.001191
v 0.046785 0.052192 0.029996
v 0.055678 0.012756 0.019799
v 0.007169 0.054550 0.047491
v 0.057451 0.018478 0.016812
v 0.015492 0.054166 0.047182
v 0.027271 0.125270 -0.073116
v 0.014314 0.035306 0.044686
v 0.038483 0.007211 0.035359
v 0.041644 0.006733 0.033934
v 0.031190 0.124992 -0.061836
v 0.054606 0.011102 0.021539
v 0.030235 0.085791 0.027718
v 0.010119 0.028499 0.042081
v 0.011981 0.031394 0.042462
v 0.030558 0.092492 0.021196
v 0.030779 0.098813 0.014051
v 0.031107 0.118632 -0.021079
v 0.021256 0.009900 0.038591
v 0.057127 0.036986 0.019834
v 0.058244 0.030231 0.018049
v 0.031796 0.124266 -0.047950
v 0.031120 0.007840 0.037702
v 0.058038 0.024159 0.017193
v 0.015564 0.127152 -0.081213
v 0.052996 0.009646 0.023991
v 0.032631 0.054087 0.041028
v 0.034938 0.007485 0.036718
v 0.009038 0.025256 0.041754
v 0.016461 0.012286 0.038832
v 0.013013 0.015462 0.039151
v 0.030825 0.104424 0.006813
v 0.010679 0.018626 0.040157
v 0.009209 0.021671 0.041277
v 0.025943 0.008489 0.038472
v 0.028927 0.076370 0.034448
v 0.031335 0.121980 -0.033825
v 0.045179 0.006855 0.031706
v 0.009857 0.020201 0.040923
v 0.017023 0.038429 0.046600
v 0.024308 0.054019 0.045056
v 0.027066 -0.032738 0.050862
v 0.028640 -0.032883 0.050263
v 0.028018 -0.035166 0.049770
v 0.018921 -0.031794 0.054117
v 0.023873 -0.032686 0.052013
v 0.017106 -0.033417 0.057857
v 0.029071 -0.033390 0.049815
v 0.011720 -0.032993 0.060829
v 0.029086 -0.034495 0.049604
v 0.006287 -0.033010 0.062239
v 0.008899 -0.030118 0.059096
v 0.004541 -0.030381 0.060482
v 0.013604 -0.030624 0.056613
v 0.025626 -0.034495 0.050991
v 0.022217 -0.033474 0.053752
v 0.031359 0.022119 0.023859
v -0.030819 0.021923 0.022813
v 0.030092 0.021398 0.037882
v 0.028525 0.021398 0.037406
v 0.027081 0.021399 0.036636
v 0.025869 0.021399 0.035640
v 0.030123 0.021716 0.037881
v 0.028586 0.022023 0.037407
v 0.027170 0.022306 0.036636
v 0.025982 0.022543 0.035639
v 0.030215 0.022023 0.037882
v 0.028768 0.022623 0.037406
v 0.027434 0.023178 0.036636
v 0.026314 0.023642 0.035639
v 0.030366 0.022305 0.037882
v 0.029063 0.023177 0.037407
v 0.027862 0.023981 0.036636
v 0.026855 0.024655 0.035639
v 0.030569 0.022551 0.037881
v 0.029461 0.023662 0.037406
v 0.028439 0.024686 0.036636
v 0.027582 0.025545 0.035640
v 0.030815 0.022755 0.037882
v 0.029944 0.024060 0.037407
v 0.029142 0.025263 0.036636
v 0.028469 0.026272 0.035638
v 0.031096 0.022905 0.037882
v 0.030497 0.024356 0.037406
v 0.029944 0.025693 0.036635
v 0.029481 0.026814 0.035637
v 0.031403 0.022999 0.037881
v 0.031096 0.024538 0.037406
v 0.030814 0.025957 0.036636
v 0.030578 0.027146 0.035637
v 0.031720 0.023030 0.037881
v 0.031720 0.024599 0.037405
v 0.031720 0.026046 0.036634
v 0.031719 0.027259 0.035637
v 0.032038 0.022998 0.037880
v 0.032344 0.024537 0.037405
v 0.032625 0.025956 0.036633
v 0.032861 0.027145 0.035635
v 0.032344 0.022905 0.037880
v 0.032942 0.024354 0.037403
v 0.033495 0.025691 0.036632
v 0.033958 0.026811 0.035634
v 0.032625 0.022754 0.037879
v 0.033495 0.024058 0.037403
v 0.034297 0.025261 0.036631
v 0.034969 0.026269 0.035633
v 0.032871 0.022550 0.037878
v 0.033978 0.023659 0.037402
v 0.035000 0.024682 0.036630
v 0.035857 0.025540 0.035633
v 0.033075 0.022303 0.037878
v 0.034376 0.023174 0.037401
v 0.035576 0.023978 0.036629
v 0.036583 0.024651 0.035631
v 0.033225 0.022021 0.037877
v 0.034671 0.022621 0.037400
v 0.036005 0.023174 0.036627
v 0.037124 0.023637 0.035629
v 0.033317 0.021714 0.037876
v 0.034853 0.022020 0.037399
v 0.036269 0.022302 0.036627
v 0.037456 0.022538 0.035628
v 0.033349 0.021396 0.037876
v 0.034914 0.021396 0.037398
v 0.036358 0.021395 0.036626
v 0.037570 0.021394 0.035629
v 0.033318 0.021079 0.037876
v 0.034853 0.020771 0.037398
v 0.036269 0.020488 0.036625
v 0.037456 0.020251 0.035627
v 0.033225 0.020772 0.037876
v 0.034671 0.020171 0.037398
v 0.036005 0.019617 0.036626
v 0.037125 0.019152 0.035628
v 0.033075 0.020490 0.037876
v 0.034377 0.019618 0.037399
v 0.035578 0.018813 0.036627
v 0.036585 0.018139 0.035629
v 0.032872 0.020243 0.037877
v 0.033980 0.019133 0.037400
v 0.035002 0.018109 0.036628
v 0.035860 0.017249 0.035632
v 0.032626 0.020040 0.037877
v 0.033497 0.018735 0.037401
v 0.034300 0.017531 0.036629
v 0.034973 0.016521 0.035631
v 0.032345 0.019889 0.037878
v 0.032944 0.018439 0.037401
v 0.033498 0.017101 0.036630
v 0.033962 0.015980 0.035633
v 0.032039 0.019796 0.037879
v 0.032346 0.018256 0.037403
v 0.032628 0.016836 0.036632
v 0.032865 0.015647 0.035633
v 0.031722 0.019765 0.037879
v 0.031722 0.018195 0.037403
v 0.031723 0.016747 0.036632
v 0.031724 0.015534 0.035634
v 0.031404 0.019796 0.037880
v 0.031099 0.018256 0.037404
v 0.030818 0.016837 0.036633
v 0.030582 0.015647 0.035635
v 0.031098 0.019889 0.037880
v 0.030500 0.018439 0.037404
v 0.029948 0.017102 0.036633
v 0.029486 0.015981 0.035635
v 0.030816 0.020040 0.037880
v 0.029947 0.018735 0.037405
v 0.029145 0.017532 0.036633
v 0.028474 0.016523 0.035635
v 0.030570 0.020244 0.037880
v 0.029463 0.019134 0.037404
v 0.028442 0.018110 0.036634
v 0.027586 0.017252 0.035637
v 0.030367 0.020491 0.037881
v 0.029065 0.019619 0.037406
v 0.027865 0.018815 0.036634
v 0.026858 0.018142 0.035636
v 0.031721 0.021397 0.038040
v 0.030216 0.020773 0.037881
v 0.028769 0.020173 0.037405
v 0.027436 0.019619 0.036635
v 0.026317 0.019156 0.035638
v 0.030124 0.021080 0.037881
v 0.028587 0.020773 0.037406
v 0.027170 0.020491 0.036636
v 0.025983 0.020255 0.035638
v 0.024688 0.021399 0.034784
v 0.022863 0.021400 0.033329
v 0.021306 0.021400 0.031428
v 0.020149 0.021401 0.029258
v 0.019438 0.021401 0.026903
v 0.019199 0.021401 0.024455
v 0.019440 0.021400 0.022004
v 0.020152 0.021399 0.019649
v 0.021310 0.021399 0.017477
v 0.022868 0.021398 0.015574
v 0.024766 0.021397 0.014012
v 0.026932 0.021396 0.012852
v 0.029281 0.021395 0.012138
v 0.024823 0.022774 0.034783
v 0.023032 0.023131 0.033330
v 0.021505 0.023437 0.031429
v 0.020370 0.023663 0.029259
v 0.019673 0.023802 0.026903
v 0.019438 0.023849 0.024454
v 0.019674 0.023802 0.022004
v 0.020374 0.023661 0.019649
v 0.021510 0.023435 0.017477
v 0.023038 0.023129 0.015574
v 0.024900 0.022758 0.014012
v 0.027023 0.022333 0.012852
v 0.029328 0.021873 0.012138
v 0.025223 0.024096 0.034783
v 0.023535 0.024797 0.033330
v 0.022097 0.025395 0.031429
v 0.021029 0.025838 0.029258
v 0.020371 0.026112 0.026903
v 0.020149 0.026204 0.024453
v 0.020372 0.026111 0.022004
v 0.021032 0.025837 0.019649
v 0.022102 0.025392 0.017477
v 0.023541 0.024794 0.015574
v 0.025295 0.024065 0.014012
v 0.027296 0.023234 0.012852
v 0.029467 0.022332 0.012138
v 0.025872 0.025315 0.034784
v 0.024353 0.026332 0.033331
v 0.023059 0.027199 0.031429
v 0.022098 0.027843 0.029257
v 0.021506 0.028239 0.026902
v 0.021306 0.028373 0.024453
v 0.021507 0.028238 0.022004
v 0.022101 0.027841 0.019648
v 0.023063 0.027196 0.017477
v 0.024358 0.026329 0.015574
v 0.025937 0.025271 0.014012
v 0.027738 0.024064 0.012852
v 0.029692 0.022756 0.012138
v 0.026746 0.026382 0.034784
v 0.025455 0.027676 0.033329
v 0.024354 0.028780 0.031428
v 0.023536 0.029599 0.029257
v 0.023033 0.030104 0.026902
v 0.022864 0.030274 0.024453
v 0.023035 0.030103 0.022003
v 0.023539 0.029598 0.019648
v 0.024357 0.028777 0.017477
v 0.025460 0.027673 0.015574
v 0.026802 0.026327 0.014012
v 0.028334 0.024792 0.012852
v 0.029997 0.023126 0.012138
v 0.027812 0.027257 0.034783
v 0.026798 0.028779 0.033328
v 0.025932 0.030077 0.031427
v 0.025290 0.031041 0.029256
v 0.024895 0.031635 0.026901
v 0.024761 0.031835 0.024453
v 0.024896 0.031634 0.022003
v 0.025292 0.031039 0.019648
v 0.025935 0.030074 0.017477
v 0.026801 0.028776 0.015574
v 0.027856 0.027194 0.014012
v 0.029061 0.025389 0.012852
v 0.030366 0.023431 0.012138
v 0.029028 0.027907 0.034781
v 0.028329 0.029598 0.033327
v 0.027733 0.031040 0.031426
v 0.027291 0.032112 0.029256
v 0.027018 0.032772 0.026902
v 0.026927 0.032994 0.024453
v 0.027018 0.032771 0.022003
v 0.027292 0.032110 0.019648
v 0.027735 0.031038 0.017477
v 0.028332 0.029595 0.015574
v 0.029060 0.027838 0.014012
v 0.029889 0.025832 0.012852
v 0.030789 0.023657 0.012138
v 0.030347 0.028308 0.034780
v 0.029992 0.030102 0.033326
v 0.029687 0.031633 0.031426
v 0.029462 0.032771 0.029255
v 0.029323 0.033471 0.026902
v 0.029276 0.033707 0.024453
v 0.029324 0.033471 0.022003
v 0.029463 0.032770 0.019648
v 0.029689 0.031631 0.017477
v 0.029994 0.030100 0.015574
v 0.030364 0.028234 0.014012
v 0.030788 0.026106 0.012852
v 0.031247 0.023796 0.012138
v 0.031719 0.028442 0.034780
v 0.031719 0.030272 0.033326
v 0.031719 0.031833 0.031425
v 0.031719 0.032993 0.029255
v 0.031719 0.033706 0.026901
v 0.031720 0.033949 0.024454
v 0.031720 0.033706 0.022003
v 0.031720 0.032992 0.019648
v 0.031721 0.031831 0.017477
v 0.031721 0.030270 0.015574
v 0.031722 0.028368 0.014012
v 0.031723 0.026198 0.012852
v 0.031724 0.023843 0.012138
v 0.033091 0.028306 0.034778
v 0.033447 0.030100 0.033325
v 0.033751 0.031631 0.031424
v 0.033976 0.032769 0.029254
v 0.034116 0.033470 0.026901
v 0.034163 0.033705 0.024452
v 0.034117 0.033469 0.022003
v 0.033978 0.032768 0.019648
v 0.033753 0.031630 0.017476
v 0.033449 0.030098 0.015574
v 0.033080 0.028233 0.014012
v 0.032658 0.026105 0.012851
v 0.032201 0.023795 0.012138
v 0.034410 0.027904 0.034777
v 0.035109 0.029595 0.033324
v 0.035706 0.031036 0.031423
v 0.036148 0.032108 0.029254
v 0.036422 0.032768 0.026900
v 0.036514 0.032990 0.024451
v 0.036422 0.032768 0.022002
v 0.036149 0.032107 0.019647
v 0.035707 0.031035 0.017476
v 0.035111 0.029593 0.015574
v 0.034385 0.027836 0.014012
v 0.033558 0.025831 0.012851
v 0.032659 0.023656 0.012138
v 0.035627 0.027253 0.034778
v 0.036641 0.028774 0.033324
v 0.037507 0.030071 0.031423
v 0.038149 0.031035 0.029253
v 0.038545 0.031629 0.026899
v 0.038680 0.031829 0.024450
v 0.038545 0.031629 0.022002
v 0.038150 0.031034 0.019647
v 0.037508 0.030070 0.017476
v 0.036643 0.028772 0.015573
v 0.035589 0.027191 0.014012
v 0.034386 0.025387 0.012851
v 0.033082 0.023430 0.012138
v 0.036693 0.026377 0.034777
v 0.037984 0.027670 0.033323
v 0.039085 0.028773 0.031423
v 0.039904 0.029593 0.029252
v 0.040407 0.030097 0.026898
v 0.040578 0.030267 0.024450
v 0.040408 0.030096 0.022001
v 0.039904 0.029592 0.019646
v 0.039086 0.028772 0.017475
v 0.037985 0.027668 0.015573
v 0.036644 0.026324 0.014011
v 0.035113 0.024790 0.012851
v 0.033452 0.023125 0.012138
v 0.037567 0.025309 0.034776
v 0.039086 0.026325 0.033323
v 0.040381 0.027191 0.031422
v 0.041344 0.027835 0.029252
v 0.041937 0.028231 0.026898
v 0.042137 0.028365 0.024450
v 0.041937 0.028230 0.022001
v 0.041344 0.027834 0.019646
v 0.040382 0.027190 0.017475
v 0.039087 0.026323 0.015573
v 0.037509 0.025267 0.014011
v 0.035709 0.024061 0.012851
v 0.033756 0.022754 0.012138
v 0.038216 0.024090 0.034774
v 0.039905 0.024790 0.033321
v 0.041345 0.025387 0.031422
v 0.042415 0.025830 0.029253
v 0.043074 0.026103 0.026899
v 0.043296 0.026194 0.024450
v 0.043073 0.026103 0.022001
v 0.042414 0.025829 0.019646
v 0.041345 0.025385 0.017475
v 0.039906 0.024788 0.015573
v 0.038153 0.024060 0.014011
v 0.036152 0.023231 0.012851
v 0.033982 0.022331 0.012138
v 0.038617 0.022768 0.034773
v 0.040410 0.023124 0.033322
v 0.041939 0.023428 0.031422
v 0.043076 0.023654 0.029254
v 0.043775 0.023793 0.026899
v 0.044010 0.023840 0.024451
v 0.043774 0.023792 0.022001
v 0.043074 0.023653 0.019646
v 0.041938 0.023427 0.017475
v 0.040410 0.023122 0.015573
v 0.038549 0.022753 0.014011
v 0.036426 0.022330 0.012851
v 0.034121 0.021871 0.012137
v 0.038754 0.021393 0.034774
v 0.040582 0.021393 0.033322
v 0.042142 0.021392 0.031423
v 0.043300 0.021391 0.029254
v 0.044012 0.021391 0.026899
v 0.044253 0.021392 0.024452
v 0.044010 0.021391 0.022002
v 0.043297 0.021391 0.019646
v 0.042139 0.021391 0.017475
v 0.040581 0.021391 0.015573
v 0.038683 0.021392 0.014011
v 0.036518 0.021392 0.012851
v 0.034168 0.021393 0.012137
v 0.038618 0.020019 0.034773
v 0.040412 0.019661 0.033322
v 0.041942 0.019355 0.031423
v 0.043079 0.019129 0.029254
v 0.043777 0.018990 0.026899
v 0.044012 0.018942 0.024450
v 0.043776 0.018990 0.022001
v 0.043076 0.019129 0.019646
v 0.041940 0.019355 0.017475
v 0.040411 0.019660 0.015573
v 0.038550 0.020031 0.014011
v 0.036427 0.020455 0.012851
v 0.034121 0.020916 0.012137
v 0.038218 0.018697 0.034773
v 0.039908 0.017996 0.033321
v 0.041349 0.017398 0.031422
v 0.042420 0.016954 0.029254
v 0.043078 0.016680 0.026899
v 0.043300 0.016587 0.024449
v 0.043077 0.016679 0.022001
v 0.042418 0.016953 0.019646
v 0.041348 0.017397 0.017474
v 0.039908 0.017995 0.015572
v 0.038155 0.018724 0.014011
v 0.036153 0.019554 0.012851
v 0.033982 0.020456 0.012137
v 0.037571 0.017479 0.034775
v 0.039091 0.016461 0.033323
v 0.040386 0.015594 0.031422
v 0.041349 0.014949 0.029253
v 0.041943 0.014552 0.026898
v 0.042142 0.014418 0.024449
v 0.041942 0.014552 0.022000
v 0.041349 0.014949 0.019645
v 0.040386 0.015593 0.017474
v 0.039091 0.016460 0.015572
v 0.037512 0.017518 0.014011
v 0.035711 0.018724 0.012851
v 0.033757 0.020033 0.012137
v 0.036697 0.016412 0.034776
v 0.037989 0.015117 0.033322
v 0.039091 0.014013 0.031421
v 0.039910 0.013193 0.029252
v 0.040414 0.012688 0.026897
v 0.040585 0.012517 0.024449
v 0.040414 0.012687 0.022000
v 0.039910 0.013192 0.019645
v 0.039091 0.014012 0.017474
v 0.037990 0.015116 0.015572
v 0.036647 0.016461 0.014011
v 0.035116 0.017996 0.012851
v 0.033453 0.019663 0.012137
v 0.035631 0.015536 0.034776
v 0.036647 0.014014 0.033322
v 0.037513 0.012716 0.031421
v 0.038157 0.011751 0.029252
v 0.038553 0.011157 0.026897
v 0.038687 0.010956 0.024449
v 0.038553 0.011157 0.022000
v 0.038157 0.011751 0.019645
v 0.037514 0.012715 0.017474
v 0.036648 0.014013 0.015572
v 0.035593 0.015595 0.014011
v 0.034389 0.017399 0.012851
v 0.033083 0.019358 0.012137
v 0.031725 0.021394 0.011896
v 0.034415 0.014886 0.034775
v 0.035116 0.013195 0.033322
v 0.035713 0.011753 0.031421
v 0.036156 0.010681 0.029253
v 0.036430 0.010020 0.026898
v 0.036522 0.009797 0.024449
v 0.036430 0.010020 0.022000
v 0.036156 0.010680 0.019646
v 0.035714 0.011751 0.017474
v 0.035117 0.013194 0.015572
v 0.034389 0.014951 0.014011
v 0.033561 0.016956 0.012851
v 0.032661 0.019132 0.012137
v 0.033097 0.014485 0.034776
v 0.033453 0.012691 0.033323
v 0.033759 0.011159 0.031422
v 0.033985 0.010021 0.029253
v 0.034125 0.009321 0.026898
v 0.034172 0.009085 0.024450
v 0.034125 0.009320 0.022001
v 0.033986 0.010020 0.019646
v 0.033760 0.011158 0.017475
v 0.033455 0.012689 0.015573
v 0.033085 0.014555 0.014011
v 0.032662 0.016682 0.012851
v 0.032202 0.018993 0.012137
v 0.031725 0.014350 0.034778
v 0.031726 0.012521 0.033323
v 0.031727 0.010959 0.031422
v 0.031728 0.009799 0.029253
v 0.031728 0.009086 0.026898
v 0.031729 0.008845 0.024452
v 0.031729 0.009085 0.022001
v 0.031729 0.009799 0.019646
v 0.031728 0.010958 0.017475
v 0.031728 0.012519 0.015573
v 0.031727 0.014421 0.014011
v 0.031726 0.016591 0.012851
v 0.031726 0.018946 0.012138
v 0.030353 0.014486 0.034778
v 0.029999 0.012692 0.033323
v 0.029695 0.011161 0.031423
v 0.029471 0.010023 0.029253
v 0.029332 0.009323 0.026899
v 0.029285 0.009087 0.024450
v 0.029332 0.009322 0.022001
v 0.029472 0.010022 0.019646
v 0.029696 0.011160 0.017475
v 0.030000 0.012691 0.015573
v 0.030369 0.014556 0.014011
v 0.030791 0.016683 0.012851
v 0.031249 0.018993 0.012137
v 0.029034 0.014888 0.034778
v 0.028336 0.013198 0.033324
v 0.027741 0.011756 0.031423
v 0.027299 0.010684 0.029254
v 0.027026 0.010024 0.026899
v 0.026936 0.009801 0.024450
v 0.027027 0.010023 0.022001
v 0.027300 0.010683 0.019646
v 0.027742 0.011754 0.017475
v 0.028338 0.013196 0.015573
v 0.029064 0.014953 0.014011
v 0.029892 0.016957 0.012851
v 0.030790 0.019133 0.012138
v 0.027818 0.015539 0.034779
v 0.026804 0.014018 0.033325
v 0.025940 0.012721 0.031423
v 0.025298 0.011756 0.029254
v 0.024903 0.011162 0.026899
v 0.024769 0.010961 0.024450
v 0.024904 0.011162 0.022001
v 0.025299 0.011756 0.019646
v 0.025941 0.012719 0.017475
v 0.026806 0.014016 0.015573
v 0.027860 0.015597 0.014011
v 0.029063 0.017401 0.012851
v 0.030368 0.019359 0.012138
v 0.026751 0.016416 0.034780
v 0.025462 0.015122 0.033326
v 0.024361 0.014019 0.031424
v 0.023544 0.013199 0.029255
v 0.023040 0.012694 0.026899
v 0.022871 0.012524 0.024451
v 0.023041 0.012694 0.022002
v 0.023545 0.013198 0.019647
v 0.024363 0.014018 0.017476
v 0.025464 0.015121 0.015573
v 0.026806 0.016465 0.014011
v 0.028336 0.017999 0.012851
v 0.029998 0.019664 0.012138
v 0.025876 0.017484 0.034780
v 0.024359 0.016467 0.033326
v 0.023065 0.015601 0.031424
v 0.022104 0.014957 0.029255
v 0.021511 0.014561 0.026900
v 0.021312 0.014426 0.024451
v 0.021512 0.014560 0.022002
v 0.022105 0.014956 0.019647
v 0.023068 0.015599 0.017476
v 0.024362 0.016466 0.015574
v 0.025940 0.017522 0.014012
v 0.027740 0.018727 0.012851
v 0.029693 0.020034 0.012138
v 0.025227 0.018702 0.034780
v 0.023540 0.018002 0.033327
v 0.022102 0.017406 0.031425
v 0.021033 0.016962 0.029256
v 0.020375 0.016689 0.026901
v 0.020153 0.016597 0.024452
v 0.020376 0.016688 0.022003
v 0.021035 0.016961 0.019648
v 0.022105 0.017404 0.017476
v 0.023543 0.018001 0.015574
v 0.025297 0.018728 0.014012
v 0.027297 0.019557 0.012851
v 0.029468 0.020458 0.012138
v 0.024825 0.020024 0.034782
v 0.023035 0.019669 0.033328
v 0.021508 0.019364 0.031426
v 0.020373 0.019139 0.029257
v 0.019675 0.018999 0.026902
v 0.019441 0.018952 0.024453
v 0.019676 0.018999 0.022004
v 0.020375 0.019137 0.019648
v 0.021511 0.019362 0.017476
v 0.023039 0.019667 0.015574
v 0.024901 0.020036 0.014012
v 0.027023 0.020459 0.012852
v 0.029329 0.020917 0.012138
v -0.033078 0.021492 0.036800
v -0.034644 0.021493 0.036322
v -0.036087 0.021493 0.035549
v -0.037298 0.021493 0.034551
v -0.033046 0.021810 0.036800
v -0.034583 0.022118 0.036323
v -0.035999 0.022400 0.035550
v -0.037186 0.022637 0.034551
v -0.032954 0.022117 0.036801
v -0.034401 0.022718 0.036324
v -0.035735 0.023272 0.035551
v -0.036854 0.023736 0.034552
v -0.032804 0.022399 0.036801
v -0.034106 0.023271 0.036324
v -0.035307 0.024075 0.035552
v -0.036315 0.024749 0.034554
v -0.032602 0.022646 0.036802
v -0.033709 0.023756 0.036325
v -0.034731 0.024780 0.035553
v -0.035589 0.025638 0.034556
v -0.032355 0.022849 0.036802
v -0.033226 0.024154 0.036326
v -0.034029 0.025357 0.035554
v -0.034702 0.026366 0.034556
v -0.032074 0.023000 0.036803
v -0.032673 0.024450 0.036326
v -0.033227 0.025787 0.035555
v -0.033690 0.026908 0.034557
v -0.031768 0.023093 0.036803
v -0.032075 0.024632 0.036327
v -0.032357 0.026052 0.035556
v -0.032594 0.027241 0.034558
v -0.031450 0.023124 0.036803
v -0.031451 0.024694 0.036327
v -0.031452 0.026141 0.035556
v -0.031452 0.027354 0.034559
v -0.031133 0.023093 0.036804
v -0.030827 0.024632 0.036329
v -0.030546 0.026051 0.035558
v -0.030310 0.027241 0.034559
v -0.030826 0.023000 0.036804
v -0.030228 0.024450 0.036328
v -0.029676 0.025786 0.035557
v -0.029213 0.026907 0.034560
v -0.030545 0.022849 0.036804
v -0.029675 0.024154 0.036329
v -0.028873 0.025357 0.035558
v -0.028201 0.026365 0.034560
v -0.030299 0.022646 0.036804
v -0.029192 0.023755 0.036328
v -0.028170 0.024778 0.035558
v -0.027313 0.025637 0.034562
v -0.030095 0.022399 0.036804
v -0.028794 0.023270 0.036329
v -0.027593 0.024074 0.035558
v -0.026586 0.024747 0.034560
v -0.029945 0.022117 0.036804
v -0.028498 0.022716 0.036328
v -0.027165 0.023270 0.035557
v -0.026045 0.023733 0.034560
v -0.029852 0.021810 0.036803
v -0.028316 0.022116 0.036328
v -0.026900 0.022398 0.035557
v -0.025713 0.022634 0.034559
v -0.029821 0.021491 0.036803
v -0.028255 0.021491 0.036328
v -0.026811 0.021490 0.035557
v -0.025599 0.021490 0.034560
v -0.029852 0.021173 0.036803
v -0.028316 0.020866 0.036328
v -0.026900 0.020583 0.035557
v -0.025712 0.020346 0.034559
v -0.029945 0.020866 0.036803
v -0.028498 0.020266 0.036327
v -0.027164 0.019711 0.035556
v -0.026045 0.019247 0.034558
v -0.030095 0.020584 0.036803
v -0.028793 0.019712 0.036328
v -0.027592 0.018907 0.035556
v -0.026585 0.018233 0.034558
v -0.030298 0.020337 0.036803
v -0.029191 0.019227 0.036327
v -0.028169 0.018203 0.035556
v -0.027312 0.017344 0.034559
v -0.030545 0.020134 0.036803
v -0.029674 0.018829 0.036328
v -0.028872 0.017625 0.035556
v -0.028200 0.016616 0.034558
v -0.030826 0.019983 0.036803
v -0.030227 0.018533 0.036327
v -0.029674 0.017196 0.035556
v -0.029211 0.016074 0.034557
v -0.031132 0.019890 0.036803
v -0.030826 0.018350 0.036327
v -0.030544 0.016931 0.035556
v -0.030308 0.015741 0.034557
v -0.031450 0.019859 0.036802
v -0.031449 0.018290 0.036326
v -0.031449 0.016842 0.035555
v -0.031449 0.015628 0.034557
v -0.031767 0.019891 0.036802
v -0.032073 0.018351 0.036326
v -0.032354 0.016932 0.035555
v -0.032591 0.015742 0.034556
v -0.032073 0.019984 0.036802
v -0.032672 0.018534 0.036325
v -0.033224 0.017197 0.035553
v -0.033687 0.016076 0.034555
v -0.032354 0.020135 0.036801
v -0.033224 0.018830 0.036324
v -0.034026 0.017627 0.035552
v -0.034698 0.016618 0.034554
v -0.032601 0.020339 0.036801
v -0.033707 0.019229 0.036323
v -0.034729 0.018206 0.035551
v -0.035586 0.017347 0.034554
v -0.032804 0.020586 0.036800
v -0.034105 0.019714 0.036322
v -0.035305 0.018911 0.035550
v -0.036312 0.018237 0.034551
v -0.031450 0.021492 0.036963
v -0.032954 0.020868 0.036800
v -0.034400 0.020268 0.036322
v -0.035733 0.019715 0.035549
v -0.036852 0.019251 0.034550
v -0.033046 0.021175 0.036800
v -0.034582 0.020868 0.036322
v -0.035997 0.020586 0.035548
v -0.037184 0.020350 0.034549
v -0.038481 0.021494 0.033695
v -0.040309 0.021494 0.032242
v -0.041870 0.021494 0.030344
v -0.043030 0.021494 0.028176
v -0.043741 0.021495 0.025821
v -0.043981 0.021495 0.023374
v -0.043739 0.021494 0.020923
v -0.043026 0.021493 0.018568
v -0.041868 0.021493 0.016397
v -0.040310 0.021492 0.014494
v -0.038412 0.021491 0.012933
v -0.036246 0.021490 0.011772
v -0.033897 0.021490 0.011059
v -0.038346 0.022868 0.033695
v -0.040139 0.023225 0.032243
v -0.041669 0.023531 0.030344
v -0.042807 0.023756 0.028176
v -0.043506 0.023896 0.025821
v -0.043740 0.023943 0.023373
v -0.043504 0.023896 0.020923
v -0.042804 0.023755 0.018568
v -0.041668 0.023529 0.016397
v -0.040140 0.023223 0.014495
v -0.038278 0.022852 0.012933
v -0.036155 0.022428 0.011772
v -0.033850 0.021967 0.011059
v -0.037946 0.024190 0.033696
v -0.039636 0.024891 0.032244
v -0.041077 0.025489 0.030345
v -0.042148 0.025932 0.028175
v -0.042806 0.026206 0.025821
v -0.043029 0.026298 0.023372
v -0.042805 0.026205 0.020923
v -0.042146 0.025931 0.018568
v -0.041076 0.025487 0.016397
v -0.039637 0.024889 0.014495
v -0.037883 0.024159 0.012933
v -0.035882 0.023329 0.011773
v -0.033711 0.022427 0.011059
v -0.037299 0.025408 0.033699
v -0.038819 0.026425 0.032246
v -0.040114 0.027293 0.030345
v -0.041077 0.027937 0.028175
v -0.041671 0.028333 0.025820
v -0.041871 0.028467 0.023372
v -0.041670 0.028332 0.020923
v -0.041077 0.027935 0.018568
v -0.040114 0.027290 0.016397
v -0.038819 0.026423 0.014495
v -0.037241 0.025365 0.012933
v -0.035440 0.024158 0.011773
v -0.033486 0.022850 0.011059
v -0.036425 0.026476 0.033700
v -0.037717 0.027770 0.032246
v -0.038819 0.028874 0.030345
v -0.039638 0.029694 0.028175
v -0.040142 0.030198 0.025821
v -0.040313 0.030368 0.023372
v -0.040142 0.030197 0.020923
v -0.039638 0.029692 0.018568
v -0.038820 0.028872 0.016397
v -0.037718 0.027767 0.014495
v -0.036376 0.026422 0.012933
v -0.034844 0.024887 0.011773
v -0.033181 0.023220 0.011059
v -0.035360 0.027351 0.033701
v -0.036375 0.028873 0.032247
v -0.037241 0.030171 0.030346
v -0.037885 0.031135 0.028175
v -0.038280 0.031729 0.025821
v -0.038415 0.031929 0.023372
v -0.038281 0.031728 0.020923
v -0.037885 0.031134 0.018568
v -0.037242 0.030169 0.016397
v -0.036376 0.028871 0.014495
v -0.035321 0.027289 0.012933
v -0.034117 0.025484 0.011773
v -0.032812 0.023525 0.011059
v -0.034144 0.028001 0.033700
v -0.034844 0.029692 0.032247
v -0.035441 0.031134 0.030346
v -0.035884 0.032206 0.028176
v -0.036158 0.032866 0.025822
v -0.036249 0.033089 0.023373
v -0.036158 0.032866 0.020924
v -0.035884 0.032205 0.018569
v -0.035442 0.031133 0.016397
v -0.034845 0.029690 0.014495
v -0.034118 0.027932 0.012933
v -0.033289 0.025927 0.011773
v -0.032389 0.023751 0.011059
v -0.032825 0.028402 0.033701
v -0.033181 0.030197 0.032247
v -0.033487 0.031728 0.030346
v -0.033712 0.032866 0.028176
v -0.033852 0.033566 0.025822
v -0.033900 0.033802 0.023374
v -0.033853 0.033566 0.020925
v -0.033713 0.032865 0.018569
v -0.033488 0.031726 0.016398
v -0.033183 0.030194 0.014496
v -0.032813 0.028328 0.012933
v -0.032390 0.026201 0.011773
v -0.031931 0.023890 0.011059
v -0.031453 0.028537 0.033702
v -0.031454 0.030367 0.032248
v -0.031454 0.031928 0.030347
v -0.031455 0.033088 0.028177
v -0.031455 0.033801 0.025823
v -0.031456 0.034044 0.023375
v -0.031456 0.033801 0.020925
v -0.031456 0.033087 0.018570
v -0.031456 0.031926 0.016398
v -0.031456 0.030364 0.014496
v -0.031455 0.028462 0.012934
v -0.031455 0.026293 0.011773
v -0.031454 0.023937 0.011059
v -0.030080 0.028402 0.033702
v -0.029726 0.030196 0.032248
v -0.029422 0.031727 0.030348
v -0.029198 0.032865 0.028177
v -0.029059 0.033565 0.025823
v -0.029012 0.033800 0.023375
v -0.029060 0.033564 0.020925
v -0.029199 0.032863 0.018570
v -0.029424 0.031725 0.016398
v -0.029728 0.030193 0.014496
v -0.030097 0.028327 0.012934
v -0.030519 0.026200 0.011773
v -0.030977 0.023890 0.011059
v -0.028761 0.028000 0.033703
v -0.028062 0.029691 0.032249
v -0.027467 0.031133 0.030349
v -0.027026 0.032204 0.028178
v -0.026753 0.032864 0.025824
v -0.026662 0.033086 0.023374
v -0.026754 0.032863 0.020925
v -0.027027 0.032202 0.018570
v -0.027470 0.031130 0.016398
v -0.028066 0.029688 0.014496
v -0.028792 0.027931 0.012934
v -0.029620 0.025926 0.011773
v -0.030519 0.023750 0.011059
v -0.027544 0.027350 0.033705
v -0.026530 0.028871 0.032251
v -0.025665 0.030168 0.030349
v -0.025023 0.031132 0.028178
v -0.024629 0.031725 0.025823
v -0.024496 0.031925 0.023374
v -0.024631 0.031724 0.020925
v -0.025026 0.031130 0.018570
v -0.025669 0.030165 0.016398
v -0.026534 0.028868 0.014496
v -0.027588 0.027286 0.012934
v -0.028792 0.025482 0.011773
v -0.030096 0.023525 0.011059
v -0.026478 0.026474 0.033706
v -0.025187 0.027767 0.032252
v -0.024086 0.028870 0.030350
v -0.023269 0.029689 0.028179
v -0.022767 0.030193 0.025824
v -0.022597 0.030363 0.023375
v -0.022768 0.030192 0.020925
v -0.023272 0.029687 0.018570
v -0.024090 0.028867 0.016399
v -0.025192 0.027763 0.014496
v -0.026533 0.026419 0.012934
v -0.028064 0.024885 0.011773
v -0.029726 0.023219 0.011059
v -0.025602 0.025406 0.033706
v -0.024084 0.026422 0.032253
v -0.022789 0.027289 0.030351
v -0.021829 0.027932 0.028180
v -0.021237 0.028327 0.025825
v -0.021038 0.028461 0.023375
v -0.021239 0.028326 0.020925
v -0.021833 0.027929 0.018570
v -0.022795 0.027285 0.016399
v -0.024090 0.026418 0.014496
v -0.025668 0.025362 0.012934
v -0.027468 0.024156 0.011773
v -0.029422 0.022849 0.011059
v -0.024954 0.024187 0.033704
v -0.023265 0.024887 0.032252
v -0.021826 0.025484 0.030351
v -0.020758 0.025926 0.028180
v -0.020101 0.026199 0.025825
v -0.019880 0.026290 0.023375
v -0.020103 0.026198 0.020926
v -0.020762 0.025924 0.018570
v -0.021832 0.025480 0.016399
v -0.023271 0.024884 0.014496
v -0.025025 0.024155 0.012934
v -0.027025 0.023326 0.011773
v -0.029196 0.022425 0.011059
v -0.024553 0.022865 0.033704
v -0.022762 0.023221 0.032251
v -0.021233 0.023525 0.030351
v -0.020099 0.023750 0.028180
v -0.019401 0.023889 0.025825
v -0.019167 0.023936 0.023375
v -0.019403 0.023888 0.020926
v -0.020103 0.023748 0.018570
v -0.021239 0.023522 0.016399
v -0.022767 0.023217 0.014496
v -0.024629 0.022848 0.012934
v -0.026752 0.022425 0.011773
v -0.029057 0.021966 0.011059
v -0.024418 0.021490 0.033704
v -0.022592 0.021489 0.032250
v -0.021034 0.021488 0.030349
v -0.019876 0.021488 0.028180
v -0.019165 0.021488 0.025824
v -0.018925 0.021488 0.023376
v -0.019168 0.021487 0.020926
v -0.019880 0.021486 0.018570
v -0.021038 0.021486 0.016398
v -0.022597 0.021486 0.014496
v -0.024494 0.021487 0.012934
v -0.026659 0.021487 0.011773
v -0.029010 0.021488 0.011059
v -0.024553 0.020114 0.033703
v -0.022762 0.019758 0.032249
v -0.021235 0.019452 0.030348
v -0.020099 0.019226 0.028179
v -0.019401 0.019086 0.025824
v -0.019166 0.019038 0.023375
v -0.019402 0.019085 0.020925
v -0.020102 0.019224 0.018570
v -0.021238 0.019450 0.016398
v -0.022766 0.019755 0.014496
v -0.024628 0.020126 0.012934
v -0.026751 0.020550 0.011773
v -0.029057 0.021010 0.011059
v -0.024954 0.018793 0.033702
v -0.023266 0.018092 0.032248
v -0.021828 0.017494 0.030347
v -0.020758 0.017050 0.028178
v -0.020100 0.016775 0.025823
v -0.019878 0.016683 0.023374
v -0.020101 0.016775 0.020924
v -0.020760 0.017049 0.018569
v -0.021830 0.017492 0.016398
v -0.023269 0.018090 0.014495
v -0.025023 0.018819 0.012933
v -0.027024 0.019649 0.011773
v -0.029196 0.020551 0.011059
v -0.025603 0.017574 0.033702
v -0.024085 0.016557 0.032248
v -0.022790 0.015690 0.030346
v -0.021828 0.015045 0.028177
v -0.021235 0.014648 0.025822
v -0.021035 0.014513 0.023373
v -0.021236 0.014648 0.020924
v -0.021829 0.015044 0.018569
v -0.022792 0.015688 0.016397
v -0.024087 0.016555 0.014495
v -0.025666 0.017612 0.012933
v -0.027467 0.018819 0.011773
v -0.029421 0.020127 0.011059
v -0.026477 0.016507 0.033702
v -0.025186 0.015213 0.032247
v -0.024085 0.014108 0.030346
v -0.023266 0.013288 0.028176
v -0.022763 0.012783 0.025821
v -0.022593 0.012612 0.023372
v -0.022764 0.012783 0.020923
v -0.023268 0.013287 0.018568
v -0.024086 0.014107 0.016397
v -0.025188 0.015211 0.014495
v -0.026531 0.016556 0.012933
v -0.028062 0.018091 0.011773
v -0.029725 0.019757 0.011059
v -0.027543 0.015631 0.033701
v -0.026528 0.014109 0.032247
v -0.025662 0.012811 0.030345
v -0.025020 0.011847 0.028176
v -0.024624 0.011252 0.025821
v -0.024490 0.011051 0.023372
v -0.024625 0.011252 0.020923
v -0.025021 0.011846 0.018568
v -0.025664 0.012810 0.016397
v -0.026530 0.014108 0.014495
v -0.027585 0.015689 0.012933
v -0.028789 0.017494 0.011773
v -0.030095 0.019452 0.011059
v -0.031453 0.021489 0.010818
v -0.028758 0.014981 0.033700
v -0.028059 0.013290 0.032246
v -0.027463 0.011847 0.030345
v -0.027020 0.010775 0.028176
v -0.026747 0.010115 0.025821
v -0.026655 0.009892 0.023372
v -0.026747 0.010115 0.020923
v -0.027021 0.010775 0.018568
v -0.027464 0.011846 0.016397
v -0.028061 0.013288 0.014495
v -0.028788 0.015045 0.012933
v -0.029617 0.017051 0.011773
v -0.030517 0.019227 0.011059
v -0.030077 0.014580 0.033700
v -0.029721 0.012786 0.032246
v -0.029417 0.011254 0.030345
v -0.029191 0.010116 0.028175
v -0.029052 0.009415 0.025821
v -0.029005 0.009180 0.023372
v -0.029053 0.009415 0.020923
v -0.029192 0.010115 0.018568
v -0.029418 0.011253 0.016397
v -0.029723 0.012784 0.014494
v -0.030093 0.014649 0.012933
v -0.030516 0.016777 0.011772
v -0.030976 0.019087 0.011059
v -0.031449 0.014445 0.033700
v -0.031449 0.012615 0.032246
v -0.031449 0.011054 0.030344
v -0.031448 0.009894 0.028175
v -0.031448 0.009180 0.025820
v -0.031449 0.008939 0.023373
v -0.031449 0.009180 0.020923
v -0.031449 0.009893 0.018568
v -0.031450 0.011053 0.016397
v -0.031450 0.012614 0.014494
v -0.031451 0.014515 0.012933
v -0.031452 0.016686 0.011772
v -0.031452 0.019040 0.011059
v -0.032821 0.014581 0.033699
v -0.033176 0.012787 0.032245
v -0.033481 0.011255 0.030344
v -0.033706 0.010117 0.028175
v -0.033845 0.009417 0.025820
v -0.033892 0.009181 0.023371
v -0.033845 0.009416 0.020923
v -0.033706 0.010117 0.018568
v -0.033482 0.011254 0.016396
v -0.033178 0.012785 0.014494
v -0.032809 0.014650 0.012932
v -0.032387 0.016778 0.011772
v -0.031929 0.019087 0.011059
v -0.034140 0.014983 0.033698
v -0.034839 0.013292 0.032244
v -0.035435 0.011850 0.030344
v -0.035877 0.010778 0.028175
v -0.036151 0.010118 0.025820
v -0.036242 0.009895 0.023371
v -0.036151 0.010117 0.020922
v -0.035878 0.010777 0.018567
v -0.035436 0.011849 0.016396
v -0.034840 0.013290 0.014494
v -0.034114 0.015047 0.012932
v -0.033286 0.017052 0.011772
v -0.032388 0.019227 0.011059
v -0.035356 0.015633 0.033699
v -0.036371 0.014112 0.032245
v -0.037236 0.012815 0.030344
v -0.037879 0.011850 0.028174
v -0.038274 0.011256 0.025819
v -0.038409 0.011055 0.023370
v -0.038274 0.011256 0.020922
v -0.037879 0.011850 0.018567
v -0.037237 0.012814 0.016396
v -0.036372 0.014111 0.014494
v -0.035318 0.015692 0.012932
v -0.034115 0.017496 0.011772
v -0.032811 0.019453 0.011059
v -0.036422 0.016510 0.033698
v -0.037713 0.015216 0.032244
v -0.038815 0.014112 0.030343
v -0.039633 0.013293 0.028174
v -0.040137 0.012788 0.025819
v -0.040307 0.012617 0.023370
v -0.040137 0.012788 0.020922
v -0.039633 0.013292 0.018567
v -0.038815 0.014112 0.016396
v -0.037714 0.015215 0.014494
v -0.036373 0.016559 0.012932
v -0.034842 0.018093 0.011772
v -0.033180 0.019758 0.011059
v -0.037296 0.017578 0.033697
v -0.038816 0.016561 0.032244
v -0.040111 0.015694 0.030344
v -0.041074 0.015050 0.028175
v -0.041667 0.014654 0.025820
v -0.041866 0.014520 0.023371
v -0.041666 0.014654 0.020922
v -0.041073 0.015050 0.018567
v -0.040111 0.015694 0.016396
v -0.038816 0.016560 0.014494
v -0.037238 0.017616 0.012932
v -0.035438 0.018822 0.011772
v -0.033485 0.020129 0.011059
v -0.037944 0.018797 0.033694
v -0.039634 0.018096 0.032242
v -0.041075 0.017499 0.030344
v -0.042145 0.017056 0.028175
v -0.042804 0.016782 0.025820
v -0.043025 0.016691 0.023371
v -0.042803 0.016782 0.020922
v -0.042143 0.017055 0.018567
v -0.041074 0.017498 0.016396
v -0.039635 0.018095 0.014494
v -0.037881 0.018823 0.012932
v -0.035881 0.019652 0.011772
v -0.033710 0.020552 0.011059
v -0.038344 0.020119 0.033694
v -0.040138 0.019763 0.032242
v -0.041669 0.019457 0.030344
v -0.042806 0.019232 0.028176
v -0.043505 0.019093 0.025821
v -0.043739 0.019045 0.023372
v -0.043503 0.019092 0.020923
v -0.042803 0.019231 0.018568
v -0.041667 0.019456 0.016396
v -0.040139 0.019761 0.014494
v -0.038277 0.020130 0.012933
v -0.036155 0.020553 0.011772
v -0.033850 0.021012 0.011059
f 4 2 1
f 8 6 5
f 13 15 14
f 17 19 18
f 32 30 29
f 36 34 33
f 37 39 38
f 21 23 20
f 25 27 24
f 41 43 42
f 48 46 45
f 52 50 49
f 53 55 54
f 60 58 57
f 29 62 61
f 66 64 63
f 67 6 68
f 72 70 69
f 76 74 73
f 77 79 78
f 81 83 82
f 59 86 85
f 88 90 89
f 96 94 93
f 100 98 97
f 101 103 102
f 106 34 87
f 108 115 107
f 117 36 118
f 124 126 125
f 131 129 128
f 132 134 133
f 142 140 139
f 148 60 147
f 144 127 124
f 149 151 150
f 156 154 153
f 159 158 157
f 116 164 105
f 171 169 168
f 174 173 172
f 179 181 180
f 186 188 187
f 194 196 195
f 199 139 198
f 206 208 207
f 213 211 210
f 202 214 201
f 96 216 54
f 92 43 44
f 97 246 100
f 250 229 228
f 252 58 253
f 258 256 255
f 260 229 259
f 110 112 113
f 114 263 109
f 265 267 266
f 56 270 269
f 274 249 250
f 185 63 64
f 280 278 276
f 285 283 157
f 288 211 212
f 141 92 46
f 289 175 176
f 148 105 106
f 312 170 171
f 238 42 43
f 318 160 317
f 310 308 307
f 241 325 324
f 160 240 317
f 47 307 308
f 108 315 164
f 345 86 119
f 348 350 349
f 356 358 357
f 355 353 352
f 363 32 362
f 149 150 176
f 364 253 365
f 366 368 367
f 183 371 63
f 163 161 160
f 209 101 208
f 378 165 166
f 379 381 380
f 383 3 4
f 284 386 385
f 387 389 388
f 391 229 249
f 73 397 396
f 405 407 406
f 203 411 410
f 414 413 412
f 1 357 4
f 277 131 275
f 254 57 58
f 358 415 351
f 417 386 408
f 401 192 420
f 419 127 143
f 421 182 422
f 103 302 409
f 428 368 174
f 380 359 356
f 62 266 323
f 140 431 430
f 357 351 348
f 356 379 380
f 415 403 434
f 437 436 435
f 438 440 439
f 188 450 449
f 452 454 453
f 265 181 421
f 224 64 225
f 237 213 427
f 275 128 458
f 281 460 459
f 50 79 461
f 73 282 281
f 468 466 465
f 390 352 359
f 482 484 483
f 489 487 486
f 493 495 494
f 472 470 469
f 502 500 499
f 220 222 223
f 512 143 66
f 518 511 80
f 513 230 286
f 205 31 244
f 189 451 188
f 163 532 8
f 533 225 251
f 446 447 412
f 335 540 334
f 544 546 545
f 329 291 292
f 199 262 238
f 385 416 550
f 532 191 247
f 363 118 243
f 236 237 250
f 578 580 579
f 573 571 570
f 561 562 272
f 241 259 240
f 590 592 591
f 545 595 594
f 503 155 504
f 606 624 623
f 478 480 479
f 646 648 647
f 590 689 684
f 564 651 650
f 728 184 727
f 714 716 715
f 692 575 693
f 541 581 578
f 346 248 400
f 161 230 160
f 128 94 95
f 698 704 703
f 574 576 575
f 290 401 328
f 630 725 726
f 733 735 734
f 755 496 493
f 759 481 760
f 757 762 761
f 764 466 467
f 768 3808 3809
f 759 488 489
f 492 475 771
f 474 769 473
f 773 465 772
f 771 486 483
f 484 775 491
f 774 489 486
f 495 764 756
f 495 761 494
f 137 784 136
f 325 797 547
f 165 51 52
f 369 29 370
f 730 568 569
f 90 301 89
f 243 516 242
f 800 806 805
f 817 808 816
f 816 823 822
f 306 447 807
f 815 809 808
f 829 828 825
f 726 501 502
f 274 424 423
f 879 881 880
f 884 879 885
f 219 217 211
f 906 904 897
f 455 205 542
f 898 830 829
f 903 880 881
f 906 897 898
f 377 519 165
f 923 948 946
f 946 951 950
f 3519 739 3517
f 900 886 880
f 225 65 144
f 182 442 422
f 809 947 824
f 954 962 961
f 927 965 966
f 885 880 886
f 925 966 967
f 343 341 340
f 965 971 968
f 968 970 969
f 972 969 973
f 963 981 978
f 336 338 339
f 992 827 828
f 810 996 959
f 1007 1002 1008
f 1012 827 1009
f 1011 1007 1008
f 294 292 291
f 907 920 919
f 1017 1019 1018
f 1020 1022 1021
f 1035 1020 1044
f 1061 1047 1046
f 1063 1046 1062
f 1044 1021 1045
f 1102 1097 1109
f 1116 1118 1117
f 1016 1014 1013
f 881 904 903
f 816 1127 817
f 1094 949 1097
f 514 167 515
f 146 81 82
f 1133 1130 1129
f 1102 1126 822
f 822 1116 816
f 1145 1148 1136
f 1076 1151 1069
f 1148 1086 1087
f 1109 1114 1136
f 1154 1156 1155
f 1153 967 1156
f 3464 463 3714
f 1144 1152 1151
f 1156 1163 1162
f 1164 1169 1165
f 1145 1176 1147
f 1114 1154 1171
f 1183 1164 1177
f 1184 1177 1185
f 1069 1062 1064
f 1023 1194 1022
f 1162 1170 1169
f 1195 1185 1191
f 1183 1176 1155
f 1201 1152 1196
f 1061 1201 1202
f 3825 843 3836
f 1203 1195 1034
f 1202 1184 1195
f 1218 1203 1217
f 1060 1202 1203
f 1225 1217 1219
f 671 694 670
f 1219 1024 1035
f 1217 1034 1024
f 1226 1015 1227
f 1243 1234 1233
f 1231 1229 1228
f 847 1233 843
f 843 1244 878
f 1233 1245 1244
f 1923 233 216
f 2100 499 500
f 3914 2135 3900
f 61 323 505
f 210 217 457
f 1299 1309 1300
f 3863 1231 3862
f 1066 1321 1322
f 1322 1228 1229
f 1060 1321 1047
f 1325 1323 1310
f 1244 1332 1330
f 1290 1242 1288
f 1337 1339 1338
f 1330 1340 1339
f 1341 1245 1294
f 1342 1332 1341
f 1343 1341 1344
f 1344 1294 1293
f 3857 1345 1346
f 1347 1342 1343
f 3856 1295 1345
f 1349 1348 1347
f 3861 1347 3853
f 3853 1343 3857
f 906 829 1353
f 905 1353 1354
f 865 1355 1357
f 1355 829 825
f 1357 825 826
f 1356 1353 1355
f 3834 1338 3833
f 866 1356 865
f 1358 1354 1356
f 3828 1337 3834
f 838 1012 841
f 1363 1338 1339
f 1368 1339 1340
f 1348 1340 1342
f 1371 3824 3829
f 524 526 523
f 528 530 527
f 1372 1369 1371
f 535 537 538
f 1367 1348 1350
f 1370 1359 1369
f 1369 3833 3824
f 1373 903 904
f 555 557 558
f 1374 910 1373
f 1373 905 1375
f 1374 1375 1376
f 1375 1354 1370
f 1378 908 1377
f 376 651 1387
f 1388 973 969
f 586 588 585
f 1390 1388 1391
f 1391 969 970
f 597 599 596
f 600 602 603
f 1392 970 979
f 608 610 607
f 612 523 611
f 614 616 613
f 617 25 24
f 620 622 619
f 1397 1391 1392
f 1398 1392 1399
f 1400 920 1378
f 1402 1165 1169
f 636 638 635
f 930 1402 929
f 641 643 644
f 929 1169 1170
f 1404 1403 1402
f 1411 1365 1406
f 1412 1415 1414
f 652 654 655
f 609 657 658
f 659 661 662
f 558 586 585
f 665 667 664
f 1413 1406 1412
f 1418 3810 3813
f 1417 1371 1416
f 1416 3829 3810
f 1419 1416 1418
f 1386 1374 1420
f 677 679 676
f 1385 1420 1421
f 1420 1376 1422
f 685 687 688
f 1421 1422 1423
f 528 691 658
f 1422 1372 1417
f 1018 747 1425
f 699 701 702
f 1424 579 1017
f 3663 1767 3660
f 700 711 712
f 1093 3754 1571
f 717 530 719
f 721 723 720
f 704 3543 3554
f 19 1426 1430
f 1429 1427 1426
f 1658 3542 3544
f 1439 1434 1438
f 1437 1435 1434
f 1426 1433 1432
f 1442 1432 1440
f 742 744 745
f 1432 1441 1440
f 751 753 750
f 1438 1403 1405
f 1446 1444 1443
f 1447 1446 1443
f 3860 1443 3848
f 1415 1445 1446
f 1414 1446 1448
f 2173 469 470
f 777 779 686
f 780 782 783
f 1676 1806 1675
f 3859 1349 3861
f 789 791 788
f 745 793 742
f 652 795 653
f 1455 1457 1456
f 1454 1350 1452
f 610 802 801
f 3831 698 703
f 1352 1045 1351
f 1015 1459 1460
f 811 813 814
f 2118 3817 2117
f 819 821 818
f 1466 1194 1190
f 1467 1465 1466
f 1182 1468 1467
f 832 833 831
f 835 837 834
f 1467 1190 1182
f 1469 1444 1445
f 840 712 690
f 1453 1469 1454
f 599 845 846
f 1226 3849 3855
f 851 853 850
f 855 856 854
f 858 860 857
f 861 863 864
f 1014 3855 3858
f 867 868 869
f 870 872 873
f 874 876 877
f 1310 1471 1309
f 1476 1427 1475
f 1461 1475 1460
f 887 889 890
f 788 892 891
f 894 896 893
f 1460 1227 1015
f 901 524 612
f 1465 1477 1464
f 1865 3500 1864
f 911 913 914
f 916 918 915
f 1850 3507 1851
f 921 895 894
f 1479 1436 1478
f 926 667 601
f 1481 563 1480
f 269 84 1482
f 931 933 916
f 934 614 869
f 936 688 937
f 938 662 939
f 1484 122 123
f 941 835 834
f 320 509 510
f 1849 3505 1850
f 84 1484 83
f 1487 1488 539
f 1757 3502 3509
f 365 1491 364
f 461 80 511
f 117 362 1496
f 1494 541 1495
f 926 957 958
f 1477 1433 1476
f 1709 1585 1700
f 119 1496 345
f 271 504 156
f 511 189 186
f 345 1492 365
f 255 344 254
f 57 299 132
f 1501 268 1500
f 267 1499 145
f 974 976 977
f 1678 1693 1676
f 3846 1807 3840
f 557 663 558
f 983 984 985
f 1443 3849 3848
f 421 268 265
f 989 991 988
f 1490 418 1504
f 279 309 310
f 997 676 679
f 998 999 875
f 1504 38 1505
f 1506 1507 1486
f 360 1508 1506
f 1506 207 360
f 939 1006 938
f 270 1483 269
f 66 546 512
f 1010 793 935
f 367 437 1509
f 244 363 243
f 1670 3534 1669
f 209 1510 226
f 235 1512 1511
f 1511 234 235
f 388 426 425
f 427 250 237
f 161 521 231
f 100 45 44
f 1025 608 1027
f 1029 1031 1028
f 939 1033 1032
f 41 594 99
f 1036 783 1037
f 702 1038 1039
f 1040 1042 1043
f 362 369 1493
f 187 477 186
f 70 539 198
f 1511 1521 234
f 1049 603 1048
f 613 869 614
f 860 1051 857
f 1005 1053 1006
f 753 1056 1054
f 1057 1059 1055
f 293 1522 292
f 288 1521 1522
f 292 1523 329
f 331 1508 1524
f 306 453 305
f 100 41 99
f 462 78 79
f 330 1524 462
f 635 1068 636
f 1485 1526 1528
f 206 1528 1510
f 1070 1072 831
f 942 1073 1074
f 916 1075 917
f 440 1530 439
f 157 1514 285
f 1529 5 1530
f 371 546 63
f 790 663 791
f 1077 857 1078
f 1403 1435 1165
f 1080 1082 1079
f 531 1529 440
f 21 1084 1085
f 272 1531 561
f 137 396 397
f 690 802 691
f 335 3567 581
f 1090 1029 1091
f 1092 794 1042
f 1533 137 138
f 661 1095 1096
f 69 445 72
f 1099 1101 1098
f 38 1536 1505
f 1104 1106 1103
f 852 1108 853
f 1377 909 1386
f 291 411 294
f 316 516 33
f 539 1533 534
f 1505 316 313
f 1110 1112 1113
f 1539 460 264
f 522 1537 1539
f 834 1120 1119
f 1122 1124 1121
f 612 1041 901
f 935 615 614
f 276 130 131
f 1686 3522 1685
f 193 1541 273
f 231 1540 287
f 556 982 557
f 365 85 345
f 190 318 1541
f 1810 3574 3528
f 3924 3512 3791
f 1132 985 1131
f 208 102 132
f 1134 662 661
f 1491 80 77
f 429 1542 147
f 1137 915 918
f 172 428 174
f 1139 1141 1142
f 549 54 55
f 1517 1518 296
f 976 1146 938
f 834 984 941
f 1543 286 115
f 1544 239 513
f 133 1544 1542
f 506 257 258
f 420 328 401
f 1158 1160 1157
f 587 1103 588
f 1513 1514 151
f 607 1027 608
f 304 1545 303
f 364 77 506
f 69 198 139
f 1006 976 938
f 700 1112 701
f 3877 3525 3787
f 1166 657 656
f 1167 858 1077
f 1300 3524 1299
f 1172 1174 1175
f 218 200 217
f 1179 1181 1178
f 372 97 98
f 89 227 88
f 1186 1188 1189
f 172 1517 1549
f 1482 81 1498
f 1090 1193 1030
f 394 353 1551
f 526 1198 1197
f 811 858 812
f 1199 1026 1025
f 606 697 696
f 1204 1206 743
f 1207 523 526
f 1209 867 613
f 914 685 936
f 1478 1441 1477
f 1029 1161 1091
f 1211 1213 1214
f 3858 1451 3859
f 844 1216 845
f 423 273 274
f 1220 1222 1083
f 22 1224 23
f 882 897 881
f 1519 173 387
f 1189 1232 1178
f 349 550 416
f 1071 1236 1072
f 1237 1239 745
f 1221 1189 1240
f 1510 1512 333
f 939 1241 1005
f 1556 5 67
f 1553 394 1551
f 404 67 347
f 1247 1249 1246
f 142 238 92
f 1251 635 1250
f 850 1253 851
f 1254 1077 1255
f 57 133 429
f 443 552 551
f 1187 1175 1188
f 1256 831 833
f 432 382 383
f 741 747 746
f 434 351 415
f 349 383 348
f 251 1481 1480
f 395 352 353
f 1518 1550 1551
f 1558 378 340
f 109 314 315
f 285 1513 407
f 395 393 392
f 202 410 1558
f 417 405 432
f 1246 1258 1247
f 3 297 2
f 1259 1261 1262
f 403 347 284
f 955 953 952
f 462 51 330
f 1096 687 1263
f 429 60 57
f 896 1265 932
f 1267 1268 1266
f 423 327 420
f 37 180 40
f 20 1187 1186
f 1256 1071 1070
f 155 156 504
f 1188 1269 1232
f 1236 1271 1262
f 1272 535 621
f 565 463 464
f 1273 745 1239
f 876 1255 1274
f 316 164 315
f 437 503 1509
f 194 1495 197
f 1275 864 863
f 624 631 630
f 1277 1137 1278
f 569 567 566
f 1481 125 366
f 324 547 326
f 1279 1107 1280
f 1525 329 1523
f 1281 1137 918
f 171 1553 1552
f 1488 396 1533
f 1557 1562 1559
f 1282 1206 1205
f 1053 1278 1281
f 778 607 1283
f 713 3566 3569
f 251 144 124
f 4 348 383
f 709 707 706
f 728 45 246
f 261 1563 544
f 789 1287 790
f 74 263 282
f 403 385 434
f 1178 1240 1189
f 1223 1289 1224
f 158 150 151
f 1220 1186 1221
f 296 354 433
f 784 1538 1566
f 1181 1291 1222
f 1269 1257 1246
f 1566 438 399
f 136 1566 1564
f 1563 169 1565
f 107 109 108
f 1297 1298 1296
f 1464 1476 1461
f 1520 507 508
f 1301 1303 1304
f 1306 1308 1305
f 175 1532 272
f 1532 200 201
f 1311 1312 1313
f 872 1315 1316
f 1317 1318 1319
f 3836 878 3828
f 1305 864 1276
f 1040 863 1320
f 1564 399 169
f 592 1575 591
f 591 1088 689
f 1581 1583 1582
f 1196 1147 1176
f 710 583 713
f 285 408 386
f 953 961 963
f 1594 1589 1593
f 1585 1587 1586
f 1592 1590 1589
f 3885 944 3899
f 1600 1598 1597
f 1604 1602 1601
f 1399 979 980
f 1589 1596 1595
f 1610 1608 1607
f 298 361 360
f 551 276 277
f 1627 3814 3819
f 859 818 860
f 1078 1328 1329
f 1555 1530 1556
f 572 680 681
f 772 776 774
f 977 918 917
f 404 392 393
f 1054 750 753
f 1644 1643 1642
f 932 1082 933
f 1067 1334 1068
f 1540 264 114
f 597 643 1336
f 471 762 470
f 1642 3831 3842
f 1644 3842 3843
f 923 950 927
f 96 548 95
f 520 522 521
f 445 443 442
f 849 848 842
f 480 755 493
f 1646 481 1639
f 311 1567 170
f 464 3497 3495
f 3497 1361 3495
f 234 236 235
f 190 192 191
f 153 152 149
f 231 286 230
f 1552 1551 1550
f 760 1648 488
f 3832 1649 3830
f 828 826 825
f 52 166 165
f 1663 1661 1660
f 287 115 286
f 668 670 669
f 634 640 639
f 553 559 554
f 118 33 516
f 492 491 490
f 3552 1651 3553
f 582 584 583
f 384 392 415
f 1381 1383 1380
f 1562 435 436
f 952 951 947
f 3529 583 584
f 1660 1667 1666
f 1394 1396 1393
f 1660 1664 1663
f 1671 1669 1668
f 1624 1673 1672
f 1407 1409 1410
f 1677 1675 1674
f 1613 1677 1625
f 1679 1676 1677
f 1626 3811 3814
f 534 198 539
f 176 150 159
f 803 734 800
f 400 191 192
f 65 143 144
f 3526 1656 3540
f 402 157 283
f 629 627 626
f 461 49 50
f 758 495 756
f 796 786 785
f 406 1513 1560
f 342 166 167
f 1694 1658 1695
f 1692 1694 1696
f 3557 1652 3552
f 3921 1703 3923
f 326 302 90
f 3916 1702 1706
f 3919 1698 1701
f 1699 3927 3918
f 1557 1560 1561
f 1127 1117 1128
f 400 289 346
f 1706 1707 1708
f 1707 1599 1600
f 1709 1708 1588
f 1714 1711 1713
f 3919 1709 1700
f 1704 1577 1703
f 1716 1713 1715
f 1559 1549 297
f 1722 1720 1719
f 1335 596 1489
f 410 377 378
f 973 1163 972
f 168 399 398
f 1571 1089 1093
f 1572 682 1571
f 749 647 754
f 1730 1723 1729
f 1594 1729 1592
f 1729 1591 1592
f 1731 1730 1583
f 1384 1377 1379
f 1732 1712 1714
f 1724 1731 1732
f 1712 1731 1580
f 1722 1732 1733
f 1721 1733 1734
f 1734 1716 1717
f 1735 1736 1697
f 1733 1714 1716
f 1663 1741 1668
f 1742 1740 1743
f 1738 1737 1735
f 1665 1666 1740
f 1665 1744 1664
f 1725 1746 1745
f 1591 1745 1590
f 1590 1747 1596
f 1745 1748 1747
f 1659 3538 3542
f 3287 3545 3282
f 1185 1182 1190
f 1664 1749 1741
f 1741 1739 1738
f 1746 1743 1748
f 1726 1742 1746
f 1153 924 925
f 1115 1153 1154
f 1654 3575 1655
f 1896 3549 1686
f 1720 1744 1726
f 1721 1749 1720
f 1750 1701 1698
f 1697 1750 1696
f 1151 1063 1062
f 1751 1670 1671
f 1695 1752 1751
f 961 986 981
f 1770 1768 1767
f 1766 1593 1765
f 1731 1579 1580
f 1579 1774 1578
f 3928 1771 3929
f 1764 3928 3917
f 1777 1775 1774
f 3762 1699 1700
f 1004 1128 1003
f 1774 1771 1772
f 987 1399 980
f 1578 1772 1764
f 1783 1781 1778
f 1597 1770 1767
f 639 3895 3884
f 3928 1769 1770
f 1793 1789 1788
f 3929 1798 1769
f 3508 3773 1806
f 1802 3924 3922
f 1788 1794 1793
f 1793 1795 1776
f 3773 1675 1806
f 1584 1783 1789
f 1771 3920 3929
f 1801 1798 1800
f 1768 1798 1799
f 1775 1797 1771
f 508 515 1520
f 1796 1802 1797
f 1800 3920 3922
f 1794 1804 1795
f 3532 1752 3547
f 485 1807 775
f 3809 1640 768
f 3837 1810 1653
f 485 1640 1808
f 1690 3770 3772
f 487 1648 1811
f 3839 1816 3822
f 3838 1648 3830
f 3839 1811 3838
f 1812 487 1811
f 1641 767 768
f 465 755 776
f 767 3823 3808
f 3822 3826 3847
f 1809 1815 767
f 3837 1651 3840
f 675 3541 3496
f 1814 1822 1821
f 1821 3821 3820
f 1824 1649 1825
f 1827 1850 1805
f 1668 1662 1663
f 1779 1848 1828
f 1790 1805 1794
f 1833 1853 1852
f 3521 693 575
f 1614 1616 1617
f 1852 3498 3501
f 1620 1622 1623
f 1855 1574 1861
f 1847 3501 3513
f 1766 1855 1782
f 1629 1631 1628
f 1633 1634 1632
f 1635 1637 1638
f 1848 1852 1847
f 1855 1863 1862
f 1803 1867 1802
f 1862 1831 1832
f 1782 1862 1781
f 3922 1865 1800
f 1873 1870 1869
f 1874 799 804
f 2045 3897 2044
f 1219 1295 1225
f 1615 1396 1395
f 3884 1877 1876
f 645 3786 3559
f 1345 1035 1346
f 634 3884 3880
f 15 1327 14
f 3910 1878 1893
f 1894 605 1893
f 3506 627 693
f 3560 645 3559
f 340 454 1558
f 1897 195 1898
f 1889 1877 1890
f 1901 129 1900
f 196 754 232
f 1705 3921 3916
f 340 166 343
f 1570 563 561
f 1904 194 1897
f 1781 1832 1780
f 1905 55 1906
f 1000 995 996
f 986 920 987
f 1191 1190 1194
f 2094 2075 2093
f 1920 1919 1915
f 453 1912 1911
f 1915 1918 1916
f 3882 2106 3901
f 1655 3531 1868
f 1916 1926 1925
f 704 3561 703
f 278 1925 1900
f 3565 1818 1820
f 1097 1115 1114
f 1927 727 1923
f 3578 3654 3758
f 1920 307 1929
f 1929 48 728
f 503 1497 1509
f 1902 787 796
f 1816 3820 3826
f 1925 1923 1924
f 1535 1568 1534
f 254 258 255
f 1509 366 367
f 119 35 36
f 219 293 294
f 141 47 431
f 542 244 245
f 1940 430 431
f 1779 1827 1790
f 1701 3915 3919
f 1661 3515 1667
f 270 754 647
f 197 749 196
f 1727 1212 1211
f 53 232 754
f 1465 1479 1478
f 1284 3854 1293
f 1951 412 413
f 168 1554 1553
f 1486 206 207
f 506 78 361
f 994 1007 993
f 951 963 964
f 1013 3861 1351
f 3826 1820 1818
f 1498 1954 1482
f 299 543 132
f 1754 1756 1753
f 1681 1683 1682
f 1696 1695 1697
f 13 738 737
f 473 475 474
f 482 768 1640
f 204 30 205
f 1761 820 819
f 611 1125 612
f 1501 1908 1909
f 1074 711 699
f 1960 82 83
f 120 1960 123
f 35 87 34
f 1773 1025 1031
f 1965 1569 1535
f 494 471 479
f 1966 1969 1968
f 446 1971 1967
f 174 125 126
f 1580 1578 1577
f 1785 1787 1784
f 1972 304 305
f 1254 875 999
f 1973 342 514
f 321 1973 509
f 1910 275 1907
f 509 514 508
f 1486 1527 1485
f 1974 804 1975
f 1977 1974 1978
f 1980 1966 1981
f 379 2 295
f 1718 1710 1701
f 884 992 883
f 1680 1678 1679
f 902 525 524
f 344 256 299
f 135 137 136
f 236 228 333
f 448 1967 1966
f 589 604 584
f 910 908 907
f 1981 1968 1987
f 1982 1987 1979
f 1988 1987 1989
f 1990 1989 1991
f 1991 1993 1992
f 322 320 319
f 992 830 883
f 1144 1086 1143
f 1995 1978 1994
f 1133 1118 1126
f 1997 1994 1996
f 870 1335 1489
f 805 1982 1998
f 727 2000 1999
f 1996 1988 1990
f 1994 1979 1988
f 1829 792 1273
f 1830 941 983
f 798 800 799
f 729 731 730
f 2011 2023 2022
f 1834 846 1159
f 402 284 347
f 2022 2024 2025
f 1838 989 988
f 810 952 809
f 1823 1840 644
f 1430 1432 1431
f 1215 1841 1079
f 149 176 177
f 1316 873 872
f 2112 1384 2106
f 1842 1844 1845
f 1159 845 1160
f 837 1846 1120
f 1971 2030 2027
f 517 370 189
f 858 833 812
f 1471 2027 1888
f 3551 626 627
f 2174 770 490
f 935 1854 1010
f 1613 1611 1618
f 1231 1225 1295
f 1856 891 892
f 1300 748 741
f 1150 1858 1859
f 1643 696 1642
f 1215 1264 1216
f 1320 902 901
f 1956 1944 1960
f 2031 669 1474
f 2034 1310 1299
f 1879 1656 1657
f 40 242 39
f 1992 2039 1456
f 888 957 889
f 1882 1996 1990
f 1078 1255 1077
f 1871 1192 1090
f 294 218 219
f 1323 2026 1471
f 123 83 1484
f 1324 2041 1323
f 384 359 352
f 1324 2038 2036
f 1883 1885 1829
f 287 114 107
f 1096 1134 661
f 915 931 916
f 806 1981 1982
f 3533 584 604
f 1425 2042 1018
f 1018 1948 1017
f 3562 740 3519
f 1948 649 646
f 1881 1990 1991
f 1900 130 278
f 992 994 993
f 923 925 924
f 3878 2047 3876
f 1643 625 606
f 2050 2051 2049
f 2045 1404 2047
f 3876 945 3885
f 1139 1079 1841
f 1037 892 982
f 2055 2057 2056
f 1198 718 717
f 1619 1612 1611
f 2058 1606 2059
f 2059 1607 2058
f 2058 1624 1605
f 71 179 37
f 405 1557 382
f 976 1006 977
f 322 1972 1911
f 2061 2063 2062
f 2066 2067 1825
f 2052 2064 2051
f 1609 2066 1647
f 1515 152 1516
f 1009 993 1007
f 1644 3815 2118
f 279 1916 278
f 1285 3862 1284
f 1647 1825 1649
f 2056 2067 2065
f 319 1953 1952
f 667 1913 1914
f 2070 625 2048
f 2052 2055 2063
f 2038 1655 1458
f 1606 2073 2072
f 1235 1270 1236
f 2072 2075 2074
f 2059 2072 2062
f 2074 2077 2076
f 1601 2078 2073
f 2049 1643 1645
f 1000 1001 994
f 1089 684 689
f 1931 1306 1930
f 1462 1021 1022
f 1932 1934 1935
f 875 1846 998
f 1936 1937 1938
f 44 46 92
f 1534 1956 120
f 1541 317 391
f 2081 2084 2083
f 146 1959 300
f 1360 1942 1361
f 985 1032 1033
f 1995 1892 2043
f 2079 2082 2081
f 2095 2076 2077
f 2081 2078 2079
f 2055 2054 2053
f 501 2095 500
f 2097 2099 2098
f 2098 2094 2083
f 2140 3893 3866
f 2141 3894 3893
f 2051 2048 2049
f 592 2101 1576
f 2071 2076 2096
f 2102 2098 2101
f 593 2102 592
f 1019 746 747
f 1950 12 1327
f 725 2096 501
f 1385 2104 1379
f 1379 2106 1384
f 2107 2100 2097
f 3908 502 3896
f 3896 499 3901
f 940 2109 944
f 928 1170 973
f 3868 684 3899
f 1962 1964 1961
f 3878 573 3897
f 2039 1968 1969
f 1389 2110 2109
f 1398 2113 1397
f 3757 3753 3743
f 3911 2107 2103
f 949 924 1115
f 260 324 326
f 1390 2113 2110
f 2070 2064 2071
f 3867 2103 593
f 2105 1421 2114
f 2114 1423 2115
f 3892 2115 3903
f 3908 2114 3892
f 554 1902 553
f 972 967 966
f 1765 1573 1574
f 1984 1986 1983
f 2053 2069 2057
f 3573 724 714
f 1625 1674 1673
f 3881 2119 2122
f 3903 2123 3904
f 56 1906 55
f 626 3879 629
f 2001 2003 2004
f 3912 2127 3907
f 2006 2008 2009
f 2127 1412 2128
f 2014 2016 2017
f 2018 2020 2021
f 1495 1947 197
f 1379 1386 1385
f 3814 1680 1618
f 2029 1884 2028
f 3902 2120 3887
f 629 3914 3872
f 682 943 1089
f 724 2121 716
f 1757 3821 3845
f 765 3844 3809
f 3851 715 3852
f 706 3870 3872
f 981 987 980
f 1457 1656 1880
f 2017 2032 2033
f 1458 1868 1457
f 1776 1792 1793
f 1959 1946 1958
f 3663 3725 3661
f 3913 2122 3850
f 1093 689 1088
f 966 968 972
f 3852 3881 3913
f 2172 2170 2171
f 670 2137 669
f 3761 1903 233
f 1429 28 1449
f 964 978 971
f 3841 1413 2127
f 1473 669 2137
f 3834 1359 1358
f 2138 1870 2137
f 1872 2137 1870
f 715 3888 3881
f 1881 1992 1880
f 3843 739 740
f 1837 3513 3514
f 253 59 85
f 1808 3840 1807
f 1647 3818 1609
f 3865 671 668
f 2112 3883 2111
f 1405 2044 1438
f 3829 1364 1366
f 273 391 249
f 576 3520 3555
f 3875 668 2031
f 1430 2140 2139
f 2136 3860 28
f 1430 18 19
f 3893 570 695
f 1442 2046 2141
f 1431 2141 2140
f 3869 3850 2136
f 3808 1817 766
f 3866 695 671
f 2142 798 2138
f 571 2142 694
f 3819 1618 1611
f 2143 2025 2142
f 694 2138 670
f 681 2144 572
f 2144 2022 2143
f 328 457 290
f 1572 2011 2144
f 630 3903 624
f 2085 2087 2088
f 2090 2092 2089
f 572 2143 571
f 1875 2153 2149
f 1873 2149 2154
f 2103 2097 2102
f 2157 2155 2156
f 2128 1414 2120
f 3874 589 582
f 3872 628 629
f 2149 2158 2159
f 2159 3905 3890
f 698 3902 705
f 3823 3827 1817
f 2158 3874 3905
f 1438 2046 1439
f 2035 2160 2161
f 2161 3889 3886
f 3871 605 589
f 3873 18 3875
f 370 61 451
f 649 413 648
f 2153 2156 2158
f 1428 1449 1450
f 1490 73 1488
f 3890 710 633
f 2155 3891 3871
f 1456 1880 1992
f 2125 2087 2124
f 2160 3890 3889
f 300 505 323
f 1064 1046 1065
f 2043 1891 2155
f 2129 2004 2003
f 2131 2133 2134
f 3848 1450 1449
f 1998 804 805
f 3879 3864 3914
f 474 490 770
f 1164 1182 1177
f 707 3909 3870
f 708 2162 707
f 2162 3886 3909
f 548 1905 458
f 1145 1114 1171
f 705 1650 704
f 2043 1977 1995
f 737 554 559
f 1034 1191 1023
f 458 1907 275
f 195 232 233
f 2040 1969 1970
f 2145 2147 2148
f 2054 2049 1645
f 3832 1639 3818
f 9 11 10
f 252 506 258
f 472 479 471
f 1865 3791 3503
f 900 910 907
f 1941 2151 1942
f 1921 1927 1919
f 2163 1898 2116
f 271 153 178
f 1904 12 9
f 282 264 460
f 1872 2154 2035
f 1326 1897 2163
f 628 693 627
f 1724 1719 1723
f 1549 436 172
f 1582 1730 1729
f 1921 1929 1928
f 3563 10 11
f 2152 1950 1949
f 475 774 771
f 769 2171 473
f 2171 476 473
f 476 772 475
f 1791 464 1760
f 2166 2168 2169
f 595 372 98
f 483 1641 482
f 762 2173 470
f 771 484 492
f 486 1809 483
f 297 1517 296
f 763 2174 762
f 776 759 489
f 184 2176 2000
f 412 303 414
f 2005 185 224
f 3811 1682 3846
f 2164 756 764
f 1472 2161 2162
f 950 964 965
f 2177 2179 2180
f 227 1510 333
f 764 467 2164
f 2182 2184 2181
f 2186 2018 2185
f 1985 2181 1986
f 214 729 1531
f 1545 1546 1569
f 865 842 866
f 849 1357 1362
f 452 1558 454
f 559 3188 737
f 16 737 3188
f 560 498 374
f 3193 3195 3194
f 3200 3198 3199
f 3211 3213 3212
f 3215 3217 3216
f 2187 2002 2001
f 2169 2189 2190
f 2192 2085 2191
f 2193 2195 2196
f 2198 2200 2197
f 1998 1979 1975
f 3664 3668 3671
f 2116 1903 1902
f 1859 2009 1150
f 3904 2126 3906
f 1135 1087 1130
f 2201 2015 2014
f 1149 110 1858
f 3221 3218 3215
f 2203 2205 2206
f 579 1895 1019
f 1755 2208 1756
f 3891 1893 605
f 1211 2150 1727
f 868 2210 2209
f 944 930 940
f 2130 2202 2201
f 233 1898 195
f 665 750 666
f 1167 999 618
f 2211 2213 2214
f 2215 2217 2218
f 3867 590 3868
f 2220 220 2219
f 823 948 1094
f 3225 3227 3226
f 266 455 265
f 3882 2107 3883
f 2221 3519 3517
f 2223 2225 2226
f 2207 2124 2208
f 673 3869 3864
f 817 996 815
f 2227 2146 2145
f 1947 646 749
f 3900 17 3873
f 2229 1638 1381
f 1679 1618 1680
f 1637 2232 2230
f 2233 1617 1616
f 2231 2236 2237
f 1381 2238 1382
f 3586 2242 3587
f 1630 2233 1631
f 1681 472 469
f 1408 2243 2244
f 3236 3238 3237
f 3232 3240 3235
f 1637 2238 1638
f 3237 3233 3234
f 1409 1634 2245
f 1380 2247 2246
f 1628 2245 1621
f 2249 1622 1633
f 1632 1408 2244
f 2248 1631 2250
f 2235 1637 1636
f 3245 3199 3198
f 631 2071 725
f 515 52 49
f 782 2251 1251
f 2253 2255 2252
f 397 459 784
f 1456 2040 1455
f 2040 2036 1455
f 1401 2111 1398
f 2041 1970 2026
f 1535 414 1965
f 1586 2080 2079
f 2256 1132 1886
f 1700 3918 3919
f 3815 1686 3817
f 1263 1886 1096
f 598 844 599
f 2257 2259 2260
f 2258 2262 2259
f 2259 2263 2216
f 2260 2216 2215
f 1967 1970 1969
f 2212 1963 2213
f 922 2218 2217
f 1312 1101 2264
f 1307 1286 789
f 1548 1546 1972
f 2266 2268 2265
f 2265 2270 2269
f 2272 2269 2271
f 2273 2265 2272
f 2275 2277 2274
f 2278 2277 2279
f 2284 3617 3639
f 2287 2286 2281
f 2288 2283 2287
f 2290 3639 3620
f 2291 2293 2294
f 2295 2294 2279
f 2296 2291 2295
f 2297 2292 2291
f 2294 2299 2300
f 2279 2300 2278
f 2298 2302 2292
f 2292 2303 2293
f 2293 2304 2299
f 2304 2306 2299
f 2306 2300 2299
f 2308 2310 2307
f 2302 2310 2303
f 2301 2307 2302
f 2312 2307 2311
f 2313 2315 2316
f 2318 2320 2317
f 3748 2322 2323
f 2324 2273 2326
f 2313 2326 2327
f 2328 2313 2316
f 2329 2324 2328
f 2331 2333 2330
f 2330 2267 2266
f 2325 2266 2273
f 2329 2330 2325
f 2333 2335 2267
f 2336 2333 2332
f 2338 2332 2337
f 2331 2337 2332
f 2329 2339 2331
f 2328 2340 2329
f 2316 2341 2328
f 2342 2315 2343
f 2344 2346 2347
f 2341 2347 2340
f 2342 2344 2341
f 2348 2345 2344
f 2350 2352 2353
f 2339 2353 2337
f 2340 2350 2339
f 2347 2351 2350
f 2337 2354 2338
f 2353 2355 2354
f 2356 2276 2357
f 2356 2358 2359
f 2356 2296 2295
f 2279 2356 2295
f 2360 2270 2268
f 2267 2360 2268
f 2362 2364 2365
f 2362 2361 2358
f 2366 2358 2357
f 2366 2363 2362
f 2357 2368 2366
f 2366 2369 2367
f 2276 2370 2368
f 2368 2282 2369
f 2372 2374 2371
f 2375 2377 2007
f 2378 2380 2381
f 2382 2381 2383
f 2384 2378 2382
f 2385 2379 2378
f 2388 2390 2387
f 2387 2392 2391
f 2393 2387 2391
f 2394 2388 2387
f 2186 2402 2400
f 2403 2327 2326
f 2272 2326 2273
f 2271 2403 2272
f 2405 2404 2403
f 2404 2408 2327
f 2409 2411 2412
f 2409 2271 2269
f 2413 2269 2270
f 2413 2410 2409
f 2417 2416 2418
f 2417 2406 2405
f 2412 2405 2271
f 2411 2417 2412
f 2406 2407 2404
f 3569 632 713
f 2420 2397 2421
f 2420 2423 2422
f 2424 2422 2419
f 2424 2398 2420
f 2425 2392 2426
f 2421 2426 2423
f 2397 2425 2421
f 2396 2391 2425
f 2427 2315 2314
f 2427 2408 2428
f 2430 2428 2429
f 2343 2427 2430
f 2432 2430 2431
f 2431 2429 2433
f 2435 2433 2434
f 2436 2431 2435
f 2428 2407 2437
f 2422 2407 2419
f 2438 2422 2423
f 2429 2437 2438
f 2440 2433 2439
f 2441 2433 2429
f 2442 2439 2441
f 2443 2440 2439
f 2445 2444 2443
f 2447 2443 2442
f 2383 2445 2447
f 2381 2446 2445
f 2448 2423 2426
f 2449 2426 2392
f 2441 2449 2442
f 2441 2438 2448
f 2449 2390 2450
f 2450 2389 2451
f 2447 2451 2383
f 2442 2450 2447
f 2451 2453 2452
f 2452 2455 2454
f 2382 2454 2384
f 2383 2452 2382
f 2456 2373 2372
f 2459 2461 2458
f 2463 2465 2462
f 2462 2285 2284
f 2466 2284 2290
f 2467 2462 2466
f 2461 3703 3701
f 2468 2470 2471
f 2472 2471 2473
f 2474 3701 3688
f 2475 2477 2478
f 2458 2453 2479
f 2479 2389 2388
f 2395 2479 2388
f 2480 2458 2479
f 2481 2483 2478
f 2484 2485 221
f 2471 2464 2463
f 2473 2463 2467
f 2487 2466 2486
f 2486 2290 2488
f 2490 2488 2489
f 2491 2486 2490
f 2492 2467 2487
f 2493 2487 2491
f 2494 2492 2493
f 2495 2473 2492
f 3690 2474 3688
f 3691 2496 3690
f 2498 2493 2499
f 2500 2499 2501
f 3700 2498 2500
f 3687 2494 2498
f 2306 2278 2300
f 2305 2504 2306
f 2504 2507 2506
f 2506 2288 2508
f 2274 2508 2275
f 2278 2506 2274
f 3633 2489 2488
f 3620 2488 2290
f 2507 2289 2288
f 2505 2509 2507
f 2508 2287 2511
f 2511 2281 2280
f 2370 2280 2282
f 2275 2511 2370
f 2512 2489 2513
f 2514 2513 2515
f 2517 2514 2516
f 2517 2490 2512
f 2499 2491 2517
f 2499 2516 2501
f 2510 2519 2518
f 2518 2521 2520
f 3616 2520 3621
f 3632 2518 3616
f 2522 2303 2310
f 2523 2310 2309
f 2305 2522 2524
f 2524 2523 2525
f 2519 2525 2521
f 2505 2524 2519
f 2308 2527 2526
f 2526 2529 2528
f 2531 2528 2530
f 2309 2526 2531
f 1214 2151 1211
f 2419 2418 2424
f 2533 2349 2317
f 2534 2317 2320
f 2535 2533 2534
f 2536 2345 2533
f 2537 2346 2536
f 2538 2536 2535
f 2539 2537 2538
f 2540 2351 2537
f 2312 2541 2527
f 2527 2542 2529
f 2543 2434 2544
f 2545 2544 2546
f 2319 2543 2545
f 2318 2435 2543
f 2514 2548 2547
f 2547 2550 2549
f 2552 2549 2551
f 2552 2514 2547
f 2520 2554 2553
f 2553 2556 2555
f 3590 2555 3593
f 3621 2553 3590
f 2523 2531 2557
f 2557 2530 2558
f 2525 2557 2559
f 2559 2558 2560
f 2554 2560 2556
f 2521 2559 2554
f 2561 2007 2006
f 2376 2225 2377
f 2564 2566 2563
f 2563 338 2567
f 2569 2567 2568
f 2570 2563 2569
f 2572 2574 2571
f 2571 2576 2575
f 2544 2575 2546
f 2544 2572 2571
f 2578 2569 2577
f 2579 2569 2568
f 2574 2579 2576
f 2573 2577 2574
f 2581 2583 2580
f 2584 2583 2585
f 3697 2580 2584
f 3676 2580 3675
f 2582 2552 2583
f 2583 2551 2585
f 2500 2589 2588
f 2590 2589 2591
f 3693 2588 2590
f 3695 2500 2588
f 2501 2591 2589
f 2592 2594 2595
f 2386 2503 2502
f 2596 2386 2374
f 2596 2373 2597
f 2599 2597 2598
f 2599 2379 2596
f 2600 2380 2599
f 2600 2598 2601
f 2603 2601 2602
f 2603 2446 2600
f 2604 2602 2605
f 2440 2605 2434
f 2444 2604 2440
f 2606 2581 2607
f 2606 2590 2591
f 2591 2582 2606
f 3676 2456 3689
f 3689 2372 3693
f 2478 2608 2481
f 2609 2611 2199
f 2564 2613 2612
f 2612 2598 2597
f 2457 2597 2373
f 2565 2612 2457
f 2614 2570 2578
f 2615 2578 2573
f 2602 2614 2615
f 2601 2613 2614
f 2572 2605 2616
f 2616 2602 2615
f 2573 2616 2615
f 1459 1045 1021
f 1265 1079 1082
f 1612 1609 1611
f 2067 2069 2068
f 1135 1136 1148
f 1938 2618 2617
f 95 458 128
f 2058 1608 1612
f 1454 1445 1367
f 655 1048 2619
f 722 2621 723
f 1131 1033 1134
f 562 366 1497
f 1723 1725 1591
f 1786 1122 1787
f 267 323 266
f 1325 1654 2038
f 1468 1435 1479
f 658 529 528
f 8 247 7
f 382 1559 3
f 788 1307 789
f 940 929 928
f 911 2623 912
f 2621 655 654
f 2624 2625 2626
f 998 27 26
f 635 2626 2625
f 2627 644 1840
f 2628 1840 2629
f 1200 2627 2628
f 1199 641 2627
f 1520 49 477
f 1452 1349 1451
f 2630 1859 1858
f 644 1335 1823
f 1197 717 2632
f 2632 719 1166
f 2628 1166 1200
f 2629 2632 2628
f 1762 1050 821
f 1823 873 1839
f 2634 794 652
f 1028 1027 1161
f 1042 2635 1043
f 93 1901 1924
f 2036 1458 1455
f 1527 1525 1526
f 877 1274 1277
f 134 797 1544
f 1328 931 1329
f 607 1091 1161
f 1043 2637 2636
f 2636 2639 2638
f 1275 2638 1276
f 1275 1043 2636
f 1272 2626 2640
f 2640 638 637
f 1110 2640 637
f 536 2640 2641
f 1472 1474 1473
f 2042 1951 649
f 1058 1105 1059
f 2642 2643 2644
f 1192 2644 1193
f 912 2642 1192
f 3898 3526 3786
f 1049 2620 2621
f 616 1885 613
f 1331 666 750
f 990 1198 525
f 1911 321 322
f 1298 1205 2645
f 76 1504 75
f 1502 421 422
f 610 658 691
f 1146 659 938
f 2646 914 936
f 1280 1238 1279
f 975 2647 2648
f 2647 975 974
f 1453 1452 1451
f 1514 158 151
f 835 1843 1842
f 1271 1173 1289
f 2649 813 2650
f 1893 1826 1894
f 1050 1937 1051
f 2651 814 813
f 1006 1281 977
f 2653 2654 2655
f 1001 1003 1002
f 585 679 558
f 2624 621 620
f 555 2028 556
f 1207 1197 2629
f 1626 478 472
f 426 419 1567
f 1030 1773 1031
f 3898 634 3880
f 534 138 262
f 1125 1042 1041
f 333 88 227
f 569 561 730
f 1489 871 870
f 1857 620 891
f 1673 3770 3763
f 622 864 1308
f 2647 974 2657
f 619 891 620
f 261 545 262
f 393 1556 404
f 2658 2647 2657
f 1075 2657 917
f 1081 2658 1075
f 1080 2659 2658
f 2644 1141 2660
f 2660 1140 1336
f 642 1336 643
f 1193 2660 642
f 679 555 558
f 1503 1500 1502
f 1318 1101 1100
f 2661 1139 1142
f 2661 2663 2662
f 2662 2659 2661
f 2662 2622 2664
f 2664 911 2646
f 2648 2646 1146
f 2648 2662 2664
f 2083 2093 2081
f 1442 1437 1439
f 519 330 51
f 1885 1209 613
f 799 805 804
f 1946 1952 1953
f 1302 1253 1252
f 566 224 533
f 1389 928 1388
f 683 681 680
f 836 1842 2665
f 2665 1845 1303
f 2666 1303 1302
f 24 2665 2666
f 831 2650 832
f 1845 1304 1303
f 2010 2012 2011
f 1051 2667 2668
f 1522 1511 1523
f 531 441 522
f 782 1251 1250
f 1250 2625 2669
f 2669 1857 1856
f 783 1856 1037
f 782 2669 783
f 720 2671 721
f 1055 1930 1056
f 1333 1251 2251
f 619 1308 1307
f 652 2619 2634
f 521 1539 1540
f 1838 537 2672
f 2672 536 2641
f 1113 2641 1110
f 1113 1838 2672
f 1016 1351 1045
f 3897 570 3894
f 226 104 101
f 3564 3827 1818
f 1036 1884 1883
f 2674 1304 2673
f 2673 1844 2675
f 1334 2675 1039
f 1333 2673 1334
f 2676 1039 2675
f 1843 2675 1844
f 942 2676 1843
f 1074 702 2676
f 811 859 858
f 752 1055 753
f 1200 656 1026
f 1120 874 2677
f 2677 877 1052
f 1241 1052 1005
f 1119 2677 1241
f 1560 151 1515
f 1208 611 523
f 215 736 214
f 1460 1462 1461
f 1208 1839 873
f 854 1282 1297
f 72 182 179
f 544 1565 512
f 217 456 457
f 2047 930 945
f 1204 1937 2633
f 913 686 685
f 840 1113 1112
f 1531 730 561
f 2678 1283 801
f 601 1914 602
f 1537 459 460
f 1819 3509 3527
f 991 862 538
f 2679 1073 1830
f 2680 983 2256
f 779 2256 1263
f 778 2680 779
f 2678 1830 2680
f 180 245 40
f 1886 1131 1134
f 1138 1274 1255
f 1841 1140 1139
f 75 314 74
f 193 420 192
f 2681 1099 1098
f 170 1565 169
f 349 417 432
f 1121 2684 2683
f 547 409 302
f 123 121 120
f 2643 1142 1141
f 1542 513 1543
f 899 907 919
f 1210 676 867
f 791 982 892
f 24 837 836
f 893 932 931
f 1860 863 862
f 535 862 861
f 832 813 812
f 2650 813 832
f 1569 1547 1568
f 181 542 180
f 660 937 688
f 2013 568 2012
f 887 2631 2630
f 1524 361 78
f 520 162 1529
f 2653 854 2685
f 1238 2655 2686
f 718 527 530
f 1492 518 1491
f 792 615 793
f 599 1835 596
f 290 456 175
f 312 1552 425
f 1248 1179 1249
f 153 177 178
f 1240 1222 1221
f 1257 1235 1071
f 1291 1083 1222
f 1052 1277 1053
f 743 2618 1204
f 444 430 443
f 23 1172 1187
f 2687 1180 1179
f 102 409 134
f 1283 610 801
f 373 650 651
f 1180 1084 1291
f 855 2655 1237
f 1173 1917 1174
f 2689 853 2688
f 2688 1108 1279
f 2686 1279 1238
f 2687 2688 2686
f 2691 1252 2690
f 2690 850 2689
f 1248 2689 2687
f 1248 2691 2690
f 2692 24 2666
f 2691 2666 1302
f 1247 2692 2691
f 1258 617 2692
f 394 1555 393
f 2693 1259 1223
f 1072 1262 1261
f 1257 1168 1258
f 398 1555 1554
f 871 1314 872
f 1178 1249 1179
f 1224 1173 1172
f 1010 2618 742
f 1175 1292 1269
f 2654 2686 2655
f 2694 1216 1264
f 71 1487 70
f 701 1111 1038
f 1072 2649 2650
f 1085 22 21
f 895 1264 896
f 1601 1605 1604
f 1259 1271 1289
f 21 1220 1083
f 988 538 537
f 598 1336 1140
f 820 1762 821
f 1050 818 821
f 1298 1761 2652
f 1168 618 617
f 858 1256 833
f 39 516 1536
f 2652 819 814
f 313 315 314
f 2026 1971 2027
f 2656 596 1835
f 814 818 811
f 2696 813 2649
f 1260 2649 1261
f 2693 2696 1260
f 2697 2651 2696
f 381 390 380
f 3818 1611 1609
f 1475 1428 1227
f 1292 1917 1235
f 1551 354 1518
f 1526 1523 1511
f 1593 1595 1573
f 1232 1246 1249
f 2695 1223 22
f 2698 1296 2697
f 2698 2693 2695
f 2685 2695 1085
f 2685 1297 2698
f 562 271 272
f 2652 1296 1298
f 1365 1364 1363
f 1958 1953 1957
f 585 2210 997
f 1561 1515 435
f 975 1146 976
f 347 68 346
f 1038 636 1068
f 2700 780 2699
f 2699 1036 1883
f 2701 1883 1829
f 851 2699 2701
f 2674 2251 2702
f 2702 781 2700
f 1253 2700 851
f 1301 2702 1253
f 1519 388 1550
f 1273 1280 2703
f 2703 1107 852
f 2701 852 851
f 1829 2703 2701
f 91 326 90
f 1784 2656 1785
f 2683 2705 2704
f 604 3499 3533
f 1669 3548 1662
f 2062 2060 2059
f 621 861 622
f 2023 732 2024
f 686 1263 687
f 857 2668 1328
f 883 882 879
f 637 1111 1110
f 2668 893 1328
f 2667 894 2668
f 1039 1068 1334
f 313 1504 1505
f 1911 305 453
f 1936 1964 2212
f 2707 2401 2183
f 2708 2183 2182
f 738 2116 554
f 2349 2432 2436
f 2711 2020 2019
f 2400 2019 2186
f 2714 2716 2713
f 2717 2719 2720
f 2721 2723 2724
f 2726 2728 2725
f 2725 2730 2729
f 2731 2729 2709
f 2732 2725 2731
f 2734 2736 2733
f 2738 2740 2737
f 2737 2741 2742
f 2744 2746 2743
f 2745 2748 2747
f 2749 2747 2751
f 2753 2751 2752
f 2250 2246 2248
f 2754 1614 2755
f 3598 2755 3609
f 3608 2747 3609
f 1617 2755 1614
f 2242 1620 2757
f 2191 2760 2759
f 2761 2760 2762
f 3648 2761 3649
f 3623 2759 3648
f 3209 3223 3224
f 1395 2236 2235
f 1395 1636 1615
f 1616 2229 2233
f 1617 2763 2756
f 2756 3628 3608
f 2765 2234 1630
f 2766 3628 3622
f 3202 3246 3247
f 1516 435 1515
f 2768 3552 3553
f 1495 578 1424
f 2135 28 17
f 3526 2773 2774
f 1690 3926 3925
f 2778 2780 2777
f 2777 2781 2782
f 2784 2777 2783
f 3555 575 576
f 1494 9 540
f 3529 2015 3566
f 451 505 450
f 2786 2788 2785
f 2779 2785 2780
f 2789 2741 2740
f 2790 2752 2789
f 2792 2794 2791
f 2793 2796 2794
f 2796 2750 2749
f 2794 2749 2753
f 2798 1396 2754
f 3591 2754 3598
f 2798 2800 1393
f 3591 2799 2798
f 2797 2795 2801
f 2791 2753 2790
f 216 232 54
f 3804 2807 3803
f 3805 2804 3803
f 2769 3557 3552
f 183 184 97
f 2811 2775 2776
f 2804 2776 2805
f 2809 2811 2804
f 2812 2813 2814
f 3805 2816 3795
f 3796 2815 3795
f 3798 2820 2821
f 3793 2819 3798
f 2824 2735 2819
f 2823 2824 2819
f 2825 2826 2724
f 3793 2827 3792
f 3796 2826 3792
f 2713 2829 2828
f 2828 2831 2830
f 2822 2828 2830
f 2821 2713 2828
f 2832 2822 2830
f 2833 2830 2831
f 2834 2832 2833
f 2835 2827 2832
f 2837 2839 2836
f 2836 2841 2840
f 2842 2840 2727
f 2843 2836 2842
f 2840 2845 2844
f 2718 2845 2719
f 2730 2844 2718
f 2727 2844 2728
f 2846 2719 2845
f 2846 2841 2847
f 2829 2847 2831
f 2829 2716 2846
f 2847 2839 2848
f 2848 2838 2849
f 2833 2849 2834
f 2831 2848 2833
f 2850 2851 2852
f 2853 2852 2854
f 2783 2782 2855
f 2785 2853 2856
f 2780 2856 2781
f 2857 2855 2782
f 2859 2782 2781
f 2861 2842 2860
f 2860 2727 2726
f 2862 2726 2732
f 2863 2860 2862
f 2861 2858 2857
f 2843 2857 2859
f 2856 2854 2864
f 2781 2864 2859
f 2837 2859 2864
f 2838 2864 2854
f 2852 2834 2849
f 2854 2849 2838
f 2865 2818 2835
f 2851 2835 2834
f 2813 2815 2865
f 2814 2865 2851
f 2866 2814 2850
f 2788 2850 2853
f 2866 2787 2867
f 2812 2867 2775
f 1892 1890 1891
f 2720 2846 2870
f 298 256 257
f 2872 2713 2820
f 3794 2735 2734
f 2729 2874 2873
f 2846 2715 2870
f 2876 2878 2875
f 2733 2878 2734
f 3806 2879 2880
f 3806 2872 3794
f 2882 2884 2881
f 2881 2715 2714
f 2880 2714 2872
f 2879 2881 2880
f 2885 2887 2888
f 2888 2890 2885
f 2885 2892 2891
f 2893 2885 2891
f 1942 2532 2894
f 2895 2720 2870
f 2884 2870 2715
f 2883 2895 2884
f 2896 2892 2895
f 2889 2717 2890
f 2890 2720 2892
f 2897 2891 2896
f 2898 2896 2883
f 2899 2883 2882
f 2900 2882 2879
f 3797 2879 3807
f 2876 2901 2877
f 2901 2904 2903
f 1785 1835 1834
f 2905 2899 2900
f 2907 2897 2898
f 3797 2903 3799
f 632 577 633
f 3532 2867 2787
f 434 550 350
f 2768 3640 3643
f 2910 1623 2249
f 2241 2758 2242
f 3640 2913 3652
f 1623 2757 1620
f 3587 2757 3652
f 2229 1380 2250
f 2765 1629 2914
f 2915 1629 2912
f 3642 2914 2915
f 3641 2765 2914
f 2919 3642 3613
f 2918 2912 2241
f 3614 2241 3586
f 3618 3613 3670
f 3541 2180 3496
f 3521 2188 3506
f 3705 714 3851
f 2925 2917 2924
f 2924 2916 2919
f 3610 2919 3618
f 3611 2924 3610
f 2926 2766 2925
f 3658 2925 3611
f 1715 1705 1710
f 785 498 796
f 1387 565 1791
f 374 1899 560
f 3573 2206 3556
f 2929 2886 2893
f 2932 2934 2931
f 1905 1908 1907
f 2930 2936 2937
f 2938 2930 2929
f 1493 517 518
f 1603 1586 1602
f 2939 2929 2908
f 2940 2908 2907
f 3665 1600 3661
f 2886 2937 2887
f 2906 2898 2899
f 2908 2893 2897
f 2942 2933 2941
f 2941 2937 2936
f 3501 2936 3513
f 3498 2941 3501
f 2943 2710 2873
f 2943 2874 2889
f 2945 2889 2888
f 2946 2943 2945
f 2932 2888 2887
f 2931 2945 2932
f 727 1929 728
f 2903 2947 2948
f 545 42 262
f 1480 533 251
f 2907 2949 2940
f 2906 2950 2949
f 1558 215 202
f 3799 2948 3801
f 2054 1644 2118
f 3705 2203 3573
f 1828 1849 1827
f 2953 2955 2952
f 2952 2957 2956
f 2956 2258 2952
f 2953 2258 2257
f 2454 2474 2496
f 3747 2959 3766
f 3747 2131 3737
f 2961 2963 2958
f 2958 2964 2959
f 222 2485 2965
f 2477 2966 2608
f 2631 2006 1859
f 2384 2496 2497
f 2967 2959 2964
f 2968 2970 2969
f 3759 2971 3784
f 3784 2960 3766
f 2972 2033 2032
f 2007 2973 2008
f 3560 2134 2133
f 1836 1832 1831
f 3506 2090 3551
f 955 959 956
f 672 674 673
f 633 713 632
f 2024 733 803
f 2025 803 798
f 425 1550 388
f 2975 888 887
f 1319 1157 2694
f 1212 2977 1213
f 889 2228 2227
f 1978 1975 1979
f 1138 1329 915
f 751 2979 2978
f 1619 1625 1624
f 2252 1728 1727
f 1157 845 1216
f 2706 1938 2617
f 2980 2254 2981
f 2982 887 2630
f 802 711 2679
f 678 2029 2028
f 527 690 528
f 1839 2629 1840
f 2983 602 1914
f 2983 1913 1331
f 2985 1331 1054
f 2986 2983 2985
f 2987 2635 2634
f 2985 2639 2986
f 2990 1318 2989
f 2991 2993 2994
f 2995 2994 2996
f 1106 2991 2995
f 1058 2992 2991
f 1415 1365 1367
f 1317 2217 2997
f 1932 2255 2980
f 926 2999 664
f 3001 2992 3000
f 3000 1057 2978
f 2999 2978 2979
f 2998 3000 2999
f 3002 2209 3003
f 3002 2996 2994
f 2993 3002 2994
f 3001 2998 3002
f 1103 2995 3004
f 3004 2996 3003
f 2209 3004 3003
f 588 3004 2210
f 295 433 381
f 2638 2988 3005
f 3005 1056 1930
f 1305 1930 1306
f 1276 3005 1305
f 1987 1993 1989
f 2633 1761 2645
f 1423 1417 1419
f 3561 739 703
f 2671 2704 2705
f 1473 2035 1472
f 922 2694 895
f 1401 1378 1384
f 556 1884 1037
f 842 3825 3836
f 1854 2617 1010
f 933 1081 1075
f 1440 1436 1437
f 529 719 530
f 1031 1027 1028
f 777 912 1871
f 2645 1204 2633
f 441 1538 1537
f 790 587 586
f 2065 1610 1607
f 1860 990 902
f 60 87 59
f 1424 1948 1947
f 332 1507 331
f 261 138 135
f 187 449 507
f 1719 1726 1725
f 1931 1059 3006
f 3006 1105 1104
f 1287 1104 587
f 1286 3006 1287
f 3007 3009 3010
f 3009 653 795
f 618 26 25
f 2029 1210 1209
f 957 600 2228
f 1049 2228 600
f 2631 3011 2561
f 890 2227 3011
f 3011 2145 3012
f 2561 3012 2375
f 1026 609 608
f 2706 1961 1964
f 3013 2485 3014
f 2148 1267 3015
f 3015 1266 1311
f 2997 1101 1317
f 642 1773 1193
f 186 461 511
f 1041 1320 901
f 1121 3017 1122
f 2984 2987 3018
f 3018 2634 2619
f 1048 3018 2619
f 603 2984 3018
f 2679 801 802
f 2062 2074 2061
f 2061 2076 2064
f 414 1545 1965
f 3016 2683 3019
f 3019 2704 2670
f 3020 2670 720
f 3007 3019 3020
f 1871 1091 777
f 3021 1122 3017
f 3022 3017 3010
f 1314 3022 1315
f 1784 3021 1314
f 1316 1763 611
f 3023 3010 3009
f 3023 795 1092
f 1763 1092 1125
f 1315 3023 1763
f 3016 3010 3017
f 752 2978 1057
f 2986 2637 2987
f 3024 653 3008
f 3020 3008 3007
f 720 3024 3020
f 723 654 3024
f 2681 1268 3025
f 2671 1268 721
f 2705 3025 2671
f 1313 3027 1311
f 3026 3029 3027
f 3027 3030 3031
f 1311 3031 3015
f 2012 731 2023
f 917 974 977
f 743 856 744
f 1888 2030 1425
f 2682 2684 3032
f 3032 1124 2989
f 1100 2989 1318
f 1099 3032 1100
f 1123 2989 1124
f 3033 1159 1158
f 2990 1158 1319
f 1123 3033 2990
f 1786 1834 3033
f 1054 2988 2985
f 2979 664 2999
f 2623 2663 2643
f 1095 688 687
f 3034 2261 2956
f 3036 2956 2957
f 3037 3034 3036
f 3038 3035 3034
f 3040 3026 1313
f 2263 3041 3040
f 3042 3043 3041
f 3041 3028 3026
f 3044 3043 3039
f 3046 3045 3044
f 3047 3049 3045
f 3043 3049 3028
f 3038 3051 3050
f 3050 3053 3052
f 3052 3044 3050
f 3039 3050 3044
f 3054 3039 3042
f 3042 2262 3054
f 2261 3054 2262
f 2216 2997 2217
f 2212 2667 1936
f 3056 2209 3055
f 934 1961 1854
f 2013 3757 567
f 3058 3060 3061
f 3059 3063 3060
f 3060 2213 1963
f 3061 1963 1962
f 3063 2214 2213
f 3062 3064 3063
f 3065 2260 3064
f 3064 2215 2214
f 3066 3031 3030
f 2608 3067 3066
f 2966 3068 3067
f 3031 3068 3015
f 2455 2461 2474
f 2476 2226 2477
f 3551 2089 3525
f 3526 3769 3786
f 433 355 381
f 2115 1419 2123
f 3509 2922 3527
f 3769 2131 2134
f 3069 2167 2166
f 2971 2928 2960
f 2961 2773 2962
f 3070 2478 2483
f 2610 3071 2954
f 2502 2374 2386
f 3072 2595 3073
f 2964 3052 2967
f 3048 3074 3049
f 2593 3075 3074
f 3075 3029 3074
f 3074 3028 3049
f 3072 3075 2592
f 3076 2482 2481
f 2481 3066 3076
f 3076 3030 3075
f 2967 3053 2970
f 2482 3073 2483
f 479 493 494
f 706 3873 709
f 3561 2221 3517
f 2013 3754 3755
f 3533 2016 3529
f 3562 2222 2974
f 1171 1155 1176
f 2586 2565 2587
f 2982 113 2484
f 2562 3077 3068
f 2376 3012 3077
f 3012 2148 3077
f 3077 3015 3068
f 2963 3046 2964
f 3051 2970 3053
f 1683 491 775
f 3850 1447 3860
f 1986 3734 3768
f 3079 2546 2575
f 3081 2575 2576
f 1983 3768 3765
f 3082 2319 2545
f 3080 2545 2546
f 3734 3082 3080
f 3732 2323 3082
f 1309 1888 748
f 3073 2772 2771
f 2760 3084 2762
f 2760 2088 3083
f 3085 3086 3087
f 3089 3090 3088
f 3089 3084 3085
f 3092 3090 3091
f 3093 2744 2743
f 2751 2748 3093
f 3093 2752 2751
f 2742 3093 3094
f 3094 2743 3095
f 3096 3098 3087
f 3099 3087 3086
f 3097 3095 3098
f 3100 2746 3101
f 3101 3102 3100
f 2764 2927 3101
f 2745 3101 2746
f 3102 3091 3100
f 3100 3095 2743
f 2869 3592 3634
f 3102 3104 3092
f 3658 2869 3634
f 2927 3103 3102
f 3098 3091 3090
f 3087 3090 3085
f 2088 3105 3083
f 3083 3086 3084
f 2483 2771 3070
f 2401 2185 2321
f 3099 3105 3106
f 2125 3106 3105
f 3108 2742 3107
f 3107 3094 3097
f 3110 3107 3109
f 3109 3097 3096
f 3111 3096 3099
f 3112 3109 3111
f 3113 2737 3108
f 3115 2722 3114
f 3117 3114 3116
f 3119 3116 3118
f 3118 3120 3121
f 3116 3113 3120
f 3122 3111 3123
f 3122 1755 1754
f 3124 3126 3127
f 3125 3121 3126
f 3128 3118 3125
f 3129 3125 3124
f 2020 3128 3129
f 3853 1346 1352
f 1065 1047 1066
f 1814 3830 1649
f 2021 3129 3130
f 3111 3106 3123
f 3123 2207 1755
f 2377 2224 2973
f 3014 113 112
f 1756 3782 3767
f 3131 2530 2528
f 3133 2528 2529
f 1753 3767 3775
f 3134 3127 3135
f 2327 2314 2313
f 2436 2317 2349
f 2018 3711 3712
f 2534 3137 2535
f 2320 3136 2534
f 2185 3712 3771
f 3138 2542 2539
f 3134 3744 3745
f 3785 3134 3745
f 3140 2539 2538
f 2535 3140 2538
f 3711 3130 3785
f 2558 3132 3141
f 3782 3141 3132
f 2560 3141 3142
f 3760 3142 3141
f 958 2976 2981
f 1933 2980 3143
f 2399 2418 2416
f 2348 2343 2432
f 2322 2319 2323
f 2718 2874 2730
f 2709 2873 2710
f 2894 1361 1942
f 346 176 347
f 1876 1882 1881
f 2802 3607 3592
f 3104 3088 3092
f 2974 3649 3603
f 3089 2761 2762
f 3088 3145 3089
f 2803 3603 3607
f 3870 692 628
f 2123 1418 2126
f 1365 1368 1367
f 1581 1782 1783
f 3569 2129 3520
f 3555 2002 3521
f 3146 2551 3147
f 3751 3147 3750
f 3742 3146 3751
f 3149 2585 3146
f 3196 3197 3195
f 3604 2191 3623
f 3142 2556 2560
f 3777 3150 3142
f 3646 2550 3593
f 3150 2555 2556
f 3778 3151 3150
f 3788 3152 3646
f 3153 2551 2549
f 3152 2549 2550
f 3781 3153 3152
f 3776 3147 3153
f 3148 2206 2205
f 2183 2321 2184
f 2132 2928 2133
f 3684 2204 2203
f 3719 2197 3721
f 2594 2773 2951
f 2595 2951 2772
f 1870 799 1869
f 3713 2178 3706
f 3706 3736 3790
f 336 3774 3722
f 339 3154 336
f 3789 3149 3742
f 3683 2584 3149
f 2963 3048 3047
f 3722 337 336
f 339 2566 2586
f 3156 2168 2167
f 2610 2167 2611
f 2954 3156 2610
f 3157 2953 2257
f 3707 2169 3709
f 2567 3159 2568
f 337 2567 338
f 3730 2166 3707
f 3764 1983 3765
f 2579 3081 2576
f 2568 3160 2579
f 3709 2190 3764
f 3065 3162 3161
f 3161 1984 2189
f 3157 2189 2168
f 2257 3161 3157
f 734 1922 806
f 3059 2708 3163
f 3163 2182 1985
f 3162 1985 1984
f 3062 3163 3162
f 3203 3205 3204
f 2122 1448 1447
f 3817 1685 3812
f 139 444 69
f 1570 566 533
f 2957 3165 3036
f 2955 3164 2957
f 1912 341 1973
f 3130 3124 3134
f 1548 319 1547
f 1949 1327 1887
f 2969 3078 3167
f 3167 3169 3168
f 3724 2017 3720
f 3720 2033 3759
f 3168 3165 3170
f 3170 3164 3171
f 3779 3171 3756
f 3724 3170 3779
f 3171 3166 3172
f 3172 3071 3173
f 3752 3173 3749
f 3756 3172 3752
f 3169 3036 3165
f 2593 2962 2594
f 3173 2609 3174
f 3174 2199 2198
f 3783 2198 3719
f 3749 3174 3783
f 2190 1984 1983
f 2196 2767 3148
f 2119 1414 1448
f 1464 1466 1465
f 2199 3069 2200
f 2457 2587 2565
f 2226 2562 2966
f 481 1627 1639
f 333 235 236
f 3078 3037 3169
f 3040 2997 2263
f 2219 1933 2220
f 2385 2497 2503
f 221 3175 2484
f 2220 3143 3175
f 3175 2976 2975
f 2484 2975 2982
f 2954 3166 2955
f 2630 110 2982
f 1547 1952 1955
f 2091 2188 2187
f 3733 2178 2177
f 1918 1927 1926
f 3563 111 3511
f 955 960 954
f 2037 112 3563
f 3143 2981 2976
f 2218 2214 2215
f 672 3787 3541
f 2152 3014 2037
f 1147 1143 1145
f 2248 1409 2245
f 1615 1635 1616
f 1410 2246 2247
f 3241 3242 3240
f 3177 1383 1382
f 2238 3176 1382
f 3176 2230 3178
f 1410 3179 1407
f 3179 2243 1407
f 1633 2800 2249
f 1621 2758 2912
f 1622 2245 1634
f 2236 3181 3182
f 2237 3182 3183
f 2250 2233 2229
f 2912 1628 1621
f 135 1564 1563
f 1567 512 1565
f 1085 2653 2685
f 3184 868 3056
f 869 3057 934
f 1266 1098 1312
f 1267 722 721
f 937 2646 936
f 2146 722 2147
f 2211 921 2667
f 1957 507 449
f 1313 2264 3040
f 1496 1493 1492
f 2681 2705 2682
f 2887 2933 2932
f 1687 1659 1694
f 145 1498 81
f 1317 1319 2694
f 37 418 71
f 1935 3185 2977
f 104 301 103
f 2101 2083 2084
f 543 360 207
f 1934 3186 3185
f 234 212 237
f 3845 1822 1824
f 1976 1874 1974
f 223 2219 220
f 3655 3605 3612
f 468 773 2165
f 1935 1728 1932
f 3240 3226 3235
f 3261 3250 3260
f 3215 3244 3264
f 3265 3215 3264
f 3267 3198 3196
f 3205 3269 3255
f 3214 3265 3270
f 3271 3214 3192
f 3251 3239 3236
f 3222 3266 3272
f 3232 3234 3233
f 3216 3243 3244
f 3196 3268 3267
f 3244 3254 3255
f 3238 3247 3246
f 3264 3255 3269
f 3253 3216 3217
f 3211 3221 3265
f 3257 3218 3256
f 3258 3272 3259
f 3274 3280 3273
f 3228 3262 3263
f 3275 3281 3280
f 3226 3273 3280
f 3236 3260 3251
f 3281 3236 3237
f 3287 3192 3189
f 3235 3280 3234
f 3234 3281 3237
f 3288 3259 3272
f 3260 3276 3251
f 3289 3278 3284
f 3210 3224 3283
f 3199 3201 3200
f 3228 3230 3229
f 3290 3285 3286
f 3282 3271 3287
f 3260 3262 3261
f 3243 3268 3254
f 3267 3241 3232
f 3194 3208 3193
f 3191 3269 3206
f 3270 3192 3214
f 3275 3230 3231
f 3264 3270 3265
f 3252 3276 3291
f 3248 3291 3223
f 3213 3279 3277
f 3272 3289 3288
f 3277 3212 3213
f 3228 3281 3231
f 3220 3253 3219
f 3219 3217 3257
f 3256 3222 3258
f 3247 3252 3248
f 3245 3232 3233
f 3266 3212 3289
f 3208 3255 3254
f 3288 3284 3285
f 3204 3208 3207
f 560 3187 559
f 3209 3201 3202
f 3189 3191 3190
f 448 807 447
f 647 122 270
f 1833 1780 1832
f 510 508 507
f 3210 1887 3201
f 1887 3200 3201
f 15 3197 3200
f 16 3195 3197
f 3195 3187 3194
f 3194 1899 3207
f 3207 375 3204
f 387 126 127
f 3189 1760 3287
f 3577 757 758
f 763 2172 2175
f 3583 3580 3581
f 3581 3579 3578
f 3594 3596 3595
f 3400 3602 3401
f 3626 3625 3627
f 3631 3599 3601
f 3636 3595 3596
f 3647 3588 3645
f 3650 3584 3647
f 3653 3580 3651
f 3653 3654 3579
f 1801 3656 3655
f 3651 3582 3650
f 3644 3595 3637
f 1767 3659 3660
f 1597 3661 1600
f 1708 3665 3664
f 3671 3667 3666
f 3666 3673 3672
f 1588 3664 1587
f 2080 3666 2082
f 2082 3672 2084
f 3674 3635 3631
f 3677 3636 3635
f 3682 3645 3681
f 3692 3650 3686
f 3681 3644 3680
f 786 3692 785
f 3694 3651 3692
f 785 3686 497
f 497 3682 650
f 650 3681 564
f 3696 3681 3680
f 3405 3605 3402
f 3702 3678 3677
f 3699 3679 3678
f 3645 3638 3644
f 1799 3659 1768
f 3708 3458 3460
f 3462 3708 3460
f 3714 564 3696
f 3615 3602 3600
f 3710 3696 3698
f 3635 3596 3599
f 3629 3627 3630
f 3597 3599 3596
f 3630 3715 3629
f 3627 3597 3594
f 3717 3723 3718
f 3715 3660 3629
f 3716 3725 3715
f 3668 3661 3725
f 3668 3717 3667
f 3667 3718 3673
f 3727 3673 3718
f 3728 3672 3673
f 3726 3718 3723
f 1576 2084 3672
f 3727 3731 3729
f 3203 1387 3190
f 3190 1791 3189
f 3283 1949 3210
f 317 259 391
f 2000 3653 3694
f 3601 3600 3602
f 3589 3584 3585
f 3577 756 2170
f 3585 3582 3583
f 3678 3637 3636
f 3204 376 3203
f 1801 3657 1799
f 3729 3728 3727
f 1575 3738 1088
f 3735 1576 3728
f 1776 1796 1775
f 1293 1290 1284
f 1326 1327 12
f 1294 1234 1290
f 878 1330 1337
f 497 374 498
f 122 413 121
f 3699 3704 3708
f 3606 3401 3602
f 3708 3698 3699
f 3464 3710 3462
f 3704 3443 3458
f 439 399 438
f 1512 1526 1511
f 1668 1738 1671
f 839 1362 838
f 1362 826 1012
f 3843 1896 3815
f 2053 2118 2117
f 3888 2120 2119
f 696 3816 3831
f 1826 639 640
f 3740 3729 3731
f 956 886 960
f 1980 1922 807
f 33 105 164
f 1343 3856 3857
f 3907 2128 3902
f 1766 1582 1594
f 14 2163 738
f 595 99 594
f 3233 3246 3245
f 1346 1044 1352
f 748 1425 747
f 3193 3254 3268
f 3190 3206 3203
f 3612 3606 3615
f 3624 3615 3625
f 3631 3443 3674
f 3679 3644 3637
f 3686 3647 3682
f 3702 3674 3704
f 3625 3600 3597
f 3601 3415 3631
f 3739 3735 3729
f 3630 3594 3741
f 3741 3716 3630
f 1284 1288 1285
f 3698 3680 3679
f 1778 1780 1779
f 1792 1584 1789
f 695 571 694
f 3638 3594 3595
f 3741 3588 3589
f 3247 3209 3202
f 3292 3294 3295
f 3296 3298 3299
f 3299 3300 3301
f 3302 3304 3305
f 3306 3308 3309
f 3307 3311 3308
f 3303 3301 3300
f 3312 3304 3313
f 3314 3316 3317
f 3318 3320 3321
f 3324 3321 3325
f 3326 3328 3323
f 3329 3331 3332
f 3333 3335 3336
f 3337 3339 3340
f 3333 3341 3342
f 3342 3343 3344
f 3319 3344 3343
f 3338 3334 3339
f 3346 3302 3347
f 3305 3347 3302
f 3312 3223 3349
f 3350 3340 3351
f 3312 3348 3305
f 3352 3341 3326
f 3311 3354 3308
f 3341 3327 3326
f 3359 3361 3362
f 3360 3250 3249
f 3318 3345 3319
f 3364 3318 3324
f 3314 3324 3365
f 3366 3301 3346
f 3299 3367 3296
f 3308 3368 3309
f 3369 3295 3294
f 3317 3364 3314
f 3370 3317 3316
f 3325 3365 3324
f 3352 3319 3343
f 3296 3353 3311
f 3297 3311 3310
f 3363 3354 3345
f 3345 3353 3344
f 3344 3367 3342
f 3366 3342 3367
f 3347 3334 3346
f 3339 3348 3340
f 3348 3351 3340
f 3363 3369 3368
f 3294 3368 3369
f 3293 3309 3294
f 3331 3374 3332
f 3346 3333 3366
f 3323 3352 3326
f 3356 3321 3320
f 3355 3325 3321
f 3357 3371 3325
f 3322 3320 3352
f 3361 3329 3362
f 3373 3375 3374
f 3374 3376 3332
f 3329 3376 3362
f 3327 3372 3328
f 3336 3375 3327
f 3335 3376 3375
f 3376 3337 3362
f 3337 3359 3362
f 3359 3276 3250
f 3377 3295 3370
f 3277 3315 3278
f 3371 3379 3365
f 3378 3358 3380
f 3365 3315 3314
f 3316 3279 3370
f 3282 3370 3279
f 3313 3224 3312
f 3378 3284 3379
f 3380 3285 3378
f 3379 3278 3315
f 3276 3351 3291
f 3291 3349 3223
f 3313 2965 3013
f 2965 3303 222
f 222 3300 223
f 223 3298 3186
f 3298 3185 3186
f 3297 2977 3185
f 3310 1213 2977
f 3307 1214 1213
f 2532 3306 3293
f 2894 3293 3292
f 2871 3292 3377
f 3253 3240 3242
f 3283 3013 2152
f 1997 1889 1892
f 1237 744 855
f 1535 120 121
f 1531 201 214
f 1119 1032 984
f 946 824 947
f 163 5 162
f 3589 3723 3741
f 1155 1162 1164
f 427 327 424
f 553 796 498
f 3381 2231 2237
f 3381 2230 2232
f 2237 3180 3381
f 3383 3385 3382
f 3384 3387 3385
f 3386 3389 3387
f 3388 3391 3389
f 3392 3394 3395
f 3395 3396 3397
f 3398 3397 3396
f 3400 3399 3398
f 3403 3405 3402
f 3406 3404 3403
f 3408 3407 3406
f 3410 3409 3408
f 3412 3411 3410
f 3415 3398 3414
f 3414 3396 3416
f 3416 3394 3417
f 3417 3393 3418
f 3393 3420 3418
f 3419 3421 3420
f 3390 3422 3421
f 3388 3423 3422
f 3386 3424 3423
f 3384 3425 3424
f 3425 3426 3184
f 2904 3428 2947
f 3429 2904 2902
f 3430 2902 2876
f 2875 3430 2876
f 3432 2733 2736
f 2825 3435 2824
f 3437 3439 3436
f 3441 3436 3440
f 2724 3434 2825
f 3436 3115 3117
f 3440 3117 3119
f 3443 3414 3442
f 3442 3416 3444
f 3444 3417 3445
f 3445 3418 3446
f 3446 3420 3447
f 3420 3448 3447
f 3421 3449 3448
f 3422 3450 3449
f 3423 3451 3450
f 3424 3452 3451
f 3425 3056 3452
f 3451 2253 2252
f 3450 2252 1727
f 3449 1727 2150
f 3448 2150 1941
f 3453 3448 1941
f 3454 3447 3453
f 3455 3446 3454
f 3456 3445 3455
f 3442 3456 3457
f 3443 3457 3458
f 3459 3458 3457
f 3457 3455 3459
f 3459 3454 3461
f 3462 3459 3461
f 3461 3453 3463
f 3464 3461 3463
f 3463 1941 1360
f 3404 3401 3405
f 3407 3399 3404
f 3409 3397 3407
f 3411 3395 3409
f 3465 3413 3412
f 3467 3469 3466
f 3465 3431 3433
f 3470 3466 3465
f 3438 3432 3435
f 3467 3438 3437
f 3468 3437 3441
f 3471 3468 3472
f 3472 3441 3473
f 3473 3440 2712
f 2712 3119 3128
f 3475 3472 3474
f 3474 3473 3476
f 3476 2712 2711
f 3477 2711 2400
f 3478 3476 3477
f 3479 3474 3478
f 3392 3413 3480
f 3466 3480 3413
f 3419 3392 3480
f 3390 3480 3391
f 3469 3391 3480
f 3389 3471 3475
f 3387 3475 3479
f 3385 3479 3481
f 3482 2400 2402
f 3483 3477 3482
f 3481 3478 3483
f 3484 2402 2707
f 3058 2707 2708
f 3061 3484 3058
f 3485 3482 3484
f 3382 3481 3486
f 3486 3483 3485
f 3426 3382 3487
f 3487 3486 1962
f 3486 3061 1962
f 1961 3487 1962
f 3057 3426 3487
f 3428 3402 3488
f 3427 3403 3428
f 3429 3406 3427
f 3430 3408 3429
f 3431 3410 3430
f 3470 3433 3432
f 3434 3438 3435
f 2723 3439 3434
f 2875 3433 3431
f 2736 3435 3432
f 2947 3488 3500
f 3464 1360 3497
f 1900 1924 1901
f 1736 1718 1750
f 1955 1943 1956
f 1671 1735 1751
f 1696 1698 1692
f 1800 1864 1801
f 2063 2056 2060
f 1737 1717 1736
f 1751 1697 1695
f 943 3899 684
f 3656 3402 3605
f 1577 1764 1703
f 3917 1599 3923
f 1945 82 1944
f 68 7 248
f 147 1543 148
f 1109 1133 1102
f 1503 1907 1908
f 1499 1909 1498
f 452 735 215
f 1824 3835 3845
f 1825 2068 1824
f 1463 1022 1194
f 841 1009 1011
f 1568 1955 1534
f 1926 1927 1923
f 1910 1502 1939
f 1939 422 442
f 309 1940 308
f 1804 1866 1803
f 269 1954 56
f 2065 2060 2056
f 3812 1758 3835
f 280 552 1940
f 1875 1869 1874
f 1739 1734 1737
f 1778 1790 1788
f 310 1915 279
f 1909 1906 1954
f 1789 1778 1788
f 978 980 979
f 1584 1731 1583
f 425 311 312
f 148 115 116
f 2044 3894 2046
f 277 1939 551
f 1943 1945 1944
f 1461 1463 1464
f 2253 3056 3055
f 2981 3489 958
f 2209 3489 3055
f 2254 3055 3489
f 2998 958 3489
f 2826 2721 2724
f 3490 2721 2817
f 2816 3490 2817
f 2334 2296 2335
f 2298 2334 2336
f 2301 2336 2338
f 2311 2338 2354
f 2312 2354 2355
f 2359 2361 2360
f 2335 2359 2360
f 2414 2365 2364
f 2413 2361 2365
f 2355 2540 2541
f 2541 2539 2542
f 2722 2739 2738
f 3114 2738 3113
f 3110 3121 3120
f 3108 3120 3113
f 3122 3127 3126
f 3112 3126 3121
f 3127 1753 3135
f 3139 2529 2542
f 3744 3133 3139
f 3490 2740 2739
f 3491 2789 3490
f 228 91 88
f 245 243 242
f 248 247 191
f 2 296 295
f 145 300 267
f 327 210 328
f 329 331 330
f 250 228 236
f 239 240 230
f 373 375 374
f 178 176 175
f 1218 1228 1321
f 3862 1295 3854
f 808 824 823
f 3858 1013 1014
f 3813 1411 1413
f 2154 2159 2160
f 3845 1758 1757
f 306 1922 452
f 2157 1976 1977
f 708 2031 1474
f 1450 1227 1428
f 1672 1605 1624
f 1813 1821 1816
f 1717 1715 1718
f 176 402 347
f 1710 3916 3915
f 1712 1577 1711
f 1705 1711 1704
f 971 979 970
f 822 1094 1102
f 2909 2793 2792
f 2810 2795 2793
f 2799 2249 2800
f 3662 2910 2799
f 2769 2801 2795
f 3177 3178 3179
f 3178 3180 3179
f 3181 1393 2800
f 3181 1632 3182
f 3182 2244 3183
f 3183 2243 3180
f 3492 2790 3491
f 2808 3491 2816
f 2239 3572 2240
f 1149 3571 3570
f 1150 3567 3571
f 2202 3566 2015
f 2921 3565 2923
f 3568 2133 2928
f 1777 1759 1792
f 1201 1183 1184
f 3561 2195 2194
f 3553 2770 2768
f 3927 1687 1692
f 1516 154 503
f 3549 2974 2803
f 3550 2779 2778
f 2771 3575 3546
f 3070 3546 3558
f 3547 2775 2867
f 1376 1370 1372
f 2767 3556 2206
f 2195 3543 2767
f 2775 3542 2776
f 3377 3545 2871
f 3804 3539 2806
f 2776 3538 2805
f 2240 3535 2920
f 2920 3669 3619
f 3548 2786 2779
f 1805 1851 1804
f 3534 2787 2786
f 2951 3540 3531
f 2772 3531 3575
f 2973 3530 3536
f 2224 3537 3530
f 1957 320 510
f 306 304 303
f 2770 3528 2913
f 2913 3574 2239
f 2923 3527 2922
f 308 431 47
f 207 132 543
f 1879 1881 1880
f 3733 3525 2089
f 2475 3558 3524
f 2476 3524 3523
f 2223 3523 3537
f 3522 2803 2802
f 2037 11 1950
f 1959 450 505
f 2003 3520 2129
f 9 334 540
f 2009 3518 3567
f 2008 3536 3518
f 3877 673 3879
f 3515 2778 2784
f 2935 3513 2936
f 111 3570 3511
f 3510 2935 2938
f 683 3885 943
f 3508 2810 2909
f 736 732 729
f 1795 1803 1796
f 3505 2938 2939
f 3507 2939 2940
f 2950 3504 2949
f 2940 3504 3507
f 3801 3512 2950
f 2868 3502 2869
f 2869 3522 2802
f 1024 1023 1020
f 3500 2948 2947
f 551 442 443
f 2972 3568 2928
f 2032 3499 2972
f 216 1924 1923
f 203 201 200
f 1828 1847 1837
f 1958 449 450
f 272 178 175
f 2871 3495 1361
f 3619 3564 2921
f 2801 3643 3662
f 2005 3654 2176
f 960 899 962
f 3657 3612 3624
f 3780 3646 3151
f 3151 3593 2555
f 2193 3623 2194
f 3607 3145 3144
f 3603 2761 3145
f 3592 3144 3104
f 2926 3634 3103
f 3634 3104 3103
f 3755 3746 3753
f 566 3758 2005
f 3488 1864 3500
f 1602 2079 2078
f 2868 3611 2922
f 2922 3610 2923
f 2923 3618 2921
f 3670 2918 3614
f 3619 3614 2920
f 2921 3670 3619
f 2920 3586 2240
f 3613 2915 2918
f 2917 3622 3641
f 2916 3641 3642
f 2239 3652 2913
f 2911 3652 2757
f 3643 2911 2910
f 2797 3662 3591
f 2797 3598 2750
f 3622 2763 2765
f 3608 2764 2745
f 2194 3648 2221
f 2221 3649 2222
f 2756 3609 2755
f 2750 3609 2747
f 3669 1817 3827
f 3763 1691 1699
f 2515 3590 2548
f 2548 3593 2550
f 2513 3632 3616
f 2513 3621 2515
f 2509 3620 2289
f 2510 3633 2509
f 2289 3639 2283
f 2283 3617 2286
f 2240 3587 2239
f 3659 3624 3626
f 716 3887 3888
f 727 3761 1923
f 2165 2170 2164
f 3660 3626 3629
f 3743 3578 3757
f 2175 769 770
f 2100 2095 2099
f 3758 3757 3578
f 640 3568 1826
f 1653 3553 1651
f 1895 3530 746
f 746 3537 741
f 1653 3528 3576
f 3762 1604 1672
f 2093 2073 2078
f 959 995 884
f 962 919 986
f 1400 1398 1399
f 1000 1127 1004
f 956 884 885
f 1662 3550 1661
f 2034 3546 1654
f 3926 3539 3802
f 3535 766 1817
f 3572 765 766
f 334 3571 335
f 1868 3540 1656
f 1684 1652 1678
f 1682 775 1807
f 1585 3762 1700
f 3763 1672 1673
f 2173 490 491
f 1658 3547 1752
f 3556 1650 724
f 1571 2010 1572
f 1587 3671 2080
f 2099 2077 2094
f 787 1999 786
f 2000 786 1999
f 3155 3697 3683
f 3713 3683 3789
f 2180 3685 3684
f 3496 3684 3705
f 1684 3840 1651
f 1760 3495 3545
f 2607 3693 2590
f 2581 3689 2607
f 2371 3700 3695
f 2371 3693 2372
f 2587 3675 2586
f 2586 3697 339
f 2497 3687 2503
f 2502 3687 3700
f 2494 3690 2495
f 3690 2472 2495
f 3688 2468 2472
f 3701 2469 2468
f 726 3892 630
f 581 3518 580
f 10 3570 334
f 1837 3510 1849
f 741 3523 1300
f 1299 3558 2034
f 1851 3504 1866
f 3527 1820 1819
f 580 3536 1895
f 1758 3522 3502
f 1693 3508 1806
f 3504 1867 1866
f 1894 3568 3499
f 2126 3813 3841
f 3906 3841 3912
f 2113 3867 2110
f 2179 3789 3685
f 624 3904 623
f 2192 3788 3780
f 2177 3787 3733
f 1364 3833 1338
f 3858 1470 1453
f 3135 3775 3744
f 2069 3835 2068
f 1351 3853 1352
f 2108 3901 499
f 2089 3736 3733
f 3828 1358 866
f 2001 3783 2187
f 2187 3719 2091
f 2130 3752 2004
f 2004 3749 2001
f 2014 3779 2201
f 2201 3756 2130
f 3167 3759 2969
f 3168 3720 3167
f 3159 3764 3160
f 3160 3765 3081
f 3730 3158 337
f 3158 3709 3159
f 2200 3730 3722
f 3685 3742 2204
f 3722 2197 2200
f 3790 2092 3721
f 3774 3721 2197
f 3154 3790 3774
f 3155 3706 3154
f 2091 3721 2092
f 2196 3750 3776
f 2193 3776 3781
f 3604 3781 3788
f 2086 3780 3778
f 2087 3778 3777
f 2204 3751 2205
f 2205 3750 3148
f 3909 574 692
f 2124 3777 3760
f 2208 3760 3782
f 3711 3140 3137
f 3785 3138 3140
f 3745 3139 3138
f 3771 3136 2322
f 3712 3137 3136
f 3775 3131 3133
f 3767 3132 3131
f 1813 3838 1814
f 1293 3856 1344
f 2184 3748 3732
f 2181 3732 3734
f 3765 3079 3081
f 3768 3080 3079
f 709 3875 2031
f 2774 3737 3769
f 3786 2134 3559
f 3809 766 765
f 2968 3766 2959
f 2969 3784 2968
f 2958 3737 2961
f 2132 3766 2960
f 2321 3771 3748
f 3860 1449 28
f 3905 582 710
f 3886 577 574
f 3847 1818 3827
f 705 3887 2121
f 3816 3907 698
f 2111 3911 2113
f 3810 1366 1411
f 1812 3822 1815
f 675 3852 674
f 3496 3851 675
f 2110 3868 2109
f 2104 3901 2106
f 2109 3899 944
f 3842 703 739
f 1680 3846 1684
f 1639 3819 3818
f 623 3906 697
f 2139 3866 3865
f 1808 3844 3837
f 3820 1819 1820
f 3872 3900 706
f 1646 3830 1648
f 3889 633 577
f 2139 3875 18
f 2156 3871 3874
f 674 3913 3869
f 2117 3812 2069
f 1815 3847 3823
f 3855 1444 1470
f 697 3912 3816
f 866 3836 3828
f 3864 2136 2135
f 3585 3726 3589
f 3583 3731 3585
f 3753 3738 3739
f 3740 3581 3743
f 1088 3746 1093
f 3739 3743 3753
f 2791 3493 2792
f 3492 2807 3493
f 2792 3494 2909
f 3493 2806 3494
f 3508 3494 3516
f 3516 2806 3539
f 2948 3791 3801
f 2105 3896 2104
f 3538 3804 2805
f 680 3876 683
f 1891 3910 3891
f 2905 3801 2950
f 2900 3799 2905
f 2901 3807 2877
f 2734 3806 3794
f 2877 3806 2878
f 2820 3794 2872
f 2818 3792 2827
f 2823 3792 2826
f 2822 3798 2821
f 2819 3800 3798
f 2817 3795 2816
f 2809 3795 2815
f 2808 3803 2807
f 2805 3803 2804
f 1702 3923 1599
f 3922 1797 1802
f 3915 1706 1709
f 3918 1692 1698
f 1657 3880 1879
f 1890 3895 3910
f 3772 1674 1675
f 1689 3772 3773
f 3926 3538 1688
f 3516 1689 3773
f 3917 1703 1764
f 1598 3928 1770
f 3880 1876 1879
f 1691 3925 3927
f 3925 1688 1687
f 1117 1118 3930
f 1066 1322 3930
f 1243 847 3930
f 3825 848 3930
f 1128 1117 3930
f 1129 1130 3930
f 841 1011 3930
f 1230 3863 3930
f 1242 1243 3930
f 1322 1229 3930
f 1064 1065 3930
f 1003 1128 3930
f 1229 1230 3930
f 3863 1285 3930
f 1285 1288 3930
f 848 839 3930
f 847 3825 3930
f 1118 1129 3930
f 1065 1066 3930
f 1087 1086 3930
f 1008 1002 3930
f 1011 1008 3930
f 1002 1003 3930
f 1076 1069 3930
f 838 841 3930
f 839 838 3930
f 1288 1242 3930
f 1130 1087 3930
f 1086 1076 3930
f 1069 1064 3930
f 2410 2414 3931
f 2411 2410 3931
f 3617 2285 3931
f 2394 2393 3931
f 2393 2396 3931
f 2281 2286 3931
f 2282 2280 3931
f 2398 2399 3931
f 2465 2464 3931
f 2396 2397 3931
f 2470 2469 3931
f 2399 2416 3931
f 2480 2395 3931
f 2459 2480 3931
f 2369 2282 3931
f 2460 2459 3931
f 2415 2411 3931
f 2416 2415 3931
f 2364 2363 3931
f 2286 3617 3931
f 2464 2470 3931
f 2469 3703 3931
f 2285 2465 3931
f 2414 2364 3931
f 2395 2394 3931
f 2363 2367 3931
f 2397 2398 3931
f 2280 2281 3931
f 3703 2460 3931
f 2367 2369 3931
f 3934 3937 3938
f 3934 3939 3935
f 3932 3937 3933
f 3938 3943 3939
f 3937 3940 3941
f 3937 3942 3938
f 3942 3947 3943
f 3941 3944 3945
f 3942 3945 3946
f 3947 3950 3951
f 3944 3949 3945
f 3945 3950 3946
f 3950 3955 3951
f 3949 3952 3953
f 3950 3953 3954
f 3955 3958 3959
f 3953 3956 3957
f 3953 3958 3954
f 3959 3962 3963
f 3957 3960 3961
f 3958 3961 3962
f 3962 3967 3963
f 3960 3965 3961
f 3961 3966 3962
f 3966 3971 3967
f 3965 3968 3969
f 3966 3969 3970
f 3970 3975 3971
f 3968 3973 3969
f 3969 3974 3970
f 3974 3979 3975
f 3973 3976 3977
f 3974 3977 3978
f 3979 3982 3983
f 3976 3981 3977
f 3977 3982 3978
f 3982 3987 3983
f 3981 3984 3985
f 3982 3985 3986
f 3987 3990 3991
f 3984 3989 3985
f 3985 3990 3986
f 3991 3994 3995
f 3989 3992 3993
f 3990 3993 3994
f 3995 3998 3999
f 3992 3997 3993
f 3993 3998 3994
f 3998 4003 3999
f 3997 4000 4001
f 3998 4001 4002
f 4002 4007 4003
f 4000 4005 4001
f 4001 4006 4002
f 4006 4011 4007
f 4005 4008 4009
f 4006 4009 4010
f 4011 4014 4015
f 4008 4013 4009
f 4009 4014 4010
f 4014 4019 4015
f 4013 4016 4017
f 4014 4017 4018
f 4019 4022 4023
f 4016 4021 4017
f 4017 4022 4018
f 4023 4026 4027
f 4021 4024 4025
f 4022 4025 4026
f 4027 4030 4031
f 4024 4029 4025
f 4025 4030 4026
f 4031 4034 4035
f 4029 4032 4033
f 4030 4033 4034
f 4034 4039 4035
f 4032 4037 4033
f 4033 4038 4034
f 4038 4043 4039
f 4037 4040 4041
f 4038 4041 4042
f 4043 4046 4047
f 4040 4045 4041
f 4041 4046 4042
f 4046 4051 4047
f 4045 4048 4049
f 4046 4049 4050
f 4051 4055 4056
f 4048 4054 4049
f 4049 4055 4050
f 4056 4059 4060
f 4053 4058 4054
f 4055 4058 4059
f 3932 4052 3936
f 3936 4052 3940
f 3940 4052 3944
f 3944 4052 3948
f 3948 4052 3952
f 3952 4052 3956
f 3956 4052 3960
f 3960 4052 3964
f 3964 4052 3968
f 3968 4052 3972
f 3972 4052 3976
f 3976 4052 3980
f 3980 4052 3984
f 3984 4052 3988
f 3988 4052 3992
f 3992 4052 3996
f 3996 4052 4000
f 4000 4052 4004
f 4004 4052 4008
f 4008 4052 4012
f 4012 4052 4016
f 4016 4052 4020
f 4020 4052 4024
f 4024 4052 4028
f 4028 4052 4032
f 4032 4052 4036
f 4036 4052 4040
f 4040 4052 4044
f 4044 4052 4048
f 4048 4052 4053
f 4053 4052 4057
f 4060 3934 3935
f 4058 3932 3933
f 4058 3934 4059
f 4057 4052 3932
f 4069 4081 4082
f 4066 4080 4067
f 4065 4077 4078
f 4063 4075 4076
f 4071 4085 4072
f 4069 4083 4070
f 4067 4081 4068
f 4066 4078 4079
f 4063 4077 4064
f 4061 4075 4062
f 4072 4086 4073
f 4071 4083 4084
f 4076 4090 4077
f 4074 4088 4075
f 4086 4098 4099
f 4083 4097 4084
f 4082 4094 4095
f 4079 4093 4080
f 4078 4090 4091
f 4076 4088 4089
f 4085 4097 4098
f 4082 4096 4083
f 4080 4094 4081
f 4079 4091 4092
f 4089 4103 4090
f 4088 4100 4101
f 4098 4112 4099
f 4096 4110 4097
f 4095 4107 4108
f 4092 4106 4093
f 4090 4104 4091
f 4089 4101 4102
f 4097 4111 4098
f 4095 4109 4096
f 4094 4106 4107
f 4092 4104 4105
f 4103 4115 4116
f 4100 4114 4101
f 4112 4124 4125
f 4110 4122 4123
f 4107 4121 4108
f 4105 4119 4106
f 4103 4117 4104
f 4101 4115 4102
f 4110 4124 4111
f 4109 4121 4122
f 4107 4119 4120
f 4105 4117 4118
f 4115 4129 4116
f 4114 4126 4127
f 4124 4138 4125
f 4123 4135 4136
f 4120 4134 4121
f 4119 4131 4132
f 4117 4129 4130
f 4114 4128 4115
f 4124 4136 4137
f 4122 4134 4135
f 4119 4133 4120
f 4117 4131 4118
f 4129 4141 4142
f 4126 4140 4127
f 4138 4150 4151
f 4136 4148 4149
f 4133 4147 4134
f 4131 4145 4132
f 4130 4142 4143
f 4127 4141 4128
f 4137 4149 4150
f 4135 4147 4148
f 4132 4146 4133
f 4131 4143 4144
f 4142 4154 4155
f 4140 4152 4153
f 4150 4164 4151
f 4149 4161 4162
f 4146 4160 4147
f 4144 4158 4145
f 4142 4156 4143
f 4140 4154 4141
f 4149 4163 4150
f 4148 4160 4161
f 4146 4158 4159
f 4144 4156 4157
f 4155 4167 4168
f 4153 4165 4166
f 4163 4177 4164
f 4161 4175 4162
f 4159 4173 4160
f 4158 4170 4171
f 4155 4169 4156
f 4153 4167 4154
f 4163 4175 4176
f 4161 4173 4174
f 4159 4171 4172
f 4156 4170 4157
f 4167 4181 4168
f 4165 4179 4166
f 4176 4190 4177
f 4175 4187 4188
f 4173 4185 4186
f 4170 4184 4171
f 4169 4181 4182
f 4167 4179 4180
f 4175 4189 4176
f 4173 4187 4174
f 4171 4185 4172
f 4170 4182 4183
f 4180 4194 4181
f 4178 4192 4179
f 4190 4202 4203
f 4187 4201 4188
f 4186 4198 4199
f 4183 4197 4184
f 4182 4194 4195
f 4180 4192 4193
f 4189 4201 4202
f 4186 4200 4187
f 4184 4198 4185
f 4183 4195 4196
f 4193 4207 4194
f 4192 4204 4205
f 4202 4216 4203
f 4200 4214 4201
f 4199 4211 4212
f 4196 4210 4197
f 4194 4208 4195
f 4193 4205 4206
f 4201 4215 4202
f 4199 4213 4200
f 4198 4210 4211
f 4196 4208 4209
f 4207 4219 4220
f 4204 4218 4205
f 4216 4228 4229
f 4213 4227 4214
f 4211 4225 4212
f 4209 4223 4210
f 4207 4221 4208
f 4205 4219 4206
f 4214 4228 4215
f 4213 4225 4226
f 4211 4223 4224
f 4209 4221 4222
f 4219 4233 4220
f 4218 4230 4231
f 4228 4242 4229
f 4226 4240 4227
f 4225 4237 4238
f 4223 4235 4236
f 4221 4233 4234
f 4218 4232 4219
f 4228 4240 4241
f 4226 4238 4239
f 4223 4237 4224
f 4221 4235 4222
f 4233 4245 4246
f 4230 4244 4231
f 4242 4254 4255
f 4240 4252 4253
f 4237 4251 4238
f 4235 4249 4236
f 4234 4246 4247
f 4231 4245 4232
f 4241 4253 4254
f 4239 4251 4252
f 4236 4250 4237
f 4235 4247 4248
f 4246 4258 4259
f 4244 4256 4257
f 4254 4268 4255
f 4253 4265 4266
f 4250 4264 4251
f 4248 4262 4249
f 4246 4260 4247
f 4244 4258 4245
f 4253 4267 4254
f 4252 4264 4265
f 4250 4262 4263
f 4248 4260 4261
f 4259 4271 4272
f 4257 4269 4270
f 4267 4281 4268
f 4265 4279 4266
f 4263 4277 4264
f 4262 4274 4275
f 4259 4273 4260
f 4257 4271 4258
f 4266 4280 4267
f 4265 4277 4278
f 4263 4275 4276
f 4260 4274 4261
f 4271 4285 4272
f 4269 4283 4270
f 4281 4293 4294
f 4279 4291 4292
f 4277 4289 4290
f 4274 4288 4275
f 4273 4285 4286
f 4271 4283 4284
f 4280 4292 4293
f 4277 4291 4278
f 4275 4289 4276
f 4274 4286 4287
f 4284 4298 4285
f 4282 4296 4283
f 4294 4306 4307
f 4291 4305 4292
f 4290 4302 4303
f 4287 4301 4288
f 4286 4298 4299
f 4284 4296 4297
f 4293 4305 4306
f 4290 4304 4291
f 4288 4302 4289
f 4287 4299 4300
f 4297 4311 4298
f 4296 4308 4309
f 4306 4320 4307
f 4304 4318 4305
f 4303 4315 4316
f 4300 4314 4301
f 4298 4312 4299
f 4297 4309 4310
f 4305 4319 4306
f 4304 4316 4317
f 4302 4314 4315
f 4300 4312 4313
f 4310 4324 4311
f 4308 4322 4309
f 4320 4332 4333
f 4318 4330 4331
f 4316 4328 4329
f 4313 4327 4314
f 4311 4325 4312
f 4310 4322 4323
f 4318 4332 4319
f 4316 4330 4317
f 4315 4327 4328
f 4312 4326 4313
f 4323 4337 4324
f 4322 4334 4335
f 4332 4346 4333
f 4330 4344 4331
f 4329 4341 4342
f 4327 4339 4340
f 4325 4337 4338
f 4322 4336 4323
f 4332 4344 4345
f 4330 4342 4343
f 4327 4341 4328
f 4325 4339 4326
f 4337 4350 4351
f 4334 4349 4335
f 4346 4359 4360
f 4344 4357 4358
f 4341 4356 4342
f 4340 4353 4354
f 4338 4351 4352
f 4335 4350 4336
f 4345 4358 4359
f 4343 4356 4357
f 4340 4355 4341
f 4338 4353 4339
f 4351 4363 4364
f 4349 4361 4362
f 4359 4373 4360
f 4358 4370 4371
f 4355 4369 4356
f 4354 4366 4367
f 4351 4365 4352
f 4349 4363 4350
f 4358 4372 4359
f 4357 4369 4370
f 4355 4367 4368
f 4352 4366 4353
f 4364 4376 4377
f 4362 4374 4375
f 4373 4385 4386
f 4370 4384 4371
f 4368 4382 4369
f 4367 4379 4380
f 4364 4378 4365
f 4362 4376 4363
f 4372 4384 4385
f 4370 4382 4383
f 4368 4380 4381
f 4365 4379 4366
f 4376 4390 4377
f 4374 4388 4375
f 4385 4399 4386
f 4384 4396 4397
f 4382 4394 4395
f 4379 4393 4380
f 4378 4390 4391
f 4376 4388 4389
f 4384 4398 4385
f 4382 4396 4383
f 4380 4394 4381
f 4379 4391 4392
f 4389 4403 4390
f 4387 4401 4388
f 4399 4411 4412
f 4396 4410 4397
f 4395 4407 4408
f 4393 4405 4406
f 4391 4403 4404
f 4389 4401 4402
f 4398 4410 4411
f 4395 4409 4396
f 4393 4407 4394
f 4391 4405 4392
f 4402 4416 4403
f 4401 4413 4414
f 4411 4425 4412
f 4409 4423 4410
f 4408 4420 4421
f 4406 4418 4419
f 4403 4417 4404
f 4402 4414 4415
f 4410 4424 4411
f 4408 4422 4409
f 4407 4419 4420
f 4404 4418 4405
f 4416 4428 4429
f 4413 4427 4414
f 4425 4437 4438
f 4423 4435 4436
f 4421 4433 4434
f 4418 4432 4419
f 4416 4430 4417
f 4415 4427 4428
f 4423 4437 4424
f 4421 4435 4422
f 4420 4432 4433
f 4418 4430 4431
f 4428 4442 4429
f 4426 4440 4427
f 4437 4451 4438
f 4435 4449 4436
f 4434 4446 4447
f 4432 4444 4445
f 4430 4442 4443
f 4427 4441 4428
f 4437 4449 4450
f 4435 4447 4448
f 4432 4446 4433
f 4430 4444 4431
f 4442 4454 4455
f 4439 4453 4440
f 4451 4463 4464
f 4449 4461 4462
f 4446 4460 4447
f 4444 4458 4445
f 4443 4455 4456
f 4440 4454 4441
f 4450 4462 4463
f 4447 4461 4448
f 4445 4459 4446
f 4444 4456 4457
f 4455 4467 4468
f 4453 4465 4466
f 4463 4477 4464
f 4462 4474 4475
f 4459 4473 4460
f 4457 4471 4458
f 4455 4469 4456
f 4453 4467 4454
f 4462 4476 4463
f 4461 4473 4474
f 4459 4471 4472
f 4457 4469 4470
f 4347 4073 4086
f 4347 4086 4099
f 4347 4099 4112
f 4347 4112 4125
f 4347 4125 4138
f 4347 4138 4151
f 4347 4151 4164
f 4347 4164 4177
f 4347 4177 4190
f 4347 4190 4203
f 4347 4203 4216
f 4347 4216 4229
f 4347 4229 4242
f 4347 4242 4255
f 4347 4255 4268
f 4347 4268 4281
f 4347 4281 4294
f 4347 4294 4307
f 4347 4307 4320
f 4347 4320 4333
f 4347 4333 4346
f 4347 4346 4360
f 4347 4360 4373
f 4347 4373 4386
f 4347 4386 4399
f 4347 4399 4412
f 4347 4412 4425
f 4347 4425 4438
f 4347 4438 4451
f 4347 4451 4464
f 4347 4464 4477
f 4468 4063 4064
f 4466 4061 4062
f 4477 4072 4073
f 4474 4071 4475
f 4472 4069 4473
f 4471 4066 4067
f 4468 4065 4469
f 4466 4063 4467
f 4347 4477 4073
f 4476 4071 4072
f 4474 4069 4070
f 4472 4067 4068
f 4469 4066 4470
f 3935 4465 4060
f 4465 4056 4060
f 4452 4051 4056
f 4439 4047 4051
f 4047 4413 4043
f 4043 4400 4039
f 4039 4387 4035
f 4387 4031 4035
f 4031 4361 4027
f 4361 4023 4027
f 4348 4019 4023
f 4334 4015 4019
f 4015 4308 4011
f 4011 4295 4007
f 4007 4282 4003
f 4282 3999 4003
f 3999 4256 3995
f 4256 3991 3995
f 4243 3987 3991
f 4230 3983 3987
f 3983 4204 3979
f 3979 4191 3975
f 3975 4178 3971
f 4178 3967 3971
f 3967 4152 3963
f 4152 3959 3963
f 4139 3955 3959
f 4126 3951 3955
f 3951 4100 3947
f 3947 4087 3943
f 3943 4074 3939
f 4074 3935 3939
f 4480 4483 4484
f 4480 4485 4481
f 4479 4482 4483
f 4484 4489 4485
f 4482 4487 4483
f 4483 4488 4484
f 4488 4493 4489
f 4487 4490 4491
f 4488 4491 4492
f 4493 4496 4497
f 4490 4495 4491
f 4491 4496 4492
f 4496 4501 4497
f 4495 4498 4499
f 4496 4499 4500
f 4501 4504 4505
f 4498 4503 4499
f 4499 4504 4500
f 4505 4508 4509
f 4503 4506 4507
f 4504 4507 4508
f 4509 4512 4513
f 4506 4511 4507
f 4507 4512 4508
f 4513 4516 4517
f 4511 4514 4515
f 4512 4515 4516
f 4516 4521 4517
f 4514 4519 4515
f 4515 4520 4516
f 4520 4525 4521
f 4518 4523 4519
f 4520 4523 4524
f 4525 4528 4529
f 4522 4527 4523
f 4523 4528 4524
f 4528 4533 4529
f 4527 4530 4531
f 4528 4531 4532
f 4533 4536 4537
f 4530 4535 4531
f 4531 4536 4532
f 4537 4540 4541
f 4534 4539 4535
f 4536 4539 4540
f 4541 4544 4545
f 4539 4542 4543
f 4539 4544 4540
f 4544 4549 4545
f 4542 4547 4543
f 4544 4547 4548
f 4548 4553 4549
f 4547 4550 4551
f 4547 4552 4548
f 4552 4557 4553
f 4551 4554 4555
f 4552 4555 4556
f 4557 4560 4561
f 4554 4559 4555
f 4555 4560 4556
f 4560 4565 4561
f 4559 4562 4563
f 4560 4563 4564
f 4565 4568 4569
f 4562 4567 4563
f 4563 4568 4564
f 4569 4572 4573
f 4567 4570 4571
f 4568 4571 4572
f 4572 4577 4573
f 4570 4575 4571
f 4571 4576 4572
f 4576 4581 4577
f 4575 4578 4579
f 4576 4579 4580
f 4580 4585 4581
f 4578 4583 4579
f 4579 4584 4580
f 4584 4589 4585
f 4583 4586 4587
f 4584 4587 4588
f 4589 4592 4593
f 4586 4591 4587
f 4587 4592 4588
f 4592 4597 4593
f 4591 4594 4595
f 4592 4595 4596
f 4597 4601 4602
f 4594 4600 4595
f 4595 4601 4596
f 4602 4605 4606
f 4600 4603 4604
f 4601 4604 4605
f 4478 4598 4482
f 4482 4598 4486
f 4486 4598 4490
f 4490 4598 4494
f 4494 4598 4498
f 4498 4598 4502
f 4502 4598 4506
f 4506 4598 4510
f 4510 4598 4514
f 4514 4598 4518
f 4518 4598 4522
f 4522 4598 4526
f 4526 4598 4530
f 4530 4598 4534
f 4534 4598 4538
f 4538 4598 4542
f 4542 4598 4546
f 4546 4598 4550
f 4550 4598 4554
f 4554 4598 4558
f 4558 4598 4562
f 4562 4598 4566
f 4566 4598 4570
f 4570 4598 4574
f 4574 4598 4578
f 4578 4598 4582
f 4582 4598 4586
f 4586 4598 4590
f 4590 4598 4594
f 4594 4598 4599
f 4599 4598 4603
f 4606 4480 4481
f 4603 4479 4604
f 4604 4480 4605
f 4603 4598 4478
f 4615 4627 4628
f 4612 4626 4613
f 4611 4623 4624
f 4609 4621 4622
f 4618 4630 4631
f 4615 4629 4616
f 4613 4627 4614
f 4612 4624 4625
f 4609 4623 4610
f 4607 4621 4608
f 4619 4631 4632
f 4617 4629 4630
f 4622 4636 4623
f 4620 4634 4621
f 4632 4644 4645
f 4629 4643 4630
f 4628 4640 4641
f 4626 4638 4639
f 4624 4636 4637
f 4622 4634 4635
f 4631 4643 4644
f 4628 4642 4629
f 4626 4640 4627
f 4624 4638 4625
f 4635 4649 4636
f 4634 4646 4647
f 4644 4658 4645
f 4642 4656 4643
f 4641 4653 4654
f 4639 4651 4652
f 4636 4650 4637
f 4635 4647 4648
f 4643 4657 4644
f 4642 4654 4655
f 4640 4652 4653
f 4637 4651 4638
f 4648 4662 4649
f 4646 4660 4647
f 4658 4670 4671
f 4656 4668 4669
f 4653 4667 4654
f 4651 4665 4652
f 4649 4663 4650
f 4648 4660 4661
f 4656 4670 4657
f 4654 4668 4655
f 4653 4665 4666
f 4651 4663 4664
f 4661 4675 4662
f 4660 4672 4673
f 4670 4684 4671
f 4668 4682 4669
f 4667 4679 4680
f 4665 4677 4678
f 4663 4675 4676
f 4661 4673 4674
f 4670 4682 4683
f 4667 4681 4668
f 4665 4679 4666
f 4663 4677 4664
f 4675 4687 4688
f 4672 4686 4673
f 4684 4696 4697
f 4682 4694 4695
f 4679 4693 4680
f 4678 4690 4691
f 4676 4688 4689
f 4673 4687 4674
f 4683 4695 4696
f 4681 4693 4694
f 4678 4692 4679
f 4676 4690 4677
f 4688 4700 4701
f 4686 4698 4699
f 4696 4710 4697
f 4695 4707 4708
f 4692 4706 4693
f 4691 4703 4704
f 4688 4702 4689
f 4686 4700 4687
f 4695 4709 4696
f 4694 4706 4707
f 4692 4704 4705
f 4689 4703 4690
f 4701 4713 4714
f 4699 4711 4712
f 4710 4722 4723
f 4707 4721 4708
f 4705 4719 4706
f 4704 4716 4717
f 4701 4715 4702
f 4699 4713 4700
f 4709 4721 4722
f 4707 4719 4720
f 4705 4717 4718
f 4702 4716 4703
f 4713 4727 4714
f 4711 4725 4712
f 4723 4735 4736
f 4721 4733 4734
f 4719 4731 4732
f 4716 4730 4717
f 4715 4727 4728
f 4713 4725 4726
f 4721 4735 4722
f 4719 4733 4720
f 4717 4731 4718
f 4716 4728 4729
f 4726 4740 4727
f 4724 4738 4725
f 4736 4748 4749
f 4733 4747 4734
f 4732 4744 4745
f 4730 4742 4743
f 4728 4740 4741
f 4726 4738 4739
f 4735 4747 4748
f 4732 4746 4733
f 4730 4744 4731
f 4728 4742 4729
f 4739 4753 4740
f 4738 4750 4751
f 4748 4762 4749
f 4746 4760 4747
f 4745 4757 4758
f 4743 4755 4756
f 4740 4754 4741
f 4739 4751 4752
f 4747 4761 4748
f 4745 4759 4746
f 4744 4756 4757
f 4741 4755 4742
f 4753 4765 4766
f 4750 4764 4751
f 4762 4774 4775
f 4759 4773 4760
f 4758 4770 4771
f 4755 4769 4756
f 4753 4767 4754
f 4752 4764 4765
f 4760 4774 4761
f 4758 4772 4759
f 4757 4769 4770
f 4755 4767 4768
f 4765 4779 4766
f 4764 4776 4777
f 4774 4788 4775
f 4772 4786 4773
f 4771 4783 4784
f 4769 4781 4782
f 4767 4779 4780
f 4765 4777 4778
f 4774 4786 4787
f 4771 4785 4772
f 4769 4783 4770
f 4767 4781 4768
f 4779 4791 4792
f 4776 4790 4777
f 4788 4800 4801
f 4786 4798 4799
f 4783 4797 4784
f 4782 4794 4795
f 4780 4792 4793
f 4777 4791 4778
f 4787 4799 4800
f 4785 4797 4798
f 4782 4796 4783
f 4780 4794 4781
f 4792 4804 4805
f 4790 4802 4803
f 4800 4814 4801
f 4799 4811 4812
f 4796 4810 4797
f 4795 4807 4808
f 4792 4806 4793
f 4790 4804 4791
f 4799 4813 4800
f 4798 4810 4811
f 4796 4808 4809
f 4793 4807 4794
f 4805 4817 4818
f 4803 4815 4816
f 4814 4826 4827
f 4811 4825 4812
f 4809 4823 4810
f 4808 4820 4821
f 4805 4819 4806
f 4803 4817 4804
f 4813 4825 4826
f 4811 4823 4824
f 4809 4821 4822
f 4806 4820 4807
f 4817 4831 4818
f 4815 4829 4816
f 4826 4840 4827
f 4825 4837 4838
f 4823 4835 4836
f 4820 4834 4821
f 4819 4831 4832
f 4817 4829 4830
f 4825 4839 4826
f 4823 4837 4824
f 4821 4835 4822
f 4820 4832 4833
f 4830 4844 4831
f 4828 4842 4829
f 4840 4852 4853
f 4837 4851 4838
f 4836 4848 4849
f 4834 4846 4847
f 4832 4844 4845
f 4830 4842 4843
f 4839 4851 4852
f 4836 4850 4837
f 4834 4848 4835
f 4832 4846 4833
f 4843 4857 4844
f 4842 4854 4855
f 4852 4866 4853
f 4850 4864 4851
f 4849 4861 4862
f 4847 4859 4860
f 4844 4858 4845
f 4843 4855 4856
f 4851 4865 4852
f 4849 4863 4850
f 4848 4860 4861
f 4845 4859 4846
f 4857 4869 4870
f 4855 4867 4868
f 4866 4878 4879
f 4864 4876 4877
f 4862 4874 4875
f 4859 4873 4860
f 4857 4871 4858
f 4856 4868 4869
f 4864 4878 4865
f 4862 4876 4863
f 4861 4873 4874
f 4859 4871 4872
f 4869 4883 4870
f 4868 4880 4881
f 4878 4892 4879
f 4877 4889 4890
f 4874 4888 4875
f 4873 4885 4886
f 4871 4883 4884
f 4868 4882 4869
f 4878 4890 4891
f 4876 4888 4889
f 4873 4887 4874
f 4871 4885 4872
f 4883 4896 4897
f 4880 4895 4881
f 4892 4905 4906
f 4890 4903 4904
f 4887 4902 4888
f 4885 4900 4886
f 4884 4897 4898
f 4881 4896 4882
f 4891 4904 4905
f 4889 4902 4903
f 4886 4901 4887
f 4885 4898 4899
f 4897 4909 4910
f 4895 4907 4908
f 4905 4919 4906
f 4904 4916 4917
f 4901 4915 4902
f 4899 4913 4900
f 4897 4911 4898
f 4895 4909 4896
f 4904 4918 4905
f 4903 4915 4916
f 4901 4913 4914
f 4899 4911 4912
f 4910 4922 4923
f 4908 4920 4921
f 4919 4931 4932
f 4916 4930 4917
f 4914 4928 4915
f 4913 4925 4926
f 4910 4924 4911
f 4908 4922 4909
f 4918 4930 4931
f 4916 4928 4929
f 4914 4926 4927
f 4911 4925 4912
f 4922 4936 4923
f 4920 4934 4921
f 4931 4945 4932
f 4930 4942 4943
f 4928 4940 4941
f 4925 4939 4926
f 4924 4936 4937
f 4922 4934 4935
f 4930 4944 4931
f 4928 4942 4929
f 4926 4940 4927
f 4925 4937 4938
f 4935 4949 4936
f 4933 4947 4934
f 4945 4957 4958
f 4942 4956 4943
f 4941 4953 4954
f 4938 4952 4939
f 4937 4949 4950
f 4935 4947 4948
f 4944 4956 4957
f 4941 4955 4942
f 4939 4953 4940
f 4938 4950 4951
f 4948 4962 4949
f 4947 4959 4960
f 4957 4971 4958
f 4955 4969 4956
f 4954 4966 4967
f 4951 4965 4952
f 4949 4963 4950
f 4948 4960 4961
f 4956 4970 4957
f 4954 4968 4955
f 4953 4965 4966
f 4951 4963 4964
f 4962 4974 4975
f 4959 4973 4960
f 4971 4983 4984
f 4968 4982 4969
f 4966 4980 4967
f 4964 4978 4965
f 4962 4976 4963
f 4960 4974 4961
f 4969 4983 4970
f 4967 4981 4968
f 4966 4978 4979
f 4964 4976 4977
f 4975 4987 4988
f 4973 4985 4986
f 4983 4997 4984
f 4981 4995 4982
f 4979 4993 4980
f 4978 4990 4991
f 4976 4988 4989
f 4973 4987 4974
f 4983 4995 4996
f 4981 4993 4994
f 4978 4992 4979
f 4976 4990 4977
f 4988 5000 5001
f 4985 4999 4986
f 4997 5009 5010
f 4995 5007 5008
f 4992 5006 4993
f 4991 5003 5004
f 4989 5001 5002
f 4986 5000 4987
f 4996 5008 5009
f 4994 5006 5007
f 4991 5005 4992
f 4989 5003 4990
f 5001 5013 5014
f 4999 5011 5012
f 5009 5023 5010
f 5008 5020 5021
f 5005 5019 5006
f 5004 5016 5017
f 5001 5015 5002
f 4999 5013 5000
f 5008 5022 5009
f 5007 5019 5020
f 5005 5017 5018
f 5002 5016 5003
f 4893 4619 4632
f 4893 4632 4645
f 4893 4645 4658
f 4893 4658 4671
f 4893 4671 4684
f 4893 4684 4697
f 4893 4697 4710
f 4893 4710 4723
f 4893 4723 4736
f 4893 4736 4749
f 4893 4749 4762
f 4893 4762 4775
f 4893 4775 4788
f 4893 4788 4801
f 4893 4801 4814
f 4893 4814 4827
f 4893 4827 4840
f 4893 4840 4853
f 4893 4853 4866
f 4893 4866 4879
f 4893 4879 4892
f 4893 4892 4906
f 4893 4906 4919
f 4893 4919 4932
f 4893 4932 4945
f 4893 4945 4958
f 4893 4958 4971
f 4893 4971 4984
f 4893 4984 4997
f 4893 4997 5010
f 4893 5010 5023
f 5014 4609 4610
f 5012 4607 4608
f 5022 4619 5023
f 5020 4617 5021
f 5018 4615 5019
f 5017 4612 4613
f 5014 4611 5015
f 5012 4609 5013
f 4893 5023 4619
f 5021 4618 5022
f 5020 4615 4616
f 5018 4613 4614
f 5015 4612 5016
f 4481 5011 4606
f 5011 4602 4606
f 4998 4597 4602
f 4985 4593 4597
f 4593 4959 4589
f 4589 4946 4585
f 4585 4933 4581
f 4933 4577 4581
f 4577 4907 4573
f 4907 4569 4573
f 4894 4565 4569
f 4880 4561 4565
f 4561 4854 4557
f 4557 4841 4553
f 4553 4828 4549
f 4828 4545 4549
f 4545 4802 4541
f 4802 4537 4541
f 4789 4533 4537
f 4776 4529 4533
f 4529 4750 4525
f 4525 4737 4521
f 4521 4724 4517
f 4724 4513 4517
f 4513 4698 4509
f 4698 4505 4509
f 4685 4501 4505
f 4672 4497 4501
f 4497 4646 4493
f 4493 4633 4489
f 4489 4620 4485
f 4620 4481 4485
f 4 3 2
f 8 7 6
f 13 16 15
f 17 28 19
f 32 31 30
f 36 35 34
f 37 40 39
f 21 22 23
f 25 26 27
f 41 44 43
f 48 47 46
f 52 51 50
f 53 56 55
f 60 59 58
f 29 30 62
f 66 65 64
f 67 5 6
f 72 71 70
f 76 75 74
f 77 80 79
f 81 84 83
f 59 87 86
f 88 91 90
f 96 95 94
f 100 99 98
f 101 104 103
f 106 105 34
f 108 116 115
f 117 119 36
f 124 127 126
f 131 130 129
f 132 102 134
f 142 141 140
f 148 106 60
f 144 143 127
f 149 152 151
f 156 155 154
f 159 150 158
f 116 108 164
f 171 170 169
f 174 126 173
f 179 182 181
f 186 189 188
f 194 197 196
f 199 142 139
f 206 209 208
f 213 212 211
f 202 215 214
f 96 93 216
f 92 238 43
f 97 184 246
f 250 249 229
f 252 254 58
f 258 257 256
f 260 91 229
f 110 111 112
f 114 264 263
f 265 268 267
f 56 53 270
f 274 273 249
f 185 183 63
f 280 279 278
f 285 284 283
f 288 219 211
f 141 142 92
f 289 290 175
f 148 116 105
f 312 311 170
f 238 262 42
f 318 163 160
f 310 309 308
f 241 239 325
f 160 230 240
f 47 48 307
f 108 109 315
f 345 85 86
f 348 351 350
f 356 359 358
f 355 354 353
f 363 31 32
f 364 252 253
f 366 125 368
f 183 372 371
f 163 162 161
f 209 226 101
f 378 377 165
f 379 295 381
f 383 382 3
f 284 285 386
f 387 127 389
f 391 259 229
f 73 281 397
f 405 408 407
f 203 218 411
f 414 121 413
f 1 356 357
f 277 276 131
f 254 344 57
f 358 384 415
f 417 416 386
f 401 400 192
f 419 389 127
f 421 181 182
f 103 301 302
f 428 367 368
f 380 390 359
f 62 204 266
f 140 141 431
f 357 358 351
f 356 1 379
f 415 392 403
f 437 428 436
f 438 441 440
f 188 451 450
f 265 455 181
f 224 185 64
f 237 212 213
f 275 131 128
f 281 282 460
f 50 462 79
f 73 74 282
f 468 467 466
f 390 355 352
f 482 485 484
f 489 488 487
f 493 496 495
f 472 471 470
f 502 501 500
f 220 221 222
f 512 419 143
f 518 517 511
f 513 239 230
f 205 30 31
f 189 370 451
f 163 318 532
f 533 224 225
f 446 448 447
f 335 541 540
f 544 512 546
f 329 519 291
f 199 534 262
f 385 386 416
f 532 190 191
f 363 117 118
f 578 581 580
f 573 572 571
f 561 563 562
f 241 260 259
f 590 593 592
f 545 546 595
f 503 154 155
f 606 625 624
f 478 481 480
f 646 649 648
f 590 591 689
f 564 565 651
f 728 246 184
f 714 724 716
f 692 574 575
f 541 335 581
f 346 68 248
f 161 231 230
f 128 129 94
f 698 705 704
f 574 577 576
f 290 289 401
f 630 631 725
f 733 736 735
f 755 466 496
f 759 480 481
f 757 763 762
f 764 496 466
f 768 767 3808
f 759 760 488
f 492 474 475
f 474 770 769
f 773 468 465
f 771 774 486
f 484 485 775
f 774 776 489
f 495 496 764
f 495 757 761
f 137 397 784
f 325 239 797
f 165 519 51
f 369 32 29
f 730 731 568
f 90 302 301
f 243 118 516
f 800 734 806
f 817 815 808
f 816 808 823
f 306 303 447
f 815 810 809
f 829 830 828
f 726 725 501
f 274 427 424
f 879 882 881
f 884 883 879
f 219 218 217
f 906 905 904
f 455 204 205
f 898 882 830
f 903 900 880
f 377 291 519
f 923 949 948
f 946 947 951
f 3519 740 739
f 900 899 886
f 225 64 65
f 182 445 442
f 809 952 947
f 954 960 962
f 927 950 965
f 885 879 880
f 925 927 966
f 343 342 341
f 965 964 971
f 968 971 970
f 972 968 969
f 963 961 981
f 336 337 338
f 992 993 827
f 810 815 996
f 1007 1001 1002
f 1012 826 827
f 1011 1009 1007
f 294 293 292
f 907 908 920
f 1017 579 1019
f 1020 1023 1022
f 1035 1024 1020
f 1061 1060 1047
f 1063 1061 1046
f 1044 1020 1021
f 1102 1094 1097
f 1116 1126 1118
f 1016 1015 1014
f 881 897 904
f 816 1116 1127
f 1094 948 949
f 514 342 167
f 146 145 81
f 1133 1135 1130
f 1102 1133 1126
f 822 1126 1116
f 1145 1143 1148
f 1076 1144 1151
f 1148 1143 1086
f 1109 1097 1114
f 1154 1153 1156
f 1153 925 967
f 3464 3497 463
f 1144 1147 1152
f 1156 967 1163
f 1164 1162 1169
f 1145 1171 1176
f 1114 1115 1154
f 1183 1155 1164
f 1184 1183 1177
f 1069 1151 1062
f 1023 1191 1194
f 1162 1163 1170
f 1195 1184 1185
f 1183 1196 1176
f 1201 1063 1152
f 1061 1063 1201
f 3825 847 843
f 1203 1202 1195
f 1202 1201 1184
f 1218 1060 1203
f 1060 1061 1202
f 1225 1218 1217
f 671 695 694
f 1219 1217 1024
f 1217 1203 1034
f 1226 1014 1015
f 1243 1242 1234
f 1231 1230 1229
f 847 1243 1233
f 843 1233 1244
f 1233 1234 1245
f 1923 3761 233
f 2100 2108 499
f 3914 3864 2135
f 61 62 323
f 210 211 217
f 1299 1310 1309
f 3863 1230 1231
f 1066 1047 1321
f 1322 1321 1228
f 1060 1218 1321
f 1325 1324 1323
f 1244 1245 1332
f 1290 1234 1242
f 1337 1330 1339
f 1330 1332 1340
f 1341 1332 1245
f 1342 1340 1332
f 1343 1342 1341
f 1344 1341 1294
f 3857 3856 1345
f 1347 1348 1342
f 3856 3854 1295
f 1349 1350 1348
f 3861 1349 1347
f 3853 1347 1343
f 906 898 829
f 905 906 1353
f 865 1356 1355
f 1355 1353 829
f 1357 1355 825
f 1356 1354 1353
f 3834 1337 1338
f 866 1358 1356
f 1358 1359 1354
f 3828 878 1337
f 838 1362 1012
f 1363 1364 1338
f 1368 1363 1339
f 1348 1368 1340
f 1371 1369 3824
f 524 525 526
f 528 529 530
f 1372 1370 1369
f 535 536 537
f 1367 1368 1348
f 1370 1354 1359
f 1369 1359 3833
f 1373 910 903
f 555 556 557
f 1374 909 910
f 1373 904 905
f 1374 1373 1375
f 1375 905 1354
f 1378 920 908
f 376 373 651
f 1388 928 973
f 586 587 588
f 1390 1389 1388
f 1391 1388 969
f 597 598 599
f 600 601 602
f 1392 1391 970
f 608 609 610
f 612 524 523
f 614 615 616
f 617 618 25
f 620 621 622
f 1397 1390 1391
f 1398 1397 1392
f 1400 987 920
f 1402 1403 1165
f 636 637 638
f 930 1404 1402
f 641 642 643
f 929 1402 1169
f 1404 1405 1403
f 1411 1366 1365
f 1412 1406 1415
f 652 653 654
f 609 656 657
f 659 660 661
f 558 663 586
f 665 666 667
f 1413 1411 1406
f 1418 1416 3810
f 1417 1372 1371
f 1416 1371 3829
f 1419 1417 1416
f 1386 909 1374
f 677 678 679
f 1385 1386 1420
f 1420 1374 1376
f 685 686 687
f 1421 1420 1422
f 528 690 691
f 1422 1376 1372
f 1018 1019 747
f 699 700 701
f 1424 578 579
f 3663 1597 1767
f 700 699 711
f 1093 3746 3754
f 717 718 530
f 721 722 723
f 704 1650 3543
f 19 1429 1426
f 1429 1428 1427
f 1658 1659 3542
f 1439 1437 1434
f 1437 1436 1435
f 1426 1427 1433
f 1442 1431 1432
f 742 743 744
f 1432 1433 1441
f 751 752 753
f 1438 1434 1403
f 1446 1445 1444
f 1447 1448 1446
f 3860 1447 1443
f 1415 1367 1445
f 1414 1415 1446
f 2173 1683 469
f 777 778 779
f 780 781 782
f 1676 1693 1806
f 3859 1451 1349
f 789 790 791
f 745 792 793
f 652 794 795
f 1455 1458 1457
f 1454 1367 1350
f 610 691 802
f 3831 3816 698
f 1352 1044 1045
f 1015 1016 1459
f 811 812 813
f 2118 3815 3817
f 819 820 821
f 1466 1463 1194
f 1467 1468 1465
f 1182 1165 1468
f 832 812 833
f 835 836 837
f 1467 1466 1190
f 1469 1470 1444
f 840 700 712
f 1453 1470 1469
f 599 844 845
f 1226 1450 3849
f 851 852 853
f 855 744 856
f 858 859 860
f 861 862 863
f 1014 1226 3855
f 867 676 868
f 870 871 872
f 874 875 876
f 1310 1323 1471
f 1476 1433 1427
f 1461 1476 1475
f 887 888 889
f 788 791 892
f 894 895 896
f 1460 1475 1227
f 901 902 524
f 1465 1478 1477
f 1865 3503 3500
f 911 912 913
f 916 917 918
f 1850 3505 3507
f 921 922 895
f 1479 1435 1436
f 926 664 667
f 1481 562 563
f 269 1483 84
f 931 932 933
f 934 935 614
f 936 685 688
f 938 659 662
f 1484 270 122
f 941 942 835
f 320 321 509
f 1849 3510 3505
f 84 1483 1484
f 1487 1490 1488
f 1757 1758 3502
f 365 1492 1491
f 461 79 80
f 117 363 362
f 1494 540 541
f 926 601 957
f 1477 1441 1433
f 1709 1588 1585
f 119 117 1496
f 271 1497 504
f 511 517 189
f 345 1496 1492
f 57 344 299
f 1501 1499 268
f 267 268 1499
f 974 975 976
f 1678 1652 1693
f 3846 1682 1807
f 557 982 663
f 983 941 984
f 1443 1444 3849
f 421 1500 268
f 989 990 991
f 1490 1487 418
f 279 280 309
f 997 868 676
f 998 26 999
f 1504 418 38
f 1506 1508 1507
f 360 361 1508
f 1506 1486 207
f 939 1005 1006
f 270 1484 1483
f 66 63 546
f 1010 742 793
f 367 428 437
f 244 31 363
f 1670 3532 3534
f 209 206 1510
f 388 389 426
f 427 274 250
f 161 520 521
f 100 246 45
f 1025 1026 608
f 1029 1030 1031
f 939 662 1033
f 41 42 594
f 1036 780 783
f 702 701 1038
f 1040 1041 1042
f 362 32 369
f 187 1520 477
f 70 1487 539
f 1049 600 603
f 613 867 869
f 860 1050 1051
f 1005 1052 1053
f 753 1055 1056
f 1057 1058 1059
f 293 288 1522
f 288 212 1521
f 292 1522 1523
f 331 1507 1508
f 306 452 453
f 100 44 41
f 462 1524 78
f 330 331 1524
f 635 1067 1068
f 1485 1527 1526
f 206 1485 1528
f 1070 1071 1072
f 942 941 1073
f 916 933 1075
f 440 1529 1530
f 157 158 1514
f 1529 162 5
f 371 595 546
f 790 586 663
f 1077 858 857
f 1403 1434 1435
f 1080 1081 1082
f 531 520 1529
f 21 1083 1084
f 272 1532 1531
f 690 712 802
f 335 3571 3567
f 1090 1030 1029
f 1092 795 794
f 1533 396 137
f 661 660 1095
f 69 444 445
f 1099 1100 1101
f 38 39 1536
f 1104 1105 1106
f 852 1107 1108
f 1377 908 909
f 291 377 411
f 316 1536 516
f 539 1488 1533
f 1505 1536 316
f 1110 1111 1112
f 1539 1537 460
f 522 441 1537
f 834 837 1120
f 1122 1123 1124
f 612 1125 1041
f 935 793 615
f 276 278 130
f 1686 3549 3522
f 193 190 1541
f 231 521 1540
f 556 1037 982
f 365 253 85
f 190 532 318
f 1810 765 3574
f 3924 1867 3512
f 1132 983 985
f 208 101 102
f 1134 1033 662
f 1491 518 80
f 429 133 1542
f 1137 1138 915
f 172 436 428
f 1139 1140 1141
f 549 96 54
f 1517 1519 1518
f 834 1119 984
f 1543 513 286
f 1544 797 239
f 133 134 1544
f 506 361 257
f 420 327 328
f 1158 1159 1160
f 587 1104 1103
f 607 1161 1027
f 304 1546 1545
f 364 1491 77
f 69 70 198
f 700 840 1112
f 3877 626 3525
f 1166 719 657
f 1167 1168 858
f 1300 3523 3524
f 1172 1173 1174
f 218 203 200
f 1179 1180 1181
f 372 183 97
f 89 104 227
f 1186 1187 1188
f 172 173 1517
f 1482 84 81
f 1090 1192 1193
f 394 395 353
f 526 525 1198
f 1199 1200 1026
f 606 623 697
f 1204 1205 1206
f 1207 1208 523
f 1209 1210 867
f 914 913 685
f 1478 1436 1441
f 1029 1028 1161
f 1211 1212 1213
f 3858 1453 1451
f 844 1215 1216
f 423 193 273
f 1220 1221 1222
f 22 1223 1224
f 882 898 897
f 1519 1517 173
f 1189 1188 1232
f 349 350 550
f 1071 1235 1236
f 1237 1238 1239
f 1221 1186 1189
f 1510 1528 1512
f 939 1032 1241
f 1556 1530 5
f 1553 1554 394
f 404 1556 67
f 1247 1248 1249
f 142 199 238
f 1251 1067 635
f 850 1252 1253
f 1254 1167 1077
f 57 132 133
f 443 430 552
f 1187 1172 1175
f 1256 1070 831
f 432 405 382
f 741 748 747
f 434 350 351
f 349 432 383
f 251 124 1481
f 395 384 352
f 1518 1519 1550
f 1558 410 378
f 109 263 314
f 285 1514 1513
f 395 394 393
f 202 203 410
f 417 408 405
f 1246 1257 1258
f 3 1559 297
f 1259 1260 1261
f 403 404 347
f 955 954 953
f 462 50 51
f 1096 1095 687
f 429 147 60
f 896 1264 1265
f 1267 721 1268
f 423 424 327
f 37 179 180
f 20 23 1187
f 1256 1168 1071
f 1188 1175 1269
f 1236 1270 1271
f 1272 536 535
f 565 564 463
f 1273 792 745
f 876 1254 1255
f 316 33 164
f 437 1516 503
f 194 1494 1495
f 1275 1276 864
f 624 625 631
f 1277 1274 1137
f 569 568 567
f 1481 124 125
f 324 325 547
f 1279 1108 1107
f 1525 332 329
f 1281 1278 1137
f 171 168 1553
f 1488 73 396
f 1557 1561 1562
f 1282 856 1206
f 1053 1277 1278
f 778 777 607
f 713 583 3566
f 251 225 144
f 4 357 348
f 709 708 707
f 728 48 45
f 261 135 1563
f 789 1286 1287
f 74 314 263
f 403 284 385
f 1178 1181 1240
f 1223 1259 1289
f 1220 20 1186
f 296 1518 354
f 784 459 1538
f 1181 1180 1291
f 1269 1292 1257
f 1566 1538 438
f 136 784 1566
f 1563 1564 169
f 107 114 109
f 1297 1282 1298
f 1464 1477 1476
f 1520 187 507
f 1301 1302 1303
f 1306 1307 1308
f 175 456 1532
f 1532 456 200
f 1311 1266 1312
f 872 1314 1315
f 3836 843 878
f 1305 1308 864
f 1040 1275 863
f 1564 1566 399
f 592 1576 1575
f 591 1575 1088
f 1581 1584 1583
f 1196 1152 1147
f 710 582 583
f 285 407 408
f 953 954 961
f 1594 1592 1589
f 1585 1588 1587
f 1592 1591 1590
f 3885 945 944
f 1600 1599 1598
f 1604 1603 1602
f 1399 1392 979
f 1589 1590 1596
f 1610 1609 1608
f 298 257 361
f 551 552 276
f 1627 1626 3814
f 859 811 818
f 1078 857 1328
f 1555 439 1530
f 572 573 680
f 772 465 776
f 977 1281 918
f 404 403 392
f 1054 1331 750
f 1644 1645 1643
f 932 1265 1082
f 1067 1333 1334
f 1540 1539 264
f 597 1335 643
f 471 761 762
f 1642 696 3831
f 1644 1642 3842
f 923 946 950
f 96 549 548
f 520 531 522
f 445 444 443
f 849 839 848
f 480 759 755
f 1646 760 481
f 311 426 1567
f 464 463 3497
f 3497 1360 1361
f 234 237 236
f 190 193 192
f 153 154 152
f 231 287 286
f 1552 1553 1551
f 760 1646 1648
f 3832 1647 1649
f 828 827 826
f 52 167 166
f 1663 1662 1661
f 287 107 115
f 668 671 670
f 634 645 640
f 553 560 559
f 118 36 33
f 492 484 491
f 3552 1652 1651
f 582 589 584
f 384 395 392
f 1381 1382 1383
f 1562 1561 435
f 952 953 951
f 3529 3566 583
f 1660 1661 1667
f 1394 1395 1396
f 1660 1665 1664
f 1671 1670 1669
f 1624 1625 1673
f 1407 1408 1409
f 1677 1676 1675
f 1613 1679 1677
f 1679 1678 1676
f 1626 1681 3811
f 534 199 198
f 803 733 734
f 400 248 191
f 65 66 143
f 3526 1657 1656
f 402 159 157
f 629 628 627
f 461 477 49
f 758 757 495
f 796 787 786
f 406 407 1513
f 342 343 166
f 1694 1659 1658
f 1692 1687 1694
f 3557 1693 1652
f 3921 1704 1703
f 326 547 302
f 3916 3921 1702
f 3919 3918 1698
f 1699 1691 3927
f 1557 406 1560
f 1127 1116 1117
f 400 401 289
f 1706 1702 1707
f 1707 1702 1599
f 1709 1706 1708
f 1714 1712 1711
f 3919 3915 1709
f 1704 1711 1577
f 1716 1714 1713
f 1559 1562 1549
f 1722 1721 1720
f 1335 597 596
f 410 411 377
f 973 1170 1163
f 168 169 399
f 1571 682 1089
f 1572 681 682
f 749 646 647
f 1730 1724 1723
f 1594 1582 1729
f 1729 1723 1591
f 1384 1378 1377
f 1732 1731 1712
f 1724 1730 1731
f 1722 1724 1732
f 1721 1722 1733
f 1734 1733 1716
f 1735 1737 1736
f 1733 1732 1714
f 1663 1664 1741
f 1742 1665 1740
f 1738 1739 1737
f 1665 1660 1666
f 1665 1742 1744
f 1725 1726 1746
f 1591 1725 1745
f 1590 1745 1747
f 1745 1746 1748
f 1659 1688 3538
f 3287 1760 3545
f 1185 1177 1182
f 1664 1744 1749
f 1741 1749 1739
f 1746 1742 1743
f 1726 1744 1742
f 1115 924 1153
f 1654 3546 3575
f 1896 3562 3549
f 1720 1749 1744
f 1721 1739 1749
f 1750 1718 1701
f 1697 1736 1750
f 1151 1152 1063
f 1751 1752 1670
f 1695 1658 1752
f 961 962 986
f 1770 1769 1768
f 1766 1594 1593
f 1731 1759 1579
f 1579 1777 1774
f 3928 1772 1771
f 1764 1772 3928
f 1777 1776 1775
f 3762 3763 1699
f 1004 1127 1128
f 1774 1775 1771
f 987 1400 1399
f 1578 1774 1772
f 1783 1782 1781
f 1597 1598 1770
f 639 1878 3895
f 3928 3929 1769
f 1793 1792 1789
f 3929 3920 1798
f 3508 3516 3773
f 1802 1867 3924
f 1788 1790 1794
f 1793 1794 1795
f 3773 3772 1675
f 1584 1581 1783
f 1771 1797 3920
f 1801 1799 1798
f 1768 1769 1798
f 1775 1796 1797
f 508 514 515
f 1796 1803 1802
f 1800 1798 3920
f 1794 1805 1804
f 3532 1670 1752
f 485 1808 1807
f 3809 3844 1640
f 3837 3844 1810
f 485 482 1640
f 1690 1691 3770
f 487 488 1648
f 3839 1813 1816
f 3838 1811 1648
f 3839 1812 1811
f 1812 1809 487
f 1641 1809 767
f 465 466 755
f 767 1815 3823
f 3822 1816 3826
f 1809 1812 1815
f 3837 1653 1651
f 675 672 3541
f 1814 1649 1822
f 1821 1822 3821
f 1824 1822 1649
f 1827 1849 1850
f 1668 1669 1662
f 1779 1780 1848
f 1790 1827 1805
f 1833 1836 1853
f 3521 3506 693
f 1614 1615 1616
f 1852 1853 3498
f 1620 1621 1622
f 1855 1765 1574
f 1847 1852 3501
f 1766 1765 1855
f 1629 1630 1631
f 1633 1622 1634
f 1635 1636 1637
f 1848 1833 1852
f 1855 1861 1863
f 1803 1866 1867
f 1862 1863 1831
f 1782 1855 1862
f 3922 3924 1865
f 1873 1872 1870
f 1874 1869 799
f 2045 3878 3897
f 1219 1345 1295
f 1615 1614 1396
f 3884 3895 1877
f 645 3898 3786
f 1345 1219 1035
f 634 639 3884
f 15 1887 1327
f 3910 3895 1878
f 1894 604 605
f 3506 3551 627
f 3560 640 645
f 340 341 454
f 1897 194 195
f 1889 1882 1877
f 1901 94 129
f 196 749 754
f 1705 1704 3921
f 340 378 166
f 1570 1480 563
f 1904 1494 194
f 1781 1862 1832
f 1905 549 55
f 1000 994 995
f 986 919 920
f 1191 1185 1190
f 2094 2077 2075
f 1920 1921 1919
f 453 454 1912
f 1915 1919 1918
f 3882 2112 2106
f 1655 3575 3531
f 1916 1918 1926
f 704 3554 3561
f 278 1916 1925
f 3565 3564 1818
f 1097 949 1115
f 1927 1928 727
f 3578 3579 3654
f 1920 310 307
f 1929 307 48
f 503 504 1497
f 1902 1903 787
f 1816 1821 3820
f 1925 1926 1923
f 1535 1569 1568
f 254 252 258
f 1509 1497 366
f 119 86 35
f 219 288 293
f 141 46 47
f 542 205 244
f 1940 552 430
f 1779 1828 1827
f 1701 1710 3915
f 1661 3550 3515
f 270 53 754
f 197 1947 749
f 1727 1728 1212
f 53 54 232
f 1465 1468 1479
f 1284 3862 3854
f 1951 446 412
f 168 398 1554
f 1486 1485 206
f 506 77 78
f 994 1001 1007
f 951 953 963
f 1013 3859 3861
f 3826 3820 1820
f 1498 1909 1954
f 299 298 543
f 1754 1755 1756
f 1681 469 1683
f 1696 1694 1695
f 13 14 738
f 473 476 475
f 482 1641 768
f 204 62 30
f 1761 1762 820
f 611 1763 1125
f 1501 1503 1908
f 1074 1073 711
f 1960 1944 82
f 120 1956 1960
f 35 86 87
f 1773 1199 1025
f 1965 1545 1569
f 494 761 471
f 1966 1967 1969
f 446 1951 1971
f 174 368 125
f 1580 1579 1578
f 1785 1786 1787
f 1972 1546 304
f 1254 876 875
f 1973 341 342
f 321 1912 1973
f 1910 277 275
f 509 1973 514
f 1486 1507 1527
f 1974 1874 804
f 1977 1976 1974
f 1980 448 1966
f 379 1 2
f 1718 1715 1710
f 884 995 992
f 1680 1684 1678
f 902 990 525
f 344 255 256
f 135 138 137
f 448 446 1967
f 589 605 604
f 910 909 908
f 1981 1966 1968
f 1982 1981 1987
f 1988 1979 1987
f 1990 1988 1989
f 1991 1989 1993
f 322 321 320
f 992 828 830
f 1144 1076 1086
f 1995 1977 1978
f 1133 1129 1118
f 1997 1995 1994
f 870 1823 1335
f 805 806 1982
f 727 184 2000
f 1996 1994 1988
f 1994 1978 1979
f 1829 616 792
f 1830 1073 941
f 798 803 800
f 729 732 731
f 2011 2012 2023
f 1834 1835 846
f 402 283 284
f 2022 2023 2024
f 1838 718 989
f 810 955 952
f 1823 1839 1840
f 1430 1426 1432
f 1215 844 1841
f 1316 1208 873
f 2112 1401 1384
f 1842 1843 1844
f 1159 846 845
f 837 27 1846
f 1971 1951 2030
f 517 369 370
f 1471 2026 2027
f 3551 3525 626
f 2174 2175 770
f 935 934 1854
f 1613 1619 1611
f 1231 1228 1225
f 1856 1857 891
f 1300 1309 748
f 1150 1149 1858
f 1643 606 696
f 1215 1265 1264
f 1320 1860 902
f 1956 1943 1944
f 2031 668 669
f 2034 1325 1310
f 1879 1880 1656
f 40 245 242
f 1992 1993 2039
f 888 958 957
f 1882 1889 1996
f 1078 1138 1255
f 1871 912 1192
f 294 411 218
f 1323 2041 2026
f 123 1960 83
f 1324 2036 2041
f 384 358 359
f 1324 1325 2038
f 1883 1884 1885
f 287 1540 114
f 1096 1886 1134
f 915 1329 931
f 806 1980 1981
f 3533 3529 584
f 1425 2030 2042
f 1018 2042 1948
f 3562 1896 740
f 1948 2042 649
f 1881 1882 1990
f 1900 129 130
f 992 995 994
f 923 927 925
f 3878 2045 2047
f 1643 2048 625
f 2050 2052 2051
f 2045 1405 1404
f 3876 2047 945
f 1139 1080 1079
f 1037 1856 892
f 2055 2053 2057
f 1198 989 718
f 1619 2058 1612
f 2058 1605 1606
f 2059 2060 1607
f 2058 1619 1624
f 71 72 179
f 405 406 1557
f 322 1548 1972
f 2061 2052 2063
f 2066 2065 2067
f 2052 2061 2064
f 1609 1610 2066
f 1515 151 152
f 1009 827 993
f 1644 3843 3815
f 279 1915 1916
f 1285 3863 3862
f 1647 2066 1825
f 2056 2057 2067
f 319 320 1953
f 667 666 1913
f 2070 631 625
f 2052 2050 2055
f 2038 1654 1655
f 1606 1601 2073
f 1235 1917 1270
f 2072 2073 2075
f 2059 1606 2072
f 2074 2075 2077
f 1601 1602 2078
f 2049 2048 1643
f 1000 1004 1001
f 1089 943 684
f 1931 1286 1306
f 1462 1459 1021
f 1932 1933 1934
f 875 874 1846
f 1936 1051 1937
f 44 45 46
f 1534 1955 1956
f 1541 318 317
f 2081 2082 2084
f 146 1945 1959
f 1360 1941 1942
f 985 984 1032
f 1995 1997 1892
f 2079 2080 2082
f 2095 2096 2076
f 2081 2093 2078
f 2055 2050 2054
f 501 2096 2095
f 2097 2100 2099
f 2098 2099 2094
f 2140 2141 3893
f 2141 2046 3894
f 2051 2070 2048
f 592 2102 2101
f 2071 2064 2076
f 2102 2097 2098
f 593 2103 2102
f 1019 1895 746
f 1950 11 12
f 725 2071 2096
f 1385 2105 2104
f 1379 2104 2106
f 2107 2108 2100
f 3908 726 502
f 3896 502 499
f 940 1389 2109
f 928 929 1170
f 3868 590 684
f 1962 1963 1964
f 3878 680 573
f 2039 1993 1968
f 1389 1390 2110
f 1398 2111 2113
f 3757 3755 3753
f 3911 3883 2107
f 949 923 924
f 260 241 324
f 1390 1397 2113
f 2070 2051 2064
f 3867 3911 2103
f 2105 1385 1421
f 2114 1421 1423
f 3892 2114 2115
f 3908 2105 2114
f 554 2116 1902
f 972 1163 967
f 1765 1593 1573
f 1984 1985 1986
f 2053 2117 2069
f 3573 3556 724
f 1625 1677 1674
f 3881 3888 2119
f 3903 2115 2123
f 56 1954 1906
f 626 3877 3879
f 2001 2002 2003
f 3912 3841 2127
f 2006 2007 2008
f 2127 1413 1412
f 2014 2015 2016
f 2018 2019 2020
f 1495 1424 1947
f 1379 1377 1386
f 3814 3811 1680
f 2029 1885 1884
f 3902 2128 2120
f 629 3879 3914
f 682 683 943
f 724 1650 2121
f 1757 1819 3821
f 765 1810 3844
f 3851 714 715
f 706 707 3870
f 981 986 987
f 1457 1868 1656
f 2017 2016 2032
f 1458 1655 1868
f 1776 1777 1792
f 1959 1945 1946
f 3663 3715 3725
f 3913 3881 2122
f 1093 1089 689
f 966 965 968
f 3852 715 3881
f 2172 3577 2170
f 670 2138 2137
f 3761 787 1903
f 1429 19 28
f 964 963 978
f 3841 3813 1413
f 1473 1474 669
f 3834 3833 1359
f 2138 798 1870
f 1872 1473 2137
f 715 716 3888
f 1881 1991 1992
f 3843 3842 739
f 1837 1847 3513
f 253 58 59
f 1808 3837 3840
f 1647 3832 3818
f 3865 3866 671
f 2112 3882 3883
f 1405 2045 2044
f 3829 3824 1364
f 273 1541 391
f 576 632 3520
f 3875 3865 668
f 1430 1431 2140
f 2136 3850 3860
f 1430 2139 18
f 3893 3894 570
f 1442 1439 2046
f 1431 1442 2141
f 3869 3913 3850
f 3808 3823 1817
f 3866 3893 695
f 2142 2025 798
f 571 2143 2142
f 3819 3814 1618
f 2143 2022 2025
f 694 2142 2138
f 681 1572 2144
f 2144 2011 2022
f 328 210 457
f 1572 2010 2011
f 630 3892 3903
f 2085 2086 2087
f 2090 2091 2092
f 572 2144 2143
f 1875 1976 2153
f 1873 1875 2149
f 2103 2107 2097
f 2157 2043 2155
f 2128 1412 1414
f 3874 3871 589
f 3872 3870 628
f 2149 2153 2158
f 2159 2158 3905
f 698 3907 3902
f 3823 3847 3827
f 2158 2156 3874
f 1438 2044 2046
f 2035 2154 2160
f 2161 2160 3889
f 3871 3891 605
f 3873 17 18
f 370 29 61
f 649 1951 413
f 2153 2157 2156
f 1428 1429 1449
f 1490 76 73
f 3890 3905 710
f 2155 1891 3891
f 1456 1457 1880
f 2125 2088 2087
f 2160 2159 3890
f 300 1959 505
f 1064 1062 1046
f 2043 1892 1891
f 2129 2130 2004
f 2131 2132 2133
f 3848 3849 1450
f 1998 1975 804
f 3879 673 3864
f 474 492 490
f 1164 1165 1182
f 707 2162 3909
f 708 1472 2162
f 2162 2161 3886
f 548 549 1905
f 1145 1136 1114
f 705 2121 1650
f 2043 2157 1977
f 737 738 554
f 1034 1195 1191
f 458 1905 1907
f 195 196 232
f 2040 2039 1969
f 2145 2146 2147
f 2054 2050 2049
f 3832 1646 1639
f 9 12 11
f 252 364 506
f 472 478 479
f 1865 3924 3791
f 900 903 910
f 1941 2150 2151
f 1921 1928 1927
f 2163 1897 1898
f 271 156 153
f 1904 1326 12
f 282 263 264
f 1872 1873 2154
f 1326 1904 1897
f 628 692 693
f 1724 1722 1719
f 1549 1562 436
f 1582 1583 1730
f 1921 1920 1929
f 3563 3511 10
f 2152 2037 1950
f 475 772 774
f 769 2172 2171
f 2171 2165 476
f 476 773 772
f 1791 565 464
f 2166 2167 2168
f 595 371 372
f 483 1809 1641
f 762 2174 2173
f 771 483 484
f 486 487 1809
f 297 1549 1517
f 763 2175 2174
f 776 755 759
f 184 185 2176
f 412 447 303
f 2005 2176 185
f 3811 1681 1682
f 2164 2170 756
f 1472 2035 2161
f 950 951 964
f 2177 2178 2179
f 227 226 1510
f 2182 2183 2184
f 2186 2019 2018
f 1985 2182 2181
f 214 736 729
f 865 849 842
f 849 865 1357
f 559 3187 3188
f 16 13 737
f 560 553 498
f 3193 3196 3195
f 3200 3197 3198
f 3211 3214 3213
f 3215 3218 3217
f 2187 2188 2002
f 2169 2168 2189
f 2192 2086 2085
f 2193 2194 2195
f 2198 2199 2200
f 1998 1982 1979
f 3664 3665 3668
f 2116 1898 1903
f 1859 2006 2009
f 3904 2123 2126
f 1135 1148 1087
f 2201 2202 2015
f 1149 111 110
f 3221 3222 3218
f 2203 2204 2205
f 579 580 1895
f 1755 2207 2208
f 3891 3910 1893
f 1211 2151 2150
f 868 997 2210
f 944 945 930
f 2130 2129 2202
f 233 1903 1898
f 665 751 750
f 1167 1254 999
f 2211 2212 2213
f 2215 2216 2217
f 3867 593 590
f 2220 221 220
f 823 824 948
f 3225 3220 3227
f 266 204 455
f 3882 2108 2107
f 2221 2222 3519
f 2223 2224 2225
f 2207 2125 2124
f 673 674 3869
f 817 1000 996
f 2227 2228 2146
f 1947 1948 646
f 3900 2135 17
f 2229 1635 1638
f 1679 1613 1618
f 1637 2231 2232
f 2233 2234 1617
f 2231 2235 2236
f 1381 1638 2238
f 3586 2241 2242
f 1630 2234 2233
f 1681 1626 472
f 1408 1407 2243
f 3236 3239 3238
f 3232 3241 3240
f 1637 2230 2238
f 3237 3238 3233
f 1409 1408 1634
f 1380 1383 2247
f 1628 2248 2245
f 2249 1623 1622
f 1632 1634 1408
f 2248 1628 1631
f 2235 2231 1637
f 3245 3246 3199
f 631 2070 2071
f 515 167 52
f 782 781 2251
f 2253 2254 2255
f 397 281 459
f 1456 2039 2040
f 2040 2041 2036
f 1401 2112 2111
f 2041 2040 1970
f 1535 121 414
f 1586 1587 2080
f 2256 983 1132
f 1700 1699 3918
f 3815 1896 1686
f 1263 2256 1886
f 598 1841 844
f 2257 2258 2259
f 2258 2261 2262
f 2259 2262 2263
f 2260 2259 2216
f 1967 1971 1970
f 2212 1964 1963
f 922 921 2218
f 1312 1098 1101
f 1307 1306 1286
f 1548 1569 1546
f 2266 2267 2268
f 2265 2268 2270
f 2272 2265 2269
f 2273 2266 2265
f 2275 2276 2277
f 2278 2274 2277
f 2284 2285 3617
f 2287 2283 2286
f 2288 2289 2283
f 2290 2284 3639
f 2291 2292 2293
f 2295 2291 2294
f 2296 2297 2291
f 2297 2298 2292
f 2294 2293 2299
f 2279 2294 2300
f 2298 2301 2302
f 2292 2302 2303
f 2293 2303 2304
f 2304 2305 2306
f 2308 2309 2310
f 2302 2307 2310
f 2301 2311 2307
f 2312 2308 2307
f 2313 2314 2315
f 2318 2319 2320
f 3748 3771 2322
f 2324 2325 2273
f 2313 2324 2326
f 2328 2324 2313
f 2329 2325 2324
f 2331 2332 2333
f 2330 2333 2267
f 2325 2330 2266
f 2329 2331 2330
f 2333 2334 2335
f 2336 2334 2333
f 2338 2336 2332
f 2331 2339 2337
f 2329 2340 2339
f 2328 2341 2340
f 2316 2342 2341
f 2342 2316 2315
f 2344 2345 2346
f 2341 2344 2347
f 2342 2348 2344
f 2348 2349 2345
f 2350 2351 2352
f 2339 2350 2353
f 2340 2347 2350
f 2347 2346 2351
f 2337 2353 2354
f 2353 2352 2355
f 2356 2277 2276
f 2356 2357 2358
f 2356 2359 2296
f 2279 2277 2356
f 2360 2361 2270
f 2267 2335 2360
f 2362 2363 2364
f 2362 2365 2361
f 2366 2362 2358
f 2366 2367 2363
f 2357 2276 2368
f 2366 2368 2369
f 2276 2275 2370
f 2368 2370 2282
f 2372 2373 2374
f 2375 2376 2377
f 2378 2379 2380
f 2382 2378 2381
f 2384 2385 2378
f 2385 2386 2379
f 2388 2389 2390
f 2387 2390 2392
f 2393 2394 2387
f 2394 2395 2388
f 2186 2401 2402
f 2403 2404 2327
f 2272 2403 2326
f 2271 2405 2403
f 2405 2406 2404
f 2404 2407 2408
f 2409 2410 2411
f 2409 2412 2271
f 2413 2409 2269
f 2413 2414 2410
f 2417 2415 2416
f 2417 2418 2406
f 2412 2417 2405
f 2411 2415 2417
f 2406 2419 2407
f 3569 3520 632
f 2420 2398 2397
f 2420 2421 2423
f 2424 2420 2422
f 2424 2399 2398
f 2425 2391 2392
f 2421 2425 2426
f 2397 2396 2425
f 2396 2393 2391
f 2427 2314 2408
f 2430 2427 2428
f 2343 2315 2427
f 2432 2343 2430
f 2431 2430 2429
f 2435 2431 2433
f 2436 2432 2431
f 2428 2408 2407
f 2422 2437 2407
f 2438 2437 2422
f 2429 2428 2437
f 2440 2434 2433
f 2441 2439 2433
f 2442 2443 2439
f 2443 2444 2440
f 2445 2446 2444
f 2447 2445 2443
f 2383 2381 2445
f 2381 2380 2446
f 2448 2438 2423
f 2449 2448 2426
f 2441 2448 2449
f 2441 2429 2438
f 2449 2392 2390
f 2450 2390 2389
f 2447 2450 2451
f 2442 2449 2450
f 2451 2389 2453
f 2452 2453 2455
f 2382 2452 2454
f 2383 2451 2452
f 2456 2457 2373
f 2459 2460 2461
f 2463 2464 2465
f 2462 2465 2285
f 2466 2462 2284
f 2467 2463 2462
f 2461 2460 3703
f 2468 2469 2470
f 2472 2468 2471
f 2474 2461 3701
f 2475 2476 2477
f 2458 2455 2453
f 2479 2453 2389
f 2395 2480 2479
f 2480 2459 2458
f 2481 2482 2483
f 2484 113 2485
f 2471 2470 2464
f 2473 2471 2463
f 2487 2467 2466
f 2486 2466 2290
f 2490 2486 2488
f 2491 2487 2486
f 2492 2473 2467
f 2493 2492 2487
f 2494 2495 2492
f 2495 2472 2473
f 3690 2496 2474
f 3691 2497 2496
f 2498 2494 2493
f 2500 2498 2499
f 3700 3687 2498
f 3687 3691 2494
f 2306 2504 2278
f 2305 2505 2504
f 2504 2505 2507
f 2506 2507 2288
f 2274 2506 2508
f 2278 2504 2506
f 3633 3632 2489
f 3620 3633 2488
f 2507 2509 2289
f 2505 2510 2509
f 2508 2288 2287
f 2511 2287 2281
f 2370 2511 2280
f 2275 2508 2511
f 2512 2490 2489
f 2514 2512 2513
f 2517 2512 2514
f 2517 2491 2490
f 2499 2493 2491
f 2499 2517 2516
f 2510 2505 2519
f 2518 2519 2521
f 3616 2518 2520
f 3632 2510 2518
f 2522 2304 2303
f 2523 2522 2310
f 2305 2304 2522
f 2524 2522 2523
f 2519 2524 2525
f 2505 2305 2524
f 2308 2312 2527
f 2526 2527 2529
f 2531 2526 2528
f 2309 2308 2526
f 1214 2532 2151
f 2419 2406 2418
f 2533 2345 2349
f 2534 2533 2317
f 2535 2536 2533
f 2536 2346 2345
f 2537 2351 2346
f 2538 2537 2536
f 2539 2540 2537
f 2540 2352 2351
f 2312 2355 2541
f 2527 2541 2542
f 2543 2435 2434
f 2545 2543 2544
f 2319 2318 2543
f 2318 2436 2435
f 2514 2515 2548
f 2547 2548 2550
f 2552 2547 2549
f 2552 2516 2514
f 2520 2521 2554
f 2553 2554 2556
f 3590 2553 2555
f 3621 2520 2553
f 2523 2309 2531
f 2557 2531 2530
f 2525 2523 2557
f 2559 2557 2558
f 2554 2559 2560
f 2521 2525 2559
f 2561 2375 2007
f 2376 2562 2225
f 2564 2565 2566
f 2563 2566 338
f 2569 2563 2567
f 2570 2564 2563
f 2572 2573 2574
f 2571 2574 2576
f 2544 2571 2575
f 2544 2434 2572
f 2578 2570 2569
f 2579 2577 2569
f 2574 2577 2579
f 2573 2578 2577
f 2581 2582 2583
f 2584 2580 2583
f 3697 3675 2580
f 3676 2581 2580
f 2582 2516 2552
f 2583 2552 2551
f 2500 2501 2589
f 2590 2588 2589
f 3693 3695 2588
f 3695 3700 2500
f 2501 2516 2591
f 2592 2593 2594
f 2386 2385 2503
f 2596 2379 2386
f 2596 2374 2373
f 2599 2596 2597
f 2599 2380 2379
f 2600 2446 2380
f 2600 2599 2598
f 2603 2600 2601
f 2603 2444 2446
f 2604 2603 2602
f 2440 2604 2605
f 2444 2603 2604
f 2606 2582 2581
f 2606 2607 2590
f 2591 2516 2582
f 3676 2587 2456
f 3689 2456 2372
f 2478 2477 2608
f 2609 2610 2611
f 2564 2570 2613
f 2612 2613 2598
f 2457 2612 2597
f 2565 2564 2612
f 2614 2613 2570
f 2615 2614 2578
f 2602 2601 2614
f 2601 2598 2613
f 2572 2434 2605
f 2616 2605 2602
f 2573 2572 2616
f 1459 1016 1045
f 1265 1215 1079
f 1612 1608 1609
f 2067 2057 2069
f 1135 1109 1136
f 1938 1937 2618
f 95 548 458
f 2058 1607 1608
f 1454 1469 1445
f 655 2620 1048
f 722 1049 2621
f 1131 985 1033
f 562 1481 366
f 1723 1719 1725
f 1786 1123 1122
f 267 300 323
f 1325 2034 1654
f 1468 1165 1435
f 658 657 529
f 8 532 247
f 382 1557 1559
f 788 619 1307
f 940 930 929
f 911 2622 2623
f 2621 2620 655
f 2624 1857 2625
f 998 1846 27
f 635 638 2626
f 2627 641 644
f 2628 2627 1840
f 1200 1199 2627
f 1199 1773 641
f 1520 515 49
f 1452 1350 1349
f 2630 2631 1859
f 644 643 1335
f 1197 1198 717
f 2632 717 719
f 2628 2632 1166
f 2629 1197 2632
f 1762 2633 1050
f 1823 870 873
f 2634 2635 794
f 1042 794 2635
f 93 94 1901
f 2036 2038 1458
f 1527 332 1525
f 877 876 1274
f 134 409 797
f 1328 893 931
f 607 777 1091
f 1043 2635 2637
f 2636 2637 2639
f 1275 2636 2638
f 1275 1040 1043
f 1272 2624 2626
f 2640 2626 638
f 1110 2641 2640
f 536 1272 2640
f 1472 708 1474
f 2042 2030 1951
f 1058 1106 1105
f 2642 2623 2643
f 1192 2642 2644
f 912 2623 2642
f 3898 1657 3526
f 1049 1048 2620
f 616 1829 1885
f 1331 1913 666
f 990 989 1198
f 1911 1912 321
f 1298 1282 1205
f 76 1490 1504
f 1502 1500 421
f 610 609 658
f 1146 937 659
f 2646 911 914
f 1280 1239 1238
f 1453 1454 1452
f 835 942 1843
f 1271 1270 1173
f 1893 1878 1826
f 1050 2633 1937
f 2651 2652 814
f 1006 1053 1281
f 2653 1084 2654
f 1001 1004 1003
f 585 997 679
f 2624 1272 621
f 555 678 2028
f 1207 526 1197
f 1626 1627 478
f 426 389 419
f 1030 1193 1773
f 3898 645 634
f 534 1533 138
f 1125 1092 1042
f 333 228 88
f 569 1570 561
f 1489 2656 871
f 1857 2624 620
f 1673 1674 3770
f 622 861 864
f 619 788 891
f 261 544 545
f 393 1555 1556
f 2658 2659 2647
f 1075 2658 2657
f 1081 1080 2658
f 1080 1139 2659
f 2644 2643 1141
f 2660 1141 1140
f 642 2660 1336
f 1193 2644 2660
f 679 678 555
f 1503 1501 1500
f 1318 1317 1101
f 2661 2659 1139
f 2661 1142 2663
f 2662 2647 2659
f 2662 2663 2622
f 2664 2622 911
f 2648 2664 2646
f 2648 2647 2662
f 2083 2094 2093
f 1442 1440 1437
f 519 329 330
f 1885 2029 1209
f 799 800 805
f 1946 1943 1952
f 1302 1301 1253
f 566 2005 224
f 1389 940 928
f 683 682 681
f 836 835 1842
f 2665 1842 1845
f 2666 2665 1303
f 24 836 2665
f 831 1072 2650
f 1845 1844 1304
f 2010 2013 2012
f 1051 1936 2667
f 1522 1521 1511
f 531 440 441
f 1250 635 2625
f 2669 2625 1857
f 783 2669 1856
f 782 1250 2669
f 720 2670 2671
f 1055 1931 1930
f 1333 1067 1251
f 619 622 1308
f 652 655 2619
f 521 522 1539
f 1838 988 537
f 2672 537 536
f 1113 2672 2641
f 1113 527 1838
f 1016 1013 1351
f 3897 573 570
f 226 227 104
f 3564 3669 3827
f 1036 1037 1884
f 2674 1301 1304
f 2673 1304 1844
f 1334 2673 2675
f 1333 2674 2673
f 2676 702 1039
f 1843 2676 2675
f 942 1074 2676
f 1074 699 702
f 752 1057 1055
f 1200 1166 656
f 1120 1846 874
f 2677 874 877
f 1241 2677 1052
f 1119 1120 2677
f 1560 1513 151
f 1208 1316 611
f 215 735 736
f 1460 1459 1462
f 1208 1207 1839
f 854 856 1282
f 72 445 182
f 544 1563 1565
f 217 200 456
f 2047 1404 930
f 1204 2618 1937
f 913 777 686
f 840 527 1113
f 1531 729 730
f 2678 778 1283
f 601 667 1914
f 1537 1538 459
f 1819 1757 3509
f 991 1860 862
f 2679 711 1073
f 2680 1830 983
f 779 2680 2256
f 778 2678 2680
f 2678 2679 1830
f 180 542 245
f 1886 1132 1131
f 1138 1137 1274
f 1841 598 1140
f 75 313 314
f 193 423 420
f 2681 2682 1099
f 170 1567 1565
f 349 416 417
f 1121 1124 2684
f 547 797 409
f 123 122 121
f 2643 2663 1142
f 1542 1544 513
f 899 900 907
f 1210 677 676
f 791 663 982
f 24 27 837
f 893 896 932
f 1860 1320 863
f 535 538 862
f 1569 1548 1547
f 181 455 542
f 660 659 937
f 2013 567 568
f 887 890 2631
f 1524 1508 361
f 520 161 162
f 2653 855 854
f 1238 1237 2655
f 718 1838 527
f 1492 1493 518
f 792 616 615
f 599 846 1835
f 290 457 456
f 312 171 1552
f 1248 2687 1179
f 153 149 177
f 1240 1181 1222
f 1257 1292 1235
f 1291 1084 1083
f 1052 877 1277
f 743 742 2618
f 444 140 430
f 23 1224 1172
f 2687 2654 1180
f 102 103 409
f 1283 607 610
f 373 497 650
f 1180 2654 1084
f 855 2653 2655
f 1173 1270 1917
f 2689 850 853
f 2688 853 1108
f 2686 2688 1279
f 2687 2689 2688
f 2691 1302 1252
f 2690 1252 850
f 1248 2690 2689
f 1248 1247 2691
f 2692 617 24
f 2691 2692 2666
f 1247 1258 2692
f 1258 1168 617
f 394 1554 1555
f 2693 1260 1259
f 1072 1236 1262
f 1257 1071 1168
f 398 439 1555
f 871 1784 1314
f 1178 1232 1249
f 1224 1289 1173
f 1010 2617 2618
f 1175 1174 1292
f 2654 2687 2686
f 2694 1157 1216
f 71 418 1487
f 701 1112 1111
f 1072 1261 2649
f 1085 2695 22
f 895 2694 1264
f 1601 1606 1605
f 1259 1262 1271
f 21 20 1220
f 988 991 538
f 598 597 1336
f 1050 860 818
f 1298 2645 1761
f 1168 1167 618
f 858 1168 1256
f 39 242 516
f 2652 1761 819
f 313 316 315
f 2026 1970 1971
f 2656 1489 596
f 814 819 818
f 2696 2651 813
f 1260 2696 2649
f 2693 2697 2696
f 2697 1296 2651
f 381 355 390
f 3818 3819 1611
f 1475 1427 1428
f 1292 1174 1917
f 1551 353 354
f 1526 1525 1523
f 1593 1589 1595
f 1232 1269 1246
f 2695 2693 1223
f 2698 1297 1296
f 2698 2697 2693
f 2685 2698 2695
f 2685 854 1297
f 562 1497 271
f 2652 2651 1296
f 1365 1366 1364
f 1958 1946 1953
f 585 588 2210
f 1561 1560 1515
f 975 2648 1146
f 347 67 68
f 1038 1111 636
f 2700 781 780
f 2699 780 1036
f 2701 2699 1883
f 851 2700 2699
f 2674 1333 2251
f 2702 2251 781
f 1253 2702 2700
f 1301 2674 2702
f 1519 387 388
f 1273 1239 1280
f 2703 1280 1107
f 2701 2703 852
f 1829 1273 2703
f 91 260 326
f 1784 871 2656
f 2683 2684 2705
f 604 1894 3499
f 1669 3534 3548
f 2062 2063 2060
f 621 535 861
f 2023 731 732
f 686 779 1263
f 857 1051 2668
f 883 830 882
f 637 636 1111
f 2668 894 893
f 2667 921 894
f 1039 1038 1068
f 313 75 1504
f 1911 1972 305
f 1936 2706 1964
f 2707 2402 2401
f 2708 2707 2183
f 738 2163 2116
f 2349 2348 2432
f 2711 2712 2020
f 2400 2711 2019
f 2714 2715 2716
f 2717 2718 2719
f 2721 2722 2723
f 2726 2727 2728
f 2725 2728 2730
f 2731 2725 2729
f 2732 2726 2725
f 2734 2735 2736
f 2738 2739 2740
f 2737 2740 2741
f 2744 2745 2746
f 2745 2744 2748
f 2749 2750 2747
f 2753 2749 2751
f 2250 1380 2246
f 2754 1396 1614
f 3598 2754 2755
f 3608 2745 2747
f 1617 2756 2755
f 2242 2758 1620
f 2191 2085 2760
f 2761 2759 2760
f 3648 2759 2761
f 3623 2191 2759
f 3209 3248 3223
f 1395 1394 2236
f 1395 2235 1636
f 1616 1635 2229
f 1617 2234 2763
f 2756 2763 3628
f 2765 2763 2234
f 2766 2764 3628
f 3202 3199 3246
f 1516 437 435
f 2768 2769 3552
f 1495 541 578
f 2135 2136 28
f 3526 3540 2773
f 1690 1689 3926
f 2778 2779 2780
f 2777 2780 2781
f 2784 2778 2777
f 3555 3521 575
f 1494 1904 9
f 3529 2016 2015
f 451 61 505
f 2786 2787 2788
f 2779 2786 2785
f 2789 2752 2741
f 2790 2753 2752
f 2792 2793 2794
f 2793 2795 2796
f 2796 2797 2750
f 2794 2796 2749
f 2798 1393 1396
f 3591 2798 2754
f 2798 2799 2800
f 3591 3662 2799
f 2797 2796 2795
f 2791 2794 2753
f 216 233 232
f 3804 2806 2807
f 3805 2809 2804
f 2769 2810 3557
f 183 185 184
f 2811 2812 2775
f 2804 2811 2776
f 2809 2813 2811
f 2812 2811 2813
f 3805 2808 2816
f 3796 2818 2815
f 3798 3800 2820
f 3793 2823 2819
f 2824 2736 2735
f 2823 2825 2824
f 2825 2823 2826
f 3793 2822 2827
f 3796 2817 2826
f 2713 2716 2829
f 2828 2829 2831
f 2822 2821 2828
f 2821 2820 2713
f 2832 2827 2822
f 2833 2832 2830
f 2834 2835 2832
f 2835 2818 2827
f 2837 2838 2839
f 2836 2839 2841
f 2842 2836 2840
f 2843 2837 2836
f 2840 2841 2845
f 2718 2844 2845
f 2730 2728 2844
f 2727 2840 2844
f 2846 2845 2841
f 2829 2846 2847
f 2847 2841 2839
f 2848 2839 2838
f 2833 2848 2849
f 2831 2847 2848
f 2850 2814 2851
f 2853 2850 2852
f 2783 2777 2782
f 2785 2788 2853
f 2780 2785 2856
f 2857 2858 2855
f 2859 2857 2782
f 2861 2843 2842
f 2860 2842 2727
f 2862 2860 2726
f 2863 2861 2860
f 2861 2863 2858
f 2843 2861 2857
f 2856 2853 2854
f 2781 2856 2864
f 2837 2843 2859
f 2838 2837 2864
f 2852 2851 2834
f 2854 2852 2849
f 2865 2815 2818
f 2851 2865 2835
f 2813 2809 2815
f 2814 2813 2865
f 2866 2812 2814
f 2788 2866 2850
f 2866 2788 2787
f 2812 2866 2867
f 1892 1889 1890
f 2720 2719 2846
f 298 299 256
f 2872 2714 2713
f 3794 3800 2735
f 2729 2730 2874
f 2846 2716 2715
f 2876 2877 2878
f 2733 2875 2878
f 3806 3807 2879
f 3806 2880 2872
f 2882 2883 2884
f 2881 2884 2715
f 2880 2881 2714
f 2879 2882 2881
f 2885 2886 2887
f 2888 2889 2890
f 2885 2890 2892
f 2893 2886 2885
f 1942 2151 2532
f 2895 2892 2720
f 2884 2895 2870
f 2883 2896 2895
f 2896 2891 2892
f 2889 2874 2717
f 2890 2717 2720
f 2897 2893 2891
f 2898 2897 2896
f 2899 2898 2883
f 2900 2899 2882
f 3797 2900 2879
f 2876 2902 2901
f 2901 2902 2904
f 1785 2656 1835
f 2905 2906 2899
f 2907 2908 2897
f 3797 2901 2903
f 632 576 577
f 3532 3547 2867
f 434 385 550
f 2768 2770 3640
f 2910 2911 1623
f 2241 2912 2758
f 3640 2770 2913
f 1623 2911 2757
f 3587 2242 2757
f 2229 1381 1380
f 2765 1630 1629
f 2915 2914 1629
f 3642 3641 2914
f 3641 3622 2765
f 2919 2916 3642
f 2918 2915 2912
f 3614 2918 2241
f 3618 2919 3613
f 3541 2177 2180
f 3521 2002 2188
f 3705 3573 714
f 2925 2766 2917
f 2924 2917 2916
f 3610 2924 2919
f 3611 2925 2924
f 2926 2927 2766
f 3658 2926 2925
f 1715 1713 1705
f 785 497 498
f 1387 651 565
f 374 375 1899
f 3573 2203 2206
f 2929 2930 2886
f 2932 2933 2934
f 1905 1906 1908
f 2930 2935 2936
f 2938 2935 2930
f 1493 369 517
f 1603 1585 1586
f 2939 2938 2929
f 2940 2939 2908
f 3665 1707 1600
f 2886 2930 2937
f 2906 2907 2898
f 2908 2929 2893
f 2942 2934 2933
f 2941 2933 2937
f 3501 2941 2936
f 3498 2942 2941
f 2943 2944 2710
f 2943 2873 2874
f 2945 2943 2889
f 2946 2944 2943
f 2932 2945 2888
f 2931 2946 2945
f 727 1928 1929
f 2903 2904 2947
f 545 594 42
f 1480 1570 533
f 2907 2906 2949
f 2906 2905 2950
f 1558 452 215
f 3799 2903 2948
f 2054 1645 1644
f 3705 3684 2203
f 1828 1837 1849
f 2953 2954 2955
f 2952 2955 2957
f 2956 2261 2258
f 2953 2952 2258
f 2454 2455 2474
f 3747 2958 2959
f 3747 2132 2131
f 2961 2962 2963
f 2958 2963 2964
f 222 221 2485
f 2477 2226 2966
f 2631 2561 2006
f 2384 2454 2496
f 2967 2968 2959
f 2968 2967 2970
f 3759 2033 2971
f 3784 2971 2960
f 2972 2971 2033
f 2007 2377 2973
f 3560 3559 2134
f 1836 1833 1832
f 3506 2188 2090
f 955 810 959
f 672 675 674
f 633 710 713
f 2024 732 733
f 2025 2024 803
f 425 1552 1550
f 2975 2976 888
f 1319 1158 1157
f 1212 1935 2977
f 889 957 2228
f 1978 1974 1975
f 1138 1078 1329
f 751 665 2979
f 1619 1613 1625
f 2252 2255 1728
f 1157 1160 845
f 2706 1936 1938
f 2980 2255 2254
f 2982 2975 887
f 802 712 711
f 678 677 2029
f 527 840 690
f 1839 1207 2629
f 2983 2984 602
f 2983 1914 1913
f 2985 2983 1331
f 2986 2984 2983
f 2987 2637 2635
f 2985 2988 2639
f 2990 1319 1318
f 2991 2992 2993
f 2995 2991 2994
f 1106 1058 2991
f 1058 1057 2992
f 1415 1406 1365
f 1317 922 2217
f 1932 1728 2255
f 926 2998 2999
f 3001 2993 2992
f 3000 2992 1057
f 2999 3000 2978
f 2998 3001 3000
f 3002 2998 2209
f 3002 3003 2996
f 2993 3001 3002
f 1103 1106 2995
f 3004 2995 2996
f 2209 2210 3004
f 588 1103 3004
f 295 296 433
f 2638 2639 2988
f 3005 2988 1056
f 1305 3005 1930
f 1276 2638 3005
f 1987 1968 1993
f 2633 1762 1761
f 1423 1422 1417
f 3561 3517 739
f 2671 2670 2704
f 1473 1872 2035
f 922 1317 2694
f 1401 1400 1378
f 556 2028 1884
f 842 848 3825
f 1854 2706 2617
f 933 1082 1081
f 1440 1441 1436
f 529 657 719
f 1031 1025 1027
f 777 913 912
f 2645 1205 1204
f 441 438 1538
f 790 1287 587
f 2065 2066 1610
f 1860 991 990
f 60 106 87
f 1424 1017 1948
f 332 1527 1507
f 261 262 138
f 187 188 449
f 1719 1720 1726
f 1931 1055 1059
f 3006 1059 1105
f 1287 3006 1104
f 1286 1931 3006
f 3007 3008 3009
f 3009 3008 653
f 618 999 26
f 2029 677 1210
f 957 601 600
f 1049 2146 2228
f 2631 890 3011
f 890 889 2227
f 3011 2227 2145
f 2561 3011 3012
f 1026 656 609
f 2706 1854 1961
f 3013 2965 2485
f 2148 2147 1267
f 3015 1267 1266
f 2997 2264 1101
f 642 641 1773
f 186 477 461
f 1041 1040 1320
f 1121 3016 3017
f 2984 2986 2987
f 3018 2987 2634
f 1048 603 3018
f 603 602 2984
f 2679 2678 801
f 2062 2072 2074
f 2061 2074 2076
f 414 303 1545
f 3016 1121 2683
f 3019 2683 2704
f 3020 3019 2670
f 3007 3016 3019
f 1871 1090 1091
f 3021 1787 1122
f 3022 3021 3017
f 1314 3021 3022
f 1784 1787 3021
f 1316 1315 1763
f 3023 3022 3010
f 3023 3009 795
f 1763 3023 1092
f 1315 3022 3023
f 3016 3007 3010
f 752 751 2978
f 2986 2639 2637
f 3024 654 653
f 3020 3024 3008
f 720 723 3024
f 723 2621 654
f 2681 1098 1268
f 2671 3025 1268
f 2705 2681 3025
f 1313 3026 3027
f 3026 3028 3029
f 3027 3029 3030
f 1311 3027 3031
f 2012 568 731
f 917 2657 974
f 743 1206 856
f 1888 2027 2030
f 2682 2705 2684
f 3032 2684 1124
f 1100 3032 2989
f 1099 2682 3032
f 1123 2990 2989
f 3033 1834 1159
f 2990 3033 1158
f 1123 1786 3033
f 1786 1785 1834
f 1054 1056 2988
f 2979 665 664
f 2623 2622 2663
f 1095 660 688
f 3034 3035 2261
f 3036 3034 2956
f 3037 3038 3034
f 3038 3039 3035
f 3040 3041 3026
f 2263 3042 3041
f 3042 3039 3043
f 3041 3043 3028
f 3044 3045 3043
f 3046 3047 3045
f 3047 3048 3049
f 3043 3045 3049
f 3038 3037 3051
f 3050 3051 3053
f 3052 3046 3044
f 3039 3038 3050
f 3054 3035 3039
f 3042 2263 2262
f 2261 3035 3054
f 2216 2263 2997
f 2212 2211 2667
f 3056 868 2209
f 934 3057 1961
f 2013 3755 3757
f 3058 3059 3060
f 3059 3062 3063
f 3060 3063 2213
f 3061 3060 1963
f 3063 3064 2214
f 3062 3065 3064
f 3065 2257 2260
f 3064 2260 2215
f 3066 3067 3031
f 2608 2966 3067
f 2966 2562 3068
f 3031 3067 3068
f 2455 2458 2461
f 2476 2223 2226
f 3551 2090 2089
f 3526 2774 3769
f 433 354 355
f 2115 1423 1419
f 3509 2868 2922
f 3769 3737 2131
f 3069 2611 2167
f 2971 2972 2928
f 2961 2774 2773
f 3070 2475 2478
f 2610 2609 3071
f 2502 2371 2374
f 3072 2592 2595
f 2964 3046 3052
f 3048 2593 3074
f 2593 2592 3075
f 3075 3030 3029
f 3074 3029 3028
f 3072 3076 3075
f 3076 3072 2482
f 2481 2608 3066
f 3076 3066 3030
f 2967 3052 3053
f 2482 3072 3073
f 479 480 493
f 706 3900 3873
f 3561 2194 2221
f 2013 2010 3754
f 3533 2032 2016
f 3562 3519 2222
f 1171 1154 1155
f 2586 2566 2565
f 2982 110 113
f 2562 2376 3077
f 2376 2375 3012
f 3012 2145 2148
f 3077 2148 3015
f 2963 3047 3046
f 3051 3078 2970
f 1683 2173 491
f 3850 2122 1447
f 1986 2181 3734
f 3079 3080 2546
f 3081 3079 2575
f 1983 1986 3768
f 3082 2323 2319
f 3080 3082 2545
f 3734 3732 3082
f 3732 3748 2323
f 1309 1471 1888
f 3073 2595 2772
f 2760 3083 3084
f 2760 2085 2088
f 3085 3084 3086
f 3089 3085 3090
f 3089 2762 3084
f 3092 3088 3090
f 3093 2748 2744
f 2751 2747 2748
f 3093 2741 2752
f 2742 2741 3093
f 3094 3093 2743
f 3096 3097 3098
f 3099 3096 3087
f 3097 3094 3095
f 3100 2743 2746
f 3101 2927 3102
f 2764 2766 2927
f 2745 2764 3101
f 3102 3092 3091
f 3100 3091 3095
f 2869 2802 3592
f 3102 3103 3104
f 3658 2868 2869
f 2927 2926 3103
f 3098 3095 3091
f 3087 3098 3090
f 2088 2125 3105
f 3083 3105 3086
f 2483 3073 2771
f 2401 2186 2185
f 3099 3086 3105
f 2125 2207 3106
f 3108 2737 2742
f 3107 2742 3094
f 3110 3108 3107
f 3109 3107 3097
f 3111 3109 3096
f 3112 3110 3109
f 3113 2738 2737
f 3115 2723 2722
f 3117 3115 3114
f 3119 3117 3116
f 3118 3116 3120
f 3116 3114 3113
f 3122 3112 3111
f 3122 3123 1755
f 3124 3125 3126
f 3125 3118 3121
f 3128 3119 3118
f 3129 3128 3125
f 2020 2712 3128
f 3853 3857 1346
f 1065 1046 1047
f 1814 3838 3830
f 2021 2020 3129
f 3111 3099 3106
f 3123 3106 2207
f 2377 2225 2224
f 3014 2485 113
f 1756 2208 3782
f 3131 3132 2530
f 3133 3131 2528
f 1753 1756 3767
f 3134 3124 3127
f 2327 2408 2314
f 2436 2318 2317
f 2018 2021 3711
f 2534 3136 3137
f 2320 2322 3136
f 2185 2018 3712
f 3138 3139 2542
f 3134 3135 3744
f 3785 3130 3134
f 3140 3138 2539
f 2535 3137 3140
f 3711 2021 3130
f 2558 2530 3132
f 3782 3760 3141
f 2560 2558 3141
f 3760 3777 3142
f 958 888 2976
f 1933 1932 2980
f 2399 2424 2418
f 2348 2342 2343
f 2322 2320 2319
f 2718 2717 2874
f 2709 2729 2873
f 2894 2871 1361
f 346 289 176
f 1876 1877 1882
f 2802 2803 3607
f 3104 3144 3088
f 2974 2222 3649
f 3089 3145 2761
f 3088 3144 3145
f 2803 2974 3603
f 3870 3909 692
f 2123 1419 1418
f 1365 1363 1368
f 1581 1766 1782
f 3569 2202 2129
f 3555 2003 2002
f 3146 2585 2551
f 3751 3146 3147
f 3742 3149 3146
f 3149 2584 2585
f 3196 3198 3197
f 3604 2192 2191
f 3142 3150 2556
f 3777 3778 3150
f 3646 3152 2550
f 3150 3151 2555
f 3778 3780 3151
f 3788 3781 3152
f 3153 3147 2551
f 3152 3153 2549
f 3781 3776 3153
f 3776 3750 3147
f 3148 2767 2206
f 2183 2401 2321
f 2132 2960 2928
f 3684 3685 2204
f 3719 2198 2197
f 2594 2962 2773
f 2595 2594 2951
f 1870 798 799
f 3713 2179 2178
f 3706 2178 3736
f 336 3154 3774
f 339 3155 3154
f 3789 3683 3149
f 3683 3697 2584
f 2963 2962 3048
f 3722 3730 337
f 339 338 2566
f 3156 3157 2168
f 2610 3156 2167
f 2954 2953 3156
f 3157 3156 2953
f 3707 2166 2169
f 2567 3158 3159
f 337 3158 2567
f 3730 3069 2166
f 3764 2190 1983
f 2579 3160 3081
f 2568 3159 3160
f 3709 2169 2190
f 3065 3062 3162
f 3161 3162 1984
f 3157 3161 2189
f 2257 3065 3161
f 734 735 1922
f 3059 3058 2708
f 3163 2708 2182
f 3162 3163 1985
f 3062 3059 3163
f 3203 3206 3205
f 2122 2119 1448
f 3817 1686 1685
f 139 140 444
f 1570 569 566
f 2957 3164 3165
f 2955 3166 3164
f 1912 454 341
f 3130 3129 3124
f 1548 322 319
f 1949 1950 1327
f 2969 2970 3078
f 3167 3078 3169
f 3724 2014 2017
f 3720 2017 2033
f 3168 3169 3165
f 3170 3165 3164
f 3779 3170 3171
f 3724 3168 3170
f 3171 3164 3166
f 3172 3166 3071
f 3752 3172 3173
f 3756 3171 3172
f 3169 3037 3036
f 2593 3048 2962
f 3173 3071 2609
f 3174 2609 2199
f 3783 3174 2198
f 3749 3173 3174
f 2190 2189 1984
f 2196 2195 2767
f 2119 2120 1414
f 1464 1463 1466
f 2199 2611 3069
f 2457 2456 2587
f 2226 2225 2562
f 481 478 1627
f 333 1512 235
f 3078 3051 3037
f 3040 2264 2997
f 2219 1934 1933
f 2385 2384 2497
f 221 2220 3175
f 2220 1933 3143
f 3175 3143 2976
f 2484 3175 2975
f 2954 3071 3166
f 2630 1858 110
f 1547 319 1952
f 2091 2090 2188
f 3733 3736 2178
f 1918 1919 1927
f 3563 112 111
f 955 956 960
f 2037 3014 112
f 3143 2980 2981
f 2218 2211 2214
f 672 3877 3787
f 2152 3013 3014
f 1147 1144 1143
f 2248 2246 1409
f 1615 1636 1635
f 1410 1409 2246
f 3241 3243 3242
f 1382 3176 3177
f 3177 1410 2247
f 2247 1383 3177
f 3176 2238 2230
f 1410 3177 3179
f 3179 3180 2243
f 1633 3181 2800
f 1621 1620 2758
f 1622 1621 2245
f 2236 1394 3181
f 2237 2236 3182
f 2250 1631 2233
f 2912 1629 1628
f 135 136 1564
f 1567 419 512
f 1085 1084 2653
f 3184 869 868
f 869 3184 3057
f 1266 1268 1098
f 1267 2147 722
f 937 1146 2646
f 2146 1049 722
f 2211 2218 921
f 1957 510 507
f 1313 1312 2264
f 1496 362 1493
f 2887 2937 2933
f 1687 1688 1659
f 145 1499 1498
f 37 38 418
f 1935 1934 3185
f 104 89 301
f 2101 2098 2083
f 543 298 360
f 1934 2219 3186
f 234 1521 212
f 3845 3821 1822
f 1976 1875 1874
f 223 3186 2219
f 3655 3656 3605
f 2165 2164 467
f 467 468 2165
f 773 476 2165
f 1935 1212 1728
f 3240 3225 3226
f 3261 3249 3250
f 3215 3216 3244
f 3265 3221 3215
f 3267 3245 3198
f 3205 3206 3269
f 3214 3211 3265
f 3271 3213 3214
f 3251 3252 3239
f 3222 3221 3266
f 3232 3235 3234
f 3216 3242 3243
f 3196 3193 3268
f 3244 3243 3254
f 3238 3239 3247
f 3264 3244 3255
f 3253 3242 3216
f 3211 3266 3221
f 3257 3217 3218
f 3258 3222 3272
f 3274 3275 3280
f 3228 3229 3262
f 3275 3231 3281
f 3226 3227 3273
f 3236 3263 3260
f 3281 3263 3236
f 3287 3271 3192
f 3235 3226 3280
f 3234 3280 3281
f 3288 3290 3259
f 3260 3250 3276
f 3289 3212 3278
f 3210 3209 3224
f 3199 3202 3201
f 3228 3231 3230
f 3290 3288 3285
f 3282 3279 3271
f 3260 3263 3262
f 3243 3241 3268
f 3267 3268 3241
f 3194 3207 3208
f 3191 3270 3269
f 3270 3191 3192
f 3275 3274 3230
f 3264 3269 3270
f 3252 3251 3276
f 3248 3252 3291
f 3213 3271 3279
f 3272 3266 3289
f 3277 3278 3212
f 3228 3263 3281
f 3220 3225 3253
f 3219 3253 3217
f 3256 3218 3222
f 3247 3239 3252
f 3245 3267 3232
f 3266 3211 3212
f 3208 3205 3255
f 3288 3289 3284
f 3204 3205 3208
f 560 1899 3187
f 3209 3210 3201
f 3189 3192 3191
f 448 1980 807
f 647 648 122
f 1833 1848 1780
f 510 509 508
f 3210 1949 1887
f 1887 15 3200
f 15 16 3197
f 16 3188 3195
f 3195 3188 3187
f 3194 3187 1899
f 3207 1899 375
f 387 173 126
f 3189 1791 1760
f 3577 763 757
f 763 3577 2172
f 3583 3582 3580
f 3581 3580 3579
f 3594 3597 3596
f 3400 3601 3602
f 3626 3624 3625
f 3631 3635 3599
f 3636 3637 3595
f 3647 3584 3588
f 3650 3582 3584
f 3653 3579 3580
f 3653 2176 3654
f 1801 1864 3656
f 3651 3580 3582
f 3644 3638 3595
f 1767 1768 3659
f 1597 3663 3661
f 1708 1707 3665
f 3671 3668 3667
f 3666 3667 3673
f 1588 1708 3664
f 2080 3671 3666
f 2082 3666 3672
f 3674 3677 3635
f 3677 3678 3636
f 3682 3647 3645
f 3692 3651 3650
f 3681 3645 3644
f 786 3694 3692
f 3694 3653 3651
f 785 3692 3686
f 497 3686 3682
f 650 3682 3681
f 3696 564 3681
f 3405 3606 3605
f 3702 3699 3678
f 3699 3698 3679
f 3645 3588 3638
f 1799 3657 3659
f 3708 3704 3458
f 3462 3710 3708
f 3714 463 564
f 3615 3606 3602
f 3710 3714 3696
f 3635 3636 3596
f 3629 3626 3627
f 3597 3600 3599
f 3630 3716 3715
f 3627 3625 3597
f 3717 3716 3723
f 3715 3663 3660
f 3716 3717 3725
f 3668 3665 3661
f 3668 3725 3717
f 3667 3717 3718
f 3727 3728 3673
f 3728 1576 3672
f 3726 3727 3718
f 1576 2101 2084
f 3727 3726 3731
f 3203 376 1387
f 3190 1387 1791
f 3283 2152 1949
f 317 240 259
f 2000 2176 3653
f 3601 3599 3600
f 3589 3588 3584
f 3577 758 756
f 3585 3584 3582
f 3678 3679 3637
f 3204 375 376
f 1801 3655 3657
f 3729 3735 3728
f 1575 3735 3738
f 3735 1575 1576
f 1776 1795 1796
f 1293 1294 1290
f 1326 14 1327
f 1294 1245 1234
f 878 1244 1330
f 497 373 374
f 122 648 413
f 3699 3702 3704
f 3606 3405 3401
f 3708 3710 3698
f 3464 3714 3710
f 3704 3674 3443
f 439 398 399
f 1512 1528 1526
f 1668 1741 1738
f 839 849 1362
f 1362 1357 826
f 3843 740 1896
f 2053 2054 2118
f 3888 3887 2120
f 696 697 3816
f 1826 1878 639
f 3740 3739 3729
f 956 885 886
f 1980 806 1922
f 33 34 105
f 1343 1344 3856
f 3907 2127 2128
f 1766 1581 1582
f 14 1326 2163
f 595 98 99
f 3233 3238 3246
f 1346 1035 1044
f 748 1888 1425
f 3193 3208 3254
f 3190 3191 3206
f 3612 3605 3606
f 3624 3612 3615
f 3631 3415 3443
f 3679 3680 3644
f 3686 3650 3647
f 3702 3677 3674
f 3625 3615 3600
f 3601 3400 3415
f 3739 3738 3735
f 3630 3627 3594
f 3741 3723 3716
f 1284 1290 1288
f 3698 3696 3680
f 1778 1781 1780
f 1792 1759 1584
f 695 570 571
f 3638 3741 3594
f 3741 3638 3588
f 3247 3248 3209
f 3292 3293 3294
f 3296 3297 3298
f 3299 3298 3300
f 3302 3303 3304
f 3306 3307 3308
f 3307 3310 3311
f 3303 3302 3301
f 3312 3305 3304
f 3314 3315 3316
f 3318 3319 3320
f 3324 3318 3321
f 3326 3327 3328
f 3329 3330 3331
f 3333 3334 3335
f 3337 3338 3339
f 3333 3336 3341
f 3342 3341 3343
f 3319 3345 3344
f 3338 3335 3334
f 3346 3301 3302
f 3305 3348 3347
f 3312 3224 3223
f 3350 3337 3340
f 3312 3349 3348
f 3352 3343 3341
f 3311 3353 3354
f 3341 3336 3327
f 3359 3360 3361
f 3360 3359 3250
f 3318 3363 3345
f 3364 3363 3318
f 3314 3364 3324
f 3366 3299 3301
f 3299 3366 3367
f 3308 3354 3368
f 3369 3317 3295
f 3317 3369 3364
f 3370 3295 3317
f 3325 3371 3365
f 3352 3320 3319
f 3296 3367 3353
f 3297 3296 3311
f 3363 3368 3354
f 3345 3354 3353
f 3344 3353 3367
f 3366 3333 3342
f 3347 3339 3334
f 3339 3347 3348
f 3348 3349 3351
f 3363 3364 3369
f 3294 3309 3368
f 3293 3306 3309
f 3331 3373 3374
f 3346 3334 3333
f 3323 3322 3352
f 3356 3355 3321
f 3355 3357 3325
f 3357 3358 3371
f 3322 3356 3320
f 3361 3330 3329
f 3373 3372 3375
f 3374 3375 3376
f 3329 3332 3376
f 3327 3375 3372
f 3336 3335 3375
f 3335 3338 3376
f 3376 3338 3337
f 3337 3350 3359
f 3359 3350 3276
f 3377 3292 3295
f 3277 3316 3315
f 3371 3378 3379
f 3378 3371 3358
f 3365 3379 3315
f 3316 3277 3279
f 3282 3377 3370
f 3313 3283 3224
f 3378 3285 3284
f 3380 3286 3285
f 3379 3284 3278
f 3276 3350 3351
f 3291 3351 3349
f 3313 3304 2965
f 2965 3304 3303
f 222 3303 3300
f 223 3300 3298
f 3298 3297 3185
f 3297 3310 2977
f 3310 3307 1213
f 3307 3306 1214
f 2532 1214 3306
f 2894 2532 3293
f 2871 2894 3292
f 3253 3225 3240
f 3283 3313 3013
f 1997 1996 1889
f 1237 745 744
f 1535 1534 120
f 1531 1532 201
f 1119 1241 1032
f 946 948 824
f 163 8 5
f 3589 3726 3723
f 1155 1156 1162
f 427 213 327
f 553 1902 796
f 3381 2232 2231
f 3381 3178 2230
f 2237 3183 3180
f 3383 3384 3385
f 3384 3386 3387
f 3386 3388 3389
f 3388 3390 3391
f 3392 3393 3394
f 3395 3394 3396
f 3398 3399 3397
f 3400 3401 3399
f 3403 3404 3405
f 3406 3407 3404
f 3408 3409 3407
f 3410 3411 3409
f 3412 3413 3411
f 3415 3400 3398
f 3414 3398 3396
f 3416 3396 3394
f 3417 3394 3393
f 3393 3419 3420
f 3419 3390 3421
f 3390 3388 3422
f 3388 3386 3423
f 3386 3384 3424
f 3384 3383 3425
f 3425 3383 3426
f 2904 3427 3428
f 3429 3427 2904
f 3430 3429 2902
f 2875 3431 3430
f 3432 3433 2733
f 2825 3434 3435
f 3437 3438 3439
f 3441 3437 3436
f 2724 2723 3434
f 3436 3439 3115
f 3440 3436 3117
f 3443 3415 3414
f 3442 3414 3416
f 3444 3416 3417
f 3445 3417 3418
f 3446 3418 3420
f 3420 3421 3448
f 3421 3422 3449
f 3422 3423 3450
f 3423 3424 3451
f 3424 3425 3452
f 3425 3184 3056
f 3451 3452 2253
f 3450 3451 2252
f 3449 3450 1727
f 3448 3449 2150
f 3453 3447 3448
f 3454 3446 3447
f 3455 3445 3446
f 3456 3444 3445
f 3442 3444 3456
f 3443 3442 3457
f 3459 3460 3458
f 3457 3456 3455
f 3459 3455 3454
f 3462 3460 3459
f 3461 3454 3453
f 3464 3462 3461
f 3463 3453 1941
f 3404 3399 3401
f 3407 3397 3399
f 3409 3395 3397
f 3411 3392 3395
f 3465 3466 3413
f 3467 3468 3469
f 3465 3412 3431
f 3470 3467 3466
f 3438 3470 3432
f 3467 3470 3438
f 3468 3467 3437
f 3471 3469 3468
f 3472 3468 3441
f 3473 3441 3440
f 2712 3440 3119
f 3475 3471 3472
f 3474 3472 3473
f 3476 3473 2712
f 3477 3476 2711
f 3478 3474 3476
f 3479 3475 3474
f 3392 3411 3413
f 3466 3469 3480
f 3419 3393 3392
f 3390 3419 3480
f 3469 3471 3391
f 3389 3391 3471
f 3387 3389 3475
f 3385 3387 3479
f 3482 3477 2400
f 3483 3478 3477
f 3481 3479 3478
f 3484 3482 2402
f 3058 3484 2707
f 3061 3485 3484
f 3485 3483 3482
f 3382 3385 3481
f 3486 3481 3483
f 3426 3383 3382
f 3487 3382 3486
f 3486 3485 3061
f 1961 3057 3487
f 3057 3184 3426
f 3428 3403 3402
f 3427 3406 3403
f 3429 3408 3406
f 3430 3410 3408
f 3431 3412 3410
f 3470 3465 3433
f 3434 3439 3438
f 2723 3115 3439
f 2875 2733 3433
f 2736 2824 3435
f 2947 3428 3488
f 3464 3463 1360
f 1900 1925 1924
f 1736 1717 1718
f 1955 1952 1943
f 1671 1738 1735
f 1696 1750 1698
f 1800 1865 1864
f 2063 2055 2056
f 1737 1734 1717
f 1751 1735 1697
f 943 3885 3899
f 3656 3488 3402
f 1577 1578 1764
f 3917 1598 1599
f 1945 146 82
f 68 6 7
f 147 1542 1543
f 1109 1135 1133
f 1503 1910 1907
f 1499 1501 1909
f 452 1922 735
f 1824 2068 3835
f 1825 2067 2068
f 1463 1462 1022
f 841 1012 1009
f 1568 1547 1955
f 1910 1503 1502
f 1939 1502 422
f 309 280 1940
f 1804 1851 1866
f 269 1482 1954
f 2065 1607 2060
f 3812 1685 1758
f 280 276 552
f 1875 1873 1869
f 1739 1721 1734
f 1778 1779 1790
f 310 1920 1915
f 1909 1908 1906
f 1789 1783 1778
f 978 981 980
f 1584 1759 1731
f 425 426 311
f 148 1543 115
f 2044 3897 3894
f 277 1910 1939
f 1943 1946 1945
f 1461 1462 1463
f 2253 3452 3056
f 2981 2254 3489
f 2209 2998 3489
f 2254 2253 3055
f 2998 926 958
f 2826 2817 2721
f 3490 2739 2721
f 2816 3491 3490
f 2334 2297 2296
f 2298 2297 2334
f 2301 2298 2336
f 2311 2301 2338
f 2312 2311 2354
f 2359 2358 2361
f 2335 2296 2359
f 2414 2413 2365
f 2413 2270 2361
f 2355 2352 2540
f 2541 2540 2539
f 2722 2721 2739
f 3114 2722 2738
f 3110 3112 3121
f 3108 3110 3120
f 3122 1754 3127
f 3112 3122 3126
f 3127 1754 1753
f 3139 3133 2529
f 3744 3775 3133
f 3490 2789 2740
f 3491 2790 2789
f 228 229 91
f 245 244 243
f 248 7 247
f 2 297 296
f 145 146 300
f 327 213 210
f 329 332 331
f 239 241 240
f 373 376 375
f 178 177 176
f 1218 1225 1228
f 3862 1231 1295
f 808 809 824
f 3858 3859 1013
f 3813 3810 1411
f 2154 2149 2159
f 3845 3835 1758
f 306 807 1922
f 2157 2153 1976
f 708 709 2031
f 1450 1226 1227
f 1672 1604 1605
f 1813 1814 1821
f 1717 1716 1715
f 176 159 402
f 1710 1705 3916
f 1712 1580 1577
f 1705 1713 1711
f 971 978 979
f 822 823 1094
f 2909 2810 2793
f 2810 2769 2795
f 2799 2910 2249
f 3662 3643 2910
f 2769 2768 2801
f 3177 3176 3178
f 3178 3381 3180
f 3181 1394 1393
f 3181 1633 1632
f 3182 1632 2244
f 3183 2244 2243
f 3492 2791 2790
f 2808 3492 3491
f 2239 3574 3572
f 1149 1150 3571
f 1150 2009 3567
f 2202 3569 3566
f 2921 3564 3565
f 3568 3560 2133
f 1777 1579 1759
f 1201 1196 1183
f 3561 3554 2195
f 3553 3576 2770
f 3927 3925 1687
f 1516 152 154
f 3549 3562 2974
f 3550 3548 2779
f 2771 2772 3575
f 3070 2771 3546
f 3547 3544 2775
f 1376 1375 1370
f 2767 3543 3556
f 2195 3554 3543
f 2775 3544 3542
f 3377 3282 3545
f 3804 3802 3539
f 2776 3542 3538
f 2240 3572 3535
f 2920 3535 3669
f 3548 3534 2786
f 1805 1850 1851
f 3534 3532 2787
f 2951 2773 3540
f 2772 2951 3531
f 2973 2224 3530
f 2224 2223 3537
f 1957 1953 320
f 306 305 304
f 2770 3576 3528
f 2913 3528 3574
f 2923 3565 3527
f 308 1940 431
f 207 208 132
f 1879 1876 1881
f 3733 3787 3525
f 2475 3070 3558
f 2476 2475 3524
f 2223 2476 3523
f 3522 3549 2803
f 2037 3563 11
f 1959 1958 450
f 2003 3555 3520
f 9 10 334
f 2009 2008 3518
f 2008 2973 3536
f 3877 672 673
f 3515 3550 2778
f 2935 3514 3513
f 111 1149 3570
f 3510 3514 2935
f 683 3876 3885
f 3508 3557 2810
f 736 733 732
f 1795 1804 1803
f 3505 3510 2938
f 3507 3505 2939
f 2950 3512 3504
f 2940 2949 3504
f 3801 3791 3512
f 2868 3509 3502
f 2869 3502 3522
f 1024 1034 1023
f 3500 3503 2948
f 551 1939 442
f 2972 3499 3568
f 2032 3533 3499
f 216 93 1924
f 203 202 201
f 1828 1848 1847
f 1958 1957 449
f 272 271 178
f 2871 3545 3495
f 3619 3669 3564
f 2801 2768 3643
f 2005 3758 3654
f 960 886 899
f 3657 3655 3612
f 3780 3788 3646
f 3151 3646 3593
f 2193 3604 3623
f 3607 3603 3145
f 3603 3649 2761
f 3592 3607 3144
f 2926 3658 3634
f 3634 3592 3104
f 3755 3754 3746
f 566 567 3758
f 3488 3656 1864
f 1602 1586 2079
f 2868 3658 3611
f 2922 3611 3610
f 2923 3610 3618
f 3670 3613 2918
f 3619 3670 3614
f 2921 3618 3670
f 2920 3614 3586
f 3613 3642 2915
f 2917 2766 3622
f 2916 2917 3641
f 2239 3587 3652
f 2911 3640 3652
f 3643 3640 2911
f 2797 2801 3662
f 2797 3591 3598
f 3622 3628 2763
f 3608 3628 2764
f 2194 3623 3648
f 2221 3648 3649
f 2756 3608 3609
f 2750 3598 3609
f 3669 3535 1817
f 3763 3770 1691
f 2515 3621 3590
f 2548 3590 3593
f 2513 2489 3632
f 2513 3616 3621
f 2509 3633 3620
f 2510 3632 3633
f 2289 3620 3639
f 2283 3639 3617
f 2240 3586 3587
f 3659 3657 3624
f 716 2121 3887
f 727 1999 3761
f 2165 2171 2170
f 3660 3659 3626
f 3743 3581 3578
f 2175 2172 769
f 2100 500 2095
f 3758 567 3757
f 640 3560 3568
f 1653 3576 3553
f 1895 3536 3530
f 746 3530 3537
f 1653 1810 3528
f 3762 1603 1604
f 2093 2075 2073
f 959 996 995
f 962 899 919
f 1400 1401 1398
f 1000 817 1127
f 956 959 884
f 1662 3548 3550
f 2034 3558 3546
f 3926 1689 3539
f 3535 3572 766
f 3572 3574 765
f 334 3570 3571
f 1868 3531 3540
f 1684 1651 1652
f 1682 1683 775
f 1585 1603 3762
f 3763 3762 1672
f 2173 2174 490
f 1658 3544 3547
f 3556 3543 1650
f 1571 3754 2010
f 1587 3664 3671
f 2099 2095 2077
f 787 3761 1999
f 2000 3694 786
f 3155 339 3697
f 3713 3155 3683
f 2180 2179 3685
f 3496 2180 3684
f 1684 3846 3840
f 1760 464 3495
f 2607 3689 3693
f 2581 3676 3689
f 2371 2502 3700
f 2371 3695 3693
f 2587 3676 3675
f 2586 3675 3697
f 2497 3691 3687
f 2502 2503 3687
f 2494 3691 3690
f 3690 3688 2472
f 3688 3701 2468
f 3701 3703 2469
f 726 3908 3892
f 581 3567 3518
f 10 3511 3570
f 1837 3514 3510
f 741 3537 3523
f 1299 3524 3558
f 1851 3507 3504
f 3527 3565 1820
f 580 3518 3536
f 1758 1685 3522
f 1693 3557 3508
f 3504 3512 1867
f 1894 1826 3568
f 2126 1418 3813
f 3906 2126 3841
f 2113 3911 3867
f 2179 3713 3789
f 624 3903 3904
f 2192 3604 3788
f 2177 3541 3787
f 1364 3824 3833
f 3858 3855 1470
f 3135 1753 3775
f 2069 3812 3835
f 1351 3861 3853
f 2108 3882 3901
f 2089 2092 3736
f 3828 3834 1358
f 2001 3749 3783
f 2187 3783 3719
f 2130 3756 3752
f 2004 3752 3749
f 2014 3724 3779
f 2201 3779 3756
f 3167 3720 3759
f 3168 3724 3720
f 3159 3709 3764
f 3160 3764 3765
f 3730 3707 3158
f 3158 3707 3709
f 2200 3069 3730
f 3685 3789 3742
f 3722 3774 2197
f 3790 3736 2092
f 3774 3790 3721
f 3154 3706 3790
f 3155 3713 3706
f 2091 3719 3721
f 2196 3148 3750
f 2193 2196 3776
f 3604 2193 3781
f 2086 2192 3780
f 2087 2086 3778
f 2204 3742 3751
f 2205 3751 3750
f 3909 3886 574
f 2124 2087 3777
f 2208 2124 3760
f 3711 3785 3140
f 3785 3745 3138
f 3745 3744 3139
f 3771 3712 3136
f 3712 3711 3137
f 3775 3767 3131
f 3767 3782 3132
f 1813 3839 3838
f 1293 3854 3856
f 2184 2321 3748
f 2181 2184 3732
f 3765 3768 3079
f 3768 3734 3080
f 709 3873 3875
f 2774 2961 3737
f 3786 3769 2134
f 3809 3808 766
f 2968 3784 3766
f 2969 3759 3784
f 2958 3747 3737
f 2132 3747 3766
f 2321 2185 3771
f 3860 3848 1449
f 3905 3874 582
f 3886 3889 577
f 3847 3826 1818
f 705 3902 3887
f 3816 3912 3907
f 2111 3883 3911
f 3810 3829 1366
f 1812 3839 3822
f 675 3851 3852
f 3496 3705 3851
f 2110 3867 3868
f 2104 3896 3901
f 2109 3868 3899
f 3842 3831 703
f 1680 3811 3846
f 1639 1627 3819
f 623 3904 3906
f 2139 2140 3866
f 1808 1640 3844
f 3820 3821 1819
f 3872 3914 3900
f 1646 3832 3830
f 3889 3890 633
f 2139 3865 3875
f 2156 2155 3871
f 674 3852 3913
f 2117 3817 3812
f 1815 3822 3847
f 3855 3849 1444
f 697 3906 3912
f 866 842 3836
f 3864 3869 2136
f 3585 3731 3726
f 3583 3740 3731
f 3753 3746 3738
f 3740 3583 3581
f 1088 3738 3746
f 3739 3740 3743
f 2791 3492 3493
f 3492 2808 2807
f 2792 3493 3494
f 3493 2807 2806
f 3508 2909 3494
f 3516 3494 2806
f 2948 3503 3791
f 2105 3908 3896
f 3538 3802 3804
f 680 3878 3876
f 1891 1890 3910
f 2905 3799 3801
f 2900 3797 3799
f 2901 3797 3807
f 2734 2878 3806
f 2877 3807 3806
f 2820 3800 3794
f 2818 3796 3792
f 2823 3793 3792
f 2822 3793 3798
f 2819 2735 3800
f 2817 3796 3795
f 2809 3805 3795
f 2808 3805 3803
f 2805 3804 3803
f 1702 3921 3923
f 3922 3920 1797
f 3915 3916 1706
f 3918 3927 1692
f 1657 3898 3880
f 1890 1877 3895
f 3772 3770 1674
f 1689 1690 3772
f 3926 3802 3538
f 3516 3539 1689
f 3917 3923 1703
f 1598 3917 3928
f 3880 3884 1876
f 1691 1690 3925
f 3925 3926 1688
f 3934 3933 3937
f 3934 3938 3939
f 3932 3936 3937
f 3938 3942 3943
f 3937 3936 3940
f 3937 3941 3942
f 3942 3946 3947
f 3941 3940 3944
f 3942 3941 3945
f 3947 3946 3950
f 3944 3948 3949
f 3945 3949 3950
f 3950 3954 3955
f 3949 3948 3952
f 3950 3949 3953
f 3955 3954 3958
f 3953 3952 3956
f 3953 3957 3958
f 3959 3958 3962
f 3957 3956 3960
f 3958 3957 3961
f 3962 3966 3967
f 3960 3964 3965
f 3961 3965 3966
f 3966 3970 3971
f 3965 3964 3968
f 3966 3965 3969
f 3970 3974 3975
f 3968 3972 3973
f 3969 3973 3974
f 3974 3978 3979
f 3973 3972 3976
f 3974 3973 3977
f 3979 3978 3982
f 3976 3980 3981
f 3977 3981 3982
f 3982 3986 3987
f 3981 3980 3984
f 3982 3981 3985
f 3987 3986 3990
f 3984 3988 3989
f 3985 3989 3990
f 3991 3990 3994
f 3989 3988 3992
f 3990 3989 3993
f 3995 3994 3998
f 3992 3996 3997
f 3993 3997 3998
f 3998 4002 4003
f 3997 3996 4000
f 3998 3997 4001
f 4002 4006 4007
f 4000 4004 4005
f 4001 4005 4006
f 4006 4010 4011
f 4005 4004 4008
f 4006 4005 4009
f 4011 4010 4014
f 4008 4012 4013
f 4009 4013 4014
f 4014 4018 4019
f 4013 4012 4016
f 4014 4013 4017
f 4019 4018 4022
f 4016 4020 4021
f 4017 4021 4022
f 4023 4022 4026
f 4021 4020 4024
f 4022 4021 4025
f 4027 4026 4030
f 4024 4028 4029
f 4025 4029 4030
f 4031 4030 4034
f 4029 4028 4032
f 4030 4029 4033
f 4034 4038 4039
f 4032 4036 4037
f 4033 4037 4038
f 4038 4042 4043
f 4037 4036 4040
f 4038 4037 4041
f 4043 4042 4046
f 4040 4044 4045
f 4041 4045 4046
f 4046 4050 4051
f 4045 4044 4048
f 4046 4045 4049
f 4051 4050 4055
f 4048 4053 4054
f 4049 4054 4055
f 4056 4055 4059
f 4053 4057 4058
f 4055 4054 4058
f 4060 4059 3934
f 4058 4057 3932
f 4058 3933 3934
f 4069 4068 4081
f 4066 4079 4080
f 4065 4064 4077
f 4063 4062 4075
f 4071 4084 4085
f 4069 4082 4083
f 4067 4080 4081
f 4066 4065 4078
f 4063 4076 4077
f 4061 4074 4075
f 4072 4085 4086
f 4071 4070 4083
f 4076 4089 4090
f 4074 4087 4088
f 4086 4085 4098
f 4083 4096 4097
f 4082 4081 4094
f 4079 4092 4093
f 4078 4077 4090
f 4076 4075 4088
f 4085 4084 4097
f 4082 4095 4096
f 4080 4093 4094
f 4079 4078 4091
f 4089 4102 4103
f 4088 4087 4100
f 4098 4111 4112
f 4096 4109 4110
f 4095 4094 4107
f 4092 4105 4106
f 4090 4103 4104
f 4089 4088 4101
f 4097 4110 4111
f 4095 4108 4109
f 4094 4093 4106
f 4092 4091 4104
f 4103 4102 4115
f 4100 4113 4114
f 4112 4111 4124
f 4110 4109 4122
f 4107 4120 4121
f 4105 4118 4119
f 4103 4116 4117
f 4101 4114 4115
f 4110 4123 4124
f 4109 4108 4121
f 4107 4106 4119
f 4105 4104 4117
f 4115 4128 4129
f 4114 4113 4126
f 4124 4137 4138
f 4123 4122 4135
f 4120 4133 4134
f 4119 4118 4131
f 4117 4116 4129
f 4114 4127 4128
f 4124 4123 4136
f 4122 4121 4134
f 4119 4132 4133
f 4117 4130 4131
f 4129 4128 4141
f 4126 4139 4140
f 4138 4137 4150
f 4136 4135 4148
f 4133 4146 4147
f 4131 4144 4145
f 4130 4129 4142
f 4127 4140 4141
f 4137 4136 4149
f 4135 4134 4147
f 4132 4145 4146
f 4131 4130 4143
f 4142 4141 4154
f 4140 4139 4152
f 4150 4163 4164
f 4149 4148 4161
f 4146 4159 4160
f 4144 4157 4158
f 4142 4155 4156
f 4140 4153 4154
f 4149 4162 4163
f 4148 4147 4160
f 4146 4145 4158
f 4144 4143 4156
f 4155 4154 4167
f 4153 4152 4165
f 4163 4176 4177
f 4161 4174 4175
f 4159 4172 4173
f 4158 4157 4170
f 4155 4168 4169
f 4153 4166 4167
f 4163 4162 4175
f 4161 4160 4173
f 4159 4158 4171
f 4156 4169 4170
f 4167 4180 4181
f 4165 4178 4179
f 4176 4189 4190
f 4175 4174 4187
f 4173 4172 4185
f 4170 4183 4184
f 4169 4168 4181
f 4167 4166 4179
f 4175 4188 4189
f 4173 4186 4187
f 4171 4184 4185
f 4170 4169 4182
f 4180 4193 4194
f 4178 4191 4192
f 4190 4189 4202
f 4187 4200 4201
f 4186 4185 4198
f 4183 4196 4197
f 4182 4181 4194
f 4180 4179 4192
f 4189 4188 4201
f 4186 4199 4200
f 4184 4197 4198
f 4183 4182 4195
f 4193 4206 4207
f 4192 4191 4204
f 4202 4215 4216
f 4200 4213 4214
f 4199 4198 4211
f 4196 4209 4210
f 4194 4207 4208
f 4193 4192 4205
f 4201 4214 4215
f 4199 4212 4213
f 4198 4197 4210
f 4196 4195 4208
f 4207 4206 4219
f 4204 4217 4218
f 4216 4215 4228
f 4213 4226 4227
f 4211 4224 4225
f 4209 4222 4223
f 4207 4220 4221
f 4205 4218 4219
f 4214 4227 4228
f 4213 4212 4225
f 4211 4210 4223
f 4209 4208 4221
f 4219 4232 4233
f 4218 4217 4230
f 4228 4241 4242
f 4226 4239 4240
f 4225 4224 4237
f 4223 4222 4235
f 4221 4220 4233
f 4218 4231 4232
f 4228 4227 4240
f 4226 4225 4238
f 4223 4236 4237
f 4221 4234 4235
f 4233 4232 4245
f 4230 4243 4244
f 4242 4241 4254
f 4240 4239 4252
f 4237 4250 4251
f 4235 4248 4249
f 4234 4233 4246
f 4231 4244 4245
f 4241 4240 4253
f 4239 4238 4251
f 4236 4249 4250
f 4235 4234 4247
f 4246 4245 4258
f 4244 4243 4256
f 4254 4267 4268
f 4253 4252 4265
f 4250 4263 4264
f 4248 4261 4262
f 4246 4259 4260
f 4244 4257 4258
f 4253 4266 4267
f 4252 4251 4264
f 4250 4249 4262
f 4248 4247 4260
f 4259 4258 4271
f 4257 4256 4269
f 4267 4280 4281
f 4265 4278 4279
f 4263 4276 4277
f 4262 4261 4274
f 4259 4272 4273
f 4257 4270 4271
f 4266 4279 4280
f 4265 4264 4277
f 4263 4262 4275
f 4260 4273 4274
f 4271 4284 4285
f 4269 4282 4283
f 4281 4280 4293
f 4279 4278 4291
f 4277 4276 4289
f 4274 4287 4288
f 4273 4272 4285
f 4271 4270 4283
f 4280 4279 4292
f 4277 4290 4291
f 4275 4288 4289
f 4274 4273 4286
f 4284 4297 4298
f 4282 4295 4296
f 4294 4293 4306
f 4291 4304 4305
f 4290 4289 4302
f 4287 4300 4301
f 4286 4285 4298
f 4284 4283 4296
f 4293 4292 4305
f 4290 4303 4304
f 4288 4301 4302
f 4287 4286 4299
f 4297 4310 4311
f 4296 4295 4308
f 4306 4319 4320
f 4304 4317 4318
f 4303 4302 4315
f 4300 4313 4314
f 4298 4311 4312
f 4297 4296 4309
f 4305 4318 4319
f 4304 4303 4316
f 4302 4301 4314
f 4300 4299 4312
f 4310 4323 4324
f 4308 4321 4322
f 4320 4319 4332
f 4318 4317 4330
f 4316 4315 4328
f 4313 4326 4327
f 4311 4324 4325
f 4310 4309 4322
f 4318 4331 4332
f 4316 4329 4330
f 4315 4314 4327
f 4312 4325 4326
f 4323 4336 4337
f 4322 4321 4334
f 4332 4345 4346
f 4330 4343 4344
f 4329 4328 4341
f 4327 4326 4339
f 4325 4324 4337
f 4322 4335 4336
f 4332 4331 4344
f 4330 4329 4342
f 4327 4340 4341
f 4325 4338 4339
f 4337 4336 4350
f 4334 4348 4349
f 4346 4345 4359
f 4344 4343 4357
f 4341 4355 4356
f 4340 4339 4353
f 4338 4337 4351
f 4335 4349 4350
f 4345 4344 4358
f 4343 4342 4356
f 4340 4354 4355
f 4338 4352 4353
f 4351 4350 4363
f 4349 4348 4361
f 4359 4372 4373
f 4358 4357 4370
f 4355 4368 4369
f 4354 4353 4366
f 4351 4364 4365
f 4349 4362 4363
f 4358 4371 4372
f 4357 4356 4369
f 4355 4354 4367
f 4352 4365 4366
f 4364 4363 4376
f 4362 4361 4374
f 4373 4372 4385
f 4370 4383 4384
f 4368 4381 4382
f 4367 4366 4379
f 4364 4377 4378
f 4362 4375 4376
f 4372 4371 4384
f 4370 4369 4382
f 4368 4367 4380
f 4365 4378 4379
f 4376 4389 4390
f 4374 4387 4388
f 4385 4398 4399
f 4384 4383 4396
f 4382 4381 4394
f 4379 4392 4393
f 4378 4377 4390
f 4376 4375 4388
f 4384 4397 4398
f 4382 4395 4396
f 4380 4393 4394
f 4379 4378 4391
f 4389 4402 4403
f 4387 4400 4401
f 4399 4398 4411
f 4396 4409 4410
f 4395 4394 4407
f 4393 4392 4405
f 4391 4390 4403
f 4389 4388 4401
f 4398 4397 4410
f 4395 4408 4409
f 4393 4406 4407
f 4391 4404 4405
f 4402 4415 4416
f 4401 4400 4413
f 4411 4424 4425
f 4409 4422 4423
f 4408 4407 4420
f 4406 4405 4418
f 4403 4416 4417
f 4402 4401 4414
f 4410 4423 4424
f 4408 4421 4422
f 4407 4406 4419
f 4404 4417 4418
f 4416 4415 4428
f 4413 4426 4427
f 4425 4424 4437
f 4423 4422 4435
f 4421 4420 4433
f 4418 4431 4432
f 4416 4429 4430
f 4415 4414 4427
f 4423 4436 4437
f 4421 4434 4435
f 4420 4419 4432
f 4418 4417 4430
f 4428 4441 4442
f 4426 4439 4440
f 4437 4450 4451
f 4435 4448 4449
f 4434 4433 4446
f 4432 4431 4444
f 4430 4429 4442
f 4427 4440 4441
f 4437 4436 4449
f 4435 4434 4447
f 4432 4445 4446
f 4430 4443 4444
f 4442 4441 4454
f 4439 4452 4453
f 4451 4450 4463
f 4449 4448 4461
f 4446 4459 4460
f 4444 4457 4458
f 4443 4442 4455
f 4440 4453 4454
f 4450 4449 4462
f 4447 4460 4461
f 4445 4458 4459
f 4444 4443 4456
f 4455 4454 4467
f 4453 4452 4465
f 4463 4476 4477
f 4462 4461 4474
f 4459 4472 4473
f 4457 4470 4471
f 4455 4468 4469
f 4453 4466 4467
f 4462 4475 4476
f 4461 4460 4473
f 4459 4458 4471
f 4457 4456 4469
f 4468 4467 4063
f 4466 4465 4061
f 4477 4476 4072
f 4474 4070 4071
f 4472 4068 4069
f 4471 4470 4066
f 4468 4064 4065
f 4466 4062 4063
f 4476 4475 4071
f 4474 4473 4069
f 4472 4471 4067
f 4469 4065 4066
f 3935 4061 4465
f 4465 4452 4056
f 4452 4439 4051
f 4439 4426 4047
f 4047 4426 4413
f 4043 4413 4400
f 4039 4400 4387
f 4387 4374 4031
f 4031 4374 4361
f 4361 4348 4023
f 4348 4334 4019
f 4334 4321 4015
f 4015 4321 4308
f 4011 4308 4295
f 4007 4295 4282
f 4282 4269 3999
f 3999 4269 4256
f 4256 4243 3991
f 4243 4230 3987
f 4230 4217 3983
f 3983 4217 4204
f 3979 4204 4191
f 3975 4191 4178
f 4178 4165 3967
f 3967 4165 4152
f 4152 4139 3959
f 4139 4126 3955
f 4126 4113 3951
f 3951 4113 4100
f 3947 4100 4087
f 3943 4087 4074
f 4074 4061 3935
f 4480 4479 4483
f 4480 4484 4485
f 4479 4478 4482
f 4484 4488 4489
f 4482 4486 4487
f 4483 4487 4488
f 4488 4492 4493
f 4487 4486 4490
f 4488 4487 4491
f 4493 4492 4496
f 4490 4494 4495
f 4491 4495 4496
f 4496 4500 4501
f 4495 4494 4498
f 4496 4495 4499
f 4501 4500 4504
f 4498 4502 4503
f 4499 4503 4504
f 4505 4504 4508
f 4503 4502 4506
f 4504 4503 4507
f 4509 4508 4512
f 4506 4510 4511
f 4507 4511 4512
f 4513 4512 4516
f 4511 4510 4514
f 4512 4511 4515
f 4516 4520 4521
f 4514 4518 4519
f 4515 4519 4520
f 4520 4524 4525
f 4518 4522 4523
f 4520 4519 4523
f 4525 4524 4528
f 4522 4526 4527
f 4523 4527 4528
f 4528 4532 4533
f 4527 4526 4530
f 4528 4527 4531
f 4533 4532 4536
f 4530 4534 4535
f 4531 4535 4536
f 4537 4536 4540
f 4534 4538 4539
f 4536 4535 4539
f 4541 4540 4544
f 4539 4538 4542
f 4539 4543 4544
f 4544 4548 4549
f 4542 4546 4547
f 4544 4543 4547
f 4548 4552 4553
f 4547 4546 4550
f 4547 4551 4552
f 4552 4556 4557
f 4551 4550 4554
f 4552 4551 4555
f 4557 4556 4560
f 4554 4558 4559
f 4555 4559 4560
f 4560 4564 4565
f 4559 4558 4562
f 4560 4559 4563
f 4565 4564 4568
f 4562 4566 4567
f 4563 4567 4568
f 4569 4568 4572
f 4567 4566 4570
f 4568 4567 4571
f 4572 4576 4577
f 4570 4574 4575
f 4571 4575 4576
f 4576 4580 4581
f 4575 4574 4578
f 4576 4575 4579
f 4580 4584 4585
f 4578 4582 4583
f 4579 4583 4584
f 4584 4588 4589
f 4583 4582 4586
f 4584 4583 4587
f 4589 4588 4592
f 4586 4590 4591
f 4587 4591 4592
f 4592 4596 4597
f 4591 4590 4594
f 4592 4591 4595
f 4597 4596 4601
f 4594 4599 4600
f 4595 4600 4601
f 4602 4601 4605
f 4600 4599 4603
f 4601 4600 4604
f 4606 4605 4480
f 4603 4478 4479
f 4604 4479 4480
f 4615 4614 4627
f 4612 4625 4626
f 4611 4610 4623
f 4609 4608 4621
f 4618 4617 4630
f 4615 4628 4629
f 4613 4626 4627
f 4612 4611 4624
f 4609 4622 4623
f 4607 4620 4621
f 4619 4618 4631
f 4617 4616 4629
f 4622 4635 4636
f 4620 4633 4634
f 4632 4631 4644
f 4629 4642 4643
f 4628 4627 4640
f 4626 4625 4638
f 4624 4623 4636
f 4622 4621 4634
f 4631 4630 4643
f 4628 4641 4642
f 4626 4639 4640
f 4624 4637 4638
f 4635 4648 4649
f 4634 4633 4646
f 4644 4657 4658
f 4642 4655 4656
f 4641 4640 4653
f 4639 4638 4651
f 4636 4649 4650
f 4635 4634 4647
f 4643 4656 4657
f 4642 4641 4654
f 4640 4639 4652
f 4637 4650 4651
f 4648 4661 4662
f 4646 4659 4660
f 4658 4657 4670
f 4656 4655 4668
f 4653 4666 4667
f 4651 4664 4665
f 4649 4662 4663
f 4648 4647 4660
f 4656 4669 4670
f 4654 4667 4668
f 4653 4652 4665
f 4651 4650 4663
f 4661 4674 4675
f 4660 4659 4672
f 4670 4683 4684
f 4668 4681 4682
f 4667 4666 4679
f 4665 4664 4677
f 4663 4662 4675
f 4661 4660 4673
f 4670 4669 4682
f 4667 4680 4681
f 4665 4678 4679
f 4663 4676 4677
f 4675 4674 4687
f 4672 4685 4686
f 4684 4683 4696
f 4682 4681 4694
f 4679 4692 4693
f 4678 4677 4690
f 4676 4675 4688
f 4673 4686 4687
f 4683 4682 4695
f 4681 4680 4693
f 4678 4691 4692
f 4676 4689 4690
f 4688 4687 4700
f 4686 4685 4698
f 4696 4709 4710
f 4695 4694 4707
f 4692 4705 4706
f 4691 4690 4703
f 4688 4701 4702
f 4686 4699 4700
f 4695 4708 4709
f 4694 4693 4706
f 4692 4691 4704
f 4689 4702 4703
f 4701 4700 4713
f 4699 4698 4711
f 4710 4709 4722
f 4707 4720 4721
f 4705 4718 4719
f 4704 4703 4716
f 4701 4714 4715
f 4699 4712 4713
f 4709 4708 4721
f 4707 4706 4719
f 4705 4704 4717
f 4702 4715 4716
f 4713 4726 4727
f 4711 4724 4725
f 4723 4722 4735
f 4721 4720 4733
f 4719 4718 4731
f 4716 4729 4730
f 4715 4714 4727
f 4713 4712 4725
f 4721 4734 4735
f 4719 4732 4733
f 4717 4730 4731
f 4716 4715 4728
f 4726 4739 4740
f 4724 4737 4738
f 4736 4735 4748
f 4733 4746 4747
f 4732 4731 4744
f 4730 4729 4742
f 4728 4727 4740
f 4726 4725 4738
f 4735 4734 4747
f 4732 4745 4746
f 4730 4743 4744
f 4728 4741 4742
f 4739 4752 4753
f 4738 4737 4750
f 4748 4761 4762
f 4746 4759 4760
f 4745 4744 4757
f 4743 4742 4755
f 4740 4753 4754
f 4739 4738 4751
f 4747 4760 4761
f 4745 4758 4759
f 4744 4743 4756
f 4741 4754 4755
f 4753 4752 4765
f 4750 4763 4764
f 4762 4761 4774
f 4759 4772 4773
f 4758 4757 4770
f 4755 4768 4769
f 4753 4766 4767
f 4752 4751 4764
f 4760 4773 4774
f 4758 4771 4772
f 4757 4756 4769
f 4755 4754 4767
f 4765 4778 4779
f 4764 4763 4776
f 4774 4787 4788
f 4772 4785 4786
f 4771 4770 4783
f 4769 4768 4781
f 4767 4766 4779
f 4765 4764 4777
f 4774 4773 4786
f 4771 4784 4785
f 4769 4782 4783
f 4767 4780 4781
f 4779 4778 4791
f 4776 4789 4790
f 4788 4787 4800
f 4786 4785 4798
f 4783 4796 4797
f 4782 4781 4794
f 4780 4779 4792
f 4777 4790 4791
f 4787 4786 4799
f 4785 4784 4797
f 4782 4795 4796
f 4780 4793 4794
f 4792 4791 4804
f 4790 4789 4802
f 4800 4813 4814
f 4799 4798 4811
f 4796 4809 4810
f 4795 4794 4807
f 4792 4805 4806
f 4790 4803 4804
f 4799 4812 4813
f 4798 4797 4810
f 4796 4795 4808
f 4793 4806 4807
f 4805 4804 4817
f 4803 4802 4815
f 4814 4813 4826
f 4811 4824 4825
f 4809 4822 4823
f 4808 4807 4820
f 4805 4818 4819
f 4803 4816 4817
f 4813 4812 4825
f 4811 4810 4823
f 4809 4808 4821
f 4806 4819 4820
f 4817 4830 4831
f 4815 4828 4829
f 4826 4839 4840
f 4825 4824 4837
f 4823 4822 4835
f 4820 4833 4834
f 4819 4818 4831
f 4817 4816 4829
f 4825 4838 4839
f 4823 4836 4837
f 4821 4834 4835
f 4820 4819 4832
f 4830 4843 4844
f 4828 4841 4842
f 4840 4839 4852
f 4837 4850 4851
f 4836 4835 4848
f 4834 4833 4846
f 4832 4831 4844
f 4830 4829 4842
f 4839 4838 4851
f 4836 4849 4850
f 4834 4847 4848
f 4832 4845 4846
f 4843 4856 4857
f 4842 4841 4854
f 4852 4865 4866
f 4850 4863 4864
f 4849 4848 4861
f 4847 4846 4859
f 4844 4857 4858
f 4843 4842 4855
f 4851 4864 4865
f 4849 4862 4863
f 4848 4847 4860
f 4845 4858 4859
f 4857 4856 4869
f 4855 4854 4867
f 4866 4865 4878
f 4864 4863 4876
f 4862 4861 4874
f 4859 4872 4873
f 4857 4870 4871
f 4856 4855 4868
f 4864 4877 4878
f 4862 4875 4876
f 4861 4860 4873
f 4859 4858 4871
f 4869 4882 4883
f 4868 4867 4880
f 4878 4891 4892
f 4877 4876 4889
f 4874 4887 4888
f 4873 4872 4885
f 4871 4870 4883
f 4868 4881 4882
f 4878 4877 4890
f 4876 4875 4888
f 4873 4886 4887
f 4871 4884 4885
f 4883 4882 4896
f 4880 4894 4895
f 4892 4891 4905
f 4890 4889 4903
f 4887 4901 4902
f 4885 4899 4900
f 4884 4883 4897
f 4881 4895 4896
f 4891 4890 4904
f 4889 4888 4902
f 4886 4900 4901
f 4885 4884 4898
f 4897 4896 4909
f 4895 4894 4907
f 4905 4918 4919
f 4904 4903 4916
f 4901 4914 4915
f 4899 4912 4913
f 4897 4910 4911
f 4895 4908 4909
f 4904 4917 4918
f 4903 4902 4915
f 4901 4900 4913
f 4899 4898 4911
f 4910 4909 4922
f 4908 4907 4920
f 4919 4918 4931
f 4916 4929 4930
f 4914 4927 4928
f 4913 4912 4925
f 4910 4923 4924
f 4908 4921 4922
f 4918 4917 4930
f 4916 4915 4928
f 4914 4913 4926
f 4911 4924 4925
f 4922 4935 4936
f 4920 4933 4934
f 4931 4944 4945
f 4930 4929 4942
f 4928 4927 4940
f 4925 4938 4939
f 4924 4923 4936
f 4922 4921 4934
f 4930 4943 4944
f 4928 4941 4942
f 4926 4939 4940
f 4925 4924 4937
f 4935 4948 4949
f 4933 4946 4947
f 4945 4944 4957
f 4942 4955 4956
f 4941 4940 4953
f 4938 4951 4952
f 4937 4936 4949
f 4935 4934 4947
f 4944 4943 4956
f 4941 4954 4955
f 4939 4952 4953
f 4938 4937 4950
f 4948 4961 4962
f 4947 4946 4959
f 4957 4970 4971
f 4955 4968 4969
f 4954 4953 4966
f 4951 4964 4965
f 4949 4962 4963
f 4948 4947 4960
f 4956 4969 4970
f 4954 4967 4968
f 4953 4952 4965
f 4951 4950 4963
f 4962 4961 4974
f 4959 4972 4973
f 4971 4970 4983
f 4968 4981 4982
f 4966 4979 4980
f 4964 4977 4978
f 4962 4975 4976
f 4960 4973 4974
f 4969 4982 4983
f 4967 4980 4981
f 4966 4965 4978
f 4964 4963 4976
f 4975 4974 4987
f 4973 4972 4985
f 4983 4996 4997
f 4981 4994 4995
f 4979 4992 4993
f 4978 4977 4990
f 4976 4975 4988
f 4973 4986 4987
f 4983 4982 4995
f 4981 4980 4993
f 4978 4991 4992
f 4976 4989 4990
f 4988 4987 5000
f 4985 4998 4999
f 4997 4996 5009
f 4995 4994 5007
f 4992 5005 5006
f 4991 4990 5003
f 4989 4988 5001
f 4986 4999 5000
f 4996 4995 5008
f 4994 4993 5006
f 4991 5004 5005
f 4989 5002 5003
f 5001 5000 5013
f 4999 4998 5011
f 5009 5022 5023
f 5008 5007 5020
f 5005 5018 5019
f 5004 5003 5016
f 5001 5014 5015
f 4999 5012 5013
f 5008 5021 5022
f 5007 5006 5019
f 5005 5004 5017
f 5002 5015 5016
f 5014 5013 4609
f 5012 5011 4607
f 5022 4618 4619
f 5020 4616 4617
f 5018 4614 4615
f 5017 5016 4612
f 5014 4610 4611
f 5012 4608 4609
f 5021 4617 4618
f 5020 5019 4615
f 5018 5017 4613
f 5015 4611 4612
f 4481 4607 5011
f 5011 4998 4602
f 4998 4985 4597
f 4985 4972 4593
f 4593 4972 4959
f 4589 4959 4946
f 4585 4946 4933
f 4933 4920 4577
f 4577 4920 4907
f 4907 4894 4569
f 4894 4880 4565
f 4880 4867 4561
f 4561 4867 4854
f 4557 4854 4841
f 4553 4841 4828
f 4828 4815 4545
f 4545 4815 4802
f 4802 4789 4537
f 4789 4776 4533
f 4776 4763 4529
f 4529 4763 4750
f 4525 4750 4737
f 4521 4737 4724
f 4724 4711 4513
f 4513 4711 4698
f 4698 4685 4505
f 4685 4672 4501
f 4672 4659 4497
f 4497 4659 4646
f 4493 4646 4633
f 4489 4633 4620
f 4620 4607 4481
