v 0.063475 -0.005428 -0.078809
v 0.067027 -0.006144 -0.077353
v 0.067573 -0.004643 -0.077273
v 0.064161 -0.004404 -0.078716
v 0.074290 -0.007204 -0.086738
v 0.075194 -0.002847 -0.083053
v 0.074691 -0.000290 -0.082679
v 0.074395 -0.000894 -0.085527
v 0.026336 -0.053470 -0.133150
v 0.011602 -0.054065 -0.137278
v 0.011563 -0.064549 -0.132517
v 0.025233 -0.066426 -0.126619
v 0.044968 -0.085645 -0.103564
v 0.039546 -0.078744 -0.110362
v 0.037286 -0.091428 -0.111621
v 0.046525 -0.093255 -0.101695
v 0.039289 0.068856 -0.002311
v 0.046469 0.066381 -0.007828
v 0.045399 0.061306 -0.003124
v -0.063531 -0.006073 -0.081370
v -0.067118 -0.006786 -0.079888
v -0.067699 -0.005333 -0.079868
v -0.064062 -0.005019 -0.081363
v -0.074129 -0.007724 -0.089873
v -0.075316 -0.003420 -0.086105
v -0.074778 -0.000903 -0.085701
v -0.074335 -0.001456 -0.088631
v 0.038421 0.062775 0.001077
v 0.090713 0.012970 -0.099524
v 0.090837 0.010290 -0.100242
v 0.091486 0.008854 -0.098192
v 0.091168 0.011204 -0.097174
v 0.087011 -0.003945 -0.095998
v 0.087319 0.002812 -0.098236
v 0.088534 0.005135 -0.099178
v 0.088712 0.003117 -0.098090
v 0.086690 -0.013469 -0.091401
v 0.085356 -0.012742 -0.091355
v 0.086771 -0.008675 -0.093774
v 0.088402 -0.009194 -0.094173
v 0.073091 -0.028702 -0.064351
v 0.075770 -0.026333 -0.067366
v 0.075892 -0.029770 -0.068150
v 0.071418 -0.030958 -0.066113
v 0.068308 -0.029337 -0.067641
v 0.072658 -0.030868 -0.071794
v 0.072240 -0.027637 -0.073667
v 0.068636 -0.026860 -0.070532
v 0.086152 0.024309 -0.088884
v 0.086618 0.020846 -0.087334
v 0.085485 0.020148 -0.085079
v 0.084780 0.023591 -0.086329
v 0.071117 -0.007571 -0.093019
v 0.069428 -0.013588 -0.090363
v 0.075563 -0.009521 -0.093502
v 0.076114 -0.006860 -0.094086
v 0.085803 0.013696 -0.092419
v 0.085807 0.013730 -0.095501
v 0.086181 0.011507 -0.096398
v 0.085653 0.010716 -0.093966
v 0.087661 0.014334 -0.100792
v 0.087801 0.011304 -0.101567
v 0.071593 -0.019125 -0.065647
v 0.070786 -0.015557 -0.065540
v 0.071236 -0.014355 -0.067105
v 0.071396 -0.015741 -0.068492
v 0.073815 -0.006562 -0.083508
v 0.075256 -0.001577 -0.081847
v 0.083422 -0.023142 -0.084824
v 0.083060 -0.020942 -0.084245
v 0.085295 -0.017505 -0.087995
v 0.085498 -0.019239 -0.089159
v 0.079766 -0.018280 -0.082862
v 0.082110 -0.016090 -0.086526
v 0.083087 -0.015718 -0.088340
v 0.082216 -0.017506 -0.085980
v 0.087102 0.015868 -0.094188
v 0.085890 0.019070 -0.089895
v 0.087300 0.018260 -0.088492
v 0.088886 0.015372 -0.092109
v 0.078245 0.004501 -0.095501
v 0.076823 0.009697 -0.094428
v 0.075681 0.009078 -0.094361
v 0.076764 0.004556 -0.095396
v 0.087530 0.012338 -0.098059
v 0.087940 0.009956 -0.098886
v 0.086594 0.008973 -0.097385
v 0.077648 0.013247 -0.081128
v 0.079276 0.013934 -0.083248
v 0.079385 0.012204 -0.083837
v 0.079065 0.011199 -0.082874
v 0.075551 -0.031358 -0.071408
v 0.068313 -0.020757 -0.082359
v 0.070007 -0.020747 -0.084079
v 0.072716 -0.017247 -0.087641
v 0.071011 -0.016104 -0.088264
v 0.068485 -0.026145 -0.062719
v 0.071746 -0.026002 -0.063059
v 0.072291 -0.027423 -0.063787
v 0.069156 -0.028696 -0.063827
v 0.080191 0.017114 -0.084090
v 0.082215 0.016021 -0.085634
v 0.080500 0.015353 -0.085031
v 0.079253 0.016100 -0.083786
v 0.086153 0.001374 -0.096428
v 0.085835 0.007945 -0.095242
v 0.085273 -0.006547 -0.090193
v 0.085382 -0.006746 -0.092952
v 0.084900 -0.010442 -0.090732
v -0.028905 -0.053638 -0.133227
v -0.014233 -0.054102 -0.137301
v -0.014089 -0.064647 -0.132557
v -0.027659 -0.066671 -0.126690
v 0.084242 -0.010103 -0.088333
v 0.085548 0.001205 -0.091316
v 0.085684 0.000683 -0.094498
v 0.089263 0.008397 -0.096774
v 0.089306 0.002582 -0.096777
v 0.088709 0.008885 -0.097759
v 0.074871 0.013089 -0.092779
v 0.075310 0.015365 -0.097523
v 0.073856 0.009106 -0.098251
v 0.074784 0.010459 -0.094045
v 0.071955 -0.010512 -0.068022
v 0.073060 -0.008609 -0.069744
v 0.071405 -0.011028 -0.071171
v 0.070440 -0.013441 -0.070156
v 0.073569 -0.019209 -0.086073
v 0.070913 -0.021712 -0.083115
v 0.071561 -0.022307 -0.082330
v 0.074193 -0.020612 -0.084347
v 0.084243 0.016290 -0.087553
v 0.084429 0.011991 -0.088080
v 0.082949 0.012231 -0.086847
v 0.075775 -0.015963 -0.075942
v 0.076048 -0.015137 -0.078200
v 0.077469 -0.018052 -0.078811
v 0.077312 -0.019670 -0.076523
v 0.079790 -0.028500 -0.077772
v 0.077026 -0.028826 -0.078608
v 0.074842 -0.030144 -0.074880
v 0.077749 -0.030281 -0.074493
v 0.071168 -0.014472 -0.069390
v 0.071358 -0.012993 -0.067566
v 0.080376 0.004389 -0.097153
v 0.079339 0.010639 -0.095631
v 0.085444 0.009734 -0.091751
v 0.085619 0.007248 -0.092942
v 0.074437 0.000930 -0.075106
v 0.072784 0.000998 -0.076895
v 0.073095 0.000209 -0.076674
v 0.075155 -0.000444 -0.074635
v 0.074430 0.000846 -0.073602
v 0.074933 -0.000672 -0.073184
v 0.074228 -0.000549 -0.072401
v 0.073879 0.000294 -0.072389
v 0.072078 0.001077 -0.077396
v 0.072480 0.000875 -0.077097
v 0.072646 0.001360 -0.077225
v 0.076348 0.001353 -0.088277
v 0.075745 -0.006047 -0.088950
v 0.075216 -0.007364 -0.088713
v 0.076925 -0.001305 -0.087315
v 0.085929 -0.006044 -0.094604
v 0.082433 0.021060 -0.081765
v 0.081523 0.023811 -0.082287
v 0.083836 0.025630 -0.086568
v 0.070427 -0.013950 -0.080688
v 0.073806 -0.013337 -0.078430
v 0.073349 -0.013143 -0.076762
v 0.070932 -0.013763 -0.078915
v 0.072370 -0.007604 -0.074633
v 0.070017 -0.010575 -0.073982
v 0.073500 -0.008739 -0.072283
v 0.074566 0.006448 -0.074410
v 0.073977 0.002278 -0.076263
v 0.073998 0.001713 -0.074889
v 0.073990 0.002280 -0.073697
v 0.086835 -0.014456 -0.092644
v 0.088084 -0.009714 -0.095704
v 0.086412 -0.010068 -0.097141
v 0.085270 -0.015212 -0.094033
v 0.069901 -0.022113 -0.062534
v 0.065053 -0.024638 -0.065552
v 0.068784 -0.019004 -0.063343
v 0.089255 0.020120 -0.096026
v 0.087213 0.021838 -0.096708
v 0.087445 0.019531 -0.098451
v 0.089936 0.017918 -0.097584
v 0.074399 0.005951 -0.081984
v 0.073999 0.004049 -0.081474
v 0.074507 0.005381 -0.080340
v 0.074337 0.007552 -0.080794
v 0.050330 -0.036273 -0.119093
v 0.058432 -0.032543 -0.100528
v 0.062412 -0.020696 -0.111365
v 0.055315 -0.024056 -0.126978
v 0.080319 -0.025162 -0.077620
v 0.079655 -0.026813 -0.074701
v 0.076395 0.014036 -0.074709
v 0.075694 0.015833 -0.074322
v 0.076432 0.020841 -0.077240
v 0.077459 0.017780 -0.076511
v 0.088468 0.003690 -0.101777
v 0.090939 0.003178 -0.100420
v 0.079664 0.017591 -0.082626
v 0.081767 0.019582 -0.085874
v 0.080433 0.017738 -0.084448
v 0.079155 0.016808 -0.082737
v 0.079351 0.010135 -0.078230
v 0.080011 0.011384 -0.078464
v 0.078190 0.012246 -0.078832
v 0.077199 0.010940 -0.078779
v 0.075065 0.020857 -0.074631
v 0.076218 0.025106 -0.079100
v 0.066255 -0.020937 -0.081928
v 0.078578 0.012549 -0.076043
v 0.079292 0.015007 -0.076930
v 0.080598 0.013101 -0.078695
v -0.047008 -0.086259 -0.103627
v -0.041648 -0.079298 -0.110400
v -0.039449 -0.091924 -0.111637
v -0.048495 -0.093895 -0.101789
v 0.069830 -0.014310 -0.063841
v 0.070954 -0.013103 -0.065975
v 0.078774 0.016529 -0.082452
v 0.078093 0.015426 -0.082114
v 0.076818 0.011925 -0.079823
v 0.077598 0.010475 -0.081720
v 0.081301 0.002674 -0.087550
v 0.081863 -0.005568 -0.087588
v 0.065535 -0.017430 -0.097568
v 0.062172 -0.027290 -0.081153
v 0.077053 0.012636 -0.079196
v 0.077244 0.013144 -0.079470
v 0.076685 0.012413 -0.079106
v 0.076176 0.011501 -0.079331
v 0.078488 -0.028210 -0.071932
v 0.081404 0.009050 -0.086577
v 0.078663 0.007547 -0.084252
v 0.080248 0.009417 -0.084622
v 0.088798 -0.004866 -0.095046
v 0.090396 0.002344 -0.096555
v 0.091752 0.002254 -0.097965
v 0.090066 -0.005234 -0.096155
v 0.066490 -0.027711 -0.066565
v 0.073830 0.003050 -0.082638
v 0.074848 0.001881 -0.081720
v 0.076124 0.008891 -0.081759
v 0.075535 0.010547 -0.079527
v 0.071157 -0.010049 -0.066078
v 0.086647 0.016306 -0.095996
v 0.087229 0.014502 -0.097029
v 0.085729 0.015432 -0.094580
v 0.085595 0.016786 -0.093320
v 0.085103 0.019345 -0.092200
v 0.084473 0.020120 -0.091888
v 0.086136 0.018115 -0.094642
v 0.078366 0.009331 -0.082728
v 0.079584 0.010120 -0.083667
v 0.075906 -0.016808 -0.074076
v 0.076911 -0.022259 -0.072972
v 0.083650 -0.013479 -0.088111
v 0.082525 -0.012406 -0.085884
v 0.083872 -0.004632 -0.098842
v 0.083878 0.003924 -0.100364
v 0.082130 0.004134 -0.098511
v 0.082585 -0.004154 -0.097644
v 0.076291 -0.001411 -0.095075
v 0.072704 -0.000471 -0.095220
v 0.073560 0.001217 -0.072066
v 0.072996 0.005258 -0.070901
v 0.074851 0.008256 -0.080915
v 0.075036 0.010212 -0.079861
v 0.077428 -0.017378 -0.089064
v 0.073905 -0.022713 -0.080317
v 0.077778 -0.019099 -0.086804
v 0.069785 -0.022735 -0.078306
v 0.069591 -0.023263 -0.075845
v 0.072144 -0.023742 -0.077314
v 0.079547 -0.016239 -0.082446
v 0.081619 -0.015427 -0.085080
v 0.072671 0.000494 -0.077864
v 0.071610 -0.001468 -0.079193
v 0.070842 0.000486 -0.077686
v 0.084261 0.001745 -0.089240
v 0.084460 -0.005983 -0.088475
v 0.079642 0.013425 -0.079533
v 0.076684 0.004322 -0.077335
v 0.077444 0.007984 -0.076114
v 0.082488 0.016225 -0.080347
v 0.081294 0.014780 -0.080404
v 0.080597 0.013987 -0.079937
v 0.081424 0.014647 -0.079222
v 0.066127 -0.008443 -0.077956
v 0.068274 -0.009772 -0.075812
v 0.069972 -0.006728 -0.075749
v 0.084108 0.019818 -0.089260
v 0.084709 0.017887 -0.089897
v 0.081180 0.010871 -0.097086
v 0.079873 0.014003 -0.084140
v 0.079876 0.012435 -0.084958
v 0.078492 0.024280 -0.093936
v 0.078889 0.022480 -0.089751
v 0.078689 0.022985 -0.088433
v 0.078511 0.027474 -0.089838
v 0.068980 -0.025404 -0.072050
v 0.071647 -0.025696 -0.074721
v 0.071306 -0.024480 -0.075484
v 0.069419 -0.024133 -0.073678
v 0.072808 -0.013131 -0.076079
v 0.070932 -0.013755 -0.077876
v 0.084354 -0.012606 -0.091144
v 0.083895 -0.013307 -0.089962
v 0.085150 -0.009799 -0.092626
v 0.085262 -0.008546 -0.093821
v 0.075313 0.006000 -0.085324
v 0.074899 0.005220 -0.083967
v 0.077352 0.017469 -0.090020
v 0.079722 0.018970 -0.091506
v 0.079798 0.021581 -0.088891
v 0.077964 0.020107 -0.088730
v 0.082948 0.011178 -0.099086
v 0.079848 0.010964 -0.084725
v 0.080191 0.010956 -0.085613
v 0.079703 0.011479 -0.084212
v 0.076345 0.010014 -0.078900
v 0.078498 0.008854 -0.078716
v 0.082277 0.016273 -0.081701
v 0.084841 0.018849 -0.084845
v 0.084035 0.019192 -0.086151
v 0.081788 0.017103 -0.082044
v 0.077984 0.014587 -0.080290
v 0.012927 -0.043390 -0.145876
v 0.014716 -0.034749 -0.155037
v -0.038361 0.068468 -0.003105
v -0.045789 0.065986 -0.008425
v -0.044612 0.060889 -0.003951
v -0.037433 0.062437 -0.000007
v 0.080224 0.023693 -0.081936
v 0.080296 0.024374 -0.085543
v 0.081339 0.025145 -0.086132
v 0.080802 0.024317 -0.082563
v 0.085602 0.015763 -0.092692
v 0.088144 0.011501 -0.097177
v 0.075934 0.000180 -0.080253
v 0.073370 -0.002647 -0.080448
v 0.063911 -0.002946 -0.079509
v 0.064244 -0.001779 -0.079467
v 0.064901 -0.002322 -0.080416
v 0.064825 -0.003275 -0.080692
v 0.067959 -0.008533 -0.080512
v 0.070073 -0.009169 -0.079625
v 0.069139 -0.010297 -0.077864
v 0.067351 -0.009654 -0.079641
v 0.063421 -0.005629 -0.079488
v 0.063678 -0.004155 -0.079480
v 0.064434 -0.004908 -0.080847
v 0.064048 -0.006526 -0.081233
v 0.083446 0.020718 -0.087752
v 0.084958 0.020035 -0.089869
v 0.090058 0.010421 -0.095730
v 0.090311 0.008205 -0.096526
v 0.087656 0.015704 -0.095142
v 0.088019 0.013702 -0.096110
v 0.073244 -0.005950 -0.069986
v 0.074269 -0.006090 -0.071568
v 0.073953 -0.007657 -0.071312
v 0.091159 0.012954 -0.095951
v 0.090422 0.015386 -0.098464
v 0.072216 -0.022256 -0.064253
v 0.071232 -0.023606 -0.062829
v 0.045232 -0.089963 -0.034373
v 0.054527 -0.087314 -0.047895
v 0.053675 -0.097116 -0.045540
v 0.044602 -0.099796 -0.032631
v 0.081349 0.019523 -0.079972
v 0.079765 0.022243 -0.080708
v 0.063377 -0.007628 -0.079457
v 0.063360 -0.007791 -0.079516
v 0.065971 -0.009451 -0.078935
v 0.068047 -0.003236 -0.077491
v 0.064458 -0.003067 -0.078734
v 0.068691 -0.007096 -0.080580
v 0.068269 -0.001760 -0.079947
v 0.067950 -0.000345 -0.079007
v 0.068702 -0.012522 -0.074694
v 0.069580 -0.013855 -0.076308
v 0.071159 -0.013709 -0.073254
v 0.064408 -0.008606 -0.080971
v 0.076143 0.007824 -0.083805
v 0.071394 -0.006734 -0.080354
v 0.072356 -0.009228 -0.081975
v 0.071601 -0.010697 -0.080920
v 0.070723 -0.008384 -0.080108
v 0.078195 -0.018703 -0.080140
v 0.078070 -0.016976 -0.080566
v 0.070588 -0.013588 -0.082907
v 0.073751 -0.013725 -0.081221
v 0.076064 0.002865 -0.080777
v 0.077572 0.006140 -0.079096
v 0.073384 0.000458 -0.078398
v 0.071480 -0.004494 -0.079846
v 0.073050 -0.007207 -0.081690
v 0.068168 -0.002172 -0.077823
v 0.071336 -0.001566 -0.076558
v 0.071095 -0.000611 -0.077025
v 0.068140 -0.001302 -0.078215
v 0.081525 0.012340 -0.086199
v 0.078508 0.020611 -0.078611
v 0.080510 0.017335 -0.078297
v 0.078760 0.026420 -0.106427
v 0.076213 0.017608 -0.109468
v 0.077567 0.020567 -0.096895
v 0.069488 -0.005499 -0.080610
v 0.064520 -0.001302 -0.079617
v 0.065047 -0.001780 -0.079208
v 0.084118 -0.016341 -0.088194
v 0.071608 -0.014409 -0.072733
v 0.075302 0.008072 -0.078993
v 0.083111 -0.009356 -0.096845
v 0.082175 -0.014271 -0.093956
v 0.074988 0.009413 -0.079479
v 0.075200 0.010419 -0.079665
v 0.070401 -0.014009 -0.077250
v 0.072337 -0.013502 -0.074789
v 0.075544 0.010733 -0.079470
v 0.074452 -0.006785 -0.072875
v 0.085517 0.011337 -0.090764
v 0.075476 -0.026161 -0.079585
v 0.073612 -0.026993 -0.076425
v 0.064898 -0.002092 -0.078774
v 0.067949 -0.009969 -0.077232
v 0.068584 -0.003461 -0.080044
v 0.073438 -0.003434 -0.075339
v 0.073039 -0.005507 -0.074723
v 0.074634 -0.004526 -0.073078
v 0.074673 -0.013462 -0.082969
v 0.071270 -0.011913 -0.085227
v 0.072414 -0.011502 -0.087353
v 0.076556 -0.012652 -0.084418
v 0.080929 -0.018763 -0.090692
v 0.079213 -0.022521 -0.086672
v 0.081515 -0.024543 -0.086349
v 0.083881 -0.020329 -0.090482
v 0.079583 0.040414 -0.118481
v 0.079530 0.033252 -0.100863
v 0.080322 0.048896 -0.108550
v 0.082496 0.019497 -0.096267
v 0.082306 0.017030 -0.097263
v 0.087593 0.017070 -0.099723
v 0.078054 0.026548 -0.084242
v 0.078453 0.023294 -0.086980
v 0.080199 0.023584 -0.085199
v 0.087421 -0.005255 -0.099382
v 0.075642 0.010403 -0.073945
v 0.077767 0.010185 -0.075734
v 0.076328 -0.016288 -0.090220
v 0.077917 -0.013988 -0.081653
v 0.080337 -0.013558 -0.083458
v 0.088014 0.020469 -0.089629
v 0.085971 0.018899 -0.086746
v 0.010269 -0.095012 -0.002734
v 0.010028 -0.102842 -0.005699
v 0.007448 0.016086 0.027700
v 0.008429 0.015644 0.026553
v 0.006999 0.016935 0.025137
v 0.006664 0.017076 0.025710
v 0.007972 0.007626 0.029104
v 0.007265 0.008759 0.028136
v 0.008475 0.008524 0.027224
v 0.009508 0.007787 0.028293
v 0.005794 0.017127 0.025260
v 0.004738 0.015856 0.028291
v 0.005772 0.016139 0.028822
v 0.006138 0.017112 0.025553
v 0.088256 0.023340 -0.091074
v 0.011814 0.008333 0.028772
v 0.010632 0.009860 0.027821
v 0.010924 0.010666 0.029296
v 0.013118 0.009732 0.030109
v 0.004422 0.011202 0.036064
v 0.005490 0.013178 0.035592
v 0.004512 0.011636 0.033848
v 0.004483 0.009724 0.033835
v 0.007515 0.013394 0.034773
v 0.009434 0.013818 0.036590
v 0.011164 0.013321 0.034856
v 0.009011 0.012593 0.033329
v 0.004769 0.012163 0.029289
v 0.005735 0.010486 0.030812
v 0.004064 0.013537 0.032068
v 0.010507 0.012365 0.027483
v 0.010248 0.011238 0.026626
v 0.008479 0.014455 0.025735
v 0.008714 0.014758 0.025500
v 0.048338 -0.073351 -0.036994
v 0.055913 -0.074012 -0.051827
v 0.034508 0.026378 0.005041
v 0.033735 0.023797 0.006658
v 0.029569 0.025084 0.007130
v 0.030483 0.027303 0.005679
v 0.074969 -0.002393 -0.072597
v 0.074177 -0.001473 -0.071791
v 0.082298 0.014241 -0.098147
v 0.086484 0.016966 -0.094925
v 0.082825 0.021373 -0.094768
v 0.082321 0.023795 -0.090538
v 0.080870 0.022659 -0.089628
v 0.080976 0.020207 -0.093044
v 0.089846 0.017072 -0.093599
v 0.072662 -0.015803 -0.072288
v 0.083040 0.007914 -0.088266
v 0.081819 0.024726 -0.088241
v 0.084959 0.025794 -0.088891
v 0.087098 -0.004367 -0.095055
v 0.090425 0.015419 -0.095030
v 0.089244 0.014059 -0.093564
v 0.083495 0.017980 -0.081522
v 0.074757 -0.009187 -0.088931
v 0.080503 -0.008855 -0.086783
v 0.078684 -0.011340 -0.085586
v -0.090455 0.012344 -0.102355
v -0.090657 0.009658 -0.103079
v -0.091150 0.008243 -0.100913
v -0.090862 0.010569 -0.099980
v -0.086695 -0.004563 -0.098762
v -0.087029 0.002074 -0.101108
v -0.088128 0.004438 -0.102122
v -0.088551 0.002402 -0.100968
v 0.073986 -0.011041 -0.088329
v 0.074505 0.004170 -0.083457
v 0.070967 -0.009009 -0.064156
v 0.078302 -0.022509 -0.076413
v -0.086732 -0.013974 -0.093763
v -0.085461 -0.013389 -0.093870
v -0.086713 -0.009215 -0.096248
v -0.088425 -0.009694 -0.096488
v 0.079119 -0.021842 -0.078999
v 0.029121 -0.041769 -0.140468
v 0.032721 -0.032180 -0.149022
v 0.089479 -0.005366 -0.098002
v 0.083994 0.020604 -0.089168
v 0.074569 -0.016460 -0.073306
v 0.074946 -0.021134 -0.070087
v 0.073402 -0.020143 -0.068663
v 0.080038 0.011476 -0.085455
v 0.075513 -0.014861 -0.090413
v 0.075281 -0.012878 -0.092063
v 0.065080 -0.001658 -0.080255
v 0.078294 -0.020653 -0.086558
v 0.074865 -0.024289 -0.079879
v 0.058234 -0.073613 -0.066521
v 0.055062 -0.073577 -0.082930
v -0.073839 -0.028627 -0.066132
v -0.076261 -0.026375 -0.069234
v -0.076428 -0.029568 -0.069998
v -0.072078 -0.030640 -0.068106
v 0.055991 -0.084694 -0.078438
v 0.058217 -0.085733 -0.062767
v 0.071715 0.004156 -0.067683
v 0.072251 -0.003017 -0.068455
v 0.071849 -0.003912 -0.066665
v 0.024311 -0.086903 -0.010468
v 0.021195 -0.099735 -0.011942
v 0.070362 -0.007687 -0.060817
v 0.069686 -0.005966 -0.049282
v 0.071166 0.009399 -0.052810
v 0.070602 0.002100 -0.062021
v 0.059838 0.046678 -0.023006
v 0.061620 0.046426 -0.027591
v 0.062182 0.037181 -0.025567
v 0.060067 0.039097 -0.021998
v 0.020309 0.105328 -0.017924
v 0.010264 0.106850 -0.015905
v 0.010081 0.112556 -0.023260
v 0.020364 0.110778 -0.025508
v 0.034620 -0.024791 -0.154642
v 0.036509 -0.015342 -0.161190
v 0.016850 -0.019489 -0.167556
v 0.015711 -0.028054 -0.160691
v 0.020476 0.123371 -0.050969
v 0.010010 0.125420 -0.048631
v 0.010136 0.128498 -0.059515
v -0.069116 -0.029485 -0.069390
v -0.072884 -0.030793 -0.073742
v -0.072426 -0.027841 -0.075622
v -0.069401 -0.027269 -0.072256
v 0.020780 0.126277 -0.061478
v 0.053145 0.022240 -0.003922
v 0.055244 0.016648 -0.002319
v 0.051492 0.016902 0.001359
v 0.049857 0.022415 -0.000909
v 0.074892 -0.024928 -0.066470
v 0.073789 -0.023631 -0.065526
v -0.085848 0.023566 -0.091270
v -0.086231 0.020100 -0.089883
v -0.085004 0.019405 -0.087679
v -0.084381 0.022878 -0.088664
v -0.072913 -0.008674 -0.095049
v -0.071343 -0.014843 -0.092204
v -0.077211 -0.010647 -0.095600
v -0.077546 -0.007875 -0.096443
v 0.010319 0.130535 -0.071953
v 0.021218 0.128242 -0.073485
v 0.011836 0.034928 0.010172
v -0.084422 0.012975 -0.095725
v -0.084873 0.012983 -0.098676
v -0.085447 0.010776 -0.099454
v -0.084710 0.009968 -0.097007
v -0.087451 0.013653 -0.103594
v -0.087630 0.010637 -0.104463
v -0.072544 -0.019728 -0.067145
v -0.071566 -0.016237 -0.067087
v -0.071882 -0.014982 -0.068853
v -0.072349 -0.016260 -0.070152
v -0.073669 -0.007104 -0.086574
v -0.075251 -0.002174 -0.084866
v -0.083209 -0.023193 -0.087019
v -0.083164 -0.021208 -0.086446
v -0.085338 -0.017873 -0.090259
v -0.085323 -0.019492 -0.091438
v 0.012190 0.036179 0.007092
v 0.015894 0.032493 0.006683
v 0.015510 0.031036 0.009224
v 0.008164 0.082485 0.001272
v 0.009088 0.089472 -0.002984
v 0.018071 0.089091 -0.004310
v 0.016665 0.082312 0.000398
v 0.020595 0.029862 0.006246
v 0.019715 0.028257 0.008145
v 0.010017 0.117506 -0.031108
v 0.020431 0.115653 -0.033566
v 0.020651 0.124657 -0.124026
v -0.080095 -0.018778 -0.085178
v -0.082390 -0.016633 -0.088938
v -0.083292 -0.016298 -0.090789
v -0.082494 -0.018069 -0.088392
v 0.021113 0.126484 -0.115746
v 0.009937 0.128983 -0.116654
v -0.086262 0.015193 -0.097244
v -0.085037 0.018373 -0.092945
v -0.086548 0.017558 -0.091392
v -0.088101 0.014721 -0.095080
v 0.011022 0.125721 -0.128831
v 0.067875 -0.004228 -0.122447
v 0.070776 -0.002590 -0.106487
v 0.073845 0.008834 -0.110329
v 0.072147 0.011401 -0.128246
v 0.035040 -0.082221 -0.021609
v 0.032846 -0.095108 -0.022306
v -0.079023 0.003631 -0.097906
v -0.077395 0.008875 -0.096643
v -0.076718 0.008238 -0.096440
v -0.077985 0.003679 -0.097778
v -0.086934 0.011630 -0.101091
v -0.087433 0.009254 -0.101876
v -0.085955 0.008251 -0.100366
v -0.077148 0.012372 -0.084242
v -0.078939 0.012952 -0.086393
v -0.078804 0.011338 -0.087011
v -0.078642 0.010283 -0.086022
v -0.075840 -0.031104 -0.073410
v -0.069941 -0.021959 -0.084094
v -0.071446 -0.021866 -0.085930
v -0.074124 -0.018376 -0.089612
v -0.072716 -0.017343 -0.090128
v 0.053301 0.069686 -0.020337
v 0.055213 0.073808 -0.025603
v 0.058497 0.066273 -0.027846
v 0.056390 0.063181 -0.022388
v 0.006636 0.070936 0.006975
v 0.014153 0.070824 0.006769
v 0.012295 0.064834 0.008180
v 0.005963 0.064859 0.008601
v -0.069364 -0.026537 -0.064180
v -0.072570 -0.026279 -0.064592
v -0.073082 -0.027537 -0.065492
v -0.069991 -0.028693 -0.065652
v 0.060086 0.031875 -0.019811
v 0.062563 0.028585 -0.022016
v 0.061692 0.021670 -0.015386
v 0.058788 0.025738 -0.014240
v 0.055643 0.022700 -0.007289
v -0.079622 0.016162 -0.087313
v -0.081332 0.015173 -0.088996
v -0.079766 0.014493 -0.088312
v -0.078784 0.015149 -0.086972
v 0.058084 0.017264 -0.006210
v -0.085880 0.000655 -0.099179
v -0.085098 0.007241 -0.098166
v 0.019460 0.097451 -0.009971
v 0.009768 0.098370 -0.008534
v 0.060582 0.056637 -0.028755
v 0.058567 0.055160 -0.023344
v 0.009221 0.038727 0.011769
v 0.009877 0.039455 0.008059
v 0.007802 0.044305 0.009352
v -0.085290 -0.007115 -0.092647
v -0.085161 -0.007352 -0.095514
v -0.084860 -0.010992 -0.093202
v -0.084389 -0.010582 -0.090666
v 0.004373 0.045286 0.015078
v 0.004588 0.048863 0.012679
v 0.007507 0.048006 0.009306
v 0.034148 0.080523 -0.006542
v 0.035705 0.086566 -0.011518
v 0.043152 0.084184 -0.016648
v 0.041607 0.078566 -0.011581
v 0.020432 0.119754 -0.041849
v -0.085338 0.000529 -0.093902
v -0.085389 -0.000021 -0.097149
v 0.009969 0.121685 -0.039390
v 0.005105 0.057504 0.009860
v 0.009396 0.057301 0.008001
v 0.008399 0.053658 0.008014
v -0.088908 0.007760 -0.099676
v -0.089215 0.001934 -0.099543
v -0.088305 0.008227 -0.100703
v -0.075668 0.012261 -0.094373
v -0.076086 0.014597 -0.098729
v -0.075379 0.008373 -0.099702
v -0.075912 0.009672 -0.095712
v 0.005025 0.054324 0.010494
v 0.024557 0.026400 0.007600
v 0.025410 0.028343 0.006112
v 0.065429 -0.025054 -0.071985
v 0.067134 -0.026145 -0.070373
v 0.073542 0.022316 -0.068684
v 0.071651 0.012276 -0.064848
v 0.072096 0.022062 -0.056487
v 0.072849 0.034392 -0.061450
v 0.075171 0.045606 -0.067491
v 0.075819 0.052611 -0.074398
v 0.077081 0.035319 -0.077959
v 0.075703 0.030688 -0.072941
v 0.051565 -0.084601 -0.092250
v 0.048881 -0.075041 -0.097635
v 0.004596 0.042859 0.018474
v 0.004618 0.040470 0.021683
v 0.019351 0.019608 -0.186672
v -0.072070 -0.011189 -0.070180
v -0.073162 -0.009324 -0.072072
v -0.071557 -0.011668 -0.073411
v -0.070951 -0.014110 -0.072198
v 0.018683 0.006675 -0.182211
v 0.039068 0.012257 -0.174695
v 0.039471 0.024659 -0.178588
v 0.064626 -0.013893 -0.116599
v -0.074787 -0.020199 -0.088013
v -0.072117 -0.022703 -0.084973
v -0.072605 -0.023217 -0.084208
v -0.075192 -0.021516 -0.086331
v 0.068036 -0.010580 -0.102209
v 0.009588 0.013529 0.028988
v 0.006779 0.016942 0.024427
v 0.007460 0.014253 0.026169
v 0.006860 0.016933 0.024509
v 0.010269 0.011687 0.031459
v 0.012833 0.012090 0.032670
v 0.007812 0.010075 0.026346
v 0.006854 0.010224 0.026757
v 0.006827 0.014519 0.026327
v 0.007075 0.016992 0.024528
v 0.001878 0.010273 0.038591
v 0.002530 0.012384 0.041141
v 0.006201 0.013473 0.039717
v 0.004617 0.011491 0.038063
v 0.005989 0.017194 0.025265
v 0.005082 0.015011 0.027303
v 0.004859 0.014575 0.033189
v 0.006577 0.016244 0.028546
v 0.006395 0.017131 0.025670
v 0.006739 0.014704 0.032251
v 0.005689 0.008620 0.031614
v 0.008192 0.014274 0.030778
v -0.082816 0.015539 -0.091043
v -0.083372 0.011207 -0.091345
v -0.082046 0.011424 -0.090128
v -0.076495 -0.016422 -0.078049
v -0.076875 -0.015602 -0.080322
v -0.077952 -0.018479 -0.080999
v -0.077695 -0.020033 -0.078680
v 0.076526 -0.014583 -0.080094
v 0.056822 -0.055178 -0.050512
v 0.059789 -0.042148 -0.061142
v 0.059431 -0.044123 -0.066524
v -0.079553 -0.028323 -0.079877
v -0.077083 -0.029068 -0.080767
v -0.075166 -0.030324 -0.076909
v -0.077768 -0.030084 -0.076570
v -0.072045 -0.015067 -0.071235
v -0.071752 -0.013656 -0.069488
v -0.080759 0.003550 -0.099793
v -0.079905 0.009776 -0.098119
v 0.057809 -0.058697 -0.059249
v 0.081496 0.010759 -0.086523
v 0.066901 0.069632 -0.047188
v 0.067762 0.078635 -0.058912
v 0.073043 0.065451 -0.068105
v -0.084381 0.008979 -0.094771
v -0.084809 0.006539 -0.095780
v 0.073084 0.056513 -0.060865
v 0.068290 0.086656 -0.068910
v 0.073507 0.074406 -0.077450
v 0.076622 0.060948 -0.084484
v 0.078783 0.038176 -0.093398
v 0.042673 0.037330 -0.002296
v 0.042823 0.037201 -0.002167
v 0.041244 0.037188 -0.000836
v -0.074543 0.000157 -0.077829
v -0.072882 0.000233 -0.079687
v -0.073198 -0.000544 -0.079414
v -0.075274 -0.001213 -0.077280
v 0.041300 0.037272 -0.000990
v 0.042251 0.037441 -0.002904
v 0.040713 0.037234 -0.001760
v -0.074569 0.000024 -0.076231
v -0.075092 -0.001477 -0.075772
v -0.074411 -0.001369 -0.074945
v -0.074060 -0.000541 -0.074941
v 0.043228 0.037566 -0.003907
v 0.043697 0.037390 -0.003387
v 0.043919 0.037196 -0.003269
v 0.024929 0.039007 0.000871
v 0.025702 0.039257 0.000309
v 0.028363 0.038306 0.000675
v 0.027618 0.038469 0.001663
v 0.024679 0.038845 0.001288
v 0.027550 0.038267 0.002076
v -0.072170 0.000364 -0.080262
v -0.072573 0.000133 -0.079916
v -0.072740 0.000623 -0.080078
v -0.075929 0.000805 -0.092023
v -0.075962 -0.006736 -0.092197
v -0.075185 -0.007977 -0.091848
v -0.076455 -0.001924 -0.090710
v 0.028879 0.039893 -0.005593
v 0.028346 0.040164 -0.005764
v -0.085625 -0.006646 -0.097269
v 0.029715 0.039555 -0.005394
v 0.023132 0.040382 -0.001723
v 0.023141 0.041636 -0.002001
v -0.082265 0.020256 -0.084054
v -0.081451 0.022989 -0.084321
v -0.083745 0.024814 -0.088678
v 0.028047 0.041109 -0.005978
v 0.028040 0.040366 -0.005890
v 0.023459 0.040074 -0.001401
v -0.070889 -0.014671 -0.083085
v -0.074551 -0.013893 -0.080651
v -0.073869 -0.013602 -0.078950
v -0.071526 -0.014403 -0.081209
v -0.072511 -0.008287 -0.077062
v -0.070183 -0.011231 -0.076305
v -0.073653 -0.009426 -0.074649
v -0.074486 0.005667 -0.077160
v -0.073916 0.001585 -0.079089
v -0.074113 0.000902 -0.077598
v -0.074131 0.001437 -0.076337
v -0.086761 -0.014903 -0.095016
v -0.088025 -0.010233 -0.098124
v -0.086475 -0.010757 -0.099793
v -0.085325 -0.015840 -0.096574
v 0.021787 0.039743 -0.001309
v 0.020794 0.039924 -0.001839
v -0.070723 -0.022676 -0.063896
v -0.065970 -0.025357 -0.066803
v -0.069851 -0.019790 -0.064561
v -0.089003 0.019408 -0.098594
v -0.086998 0.021064 -0.099151
v -0.087250 0.018781 -0.101007
v -0.089693 0.017239 -0.100266
v -0.074329 0.005168 -0.085071
v -0.073899 0.003329 -0.084561
v -0.074342 0.004594 -0.083393
v -0.074284 0.006696 -0.083825
v 0.020816 0.041637 -0.001976
v 0.032809 0.037252 0.002280
v 0.032998 0.036515 0.002466
v 0.028212 0.036924 0.002634
v 0.027826 0.037748 0.002386
v 0.032628 0.037656 0.002064
v 0.036101 0.037525 0.001137
v 0.036161 0.037115 0.001329
v 0.036269 0.036369 0.001462
v -0.052561 -0.036798 -0.119523
v -0.060372 -0.033318 -0.101159
v -0.064457 -0.021438 -0.112222
v -0.057469 -0.024624 -0.127592
v -0.080394 -0.025222 -0.079760
v -0.079752 -0.026768 -0.076792
v -0.076363 0.013158 -0.077209
v -0.075687 0.014987 -0.076254
v -0.076343 0.020061 -0.078886
v -0.077263 0.017070 -0.078566
v 0.024851 0.037809 0.002209
v 0.024761 0.038585 0.001737
v 0.036290 0.035709 0.001589
v 0.033223 0.035848 0.002531
v -0.088341 0.003036 -0.104762
v -0.090679 0.002600 -0.103195
v 0.028407 0.036265 0.002740
v 0.024822 0.037400 0.002380
v 0.021986 0.038502 0.001454
v 0.023161 0.038703 0.001486
v 0.033275 0.035053 0.002536
v 0.033211 0.034233 0.002620
v 0.028308 0.034705 0.003048
v 0.028419 0.035501 0.002856
v -0.079067 0.016614 -0.085841
v -0.080681 0.018742 -0.089227
v -0.079519 0.016866 -0.087778
v -0.078590 0.015854 -0.085935
v -0.079030 0.009291 -0.081259
v -0.079592 0.010534 -0.081514
v -0.077759 0.011350 -0.081895
v -0.076864 0.010040 -0.081826
v 0.036335 0.034900 0.001474
v 0.036312 0.034028 0.001538
v -0.075034 0.019905 -0.076098
v -0.076028 0.024153 -0.080329
v 0.045085 0.036904 -0.004980
v 0.045633 0.037198 -0.005959
v 0.045584 0.036670 -0.005786
v -0.067879 -0.022102 -0.083408
v 0.045217 0.036367 -0.005241
v 0.047819 0.033638 -0.008107
v 0.048857 0.034838 -0.009142
v 0.050426 0.033983 -0.010564
v -0.078225 0.011688 -0.079013
v -0.078957 0.014166 -0.079662
v -0.080094 0.012279 -0.081681
v -0.070479 -0.015126 -0.065317
v -0.071341 -0.013835 -0.067740
v -0.078290 0.015556 -0.085637
v -0.077702 0.014464 -0.085254
v -0.076416 0.011020 -0.082895
v -0.077295 0.009528 -0.084796
v 0.049236 0.032708 -0.009017
v -0.081150 0.002015 -0.090475
v -0.081872 -0.006102 -0.090256
v 0.057536 0.023681 -0.010891
v 0.051610 0.029844 -0.009069
v 0.053022 0.030894 -0.011420
v 0.044552 0.036874 -0.004158
v 0.043894 0.036806 -0.003195
v 0.044531 0.037189 -0.004204
v 0.045029 0.037311 -0.005181
v 0.044686 0.036172 -0.004356
v 0.043960 0.036134 -0.003276
v 0.042855 0.036873 -0.002111
v 0.042883 0.036151 -0.002075
v 0.041243 0.036146 -0.000692
v 0.041174 0.036886 -0.000766
v 0.039053 0.036975 0.000333
v -0.067421 -0.018456 -0.098793
v -0.063592 -0.028313 -0.081956
v 0.039382 0.037333 0.000107
v 0.039134 0.036199 0.000412
v 0.041364 0.035455 -0.000799
v 0.039246 0.035530 0.000443
v 0.042916 0.035416 -0.002312
v 0.044052 0.035494 -0.003603
v 0.044833 0.035628 -0.004777
v 0.045530 0.035843 -0.005661
v 0.046024 0.036356 -0.006342
v 0.045163 0.034981 -0.005299
v 0.045803 0.034117 -0.005990
v 0.044542 0.033908 -0.004520
v 0.044243 0.034819 -0.004000
v 0.046060 0.035289 -0.006313
v 0.046868 0.034502 -0.007190
v -0.076595 0.011710 -0.082276
v -0.076748 0.012222 -0.082570
v -0.076299 0.011498 -0.082142
v -0.075822 0.010559 -0.082387
v 0.043130 0.034744 -0.002650
v 0.043195 0.033919 -0.002976
v 0.041372 0.033876 -0.001304
v 0.041414 0.034720 -0.001005
v -0.078772 -0.028111 -0.073930
v -0.080739 0.008349 -0.089608
v -0.078490 0.006692 -0.087231
v -0.079868 0.008584 -0.087655
v 0.039304 0.034796 0.000286
v 0.039374 0.033862 0.000090
v -0.088518 -0.005322 -0.097545
v -0.090350 0.001770 -0.099121
v -0.091628 0.001687 -0.100509
v -0.089739 -0.005647 -0.098609
v 0.032580 0.037652 0.001870
v 0.032254 0.037653 0.000715
v 0.035734 0.037325 0.000174
v 0.036173 0.037471 0.000917
v 0.039451 0.037314 -0.000019
v -0.067399 -0.028064 -0.068137
v -0.073684 0.002382 -0.085737
v -0.074834 0.001210 -0.084794
v 0.038708 0.037260 -0.000692
v 0.035584 0.037129 -0.000952
v 0.033913 0.038632 -0.005483
v 0.035261 0.038570 -0.005850
v 0.038318 0.037019 -0.001709
v -0.075977 0.007856 -0.084756
v -0.075261 0.009610 -0.082523
v 0.032449 0.037521 -0.000503
v 0.032394 0.038833 -0.005253
v 0.029151 0.038308 -0.000551
v -0.071476 -0.010863 -0.068042
v 0.030896 0.039179 -0.005259
v 0.026452 0.039137 -0.000454
v 0.034227 0.050491 -0.000513
v 0.034173 0.050770 -0.000152
v 0.039465 0.049906 -0.001061
v 0.038991 0.049517 -0.001274
v 0.049378 -0.010013 -0.151497
v 0.050959 0.003549 -0.159831
v 0.038427 -0.002785 -0.168544
v 0.041665 0.046908 -0.001711
v 0.041634 0.047851 -0.002110
v 0.044079 0.046265 -0.003604
v 0.043931 0.045335 -0.003336
v 0.041669 0.045895 -0.001213
v -0.085771 0.015579 -0.099146
v -0.086498 0.013780 -0.100117
v -0.084711 0.014677 -0.097794
v -0.084561 0.016026 -0.096546
v -0.084076 0.018607 -0.095338
v -0.083522 0.019388 -0.095068
v -0.085168 0.017377 -0.097845
v -0.078108 0.008403 -0.085772
v -0.079156 0.009252 -0.086764
v 0.043733 0.044229 -0.002933
v 0.038919 0.047514 0.000438
v -0.076679 -0.017221 -0.076123
v -0.077236 -0.022489 -0.075059
v -0.083838 -0.013976 -0.090489
v -0.083079 -0.012928 -0.088078
v -0.083894 -0.005338 -0.101533
v -0.084098 0.003140 -0.103088
v -0.082479 0.003303 -0.101177
v -0.082755 -0.004910 -0.100281
v 0.038948 0.048625 -0.000118
v 0.038866 0.049347 -0.000769
v 0.042649 0.041954 -0.006659
v 0.041900 0.042978 -0.006138
v -0.077579 -0.002328 -0.097540
v -0.074428 -0.001366 -0.097431
v -0.073792 0.000354 -0.074539
v -0.073202 0.004389 -0.073193
v -0.074771 0.007339 -0.083922
v -0.074904 0.009257 -0.082845
v -0.078434 -0.018325 -0.091174
v -0.074710 -0.023542 -0.082362
v -0.078564 -0.020014 -0.089009
v -0.070832 -0.023646 -0.080103
v -0.070549 -0.024079 -0.077619
v -0.072916 -0.024505 -0.079261
v 0.042565 0.043056 -0.004711
v 0.043581 0.042064 -0.005806
v 0.043348 0.041197 -0.007126
v 0.044251 0.041211 -0.006561
v 0.038057 0.040776 -0.008607
v 0.037692 0.041166 -0.008370
v 0.037162 0.041669 -0.008026
v -0.080086 -0.016708 -0.084614
v -0.081974 -0.015899 -0.087364
v 0.038272 0.040417 -0.008726
v -0.072775 -0.000201 -0.080775
v -0.071513 -0.002046 -0.082211
v -0.070939 -0.000209 -0.080553
v -0.083939 0.001124 -0.091902
v -0.084451 -0.006532 -0.090967
v -0.079134 0.012564 -0.082597
v 0.038377 0.040048 -0.008737
v -0.076572 0.003602 -0.080334
v -0.077229 0.007204 -0.079132
v -0.082120 0.015398 -0.083141
v -0.080849 0.013911 -0.083386
v -0.080021 0.013165 -0.082962
v -0.080862 0.013862 -0.082124
v -0.066227 -0.009049 -0.080431
v -0.068407 -0.010389 -0.078271
v -0.070088 -0.007379 -0.078274
v 0.038379 0.039671 -0.008650
v 0.038268 0.039380 -0.008425
v 0.060103 0.008762 -0.006830
v 0.060148 0.018711 -0.010548
v -0.082974 0.019071 -0.092547
v -0.083483 0.017139 -0.093205
v -0.081251 0.010087 -0.099793
v 0.062416 0.010488 -0.011833
v 0.044279 0.037455 -0.004396
v -0.079488 0.013039 -0.087312
v -0.079240 0.011599 -0.088152
v 0.044815 0.037647 -0.005356
v -0.078230 0.023410 -0.094491
v -0.078638 0.021574 -0.090674
v -0.078372 0.022092 -0.089571
v -0.078100 0.026558 -0.090553
v 0.043792 0.037664 -0.004798
v -0.069758 -0.025978 -0.073791
v -0.072323 -0.026292 -0.076614
v -0.072080 -0.025187 -0.077363
v -0.070236 -0.024811 -0.075439
v -0.073292 -0.013620 -0.078266
v -0.071577 -0.014375 -0.080107
v 0.044288 0.037907 -0.005630
v -0.084546 -0.013261 -0.093653
v -0.084087 -0.013905 -0.092416
v -0.085091 -0.010394 -0.095166
v -0.085292 -0.009197 -0.096392
v 0.045377 0.038046 -0.006327
v 0.045718 0.037750 -0.006339
v 0.041615 0.037400 -0.003628
v 0.037118 0.038707 -0.006788
v 0.037628 0.038801 -0.007264
v -0.075064 0.005151 -0.088548
v -0.074679 0.004477 -0.087208
v -0.077451 0.016609 -0.091780
v -0.079509 0.018186 -0.093448
v -0.079460 0.020831 -0.090701
v -0.077909 0.019246 -0.090329
v -0.082920 0.010433 -0.101850
v 0.042415 0.037695 -0.004596
v 0.040143 0.037174 -0.002658
v 0.036298 0.038617 -0.006301
v 0.037873 0.038982 -0.007662
v 0.038108 0.039126 -0.008085
v -0.079376 0.010132 -0.087810
v -0.079702 0.010147 -0.088670
v 0.042750 0.037917 -0.005344
v -0.079171 0.010629 -0.087349
v 0.043239 0.038214 -0.006156
v 0.044662 0.038443 -0.006343
v -0.076111 0.009119 -0.081934
v -0.078264 0.008032 -0.081751
v -0.081696 0.015456 -0.084710
v -0.084016 0.018185 -0.087832
v -0.083154 0.018427 -0.089280
v -0.081177 0.016225 -0.085144
v 0.043742 0.039179 -0.007264
v 0.043803 0.039809 -0.007388
v 0.044803 0.038967 -0.006707
v -0.077495 0.013679 -0.083408
v 0.044883 0.039667 -0.006946
v 0.043573 0.038693 -0.006873
v -0.015498 -0.043463 -0.145930
v -0.017202 -0.034835 -0.155117
v 0.043670 0.040490 -0.007364
v 0.044708 0.040339 -0.006831
v 0.045942 0.037249 -0.006407
v 0.046028 0.038135 -0.006790
v 0.046477 0.039107 -0.007611
v 0.046403 0.037207 -0.006947
v -0.080167 0.022851 -0.083751
v -0.080152 0.023538 -0.087351
v -0.081194 0.024309 -0.088102
v -0.080696 0.023479 -0.084476
v -0.084305 0.015041 -0.095993
v 0.047071 0.037142 -0.007710
v 0.046627 0.035925 -0.007133
v 0.047467 0.039829 -0.008256
v 0.048818 0.040176 -0.009196
v -0.087632 0.010836 -0.100153
v -0.075902 -0.000481 -0.083273
v -0.073266 -0.003239 -0.083472
v 0.048251 0.036993 -0.008780
v 0.047541 0.035510 -0.008103
v 0.045736 0.038681 -0.006850
v -0.063801 -0.003564 -0.082228
v -0.064135 -0.002412 -0.082269
v -0.064786 -0.002934 -0.083207
v -0.064704 -0.003861 -0.083399
v 0.045814 0.039282 -0.007255
v 0.046928 0.041220 -0.007257
v -0.067981 -0.009098 -0.083022
v -0.070190 -0.009760 -0.082159
v -0.069277 -0.010871 -0.080320
v -0.067451 -0.010202 -0.082068
v 0.047708 0.042139 -0.007723
v 0.046249 0.040554 -0.006876
v 0.045740 0.041659 -0.005863
v 0.046262 0.042487 -0.006124
v -0.063314 -0.006177 -0.082026
v -0.063566 -0.004741 -0.082121
v -0.064316 -0.005472 -0.083453
v -0.063985 -0.007070 -0.083610
v 0.046845 0.043317 -0.006522
v 0.045371 0.043761 -0.004796
v -0.082367 0.019953 -0.091032
v -0.083924 0.019348 -0.093063
v 0.045759 0.044700 -0.005094
v 0.044963 0.042813 -0.004557
v 0.045630 0.040241 -0.006786
v -0.089653 0.009796 -0.098613
v -0.089979 0.007608 -0.099292
v -0.086886 0.015032 -0.098207
v -0.087385 0.013032 -0.099127
v 0.045140 0.041188 -0.006011
v 0.044366 0.042288 -0.004933
v 0.043303 0.043310 -0.003203
v -0.073405 -0.006740 -0.072377
v -0.074412 -0.006842 -0.074025
v -0.074084 -0.008391 -0.073724
v -0.090776 0.012315 -0.098824
v -0.090136 0.014743 -0.101250
v -0.072928 -0.022736 -0.065848
v -0.072025 -0.024045 -0.064253
v -0.045716 -0.090516 -0.034854
v -0.055259 -0.087994 -0.048319
v -0.054697 -0.097961 -0.045942
v -0.045340 -0.100422 -0.033009
v -0.081202 0.018739 -0.082288
v -0.079768 0.021438 -0.082655
v 0.041462 0.044797 -0.001376
v 0.040634 0.044347 -0.003120
v 0.038691 0.046418 0.000209
v -0.063452 -0.008248 -0.081958
v -0.063428 -0.008351 -0.081945
v -0.066069 -0.009997 -0.081367
v -0.068169 -0.003953 -0.080163
v -0.064555 -0.003786 -0.081417
v 0.037878 0.045454 -0.001655
v 0.034673 0.051854 0.000411
v 0.040413 0.051144 -0.000744
v 0.037378 0.045218 -0.003528
v 0.034906 0.042689 -0.006808
v 0.033328 0.042907 -0.006302
v 0.034215 0.045474 -0.002529
v -0.068601 -0.007654 -0.083302
v 0.023714 0.042753 -0.001675
v 0.024665 0.043827 -0.001259
v -0.068177 -0.002336 -0.082954
v -0.068049 -0.001029 -0.081919
v -0.069157 -0.013215 -0.076873
v -0.070142 -0.014479 -0.078498
v -0.071774 -0.014328 -0.075360
v -0.064361 -0.009033 -0.083228
v -0.075959 0.006875 -0.086917
v 0.028797 0.042056 -0.005659
v 0.028322 0.041621 -0.005828
v 0.022155 0.042858 -0.001057
v 0.023542 0.044072 -0.000444
v -0.071315 -0.007292 -0.083260
v -0.072367 -0.009836 -0.084766
v -0.071665 -0.011283 -0.083529
v -0.070670 -0.008929 -0.082818
v -0.078551 -0.019168 -0.082398
v -0.078575 -0.017432 -0.082746
v -0.070525 -0.014270 -0.085565
v -0.074114 -0.014255 -0.083641
v -0.076014 0.002165 -0.083891
v -0.077439 0.005368 -0.082150
v -0.073473 -0.000249 -0.081325
v -0.071419 -0.005058 -0.082813
v -0.072993 -0.007771 -0.084632
v -0.068275 -0.002897 -0.080575
v -0.071449 -0.002282 -0.079292
v -0.071199 -0.001315 -0.079821
v -0.068242 -0.002019 -0.081047
v -0.080782 0.011527 -0.089426
v -0.078291 0.019986 -0.080452
v -0.079913 0.016659 -0.080785
v -0.079201 0.025675 -0.106917
v -0.077243 0.016898 -0.110257
v -0.077648 0.019751 -0.097654
v -0.069392 -0.006038 -0.083543
v -0.064424 -0.001931 -0.082492
v -0.065143 -0.002516 -0.082035
v -0.084171 -0.016946 -0.090696
v -0.072404 -0.014982 -0.074722
v -0.075136 0.007212 -0.082001
v -0.083463 -0.010185 -0.099441
v -0.082517 -0.015109 -0.096524
v -0.074862 0.008498 -0.082500
v -0.075021 0.009475 -0.082703
v -0.070989 -0.014632 -0.079475
v -0.072817 -0.014002 -0.076933
v -0.075292 0.009787 -0.082512
v -0.074596 -0.007492 -0.075321
v -0.084390 0.010560 -0.093931
v 0.028315 0.045201 -0.001339
v 0.030453 0.042698 -0.005613
v -0.075726 -0.026659 -0.081762
v -0.073996 -0.027438 -0.078473
v 0.029467 0.042411 -0.005572
v -0.064994 -0.002824 -0.081515
v 0.026504 0.044532 -0.001346
v -0.068068 -0.010540 -0.079688
v -0.068507 -0.004051 -0.082912
v 0.027639 0.046082 0.000437
v 0.025234 0.045048 -0.000007
v 0.034469 0.046186 -0.000556
v -0.073586 -0.004181 -0.077912
v -0.073166 -0.006219 -0.077238
v -0.074805 -0.005274 -0.075572
v 0.020997 0.055261 -0.190579
v 0.020430 0.039352 -0.190775
v -0.075107 -0.013930 -0.085397
v -0.071506 -0.012614 -0.087893
v -0.072878 -0.012197 -0.089965
v -0.077013 -0.013012 -0.086799
v -0.081175 -0.019523 -0.093168
v -0.079458 -0.023157 -0.088970
v -0.081398 -0.024841 -0.088609
v -0.083799 -0.020749 -0.092848
v 0.039962 0.042886 -0.182365
v 0.040013 0.056643 -0.182386
v -0.079992 0.039802 -0.118752
v -0.079641 0.032453 -0.101262
v -0.080456 0.048207 -0.108773
v -0.082348 0.018696 -0.098613
v -0.082209 0.016256 -0.099753
v -0.087292 0.016379 -0.102458
v -0.077804 0.025630 -0.085347
v -0.078194 0.022448 -0.088302
v -0.080033 0.022749 -0.086786
v -0.087261 -0.005916 -0.102278
v 0.039845 0.044227 -0.004765
v 0.036175 0.042242 -0.007427
v 0.049955 0.059241 -0.174936
v 0.049208 0.068167 -0.173776
v 0.040550 0.068988 -0.179646
v 0.035233 -0.066454 -0.117458
v 0.025437 -0.079146 -0.121684
v -0.075468 0.009558 -0.076783
v -0.077491 0.009349 -0.078759
v 0.020102 0.042837 0.000246
v -0.077570 -0.017296 -0.092248
v 0.021944 0.044252 0.000475
v -0.078515 -0.014397 -0.083786
v -0.080788 -0.013948 -0.085626
v -0.087608 0.019743 -0.092224
v -0.085135 0.018224 -0.089658
v 0.018865 0.041581 0.000072
v 0.018176 0.041435 0.000139
v 0.019360 0.042935 0.000196
v 0.020981 0.044478 0.000412
v 0.024148 0.045479 0.000757
v 0.023434 0.046003 0.001082
v 0.026980 0.047596 0.001821
v 0.027090 0.046684 0.001618
v 0.034561 0.047426 0.001194
v 0.034644 0.048522 0.001431
v 0.026463 0.048430 0.001154
v 0.022906 0.046485 0.000451
v 0.025826 0.049323 0.000464
v 0.022715 0.047459 0.000000
v 0.034498 0.050216 -0.000021
v 0.034707 0.049566 0.000873
v 0.021830 0.039267 0.000832
v 0.019522 0.039600 0.000547
v 0.022377 0.039530 0.000640
v 0.019886 0.039832 0.000310
v 0.023576 0.039714 -0.000298
v 0.019023 0.040294 0.000010
v 0.018290 0.040146 0.000203
v -0.010565 -0.095014 -0.003065
v -0.010468 -0.102875 -0.006053
v 0.024443 0.039739 -0.000800
v 0.018609 0.042908 -0.000269
v 0.017232 0.041230 -0.000006
v 0.017471 0.043276 -0.001156
v 0.016478 0.041259 -0.000538
v 0.019933 0.045788 -0.000987
v 0.020269 0.044624 -0.000451
v 0.017287 0.039989 0.000095
v 0.017944 0.039501 0.000412
v 0.016527 0.039919 -0.000099
v 0.017202 0.039264 0.000321
v 0.024574 0.036762 0.002569
v 0.024308 0.036115 0.002689
v 0.021206 0.038014 0.001630
v 0.020579 0.037545 0.001600
v 0.032974 0.033350 0.002633
v 0.036191 0.033135 0.001701
v 0.032619 0.032243 0.002918
v -0.007530 0.016108 0.027554
v -0.008513 0.015675 0.026401
v -0.007088 0.016956 0.025002
v -0.006750 0.017097 0.025577
v 0.036032 0.031972 0.001857
v 0.027496 0.032909 0.003596
v 0.028031 0.033836 0.003283
v 0.032515 -0.103418 -0.022160
v 0.046591 0.033123 -0.006519
v 0.047635 0.032005 -0.006950
v 0.045996 0.031592 -0.005020
v 0.045085 0.032927 -0.004957
v 0.043401 0.032859 -0.003278
v -0.008120 0.007634 0.028921
v -0.007430 0.008779 0.027989
v -0.008638 0.008555 0.027074
v -0.009648 0.007807 0.028093
v 0.043861 0.031497 -0.003072
v 0.041459 0.031571 -0.001231
v 0.041301 0.032829 -0.001440
v 0.039340 0.032939 0.000064
v 0.039154 0.031619 0.000382
v 0.049858 0.036301 -0.010066
v 0.050892 0.039634 -0.011196
v 0.051472 0.035386 -0.011559
v 0.053042 0.038848 -0.013260
v 0.015684 0.044346 -0.001238
v -0.005893 0.017140 0.025134
v -0.004840 0.015864 0.028181
v -0.005873 0.016145 0.028695
v -0.006232 0.017128 0.025429
v 0.015320 0.041534 -0.000920
v 0.014063 0.045291 -0.000458
v 0.013873 0.042327 -0.000285
v 0.015483 0.048373 -0.000060
v 0.017371 0.047316 -0.001079
v 0.015670 0.039987 -0.000201
v 0.016433 0.038924 0.000160
v 0.014551 0.039958 0.000096
v 0.015533 0.038529 0.000594
v 0.023768 0.035326 0.002775
v 0.023211 0.034426 0.003002
v 0.019937 0.036989 0.001835
v 0.018999 0.036184 0.002049
v 0.047440 -0.019926 -0.144546
v 0.051839 0.018474 -0.165579
v 0.047705 0.054461 -0.004248
v 0.045402 0.051846 -0.002864
v 0.041898 0.053494 -0.000885
v 0.043727 0.056855 -0.001476
v 0.050284 0.057855 -0.007260
v 0.052573 0.053854 -0.009354
v 0.050281 0.051549 -0.006684
v 0.048006 0.049677 -0.004846
v 0.051768 0.042665 -0.011012
v 0.050037 0.042960 -0.009401
v 0.050109 0.044998 -0.008441
v 0.051803 0.045357 -0.010060
v 0.053880 0.042263 -0.013205
v 0.054187 0.045811 -0.012261
v 0.051298 0.048214 -0.008459
v 0.049265 0.047216 -0.006784
v 0.053768 0.049461 -0.010695
v 0.023694 0.053747 0.001251
v 0.024228 0.051982 0.000368
v 0.021267 0.049549 -0.000386
v 0.019901 0.050310 0.000092
v 0.022538 0.055264 0.001914
v 0.017891 0.051349 0.000694
v 0.036909 0.057941 0.001292
v 0.035906 0.054776 0.000873
v 0.025432 0.049882 -0.000157
v 0.023403 0.048556 -0.000030
v 0.025075 0.050024 -0.000276
v 0.022765 0.048442 -0.000222
v 0.058174 0.082212 -0.158488
v 0.060389 0.090481 -0.147377
v 0.043972 0.099832 -0.155797
v 0.043028 0.090194 -0.166408
v 0.041683 0.048195 -0.001992
v 0.042362 0.048655 -0.002273
v 0.044796 0.047212 -0.003808
v 0.044202 0.046785 -0.003523
v 0.046080 0.045338 -0.005262
v 0.046687 0.045805 -0.005457
v 0.047832 0.044369 -0.006909
v 0.047301 0.044085 -0.006682
v 0.047919 0.043049 -0.007702
v 0.048423 0.042990 -0.008137
v 0.022836 0.049401 -0.000186
v 0.024891 0.050588 0.000070
v 0.051260 0.047427 -0.173820
v 0.045007 0.090264 -0.023030
v 0.051955 0.085554 -0.028828
v 0.049991 0.080402 -0.021984
v 0.043401 0.049802 -0.002110
v 0.045987 0.048182 -0.003911
v 0.047723 0.046457 -0.005793
v 0.048799 0.044745 -0.007312
v 0.049202 0.043532 -0.008311
v 0.071662 -0.006685 -0.066158
v 0.071868 -0.006920 -0.067784
v 0.078104 -0.002111 -0.095055
v 0.075875 0.004484 -0.095341
v 0.074683 0.008109 -0.094768
v 0.080269 0.017860 -0.082305
v 0.082265 0.020262 -0.085668
v 0.082293 -0.019024 -0.084701
v 0.078939 -0.020142 -0.080648
v -0.088015 0.022613 -0.093535
v 0.082035 -0.018207 -0.085383
v 0.088470 0.014417 -0.093914
v 0.088835 0.012582 -0.094952
v 0.089744 0.012308 -0.094572
v 0.040505 -0.039080 -0.130635
v 0.044967 -0.027816 -0.138976
v 0.089010 0.010615 -0.095966
v 0.073543 -0.002833 -0.070863
v 0.079381 -0.002635 -0.095129
v 0.081108 -0.003571 -0.096740
v 0.082069 -0.008625 -0.095996
v 0.081196 -0.007964 -0.095464
v 0.081325 -0.013216 -0.093292
v 0.080526 -0.012275 -0.092996
v 0.083561 -0.015898 -0.088425
v 0.083653 -0.012157 -0.092023
v 0.083296 0.020376 -0.087110
v 0.083210 0.019768 -0.086227
v 0.084040 0.020288 -0.087538
v 0.074388 -0.004210 -0.071991
v 0.078537 0.015715 -0.081929
v 0.078299 0.014334 -0.079854
v 0.077983 0.014680 -0.080410
v 0.072420 -0.000188 -0.076763
v 0.072196 0.000576 -0.077061
v 0.073583 -0.001551 -0.076140
v 0.075271 -0.002398 -0.073850
v 0.069509 -0.010185 -0.074595
v 0.069134 -0.011187 -0.075978
v 0.068550 -0.011766 -0.075308
v 0.085927 0.025242 -0.091803
v 0.078424 0.013453 -0.079256
v 0.079631 0.014333 -0.079817
v 0.080221 0.015358 -0.080370
v 0.084760 0.019583 -0.087558
v 0.080720 0.016175 -0.080776
v 0.079685 0.016226 -0.080974
v 0.081023 0.017587 -0.082110
v 0.079017 0.016266 -0.081369
v 0.074476 -0.010383 -0.088338
v 0.073467 -0.010050 -0.086377
v 0.073196 0.012924 -0.070613
v 0.073815 0.010607 -0.072018
v 0.077961 -0.020441 -0.078349
v 0.075535 0.014859 -0.090434
v 0.076767 0.017384 -0.093149
v 0.085549 -0.008402 -0.094011
v 0.078577 -0.012754 -0.083580
v 0.076466 -0.013431 -0.082133
v 0.080823 -0.011683 -0.085215
v 0.082892 -0.009464 -0.087126
v 0.074964 0.006841 -0.082259
v 0.084172 0.009812 -0.088815
v 0.084542 0.007436 -0.089624
v 0.082790 0.010245 -0.087566
v 0.078025 0.020854 -0.092450
v 0.078283 0.021062 -0.089817
v 0.075098 0.017870 -0.090295
v 0.078067 0.019361 -0.088801
v 0.071432 -0.006870 -0.074856
v 0.068997 -0.012991 -0.077561
v 0.071144 -0.012041 -0.079115
v 0.070045 -0.013779 -0.078421
v 0.071627 -0.013241 -0.080180
v 0.071875 -0.012317 -0.081850
v 0.072373 -0.010903 -0.083289
v 0.073753 -0.009085 -0.083588
v 0.071232 -0.003042 -0.076151
v 0.077787 0.023338 -0.080688
v 0.070753 -0.004809 -0.075878
v 0.072693 -0.001405 -0.076297
v 0.072608 -0.003024 -0.075666
v 0.072106 -0.004826 -0.075113
v 0.074731 -0.014993 -0.075630
v 0.074881 -0.014010 -0.078317
v 0.073708 -0.014277 -0.075060
v 0.075323 -0.013964 -0.080513
v 0.072721 -0.013788 -0.074684
v 0.077207 0.015827 -0.090039
v 0.078111 0.018612 -0.090617
v 0.071435 -0.003048 -0.065215
v 0.064442 0.014365 -0.018093
v 0.065813 0.022473 -0.025697
v 0.026601 -0.028108 0.013800
v 0.025823 -0.030906 0.014892
v 0.057050 0.007162 -0.001988
v 0.052690 0.005390 0.003356
v 0.025343 -0.020797 0.023747
v 0.024422 -0.021380 0.024044
v 0.023491 -0.020695 0.024222
v 0.024344 -0.020641 0.023782
v 0.022273 -0.020123 0.022636
v 0.023196 -0.020722 0.021799
v 0.023331 -0.020453 0.023022
v 0.022457 -0.019886 0.023728
v 0.028699 -0.006254 0.021484
v 0.032453 -0.002485 0.019247
v 0.035448 -0.007009 0.018924
v 0.032014 -0.010052 0.021115
v 0.024778 -0.024648 0.015404
v 0.024690 -0.023046 0.015435
v 0.023989 -0.022102 0.018080
v 0.023895 -0.022844 0.017974
v 0.024718 -0.025627 0.015681
v 0.023724 -0.023177 0.018090
v 0.026555 -0.026465 0.013328
v 0.026295 -0.023912 0.012966
v 0.034324 -0.027634 0.021074
v 0.030729 -0.025204 0.022342
v 0.031718 -0.022197 0.022046
v 0.035342 -0.023196 0.020536
v 0.025189 0.005315 0.018372
v 0.029072 0.001735 0.018937
v 0.026093 -0.002536 0.020842
v 0.022037 0.001829 0.019821
v 0.018247 0.006362 0.019279
v 0.021106 0.009364 0.017631
v 0.016213 0.014805 0.020851
v 0.016958 0.011418 0.022873
v 0.016425 0.011012 0.026435
v 0.016709 0.012973 0.024828
v 0.014774 0.006682 0.025910
v 0.017095 0.008915 0.021841
v 0.010823 0.005481 0.026834
v -0.011930 0.008387 0.028559
v -0.010766 0.009904 0.027633
v -0.011018 0.010719 0.029098
v -0.013192 0.009802 0.029874
v 0.010637 0.006183 0.027710
v 0.014904 0.006007 0.024463
v -0.004493 0.011171 0.035950
v -0.005548 0.013158 0.035451
v -0.004687 0.011609 0.033731
v -0.004624 0.009675 0.033747
v 0.015160 0.004714 0.022737
v 0.011344 0.004673 0.025786
v 0.010069 0.007134 0.028421
v 0.012974 0.007497 0.028266
v -0.007542 0.013390 0.034611
v -0.009417 0.013834 0.036426
v -0.011191 0.013361 0.034669
v -0.009048 0.012619 0.033149
v -0.004934 0.012177 0.029177
v -0.005925 0.010494 0.030689
v -0.004217 0.013532 0.031952
v -0.010607 0.012413 0.027311
v -0.010383 0.011286 0.026467
v -0.008571 0.014488 0.025602
v -0.008796 0.014789 0.025348
v 0.014507 0.010001 0.029196
v 0.003909 0.010161 0.036004
v 0.005092 0.011919 0.037675
v 0.009229 0.037233 0.015157
v 0.011949 0.033161 0.013072
v 0.009363 0.035115 0.017888
v 0.011922 0.031344 0.015621
v 0.013912 0.012992 0.032002
v 0.015280 0.014469 0.030172
v 0.011477 0.014900 0.035386
v 0.012346 0.017414 0.034550
v 0.004742 0.051718 0.011320
v 0.001925 0.005668 0.032796
v 0.002279 0.004967 0.032474
v 0.001682 0.007332 0.034097
v 0.021956 0.079773 -0.182808
v 0.022554 0.094020 -0.174306
v 0.021817 0.111354 -0.154211
v 0.019608 0.117899 -0.142861
v 0.005630 -0.011040 0.036546
v 0.005347 -0.008340 0.036043
v 0.012811 -0.019138 0.022030
v 0.007419 -0.019009 0.023353
v 0.007260 -0.019350 0.026508
v 0.012676 -0.019787 0.025382
v 0.016362 -0.020016 0.023793
v 0.016949 -0.019432 0.020388
v 0.013009 -0.018176 0.019305
v 0.007471 -0.018094 0.020232
v 0.012066 -0.019575 0.031013
v 0.006840 -0.018848 0.032822
v 0.006468 -0.016637 0.034964
v 0.011783 -0.017537 0.032720
v 0.017907 0.000410 0.022478
v 0.013848 0.001398 0.024831
v 0.009767 0.002116 0.028305
v 0.006572 0.002447 0.030926
v 0.005826 0.004466 0.030710
v 0.008280 0.004588 0.028482
v 0.005432 0.005321 0.030793
v 0.007748 0.005376 0.028853
v 0.007586 0.006107 0.029233
v 0.008009 0.007025 0.029332
v 0.006326 0.007302 0.030529
v 0.006792 0.007944 0.030249
v 0.005339 0.006075 0.030961
v 0.004484 0.032531 0.031677
v 0.004398 0.035284 0.028074
v 0.009970 -0.007202 0.033871
v 0.005228 -0.006329 0.035093
v 0.004287 -0.002447 0.033526
v 0.008635 -0.002869 0.032269
v 0.013170 -0.004147 0.030010
v 0.014917 -0.009354 0.031638
v 0.002685 0.004145 0.032303
v 0.010323 -0.009443 0.034478
v 0.010715 -0.011993 0.034676
v 0.015383 -0.011672 0.032123
v 0.015633 -0.013962 0.032123
v 0.019601 -0.012296 0.028992
v 0.018475 -0.006534 0.027536
v 0.024229 -0.009112 0.024819
v 0.023514 -0.015252 0.026516
v 0.031418 -0.019141 0.022309
v 0.026830 -0.021124 0.023519
v 0.026758 -0.019877 0.023716
v 0.026457 -0.018654 0.024296
v 0.030729 -0.016016 0.022707
v 0.034830 -0.018762 0.020633
v 0.033925 -0.014272 0.020813
v 0.028617 -0.012662 0.023461
v 0.025594 -0.017186 0.025075
v 0.025459 -0.020065 0.024087
v 0.024485 -0.020333 0.023988
v 0.025110 -0.019401 0.024668
v 0.024219 -0.020022 0.024539
v 0.024508 -0.018614 0.025433
v 0.023662 -0.019656 0.025251
v 0.022510 -0.018850 0.026373
v 0.023080 -0.017294 0.026674
v 0.022586 -0.020965 0.022940
v 0.021442 -0.021053 0.023855
v 0.021408 -0.020791 0.024981
v 0.022476 -0.020878 0.023872
v 0.023314 -0.020946 0.022173
v 0.023096 -0.020792 0.023281
v 0.023590 -0.021700 0.018608
v 0.022830 -0.021319 0.019144
v -0.048743 -0.074012 -0.037394
v -0.056365 -0.074722 -0.052274
v 0.023684 -0.020842 0.021694
v 0.023725 -0.020724 0.022621
v 0.023606 -0.020460 0.023717
v 0.023488 -0.020469 0.024040
v 0.022930 -0.020404 0.024693
v 0.021884 -0.020061 0.025728
v 0.015697 -0.016231 0.031498
v 0.019301 -0.016364 0.029330
v 0.019073 -0.018310 0.028535
v 0.015661 -0.018741 0.030275
v 0.018802 -0.019920 0.027525
v 0.017607 -0.018580 0.017567
v 0.015671 -0.020262 0.028653
v 0.020802 -0.020194 0.017957
v 0.021820 -0.019563 0.015289
v 0.019907 -0.020602 0.021324
v 0.024309 -0.021971 0.015885
v 0.023615 -0.021233 0.016113
v 0.025718 -0.022131 0.013089
v 0.024791 -0.020835 0.013562
v 0.018845 -0.020746 0.026136
v 0.019560 -0.014457 0.029418
v 0.011147 -0.014660 0.033949
v 0.006027 -0.013735 0.035907
v -0.034201 0.026136 0.004009
v -0.033518 0.023613 0.005726
v -0.029368 0.025086 0.006442
v -0.030184 0.027259 0.004891
v 0.005244 0.026283 0.039632
v 0.004876 0.029732 0.035378
v 0.022813 -0.020094 0.024243
v 0.010035 -0.109099 -0.008001
v -0.075155 -0.003194 -0.075119
v -0.074396 -0.002302 -0.074294
v -0.082223 0.013479 -0.100835
v 0.025849 -0.022208 0.023741
v 0.024185 -0.027695 0.016346
v 0.023015 -0.023945 0.018731
v 0.031358 -0.031818 0.022543
v 0.026328 -0.034548 0.025866
v 0.024393 -0.030295 0.026467
v 0.028376 -0.028222 0.023601
v 0.021513 -0.024108 0.027421
v 0.024237 -0.023060 0.025034
v -0.085607 0.016283 -0.098073
v 0.022925 -0.021648 0.025494
v 0.020311 -0.021799 0.027847
v 0.019509 -0.019991 0.028025
v 0.022005 -0.020454 0.025565
v 0.017720 -0.017862 0.027071
v 0.013388 -0.016605 0.029273
v 0.013016 -0.021954 0.025404
v 0.017504 -0.022899 0.023274
v 0.021781 -0.023614 0.020184
v 0.021069 -0.019432 0.023726
v -0.082635 0.020568 -0.097020
v -0.082233 0.022950 -0.092705
v -0.080529 0.021904 -0.091659
v -0.080692 0.019425 -0.095166
v 0.018208 -0.017805 0.027511
v 0.021137 -0.019069 0.024897
v 0.013930 -0.016515 0.030314
v 0.020927 -0.106827 -0.013701
v 0.021546 -0.019496 0.025351
v 0.018780 -0.018474 0.027695
v 0.014554 -0.017404 0.030976
v 0.015407 -0.019367 0.031628
v 0.016233 -0.021705 0.032005
v 0.017006 -0.024713 0.031707
v 0.019165 -0.032417 0.030618
v 0.020624 -0.037530 0.030448
v 0.012919 -0.033216 0.033953
v 0.014091 -0.038340 0.034726
v 0.011937 -0.025019 0.035434
v 0.011498 -0.021336 0.036001
v 0.010837 -0.018612 0.035189
v 0.010210 -0.016492 0.033983
v 0.003306 0.002462 0.032294
v 0.005114 0.007726 0.031731
v 0.004025 0.008759 0.033684
v 0.007418 0.013613 0.038145
v 0.001600 0.008768 0.036151
v 0.010068 0.015057 0.037195
v 0.008378 0.014911 0.038775
v 0.008993 0.016671 0.039250
v 0.010140 0.017032 0.037965
v 0.006952 0.014596 0.040192
v 0.008250 0.016691 0.040334
v 0.003058 0.013813 0.042314
v 0.004122 0.017606 0.043718
v 0.005193 0.023143 0.042360
v 0.004624 0.019937 0.043730
v 0.009535 0.018372 0.039466
v 0.010741 0.019828 0.037432
v -0.089415 0.016393 -0.096320
v 0.010899 0.022402 0.034763
v 0.012861 0.019521 0.031647
v 0.010465 0.131421 -0.100892
v 0.009545 -0.015411 0.032944
v 0.008666 -0.015564 0.031292
v -0.073719 -0.016291 -0.074129
v -0.082300 0.007260 -0.091124
v 0.012891 -0.033616 0.021042
v 0.012925 -0.028628 0.022362
v 0.008085 -0.028420 0.023880
v -0.081725 0.023886 -0.090306
v -0.084836 0.024978 -0.091134
v 0.008002 -0.033296 0.022777
v 0.004693 -0.014941 0.032242
v -0.086860 -0.004904 -0.097661
v -0.090023 0.014752 -0.097846
v -0.088605 0.013407 -0.096514
v -0.083038 0.017174 -0.084245
v -0.075186 -0.009803 -0.091699
v -0.080784 -0.009267 -0.089291
v -0.079111 -0.011691 -0.087972
v -0.074399 -0.011542 -0.090887
v -0.074441 0.003495 -0.086588
v 0.004520 -0.020840 0.027598
v 0.008288 -0.021140 0.026892
v 0.004978 -0.014902 0.034074
v 0.005467 -0.015977 0.035517
v 0.005968 -0.018141 0.037122
v 0.004373 -0.028289 0.024498
v 0.004360 -0.033438 0.023505
v -0.071443 -0.009897 -0.065901
v 0.022546 -0.028749 0.017803
v -0.078501 -0.022696 -0.078558
v -0.079272 -0.022159 -0.081248
v -0.031668 -0.041907 -0.140583
v -0.035134 -0.032364 -0.149214
v -0.089143 -0.005871 -0.100629
v 0.023218 -0.032855 0.016520
v 0.017884 -0.029320 0.020649
v 0.018276 -0.033299 0.019206
v 0.007422 -0.037927 0.037762
v 0.006600 -0.033130 0.036303
v 0.006508 -0.021236 0.038018
v 0.006381 -0.025278 0.037486
v 0.022554 0.103718 -0.165125
v 0.062593 0.086716 -0.053047
v 0.061207 0.081902 -0.043871
v -0.082830 0.019848 -0.092445
v 0.054539 0.090394 -0.038364
v 0.056189 0.094101 -0.046676
v 0.063232 0.092915 -0.062748
v 0.056772 0.099187 -0.055725
v 0.040050 0.119957 -0.118440
v 0.040596 0.122085 -0.104287
v 0.021619 0.128674 -0.101617
v 0.034892 0.117282 -0.132174
v 0.047223 0.107441 -0.139692
v 0.049434 0.113859 -0.121164
v 0.049357 0.116633 -0.106084
v -0.075528 -0.016885 -0.075218
v -0.075667 -0.021572 -0.072014
v -0.074261 -0.020628 -0.070408
v -0.079477 0.010654 -0.088583
v 0.025317 -0.091028 -0.120572
v 0.051967 0.030563 -0.169510
v 0.048056 0.118300 -0.092306
v 0.039917 0.122959 -0.090368
v 0.039407 0.122332 -0.077554
v 0.046740 0.118320 -0.080323
v 0.021449 0.129078 -0.086929
v 0.010421 0.131573 -0.085540
v 0.018035 -0.008073 -0.175374
v 0.004439 0.038054 0.024690
v 0.046172 -0.051837 -0.111126
v 0.055442 -0.048500 -0.093574
v 0.058022 -0.095457 -0.060413
v 0.068790 -0.022281 -0.079337
v 0.068340 -0.021635 -0.080122
v 0.057836 -0.059569 -0.071662
v 0.058677 -0.045782 -0.075453
v 0.036764 -0.053108 -0.122860
v 0.077146 -0.013469 -0.092001
v 0.077871 -0.010037 -0.093588
v 0.078684 -0.014391 -0.091441
v 0.079330 -0.010705 -0.093371
v 0.079570 -0.006647 -0.094617
v 0.079525 -0.015999 -0.090213
v 0.078397 0.021154 -0.087966
v 0.079954 0.022818 -0.086971
v -0.076891 -0.015975 -0.092453
v -0.076846 -0.014016 -0.094080
v 0.068278 -0.023114 -0.074941
v 0.068115 -0.022669 -0.076715
v -0.064969 -0.002276 -0.083117
v 0.067427 -0.022874 -0.075946
v 0.067318 -0.023123 -0.074510
v 0.068158 -0.023778 -0.073165
v 0.067211 -0.023558 -0.073290
v 0.077829 0.039247 -0.084689
v 0.066079 -0.023511 -0.076982
v 0.067468 -0.021960 -0.079692
v 0.067630 -0.022327 -0.078111
v 0.067085 -0.022880 -0.076650
v 0.066977 -0.023648 -0.074482
v 0.066973 -0.024273 -0.072650
v 0.067465 -0.024773 -0.071919
v -0.078853 -0.021452 -0.088802
v -0.075379 -0.024981 -0.082019
v -0.059015 -0.074216 -0.067118
v -0.056518 -0.074487 -0.082989
v -0.057517 -0.085433 -0.078597
v -0.059271 -0.086402 -0.063056
v -0.072552 0.003061 -0.069512
v -0.072610 -0.003923 -0.070701
v -0.072434 -0.004903 -0.068667
v 0.080034 -0.017273 -0.090269
v 0.073034 -0.025115 -0.077065
v -0.024795 -0.087216 -0.010625
v -0.021705 -0.099957 -0.012350
v 0.076771 0.014057 -0.091849
v 0.076597 0.011934 -0.093090
v 0.079167 0.013070 -0.094486
v 0.079220 0.015377 -0.093539
v 0.057614 -0.016610 -0.132544
v 0.060066 -0.006886 -0.139784
v 0.011848 -0.089780 -0.125456
v 0.011711 -0.077337 -0.127866
v 0.074965 0.027867 -0.131231
v 0.076928 0.015761 -0.090860
v 0.079482 0.017256 -0.092568
v 0.078289 -0.006100 -0.094598
v 0.074725 0.015688 -0.091187
v 0.074861 0.013764 -0.092206
v 0.080789 0.018449 -0.094327
v 0.080535 0.016301 -0.095338
v 0.080332 0.013803 -0.096201
v 0.074985 0.011613 -0.093221
v -0.071360 -0.008683 -0.062216
v -0.070668 -0.006944 -0.050431
v -0.071990 0.008351 -0.053913
v -0.071810 0.000982 -0.063424
v 0.077794 0.019030 -0.093809
v 0.079968 0.062222 -0.114141
v 0.079049 0.053788 -0.126786
v 0.076637 0.078019 -0.120978
v 0.075541 0.070176 -0.134996
v 0.070899 0.061291 -0.149480
v 0.074125 0.043873 -0.141122
v 0.078312 0.021256 -0.088464
v 0.080753 0.023771 -0.087519
v 0.063760 0.097730 -0.071767
v 0.068891 0.091558 -0.077940
v 0.056941 0.103575 -0.064013
v 0.056773 0.107469 -0.071734
v 0.063129 0.102398 -0.079892
v 0.070386 0.093529 -0.090502
v 0.079077 0.056087 -0.097517
v 0.078298 0.070218 -0.101315
v 0.075289 0.076729 -0.088769
v -0.059553 0.046112 -0.023611
v -0.061386 0.045777 -0.028124
v -0.061888 0.036497 -0.026288
v -0.059584 0.038455 -0.022769
v 0.074658 0.085790 -0.106588
v 0.066141 0.101186 -0.098624
v 0.069820 0.094843 -0.112292
v 0.059041 0.108683 -0.104124
v 0.061145 0.103983 -0.118177
v 0.060945 0.098308 -0.133396
v 0.071434 0.088052 -0.126433
v 0.061251 0.106578 -0.087096
v 0.055142 0.111115 -0.078081
v 0.056161 0.112120 -0.091822
v 0.052842 0.114175 -0.083388
v 0.073276 0.079670 -0.082017
v 0.061903 -0.028596 -0.071602
v 0.064422 -0.028280 -0.066402
v -0.019482 0.105222 -0.018125
v -0.009300 0.106796 -0.016044
v -0.009551 0.112608 -0.023495
v -0.019946 0.110877 -0.025849
v 0.068844 -0.016257 -0.060389
v -0.036942 -0.024983 -0.154848
v -0.038686 -0.015510 -0.161369
v -0.019147 -0.019579 -0.167648
v -0.018136 -0.028149 -0.160782
v 0.068466 0.014512 -0.030862
v 0.068394 0.026283 -0.036162
v 0.071436 0.016586 -0.044777
v 0.069791 0.002488 -0.039907
v -0.020227 0.123319 -0.050980
v -0.009700 0.125404 -0.048658
v -0.009844 0.128458 -0.059506
v -0.020533 0.126182 -0.061435
v -0.052833 0.021786 -0.004833
v -0.054971 0.016126 -0.003243
v -0.051192 0.016424 0.000355
v -0.049515 0.022008 -0.001883
v 0.067016 0.039434 -0.040859
v 0.070545 0.030110 -0.049422
v 0.071296 0.044109 -0.054580
v 0.067525 0.053669 -0.044453
v 0.062041 0.053042 -0.163329
v 0.064145 0.036955 -0.158074
v -0.075513 -0.025076 -0.068243
v -0.074461 -0.023972 -0.067210
v 0.064461 0.024802 -0.153704
v 0.048461 0.075518 -0.016872
v -0.010032 0.130474 -0.071919
v -0.020962 0.128109 -0.073402
v 0.021544 0.069846 -0.187185
v 0.046940 0.095911 -0.031984
v 0.054501 0.072844 -0.167686
v -0.001256 -0.076112 -0.129725
v 0.041438 0.077463 -0.175379
v 0.070577 0.080447 -0.140338
v 0.067235 0.072730 -0.152594
v 0.059096 0.063678 -0.165939
v 0.063286 0.009317 -0.148473
v 0.047284 0.115860 -0.072058
v 0.056441 0.041493 -0.016255
v 0.055666 0.036880 -0.016029
v 0.056700 0.046481 -0.015883
v 0.053956 0.032502 -0.013278
v 0.015279 0.029451 0.011594
v 0.014921 0.027834 0.013887
v 0.014576 0.025800 0.016325
v 0.018342 0.024781 0.012515
v 0.017741 0.022311 0.014898
v 0.011445 0.027207 0.021294
v 0.011789 0.029264 0.018391
v 0.013920 0.023787 0.018657
v 0.013531 0.021200 0.020992
v 0.011395 0.024804 0.024162
v 0.017565 0.008483 0.019780
v 0.018536 0.012823 0.017512
v 0.015926 0.017083 0.018514
v 0.021517 0.019326 0.014213
v 0.020244 0.016429 0.016058
v 0.016814 0.020010 0.016759
v 0.022640 0.022026 0.011661
v 0.014435 0.018391 0.023984
v 0.015642 0.015822 0.027604
v 0.011861 0.022135 0.027913
v 0.010275 0.024952 0.030818
v 0.009785 0.027773 0.027001
v 0.018958 0.026582 0.010362
v 0.023720 0.024159 0.009614
v 0.023959 0.013181 0.016347
v 0.028548 0.010123 0.016737
v 0.026124 0.016871 0.013894
v 0.030417 0.014353 0.014010
v 0.027232 0.019800 0.011476
v 0.031702 0.017503 0.011428
v 0.032647 0.006215 0.017115
v 0.036295 0.002191 0.016955
v 0.039549 -0.003560 0.016451
v 0.039212 0.006729 0.014026
v 0.043005 0.001096 0.013258
v 0.041089 0.011356 0.010887
v 0.045601 0.005860 0.009989
v -0.011729 0.034913 0.009761
v -0.012068 0.036171 0.006664
v -0.015812 0.032503 0.006227
v -0.015433 0.031031 0.008754
v -0.007024 0.082373 0.001028
v -0.007971 0.089353 -0.003173
v -0.017033 0.088889 -0.004585
v -0.015554 0.082123 0.000004
v 0.035091 0.011076 0.014053
v 0.036689 0.014591 0.011252
v 0.032875 0.020566 0.008908
v 0.028456 0.022471 0.009189
v 0.042056 0.020962 0.005075
v 0.041974 0.016087 0.007942
v 0.037494 0.018487 0.008475
v 0.037971 0.022397 0.005898
v 0.047173 0.012112 0.006643
v 0.046778 0.019052 0.003743
v 0.045797 0.023431 0.001272
v 0.031837 0.030452 0.003837
v 0.026796 0.031245 0.004351
v 0.035458 0.030026 0.002931
v 0.041763 0.024433 0.002917
v 0.038323 0.025363 0.004077
v 0.049565 0.029205 -0.006561
v 0.047356 0.028873 -0.004127
v 0.041691 0.029203 0.000176
v 0.038811 0.029560 0.001684
v 0.044671 0.028968 -0.001853
v 0.022192 0.032768 0.003927
v 0.017445 0.034749 0.003431
v 0.054258 -0.060876 -0.088069
v 0.009395 0.030399 0.023977
v 0.009348 0.032753 0.020820
v 0.015283 0.052081 0.002028
v 0.012926 0.049143 0.001695
v 0.007702 0.050968 0.008645
v 0.019342 0.056676 0.003734
v 0.014200 0.037435 0.002751
v -0.020460 0.029895 0.005724
v -0.019623 0.028277 0.007650
v 0.012406 0.039970 0.002117
v 0.011555 0.042688 0.001733
v 0.011437 0.046029 0.001539
v -0.009588 0.117538 -0.031254
v -0.020104 0.115709 -0.033762
v -0.020397 0.124547 -0.123941
v -0.020834 0.126320 -0.115629
v -0.009652 0.128903 -0.116598
v -0.010761 0.125696 -0.128808
v 0.030770 0.069992 0.002493
v 0.027349 0.063921 0.005515
v 0.058332 0.077205 -0.033462
v 0.062014 0.068262 -0.035636
v 0.051051 0.062418 -0.011580
v 0.054110 0.057666 -0.013775
v 0.056030 0.052091 -0.015297
v 0.063783 0.056436 -0.036077
v 0.064249 0.044046 -0.034065
v 0.065217 0.032738 -0.030624
v -0.069702 -0.004820 -0.123216
v -0.072617 -0.003365 -0.107740
v -0.075405 0.008158 -0.111287
v -0.073571 0.010856 -0.128855
v 0.048533 0.104746 -0.048318
v -0.035622 -0.082828 -0.021907
v -0.033346 -0.095543 -0.022754
v -0.001279 -0.088977 -0.126975
v 0.048430 0.109021 -0.056261
v 0.048100 0.100126 -0.040013
v 0.039100 0.120098 -0.067421
v 0.039189 0.117325 -0.058209
v 0.048054 0.112771 -0.064120
v 0.039669 0.113631 -0.049944
v 0.040041 0.109360 -0.042066
v 0.039621 0.104854 -0.033745
v 0.038874 0.100331 -0.025867
v 0.037351 0.093567 -0.017520
v 0.045341 -0.063660 -0.106392
v 0.006856 0.017138 0.024612
v 0.006437 0.017140 0.025082
v -0.052544 0.069097 -0.020817
v -0.054442 0.073200 -0.026001
v -0.057795 0.065607 -0.028296
v -0.055820 0.062587 -0.022873
v 0.006624 0.017078 0.024423
v 0.006130 0.017142 0.024926
v 0.006465 0.016797 0.025107
v 0.006403 0.009377 0.029294
v 0.005419 0.011123 0.027953
v 0.005865 0.014606 0.026502
v 0.068278 -0.023162 -0.061453
v -0.005574 0.070884 0.006746
v -0.013060 0.070656 0.006168
v -0.011256 0.064725 0.007626
v -0.004935 0.064829 0.008390
v -0.059511 0.031205 -0.020683
v -0.062272 0.027886 -0.022764
v -0.061487 0.021082 -0.016129
v -0.058427 0.025163 -0.015020
v -0.055306 0.022252 -0.008116
v -0.057862 0.016727 -0.007071
v -0.018484 0.097235 -0.010204
v -0.008693 0.098262 -0.008668
v -0.060082 0.055986 -0.029241
v -0.058237 0.054598 -0.023831
v -0.009033 0.038700 0.011424
v -0.009693 0.039418 0.007683
v -0.007280 0.044156 0.009050
v -0.003513 0.045038 0.014760
v -0.003394 0.048565 0.012218
v -0.006677 0.047771 0.008884
v -0.033259 0.080181 -0.006979
v -0.034879 0.086216 -0.011831
v -0.042351 0.083727 -0.016972
v -0.040733 0.078119 -0.012043
v -0.020161 0.119754 -0.041937
v -0.009615 0.121695 -0.039467
v -0.003919 0.057400 0.009323
v -0.008415 0.057158 0.007501
v -0.007412 0.053467 0.007512
v -0.003714 0.054148 0.009900
v -0.024575 0.026427 0.007086
v -0.025374 0.028337 0.005535
v -0.066323 -0.025879 -0.073217
v -0.068076 -0.026677 -0.071877
v -0.073514 0.021288 -0.069977
v -0.072116 0.011209 -0.066232
v -0.072293 0.021123 -0.057510
v -0.072458 0.033366 -0.062358
v -0.074651 0.044414 -0.068186
v -0.075782 0.051597 -0.074809
v -0.077018 0.034217 -0.078685
v -0.075277 0.029607 -0.074000
v -0.053396 -0.085303 -0.092369
v -0.050731 -0.075771 -0.097739
v -0.003679 0.042661 0.018238
v -0.003671 0.040264 0.021443
v -0.020890 0.019535 -0.186717
v -0.020488 0.006595 -0.182279
v -0.040697 0.012105 -0.174818
v -0.040823 0.024518 -0.178660
v -0.066630 -0.014573 -0.117513
v -0.070003 -0.011481 -0.103577
v -0.009664 0.013564 0.028811
v -0.006875 0.016962 0.024298
v -0.007592 0.014277 0.026055
v -0.006989 0.016964 0.024388
v -0.010331 0.011740 0.031258
v -0.012869 0.012146 0.032460
v -0.007964 0.010114 0.026225
v -0.007023 0.010261 0.026649
v -0.006964 0.014537 0.026220
v -0.007159 0.017011 0.024386
v -0.001772 0.010275 0.038544
v -0.002269 0.012457 0.041022
v -0.006029 0.013526 0.039542
v -0.004542 0.011504 0.037933
v -0.006097 0.017217 0.025138
v -0.005224 0.015026 0.027198
v -0.004955 0.014559 0.033053
v -0.006661 0.016261 0.028409
v -0.006480 0.017148 0.025540
v -0.006808 0.014710 0.032096
v -0.005858 0.008600 0.031480
v -0.008259 0.014299 0.030611
v -0.077087 -0.015010 -0.082292
v -0.058071 -0.056128 -0.050891
v -0.061941 -0.043565 -0.061629
v -0.061240 -0.045304 -0.067067
v -0.059003 -0.059702 -0.059672
v -0.080858 0.009962 -0.089627
v -0.066673 0.068737 -0.047382
v -0.067999 0.078157 -0.058964
v -0.073215 0.064681 -0.068296
v -0.072649 0.055360 -0.061300
v -0.068364 0.086155 -0.068856
v -0.073597 0.073781 -0.077489
v -0.076644 0.060168 -0.084669
v -0.078788 0.037338 -0.093779
v -0.042234 0.037110 -0.003299
v -0.042424 0.036969 -0.003138
v -0.040848 0.036965 -0.001827
v -0.040908 0.037043 -0.001983
v -0.041794 0.037130 -0.003933
v -0.040387 0.036775 -0.002769
v -0.042747 0.037356 -0.004968
v -0.043239 0.037172 -0.004394
v -0.043440 0.036980 -0.004263
v -0.024552 0.038713 -0.000288
v -0.025294 0.038693 -0.000761
v -0.028018 0.037851 -0.000475
v -0.027245 0.038186 0.000535
v -0.024291 0.038552 0.000123
v -0.027156 0.037980 0.000936
v -0.028450 0.039365 -0.006634
v -0.027869 0.039693 -0.006786
v -0.029294 0.039044 -0.006494
v -0.022561 0.040311 -0.002872
v -0.022772 0.041455 -0.003021
v -0.027599 0.040776 -0.006978
v -0.027488 0.040030 -0.006944
v -0.022954 0.039733 -0.002451
v -0.021271 0.039619 -0.002475
v -0.020251 0.039958 -0.003080
v -0.020362 0.041572 -0.003106
v -0.032427 0.036979 0.001161
v -0.032607 0.036253 0.001344
v -0.027820 0.036638 0.001486
v -0.027435 0.037451 0.001247
v -0.032247 0.037386 0.000935
v -0.035715 0.037294 0.000039
v -0.035772 0.036874 0.000235
v -0.035868 0.036143 0.000374
v -0.024449 0.037509 0.001052
v -0.024367 0.038285 0.000580
v -0.035870 0.035483 0.000505
v -0.032814 0.035602 0.001382
v -0.028007 0.035997 0.001570
v -0.024420 0.037111 0.001212
v -0.021584 0.038213 0.000286
v -0.022755 0.038408 0.000314
v -0.032849 0.034808 0.001370
v -0.032788 0.033979 0.001433
v -0.027909 0.034460 0.001887
v -0.028017 0.035250 0.001678
v -0.035886 0.034665 0.000371
v -0.035855 0.033777 0.000413
v -0.044581 0.036675 -0.005923
v -0.045122 0.036964 -0.006883
v -0.045071 0.036426 -0.006688
v -0.044721 0.036124 -0.006156
v -0.047407 0.033249 -0.008902
v -0.048364 0.034404 -0.009950
v -0.049886 0.033482 -0.011389
v -0.048806 0.032266 -0.009796
v -0.057274 0.023177 -0.011656
v -0.051187 0.029351 -0.009868
v -0.052521 0.030356 -0.012249
v -0.044058 0.036652 -0.005129
v -0.043404 0.036586 -0.004186
v -0.044048 0.036970 -0.005182
v -0.044536 0.037086 -0.006137
v -0.044222 0.035931 -0.005313
v -0.043462 0.035912 -0.004263
v -0.042441 0.036642 -0.003084
v -0.042472 0.035918 -0.003052
v -0.040838 0.035921 -0.001692
v -0.040769 0.036671 -0.001765
v -0.038650 0.036758 -0.000736
v -0.038984 0.037118 -0.000945
v -0.038726 0.035982 -0.000641
v -0.040937 0.035217 -0.001809
v -0.038809 0.035296 -0.000628
v -0.042488 0.035174 -0.003281
v -0.043553 0.035257 -0.004563
v -0.044367 0.035371 -0.005701
v -0.045041 0.035583 -0.006544
v -0.045509 0.036087 -0.007212
v -0.044713 0.034697 -0.006181
v -0.045376 0.033803 -0.006840
v -0.044107 0.033608 -0.005424
v -0.043745 0.034559 -0.004934
v -0.045578 0.035001 -0.007161
v -0.046386 0.034179 -0.008009
v -0.042631 0.034498 -0.003639
v -0.042704 0.033647 -0.003945
v -0.040893 0.033617 -0.002283
v -0.040937 0.034480 -0.002001
v -0.038443 0.034618 -0.000845
v -0.038516 0.033658 -0.001027
v -0.032215 0.037426 0.000740
v -0.031968 0.037234 -0.000542
v -0.035422 0.036934 -0.001115
v -0.035795 0.037268 -0.000170
v -0.039069 0.037089 -0.001060
v -0.038361 0.036723 -0.001806
v -0.035205 0.036609 -0.002120
v -0.033425 0.038170 -0.006580
v -0.034637 0.038124 -0.006956
v -0.037920 0.036486 -0.002835
v -0.032085 0.037022 -0.001688
v -0.031948 0.038364 -0.006342
v -0.028795 0.037799 -0.001735
v -0.030473 0.038695 -0.006374
v -0.026073 0.038562 -0.001558
v -0.033539 0.050103 -0.001845
v -0.033434 0.050379 -0.001433
v -0.038749 0.049492 -0.002308
v -0.038335 0.049101 -0.002554
v -0.051381 -0.010261 -0.151754
v -0.052670 0.003279 -0.160066
v -0.040350 -0.002942 -0.168700
v -0.040978 0.046496 -0.002973
v -0.040947 0.047402 -0.003386
v -0.043349 0.045848 -0.004866
v -0.043200 0.044953 -0.004576
v -0.041021 0.045529 -0.002427
v -0.042997 0.043889 -0.004105
v -0.038266 0.047139 -0.000838
v -0.038284 0.048164 -0.001437
v -0.038208 0.048888 -0.002068
v -0.042198 0.041670 -0.007658
v -0.041474 0.042740 -0.007153
v -0.042137 0.042816 -0.005818
v -0.043152 0.041792 -0.006873
v -0.042825 0.040891 -0.008097
v -0.043742 0.040901 -0.007537
v -0.037537 0.040440 -0.009585
v -0.037205 0.040858 -0.009365
v -0.036692 0.041381 -0.009001
v -0.037719 0.040073 -0.009672
v -0.037832 0.039689 -0.009657
v -0.037823 0.039325 -0.009541
v -0.037709 0.039039 -0.009321
v -0.059952 0.008147 -0.007750
v -0.059974 0.018163 -0.011324
v -0.062337 0.009867 -0.012673
v -0.043815 0.037231 -0.005387
v -0.044335 0.037417 -0.006327
v -0.043276 0.037467 -0.005843
v -0.043772 0.037684 -0.006594
v -0.044881 0.037811 -0.007286
v -0.045209 0.037514 -0.007275
v -0.041111 0.037022 -0.004659
v -0.036588 0.038268 -0.007846
v -0.037053 0.038450 -0.008277
v -0.041862 0.037442 -0.005636
v -0.039823 0.036570 -0.003759
v -0.035825 0.038132 -0.007384
v -0.037291 0.038642 -0.008638
v -0.037520 0.038812 -0.009012
v -0.042189 0.037656 -0.006354
v -0.042686 0.037934 -0.007083
v -0.044188 0.038160 -0.007230
v -0.043284 0.038911 -0.008199
v -0.043286 0.039521 -0.008334
v -0.044385 0.038673 -0.007629
v -0.044451 0.039405 -0.007905
v -0.043104 0.038355 -0.007774
v -0.043111 0.040189 -0.008305
v -0.044169 0.040047 -0.007786
v -0.045421 0.036997 -0.007310
v -0.045440 0.037873 -0.007714
v -0.045975 0.038804 -0.008533
v -0.045865 0.036922 -0.007847
v -0.046511 0.036802 -0.008620
v -0.046110 0.035616 -0.007983
v -0.046857 0.039477 -0.009239
v -0.048001 0.039766 -0.010284
v -0.047709 0.036572 -0.009671
v -0.047072 0.035131 -0.008921
v -0.045105 0.038424 -0.007812
v -0.045324 0.039013 -0.008211
v -0.046277 0.040884 -0.008321
v -0.046966 0.041767 -0.008838
v -0.045688 0.040240 -0.007897
v -0.045141 0.041325 -0.006933
v -0.045535 0.042143 -0.007255
v -0.046075 0.042947 -0.007699
v -0.044582 0.043414 -0.005988
v -0.044964 0.044320 -0.006336
v -0.044290 0.042476 -0.005672
v -0.045128 0.039961 -0.007792
v -0.044621 0.040882 -0.007049
v -0.043819 0.041947 -0.006001
v -0.042707 0.042965 -0.004309
v -0.040811 0.044457 -0.002528
v -0.040181 0.044070 -0.004213
v -0.038058 0.046092 -0.000994
v -0.037450 0.045338 -0.002550
v -0.033848 0.051447 -0.000848
v -0.039624 0.050728 -0.001955
v -0.036993 0.044935 -0.004429
v -0.034441 0.042344 -0.007679
v -0.032850 0.042516 -0.007162
v -0.033809 0.045181 -0.003322
v -0.023436 0.042378 -0.002639
v -0.024305 0.043372 -0.002250
v -0.028349 0.041597 -0.006668
v -0.027892 0.041204 -0.006824
v -0.021792 0.042579 -0.002114
v -0.023219 0.043681 -0.001543
v -0.027939 0.044775 -0.002273
v -0.030005 0.042232 -0.006536
v -0.029017 0.041933 -0.006555
v -0.026102 0.044092 -0.002348
v -0.027304 0.045756 -0.000665
v -0.024845 0.044635 -0.001079
v -0.034095 0.046143 -0.001411
v -0.021947 0.055203 -0.190582
v -0.021657 0.039284 -0.190797
v -0.041022 0.042758 -0.182390
v -0.040827 0.056531 -0.182378
v -0.039431 0.043976 -0.005752
v -0.035717 0.041924 -0.008341
v -0.050606 0.059043 -0.174902
v -0.049708 0.067996 -0.173720
v -0.041148 0.068888 -0.179612
v -0.037450 -0.066892 -0.117586
v -0.027615 -0.079444 -0.121757
v -0.019593 0.042601 -0.001003
v -0.021425 0.044009 -0.000791
v -0.018369 0.041335 -0.001159
v -0.017693 0.041186 -0.001035
v -0.018850 0.042684 -0.001020
v -0.020440 0.044218 -0.000839
v -0.023644 0.045233 -0.000509
v -0.022888 0.045720 -0.000184
v -0.026444 0.047281 0.000532
v -0.026593 0.046452 0.000340
v -0.034024 0.047108 -0.000082
v -0.034097 0.048093 0.000123
v -0.025869 0.048089 -0.000141
v -0.022317 0.046193 -0.000815
v -0.025187 0.048967 -0.000883
v -0.022093 0.047134 -0.001327
v -0.033872 0.049764 -0.001346
v -0.034108 0.049064 -0.000465
v -0.021417 0.038979 -0.000354
v -0.019134 0.039319 -0.000616
v -0.021970 0.039242 -0.000550
v -0.019500 0.039541 -0.000877
v -0.023122 0.039251 -0.001342
v -0.018566 0.040022 -0.001196
v -0.017866 0.039888 -0.000950
v -0.024024 0.039187 -0.001807
v -0.018111 0.042667 -0.001422
v -0.016776 0.040998 -0.001097
v -0.016989 0.043042 -0.002247
v -0.016071 0.041047 -0.001530
v -0.019352 0.045497 -0.002314
v -0.019727 0.044368 -0.001667
v -0.016879 0.039743 -0.000991
v -0.017556 0.039236 -0.000716
v -0.016140 0.039701 -0.001107
v -0.016829 0.039032 -0.000731
v -0.024174 0.036490 0.001393
v -0.023926 0.035869 0.001543
v -0.020835 0.037742 0.000485
v -0.020219 0.037299 0.000509
v -0.032558 0.033095 0.001467
v -0.035735 0.032865 0.000542
v -0.032117 0.032035 0.001775
v -0.035585 0.031677 0.000686
v -0.027140 0.032736 0.002597
v -0.027627 0.033617 0.002176
v -0.033057 -0.103809 -0.022499
v -0.046199 0.032768 -0.007339
v -0.047291 0.031608 -0.007763
v -0.045571 0.031232 -0.005898
v -0.044692 0.032594 -0.005822
v -0.042991 0.032544 -0.004190
v -0.043443 0.031147 -0.003990
v -0.040997 0.031236 -0.002243
v -0.040820 0.032544 -0.002424
v -0.038482 0.032716 -0.001087
v -0.038679 0.031308 -0.000745
v -0.049233 0.035824 -0.010994
v -0.050068 0.039137 -0.012313
v -0.050766 0.034852 -0.012511
v -0.052250 0.038300 -0.014331
v -0.015277 0.044124 -0.002087
v -0.014964 0.041338 -0.001793
v -0.013722 0.045054 -0.001044
v -0.013575 0.042157 -0.000908
v -0.014936 0.048087 -0.000699
v -0.016844 0.047038 -0.002095
v -0.015342 0.039813 -0.001080
v -0.016109 0.038736 -0.000764
v -0.014298 0.039832 -0.000626
v -0.015284 0.038397 -0.000188
v -0.023428 0.035117 0.001734
v -0.022886 0.034281 0.002083
v -0.019596 0.036797 0.000838
v -0.018754 0.036042 0.001199
v -0.049625 -0.020239 -0.144853
v -0.053238 0.018215 -0.165731
v -0.046901 0.054033 -0.005277
v -0.044519 0.051442 -0.004025
v -0.041023 0.053089 -0.002063
v -0.042880 0.056447 -0.002576
v -0.049687 0.057430 -0.007986
v -0.051987 0.053417 -0.010170
v -0.049499 0.051115 -0.007720
v -0.047170 0.049265 -0.006003
v -0.050913 0.042189 -0.012145
v -0.049141 0.042537 -0.010552
v -0.049201 0.044586 -0.009582
v -0.051020 0.044896 -0.011148
v -0.053078 0.041757 -0.014276
v -0.053470 0.045331 -0.013277
v -0.050491 0.047778 -0.009542
v -0.048426 0.046794 -0.007934
v -0.053082 0.049008 -0.011633
v -0.022833 0.053367 0.000226
v -0.023470 0.051619 -0.000835
v -0.020635 0.049225 -0.001634
v -0.019228 0.049969 -0.000921
v -0.021684 0.054945 0.001007
v -0.017182 0.051030 -0.000069
v -0.035959 0.057556 0.000157
v -0.034977 0.054381 -0.000301
v -0.024766 0.049512 -0.001496
v -0.022759 0.048197 -0.001371
v -0.024409 0.049661 -0.001604
v -0.022137 0.048104 -0.001555
v -0.058379 0.082031 -0.158406
v -0.060456 0.090226 -0.147267
v -0.044031 0.099672 -0.155707
v -0.043252 0.090078 -0.166340
v -0.040993 0.047769 -0.003243
v -0.041616 0.048246 -0.003504
v -0.044040 0.046802 -0.005036
v -0.043488 0.046363 -0.004771
v -0.045339 0.044934 -0.006488
v -0.045919 0.045395 -0.006653
v -0.046986 0.043974 -0.008085
v -0.046484 0.043708 -0.007878
v -0.047109 0.042668 -0.008871
v -0.047583 0.042589 -0.009291
v -0.022163 0.049043 -0.001480
v -0.024188 0.050210 -0.001224
v -0.052122 0.047219 -0.173831
v -0.044283 0.089850 -0.023247
v -0.051300 0.085031 -0.029047
v -0.049207 0.079861 -0.022330
v -0.042615 0.049389 -0.003279
v -0.045192 0.047765 -0.005091
v -0.046909 0.046041 -0.006972
v -0.047907 0.044345 -0.008477
v -0.048315 0.043128 -0.009472
v -0.072062 -0.007605 -0.068105
v -0.072211 -0.007790 -0.069942
v -0.079107 -0.003002 -0.097534
v -0.077331 0.003600 -0.097728
v -0.076170 0.007279 -0.096777
v -0.079708 0.016899 -0.085478
v -0.081272 0.019442 -0.088948
v -0.082395 -0.019566 -0.087123
v -0.079240 -0.020613 -0.082945
v -0.082254 -0.018760 -0.087791
v -0.087753 0.013743 -0.096929
v -0.088252 0.011914 -0.097939
v -0.089236 0.011665 -0.097503
v -0.042936 -0.039358 -0.130848
v -0.047251 -0.028190 -0.139335
v -0.088541 0.009963 -0.098919
v -0.073792 -0.003670 -0.073290
v -0.080108 -0.003516 -0.097668
v -0.081610 -0.004415 -0.099321
v -0.082456 -0.009445 -0.098544
v -0.081757 -0.008820 -0.097976
v -0.081852 -0.014110 -0.095787
v -0.081255 -0.013230 -0.095443
v -0.083716 -0.016510 -0.090909
v -0.083819 -0.012841 -0.094549
v -0.082252 0.019590 -0.090392
v -0.082330 0.018938 -0.089434
v -0.083008 0.019556 -0.090755
v -0.074576 -0.005005 -0.074450
v -0.078075 0.014749 -0.085082
v -0.077724 0.013444 -0.082969
v -0.077384 0.013760 -0.083560
v -0.072524 -0.000907 -0.079540
v -0.072292 -0.000151 -0.079881
v -0.073706 -0.002305 -0.078787
v -0.075423 -0.003155 -0.076425
v -0.069662 -0.010830 -0.077017
v -0.069315 -0.011777 -0.078378
v -0.068744 -0.012372 -0.077616
v -0.085665 0.024472 -0.094143
v -0.077913 0.012573 -0.082338
v -0.079047 0.013482 -0.082895
v -0.079746 0.014444 -0.083445
v -0.083768 0.018914 -0.090673
v -0.080170 0.015277 -0.083871
v -0.079194 0.015271 -0.084101
v -0.080433 0.016662 -0.085257
v -0.078525 0.015279 -0.084524
v -0.074601 -0.010978 -0.091214
v -0.073601 -0.010687 -0.089197
v -0.073693 0.011932 -0.072359
v -0.074070 0.009697 -0.074298
v -0.078307 -0.020825 -0.080550
v -0.076107 0.014014 -0.092170
v -0.076960 0.016600 -0.094482
v -0.085553 -0.009018 -0.096522
v -0.079033 -0.013088 -0.085820
v -0.076940 -0.013800 -0.084392
v -0.081392 -0.012133 -0.087472
v -0.083168 -0.009925 -0.089473
v -0.074894 0.005984 -0.085346
v -0.083331 0.009046 -0.091822
v -0.083606 0.006810 -0.092522
v -0.082068 0.009457 -0.090620
v -0.077924 0.019972 -0.093363
v -0.078260 0.020170 -0.091033
v -0.075377 0.016926 -0.092006
v -0.078156 0.018475 -0.090363
v -0.071558 -0.007546 -0.077365
v -0.069465 -0.013638 -0.079879
v -0.071255 -0.012594 -0.081588
v -0.070575 -0.014442 -0.080760
v -0.071767 -0.013806 -0.082651
v -0.071942 -0.012928 -0.084435
v -0.072399 -0.011527 -0.086024
v -0.073735 -0.009653 -0.086484
v -0.071359 -0.003754 -0.078812
v -0.077791 0.022488 -0.082239
v -0.070894 -0.005500 -0.078459
v -0.072809 -0.002134 -0.078999
v -0.072741 -0.003756 -0.078299
v -0.072255 -0.005543 -0.077688
v -0.075639 -0.015437 -0.077670
v -0.075676 -0.014505 -0.080495
v -0.074383 -0.014671 -0.077099
v -0.075813 -0.014379 -0.082779
v -0.073319 -0.014242 -0.076752
v -0.077627 0.014920 -0.091645
v -0.078349 0.017718 -0.091942
v -0.072250 -0.004087 -0.066972
v -0.064524 0.013659 -0.018846
v -0.065866 0.021723 -0.026396
v -0.026568 -0.027825 0.013269
v -0.025826 -0.030463 0.014347
v -0.056877 0.006600 -0.002933
v -0.052584 0.004997 0.002339
v -0.025436 -0.020806 0.023202
v -0.024593 -0.021387 0.023582
v -0.023681 -0.020655 0.023837
v -0.024465 -0.020598 0.023332
v -0.022407 -0.019848 0.022197
v -0.023228 -0.020562 0.021414
v -0.023393 -0.020330 0.022591
v -0.022600 -0.019772 0.023331
v -0.028879 -0.006373 0.020736
v -0.032556 -0.002738 0.018187
v -0.035461 -0.007191 0.017933
v -0.032118 -0.010140 0.020341
v -0.024898 -0.024425 0.014988
v -0.024795 -0.022878 0.015034
v -0.024051 -0.021941 0.017692
v -0.024016 -0.022653 0.017572
v -0.024808 -0.025321 0.015251
v -0.023858 -0.022929 0.017671
v -0.026522 -0.026225 0.012808
v -0.026304 -0.023726 0.012507
v -0.034340 -0.027773 0.020114
v -0.030784 -0.025314 0.021434
v -0.031775 -0.022292 0.021187
v -0.035386 -0.023321 0.019635
v -0.025363 0.005080 0.017423
v -0.029173 0.001445 0.017893
v -0.026279 -0.002678 0.020025
v -0.022198 0.001666 0.019036
v -0.018596 0.006282 0.018743
v -0.021414 0.009222 0.016876
v -0.016937 0.014912 0.020632
v -0.017528 0.011504 0.022612
v -0.016669 0.011101 0.026127
v -0.017148 0.013072 0.024564
v -0.014997 0.006787 0.025555
v -0.017566 0.008977 0.021554
v -0.010953 0.005577 0.026414
v -0.010742 0.006265 0.027362
v -0.015240 0.006078 0.024094
v -0.015508 0.004714 0.022359
v -0.011503 0.004703 0.025331
v -0.010181 0.007169 0.028190
v -0.013068 0.007563 0.028010
v -0.014551 0.010079 0.028918
v -0.003949 0.010112 0.035924
v -0.005063 0.011921 0.037534
v -0.008989 0.037215 0.014842
v -0.011853 0.033166 0.012702
v -0.009156 0.035108 0.017610
v -0.011863 0.031353 0.015285
v -0.013921 0.013049 0.031773
v -0.015308 0.014535 0.029877
v -0.011471 0.014923 0.035209
v -0.012339 0.017437 0.034342
v -0.003389 0.051452 0.010752
v -0.001989 0.005642 0.032732
v -0.002324 0.004960 0.032343
v -0.001723 0.007311 0.034086
v -0.022446 0.079727 -0.182781
v -0.022829 0.093967 -0.174268
v -0.021739 0.111227 -0.154134
v -0.019431 0.117787 -0.142782
v -0.005334 -0.011049 0.036315
v -0.005154 -0.008401 0.035766
v -0.012546 -0.019033 0.021698
v -0.007073 -0.018917 0.023164
v -0.006911 -0.019246 0.026324
v -0.012382 -0.019644 0.025071
v -0.016155 -0.019883 0.023363
v -0.016753 -0.019276 0.019954
v -0.012724 -0.018110 0.018976
v -0.007130 -0.017964 0.020026
v -0.011803 -0.019456 0.030686
v -0.006482 -0.018712 0.032595
v -0.006166 -0.016592 0.034783
v -0.011609 -0.017473 0.032440
v -0.018115 0.000349 0.021944
v -0.014034 0.001406 0.024389
v -0.009868 0.002124 0.027873
v -0.006586 0.002412 0.030480
v -0.005848 0.004453 0.030344
v -0.008351 0.004605 0.028066
v -0.005478 0.005325 0.030529
v -0.007822 0.005410 0.028501
v -0.007660 0.006131 0.028954
v -0.008132 0.007031 0.029118
v -0.006448 0.007290 0.030346
v -0.006941 0.007945 0.030076
v -0.005409 0.006067 0.030789
v -0.003850 0.032317 0.031404
v -0.003648 0.035067 0.027807
v -0.009890 -0.007277 0.033495
v -0.005195 -0.006435 0.034727
v -0.004257 -0.002529 0.033175
v -0.008657 -0.002939 0.031854
v -0.013287 -0.004158 0.029633
v -0.014888 -0.009343 0.031268
v -0.002701 0.004131 0.032085
v -0.010168 -0.009458 0.034157
v -0.010473 -0.011967 0.034373
v -0.015295 -0.011661 0.031793
v -0.015510 -0.013941 0.031800
v -0.019589 -0.012247 0.028634
v -0.018614 -0.006522 0.027134
v -0.024285 -0.009085 0.024328
v -0.023495 -0.015238 0.026092
v -0.031488 -0.019218 0.021571
v -0.026908 -0.021164 0.022823
v -0.026757 -0.019872 0.023113
v -0.026435 -0.018639 0.023736
v -0.030796 -0.016073 0.022040
v -0.034937 -0.018862 0.019871
v -0.034069 -0.014353 0.020094
v -0.028725 -0.012704 0.022841
v -0.025567 -0.017177 0.024561
v -0.025519 -0.020053 0.023569
v -0.024563 -0.020286 0.023525
v -0.025151 -0.019381 0.024181
v -0.024260 -0.019976 0.024087
v -0.024539 -0.018605 0.024970
v -0.023681 -0.019615 0.024823
v -0.022518 -0.018825 0.025988
v -0.023101 -0.017293 0.026269
v -0.022609 -0.020857 0.022600
v -0.021466 -0.020907 0.023483
v -0.021383 -0.020693 0.024602
v -0.022466 -0.020780 0.023477
v -0.023359 -0.020856 0.021808
v -0.023110 -0.020702 0.022872
v -0.023580 -0.021595 0.018233
v -0.022810 -0.021178 0.018760
v -0.023736 -0.020689 0.021293
v -0.023763 -0.020605 0.022193
v -0.023690 -0.020365 0.023308
v -0.023526 -0.020393 0.023622
v -0.022937 -0.020329 0.024286
v -0.021875 -0.020001 0.025348
v -0.015557 -0.016195 0.031175
v -0.019286 -0.016348 0.029001
v -0.019040 -0.018269 0.028207
v -0.015556 -0.018670 0.029964
v -0.018753 -0.019836 0.027182
v -0.017450 -0.018398 0.017165
v -0.015506 -0.020102 0.028260
v -0.020674 -0.020039 0.017561
v -0.021747 -0.019393 0.014911
v -0.019826 -0.020444 0.020868
v -0.024261 -0.021909 0.015502
v -0.023564 -0.021117 0.015719
v -0.025710 -0.021985 0.012666
v -0.024766 -0.020681 0.013156
v -0.018805 -0.020541 0.025727
v -0.019570 -0.014449 0.029082
v -0.010952 -0.014610 0.033648
v -0.005727 -0.013697 0.035690
v -0.004565 0.026116 0.039367
v -0.004269 0.029547 0.035131
v -0.023004 -0.020015 0.023880
v -0.010759 -0.109191 -0.008337
v -0.025958 -0.022257 0.023121
v -0.024259 -0.027283 0.015885
v -0.023149 -0.023580 0.018283
v -0.031480 -0.031946 0.021802
v -0.026650 -0.034621 0.025514
v -0.024705 -0.030330 0.026147
v -0.028588 -0.028338 0.022923
v -0.021921 -0.024141 0.027204
v -0.024456 -0.023101 0.024592
v -0.023218 -0.021660 0.025162
v -0.020708 -0.021804 0.027652
v -0.019838 -0.019975 0.027777
v -0.022285 -0.020424 0.025261
v -0.018022 -0.017601 0.026688
v -0.013628 -0.016470 0.028895
v -0.013134 -0.021660 0.025028
v -0.017661 -0.022539 0.022837
v -0.021988 -0.023161 0.019679
v -0.021302 -0.019088 0.023271
v -0.018472 -0.017728 0.027200
v -0.021340 -0.018968 0.024542
v -0.014149 -0.016467 0.029999
v -0.021434 -0.107130 -0.014030
v -0.021795 -0.019438 0.025025
v -0.019070 -0.018432 0.027402
v -0.014827 -0.017378 0.030671
v -0.015747 -0.019334 0.031369
v -0.016573 -0.021673 0.031853
v -0.017401 -0.024685 0.031631
v -0.019473 -0.032441 0.030348
v -0.020915 -0.037602 0.030134
v -0.013200 -0.033244 0.033650
v -0.014331 -0.038442 0.034388
v -0.012291 -0.025012 0.035261
v -0.011885 -0.021301 0.035714
v -0.011156 -0.018628 0.034852
v -0.010482 -0.016530 0.033672
v -0.003297 0.002421 0.031946
v -0.005251 0.007680 0.031621
v -0.004137 0.008679 0.033631
v -0.007349 0.013633 0.037985
v -0.001598 0.008733 0.036139
v -0.010007 0.015057 0.037040
v -0.008254 0.014913 0.038616
v -0.008854 0.016654 0.039104
v -0.010064 0.017029 0.037802
v -0.006721 0.014632 0.040006
v -0.007998 0.016668 0.040187
v -0.002640 0.013918 0.042130
v -0.003460 0.017654 0.043453
v -0.004434 0.022994 0.042035
v -0.003890 0.019896 0.043428
v -0.009324 0.018350 0.039319
v -0.010596 0.019819 0.037259
v -0.010834 0.022401 0.034553
v -0.012964 0.019561 0.031406
v -0.010172 0.131283 -0.100798
v -0.009781 -0.015426 0.032684
v -0.008890 -0.015525 0.031043
v -0.012947 -0.033197 0.020659
v -0.012977 -0.028286 0.021986
v -0.008156 -0.028150 0.023577
v -0.008078 -0.032960 0.022447
v -0.004776 -0.015004 0.032135
v -0.004651 -0.020888 0.027472
v -0.008427 -0.021079 0.026621
v -0.005065 -0.014968 0.033931
v -0.005569 -0.016085 0.035290
v -0.006104 -0.018223 0.036815
v -0.004481 -0.028173 0.024358
v -0.004431 -0.033200 0.023322
v -0.022698 -0.028159 0.017252
v -0.023241 -0.032509 0.016065
v -0.017994 -0.028728 0.020030
v -0.018353 -0.032817 0.018755
v -0.007622 -0.038056 0.037336
v -0.006842 -0.033163 0.035922
v -0.006663 -0.021261 0.037638
v -0.006735 -0.025247 0.037170
v -0.022650 0.103654 -0.165075
v -0.062791 0.086452 -0.053068
v -0.061093 0.081429 -0.043929
v -0.054318 0.090052 -0.038374
v -0.056337 0.094007 -0.046730
v -0.063325 0.092539 -0.062698
v -0.056837 0.098957 -0.055699
v -0.039837 0.119708 -0.118273
v -0.040362 0.121803 -0.104096
v -0.021338 0.128474 -0.101477
v -0.034731 0.117084 -0.132039
v -0.047153 0.107215 -0.139562
v -0.049272 0.113542 -0.120983
v -0.049155 0.116290 -0.105880
v -0.027633 -0.091370 -0.120530
v -0.053095 0.030331 -0.169581
v -0.047848 0.117946 -0.092093
v -0.039685 0.122662 -0.090175
v -0.039197 0.122046 -0.077378
v -0.046548 0.117965 -0.080117
v -0.021180 0.128908 -0.086816
v -0.010132 0.131486 -0.085484
v -0.020108 -0.008157 -0.175452
v -0.003584 0.037846 0.024439
v -0.048297 -0.052431 -0.111420
v -0.057433 -0.049392 -0.093923
v -0.059654 -0.096281 -0.060638
v -0.070054 -0.023304 -0.081073
v -0.069763 -0.022724 -0.081869
v -0.059275 -0.060543 -0.071929
v -0.060456 -0.046938 -0.075833
v -0.039130 -0.053484 -0.123046
v -0.078423 -0.014505 -0.094142
v -0.079187 -0.011065 -0.095844
v -0.079645 -0.015358 -0.093685
v -0.080347 -0.011689 -0.095691
v -0.080358 -0.007546 -0.097090
v -0.080234 -0.016942 -0.092572
v -0.078202 0.020321 -0.089434
v -0.079790 0.022007 -0.088635
v -0.069399 -0.023988 -0.076561
v -0.069345 -0.023653 -0.078340
v -0.068696 -0.023868 -0.077461
v -0.068541 -0.024053 -0.076029
v -0.069114 -0.024517 -0.074789
v -0.068284 -0.024387 -0.074796
v -0.077789 0.038309 -0.085185
v -0.066813 -0.024281 -0.078357
v -0.068992 -0.023092 -0.081272
v -0.068941 -0.023392 -0.079686
v -0.068463 -0.023978 -0.078110
v -0.067799 -0.024419 -0.075951
v -0.067742 -0.024974 -0.074106
v -0.068447 -0.025475 -0.073447
v -0.080534 -0.018124 -0.092668
v -0.073587 -0.025736 -0.079084
v -0.077166 0.013216 -0.093822
v -0.077134 0.011095 -0.095091
v -0.079321 0.012317 -0.096790
v -0.079221 0.014599 -0.095725
v -0.059708 -0.017093 -0.133085
v -0.061917 -0.007287 -0.140210
v -0.014323 -0.089960 -0.125466
v -0.014104 -0.077465 -0.127899
v -0.075870 0.027335 -0.131615
v -0.077163 0.014905 -0.092760
v -0.079332 0.016474 -0.094641
v -0.079353 -0.007019 -0.097029
v -0.075157 0.014800 -0.092948
v -0.075481 0.012910 -0.093995
v -0.080488 0.017678 -0.096525
v -0.080331 0.015536 -0.097655
v -0.080647 0.012954 -0.098652
v -0.075759 0.010782 -0.095081
v -0.077953 0.018141 -0.094833
v -0.080069 0.061634 -0.114211
v -0.079358 0.053274 -0.126887
v -0.076658 0.077527 -0.120923
v -0.075712 0.069742 -0.134974
v -0.071300 0.060926 -0.149483
v -0.074784 0.043460 -0.141257
v -0.078194 0.020375 -0.089838
v -0.080658 0.022937 -0.089405
v -0.063751 0.097310 -0.071650
v -0.068882 0.091074 -0.077823
v -0.056924 0.103255 -0.063914
v -0.056682 0.107098 -0.071577
v -0.063040 0.101954 -0.079729
v -0.070314 0.093026 -0.090368
v -0.079088 0.055332 -0.097736
v -0.078305 0.069591 -0.101354
v -0.075293 0.076123 -0.088753
v -0.074603 0.085283 -0.106485
v -0.066015 0.100735 -0.098444
v -0.069725 0.094420 -0.112128
v -0.058885 0.108288 -0.103926
v -0.061020 0.103596 -0.117999
v -0.060885 0.097978 -0.133249
v -0.071386 0.087639 -0.126301
v -0.061111 0.106139 -0.086901
v -0.054998 0.110718 -0.077883
v -0.055986 0.111716 -0.091609
v -0.052666 0.113776 -0.083174
v -0.073315 0.079128 -0.081951
v -0.063238 -0.029789 -0.072429
v -0.065290 -0.029162 -0.067152
v -0.069889 -0.017215 -0.061532
v -0.068602 0.013717 -0.031625
v -0.068475 0.025541 -0.036830
v -0.071752 0.015611 -0.045623
v -0.070168 0.001605 -0.040832
v -0.066942 0.038650 -0.041425
v -0.070663 0.029288 -0.050092
v -0.070867 0.043041 -0.055227
v -0.067018 0.052717 -0.044944
v -0.062689 0.052751 -0.163338
v -0.065047 0.036668 -0.158148
v -0.065551 0.024449 -0.153879
v -0.047617 0.074957 -0.017326
v -0.022245 0.069797 -0.187171
v -0.046528 0.095617 -0.032021
v -0.054856 0.072661 -0.167615
v -0.041853 0.077363 -0.175328
v -0.070642 0.080077 -0.140238
v -0.067486 0.072445 -0.152522
v -0.059564 0.063423 -0.165888
v -0.064713 0.008924 -0.148789
v -0.047129 0.115523 -0.071880
v -0.055638 0.040997 -0.017188
v -0.054815 0.036338 -0.017013
v -0.056122 0.045987 -0.016743
v -0.053316 0.031934 -0.014177
v -0.015225 0.029438 0.011135
v -0.014902 0.027835 0.013478
v -0.014638 0.025784 0.015902
v -0.018320 0.024742 0.011981
v -0.017802 0.022246 0.014325
v -0.011554 0.027247 0.021043
v -0.011819 0.029280 0.018085
v -0.014120 0.023808 0.018307
v -0.013931 0.021263 0.020710
v -0.011672 0.024860 0.023912
v -0.018195 0.008516 0.019490
v -0.019070 0.012810 0.017017
v -0.016466 0.017146 0.018172
v -0.021518 0.019233 0.013480
v -0.020437 0.016340 0.015327
v -0.017059 0.019981 0.016240
v -0.022566 0.021989 0.011027
v -0.014885 0.018475 0.023737
v -0.015840 0.015887 0.027327
v -0.012131 0.022189 0.027676
v -0.010322 0.024967 0.030597
v -0.009818 0.027785 0.026776
v -0.018910 0.026558 0.009833
v -0.023698 0.024182 0.009072
v -0.024109 0.013033 0.015497
v -0.028718 0.009886 0.015847
v -0.026121 0.016765 0.013082
v -0.030390 0.014199 0.013158
v -0.027170 0.019788 0.010809
v -0.031606 0.017392 0.010628
v -0.032756 0.005932 0.016125
v -0.036349 0.001869 0.015897
v -0.039523 -0.003777 0.015383
v -0.039106 0.006481 0.013049
v -0.042925 0.000820 0.012270
v -0.040880 0.011080 0.009954
v -0.045437 0.005578 0.008999
v -0.034986 0.010859 0.013142
v -0.036516 0.014389 0.010346
v -0.032687 0.020452 0.008085
v -0.028367 0.022513 0.008602
v -0.041701 0.020587 0.003955
v -0.041631 0.015797 0.006935
v -0.037211 0.018235 0.007468
v -0.037652 0.022063 0.004758
v -0.046831 0.011773 0.005670
v -0.046329 0.018706 0.002712
v -0.045411 0.023076 0.000244
v -0.031392 0.030290 0.002799
v -0.026536 0.031133 0.003503
v -0.035040 0.029729 0.001787
v -0.041349 0.024072 0.001761
v -0.037929 0.025017 0.002892
v -0.049233 0.028744 -0.007391
v -0.046937 0.028463 -0.005021
v -0.041250 0.028839 -0.000916
v -0.038355 0.029207 0.000505
v -0.044251 0.028589 -0.002822
v -0.021922 0.032687 0.003154
v -0.017282 0.034675 0.002737
v -0.056122 -0.061799 -0.088325
v -0.009301 0.030395 0.023747
v -0.009218 0.032747 0.020574
v -0.014602 0.051804 0.001472
v -0.012388 0.048881 0.001338
v -0.006655 0.050750 0.008145
v -0.018488 0.056436 0.002980
v -0.014049 0.037376 0.002133
v -0.012245 0.039896 0.001552
v -0.011327 0.042538 0.001339
v -0.011102 0.045805 0.001214
v -0.029679 0.069668 0.001539
v -0.026215 0.063660 0.004378
v -0.057701 0.076554 -0.033753
v -0.061367 0.067500 -0.036013
v -0.050565 0.061982 -0.012089
v -0.053731 0.057236 -0.014320
v -0.055617 0.051647 -0.015959
v -0.063250 0.055650 -0.036539
v -0.064060 0.043343 -0.034583
v -0.065190 0.032009 -0.031284
v -0.048537 0.104649 -0.048339
v -0.048383 0.108811 -0.056196
v -0.048135 0.100189 -0.040141
v -0.038924 0.119845 -0.067284
v -0.039049 0.117131 -0.058123
v -0.047948 0.112484 -0.063989
v -0.039563 0.113522 -0.049933
v -0.039948 0.109365 -0.042163
v -0.039505 0.105000 -0.033990
v -0.038348 0.100201 -0.025870
v -0.036539 0.093237 -0.017739
v -0.047400 -0.064343 -0.106584
v -0.006949 0.017156 0.024477
v -0.006532 0.017157 0.024954
v -0.006707 0.017096 0.024290
v -0.006230 0.017159 0.024796
v -0.006608 0.016813 0.024988
v -0.006583 0.009402 0.029166
v -0.005582 0.011144 0.027849
v -0.006007 0.014623 0.026395
v -0.069173 -0.023949 -0.062302
v -0.058237 -0.095133 -0.076257
v -0.054471 -0.094389 -0.090265
v 0.056545 -0.094380 -0.076056
v 0.052698 -0.093662 -0.090106
v 0.020825 -0.113112 -0.014709
v 0.032816 -0.110564 -0.021933
v 0.033852 -0.119242 -0.021658
v 0.021398 -0.121338 -0.015081
v 0.060075 -0.113052 -0.078039
v 0.057828 -0.103571 -0.075669
v 0.054158 -0.103035 -0.090782
v 0.057383 -0.112589 -0.094081
v 0.047096 -0.103460 -0.103673
v 0.050243 -0.114107 -0.107358
v 0.039538 -0.116352 -0.117093
v 0.037330 -0.103987 -0.113563
v 0.025425 -0.104633 -0.120728
v 0.026901 -0.118001 -0.123252
v 0.044763 -0.107713 -0.031858
v 0.053790 -0.105359 -0.044794
v 0.055057 -0.115010 -0.045454
v 0.045808 -0.116901 -0.031866
v 0.058527 -0.104077 -0.059558
v 0.059940 -0.113887 -0.061259
v 0.013072 -0.118671 -0.126262
v 0.012240 -0.104262 -0.124363
v 0.023080 -0.141235 -0.014585
v 0.009939 -0.143206 -0.012895
v 0.010122 -0.132457 -0.012013
v 0.022272 -0.131085 -0.015040
v 0.053847 -0.148319 -0.032272
v 0.067749 -0.144642 -0.046761
v 0.074210 -0.152342 -0.041865
v 0.058148 -0.157248 -0.027446
v 0.095856 -0.152161 -0.054122
v 0.105281 -0.145626 -0.077732
v 0.038094 -0.150040 -0.020762
v 0.040568 -0.158901 -0.015382
v -0.001127 -0.132432 -0.130971
v -0.001177 -0.118477 -0.126809
v 0.095343 -0.140976 -0.081495
v 0.094620 -0.142061 -0.105904
v 0.106846 -0.147300 -0.103086
v 0.053193 -0.170943 -0.139993
v 0.053505 -0.178209 -0.141356
v 0.068523 -0.173154 -0.140009
v 0.064359 -0.166129 -0.137859
v 0.073762 -0.129188 -0.103256
v 0.062838 -0.132826 -0.117955
v 0.070909 -0.141373 -0.121788
v 0.083986 -0.135910 -0.106031
v 0.036160 -0.153851 -0.136408
v 0.054100 -0.147582 -0.131285
v 0.048258 -0.138278 -0.127664
v 0.032176 -0.142449 -0.133048
v 0.085720 -0.136223 -0.083145
v 0.075437 -0.130292 -0.082688
v 0.078108 -0.140763 -0.063777
v 0.069981 -0.133487 -0.064449
v 0.062119 -0.135932 -0.047887
v 0.055733 -0.124132 -0.112618
v 0.043409 -0.127761 -0.122264
v 0.029102 -0.130702 -0.128091
v 0.014023 -0.132237 -0.130586
v -0.000775 -0.184128 -0.138882
v -0.000827 -0.171700 -0.139416
v 0.017391 -0.156827 -0.137556
v 0.015671 -0.144909 -0.135026
v 0.086526 -0.146624 -0.060534
v 0.063510 -0.124289 -0.063591
v 0.057890 -0.125619 -0.046925
v 0.064694 -0.162067 -0.015612
v 0.082701 -0.159038 -0.032364
v 0.044838 -0.164307 -0.003794
v 0.026740 -0.166640 0.003298
v 0.018992 -0.170224 -0.138634
v 0.018364 -0.182499 -0.138495
v 0.037588 -0.179979 -0.139951
v 0.041168 -0.166896 -0.139227
v 0.050454 -0.138173 -0.033083
v 0.036988 -0.139811 -0.021449
v 0.023344 -0.151037 -0.012937
v 0.063983 -0.121499 -0.098446
v 0.065850 -0.122232 -0.080838
v 0.047878 -0.127310 -0.032748
v 0.035244 -0.129498 -0.021930
v 0.009841 -0.122867 -0.010886
v 0.024529 -0.159648 -0.006936
v 0.095865 -0.155823 -0.123061
v 0.082815 -0.165563 -0.134424
v 0.075710 -0.161495 -0.133621
v -0.001131 -0.157961 -0.138443
v -0.001047 -0.133062 -0.011454
v -0.001387 -0.143690 -0.012749
v -0.000616 -0.123288 -0.009596
v 0.080264 -0.151179 -0.125807
v 0.059918 -0.157856 -0.134849
v -0.000502 -0.115616 -0.007755
v -0.001247 -0.103760 -0.125343
v -0.001499 -0.155147 -0.013017
v -0.001448 -0.166013 -0.007156
v -0.001277 -0.173066 0.004616
v 0.009948 -0.114998 -0.009553
v 0.011001 -0.163505 -0.006237
v 0.010222 -0.153694 -0.012083
v 0.012077 -0.170995 0.004609
v -0.001060 -0.145309 -0.135589
v -0.021555 -0.113465 -0.014914
v -0.033525 -0.110957 -0.022195
v -0.034799 -0.119589 -0.021818
v -0.022329 -0.121594 -0.015218
v -0.061668 -0.113899 -0.078249
v -0.059556 -0.104437 -0.075884
v -0.055979 -0.103780 -0.090913
v -0.059148 -0.113310 -0.094199
v -0.049081 -0.104098 -0.103708
v -0.052183 -0.114673 -0.107408
v -0.041562 -0.116794 -0.117124
v -0.039436 -0.104490 -0.113561
v -0.027594 -0.104988 -0.120725
v -0.028989 -0.118318 -0.123286
v -0.045674 -0.108378 -0.032111
v -0.054796 -0.106345 -0.045102
v -0.055997 -0.115638 -0.045673
v -0.046883 -0.117363 -0.032032
v -0.060147 -0.105130 -0.059774
v -0.061205 -0.114898 -0.061481
v -0.015251 -0.118857 -0.126235
v -0.014602 -0.104460 -0.124331
v -0.024912 -0.141434 -0.014481
v -0.012201 -0.143212 -0.012817
v -0.011625 -0.132493 -0.012103
v -0.023731 -0.131283 -0.015177
v -0.054790 -0.149441 -0.032902
v -0.068762 -0.145524 -0.047324
v -0.075269 -0.153100 -0.042399
v -0.059498 -0.157845 -0.027632
v -0.096972 -0.152962 -0.054632
v -0.106522 -0.146338 -0.078176
v -0.039763 -0.150655 -0.020797
v -0.042539 -0.159611 -0.015370
v -0.096705 -0.141606 -0.081851
v -0.096190 -0.142542 -0.106169
v -0.108348 -0.147829 -0.103424
v -0.054917 -0.171223 -0.140206
v -0.055222 -0.178452 -0.141582
v -0.070154 -0.173449 -0.140276
v -0.066065 -0.166458 -0.138029
v -0.075460 -0.129727 -0.103348
v -0.064596 -0.133510 -0.117983
v -0.072644 -0.141836 -0.121864
v -0.085585 -0.136433 -0.106156
v -0.037983 -0.154119 -0.136493
v -0.055933 -0.147796 -0.131388
v -0.050082 -0.138080 -0.127631
v -0.034034 -0.142678 -0.133039
v -0.087134 -0.136843 -0.083422
v -0.076839 -0.130950 -0.082925
v -0.079367 -0.141494 -0.064166
v -0.071256 -0.134254 -0.064866
v -0.062997 -0.136878 -0.048621
v -0.057570 -0.124625 -0.112679
v -0.045353 -0.128127 -0.122295
v -0.031115 -0.130931 -0.128062
v -0.015962 -0.132879 -0.130525
v -0.019464 -0.157565 -0.137605
v -0.018134 -0.143612 -0.135091
v -0.087706 -0.147414 -0.061015
v -0.064667 -0.125191 -0.064061
v -0.058912 -0.126374 -0.047453
v -0.066341 -0.162845 -0.015554
v -0.083948 -0.159747 -0.032703
v -0.046990 -0.164940 -0.003611
v -0.029208 -0.166838 0.003626
v -0.020870 -0.170299 -0.138763
v -0.020054 -0.182562 -0.138525
v -0.039156 -0.180266 -0.140097
v -0.042907 -0.167164 -0.139364
v -0.051663 -0.138924 -0.033684
v -0.038628 -0.140240 -0.021420
v -0.025556 -0.151577 -0.012982
v -0.065710 -0.122125 -0.098564
v -0.067399 -0.123003 -0.081080
v -0.049232 -0.127804 -0.033027
v -0.036611 -0.129872 -0.022100
v -0.011269 -0.123037 -0.011091
v -0.027014 -0.159981 -0.006777
v -0.097429 -0.156302 -0.123280
v -0.084447 -0.165948 -0.134639
v -0.077372 -0.161862 -0.133760
v -0.081922 -0.151635 -0.125969
v -0.061632 -0.158229 -0.134974
v -0.010904 -0.115167 -0.009814
v -0.013654 -0.163717 -0.006052
v -0.012785 -0.154075 -0.012106
v -0.014466 -0.170916 0.004766
v -0.006999 0.016797 0.024621
v -0.067860 -0.021632 -0.039747
v -0.067314 -0.030631 -0.045527
v -0.064107 -0.040109 -0.035650
v -0.065150 -0.030224 -0.029713
v -0.059236 -0.048298 -0.025616
v -0.062098 -0.037302 -0.021757
v -0.053415 -0.054080 -0.014786
v -0.057767 -0.043348 -0.012844
v -0.048508 -0.056493 -0.003844
v -0.053091 -0.046459 -0.003524
v -0.033816 -0.054606 0.018731
v -0.032072 -0.060493 0.016019
v -0.025264 -0.061267 0.024402
v -0.025928 -0.056359 0.027767
v -0.017894 -0.061869 0.031649
v -0.018532 -0.057108 0.034957
v -0.009842 -0.061765 0.035744
v -0.009918 -0.057105 0.039295
v -0.000127 -0.061278 0.037645
v -0.000137 -0.056463 0.041036
v -0.000082 -0.046471 0.042056
v -0.008947 -0.047071 0.040870
v -0.009472 -0.052093 0.040838
v -0.000170 -0.051975 0.042263
v -0.016472 -0.047181 0.036890
v -0.017881 -0.052410 0.036527
v -0.023154 -0.046239 0.030895
v -0.025012 -0.051507 0.029849
v -0.030839 -0.043910 0.023339
v -0.032800 -0.049395 0.021450
v -0.037115 -0.040299 0.018240
v -0.040436 -0.044213 0.014550
v -0.009026 -0.066169 0.029838
v -0.000129 -0.065454 0.032146
v -0.016593 -0.066314 0.026089
v -0.023616 -0.065711 0.019724
v -0.029756 -0.065494 0.012355
v -0.041923 -0.057496 0.006493
v -0.036211 -0.065361 0.003768
v -0.043468 -0.063178 -0.005560
v -0.048454 -0.061171 -0.017358
v -0.055785 -0.055513 -0.029805
v -0.062245 -0.046707 -0.041900
v -0.065985 -0.036487 -0.052078
v -0.068667 -0.023936 -0.052503
v -0.015133 -0.042979 0.036161
v -0.008275 -0.042528 0.039482
v -0.021284 -0.042131 0.031191
v -0.028492 -0.039279 0.024702
v -0.034423 -0.035948 0.020352
v -0.039307 -0.024627 0.017301
v -0.038097 -0.030679 0.018227
v -0.037783 -0.012613 0.017474
v -0.038744 -0.018541 0.017303
v -0.045796 -0.007244 0.011090
v -0.047464 -0.016345 0.009728
v -0.043195 -0.018157 0.013897
v -0.041933 -0.010374 0.014520
v -0.049220 -0.002034 0.006942
v -0.051477 -0.013103 0.004854
v -0.008126 -0.069943 0.024509
v -0.000131 -0.069809 0.025765
v -0.014874 -0.070359 0.021048
v -0.020906 -0.070688 0.015229
v -0.025403 -0.071681 0.008366
v -0.030381 -0.072257 0.000600
v -0.035572 -0.071725 -0.008572
v -0.042136 -0.069734 -0.019805
v -0.051027 -0.063998 -0.033445
v -0.059807 -0.052700 -0.047225
v -0.063319 -0.041727 -0.057859
v -0.021839 -0.081254 -0.002632
v -0.017822 -0.079223 0.003528
v -0.014282 -0.078218 0.009093
v -0.011057 -0.076941 0.013706
v -0.006421 -0.078228 0.013444
v -0.000063 -0.079179 0.013229
v -0.005657 -0.081977 0.006211
v 0.000144 -0.082661 0.006925
v -0.008024 -0.085381 0.002194
v 0.000163 -0.085932 0.003740
v -0.010335 -0.089230 -0.000330
v -0.000003 -0.091117 0.001038
v -0.041646 -0.034046 0.015386
v -0.045840 -0.035908 0.010706
v -0.047748 -0.026176 0.009279
v -0.052109 -0.024620 0.003525
v -0.050556 -0.036552 0.004373
v -0.043485 -0.026384 0.014016
v -0.055825 -0.034725 -0.003830
v -0.056512 -0.021412 -0.003186
v -0.055320 -0.008041 -0.000384
v -0.059731 -0.016757 -0.009375
v -0.059856 -0.030727 -0.012070
v -0.058716 -0.004781 -0.005743
v -0.061348 -0.001479 -0.010667
v -0.062000 -0.013002 -0.014780
v -0.062499 -0.025232 -0.018407
v -0.045678 -0.048875 0.007151
v -0.064680 -0.020272 -0.024966
v -0.063616 0.001387 -0.016058
v -0.063997 -0.009010 -0.020461
v -0.066044 0.005528 -0.022991
v -0.066799 -0.004971 -0.029636
v -0.067384 -0.014363 -0.034767
v -0.069617 -0.015127 -0.050280
v -0.000117 -0.041872 0.040796
v -0.063515 -0.029282 -0.077038
v -0.021746 -0.004855 0.023446
v -0.016464 -0.002479 0.025792
v -0.011537 -0.001085 0.028773
v -0.007530 -0.000279 0.031115
v -0.003648 -0.000068 0.032516
v -0.000244 -0.103676 -0.003471
v 0.000602 0.064719 0.008888
v -0.000193 -0.096214 -0.000952
v -0.000152 -0.033244 0.023690
v 0.000155 0.132717 -0.084616
v -0.000127 -0.037312 0.039125
v -0.000091 -0.027915 0.024794
v 0.000404 0.030836 0.036818
v -0.000133 -0.033200 0.037275
v -0.000058 -0.021550 0.038611
v 0.000012 -0.015828 0.035809
v 0.000659 0.098364 -0.007756
v -0.000010 -0.017984 0.037598
v -0.000093 0.002115 0.032410
v 0.000434 0.027517 0.040981
v 0.000011 -0.014717 0.034201
v -0.001314 -0.054012 -0.137831
v -0.000064 -0.025503 0.037827
v -0.000146 -0.020874 0.027816
v -0.000024 -0.014738 0.032498
v 0.000239 -0.018203 0.020517
v 0.000010 -0.000670 0.032910
v 0.000543 0.044418 0.019392
v -0.001194 -0.020770 -0.169051
v 0.000429 0.041922 0.022532
v 0.000253 0.118306 -0.030089
v 0.000538 0.107306 -0.015289
v 0.000405 0.033895 0.032829
v -0.000675 0.038244 -0.194139
v -0.000530 0.055040 -0.194250
v 0.000560 0.082566 0.001261
v 0.000082 0.118862 -0.146415
v 0.000451 0.024090 0.043860
v 0.000004 0.008311 0.036373
v 0.000165 0.129533 -0.058481
v -0.000961 0.004957 -0.184998
v -0.000077 0.105071 -0.168507
v 0.000135 -0.016521 0.035594
v 0.000156 0.131575 -0.071074
v 0.000175 -0.018618 0.033061
v 0.000185 0.013453 0.043003
v -0.001088 -0.009646 -0.177717
v -0.000835 0.018001 -0.189647
v -0.000010 -0.006836 0.034943
v -0.000009 -0.003214 0.033451
v 0.000009 0.112788 -0.158055
v 0.000747 0.070689 0.007123
v 0.000038 -0.009089 0.036262
v 0.000615 0.052076 0.012346
v 0.000112 -0.011421 0.037060
v -0.000366 -0.109807 -0.005946
v -0.000288 0.080989 -0.186232
v 0.000118 -0.013910 0.036500
v 0.000227 -0.019070 0.026963
v 0.000464 0.036791 0.029092
v 0.000235 -0.018848 0.023759
v 0.000613 0.089372 -0.002529
v -0.000063 0.004823 0.033142
v -0.000024 0.005478 0.033578
v 0.000520 0.049762 0.013720
v 0.000304 0.113423 -0.022519
v 0.000698 0.054522 0.011574
v -0.000019 0.004057 0.032753
v -0.000398 0.070713 -0.190739
v 0.000134 0.126724 -0.130281
v 0.000142 0.130243 -0.117477
v 0.000510 0.046888 0.016506
v 0.000520 0.039499 0.025515
v -0.001281 -0.063282 -0.134152
v 0.000373 0.017401 0.044990
v 0.000423 0.020415 0.045232
v 0.000180 0.126354 -0.047404
v -0.001244 -0.029106 -0.162044
v 0.000151 0.132915 -0.100463
v 0.000210 0.122522 -0.038213
v -0.001293 -0.044048 -0.146932
v -0.001263 -0.035795 -0.156269
v 0.000100 0.011898 0.041540
v 0.000516 0.057662 0.010489
v 0.000028 0.009813 0.038781
v -0.000173 0.095624 -0.177642
v 0.000005 0.006727 0.034525
v 0.006885 0.016773 0.024741
v 0.067018 -0.020740 -0.038886
v 0.065700 -0.029488 -0.044898
v 0.062631 -0.039163 -0.034899
v 0.064314 -0.029496 -0.028809
v 0.058268 -0.047523 -0.024930
v 0.061436 -0.036640 -0.020975
v 0.052566 -0.053377 -0.014294
v 0.057170 -0.042751 -0.012207
v -0.004175 0.012960 0.040350
v -0.003184 0.010839 0.038277
v 0.047943 -0.055965 -0.003424
v 0.052632 -0.045991 -0.002984
v -0.015156 0.040558 -0.001453
v -0.007898 0.006749 0.029083
v -0.006992 0.030534 0.029478
v -0.013934 0.040947 -0.000831
v 0.033361 -0.054186 0.018881
v 0.031620 -0.060022 0.016093
v 0.024631 -0.060689 0.024238
v 0.025315 -0.055921 0.027640
v -0.010389 0.006933 0.027881
v 0.017392 -0.061487 0.031562
v 0.018079 -0.056885 0.034946
v 0.009515 -0.061652 0.035801
v 0.009667 -0.057085 0.039448
v -0.006534 0.035868 0.022706
v -0.008239 0.042052 0.008347
v 0.008615 -0.047005 0.041196
v 0.009144 -0.052097 0.041127
v -0.006557 0.033140 0.026201
v -0.015693 0.010343 0.027380
v -0.014034 0.007300 0.026829
v -0.006843 0.019169 0.041613
v -0.007759 0.021684 0.040097
v 0.016108 -0.047148 0.037048
v -0.007480 0.015819 0.040179
v -0.004753 0.014288 0.041180
v 0.017357 -0.052321 0.036643
v -0.016613 0.040375 -0.001091
v -0.027385 0.040379 -0.007047
v -0.006028 0.017237 0.041890
v -0.002981 0.015450 0.042906
v -0.019895 0.040770 -0.003357
v -0.015958 0.040465 -0.001318
v -0.011878 0.016377 0.034913
v -0.006859 0.041945 0.012779
v 0.022691 -0.046099 0.031062
v 0.024399 -0.051272 0.029939
v 0.030457 -0.043687 0.023736
v 0.032323 -0.049103 0.021781
v -0.014569 0.013955 0.030943
v 0.036862 -0.040053 0.018929
v 0.040060 -0.043933 0.015139
v 0.008837 -0.065959 0.029747
v -0.017453 0.040455 -0.001192
v -0.018055 0.040614 -0.001328
v -0.007619 0.027609 0.033196
v 0.016245 -0.065836 0.025845
v 0.023182 -0.065086 0.019454
v 0.029496 -0.064942 0.012253
v 0.041620 -0.057180 0.006852
v -0.022514 0.040892 -0.003059
v -0.002965 0.007952 0.033891
v -0.010073 0.016154 0.037433
v -0.008645 0.015946 0.038987
v -0.003456 0.006789 0.032231
v 0.036026 -0.065031 0.003880
v 0.042987 -0.062569 -0.005471
v -0.011676 0.041260 0.001434
v 0.047558 -0.060301 -0.017227
v -0.006517 0.040440 0.016762
v -0.006401 0.038274 0.020083
v 0.054799 -0.054615 -0.029495
v 0.060576 -0.045567 -0.041486
v -0.002829 0.009361 0.036066
v 0.064220 -0.035270 -0.051618
v 0.067577 -0.022939 -0.051633
v 0.014850 -0.042890 0.036438
v 0.008065 -0.042418 0.039844
v 0.020933 -0.042023 0.031457
v -0.007966 0.024649 0.037283
v 0.028142 -0.039136 0.025082
v 0.034278 -0.035754 0.021104
v 0.039231 -0.024478 0.018178
v -0.005902 0.006970 0.030645
v 0.037969 -0.030485 0.019147
v 0.037688 -0.012464 0.018354
v 0.038614 -0.018408 0.018126
v 0.045741 -0.007025 0.012053
v 0.047226 -0.016097 0.010588
v 0.043039 -0.017954 0.014778
v 0.000281 0.015228 0.044111
v -0.005318 0.015611 0.041668
v 0.041906 -0.010178 0.015500
v 0.049271 -0.001736 0.007859
v 0.051232 -0.012836 0.005708
v 0.008013 -0.069671 0.024368
v -0.029031 0.056016 0.000882
v -0.028963 0.053450 -0.000014
v 0.014640 -0.069889 0.020824
v 0.020630 -0.070136 0.014989
v 0.025082 -0.071175 0.008242
v 0.030090 -0.071865 0.000544
v 0.035085 -0.071215 -0.008629
v 0.041314 -0.068897 -0.019726
v -0.022085 0.059769 0.003899
v -0.004404 0.060901 0.008867
v -0.009745 0.060752 0.007758
v 0.050357 -0.063193 -0.033134
v -0.029934 0.048547 -0.000237
v -0.030476 0.046095 -0.001009
v -0.028813 0.051122 -0.000907
v -0.030240 0.046758 0.000206
v -0.030227 0.047638 0.000368
v 0.058317 -0.051679 -0.046839
v -0.028905 0.050068 -0.001094
v 0.061207 -0.040303 -0.057378
v -0.028870 0.050101 -0.001096
v 0.021544 -0.081025 -0.002806
v -0.027096 0.058474 0.002123
v 0.017638 -0.078954 0.003333
v 0.014218 -0.077890 0.008890
v -0.029343 0.049414 -0.000995
v -0.030635 0.045151 -0.002547
v 0.011029 -0.076643 0.013510
v -0.031326 0.042461 -0.006726
v 0.006379 -0.078101 0.013354
v 0.000569 0.061131 0.009711
v -0.021001 0.070286 0.004571
v -0.051298 0.065327 -0.016222
v 0.005821 -0.081920 0.006139
v -0.054468 0.059538 -0.017934
v 0.008045 -0.085285 0.002096
v -0.048065 0.025606 -0.003697
v -0.050728 0.025945 -0.006366
v -0.018229 0.064360 0.006364
v 0.010245 -0.089138 -0.000230
v 0.041374 -0.033793 0.016140
v 0.045347 -0.035623 0.011341
v 0.047325 -0.025897 0.010022
v 0.051690 -0.024303 0.004276
v -0.026180 0.087718 -0.007369
v -0.030616 0.123216 -0.064003
v -0.024654 0.081423 -0.002690
v -0.039008 0.072970 -0.006954
v 0.050122 -0.036251 0.005026
v -0.030752 0.120481 -0.054098
v 0.043220 -0.026165 0.014786
v 0.055318 -0.034362 -0.003098
v 0.056045 -0.021019 -0.002345
v 0.055200 -0.007630 0.000485
v 0.059326 -0.016213 -0.008555
v -0.046385 0.070228 -0.012704
v 0.059280 -0.030266 -0.011218
v -0.055373 0.029245 -0.014541
v -0.006099 0.076299 0.004474
v -0.056705 0.034319 -0.018557
v 0.058601 -0.004265 -0.004777
v -0.014327 0.076156 0.003765
v -0.027123 0.121258 -0.127602
v 0.061273 -0.000808 -0.009778
v 0.061555 -0.012389 -0.013879
v 0.061959 -0.024624 -0.017570
v 0.045423 -0.048515 0.007617
v -0.013128 0.056856 0.005254
v 0.064109 -0.019627 -0.024025
v -0.038172 0.027356 0.001449
v -0.041219 0.026658 0.000208
v 0.063466 0.002081 -0.015203
v -0.031009 0.123212 -0.116455
v -0.054455 0.027569 -0.012038
v -0.029421 0.103193 -0.021242
v -0.009145 0.049930 0.004754
v -0.010959 0.052721 0.004304
v -0.030261 0.108546 -0.029161
v 0.063578 -0.008255 -0.019639
v 0.065855 0.006247 -0.022182
v 0.066430 -0.004197 -0.028783
v -0.030607 0.113124 -0.037216
v 0.066814 -0.013521 -0.033836
v 0.068806 -0.014208 -0.049222
v -0.030948 0.125173 -0.075292
v -0.021239 0.031364 0.004282
v 0.062119 -0.028104 -0.076219
v 0.021548 -0.004828 0.023983
v 0.016280 -0.002497 0.026212
v -0.056723 0.052962 -0.019196
v -0.057576 0.046146 -0.019451
v -0.031610 0.125280 -0.102690
v -0.030833 0.028919 0.003716
v -0.057275 0.040070 -0.019411
v -0.015385 0.121607 -0.135959
v 0.011418 -0.001092 0.029175
v -0.052898 0.026469 -0.009150
v 0.007545 -0.000232 0.031562
v 0.003683 -0.000003 0.032861
v -0.031599 0.074753 -0.002280
v -0.034703 0.028069 0.002728
v -0.008603 0.046742 0.004875
v -0.016600 0.033690 0.004142
v -0.013164 0.036739 0.003961
v -0.030702 0.117072 -0.045310
v -0.010805 0.039840 0.004285
v -0.008993 0.043290 0.004959
v -0.026012 0.029870 0.004422
v -0.027988 0.095561 -0.013300
v -0.031162 0.125856 -0.088424
v -0.044693 0.026062 -0.001556
v 0.000119 0.122325 -0.139011
v 0.000548 0.076392 0.004539
v -0.009774 0.041615 0.004773
v -0.015738 0.060442 0.006162
v -0.023123 0.075663 0.001538
v -0.000069 -0.029368 0.037061
v -0.026877 -0.015257 0.024062
v -0.028306 -0.017507 0.023117
v -0.028069 -0.023400 0.022442
v -0.019457 -0.009516 0.028003
v -0.023939 -0.012607 0.025650
v -0.018391 -0.028283 0.031050
v -0.028752 -0.019554 0.022561
v -0.012718 -0.028825 0.034367
v -0.029011 -0.021522 0.022210
v -0.006828 -0.028927 0.036085
v 0.000003 -0.004879 0.034200
v -0.009326 -0.005024 0.032689
v -0.004535 -0.004474 0.034062
v -0.014348 -0.006772 0.030487
v -0.026014 -0.025306 0.023924
v -0.023004 -0.027139 0.026974
v 0.004415 0.012881 0.040521
v 0.003287 0.010835 0.038374
v 0.015485 0.040738 -0.000583
v 0.007800 0.006737 0.029321
v 0.007311 0.030634 0.029726
v 0.014206 0.041086 -0.000141
v 0.010294 0.006879 0.028167
v 0.007010 0.035977 0.022960
v 0.008503 0.042130 0.008674
v 0.006948 0.033252 0.026456
v 0.015625 0.010246 0.027707
v 0.013938 0.007212 0.027146
v 0.007285 0.019220 0.041809
v 0.008167 0.021756 0.040303
v 0.007742 0.015816 0.040350
v 0.005099 0.014203 0.041391
v 0.017036 0.040608 -0.000028
v 0.027923 0.040593 -0.005990
v 0.006478 0.017242 0.042096
v 0.003534 0.015356 0.043139
v 0.020373 0.040901 -0.002141
v 0.016360 0.040677 -0.000317
v 0.011902 0.016355 0.035107
v 0.007280 0.042047 0.013090
v 0.014569 0.013888 0.031206
v 0.017918 0.040702 -0.000059
v 0.018534 0.040868 -0.000132
v 0.007831 0.027670 0.033427
v 0.022982 0.040859 -0.001888
v 0.002894 0.008016 0.033923
v 0.010136 0.016156 0.037593
v 0.008788 0.015957 0.039139
v 0.003353 0.006846 0.032316
v 0.011879 0.041355 0.001944
v 0.007054 0.040557 0.017053
v 0.007028 0.038399 0.020341
v 0.002812 0.009425 0.036103
v 0.008300 0.024722 0.037495
v 0.005803 0.006987 0.030820
v 0.005735 0.015565 0.041886
v 0.029981 0.056405 0.001942
v 0.029848 0.053833 0.001175
v 0.023098 0.059999 0.004846
v 0.005478 0.060957 0.009198
v 0.010754 0.060846 0.008273
v 0.030507 0.048978 0.001082
v 0.030801 0.046316 -0.000052
v 0.029578 0.051504 0.000368
v 0.030739 0.047017 0.001487
v 0.030760 0.047995 0.001683
v 0.029611 0.050442 0.000235
v 0.029554 0.050495 0.000308
v 0.028093 0.058814 0.003154
v 0.029970 0.049817 0.000343
v 0.031020 0.045540 -0.001733
v 0.031786 0.042891 -0.005870
v 0.022153 0.070553 0.005477
v 0.051913 0.065865 -0.015718
v 0.054884 0.060040 -0.017441
v 0.048442 0.025997 -0.002746
v 0.051058 0.026401 -0.005491
v 0.019322 0.064550 0.007283
v 0.027034 0.088010 -0.007051
v 0.030821 0.123386 -0.064099
v 0.025612 0.081686 -0.002253
v 0.039902 0.073395 -0.006343
v 0.030939 0.120589 -0.054132
v 0.047161 0.070736 -0.012159
v 0.055920 0.029840 -0.013674
v 0.007201 0.076392 0.004755
v 0.057471 0.034933 -0.017609
v 0.015454 0.076351 0.004296
v 0.027338 0.121419 -0.127716
v 0.013998 0.057034 0.005842
v 0.038606 0.027709 0.002626
v 0.041658 0.027012 0.001349
v 0.031255 0.123411 -0.116599
v 0.054863 0.028098 -0.011231
v 0.030098 0.103303 -0.021159
v 0.009847 0.050161 0.005087
v 0.011696 0.052963 0.004708
v 0.030540 0.108401 -0.028829
v 0.030817 0.113071 -0.037048
v 0.031178 0.125383 -0.075426
v 0.021441 0.031375 0.004915
v 0.057007 0.053456 -0.018667
v 0.057979 0.046664 -0.018731
v 0.031867 0.125510 -0.102854
v 0.031216 0.029018 0.004623
v 0.057949 0.040626 -0.018569
v 0.015608 0.121665 -0.136006
v 0.053301 0.026938 -0.008327
v 0.032551 0.075094 -0.001652
v 0.035074 0.028341 0.003812
v 0.009035 0.046947 0.005153
v 0.016699 0.033691 0.004683
v 0.013262 0.036748 0.004444
v 0.030887 0.117106 -0.045259
v 0.010943 0.039878 0.004719
v 0.009253 0.043425 0.005254
v 0.026152 0.029926 0.005122
v 0.028804 0.095876 -0.013040
v 0.031411 0.126091 -0.088584
v 0.045089 0.026411 -0.000517
v 0.009970 0.041690 0.005142
v 0.016734 0.060582 0.006920
v 0.024195 0.075927 0.002196
v 0.026870 -0.015240 0.024618
v 0.028315 -0.017486 0.023749
v 0.027989 -0.023341 0.023247
v 0.019443 -0.009562 0.028391
v 0.023914 -0.012632 0.026110
v 0.017851 -0.028245 0.031220
v 0.028696 -0.019514 0.023242
v 0.012371 -0.028801 0.034584
v 0.028943 -0.021455 0.022995
v 0.006510 -0.028970 0.036445
v 0.009342 -0.004949 0.033095
v 0.004550 -0.004380 0.034372
v 0.014277 -0.006755 0.030858
v 0.025852 -0.025255 0.024460
v 0.022600 -0.027096 0.027188
v 0.031854 0.040215 -0.010915
v -0.031292 0.039775 -0.011895
v 0.030092 0.042027 0.001840
v 0.028525 0.041933 0.001374
v 0.027081 0.041780 0.000619
v 0.025869 0.041583 -0.000357
v 0.030123 0.042339 0.001777
v 0.028586 0.042546 0.001250
v 0.027170 0.042670 0.000440
v 0.025983 0.042704 -0.000586
v 0.030215 0.042640 0.001716
v 0.028768 0.043134 0.001131
v 0.027434 0.043524 0.000266
v 0.026314 0.043781 -0.000804
v 0.030366 0.042916 0.001660
v 0.029063 0.043677 0.001022
v 0.027862 0.044312 0.000106
v 0.026855 0.044774 -0.001005
v 0.030569 0.043158 0.001611
v 0.029461 0.044151 0.000924
v 0.028439 0.045002 -0.000034
v 0.027582 0.045646 -0.001180
v 0.030815 0.043357 0.001571
v 0.029944 0.044542 0.000846
v 0.029142 0.045568 -0.000149
v 0.028469 0.046359 -0.001327
v 0.031096 0.043505 0.001541
v 0.030497 0.044831 0.000786
v 0.029944 0.045989 -0.000235
v 0.029481 0.046889 -0.001435
v 0.031403 0.043596 0.001522
v 0.031096 0.045010 0.000751
v 0.030814 0.046248 -0.000287
v 0.030578 0.047215 -0.001502
v 0.031720 0.043626 0.001515
v 0.031720 0.045070 0.000737
v 0.031720 0.046335 -0.000306
v 0.031719 0.047326 -0.001524
v 0.032038 0.043595 0.001521
v 0.032344 0.045009 0.000749
v 0.032625 0.046246 -0.000289
v 0.032861 0.047214 -0.001503
v 0.032344 0.043504 0.001539
v 0.032942 0.044830 0.000784
v 0.033495 0.045986 -0.000237
v 0.033958 0.046886 -0.001438
v 0.032625 0.043356 0.001568
v 0.033495 0.044539 0.000843
v 0.034297 0.045564 -0.000153
v 0.034969 0.046355 -0.001331
v 0.032871 0.043156 0.001608
v 0.033978 0.044148 0.000921
v 0.035000 0.044997 -0.000039
v 0.035857 0.045640 -0.001186
v 0.033074 0.042914 0.001656
v 0.034376 0.043673 0.001016
v 0.035576 0.044307 0.000100
v 0.036583 0.044768 -0.001012
v 0.033225 0.042637 0.001712
v 0.034671 0.043130 0.001125
v 0.036005 0.043518 0.000258
v 0.037124 0.043774 -0.000812
v 0.033317 0.042336 0.001772
v 0.034853 0.042541 0.001243
v 0.036269 0.042664 0.000431
v 0.037456 0.042697 -0.000595
v 0.033349 0.042025 0.001835
v 0.034914 0.041929 0.001367
v 0.036358 0.041775 0.000610
v 0.037570 0.041576 -0.000367
v 0.033317 0.041713 0.001898
v 0.034853 0.041317 0.001490
v 0.036269 0.040886 0.000790
v 0.037456 0.040455 -0.000142
v 0.033225 0.041412 0.001959
v 0.034671 0.040729 0.001610
v 0.036005 0.040032 0.000963
v 0.037125 0.039378 0.000077
v 0.033075 0.041136 0.002015
v 0.034377 0.040186 0.001720
v 0.035578 0.039245 0.001124
v 0.036585 0.038386 0.000280
v 0.032872 0.040895 0.002065
v 0.033980 0.039712 0.001818
v 0.035002 0.038554 0.001265
v 0.035860 0.037514 0.000459
v 0.032626 0.040695 0.002106
v 0.033497 0.039321 0.001898
v 0.034300 0.037988 0.001381
v 0.034973 0.036801 0.000604
v 0.032345 0.040548 0.002137
v 0.032944 0.039032 0.001957
v 0.033498 0.037568 0.001467
v 0.033962 0.036270 0.000712
v 0.032039 0.040456 0.002156
v 0.032346 0.038853 0.001995
v 0.032628 0.037308 0.001521
v 0.032865 0.035944 0.000779
v 0.031722 0.040426 0.002162
v 0.031722 0.038793 0.002007
v 0.031723 0.037221 0.001539
v 0.031724 0.035833 0.000803
v 0.031404 0.040457 0.002157
v 0.031099 0.038853 0.001997
v 0.030818 0.037309 0.001523
v 0.030582 0.035945 0.000781
v 0.031098 0.040548 0.002138
v 0.030500 0.039033 0.001960
v 0.029948 0.037569 0.001470
v 0.029486 0.036272 0.000714
v 0.030816 0.040696 0.002108
v 0.029947 0.039323 0.001902
v 0.029145 0.037990 0.001385
v 0.028474 0.036804 0.000607
v 0.030570 0.040896 0.002068
v 0.029463 0.039714 0.001822
v 0.028442 0.038557 0.001271
v 0.027586 0.037518 0.000464
v 0.030367 0.041138 0.002020
v 0.029065 0.040189 0.001727
v 0.027865 0.039248 0.001131
v 0.026858 0.038390 0.000287
v 0.031721 0.042058 0.001996
v 0.030216 0.041414 0.001964
v 0.028769 0.040732 0.001617
v 0.027436 0.040036 0.000971
v 0.026317 0.039384 0.000086
v 0.030124 0.041715 0.001903
v 0.028587 0.041320 0.001498
v 0.027170 0.040891 0.000800
v 0.025983 0.040461 -0.000131
v 0.024688 0.041413 -0.001196
v 0.022863 0.041125 -0.002622
v 0.021306 0.040747 -0.004486
v 0.020149 0.040317 -0.006612
v 0.019438 0.039849 -0.008921
v 0.019199 0.039363 -0.011319
v 0.019440 0.038875 -0.013721
v 0.020152 0.038406 -0.016030
v 0.021310 0.037974 -0.018158
v 0.022868 0.037595 -0.020022
v 0.024766 0.037284 -0.021553
v 0.026932 0.037053 -0.022690
v 0.029281 0.036910 -0.023390
v 0.024823 0.042761 -0.001470
v 0.023032 0.042822 -0.002965
v 0.021505 0.042744 -0.004889
v 0.020370 0.042534 -0.007061
v 0.019673 0.042203 -0.009397
v 0.019438 0.041762 -0.011807
v 0.019674 0.041229 -0.014198
v 0.020374 0.040623 -0.016479
v 0.021510 0.039970 -0.018562
v 0.023038 0.039292 -0.020366
v 0.024900 0.038618 -0.021823
v 0.027023 0.037971 -0.022877
v 0.029328 0.037378 -0.023485
v 0.025223 0.044056 -0.001732
v 0.023535 0.044455 -0.003296
v 0.022097 0.044662 -0.005278
v 0.021029 0.044666 -0.007494
v 0.020371 0.044466 -0.009856
v 0.020149 0.044070 -0.012275
v 0.020372 0.043492 -0.014657
v 0.021032 0.042755 -0.016911
v 0.022102 0.041888 -0.018951
v 0.023541 0.040924 -0.020697
v 0.025295 0.039899 -0.022083
v 0.027296 0.038854 -0.023056
v 0.029467 0.037829 -0.023576
v 0.025872 0.045250 -0.001973
v 0.024353 0.045958 -0.003600
v 0.023059 0.046430 -0.005637
v 0.022098 0.046630 -0.007893
v 0.021506 0.046551 -0.010279
v 0.021306 0.046195 -0.012707
v 0.021507 0.045577 -0.015080
v 0.022101 0.044720 -0.017310
v 0.023063 0.043656 -0.019310
v 0.024358 0.042428 -0.021002
v 0.025937 0.041081 -0.022323
v 0.027738 0.039668 -0.023220
v 0.029692 0.038244 -0.023660
v 0.026746 0.046297 -0.002186
v 0.025455 0.047276 -0.003869
v 0.024354 0.047980 -0.005951
v 0.023536 0.048352 -0.008242
v 0.023033 0.048378 -0.010650
v 0.022864 0.048059 -0.013084
v 0.023035 0.047404 -0.015451
v 0.023539 0.046441 -0.017659
v 0.024357 0.045206 -0.019624
v 0.025460 0.043745 -0.021269
v 0.026802 0.042116 -0.022533
v 0.028334 0.040381 -0.023365
v 0.029997 0.038606 -0.023734
v 0.027812 0.047154 -0.002361
v 0.026798 0.048356 -0.004089
v 0.025932 0.049250 -0.006210
v 0.025290 0.049764 -0.008529
v 0.024895 0.049878 -0.010955
v 0.024761 0.049588 -0.013395
v 0.024896 0.048904 -0.015755
v 0.025292 0.047854 -0.017945
v 0.025935 0.046477 -0.019882
v 0.026801 0.044827 -0.021488
v 0.027856 0.042966 -0.022705
v 0.029061 0.040966 -0.023484
v 0.030366 0.038905 -0.023794
v 0.029028 0.047790 -0.002492
v 0.028329 0.049159 -0.004253
v 0.027733 0.050195 -0.006402
v 0.027291 0.050814 -0.008742
v 0.027018 0.050993 -0.011181
v 0.026927 0.050724 -0.013625
v 0.027018 0.050019 -0.015981
v 0.027292 0.048904 -0.018158
v 0.027735 0.047421 -0.020073
v 0.028332 0.045630 -0.021651
v 0.029060 0.043597 -0.022833
v 0.029889 0.041401 -0.023572
v 0.030789 0.039126 -0.023839
v 0.030347 0.048183 -0.002572
v 0.029992 0.049653 -0.004354
v 0.029687 0.050776 -0.006521
v 0.029462 0.051460 -0.008874
v 0.029323 0.051679 -0.011320
v 0.029276 0.051423 -0.013766
v 0.029324 0.050705 -0.016120
v 0.029463 0.049550 -0.018289
v 0.029689 0.048003 -0.020191
v 0.029994 0.046124 -0.021751
v 0.030364 0.043985 -0.022912
v 0.030788 0.041669 -0.023626
v 0.031247 0.039263 -0.023867
v 0.031719 0.048315 -0.002599
v 0.031719 0.049819 -0.004388
v 0.031719 0.050971 -0.006561
v 0.031719 0.051677 -0.008918
v 0.031719 0.051909 -0.011367
v 0.031720 0.051660 -0.013813
v 0.031720 0.050935 -0.016167
v 0.031720 0.049767 -0.018333
v 0.031721 0.048199 -0.020231
v 0.031721 0.046290 -0.021785
v 0.031722 0.044116 -0.022938
v 0.031723 0.041759 -0.023645
v 0.031724 0.039309 -0.023876
v 0.033091 0.048181 -0.002573
v 0.033447 0.049651 -0.004354
v 0.033751 0.050774 -0.006522
v 0.033976 0.051458 -0.008874
v 0.034116 0.051677 -0.011320
v 0.034164 0.051421 -0.013767
v 0.034117 0.050703 -0.016120
v 0.033978 0.049548 -0.018289
v 0.033753 0.048001 -0.020191
v 0.033449 0.046122 -0.021751
v 0.033080 0.043984 -0.022912
v 0.032658 0.041668 -0.023626
v 0.032201 0.039262 -0.023867
v 0.034410 0.047787 -0.002495
v 0.035109 0.049155 -0.004255
v 0.035706 0.050191 -0.006404
v 0.036148 0.050810 -0.008743
v 0.036422 0.050989 -0.011181
v 0.036514 0.050720 -0.013626
v 0.036422 0.050015 -0.015982
v 0.036149 0.048900 -0.018158
v 0.035707 0.047418 -0.020073
v 0.035111 0.045627 -0.021651
v 0.034385 0.043595 -0.022833
v 0.033558 0.041399 -0.023572
v 0.032659 0.039126 -0.023839
v 0.035627 0.047149 -0.002365
v 0.036641 0.048351 -0.004092
v 0.037507 0.049245 -0.006213
v 0.038149 0.049758 -0.008531
v 0.038545 0.049873 -0.010956
v 0.038680 0.049582 -0.013396
v 0.038545 0.048899 -0.015756
v 0.038150 0.047849 -0.017946
v 0.037508 0.046472 -0.019882
v 0.036643 0.044823 -0.021489
v 0.035589 0.042963 -0.022705
v 0.034386 0.040964 -0.023484
v 0.033082 0.038904 -0.023794
v 0.036693 0.046290 -0.002192
v 0.037984 0.047269 -0.003874
v 0.039085 0.047972 -0.005955
v 0.039904 0.048344 -0.008245
v 0.040407 0.048371 -0.010652
v 0.040578 0.048051 -0.013086
v 0.040408 0.047397 -0.015452
v 0.039904 0.046435 -0.017659
v 0.039086 0.045200 -0.019624
v 0.037985 0.043740 -0.021269
v 0.036644 0.042113 -0.022533
v 0.035113 0.040379 -0.023365
v 0.033452 0.038605 -0.023734
v 0.037567 0.045243 -0.001980
v 0.039086 0.045950 -0.003606
v 0.040381 0.046422 -0.005642
v 0.041344 0.046621 -0.007896
v 0.041937 0.046542 -0.010282
v 0.042137 0.046187 -0.012708
v 0.041937 0.045569 -0.015081
v 0.041344 0.044712 -0.017310
v 0.040382 0.043649 -0.019310
v 0.039087 0.042422 -0.021002
v 0.037509 0.041077 -0.022323
v 0.035709 0.039664 -0.023221
v 0.033756 0.038242 -0.023660
v 0.038216 0.044048 -0.001741
v 0.039905 0.044446 -0.003303
v 0.041345 0.044653 -0.005283
v 0.042415 0.044656 -0.007497
v 0.043074 0.044457 -0.009858
v 0.043296 0.044059 -0.012276
v 0.043073 0.043483 -0.014659
v 0.042414 0.042747 -0.016912
v 0.041345 0.041881 -0.018952
v 0.039906 0.040918 -0.020697
v 0.038153 0.039894 -0.022083
v 0.036152 0.038851 -0.023056
v 0.033982 0.037827 -0.023576
v 0.038616 0.042753 -0.001479
v 0.040410 0.042813 -0.002972
v 0.041939 0.042734 -0.004894
v 0.043076 0.042524 -0.007064
v 0.043775 0.042193 -0.009399
v 0.044010 0.041752 -0.011808
v 0.043774 0.041219 -0.014199
v 0.043074 0.040614 -0.016479
v 0.041938 0.039962 -0.018563
v 0.040410 0.039285 -0.020366
v 0.038549 0.038612 -0.021824
v 0.036426 0.037968 -0.022877
v 0.034121 0.037376 -0.023485
v 0.038753 0.041406 -0.001204
v 0.040582 0.041116 -0.002627
v 0.042142 0.040738 -0.004489
v 0.043300 0.040307 -0.006614
v 0.044012 0.039839 -0.008922
v 0.044253 0.039353 -0.011320
v 0.044010 0.038865 -0.013722
v 0.043297 0.038397 -0.016030
v 0.042139 0.037966 -0.018158
v 0.040581 0.037589 -0.020023
v 0.038683 0.037279 -0.021553
v 0.036518 0.037049 -0.022691
v 0.034168 0.036908 -0.023390
v 0.038618 0.040058 -0.000933
v 0.040412 0.039419 -0.002284
v 0.041942 0.038742 -0.004084
v 0.043079 0.038090 -0.006165
v 0.043777 0.037485 -0.008445
v 0.044012 0.036952 -0.010836
v 0.043776 0.036512 -0.013245
v 0.043076 0.036181 -0.015581
v 0.041940 0.035971 -0.017754
v 0.040411 0.035892 -0.019679
v 0.038550 0.035945 -0.021283
v 0.036427 0.036130 -0.022504
v 0.034121 0.036440 -0.023295
v 0.038218 0.038763 -0.000670
v 0.039908 0.037787 -0.001953
v 0.041349 0.036823 -0.003696
v 0.042420 0.035957 -0.005733
v 0.043078 0.035221 -0.007986
v 0.043300 0.034644 -0.010368
v 0.043077 0.034248 -0.012787
v 0.042418 0.034048 -0.015149
v 0.041348 0.034052 -0.017365
v 0.039908 0.034260 -0.019348
v 0.038155 0.034664 -0.021023
v 0.036153 0.035247 -0.022325
v 0.033982 0.035990 -0.023204
v 0.037571 0.037569 -0.000426
v 0.039091 0.036283 -0.001647
v 0.040386 0.035055 -0.003338
v 0.041349 0.033993 -0.005336
v 0.041943 0.033136 -0.007565
v 0.042142 0.032518 -0.009938
v 0.041942 0.032163 -0.012365
v 0.041349 0.032084 -0.014751
v 0.040386 0.032284 -0.017007
v 0.039091 0.032756 -0.019043
v 0.037512 0.033482 -0.020784
v 0.035711 0.034434 -0.022161
v 0.033757 0.035575 -0.023120
v 0.036697 0.036523 -0.000213
v 0.037989 0.034966 -0.001381
v 0.039091 0.033506 -0.003024
v 0.039910 0.032271 -0.004987
v 0.040414 0.031308 -0.007195
v 0.040585 0.030654 -0.009561
v 0.040414 0.030335 -0.011994
v 0.039910 0.030362 -0.014402
v 0.039091 0.030734 -0.016693
v 0.037990 0.031438 -0.018776
v 0.036647 0.032446 -0.020574
v 0.035116 0.033720 -0.022016
v 0.033453 0.035212 -0.023046
v 0.035631 0.035665 -0.000039
v 0.036647 0.033885 -0.001161
v 0.037513 0.032235 -0.002767
v 0.038157 0.030858 -0.004701
v 0.038553 0.029808 -0.006891
v 0.038687 0.029125 -0.009251
v 0.038553 0.028835 -0.011690
v 0.038157 0.028949 -0.014116
v 0.037514 0.029463 -0.016435
v 0.036648 0.030357 -0.018557
v 0.035593 0.031597 -0.020402
v 0.034389 0.033135 -0.021897
v 0.033083 0.034913 -0.022986
v 0.031725 0.036861 -0.023627
v 0.034415 0.035028 0.000090
v 0.035116 0.033082 -0.000999
v 0.035713 0.031291 -0.002575
v 0.036156 0.029809 -0.004488
v 0.036430 0.028694 -0.006664
v 0.036522 0.027989 -0.009020
v 0.036430 0.027721 -0.011464
v 0.036156 0.027900 -0.013903
v 0.035714 0.028519 -0.016244
v 0.035117 0.029554 -0.018394
v 0.034390 0.030966 -0.020274
v 0.033561 0.032701 -0.021809
v 0.032661 0.034692 -0.022941
v 0.033097 0.034636 0.000170
v 0.033453 0.032588 -0.000898
v 0.033759 0.030709 -0.002457
v 0.033985 0.029163 -0.004356
v 0.034125 0.028009 -0.006525
v 0.034172 0.027291 -0.008878
v 0.034125 0.027035 -0.011325
v 0.033986 0.027254 -0.013772
v 0.033760 0.027937 -0.016126
v 0.033455 0.029060 -0.018294
v 0.033085 0.030578 -0.020195
v 0.032662 0.032433 -0.021755
v 0.032202 0.034555 -0.022913
v 0.031725 0.034504 0.000198
v 0.031726 0.032422 -0.000864
v 0.031727 0.030513 -0.002417
v 0.031728 0.028946 -0.004312
v 0.031728 0.027778 -0.006478
v 0.031729 0.027056 -0.008828
v 0.031729 0.026805 -0.011277
v 0.031729 0.027036 -0.013727
v 0.031728 0.027741 -0.016086
v 0.031728 0.028894 -0.018260
v 0.031727 0.030447 -0.020168
v 0.031726 0.032344 -0.021737
v 0.031726 0.034509 -0.022904
v 0.030353 0.034637 0.000171
v 0.029999 0.032589 -0.000898
v 0.029695 0.030711 -0.002456
v 0.029471 0.029165 -0.004356
v 0.029332 0.028011 -0.006525
v 0.029285 0.027293 -0.008877
v 0.029332 0.027037 -0.011325
v 0.029472 0.027255 -0.013772
v 0.029696 0.027939 -0.016126
v 0.030000 0.029061 -0.018294
v 0.030369 0.030579 -0.020195
v 0.030791 0.032433 -0.021755
v 0.031249 0.034556 -0.022913
v 0.029034 0.035031 0.000092
v 0.028336 0.033085 -0.000998
v 0.027741 0.031294 -0.002574
v 0.027299 0.029813 -0.004487
v 0.027026 0.028698 -0.006664
v 0.026936 0.027993 -0.009020
v 0.027027 0.027724 -0.011464
v 0.027300 0.027903 -0.013903
v 0.027742 0.028522 -0.016244
v 0.028338 0.029557 -0.018394
v 0.029064 0.030968 -0.020274
v 0.029892 0.032702 -0.021809
v 0.030790 0.034693 -0.022941
v 0.027818 0.035669 -0.000036
v 0.026804 0.033889 -0.001159
v 0.025940 0.032240 -0.002765
v 0.025298 0.030864 -0.004700
v 0.024903 0.029814 -0.006890
v 0.024769 0.029130 -0.009250
v 0.024904 0.028840 -0.011690
v 0.025299 0.028954 -0.014116
v 0.025941 0.029468 -0.016435
v 0.026806 0.030361 -0.018557
v 0.027860 0.031600 -0.020402
v 0.029063 0.033137 -0.021897
v 0.030368 0.034914 -0.022986
v 0.026751 0.036528 -0.000209
v 0.025462 0.034972 -0.001378
v 0.024361 0.033512 -0.003022
v 0.023544 0.032278 -0.004986
v 0.023040 0.031315 -0.007194
v 0.022871 0.030661 -0.009560
v 0.023041 0.030342 -0.011994
v 0.023545 0.030368 -0.014402
v 0.024363 0.030740 -0.016693
v 0.025464 0.031443 -0.018776
v 0.026806 0.032450 -0.020574
v 0.028336 0.033723 -0.022016
v 0.029998 0.035213 -0.023046
v 0.025876 0.037575 -0.000422
v 0.024359 0.036290 -0.001645
v 0.023065 0.035063 -0.003337
v 0.022104 0.034001 -0.005335
v 0.021511 0.033144 -0.007564
v 0.021312 0.032526 -0.009937
v 0.021512 0.032171 -0.012364
v 0.022105 0.032091 -0.014751
v 0.023068 0.032290 -0.017007
v 0.024362 0.032762 -0.019043
v 0.025940 0.033486 -0.020784
v 0.027740 0.034437 -0.022161
v 0.029693 0.035576 -0.023120
v 0.025227 0.038769 -0.000664
v 0.023540 0.037794 -0.001949
v 0.022102 0.036832 -0.003694
v 0.021033 0.035967 -0.005732
v 0.020375 0.035230 -0.007986
v 0.020153 0.034654 -0.010368
v 0.020376 0.034257 -0.012787
v 0.021035 0.034057 -0.015149
v 0.022105 0.034059 -0.017365
v 0.023544 0.034266 -0.019348
v 0.025297 0.034669 -0.021023
v 0.027297 0.035251 -0.022325
v 0.029468 0.035991 -0.023204
v 0.024825 0.040065 -0.000925
v 0.023035 0.039428 -0.002279
v 0.021508 0.038751 -0.004082
v 0.020373 0.038099 -0.006163
v 0.019675 0.037495 -0.008444
v 0.019441 0.036962 -0.010835
v 0.019676 0.036521 -0.013245
v 0.020375 0.036189 -0.015581
v 0.021511 0.035978 -0.017754
v 0.023039 0.035899 -0.019679
v 0.024901 0.035950 -0.021283
v 0.027023 0.036134 -0.022504
v 0.029329 0.036442 -0.023295
v -0.033078 0.041905 0.000762
v -0.034644 0.041811 0.000293
v -0.036087 0.041657 -0.000465
v -0.037298 0.041459 -0.001444
v -0.033046 0.042217 0.000698
v -0.034583 0.042423 0.000169
v -0.035999 0.042546 -0.000644
v -0.037186 0.042580 -0.001671
v -0.032954 0.042518 0.000638
v -0.034401 0.043011 0.000051
v -0.035735 0.043401 -0.000816
v -0.036854 0.043657 -0.001888
v -0.032804 0.042794 0.000583
v -0.034106 0.043554 -0.000058
v -0.035307 0.044188 -0.000975
v -0.036315 0.044650 -0.002087
v -0.032602 0.043036 0.000534
v -0.033709 0.044029 -0.000154
v -0.034731 0.044879 -0.001113
v -0.035589 0.045522 -0.002261
v -0.032355 0.043235 0.000494
v -0.033226 0.044419 -0.000232
v -0.034029 0.045445 -0.001227
v -0.034702 0.046236 -0.002406
v -0.032074 0.043383 0.000464
v -0.032673 0.044709 -0.000290
v -0.033227 0.045866 -0.001312
v -0.033690 0.046767 -0.002513
v -0.031768 0.043474 0.000446
v -0.032075 0.044889 -0.000326
v -0.032357 0.046126 -0.001364
v -0.032594 0.047093 -0.002578
v -0.031450 0.043505 0.000440
v -0.031451 0.044948 -0.000338
v -0.031452 0.046213 -0.001381
v -0.031452 0.047205 -0.002600
v -0.031133 0.043475 0.000447
v -0.030827 0.044889 -0.000324
v -0.030546 0.046126 -0.001362
v -0.030310 0.047093 -0.002577
v -0.030826 0.043383 0.000466
v -0.030228 0.044709 -0.000288
v -0.029676 0.045866 -0.001310
v -0.029213 0.046767 -0.002510
v -0.030545 0.043236 0.000496
v -0.029675 0.044419 -0.000229
v -0.028873 0.045445 -0.001224
v -0.028201 0.046236 -0.002402
v -0.030299 0.043036 0.000536
v -0.029192 0.044029 -0.000151
v -0.028170 0.044879 -0.001109
v -0.027313 0.045522 -0.002256
v -0.030095 0.042794 0.000585
v -0.028794 0.043554 -0.000054
v -0.027593 0.044188 -0.000969
v -0.026586 0.044650 -0.002080
v -0.029945 0.042517 0.000641
v -0.028498 0.043011 0.000056
v -0.027165 0.043400 -0.000810
v -0.026045 0.043656 -0.001879
v -0.029852 0.042216 0.000702
v -0.028316 0.042422 0.000175
v -0.026900 0.042545 -0.000636
v -0.025713 0.042579 -0.001662
v -0.029821 0.041905 0.000765
v -0.028255 0.041810 0.000299
v -0.026811 0.041656 -0.000457
v -0.025599 0.041458 -0.001433
v -0.029852 0.041593 0.000828
v -0.028316 0.041197 0.000423
v -0.026900 0.040767 -0.000276
v -0.025712 0.040336 -0.001207
v -0.029945 0.041292 0.000889
v -0.028498 0.040609 0.000542
v -0.027164 0.039912 -0.000104
v -0.026045 0.039259 -0.000989
v -0.030095 0.041016 0.000945
v -0.028793 0.040066 0.000652
v -0.027592 0.039124 0.000056
v -0.026585 0.038265 -0.000788
v -0.030298 0.040774 0.000994
v -0.029191 0.039591 0.000748
v -0.028169 0.038434 0.000196
v -0.027312 0.037394 -0.000611
v -0.030545 0.040574 0.001034
v -0.029674 0.039201 0.000828
v -0.028872 0.037867 0.000311
v -0.028200 0.036680 -0.000467
v -0.030826 0.040427 0.001064
v -0.030227 0.038910 0.000886
v -0.029674 0.037447 0.000396
v -0.029211 0.036149 -0.000360
v -0.031132 0.040335 0.001083
v -0.030826 0.038732 0.000922
v -0.030544 0.037187 0.000449
v -0.030308 0.035823 -0.000294
v -0.031450 0.040305 0.001088
v -0.031449 0.038672 0.000933
v -0.031449 0.037100 0.000465
v -0.031449 0.035712 -0.000272
v -0.031767 0.040335 0.001082
v -0.032073 0.038732 0.000921
v -0.032354 0.037188 0.000447
v -0.032591 0.035823 -0.000295
v -0.032073 0.040427 0.001063
v -0.032672 0.038911 0.000883
v -0.033224 0.037448 0.000393
v -0.033687 0.036150 -0.000362
v -0.032354 0.040575 0.001032
v -0.033224 0.039202 0.000824
v -0.034026 0.037869 0.000306
v -0.034698 0.036682 -0.000471
v -0.032601 0.040774 0.000991
v -0.033707 0.039592 0.000744
v -0.034729 0.038436 0.000190
v -0.035586 0.037396 -0.000616
v -0.032804 0.041016 0.000941
v -0.034105 0.040067 0.000647
v -0.035305 0.039126 0.000049
v -0.036312 0.038268 -0.000796
v -0.031450 0.041937 0.000921
v -0.032954 0.041293 0.000886
v -0.034400 0.040610 0.000536
v -0.035733 0.039914 -0.000112
v -0.036852 0.039261 -0.000999
v -0.033046 0.041593 0.000824
v -0.034582 0.041198 0.000416
v -0.035997 0.040768 -0.000285
v -0.037184 0.040338 -0.001218
v -0.038481 0.041289 -0.002282
v -0.040309 0.041001 -0.003706
v -0.041870 0.040624 -0.005567
v -0.043030 0.040193 -0.007691
v -0.043741 0.039726 -0.009999
v -0.043981 0.039240 -0.012398
v -0.043739 0.038752 -0.014799
v -0.043026 0.038284 -0.017107
v -0.041868 0.037852 -0.019235
v -0.040310 0.037473 -0.021099
v -0.038412 0.037162 -0.022630
v -0.036246 0.036931 -0.023767
v -0.033897 0.036788 -0.024466
v -0.038346 0.042637 -0.002555
v -0.040139 0.042698 -0.004049
v -0.041669 0.042620 -0.005971
v -0.042807 0.042411 -0.008141
v -0.043506 0.042080 -0.010476
v -0.043740 0.041639 -0.012885
v -0.043504 0.041106 -0.015276
v -0.042805 0.040501 -0.017557
v -0.041668 0.039847 -0.019640
v -0.040140 0.039170 -0.021443
v -0.038278 0.038496 -0.022900
v -0.036155 0.037849 -0.023953
v -0.033850 0.037256 -0.024561
v -0.037946 0.043932 -0.002816
v -0.039636 0.044330 -0.004379
v -0.041077 0.044539 -0.006359
v -0.042148 0.044543 -0.008574
v -0.042806 0.044343 -0.010935
v -0.043029 0.043947 -0.013354
v -0.042805 0.043370 -0.015736
v -0.042146 0.042633 -0.017989
v -0.041076 0.041766 -0.020029
v -0.039637 0.040802 -0.021774
v -0.037883 0.039777 -0.023160
v -0.035882 0.038732 -0.024132
v -0.033711 0.037707 -0.024652
v -0.037299 0.045126 -0.003056
v -0.038819 0.045835 -0.004682
v -0.040114 0.046307 -0.006717
v -0.041077 0.046507 -0.008972
v -0.041671 0.046428 -0.011358
v -0.041871 0.046073 -0.013785
v -0.041670 0.045454 -0.016158
v -0.041077 0.044597 -0.018387
v -0.040114 0.043534 -0.020387
v -0.038819 0.042306 -0.022079
v -0.037241 0.040959 -0.023399
v -0.035440 0.039546 -0.024297
v -0.033486 0.038122 -0.024736
v -0.036425 0.046173 -0.003267
v -0.037717 0.047152 -0.004949
v -0.038819 0.047857 -0.007031
v -0.039638 0.048229 -0.009321
v -0.040142 0.048256 -0.011729
v -0.040313 0.047936 -0.014162
v -0.040142 0.047282 -0.016529
v -0.039638 0.046319 -0.018736
v -0.038820 0.045084 -0.020701
v -0.037718 0.043623 -0.022346
v -0.036376 0.041994 -0.023609
v -0.034844 0.040260 -0.024441
v -0.033181 0.038485 -0.024810
v -0.035360 0.047031 -0.003440
v -0.036375 0.048234 -0.005167
v -0.037241 0.049128 -0.007289
v -0.037885 0.049642 -0.009607
v -0.038280 0.049756 -0.012032
v -0.038415 0.049466 -0.014472
v -0.038281 0.048783 -0.016832
v -0.037885 0.047732 -0.019022
v -0.037242 0.046355 -0.020958
v -0.036376 0.044705 -0.022565
v -0.035321 0.042844 -0.023781
v -0.034117 0.040845 -0.024560
v -0.032812 0.038783 -0.024870
v -0.034144 0.047668 -0.003570
v -0.034844 0.049037 -0.005330
v -0.035441 0.050072 -0.007480
v -0.035884 0.050692 -0.009819
v -0.036158 0.050871 -0.012258
v -0.036249 0.050603 -0.014702
v -0.036158 0.049897 -0.017058
v -0.035884 0.048782 -0.019235
v -0.035442 0.047300 -0.021150
v -0.034845 0.045508 -0.022727
v -0.034118 0.043475 -0.023909
v -0.033289 0.041279 -0.024648
v -0.032389 0.039005 -0.024915
v -0.032825 0.048061 -0.003649
v -0.033181 0.049531 -0.005430
v -0.033487 0.050654 -0.007597
v -0.033712 0.051338 -0.009950
v -0.033852 0.051557 -0.012396
v -0.033900 0.051301 -0.014843
v -0.033853 0.050584 -0.017196
v -0.033713 0.049429 -0.019365
v -0.033488 0.047881 -0.021267
v -0.033183 0.046002 -0.022827
v -0.032813 0.043863 -0.023988
v -0.032390 0.041547 -0.024702
v -0.031931 0.039141 -0.024943
v -0.031453 0.048194 -0.003674
v -0.031454 0.049698 -0.005463
v -0.031454 0.050851 -0.007636
v -0.031455 0.051556 -0.009994
v -0.031455 0.051788 -0.012443
v -0.031456 0.051539 -0.014889
v -0.031456 0.050814 -0.017242
v -0.031456 0.049646 -0.019409
v -0.031456 0.048077 -0.021307
v -0.031456 0.046169 -0.022861
v -0.031455 0.043994 -0.024014
v -0.031455 0.041637 -0.024720
v -0.031454 0.039187 -0.024952
v -0.030080 0.048061 -0.003647
v -0.029726 0.049531 -0.005429
v -0.029422 0.050654 -0.007596
v -0.029198 0.051337 -0.009949
v -0.029059 0.051556 -0.012395
v -0.029012 0.051300 -0.014842
v -0.029060 0.050582 -0.017195
v -0.029199 0.049427 -0.019364
v -0.029424 0.047880 -0.021266
v -0.029728 0.046001 -0.022827
v -0.030097 0.043862 -0.023987
v -0.030519 0.041547 -0.024702
v -0.030977 0.039141 -0.024942
v -0.028761 0.047668 -0.003567
v -0.028063 0.049036 -0.005328
v -0.027467 0.050071 -0.007477
v -0.027026 0.050690 -0.009817
v -0.026753 0.050869 -0.012255
v -0.026662 0.050600 -0.014700
v -0.026754 0.049895 -0.017056
v -0.027027 0.048779 -0.019233
v -0.027470 0.047297 -0.021148
v -0.028066 0.045506 -0.022726
v -0.028792 0.043473 -0.023908
v -0.029620 0.041278 -0.024647
v -0.030519 0.039004 -0.024915
v -0.027544 0.047031 -0.003436
v -0.026530 0.048233 -0.005163
v -0.025665 0.049126 -0.007284
v -0.025023 0.049639 -0.009603
v -0.024629 0.049753 -0.012029
v -0.024496 0.049463 -0.014469
v -0.024631 0.048779 -0.016830
v -0.025026 0.047728 -0.019020
v -0.025669 0.046352 -0.020956
v -0.026534 0.044702 -0.022563
v -0.027588 0.042842 -0.023780
v -0.028792 0.040843 -0.024559
v -0.030096 0.038783 -0.024870
v -0.026478 0.046172 -0.003261
v -0.025187 0.047151 -0.004943
v -0.024086 0.047854 -0.007025
v -0.023269 0.048226 -0.009316
v -0.022767 0.048252 -0.011724
v -0.022597 0.047932 -0.014159
v -0.022768 0.047277 -0.016525
v -0.023272 0.046314 -0.018733
v -0.024090 0.045079 -0.020699
v -0.025192 0.043620 -0.022344
v -0.026533 0.041992 -0.023608
v -0.028064 0.040258 -0.024440
v -0.029726 0.038484 -0.024809
v -0.025602 0.045126 -0.003048
v -0.024084 0.045833 -0.004674
v -0.022789 0.046305 -0.006710
v -0.021829 0.046503 -0.008967
v -0.021237 0.046423 -0.011353
v -0.021038 0.046068 -0.013781
v -0.021239 0.045449 -0.016154
v -0.021833 0.044592 -0.018384
v -0.022795 0.043529 -0.020384
v -0.024090 0.042301 -0.022077
v -0.025668 0.040956 -0.023398
v -0.027468 0.039543 -0.024296
v -0.029422 0.038121 -0.024736
v -0.024954 0.043931 -0.002808
v -0.023265 0.044329 -0.004370
v -0.021826 0.044536 -0.006352
v -0.020758 0.044538 -0.008568
v -0.020101 0.044338 -0.010930
v -0.019880 0.043940 -0.013349
v -0.020103 0.043363 -0.015732
v -0.020762 0.042627 -0.017985
v -0.021832 0.041760 -0.020026
v -0.023271 0.040797 -0.021772
v -0.025025 0.039773 -0.023158
v -0.027025 0.038730 -0.024131
v -0.029196 0.037705 -0.024651
v -0.024553 0.042635 -0.002546
v -0.022762 0.042695 -0.004040
v -0.021233 0.042616 -0.005963
v -0.020099 0.042405 -0.008135
v -0.019401 0.042074 -0.010471
v -0.019167 0.041633 -0.012881
v -0.019403 0.041099 -0.015272
v -0.020103 0.040494 -0.017553
v -0.021239 0.039841 -0.019637
v -0.022767 0.039164 -0.021441
v -0.024629 0.038492 -0.022898
v -0.026752 0.037847 -0.023952
v -0.029057 0.037255 -0.024560
v -0.024418 0.041287 -0.002272
v -0.022592 0.040998 -0.003697
v -0.021034 0.040619 -0.005560
v -0.019876 0.040188 -0.007686
v -0.019165 0.039720 -0.009995
v -0.018925 0.039233 -0.012394
v -0.019168 0.038745 -0.014795
v -0.019880 0.038277 -0.017104
v -0.021038 0.037846 -0.019232
v -0.022597 0.037468 -0.021097
v -0.024494 0.037158 -0.022628
v -0.026659 0.036928 -0.023766
v -0.029010 0.036787 -0.024465
v -0.024553 0.039939 -0.002001
v -0.022762 0.039301 -0.003354
v -0.021235 0.038623 -0.005157
v -0.020099 0.037971 -0.007238
v -0.019401 0.037366 -0.009518
v -0.019166 0.036833 -0.011909
v -0.019402 0.036392 -0.014319
v -0.020102 0.036060 -0.016655
v -0.021238 0.035850 -0.018828
v -0.022766 0.035771 -0.020753
v -0.024628 0.035824 -0.022358
v -0.026751 0.036009 -0.023580
v -0.029057 0.036319 -0.024370
v -0.024954 0.038643 -0.001739
v -0.023266 0.037668 -0.003024
v -0.021828 0.036704 -0.004769
v -0.020758 0.035838 -0.006806
v -0.020100 0.035101 -0.009060
v -0.019878 0.034524 -0.011442
v -0.020101 0.034127 -0.013861
v -0.020760 0.033928 -0.016223
v -0.021830 0.033931 -0.018440
v -0.023269 0.034139 -0.020423
v -0.025023 0.034543 -0.022098
v -0.027024 0.035126 -0.023401
v -0.029196 0.035868 -0.024279
v -0.025603 0.037450 -0.001497
v -0.024085 0.036164 -0.002720
v -0.022790 0.034936 -0.004411
v -0.021828 0.033873 -0.006409
v -0.021235 0.033016 -0.008638
v -0.021035 0.032398 -0.011012
v -0.021236 0.032043 -0.013439
v -0.021829 0.031963 -0.015825
v -0.022792 0.032163 -0.018082
v -0.024087 0.032635 -0.020118
v -0.025666 0.033361 -0.021859
v -0.027467 0.034313 -0.023236
v -0.029421 0.035453 -0.024195
v -0.026477 0.036403 -0.001284
v -0.025186 0.034846 -0.002453
v -0.024085 0.033386 -0.004097
v -0.023266 0.032151 -0.006060
v -0.022763 0.031188 -0.008268
v -0.022593 0.030534 -0.010635
v -0.022764 0.030214 -0.013069
v -0.023268 0.030241 -0.015477
v -0.024086 0.030613 -0.017768
v -0.025188 0.031317 -0.019851
v -0.026531 0.032325 -0.021649
v -0.028062 0.033599 -0.023091
v -0.029725 0.035090 -0.024122
v -0.027543 0.035545 -0.001111
v -0.026528 0.033764 -0.002234
v -0.025662 0.032115 -0.003840
v -0.025020 0.030738 -0.005775
v -0.024624 0.029688 -0.007965
v -0.024490 0.029004 -0.010325
v -0.024625 0.028714 -0.012765
v -0.025021 0.028828 -0.015191
v -0.025664 0.029342 -0.017510
v -0.026530 0.030236 -0.019632
v -0.027585 0.031476 -0.021477
v -0.028789 0.033014 -0.022973
v -0.030095 0.034791 -0.024061
v -0.031453 0.036740 -0.024702
v -0.028758 0.034908 -0.000983
v -0.028059 0.032961 -0.002072
v -0.027463 0.031170 -0.003649
v -0.027020 0.029688 -0.005562
v -0.026747 0.028573 -0.007739
v -0.026655 0.027868 -0.010094
v -0.026747 0.027600 -0.012539
v -0.027021 0.027779 -0.014978
v -0.027464 0.028398 -0.017319
v -0.028061 0.029433 -0.019470
v -0.028788 0.030845 -0.021349
v -0.029617 0.032580 -0.022885
v -0.030517 0.034570 -0.024016
v -0.030077 0.034515 -0.000904
v -0.029721 0.032467 -0.001972
v -0.029417 0.030588 -0.003531
v -0.029191 0.029042 -0.005431
v -0.029052 0.027887 -0.007600
v -0.029005 0.027170 -0.009953
v -0.029053 0.026914 -0.012400
v -0.029192 0.027132 -0.014847
v -0.029418 0.027816 -0.017201
v -0.029723 0.028939 -0.019369
v -0.030093 0.030457 -0.021271
v -0.030516 0.032311 -0.022831
v -0.030976 0.034434 -0.023989
v -0.031449 0.034382 -0.000876
v -0.031449 0.032300 -0.001939
v -0.031449 0.030392 -0.003492
v -0.031448 0.028824 -0.005387
v -0.031448 0.027657 -0.007554
v -0.031449 0.026934 -0.009904
v -0.031449 0.026684 -0.012353
v -0.031449 0.026915 -0.014803
v -0.031450 0.027620 -0.017161
v -0.031450 0.028772 -0.019336
v -0.031451 0.030325 -0.021244
v -0.031452 0.032222 -0.022812
v -0.031452 0.034388 -0.023979
v -0.032821 0.034515 -0.000905
v -0.033176 0.032468 -0.001973
v -0.033481 0.030589 -0.003532
v -0.033706 0.029043 -0.005432
v -0.033845 0.027889 -0.007601
v -0.033892 0.027171 -0.009954
v -0.033845 0.026915 -0.012400
v -0.033706 0.027134 -0.014848
v -0.033482 0.027817 -0.017202
v -0.033178 0.028940 -0.019370
v -0.032809 0.030457 -0.021271
v -0.032387 0.032312 -0.022831
v -0.031929 0.034434 -0.023989
v -0.034140 0.034909 -0.000985
v -0.034839 0.032963 -0.002074
v -0.035435 0.031172 -0.003651
v -0.035877 0.029691 -0.005563
v -0.036151 0.028576 -0.007740
v -0.036242 0.027871 -0.010096
v -0.036151 0.027602 -0.012540
v -0.035878 0.027781 -0.014979
v -0.035436 0.028400 -0.017320
v -0.034840 0.029435 -0.019470
v -0.034114 0.030846 -0.021350
v -0.033286 0.032581 -0.022885
v -0.032388 0.034571 -0.024017
v -0.035356 0.035546 -0.001114
v -0.036371 0.033767 -0.002237
v -0.037236 0.032117 -0.003842
v -0.037879 0.030741 -0.005777
v -0.038274 0.029691 -0.007967
v -0.038409 0.029008 -0.010327
v -0.038274 0.028718 -0.012767
v -0.037879 0.028832 -0.015192
v -0.037237 0.029345 -0.017512
v -0.036372 0.030239 -0.019634
v -0.035318 0.031478 -0.021478
v -0.034115 0.033016 -0.022974
v -0.032811 0.034792 -0.024062
v -0.036422 0.036405 -0.001289
v -0.037713 0.034849 -0.002457
v -0.038815 0.033389 -0.004100
v -0.039633 0.032155 -0.006064
v -0.040137 0.031193 -0.008271
v -0.040307 0.030539 -0.010637
v -0.040137 0.030219 -0.013071
v -0.039633 0.030246 -0.015479
v -0.038815 0.030618 -0.017770
v -0.037714 0.031321 -0.019853
v -0.036373 0.032328 -0.021651
v -0.034842 0.033601 -0.023092
v -0.033180 0.035091 -0.024122
v -0.037296 0.037452 -0.001502
v -0.038816 0.036167 -0.002724
v -0.040111 0.034940 -0.004414
v -0.041074 0.033878 -0.006412
v -0.041667 0.033021 -0.008642
v -0.041866 0.032403 -0.011015
v -0.041666 0.032048 -0.013442
v -0.041073 0.031969 -0.015828
v -0.040111 0.032168 -0.018084
v -0.038816 0.032639 -0.020120
v -0.037238 0.033364 -0.021861
v -0.035438 0.034315 -0.023237
v -0.033485 0.035454 -0.024196
v -0.037944 0.038646 -0.001747
v -0.039634 0.037671 -0.003031
v -0.041075 0.036708 -0.004773
v -0.042145 0.035843 -0.006810
v -0.042804 0.035107 -0.009064
v -0.043025 0.034531 -0.011446
v -0.042803 0.034134 -0.013864
v -0.042143 0.033934 -0.016226
v -0.041074 0.033937 -0.018442
v -0.039635 0.034144 -0.020425
v -0.037881 0.034547 -0.022100
v -0.035881 0.035129 -0.023402
v -0.033710 0.035870 -0.024280
v -0.038344 0.039942 -0.002010
v -0.040138 0.039304 -0.003362
v -0.041669 0.038628 -0.005162
v -0.042806 0.037976 -0.007242
v -0.043505 0.037372 -0.009522
v -0.043739 0.036839 -0.011913
v -0.043503 0.036399 -0.014322
v -0.042803 0.036067 -0.016658
v -0.041667 0.035856 -0.018831
v -0.040139 0.035776 -0.020756
v -0.038277 0.035828 -0.022360
v -0.036155 0.036012 -0.023581
v -0.033850 0.036320 -0.024371
f 4 2 1
f 8 6 5
f 13 15 14
f 17 19 18
f 32 30 29
f 36 34 33
f 37 39 38
f 21 23 20
f 25 27 24
f 41 43 42
f 48 46 45
f 52 50 49
f 53 55 54
f 60 58 57
f 29 62 61
f 66 64 63
f 67 6 68
f 72 70 69
f 76 74 73
f 77 79 78
f 81 83 82
f 59 86 85
f 88 90 89
f 96 94 93
f 100 98 97
f 101 103 102
f 106 34 87
f 108 115 107
f 117 36 118
f 124 126 125
f 131 129 128
f 132 134 133
f 142 140 139
f 148 60 147
f 144 127 124
f 149 151 150
f 156 154 153
f 159 158 157
f 116 164 105
f 171 169 168
f 174 173 172
f 179 181 180
f 186 188 187
f 194 196 195
f 199 139 198
f 206 208 207
f 213 211 210
f 202 214 201
f 96 216 54
f 92 43 44
f 97 246 100
f 250 229 228
f 252 58 253
f 258 256 255
f 260 229 259
f 110 112 113
f 114 263 109
f 265 267 266
f 56 270 269
f 274 249 250
f 185 63 64
f 280 278 276
f 285 283 157
f 288 211 212
f 141 92 46
f 289 175 176
f 148 105 106
f 312 170 171
f 238 42 43
f 318 160 317
f 310 308 307
f 241 325 324
f 160 240 317
f 47 307 308
f 108 315 164
f 345 86 119
f 348 350 349
f 356 358 357
f 355 353 352
f 363 32 362
f 149 150 176
f 364 253 365
f 366 368 367
f 183 371 63
f 163 161 160
f 209 101 208
f 378 165 166
f 379 381 380
f 383 3 4
f 284 386 385
f 387 389 388
f 391 229 249
f 73 397 396
f 405 407 406
f 203 411 410
f 414 413 412
f 1 357 4
f 277 131 275
f 254 57 58
f 358 415 351
f 417 386 408
f 401 192 420
f 419 127 143
f 421 182 422
f 103 302 409
f 428 368 174
f 380 359 356
f 62 266 323
f 140 431 430
f 357 351 348
f 356 379 380
f 415 403 434
f 437 436 435
f 438 440 439
f 188 450 449
f 452 454 453
f 265 181 421
f 224 64 225
f 237 213 427
f 275 128 458
f 281 460 459
f 50 79 461
f 73 282 281
f 468 466 465
f 390 352 359
f 482 484 483
f 489 487 486
f 493 495 494
f 472 470 469
f 502 500 499
f 220 222 223
f 512 143 66
f 518 511 80
f 513 230 286
f 205 31 244
f 189 451 188
f 163 532 8
f 533 225 251
f 446 447 412
f 335 540 334
f 544 546 545
f 329 291 292
f 199 262 238
f 385 416 550
f 532 191 247
f 363 118 243
f 236 237 250
f 578 580 579
f 573 571 570
f 561 562 272
f 241 259 240
f 590 592 591
f 545 595 594
f 503 155 504
f 606 624 623
f 478 480 479
f 646 648 647
f 590 689 684
f 564 651 650
f 728 184 727
f 714 716 715
f 692 575 693
f 541 581 578
f 346 248 400
f 161 230 160
f 128 94 95
f 698 704 703
f 574 576 575
f 290 401 328
f 630 725 726
f 733 735 734
f 755 496 493
f 759 481 760
f 757 762 761
f 764 466 467
f 768 3808 3809
f 759 488 489
f 492 475 771
f 474 769 473
f 773 465 772
f 771 486 483
f 484 775 491
f 774 489 486
f 495 764 756
f 495 761 494
f 137 784 136
f 325 797 547
f 165 51 52
f 369 29 370
f 730 568 569
f 90 301 89
f 243 516 242
f 800 806 805
f 817 808 816
f 816 823 822
f 306 447 807
f 815 809 808
f 829 828 825
f 726 501 502
f 274 424 423
f 879 881 880
f 884 879 885
f 219 217 211
f 906 904 897
f 455 205 542
f 898 830 829
f 903 880 881
f 906 897 898
f 377 519 165
f 923 948 946
f 946 951 950
f 3519 739 3517
f 900 886 880
f 225 65 144
f 182 442 422
f 809 947 824
f 954 962 961
f 927 965 966
f 885 880 886
f 925 966 967
f 343 341 340
f 965 971 968
f 968 970 969
f 972 969 973
f 963 981 978
f 336 338 339
f 992 827 828
f 810 996 959
f 1007 1002 1008
f 1012 827 1009
f 1011 1007 1008
f 294 292 291
f 907 920 919
f 1017 1019 1018
f 1020 1022 1021
f 1035 1020 1044
f 1061 1047 1046
f 1063 1046 1062
f 1044 1021 1045
f 1102 1097 1109
f 1116 1118 1117
f 1016 1014 1013
f 881 904 903
f 816 1127 817
f 1094 949 1097
f 514 167 515
f 146 81 82
f 1133 1130 1129
f 1102 1126 822
f 822 1116 816
f 1145 1148 1136
f 1076 1151 1069
f 1148 1086 1087
f 1109 1114 1136
f 1154 1156 1155
f 1153 967 1156
f 3464 463 3714
f 1144 1152 1151
f 1156 1163 1162
f 1164 1169 1165
f 1145 1176 1147
f 1114 1154 1171
f 1183 1164 1177
f 1184 1177 1185
f 1069 1062 1064
f 1023 1194 1022
f 1162 1170 1169
f 1195 1185 1191
f 1183 1176 1155
f 1201 1152 1196
f 1061 1201 1202
f 3825 843 3836
f 1203 1195 1034
f 1202 1184 1195
f 1218 1203 1217
f 1060 1202 1203
f 1225 1217 1219
f 671 694 670
f 1219 1024 1035
f 1217 1034 1024
f 1226 1015 1227
f 1243 1234 1233
f 1231 1229 1228
f 847 1233 843
f 843 1244 878
f 1233 1245 1244
f 1923 233 216
f 2100 499 500
f 3914 2135 3900
f 61 323 505
f 210 217 457
f 1299 1309 1300
f 3863 1231 3862
f 1066 1321 1322
f 1322 1228 1229
f 1060 1321 1047
f 1325 1323 1310
f 1244 1332 1330
f 1290 1242 1288
f 1337 1339 1338
f 1330 1340 1339
f 1341 1245 1294
f 1342 1332 1341
f 1343 1341 1344
f 1344 1294 1293
f 3857 1345 1346
f 1347 1342 1343
f 3856 1295 1345
f 1349 1348 1347
f 3861 1347 3853
f 3853 1343 3857
f 906 829 1353
f 905 1353 1354
f 865 1355 1357
f 1355 829 825
f 1357 825 826
f 1356 1353 1355
f 3834 1338 3833
f 866 1356 865
f 1358 1354 1356
f 3828 1337 3834
f 838 1012 841
f 1363 1338 1339
f 1368 1339 1340
f 1348 1340 1342
f 1371 3824 3829
f 524 526 523
f 528 530 527
f 1372 1369 1371
f 535 537 538
f 1367 1348 1350
f 1370 1359 1369
f 1369 3833 3824
f 1373 903 904
f 555 557 558
f 1374 910 1373
f 1373 905 1375
f 1374 1375 1376
f 1375 1354 1370
f 1378 908 1377
f 376 651 1387
f 1388 973 969
f 586 588 585
f 1390 1388 1391
f 1391 969 970
f 597 599 596
f 600 602 603
f 1392 970 979
f 608 610 607
f 612 523 611
f 614 616 613
f 617 25 24
f 620 622 619
f 1397 1391 1392
f 1398 1392 1399
f 1400 920 1378
f 1402 1165 1169
f 636 638 635
f 930 1402 929
f 641 643 644
f 929 1169 1170
f 1404 1403 1402
f 1411 1365 1406
f 1412 1415 1414
f 652 654 655
f 609 657 658
f 659 661 662
f 558 586 585
f 665 667 664
f 1413 1406 1412
f 1418 3810 3813
f 1417 1371 1416
f 1416 3829 3810
f 1419 1416 1418
f 1386 1374 1420
f 677 679 676
f 1385 1420 1421
f 1420 1376 1422
f 685 687 688
f 1421 1422 1423
f 528 691 658
f 1422 1372 1417
f 1018 747 1425
f 699 701 702
f 1424 579 1017
f 3663 1767 3660
f 700 711 712
f 1093 3754 1571
f 717 530 719
f 721 723 720
f 704 3543 3554
f 19 1426 1430
f 1429 1427 1426
f 1658 3542 3544
f 1439 1434 1438
f 1437 1435 1434
f 1426 1433 1432
f 1442 1432 1440
f 742 744 745
f 1432 1441 1440
f 751 753 750
f 1438 1403 1405
f 1446 1444 1443
f 1447 1446 1443
f 3860 1443 3848
f 1415 1445 1446
f 1414 1446 1448
f 2173 469 470
f 777 779 686
f 780 782 783
f 1676 1806 1675
f 3859 1349 3861
f 789 791 788
f 745 793 742
f 652 795 653
f 1455 1457 1456
f 1454 1350 1452
f 610 802 801
f 3831 698 703
f 1352 1045 1351
f 1015 1459 1460
f 811 813 814
f 2118 3817 2117
f 819 821 818
f 1466 1194 1190
f 1467 1465 1466
f 1182 1468 1467
f 832 833 831
f 835 837 834
f 1467 1190 1182
f 1469 1444 1445
f 840 712 690
f 1453 1469 1454
f 599 845 846
f 1226 3849 3855
f 851 853 850
f 855 856 854
f 858 860 857
f 861 863 864
f 1014 3855 3858
f 867 868 869
f 870 872 873
f 874 876 877
f 1310 1471 1309
f 1476 1427 1475
f 1461 1475 1460
f 887 889 890
f 788 892 891
f 894 896 893
f 1460 1227 1015
f 901 524 612
f 1465 1477 1464
f 1865 3500 1864
f 911 913 914
f 916 918 915
f 1850 3507 1851
f 921 895 894
f 1479 1436 1478
f 926 667 601
f 1481 563 1480
f 269 84 1482
f 931 933 916
f 934 614 869
f 936 688 937
f 938 662 939
f 1484 122 123
f 941 835 834
f 320 509 510
f 1849 3505 1850
f 84 1484 83
f 1487 1488 539
f 1757 3502 3509
f 365 1491 364
f 461 80 511
f 117 362 1496
f 1494 541 1495
f 926 957 958
f 1477 1433 1476
f 1709 1585 1700
f 119 1496 345
f 271 504 156
f 511 189 186
f 345 1492 365
f 255 344 254
f 57 299 132
f 1501 268 1500
f 267 1499 145
f 974 976 977
f 1678 1693 1676
f 3846 1807 3840
f 557 663 558
f 983 984 985
f 1443 3849 3848
f 421 268 265
f 989 991 988
f 1490 418 1504
f 279 309 310
f 997 676 679
f 998 999 875
f 1504 38 1505
f 1506 1507 1486
f 360 1508 1506
f 1506 207 360
f 939 1006 938
f 270 1483 269
f 66 546 512
f 1010 793 935
f 367 437 1509
f 244 363 243
f 1670 3534 1669
f 209 1510 226
f 235 1512 1511
f 1511 234 235
f 388 426 425
f 427 250 237
f 161 521 231
f 100 45 44
f 1025 608 1027
f 1029 1031 1028
f 939 1033 1032
f 41 594 99
f 1036 783 1037
f 702 1038 1039
f 1040 1042 1043
f 362 369 1493
f 187 477 186
f 70 539 198
f 1511 1521 234
f 1049 603 1048
f 613 869 614
f 860 1051 857
f 1005 1053 1006
f 753 1056 1054
f 1057 1059 1055
f 293 1522 292
f 288 1521 1522
f 292 1523 329
f 331 1508 1524
f 306 453 305
f 100 41 99
f 462 78 79
f 330 1524 462
f 635 1068 636
f 1485 1526 1528
f 206 1528 1510
f 1070 1072 831
f 942 1073 1074
f 916 1075 917
f 440 1530 439
f 157 1514 285
f 1529 5 1530
f 371 546 63
f 790 663 791
f 1077 857 1078
f 1403 1435 1165
f 1080 1082 1079
f 531 1529 440
f 21 1084 1085
f 272 1531 561
f 137 396 397
f 690 802 691
f 335 3567 581
f 1090 1029 1091
f 1092 794 1042
f 1533 137 138
f 661 1095 1096
f 69 445 72
f 1099 1101 1098
f 38 1536 1505
f 1104 1106 1103
f 852 1108 853
f 1377 909 1386
f 291 411 294
f 316 516 33
f 539 1533 534
f 1505 316 313
f 1110 1112 1113
f 1539 460 264
f 522 1537 1539
f 834 1120 1119
f 1122 1124 1121
f 612 1041 901
f 935 615 614
f 276 130 131
f 1686 3522 1685
f 193 1541 273
f 231 1540 287
f 556 982 557
f 365 85 345
f 190 318 1541
f 1810 3574 3528
f 3924 3512 3791
f 1132 985 1131
f 208 102 132
f 1134 662 661
f 1491 80 77
f 429 1542 147
f 1137 915 918
f 172 428 174
f 1139 1141 1142
f 549 54 55
f 1517 1518 296
f 976 1146 938
f 834 984 941
f 1543 286 115
f 1544 239 513
f 133 1544 1542
f 506 257 258
f 420 328 401
f 1158 1160 1157
f 587 1103 588
f 1513 1514 151
f 607 1027 608
f 304 1545 303
f 364 77 506
f 69 198 139
f 1006 976 938
f 700 1112 701
f 3877 3525 3787
f 1166 657 656
f 1167 858 1077
f 1300 3524 1299
f 1172 1174 1175
f 218 200 217
f 1179 1181 1178
f 372 97 98
f 89 227 88
f 1186 1188 1189
f 172 1517 1549
f 1482 81 1498
f 1090 1193 1030
f 394 353 1551
f 526 1198 1197
f 811 858 812
f 1199 1026 1025
f 606 697 696
f 1204 1206 743
f 1207 523 526
f 1209 867 613
f 914 685 936
f 1478 1441 1477
f 1029 1161 1091
f 1211 1213 1214
f 3858 1451 3859
f 844 1216 845
f 423 273 274
f 1220 1222 1083
f 22 1224 23
f 882 897 881
f 1519 173 387
f 1189 1232 1178
f 349 550 416
f 1071 1236 1072
f 1237 1239 745
f 1221 1189 1240
f 1510 1512 333
f 939 1241 1005
f 1556 5 67
f 1553 394 1551
f 404 67 347
f 1247 1249 1246
f 142 238 92
f 1251 635 1250
f 850 1253 851
f 1254 1077 1255
f 57 133 429
f 443 552 551
f 1187 1175 1188
f 1256 831 833
f 432 382 383
f 741 747 746
f 434 351 415
f 349 383 348
f 251 1481 1480
f 395 352 353
f 1518 1550 1551
f 1558 378 340
f 109 314 315
f 285 1513 407
f 395 393 392
f 202 410 1558
f 417 405 432
f 1246 1258 1247
f 3 297 2
f 1259 1261 1262
f 403 347 284
f 955 953 952
f 462 51 330
f 1096 687 1263
f 429 60 57
f 896 1265 932
f 1267 1268 1266
f 423 327 420
f 37 180 40
f 20 1187 1186
f 1256 1071 1070
f 155 156 504
f 1188 1269 1232
f 1236 1271 1262
f 1272 535 621
f 565 463 464
f 1273 745 1239
f 876 1255 1274
f 316 164 315
f 437 503 1509
f 194 1495 197
f 1275 864 863
f 624 631 630
f 1277 1137 1278
f 569 567 566
f 1481 125 366
f 324 547 326
f 1279 1107 1280
f 1525 329 1523
f 1281 1137 918
f 171 1553 1552
f 1488 396 1533
f 1557 1562 1559
f 1282 1206 1205
f 1053 1278 1281
f 778 607 1283
f 713 3566 3569
f 251 144 124
f 4 348 383
f 709 707 706
f 728 45 246
f 261 1563 544
f 789 1287 790
f 74 263 282
f 403 385 434
f 1178 1240 1189
f 1223 1289 1224
f 158 150 151
f 1220 1186 1221
f 296 354 433
f 784 1538 1566
f 1181 1291 1222
f 1269 1257 1246
f 1566 438 399
f 136 1566 1564
f 1563 169 1565
f 107 109 108
f 1297 1298 1296
f 1464 1476 1461
f 1520 507 508
f 1301 1303 1304
f 1306 1308 1305
f 175 1532 272
f 1532 200 201
f 1311 1312 1313
f 872 1315 1316
f 1317 1318 1319
f 3836 878 3828
f 1305 864 1276
f 1040 863 1320
f 1564 399 169
f 592 1575 591
f 591 1088 689
f 1581 1583 1582
f 1196 1147 1176
f 710 583 713
f 285 408 386
f 953 961 963
f 1594 1589 1593
f 1585 1587 1586
f 1592 1590 1589
f 3885 944 3899
f 1600 1598 1597
f 1604 1602 1601
f 1399 979 980
f 1589 1596 1595
f 1610 1608 1607
f 298 361 360
f 551 276 277
f 1627 3814 3819
f 859 818 860
f 1078 1328 1329
f 1555 1530 1556
f 572 680 681
f 772 776 774
f 977 918 917
f 404 392 393
f 1054 750 753
f 1644 1643 1642
f 932 1082 933
f 1067 1334 1068
f 1540 264 114
f 597 643 1336
f 471 762 470
f 1642 3831 3842
f 1644 3842 3843
f 923 950 927
f 96 548 95
f 520 522 521
f 445 443 442
f 849 848 842
f 480 755 493
f 1646 481 1639
f 311 1567 170
f 464 3497 3495
f 3497 1361 3495
f 234 236 235
f 190 192 191
f 153 152 149
f 231 286 230
f 1552 1551 1550
f 760 1648 488
f 3832 1649 3830
f 828 826 825
f 52 166 165
f 1663 1661 1660
f 287 115 286
f 668 670 669
f 634 640 639
f 553 559 554
f 118 33 516
f 492 491 490
f 3552 1651 3553
f 582 584 583
f 384 392 415
f 1381 1383 1380
f 1562 435 436
f 952 951 947
f 3529 583 584
f 1660 1667 1666
f 1394 1396 1393
f 1660 1664 1663
f 1671 1669 1668
f 1624 1673 1672
f 1407 1409 1410
f 1677 1675 1674
f 1613 1677 1625
f 1679 1676 1677
f 1626 3811 3814
f 534 198 539
f 176 150 159
f 803 734 800
f 400 191 192
f 65 143 144
f 3526 1656 3540
f 402 157 283
f 629 627 626
f 461 49 50
f 758 495 756
f 796 786 785
f 406 1513 1560
f 342 166 167
f 1694 1658 1695
f 1692 1694 1696
f 3557 1652 3552
f 3921 1703 3923
f 326 302 90
f 3916 1702 1706
f 3919 1698 1701
f 1699 3927 3918
f 1557 1560 1561
f 1127 1117 1128
f 400 289 346
f 1706 1707 1708
f 1707 1599 1600
f 1709 1708 1588
f 1714 1711 1713
f 3919 1709 1700
f 1704 1577 1703
f 1716 1713 1715
f 1559 1549 297
f 1722 1720 1719
f 1335 596 1489
f 410 377 378
f 973 1163 972
f 168 399 398
f 1571 1089 1093
f 1572 682 1571
f 749 647 754
f 1730 1723 1729
f 1594 1729 1592
f 1729 1591 1592
f 1731 1730 1583
f 1384 1377 1379
f 1732 1712 1714
f 1724 1731 1732
f 1712 1731 1580
f 1722 1732 1733
f 1721 1733 1734
f 1734 1716 1717
f 1735 1736 1697
f 1733 1714 1716
f 1663 1741 1668
f 1742 1740 1743
f 1738 1737 1735
f 1665 1666 1740
f 1665 1744 1664
f 1725 1746 1745
f 1591 1745 1590
f 1590 1747 1596
f 1745 1748 1747
f 1659 3538 3542
f 3287 3545 3282
f 1185 1182 1190
f 1664 1749 1741
f 1741 1739 1738
f 1746 1743 1748
f 1726 1742 1746
f 1153 924 925
f 1115 1153 1154
f 1654 3575 1655
f 1896 3549 1686
f 1720 1744 1726
f 1721 1749 1720
f 1750 1701 1698
f 1697 1750 1696
f 1151 1063 1062
f 1751 1670 1671
f 1695 1752 1751
f 961 986 981
f 1770 1768 1767
f 1766 1593 1765
f 1731 1579 1580
f 1579 1774 1578
f 3928 1771 3929
f 1764 3928 3917
f 1777 1775 1774
f 3762 1699 1700
f 1004 1128 1003
f 1774 1771 1772
f 987 1399 980
f 1578 1772 1764
f 1783 1781 1778
f 1597 1770 1767
f 639 3895 3884
f 3928 1769 1770
f 1793 1789 1788
f 3929 1798 1769
f 3508 3773 1806
f 1802 3924 3922
f 1788 1794 1793
f 1793 1795 1776
f 3773 1675 1806
f 1584 1783 1789
f 1771 3920 3929
f 1801 1798 1800
f 1768 1798 1799
f 1775 1797 1771
f 508 515 1520
f 1796 1802 1797
f 1800 3920 3922
f 1794 1804 1795
f 3532 1752 3547
f 485 1807 775
f 3809 1640 768
f 3837 1810 1653
f 485 1640 1808
f 1690 3770 3772
f 487 1648 1811
f 3839 1816 3822
f 3838 1648 3830
f 3839 1811 3838
f 1812 487 1811
f 1641 767 768
f 465 755 776
f 767 3823 3808
f 3822 3826 3847
f 1809 1815 767
f 3837 1651 3840
f 675 3541 3496
f 1814 1822 1821
f 1821 3821 3820
f 1824 1649 1825
f 1827 1850 1805
f 1668 1662 1663
f 1779 1848 1828
f 1790 1805 1794
f 1833 1853 1852
f 3521 693 575
f 1614 1616 1617
f 1852 3498 3501
f 1620 1622 1623
f 1855 1574 1861
f 1847 3501 3513
f 1766 1855 1782
f 1629 1631 1628
f 1633 1634 1632
f 1635 1637 1638
f 1848 1852 1847
f 1855 1863 1862
f 1803 1867 1802
f 1862 1831 1832
f 1782 1862 1781
f 3922 1865 1800
f 1873 1870 1869
f 1874 799 804
f 2045 3897 2044
f 1219 1295 1225
f 1615 1396 1395
f 3884 1877 1876
f 645 3786 3559
f 1345 1035 1346
f 634 3884 3880
f 15 1327 14
f 3910 1878 1893
f 1894 605 1893
f 3506 627 693
f 3560 645 3559
f 340 454 1558
f 1897 195 1898
f 1889 1877 1890
f 1901 129 1900
f 196 754 232
f 1705 3921 3916
f 340 166 343
f 1570 563 561
f 1904 194 1897
f 1781 1832 1780
f 1905 55 1906
f 1000 995 996
f 986 920 987
f 1191 1190 1194
f 2094 2075 2093
f 1920 1919 1915
f 453 1912 1911
f 1915 1918 1916
f 3882 2106 3901
f 1655 3531 1868
f 1916 1926 1925
f 704 3561 703
f 278 1925 1900
f 3565 1818 1820
f 1097 1115 1114
f 1927 727 1923
f 3578 3654 3758
f 1920 307 1929
f 1929 48 728
f 503 1497 1509
f 1902 787 796
f 1816 3820 3826
f 1925 1923 1924
f 1535 1568 1534
f 254 258 255
f 1509 366 367
f 119 35 36
f 219 293 294
f 141 47 431
f 542 244 245
f 1940 430 431
f 1779 1827 1790
f 1701 3915 3919
f 1661 3515 1667
f 270 754 647
f 197 749 196
f 1727 1212 1211
f 53 232 754
f 1465 1479 1478
f 1284 3854 1293
f 1951 412 413
f 168 1554 1553
f 1486 206 207
f 506 78 361
f 994 1007 993
f 951 963 964
f 1013 3861 1351
f 3826 1820 1818
f 1498 1954 1482
f 299 543 132
f 1754 1756 1753
f 1681 1683 1682
f 1696 1695 1697
f 13 738 737
f 473 475 474
f 482 768 1640
f 204 30 205
f 1761 820 819
f 611 1125 612
f 1501 1908 1909
f 1074 711 699
f 1960 82 83
f 120 1960 123
f 35 87 34
f 1773 1025 1031
f 1965 1569 1535
f 494 471 479
f 1966 1969 1968
f 446 1971 1967
f 174 125 126
f 1580 1578 1577
f 1785 1787 1784
f 1972 304 305
f 1254 875 999
f 1973 342 514
f 321 1973 509
f 1910 275 1907
f 509 514 508
f 1486 1527 1485
f 1974 804 1975
f 1977 1974 1978
f 1980 1966 1981
f 379 2 295
f 1718 1710 1701
f 884 992 883
f 1680 1678 1679
f 902 525 524
f 344 256 299
f 135 137 136
f 236 228 333
f 448 1967 1966
f 589 604 584
f 910 908 907
f 1981 1968 1987
f 1982 1987 1979
f 1988 1987 1989
f 1990 1989 1991
f 1991 1993 1992
f 322 320 319
f 992 830 883
f 1144 1086 1143
f 1995 1978 1994
f 1133 1118 1126
f 1997 1994 1996
f 870 1335 1489
f 805 1982 1998
f 727 2000 1999
f 1996 1988 1990
f 1994 1979 1988
f 1829 792 1273
f 1830 941 983
f 798 800 799
f 729 731 730
f 2011 2023 2022
f 1834 846 1159
f 402 284 347
f 2022 2024 2025
f 1838 989 988
f 810 952 809
f 1823 1840 644
f 1430 1432 1431
f 1215 1841 1079
f 149 176 177
f 1316 873 872
f 2112 1384 2106
f 1842 1844 1845
f 1159 845 1160
f 837 1846 1120
f 1971 2030 2027
f 517 370 189
f 858 833 812
f 1471 2027 1888
f 3551 626 627
f 2174 770 490
f 935 1854 1010
f 1613 1611 1618
f 1231 1225 1295
f 1856 891 892
f 1300 748 741
f 1150 1858 1859
f 1643 696 1642
f 1215 1264 1216
f 1320 902 901
f 1956 1944 1960
f 2031 669 1474
f 2034 1310 1299
f 1879 1656 1657
f 40 242 39
f 1992 2039 1456
f 888 957 889
f 1882 1996 1990
f 1078 1255 1077
f 1871 1192 1090
f 294 218 219
f 1323 2026 1471
f 123 83 1484
f 1324 2041 1323
f 384 359 352
f 1324 2038 2036
f 1883 1885 1829
f 287 114 107
f 1096 1134 661
f 915 931 916
f 806 1981 1982
f 3533 584 604
f 1425 2042 1018
f 1018 1948 1017
f 3562 740 3519
f 1948 649 646
f 1881 1990 1991
f 1900 130 278
f 992 994 993
f 923 925 924
f 3878 2047 3876
f 1643 625 606
f 2050 2051 2049
f 2045 1404 2047
f 3876 945 3885
f 1139 1079 1841
f 1037 892 982
f 2055 2057 2056
f 1198 718 717
f 1619 1612 1611
f 2058 1606 2059
f 2059 1607 2058
f 2058 1624 1605
f 71 179 37
f 405 1557 382
f 976 1006 977
f 322 1972 1911
f 2061 2063 2062
f 2066 2067 1825
f 2052 2064 2051
f 1609 2066 1647
f 1515 152 1516
f 1009 993 1007
f 1644 3815 2118
f 279 1916 278
f 1285 3862 1284
f 1647 1825 1649
f 2056 2067 2065
f 319 1953 1952
f 667 1913 1914
f 2070 625 2048
f 2052 2055 2063
f 2038 1655 1458
f 1606 2073 2072
f 1235 1270 1236
f 2072 2075 2074
f 2059 2072 2062
f 2074 2077 2076
f 1601 2078 2073
f 2049 1643 1645
f 1000 1001 994
f 1089 684 689
f 1931 1306 1930
f 1462 1021 1022
f 1932 1934 1935
f 875 1846 998
f 1936 1937 1938
f 44 46 92
f 1534 1956 120
f 1541 317 391
f 2081 2084 2083
f 146 1959 300
f 1360 1942 1361
f 985 1032 1033
f 1995 1892 2043
f 2079 2082 2081
f 2095 2076 2077
f 2081 2078 2079
f 2055 2054 2053
f 501 2095 500
f 2097 2099 2098
f 2098 2094 2083
f 2140 3893 3866
f 2141 3894 3893
f 2051 2048 2049
f 592 2101 1576
f 2071 2076 2096
f 2102 2098 2101
f 593 2102 592
f 1019 746 747
f 1950 12 1327
f 725 2096 501
f 1385 2104 1379
f 1379 2106 1384
f 2107 2100 2097
f 3908 502 3896
f 3896 499 3901
f 940 2109 944
f 928 1170 973
f 3868 684 3899
f 1962 1964 1961
f 3878 573 3897
f 2039 1968 1969
f 1389 2110 2109
f 1398 2113 1397
f 3757 3753 3743
f 3911 2107 2103
f 949 924 1115
f 260 324 326
f 1390 2113 2110
f 2070 2064 2071
f 3867 2103 593
f 2105 1421 2114
f 2114 1423 2115
f 3892 2115 3903
f 3908 2114 3892
f 554 1902 553
f 972 967 966
f 1765 1573 1574
f 1984 1986 1983
f 2053 2069 2057
f 3573 724 714
f 1625 1674 1673
f 3881 2119 2122
f 3903 2123 3904
f 56 1906 55
f 626 3879 629
f 2001 2003 2004
f 3912 2127 3907
f 2006 2008 2009
f 2127 1412 2128
f 2014 2016 2017
f 2018 2020 2021
f 1495 1947 197
f 1379 1386 1385
f 3814 1680 1618
f 2029 1884 2028
f 3902 2120 3887
f 629 3914 3872
f 682 943 1089
f 724 2121 716
f 1757 3821 3845
f 765 3844 3809
f 3851 715 3852
f 706 3870 3872
f 981 987 980
f 1457 1656 1880
f 2017 2032 2033
f 1458 1868 1457
f 1776 1792 1793
f 1959 1946 1958
f 3663 3725 3661
f 3913 2122 3850
f 1093 689 1088
f 966 968 972
f 3852 3881 3913
f 2172 2170 2171
f 670 2137 669
f 3761 1903 233
f 1429 28 1449
f 964 978 971
f 3841 1413 2127
f 1473 669 2137
f 3834 1359 1358
f 2138 1870 2137
f 1872 2137 1870
f 715 3888 3881
f 1881 1992 1880
f 3843 739 740
f 1837 3513 3514
f 253 59 85
f 1808 3840 1807
f 1647 3818 1609
f 3865 671 668
f 2112 3883 2111
f 1405 2044 1438
f 3829 1364 1366
f 273 391 249
f 576 3520 3555
f 3875 668 2031
f 1430 2140 2139
f 2136 3860 28
f 1430 18 19
f 3893 570 695
f 1442 2046 2141
f 1431 2141 2140
f 3869 3850 2136
f 3808 1817 766
f 3866 695 671
f 2142 798 2138
f 571 2142 694
f 3819 1618 1611
f 2143 2025 2142
f 694 2138 670
f 681 2144 572
f 2144 2022 2143
f 328 457 290
f 1572 2011 2144
f 630 3903 624
f 2085 2087 2088
f 2090 2092 2089
f 572 2143 571
f 1875 2153 2149
f 1873 2149 2154
f 2103 2097 2102
f 2157 2155 2156
f 2128 1414 2120
f 3874 589 582
f 3872 628 629
f 2149 2158 2159
f 2159 3905 3890
f 698 3902 705
f 3823 3827 1817
f 2158 3874 3905
f 1438 2046 1439
f 2035 2160 2161
f 2161 3889 3886
f 3871 605 589
f 3873 18 3875
f 370 61 451
f 649 413 648
f 2153 2156 2158
f 1428 1449 1450
f 1490 73 1488
f 3890 710 633
f 2155 3891 3871
f 1456 1880 1992
f 2125 2087 2124
f 2160 3890 3889
f 300 505 323
f 1064 1046 1065
f 2043 1891 2155
f 2129 2004 2003
f 2131 2133 2134
f 3848 1450 1449
f 1998 804 805
f 3879 3864 3914
f 474 490 770
f 1164 1182 1177
f 707 3909 3870
f 708 2162 707
f 2162 3886 3909
f 548 1905 458
f 1145 1114 1171
f 705 1650 704
f 2043 1977 1995
f 737 554 559
f 1034 1191 1023
f 458 1907 275
f 195 232 233
f 2040 1969 1970
f 2145 2147 2148
f 2054 2049 1645
f 3832 1639 3818
f 9 11 10
f 252 506 258
f 472 479 471
f 1865 3791 3503
f 900 910 907
f 1941 2151 1942
f 1921 1927 1919
f 2163 1898 2116
f 271 153 178
f 1904 12 9
f 282 264 460
f 1872 2154 2035
f 1326 1897 2163
f 628 693 627
f 1724 1719 1723
f 1549 436 172
f 1582 1730 1729
f 1921 1929 1928
f 3563 10 11
f 2152 1950 1949
f 475 774 771
f 769 2171 473
f 2171 476 473
f 476 772 475
f 1791 464 1760
f 2166 2168 2169
f 595 372 98
f 483 1641 482
f 762 2173 470
f 771 484 492
f 486 1809 483
f 297 1517 296
f 763 2174 762
f 776 759 489
f 184 2176 2000
f 412 303 414
f 2005 185 224
f 3811 1682 3846
f 2164 756 764
f 1472 2161 2162
f 950 964 965
f 2177 2179 2180
f 227 1510 333
f 764 467 2164
f 2182 2184 2181
f 2186 2018 2185
f 1985 2181 1986
f 214 729 1531
f 1545 1546 1569
f 865 842 866
f 849 1357 1362
f 452 1558 454
f 559 3188 737
f 16 737 3188
f 560 498 374
f 3193 3195 3194
f 3200 3198 3199
f 3211 3213 3212
f 3215 3217 3216
f 2187 2002 2001
f 2169 2189 2190
f 2192 2085 2191
f 2193 2195 2196
f 2198 2200 2197
f 1998 1979 1975
f 3664 3668 3671
f 2116 1903 1902
f 1859 2009 1150
f 3904 2126 3906
f 1135 1087 1130
f 2201 2015 2014
f 1149 110 1858
f 3221 3218 3215
f 2203 2205 2206
f 579 1895 1019
f 1755 2208 1756
f 3891 1893 605
f 1211 2150 1727
f 868 2210 2209
f 944 930 940
f 2130 2202 2201
f 233 1898 195
f 665 750 666
f 1167 999 618
f 2211 2213 2214
f 2215 2217 2218
f 3867 590 3868
f 2220 220 2219
f 823 948 1094
f 3225 3227 3226
f 266 455 265
f 3882 2107 3883
f 2221 3519 3517
f 2223 2225 2226
f 2207 2124 2208
f 673 3869 3864
f 817 996 815
f 2227 2146 2145
f 1947 646 749
f 3900 17 3873
f 2229 1638 1381
f 1679 1618 1680
f 1637 2232 2230
f 2233 1617 1616
f 2231 2236 2237
f 1381 2238 1382
f 3586 2242 3587
f 1630 2233 1631
f 1681 472 469
f 1408 2243 2244
f 3236 3238 3237
f 3232 3240 3235
f 1637 2238 1638
f 3237 3233 3234
f 1409 1634 2245
f 1380 2247 2246
f 1628 2245 1621
f 2249 1622 1633
f 1632 1408 2244
f 2248 1631 2250
f 2235 1637 1636
f 3245 3199 3198
f 631 2071 725
f 515 52 49
f 782 2251 1251
f 2253 2255 2252
f 397 459 784
f 1456 2040 1455
f 2040 2036 1455
f 1401 2111 1398
f 2041 1970 2026
f 1535 414 1965
f 1586 2080 2079
f 2256 1132 1886
f 1700 3918 3919
f 3815 1686 3817
f 1263 1886 1096
f 598 844 599
f 2257 2259 2260
f 2258 2262 2259
f 2259 2263 2216
f 2260 2216 2215
f 1967 1970 1969
f 2212 1963 2213
f 922 2218 2217
f 1312 1101 2264
f 1307 1286 789
f 1548 1546 1972
f 2266 2268 2265
f 2265 2270 2269
f 2272 2269 2271
f 2273 2265 2272
f 2275 2277 2274
f 2278 2277 2279
f 2284 3617 3639
f 2287 2286 2281
f 2288 2283 2287
f 2290 3639 3620
f 2291 2293 2294
f 2295 2294 2279
f 2296 2291 2295
f 2297 2292 2291
f 2294 2299 2300
f 2279 2300 2278
f 2298 2302 2292
f 2292 2303 2293
f 2293 2304 2299
f 2304 2306 2299
f 2306 2300 2299
f 2308 2310 2307
f 2302 2310 2303
f 2301 2307 2302
f 2312 2307 2311
f 2313 2315 2316
f 2318 2320 2317
f 3748 2322 2323
f 2324 2273 2326
f 2313 2326 2327
f 2328 2313 2316
f 2329 2324 2328
f 2331 2333 2330
f 2330 2267 2266
f 2325 2266 2273
f 2329 2330 2325
f 2333 2335 2267
f 2336 2333 2332
f 2338 2332 2337
f 2331 2337 2332
f 2329 2339 2331
f 2328 2340 2329
f 2316 2341 2328
f 2342 2315 2343
f 2344 2346 2347
f 2341 2347 2340
f 2342 2344 2341
f 2348 2345 2344
f 2350 2352 2353
f 2339 2353 2337
f 2340 2350 2339
f 2347 2351 2350
f 2337 2354 2338
f 2353 2355 2354
f 2356 2276 2357
f 2356 2358 2359
f 2356 2296 2295
f 2279 2356 2295
f 2360 2270 2268
f 2267 2360 2268
f 2362 2364 2365
f 2362 2361 2358
f 2366 2358 2357
f 2366 2363 2362
f 2357 2368 2366
f 2366 2369 2367
f 2276 2370 2368
f 2368 2282 2369
f 2372 2374 2371
f 2375 2377 2007
f 2378 2380 2381
f 2382 2381 2383
f 2384 2378 2382
f 2385 2379 2378
f 2388 2390 2387
f 2387 2392 2391
f 2393 2387 2391
f 2394 2388 2387
f 2186 2402 2400
f 2403 2327 2326
f 2272 2326 2273
f 2271 2403 2272
f 2405 2404 2403
f 2404 2408 2327
f 2409 2411 2412
f 2409 2271 2269
f 2413 2269 2270
f 2413 2410 2409
f 2417 2416 2418
f 2417 2406 2405
f 2412 2405 2271
f 2411 2417 2412
f 2406 2407 2404
f 3569 632 713
f 2420 2397 2421
f 2420 2423 2422
f 2424 2422 2419
f 2424 2398 2420
f 2425 2392 2426
f 2421 2426 2423
f 2397 2425 2421
f 2396 2391 2425
f 2427 2315 2314
f 2427 2408 2428
f 2430 2428 2429
f 2343 2427 2430
f 2432 2430 2431
f 2431 2429 2433
f 2435 2433 2434
f 2436 2431 2435
f 2428 2407 2437
f 2422 2407 2419
f 2438 2422 2423
f 2429 2437 2438
f 2440 2433 2439
f 2441 2433 2429
f 2442 2439 2441
f 2443 2440 2439
f 2445 2444 2443
f 2447 2443 2442
f 2383 2445 2447
f 2381 2446 2445
f 2448 2423 2426
f 2449 2426 2392
f 2441 2449 2442
f 2441 2438 2448
f 2449 2390 2450
f 2450 2389 2451
f 2447 2451 2383
f 2442 2450 2447
f 2451 2453 2452
f 2452 2455 2454
f 2382 2454 2384
f 2383 2452 2382
f 2456 2373 2372
f 2459 2461 2458
f 2463 2465 2462
f 2462 2285 2284
f 2466 2284 2290
f 2467 2462 2466
f 2461 3703 3701
f 2468 2470 2471
f 2472 2471 2473
f 2474 3701 3688
f 2475 2477 2478
f 2458 2453 2479
f 2479 2389 2388
f 2395 2479 2388
f 2480 2458 2479
f 2481 2483 2478
f 2484 2485 221
f 2471 2464 2463
f 2473 2463 2467
f 2487 2466 2486
f 2486 2290 2488
f 2490 2488 2489
f 2491 2486 2490
f 2492 2467 2487
f 2493 2487 2491
f 2494 2492 2493
f 2495 2473 2492
f 3690 2474 3688
f 3691 2496 3690
f 2498 2493 2499
f 2500 2499 2501
f 3700 2498 2500
f 3687 2494 2498
f 2306 2278 2300
f 2305 2504 2306
f 2504 2507 2506
f 2506 2288 2508
f 2274 2508 2275
f 2278 2506 2274
f 3633 2489 2488
f 3620 2488 2290
f 2507 2289 2288
f 2505 2509 2507
f 2508 2287 2511
f 2511 2281 2280
f 2370 2280 2282
f 2275 2511 2370
f 2512 2489 2513
f 2514 2513 2515
f 2517 2514 2516
f 2517 2490 2512
f 2499 2491 2517
f 2499 2516 2501
f 2510 2519 2518
f 2518 2521 2520
f 3616 2520 3621
f 3632 2518 3616
f 2522 2303 2310
f 2523 2310 2309
f 2305 2522 2524
f 2524 2523 2525
f 2519 2525 2521
f 2505 2524 2519
f 2308 2527 2526
f 2526 2529 2528
f 2531 2528 2530
f 2309 2526 2531
f 1214 2151 1211
f 2419 2418 2424
f 2533 2349 2317
f 2534 2317 2320
f 2535 2533 2534
f 2536 2345 2533
f 2537 2346 2536
f 2538 2536 2535
f 2539 2537 2538
f 2540 2351 2537
f 2312 2541 2527
f 2527 2542 2529
f 2543 2434 2544
f 2545 2544 2546
f 2319 2543 2545
f 2318 2435 2543
f 2514 2548 2547
f 2547 2550 2549
f 2552 2549 2551
f 2552 2514 2547
f 2520 2554 2553
f 2553 2556 2555
f 3590 2555 3593
f 3621 2553 3590
f 2523 2531 2557
f 2557 2530 2558
f 2525 2557 2559
f 2559 2558 2560
f 2554 2560 2556
f 2521 2559 2554
f 2561 2007 2006
f 2376 2225 2377
f 2564 2566 2563
f 2563 338 2567
f 2569 2567 2568
f 2570 2563 2569
f 2572 2574 2571
f 2571 2576 2575
f 2544 2575 2546
f 2544 2572 2571
f 2578 2569 2577
f 2579 2569 2568
f 2574 2579 2576
f 2573 2577 2574
f 2581 2583 2580
f 2584 2583 2585
f 3697 2580 2584
f 3676 2580 3675
f 2582 2552 2583
f 2583 2551 2585
f 2500 2589 2588
f 2590 2589 2591
f 3693 2588 2590
f 3695 2500 2588
f 2501 2591 2589
f 2592 2594 2595
f 2386 2503 2502
f 2596 2386 2374
f 2596 2373 2597
f 2599 2597 2598
f 2599 2379 2596
f 2600 2380 2599
f 2600 2598 2601
f 2603 2601 2602
f 2603 2446 2600
f 2604 2602 2605
f 2440 2605 2434
f 2444 2604 2440
f 2606 2581 2607
f 2606 2590 2591
f 2591 2582 2606
f 3676 2456 3689
f 3689 2372 3693
f 2478 2608 2481
f 2609 2611 2199
f 2564 2613 2612
f 2612 2598 2597
f 2457 2597 2373
f 2565 2612 2457
f 2614 2570 2578
f 2615 2578 2573
f 2602 2614 2615
f 2601 2613 2614
f 2572 2605 2616
f 2616 2602 2615
f 2573 2616 2615
f 1459 1045 1021
f 1265 1079 1082
f 1612 1609 1611
f 2067 2069 2068
f 1135 1136 1148
f 1938 2618 2617
f 95 458 128
f 2058 1608 1612
f 1454 1445 1367
f 655 1048 2619
f 722 2621 723
f 1131 1033 1134
f 562 366 1497
f 1723 1725 1591
f 1786 1122 1787
f 267 323 266
f 1325 1654 2038
f 1468 1435 1479
f 658 529 528
f 8 247 7
f 382 1559 3
f 788 1307 789
f 940 929 928
f 911 2623 912
f 2621 655 654
f 2624 2625 2626
f 998 27 26
f 635 2626 2625
f 2627 644 1840
f 2628 1840 2629
f 1200 2627 2628
f 1199 641 2627
f 1520 49 477
f 1452 1349 1451
f 2630 1859 1858
f 644 1335 1823
f 1197 717 2632
f 2632 719 1166
f 2628 1166 1200
f 2629 2632 2628
f 1762 1050 821
f 1823 873 1839
f 2634 794 652
f 1028 1027 1161
f 1042 2635 1043
f 93 1901 1924
f 2036 1458 1455
f 1527 1525 1526
f 877 1274 1277
f 134 797 1544
f 1328 931 1329
f 607 1091 1161
f 1043 2637 2636
f 2636 2639 2638
f 1275 2638 1276
f 1275 1043 2636
f 1272 2626 2640
f 2640 638 637
f 1110 2640 637
f 536 2640 2641
f 1472 1474 1473
f 2042 1951 649
f 1058 1105 1059
f 2642 2643 2644
f 1192 2644 1193
f 912 2642 1192
f 3898 3526 3786
f 1049 2620 2621
f 616 1885 613
f 1331 666 750
f 990 1198 525
f 1911 321 322
f 1298 1205 2645
f 76 1504 75
f 1502 421 422
f 610 658 691
f 1146 659 938
f 2646 914 936
f 1280 1238 1279
f 975 2647 2648
f 2647 975 974
f 1453 1452 1451
f 1514 158 151
f 835 1843 1842
f 1271 1173 1289
f 2649 813 2650
f 1893 1826 1894
f 1050 1937 1051
f 2651 814 813
f 1006 1281 977
f 2653 2654 2655
f 1001 1003 1002
f 585 679 558
f 2624 621 620
f 555 2028 556
f 1207 1197 2629
f 1626 478 472
f 426 419 1567
f 1030 1773 1031
f 3898 634 3880
f 534 138 262
f 1125 1042 1041
f 333 88 227
f 569 561 730
f 1489 871 870
f 1857 620 891
f 1673 3770 3763
f 622 864 1308
f 2647 974 2657
f 619 891 620
f 261 545 262
f 393 1556 404
f 2658 2647 2657
f 1075 2657 917
f 1081 2658 1075
f 1080 2659 2658
f 2644 1141 2660
f 2660 1140 1336
f 642 1336 643
f 1193 2660 642
f 679 555 558
f 1503 1500 1502
f 1318 1101 1100
f 2661 1139 1142
f 2661 2663 2662
f 2662 2659 2661
f 2662 2622 2664
f 2664 911 2646
f 2648 2646 1146
f 2648 2662 2664
f 2083 2093 2081
f 1442 1437 1439
f 519 330 51
f 1885 1209 613
f 799 805 804
f 1946 1952 1953
f 1302 1253 1252
f 566 224 533
f 1389 928 1388
f 683 681 680
f 836 1842 2665
f 2665 1845 1303
f 2666 1303 1302
f 24 2665 2666
f 831 2650 832
f 1845 1304 1303
f 2010 2012 2011
f 1051 2667 2668
f 1522 1511 1523
f 531 441 522
f 782 1251 1250
f 1250 2625 2669
f 2669 1857 1856
f 783 1856 1037
f 782 2669 783
f 720 2671 721
f 1055 1930 1056
f 1333 1251 2251
f 619 1308 1307
f 652 2619 2634
f 521 1539 1540
f 1838 537 2672
f 2672 536 2641
f 1113 2641 1110
f 1113 1838 2672
f 1016 1351 1045
f 3897 570 3894
f 226 104 101
f 3564 3827 1818
f 1036 1884 1883
f 2674 1304 2673
f 2673 1844 2675
f 1334 2675 1039
f 1333 2673 1334
f 2676 1039 2675
f 1843 2675 1844
f 942 2676 1843
f 1074 702 2676
f 811 859 858
f 752 1055 753
f 1200 656 1026
f 1120 874 2677
f 2677 877 1052
f 1241 1052 1005
f 1119 2677 1241
f 1560 151 1515
f 1208 611 523
f 215 736 214
f 1460 1462 1461
f 1208 1839 873
f 854 1282 1297
f 72 182 179
f 544 1565 512
f 217 456 457
f 2047 930 945
f 1204 1937 2633
f 913 686 685
f 840 1113 1112
f 1531 730 561
f 2678 1283 801
f 601 1914 602
f 1537 459 460
f 1819 3509 3527
f 991 862 538
f 2679 1073 1830
f 2680 983 2256
f 779 2256 1263
f 778 2680 779
f 2678 1830 2680
f 180 245 40
f 1886 1131 1134
f 1138 1274 1255
f 1841 1140 1139
f 75 314 74
f 193 420 192
f 2681 1099 1098
f 170 1565 169
f 349 417 432
f 1121 2684 2683
f 547 409 302
f 123 121 120
f 2643 1142 1141
f 1542 513 1543
f 899 907 919
f 1210 676 867
f 791 982 892
f 24 837 836
f 893 932 931
f 1860 863 862
f 535 862 861
f 832 813 812
f 2650 813 832
f 1569 1547 1568
f 181 542 180
f 660 937 688
f 2013 568 2012
f 887 2631 2630
f 1524 361 78
f 520 162 1529
f 2653 854 2685
f 1238 2655 2686
f 718 527 530
f 1492 518 1491
f 792 615 793
f 599 1835 596
f 290 456 175
f 312 1552 425
f 1248 1179 1249
f 153 177 178
f 1240 1222 1221
f 1257 1235 1071
f 1291 1083 1222
f 1052 1277 1053
f 743 2618 1204
f 444 430 443
f 23 1172 1187
f 2687 1180 1179
f 102 409 134
f 1283 610 801
f 373 650 651
f 1180 1084 1291
f 855 2655 1237
f 1173 1917 1174
f 2689 853 2688
f 2688 1108 1279
f 2686 1279 1238
f 2687 2688 2686
f 2691 1252 2690
f 2690 850 2689
f 1248 2689 2687
f 1248 2691 2690
f 2692 24 2666
f 2691 2666 1302
f 1247 2692 2691
f 1258 617 2692
f 394 1555 393
f 2693 1259 1223
f 1072 1262 1261
f 1257 1168 1258
f 398 1555 1554
f 871 1314 872
f 1178 1249 1179
f 1224 1173 1172
f 1010 2618 742
f 1175 1292 1269
f 2654 2686 2655
f 2694 1216 1264
f 71 1487 70
f 701 1111 1038
f 1072 2649 2650
f 1085 22 21
f 895 1264 896
f 1601 1605 1604
f 1259 1271 1289
f 21 1220 1083
f 988 538 537
f 598 1336 1140
f 820 1762 821
f 1050 818 821
f 1298 1761 2652
f 1168 618 617
f 858 1256 833
f 39 516 1536
f 2652 819 814
f 313 315 314
f 2026 1971 2027
f 2656 596 1835
f 814 818 811
f 2696 813 2649
f 1260 2649 1261
f 2693 2696 1260
f 2697 2651 2696
f 381 390 380
f 3818 1611 1609
f 1475 1428 1227
f 1292 1917 1235
f 1551 354 1518
f 1526 1523 1511
f 1593 1595 1573
f 1232 1246 1249
f 2695 1223 22
f 2698 1296 2697
f 2698 2693 2695
f 2685 2695 1085
f 2685 1297 2698
f 562 271 272
f 2652 1296 1298
f 1365 1364 1363
f 1958 1953 1957
f 585 2210 997
f 1561 1515 435
f 975 1146 976
f 347 68 346
f 1038 636 1068
f 2700 780 2699
f 2699 1036 1883
f 2701 1883 1829
f 851 2699 2701
f 2674 2251 2702
f 2702 781 2700
f 1253 2700 851
f 1301 2702 1253
f 1519 388 1550
f 1273 1280 2703
f 2703 1107 852
f 2701 852 851
f 1829 2703 2701
f 91 326 90
f 1784 2656 1785
f 2683 2705 2704
f 604 3499 3533
f 1669 3548 1662
f 2062 2060 2059
f 621 861 622
f 2023 732 2024
f 686 1263 687
f 857 2668 1328
f 883 882 879
f 637 1111 1110
f 2668 893 1328
f 2667 894 2668
f 1039 1068 1334
f 313 1504 1505
f 1911 305 453
f 1936 1964 2212
f 2707 2401 2183
f 2708 2183 2182
f 738 2116 554
f 2349 2432 2436
f 2711 2020 2019
f 2400 2019 2186
f 2714 2716 2713
f 2717 2719 2720
f 2721 2723 2724
f 2726 2728 2725
f 2725 2730 2729
f 2731 2729 2709
f 2732 2725 2731
f 2734 2736 2733
f 2738 2740 2737
f 2737 2741 2742
f 2744 2746 2743
f 2745 2748 2747
f 2749 2747 2751
f 2753 2751 2752
f 2250 2246 2248
f 2754 1614 2755
f 3598 2755 3609
f 3608 2747 3609
f 1617 2755 1614
f 2242 1620 2757
f 2191 2760 2759
f 2761 2760 2762
f 3648 2761 3649
f 3623 2759 3648
f 3209 3223 3224
f 1395 2236 2235
f 1395 1636 1615
f 1616 2229 2233
f 1617 2763 2756
f 2756 3628 3608
f 2765 2234 1630
f 2766 3628 3622
f 3202 3246 3247
f 1516 435 1515
f 2768 3552 3553
f 1495 578 1424
f 2135 28 17
f 3526 2773 2774
f 1690 3926 3925
f 2778 2780 2777
f 2777 2781 2782
f 2784 2777 2783
f 3555 575 576
f 1494 9 540
f 3529 2015 3566
f 451 505 450
f 2786 2788 2785
f 2779 2785 2780
f 2789 2741 2740
f 2790 2752 2789
f 2792 2794 2791
f 2793 2796 2794
f 2796 2750 2749
f 2794 2749 2753
f 2798 1396 2754
f 3591 2754 3598
f 2798 2800 1393
f 3591 2799 2798
f 2797 2795 2801
f 2791 2753 2790
f 216 232 54
f 3804 2807 3803
f 3805 2804 3803
f 2769 3557 3552
f 183 184 97
f 2811 2775 2776
f 2804 2776 2805
f 2809 2811 2804
f 2812 2813 2814
f 3805 2816 3795
f 3796 2815 3795
f 3798 2820 2821
f 3793 2819 3798
f 2824 2735 2819
f 2823 2824 2819
f 2825 2826 2724
f 3793 2827 3792
f 3796 2826 3792
f 2713 2829 2828
f 2828 2831 2830
f 2822 2828 2830
f 2821 2713 2828
f 2832 2822 2830
f 2833 2830 2831
f 2834 2832 2833
f 2835 2827 2832
f 2837 2839 2836
f 2836 2841 2840
f 2842 2840 2727
f 2843 2836 2842
f 2840 2845 2844
f 2718 2845 2719
f 2730 2844 2718
f 2727 2844 2728
f 2846 2719 2845
f 2846 2841 2847
f 2829 2847 2831
f 2829 2716 2846
f 2847 2839 2848
f 2848 2838 2849
f 2833 2849 2834
f 2831 2848 2833
f 2850 2851 2852
f 2853 2852 2854
f 2783 2782 2855
f 2785 2853 2856
f 2780 2856 2781
f 2857 2855 2782
f 2859 2782 2781
f 2861 2842 2860
f 2860 2727 2726
f 2862 2726 2732
f 2863 2860 2862
f 2861 2858 2857
f 2843 2857 2859
f 2856 2854 2864
f 2781 2864 2859
f 2837 2859 2864
f 2838 2864 2854
f 2852 2834 2849
f 2854 2849 2838
f 2865 2818 2835
f 2851 2835 2834
f 2813 2815 2865
f 2814 2865 2851
f 2866 2814 2850
f 2788 2850 2853
f 2866 2787 2867
f 2812 2867 2775
f 1892 1890 1891
f 2720 2846 2870
f 298 256 257
f 2872 2713 2820
f 3794 2735 2734
f 2729 2874 2873
f 2846 2715 2870
f 2876 2878 2875
f 2733 2878 2734
f 3806 2879 2880
f 3806 2872 3794
f 2882 2884 2881
f 2881 2715 2714
f 2880 2714 2872
f 2879 2881 2880
f 2885 2887 2888
f 2888 2890 2885
f 2885 2892 2891
f 2893 2885 2891
f 1942 2532 2894
f 2895 2720 2870
f 2884 2870 2715
f 2883 2895 2884
f 2896 2892 2895
f 2889 2717 2890
f 2890 2720 2892
f 2897 2891 2896
f 2898 2896 2883
f 2899 2883 2882
f 2900 2882 2879
f 3797 2879 3807
f 2876 2901 2877
f 2901 2904 2903
f 1785 1835 1834
f 2905 2899 2900
f 2907 2897 2898
f 3797 2903 3799
f 632 577 633
f 3532 2867 2787
f 434 550 350
f 2768 3640 3643
f 2910 1623 2249
f 2241 2758 2242
f 3640 2913 3652
f 1623 2757 1620
f 3587 2757 3652
f 2229 1380 2250
f 2765 1629 2914
f 2915 1629 2912
f 3642 2914 2915
f 3641 2765 2914
f 2919 3642 3613
f 2918 2912 2241
f 3614 2241 3586
f 3618 3613 3670
f 3541 2180 3496
f 3521 2188 3506
f 3705 714 3851
f 2925 2917 2924
f 2924 2916 2919
f 3610 2919 3618
f 3611 2924 3610
f 2926 2766 2925
f 3658 2925 3611
f 1715 1705 1710
f 785 498 796
f 1387 565 1791
f 374 1899 560
f 3573 2206 3556
f 2929 2886 2893
f 2932 2934 2931
f 1905 1908 1907
f 2930 2936 2937
f 2938 2930 2929
f 1493 517 518
f 1603 1586 1602
f 2939 2929 2908
f 2940 2908 2907
f 3665 1600 3661
f 2886 2937 2887
f 2906 2898 2899
f 2908 2893 2897
f 2942 2933 2941
f 2941 2937 2936
f 3501 2936 3513
f 3498 2941 3501
f 2943 2710 2873
f 2943 2874 2889
f 2945 2889 2888
f 2946 2943 2945
f 2932 2888 2887
f 2931 2945 2932
f 727 1929 728
f 2903 2947 2948
f 545 42 262
f 1480 533 251
f 2907 2949 2940
f 2906 2950 2949
f 1558 215 202
f 3799 2948 3801
f 2054 1644 2118
f 3705 2203 3573
f 1828 1849 1827
f 2953 2955 2952
f 2952 2957 2956
f 2956 2258 2952
f 2953 2258 2257
f 2454 2474 2496
f 3747 2959 3766
f 3747 2131 3737
f 2961 2963 2958
f 2958 2964 2959
f 222 2485 2965
f 2477 2966 2608
f 2631 2006 1859
f 2384 2496 2497
f 2967 2959 2964
f 2968 2970 2969
f 3759 2971 3784
f 3784 2960 3766
f 2972 2033 2032
f 2007 2973 2008
f 3560 2134 2133
f 1836 1832 1831
f 3506 2090 3551
f 955 959 956
f 672 674 673
f 633 713 632
f 2024 733 803
f 2025 803 798
f 425 1550 388
f 2975 888 887
f 1319 1157 2694
f 1212 2977 1213
f 889 2228 2227
f 1978 1975 1979
f 1138 1329 915
f 751 2979 2978
f 1619 1625 1624
f 2252 1728 1727
f 1157 845 1216
f 2706 1938 2617
f 2980 2254 2981
f 2982 887 2630
f 802 711 2679
f 678 2029 2028
f 527 690 528
f 1839 2629 1840
f 2983 602 1914
f 2983 1913 1331
f 2985 1331 1054
f 2986 2983 2985
f 2987 2635 2634
f 2985 2639 2986
f 2990 1318 2989
f 2991 2993 2994
f 2995 2994 2996
f 1106 2991 2995
f 1058 2992 2991
f 1415 1365 1367
f 1317 2217 2997
f 1932 2255 2980
f 926 2999 664
f 3001 2992 3000
f 3000 1057 2978
f 2999 2978 2979
f 2998 3000 2999
f 3002 2209 3003
f 3002 2996 2994
f 2993 3002 2994
f 3001 2998 3002
f 1103 2995 3004
f 3004 2996 3003
f 2209 3004 3003
f 588 3004 2210
f 295 433 381
f 2638 2988 3005
f 3005 1056 1930
f 1305 1930 1306
f 1276 3005 1305
f 1987 1993 1989
f 2633 1761 2645
f 1423 1417 1419
f 3561 739 703
f 2671 2704 2705
f 1473 2035 1472
f 922 2694 895
f 1401 1378 1384
f 556 1884 1037
f 842 3825 3836
f 1854 2617 1010
f 933 1081 1075
f 1440 1436 1437
f 529 719 530
f 1031 1027 1028
f 777 912 1871
f 2645 1204 2633
f 441 1538 1537
f 790 587 586
f 2065 1610 1607
f 1860 990 902
f 60 87 59
f 1424 1948 1947
f 332 1507 331
f 261 138 135
f 187 449 507
f 1719 1726 1725
f 1931 1059 3006
f 3006 1105 1104
f 1287 1104 587
f 1286 3006 1287
f 3007 3009 3010
f 3009 653 795
f 618 26 25
f 2029 1210 1209
f 957 600 2228
f 1049 2228 600
f 2631 3011 2561
f 890 2227 3011
f 3011 2145 3012
f 2561 3012 2375
f 1026 609 608
f 2706 1961 1964
f 3013 2485 3014
f 2148 1267 3015
f 3015 1266 1311
f 2997 1101 1317
f 642 1773 1193
f 186 461 511
f 1041 1320 901
f 1121 3017 1122
f 2984 2987 3018
f 3018 2634 2619
f 1048 3018 2619
f 603 2984 3018
f 2679 801 802
f 2062 2074 2061
f 2061 2076 2064
f 414 1545 1965
f 3016 2683 3019
f 3019 2704 2670
f 3020 2670 720
f 3007 3019 3020
f 1871 1091 777
f 3021 1122 3017
f 3022 3017 3010
f 1314 3022 1315
f 1784 3021 1314
f 1316 1763 611
f 3023 3010 3009
f 3023 795 1092
f 1763 1092 1125
f 1315 3023 1763
f 3016 3010 3017
f 752 2978 1057
f 2986 2637 2987
f 3024 653 3008
f 3020 3008 3007
f 720 3024 3020
f 723 654 3024
f 2681 1268 3025
f 2671 1268 721
f 2705 3025 2671
f 1313 3027 1311
f 3026 3029 3027
f 3027 3030 3031
f 1311 3031 3015
f 2012 731 2023
f 917 974 977
f 743 856 744
f 1888 2030 1425
f 2682 2684 3032
f 3032 1124 2989
f 1100 2989 1318
f 1099 3032 1100
f 1123 2989 1124
f 3033 1159 1158
f 2990 1158 1319
f 1123 3033 2990
f 1786 1834 3033
f 1054 2988 2985
f 2979 664 2999
f 2623 2663 2643
f 1095 688 687
f 3034 2261 2956
f 3036 2956 2957
f 3037 3034 3036
f 3038 3035 3034
f 3040 3026 1313
f 2263 3041 3040
f 3042 3043 3041
f 3041 3028 3026
f 3044 3043 3039
f 3046 3045 3044
f 3047 3049 3045
f 3043 3049 3028
f 3038 3051 3050
f 3050 3053 3052
f 3052 3044 3050
f 3039 3050 3044
f 3054 3039 3042
f 3042 2262 3054
f 2261 3054 2262
f 2216 2997 2217
f 2212 2667 1936
f 3056 2209 3055
f 934 1961 1854
f 2013 3757 567
f 3058 3060 3061
f 3059 3063 3060
f 3060 2213 1963
f 3061 1963 1962
f 3063 2214 2213
f 3062 3064 3063
f 3065 2260 3064
f 3064 2215 2214
f 3066 3031 3030
f 2608 3067 3066
f 2966 3068 3067
f 3031 3068 3015
f 2455 2461 2474
f 2476 2226 2477
f 3551 2089 3525
f 3526 3769 3786
f 433 355 381
f 2115 1419 2123
f 3509 2922 3527
f 3769 2131 2134
f 3069 2167 2166
f 2971 2928 2960
f 2961 2773 2962
f 3070 2478 2483
f 2610 3071 2954
f 2502 2374 2386
f 3072 2595 3073
f 2964 3052 2967
f 3048 3074 3049
f 2593 3075 3074
f 3075 3029 3074
f 3074 3028 3049
f 3072 3075 2592
f 3076 2482 2481
f 2481 3066 3076
f 3076 3030 3075
f 2967 3053 2970
f 2482 3073 2483
f 479 493 494
f 706 3873 709
f 3561 2221 3517
f 2013 3754 3755
f 3533 2016 3529
f 3562 2222 2974
f 1171 1155 1176
f 2586 2565 2587
f 2982 113 2484
f 2562 3077 3068
f 2376 3012 3077
f 3012 2148 3077
f 3077 3015 3068
f 2963 3046 2964
f 3051 2970 3053
f 1683 491 775
f 3850 1447 3860
f 1986 3734 3768
f 3079 2546 2575
f 3081 2575 2576
f 1983 3768 3765
f 3082 2319 2545
f 3080 2545 2546
f 3734 3082 3080
f 3732 2323 3082
f 1309 1888 748
f 3073 2772 2771
f 2760 3084 2762
f 2760 2088 3083
f 3085 3086 3087
f 3089 3090 3088
f 3089 3084 3085
f 3092 3090 3091
f 3093 2744 2743
f 2751 2748 3093
f 3093 2752 2751
f 2742 3093 3094
f 3094 2743 3095
f 3096 3098 3087
f 3099 3087 3086
f 3097 3095 3098
f 3100 2746 3101
f 3101 3102 3100
f 2764 2927 3101
f 2745 3101 2746
f 3102 3091 3100
f 3100 3095 2743
f 2869 3592 3634
f 3102 3104 3092
f 3658 2869 3634
f 2927 3103 3102
f 3098 3091 3090
f 3087 3090 3085
f 2088 3105 3083
f 3083 3086 3084
f 2483 2771 3070
f 2401 2185 2321
f 3099 3105 3106
f 2125 3106 3105
f 3108 2742 3107
f 3107 3094 3097
f 3110 3107 3109
f 3109 3097 3096
f 3111 3096 3099
f 3112 3109 3111
f 3113 2737 3108
f 3115 2722 3114
f 3117 3114 3116
f 3119 3116 3118
f 3118 3120 3121
f 3116 3113 3120
f 3122 3111 3123
f 3122 1755 1754
f 3124 3126 3127
f 3125 3121 3126
f 3128 3118 3125
f 3129 3125 3124
f 2020 3128 3129
f 3853 1346 1352
f 1065 1047 1066
f 1814 3830 1649
f 2021 3129 3130
f 3111 3106 3123
f 3123 2207 1755
f 2377 2224 2973
f 3014 113 112
f 1756 3782 3767
f 3131 2530 2528
f 3133 2528 2529
f 1753 3767 3775
f 3134 3127 3135
f 2327 2314 2313
f 2436 2317 2349
f 2018 3711 3712
f 2534 3137 2535
f 2320 3136 2534
f 2185 3712 3771
f 3138 2542 2539
f 3134 3744 3745
f 3785 3134 3745
f 3140 2539 2538
f 2535 3140 2538
f 3711 3130 3785
f 2558 3132 3141
f 3782 3141 3132
f 2560 3141 3142
f 3760 3142 3141
f 958 2976 2981
f 1933 2980 3143
f 2399 2418 2416
f 2348 2343 2432
f 2322 2319 2323
f 2718 2874 2730
f 2709 2873 2710
f 2894 1361 1942
f 346 176 347
f 1876 1882 1881
f 2802 3607 3592
f 3104 3088 3092
f 2974 3649 3603
f 3089 2761 2762
f 3088 3145 3089
f 2803 3603 3607
f 3870 692 628
f 2123 1418 2126
f 1365 1368 1367
f 1581 1782 1783
f 3569 2129 3520
f 3555 2002 3521
f 3146 2551 3147
f 3751 3147 3750
f 3742 3146 3751
f 3149 2585 3146
f 3196 3197 3195
f 3604 2191 3623
f 3142 2556 2560
f 3777 3150 3142
f 3646 2550 3593
f 3150 2555 2556
f 3778 3151 3150
f 3788 3152 3646
f 3153 2551 2549
f 3152 2549 2550
f 3781 3153 3152
f 3776 3147 3153
f 3148 2206 2205
f 2183 2321 2184
f 2132 2928 2133
f 3684 2204 2203
f 3719 2197 3721
f 2594 2773 2951
f 2595 2951 2772
f 1870 799 1869
f 3713 2178 3706
f 3706 3736 3790
f 336 3774 3722
f 339 3154 336
f 3789 3149 3742
f 3683 2584 3149
f 2963 3048 3047
f 3722 337 336
f 339 2566 2586
f 3156 2168 2167
f 2610 2167 2611
f 2954 3156 2610
f 3157 2953 2257
f 3707 2169 3709
f 2567 3159 2568
f 337 2567 338
f 3730 2166 3707
f 3764 1983 3765
f 2579 3081 2576
f 2568 3160 2579
f 3709 2190 3764
f 3065 3162 3161
f 3161 1984 2189
f 3157 2189 2168
f 2257 3161 3157
f 734 1922 806
f 3059 2708 3163
f 3163 2182 1985
f 3162 1985 1984
f 3062 3163 3162
f 3203 3205 3204
f 2122 1448 1447
f 3817 1685 3812
f 139 444 69
f 1570 566 533
f 2957 3165 3036
f 2955 3164 2957
f 1912 341 1973
f 3130 3124 3134
f 1548 319 1547
f 1949 1327 1887
f 2969 3078 3167
f 3167 3169 3168
f 3724 2017 3720
f 3720 2033 3759
f 3168 3165 3170
f 3170 3164 3171
f 3779 3171 3756
f 3724 3170 3779
f 3171 3166 3172
f 3172 3071 3173
f 3752 3173 3749
f 3756 3172 3752
f 3169 3036 3165
f 2593 2962 2594
f 3173 2609 3174
f 3174 2199 2198
f 3783 2198 3719
f 3749 3174 3783
f 2190 1984 1983
f 2196 2767 3148
f 2119 1414 1448
f 1464 1466 1465
f 2199 3069 2200
f 2457 2587 2565
f 2226 2562 2966
f 481 1627 1639
f 333 235 236
f 3078 3037 3169
f 3040 2997 2263
f 2219 1933 2220
f 2385 2497 2503
f 221 3175 2484
f 2220 3143 3175
f 3175 2976 2975
f 2484 2975 2982
f 2954 3166 2955
f 2630 110 2982
f 1547 1952 1955
f 2091 2188 2187
f 3733 2178 2177
f 1918 1927 1926
f 3563 111 3511
f 955 960 954
f 2037 112 3563
f 3143 2981 2976
f 2218 2214 2215
f 672 3787 3541
f 2152 3014 2037
f 1147 1143 1145
f 2248 1409 2245
f 1615 1635 1616
f 1410 2246 2247
f 3241 3242 3240
f 3177 1383 1382
f 2238 3176 1382
f 3176 2230 3178
f 1410 3179 1407
f 3179 2243 1407
f 1633 2800 2249
f 1621 2758 2912
f 1622 2245 1634
f 2236 3181 3182
f 2237 3182 3183
f 2250 2233 2229
f 2912 1628 1621
f 135 1564 1563
f 1567 512 1565
f 1085 2653 2685
f 3184 868 3056
f 869 3057 934
f 1266 1098 1312
f 1267 722 721
f 937 2646 936
f 2146 722 2147
f 2211 921 2667
f 1957 507 449
f 1313 2264 3040
f 1496 1493 1492
f 2681 2705 2682
f 2887 2933 2932
f 1687 1659 1694
f 145 1498 81
f 1317 1319 2694
f 37 418 71
f 1935 3185 2977
f 104 301 103
f 2101 2083 2084
f 543 360 207
f 1934 3186 3185
f 234 212 237
f 3845 1822 1824
f 1976 1874 1974
f 223 2219 220
f 3655 3605 3612
f 468 773 2165
f 1935 1728 1932
f 3240 3226 3235
f 3261 3250 3260
f 3215 3244 3264
f 3265 3215 3264
f 3267 3198 3196
f 3205 3269 3255
f 3214 3265 3270
f 3271 3214 3192
f 3251 3239 3236
f 3222 3266 3272
f 3232 3234 3233
f 3216 3243 3244
f 3196 3268 3267
f 3244 3254 3255
f 3238 3247 3246
f 3264 3255 3269
f 3253 3216 3217
f 3211 3221 3265
f 3257 3218 3256
f 3258 3272 3259
f 3274 3280 3273
f 3228 3262 3263
f 3275 3281 3280
f 3226 3273 3280
f 3236 3260 3251
f 3281 3236 3237
f 3287 3192 3189
f 3235 3280 3234
f 3234 3281 3237
f 3288 3259 3272
f 3260 3276 3251
f 3289 3278 3284
f 3210 3224 3283
f 3199 3201 3200
f 3228 3230 3229
f 3290 3285 3286
f 3282 3271 3287
f 3260 3262 3261
f 3243 3268 3254
f 3267 3241 3232
f 3194 3208 3193
f 3191 3269 3206
f 3270 3192 3214
f 3275 3230 3231
f 3264 3270 3265
f 3252 3276 3291
f 3248 3291 3223
f 3213 3279 3277
f 3272 3289 3288
f 3277 3212 3213
f 3228 3281 3231
f 3220 3253 3219
f 3219 3217 3257
f 3256 3222 3258
f 3247 3252 3248
f 3245 3232 3233
f 3266 3212 3289
f 3208 3255 3254
f 3288 3284 3285
f 3204 3208 3207
f 560 3187 559
f 3209 3201 3202
f 3189 3191 3190
f 448 807 447
f 647 122 270
f 1833 1780 1832
f 510 508 507
f 3210 1887 3201
f 1887 3200 3201
f 15 3197 3200
f 16 3195 3197
f 3195 3187 3194
f 3194 1899 3207
f 3207 375 3204
f 387 126 127
f 3189 1760 3287
f 3577 757 758
f 763 2172 2175
f 3583 3580 3581
f 3581 3579 3578
f 3594 3596 3595
f 3400 3602 3401
f 3626 3625 3627
f 3631 3599 3601
f 3636 3595 3596
f 3647 3588 3645
f 3650 3584 3647
f 3653 3580 3651
f 3653 3654 3579
f 1801 3656 3655
f 3651 3582 3650
f 3644 3595 3637
f 1767 3659 3660
f 1597 3661 1600
f 1708 3665 3664
f 3671 3667 3666
f 3666 3673 3672
f 1588 3664 1587
f 2080 3666 2082
f 2082 3672 2084
f 3674 3635 3631
f 3677 3636 3635
f 3682 3645 3681
f 3692 3650 3686
f 3681 3644 3680
f 786 3692 785
f 3694 3651 3692
f 785 3686 497
f 497 3682 650
f 650 3681 564
f 3696 3681 3680
f 3405 3605 3402
f 3702 3678 3677
f 3699 3679 3678
f 3645 3638 3644
f 1799 3659 1768
f 3708 3458 3460
f 3462 3708 3460
f 3714 564 3696
f 3615 3602 3600
f 3710 3696 3698
f 3635 3596 3599
f 3629 3627 3630
f 3597 3599 3596
f 3630 3715 3629
f 3627 3597 3594
f 3717 3723 3718
f 3715 3660 3629
f 3716 3725 3715
f 3668 3661 3725
f 3668 3717 3667
f 3667 3718 3673
f 3727 3673 3718
f 3728 3672 3673
f 3726 3718 3723
f 1576 2084 3672
f 3727 3731 3729
f 3203 1387 3190
f 3190 1791 3189
f 3283 1949 3210
f 317 259 391
f 2000 3653 3694
f 3601 3600 3602
f 3589 3584 3585
f 3577 756 2170
f 3585 3582 3583
f 3678 3637 3636
f 3204 376 3203
f 1801 3657 1799
f 3729 3728 3727
f 1575 3738 1088
f 3735 1576 3728
f 1776 1796 1775
f 1293 1290 1284
f 1326 1327 12
f 1294 1234 1290
f 878 1330 1337
f 497 374 498
f 122 413 121
f 3699 3704 3708
f 3606 3401 3602
f 3708 3698 3699
f 3464 3710 3462
f 3704 3443 3458
f 439 399 438
f 1512 1526 1511
f 1668 1738 1671
f 839 1362 838
f 1362 826 1012
f 3843 1896 3815
f 2053 2118 2117
f 3888 2120 2119
f 696 3816 3831
f 1826 639 640
f 3740 3729 3731
f 956 886 960
f 1980 1922 807
f 33 105 164
f 1343 3856 3857
f 3907 2128 3902
f 1766 1582 1594
f 14 2163 738
f 595 99 594
f 3233 3246 3245
f 1346 1044 1352
f 748 1425 747
f 3193 3254 3268
f 3190 3206 3203
f 3612 3606 3615
f 3624 3615 3625
f 3631 3443 3674
f 3679 3644 3637
f 3686 3647 3682
f 3702 3674 3704
f 3625 3600 3597
f 3601 3415 3631
f 3739 3735 3729
f 3630 3594 3741
f 3741 3716 3630
f 1284 1288 1285
f 3698 3680 3679
f 1778 1780 1779
f 1792 1584 1789
f 695 571 694
f 3638 3594 3595
f 3741 3588 3589
f 3247 3209 3202
f 3292 3294 3295
f 3296 3298 3299
f 3299 3300 3301
f 3302 3304 3305
f 3306 3308 3309
f 3307 3311 3308
f 3303 3301 3300
f 3312 3304 3313
f 3314 3316 3317
f 3318 3320 3321
f 3324 3321 3325
f 3326 3328 3323
f 3329 3331 3332
f 3333 3335 3336
f 3337 3339 3340
f 3333 3341 3342
f 3342 3343 3344
f 3319 3344 3343
f 3338 3334 3339
f 3346 3302 3347
f 3305 3347 3302
f 3312 3223 3349
f 3350 3340 3351
f 3312 3348 3305
f 3352 3341 3326
f 3311 3354 3308
f 3341 3327 3326
f 3359 3361 3362
f 3360 3250 3249
f 3318 3345 3319
f 3364 3318 3324
f 3314 3324 3365
f 3366 3301 3346
f 3299 3367 3296
f 3308 3368 3309
f 3369 3295 3294
f 3317 3364 3314
f 3370 3317 3316
f 3325 3365 3324
f 3352 3319 3343
f 3296 3353 3311
f 3297 3311 3310
f 3363 3354 3345
f 3345 3353 3344
f 3344 3367 3342
f 3366 3342 3367
f 3347 3334 3346
f 3339 3348 3340
f 3348 3351 3340
f 3363 3369 3368
f 3294 3368 3369
f 3293 3309 3294
f 3331 3374 3332
f 3346 3333 3366
f 3323 3352 3326
f 3356 3321 3320
f 3355 3325 3321
f 3357 3371 3325
f 3322 3320 3352
f 3361 3329 3362
f 3373 3375 3374
f 3374 3376 3332
f 3329 3376 3362
f 3327 3372 3328
f 3336 3375 3327
f 3335 3376 3375
f 3376 3337 3362
f 3337 3359 3362
f 3359 3276 3250
f 3377 3295 3370
f 3277 3315 3278
f 3371 3379 3365
f 3378 3358 3380
f 3365 3315 3314
f 3316 3279 3370
f 3282 3370 3279
f 3313 3224 3312
f 3378 3284 3379
f 3380 3285 3378
f 3379 3278 3315
f 3276 3351 3291
f 3291 3349 3223
f 3313 2965 3013
f 2965 3303 222
f 222 3300 223
f 223 3298 3186
f 3298 3185 3186
f 3297 2977 3185
f 3310 1213 2977
f 3307 1214 1213
f 2532 3306 3293
f 2894 3293 3292
f 2871 3292 3377
f 3253 3240 3242
f 3283 3013 2152
f 1997 1889 1892
f 1237 744 855
f 1535 120 121
f 1531 201 214
f 1119 1032 984
f 946 824 947
f 163 5 162
f 3589 3723 3741
f 1155 1162 1164
f 427 327 424
f 553 796 498
f 3381 2231 2237
f 3381 2230 2232
f 2237 3180 3381
f 3383 3385 3382
f 3384 3387 3385
f 3386 3389 3387
f 3388 3391 3389
f 3392 3394 3395
f 3395 3396 3397
f 3398 3397 3396
f 3400 3399 3398
f 3403 3405 3402
f 3406 3404 3403
f 3408 3407 3406
f 3410 3409 3408
f 3412 3411 3410
f 3415 3398 3414
f 3414 3396 3416
f 3416 3394 3417
f 3417 3393 3418
f 3393 3420 3418
f 3419 3421 3420
f 3390 3422 3421
f 3388 3423 3422
f 3386 3424 3423
f 3384 3425 3424
f 3425 3426 3184
f 2904 3428 2947
f 3429 2904 2902
f 3430 2902 2876
f 2875 3430 2876
f 3432 2733 2736
f 2825 3435 2824
f 3437 3439 3436
f 3441 3436 3440
f 2724 3434 2825
f 3436 3115 3117
f 3440 3117 3119
f 3443 3414 3442
f 3442 3416 3444
f 3444 3417 3445
f 3445 3418 3446
f 3446 3420 3447
f 3420 3448 3447
f 3421 3449 3448
f 3422 3450 3449
f 3423 3451 3450
f 3424 3452 3451
f 3425 3056 3452
f 3451 2253 2252
f 3450 2252 1727
f 3449 1727 2150
f 3448 2150 1941
f 3453 3448 1941
f 3454 3447 3453
f 3455 3446 3454
f 3456 3445 3455
f 3442 3456 3457
f 3443 3457 3458
f 3459 3458 3457
f 3457 3455 3459
f 3459 3454 3461
f 3462 3459 3461
f 3461 3453 3463
f 3464 3461 3463
f 3463 1941 1360
f 3404 3401 3405
f 3407 3399 3404
f 3409 3397 3407
f 3411 3395 3409
f 3465 3413 3412
f 3467 3469 3466
f 3465 3431 3433
f 3470 3466 3465
f 3438 3432 3435
f 3467 3438 3437
f 3468 3437 3441
f 3471 3468 3472
f 3472 3441 3473
f 3473 3440 2712
f 2712 3119 3128
f 3475 3472 3474
f 3474 3473 3476
f 3476 2712 2711
f 3477 2711 2400
f 3478 3476 3477
f 3479 3474 3478
f 3392 3413 3480
f 3466 3480 3413
f 3419 3392 3480
f 3390 3480 3391
f 3469 3391 3480
f 3389 3471 3475
f 3387 3475 3479
f 3385 3479 3481
f 3482 2400 2402
f 3483 3477 3482
f 3481 3478 3483
f 3484 2402 2707
f 3058 2707 2708
f 3061 3484 3058
f 3485 3482 3484
f 3382 3481 3486
f 3486 3483 3485
f 3426 3382 3487
f 3487 3486 1962
f 3486 3061 1962
f 1961 3487 1962
f 3057 3426 3487
f 3428 3402 3488
f 3427 3403 3428
f 3429 3406 3427
f 3430 3408 3429
f 3431 3410 3430
f 3470 3433 3432
f 3434 3438 3435
f 2723 3439 3434
f 2875 3433 3431
f 2736 3435 3432
f 2947 3488 3500
f 3464 1360 3497
f 1900 1924 1901
f 1736 1718 1750
f 1955 1943 1956
f 1671 1735 1751
f 1696 1698 1692
f 1800 1864 1801
f 2063 2056 2060
f 1737 1717 1736
f 1751 1697 1695
f 943 3899 684
f 3656 3402 3605
f 1577 1764 1703
f 3917 1599 3923
f 1945 82 1944
f 68 7 248
f 147 1543 148
f 1109 1133 1102
f 1503 1907 1908
f 1499 1909 1498
f 452 735 215
f 1824 3835 3845
f 1825 2068 1824
f 1463 1022 1194
f 841 1009 1011
f 1568 1955 1534
f 1926 1927 1923
f 1910 1502 1939
f 1939 422 442
f 309 1940 308
f 1804 1866 1803
f 269 1954 56
f 2065 2060 2056
f 3812 1758 3835
f 280 552 1940
f 1875 1869 1874
f 1739 1734 1737
f 1778 1790 1788
f 310 1915 279
f 1909 1906 1954
f 1789 1778 1788
f 978 980 979
f 1584 1731 1583
f 425 311 312
f 148 115 116
f 2044 3894 2046
f 277 1939 551
f 1943 1945 1944
f 1461 1463 1464
f 2253 3056 3055
f 2981 3489 958
f 2209 3489 3055
f 2254 3055 3489
f 2998 958 3489
f 2826 2721 2724
f 3490 2721 2817
f 2816 3490 2817
f 2334 2296 2335
f 2298 2334 2336
f 2301 2336 2338
f 2311 2338 2354
f 2312 2354 2355
f 2359 2361 2360
f 2335 2359 2360
f 2414 2365 2364
f 2413 2361 2365
f 2355 2540 2541
f 2541 2539 2542
f 2722 2739 2738
f 3114 2738 3113
f 3110 3121 3120
f 3108 3120 3113
f 3122 3127 3126
f 3112 3126 3121
f 3127 1753 3135
f 3139 2529 2542
f 3744 3133 3139
f 3490 2740 2739
f 3491 2789 3490
f 228 91 88
f 245 243 242
f 248 247 191
f 2 296 295
f 145 300 267
f 327 210 328
f 329 331 330
f 250 228 236
f 239 240 230
f 373 375 374
f 178 176 175
f 1218 1228 1321
f 3862 1295 3854
f 808 824 823
f 3858 1013 1014
f 3813 1411 1413
f 2154 2159 2160
f 3845 1758 1757
f 306 1922 452
f 2157 1976 1977
f 708 2031 1474
f 1450 1227 1428
f 1672 1605 1624
f 1813 1821 1816
f 1717 1715 1718
f 176 402 347
f 1710 3916 3915
f 1712 1577 1711
f 1705 1711 1704
f 971 979 970
f 822 1094 1102
f 2909 2793 2792
f 2810 2795 2793
f 2799 2249 2800
f 3662 2910 2799
f 2769 2801 2795
f 3177 3178 3179
f 3178 3180 3179
f 3181 1393 2800
f 3181 1632 3182
f 3182 2244 3183
f 3183 2243 3180
f 3492 2790 3491
f 2808 3491 2816
f 2239 3572 2240
f 1149 3571 3570
f 1150 3567 3571
f 2202 3566 2015
f 2921 3565 2923
f 3568 2133 2928
f 1777 1759 1792
f 1201 1183 1184
f 3561 2195 2194
f 3553 2770 2768
f 3927 1687 1692
f 1516 154 503
f 3549 2974 2803
f 3550 2779 2778
f 2771 3575 3546
f 3070 3546 3558
f 3547 2775 2867
f 1376 1370 1372
f 2767 3556 2206
f 2195 3543 2767
f 2775 3542 2776
f 3377 3545 2871
f 3804 3539 2806
f 2776 3538 2805
f 2240 3535 2920
f 2920 3669 3619
f 3548 2786 2779
f 1805 1851 1804
f 3534 2787 2786
f 2951 3540 3531
f 2772 3531 3575
f 2973 3530 3536
f 2224 3537 3530
f 1957 320 510
f 306 304 303
f 2770 3528 2913
f 2913 3574 2239
f 2923 3527 2922
f 308 431 47
f 207 132 543
f 1879 1881 1880
f 3733 3525 2089
f 2475 3558 3524
f 2476 3524 3523
f 2223 3523 3537
f 3522 2803 2802
f 2037 11 1950
f 1959 450 505
f 2003 3520 2129
f 9 334 540
f 2009 3518 3567
f 2008 3536 3518
f 3877 673 3879
f 3515 2778 2784
f 2935 3513 2936
f 111 3570 3511
f 3510 2935 2938
f 683 3885 943
f 3508 2810 2909
f 736 732 729
f 1795 1803 1796
f 3505 2938 2939
f 3507 2939 2940
f 2950 3504 2949
f 2940 3504 3507
f 3801 3512 2950
f 2868 3502 2869
f 2869 3522 2802
f 1024 1023 1020
f 3500 2948 2947
f 551 442 443
f 2972 3568 2928
f 2032 3499 2972
f 216 1924 1923
f 203 201 200
f 1828 1847 1837
f 1958 449 450
f 272 178 175
f 2871 3495 1361
f 3619 3564 2921
f 2801 3643 3662
f 2005 3654 2176
f 960 899 962
f 3657 3612 3624
f 3780 3646 3151
f 3151 3593 2555
f 2193 3623 2194
f 3607 3145 3144
f 3603 2761 3145
f 3592 3144 3104
f 2926 3634 3103
f 3634 3104 3103
f 3755 3746 3753
f 566 3758 2005
f 3488 1864 3500
f 1602 2079 2078
f 2868 3611 2922
f 2922 3610 2923
f 2923 3618 2921
f 3670 2918 3614
f 3619 3614 2920
f 2921 3670 3619
f 2920 3586 2240
f 3613 2915 2918
f 2917 3622 3641
f 2916 3641 3642
f 2239 3652 2913
f 2911 3652 2757
f 3643 2911 2910
f 2797 3662 3591
f 2797 3598 2750
f 3622 2763 2765
f 3608 2764 2745
f 2194 3648 2221
f 2221 3649 2222
f 2756 3609 2755
f 2750 3609 2747
f 3669 1817 3827
f 3763 1691 1699
f 2515 3590 2548
f 2548 3593 2550
f 2513 3632 3616
f 2513 3621 2515
f 2509 3620 2289
f 2510 3633 2509
f 2289 3639 2283
f 2283 3617 2286
f 2240 3587 2239
f 3659 3624 3626
f 716 3887 3888
f 727 3761 1923
f 2165 2170 2164
f 3660 3626 3629
f 3743 3578 3757
f 2175 769 770
f 2100 2095 2099
f 3758 3757 3578
f 640 3568 1826
f 1653 3553 1651
f 1895 3530 746
f 746 3537 741
f 1653 3528 3576
f 3762 1604 1672
f 2093 2073 2078
f 959 995 884
f 962 919 986
f 1400 1398 1399
f 1000 1127 1004
f 956 884 885
f 1662 3550 1661
f 2034 3546 1654
f 3926 3539 3802
f 3535 766 1817
f 3572 765 766
f 334 3571 335
f 1868 3540 1656
f 1684 1652 1678
f 1682 775 1807
f 1585 3762 1700
f 3763 1672 1673
f 2173 490 491
f 1658 3547 1752
f 3556 1650 724
f 1571 2010 1572
f 1587 3671 2080
f 2099 2077 2094
f 787 1999 786
f 2000 786 1999
f 3155 3697 3683
f 3713 3683 3789
f 2180 3685 3684
f 3496 3684 3705
f 1684 3840 1651
f 1760 3495 3545
f 2607 3693 2590
f 2581 3689 2607
f 2371 3700 3695
f 2371 3693 2372
f 2587 3675 2586
f 2586 3697 339
f 2497 3687 2503
f 2502 3687 3700
f 2494 3690 2495
f 3690 2472 2495
f 3688 2468 2472
f 3701 2469 2468
f 726 3892 630
f 581 3518 580
f 10 3570 334
f 1837 3510 1849
f 741 3523 1300
f 1299 3558 2034
f 1851 3504 1866
f 3527 1820 1819
f 580 3536 1895
f 1758 3522 3502
f 1693 3508 1806
f 3504 1867 1866
f 1894 3568 3499
f 2126 3813 3841
f 3906 3841 3912
f 2113 3867 2110
f 2179 3789 3685
f 624 3904 623
f 2192 3788 3780
f 2177 3787 3733
f 1364 3833 1338
f 3858 1470 1453
f 3135 3775 3744
f 2069 3835 2068
f 1351 3853 1352
f 2108 3901 499
f 2089 3736 3733
f 3828 1358 866
f 2001 3783 2187
f 2187 3719 2091
f 2130 3752 2004
f 2004 3749 2001
f 2014 3779 2201
f 2201 3756 2130
f 3167 3759 2969
f 3168 3720 3167
f 3159 3764 3160
f 3160 3765 3081
f 3730 3158 337
f 3158 3709 3159
f 2200 3730 3722
f 3685 3742 2204
f 3722 2197 2200
f 3790 2092 3721
f 3774 3721 2197
f 3154 3790 3774
f 3155 3706 3154
f 2091 3721 2092
f 2196 3750 3776
f 2193 3776 3781
f 3604 3781 3788
f 2086 3780 3778
f 2087 3778 3777
f 2204 3751 2205
f 2205 3750 3148
f 3909 574 692
f 2124 3777 3760
f 2208 3760 3782
f 3711 3140 3137
f 3785 3138 3140
f 3745 3139 3138
f 3771 3136 2322
f 3712 3137 3136
f 3775 3131 3133
f 3767 3132 3131
f 1813 3838 1814
f 1293 3856 1344
f 2184 3748 3732
f 2181 3732 3734
f 3765 3079 3081
f 3768 3080 3079
f 709 3875 2031
f 2774 3737 3769
f 3786 2134 3559
f 3809 766 765
f 2968 3766 2959
f 2969 3784 2968
f 2958 3737 2961
f 2132 3766 2960
f 2321 3771 3748
f 3860 1449 28
f 3905 582 710
f 3886 577 574
f 3847 1818 3827
f 705 3887 2121
f 3816 3907 698
f 2111 3911 2113
f 3810 1366 1411
f 1812 3822 1815
f 675 3852 674
f 3496 3851 675
f 2110 3868 2109
f 2104 3901 2106
f 2109 3899 944
f 3842 703 739
f 1680 3846 1684
f 1639 3819 3818
f 623 3906 697
f 2139 3866 3865
f 1808 3844 3837
f 3820 1819 1820
f 3872 3900 706
f 1646 3830 1648
f 3889 633 577
f 2139 3875 18
f 2156 3871 3874
f 674 3913 3869
f 2117 3812 2069
f 1815 3847 3823
f 3855 1444 1470
f 697 3912 3816
f 866 3836 3828
f 3864 2136 2135
f 3585 3726 3589
f 3583 3731 3585
f 3753 3738 3739
f 3740 3581 3743
f 1088 3746 1093
f 3739 3743 3753
f 2791 3493 2792
f 3492 2807 3493
f 2792 3494 2909
f 3493 2806 3494
f 3508 3494 3516
f 3516 2806 3539
f 2948 3791 3801
f 2105 3896 2104
f 3538 3804 2805
f 680 3876 683
f 1891 3910 3891
f 2905 3801 2950
f 2900 3799 2905
f 2901 3807 2877
f 2734 3806 3794
f 2877 3806 2878
f 2820 3794 2872
f 2818 3792 2827
f 2823 3792 2826
f 2822 3798 2821
f 2819 3800 3798
f 2817 3795 2816
f 2809 3795 2815
f 2808 3803 2807
f 2805 3803 2804
f 1702 3923 1599
f 3922 1797 1802
f 3915 1706 1709
f 3918 1692 1698
f 1657 3880 1879
f 1890 3895 3910
f 3772 1674 1675
f 1689 3772 3773
f 3926 3538 1688
f 3516 1689 3773
f 3917 1703 1764
f 1598 3928 1770
f 3880 1876 1879
f 1691 3925 3927
f 3925 1688 1687
f 1117 1118 3930
f 1066 1322 3930
f 1243 847 3930
f 3825 848 3930
f 1128 1117 3930
f 1129 1130 3930
f 841 1011 3930
f 1230 3863 3930
f 1242 1243 3930
f 1322 1229 3930
f 1064 1065 3930
f 1003 1128 3930
f 1229 1230 3930
f 3863 1285 3930
f 1285 1288 3930
f 848 839 3930
f 847 3825 3930
f 1118 1129 3930
f 1065 1066 3930
f 1087 1086 3930
f 1008 1002 3930
f 1011 1008 3930
f 1002 1003 3930
f 1076 1069 3930
f 838 841 3930
f 839 838 3930
f 1288 1242 3930
f 1130 1087 3930
f 1086 1076 3930
f 1069 1064 3930
f 2410 2414 3931
f 2411 2410 3931
f 3617 2285 3931
f 2394 2393 3931
f 2393 2396 3931
f 2281 2286 3931
f 2282 2280 3931
f 2398 2399 3931
f 2465 2464 3931
f 2396 2397 3931
f 2470 2469 3931
f 2399 2416 3931
f 2480 2395 3931
f 2459 2480 3931
f 2369 2282 3931
f 2460 2459 3931
f 2415 2411 3931
f 2416 2415 3931
f 2364 2363 3931
f 2286 3617 3931
f 2464 2470 3931
f 2469 3703 3931
f 2285 2465 3931
f 2414 2364 3931
f 2395 2394 3931
f 2363 2367 3931
f 2397 2398 3931
f 2280 2281 3931
f 3703 2460 3931
f 2367 2369 3931
f 3934 3937 3938
f 3934 3939 3935
f 3932 3937 3933
f 3938 3943 3939
f 3937 3940 3941
f 3937 3942 3938
f 3942 3947 3943
f 3941 3944 3945
f 3942 3945 3946
f 3947 3950 3951
f 3944 3949 3945
f 3945 3950 3946
f 3950 3955 3951
f 3949 3952 3953
f 3950 3953 3954
f 3955 3958 3959
f 3953 3956 3957
f 3953 3958 3954
f 3959 3962 3963
f 3957 3960 3961
f 3958 3961 3962
f 3962 3967 3963
f 3960 3965 3961
f 3961 3966 3962
f 3966 3971 3967
f 3965 3968 3969
f 3966 3969 3970
f 3970 3975 3971
f 3968 3973 3969
f 3969 3974 3970
f 3974 3979 3975
f 3973 3976 3977
f 3974 3977 3978
f 3979 3982 3983
f 3976 3981 3977
f 3977 3982 3978
f 3982 3987 3983
f 3981 3984 3985
f 3982 3985 3986
f 3987 3990 3991
f 3984 3989 3985
f 3985 3990 3986
f 3991 3994 3995
f 3989 3992 3993
f 3990 3993 3994
f 3995 3998 3999
f 3992 3997 3993
f 3993 3998 3994
f 3998 4003 3999
f 3997 4000 4001
f 3998 4001 4002
f 4002 4007 4003
f 4000 4005 4001
f 4001 4006 4002
f 4006 4011 4007
f 4005 4008 4009
f 4006 4009 4010
f 4011 4014 4015
f 4008 4013 4009
f 4009 4014 4010
f 4014 4019 4015
f 4013 4016 4017
f 4014 4017 4018
f 4019 4022 4023
f 4016 4021 4017
f 4017 4022 4018
f 4023 4026 4027
f 4021 4024 4025
f 4022 4025 4026
f 4027 4030 4031
f 4024 4029 4025
f 4025 4030 4026
f 4031 4034 4035
f 4029 4032 4033
f 4030 4033 4034
f 4034 4039 4035
f 4032 4037 4033
f 4033 4038 4034
f 4038 4043 4039
f 4037 4040 4041
f 4038 4041 4042
f 4043 4046 4047
f 4040 4045 4041
f 4041 4046 4042
f 4046 4051 4047
f 4045 4048 4049
f 4046 4049 4050
f 4051 4055 4056
f 4048 4054 4049
f 4049 4055 4050
f 4056 4059 4060
f 4053 4058 4054
f 4055 4058 4059
f 3932 4052 3936
f 3936 4052 3940
f 3940 4052 3944
f 3944 4052 3948
f 3948 4052 3952
f 3952 4052 3956
f 3956 4052 3960
f 3960 4052 3964
f 3964 4052 3968
f 3968 4052 3972
f 3972 4052 3976
f 3976 4052 3980
f 3980 4052 3984
f 3984 4052 3988
f 3988 4052 3992
f 3992 4052 3996
f 3996 4052 4000
f 4000 4052 4004
f 4004 4052 4008
f 4008 4052 4012
f 4012 4052 4016
f 4016 4052 4020
f 4020 4052 4024
f 4024 4052 4028
f 4028 4052 4032
f 4032 4052 4036
f 4036 4052 4040
f 4040 4052 4044
f 4044 4052 4048
f 4048 4052 4053
f 4053 4052 4057
f 4060 3934 3935
f 4058 3932 3933
f 4058 3934 4059
f 4057 4052 3932
f 4069 4081 4082
f 4066 4080 4067
f 4065 4077 4078
f 4063 4075 4076
f 4071 4085 4072
f 4069 4083 4070
f 4067 4081 4068
f 4066 4078 4079
f 4063 4077 4064
f 4061 4075 4062
f 4072 4086 4073
f 4071 4083 4084
f 4076 4090 4077
f 4074 4088 4075
f 4086 4098 4099
f 4083 4097 4084
f 4082 4094 4095
f 4079 4093 4080
f 4078 4090 4091
f 4076 4088 4089
f 4085 4097 4098
f 4082 4096 4083
f 4080 4094 4081
f 4079 4091 4092
f 4089 4103 4090
f 4088 4100 4101
f 4098 4112 4099
f 4096 4110 4097
f 4095 4107 4108
f 4092 4106 4093
f 4090 4104 4091
f 4089 4101 4102
f 4097 4111 4098
f 4095 4109 4096
f 4094 4106 4107
f 4092 4104 4105
f 4103 4115 4116
f 4100 4114 4101
f 4112 4124 4125
f 4110 4122 4123
f 4107 4121 4108
f 4105 4119 4106
f 4103 4117 4104
f 4101 4115 4102
f 4110 4124 4111
f 4109 4121 4122
f 4107 4119 4120
f 4105 4117 4118
f 4115 4129 4116
f 4114 4126 4127
f 4124 4138 4125
f 4123 4135 4136
f 4120 4134 4121
f 4119 4131 4132
f 4117 4129 4130
f 4114 4128 4115
f 4124 4136 4137
f 4122 4134 4135
f 4119 4133 4120
f 4117 4131 4118
f 4129 4141 4142
f 4126 4140 4127
f 4138 4150 4151
f 4136 4148 4149
f 4133 4147 4134
f 4131 4145 4132
f 4130 4142 4143
f 4127 4141 4128
f 4137 4149 4150
f 4135 4147 4148
f 4132 4146 4133
f 4131 4143 4144
f 4142 4154 4155
f 4140 4152 4153
f 4150 4164 4151
f 4149 4161 4162
f 4146 4160 4147
f 4144 4158 4145
f 4142 4156 4143
f 4140 4154 4141
f 4149 4163 4150
f 4148 4160 4161
f 4146 4158 4159
f 4144 4156 4157
f 4155 4167 4168
f 4153 4165 4166
f 4163 4177 4164
f 4161 4175 4162
f 4159 4173 4160
f 4158 4170 4171
f 4155 4169 4156
f 4153 4167 4154
f 4163 4175 4176
f 4161 4173 4174
f 4159 4171 4172
f 4156 4170 4157
f 4167 4181 4168
f 4165 4179 4166
f 4176 4190 4177
f 4175 4187 4188
f 4173 4185 4186
f 4170 4184 4171
f 4169 4181 4182
f 4167 4179 4180
f 4175 4189 4176
f 4173 4187 4174
f 4171 4185 4172
f 4170 4182 4183
f 4180 4194 4181
f 4178 4192 4179
f 4190 4202 4203
f 4187 4201 4188
f 4186 4198 4199
f 4183 4197 4184
f 4182 4194 4195
f 4180 4192 4193
f 4189 4201 4202
f 4186 4200 4187
f 4184 4198 4185
f 4183 4195 4196
f 4193 4207 4194
f 4192 4204 4205
f 4202 4216 4203
f 4200 4214 4201
f 4199 4211 4212
f 4196 4210 4197
f 4194 4208 4195
f 4193 4205 4206
f 4201 4215 4202
f 4199 4213 4200
f 4198 4210 4211
f 4196 4208 4209
f 4207 4219 4220
f 4204 4218 4205
f 4216 4228 4229
f 4213 4227 4214
f 4211 4225 4212
f 4209 4223 4210
f 4207 4221 4208
f 4205 4219 4206
f 4214 4228 4215
f 4213 4225 4226
f 4211 4223 4224
f 4209 4221 4222
f 4219 4233 4220
f 4218 4230 4231
f 4228 4242 4229
f 4226 4240 4227
f 4225 4237 4238
f 4223 4235 4236
f 4221 4233 4234
f 4218 4232 4219
f 4228 4240 4241
f 4226 4238 4239
f 4223 4237 4224
f 4221 4235 4222
f 4233 4245 4246
f 4230 4244 4231
f 4242 4254 4255
f 4240 4252 4253
f 4237 4251 4238
f 4235 4249 4236
f 4234 4246 4247
f 4231 4245 4232
f 4241 4253 4254
f 4239 4251 4252
f 4236 4250 4237
f 4235 4247 4248
f 4246 4258 4259
f 4244 4256 4257
f 4254 4268 4255
f 4253 4265 4266
f 4250 4264 4251
f 4248 4262 4249
f 4246 4260 4247
f 4244 4258 4245
f 4253 4267 4254
f 4252 4264 4265
f 4250 4262 4263
f 4248 4260 4261
f 4259 4271 4272
f 4257 4269 4270
f 4267 4281 4268
f 4265 4279 4266
f 4263 4277 4264
f 4262 4274 4275
f 4259 4273 4260
f 4257 4271 4258
f 4266 4280 4267
f 4265 4277 4278
f 4263 4275 4276
f 4260 4274 4261
f 4271 4285 4272
f 4269 4283 4270
f 4281 4293 4294
f 4279 4291 4292
f 4277 4289 4290
f 4274 4288 4275
f 4273 4285 4286
f 4271 4283 4284
f 4280 4292 4293
f 4277 4291 4278
f 4275 4289 4276
f 4274 4286 4287
f 4284 4298 4285
f 4282 4296 4283
f 4294 4306 4307
f 4291 4305 4292
f 4290 4302 4303
f 4287 4301 4288
f 4286 4298 4299
f 4284 4296 4297
f 4293 4305 4306
f 4290 4304 4291
f 4288 4302 4289
f 4287 4299 4300
f 4297 4311 4298
f 4296 4308 4309
f 4306 4320 4307
f 4304 4318 4305
f 4303 4315 4316
f 4300 4314 4301
f 4298 4312 4299
f 4297 4309 4310
f 4305 4319 4306
f 4304 4316 4317
f 4302 4314 4315
f 4300 4312 4313
f 4310 4324 4311
f 4308 4322 4309
f 4320 4332 4333
f 4318 4330 4331
f 4316 4328 4329
f 4313 4327 4314
f 4311 4325 4312
f 4310 4322 4323
f 4318 4332 4319
f 4316 4330 4317
f 4315 4327 4328
f 4312 4326 4313
f 4323 4337 4324
f 4322 4334 4335
f 4332 4346 4333
f 4330 4344 4331
f 4329 4341 4342
f 4327 4339 4340
f 4325 4337 4338
f 4322 4336 4323
f 4332 4344 4345
f 4330 4342 4343
f 4327 4341 4328
f 4325 4339 4326
f 4337 4350 4351
f 4334 4349 4335
f 4346 4359 4360
f 4344 4357 4358
f 4341 4356 4342
f 4340 4353 4354
f 4338 4351 4352
f 4335 4350 4336
f 4345 4358 4359
f 4343 4356 4357
f 4340 4355 4341
f 4338 4353 4339
f 4351 4363 4364
f 4349 4361 4362
f 4359 4373 4360
f 4358 4370 4371
f 4355 4369 4356
f 4354 4366 4367
f 4351 4365 4352
f 4349 4363 4350
f 4358 4372 4359
f 4357 4369 4370
f 4355 4367 4368
f 4352 4366 4353
f 4364 4376 4377
f 4362 4374 4375
f 4373 4385 4386
f 4370 4384 4371
f 4368 4382 4369
f 4367 4379 4380
f 4364 4378 4365
f 4362 4376 4363
f 4372 4384 4385
f 4370 4382 4383
f 4368 4380 4381
f 4365 4379 4366
f 4376 4390 4377
f 4374 4388 4375
f 4385 4399 4386
f 4384 4396 4397
f 4382 4394 4395
f 4379 4393 4380
f 4378 4390 4391
f 4376 4388 4389
f 4384 4398 4385
f 4382 4396 4383
f 4380 4394 4381
f 4379 4391 4392
f 4389 4403 4390
f 4387 4401 4388
f 4399 4411 4412
f 4396 4410 4397
f 4395 4407 4408
f 4393 4405 4406
f 4391 4403 4404
f 4389 4401 4402
f 4398 4410 4411
f 4395 4409 4396
f 4393 4407 4394
f 4391 4405 4392
f 4402 4416 4403
f 4401 4413 4414
f 4411 4425 4412
f 4409 4423 4410
f 4408 4420 4421
f 4406 4418 4419
f 4403 4417 4404
f 4402 4414 4415
f 4410 4424 4411
f 4408 4422 4409
f 4407 4419 4420
f 4404 4418 4405
f 4416 4428 4429
f 4413 4427 4414
f 4425 4437 4438
f 4423 4435 4436
f 4421 4433 4434
f 4418 4432 4419
f 4416 4430 4417
f 4415 4427 4428
f 4423 4437 4424
f 4421 4435 4422
f 4420 4432 4433
f 4418 4430 4431
f 4428 4442 4429
f 4426 4440 4427
f 4437 4451 4438
f 4435 4449 4436
f 4434 4446 4447
f 4432 4444 4445
f 4430 4442 4443
f 4427 4441 4428
f 4437 4449 4450
f 4435 4447 4448
f 4432 4446 4433
f 4430 4444 4431
f 4442 4454 4455
f 4439 4453 4440
f 4451 4463 4464
f 4449 4461 4462
f 4446 4460 4447
f 4444 4458 4445
f 4443 4455 4456
f 4440 4454 4441
f 4450 4462 4463
f 4447 4461 4448
f 4445 4459 4446
f 4444 4456 4457
f 4455 4467 4468
f 4453 4465 4466
f 4463 4477 4464
f 4462 4474 4475
f 4459 4473 4460
f 4457 4471 4458
f 4455 4469 4456
f 4453 4467 4454
f 4462 4476 4463
f 4461 4473 4474
f 4459 4471 4472
f 4457 4469 4470
f 4347 4073 4086
f 4347 4086 4099
f 4347 4099 4112
f 4347 4112 4125
f 4347 4125 4138
f 4347 4138 4151
f 4347 4151 4164
f 4347 4164 4177
f 4347 4177 4190
f 4347 4190 4203
f 4347 4203 4216
f 4347 4216 4229
f 4347 4229 4242
f 4347 4242 4255
f 4347 4255 4268
f 4347 4268 4281
f 4347 4281 4294
f 4347 4294 4307
f 4347 4307 4320
f 4347 4320 4333
f 4347 4333 4346
f 4347 4346 4360
f 4347 4360 4373
f 4347 4373 4386
f 4347 4386 4399
f 4347 4399 4412
f 4347 4412 4425
f 4347 4425 4438
f 4347 4438 4451
f 4347 4451 4464
f 4347 4464 4477
f 4468 4063 4064
f 4466 4061 4062
f 4477 4072 4073
f 4474 4071 4475
f 4472 4069 4473
f 4471 4066 4067
f 4468 4065 4469
f 4466 4063 4467
f 4347 4477 4073
f 4476 4071 4072
f 4474 4069 4070
f 4472 4067 4068
f 4469 4066 4470
f 3935 4465 4060
f 4465 4056 4060
f 4452 4051 4056
f 4439 4047 4051
f 4047 4413 4043
f 4043 4400 4039
f 4039 4387 4035
f 4387 4031 4035
f 4031 4361 4027
f 4361 4023 4027
f 4348 4019 4023
f 4334 4015 4019
f 4015 4308 4011
f 4011 4295 4007
f 4007 4282 4003
f 4282 3999 4003
f 3999 4256 3995
f 4256 3991 3995
f 4243 3987 3991
f 4230 3983 3987
f 3983 4204 3979
f 3979 4191 3975
f 3975 4178 3971
f 4178 3967 3971
f 3967 4152 3963
f 4152 3959 3963
f 4139 3955 3959
f 4126 3951 3955
f 3951 4100 3947
f 3947 4087 3943
f 3943 4074 3939
f 4074 3935 3939
f 4480 4483 4484
f 4480 4485 4481
f 4479 4482 4483
f 4484 4489 4485
f 4482 4487 4483
f 4483 4488 4484
f 4488 4493 4489
f 4487 4490 4491
f 4488 4491 4492
f 4493 4496 4497
f 4490 4495 4491
f 4491 4496 4492
f 4496 4501 4497
f 4495 4498 4499
f 4496 4499 4500
f 4501 4504 4505
f 4498 4503 4499
f 4499 4504 4500
f 4505 4508 4509
f 4503 4506 4507
f 4504 4507 4508
f 4509 4512 4513
f 4506 4511 4507
f 4507 4512 4508
f 4513 4516 4517
f 4511 4514 4515
f 4512 4515 4516
f 4516 4521 4517
f 4514 4519 4515
f 4515 4520 4516
f 4520 4525 4521
f 4518 4523 4519
f 4520 4523 4524
f 4525 4528 4529
f 4522 4527 4523
f 4523 4528 4524
f 4528 4533 4529
f 4527 4530 4531
f 4528 4531 4532
f 4533 4536 4537
f 4530 4535 4531
f 4531 4536 4532
f 4537 4540 4541
f 4534 4539 4535
f 4536 4539 4540
f 4541 4544 4545
f 4539 4542 4543
f 4539 4544 4540
f 4544 4549 4545
f 4542 4547 4543
f 4544 4547 4548
f 4548 4553 4549
f 4547 4550 4551
f 4547 4552 4548
f 4552 4557 4553
f 4551 4554 4555
f 4552 4555 4556
f 4557 4560 4561
f 4554 4559 4555
f 4555 4560 4556
f 4560 4565 4561
f 4559 4562 4563
f 4560 4563 4564
f 4565 4568 4569
f 4562 4567 4563
f 4563 4568 4564
f 4569 4572 4573
f 4567 4570 4571
f 4568 4571 4572
f 4572 4577 4573
f 4570 4575 4571
f 4571 4576 4572
f 4576 4581 4577
f 4575 4578 4579
f 4576 4579 4580
f 4580 4585 4581
f 4578 4583 4579
f 4579 4584 4580
f 4584 4589 4585
f 4583 4586 4587
f 4584 4587 4588
f 4589 4592 4593
f 4586 4591 4587
f 4587 4592 4588
f 4592 4597 4593
f 4591 4594 4595
f 4592 4595 4596
f 4597 4601 4602
f 4594 4600 4595
f 4595 4601 4596
f 4602 4605 4606
f 4600 4603 4604
f 4601 4604 4605
f 4478 4598 4482
f 4482 4598 4486
f 4486 4598 4490
f 4490 4598 4494
f 4494 4598 4498
f 4498 4598 4502
f 4502 4598 4506
f 4506 4598 4510
f 4510 4598 4514
f 4514 4598 4518
f 4518 4598 4522
f 4522 4598 4526
f 4526 4598 4530
f 4530 4598 4534
f 4534 4598 4538
f 4538 4598 4542
f 4542 4598 4546
f 4546 4598 4550
f 4550 4598 4554
f 4554 4598 4558
f 4558 4598 4562
f 4562 4598 4566
f 4566 4598 4570
f 4570 4598 4574
f 4574 4598 4578
f 4578 4598 4582
f 4582 4598 4586
f 4586 4598 4590
f 4590 4598 4594
f 4594 4598 4599
f 4599 4598 4603
f 4606 4480 4481
f 4603 4479 4604
f 4604 4480 4605
f 4603 4598 4478
f 4615 4627 4628
f 4612 4626 4613
f 4611 4623 4624
f 4609 4621 4622
f 4618 4630 4631
f 4615 4629 4616
f 4613 4627 4614
f 4612 4624 4625
f 4609 4623 4610
f 4607 4621 4608
f 4619 4631 4632
f 4617 4629 4630
f 4622 4636 4623
f 4620 4634 4621
f 4632 4644 4645
f 4629 4643 4630
f 4628 4640 4641
f 4626 4638 4639
f 4624 4636 4637
f 4622 4634 4635
f 4631 4643 4644
f 4628 4642 4629
f 4626 4640 4627
f 4624 4638 4625
f 4635 4649 4636
f 4634 4646 4647
f 4644 4658 4645
f 4642 4656 4643
f 4641 4653 4654
f 4639 4651 4652
f 4636 4650 4637
f 4635 4647 4648
f 4643 4657 4644
f 4642 4654 4655
f 4640 4652 4653
f 4637 4651 4638
f 4648 4662 4649
f 4646 4660 4647
f 4658 4670 4671
f 4656 4668 4669
f 4653 4667 4654
f 4651 4665 4652
f 4649 4663 4650
f 4648 4660 4661
f 4656 4670 4657
f 4654 4668 4655
f 4653 4665 4666
f 4651 4663 4664
f 4661 4675 4662
f 4660 4672 4673
f 4670 4684 4671
f 4668 4682 4669
f 4667 4679 4680
f 4665 4677 4678
f 4663 4675 4676
f 4661 4673 4674
f 4670 4682 4683
f 4667 4681 4668
f 4665 4679 4666
f 4663 4677 4664
f 4675 4687 4688
f 4672 4686 4673
f 4684 4696 4697
f 4682 4694 4695
f 4679 4693 4680
f 4678 4690 4691
f 4676 4688 4689
f 4673 4687 4674
f 4683 4695 4696
f 4681 4693 4694
f 4678 4692 4679
f 4676 4690 4677
f 4688 4700 4701
f 4686 4698 4699
f 4696 4710 4697
f 4695 4707 4708
f 4692 4706 4693
f 4691 4703 4704
f 4688 4702 4689
f 4686 4700 4687
f 4695 4709 4696
f 4694 4706 4707
f 4692 4704 4705
f 4689 4703 4690
f 4701 4713 4714
f 4699 4711 4712
f 4710 4722 4723
f 4707 4721 4708
f 4705 4719 4706
f 4704 4716 4717
f 4701 4715 4702
f 4699 4713 4700
f 4709 4721 4722
f 4707 4719 4720
f 4705 4717 4718
f 4702 4716 4703
f 4713 4727 4714
f 4711 4725 4712
f 4723 4735 4736
f 4721 4733 4734
f 4719 4731 4732
f 4716 4730 4717
f 4715 4727 4728
f 4713 4725 4726
f 4721 4735 4722
f 4719 4733 4720
f 4717 4731 4718
f 4716 4728 4729
f 4726 4740 4727
f 4724 4738 4725
f 4736 4748 4749
f 4733 4747 4734
f 4732 4744 4745
f 4730 4742 4743
f 4728 4740 4741
f 4726 4738 4739
f 4735 4747 4748
f 4732 4746 4733
f 4730 4744 4731
f 4728 4742 4729
f 4739 4753 4740
f 4738 4750 4751
f 4748 4762 4749
f 4746 4760 4747
f 4745 4757 4758
f 4743 4755 4756
f 4740 4754 4741
f 4739 4751 4752
f 4747 4761 4748
f 4745 4759 4746
f 4744 4756 4757
f 4741 4755 4742
f 4753 4765 4766
f 4750 4764 4751
f 4762 4774 4775
f 4759 4773 4760
f 4758 4770 4771
f 4755 4769 4756
f 4753 4767 4754
f 4752 4764 4765
f 4760 4774 4761
f 4758 4772 4759
f 4757 4769 4770
f 4755 4767 4768
f 4765 4779 4766
f 4764 4776 4777
f 4774 4788 4775
f 4772 4786 4773
f 4771 4783 4784
f 4769 4781 4782
f 4767 4779 4780
f 4765 4777 4778
f 4774 4786 4787
f 4771 4785 4772
f 4769 4783 4770
f 4767 4781 4768
f 4779 4791 4792
f 4776 4790 4777
f 4788 4800 4801
f 4786 4798 4799
f 4783 4797 4784
f 4782 4794 4795
f 4780 4792 4793
f 4777 4791 4778
f 4787 4799 4800
f 4785 4797 4798
f 4782 4796 4783
f 4780 4794 4781
f 4792 4804 4805
f 4790 4802 4803
f 4800 4814 4801
f 4799 4811 4812
f 4796 4810 4797
f 4795 4807 4808
f 4792 4806 4793
f 4790 4804 4791
f 4799 4813 4800
f 4798 4810 4811
f 4796 4808 4809
f 4793 4807 4794
f 4805 4817 4818
f 4803 4815 4816
f 4814 4826 4827
f 4811 4825 4812
f 4809 4823 4810
f 4808 4820 4821
f 4805 4819 4806
f 4803 4817 4804
f 4813 4825 4826
f 4811 4823 4824
f 4809 4821 4822
f 4806 4820 4807
f 4817 4831 4818
f 4815 4829 4816
f 4826 4840 4827
f 4825 4837 4838
f 4823 4835 4836
f 4820 4834 4821
f 4819 4831 4832
f 4817 4829 4830
f 4825 4839 4826
f 4823 4837 4824
f 4821 4835 4822
f 4820 4832 4833
f 4830 4844 4831
f 4828 4842 4829
f 4840 4852 4853
f 4837 4851 4838
f 4836 4848 4849
f 4834 4846 4847
f 4832 4844 4845
f 4830 4842 4843
f 4839 4851 4852
f 4836 4850 4837
f 4834 4848 4835
f 4832 4846 4833
f 4843 4857 4844
f 4842 4854 4855
f 4852 4866 4853
f 4850 4864 4851
f 4849 4861 4862
f 4847 4859 4860
f 4844 4858 4845
f 4843 4855 4856
f 4851 4865 4852
f 4849 4863 4850
f 4848 4860 4861
f 4845 4859 4846
f 4857 4869 4870
f 4855 4867 4868
f 4866 4878 4879
f 4864 4876 4877
f 4862 4874 4875
f 4859 4873 4860
f 4857 4871 4858
f 4856 4868 4869
f 4864 4878 4865
f 4862 4876 4863
f 4861 4873 4874
f 4859 4871 4872
f 4869 4883 4870
f 4868 4880 4881
f 4878 4892 4879
f 4877 4889 4890
f 4874 4888 4875
f 4873 4885 4886
f 4871 4883 4884
f 4868 4882 4869
f 4878 4890 4891
f 4876 4888 4889
f 4873 4887 4874
f 4871 4885 4872
f 4883 4896 4897
f 4880 4895 4881
f 4892 4905 4906
f 4890 4903 4904
f 4887 4902 4888
f 4885 4900 4886
f 4884 4897 4898
f 4881 4896 4882
f 4891 4904 4905
f 4889 4902 4903
f 4886 4901 4887
f 4885 4898 4899
f 4897 4909 4910
f 4895 4907 4908
f 4905 4919 4906
f 4904 4916 4917
f 4901 4915 4902
f 4899 4913 4900
f 4897 4911 4898
f 4895 4909 4896
f 4904 4918 4905
f 4903 4915 4916
f 4901 4913 4914
f 4899 4911 4912
f 4910 4922 4923
f 4908 4920 4921
f 4919 4931 4932
f 4916 4930 4917
f 4914 4928 4915
f 4913 4925 4926
f 4910 4924 4911
f 4908 4922 4909
f 4918 4930 4931
f 4916 4928 4929
f 4914 4926 4927
f 4911 4925 4912
f 4922 4936 4923
f 4920 4934 4921
f 4931 4945 4932
f 4930 4942 4943
f 4928 4940 4941
f 4925 4939 4926
f 4924 4936 4937
f 4922 4934 4935
f 4930 4944 4931
f 4928 4942 4929
f 4926 4940 4927
f 4925 4937 4938
f 4935 4949 4936
f 4933 4947 4934
f 4945 4957 4958
f 4942 4956 4943
f 4941 4953 4954
f 4938 4952 4939
f 4937 4949 4950
f 4935 4947 4948
f 4944 4956 4957
f 4941 4955 4942
f 4939 4953 4940
f 4938 4950 4951
f 4948 4962 4949
f 4947 4959 4960
f 4957 4971 4958
f 4955 4969 4956
f 4954 4966 4967
f 4951 4965 4952
f 4949 4963 4950
f 4948 4960 4961
f 4956 4970 4957
f 4954 4968 4955
f 4953 4965 4966
f 4951 4963 4964
f 4962 4974 4975
f 4959 4973 4960
f 4971 4983 4984
f 4968 4982 4969
f 4966 4980 4967
f 4964 4978 4965
f 4962 4976 4963
f 4960 4974 4961
f 4969 4983 4970
f 4967 4981 4968
f 4966 4978 4979
f 4964 4976 4977
f 4975 4987 4988
f 4973 4985 4986
f 4983 4997 4984
f 4981 4995 4982
f 4979 4993 4980
f 4978 4990 4991
f 4976 4988 4989
f 4973 4987 4974
f 4983 4995 4996
f 4981 4993 4994
f 4978 4992 4979
f 4976 4990 4977
f 4988 5000 5001
f 4985 4999 4986
f 4997 5009 5010
f 4995 5007 5008
f 4992 5006 4993
f 4991 5003 5004
f 4989 5001 5002
f 4986 5000 4987
f 4996 5008 5009
f 4994 5006 5007
f 4991 5005 4992
f 4989 5003 4990
f 5001 5013 5014
f 4999 5011 5012
f 5009 5023 5010
f 5008 5020 5021
f 5005 5019 5006
f 5004 5016 5017
f 5001 5015 5002
f 4999 5013 5000
f 5008 5022 5009
f 5007 5019 5020
f 5005 5017 5018
f 5002 5016 5003
f 4893 4619 4632
f 4893 4632 4645
f 4893 4645 4658
f 4893 4658 4671
f 4893 4671 4684
f 4893 4684 4697
f 4893 4697 4710
f 4893 4710 4723
f 4893 4723 4736
f 4893 4736 4749
f 4893 4749 4762
f 4893 4762 4775
f 4893 4775 4788
f 4893 4788 4801
f 4893 4801 4814
f 4893 4814 4827
f 4893 4827 4840
f 4893 4840 4853
f 4893 4853 4866
f 4893 4866 4879
f 4893 4879 4892
f 4893 4892 4906
f 4893 4906 4919
f 4893 4919 4932
f 4893 4932 4945
f 4893 4945 4958
f 4893 4958 4971
f 4893 4971 4984
f 4893 4984 4997
f 4893 4997 5010
f 4893 5010 5023
f 5014 4609 4610
f 5012 4607 4608
f 5022 4619 5023
f 5020 4617 5021
f 5018 4615 5019
f 5017 4612 4613
f 5014 4611 5015
f 5012 4609 5013
f 4893 5023 4619
f 5021 4618 5022
f 5020 4615 4616
f 5018 4613 4614
f 5015 4612 5016
f 4481 5011 4606
f 5011 4602 4606
f 4998 4597 4602
f 4985 4593 4597
f 4593 4959 4589
f 4589 4946 4585
f 4585 4933 4581
f 4933 4577 4581
f 4577 4907 4573
f 4907 4569 4573
f 4894 4565 4569
f 4880 4561 4565
f 4561 4854 4557
f 4557 4841 4553
f 4553 4828 4549
f 4828 4545 4549
f 4545 4802 4541
f 4802 4537 4541
f 4789 4533 4537
f 4776 4529 4533
f 4529 4750 4525
f 4525 4737 4521
f 4521 4724 4517
f 4724 4513 4517
f 4513 4698 4509
f 4698 4505 4509
f 4685 4501 4505
f 4672 4497 4501
f 4497 4646 4493
f 4493 4633 4489
f 4489 4620 4485
f 4620 4481 4485
f 4 3 2
f 8 7 6
f 13 16 15
f 17 28 19
f 32 31 30
f 36 35 34
f 37 40 39
f 21 22 23
f 25 26 27
f 41 44 43
f 48 47 46
f 52 51 50
f 53 56 55
f 60 59 58
f 29 30 62
f 66 65 64
f 67 5 6
f 72 71 70
f 76 75 74
f 77 80 79
f 81 84 83
f 59 87 86
f 88 91 90
f 96 95 94
f 100 99 98
f 101 104 103
f 106 105 34
f 108 116 115
f 117 119 36
f 124 127 126
f 131 130 129
f 132 102 134
f 142 141 140
f 148 106 60
f 144 143 127
f 149 152 151
f 156 155 154
f 159 150 158
f 116 108 164
f 171 170 169
f 174 126 173
f 179 182 181
f 186 189 188
f 194 197 196
f 199 142 139
f 206 209 208
f 213 212 211
f 202 215 214
f 96 93 216
f 92 238 43
f 97 184 246
f 250 249 229
f 252 254 58
f 258 257 256
f 260 91 229
f 110 111 112
f 114 264 263
f 265 268 267
f 56 53 270
f 274 273 249
f 185 183 63
f 280 279 278
f 285 284 283
f 288 219 211
f 141 142 92
f 289 290 175
f 148 116 105
f 312 311 170
f 238 262 42
f 318 163 160
f 310 309 308
f 241 239 325
f 160 230 240
f 47 48 307
f 108 109 315
f 345 85 86
f 348 351 350
f 356 359 358
f 355 354 353
f 363 31 32
f 364 252 253
f 366 125 368
f 183 372 371
f 163 162 161
f 209 226 101
f 378 377 165
f 379 295 381
f 383 382 3
f 284 285 386
f 387 127 389
f 391 259 229
f 73 281 397
f 405 408 407
f 203 218 411
f 414 121 413
f 1 356 357
f 277 276 131
f 254 344 57
f 358 384 415
f 417 416 386
f 401 400 192
f 419 389 127
f 421 181 182
f 103 301 302
f 428 367 368
f 380 390 359
f 62 204 266
f 140 141 431
f 357 358 351
f 356 1 379
f 415 392 403
f 437 428 436
f 438 441 440
f 188 451 450
f 265 455 181
f 224 185 64
f 237 212 213
f 275 131 128
f 281 282 460
f 50 462 79
f 73 74 282
f 468 467 466
f 390 355 352
f 482 485 484
f 489 488 487
f 493 496 495
f 472 471 470
f 502 501 500
f 220 221 222
f 512 419 143
f 518 517 511
f 513 239 230
f 205 30 31
f 189 370 451
f 163 318 532
f 533 224 225
f 446 448 447
f 335 541 540
f 544 512 546
f 329 519 291
f 199 534 262
f 385 386 416
f 532 190 191
f 363 117 118
f 578 581 580
f 573 572 571
f 561 563 562
f 241 260 259
f 590 593 592
f 545 546 595
f 503 154 155
f 606 625 624
f 478 481 480
f 646 649 648
f 590 591 689
f 564 565 651
f 728 246 184
f 714 724 716
f 692 574 575
f 541 335 581
f 346 68 248
f 161 231 230
f 128 129 94
f 698 705 704
f 574 577 576
f 290 289 401
f 630 631 725
f 733 736 735
f 755 466 496
f 759 480 481
f 757 763 762
f 764 496 466
f 768 767 3808
f 759 760 488
f 492 474 475
f 474 770 769
f 773 468 465
f 771 774 486
f 484 485 775
f 774 776 489
f 495 496 764
f 495 757 761
f 137 397 784
f 325 239 797
f 165 519 51
f 369 32 29
f 730 731 568
f 90 302 301
f 243 118 516
f 800 734 806
f 817 815 808
f 816 808 823
f 306 303 447
f 815 810 809
f 829 830 828
f 726 725 501
f 274 427 424
f 879 882 881
f 884 883 879
f 219 218 217
f 906 905 904
f 455 204 205
f 898 882 830
f 903 900 880
f 377 291 519
f 923 949 948
f 946 947 951
f 3519 740 739
f 900 899 886
f 225 64 65
f 182 445 442
f 809 952 947
f 954 960 962
f 927 950 965
f 885 879 880
f 925 927 966
f 343 342 341
f 965 964 971
f 968 971 970
f 972 968 969
f 963 961 981
f 336 337 338
f 992 993 827
f 810 815 996
f 1007 1001 1002
f 1012 826 827
f 1011 1009 1007
f 294 293 292
f 907 908 920
f 1017 579 1019
f 1020 1023 1022
f 1035 1024 1020
f 1061 1060 1047
f 1063 1061 1046
f 1044 1020 1021
f 1102 1094 1097
f 1116 1126 1118
f 1016 1015 1014
f 881 897 904
f 816 1116 1127
f 1094 948 949
f 514 342 167
f 146 145 81
f 1133 1135 1130
f 1102 1133 1126
f 822 1126 1116
f 1145 1143 1148
f 1076 1144 1151
f 1148 1143 1086
f 1109 1097 1114
f 1154 1153 1156
f 1153 925 967
f 3464 3497 463
f 1144 1147 1152
f 1156 967 1163
f 1164 1162 1169
f 1145 1171 1176
f 1114 1115 1154
f 1183 1155 1164
f 1184 1183 1177
f 1069 1151 1062
f 1023 1191 1194
f 1162 1163 1170
f 1195 1184 1185
f 1183 1196 1176
f 1201 1063 1152
f 1061 1063 1201
f 3825 847 843
f 1203 1202 1195
f 1202 1201 1184
f 1218 1060 1203
f 1060 1061 1202
f 1225 1218 1217
f 671 695 694
f 1219 1217 1024
f 1217 1203 1034
f 1226 1014 1015
f 1243 1242 1234
f 1231 1230 1229
f 847 1243 1233
f 843 1233 1244
f 1233 1234 1245
f 1923 3761 233
f 2100 2108 499
f 3914 3864 2135
f 61 62 323
f 210 211 217
f 1299 1310 1309
f 3863 1230 1231
f 1066 1047 1321
f 1322 1321 1228
f 1060 1218 1321
f 1325 1324 1323
f 1244 1245 1332
f 1290 1234 1242
f 1337 1330 1339
f 1330 1332 1340
f 1341 1332 1245
f 1342 1340 1332
f 1343 1342 1341
f 1344 1341 1294
f 3857 3856 1345
f 1347 1348 1342
f 3856 3854 1295
f 1349 1350 1348
f 3861 1349 1347
f 3853 1347 1343
f 906 898 829
f 905 906 1353
f 865 1356 1355
f 1355 1353 829
f 1357 1355 825
f 1356 1354 1353
f 3834 1337 1338
f 866 1358 1356
f 1358 1359 1354
f 3828 878 1337
f 838 1362 1012
f 1363 1364 1338
f 1368 1363 1339
f 1348 1368 1340
f 1371 1369 3824
f 524 525 526
f 528 529 530
f 1372 1370 1369
f 535 536 537
f 1367 1368 1348
f 1370 1354 1359
f 1369 1359 3833
f 1373 910 903
f 555 556 557
f 1374 909 910
f 1373 904 905
f 1374 1373 1375
f 1375 905 1354
f 1378 920 908
f 376 373 651
f 1388 928 973
f 586 587 588
f 1390 1389 1388
f 1391 1388 969
f 597 598 599
f 600 601 602
f 1392 1391 970
f 608 609 610
f 612 524 523
f 614 615 616
f 617 618 25
f 620 621 622
f 1397 1390 1391
f 1398 1397 1392
f 1400 987 920
f 1402 1403 1165
f 636 637 638
f 930 1404 1402
f 641 642 643
f 929 1402 1169
f 1404 1405 1403
f 1411 1366 1365
f 1412 1406 1415
f 652 653 654
f 609 656 657
f 659 660 661
f 558 663 586
f 665 666 667
f 1413 1411 1406
f 1418 1416 3810
f 1417 1372 1371
f 1416 1371 3829
f 1419 1417 1416
f 1386 909 1374
f 677 678 679
f 1385 1386 1420
f 1420 1374 1376
f 685 686 687
f 1421 1420 1422
f 528 690 691
f 1422 1376 1372
f 1018 1019 747
f 699 700 701
f 1424 578 579
f 3663 1597 1767
f 700 699 711
f 1093 3746 3754
f 717 718 530
f 721 722 723
f 704 1650 3543
f 19 1429 1426
f 1429 1428 1427
f 1658 1659 3542
f 1439 1437 1434
f 1437 1436 1435
f 1426 1427 1433
f 1442 1431 1432
f 742 743 744
f 1432 1433 1441
f 751 752 753
f 1438 1434 1403
f 1446 1445 1444
f 1447 1448 1446
f 3860 1447 1443
f 1415 1367 1445
f 1414 1415 1446
f 2173 1683 469
f 777 778 779
f 780 781 782
f 1676 1693 1806
f 3859 1451 1349
f 789 790 791
f 745 792 793
f 652 794 795
f 1455 1458 1457
f 1454 1367 1350
f 610 691 802
f 3831 3816 698
f 1352 1044 1045
f 1015 1016 1459
f 811 812 813
f 2118 3815 3817
f 819 820 821
f 1466 1463 1194
f 1467 1468 1465
f 1182 1165 1468
f 832 812 833
f 835 836 837
f 1467 1466 1190
f 1469 1470 1444
f 840 700 712
f 1453 1470 1469
f 599 844 845
f 1226 1450 3849
f 851 852 853
f 855 744 856
f 858 859 860
f 861 862 863
f 1014 1226 3855
f 867 676 868
f 870 871 872
f 874 875 876
f 1310 1323 1471
f 1476 1433 1427
f 1461 1476 1475
f 887 888 889
f 788 791 892
f 894 895 896
f 1460 1475 1227
f 901 902 524
f 1465 1478 1477
f 1865 3503 3500
f 911 912 913
f 916 917 918
f 1850 3505 3507
f 921 922 895
f 1479 1435 1436
f 926 664 667
f 1481 562 563
f 269 1483 84
f 931 932 933
f 934 935 614
f 936 685 688
f 938 659 662
f 1484 270 122
f 941 942 835
f 320 321 509
f 1849 3510 3505
f 84 1483 1484
f 1487 1490 1488
f 1757 1758 3502
f 365 1492 1491
f 461 79 80
f 117 363 362
f 1494 540 541
f 926 601 957
f 1477 1441 1433
f 1709 1588 1585
f 119 117 1496
f 271 1497 504
f 511 517 189
f 345 1496 1492
f 57 344 299
f 1501 1499 268
f 267 268 1499
f 974 975 976
f 1678 1652 1693
f 3846 1682 1807
f 557 982 663
f 983 941 984
f 1443 1444 3849
f 421 1500 268
f 989 990 991
f 1490 1487 418
f 279 280 309
f 997 868 676
f 998 26 999
f 1504 418 38
f 1506 1508 1507
f 360 361 1508
f 1506 1486 207
f 939 1005 1006
f 270 1484 1483
f 66 63 546
f 1010 742 793
f 367 428 437
f 244 31 363
f 1670 3532 3534
f 209 206 1510
f 388 389 426
f 427 274 250
f 161 520 521
f 100 246 45
f 1025 1026 608
f 1029 1030 1031
f 939 662 1033
f 41 42 594
f 1036 780 783
f 702 701 1038
f 1040 1041 1042
f 362 32 369
f 187 1520 477
f 70 1487 539
f 1049 600 603
f 613 867 869
f 860 1050 1051
f 1005 1052 1053
f 753 1055 1056
f 1057 1058 1059
f 293 288 1522
f 288 212 1521
f 292 1522 1523
f 331 1507 1508
f 306 452 453
f 100 44 41
f 462 1524 78
f 330 331 1524
f 635 1067 1068
f 1485 1527 1526
f 206 1485 1528
f 1070 1071 1072
f 942 941 1073
f 916 933 1075
f 440 1529 1530
f 157 158 1514
f 1529 162 5
f 371 595 546
f 790 586 663
f 1077 858 857
f 1403 1434 1435
f 1080 1081 1082
f 531 520 1529
f 21 1083 1084
f 272 1532 1531
f 690 712 802
f 335 3571 3567
f 1090 1030 1029
f 1092 795 794
f 1533 396 137
f 661 660 1095
f 69 444 445
f 1099 1100 1101
f 38 39 1536
f 1104 1105 1106
f 852 1107 1108
f 1377 908 909
f 291 377 411
f 316 1536 516
f 539 1488 1533
f 1505 1536 316
f 1110 1111 1112
f 1539 1537 460
f 522 441 1537
f 834 837 1120
f 1122 1123 1124
f 612 1125 1041
f 935 793 615
f 276 278 130
f 1686 3549 3522
f 193 190 1541
f 231 521 1540
f 556 1037 982
f 365 253 85
f 190 532 318
f 1810 765 3574
f 3924 1867 3512
f 1132 983 985
f 208 101 102
f 1134 1033 662
f 1491 518 80
f 429 133 1542
f 1137 1138 915
f 172 436 428
f 1139 1140 1141
f 549 96 54
f 1517 1519 1518
f 834 1119 984
f 1543 513 286
f 1544 797 239
f 133 134 1544
f 506 361 257
f 420 327 328
f 1158 1159 1160
f 587 1104 1103
f 607 1161 1027
f 304 1546 1545
f 364 1491 77
f 69 70 198
f 700 840 1112
f 3877 626 3525
f 1166 719 657
f 1167 1168 858
f 1300 3523 3524
f 1172 1173 1174
f 218 203 200
f 1179 1180 1181
f 372 183 97
f 89 104 227
f 1186 1187 1188
f 172 173 1517
f 1482 84 81
f 1090 1192 1193
f 394 395 353
f 526 525 1198
f 1199 1200 1026
f 606 623 697
f 1204 1205 1206
f 1207 1208 523
f 1209 1210 867
f 914 913 685
f 1478 1436 1441
f 1029 1028 1161
f 1211 1212 1213
f 3858 1453 1451
f 844 1215 1216
f 423 193 273
f 1220 1221 1222
f 22 1223 1224
f 882 898 897
f 1519 1517 173
f 1189 1188 1232
f 349 350 550
f 1071 1235 1236
f 1237 1238 1239
f 1221 1186 1189
f 1510 1528 1512
f 939 1032 1241
f 1556 1530 5
f 1553 1554 394
f 404 1556 67
f 1247 1248 1249
f 142 199 238
f 1251 1067 635
f 850 1252 1253
f 1254 1167 1077
f 57 132 133
f 443 430 552
f 1187 1172 1175
f 1256 1070 831
f 432 405 382
f 741 748 747
f 434 350 351
f 349 432 383
f 251 124 1481
f 395 384 352
f 1518 1519 1550
f 1558 410 378
f 109 263 314
f 285 1514 1513
f 395 394 393
f 202 203 410
f 417 408 405
f 1246 1257 1258
f 3 1559 297
f 1259 1260 1261
f 403 404 347
f 955 954 953
f 462 50 51
f 1096 1095 687
f 429 147 60
f 896 1264 1265
f 1267 721 1268
f 423 424 327
f 37 179 180
f 20 23 1187
f 1256 1168 1071
f 1188 1175 1269
f 1236 1270 1271
f 1272 536 535
f 565 564 463
f 1273 792 745
f 876 1254 1255
f 316 33 164
f 437 1516 503
f 194 1494 1495
f 1275 1276 864
f 624 625 631
f 1277 1274 1137
f 569 568 567
f 1481 124 125
f 324 325 547
f 1279 1108 1107
f 1525 332 329
f 1281 1278 1137
f 171 168 1553
f 1488 73 396
f 1557 1561 1562
f 1282 856 1206
f 1053 1277 1278
f 778 777 607
f 713 583 3566
f 251 225 144
f 4 357 348
f 709 708 707
f 728 48 45
f 261 135 1563
f 789 1286 1287
f 74 314 263
f 403 284 385
f 1178 1181 1240
f 1223 1259 1289
f 1220 20 1186
f 296 1518 354
f 784 459 1538
f 1181 1180 1291
f 1269 1292 1257
f 1566 1538 438
f 136 784 1566
f 1563 1564 169
f 107 114 109
f 1297 1282 1298
f 1464 1477 1476
f 1520 187 507
f 1301 1302 1303
f 1306 1307 1308
f 175 456 1532
f 1532 456 200
f 1311 1266 1312
f 872 1314 1315
f 3836 843 878
f 1305 1308 864
f 1040 1275 863
f 1564 1566 399
f 592 1576 1575
f 591 1575 1088
f 1581 1584 1583
f 1196 1152 1147
f 710 582 583
f 285 407 408
f 953 954 961
f 1594 1592 1589
f 1585 1588 1587
f 1592 1591 1590
f 3885 945 944
f 1600 1599 1598
f 1604 1603 1602
f 1399 1392 979
f 1589 1590 1596
f 1610 1609 1608
f 298 257 361
f 551 552 276
f 1627 1626 3814
f 859 811 818
f 1078 857 1328
f 1555 439 1530
f 572 573 680
f 772 465 776
f 977 1281 918
f 404 403 392
f 1054 1331 750
f 1644 1645 1643
f 932 1265 1082
f 1067 1333 1334
f 1540 1539 264
f 597 1335 643
f 471 761 762
f 1642 696 3831
f 1644 1642 3842
f 923 946 950
f 96 549 548
f 520 531 522
f 445 444 443
f 849 839 848
f 480 759 755
f 1646 760 481
f 311 426 1567
f 464 463 3497
f 3497 1360 1361
f 234 237 236
f 190 193 192
f 153 154 152
f 231 287 286
f 1552 1553 1551
f 760 1646 1648
f 3832 1647 1649
f 828 827 826
f 52 167 166
f 1663 1662 1661
f 287 107 115
f 668 671 670
f 634 645 640
f 553 560 559
f 118 36 33
f 492 484 491
f 3552 1652 1651
f 582 589 584
f 384 395 392
f 1381 1382 1383
f 1562 1561 435
f 952 953 951
f 3529 3566 583
f 1660 1661 1667
f 1394 1395 1396
f 1660 1665 1664
f 1671 1670 1669
f 1624 1625 1673
f 1407 1408 1409
f 1677 1676 1675
f 1613 1679 1677
f 1679 1678 1676
f 1626 1681 3811
f 534 199 198
f 803 733 734
f 400 248 191
f 65 66 143
f 3526 1657 1656
f 402 159 157
f 629 628 627
f 461 477 49
f 758 757 495
f 796 787 786
f 406 407 1513
f 342 343 166
f 1694 1659 1658
f 1692 1687 1694
f 3557 1693 1652
f 3921 1704 1703
f 326 547 302
f 3916 3921 1702
f 3919 3918 1698
f 1699 1691 3927
f 1557 406 1560
f 1127 1116 1117
f 400 401 289
f 1706 1702 1707
f 1707 1702 1599
f 1709 1706 1708
f 1714 1712 1711
f 3919 3915 1709
f 1704 1711 1577
f 1716 1714 1713
f 1559 1562 1549
f 1722 1721 1720
f 1335 597 596
f 410 411 377
f 973 1170 1163
f 168 169 399
f 1571 682 1089
f 1572 681 682
f 749 646 647
f 1730 1724 1723
f 1594 1582 1729
f 1729 1723 1591
f 1384 1378 1377
f 1732 1731 1712
f 1724 1730 1731
f 1722 1724 1732
f 1721 1722 1733
f 1734 1733 1716
f 1735 1737 1736
f 1733 1732 1714
f 1663 1664 1741
f 1742 1665 1740
f 1738 1739 1737
f 1665 1660 1666
f 1665 1742 1744
f 1725 1726 1746
f 1591 1725 1745
f 1590 1745 1747
f 1745 1746 1748
f 1659 1688 3538
f 3287 1760 3545
f 1185 1177 1182
f 1664 1744 1749
f 1741 1749 1739
f 1746 1742 1743
f 1726 1744 1742
f 1115 924 1153
f 1654 3546 3575
f 1896 3562 3549
f 1720 1749 1744
f 1721 1739 1749
f 1750 1718 1701
f 1697 1736 1750
f 1151 1152 1063
f 1751 1752 1670
f 1695 1658 1752
f 961 962 986
f 1770 1769 1768
f 1766 1594 1593
f 1731 1759 1579
f 1579 1777 1774
f 3928 1772 1771
f 1764 1772 3928
f 1777 1776 1775
f 3762 3763 1699
f 1004 1127 1128
f 1774 1775 1771
f 987 1400 1399
f 1578 1774 1772
f 1783 1782 1781
f 1597 1598 1770
f 639 1878 3895
f 3928 3929 1769
f 1793 1792 1789
f 3929 3920 1798
f 3508 3516 3773
f 1802 1867 3924
f 1788 1790 1794
f 1793 1794 1795
f 3773 3772 1675
f 1584 1581 1783
f 1771 1797 3920
f 1801 1799 1798
f 1768 1769 1798
f 1775 1796 1797
f 508 514 515
f 1796 1803 1802
f 1800 1798 3920
f 1794 1805 1804
f 3532 1670 1752
f 485 1808 1807
f 3809 3844 1640
f 3837 3844 1810
f 485 482 1640
f 1690 1691 3770
f 487 488 1648
f 3839 1813 1816
f 3838 1811 1648
f 3839 1812 1811
f 1812 1809 487
f 1641 1809 767
f 465 466 755
f 767 1815 3823
f 3822 1816 3826
f 1809 1812 1815
f 3837 1653 1651
f 675 672 3541
f 1814 1649 1822
f 1821 1822 3821
f 1824 1822 1649
f 1827 1849 1850
f 1668 1669 1662
f 1779 1780 1848
f 1790 1827 1805
f 1833 1836 1853
f 3521 3506 693
f 1614 1615 1616
f 1852 1853 3498
f 1620 1621 1622
f 1855 1765 1574
f 1847 1852 3501
f 1766 1765 1855
f 1629 1630 1631
f 1633 1622 1634
f 1635 1636 1637
f 1848 1833 1852
f 1855 1861 1863
f 1803 1866 1867
f 1862 1863 1831
f 1782 1855 1862
f 3922 3924 1865
f 1873 1872 1870
f 1874 1869 799
f 2045 3878 3897
f 1219 1345 1295
f 1615 1614 1396
f 3884 3895 1877
f 645 3898 3786
f 1345 1219 1035
f 634 639 3884
f 15 1887 1327
f 3910 3895 1878
f 1894 604 605
f 3506 3551 627
f 3560 640 645
f 340 341 454
f 1897 194 195
f 1889 1882 1877
f 1901 94 129
f 196 749 754
f 1705 1704 3921
f 340 378 166
f 1570 1480 563
f 1904 1494 194
f 1781 1862 1832
f 1905 549 55
f 1000 994 995
f 986 919 920
f 1191 1185 1190
f 2094 2077 2075
f 1920 1921 1919
f 453 454 1912
f 1915 1919 1918
f 3882 2112 2106
f 1655 3575 3531
f 1916 1918 1926
f 704 3554 3561
f 278 1916 1925
f 3565 3564 1818
f 1097 949 1115
f 1927 1928 727
f 3578 3579 3654
f 1920 310 307
f 1929 307 48
f 503 504 1497
f 1902 1903 787
f 1816 1821 3820
f 1925 1926 1923
f 1535 1569 1568
f 254 252 258
f 1509 1497 366
f 119 86 35
f 219 288 293
f 141 46 47
f 542 205 244
f 1940 552 430
f 1779 1828 1827
f 1701 1710 3915
f 1661 3550 3515
f 270 53 754
f 197 1947 749
f 1727 1728 1212
f 53 54 232
f 1465 1468 1479
f 1284 3862 3854
f 1951 446 412
f 168 398 1554
f 1486 1485 206
f 506 77 78
f 994 1001 1007
f 951 953 963
f 1013 3859 3861
f 3826 3820 1820
f 1498 1909 1954
f 299 298 543
f 1754 1755 1756
f 1681 469 1683
f 1696 1694 1695
f 13 14 738
f 473 476 475
f 482 1641 768
f 204 62 30
f 1761 1762 820
f 611 1763 1125
f 1501 1503 1908
f 1074 1073 711
f 1960 1944 82
f 120 1956 1960
f 35 86 87
f 1773 1199 1025
f 1965 1545 1569
f 494 761 471
f 1966 1967 1969
f 446 1951 1971
f 174 368 125
f 1580 1579 1578
f 1785 1786 1787
f 1972 1546 304
f 1254 876 875
f 1973 341 342
f 321 1912 1973
f 1910 277 275
f 509 1973 514
f 1486 1507 1527
f 1974 1874 804
f 1977 1976 1974
f 1980 448 1966
f 379 1 2
f 1718 1715 1710
f 884 995 992
f 1680 1684 1678
f 902 990 525
f 344 255 256
f 135 138 137
f 448 446 1967
f 589 605 604
f 910 909 908
f 1981 1966 1968
f 1982 1981 1987
f 1988 1979 1987
f 1990 1988 1989
f 1991 1989 1993
f 322 321 320
f 992 828 830
f 1144 1076 1086
f 1995 1977 1978
f 1133 1129 1118
f 1997 1995 1994
f 870 1823 1335
f 805 806 1982
f 727 184 2000
f 1996 1994 1988
f 1994 1978 1979
f 1829 616 792
f 1830 1073 941
f 798 803 800
f 729 732 731
f 2011 2012 2023
f 1834 1835 846
f 402 283 284
f 2022 2023 2024
f 1838 718 989
f 810 955 952
f 1823 1839 1840
f 1430 1426 1432
f 1215 844 1841
f 1316 1208 873
f 2112 1401 1384
f 1842 1843 1844
f 1159 846 845
f 837 27 1846
f 1971 1951 2030
f 517 369 370
f 1471 2026 2027
f 3551 3525 626
f 2174 2175 770
f 935 934 1854
f 1613 1619 1611
f 1231 1228 1225
f 1856 1857 891
f 1300 1309 748
f 1150 1149 1858
f 1643 606 696
f 1215 1265 1264
f 1320 1860 902
f 1956 1943 1944
f 2031 668 669
f 2034 1325 1310
f 1879 1880 1656
f 40 245 242
f 1992 1993 2039
f 888 958 957
f 1882 1889 1996
f 1078 1138 1255
f 1871 912 1192
f 294 411 218
f 1323 2041 2026
f 123 1960 83
f 1324 2036 2041
f 384 358 359
f 1324 1325 2038
f 1883 1884 1885
f 287 1540 114
f 1096 1886 1134
f 915 1329 931
f 806 1980 1981
f 3533 3529 584
f 1425 2030 2042
f 1018 2042 1948
f 3562 1896 740
f 1948 2042 649
f 1881 1882 1990
f 1900 129 130
f 992 995 994
f 923 927 925
f 3878 2045 2047
f 1643 2048 625
f 2050 2052 2051
f 2045 1405 1404
f 3876 2047 945
f 1139 1080 1079
f 1037 1856 892
f 2055 2053 2057
f 1198 989 718
f 1619 2058 1612
f 2058 1605 1606
f 2059 2060 1607
f 2058 1619 1624
f 71 72 179
f 405 406 1557
f 322 1548 1972
f 2061 2052 2063
f 2066 2065 2067
f 2052 2061 2064
f 1609 1610 2066
f 1515 151 152
f 1009 827 993
f 1644 3843 3815
f 279 1915 1916
f 1285 3863 3862
f 1647 2066 1825
f 2056 2057 2067
f 319 320 1953
f 667 666 1913
f 2070 631 625
f 2052 2050 2055
f 2038 1654 1655
f 1606 1601 2073
f 1235 1917 1270
f 2072 2073 2075
f 2059 1606 2072
f 2074 2075 2077
f 1601 1602 2078
f 2049 2048 1643
f 1000 1004 1001
f 1089 943 684
f 1931 1286 1306
f 1462 1459 1021
f 1932 1933 1934
f 875 874 1846
f 1936 1051 1937
f 44 45 46
f 1534 1955 1956
f 1541 318 317
f 2081 2082 2084
f 146 1945 1959
f 1360 1941 1942
f 985 984 1032
f 1995 1997 1892
f 2079 2080 2082
f 2095 2096 2076
f 2081 2093 2078
f 2055 2050 2054
f 501 2096 2095
f 2097 2100 2099
f 2098 2099 2094
f 2140 2141 3893
f 2141 2046 3894
f 2051 2070 2048
f 592 2102 2101
f 2071 2064 2076
f 2102 2097 2098
f 593 2103 2102
f 1019 1895 746
f 1950 11 12
f 725 2071 2096
f 1385 2105 2104
f 1379 2104 2106
f 2107 2108 2100
f 3908 726 502
f 3896 502 499
f 940 1389 2109
f 928 929 1170
f 3868 590 684
f 1962 1963 1964
f 3878 680 573
f 2039 1993 1968
f 1389 1390 2110
f 1398 2111 2113
f 3757 3755 3753
f 3911 3883 2107
f 949 923 924
f 260 241 324
f 1390 1397 2113
f 2070 2051 2064
f 3867 3911 2103
f 2105 1385 1421
f 2114 1421 1423
f 3892 2114 2115
f 3908 2105 2114
f 554 2116 1902
f 972 1163 967
f 1765 1593 1573
f 1984 1985 1986
f 2053 2117 2069
f 3573 3556 724
f 1625 1677 1674
f 3881 3888 2119
f 3903 2115 2123
f 56 1954 1906
f 626 3877 3879
f 2001 2002 2003
f 3912 3841 2127
f 2006 2007 2008
f 2127 1413 1412
f 2014 2015 2016
f 2018 2019 2020
f 1495 1424 1947
f 1379 1377 1386
f 3814 3811 1680
f 2029 1885 1884
f 3902 2128 2120
f 629 3879 3914
f 682 683 943
f 724 1650 2121
f 1757 1819 3821
f 765 1810 3844
f 3851 714 715
f 706 707 3870
f 981 986 987
f 1457 1868 1656
f 2017 2016 2032
f 1458 1655 1868
f 1776 1777 1792
f 1959 1945 1946
f 3663 3715 3725
f 3913 3881 2122
f 1093 1089 689
f 966 965 968
f 3852 715 3881
f 2172 3577 2170
f 670 2138 2137
f 3761 787 1903
f 1429 19 28
f 964 963 978
f 3841 3813 1413
f 1473 1474 669
f 3834 3833 1359
f 2138 798 1870
f 1872 1473 2137
f 715 716 3888
f 1881 1991 1992
f 3843 3842 739
f 1837 1847 3513
f 253 58 59
f 1808 3837 3840
f 1647 3832 3818
f 3865 3866 671
f 2112 3882 3883
f 1405 2045 2044
f 3829 3824 1364
f 273 1541 391
f 576 632 3520
f 3875 3865 668
f 1430 1431 2140
f 2136 3850 3860
f 1430 2139 18
f 3893 3894 570
f 1442 1439 2046
f 1431 1442 2141
f 3869 3913 3850
f 3808 3823 1817
f 3866 3893 695
f 2142 2025 798
f 571 2143 2142
f 3819 3814 1618
f 2143 2022 2025
f 694 2142 2138
f 681 1572 2144
f 2144 2011 2022
f 328 210 457
f 1572 2010 2011
f 630 3892 3903
f 2085 2086 2087
f 2090 2091 2092
f 572 2144 2143
f 1875 1976 2153
f 1873 1875 2149
f 2103 2107 2097
f 2157 2043 2155
f 2128 1412 1414
f 3874 3871 589
f 3872 3870 628
f 2149 2153 2158
f 2159 2158 3905
f 698 3907 3902
f 3823 3847 3827
f 2158 2156 3874
f 1438 2044 2046
f 2035 2154 2160
f 2161 2160 3889
f 3871 3891 605
f 3873 17 18
f 370 29 61
f 649 1951 413
f 2153 2157 2156
f 1428 1429 1449
f 1490 76 73
f 3890 3905 710
f 2155 1891 3891
f 1456 1457 1880
f 2125 2088 2087
f 2160 2159 3890
f 300 1959 505
f 1064 1062 1046
f 2043 1892 1891
f 2129 2130 2004
f 2131 2132 2133
f 3848 3849 1450
f 1998 1975 804
f 3879 673 3864
f 474 492 490
f 1164 1165 1182
f 707 2162 3909
f 708 1472 2162
f 2162 2161 3886
f 548 549 1905
f 1145 1136 1114
f 705 2121 1650
f 2043 2157 1977
f 737 738 554
f 1034 1195 1191
f 458 1905 1907
f 195 196 232
f 2040 2039 1969
f 2145 2146 2147
f 2054 2050 2049
f 3832 1646 1639
f 9 12 11
f 252 364 506
f 472 478 479
f 1865 3924 3791
f 900 903 910
f 1941 2150 2151
f 1921 1928 1927
f 2163 1897 1898
f 271 156 153
f 1904 1326 12
f 282 263 264
f 1872 1873 2154
f 1326 1904 1897
f 628 692 693
f 1724 1722 1719
f 1549 1562 436
f 1582 1583 1730
f 1921 1920 1929
f 3563 3511 10
f 2152 2037 1950
f 475 772 774
f 769 2172 2171
f 2171 2165 476
f 476 773 772
f 1791 565 464
f 2166 2167 2168
f 595 371 372
f 483 1809 1641
f 762 2174 2173
f 771 483 484
f 486 487 1809
f 297 1549 1517
f 763 2175 2174
f 776 755 759
f 184 185 2176
f 412 447 303
f 2005 2176 185
f 3811 1681 1682
f 2164 2170 756
f 1472 2035 2161
f 950 951 964
f 2177 2178 2179
f 227 226 1510
f 2182 2183 2184
f 2186 2019 2018
f 1985 2182 2181
f 214 736 729
f 865 849 842
f 849 865 1357
f 559 3187 3188
f 16 13 737
f 560 553 498
f 3193 3196 3195
f 3200 3197 3198
f 3211 3214 3213
f 3215 3218 3217
f 2187 2188 2002
f 2169 2168 2189
f 2192 2086 2085
f 2193 2194 2195
f 2198 2199 2200
f 1998 1982 1979
f 3664 3665 3668
f 2116 1898 1903
f 1859 2006 2009
f 3904 2123 2126
f 1135 1148 1087
f 2201 2202 2015
f 1149 111 110
f 3221 3222 3218
f 2203 2204 2205
f 579 580 1895
f 1755 2207 2208
f 3891 3910 1893
f 1211 2151 2150
f 868 997 2210
f 944 945 930
f 2130 2129 2202
f 233 1903 1898
f 665 751 750
f 1167 1254 999
f 2211 2212 2213
f 2215 2216 2217
f 3867 593 590
f 2220 221 220
f 823 824 948
f 3225 3220 3227
f 266 204 455
f 3882 2108 2107
f 2221 2222 3519
f 2223 2224 2225
f 2207 2125 2124
f 673 674 3869
f 817 1000 996
f 2227 2228 2146
f 1947 1948 646
f 3900 2135 17
f 2229 1635 1638
f 1679 1613 1618
f 1637 2231 2232
f 2233 2234 1617
f 2231 2235 2236
f 1381 1638 2238
f 3586 2241 2242
f 1630 2234 2233
f 1681 1626 472
f 1408 1407 2243
f 3236 3239 3238
f 3232 3241 3240
f 1637 2230 2238
f 3237 3238 3233
f 1409 1408 1634
f 1380 1383 2247
f 1628 2248 2245
f 2249 1623 1622
f 1632 1634 1408
f 2248 1628 1631
f 2235 2231 1637
f 3245 3246 3199
f 631 2070 2071
f 515 167 52
f 782 781 2251
f 2253 2254 2255
f 397 281 459
f 1456 2039 2040
f 2040 2041 2036
f 1401 2112 2111
f 2041 2040 1970
f 1535 121 414
f 1586 1587 2080
f 2256 983 1132
f 1700 1699 3918
f 3815 1896 1686
f 1263 2256 1886
f 598 1841 844
f 2257 2258 2259
f 2258 2261 2262
f 2259 2262 2263
f 2260 2259 2216
f 1967 1971 1970
f 2212 1964 1963
f 922 921 2218
f 1312 1098 1101
f 1307 1306 1286
f 1548 1569 1546
f 2266 2267 2268
f 2265 2268 2270
f 2272 2265 2269
f 2273 2266 2265
f 2275 2276 2277
f 2278 2274 2277
f 2284 2285 3617
f 2287 2283 2286
f 2288 2289 2283
f 2290 2284 3639
f 2291 2292 2293
f 2295 2291 2294
f 2296 2297 2291
f 2297 2298 2292
f 2294 2293 2299
f 2279 2294 2300
f 2298 2301 2302
f 2292 2302 2303
f 2293 2303 2304
f 2304 2305 2306
f 2308 2309 2310
f 2302 2307 2310
f 2301 2311 2307
f 2312 2308 2307
f 2313 2314 2315
f 2318 2319 2320
f 3748 3771 2322
f 2324 2325 2273
f 2313 2324 2326
f 2328 2324 2313
f 2329 2325 2324
f 2331 2332 2333
f 2330 2333 2267
f 2325 2330 2266
f 2329 2331 2330
f 2333 2334 2335
f 2336 2334 2333
f 2338 2336 2332
f 2331 2339 2337
f 2329 2340 2339
f 2328 2341 2340
f 2316 2342 2341
f 2342 2316 2315
f 2344 2345 2346
f 2341 2344 2347
f 2342 2348 2344
f 2348 2349 2345
f 2350 2351 2352
f 2339 2350 2353
f 2340 2347 2350
f 2347 2346 2351
f 2337 2353 2354
f 2353 2352 2355
f 2356 2277 2276
f 2356 2357 2358
f 2356 2359 2296
f 2279 2277 2356
f 2360 2361 2270
f 2267 2335 2360
f 2362 2363 2364
f 2362 2365 2361
f 2366 2362 2358
f 2366 2367 2363
f 2357 2276 2368
f 2366 2368 2369
f 2276 2275 2370
f 2368 2370 2282
f 2372 2373 2374
f 2375 2376 2377
f 2378 2379 2380
f 2382 2378 2381
f 2384 2385 2378
f 2385 2386 2379
f 2388 2389 2390
f 2387 2390 2392
f 2393 2394 2387
f 2394 2395 2388
f 2186 2401 2402
f 2403 2404 2327
f 2272 2403 2326
f 2271 2405 2403
f 2405 2406 2404
f 2404 2407 2408
f 2409 2410 2411
f 2409 2412 2271
f 2413 2409 2269
f 2413 2414 2410
f 2417 2415 2416
f 2417 2418 2406
f 2412 2417 2405
f 2411 2415 2417
f 2406 2419 2407
f 3569 3520 632
f 2420 2398 2397
f 2420 2421 2423
f 2424 2420 2422
f 2424 2399 2398
f 2425 2391 2392
f 2421 2425 2426
f 2397 2396 2425
f 2396 2393 2391
f 2427 2314 2408
f 2430 2427 2428
f 2343 2315 2427
f 2432 2343 2430
f 2431 2430 2429
f 2435 2431 2433
f 2436 2432 2431
f 2428 2408 2407
f 2422 2437 2407
f 2438 2437 2422
f 2429 2428 2437
f 2440 2434 2433
f 2441 2439 2433
f 2442 2443 2439
f 2443 2444 2440
f 2445 2446 2444
f 2447 2445 2443
f 2383 2381 2445
f 2381 2380 2446
f 2448 2438 2423
f 2449 2448 2426
f 2441 2448 2449
f 2441 2429 2438
f 2449 2392 2390
f 2450 2390 2389
f 2447 2450 2451
f 2442 2449 2450
f 2451 2389 2453
f 2452 2453 2455
f 2382 2452 2454
f 2383 2451 2452
f 2456 2457 2373
f 2459 2460 2461
f 2463 2464 2465
f 2462 2465 2285
f 2466 2462 2284
f 2467 2463 2462
f 2461 2460 3703
f 2468 2469 2470
f 2472 2468 2471
f 2474 2461 3701
f 2475 2476 2477
f 2458 2455 2453
f 2479 2453 2389
f 2395 2480 2479
f 2480 2459 2458
f 2481 2482 2483
f 2484 113 2485
f 2471 2470 2464
f 2473 2471 2463
f 2487 2467 2466
f 2486 2466 2290
f 2490 2486 2488
f 2491 2487 2486
f 2492 2473 2467
f 2493 2492 2487
f 2494 2495 2492
f 2495 2472 2473
f 3690 2496 2474
f 3691 2497 2496
f 2498 2494 2493
f 2500 2498 2499
f 3700 3687 2498
f 3687 3691 2494
f 2306 2504 2278
f 2305 2505 2504
f 2504 2505 2507
f 2506 2507 2288
f 2274 2506 2508
f 2278 2504 2506
f 3633 3632 2489
f 3620 3633 2488
f 2507 2509 2289
f 2505 2510 2509
f 2508 2288 2287
f 2511 2287 2281
f 2370 2511 2280
f 2275 2508 2511
f 2512 2490 2489
f 2514 2512 2513
f 2517 2512 2514
f 2517 2491 2490
f 2499 2493 2491
f 2499 2517 2516
f 2510 2505 2519
f 2518 2519 2521
f 3616 2518 2520
f 3632 2510 2518
f 2522 2304 2303
f 2523 2522 2310
f 2305 2304 2522
f 2524 2522 2523
f 2519 2524 2525
f 2505 2305 2524
f 2308 2312 2527
f 2526 2527 2529
f 2531 2526 2528
f 2309 2308 2526
f 1214 2532 2151
f 2419 2406 2418
f 2533 2345 2349
f 2534 2533 2317
f 2535 2536 2533
f 2536 2346 2345
f 2537 2351 2346
f 2538 2537 2536
f 2539 2540 2537
f 2540 2352 2351
f 2312 2355 2541
f 2527 2541 2542
f 2543 2435 2434
f 2545 2543 2544
f 2319 2318 2543
f 2318 2436 2435
f 2514 2515 2548
f 2547 2548 2550
f 2552 2547 2549
f 2552 2516 2514
f 2520 2521 2554
f 2553 2554 2556
f 3590 2553 2555
f 3621 2520 2553
f 2523 2309 2531
f 2557 2531 2530
f 2525 2523 2557
f 2559 2557 2558
f 2554 2559 2560
f 2521 2525 2559
f 2561 2375 2007
f 2376 2562 2225
f 2564 2565 2566
f 2563 2566 338
f 2569 2563 2567
f 2570 2564 2563
f 2572 2573 2574
f 2571 2574 2576
f 2544 2571 2575
f 2544 2434 2572
f 2578 2570 2569
f 2579 2577 2569
f 2574 2577 2579
f 2573 2578 2577
f 2581 2582 2583
f 2584 2580 2583
f 3697 3675 2580
f 3676 2581 2580
f 2582 2516 2552
f 2583 2552 2551
f 2500 2501 2589
f 2590 2588 2589
f 3693 3695 2588
f 3695 3700 2500
f 2501 2516 2591
f 2592 2593 2594
f 2386 2385 2503
f 2596 2379 2386
f 2596 2374 2373
f 2599 2596 2597
f 2599 2380 2379
f 2600 2446 2380
f 2600 2599 2598
f 2603 2600 2601
f 2603 2444 2446
f 2604 2603 2602
f 2440 2604 2605
f 2444 2603 2604
f 2606 2582 2581
f 2606 2607 2590
f 2591 2516 2582
f 3676 2587 2456
f 3689 2456 2372
f 2478 2477 2608
f 2609 2610 2611
f 2564 2570 2613
f 2612 2613 2598
f 2457 2612 2597
f 2565 2564 2612
f 2614 2613 2570
f 2615 2614 2578
f 2602 2601 2614
f 2601 2598 2613
f 2572 2434 2605
f 2616 2605 2602
f 2573 2572 2616
f 1459 1016 1045
f 1265 1215 1079
f 1612 1608 1609
f 2067 2057 2069
f 1135 1109 1136
f 1938 1937 2618
f 95 548 458
f 2058 1607 1608
f 1454 1469 1445
f 655 2620 1048
f 722 1049 2621
f 1131 985 1033
f 562 1481 366
f 1723 1719 1725
f 1786 1123 1122
f 267 300 323
f 1325 2034 1654
f 1468 1165 1435
f 658 657 529
f 8 532 247
f 382 1557 1559
f 788 619 1307
f 940 930 929
f 911 2622 2623
f 2621 2620 655
f 2624 1857 2625
f 998 1846 27
f 635 638 2626
f 2627 641 644
f 2628 2627 1840
f 1200 1199 2627
f 1199 1773 641
f 1520 515 49
f 1452 1350 1349
f 2630 2631 1859
f 644 643 1335
f 1197 1198 717
f 2632 717 719
f 2628 2632 1166
f 2629 1197 2632
f 1762 2633 1050
f 1823 870 873
f 2634 2635 794
f 1042 794 2635
f 93 94 1901
f 2036 2038 1458
f 1527 332 1525
f 877 876 1274
f 134 409 797
f 1328 893 931
f 607 777 1091
f 1043 2635 2637
f 2636 2637 2639
f 1275 2636 2638
f 1275 1040 1043
f 1272 2624 2626
f 2640 2626 638
f 1110 2641 2640
f 536 1272 2640
f 1472 708 1474
f 2042 2030 1951
f 1058 1106 1105
f 2642 2623 2643
f 1192 2642 2644
f 912 2623 2642
f 3898 1657 3526
f 1049 1048 2620
f 616 1829 1885
f 1331 1913 666
f 990 989 1198
f 1911 1912 321
f 1298 1282 1205
f 76 1490 1504
f 1502 1500 421
f 610 609 658
f 1146 937 659
f 2646 911 914
f 1280 1239 1238
f 1453 1454 1452
f 835 942 1843
f 1271 1270 1173
f 1893 1878 1826
f 1050 2633 1937
f 2651 2652 814
f 1006 1053 1281
f 2653 1084 2654
f 1001 1004 1003
f 585 997 679
f 2624 1272 621
f 555 678 2028
f 1207 526 1197
f 1626 1627 478
f 426 389 419
f 1030 1193 1773
f 3898 645 634
f 534 1533 138
f 1125 1092 1042
f 333 228 88
f 569 1570 561
f 1489 2656 871
f 1857 2624 620
f 1673 1674 3770
f 622 861 864
f 619 788 891
f 261 544 545
f 393 1555 1556
f 2658 2659 2647
f 1075 2658 2657
f 1081 1080 2658
f 1080 1139 2659
f 2644 2643 1141
f 2660 1141 1140
f 642 2660 1336
f 1193 2644 2660
f 679 678 555
f 1503 1501 1500
f 1318 1317 1101
f 2661 2659 1139
f 2661 1142 2663
f 2662 2647 2659
f 2662 2663 2622
f 2664 2622 911
f 2648 2664 2646
f 2648 2647 2662
f 2083 2094 2093
f 1442 1440 1437
f 519 329 330
f 1885 2029 1209
f 799 800 805
f 1946 1943 1952
f 1302 1301 1253
f 566 2005 224
f 1389 940 928
f 683 682 681
f 836 835 1842
f 2665 1842 1845
f 2666 2665 1303
f 24 836 2665
f 831 1072 2650
f 1845 1844 1304
f 2010 2013 2012
f 1051 1936 2667
f 1522 1521 1511
f 531 440 441
f 1250 635 2625
f 2669 2625 1857
f 783 2669 1856
f 782 1250 2669
f 720 2670 2671
f 1055 1931 1930
f 1333 1067 1251
f 619 622 1308
f 652 655 2619
f 521 522 1539
f 1838 988 537
f 2672 537 536
f 1113 2672 2641
f 1113 527 1838
f 1016 1013 1351
f 3897 573 570
f 226 227 104
f 3564 3669 3827
f 1036 1037 1884
f 2674 1301 1304
f 2673 1304 1844
f 1334 2673 2675
f 1333 2674 2673
f 2676 702 1039
f 1843 2676 2675
f 942 1074 2676
f 1074 699 702
f 752 1057 1055
f 1200 1166 656
f 1120 1846 874
f 2677 874 877
f 1241 2677 1052
f 1119 1120 2677
f 1560 1513 151
f 1208 1316 611
f 215 735 736
f 1460 1459 1462
f 1208 1207 1839
f 854 856 1282
f 72 445 182
f 544 1563 1565
f 217 200 456
f 2047 1404 930
f 1204 2618 1937
f 913 777 686
f 840 527 1113
f 1531 729 730
f 2678 778 1283
f 601 667 1914
f 1537 1538 459
f 1819 1757 3509
f 991 1860 862
f 2679 711 1073
f 2680 1830 983
f 779 2680 2256
f 778 2678 2680
f 2678 2679 1830
f 180 542 245
f 1886 1132 1131
f 1138 1137 1274
f 1841 598 1140
f 75 313 314
f 193 423 420
f 2681 2682 1099
f 170 1567 1565
f 349 416 417
f 1121 1124 2684
f 547 797 409
f 123 122 121
f 2643 2663 1142
f 1542 1544 513
f 899 900 907
f 1210 677 676
f 791 663 982
f 24 27 837
f 893 896 932
f 1860 1320 863
f 535 538 862
f 1569 1548 1547
f 181 455 542
f 660 659 937
f 2013 567 568
f 887 890 2631
f 1524 1508 361
f 520 161 162
f 2653 855 854
f 1238 1237 2655
f 718 1838 527
f 1492 1493 518
f 792 616 615
f 599 846 1835
f 290 457 456
f 312 171 1552
f 1248 2687 1179
f 153 149 177
f 1240 1181 1222
f 1257 1292 1235
f 1291 1084 1083
f 1052 877 1277
f 743 742 2618
f 444 140 430
f 23 1224 1172
f 2687 2654 1180
f 102 103 409
f 1283 607 610
f 373 497 650
f 1180 2654 1084
f 855 2653 2655
f 1173 1270 1917
f 2689 850 853
f 2688 853 1108
f 2686 2688 1279
f 2687 2689 2688
f 2691 1302 1252
f 2690 1252 850
f 1248 2690 2689
f 1248 1247 2691
f 2692 617 24
f 2691 2692 2666
f 1247 1258 2692
f 1258 1168 617
f 394 1554 1555
f 2693 1260 1259
f 1072 1236 1262
f 1257 1071 1168
f 398 439 1555
f 871 1784 1314
f 1178 1232 1249
f 1224 1289 1173
f 1010 2617 2618
f 1175 1174 1292
f 2654 2687 2686
f 2694 1157 1216
f 71 418 1487
f 701 1112 1111
f 1072 1261 2649
f 1085 2695 22
f 895 2694 1264
f 1601 1606 1605
f 1259 1262 1271
f 21 20 1220
f 988 991 538
f 598 597 1336
f 1050 860 818
f 1298 2645 1761
f 1168 1167 618
f 858 1168 1256
f 39 242 516
f 2652 1761 819
f 313 316 315
f 2026 1970 1971
f 2656 1489 596
f 814 819 818
f 2696 2651 813
f 1260 2696 2649
f 2693 2697 2696
f 2697 1296 2651
f 381 355 390
f 3818 3819 1611
f 1475 1427 1428
f 1292 1174 1917
f 1551 353 354
f 1526 1525 1523
f 1593 1589 1595
f 1232 1269 1246
f 2695 2693 1223
f 2698 1297 1296
f 2698 2697 2693
f 2685 2698 2695
f 2685 854 1297
f 562 1497 271
f 2652 2651 1296
f 1365 1366 1364
f 1958 1946 1953
f 585 588 2210
f 1561 1560 1515
f 975 2648 1146
f 347 67 68
f 1038 1111 636
f 2700 781 780
f 2699 780 1036
f 2701 2699 1883
f 851 2700 2699
f 2674 1333 2251
f 2702 2251 781
f 1253 2702 2700
f 1301 2674 2702
f 1519 387 388
f 1273 1239 1280
f 2703 1280 1107
f 2701 2703 852
f 1829 1273 2703
f 91 260 326
f 1784 871 2656
f 2683 2684 2705
f 604 1894 3499
f 1669 3534 3548
f 2062 2063 2060
f 621 535 861
f 2023 731 732
f 686 779 1263
f 857 1051 2668
f 883 830 882
f 637 636 1111
f 2668 894 893
f 2667 921 894
f 1039 1038 1068
f 313 75 1504
f 1911 1972 305
f 1936 2706 1964
f 2707 2402 2401
f 2708 2707 2183
f 738 2163 2116
f 2349 2348 2432
f 2711 2712 2020
f 2400 2711 2019
f 2714 2715 2716
f 2717 2718 2719
f 2721 2722 2723
f 2726 2727 2728
f 2725 2728 2730
f 2731 2725 2729
f 2732 2726 2725
f 2734 2735 2736
f 2738 2739 2740
f 2737 2740 2741
f 2744 2745 2746
f 2745 2744 2748
f 2749 2750 2747
f 2753 2749 2751
f 2250 1380 2246
f 2754 1396 1614
f 3598 2754 2755
f 3608 2745 2747
f 1617 2756 2755
f 2242 2758 1620
f 2191 2085 2760
f 2761 2759 2760
f 3648 2759 2761
f 3623 2191 2759
f 3209 3248 3223
f 1395 1394 2236
f 1395 2235 1636
f 1616 1635 2229
f 1617 2234 2763
f 2756 2763 3628
f 2765 2763 2234
f 2766 2764 3628
f 3202 3199 3246
f 1516 437 435
f 2768 2769 3552
f 1495 541 578
f 2135 2136 28
f 3526 3540 2773
f 1690 1689 3926
f 2778 2779 2780
f 2777 2780 2781
f 2784 2778 2777
f 3555 3521 575
f 1494 1904 9
f 3529 2016 2015
f 451 61 505
f 2786 2787 2788
f 2779 2786 2785
f 2789 2752 2741
f 2790 2753 2752
f 2792 2793 2794
f 2793 2795 2796
f 2796 2797 2750
f 2794 2796 2749
f 2798 1393 1396
f 3591 2798 2754
f 2798 2799 2800
f 3591 3662 2799
f 2797 2796 2795
f 2791 2794 2753
f 216 233 232
f 3804 2806 2807
f 3805 2809 2804
f 2769 2810 3557
f 183 185 184
f 2811 2812 2775
f 2804 2811 2776
f 2809 2813 2811
f 2812 2811 2813
f 3805 2808 2816
f 3796 2818 2815
f 3798 3800 2820
f 3793 2823 2819
f 2824 2736 2735
f 2823 2825 2824
f 2825 2823 2826
f 3793 2822 2827
f 3796 2817 2826
f 2713 2716 2829
f 2828 2829 2831
f 2822 2821 2828
f 2821 2820 2713
f 2832 2827 2822
f 2833 2832 2830
f 2834 2835 2832
f 2835 2818 2827
f 2837 2838 2839
f 2836 2839 2841
f 2842 2836 2840
f 2843 2837 2836
f 2840 2841 2845
f 2718 2844 2845
f 2730 2728 2844
f 2727 2840 2844
f 2846 2845 2841
f 2829 2846 2847
f 2847 2841 2839
f 2848 2839 2838
f 2833 2848 2849
f 2831 2847 2848
f 2850 2814 2851
f 2853 2850 2852
f 2783 2777 2782
f 2785 2788 2853
f 2780 2785 2856
f 2857 2858 2855
f 2859 2857 2782
f 2861 2843 2842
f 2860 2842 2727
f 2862 2860 2726
f 2863 2861 2860
f 2861 2863 2858
f 2843 2861 2857
f 2856 2853 2854
f 2781 2856 2864
f 2837 2843 2859
f 2838 2837 2864
f 2852 2851 2834
f 2854 2852 2849
f 2865 2815 2818
f 2851 2865 2835
f 2813 2809 2815
f 2814 2813 2865
f 2866 2812 2814
f 2788 2866 2850
f 2866 2788 2787
f 2812 2866 2867
f 1892 1889 1890
f 2720 2719 2846
f 298 299 256
f 2872 2714 2713
f 3794 3800 2735
f 2729 2730 2874
f 2846 2716 2715
f 2876 2877 2878
f 2733 2875 2878
f 3806 3807 2879
f 3806 2880 2872
f 2882 2883 2884
f 2881 2884 2715
f 2880 2881 2714
f 2879 2882 2881
f 2885 2886 2887
f 2888 2889 2890
f 2885 2890 2892
f 2893 2886 2885
f 1942 2151 2532
f 2895 2892 2720
f 2884 2895 2870
f 2883 2896 2895
f 2896 2891 2892
f 2889 2874 2717
f 2890 2717 2720
f 2897 2893 2891
f 2898 2897 2896
f 2899 2898 2883
f 2900 2899 2882
f 3797 2900 2879
f 2876 2902 2901
f 2901 2902 2904
f 1785 2656 1835
f 2905 2906 2899
f 2907 2908 2897
f 3797 2901 2903
f 632 576 577
f 3532 3547 2867
f 434 385 550
f 2768 2770 3640
f 2910 2911 1623
f 2241 2912 2758
f 3640 2770 2913
f 1623 2911 2757
f 3587 2242 2757
f 2229 1381 1380
f 2765 1630 1629
f 2915 2914 1629
f 3642 3641 2914
f 3641 3622 2765
f 2919 2916 3642
f 2918 2915 2912
f 3614 2918 2241
f 3618 2919 3613
f 3541 2177 2180
f 3521 2002 2188
f 3705 3573 714
f 2925 2766 2917
f 2924 2917 2916
f 3610 2924 2919
f 3611 2925 2924
f 2926 2927 2766
f 3658 2926 2925
f 1715 1713 1705
f 785 497 498
f 1387 651 565
f 374 375 1899
f 3573 2203 2206
f 2929 2930 2886
f 2932 2933 2934
f 1905 1906 1908
f 2930 2935 2936
f 2938 2935 2930
f 1493 369 517
f 1603 1585 1586
f 2939 2938 2929
f 2940 2939 2908
f 3665 1707 1600
f 2886 2930 2937
f 2906 2907 2898
f 2908 2929 2893
f 2942 2934 2933
f 2941 2933 2937
f 3501 2941 2936
f 3498 2942 2941
f 2943 2944 2710
f 2943 2873 2874
f 2945 2943 2889
f 2946 2944 2943
f 2932 2945 2888
f 2931 2946 2945
f 727 1928 1929
f 2903 2904 2947
f 545 594 42
f 1480 1570 533
f 2907 2906 2949
f 2906 2905 2950
f 1558 452 215
f 3799 2903 2948
f 2054 1645 1644
f 3705 3684 2203
f 1828 1837 1849
f 2953 2954 2955
f 2952 2955 2957
f 2956 2261 2258
f 2953 2952 2258
f 2454 2455 2474
f 3747 2958 2959
f 3747 2132 2131
f 2961 2962 2963
f 2958 2963 2964
f 222 221 2485
f 2477 2226 2966
f 2631 2561 2006
f 2384 2454 2496
f 2967 2968 2959
f 2968 2967 2970
f 3759 2033 2971
f 3784 2971 2960
f 2972 2971 2033
f 2007 2377 2973
f 3560 3559 2134
f 1836 1833 1832
f 3506 2188 2090
f 955 810 959
f 672 675 674
f 633 710 713
f 2024 732 733
f 2025 2024 803
f 425 1552 1550
f 2975 2976 888
f 1319 1158 1157
f 1212 1935 2977
f 889 957 2228
f 1978 1974 1975
f 1138 1078 1329
f 751 665 2979
f 1619 1613 1625
f 2252 2255 1728
f 1157 1160 845
f 2706 1936 1938
f 2980 2255 2254
f 2982 2975 887
f 802 712 711
f 678 677 2029
f 527 840 690
f 1839 1207 2629
f 2983 2984 602
f 2983 1914 1913
f 2985 2983 1331
f 2986 2984 2983
f 2987 2637 2635
f 2985 2988 2639
f 2990 1319 1318
f 2991 2992 2993
f 2995 2991 2994
f 1106 1058 2991
f 1058 1057 2992
f 1415 1406 1365
f 1317 922 2217
f 1932 1728 2255
f 926 2998 2999
f 3001 2993 2992
f 3000 2992 1057
f 2999 3000 2978
f 2998 3001 3000
f 3002 2998 2209
f 3002 3003 2996
f 2993 3001 3002
f 1103 1106 2995
f 3004 2995 2996
f 2209 2210 3004
f 588 1103 3004
f 295 296 433
f 2638 2639 2988
f 3005 2988 1056
f 1305 3005 1930
f 1276 2638 3005
f 1987 1968 1993
f 2633 1762 1761
f 1423 1422 1417
f 3561 3517 739
f 2671 2670 2704
f 1473 1872 2035
f 922 1317 2694
f 1401 1400 1378
f 556 2028 1884
f 842 848 3825
f 1854 2706 2617
f 933 1082 1081
f 1440 1441 1436
f 529 657 719
f 1031 1025 1027
f 777 913 912
f 2645 1205 1204
f 441 438 1538
f 790 1287 587
f 2065 2066 1610
f 1860 991 990
f 60 106 87
f 1424 1017 1948
f 332 1527 1507
f 261 262 138
f 187 188 449
f 1719 1720 1726
f 1931 1055 1059
f 3006 1059 1105
f 1287 3006 1104
f 1286 1931 3006
f 3007 3008 3009
f 3009 3008 653
f 618 999 26
f 2029 677 1210
f 957 601 600
f 1049 2146 2228
f 2631 890 3011
f 890 889 2227
f 3011 2227 2145
f 2561 3011 3012
f 1026 656 609
f 2706 1854 1961
f 3013 2965 2485
f 2148 2147 1267
f 3015 1267 1266
f 2997 2264 1101
f 642 641 1773
f 186 477 461
f 1041 1040 1320
f 1121 3016 3017
f 2984 2986 2987
f 3018 2987 2634
f 1048 603 3018
f 603 602 2984
f 2679 2678 801
f 2062 2072 2074
f 2061 2074 2076
f 414 303 1545
f 3016 1121 2683
f 3019 2683 2704
f 3020 3019 2670
f 3007 3016 3019
f 1871 1090 1091
f 3021 1787 1122
f 3022 3021 3017
f 1314 3021 3022
f 1784 1787 3021
f 1316 1315 1763
f 3023 3022 3010
f 3023 3009 795
f 1763 3023 1092
f 1315 3022 3023
f 3016 3007 3010
f 752 751 2978
f 2986 2639 2637
f 3024 654 653
f 3020 3024 3008
f 720 723 3024
f 723 2621 654
f 2681 1098 1268
f 2671 3025 1268
f 2705 2681 3025
f 1313 3026 3027
f 3026 3028 3029
f 3027 3029 3030
f 1311 3027 3031
f 2012 568 731
f 917 2657 974
f 743 1206 856
f 1888 2027 2030
f 2682 2705 2684
f 3032 2684 1124
f 1100 3032 2989
f 1099 2682 3032
f 1123 2990 2989
f 3033 1834 1159
f 2990 3033 1158
f 1123 1786 3033
f 1786 1785 1834
f 1054 1056 2988
f 2979 665 664
f 2623 2622 2663
f 1095 660 688
f 3034 3035 2261
f 3036 3034 2956
f 3037 3038 3034
f 3038 3039 3035
f 3040 3041 3026
f 2263 3042 3041
f 3042 3039 3043
f 3041 3043 3028
f 3044 3045 3043
f 3046 3047 3045
f 3047 3048 3049
f 3043 3045 3049
f 3038 3037 3051
f 3050 3051 3053
f 3052 3046 3044
f 3039 3038 3050
f 3054 3035 3039
f 3042 2263 2262
f 2261 3035 3054
f 2216 2263 2997
f 2212 2211 2667
f 3056 868 2209
f 934 3057 1961
f 2013 3755 3757
f 3058 3059 3060
f 3059 3062 3063
f 3060 3063 2213
f 3061 3060 1963
f 3063 3064 2214
f 3062 3065 3064
f 3065 2257 2260
f 3064 2260 2215
f 3066 3067 3031
f 2608 2966 3067
f 2966 2562 3068
f 3031 3067 3068
f 2455 2458 2461
f 2476 2223 2226
f 3551 2090 2089
f 3526 2774 3769
f 433 354 355
f 2115 1423 1419
f 3509 2868 2922
f 3769 3737 2131
f 3069 2611 2167
f 2971 2972 2928
f 2961 2774 2773
f 3070 2475 2478
f 2610 2609 3071
f 2502 2371 2374
f 3072 2592 2595
f 2964 3046 3052
f 3048 2593 3074
f 2593 2592 3075
f 3075 3030 3029
f 3074 3029 3028
f 3072 3076 3075
f 3076 3072 2482
f 2481 2608 3066
f 3076 3066 3030
f 2967 3052 3053
f 2482 3072 3073
f 479 480 493
f 706 3900 3873
f 3561 2194 2221
f 2013 2010 3754
f 3533 2032 2016
f 3562 3519 2222
f 1171 1154 1155
f 2586 2566 2565
f 2982 110 113
f 2562 2376 3077
f 2376 2375 3012
f 3012 2145 2148
f 3077 2148 3015
f 2963 3047 3046
f 3051 3078 2970
f 1683 2173 491
f 3850 2122 1447
f 1986 2181 3734
f 3079 3080 2546
f 3081 3079 2575
f 1983 1986 3768
f 3082 2323 2319
f 3080 3082 2545
f 3734 3732 3082
f 3732 3748 2323
f 1309 1471 1888
f 3073 2595 2772
f 2760 3083 3084
f 2760 2085 2088
f 3085 3084 3086
f 3089 3085 3090
f 3089 2762 3084
f 3092 3088 3090
f 3093 2748 2744
f 2751 2747 2748
f 3093 2741 2752
f 2742 2741 3093
f 3094 3093 2743
f 3096 3097 3098
f 3099 3096 3087
f 3097 3094 3095
f 3100 2743 2746
f 3101 2927 3102
f 2764 2766 2927
f 2745 2764 3101
f 3102 3092 3091
f 3100 3091 3095
f 2869 2802 3592
f 3102 3103 3104
f 3658 2868 2869
f 2927 2926 3103
f 3098 3095 3091
f 3087 3098 3090
f 2088 2125 3105
f 3083 3105 3086
f 2483 3073 2771
f 2401 2186 2185
f 3099 3086 3105
f 2125 2207 3106
f 3108 2737 2742
f 3107 2742 3094
f 3110 3108 3107
f 3109 3107 3097
f 3111 3109 3096
f 3112 3110 3109
f 3113 2738 2737
f 3115 2723 2722
f 3117 3115 3114
f 3119 3117 3116
f 3118 3116 3120
f 3116 3114 3113
f 3122 3112 3111
f 3122 3123 1755
f 3124 3125 3126
f 3125 3118 3121
f 3128 3119 3118
f 3129 3128 3125
f 2020 2712 3128
f 3853 3857 1346
f 1065 1046 1047
f 1814 3838 3830
f 2021 2020 3129
f 3111 3099 3106
f 3123 3106 2207
f 2377 2225 2224
f 3014 2485 113
f 1756 2208 3782
f 3131 3132 2530
f 3133 3131 2528
f 1753 1756 3767
f 3134 3124 3127
f 2327 2408 2314
f 2436 2318 2317
f 2018 2021 3711
f 2534 3136 3137
f 2320 2322 3136
f 2185 2018 3712
f 3138 3139 2542
f 3134 3135 3744
f 3785 3130 3134
f 3140 3138 2539
f 2535 3137 3140
f 3711 2021 3130
f 2558 2530 3132
f 3782 3760 3141
f 2560 2558 3141
f 3760 3777 3142
f 958 888 2976
f 1933 1932 2980
f 2399 2424 2418
f 2348 2342 2343
f 2322 2320 2319
f 2718 2717 2874
f 2709 2729 2873
f 2894 2871 1361
f 346 289 176
f 1876 1877 1882
f 2802 2803 3607
f 3104 3144 3088
f 2974 2222 3649
f 3089 3145 2761
f 3088 3144 3145
f 2803 2974 3603
f 3870 3909 692
f 2123 1419 1418
f 1365 1363 1368
f 1581 1766 1782
f 3569 2202 2129
f 3555 2003 2002
f 3146 2585 2551
f 3751 3146 3147
f 3742 3149 3146
f 3149 2584 2585
f 3196 3198 3197
f 3604 2192 2191
f 3142 3150 2556
f 3777 3778 3150
f 3646 3152 2550
f 3150 3151 2555
f 3778 3780 3151
f 3788 3781 3152
f 3153 3147 2551
f 3152 3153 2549
f 3781 3776 3153
f 3776 3750 3147
f 3148 2767 2206
f 2183 2401 2321
f 2132 2960 2928
f 3684 3685 2204
f 3719 2198 2197
f 2594 2962 2773
f 2595 2594 2951
f 1870 798 799
f 3713 2179 2178
f 3706 2178 3736
f 336 3154 3774
f 339 3155 3154
f 3789 3683 3149
f 3683 3697 2584
f 2963 2962 3048
f 3722 3730 337
f 339 338 2566
f 3156 3157 2168
f 2610 3156 2167
f 2954 2953 3156
f 3157 3156 2953
f 3707 2166 2169
f 2567 3158 3159
f 337 3158 2567
f 3730 3069 2166
f 3764 2190 1983
f 2579 3160 3081
f 2568 3159 3160
f 3709 2169 2190
f 3065 3062 3162
f 3161 3162 1984
f 3157 3161 2189
f 2257 3065 3161
f 734 735 1922
f 3059 3058 2708
f 3163 2708 2182
f 3162 3163 1985
f 3062 3059 3163
f 3203 3206 3205
f 2122 2119 1448
f 3817 1686 1685
f 139 140 444
f 1570 569 566
f 2957 3164 3165
f 2955 3166 3164
f 1912 454 341
f 3130 3129 3124
f 1548 322 319
f 1949 1950 1327
f 2969 2970 3078
f 3167 3078 3169
f 3724 2014 2017
f 3720 2017 2033
f 3168 3169 3165
f 3170 3165 3164
f 3779 3170 3171
f 3724 3168 3170
f 3171 3164 3166
f 3172 3166 3071
f 3752 3172 3173
f 3756 3171 3172
f 3169 3037 3036
f 2593 3048 2962
f 3173 3071 2609
f 3174 2609 2199
f 3783 3174 2198
f 3749 3173 3174
f 2190 2189 1984
f 2196 2195 2767
f 2119 2120 1414
f 1464 1463 1466
f 2199 2611 3069
f 2457 2456 2587
f 2226 2225 2562
f 481 478 1627
f 333 1512 235
f 3078 3051 3037
f 3040 2264 2997
f 2219 1934 1933
f 2385 2384 2497
f 221 2220 3175
f 2220 1933 3143
f 3175 3143 2976
f 2484 3175 2975
f 2954 3071 3166
f 2630 1858 110
f 1547 319 1952
f 2091 2090 2188
f 3733 3736 2178
f 1918 1919 1927
f 3563 112 111
f 955 956 960
f 2037 3014 112
f 3143 2980 2981
f 2218 2211 2214
f 672 3877 3787
f 2152 3013 3014
f 1147 1144 1143
f 2248 2246 1409
f 1615 1636 1635
f 1410 1409 2246
f 3241 3243 3242
f 1382 3176 3177
f 3177 1410 2247
f 2247 1383 3177
f 3176 2238 2230
f 1410 3177 3179
f 3179 3180 2243
f 1633 3181 2800
f 1621 1620 2758
f 1622 1621 2245
f 2236 1394 3181
f 2237 2236 3182
f 2250 1631 2233
f 2912 1629 1628
f 135 136 1564
f 1567 419 512
f 1085 1084 2653
f 3184 869 868
f 869 3184 3057
f 1266 1268 1098
f 1267 2147 722
f 937 1146 2646
f 2146 1049 722
f 2211 2218 921
f 1957 510 507
f 1313 1312 2264
f 1496 362 1493
f 2887 2937 2933
f 1687 1688 1659
f 145 1499 1498
f 37 38 418
f 1935 1934 3185
f 104 89 301
f 2101 2098 2083
f 543 298 360
f 1934 2219 3186
f 234 1521 212
f 3845 3821 1822
f 1976 1875 1874
f 223 3186 2219
f 3655 3656 3605
f 2165 2164 467
f 467 468 2165
f 773 476 2165
f 1935 1212 1728
f 3240 3225 3226
f 3261 3249 3250
f 3215 3216 3244
f 3265 3221 3215
f 3267 3245 3198
f 3205 3206 3269
f 3214 3211 3265
f 3271 3213 3214
f 3251 3252 3239
f 3222 3221 3266
f 3232 3235 3234
f 3216 3242 3243
f 3196 3193 3268
f 3244 3243 3254
f 3238 3239 3247
f 3264 3244 3255
f 3253 3242 3216
f 3211 3266 3221
f 3257 3217 3218
f 3258 3222 3272
f 3274 3275 3280
f 3228 3229 3262
f 3275 3231 3281
f 3226 3227 3273
f 3236 3263 3260
f 3281 3263 3236
f 3287 3271 3192
f 3235 3226 3280
f 3234 3280 3281
f 3288 3290 3259
f 3260 3250 3276
f 3289 3212 3278
f 3210 3209 3224
f 3199 3202 3201
f 3228 3231 3230
f 3290 3288 3285
f 3282 3279 3271
f 3260 3263 3262
f 3243 3241 3268
f 3267 3268 3241
f 3194 3207 3208
f 3191 3270 3269
f 3270 3191 3192
f 3275 3274 3230
f 3264 3269 3270
f 3252 3251 3276
f 3248 3252 3291
f 3213 3271 3279
f 3272 3266 3289
f 3277 3278 3212
f 3228 3263 3281
f 3220 3225 3253
f 3219 3253 3217
f 3256 3218 3222
f 3247 3239 3252
f 3245 3267 3232
f 3266 3211 3212
f 3208 3205 3255
f 3288 3289 3284
f 3204 3205 3208
f 560 1899 3187
f 3209 3210 3201
f 3189 3192 3191
f 448 1980 807
f 647 648 122
f 1833 1848 1780
f 510 509 508
f 3210 1949 1887
f 1887 15 3200
f 15 16 3197
f 16 3188 3195
f 3195 3188 3187
f 3194 3187 1899
f 3207 1899 375
f 387 173 126
f 3189 1791 1760
f 3577 763 757
f 763 3577 2172
f 3583 3582 3580
f 3581 3580 3579
f 3594 3597 3596
f 3400 3601 3602
f 3626 3624 3625
f 3631 3635 3599
f 3636 3637 3595
f 3647 3584 3588
f 3650 3582 3584
f 3653 3579 3580
f 3653 2176 3654
f 1801 1864 3656
f 3651 3580 3582
f 3644 3638 3595
f 1767 1768 3659
f 1597 3663 3661
f 1708 1707 3665
f 3671 3668 3667
f 3666 3667 3673
f 1588 1708 3664
f 2080 3671 3666
f 2082 3666 3672
f 3674 3677 3635
f 3677 3678 3636
f 3682 3647 3645
f 3692 3651 3650
f 3681 3645 3644
f 786 3694 3692
f 3694 3653 3651
f 785 3692 3686
f 497 3686 3682
f 650 3682 3681
f 3696 564 3681
f 3405 3606 3605
f 3702 3699 3678
f 3699 3698 3679
f 3645 3588 3638
f 1799 3657 3659
f 3708 3704 3458
f 3462 3710 3708
f 3714 463 564
f 3615 3606 3602
f 3710 3714 3696
f 3635 3636 3596
f 3629 3626 3627
f 3597 3600 3599
f 3630 3716 3715
f 3627 3625 3597
f 3717 3716 3723
f 3715 3663 3660
f 3716 3717 3725
f 3668 3665 3661
f 3668 3725 3717
f 3667 3717 3718
f 3727 3728 3673
f 3728 1576 3672
f 3726 3727 3718
f 1576 2101 2084
f 3727 3726 3731
f 3203 376 1387
f 3190 1387 1791
f 3283 2152 1949
f 317 240 259
f 2000 2176 3653
f 3601 3599 3600
f 3589 3588 3584
f 3577 758 756
f 3585 3584 3582
f 3678 3679 3637
f 3204 375 376
f 1801 3655 3657
f 3729 3735 3728
f 1575 3735 3738
f 3735 1575 1576
f 1776 1795 1796
f 1293 1294 1290
f 1326 14 1327
f 1294 1245 1234
f 878 1244 1330
f 497 373 374
f 122 648 413
f 3699 3702 3704
f 3606 3405 3401
f 3708 3710 3698
f 3464 3714 3710
f 3704 3674 3443
f 439 398 399
f 1512 1528 1526
f 1668 1741 1738
f 839 849 1362
f 1362 1357 826
f 3843 740 1896
f 2053 2054 2118
f 3888 3887 2120
f 696 697 3816
f 1826 1878 639
f 3740 3739 3729
f 956 885 886
f 1980 806 1922
f 33 34 105
f 1343 1344 3856
f 3907 2127 2128
f 1766 1581 1582
f 14 1326 2163
f 595 98 99
f 3233 3238 3246
f 1346 1035 1044
f 748 1888 1425
f 3193 3208 3254
f 3190 3191 3206
f 3612 3605 3606
f 3624 3612 3615
f 3631 3415 3443
f 3679 3680 3644
f 3686 3650 3647
f 3702 3677 3674
f 3625 3615 3600
f 3601 3400 3415
f 3739 3738 3735
f 3630 3627 3594
f 3741 3723 3716
f 1284 1290 1288
f 3698 3696 3680
f 1778 1781 1780
f 1792 1759 1584
f 695 570 571
f 3638 3741 3594
f 3741 3638 3588
f 3247 3248 3209
f 3292 3293 3294
f 3296 3297 3298
f 3299 3298 3300
f 3302 3303 3304
f 3306 3307 3308
f 3307 3310 3311
f 3303 3302 3301
f 3312 3305 3304
f 3314 3315 3316
f 3318 3319 3320
f 3324 3318 3321
f 3326 3327 3328
f 3329 3330 3331
f 3333 3334 3335
f 3337 3338 3339
f 3333 3336 3341
f 3342 3341 3343
f 3319 3345 3344
f 3338 3335 3334
f 3346 3301 3302
f 3305 3348 3347
f 3312 3224 3223
f 3350 3337 3340
f 3312 3349 3348
f 3352 3343 3341
f 3311 3353 3354
f 3341 3336 3327
f 3359 3360 3361
f 3360 3359 3250
f 3318 3363 3345
f 3364 3363 3318
f 3314 3364 3324
f 3366 3299 3301
f 3299 3366 3367
f 3308 3354 3368
f 3369 3317 3295
f 3317 3369 3364
f 3370 3295 3317
f 3325 3371 3365
f 3352 3320 3319
f 3296 3367 3353
f 3297 3296 3311
f 3363 3368 3354
f 3345 3354 3353
f 3344 3353 3367
f 3366 3333 3342
f 3347 3339 3334
f 3339 3347 3348
f 3348 3349 3351
f 3363 3364 3369
f 3294 3309 3368
f 3293 3306 3309
f 3331 3373 3374
f 3346 3334 3333
f 3323 3322 3352
f 3356 3355 3321
f 3355 3357 3325
f 3357 3358 3371
f 3322 3356 3320
f 3361 3330 3329
f 3373 3372 3375
f 3374 3375 3376
f 3329 3332 3376
f 3327 3375 3372
f 3336 3335 3375
f 3335 3338 3376
f 3376 3338 3337
f 3337 3350 3359
f 3359 3350 3276
f 3377 3292 3295
f 3277 3316 3315
f 3371 3378 3379
f 3378 3371 3358
f 3365 3379 3315
f 3316 3277 3279
f 3282 3377 3370
f 3313 3283 3224
f 3378 3285 3284
f 3380 3286 3285
f 3379 3284 3278
f 3276 3350 3351
f 3291 3351 3349
f 3313 3304 2965
f 2965 3304 3303
f 222 3303 3300
f 223 3300 3298
f 3298 3297 3185
f 3297 3310 2977
f 3310 3307 1213
f 3307 3306 1214
f 2532 1214 3306
f 2894 2532 3293
f 2871 2894 3292
f 3253 3225 3240
f 3283 3313 3013
f 1997 1996 1889
f 1237 745 744
f 1535 1534 120
f 1531 1532 201
f 1119 1241 1032
f 946 948 824
f 163 8 5
f 3589 3726 3723
f 1155 1156 1162
f 427 213 327
f 553 1902 796
f 3381 2232 2231
f 3381 3178 2230
f 2237 3183 3180
f 3383 3384 3385
f 3384 3386 3387
f 3386 3388 3389
f 3388 3390 3391
f 3392 3393 3394
f 3395 3394 3396
f 3398 3399 3397
f 3400 3401 3399
f 3403 3404 3405
f 3406 3407 3404
f 3408 3409 3407
f 3410 3411 3409
f 3412 3413 3411
f 3415 3400 3398
f 3414 3398 3396
f 3416 3396 3394
f 3417 3394 3393
f 3393 3419 3420
f 3419 3390 3421
f 3390 3388 3422
f 3388 3386 3423
f 3386 3384 3424
f 3384 3383 3425
f 3425 3383 3426
f 2904 3427 3428
f 3429 3427 2904
f 3430 3429 2902
f 2875 3431 3430
f 3432 3433 2733
f 2825 3434 3435
f 3437 3438 3439
f 3441 3437 3436
f 2724 2723 3434
f 3436 3439 3115
f 3440 3436 3117
f 3443 3415 3414
f 3442 3414 3416
f 3444 3416 3417
f 3445 3417 3418
f 3446 3418 3420
f 3420 3421 3448
f 3421 3422 3449
f 3422 3423 3450
f 3423 3424 3451
f 3424 3425 3452
f 3425 3184 3056
f 3451 3452 2253
f 3450 3451 2252
f 3449 3450 1727
f 3448 3449 2150
f 3453 3447 3448
f 3454 3446 3447
f 3455 3445 3446
f 3456 3444 3445
f 3442 3444 3456
f 3443 3442 3457
f 3459 3460 3458
f 3457 3456 3455
f 3459 3455 3454
f 3462 3460 3459
f 3461 3454 3453
f 3464 3462 3461
f 3463 3453 1941
f 3404 3399 3401
f 3407 3397 3399
f 3409 3395 3397
f 3411 3392 3395
f 3465 3466 3413
f 3467 3468 3469
f 3465 3412 3431
f 3470 3467 3466
f 3438 3470 3432
f 3467 3470 3438
f 3468 3467 3437
f 3471 3469 3468
f 3472 3468 3441
f 3473 3441 3440
f 2712 3440 3119
f 3475 3471 3472
f 3474 3472 3473
f 3476 3473 2712
f 3477 3476 2711
f 3478 3474 3476
f 3479 3475 3474
f 3392 3411 3413
f 3466 3469 3480
f 3419 3393 3392
f 3390 3419 3480
f 3469 3471 3391
f 3389 3391 3471
f 3387 3389 3475
f 3385 3387 3479
f 3482 3477 2400
f 3483 3478 3477
f 3481 3479 3478
f 3484 3482 2402
f 3058 3484 2707
f 3061 3485 3484
f 3485 3483 3482
f 3382 3385 3481
f 3486 3481 3483
f 3426 3383 3382
f 3487 3382 3486
f 3486 3485 3061
f 1961 3057 3487
f 3057 3184 3426
f 3428 3403 3402
f 3427 3406 3403
f 3429 3408 3406
f 3430 3410 3408
f 3431 3412 3410
f 3470 3465 3433
f 3434 3439 3438
f 2723 3115 3439
f 2875 2733 3433
f 2736 2824 3435
f 2947 3428 3488
f 3464 3463 1360
f 1900 1925 1924
f 1736 1717 1718
f 1955 1952 1943
f 1671 1738 1735
f 1696 1750 1698
f 1800 1865 1864
f 2063 2055 2056
f 1737 1734 1717
f 1751 1735 1697
f 943 3885 3899
f 3656 3488 3402
f 1577 1578 1764
f 3917 1598 1599
f 1945 146 82
f 68 6 7
f 147 1542 1543
f 1109 1135 1133
f 1503 1910 1907
f 1499 1501 1909
f 452 1922 735
f 1824 2068 3835
f 1825 2067 2068
f 1463 1462 1022
f 841 1012 1009
f 1568 1547 1955
f 1910 1503 1502
f 1939 1502 422
f 309 280 1940
f 1804 1851 1866
f 269 1482 1954
f 2065 1607 2060
f 3812 1685 1758
f 280 276 552
f 1875 1873 1869
f 1739 1721 1734
f 1778 1779 1790
f 310 1920 1915
f 1909 1908 1906
f 1789 1783 1778
f 978 981 980
f 1584 1759 1731
f 425 426 311
f 148 1543 115
f 2044 3897 3894
f 277 1910 1939
f 1943 1946 1945
f 1461 1462 1463
f 2253 3452 3056
f 2981 2254 3489
f 2209 2998 3489
f 2254 2253 3055
f 2998 926 958
f 2826 2817 2721
f 3490 2739 2721
f 2816 3491 3490
f 2334 2297 2296
f 2298 2297 2334
f 2301 2298 2336
f 2311 2301 2338
f 2312 2311 2354
f 2359 2358 2361
f 2335 2296 2359
f 2414 2413 2365
f 2413 2270 2361
f 2355 2352 2540
f 2541 2540 2539
f 2722 2721 2739
f 3114 2722 2738
f 3110 3112 3121
f 3108 3110 3120
f 3122 1754 3127
f 3112 3122 3126
f 3127 1754 1753
f 3139 3133 2529
f 3744 3775 3133
f 3490 2789 2740
f 3491 2790 2789
f 228 229 91
f 245 244 243
f 248 7 247
f 2 297 296
f 145 146 300
f 327 213 210
f 329 332 331
f 239 241 240
f 373 376 375
f 178 177 176
f 1218 1225 1228
f 3862 1231 1295
f 808 809 824
f 3858 3859 1013
f 3813 3810 1411
f 2154 2149 2159
f 3845 3835 1758
f 306 807 1922
f 2157 2153 1976
f 708 709 2031
f 1450 1226 1227
f 1672 1604 1605
f 1813 1814 1821
f 1717 1716 1715
f 176 159 402
f 1710 1705 3916
f 1712 1580 1577
f 1705 1713 1711
f 971 978 979
f 822 823 1094
f 2909 2810 2793
f 2810 2769 2795
f 2799 2910 2249
f 3662 3643 2910
f 2769 2768 2801
f 3177 3176 3178
f 3178 3381 3180
f 3181 1394 1393
f 3181 1633 1632
f 3182 1632 2244
f 3183 2244 2243
f 3492 2791 2790
f 2808 3492 3491
f 2239 3574 3572
f 1149 1150 3571
f 1150 2009 3567
f 2202 3569 3566
f 2921 3564 3565
f 3568 3560 2133
f 1777 1579 1759
f 1201 1196 1183
f 3561 3554 2195
f 3553 3576 2770
f 3927 3925 1687
f 1516 152 154
f 3549 3562 2974
f 3550 3548 2779
f 2771 2772 3575
f 3070 2771 3546
f 3547 3544 2775
f 1376 1375 1370
f 2767 3543 3556
f 2195 3554 3543
f 2775 3544 3542
f 3377 3282 3545
f 3804 3802 3539
f 2776 3542 3538
f 2240 3572 3535
f 2920 3535 3669
f 3548 3534 2786
f 1805 1850 1851
f 3534 3532 2787
f 2951 2773 3540
f 2772 2951 3531
f 2973 2224 3530
f 2224 2223 3537
f 1957 1953 320
f 306 305 304
f 2770 3576 3528
f 2913 3528 3574
f 2923 3565 3527
f 308 1940 431
f 207 208 132
f 1879 1876 1881
f 3733 3787 3525
f 2475 3070 3558
f 2476 2475 3524
f 2223 2476 3523
f 3522 3549 2803
f 2037 3563 11
f 1959 1958 450
f 2003 3555 3520
f 9 10 334
f 2009 2008 3518
f 2008 2973 3536
f 3877 672 673
f 3515 3550 2778
f 2935 3514 3513
f 111 1149 3570
f 3510 3514 2935
f 683 3876 3885
f 3508 3557 2810
f 736 733 732
f 1795 1804 1803
f 3505 3510 2938
f 3507 3505 2939
f 2950 3512 3504
f 2940 2949 3504
f 3801 3791 3512
f 2868 3509 3502
f 2869 3502 3522
f 1024 1034 1023
f 3500 3503 2948
f 551 1939 442
f 2972 3499 3568
f 2032 3533 3499
f 216 93 1924
f 203 202 201
f 1828 1848 1847
f 1958 1957 449
f 272 271 178
f 2871 3545 3495
f 3619 3669 3564
f 2801 2768 3643
f 2005 3758 3654
f 960 886 899
f 3657 3655 3612
f 3780 3788 3646
f 3151 3646 3593
f 2193 3604 3623
f 3607 3603 3145
f 3603 3649 2761
f 3592 3607 3144
f 2926 3658 3634
f 3634 3592 3104
f 3755 3754 3746
f 566 567 3758
f 3488 3656 1864
f 1602 1586 2079
f 2868 3658 3611
f 2922 3611 3610
f 2923 3610 3618
f 3670 3613 2918
f 3619 3670 3614
f 2921 3618 3670
f 2920 3614 3586
f 3613 3642 2915
f 2917 2766 3622
f 2916 2917 3641
f 2239 3587 3652
f 2911 3640 3652
f 3643 3640 2911
f 2797 2801 3662
f 2797 3591 3598
f 3622 3628 2763
f 3608 3628 2764
f 2194 3623 3648
f 2221 3648 3649
f 2756 3608 3609
f 2750 3598 3609
f 3669 3535 1817
f 3763 3770 1691
f 2515 3621 3590
f 2548 3590 3593
f 2513 2489 3632
f 2513 3616 3621
f 2509 3633 3620
f 2510 3632 3633
f 2289 3620 3639
f 2283 3639 3617
f 2240 3586 3587
f 3659 3657 3624
f 716 2121 3887
f 727 1999 3761
f 2165 2171 2170
f 3660 3659 3626
f 3743 3581 3578
f 2175 2172 769
f 2100 500 2095
f 3758 567 3757
f 640 3560 3568
f 1653 3576 3553
f 1895 3536 3530
f 746 3530 3537
f 1653 1810 3528
f 3762 1603 1604
f 2093 2075 2073
f 959 996 995
f 962 899 919
f 1400 1401 1398
f 1000 817 1127
f 956 959 884
f 1662 3548 3550
f 2034 3558 3546
f 3926 1689 3539
f 3535 3572 766
f 3572 3574 765
f 334 3570 3571
f 1868 3531 3540
f 1684 1651 1652
f 1682 1683 775
f 1585 1603 3762
f 3763 3762 1672
f 2173 2174 490
f 1658 3544 3547
f 3556 3543 1650
f 1571 3754 2010
f 1587 3664 3671
f 2099 2095 2077
f 787 3761 1999
f 2000 3694 786
f 3155 339 3697
f 3713 3155 3683
f 2180 2179 3685
f 3496 2180 3684
f 1684 3846 3840
f 1760 464 3495
f 2607 3689 3693
f 2581 3676 3689
f 2371 2502 3700
f 2371 3695 3693
f 2587 3676 3675
f 2586 3675 3697
f 2497 3691 3687
f 2502 2503 3687
f 2494 3691 3690
f 3690 3688 2472
f 3688 3701 2468
f 3701 3703 2469
f 726 3908 3892
f 581 3567 3518
f 10 3511 3570
f 1837 3514 3510
f 741 3537 3523
f 1299 3524 3558
f 1851 3507 3504
f 3527 3565 1820
f 580 3518 3536
f 1758 1685 3522
f 1693 3557 3508
f 3504 3512 1867
f 1894 1826 3568
f 2126 1418 3813
f 3906 2126 3841
f 2113 3911 3867
f 2179 3713 3789
f 624 3903 3904
f 2192 3604 3788
f 2177 3541 3787
f 1364 3824 3833
f 3858 3855 1470
f 3135 1753 3775
f 2069 3812 3835
f 1351 3861 3853
f 2108 3882 3901
f 2089 2092 3736
f 3828 3834 1358
f 2001 3749 3783
f 2187 3783 3719
f 2130 3756 3752
f 2004 3752 3749
f 2014 3724 3779
f 2201 3779 3756
f 3167 3720 3759
f 3168 3724 3720
f 3159 3709 3764
f 3160 3764 3765
f 3730 3707 3158
f 3158 3707 3709
f 2200 3069 3730
f 3685 3789 3742
f 3722 3774 2197
f 3790 3736 2092
f 3774 3790 3721
f 3154 3706 3790
f 3155 3713 3706
f 2091 3719 3721
f 2196 3148 3750
f 2193 2196 3776
f 3604 2193 3781
f 2086 2192 3780
f 2087 2086 3778
f 2204 3742 3751
f 2205 3751 3750
f 3909 3886 574
f 2124 2087 3777
f 2208 2124 3760
f 3711 3785 3140
f 3785 3745 3138
f 3745 3744 3139
f 3771 3712 3136
f 3712 3711 3137
f 3775 3767 3131
f 3767 3782 3132
f 1813 3839 3838
f 1293 3854 3856
f 2184 2321 3748
f 2181 2184 3732
f 3765 3768 3079
f 3768 3734 3080
f 709 3873 3875
f 2774 2961 3737
f 3786 3769 2134
f 3809 3808 766
f 2968 3784 3766
f 2969 3759 3784
f 2958 3747 3737
f 2132 3747 3766
f 2321 2185 3771
f 3860 3848 1449
f 3905 3874 582
f 3886 3889 577
f 3847 3826 1818
f 705 3902 3887
f 3816 3912 3907
f 2111 3883 3911
f 3810 3829 1366
f 1812 3839 3822
f 675 3851 3852
f 3496 3705 3851
f 2110 3867 3868
f 2104 3896 3901
f 2109 3868 3899
f 3842 3831 703
f 1680 3811 3846
f 1639 1627 3819
f 623 3904 3906
f 2139 2140 3866
f 1808 1640 3844
f 3820 3821 1819
f 3872 3914 3900
f 1646 3832 3830
f 3889 3890 633
f 2139 3865 3875
f 2156 2155 3871
f 674 3852 3913
f 2117 3817 3812
f 1815 3822 3847
f 3855 3849 1444
f 697 3906 3912
f 866 842 3836
f 3864 3869 2136
f 3585 3731 3726
f 3583 3740 3731
f 3753 3746 3738
f 3740 3583 3581
f 1088 3738 3746
f 3739 3740 3743
f 2791 3492 3493
f 3492 2808 2807
f 2792 3493 3494
f 3493 2807 2806
f 3508 2909 3494
f 3516 3494 2806
f 2948 3503 3791
f 2105 3908 3896
f 3538 3802 3804
f 680 3878 3876
f 1891 1890 3910
f 2905 3799 3801
f 2900 3797 3799
f 2901 3797 3807
f 2734 2878 3806
f 2877 3807 3806
f 2820 3800 3794
f 2818 3796 3792
f 2823 3793 3792
f 2822 3793 3798
f 2819 2735 3800
f 2817 3796 3795
f 2809 3805 3795
f 2808 3805 3803
f 2805 3804 3803
f 1702 3921 3923
f 3922 3920 1797
f 3915 3916 1706
f 3918 3927 1692
f 1657 3898 3880
f 1890 1877 3895
f 3772 3770 1674
f 1689 1690 3772
f 3926 3802 3538
f 3516 3539 1689
f 3917 3923 1703
f 1598 3917 3928
f 3880 3884 1876
f 1691 1690 3925
f 3925 3926 1688
f 3934 3933 3937
f 3934 3938 3939
f 3932 3936 3937
f 3938 3942 3943
f 3937 3936 3940
f 3937 3941 3942
f 3942 3946 3947
f 3941 3940 3944
f 3942 3941 3945
f 3947 3946 3950
f 3944 3948 3949
f 3945 3949 3950
f 3950 3954 3955
f 3949 3948 3952
f 3950 3949 3953
f 3955 3954 3958
f 3953 3952 3956
f 3953 3957 3958
f 3959 3958 3962
f 3957 3956 3960
f 3958 3957 3961
f 3962 3966 3967
f 3960 3964 3965
f 3961 3965 3966
f 3966 3970 3971
f 3965 3964 3968
f 3966 3965 3969
f 3970 3974 3975
f 3968 3972 3973
f 3969 3973 3974
f 3974 3978 3979
f 3973 3972 3976
f 3974 3973 3977
f 3979 3978 3982
f 3976 3980 3981
f 3977 3981 3982
f 3982 3986 3987
f 3981 3980 3984
f 3982 3981 3985
f 3987 3986 3990
f 3984 3988 3989
f 3985 3989 3990
f 3991 3990 3994
f 3989 3988 3992
f 3990 3989 3993
f 3995 3994 3998
f 3992 3996 3997
f 3993 3997 3998
f 3998 4002 4003
f 3997 3996 4000
f 3998 3997 4001
f 4002 4006 4007
f 4000 4004 4005
f 4001 4005 4006
f 4006 4010 4011
f 4005 4004 4008
f 4006 4005 4009
f 4011 4010 4014
f 4008 4012 4013
f 4009 4013 4014
f 4014 4018 4019
f 4013 4012 4016
f 4014 4013 4017
f 4019 4018 4022
f 4016 4020 4021
f 4017 4021 4022
f 4023 4022 4026
f 4021 4020 4024
f 4022 4021 4025
f 4027 4026 4030
f 4024 4028 4029
f 4025 4029 4030
f 4031 4030 4034
f 4029 4028 4032
f 4030 4029 4033
f 4034 4038 4039
f 4032 4036 4037
f 4033 4037 4038
f 4038 4042 4043
f 4037 4036 4040
f 4038 4037 4041
f 4043 4042 4046
f 4040 4044 4045
f 4041 4045 4046
f 4046 4050 4051
f 4045 4044 4048
f 4046 4045 4049
f 4051 4050 4055
f 4048 4053 4054
f 4049 4054 4055
f 4056 4055 4059
f 4053 4057 4058
f 4055 4054 4058
f 4060 4059 3934
f 4058 4057 3932
f 4058 3933 3934
f 4069 4068 4081
f 4066 4079 4080
f 4065 4064 4077
f 4063 4062 4075
f 4071 4084 4085
f 4069 4082 4083
f 4067 4080 4081
f 4066 4065 4078
f 4063 4076 4077
f 4061 4074 4075
f 4072 4085 4086
f 4071 4070 4083
f 4076 4089 4090
f 4074 4087 4088
f 4086 4085 4098
f 4083 4096 4097
f 4082 4081 4094
f 4079 4092 4093
f 4078 4077 4090
f 4076 4075 4088
f 4085 4084 4097
f 4082 4095 4096
f 4080 4093 4094
f 4079 4078 4091
f 4089 4102 4103
f 4088 4087 4100
f 4098 4111 4112
f 4096 4109 4110
f 4095 4094 4107
f 4092 4105 4106
f 4090 4103 4104
f 4089 4088 4101
f 4097 4110 4111
f 4095 4108 4109
f 4094 4093 4106
f 4092 4091 4104
f 4103 4102 4115
f 4100 4113 4114
f 4112 4111 4124
f 4110 4109 4122
f 4107 4120 4121
f 4105 4118 4119
f 4103 4116 4117
f 4101 4114 4115
f 4110 4123 4124
f 4109 4108 4121
f 4107 4106 4119
f 4105 4104 4117
f 4115 4128 4129
f 4114 4113 4126
f 4124 4137 4138
f 4123 4122 4135
f 4120 4133 4134
f 4119 4118 4131
f 4117 4116 4129
f 4114 4127 4128
f 4124 4123 4136
f 4122 4121 4134
f 4119 4132 4133
f 4117 4130 4131
f 4129 4128 4141
f 4126 4139 4140
f 4138 4137 4150
f 4136 4135 4148
f 4133 4146 4147
f 4131 4144 4145
f 4130 4129 4142
f 4127 4140 4141
f 4137 4136 4149
f 4135 4134 4147
f 4132 4145 4146
f 4131 4130 4143
f 4142 4141 4154
f 4140 4139 4152
f 4150 4163 4164
f 4149 4148 4161
f 4146 4159 4160
f 4144 4157 4158
f 4142 4155 4156
f 4140 4153 4154
f 4149 4162 4163
f 4148 4147 4160
f 4146 4145 4158
f 4144 4143 4156
f 4155 4154 4167
f 4153 4152 4165
f 4163 4176 4177
f 4161 4174 4175
f 4159 4172 4173
f 4158 4157 4170
f 4155 4168 4169
f 4153 4166 4167
f 4163 4162 4175
f 4161 4160 4173
f 4159 4158 4171
f 4156 4169 4170
f 4167 4180 4181
f 4165 4178 4179
f 4176 4189 4190
f 4175 4174 4187
f 4173 4172 4185
f 4170 4183 4184
f 4169 4168 4181
f 4167 4166 4179
f 4175 4188 4189
f 4173 4186 4187
f 4171 4184 4185
f 4170 4169 4182
f 4180 4193 4194
f 4178 4191 4192
f 4190 4189 4202
f 4187 4200 4201
f 4186 4185 4198
f 4183 4196 4197
f 4182 4181 4194
f 4180 4179 4192
f 4189 4188 4201
f 4186 4199 4200
f 4184 4197 4198
f 4183 4182 4195
f 4193 4206 4207
f 4192 4191 4204
f 4202 4215 4216
f 4200 4213 4214
f 4199 4198 4211
f 4196 4209 4210
f 4194 4207 4208
f 4193 4192 4205
f 4201 4214 4215
f 4199 4212 4213
f 4198 4197 4210
f 4196 4195 4208
f 4207 4206 4219
f 4204 4217 4218
f 4216 4215 4228
f 4213 4226 4227
f 4211 4224 4225
f 4209 4222 4223
f 4207 4220 4221
f 4205 4218 4219
f 4214 4227 4228
f 4213 4212 4225
f 4211 4210 4223
f 4209 4208 4221
f 4219 4232 4233
f 4218 4217 4230
f 4228 4241 4242
f 4226 4239 4240
f 4225 4224 4237
f 4223 4222 4235
f 4221 4220 4233
f 4218 4231 4232
f 4228 4227 4240
f 4226 4225 4238
f 4223 4236 4237
f 4221 4234 4235
f 4233 4232 4245
f 4230 4243 4244
f 4242 4241 4254
f 4240 4239 4252
f 4237 4250 4251
f 4235 4248 4249
f 4234 4233 4246
f 4231 4244 4245
f 4241 4240 4253
f 4239 4238 4251
f 4236 4249 4250
f 4235 4234 4247
f 4246 4245 4258
f 4244 4243 4256
f 4254 4267 4268
f 4253 4252 4265
f 4250 4263 4264
f 4248 4261 4262
f 4246 4259 4260
f 4244 4257 4258
f 4253 4266 4267
f 4252 4251 4264
f 4250 4249 4262
f 4248 4247 4260
f 4259 4258 4271
f 4257 4256 4269
f 4267 4280 4281
f 4265 4278 4279
f 4263 4276 4277
f 4262 4261 4274
f 4259 4272 4273
f 4257 4270 4271
f 4266 4279 4280
f 4265 4264 4277
f 4263 4262 4275
f 4260 4273 4274
f 4271 4284 4285
f 4269 4282 4283
f 4281 4280 4293
f 4279 4278 4291
f 4277 4276 4289
f 4274 4287 4288
f 4273 4272 4285
f 4271 4270 4283
f 4280 4279 4292
f 4277 4290 4291
f 4275 4288 4289
f 4274 4273 4286
f 4284 4297 4298
f 4282 4295 4296
f 4294 4293 4306
f 4291 4304 4305
f 4290 4289 4302
f 4287 4300 4301
f 4286 4285 4298
f 4284 4283 4296
f 4293 4292 4305
f 4290 4303 4304
f 4288 4301 4302
f 4287 4286 4299
f 4297 4310 4311
f 4296 4295 4308
f 4306 4319 4320
f 4304 4317 4318
f 4303 4302 4315
f 4300 4313 4314
f 4298 4311 4312
f 4297 4296 4309
f 4305 4318 4319
f 4304 4303 4316
f 4302 4301 4314
f 4300 4299 4312
f 4310 4323 4324
f 4308 4321 4322
f 4320 4319 4332
f 4318 4317 4330
f 4316 4315 4328
f 4313 4326 4327
f 4311 4324 4325
f 4310 4309 4322
f 4318 4331 4332
f 4316 4329 4330
f 4315 4314 4327
f 4312 4325 4326
f 4323 4336 4337
f 4322 4321 4334
f 4332 4345 4346
f 4330 4343 4344
f 4329 4328 4341
f 4327 4326 4339
f 4325 4324 4337
f 4322 4335 4336
f 4332 4331 4344
f 4330 4329 4342
f 4327 4340 4341
f 4325 4338 4339
f 4337 4336 4350
f 4334 4348 4349
f 4346 4345 4359
f 4344 4343 4357
f 4341 4355 4356
f 4340 4339 4353
f 4338 4337 4351
f 4335 4349 4350
f 4345 4344 4358
f 4343 4342 4356
f 4340 4354 4355
f 4338 4352 4353
f 4351 4350 4363
f 4349 4348 4361
f 4359 4372 4373
f 4358 4357 4370
f 4355 4368 4369
f 4354 4353 4366
f 4351 4364 4365
f 4349 4362 4363
f 4358 4371 4372
f 4357 4356 4369
f 4355 4354 4367
f 4352 4365 4366
f 4364 4363 4376
f 4362 4361 4374
f 4373 4372 4385
f 4370 4383 4384
f 4368 4381 4382
f 4367 4366 4379
f 4364 4377 4378
f 4362 4375 4376
f 4372 4371 4384
f 4370 4369 4382
f 4368 4367 4380
f 4365 4378 4379
f 4376 4389 4390
f 4374 4387 4388
f 4385 4398 4399
f 4384 4383 4396
f 4382 4381 4394
f 4379 4392 4393
f 4378 4377 4390
f 4376 4375 4388
f 4384 4397 4398
f 4382 4395 4396
f 4380 4393 4394
f 4379 4378 4391
f 4389 4402 4403
f 4387 4400 4401
f 4399 4398 4411
f 4396 4409 4410
f 4395 4394 4407
f 4393 4392 4405
f 4391 4390 4403
f 4389 4388 4401
f 4398 4397 4410
f 4395 4408 4409
f 4393 4406 4407
f 4391 4404 4405
f 4402 4415 4416
f 4401 4400 4413
f 4411 4424 4425
f 4409 4422 4423
f 4408 4407 4420
f 4406 4405 4418
f 4403 4416 4417
f 4402 4401 4414
f 4410 4423 4424
f 4408 4421 4422
f 4407 4406 4419
f 4404 4417 4418
f 4416 4415 4428
f 4413 4426 4427
f 4425 4424 4437
f 4423 4422 4435
f 4421 4420 4433
f 4418 4431 4432
f 4416 4429 4430
f 4415 4414 4427
f 4423 4436 4437
f 4421 4434 4435
f 4420 4419 4432
f 4418 4417 4430
f 4428 4441 4442
f 4426 4439 4440
f 4437 4450 4451
f 4435 4448 4449
f 4434 4433 4446
f 4432 4431 4444
f 4430 4429 4442
f 4427 4440 4441
f 4437 4436 4449
f 4435 4434 4447
f 4432 4445 4446
f 4430 4443 4444
f 4442 4441 4454
f 4439 4452 4453
f 4451 4450 4463
f 4449 4448 4461
f 4446 4459 4460
f 4444 4457 4458
f 4443 4442 4455
f 4440 4453 4454
f 4450 4449 4462
f 4447 4460 4461
f 4445 4458 4459
f 4444 4443 4456
f 4455 4454 4467
f 4453 4452 4465
f 4463 4476 4477
f 4462 4461 4474
f 4459 4472 4473
f 4457 4470 4471
f 4455 4468 4469
f 4453 4466 4467
f 4462 4475 4476
f 4461 4460 4473
f 4459 4458 4471
f 4457 4456 4469
f 4468 4467 4063
f 4466 4465 4061
f 4477 4476 4072
f 4474 4070 4071
f 4472 4068 4069
f 4471 4470 4066
f 4468 4064 4065
f 4466 4062 4063
f 4476 4475 4071
f 4474 4473 4069
f 4472 4471 4067
f 4469 4065 4066
f 3935 4061 4465
f 4465 4452 4056
f 4452 4439 4051
f 4439 4426 4047
f 4047 4426 4413
f 4043 4413 4400
f 4039 4400 4387
f 4387 4374 4031
f 4031 4374 4361
f 4361 4348 4023
f 4348 4334 4019
f 4334 4321 4015
f 4015 4321 4308
f 4011 4308 4295
f 4007 4295 4282
f 4282 4269 3999
f 3999 4269 4256
f 4256 4243 3991
f 4243 4230 3987
f 4230 4217 3983
f 3983 4217 4204
f 3979 4204 4191
f 3975 4191 4178
f 4178 4165 3967
f 3967 4165 4152
f 4152 4139 3959
f 4139 4126 3955
f 4126 4113 3951
f 3951 4113 4100
f 3947 4100 4087
f 3943 4087 4074
f 4074 4061 3935
f 4480 4479 4483
f 4480 4484 4485
f 4479 4478 4482
f 4484 4488 4489
f 4482 4486 4487
f 4483 4487 4488
f 4488 4492 4493
f 4487 4486 4490
f 4488 4487 4491
f 4493 4492 4496
f 4490 4494 4495
f 4491 4495 4496
f 4496 4500 4501
f 4495 4494 4498
f 4496 4495 4499
f 4501 4500 4504
f 4498 4502 4503
f 4499 4503 4504
f 4505 4504 4508
f 4503 4502 4506
f 4504 4503 4507
f 4509 4508 4512
f 4506 4510 4511
f 4507 4511 4512
f 4513 4512 4516
f 4511 4510 4514
f 4512 4511 4515
f 4516 4520 4521
f 4514 4518 4519
f 4515 4519 4520
f 4520 4524 4525
f 4518 4522 4523
f 4520 4519 4523
f 4525 4524 4528
f 4522 4526 4527
f 4523 4527 4528
f 4528 4532 4533
f 4527 4526 4530
f 4528 4527 4531
f 4533 4532 4536
f 4530 4534 4535
f 4531 4535 4536
f 4537 4536 4540
f 4534 4538 4539
f 4536 4535 4539
f 4541 4540 4544
f 4539 4538 4542
f 4539 4543 4544
f 4544 4548 4549
f 4542 4546 4547
f 4544 4543 4547
f 4548 4552 4553
f 4547 4546 4550
f 4547 4551 4552
f 4552 4556 4557
f 4551 4550 4554
f 4552 4551 4555
f 4557 4556 4560
f 4554 4558 4559
f 4555 4559 4560
f 4560 4564 4565
f 4559 4558 4562
f 4560 4559 4563
f 4565 4564 4568
f 4562 4566 4567
f 4563 4567 4568
f 4569 4568 4572
f 4567 4566 4570
f 4568 4567 4571
f 4572 4576 4577
f 4570 4574 4575
f 4571 4575 4576
f 4576 4580 4581
f 4575 4574 4578
f 4576 4575 4579
f 4580 4584 4585
f 4578 4582 4583
f 4579 4583 4584
f 4584 4588 4589
f 4583 4582 4586
f 4584 4583 4587
f 4589 4588 4592
f 4586 4590 4591
f 4587 4591 4592
f 4592 4596 4597
f 4591 4590 4594
f 4592 4591 4595
f 4597 4596 4601
f 4594 4599 4600
f 4595 4600 4601
f 4602 4601 4605
f 4600 4599 4603
f 4601 4600 4604
f 4606 4605 4480
f 4603 4478 4479
f 4604 4479 4480
f 4615 4614 4627
f 4612 4625 4626
f 4611 4610 4623
f 4609 4608 4621
f 4618 4617 4630
f 4615 4628 4629
f 4613 4626 4627
f 4612 4611 4624
f 4609 4622 4623
f 4607 4620 4621
f 4619 4618 4631
f 4617 4616 4629
f 4622 4635 4636
f 4620 4633 4634
f 4632 4631 4644
f 4629 4642 4643
f 4628 4627 4640
f 4626 4625 4638
f 4624 4623 4636
f 4622 4621 4634
f 4631 4630 4643
f 4628 4641 4642
f 4626 4639 4640
f 4624 4637 4638
f 4635 4648 4649
f 4634 4633 4646
f 4644 4657 4658
f 4642 4655 4656
f 4641 4640 4653
f 4639 4638 4651
f 4636 4649 4650
f 4635 4634 4647
f 4643 4656 4657
f 4642 4641 4654
f 4640 4639 4652
f 4637 4650 4651
f 4648 4661 4662
f 4646 4659 4660
f 4658 4657 4670
f 4656 4655 4668
f 4653 4666 4667
f 4651 4664 4665
f 4649 4662 4663
f 4648 4647 4660
f 4656 4669 4670
f 4654 4667 4668
f 4653 4652 4665
f 4651 4650 4663
f 4661 4674 4675
f 4660 4659 4672
f 4670 4683 4684
f 4668 4681 4682
f 4667 4666 4679
f 4665 4664 4677
f 4663 4662 4675
f 4661 4660 4673
f 4670 4669 4682
f 4667 4680 4681
f 4665 4678 4679
f 4663 4676 4677
f 4675 4674 4687
f 4672 4685 4686
f 4684 4683 4696
f 4682 4681 4694
f 4679 4692 4693
f 4678 4677 4690
f 4676 4675 4688
f 4673 4686 4687
f 4683 4682 4695
f 4681 4680 4693
f 4678 4691 4692
f 4676 4689 4690
f 4688 4687 4700
f 4686 4685 4698
f 4696 4709 4710
f 4695 4694 4707
f 4692 4705 4706
f 4691 4690 4703
f 4688 4701 4702
f 4686 4699 4700
f 4695 4708 4709
f 4694 4693 4706
f 4692 4691 4704
f 4689 4702 4703
f 4701 4700 4713
f 4699 4698 4711
f 4710 4709 4722
f 4707 4720 4721
f 4705 4718 4719
f 4704 4703 4716
f 4701 4714 4715
f 4699 4712 4713
f 4709 4708 4721
f 4707 4706 4719
f 4705 4704 4717
f 4702 4715 4716
f 4713 4726 4727
f 4711 4724 4725
f 4723 4722 4735
f 4721 4720 4733
f 4719 4718 4731
f 4716 4729 4730
f 4715 4714 4727
f 4713 4712 4725
f 4721 4734 4735
f 4719 4732 4733
f 4717 4730 4731
f 4716 4715 4728
f 4726 4739 4740
f 4724 4737 4738
f 4736 4735 4748
f 4733 4746 4747
f 4732 4731 4744
f 4730 4729 4742
f 4728 4727 4740
f 4726 4725 4738
f 4735 4734 4747
f 4732 4745 4746
f 4730 4743 4744
f 4728 4741 4742
f 4739 4752 4753
f 4738 4737 4750
f 4748 4761 4762
f 4746 4759 4760
f 4745 4744 4757
f 4743 4742 4755
f 4740 4753 4754
f 4739 4738 4751
f 4747 4760 4761
f 4745 4758 4759
f 4744 4743 4756
f 4741 4754 4755
f 4753 4752 4765
f 4750 4763 4764
f 4762 4761 4774
f 4759 4772 4773
f 4758 4757 4770
f 4755 4768 4769
f 4753 4766 4767
f 4752 4751 4764
f 4760 4773 4774
f 4758 4771 4772
f 4757 4756 4769
f 4755 4754 4767
f 4765 4778 4779
f 4764 4763 4776
f 4774 4787 4788
f 4772 4785 4786
f 4771 4770 4783
f 4769 4768 4781
f 4767 4766 4779
f 4765 4764 4777
f 4774 4773 4786
f 4771 4784 4785
f 4769 4782 4783
f 4767 4780 4781
f 4779 4778 4791
f 4776 4789 4790
f 4788 4787 4800
f 4786 4785 4798
f 4783 4796 4797
f 4782 4781 4794
f 4780 4779 4792
f 4777 4790 4791
f 4787 4786 4799
f 4785 4784 4797
f 4782 4795 4796
f 4780 4793 4794
f 4792 4791 4804
f 4790 4789 4802
f 4800 4813 4814
f 4799 4798 4811
f 4796 4809 4810
f 4795 4794 4807
f 4792 4805 4806
f 4790 4803 4804
f 4799 4812 4813
f 4798 4797 4810
f 4796 4795 4808
f 4793 4806 4807
f 4805 4804 4817
f 4803 4802 4815
f 4814 4813 4826
f 4811 4824 4825
f 4809 4822 4823
f 4808 4807 4820
f 4805 4818 4819
f 4803 4816 4817
f 4813 4812 4825
f 4811 4810 4823
f 4809 4808 4821
f 4806 4819 4820
f 4817 4830 4831
f 4815 4828 4829
f 4826 4839 4840
f 4825 4824 4837
f 4823 4822 4835
f 4820 4833 4834
f 4819 4818 4831
f 4817 4816 4829
f 4825 4838 4839
f 4823 4836 4837
f 4821 4834 4835
f 4820 4819 4832
f 4830 4843 4844
f 4828 4841 4842
f 4840 4839 4852
f 4837 4850 4851
f 4836 4835 4848
f 4834 4833 4846
f 4832 4831 4844
f 4830 4829 4842
f 4839 4838 4851
f 4836 4849 4850
f 4834 4847 4848
f 4832 4845 4846
f 4843 4856 4857
f 4842 4841 4854
f 4852 4865 4866
f 4850 4863 4864
f 4849 4848 4861
f 4847 4846 4859
f 4844 4857 4858
f 4843 4842 4855
f 4851 4864 4865
f 4849 4862 4863
f 4848 4847 4860
f 4845 4858 4859
f 4857 4856 4869
f 4855 4854 4867
f 4866 4865 4878
f 4864 4863 4876
f 4862 4861 4874
f 4859 4872 4873
f 4857 4870 4871
f 4856 4855 4868
f 4864 4877 4878
f 4862 4875 4876
f 4861 4860 4873
f 4859 4858 4871
f 4869 4882 4883
f 4868 4867 4880
f 4878 4891 4892
f 4877 4876 4889
f 4874 4887 4888
f 4873 4872 4885
f 4871 4870 4883
f 4868 4881 4882
f 4878 4877 4890
f 4876 4875 4888
f 4873 4886 4887
f 4871 4884 4885
f 4883 4882 4896
f 4880 4894 4895
f 4892 4891 4905
f 4890 4889 4903
f 4887 4901 4902
f 4885 4899 4900
f 4884 4883 4897
f 4881 4895 4896
f 4891 4890 4904
f 4889 4888 4902
f 4886 4900 4901
f 4885 4884 4898
f 4897 4896 4909
f 4895 4894 4907
f 4905 4918 4919
f 4904 4903 4916
f 4901 4914 4915
f 4899 4912 4913
f 4897 4910 4911
f 4895 4908 4909
f 4904 4917 4918
f 4903 4902 4915
f 4901 4900 4913
f 4899 4898 4911
f 4910 4909 4922
f 4908 4907 4920
f 4919 4918 4931
f 4916 4929 4930
f 4914 4927 4928
f 4913 4912 4925
f 4910 4923 4924
f 4908 4921 4922
f 4918 4917 4930
f 4916 4915 4928
f 4914 4913 4926
f 4911 4924 4925
f 4922 4935 4936
f 4920 4933 4934
f 4931 4944 4945
f 4930 4929 4942
f 4928 4927 4940
f 4925 4938 4939
f 4924 4923 4936
f 4922 4921 4934
f 4930 4943 4944
f 4928 4941 4942
f 4926 4939 4940
f 4925 4924 4937
f 4935 4948 4949
f 4933 4946 4947
f 4945 4944 4957
f 4942 4955 4956
f 4941 4940 4953
f 4938 4951 4952
f 4937 4936 4949
f 4935 4934 4947
f 4944 4943 4956
f 4941 4954 4955
f 4939 4952 4953
f 4938 4937 4950
f 4948 4961 4962
f 4947 4946 4959
f 4957 4970 4971
f 4955 4968 4969
f 4954 4953 4966
f 4951 4964 4965
f 4949 4962 4963
f 4948 4947 4960
f 4956 4969 4970
f 4954 4967 4968
f 4953 4952 4965
f 4951 4950 4963
f 4962 4961 4974
f 4959 4972 4973
f 4971 4970 4983
f 4968 4981 4982
f 4966 4979 4980
f 4964 4977 4978
f 4962 4975 4976
f 4960 4973 4974
f 4969 4982 4983
f 4967 4980 4981
f 4966 4965 4978
f 4964 4963 4976
f 4975 4974 4987
f 4973 4972 4985
f 4983 4996 4997
f 4981 4994 4995
f 4979 4992 4993
f 4978 4977 4990
f 4976 4975 4988
f 4973 4986 4987
f 4983 4982 4995
f 4981 4980 4993
f 4978 4991 4992
f 4976 4989 4990
f 4988 4987 5000
f 4985 4998 4999
f 4997 4996 5009
f 4995 4994 5007
f 4992 5005 5006
f 4991 4990 5003
f 4989 4988 5001
f 4986 4999 5000
f 4996 4995 5008
f 4994 4993 5006
f 4991 5004 5005
f 4989 5002 5003
f 5001 5000 5013
f 4999 4998 5011
f 5009 5022 5023
f 5008 5007 5020
f 5005 5018 5019
f 5004 5003 5016
f 5001 5014 5015
f 4999 5012 5013
f 5008 5021 5022
f 5007 5006 5019
f 5005 5004 5017
f 5002 5015 5016
f 5014 5013 4609
f 5012 5011 4607
f 5022 4618 4619
f 5020 4616 4617
f 5018 4614 4615
f 5017 5016 4612
f 5014 4610 4611
f 5012 4608 4609
f 5021 4617 4618
f 5020 5019 4615
f 5018 5017 4613
f 5015 4611 4612
f 4481 4607 5011
f 5011 4998 4602
f 4998 4985 4597
f 4985 4972 4593
f 4593 4972 4959
f 4589 4959 4946
f 4585 4946 4933
f 4933 4920 4577
f 4577 4920 4907
f 4907 4894 4569
f 4894 4880 4565
f 4880 4867 4561
f 4561 4867 4854
f 4557 4854 4841
f 4553 4841 4828
f 4828 4815 4545
f 4545 4815 4802
f 4802 4789 4537
f 4789 4776 4533
f 4776 4763 4529
f 4529 4763 4750
f 4525 4750 4737
f 4521 4737 4724
f 4724 4711 4513
f 4513 4711 4698
f 4698 4685 4505
f 4685 4672 4501
f 4672 4659 4497
f 4497 4659 4646
f 4493 4646 4633
f 4489 4633 4620
f 4620 4607 4481
