v 0.063450 -0.008475 -0.050386
v 0.066998 -0.009190 -0.048928
v 0.067547 -0.007684 -0.048848
v 0.064137 -0.007446 -0.050293
v 0.074285 -0.010194 -0.058356
v 0.075188 -0.005827 -0.054688
v 0.074687 -0.003269 -0.054321
v 0.074396 -0.003880 -0.057164
v 0.026327 -0.051809 -0.108283
v 0.011585 -0.052486 -0.112110
v 0.011549 -0.062695 -0.108640
v 0.025238 -0.063791 -0.104355
v 0.045020 -0.084481 -0.085419
v 0.039561 -0.077375 -0.090111
v 0.037335 -0.088748 -0.095019
v 0.046627 -0.091910 -0.085478
v 0.039332 0.066210 0.025903
v 0.046538 0.063698 0.020338
v 0.045417 0.058688 0.025034
v -0.063537 -0.009055 -0.052943
v -0.067119 -0.009767 -0.051459
v -0.067703 -0.008313 -0.051442
v -0.064066 -0.008002 -0.052939
v -0.074123 -0.010647 -0.061496
v -0.075311 -0.006334 -0.057743
v -0.074778 -0.003815 -0.057345
v -0.074338 -0.004375 -0.060270
v 0.038343 0.060152 0.029370
v 0.090712 0.009937 -0.071198
v 0.090834 0.007255 -0.071908
v 0.091480 0.005824 -0.069853
v 0.091163 0.008177 -0.068842
v 0.087000 -0.006969 -0.067624
v 0.087315 -0.000221 -0.069879
v 0.088532 0.002100 -0.070827
v 0.088707 0.000085 -0.069733
v 0.086662 -0.016475 -0.063008
v 0.085330 -0.015749 -0.062965
v 0.086752 -0.011693 -0.065390
v 0.088381 -0.012211 -0.065785
v 0.073050 -0.031821 -0.036228
v 0.075730 -0.029417 -0.039209
v 0.075852 -0.032848 -0.040022
v 0.071379 -0.034055 -0.038018
v 0.068266 -0.032430 -0.039544
v 0.072613 -0.033964 -0.043916
v 0.072196 -0.030706 -0.045731
v 0.068593 -0.029927 -0.042411
v 0.086162 0.021309 -0.060601
v 0.086624 0.017850 -0.059038
v 0.085491 0.017159 -0.056780
v 0.084791 0.020600 -0.058041
v 0.071099 -0.010549 -0.064660
v 0.069399 -0.016562 -0.061985
v 0.075545 -0.012508 -0.065127
v 0.076104 -0.009845 -0.065719
v 0.085809 0.010679 -0.064095
v 0.085813 0.010704 -0.067178
v 0.086184 0.008480 -0.068068
v 0.085657 0.007696 -0.065635
v 0.087664 0.011300 -0.072474
v 0.087802 0.008265 -0.073237
v 0.071557 -0.022153 -0.037305
v 0.070760 -0.018592 -0.037190
v 0.071211 -0.017376 -0.038751
v 0.071367 -0.018758 -0.040140
v 0.073808 -0.009540 -0.055129
v 0.075251 -0.004555 -0.053484
v 0.083386 -0.026132 -0.056415
v 0.083022 -0.023933 -0.055842
v 0.085263 -0.020505 -0.059594
v 0.085467 -0.022240 -0.060753
v 0.079734 -0.021261 -0.054462
v 0.082082 -0.019082 -0.058129
v 0.083061 -0.018717 -0.059939
v 0.082186 -0.020497 -0.057579
v 0.087105 0.012847 -0.065873
v 0.085895 0.016063 -0.061593
v 0.087304 0.015258 -0.060189
v 0.088887 0.012360 -0.063794
v 0.078249 0.001506 -0.067159
v 0.076835 0.006706 -0.066101
v 0.075693 0.006090 -0.066035
v 0.076769 0.001566 -0.067056
v 0.087531 0.009305 -0.069730
v 0.087940 0.006920 -0.070551
v 0.086595 0.005942 -0.069047
v 0.077656 0.010270 -0.052808
v 0.079282 0.010950 -0.054925
v 0.079391 0.009219 -0.055507
v 0.079070 0.008217 -0.054544
v 0.075510 -0.034397 -0.043293
v 0.068276 -0.023702 -0.054050
v 0.069974 -0.023693 -0.055743
v 0.072688 -0.020216 -0.059251
v 0.070980 -0.019074 -0.059881
v 0.068440 -0.029305 -0.034602
v 0.071698 -0.029148 -0.034921
v 0.072248 -0.030549 -0.035655
v 0.069113 -0.031828 -0.035722
v 0.080201 0.014125 -0.055779
v 0.082226 0.013025 -0.057318
v 0.080512 0.012360 -0.056714
v 0.079262 0.013112 -0.055471
v 0.086148 -0.001654 -0.068070
v 0.085836 0.004920 -0.066904
v 0.085252 -0.009555 -0.061820
v 0.085365 -0.009762 -0.064573
v 0.084878 -0.013451 -0.062347
v -0.028939 -0.051953 -0.108387
v -0.014261 -0.052563 -0.112107
v -0.014127 -0.062816 -0.108664
v -0.027720 -0.064004 -0.104474
v 0.084218 -0.013104 -0.059951
v 0.085534 -0.001808 -0.062964
v 0.085674 -0.002339 -0.066141
v 0.089259 0.005369 -0.068435
v 0.089298 -0.000446 -0.068420
v 0.088707 0.005852 -0.069422
v 0.074894 0.010113 -0.064469
v 0.075344 0.012382 -0.069224
v 0.073880 0.006122 -0.069939
v 0.074803 0.007481 -0.065728
v 0.071935 -0.013486 -0.039639
v 0.073042 -0.011580 -0.041362
v 0.071384 -0.013997 -0.042788
v 0.070416 -0.016434 -0.041795
v 0.073541 -0.022175 -0.057678
v 0.070879 -0.024658 -0.054795
v 0.071526 -0.025259 -0.054007
v 0.074162 -0.023565 -0.055999
v 0.084252 0.013288 -0.059237
v 0.084438 0.008989 -0.059752
v 0.082959 0.009234 -0.058516
v 0.075740 -0.018931 -0.047554
v 0.076015 -0.018109 -0.049813
v 0.077434 -0.021024 -0.050420
v 0.077274 -0.022641 -0.048131
v 0.079752 -0.031476 -0.049453
v 0.076987 -0.031799 -0.050289
v 0.074802 -0.033124 -0.046571
v 0.077708 -0.033261 -0.046180
v 0.071142 -0.017472 -0.041029
v 0.071335 -0.016006 -0.039208
v 0.080377 0.001381 -0.068808
v 0.079348 0.007637 -0.067306
v 0.085450 0.006721 -0.063418
v 0.085620 0.004230 -0.064605
v 0.074431 -0.002032 -0.046748
v 0.072781 -0.001966 -0.048537
v 0.073089 -0.002756 -0.048315
v 0.075146 -0.003407 -0.046273
v 0.074424 -0.002115 -0.045240
v 0.074925 -0.003633 -0.044818
v 0.074222 -0.003511 -0.044035
v 0.073874 -0.002667 -0.044025
v 0.072073 -0.001888 -0.049043
v 0.072474 -0.002090 -0.048742
v 0.072642 -0.001606 -0.048870
v 0.076347 -0.001644 -0.059926
v 0.075736 -0.009047 -0.060575
v 0.075209 -0.010363 -0.060332
v 0.076924 -0.004300 -0.058951
v 0.085916 -0.009066 -0.066226
v 0.082444 0.018084 -0.053468
v 0.081536 0.020837 -0.053999
v 0.083849 0.022642 -0.058286
v 0.070400 -0.016925 -0.052300
v 0.073775 -0.016313 -0.050042
v 0.073318 -0.016118 -0.048379
v 0.070905 -0.016736 -0.050526
v 0.072353 -0.010573 -0.046255
v 0.069999 -0.013542 -0.045599
v 0.073481 -0.011709 -0.043903
v 0.074567 0.003487 -0.046063
v 0.073974 -0.000686 -0.047910
v 0.073995 -0.001251 -0.046530
v 0.073988 -0.000679 -0.045337
v 0.086809 -0.017466 -0.064248
v 0.088064 -0.012734 -0.067314
v 0.086395 -0.013092 -0.068753
v 0.085247 -0.018226 -0.065639
v 0.069857 -0.025287 -0.034370
v 0.065007 -0.027788 -0.037429
v 0.068752 -0.022059 -0.035009
v 0.089262 0.017097 -0.067728
v 0.087223 0.018817 -0.068416
v 0.087454 0.016504 -0.070152
v 0.089941 0.014890 -0.069278
v 0.074400 0.002972 -0.053645
v 0.073999 0.001072 -0.053129
v 0.074508 0.002409 -0.051996
v 0.074339 0.004577 -0.052458
v 0.050318 -0.037111 -0.092160
v 0.058415 -0.034494 -0.073356
v 0.062381 -0.022861 -0.083339
v 0.055293 -0.025703 -0.099010
v 0.080278 -0.028141 -0.049294
v 0.079615 -0.029797 -0.046378
v 0.076401 0.011072 -0.046381
v 0.075704 0.012869 -0.045988
v 0.076451 0.017872 -0.048923
v 0.077471 0.014811 -0.048191
v 0.088464 0.000651 -0.073422
v 0.090931 0.000142 -0.072062
v 0.079673 0.014610 -0.054319
v 0.081776 0.016586 -0.057573
v 0.080443 0.014747 -0.056139
v 0.079164 0.013824 -0.054427
v 0.079353 0.007167 -0.049896
v 0.080014 0.008416 -0.050134
v 0.078195 0.009276 -0.050506
v 0.077205 0.007972 -0.050448
v 0.075084 0.017891 -0.046295
v 0.076243 0.022138 -0.050786
v 0.066216 -0.023869 -0.053775
v 0.078583 0.009583 -0.047715
v 0.079299 0.012038 -0.048608
v 0.080603 0.010129 -0.050369
v -0.047136 -0.084989 -0.085670
v -0.041732 -0.077850 -0.090293
v -0.039585 -0.089143 -0.095210
v -0.048676 -0.092418 -0.085792
v 0.069811 -0.017354 -0.035483
v 0.070935 -0.016130 -0.037614
v 0.078783 0.013546 -0.054141
v 0.078103 0.012445 -0.053799
v 0.076825 0.008954 -0.051500
v 0.077602 0.007497 -0.053390
v 0.081294 -0.000326 -0.059205
v 0.081847 -0.008568 -0.059220
v 0.065518 -0.020317 -0.069254
v 0.062107 -0.030173 -0.053500
v 0.077059 0.009668 -0.050872
v 0.077250 0.010177 -0.051150
v 0.076690 0.009445 -0.050784
v 0.076181 0.008533 -0.051003
v 0.078451 -0.031203 -0.043614
v 0.081408 0.006054 -0.058244
v 0.078664 0.004558 -0.055919
v 0.080251 0.006428 -0.056288
v 0.088781 -0.007886 -0.066671
v 0.090386 -0.000683 -0.068196
v 0.091742 -0.000775 -0.069604
v 0.090048 -0.008255 -0.067777
v 0.066446 -0.030825 -0.038455
v 0.073830 0.000068 -0.054291
v 0.074845 -0.001096 -0.053367
v 0.076127 0.005914 -0.053424
v 0.075540 0.007577 -0.051199
v 0.071143 -0.013025 -0.037690
v 0.086652 0.013278 -0.067682
v 0.087232 0.011471 -0.068709
v 0.085735 0.012409 -0.066263
v 0.085601 0.013767 -0.065008
v 0.085111 0.016326 -0.063897
v 0.084482 0.017105 -0.063588
v 0.086142 0.015091 -0.066335
v 0.078369 0.006349 -0.054397
v 0.079589 0.007135 -0.055333
v 0.075867 -0.019779 -0.045685
v 0.076870 -0.025245 -0.044620
v 0.083623 -0.016478 -0.059721
v 0.082499 -0.015400 -0.057496
v 0.083865 -0.007654 -0.070467
v 0.083878 0.000895 -0.072011
v 0.082131 0.001115 -0.070163
v 0.082578 -0.007169 -0.069274
v 0.076290 -0.004398 -0.066719
v 0.072703 -0.003449 -0.066878
v 0.073556 -0.001746 -0.043699
v 0.073001 0.002298 -0.042541
v 0.074861 0.005278 -0.052578
v 0.075047 0.007236 -0.051529
v 0.077402 -0.020357 -0.060668
v 0.073871 -0.025671 -0.051994
v 0.077752 -0.022076 -0.058403
v 0.069746 -0.025699 -0.049992
v 0.069550 -0.026237 -0.047533
v 0.072105 -0.026709 -0.048997
v 0.079515 -0.019219 -0.054060
v 0.081588 -0.018416 -0.056688
v 0.072662 -0.002473 -0.049510
v 0.071587 -0.004515 -0.050775
v 0.070821 -0.002559 -0.049276
v 0.084249 -0.001260 -0.060892
v 0.084440 -0.008985 -0.060106
v 0.079648 0.010452 -0.051210
v 0.076681 0.001355 -0.048987
v 0.077443 0.005019 -0.047774
v 0.082494 0.013249 -0.052032
v 0.081300 0.011804 -0.052086
v 0.080603 0.011013 -0.051616
v 0.081430 0.011673 -0.050902
v 0.066098 -0.011491 -0.049527
v 0.068242 -0.012816 -0.047380
v 0.069941 -0.009774 -0.047321
v 0.084116 0.016812 -0.060960
v 0.084716 0.014877 -0.061590
v 0.081187 0.007858 -0.068760
v 0.079881 0.011014 -0.055815
v 0.079884 0.009444 -0.056628
v 0.078531 0.021315 -0.065660
v 0.078917 0.019515 -0.061463
v 0.078716 0.020016 -0.060141
v 0.078545 0.024512 -0.061558
v 0.068936 -0.028449 -0.043912
v 0.071606 -0.028675 -0.046410
v 0.071265 -0.027454 -0.047171
v 0.069375 -0.027159 -0.045521
v 0.072777 -0.016105 -0.047697
v 0.070905 -0.016727 -0.049488
v 0.084331 -0.015615 -0.062753
v 0.083870 -0.016312 -0.061570
v 0.085132 -0.012815 -0.064240
v 0.085246 -0.011565 -0.065436
v 0.075315 0.003013 -0.056985
v 0.074900 0.002235 -0.055629
v 0.077374 0.014489 -0.061715
v 0.079740 0.015980 -0.063204
v 0.079817 0.018597 -0.060597
v 0.077988 0.017129 -0.060433
v 0.082953 0.008153 -0.070759
v 0.079855 0.007974 -0.056394
v 0.080198 0.007962 -0.057282
v 0.079709 0.008490 -0.055881
v 0.076349 0.007045 -0.050568
v 0.078499 0.005883 -0.050377
v 0.082283 0.013294 -0.053388
v 0.084847 0.015859 -0.056542
v 0.084041 0.016197 -0.057847
v 0.081794 0.014124 -0.053736
v 0.077988 0.011613 -0.051975
v 0.012911 -0.043369 -0.118872
v 0.014697 -0.036236 -0.127074
v -0.038305 0.065823 0.025044
v -0.045770 0.063323 0.019774
v -0.044453 0.058184 0.024270
v -0.037301 0.059777 0.028126
v 0.080238 0.020723 -0.053645
v 0.080313 0.021394 -0.057254
v 0.081355 0.022161 -0.057846
v 0.080817 0.021345 -0.054278
v 0.085608 0.012747 -0.064376
v 0.088145 0.008470 -0.068847
v 0.075930 -0.002793 -0.051892
v 0.073364 -0.005619 -0.052080
v 0.063887 -0.005990 -0.051092
v 0.064221 -0.004824 -0.051052
v 0.064878 -0.005370 -0.052000
v 0.064801 -0.006324 -0.052273
v 0.067930 -0.011583 -0.052081
v 0.070040 -0.012222 -0.051196
v 0.069106 -0.013346 -0.049431
v 0.067320 -0.012706 -0.051211
v 0.063395 -0.008675 -0.051064
v 0.063653 -0.007200 -0.051060
v 0.064409 -0.007957 -0.052425
v 0.064022 -0.009577 -0.052806
v 0.083456 0.017718 -0.059454
v 0.084965 0.017028 -0.061569
v 0.090054 0.007397 -0.067396
v 0.090305 0.005178 -0.068185
v 0.087660 0.012679 -0.066827
v 0.088021 0.010674 -0.067787
v 0.073231 -0.008919 -0.041609
v 0.074254 -0.009059 -0.043193
v 0.073937 -0.010626 -0.042933
v 0.091156 0.009931 -0.067626
v 0.090424 0.012356 -0.070148
v 0.072175 -0.025392 -0.036073
v 0.071189 -0.026764 -0.034669
v 0.044926 -0.096708 -0.017248
v 0.054398 -0.092736 -0.030141
v 0.053872 -0.103204 -0.030595
v 0.044670 -0.107440 -0.018300
v 0.081359 0.016550 -0.051666
v 0.079777 0.019271 -0.052410
v 0.063351 -0.010676 -0.051029
v 0.063333 -0.010839 -0.051092
v 0.065939 -0.012499 -0.050505
v 0.068022 -0.006278 -0.049070
v 0.064434 -0.006110 -0.050315
v 0.068663 -0.010143 -0.052151
v 0.068246 -0.004808 -0.051530
v 0.067928 -0.003392 -0.050595
v 0.068682 -0.015507 -0.046327
v 0.069555 -0.016835 -0.047943
v 0.071130 -0.016697 -0.044894
v 0.064382 -0.011657 -0.052536
v 0.076146 0.004842 -0.055467
v 0.071366 -0.009783 -0.051924
v 0.072339 -0.012203 -0.053594
v 0.071580 -0.013671 -0.052536
v 0.070692 -0.011432 -0.051676
v 0.078160 -0.021678 -0.051748
v 0.078037 -0.019951 -0.052179
v 0.070563 -0.016565 -0.054514
v 0.073723 -0.016705 -0.052828
v 0.076062 -0.000109 -0.052424
v 0.077571 0.003169 -0.050751
v 0.073376 -0.002511 -0.050041
v 0.071455 -0.007541 -0.051421
v 0.073038 -0.010180 -0.053312
v 0.068144 -0.005215 -0.049405
v 0.071312 -0.004607 -0.048141
v 0.071071 -0.003654 -0.048612
v 0.068119 -0.004345 -0.049800
v 0.081534 0.009345 -0.057867
v 0.078521 0.017640 -0.050303
v 0.080519 0.014364 -0.049981
v 0.078744 0.023418 -0.078145
v 0.076203 0.014595 -0.081156
v 0.077609 0.017590 -0.068613
v 0.069463 -0.008548 -0.052181
v 0.064502 -0.004347 -0.051203
v 0.065026 -0.004824 -0.050792
v 0.084089 -0.019342 -0.059794
v 0.071579 -0.017399 -0.044370
v 0.075311 0.005099 -0.050653
v 0.083098 -0.012376 -0.068461
v 0.082157 -0.017281 -0.065561
v 0.074992 0.006442 -0.051148
v 0.075205 0.007448 -0.051335
v 0.070374 -0.016989 -0.048887
v 0.072308 -0.016475 -0.046404
v 0.075549 0.007763 -0.051140
v 0.074436 -0.009753 -0.044499
v 0.085525 0.008327 -0.062434
v 0.075440 -0.029129 -0.051264
v 0.073573 -0.029969 -0.048111
v 0.064876 -0.005136 -0.050357
v 0.067916 -0.013015 -0.048801
v 0.068558 -0.006507 -0.051624
v 0.073429 -0.006397 -0.046967
v 0.073026 -0.008476 -0.046349
v 0.074622 -0.007486 -0.044703
v 0.074648 -0.016446 -0.054578
v 0.071250 -0.014897 -0.056836
v 0.072397 -0.014493 -0.058963
v 0.076533 -0.015641 -0.056029
v 0.080906 -0.021762 -0.062287
v 0.079182 -0.025509 -0.058263
v 0.081477 -0.027517 -0.057994
v 0.083851 -0.023335 -0.062075
v 0.079559 0.037387 -0.090215
v 0.079511 0.030262 -0.072586
v 0.080297 0.045876 -0.080301
v 0.082509 0.016482 -0.067968
v 0.082317 0.014013 -0.068956
v 0.087598 0.014040 -0.071416
v 0.078081 0.023580 -0.055946
v 0.078478 0.020321 -0.058685
v 0.080215 0.020608 -0.056902
v 0.087411 -0.008284 -0.071002
v 0.075644 0.007442 -0.045611
v 0.077768 0.007221 -0.047402
v 0.076303 -0.019267 -0.061830
v 0.077888 -0.016969 -0.053272
v 0.080308 -0.016542 -0.055071
v 0.088018 0.017466 -0.061336
v 0.085971 0.015900 -0.058446
v 0.010299 -0.104555 0.014911
v 0.010132 -0.113688 0.009277
v 0.007450 0.013308 0.056053
v 0.008392 0.012895 0.054905
v 0.007022 0.014168 0.053512
v 0.006704 0.014289 0.054090
v 0.007951 0.004929 0.057485
v 0.007296 0.006072 0.056521
v 0.008510 0.005884 0.055629
v 0.009516 0.005023 0.056691
v 0.005796 0.014335 0.053736
v 0.004779 0.013082 0.056644
v 0.005772 0.013358 0.057205
v 0.006148 0.014338 0.053994
v 0.088264 0.020335 -0.062788
v 0.011832 0.005571 0.057197
v 0.010617 0.007107 0.056232
v 0.010925 0.007938 0.057684
v 0.013096 0.007000 0.058575
v 0.004373 0.008532 0.064425
v 0.005483 0.010473 0.063946
v 0.004501 0.008940 0.062171
v 0.004404 0.007019 0.062240
v 0.007494 0.010720 0.063133
v 0.009405 0.011145 0.064950
v 0.011096 0.010603 0.063191
v 0.008997 0.009954 0.061701
v 0.004821 0.009511 0.057636
v 0.005704 0.007813 0.059178
v 0.004133 0.010836 0.060329
v 0.010451 0.009619 0.055858
v 0.010191 0.008504 0.055038
v 0.008466 0.011691 0.054120
v 0.008705 0.011985 0.053940
v 0.047431 -0.078864 -0.015794
v 0.055378 -0.078627 -0.030698
v 0.034571 0.023592 0.033454
v 0.033743 0.021056 0.035058
v 0.029580 0.022289 0.035514
v 0.030508 0.024503 0.034122
v 0.074959 -0.005352 -0.044225
v 0.074170 -0.004429 -0.043422
v 0.082307 0.011220 -0.069830
v 0.086491 0.013942 -0.066613
v 0.082840 0.018362 -0.066474
v 0.082336 0.020798 -0.062254
v 0.080886 0.019669 -0.061338
v 0.080993 0.017207 -0.064745
v 0.089847 0.014056 -0.065290
v 0.072629 -0.018795 -0.043928
v 0.083042 0.004912 -0.059932
v 0.081835 0.021736 -0.059957
v 0.084972 0.022798 -0.060611
v 0.087082 -0.007388 -0.066683
v 0.090425 0.012399 -0.066715
v 0.089245 0.011042 -0.065243
v 0.083503 0.015002 -0.053216
v 0.074744 -0.012187 -0.060547
v 0.080484 -0.011853 -0.058404
v 0.078662 -0.014332 -0.057201
v -0.090443 0.009382 -0.074051
v -0.090648 0.006694 -0.074772
v -0.091138 0.005284 -0.072600
v -0.090849 0.007614 -0.071672
v -0.086680 -0.007515 -0.070406
v -0.087015 -0.000885 -0.072769
v -0.088116 0.001476 -0.073789
v -0.088538 -0.000557 -0.072631
v 0.073971 -0.014039 -0.059939
v 0.074506 0.001186 -0.055113
v 0.070955 -0.011997 -0.035764
v 0.078264 -0.025492 -0.048081
v -0.086717 -0.016911 -0.065387
v -0.085446 -0.016327 -0.065493
v -0.086696 -0.012163 -0.067885
v -0.088410 -0.012639 -0.068122
v 0.079081 -0.024819 -0.050666
v 0.029105 -0.041605 -0.113620
v 0.032697 -0.033696 -0.121057
v 0.089466 -0.008393 -0.069622
v 0.084003 0.017593 -0.060869
v 0.074532 -0.019449 -0.044947
v 0.074907 -0.024128 -0.041736
v 0.073364 -0.023146 -0.040321
v 0.080046 0.008483 -0.057124
v 0.075487 -0.017840 -0.062026
v 0.075255 -0.015860 -0.063682
v 0.065059 -0.004705 -0.051841
v 0.078267 -0.023635 -0.058152
v 0.074831 -0.027251 -0.051555
v 0.058162 -0.077008 -0.045131
v 0.055075 -0.075420 -0.061609
v -0.073817 -0.031672 -0.037995
v -0.076241 -0.029381 -0.041064
v -0.076406 -0.032569 -0.041856
v -0.072059 -0.033665 -0.039993
v 0.056101 -0.086729 -0.059990
v 0.058292 -0.089586 -0.044568
v 0.071717 0.001186 -0.039306
v 0.072245 -0.005969 -0.040078
v 0.071841 -0.006883 -0.038282
v 0.023909 -0.094980 0.008531
v 0.021190 -0.109266 0.003699
v 0.070348 -0.010697 -0.032408
v 0.069724 -0.008895 -0.020919
v 0.071178 0.006418 -0.024446
v 0.070604 -0.000877 -0.033617
v 0.059814 0.044078 0.005209
v 0.061679 0.044045 0.000390
v 0.062229 0.034589 0.002622
v 0.060102 0.036508 0.006221
v 0.020297 0.102584 0.010105
v 0.010266 0.104047 0.012153
v 0.010084 0.109702 0.004869
v 0.020351 0.107935 0.002613
v 0.034597 -0.026393 -0.126486
v 0.036486 -0.017015 -0.132848
v 0.016835 -0.021144 -0.139257
v 0.015697 -0.029609 -0.132562
v 0.020468 0.120448 -0.022866
v 0.010007 0.122505 -0.020535
v 0.010133 0.125562 -0.031422
v -0.069092 -0.032508 -0.041277
v -0.072859 -0.033798 -0.045840
v -0.072402 -0.030816 -0.047670
v -0.069377 -0.030264 -0.044123
v 0.020772 0.123338 -0.033380
v 0.053237 0.019252 0.024508
v 0.055380 0.013524 0.025995
v 0.051611 0.013865 0.029730
v 0.049916 0.019491 0.027548
v 0.074847 -0.028031 -0.038301
v 0.073744 -0.026748 -0.037350
v -0.085845 0.020632 -0.062997
v -0.086228 0.017171 -0.061597
v -0.085003 0.016482 -0.059390
v -0.084381 0.019952 -0.060387
v -0.072914 -0.011598 -0.066703
v -0.071336 -0.017760 -0.063836
v -0.077207 -0.013577 -0.067240
v -0.077547 -0.010803 -0.068092
v 0.010317 0.127580 -0.043858
v 0.021210 0.125284 -0.045386
v 0.011882 0.032232 0.038372
v -0.084413 0.010032 -0.067415
v -0.084862 0.010029 -0.070368
v -0.085436 0.007820 -0.071138
v -0.084697 0.007021 -0.068690
v -0.087443 0.010687 -0.075295
v -0.087623 0.007667 -0.076157
v -0.072525 -0.022699 -0.038788
v -0.071553 -0.019216 -0.038720
v -0.071872 -0.017942 -0.040482
v -0.072340 -0.019215 -0.041783
v -0.073661 -0.010017 -0.058199
v -0.075247 -0.005085 -0.056505
v -0.083191 -0.026112 -0.058623
v -0.083145 -0.024127 -0.058054
v -0.085321 -0.020801 -0.061871
v -0.085306 -0.022422 -0.063046
v 0.012207 0.033520 0.035295
v 0.015905 0.029785 0.034978
v 0.015545 0.028260 0.037575
v 0.008227 0.079936 0.029361
v 0.009089 0.087019 0.025040
v 0.018076 0.086710 0.023676
v 0.016706 0.079834 0.028431
v 0.020659 0.027069 0.034590
v 0.019765 0.025490 0.036485
v 0.010019 0.114627 -0.002991
v 0.020424 0.112772 -0.005444
v 0.020649 0.121628 -0.095898
v -0.080086 -0.021689 -0.056780
v -0.082377 -0.019552 -0.060547
v -0.083279 -0.019225 -0.062398
v -0.082482 -0.020987 -0.059998
v 0.021112 0.123464 -0.087613
v 0.009941 0.125962 -0.088532
v -0.086257 0.012243 -0.068939
v -0.085034 0.015436 -0.064654
v -0.086544 0.014624 -0.063097
v -0.088094 0.011777 -0.066775
v 0.011014 0.122695 -0.100698
v 0.067854 -0.006776 -0.094041
v 0.070763 -0.005589 -0.078139
v 0.073829 0.005816 -0.082012
v 0.072130 0.008426 -0.099895
v 0.034354 -0.088929 -0.001901
v 0.032632 -0.103163 -0.006047
v -0.079029 0.000695 -0.069582
v -0.077404 0.005942 -0.068335
v -0.076727 0.005309 -0.068133
v -0.077990 0.000746 -0.069459
v -0.086923 0.008669 -0.072778
v -0.087422 0.006291 -0.073558
v -0.085943 0.005293 -0.072044
v -0.077143 0.009465 -0.055928
v -0.078933 0.010041 -0.058076
v -0.078802 0.008424 -0.058689
v -0.078637 0.007373 -0.057698
v -0.075820 -0.034070 -0.045281
v -0.069928 -0.024838 -0.055794
v -0.071434 -0.024745 -0.057603
v -0.074116 -0.021282 -0.061234
v -0.072707 -0.020252 -0.061755
v 0.053437 0.067123 0.007531
v 0.055182 0.071304 0.002365
v 0.058639 0.063831 -0.000123
v 0.056548 0.060647 0.005369
v 0.006723 0.068207 0.035214
v 0.014253 0.068149 0.034986
v 0.012390 0.062181 0.036377
v 0.005992 0.062159 0.036866
v -0.069335 -0.029631 -0.036045
v -0.072539 -0.029358 -0.036440
v -0.073058 -0.030593 -0.037344
v -0.069966 -0.031758 -0.037526
v 0.060089 0.029191 0.008511
v 0.062560 0.025845 0.006304
v 0.061721 0.018874 0.012823
v 0.058812 0.023016 0.013977
v 0.055710 0.019772 0.021050
v -0.079617 0.013245 -0.059008
v -0.081327 0.012251 -0.060690
v -0.079761 0.011573 -0.060003
v -0.078780 0.012233 -0.058663
v 0.058161 0.014239 0.022110
v -0.085862 -0.002300 -0.070836
v -0.085085 0.004288 -0.069843
v 0.019443 0.094901 0.018001
v 0.009753 0.095726 0.019490
v 0.060768 0.054374 -0.001103
v 0.058633 0.052593 0.004560
v 0.009260 0.035992 0.039958
v 0.009920 0.036729 0.036251
v 0.007767 0.041694 0.037641
v -0.085269 -0.010049 -0.064282
v -0.085143 -0.010294 -0.067147
v -0.084844 -0.013928 -0.064825
v -0.084371 -0.013510 -0.062291
v 0.004355 0.042593 0.043322
v 0.004477 0.046224 0.040983
v 0.007483 0.045414 0.037588
v 0.034172 0.078036 0.021514
v 0.035781 0.084136 0.016524
v 0.043243 0.081690 0.011382
v 0.041699 0.076031 0.016444
v 0.020425 0.116849 -0.013736
v -0.085315 -0.002409 -0.065560
v -0.085368 -0.002971 -0.068805
v 0.009969 0.118792 -0.011286
v 0.005063 0.054786 0.038215
v 0.009408 0.054584 0.036268
v 0.008389 0.050996 0.036317
v -0.088896 0.004804 -0.071356
v -0.089201 -0.001021 -0.071207
v -0.088294 0.005267 -0.072382
v -0.075687 0.009342 -0.066082
v -0.076111 0.011668 -0.070452
v -0.075397 0.005443 -0.071410
v -0.075928 0.006750 -0.067416
v 0.004957 0.051659 0.038870
v 0.024592 0.023626 0.035961
v 0.025453 0.025549 0.034505
v 0.065367 -0.028193 -0.044072
v 0.067082 -0.029227 -0.042249
v 0.073564 0.019341 -0.040289
v 0.071677 0.009312 -0.036471
v 0.072138 0.019147 -0.028232
v 0.072930 0.031359 -0.033199
v 0.075208 0.042403 -0.039219
v 0.075798 0.049502 -0.046137
v 0.077077 0.032343 -0.049616
v 0.075725 0.027687 -0.044586
v 0.051646 -0.084969 -0.073723
v 0.048900 -0.075304 -0.076622
v 0.004478 0.040215 0.046799
v 0.004518 0.037864 0.050023
v 0.019349 0.016662 -0.158324
v -0.072063 -0.014103 -0.041785
v -0.073155 -0.012232 -0.043681
v -0.071548 -0.014576 -0.045019
v -0.070941 -0.017044 -0.043832
v 0.018680 0.003758 -0.153851
v 0.039054 0.009313 -0.146338
v 0.039463 0.021601 -0.150284
v 0.064606 -0.016482 -0.088302
v -0.074777 -0.023101 -0.059634
v -0.072103 -0.025578 -0.056662
v -0.072589 -0.026097 -0.055894
v -0.075180 -0.024398 -0.057994
v 0.068019 -0.013446 -0.073872
v 0.009554 0.010798 0.057319
v 0.006818 0.014137 0.052822
v 0.007442 0.011527 0.054538
v 0.006896 0.014089 0.052929
v 0.010279 0.009014 0.059850
v 0.012756 0.009362 0.061087
v 0.007849 0.007487 0.054752
v 0.006870 0.007622 0.055176
v 0.006806 0.011822 0.054708
v 0.007116 0.014160 0.052943
v 0.001879 0.007589 0.066999
v 0.002534 0.009690 0.069540
v 0.006181 0.010802 0.068106
v 0.004583 0.008835 0.066457
v 0.005975 0.014383 0.053711
v 0.005126 0.012269 0.055687
v 0.004905 0.011816 0.061502
v 0.006584 0.013468 0.056904
v 0.006427 0.014343 0.054094
v 0.006736 0.011966 0.060559
v 0.005624 0.005940 0.060019
v 0.008176 0.011545 0.059105
v -0.082809 0.012611 -0.062740
v -0.083365 0.008279 -0.063030
v -0.082041 0.008501 -0.061810
v -0.076486 -0.019326 -0.049657
v -0.076862 -0.018507 -0.051933
v -0.077942 -0.021383 -0.052607
v -0.077685 -0.022938 -0.050285
v 0.076495 -0.017560 -0.051711
v 0.055611 -0.059311 -0.025969
v 0.059265 -0.045718 -0.034526
v 0.059211 -0.047469 -0.040095
v -0.079538 -0.031226 -0.051559
v -0.077067 -0.031973 -0.052452
v -0.075149 -0.033241 -0.048600
v -0.077752 -0.033000 -0.048256
v -0.072034 -0.018009 -0.042866
v -0.071743 -0.016608 -0.041117
v -0.080762 0.000605 -0.071467
v -0.079908 0.006836 -0.069814
v 0.057190 -0.062498 -0.035097
v 0.081504 0.007764 -0.058190
v 0.067065 0.066565 -0.019237
v 0.067744 0.075712 -0.030776
v 0.072999 0.062459 -0.039887
v -0.084367 0.006039 -0.066451
v -0.084791 0.003595 -0.067456
v 0.073107 0.053453 -0.032613
v 0.068272 0.083691 -0.040777
v 0.073459 0.071433 -0.049231
v 0.076588 0.057980 -0.056261
v 0.078761 0.035235 -0.065167
v 0.042681 0.034579 0.026038
v 0.042854 0.034436 0.026170
v 0.041289 0.034400 0.027473
v -0.074535 -0.002741 -0.049473
v -0.072876 -0.002668 -0.051331
v -0.073190 -0.003446 -0.051057
v -0.075264 -0.004111 -0.048920
v 0.041359 0.034507 0.027296
v 0.042214 0.034718 0.025417
v 0.040739 0.034494 0.026527
v -0.074563 -0.002874 -0.047870
v -0.075084 -0.004374 -0.047408
v -0.074406 -0.004268 -0.046578
v -0.074056 -0.003441 -0.046577
v 0.043194 0.034831 0.024420
v 0.043695 0.034640 0.024957
v 0.043951 0.034427 0.025072
v 0.024865 0.036332 0.029073
v 0.025700 0.036583 0.028511
v 0.028338 0.035658 0.028923
v 0.027522 0.035818 0.029899
v 0.024662 0.036161 0.029539
v 0.027566 0.035597 0.030361
v -0.072163 -0.002537 -0.051910
v -0.072566 -0.002768 -0.051562
v -0.072734 -0.002279 -0.051726
v -0.075921 -0.002125 -0.063669
v -0.075950 -0.009666 -0.063822
v -0.075177 -0.010906 -0.063470
v -0.076449 -0.004853 -0.062348
v 0.028862 0.037138 0.022780
v 0.028292 0.037414 0.022598
v -0.085607 -0.009592 -0.068906
v 0.029737 0.036799 0.022974
v 0.023142 0.037682 0.026429
v 0.023165 0.038971 0.026177
v -0.082268 0.017342 -0.055765
v -0.081456 0.020076 -0.056043
v -0.083745 0.021889 -0.060405
v 0.027964 0.038425 0.022368
v 0.027952 0.037630 0.022462
v 0.023515 0.037360 0.026763
v -0.070876 -0.017584 -0.054696
v -0.074535 -0.016806 -0.052261
v -0.073853 -0.016514 -0.050559
v -0.071512 -0.017315 -0.052820
v -0.072501 -0.011194 -0.048680
v -0.070174 -0.014138 -0.047917
v -0.073643 -0.012333 -0.046263
v -0.074484 0.002766 -0.048814
v -0.073910 -0.001316 -0.050738
v -0.074107 -0.001997 -0.049242
v -0.074125 -0.001461 -0.047978
v -0.086748 -0.017844 -0.066637
v -0.088013 -0.013185 -0.069758
v -0.086468 -0.013713 -0.071426
v -0.085313 -0.018785 -0.068194
v 0.021798 0.037056 0.026892
v 0.020805 0.037261 0.026368
v -0.070693 -0.025788 -0.035718
v -0.065936 -0.028442 -0.038662
v -0.069826 -0.022793 -0.036210
v -0.088992 0.016452 -0.070309
v -0.086991 0.018110 -0.070871
v -0.087241 0.015820 -0.072721
v -0.089680 0.014279 -0.071973
v -0.074329 0.002257 -0.056733
v -0.073901 0.000418 -0.056217
v -0.074342 0.001686 -0.055051
v -0.074282 0.003788 -0.055491
v 0.020802 0.039019 0.026252
v 0.032733 0.034532 0.030550
v 0.032928 0.033828 0.030745
v 0.028225 0.034331 0.030879
v 0.027868 0.035132 0.030633
v 0.032506 0.034923 0.030379
v 0.036030 0.034730 0.029489
v 0.036068 0.034364 0.029662
v 0.036243 0.033626 0.029815
v -0.052587 -0.037590 -0.092622
v -0.060391 -0.035206 -0.074032
v -0.064453 -0.023546 -0.084207
v -0.057476 -0.026235 -0.099630
v -0.080377 -0.028123 -0.051433
v -0.079736 -0.029681 -0.048466
v -0.076363 0.010255 -0.048881
v -0.075687 0.012079 -0.047924
v -0.076351 0.017145 -0.050576
v -0.077266 0.014160 -0.050253
v 0.024959 0.035252 0.030513
v 0.024873 0.035939 0.030012
v 0.036326 0.032946 0.029945
v 0.033187 0.033130 0.030844
v -0.088335 0.000068 -0.076434
v -0.090669 -0.000366 -0.074865
v 0.028402 0.033644 0.031013
v 0.024870 0.034832 0.030680
v 0.022008 0.035846 0.029758
v 0.023243 0.036065 0.029801
v 0.033355 0.032290 0.030880
v 0.033191 0.031452 0.031031
v 0.028347 0.031939 0.031454
v 0.028454 0.032781 0.031185
v -0.079063 0.013704 -0.057539
v -0.080676 0.015818 -0.060937
v -0.079515 0.013946 -0.059480
v -0.078585 0.012943 -0.057629
v -0.079027 0.006387 -0.052927
v -0.079589 0.007631 -0.053188
v -0.077757 0.008447 -0.053575
v -0.076863 0.007137 -0.053500
v 0.036427 0.032157 0.029830
v 0.036398 0.031273 0.029920
v -0.075045 0.016988 -0.047765
v -0.076048 0.021235 -0.052022
v 0.045147 0.034128 0.023340
v 0.045682 0.034420 0.022373
v 0.045647 0.033895 0.022534
v -0.067867 -0.024953 -0.055259
v 0.045279 0.033600 0.023080
v 0.047869 0.030859 0.020276
v 0.048903 0.032028 0.019206
v 0.050519 0.031119 0.017757
v -0.078225 0.008784 -0.050688
v -0.078958 0.011259 -0.051343
v -0.080094 0.009371 -0.053359
v -0.070463 -0.018116 -0.036941
v -0.071332 -0.016804 -0.039362
v -0.078287 0.012645 -0.057331
v -0.077699 0.011555 -0.056945
v -0.076412 0.008118 -0.054578
v -0.077289 0.006620 -0.056472
v 0.049307 0.029885 0.019357
v -0.081136 -0.000912 -0.062126
v -0.081856 -0.009029 -0.061885
v 0.057575 0.020829 0.017390
v 0.051676 0.027055 0.019224
v 0.053096 0.028081 0.016863
v 0.044598 0.034101 0.024180
v 0.043927 0.034047 0.025147
v 0.044577 0.034417 0.024131
v 0.045081 0.034535 0.023149
v 0.044742 0.033425 0.023965
v 0.043986 0.033408 0.025066
v 0.042884 0.034107 0.026235
v 0.042885 0.033400 0.026305
v 0.041242 0.033381 0.027679
v 0.041179 0.034096 0.027586
v 0.038990 0.034244 0.028698
v -0.067423 -0.021304 -0.070488
v -0.063563 -0.031114 -0.054352
v 0.039388 0.034537 0.028443
v 0.039131 0.033446 0.028773
v 0.041389 0.032720 0.027559
v 0.039268 0.032790 0.028795
v 0.042942 0.032699 0.026040
v 0.044094 0.032769 0.024727
v 0.044901 0.032877 0.023550
v 0.045596 0.033078 0.022668
v 0.046084 0.033583 0.021982
v 0.045237 0.032233 0.023044
v 0.045872 0.031379 0.022376
v 0.044626 0.031179 0.023833
v 0.044304 0.032091 0.024335
v 0.046119 0.032530 0.022035
v 0.046909 0.031751 0.021182
v -0.076594 0.008810 -0.053957
v -0.076745 0.009323 -0.054254
v -0.076296 0.008598 -0.053825
v -0.075820 0.007658 -0.054063
v 0.043167 0.032033 0.025693
v 0.043267 0.031194 0.025378
v 0.041466 0.031162 0.027046
v 0.041459 0.031997 0.027348
v -0.078757 -0.031037 -0.045607
v -0.080728 0.005425 -0.061281
v -0.078481 0.003773 -0.058901
v -0.079861 0.005667 -0.059325
v 0.039347 0.032069 0.028649
v 0.039478 0.031130 0.028455
v -0.088502 -0.008271 -0.069192
v -0.090334 -0.001185 -0.070788
v -0.091614 -0.001270 -0.072177
v -0.089725 -0.008598 -0.070255
v 0.032479 0.034890 0.030214
v 0.032188 0.034951 0.028943
v 0.035652 0.034589 0.028429
v 0.036209 0.034689 0.029208
v 0.039516 0.034535 0.028238
v -0.067373 -0.031111 -0.040009
v -0.073687 -0.000533 -0.057391
v -0.074832 -0.001702 -0.056444
v 0.038677 0.034537 0.027523
v 0.035582 0.034431 0.027215
v 0.033923 0.035883 0.022857
v 0.035283 0.035812 0.022500
v 0.038264 0.034327 0.026455
v -0.075973 0.004949 -0.056424
v -0.075258 0.006709 -0.054200
v 0.032469 0.034828 0.027651
v 0.032427 0.036097 0.023061
v 0.029204 0.035611 0.027643
v -0.071474 -0.013783 -0.039640
v 0.030945 0.036422 0.023088
v 0.026527 0.036437 0.027725
v 0.034082 0.047663 0.027728
v 0.034140 0.047956 0.028068
v 0.039390 0.047100 0.027209
v 0.038790 0.046692 0.026975
v 0.049355 -0.012260 -0.123115
v 0.050946 0.000696 -0.131445
v 0.038409 -0.005385 -0.140132
v 0.041652 0.044159 0.026476
v 0.041595 0.045024 0.026120
v 0.044095 0.043473 0.024676
v 0.043938 0.042598 0.024930
v 0.041654 0.043159 0.027007
v -0.085763 0.012624 -0.070845
v -0.086487 0.010822 -0.071811
v -0.084703 0.011728 -0.069489
v -0.084553 0.013080 -0.068246
v -0.084069 0.015662 -0.067045
v -0.083517 0.016444 -0.066779
v -0.085159 0.014426 -0.069549
v -0.078100 0.005493 -0.057446
v -0.079150 0.006339 -0.058434
v 0.043735 0.041546 0.025317
v 0.038858 0.044779 0.028581
v -0.076666 -0.020131 -0.047726
v -0.077222 -0.025407 -0.046702
v -0.083823 -0.016901 -0.062102
v -0.083062 -0.015848 -0.059694
v -0.083889 -0.008294 -0.073179
v -0.084095 0.000176 -0.074759
v -0.082477 0.000349 -0.072850
v -0.082750 -0.007860 -0.071930
v 0.038891 0.045879 0.028026
v 0.038766 0.046506 0.027432
v 0.042593 0.039214 0.021554
v 0.041855 0.040232 0.022088
v -0.077584 -0.005259 -0.069203
v -0.074434 -0.004291 -0.069105
v -0.073786 -0.002549 -0.046173
v -0.073200 0.001486 -0.044834
v -0.074767 0.004432 -0.055590
v -0.074899 0.006352 -0.054520
v -0.078424 -0.021238 -0.062793
v -0.074695 -0.026426 -0.054048
v -0.078553 -0.022924 -0.060623
v -0.070815 -0.026541 -0.051795
v -0.070529 -0.026986 -0.049311
v -0.072898 -0.027402 -0.050950
v 0.042584 0.040375 0.023526
v 0.043601 0.039371 0.022440
v 0.043245 0.038458 0.021093
v 0.044224 0.038492 0.021666
v 0.038135 0.038057 0.019712
v 0.037770 0.038458 0.019955
v 0.037226 0.038969 0.020307
v -0.080075 -0.019615 -0.056229
v -0.081962 -0.018814 -0.058974
v 0.038355 0.037691 0.019594
v -0.072764 -0.003103 -0.052422
v -0.071518 -0.005030 -0.053794
v -0.070945 -0.003190 -0.052144
v -0.083919 -0.001807 -0.063557
v -0.084431 -0.009460 -0.062602
v -0.079133 0.009656 -0.054279
v 0.038480 0.037318 0.019590
v -0.076568 0.000700 -0.051988
v -0.077227 0.004304 -0.050795
v -0.082121 0.012488 -0.054827
v -0.080849 0.011002 -0.055070
v -0.080022 0.010256 -0.054645
v -0.080864 0.010953 -0.053808
v -0.066230 -0.012032 -0.051996
v -0.068410 -0.013367 -0.049835
v -0.070089 -0.010359 -0.049843
v 0.038517 0.036926 0.019685
v 0.038366 0.036627 0.019913
v 0.060147 0.005695 0.021478
v 0.060217 0.015785 0.017684
v -0.082966 0.016135 -0.064259
v -0.083475 0.014203 -0.064909
v -0.081252 0.007138 -0.071486
v 0.062473 0.007539 0.016417
v 0.044301 0.034688 0.023945
v -0.079483 0.010124 -0.058996
v -0.079236 0.008680 -0.059830
v 0.044843 0.034884 0.022953
v -0.078266 0.020498 -0.066233
v -0.078663 0.018665 -0.062404
v -0.078394 0.019178 -0.061296
v -0.078130 0.023650 -0.062286
v 0.043785 0.034908 0.023500
v -0.069734 -0.028948 -0.045646
v -0.072303 -0.029207 -0.048305
v -0.072060 -0.028094 -0.049053
v -0.070212 -0.027758 -0.047280
v -0.073275 -0.016533 -0.049876
v -0.071562 -0.017287 -0.051717
v 0.044278 0.035162 0.022616
v -0.084532 -0.016197 -0.065271
v -0.084073 -0.016836 -0.064030
v -0.085075 -0.013337 -0.066791
v -0.085275 -0.012143 -0.068023
v 0.045390 0.035298 0.021947
v 0.045750 0.034973 0.021985
v 0.041549 0.034707 0.024615
v 0.037179 0.035946 0.021574
v 0.037726 0.036039 0.021085
v -0.075061 0.002232 -0.060210
v -0.074677 0.001560 -0.058869
v -0.077466 0.013688 -0.063493
v -0.079519 0.015255 -0.065163
v -0.079472 0.017906 -0.062422
v -0.077926 0.016326 -0.062047
v -0.082918 0.007474 -0.073543
v 0.042374 0.034964 0.023670
v 0.040101 0.034478 0.025568
v 0.036341 0.035857 0.022060
v 0.037912 0.036235 0.020663
v 0.038179 0.036372 0.020244
v -0.079370 0.007214 -0.059485
v -0.079695 0.007225 -0.060345
v 0.042677 0.035193 0.022871
v -0.079166 0.007713 -0.059025
v 0.043175 0.035493 0.022061
v 0.044635 0.035689 0.021899
v -0.076109 0.006215 -0.053605
v -0.078260 0.005126 -0.053415
v -0.081697 0.012545 -0.056402
v -0.084014 0.015262 -0.059539
v -0.083151 0.015500 -0.060986
v -0.081176 0.013316 -0.056840
v 0.043728 0.036450 0.021012
v 0.043755 0.037082 0.020868
v 0.044822 0.036218 0.021571
v -0.077489 0.010774 -0.055099
v 0.044895 0.036930 0.021324
v 0.043528 0.035967 0.021383
v -0.015520 -0.043469 -0.118920
v -0.017213 -0.036328 -0.127152
v 0.043596 0.037763 0.020875
v 0.044713 0.037615 0.021421
v 0.045995 0.034480 0.021909
v 0.046063 0.035370 0.021507
v 0.046520 0.036335 0.020739
v 0.046451 0.034454 0.021358
v -0.080174 0.019937 -0.055469
v -0.080159 0.020617 -0.059072
v -0.081198 0.021387 -0.059827
v -0.080701 0.020567 -0.056201
v -0.084298 0.012100 -0.067690
v 0.047115 0.034395 0.020605
v 0.046675 0.033161 0.021205
v 0.047519 0.037020 0.020117
v 0.048898 0.037330 0.019155
v -0.087623 0.007880 -0.071837
v -0.075899 -0.003387 -0.054914
v -0.073261 -0.006145 -0.055107
v 0.048298 0.034222 0.019553
v 0.047581 0.032736 0.020249
v 0.045770 0.035932 0.021449
v -0.063805 -0.006548 -0.053811
v -0.064139 -0.005397 -0.053855
v -0.064791 -0.005921 -0.054792
v -0.064709 -0.006848 -0.054980
v 0.045850 0.036541 0.021076
v 0.046979 0.038420 0.021131
v -0.067983 -0.012084 -0.054586
v -0.070190 -0.012746 -0.053724
v -0.069278 -0.013854 -0.051882
v -0.067453 -0.013186 -0.053631
v 0.047764 0.039284 0.020660
v 0.046310 0.037782 0.021465
v 0.045797 0.038914 0.022469
v 0.046315 0.039683 0.022232
v -0.063318 -0.009161 -0.053600
v -0.063569 -0.007725 -0.053700
v -0.064321 -0.008459 -0.055029
v -0.063990 -0.010059 -0.055180
v 0.046896 0.040498 0.021847
v 0.045397 0.041009 0.023497
v -0.082361 0.017024 -0.062747
v -0.083919 0.016411 -0.064775
v 0.045795 0.041910 0.023227
v 0.044991 0.040099 0.023731
v 0.045665 0.037498 0.021505
v -0.089641 0.006843 -0.070299
v -0.089966 0.004653 -0.070975
v -0.086880 0.012079 -0.069904
v -0.087376 0.010077 -0.070818
v 0.045193 0.038486 0.022263
v 0.044418 0.039612 0.023336
v 0.043320 0.040652 0.025024
v -0.073400 -0.009648 -0.043991
v -0.074405 -0.009746 -0.045643
v -0.074077 -0.011297 -0.045338
v -0.090763 0.009362 -0.070519
v -0.090124 0.011782 -0.072953
v -0.072905 -0.025802 -0.037653
v -0.071998 -0.027138 -0.036081
v -0.045315 -0.097139 -0.018058
v -0.055035 -0.093293 -0.030822
v -0.054849 -0.103924 -0.031321
v -0.045400 -0.107966 -0.019045
v -0.081206 0.015828 -0.053988
v -0.079775 0.018526 -0.054364
v 0.041437 0.042112 0.026811
v 0.040641 0.041648 0.025085
v 0.038633 0.043694 0.028355
v -0.063459 -0.011231 -0.053524
v -0.063431 -0.011334 -0.053513
v -0.066071 -0.012979 -0.052931
v -0.068173 -0.006933 -0.051741
v -0.064561 -0.006769 -0.052996
v 0.037875 0.042730 0.026519
v 0.034722 0.049127 0.028656
v 0.040398 0.048391 0.027562
v 0.037393 0.042450 0.024629
v 0.034928 0.039990 0.021503
v 0.033367 0.040191 0.021983
v 0.034244 0.042722 0.025604
v -0.068605 -0.010640 -0.054871
v 0.023771 0.040063 0.026464
v 0.024737 0.041126 0.026872
v -0.068181 -0.005322 -0.054538
v -0.068054 -0.004013 -0.053507
v -0.069146 -0.016139 -0.048502
v -0.070126 -0.017396 -0.050132
v -0.071757 -0.017254 -0.046995
v -0.064366 -0.012020 -0.054792
v -0.075954 0.003961 -0.058583
v 0.028769 0.039395 0.022676
v 0.028270 0.038949 0.022508
v 0.022174 0.040219 0.027108
v 0.023599 0.041397 0.027689
v -0.071319 -0.010277 -0.054831
v -0.072357 -0.012746 -0.056385
v -0.071652 -0.014193 -0.055146
v -0.070674 -0.011914 -0.054385
v -0.078543 -0.022073 -0.054006
v -0.078566 -0.020337 -0.054357
v -0.070513 -0.017185 -0.057172
v -0.074100 -0.017170 -0.055248
v -0.076013 -0.000744 -0.055542
v -0.077437 0.002463 -0.053809
v -0.073464 -0.003153 -0.052969
v -0.071424 -0.008042 -0.054389
v -0.072984 -0.010680 -0.056257
v -0.068281 -0.005876 -0.052156
v -0.071455 -0.005259 -0.050876
v -0.071203 -0.004294 -0.051408
v -0.068249 -0.004999 -0.052632
v -0.080776 0.008606 -0.061102
v -0.078296 0.017073 -0.052154
v -0.079915 0.013750 -0.052477
v -0.079189 0.022684 -0.078644
v -0.077231 0.013896 -0.081960
v -0.077682 0.016829 -0.069392
v -0.069396 -0.009024 -0.055115
v -0.064431 -0.004916 -0.054080
v -0.065149 -0.005499 -0.053617
v -0.084157 -0.019875 -0.062308
v -0.072389 -0.017910 -0.046354
v -0.075134 0.004308 -0.053666
v -0.083457 -0.013137 -0.071077
v -0.082508 -0.018050 -0.068147
v -0.074859 0.005594 -0.054171
v -0.075018 0.006569 -0.054376
v -0.070972 -0.017546 -0.051110
v -0.072801 -0.016915 -0.048540
v -0.075289 0.006883 -0.054186
v -0.074586 -0.010396 -0.046941
v -0.084380 0.007623 -0.065616
v 0.028364 0.042519 0.026817
v 0.030490 0.040049 0.022703
v -0.075711 -0.029555 -0.053447
v -0.073979 -0.030348 -0.050160
v 0.029469 0.039762 0.022761
v -0.065000 -0.005807 -0.053097
v 0.026545 0.041848 0.026814
v -0.068069 -0.013519 -0.051252
v -0.068510 -0.007035 -0.054492
v 0.027636 0.043395 0.028570
v 0.025278 0.042371 0.028132
v 0.034432 0.043487 0.027617
v -0.073578 -0.007082 -0.049542
v -0.073157 -0.009124 -0.048862
v -0.074797 -0.008172 -0.047197
v 0.020996 0.052135 -0.162325
v 0.020429 0.036264 -0.162476
v -0.075095 -0.016846 -0.057008
v -0.071497 -0.015534 -0.059504
v -0.072869 -0.015122 -0.061578
v -0.077001 -0.015931 -0.058414
v -0.081164 -0.022456 -0.064778
v -0.079444 -0.026079 -0.060575
v -0.081381 -0.027743 -0.060259
v -0.083785 -0.023688 -0.064455
v 0.039953 0.039801 -0.154085
v 0.040005 0.053523 -0.154148
v -0.079970 0.036782 -0.090500
v -0.079627 0.029474 -0.072996
v -0.080438 0.045196 -0.080532
v -0.082348 0.015746 -0.070329
v -0.082208 0.013304 -0.071463
v -0.087282 0.013415 -0.074168
v -0.077826 0.022715 -0.057062
v -0.078212 0.019532 -0.060021
v -0.080043 0.019828 -0.058501
v -0.087255 -0.008874 -0.073922
v 0.039844 0.041472 0.023422
v 0.036221 0.039547 0.020898
v 0.049949 0.056144 -0.146691
v 0.049201 0.065069 -0.145546
v 0.040538 0.065877 -0.151423
v 0.035258 -0.064833 -0.095224
v 0.025465 -0.076248 -0.101699
v -0.075469 0.006660 -0.048451
v -0.077491 0.006449 -0.050428
v 0.020101 0.040252 0.028381
v -0.077560 -0.020209 -0.063871
v 0.022012 0.041635 0.028598
v -0.078502 -0.017306 -0.055406
v -0.080774 -0.016863 -0.057240
v -0.087599 0.016805 -0.063940
v -0.085131 0.015297 -0.061367
v 0.018829 0.039015 0.028231
v 0.018120 0.038822 0.028343
v 0.019314 0.040304 0.028360
v 0.020984 0.041841 0.028546
v 0.024229 0.042806 0.028866
v 0.023465 0.043387 0.029176
v 0.026992 0.044954 0.029912
v 0.027073 0.043979 0.029699
v 0.034521 0.044727 0.029320
v 0.034636 0.045868 0.029536
v 0.026461 0.045778 0.029284
v 0.022920 0.043824 0.028571
v 0.025838 0.046608 0.028607
v 0.022785 0.044807 0.028108
v 0.034443 0.047405 0.028189
v 0.034736 0.046838 0.028997
v 0.021800 0.036591 0.029093
v 0.019513 0.036920 0.028825
v 0.022331 0.036856 0.028831
v 0.019897 0.037171 0.028500
v 0.023577 0.037014 0.027909
v 0.019007 0.037653 0.028209
v 0.018252 0.037471 0.028471
v -0.010509 -0.104489 0.014385
v -0.010505 -0.113715 0.008611
v 0.024529 0.037022 0.027370
v 0.018570 0.040222 0.027918
v 0.017201 0.038583 0.028196
v 0.017513 0.040569 0.027041
v 0.016461 0.038608 0.027668
v 0.020057 0.043135 0.027152
v 0.020255 0.041920 0.027727
v 0.017281 0.037298 0.028387
v 0.017985 0.036794 0.028728
v 0.016531 0.037229 0.028183
v 0.017252 0.036543 0.028655
v 0.024596 0.034133 0.030870
v 0.024342 0.033398 0.031054
v 0.021220 0.035338 0.029940
v 0.020592 0.034847 0.029968
v 0.032933 0.030579 0.031084
v 0.036224 0.030347 0.030139
v 0.032604 0.029497 0.031377
v -0.007518 0.013327 0.055897
v -0.008463 0.012938 0.054746
v -0.007107 0.014194 0.053372
v -0.006783 0.014317 0.053951
v 0.036056 0.029196 0.030320
v 0.027523 0.030205 0.032006
v 0.028039 0.031111 0.031692
v 0.032588 -0.112481 -0.008453
v 0.046658 0.030374 0.021857
v 0.047723 0.029211 0.021422
v 0.046094 0.028827 0.023355
v 0.045185 0.030184 0.023418
v 0.043513 0.030115 0.025096
v -0.008084 0.004947 0.057284
v -0.007442 0.006086 0.056364
v -0.008649 0.005930 0.055465
v -0.009637 0.005077 0.056479
v 0.044000 0.028766 0.025281
v 0.041609 0.028823 0.027122
v 0.041408 0.030116 0.026934
v 0.039410 0.030185 0.028473
v 0.039221 0.028844 0.028815
v 0.049920 0.033514 0.018254
v 0.051036 0.036832 0.017118
v 0.051604 0.032636 0.016708
v 0.053193 0.036112 0.015020
v 0.015748 0.041609 0.027050
v -0.005896 0.014344 0.053606
v -0.004883 0.013094 0.056533
v -0.005872 0.013363 0.057077
v -0.006240 0.014355 0.053866
v 0.015351 0.038877 0.027344
v 0.014131 0.042595 0.027840
v 0.013915 0.039652 0.028024
v 0.015540 0.045704 0.028274
v 0.017494 0.044581 0.027135
v 0.015686 0.037311 0.028029
v 0.016496 0.036206 0.028480
v 0.014571 0.037296 0.028328
v 0.015591 0.035844 0.028920
v 0.023775 0.032608 0.031170
v 0.023228 0.031745 0.031386
v 0.019953 0.034297 0.030196
v 0.019049 0.033511 0.030396
v 0.047419 -0.021375 -0.116377
v 0.051827 0.015572 -0.137197
v 0.047736 0.051861 0.023989
v 0.045422 0.049149 0.025454
v 0.041847 0.050813 0.027415
v 0.043647 0.054225 0.026834
v 0.050351 0.055235 0.020901
v 0.052700 0.051186 0.018788
v 0.050395 0.048923 0.021511
v 0.048084 0.046989 0.023458
v 0.051928 0.039910 0.017279
v 0.050174 0.040109 0.018933
v 0.050236 0.042239 0.019880
v 0.051937 0.042615 0.018213
v 0.053994 0.039525 0.015086
v 0.054266 0.043054 0.016009
v 0.051408 0.045492 0.019776
v 0.049387 0.044506 0.021524
v 0.053860 0.046750 0.017500
v 0.023914 0.051153 0.029519
v 0.024372 0.049260 0.028550
v 0.021370 0.046796 0.027766
v 0.019999 0.047706 0.028358
v 0.022554 0.052622 0.030244
v 0.017948 0.048726 0.029074
v 0.036924 0.055294 0.029550
v 0.035944 0.052061 0.029151
v 0.025514 0.047134 0.028012
v 0.023505 0.045874 0.028102
v 0.025118 0.047280 0.027882
v 0.022834 0.045741 0.027900
v 0.058155 0.079139 -0.130281
v 0.060375 0.087411 -0.119196
v 0.043961 0.096742 -0.127635
v 0.043018 0.087099 -0.138209
v 0.041573 0.045373 0.026268
v 0.042366 0.045860 0.026057
v 0.044851 0.044400 0.024538
v 0.044179 0.043994 0.024789
v 0.046100 0.042547 0.023109
v 0.046769 0.042979 0.022912
v 0.047936 0.041545 0.021465
v 0.047349 0.041278 0.021710
v 0.047974 0.040230 0.020704
v 0.048518 0.040124 0.020233
v 0.022977 0.046690 0.027973
v 0.025029 0.047847 0.028229
v 0.051252 0.044334 -0.145556
v 0.045045 0.087622 0.005030
v 0.051992 0.082845 -0.000759
v 0.049955 0.077924 0.006012
v 0.043443 0.047006 0.026217
v 0.046080 0.045381 0.024423
v 0.047837 0.043673 0.022561
v 0.048916 0.041990 0.021058
v 0.049306 0.040737 0.020073
v 0.071652 -0.009665 -0.037767
v 0.071856 -0.009892 -0.039400
v 0.078103 -0.005102 -0.066691
v 0.075879 0.001495 -0.067005
v 0.074692 0.005125 -0.066446
v 0.080277 0.014880 -0.053998
v 0.082273 0.017268 -0.057366
v 0.082258 -0.022013 -0.056302
v 0.078905 -0.023117 -0.052256
v -0.088007 0.019674 -0.065262
v 0.082003 -0.021196 -0.056983
v 0.088472 0.011397 -0.065595
v 0.088835 0.009560 -0.066625
v 0.089742 0.009288 -0.066245
v 0.040493 -0.039195 -0.103837
v 0.044945 -0.029206 -0.111049
v 0.089009 0.007590 -0.067634
v 0.073534 -0.005790 -0.042490
v 0.079378 -0.005632 -0.066764
v 0.081101 -0.006580 -0.068372
v 0.082058 -0.011637 -0.067614
v 0.081185 -0.010970 -0.067083
v 0.081308 -0.016216 -0.064900
v 0.080511 -0.015270 -0.064606
v 0.083533 -0.018897 -0.060026
v 0.083630 -0.015169 -0.063634
v 0.083304 0.017378 -0.058810
v 0.083217 0.016773 -0.057925
v 0.084047 0.017289 -0.059239
v 0.074375 -0.007171 -0.043614
v 0.078545 0.012737 -0.053614
v 0.078305 0.011363 -0.051537
v 0.077990 0.011708 -0.052094
v 0.072412 -0.003152 -0.048405
v 0.072190 -0.002388 -0.048706
v 0.073575 -0.004515 -0.047775
v 0.075260 -0.005359 -0.045482
v 0.069491 -0.013148 -0.046216
v 0.069113 -0.014153 -0.047600
v 0.068529 -0.014735 -0.046927
v 0.085939 0.022237 -0.063523
v 0.078429 0.010484 -0.050935
v 0.079638 0.011361 -0.051500
v 0.080227 0.012384 -0.052054
v 0.084766 0.016585 -0.059258
v 0.080726 0.013201 -0.052464
v 0.079691 0.013251 -0.052661
v 0.081030 0.014607 -0.053803
v 0.079023 0.013290 -0.053057
v 0.074463 -0.013379 -0.059949
v 0.073451 -0.013039 -0.057990
v 0.073206 0.009960 -0.042259
v 0.073820 0.007651 -0.043680
v 0.077924 -0.023413 -0.049958
v 0.075558 0.011890 -0.062128
v 0.076797 0.014410 -0.064852
v 0.085530 -0.011422 -0.065629
v 0.078552 -0.015741 -0.055193
v 0.076440 -0.016414 -0.053743
v 0.080799 -0.014675 -0.056830
v 0.082870 -0.012462 -0.058748
v 0.074966 0.003862 -0.053923
v 0.084179 0.006808 -0.060483
v 0.084542 0.004430 -0.061289
v 0.082797 0.007246 -0.059234
v 0.078057 0.017885 -0.064161
v 0.078310 0.018091 -0.061526
v 0.075122 0.014895 -0.061996
v 0.078091 0.016389 -0.060503
v 0.071417 -0.009836 -0.046484
v 0.068972 -0.015969 -0.049199
v 0.071120 -0.015011 -0.050726
v 0.070019 -0.016749 -0.050033
v 0.071601 -0.016214 -0.051788
v 0.071849 -0.015293 -0.053460
v 0.072351 -0.013880 -0.054904
v 0.073739 -0.012064 -0.055205
v 0.071207 -0.006082 -0.047730
v 0.077806 0.020365 -0.052388
v 0.070725 -0.007849 -0.047451
v 0.072684 -0.004369 -0.047935
v 0.072598 -0.005985 -0.047298
v 0.072094 -0.007786 -0.046740
v 0.074698 -0.017962 -0.047241
v 0.074851 -0.016984 -0.049929
v 0.073675 -0.017250 -0.046676
v 0.075295 -0.016942 -0.052120
v 0.072691 -0.016761 -0.046299
v 0.077230 0.012858 -0.061733
v 0.078138 0.015641 -0.062320
v 0.071428 -0.006037 -0.036820
v 0.064476 0.011542 0.010131
v 0.065801 0.019724 0.002636
v 0.026340 -0.030992 0.042521
v 0.025493 -0.033870 0.043541
v 0.057077 0.004088 0.026331
v 0.052657 0.002274 0.031716
v 0.025239 -0.023781 0.052662
v 0.024298 -0.024332 0.052949
v 0.023384 -0.023606 0.053138
v 0.024284 -0.023618 0.052725
v 0.022166 -0.023304 0.051426
v 0.023077 -0.023850 0.050566
v 0.023218 -0.023473 0.051859
v 0.022323 -0.022935 0.052612
v 0.028602 -0.009323 0.050045
v 0.032376 -0.005574 0.047613
v 0.035270 -0.010155 0.047254
v 0.031864 -0.013131 0.049564
v 0.024752 -0.027584 0.044180
v 0.024635 -0.025873 0.044209
v 0.023870 -0.025012 0.046833
v 0.023845 -0.025909 0.046712
v 0.024675 -0.028669 0.044446
v 0.023691 -0.026294 0.046861
v 0.026347 -0.029238 0.042092
v 0.026132 -0.026578 0.041761
v 0.034030 -0.030735 0.049665
v 0.030487 -0.028272 0.051078
v 0.031481 -0.025245 0.050753
v 0.035005 -0.026277 0.049117
v 0.025169 0.002348 0.046793
v 0.029014 -0.001276 0.047342
v 0.026123 -0.005540 0.049341
v 0.022122 -0.001213 0.048368
v 0.018363 0.003356 0.047758
v 0.021136 0.006437 0.046060
v 0.016230 0.011893 0.049299
v 0.016966 0.008596 0.051280
v 0.016425 0.008267 0.054802
v 0.016688 0.010240 0.053186
v 0.014794 0.003956 0.054372
v 0.017058 0.006113 0.050386
v 0.010874 0.002689 0.055273
v -0.011966 0.005667 0.056974
v -0.010763 0.007176 0.056023
v -0.011034 0.008005 0.057469
v -0.013195 0.007101 0.058322
v 0.010688 0.003378 0.056149
v 0.014913 0.003223 0.052867
v -0.004460 0.008501 0.064316
v -0.005569 0.010435 0.063810
v -0.004692 0.008909 0.062049
v -0.004554 0.006985 0.062122
v 0.015178 0.001860 0.051173
v 0.011385 0.001849 0.054233
v 0.010122 0.004298 0.056839
v 0.012996 0.004738 0.056757
v -0.007528 0.010705 0.062968
v -0.009391 0.011162 0.064781
v -0.011134 0.010665 0.062998
v -0.009030 0.009975 0.061512
v -0.004995 0.009535 0.057526
v -0.005899 0.007816 0.059043
v -0.004289 0.010825 0.060213
v -0.010540 0.009675 0.055675
v -0.010318 0.008584 0.054868
v -0.008536 0.011737 0.053986
v -0.008764 0.012019 0.053782
v 0.014489 0.007226 0.057702
v 0.003839 0.007479 0.064405
v 0.005108 0.009296 0.066047
v 0.009223 0.034559 0.043365
v 0.011963 0.030433 0.041351
v 0.009355 0.032394 0.046189
v 0.011921 0.028627 0.043927
v 0.013866 0.010205 0.060447
v 0.015268 0.011703 0.058554
v 0.011452 0.012150 0.063767
v 0.012361 0.014674 0.062909
v 0.004679 0.049085 0.039655
v 0.001928 0.002995 0.061260
v 0.002288 0.002265 0.060920
v 0.001647 0.004631 0.062551
v 0.021952 0.076665 -0.154588
v 0.022550 0.090916 -0.146111
v 0.021816 0.108275 -0.126061
v 0.019604 0.114843 -0.114723
v 0.005594 -0.013954 0.065250
v 0.005379 -0.011162 0.064760
v 0.012816 -0.021989 0.050529
v 0.007331 -0.021887 0.051782
v 0.007131 -0.022193 0.054979
v 0.012582 -0.022648 0.053875
v 0.016352 -0.022871 0.052405
v 0.016938 -0.022233 0.049009
v 0.013153 -0.021006 0.047846
v 0.007545 -0.020975 0.048715
v 0.011985 -0.022506 0.059411
v 0.006757 -0.021765 0.061185
v 0.006434 -0.019643 0.063380
v 0.011710 -0.020559 0.061180
v 0.017946 -0.002493 0.051011
v 0.013823 -0.001457 0.053373
v 0.009768 -0.000690 0.056800
v 0.006565 -0.000312 0.059405
v 0.005836 0.001704 0.059189
v 0.008320 0.001798 0.056953
v 0.005425 0.002554 0.059263
v 0.007785 0.002586 0.057316
v 0.007603 0.003299 0.057689
v 0.008030 0.004264 0.057718
v 0.006342 0.004564 0.058924
v 0.006773 0.005259 0.058617
v 0.005285 0.003308 0.059448
v 0.004499 0.029941 0.059900
v 0.004425 0.032710 0.056355
v 0.010078 -0.010050 0.062594
v 0.005304 -0.009109 0.063761
v 0.004257 -0.005116 0.062037
v 0.008652 -0.005646 0.060821
v 0.013210 -0.006986 0.058590
v 0.014963 -0.012247 0.060380
v 0.002702 0.001419 0.060772
v 0.010416 -0.012366 0.063237
v 0.010764 -0.015046 0.063343
v 0.015408 -0.014671 0.060882
v 0.015605 -0.017050 0.060801
v 0.019554 -0.015260 0.057711
v 0.018456 -0.009425 0.056134
v 0.024067 -0.012032 0.053437
v 0.023341 -0.018188 0.055312
v 0.031093 -0.022157 0.051069
v 0.026731 -0.024136 0.052402
v 0.026585 -0.022882 0.052602
v 0.026265 -0.021687 0.053150
v 0.030439 -0.019040 0.051397
v 0.034414 -0.021817 0.049277
v 0.033592 -0.017381 0.049346
v 0.028376 -0.015617 0.052111
v 0.025380 -0.020151 0.053913
v 0.025330 -0.023040 0.052993
v 0.024407 -0.023333 0.052909
v 0.024961 -0.022409 0.053556
v 0.024125 -0.023043 0.053442
v 0.024338 -0.021601 0.054308
v 0.023551 -0.022641 0.054148
v 0.022344 -0.021789 0.055272
v 0.022883 -0.020249 0.055529
v 0.022467 -0.023903 0.051757
v 0.021291 -0.023957 0.052680
v 0.021263 -0.023776 0.053862
v 0.022363 -0.023872 0.052759
v 0.023194 -0.023875 0.050954
v 0.023013 -0.023747 0.052144
v 0.023418 -0.024489 0.047369
v 0.022611 -0.024028 0.047944
v -0.047661 -0.079351 -0.016423
v -0.055713 -0.079203 -0.031359
v 0.023532 -0.023834 0.050454
v 0.023627 -0.023673 0.051461
v 0.023531 -0.023417 0.052636
v 0.023401 -0.023461 0.052944
v 0.022829 -0.023411 0.053594
v 0.021756 -0.023026 0.054627
v 0.015657 -0.019306 0.060126
v 0.019245 -0.019417 0.058036
v 0.019045 -0.021333 0.057245
v 0.015603 -0.021773 0.058847
v 0.018749 -0.022954 0.056217
v 0.017625 -0.021354 0.046240
v 0.015630 -0.023241 0.057170
v 0.020694 -0.022875 0.046688
v 0.021706 -0.022196 0.044042
v 0.019819 -0.023344 0.050078
v 0.024204 -0.024701 0.044632
v 0.023483 -0.023858 0.044892
v 0.025565 -0.024729 0.041878
v 0.024623 -0.023393 0.042351
v 0.018769 -0.023720 0.054813
v 0.019498 -0.017484 0.058138
v 0.011162 -0.017743 0.062502
v 0.006041 -0.016738 0.064476
v -0.034216 0.023391 0.032399
v -0.033483 0.020909 0.034095
v -0.029360 0.022330 0.034805
v -0.030192 0.024514 0.033272
v 0.005190 0.023632 0.068001
v 0.004856 0.027103 0.063678
v 0.022682 -0.023077 0.053169
v 0.010118 -0.120753 0.004646
v -0.075147 -0.006092 -0.046746
v -0.074389 -0.005197 -0.045924
v -0.082220 0.010519 -0.072538
v 0.025738 -0.025180 0.052660
v 0.024079 -0.030815 0.045066
v 0.022972 -0.027145 0.047507
v 0.031123 -0.035020 0.051252
v 0.026140 -0.037491 0.054845
v 0.024272 -0.033234 0.055433
v 0.028219 -0.031323 0.052422
v 0.021384 -0.027062 0.056478
v 0.024104 -0.025969 0.053961
v -0.085603 0.013332 -0.069770
v 0.022765 -0.024535 0.054465
v 0.020146 -0.024671 0.056894
v 0.019388 -0.022867 0.057021
v 0.021865 -0.023377 0.054554
v 0.017492 -0.021021 0.055822
v 0.013153 -0.019794 0.057960
v 0.012892 -0.025182 0.054154
v 0.017348 -0.026143 0.052022
v 0.021619 -0.026850 0.048961
v 0.020876 -0.022591 0.052522
v -0.082638 0.017621 -0.068740
v -0.082236 0.020016 -0.064431
v -0.080536 0.018974 -0.063386
v -0.080698 0.016488 -0.066884
v 0.018054 -0.020801 0.056407
v 0.020929 -0.022073 0.053823
v 0.013854 -0.019498 0.059131
v 0.021003 -0.117260 -0.000556
v 0.021404 -0.022461 0.054315
v 0.018688 -0.021400 0.056625
v 0.014551 -0.020273 0.059880
v 0.015410 -0.022202 0.060663
v 0.016180 -0.024579 0.061124
v 0.016915 -0.027646 0.060852
v 0.019119 -0.035321 0.059666
v 0.020570 -0.040414 0.059452
v 0.012797 -0.035993 0.063050
v 0.014029 -0.041182 0.063821
v 0.011913 -0.027868 0.064607
v 0.011531 -0.024190 0.065144
v 0.010892 -0.021410 0.064192
v 0.010256 -0.019336 0.062865
v 0.003334 -0.000237 0.060773
v 0.005070 0.005004 0.060193
v 0.003960 0.006030 0.062141
v 0.007401 0.010959 0.066506
v 0.001587 0.006069 0.064574
v 0.010056 0.012392 0.065612
v 0.008393 0.012279 0.067178
v 0.009069 0.014053 0.067639
v 0.010216 0.014347 0.066351
v 0.006963 0.011980 0.068619
v 0.008281 0.014140 0.068764
v 0.003053 0.011165 0.070756
v 0.004098 0.015013 0.072156
v 0.005156 0.020495 0.070728
v 0.004592 0.017341 0.072132
v 0.009544 0.015760 0.067882
v 0.010715 0.017162 0.065830
v -0.089403 0.013444 -0.068025
v 0.010905 0.019690 0.063078
v 0.012890 0.016796 0.059933
v 0.010470 0.128423 -0.072767
v 0.009506 -0.018390 0.061725
v 0.008473 -0.018735 0.059974
v -0.073704 -0.019222 -0.045761
v -0.082285 0.004331 -0.062797
v 0.012952 -0.036433 0.049673
v 0.012874 -0.031723 0.051095
v 0.008077 -0.031495 0.052649
v -0.081728 0.020960 -0.062030
v -0.084834 0.022048 -0.062863
v 0.008131 -0.036122 0.051423
v 0.004496 -0.018020 0.060957
v -0.086844 -0.007854 -0.069309
v -0.090010 0.011799 -0.069548
v -0.088596 0.010457 -0.068207
v -0.083040 0.014261 -0.055945
v -0.075174 -0.012737 -0.063318
v -0.080768 -0.012194 -0.060914
v -0.079097 -0.014614 -0.059591
v -0.074388 -0.014476 -0.062502
v -0.074443 0.000577 -0.058245
v 0.004400 -0.024017 0.056455
v 0.008193 -0.024354 0.055674
v 0.004904 -0.017838 0.062909
v 0.005446 -0.018770 0.064484
v 0.005940 -0.020896 0.066116
v 0.004309 -0.031355 0.053307
v 0.004442 -0.036253 0.052155
v -0.071439 -0.012835 -0.037496
v 0.022385 -0.031924 0.046514
v -0.078488 -0.025606 -0.050221
v -0.079260 -0.025059 -0.052912
v -0.031689 -0.041715 -0.113749
v -0.035139 -0.033892 -0.121241
v -0.089134 -0.008829 -0.072274
v 0.022974 -0.035809 0.045146
v 0.017778 -0.032467 0.049365
v 0.018241 -0.036246 0.047836
v 0.007290 -0.040670 0.066833
v 0.006436 -0.035905 0.065422
v 0.006520 -0.023996 0.067161
v 0.006373 -0.028091 0.066718
v 0.022547 0.100616 -0.136962
v 0.062545 0.083895 -0.024902
v 0.061308 0.078986 -0.015828
v -0.082823 0.016911 -0.064156
v 0.054537 0.087499 -0.010204
v 0.056181 0.091196 -0.018503
v 0.063214 0.089970 -0.034577
v 0.056748 0.096258 -0.027563
v 0.040044 0.116939 -0.090291
v 0.040590 0.119084 -0.076143
v 0.021620 0.125671 -0.073493
v 0.034888 0.114242 -0.104029
v 0.047214 0.104384 -0.111547
v 0.049428 0.110835 -0.093005
v 0.049347 0.113631 -0.077922
v -0.075513 -0.019810 -0.046850
v -0.075651 -0.024504 -0.043659
v -0.074246 -0.023568 -0.042052
v -0.079472 0.007733 -0.060259
v 0.025337 -0.086760 -0.104417
v 0.051960 0.027518 -0.141204
v 0.048043 0.115316 -0.064182
v 0.039906 0.119977 -0.062254
v 0.039393 0.119369 -0.049445
v 0.046726 0.115352 -0.052205
v 0.021442 0.126101 -0.058829
v 0.010419 0.128599 -0.057443
v 0.018025 -0.010512 -0.146969
v 0.004448 0.035466 0.052992
v 0.046182 -0.052091 -0.086125
v 0.055376 -0.050157 -0.068216
v 0.058207 -0.099674 -0.045023
v 0.068753 -0.025239 -0.051029
v 0.068304 -0.024588 -0.051815
v 0.057688 -0.062574 -0.047514
v 0.058554 -0.048635 -0.049328
v 0.036768 -0.052281 -0.098042
v 0.077126 -0.016453 -0.063615
v 0.077859 -0.013026 -0.065208
v 0.078664 -0.017378 -0.063049
v 0.079318 -0.013700 -0.064985
v 0.079562 -0.009644 -0.066243
v 0.079504 -0.018987 -0.061814
v 0.078421 0.018179 -0.059669
v 0.079973 0.019840 -0.058676
v -0.076883 -0.018893 -0.064076
v -0.076838 -0.016939 -0.065710
v 0.068232 -0.026114 -0.046715
v 0.068072 -0.025637 -0.048382
v -0.064974 -0.005264 -0.054703
v 0.067380 -0.025869 -0.047723
v 0.067271 -0.026131 -0.046291
v 0.068111 -0.026816 -0.045016
v 0.067161 -0.026602 -0.045148
v 0.077803 0.036318 -0.056422
v 0.066029 -0.026508 -0.048850
v 0.067427 -0.024918 -0.051391
v 0.067587 -0.025294 -0.049807
v 0.067038 -0.025870 -0.048433
v 0.066925 -0.026723 -0.046530
v 0.066918 -0.027388 -0.044714
v 0.067414 -0.027833 -0.043788
v -0.078839 -0.024366 -0.060413
v -0.075364 -0.027870 -0.053705
v -0.058881 -0.077480 -0.045845
v -0.056549 -0.076222 -0.061853
v -0.057616 -0.087347 -0.060349
v -0.059282 -0.090127 -0.045057
v -0.072555 0.000147 -0.041129
v -0.072609 -0.006817 -0.042319
v -0.072434 -0.007816 -0.040275
v 0.080014 -0.020266 -0.061868
v 0.072996 -0.028086 -0.048747
v -0.024269 -0.095153 0.008090
v -0.021643 -0.109393 0.002951
v 0.076791 0.011072 -0.063537
v 0.076614 0.008948 -0.064772
v 0.079181 0.010074 -0.066170
v 0.079236 0.012382 -0.065229
v 0.057590 -0.018266 -0.104341
v 0.060046 -0.009270 -0.111387
v 0.011835 -0.085213 -0.108428
v 0.011705 -0.074074 -0.107171
v 0.074947 0.024833 -0.102926
v 0.076949 0.012779 -0.062551
v 0.079499 0.014263 -0.064262
v 0.078283 -0.009091 -0.066226
v 0.074749 0.012709 -0.062880
v 0.074881 0.010783 -0.063894
v 0.080805 0.015445 -0.066024
v 0.080550 0.013296 -0.067028
v 0.080343 0.010796 -0.067884
v 0.075001 0.008630 -0.064903
v -0.071344 -0.011640 -0.033788
v -0.070735 -0.009828 -0.022043
v -0.072012 0.005416 -0.025540
v -0.071819 -0.001945 -0.035007
v 0.077825 0.016057 -0.065516
v 0.079936 0.059205 -0.085917
v 0.079018 0.050761 -0.098543
v 0.076613 0.074986 -0.092770
v 0.075520 0.067126 -0.106770
v 0.070883 0.058220 -0.121241
v 0.074103 0.040822 -0.112856
v 0.078337 0.018287 -0.060171
v 0.080770 0.020787 -0.059229
v 0.063740 0.094776 -0.043601
v 0.068861 0.088597 -0.049762
v 0.056918 0.100631 -0.035862
v 0.056748 0.104514 -0.043588
v 0.063105 0.099425 -0.051736
v 0.070357 0.090540 -0.062310
v 0.079052 0.053065 -0.069286
v 0.078268 0.067215 -0.073112
v 0.075255 0.073750 -0.060584
v -0.059446 0.043469 0.004641
v -0.061314 0.043219 -0.000009
v -0.061890 0.033846 0.001901
v -0.059554 0.035809 0.005449
v 0.074633 0.082783 -0.078403
v 0.066121 0.098190 -0.070446
v 0.069794 0.091839 -0.084102
v 0.059025 0.105680 -0.075966
v 0.061136 0.100960 -0.090003
v 0.060934 0.095262 -0.105231
v 0.071411 0.085019 -0.098241
v 0.061230 0.103598 -0.058947
v 0.055122 0.108151 -0.049946
v 0.056147 0.109136 -0.063693
v 0.052829 0.111201 -0.055266
v 0.073222 0.076745 -0.053800
v 0.061756 -0.031717 -0.043827
v 0.064247 -0.031505 -0.038542
v -0.019431 0.102451 0.009901
v -0.009280 0.103986 0.012035
v -0.009551 0.109743 0.004634
v -0.019924 0.108012 0.002258
v 0.068813 -0.019348 -0.032025
v -0.036944 -0.026590 -0.126690
v -0.038686 -0.017191 -0.133027
v -0.019155 -0.021232 -0.139349
v -0.018146 -0.029702 -0.132654
v 0.068463 0.011672 -0.002514
v 0.068437 0.023592 -0.007911
v 0.071442 0.013820 -0.016426
v 0.069802 -0.000422 -0.011376
v -0.020224 0.120403 -0.022880
v -0.009701 0.122492 -0.020562
v -0.009844 0.125525 -0.031415
v -0.020529 0.123247 -0.033337
v -0.052887 0.018898 0.023578
v -0.055077 0.013087 0.025077
v -0.051256 0.013473 0.028724
v -0.049519 0.019138 0.026568
v 0.067130 0.036811 -0.012727
v 0.070683 0.027462 -0.021201
v 0.071521 0.041189 -0.026355
v 0.067717 0.050818 -0.016413
v 0.062032 0.049955 -0.135074
v 0.064128 0.033894 -0.129798
v -0.075487 -0.028104 -0.040059
v -0.074435 -0.027016 -0.039021
v 0.064445 0.021817 -0.125363
v 0.048545 0.073026 0.011058
v -0.010029 0.127520 -0.043823
v -0.020955 0.125153 -0.045304
v 0.021542 0.066721 -0.158960
v 0.046917 0.093081 -0.003845
v 0.054490 0.069755 -0.139464
v -0.001289 -0.073388 -0.108001
v 0.041428 0.074363 -0.147164
v 0.070562 0.077395 -0.112134
v 0.067218 0.069664 -0.124374
v 0.059087 0.060587 -0.137706
v 0.063269 0.006494 -0.120069
v 0.047271 0.112904 -0.043941
v 0.056497 0.038800 0.012061
v 0.055720 0.034161 0.012319
v 0.056720 0.043752 0.012450
v 0.054019 0.029772 0.015002
v 0.015322 0.026654 0.039934
v 0.014882 0.025160 0.042233
v 0.014633 0.023061 0.044598
v 0.018310 0.022074 0.040884
v 0.017771 0.019553 0.043235
v 0.011414 0.024549 0.049681
v 0.011811 0.026548 0.046674
v 0.013940 0.021068 0.046989
v 0.013558 0.018401 0.049353
v 0.011428 0.022050 0.052426
v 0.017562 0.005639 0.048247
v 0.018541 0.009944 0.045955
v 0.015946 0.014230 0.046932
v 0.021538 0.016523 0.042557
v 0.020245 0.013564 0.044453
v 0.016845 0.017187 0.045139
v 0.022576 0.019300 0.040037
v 0.014468 0.015525 0.052321
v 0.015631 0.013085 0.055968
v 0.011900 0.019385 0.056166
v 0.010326 0.022172 0.059129
v 0.009793 0.025017 0.055318
v 0.018993 0.023808 0.038709
v 0.023726 0.021413 0.037972
v 0.023941 0.010293 0.044734
v 0.028494 0.007228 0.045115
v 0.026119 0.014028 0.042283
v 0.030418 0.011477 0.042392
v 0.027220 0.017044 0.039815
v 0.031735 0.014685 0.039782
v 0.032562 0.003289 0.045469
v 0.036186 -0.000800 0.045290
v 0.039340 -0.006651 0.044777
v 0.039142 0.003810 0.042355
v 0.042849 -0.001897 0.041599
v 0.041071 0.008529 0.039226
v 0.045564 0.002949 0.038319
v -0.011725 0.032224 0.038012
v -0.012028 0.033521 0.034959
v -0.015780 0.029796 0.034585
v -0.015440 0.028271 0.037110
v -0.007020 0.079810 0.029117
v -0.007941 0.086875 0.024844
v -0.017016 0.086475 0.023387
v -0.015550 0.079617 0.028032
v 0.035051 0.008203 0.042403
v 0.036682 0.011778 0.039609
v 0.032881 0.017827 0.037242
v 0.028431 0.019749 0.037524
v 0.042124 0.018165 0.033466
v 0.042013 0.013285 0.036312
v 0.037525 0.015701 0.036836
v 0.037998 0.019639 0.034272
v 0.047196 0.009271 0.034996
v 0.046841 0.016197 0.032147
v 0.045864 0.020616 0.029671
v 0.031871 0.027727 0.032266
v 0.026849 0.028567 0.032725
v 0.035527 0.027277 0.031344
v 0.041811 0.021668 0.031294
v 0.038364 0.022595 0.032449
v 0.049665 0.026430 0.021736
v 0.047480 0.026113 0.024179
v 0.041795 0.026464 0.028538
v 0.038890 0.026807 0.030086
v 0.044790 0.026251 0.026467
v 0.022251 0.030098 0.032273
v 0.017530 0.032071 0.031754
v 0.054208 -0.062675 -0.064066
v 0.009360 0.027714 0.052389
v 0.009346 0.030020 0.049218
v 0.015296 0.049395 0.030400
v 0.012900 0.046440 0.030091
v 0.007651 0.048360 0.036983
v 0.019291 0.053974 0.032047
v 0.014225 0.034807 0.031021
v -0.020472 0.027144 0.034056
v -0.019643 0.025512 0.035995
v 0.012417 0.037320 0.030416
v 0.011589 0.040035 0.030023
v 0.011476 0.043340 0.029861
v -0.009589 0.114657 -0.003137
v -0.020093 0.112820 -0.005647
v -0.020389 0.121516 -0.095828
v -0.020828 0.123301 -0.087509
v -0.009648 0.125883 -0.088481
v -0.010749 0.122661 -0.100687
v 0.030809 0.067413 0.030686
v 0.027398 0.061348 0.033767
v 0.058389 0.074547 -0.005447
v 0.062208 0.065587 -0.007800
v 0.051150 0.059786 0.016484
v 0.054158 0.054919 0.014395
v 0.056084 0.049326 0.012949
v 0.063994 0.053857 -0.008224
v 0.064336 0.041589 -0.005982
v 0.065232 0.030119 -0.002361
v -0.069696 -0.007337 -0.094814
v -0.072612 -0.006350 -0.079404
v -0.075397 0.005149 -0.082984
v -0.073557 0.007879 -0.100515
v 0.048516 0.101820 -0.020168
v -0.034806 -0.089393 -0.002500
v -0.033044 -0.103473 -0.006877
v -0.001313 -0.084727 -0.109029
v 0.048414 0.106088 -0.028131
v 0.048083 0.097222 -0.011845
v 0.039089 0.117150 -0.039313
v 0.039178 0.114390 -0.030097
v 0.048042 0.109829 -0.035996
v 0.039654 0.110706 -0.021826
v 0.040017 0.106447 -0.013932
v 0.039597 0.101971 -0.005599
v 0.038859 0.097548 0.002216
v 0.037383 0.090975 0.010476
v 0.045327 -0.063736 -0.082988
v 0.006876 0.014367 0.052988
v 0.006457 0.014395 0.053459
v -0.052562 0.066495 0.007175
v -0.054354 0.070798 0.001965
v -0.057750 0.063099 -0.000273
v -0.055828 0.059914 0.005150
v 0.006634 0.014327 0.052816
v 0.006138 0.014389 0.053335
v 0.006456 0.014036 0.053510
v 0.006398 0.006736 0.057646
v 0.005468 0.008571 0.056311
v 0.005881 0.011930 0.054886
v 0.068156 -0.026379 -0.033310
v -0.005612 0.068157 0.034952
v -0.013110 0.067966 0.034397
v -0.011326 0.062033 0.035806
v -0.004973 0.062130 0.036580
v -0.059458 0.028505 0.007604
v -0.062230 0.025164 0.005517
v -0.061482 0.018339 0.012089
v -0.058409 0.022474 0.013177
v -0.055345 0.019413 0.020227
v -0.057923 0.013797 0.021262
v -0.018444 0.094651 0.017761
v -0.008667 0.095599 0.019370
v -0.060002 0.053487 -0.001230
v -0.058183 0.051915 0.004269
v -0.009035 0.035972 0.039649
v -0.009683 0.036701 0.035937
v -0.007215 0.041550 0.037328
v -0.003550 0.042318 0.042977
v -0.003332 0.045898 0.040432
v -0.006609 0.045188 0.037126
v -0.033208 0.077651 0.021079
v -0.034855 0.083726 0.016212
v -0.042369 0.081241 0.010987
v -0.040727 0.075564 0.015985
v -0.020156 0.116854 -0.013833
v -0.009617 0.118803 -0.011371
v -0.003867 0.054679 0.037594
v -0.008396 0.054449 0.035748
v -0.007355 0.050804 0.035783
v -0.003635 0.051473 0.038178
v -0.024577 0.023675 0.035435
v -0.025383 0.025595 0.033891
v -0.066276 -0.028936 -0.045295
v -0.068042 -0.029690 -0.043740
v -0.073524 0.018360 -0.041590
v -0.072136 0.008296 -0.037853
v -0.072330 0.018253 -0.029259
v -0.072505 0.030367 -0.034113
v -0.074648 0.041228 -0.039931
v -0.075783 0.048492 -0.046552
v -0.077002 0.031258 -0.050351
v -0.075299 0.026647 -0.045650
v -0.053532 -0.085560 -0.074035
v -0.050808 -0.075938 -0.076904
v -0.003642 0.039984 0.046522
v -0.003551 0.037643 0.049768
v -0.020890 0.016577 -0.158370
v -0.020489 0.003660 -0.153921
v -0.040686 0.009137 -0.146468
v -0.040814 0.021475 -0.150352
v -0.066627 -0.017134 -0.089220
v -0.069999 -0.014314 -0.075248
v -0.009606 0.010829 0.057129
v -0.006904 0.014173 0.052691
v -0.007569 0.011555 0.054420
v -0.007008 0.014132 0.052808
v -0.010347 0.009059 0.059632
v -0.012813 0.009455 0.060867
v -0.007989 0.007549 0.054625
v -0.007031 0.007650 0.055054
v -0.006969 0.011836 0.054598
v -0.007187 0.014191 0.052797
v -0.001739 0.007592 0.066959
v -0.002231 0.009765 0.069430
v -0.006004 0.010839 0.067944
v -0.004504 0.008843 0.066341
v -0.006085 0.014407 0.053584
v -0.005276 0.012288 0.055581
v -0.005012 0.011784 0.061366
v -0.006663 0.013476 0.056759
v -0.006508 0.014361 0.053958
v -0.006800 0.011955 0.060397
v -0.005794 0.005923 0.059851
v -0.008214 0.011556 0.058923
v -0.077077 -0.017917 -0.053908
v -0.056623 -0.060050 -0.026486
v -0.061279 -0.046998 -0.035080
v -0.060890 -0.048525 -0.040712
v -0.058235 -0.063354 -0.035679
v -0.080852 0.007039 -0.061300
v -0.066775 0.065631 -0.019429
v -0.067992 0.075235 -0.030832
v -0.073200 0.061687 -0.040080
v -0.072636 0.052264 -0.033063
v -0.068356 0.083196 -0.040728
v -0.073569 0.070814 -0.049278
v -0.076628 0.057204 -0.056453
v -0.078778 0.034409 -0.065558
v -0.042254 0.034374 0.024969
v -0.042449 0.034235 0.025144
v -0.040880 0.034234 0.026448
v -0.040966 0.034304 0.026254
v -0.041772 0.034420 0.024316
v -0.040419 0.034054 0.025465
v -0.042737 0.034605 0.023298
v -0.043245 0.034424 0.023890
v -0.043449 0.034242 0.024028
v -0.024469 0.035995 0.027875
v -0.025249 0.035975 0.027431
v -0.027980 0.035166 0.027735
v -0.027144 0.035498 0.028753
v -0.024236 0.035828 0.028351
v -0.027142 0.035278 0.029114
v -0.028399 0.036631 0.021735
v -0.027786 0.036963 0.021573
v -0.029280 0.036304 0.021869
v -0.022549 0.037598 0.025298
v -0.022807 0.038772 0.025177
v -0.027509 0.038096 0.021375
v -0.027378 0.037310 0.021409
v -0.022986 0.037001 0.025711
v -0.021263 0.036872 0.025731
v -0.020212 0.037296 0.025188
v -0.020381 0.038912 0.025200
v -0.032323 0.034278 0.029397
v -0.032529 0.033565 0.029629
v -0.027803 0.033985 0.029738
v -0.027429 0.034765 0.029447
v -0.032091 0.034677 0.029160
v -0.035594 0.034594 0.028290
v -0.035649 0.034161 0.028519
v -0.035817 0.033449 0.028701
v -0.024479 0.034875 0.029302
v -0.024393 0.035587 0.028799
v -0.035876 0.032759 0.028874
v -0.032773 0.032888 0.029715
v -0.028001 0.033329 0.029866
v -0.024412 0.034480 0.029504
v -0.021589 0.035538 0.028594
v -0.022756 0.035732 0.028602
v -0.032895 0.032058 0.029742
v -0.032738 0.031225 0.029860
v -0.027955 0.031736 0.030314
v -0.028064 0.032528 0.030049
v -0.035940 0.031930 0.028758
v -0.035891 0.031008 0.028818
v -0.044583 0.033940 0.022364
v -0.045119 0.034215 0.021422
v -0.045075 0.033699 0.021595
v -0.044721 0.033404 0.022132
v -0.047401 0.030508 0.019412
v -0.048351 0.031639 0.018334
v -0.049934 0.030678 0.016882
v -0.048828 0.029482 0.018528
v -0.057287 0.020387 0.016628
v -0.051223 0.026612 0.018393
v -0.052562 0.027591 0.015997
v -0.044053 0.033916 0.023172
v -0.043407 0.033859 0.024116
v -0.044059 0.034226 0.023110
v -0.044553 0.034330 0.022157
v -0.044217 0.033228 0.022974
v -0.043458 0.033211 0.024040
v -0.042455 0.033914 0.025215
v -0.042449 0.033205 0.025295
v -0.040813 0.033204 0.026666
v -0.040751 0.033957 0.026558
v -0.038530 0.034080 0.027561
v -0.038926 0.034401 0.027328
v -0.038691 0.033290 0.027716
v -0.040930 0.032508 0.026530
v -0.038802 0.032585 0.027738
v -0.042487 0.032477 0.025042
v -0.043553 0.032563 0.023735
v -0.044370 0.032672 0.022590
v -0.045042 0.032877 0.021735
v -0.045508 0.033367 0.021058
v -0.044723 0.031989 0.022118
v -0.045387 0.031084 0.021479
v -0.044133 0.030883 0.022911
v -0.043756 0.031854 0.023376
v -0.045578 0.032293 0.021120
v -0.046379 0.031466 0.020286
v -0.042637 0.031789 0.024691
v -0.042734 0.030910 0.024407
v -0.040948 0.030872 0.026062
v -0.040951 0.031744 0.026341
v -0.038490 0.031868 0.027541
v -0.038619 0.030882 0.027346
v -0.032090 0.034774 0.028907
v -0.031861 0.034572 0.027627
v -0.035283 0.034278 0.027079
v -0.035772 0.034592 0.028031
v -0.039112 0.034354 0.027164
v -0.038306 0.034028 0.026385
v -0.035150 0.033966 0.026024
v -0.033397 0.035457 0.021751
v -0.034644 0.035404 0.021389
v -0.037821 0.033836 0.025313
v -0.032056 0.034370 0.026442
v -0.031942 0.035658 0.021961
v -0.028810 0.035115 0.026440
v -0.030485 0.035964 0.021962
v -0.026106 0.035853 0.026615
v -0.033412 0.047367 0.026320
v -0.033397 0.047690 0.026707
v -0.038643 0.046836 0.025884
v -0.038138 0.046410 0.025650
v -0.051373 -0.012522 -0.123373
v -0.052665 0.000429 -0.131686
v -0.040343 -0.005563 -0.140294
v -0.040965 0.043840 0.025244
v -0.040905 0.044675 0.024848
v -0.043294 0.043141 0.023383
v -0.043183 0.042304 0.023673
v -0.041025 0.042912 0.025759
v -0.043003 0.041296 0.024121
v -0.038271 0.044501 0.027279
v -0.038266 0.045502 0.026690
v -0.038129 0.046175 0.026091
v -0.042106 0.038954 0.020541
v -0.041392 0.040009 0.021062
v -0.042115 0.040153 0.022393
v -0.043114 0.039098 0.021328
v -0.042687 0.038175 0.020112
v -0.043669 0.038197 0.020659
v -0.037586 0.037746 0.018728
v -0.037252 0.038177 0.018954
v -0.036725 0.038714 0.019326
v -0.037783 0.037370 0.018643
v -0.037943 0.036973 0.018661
v -0.037893 0.036597 0.018782
v -0.037764 0.036308 0.019007
v -0.059981 0.005162 0.020593
v -0.060017 0.015310 0.016949
v -0.062380 0.006985 0.015621
v -0.043834 0.034462 0.022904
v -0.044357 0.034642 0.021955
v -0.043271 0.034698 0.022427
v -0.043754 0.034921 0.021653
v -0.044881 0.035045 0.020987
v -0.045209 0.034741 0.021033
v -0.041042 0.034352 0.023533
v -0.036624 0.035549 0.020501
v -0.037127 0.035714 0.020065
v -0.041816 0.034719 0.022600
v -0.039763 0.033902 0.024423
v -0.035829 0.035413 0.020962
v -0.037302 0.035922 0.019685
v -0.037561 0.036082 0.019313
v -0.042094 0.034943 0.021862
v -0.042592 0.035222 0.021133
v -0.044137 0.035402 0.021015
v -0.043205 0.036205 0.020043
v -0.043231 0.036820 0.019908
v -0.044368 0.035920 0.020626
v -0.044424 0.036688 0.020326
v -0.043010 0.035645 0.020464
v -0.043014 0.037484 0.019925
v -0.044132 0.037344 0.020432
v -0.045421 0.034252 0.020980
v -0.045445 0.035110 0.020572
v -0.045960 0.036045 0.019764
v -0.045858 0.034193 0.020421
v -0.046490 0.034083 0.019642
v -0.046102 0.032902 0.020283
v -0.046831 0.036718 0.019042
v -0.047991 0.036976 0.017969
v -0.047680 0.033822 0.018610
v -0.047051 0.032400 0.019353
v -0.045112 0.035671 0.020468
v -0.045309 0.036292 0.020071
v -0.046259 0.038183 0.019933
v -0.046935 0.039019 0.019408
v -0.045679 0.037528 0.020337
v -0.045134 0.038654 0.021281
v -0.045531 0.039451 0.020984
v -0.046038 0.040247 0.020546
v -0.044574 0.040745 0.022271
v -0.044916 0.041637 0.021904
v -0.044287 0.039818 0.022578
v -0.045105 0.037247 0.020438
v -0.044601 0.038182 0.021147
v -0.043805 0.039287 0.022204
v -0.042701 0.040366 0.023882
v -0.040810 0.041868 0.025616
v -0.040188 0.041438 0.023971
v -0.038022 0.043468 0.027129
v -0.037422 0.042694 0.025598
v -0.033855 0.048809 0.027316
v -0.039548 0.048075 0.026274
v -0.036979 0.042206 0.023724
v -0.034435 0.039662 0.020640
v -0.032866 0.039826 0.021126
v -0.033811 0.042464 0.024812
v -0.023512 0.039692 0.025522
v -0.024404 0.040686 0.025899
v -0.028330 0.038945 0.021673
v -0.027840 0.038540 0.021521
v -0.021857 0.039924 0.026110
v -0.023315 0.041015 0.026632
v -0.028013 0.042078 0.025881
v -0.030044 0.039588 0.021783
v -0.029032 0.039291 0.021778
v -0.026176 0.041409 0.025817
v -0.027349 0.043059 0.027486
v -0.024937 0.041982 0.027091
v -0.034044 0.043501 0.026778
v -0.021938 0.052083 -0.162330
v -0.021651 0.036214 -0.162489
v -0.041009 0.039681 -0.154110
v -0.040813 0.053424 -0.154139
v -0.039401 0.041247 0.022429
v -0.035730 0.039243 0.019991
v -0.050600 0.055947 -0.146666
v -0.049701 0.064898 -0.145503
v -0.041136 0.065776 -0.151398
v -0.037536 -0.065208 -0.095443
v -0.027721 -0.076498 -0.101840
v -0.019631 0.039978 0.027215
v -0.021512 0.041378 0.027390
v -0.018373 0.038703 0.027057
v -0.017692 0.038526 0.027177
v -0.018865 0.039988 0.027195
v -0.020494 0.041550 0.027366
v -0.023742 0.042594 0.027659
v -0.022973 0.043098 0.027975
v -0.026489 0.044656 0.028666
v -0.026608 0.043774 0.028468
v -0.034014 0.044490 0.028078
v -0.034100 0.045499 0.028248
v -0.025911 0.045413 0.028010
v -0.022353 0.043508 0.027362
v -0.025216 0.046241 0.027240
v -0.022142 0.044472 0.026817
v -0.033823 0.047052 0.026822
v -0.034122 0.046441 0.027630
v -0.021386 0.036269 0.027887
v -0.019133 0.036652 0.027662
v -0.021946 0.036482 0.027596
v -0.019501 0.036844 0.027316
v -0.023102 0.036484 0.026834
v -0.018530 0.037413 0.027031
v -0.017809 0.037295 0.027321
v -0.024072 0.036466 0.026353
v -0.018125 0.039927 0.026803
v -0.016782 0.038341 0.027107
v -0.017050 0.040325 0.026004
v -0.016079 0.038382 0.026685
v -0.019436 0.042844 0.025914
v -0.019744 0.041619 0.026576
v -0.016860 0.037128 0.027323
v -0.017595 0.036575 0.027628
v -0.016135 0.037085 0.027204
v -0.016880 0.036382 0.027638
v -0.024178 0.033826 0.029708
v -0.023963 0.033166 0.029912
v -0.020847 0.035065 0.028820
v -0.020229 0.034623 0.028879
v -0.032481 0.030370 0.029918
v -0.035705 0.030090 0.028974
v -0.032058 0.029335 0.030204
v -0.035539 0.028924 0.029117
v -0.027150 0.030080 0.030992
v -0.027620 0.030939 0.030597
v -0.033104 -0.112820 -0.009179
v -0.046212 0.030028 0.020985
v -0.047325 0.028830 0.020567
v -0.045610 0.028462 0.022439
v -0.044726 0.029849 0.022522
v -0.043032 0.029768 0.024183
v -0.043511 0.028399 0.024340
v -0.041077 0.028454 0.026118
v -0.040877 0.029785 0.025954
v -0.038539 0.029912 0.027333
v -0.038688 0.028519 0.027673
v -0.049236 0.033061 0.017280
v -0.050121 0.036378 0.015937
v -0.050828 0.032138 0.015711
v -0.052309 0.035596 0.013902
v -0.015321 0.041413 0.026218
v -0.015011 0.038672 0.026482
v -0.013756 0.042374 0.027295
v -0.013605 0.039480 0.027406
v -0.014961 0.045426 0.027668
v -0.016916 0.044319 0.026188
v -0.015333 0.037179 0.027232
v -0.016178 0.036101 0.027614
v -0.014291 0.037154 0.027693
v -0.015364 0.035743 0.028187
v -0.023434 0.032460 0.030133
v -0.022896 0.031651 0.030466
v -0.019607 0.034153 0.029208
v -0.018793 0.033405 0.029554
v -0.049630 -0.021686 -0.116684
v -0.053232 0.015313 -0.137355
v -0.046743 0.051323 0.023039
v -0.044436 0.048772 0.024236
v -0.040920 0.050436 0.026171
v -0.042701 0.053780 0.025672
v -0.049621 0.054769 0.020193
v -0.052007 0.050691 0.017981
v -0.049436 0.048417 0.020541
v -0.047091 0.046586 0.022277
v -0.050956 0.039477 0.016108
v -0.049138 0.039767 0.017697
v -0.049176 0.041883 0.018708
v -0.051011 0.042201 0.017127
v -0.053086 0.039066 0.013967
v -0.053426 0.042619 0.014973
v -0.050444 0.045068 0.018730
v -0.048384 0.044106 0.020354
v -0.053031 0.046296 0.016599
v -0.023005 0.050777 0.028485
v -0.023550 0.048956 0.027345
v -0.020669 0.046523 0.026567
v -0.019280 0.047354 0.027378
v -0.021655 0.052313 0.029351
v -0.017201 0.048407 0.028328
v -0.035929 0.054886 0.028323
v -0.034949 0.051682 0.027916
v -0.024863 0.046774 0.026633
v -0.022853 0.045519 0.026755
v -0.024443 0.046938 0.026519
v -0.022161 0.045428 0.026589
v -0.058358 0.078957 -0.130223
v -0.060440 0.087162 -0.119099
v -0.044020 0.096587 -0.127558
v -0.043240 0.086975 -0.138176
v -0.040874 0.045075 0.024973
v -0.041590 0.045580 0.024717
v -0.044025 0.044111 0.023178
v -0.043389 0.043665 0.023474
v -0.045250 0.042247 0.021768
v -0.045879 0.042672 0.021582
v -0.046947 0.041233 0.020153
v -0.046409 0.041014 0.020386
v -0.047051 0.039946 0.019395
v -0.047548 0.039805 0.018942
v -0.022248 0.046417 0.026670
v -0.024304 0.047539 0.026875
v -0.052110 0.044127 -0.145572
v -0.044246 0.087223 0.004722
v -0.051234 0.082350 -0.001031
v -0.049176 0.077450 0.005568
v -0.042603 0.046706 0.024921
v -0.045190 0.045053 0.023130
v -0.046878 0.043321 0.021287
v -0.047876 0.041652 0.019802
v -0.048276 0.040411 0.018799
v -0.072059 -0.010529 -0.039701
v -0.072209 -0.010703 -0.041548
v -0.079111 -0.005934 -0.069190
v -0.077336 0.000667 -0.069409
v -0.076178 0.004350 -0.068471
v -0.079705 0.013989 -0.057177
v -0.081266 0.016518 -0.060658
v -0.082380 -0.022483 -0.058730
v -0.079231 -0.023517 -0.054555
v -0.082240 -0.021676 -0.059398
v -0.087745 0.010793 -0.068623
v -0.088242 0.008963 -0.069629
v -0.089226 0.008715 -0.069193
v -0.042958 -0.039444 -0.104069
v -0.047258 -0.029569 -0.111408
v -0.088530 0.007009 -0.070604
v -0.073787 -0.006566 -0.044914
v -0.080111 -0.006451 -0.069323
v -0.081610 -0.007358 -0.070972
v -0.082450 -0.012392 -0.070182
v -0.081754 -0.011760 -0.069616
v -0.081845 -0.017044 -0.067413
v -0.081250 -0.016160 -0.067071
v -0.083704 -0.019438 -0.062520
v -0.083802 -0.015779 -0.066173
v -0.082246 0.016663 -0.062103
v -0.082326 0.016012 -0.061141
v -0.083004 0.016627 -0.062467
v -0.074570 -0.007905 -0.046070
v -0.078071 0.011842 -0.056771
v -0.077722 0.010540 -0.054657
v -0.077381 0.010857 -0.055250
v -0.072515 -0.003806 -0.051184
v -0.072284 -0.003051 -0.051528
v -0.073698 -0.005206 -0.050423
v -0.075414 -0.006052 -0.048059
v -0.069651 -0.013730 -0.048635
v -0.069301 -0.014681 -0.049997
v -0.068732 -0.015280 -0.049230
v -0.085661 0.021533 -0.065876
v -0.077911 0.009670 -0.054022
v -0.079046 0.010576 -0.054582
v -0.079746 0.011538 -0.055132
v -0.083764 0.015984 -0.062384
v -0.080171 0.012371 -0.055564
v -0.079192 0.012364 -0.055793
v -0.080432 0.013753 -0.056956
v -0.078522 0.012373 -0.056217
v -0.074592 -0.013908 -0.062830
v -0.073592 -0.013609 -0.060814
v -0.073699 0.009024 -0.044006
v -0.074072 0.006798 -0.045960
v -0.078297 -0.023728 -0.052157
v -0.076125 0.011100 -0.063884
v -0.076983 0.013680 -0.066205
v -0.085535 -0.011968 -0.068158
v -0.079020 -0.016005 -0.057435
v -0.076928 -0.016715 -0.056004
v -0.081376 -0.015053 -0.059091
v -0.083150 -0.012851 -0.061098
v -0.074891 0.003073 -0.057011
v -0.083319 0.006116 -0.063502
v -0.083588 0.003876 -0.064199
v -0.082059 0.006532 -0.062297
v -0.077951 0.017058 -0.065093
v -0.078281 0.017257 -0.062759
v -0.075393 0.014008 -0.063726
v -0.078173 0.015562 -0.062082
v -0.071548 -0.010446 -0.048989
v -0.069447 -0.016550 -0.051516
v -0.071240 -0.015502 -0.053199
v -0.070559 -0.017353 -0.052373
v -0.071753 -0.016718 -0.054260
v -0.071929 -0.015843 -0.056047
v -0.072387 -0.014441 -0.057640
v -0.073726 -0.012567 -0.058104
v -0.071364 -0.006731 -0.050392
v -0.077803 0.019572 -0.053947
v -0.070898 -0.008477 -0.050033
v -0.072799 -0.005033 -0.050638
v -0.072733 -0.006653 -0.049934
v -0.072246 -0.008440 -0.049316
v -0.075626 -0.018345 -0.049277
v -0.075662 -0.017414 -0.052106
v -0.074370 -0.017583 -0.048703
v -0.075803 -0.017291 -0.054386
v -0.073305 -0.017156 -0.048356
v -0.077644 0.012004 -0.063359
v -0.078371 0.014803 -0.063663
v -0.072249 -0.007023 -0.038563
v -0.064512 0.010896 0.009425
v -0.065794 0.019000 0.001927
v -0.026367 -0.030664 0.042078
v -0.025556 -0.033382 0.043091
v -0.056881 0.003626 0.025408
v -0.052532 0.001975 0.030705
v -0.025323 -0.023733 0.052225
v -0.024496 -0.024266 0.052617
v -0.023606 -0.023478 0.052872
v -0.024401 -0.023521 0.052389
v -0.022355 -0.022988 0.051084
v -0.023140 -0.023671 0.050276
v -0.023306 -0.023312 0.051538
v -0.022521 -0.022757 0.052307
v -0.028775 -0.009405 0.049327
v -0.032451 -0.005806 0.046557
v -0.035282 -0.010300 0.046313
v -0.031989 -0.013154 0.048859
v -0.024912 -0.027332 0.043865
v -0.024782 -0.025678 0.043899
v -0.024007 -0.024828 0.046525
v -0.024036 -0.025712 0.046395
v -0.024806 -0.028321 0.044117
v -0.023879 -0.026031 0.046534
v -0.026366 -0.028944 0.041673
v -0.026208 -0.026356 0.041383
v -0.034116 -0.030736 0.048883
v -0.030586 -0.028222 0.050348
v -0.031546 -0.025228 0.050096
v -0.035087 -0.026298 0.048407
v -0.025288 0.002115 0.045844
v -0.029073 -0.001562 0.046278
v -0.026286 -0.005663 0.048509
v -0.022248 -0.001354 0.047568
v -0.018649 0.003309 0.047273
v -0.021395 0.006287 0.045309
v -0.016953 0.011967 0.049063
v -0.017530 0.008664 0.051027
v -0.016699 0.008296 0.054551
v -0.017143 0.010304 0.052947
v -0.015059 0.004013 0.054039
v -0.017538 0.006160 0.050111
v -0.011024 0.002770 0.054856
v -0.010840 0.003408 0.055788
v -0.015254 0.003282 0.052510
v -0.015511 0.001886 0.050827
v -0.011554 0.001898 0.053786
v -0.010229 0.004374 0.056597
v -0.013126 0.004828 0.056493
v -0.014580 0.007327 0.057414
v -0.003884 0.007437 0.064324
v -0.005082 0.009285 0.065918
v -0.008949 0.034552 0.043072
v -0.011839 0.030453 0.040999
v -0.009136 0.032410 0.045908
v -0.011842 0.028646 0.043606
v -0.013892 0.010312 0.060212
v -0.015325 0.011755 0.058285
v -0.011462 0.012202 0.063590
v -0.012385 0.014709 0.062769
v -0.003323 0.048789 0.038993
v -0.001995 0.002978 0.061170
v -0.002350 0.002268 0.060771
v -0.001682 0.004605 0.062528
v -0.022440 0.076599 -0.154590
v -0.022824 0.090849 -0.146107
v -0.021739 0.108144 -0.125999
v -0.019429 0.114727 -0.114659
v -0.005313 -0.013948 0.065026
v -0.005197 -0.011216 0.064476
v -0.012589 -0.021810 0.050233
v -0.007021 -0.021763 0.051605
v -0.006820 -0.022066 0.054809
v -0.012332 -0.022444 0.053593
v -0.016185 -0.022660 0.052021
v -0.016786 -0.021990 0.048640
v -0.012908 -0.020864 0.047572
v -0.007241 -0.020803 0.048525
v -0.011762 -0.022358 0.059109
v -0.006430 -0.021652 0.060967
v -0.006157 -0.019640 0.063208
v -0.011573 -0.020488 0.060916
v -0.018114 -0.002491 0.050443
v -0.014015 -0.001394 0.052937
v -0.009876 -0.000653 0.056369
v -0.006590 -0.000339 0.058944
v -0.005874 0.001681 0.058798
v -0.008393 0.001820 0.056541
v -0.005493 0.002570 0.058967
v -0.007876 0.002614 0.056944
v -0.007699 0.003329 0.057378
v -0.008126 0.004281 0.057480
v -0.006440 0.004562 0.058715
v -0.006906 0.005263 0.058422
v -0.005373 0.003333 0.059244
v -0.003890 0.029692 0.059633
v -0.003695 0.032439 0.056055
v -0.010018 -0.010103 0.062205
v -0.005284 -0.009187 0.063385
v -0.004215 -0.005163 0.061653
v -0.008684 -0.005691 0.060378
v -0.013354 -0.006985 0.058191
v -0.014964 -0.012203 0.060013
v -0.002727 0.001412 0.060527
v -0.010275 -0.012371 0.062903
v -0.010541 -0.014993 0.063042
v -0.015347 -0.014637 0.060561
v -0.015521 -0.017022 0.060489
v -0.019564 -0.015163 0.057380
v -0.018615 -0.009372 0.055735
v -0.024148 -0.011957 0.052984
v -0.023354 -0.018117 0.054939
v -0.031189 -0.022179 0.050504
v -0.026780 -0.024098 0.051830
v -0.026589 -0.022826 0.052084
v -0.026262 -0.021604 0.052644
v -0.030566 -0.019080 0.050866
v -0.034559 -0.021852 0.048711
v -0.033782 -0.017399 0.048753
v -0.028513 -0.015620 0.051550
v -0.025397 -0.020086 0.053461
v -0.025394 -0.022980 0.052551
v -0.024479 -0.023243 0.052542
v -0.024998 -0.022342 0.053120
v -0.024155 -0.022966 0.053063
v -0.024388 -0.021531 0.053892
v -0.023562 -0.022573 0.053774
v -0.022361 -0.021736 0.054933
v -0.022930 -0.020188 0.055181
v -0.022494 -0.023717 0.051506
v -0.021345 -0.023720 0.052385
v -0.021267 -0.023608 0.053548
v -0.022369 -0.023703 0.052447
v -0.023292 -0.023789 0.050709
v -0.023039 -0.023634 0.051845
v -0.023453 -0.024344 0.047066
v -0.022635 -0.023832 0.047628
v -0.023625 -0.023637 0.050160
v -0.023715 -0.023485 0.051157
v -0.023633 -0.023268 0.052335
v -0.023452 -0.023344 0.052617
v -0.022836 -0.023289 0.053259
v -0.021748 -0.022942 0.054295
v -0.015535 -0.019296 0.059785
v -0.019254 -0.019378 0.057733
v -0.019010 -0.021280 0.056922
v -0.015515 -0.021689 0.058533
v -0.018718 -0.022820 0.055896
v -0.017509 -0.021105 0.045906
v -0.015501 -0.023051 0.056787
v -0.020631 -0.022644 0.046370
v -0.021696 -0.021955 0.043748
v -0.019776 -0.023108 0.049686
v -0.024183 -0.024622 0.044340
v -0.023498 -0.023707 0.044574
v -0.025622 -0.024550 0.041539
v -0.024663 -0.023192 0.042029
v -0.018772 -0.023445 0.054446
v -0.019536 -0.017440 0.057836
v -0.010994 -0.017685 0.062203
v -0.005758 -0.016711 0.064264
v -0.004625 0.023453 0.067730
v -0.004305 0.026899 0.063455
v -0.022921 -0.022868 0.052925
v -0.010863 -0.120852 0.004106
v -0.025846 -0.025095 0.052149
v -0.024210 -0.030387 0.044690
v -0.023155 -0.026775 0.047155
v -0.031392 -0.034999 0.050681
v -0.026649 -0.037401 0.054621
v -0.024716 -0.033101 0.055245
v -0.028541 -0.031274 0.051891
v -0.021896 -0.027052 0.056387
v -0.024416 -0.025949 0.053631
v -0.023154 -0.024529 0.054298
v -0.020661 -0.024695 0.056893
v -0.019787 -0.022832 0.056979
v -0.022208 -0.023291 0.054415
v -0.017861 -0.020747 0.055506
v -0.013460 -0.019633 0.057611
v -0.013104 -0.024893 0.053823
v -0.017579 -0.025783 0.051663
v -0.021882 -0.026384 0.048553
v -0.021166 -0.022204 0.052167
v -0.018365 -0.020695 0.056203
v -0.021172 -0.021909 0.053578
v -0.014131 -0.019440 0.058879
v -0.021525 -0.117546 -0.001155
v -0.021701 -0.022347 0.054111
v -0.019017 -0.021308 0.056485
v -0.014875 -0.020209 0.059675
v -0.015801 -0.022097 0.060478
v -0.016623 -0.024550 0.061099
v -0.017400 -0.027558 0.060875
v -0.019598 -0.035211 0.059481
v -0.021049 -0.040354 0.059208
v -0.013200 -0.035933 0.062847
v -0.014397 -0.041213 0.063539
v -0.012329 -0.027774 0.064498
v -0.011974 -0.024089 0.064927
v -0.011245 -0.021335 0.063891
v -0.010562 -0.019322 0.062600
v -0.003328 -0.000266 0.060390
v -0.005201 0.004996 0.060025
v -0.004065 0.005980 0.062048
v -0.007337 0.010952 0.066351
v -0.001563 0.006034 0.064555
v -0.010001 0.012396 0.065464
v -0.008269 0.012254 0.067025
v -0.008940 0.014075 0.067510
v -0.010149 0.014406 0.066203
v -0.006734 0.011985 0.068441
v -0.008042 0.014130 0.068636
v -0.002602 0.011267 0.070585
v -0.003429 0.015071 0.071906
v -0.004439 0.020350 0.070411
v -0.003862 0.017314 0.071842
v -0.009358 0.015790 0.067761
v -0.010595 0.017186 0.065699
v -0.010850 0.019712 0.062932
v -0.013004 0.016841 0.059768
v -0.010177 0.128285 -0.072690
v -0.009771 -0.018313 0.061472
v -0.008749 -0.018614 0.059746
v -0.013084 -0.035954 0.049382
v -0.013014 -0.031351 0.050800
v -0.008238 -0.031156 0.052409
v -0.008285 -0.035719 0.051159
v -0.004622 -0.018213 0.060803
v -0.004574 -0.024268 0.056267
v -0.008388 -0.024488 0.055355
v -0.005016 -0.018010 0.062703
v -0.005533 -0.018919 0.064200
v -0.006093 -0.020991 0.065885
v -0.004482 -0.031228 0.053192
v -0.004576 -0.036023 0.051982
v -0.022595 -0.031309 0.046056
v -0.023051 -0.035435 0.044793
v -0.017960 -0.031859 0.048824
v -0.018374 -0.035742 0.047475
v -0.007572 -0.040753 0.066441
v -0.006755 -0.035874 0.065121
v -0.006716 -0.024002 0.066822
v -0.006739 -0.027965 0.066439
v -0.022644 0.100555 -0.136928
v -0.062737 0.083626 -0.024922
v -0.061116 0.078507 -0.015873
v -0.054252 0.087173 -0.010234
v -0.056306 0.091092 -0.018558
v -0.063312 0.089600 -0.034537
v -0.056815 0.096027 -0.027521
v -0.039827 0.116687 -0.090158
v -0.040353 0.118804 -0.075986
v -0.021335 0.125475 -0.073366
v -0.034723 0.114036 -0.103931
v -0.047142 0.104158 -0.111433
v -0.049266 0.110514 -0.092862
v -0.049146 0.113289 -0.077760
v -0.027737 -0.087054 -0.104474
v -0.053088 0.027294 -0.141279
v -0.047838 0.114966 -0.063977
v -0.039678 0.119685 -0.062069
v -0.039190 0.119089 -0.049277
v -0.046540 0.115001 -0.052007
v -0.021175 0.125934 -0.058717
v -0.010131 0.128514 -0.057387
v -0.020113 -0.010598 -0.147052
v -0.003579 0.035227 0.052740
v -0.048354 -0.052635 -0.086484
v -0.057420 -0.050971 -0.068660
v -0.059797 -0.100369 -0.045525
v -0.070037 -0.026196 -0.052773
v -0.069748 -0.025611 -0.053572
v -0.059098 -0.063440 -0.047915
v -0.060358 -0.049702 -0.049811
v -0.039177 -0.052622 -0.098272
v -0.078419 -0.017426 -0.065769
v -0.079186 -0.013994 -0.067481
v -0.079638 -0.018281 -0.065308
v -0.080343 -0.014620 -0.067324
v -0.080358 -0.010480 -0.068734
v -0.080227 -0.019864 -0.064189
v -0.078220 0.017404 -0.061151
v -0.079801 0.019087 -0.060353
v -0.069374 -0.026916 -0.048337
v -0.069324 -0.026558 -0.050011
v -0.068671 -0.026792 -0.049242
v -0.068515 -0.026992 -0.047812
v -0.069087 -0.027480 -0.046635
v -0.068254 -0.027356 -0.046650
v -0.077783 0.035393 -0.056927
v -0.066790 -0.027204 -0.050211
v -0.068975 -0.025985 -0.052977
v -0.068921 -0.026295 -0.051386
v -0.068438 -0.026896 -0.049899
v -0.067767 -0.027404 -0.047993
v -0.067705 -0.028004 -0.046161
v -0.068415 -0.028462 -0.045308
v -0.080525 -0.021051 -0.064282
v -0.073569 -0.028638 -0.050771
v -0.077178 0.010293 -0.065528
v -0.077145 0.008169 -0.066791
v -0.079327 0.009382 -0.068493
v -0.079228 0.011665 -0.067433
v -0.059708 -0.018716 -0.104887
v -0.061912 -0.009659 -0.111816
v -0.014386 -0.085365 -0.108484
v -0.014161 -0.074190 -0.107224
v -0.075854 0.024304 -0.103324
v -0.077176 0.011983 -0.064470
v -0.079340 0.013542 -0.066354
v -0.079356 -0.009949 -0.068676
v -0.075172 0.011881 -0.064662
v -0.075494 0.009989 -0.065704
v -0.080493 0.014737 -0.068239
v -0.080335 0.012593 -0.069362
v -0.080649 0.010009 -0.070354
v -0.075771 0.007858 -0.066783
v -0.077980 0.015222 -0.066559
v -0.080045 0.058625 -0.086003
v -0.079335 0.050248 -0.098661
v -0.076638 0.074497 -0.092736
v -0.075692 0.066693 -0.106771
v -0.071284 0.057857 -0.121262
v -0.074763 0.040415 -0.113004
v -0.078214 0.017463 -0.061561
v -0.080664 0.020014 -0.061122
v -0.063732 0.094356 -0.043497
v -0.068857 0.088118 -0.049672
v -0.056906 0.100312 -0.035749
v -0.056664 0.104150 -0.043440
v -0.063025 0.098987 -0.051584
v -0.070295 0.090044 -0.062204
v -0.079073 0.052315 -0.069514
v -0.078282 0.066594 -0.073161
v -0.075268 0.073149 -0.060581
v -0.074584 0.082282 -0.078312
v -0.066001 0.097743 -0.070296
v -0.069702 0.091420 -0.083965
v -0.058873 0.105288 -0.075799
v -0.061010 0.100570 -0.089858
v -0.060871 0.094934 -0.105093
v -0.071366 0.084611 -0.098121
v -0.061096 0.103164 -0.058762
v -0.054983 0.107760 -0.049762
v -0.055977 0.108735 -0.063494
v -0.052658 0.110806 -0.055061
v -0.073275 0.076209 -0.053764
v -0.063059 -0.032818 -0.044673
v -0.065095 -0.032307 -0.039284
v -0.069842 -0.020252 -0.033148
v -0.068558 0.010926 -0.003285
v -0.068492 0.022852 -0.008622
v -0.071742 0.012874 -0.017284
v -0.070178 -0.001241 -0.012298
v -0.066930 0.035957 -0.013389
v -0.070670 0.026646 -0.021902
v -0.070857 0.040114 -0.027069
v -0.067060 0.049732 -0.017005
v -0.062676 0.049673 -0.135090
v -0.065028 0.033614 -0.129883
v -0.065538 0.021470 -0.125548
v -0.047655 0.072490 0.010564
v -0.022237 0.066678 -0.158947
v -0.046458 0.092804 -0.003920
v -0.054844 0.069568 -0.139415
v -0.041840 0.074252 -0.147139
v -0.070625 0.077028 -0.112046
v -0.067470 0.069377 -0.124325
v -0.059551 0.060334 -0.137666
v -0.064702 0.006111 -0.120390
v -0.047122 0.112572 -0.043767
v -0.055597 0.038334 0.011079
v -0.054788 0.033647 0.011276
v -0.056015 0.043302 0.011573
v -0.053323 0.029238 0.014052
v -0.015248 0.026649 0.039494
v -0.014845 0.025163 0.041848
v -0.014678 0.023036 0.044209
v -0.018259 0.022030 0.040374
v -0.017808 0.019491 0.042698
v -0.011514 0.024586 0.049457
v -0.011822 0.026561 0.046383
v -0.014124 0.021077 0.046666
v -0.013958 0.018460 0.049079
v -0.011692 0.022079 0.052201
v -0.018167 0.005667 0.047980
v -0.019051 0.009920 0.045476
v -0.016483 0.014281 0.046602
v -0.021501 0.016450 0.041848
v -0.020407 0.013508 0.043729
v -0.017068 0.017173 0.044633
v -0.022467 0.019267 0.039411
v -0.014924 0.015597 0.052097
v -0.015857 0.013125 0.055729
v -0.012179 0.019394 0.055977
v -0.010367 0.022178 0.058968
v -0.009823 0.025028 0.055151
v -0.018919 0.023784 0.038194
v -0.023678 0.021434 0.037412
v -0.024059 0.010149 0.043849
v -0.028600 0.006974 0.044171
v -0.026075 0.013931 0.041422
v -0.030343 0.011314 0.041474
v -0.027117 0.017051 0.039125
v -0.031610 0.014574 0.038936
v -0.032614 0.003000 0.044438
v -0.036198 -0.001104 0.044201
v -0.039324 -0.006829 0.043711
v -0.038996 0.003564 0.041330
v -0.042779 -0.002144 0.040573
v -0.040829 0.008250 0.038230
v -0.045386 0.002702 0.037282
v -0.034895 0.007980 0.041432
v -0.036485 0.011566 0.038649
v -0.032663 0.017745 0.036397
v -0.028310 0.019813 0.036912
v -0.041712 0.017811 0.032319
v -0.041632 0.013003 0.035242
v -0.037233 0.015461 0.035794
v -0.037632 0.019346 0.033125
v -0.046816 0.008966 0.033986
v -0.046344 0.015883 0.031088
v -0.045412 0.020309 0.028621
v -0.031383 0.027623 0.031164
v -0.026571 0.028495 0.031836
v -0.035023 0.027009 0.030162
v -0.041321 0.021367 0.030119
v -0.037891 0.022300 0.031280
v -0.049291 0.026008 0.020881
v -0.047001 0.025725 0.023260
v -0.041283 0.026101 0.027417
v -0.038359 0.026474 0.028864
v -0.044295 0.025868 0.025477
v -0.021955 0.030062 0.031481
v -0.017357 0.032032 0.031053
v -0.056113 -0.063505 -0.064439
v -0.009266 0.027728 0.052174
v -0.009202 0.030027 0.048966
v -0.014591 0.049123 0.029834
v -0.012338 0.046187 0.029744
v -0.006563 0.048142 0.036440
v -0.018401 0.053734 0.031298
v -0.014111 0.034702 0.030452
v -0.012289 0.037166 0.029825
v -0.011329 0.039898 0.029654
v -0.011125 0.043120 0.029578
v -0.029657 0.067061 0.029680
v -0.026244 0.061055 0.032503
v -0.057592 0.073906 -0.005728
v -0.061367 0.064703 -0.008065
v -0.050589 0.059336 0.016033
v -0.053722 0.054494 0.013801
v -0.055576 0.048900 0.012265
v -0.063269 0.052871 -0.008616
v -0.064048 0.040703 -0.006553
v -0.065202 0.029366 -0.003075
v -0.048526 0.101733 -0.020198
v -0.048371 0.105882 -0.028068
v -0.048102 0.097284 -0.011989
v -0.038919 0.116906 -0.039182
v -0.039046 0.114202 -0.030017
v -0.047939 0.109545 -0.035870
v -0.039557 0.110609 -0.021821
v -0.039931 0.106465 -0.014039
v -0.039473 0.102118 -0.005871
v -0.038288 0.097416 0.002169
v -0.036498 0.090630 0.010217
v -0.047446 -0.064357 -0.083272
v -0.006967 0.014392 0.052847
v -0.006552 0.014415 0.053326
v -0.006719 0.014341 0.052676
v -0.006238 0.014404 0.053199
v -0.006606 0.014044 0.053388
v -0.006571 0.006752 0.057502
v -0.005645 0.008583 0.056201
v -0.006037 0.011946 0.054775
v -0.069040 -0.027103 -0.034142
v -0.058423 -0.097118 -0.060789
v -0.054671 -0.094570 -0.074021
v 0.056730 -0.096508 -0.060362
v 0.052841 -0.093978 -0.073658
v 0.020947 -0.124206 -0.003804
v 0.033039 -0.120372 -0.010406
v 0.034092 -0.129550 -0.012578
v 0.021548 -0.132999 -0.006727
v 0.060296 -0.114503 -0.067326
v 0.058062 -0.105572 -0.062381
v 0.054329 -0.102827 -0.077202
v 0.057519 -0.111508 -0.083144
v 0.047195 -0.101259 -0.090253
v 0.050327 -0.110803 -0.096678
v 0.039585 -0.111293 -0.106955
v 0.037383 -0.100170 -0.100338
v 0.025446 -0.099312 -0.108264
v 0.026918 -0.111597 -0.113924
v 0.045063 -0.115984 -0.019764
v 0.054135 -0.111804 -0.032230
v 0.055401 -0.121502 -0.035392
v 0.046090 -0.125421 -0.021987
v 0.058773 -0.108421 -0.046406
v 0.060205 -0.117962 -0.050817
v 0.013060 -0.111779 -0.116907
v 0.012230 -0.098620 -0.111274
v 0.023219 -0.154163 -0.011933
v 0.010120 -0.157159 -0.011013
v 0.010235 -0.145600 -0.006967
v 0.022391 -0.143302 -0.009487
v 0.053946 -0.157392 -0.030726
v 0.067947 -0.150861 -0.043748
v 0.074277 -0.159604 -0.040715
v 0.058139 -0.167487 -0.028143
v 0.095961 -0.157135 -0.052251
v 0.105398 -0.146581 -0.073926
v 0.038184 -0.161640 -0.020126
v 0.040495 -0.171559 -0.017121
v -0.001171 -0.124316 -0.124291
v -0.001220 -0.111831 -0.116716
v 0.095444 -0.141305 -0.077186
v 0.094712 -0.138145 -0.101274
v 0.106953 -0.143892 -0.099007
v 0.053207 -0.160306 -0.140470
v 0.053516 -0.167094 -0.143377
v 0.068553 -0.162867 -0.139984
v 0.064386 -0.156099 -0.137191
v 0.073858 -0.125970 -0.096379
v 0.062896 -0.127002 -0.111482
v 0.070971 -0.134650 -0.116936
v 0.084074 -0.132047 -0.100436
v 0.036166 -0.144006 -0.134257
v 0.054135 -0.138979 -0.127644
v 0.048457 -0.131871 -0.122661
v 0.032179 -0.133391 -0.128969
v 0.085835 -0.136343 -0.077950
v 0.075579 -0.130607 -0.076210
v 0.078262 -0.144133 -0.059725
v 0.070191 -0.136824 -0.058733
v 0.062404 -0.142022 -0.042901
v 0.055804 -0.119523 -0.104307
v 0.043445 -0.121236 -0.114946
v 0.029106 -0.122979 -0.121459
v 0.014001 -0.123977 -0.124313
v -0.000848 -0.173300 -0.142088
v -0.000892 -0.160858 -0.140689
v 0.017454 -0.147367 -0.136366
v 0.015647 -0.135475 -0.131298
v 0.086638 -0.150510 -0.057647
v 0.063757 -0.127891 -0.055740
v 0.058207 -0.131879 -0.039520
v 0.064431 -0.174243 -0.017604
v 0.082700 -0.168011 -0.032709
v 0.044583 -0.178930 -0.006937
v 0.026552 -0.182681 -0.000452
v 0.018963 -0.159579 -0.139606
v 0.018333 -0.171735 -0.141515
v 0.037579 -0.169199 -0.142017
v 0.041172 -0.156452 -0.139020
v 0.050589 -0.146806 -0.028725
v 0.037083 -0.150939 -0.018116
v 0.023433 -0.164406 -0.012994
v 0.064103 -0.119360 -0.089790
v 0.066033 -0.123028 -0.072461
v 0.048143 -0.135810 -0.025486
v 0.035423 -0.140106 -0.015645
v 0.009927 -0.135564 -0.003097
v 0.024473 -0.174021 -0.009203
v 0.095955 -0.149220 -0.119155
v 0.082875 -0.156784 -0.132241
v 0.075753 -0.152556 -0.131590
v -0.001106 -0.148281 -0.137419
v -0.000964 -0.146950 -0.007067
v -0.001357 -0.157429 -0.011101
v -0.000612 -0.136593 -0.002383
v 0.080324 -0.143707 -0.122288
v 0.059949 -0.148456 -0.132890
v -0.000515 -0.128543 0.002015
v -0.001288 -0.098398 -0.111372
v -0.001533 -0.168744 -0.014175
v -0.001481 -0.180488 -0.010686
v -0.001304 -0.189349 -0.000289
v 0.010031 -0.127244 0.000844
v 0.010931 -0.178076 -0.009293
v 0.010267 -0.167388 -0.012793
v 0.011939 -0.187247 0.000119
v -0.001001 -0.136713 -0.131963
v -0.021723 -0.124600 -0.004246
v -0.033743 -0.120748 -0.010997
v -0.035098 -0.129903 -0.013007
v -0.022522 -0.133278 -0.007064
v -0.061961 -0.115175 -0.067835
v -0.059801 -0.106282 -0.062870
v -0.056225 -0.103413 -0.077591
v -0.059409 -0.112040 -0.083536
v -0.049283 -0.101748 -0.090530
v -0.052390 -0.111223 -0.096943
v -0.041715 -0.111630 -0.107160
v -0.039590 -0.100557 -0.100527
v -0.027709 -0.099604 -0.108365
v -0.029100 -0.111834 -0.114093
v -0.046031 -0.116577 -0.020361
v -0.055133 -0.112677 -0.032910
v -0.056390 -0.122038 -0.035940
v -0.047246 -0.125844 -0.022427
v -0.060370 -0.109334 -0.046950
v -0.061497 -0.118820 -0.051368
v -0.015330 -0.111947 -0.116938
v -0.014678 -0.098791 -0.111298
v -0.025111 -0.154171 -0.011767
v -0.012301 -0.156629 -0.010689
v -0.011725 -0.145524 -0.007026
v -0.023909 -0.143440 -0.009674
v -0.055080 -0.158575 -0.031523
v -0.069044 -0.151705 -0.044685
v -0.075427 -0.160388 -0.041584
v -0.059740 -0.168077 -0.028336
v -0.097157 -0.157944 -0.052934
v -0.106724 -0.147303 -0.074466
v -0.040011 -0.162227 -0.020199
v -0.042750 -0.172432 -0.016961
v -0.096899 -0.141939 -0.077513
v -0.096381 -0.138659 -0.101445
v -0.108551 -0.144612 -0.098779
v -0.055045 -0.160567 -0.140616
v -0.055353 -0.167329 -0.143469
v -0.070296 -0.163315 -0.139759
v -0.066204 -0.156463 -0.137215
v -0.075678 -0.126393 -0.096673
v -0.064646 -0.128572 -0.111771
v -0.072817 -0.135040 -0.117180
v -0.085787 -0.132509 -0.100699
v -0.038098 -0.144189 -0.134488
v -0.056055 -0.139310 -0.127940
v -0.050194 -0.130399 -0.122550
v -0.034141 -0.133566 -0.129075
v -0.087365 -0.136868 -0.078423
v -0.077126 -0.131086 -0.076688
v -0.079637 -0.144752 -0.060388
v -0.071569 -0.137430 -0.059454
v -0.063359 -0.142799 -0.044001
v -0.057763 -0.119888 -0.104574
v -0.045496 -0.121510 -0.115127
v -0.031219 -0.123168 -0.121527
v -0.015806 -0.126644 -0.124453
v -0.019551 -0.147293 -0.136419
v -0.018021 -0.136137 -0.131475
v -0.087909 -0.151283 -0.058432
v -0.064993 -0.128600 -0.056526
v -0.059316 -0.132510 -0.040423
v -0.066410 -0.175307 -0.017443
v -0.084105 -0.168736 -0.033207
v -0.047031 -0.179892 -0.006511
v -0.029172 -0.183172 -0.000030
v -0.020958 -0.159603 -0.139806
v -0.020153 -0.171771 -0.141579
v -0.039272 -0.169343 -0.142410
v -0.043024 -0.156630 -0.139313
v -0.052010 -0.147423 -0.029513
v -0.038917 -0.151313 -0.018092
v -0.025759 -0.164943 -0.013000
v -0.065965 -0.119813 -0.090159
v -0.067704 -0.123607 -0.072980
v -0.049622 -0.136239 -0.026017
v -0.036919 -0.140455 -0.016019
v -0.011379 -0.135694 -0.003363
v -0.027156 -0.174637 -0.008956
v -0.097618 -0.149603 -0.119694
v -0.084612 -0.157142 -0.132492
v -0.077526 -0.152852 -0.131854
v -0.082091 -0.144115 -0.122556
v -0.061776 -0.148713 -0.133227
v -0.011043 -0.127406 0.000451
v -0.013694 -0.178475 -0.009066
v -0.012898 -0.167794 -0.012812
v -0.014405 -0.187318 0.000283
v -0.007002 0.014016 0.053023
v -0.067864 -0.024845 -0.011450
v -0.067160 -0.033862 -0.017365
v -0.063896 -0.043588 -0.007858
v -0.065181 -0.033547 -0.001600
v -0.059011 -0.052142 0.001748
v -0.062141 -0.040777 0.006275
v -0.053131 -0.058615 0.011921
v -0.057781 -0.046985 0.015085
v -0.048267 -0.061175 0.022892
v -0.052985 -0.050604 0.024205
v -0.033957 -0.058723 0.046808
v -0.032065 -0.065140 0.043005
v -0.025374 -0.065276 0.052296
v -0.026008 -0.060042 0.056277
v -0.017982 -0.065547 0.059980
v -0.018568 -0.060686 0.063668
v -0.009900 -0.065220 0.064319
v -0.009899 -0.060475 0.068126
v -0.000185 -0.064601 0.066365
v -0.000177 -0.059641 0.069938
v -0.000122 -0.049332 0.071007
v -0.008822 -0.050031 0.069910
v -0.009371 -0.055417 0.069691
v -0.000214 -0.054857 0.071269
v -0.016338 -0.050142 0.066031
v -0.017806 -0.055911 0.065352
v -0.023131 -0.049301 0.059976
v -0.025033 -0.055150 0.058552
v -0.030760 -0.047247 0.052346
v -0.032762 -0.053286 0.050043
v -0.036874 -0.043752 0.047192
v -0.040273 -0.047980 0.043141
v -0.009074 -0.070073 0.057540
v -0.000198 -0.069082 0.060227
v -0.016626 -0.070468 0.053481
v -0.023559 -0.070058 0.046615
v -0.029485 -0.069891 0.038587
v -0.041836 -0.062343 0.033342
v -0.035633 -0.070353 0.028882
v -0.042719 -0.068060 0.019526
v -0.047637 -0.066110 0.007724
v -0.055035 -0.059746 -0.003648
v -0.061594 -0.050377 -0.014806
v -0.065589 -0.039727 -0.024255
v -0.068517 -0.027034 -0.024193
v -0.014952 -0.045786 0.065432
v -0.008178 -0.045241 0.068594
v -0.021131 -0.045091 0.060360
v -0.028349 -0.042404 0.053789
v -0.034254 -0.039282 0.049186
v -0.038987 -0.027599 0.045981
v -0.037827 -0.033751 0.046979
v -0.037500 -0.015715 0.045939
v -0.038352 -0.021551 0.045983
v -0.045586 -0.010369 0.039427
v -0.047154 -0.019507 0.038180
v -0.042865 -0.021354 0.042426
v -0.041664 -0.013533 0.042904
v -0.049093 -0.005105 0.035271
v -0.051244 -0.016312 0.033246
v -0.008144 -0.073948 0.051381
v -0.000219 -0.073724 0.052690
v -0.014824 -0.074455 0.047769
v -0.020643 -0.075302 0.040962
v -0.024885 -0.076720 0.032969
v -0.029648 -0.077634 0.024220
v -0.034604 -0.077507 0.014012
v -0.040991 -0.075202 0.002871
v -0.049704 -0.068543 -0.009337
v -0.058575 -0.056439 -0.021292
v -0.062650 -0.045087 -0.030680
v -0.021284 -0.088202 0.018624
v -0.017376 -0.085167 0.026451
v -0.014005 -0.083073 0.033682
v -0.010914 -0.081399 0.039279
v -0.006343 -0.082871 0.038638
v -0.000115 -0.084262 0.037820
v -0.005543 -0.088065 0.029205
v 0.000118 -0.088808 0.029878
v -0.007872 -0.092474 0.023681
v 0.000162 -0.093113 0.025145
v -0.010165 -0.097333 0.019494
v 0.000016 -0.099844 0.020173
v -0.041308 -0.037396 0.044282
v -0.045561 -0.039424 0.039343
v -0.047407 -0.029395 0.037899
v -0.051822 -0.027939 0.032027
v -0.050319 -0.040260 0.032697
v -0.043169 -0.029578 0.042737
v -0.055669 -0.038360 0.024408
v -0.056334 -0.024752 0.025249
v -0.055174 -0.011229 0.028012
v -0.059681 -0.020012 0.019086
v -0.059830 -0.034123 0.016297
v -0.058654 -0.007896 0.022670
v -0.061371 -0.004537 0.017722
v -0.062099 -0.016164 0.013616
v -0.062601 -0.028519 0.009902
v -0.045568 -0.053333 0.034932
v -0.064820 -0.023378 0.003253
v -0.063691 -0.001579 0.012285
v -0.064156 -0.012021 0.007869
v -0.066082 0.002672 0.005312
v -0.066849 -0.007804 -0.001082
v -0.067508 -0.017222 -0.006506
v -0.069619 -0.018187 -0.021914
v -0.000161 -0.044528 0.069761
v -0.063433 -0.032182 -0.049316
v -0.021769 -0.007729 0.051936
v -0.016493 -0.005340 0.054348
v -0.011588 -0.003882 0.057288
v -0.007531 -0.003003 0.059597
v -0.003615 -0.002678 0.060976
v -0.000239 -0.115416 0.010874
v 0.000585 0.061928 0.037205
v -0.000166 -0.106833 0.015689
v -0.000169 -0.036044 0.052370
v 0.000154 0.129742 -0.056518
v -0.000173 -0.039980 0.068109
v -0.000117 -0.030933 0.053684
v 0.000355 0.028088 0.065208
v -0.000171 -0.036006 0.066406
v -0.000073 -0.024326 0.067798
v 0.000034 -0.018615 0.064740
v 0.000665 0.095565 0.020386
v 0.000020 -0.020708 0.066624
v -0.000083 -0.000541 0.060903
v 0.000396 0.024745 0.069366
v -0.000002 -0.017640 0.062996
v -0.001337 -0.052914 -0.112279
v -0.000085 -0.028334 0.067005
v -0.000146 -0.023924 0.056721
v -0.000044 -0.017781 0.061247
v 0.000213 -0.021084 0.048999
v 0.000025 -0.003299 0.061403
v 0.000566 0.041701 0.047628
v -0.001209 -0.021903 -0.140797
v 0.000492 0.039331 0.050747
v 0.000250 0.115389 -0.001935
v 0.000540 0.104349 0.012916
v 0.000395 0.031300 0.061046
v -0.000670 0.035141 -0.165828
v -0.000525 0.051904 -0.165992
v 0.000590 0.079844 0.029489
v 0.000084 0.115792 -0.118291
v 0.000442 0.021329 0.072221
v 0.000019 0.005608 0.064741
v 0.000163 0.126593 -0.030380
v -0.000963 0.002117 -0.156607
v -0.000077 0.101963 -0.140359
v 0.000132 -0.019425 0.064073
v 0.000156 0.128617 -0.042971
v 0.000159 -0.021467 0.061501
v 0.000209 0.010776 0.071382
v -0.001098 -0.011829 -0.149293
v -0.000837 0.015112 -0.161250
v -0.000004 -0.009629 0.063665
v -0.000003 -0.005899 0.061984
v 0.000008 0.109695 -0.129925
v 0.000752 0.067843 0.035383
v 0.000043 -0.011991 0.065048
v 0.000625 0.049367 0.040597
v 0.000111 -0.014287 0.065748
v -0.000393 -0.122153 0.006222
v -0.000289 0.077866 -0.158024
v 0.000118 -0.016763 0.065108
v 0.000197 -0.021960 0.055522
v 0.000515 0.034299 0.057290
v 0.000204 -0.021756 0.052226
v 0.000629 0.086718 0.025595
v -0.000066 0.002179 0.061560
v -0.000021 0.002848 0.062009
v 0.000528 0.047068 0.041926
v 0.000301 0.110468 0.005694
v 0.000723 0.051813 0.039858
v -0.000028 0.001397 0.061194
v -0.000393 0.067578 -0.162511
v 0.000139 0.123684 -0.102152
v 0.000146 0.127219 -0.089366
v 0.000489 0.044139 0.044684
v 0.000620 0.036985 0.053769
v -0.001304 -0.062823 -0.108788
v 0.000380 0.014775 0.073381
v 0.000428 0.017746 0.073601
v 0.000178 0.123433 -0.019297
v -0.001261 -0.030097 -0.134022
v 0.000151 0.129918 -0.072352
v 0.000208 0.119604 -0.010071
v -0.001313 -0.043742 -0.120058
v -0.001280 -0.036713 -0.128476
v 0.000123 0.009189 0.069878
v 0.000544 0.054889 0.038831
v 0.000046 0.007116 0.067131
v -0.000173 0.092499 -0.149478
v 0.000017 0.004064 0.062943
v 0.006885 0.013986 0.053145
v 0.066976 -0.024010 -0.010624
v 0.065471 -0.032772 -0.016774
v 0.062373 -0.042700 -0.007151
v 0.064268 -0.032854 -0.000731
v 0.057984 -0.051426 0.002391
v 0.061396 -0.040139 0.007033
v 0.052219 -0.057989 0.012322
v 0.057101 -0.046419 0.015701
v -0.004147 0.010286 0.068772
v -0.003154 0.008178 0.066696
v 0.047566 -0.060723 0.023223
v 0.052468 -0.050218 0.024664
v -0.015140 0.037892 0.026795
v -0.007933 0.003952 0.057459
v -0.006990 0.027858 0.057809
v -0.013956 0.038212 0.027472
v 0.033394 -0.058335 0.046852
v 0.031468 -0.064738 0.042999
v 0.024563 -0.064712 0.052022
v 0.025276 -0.059660 0.056027
v -0.010484 0.004088 0.056308
v 0.017291 -0.065165 0.059780
v 0.018004 -0.060503 0.063535
v 0.009419 -0.065129 0.064307
v 0.009567 -0.060504 0.068229
v -0.006557 0.033189 0.051014
v -0.008219 0.039345 0.036592
v 0.008419 -0.050019 0.070190
v 0.008984 -0.055492 0.069945
v -0.006567 0.030485 0.054508
v -0.015750 0.007561 0.055883
v -0.014114 0.004520 0.055356
v -0.006862 0.016625 0.070028
v -0.007784 0.019096 0.068487
v 0.015860 -0.050236 0.066121
v -0.007501 0.013224 0.068636
v -0.004752 0.011659 0.069642
v 0.017213 -0.055965 0.065344
v -0.016584 0.037737 0.027162
v -0.027229 0.037683 0.021323
v -0.006040 0.014689 0.070348
v -0.002955 0.012858 0.071376
v -0.019833 0.038136 0.024964
v -0.015933 0.037824 0.026907
v -0.011924 0.013616 0.063323
v -0.006851 0.039230 0.040999
v 0.022553 -0.049309 0.060025
v 0.024329 -0.055008 0.058504
v 0.030249 -0.047126 0.052595
v 0.032179 -0.053054 0.050217
v -0.014588 0.011193 0.059395
v 0.036496 -0.043603 0.047718
v 0.039779 -0.047779 0.043569
v 0.008744 -0.069916 0.057388
v -0.017403 0.037834 0.027063
v -0.018011 0.038004 0.026895
v -0.007669 0.024879 0.061520
v 0.016118 -0.070021 0.053141
v 0.022961 -0.069477 0.046265
v 0.029066 -0.069451 0.038447
v 0.041395 -0.062109 0.033602
v -0.022447 0.038209 0.025159
v -0.002915 0.005247 0.062325
v -0.010122 0.013502 0.065825
v -0.008693 0.013341 0.067401
v -0.003473 0.004103 0.060648
v 0.035394 -0.070252 0.028958
v 0.042195 -0.067633 0.019649
v -0.011704 0.038550 0.029705
v 0.046779 -0.065386 0.007870
v -0.006494 0.037758 0.045010
v -0.006348 0.035652 0.048387
v 0.054054 -0.058939 -0.003335
v 0.059938 -0.049321 -0.014431
v -0.002791 0.006687 0.064480
v 0.063850 -0.038581 -0.023824
v 0.067422 -0.026096 -0.023346
v 0.014553 -0.045811 0.065643
v 0.007904 -0.045190 0.068897
v 0.020656 -0.045151 0.060528
v -0.007965 0.022001 0.065644
v 0.027861 -0.042435 0.054013
v 0.033990 -0.039185 0.049788
v 0.038852 -0.027553 0.046706
v -0.005908 0.004217 0.059037
v 0.037629 -0.033677 0.047728
v 0.037358 -0.015640 0.046719
v 0.038165 -0.021527 0.046644
v 0.045482 -0.010203 0.040383
v 0.046844 -0.019345 0.038971
v 0.042639 -0.021239 0.043198
v 0.000296 0.012579 0.072511
v -0.005333 0.013034 0.070143
v 0.041596 -0.013398 0.043831
v 0.049118 -0.004899 0.036203
v 0.050932 -0.016156 0.034059
v 0.007858 -0.073739 0.051183
v -0.029133 0.053351 0.029092
v -0.029007 0.050819 0.028162
v 0.014412 -0.074036 0.047475
v 0.020254 -0.074850 0.040650
v 0.024513 -0.076395 0.032821
v 0.029371 -0.077491 0.024242
v 0.034173 -0.077235 0.014097
v 0.040285 -0.074560 0.003093
v -0.022018 0.057144 0.032141
v -0.004390 0.058179 0.037120
v -0.009772 0.058052 0.035957
v 0.049180 -0.067909 -0.008943
v -0.029967 0.045930 0.027913
v -0.030460 0.043392 0.027143
v -0.028847 0.048468 0.027185
v -0.030190 0.044100 0.028364
v -0.030265 0.045036 0.028506
v 0.057253 -0.055587 -0.020900
v -0.028882 0.047356 0.026986
v 0.060648 -0.043785 -0.030211
v -0.028843 0.047352 0.027004
v 0.021101 -0.088161 0.018587
v -0.027191 0.055855 0.030332
v 0.017216 -0.085068 0.026277
v 0.013860 -0.082864 0.033421
v -0.029351 0.046713 0.027155
v -0.030680 0.042453 0.025600
v 0.010787 -0.081211 0.038975
v -0.031376 0.039800 0.021575
v 0.006206 -0.082814 0.038476
v 0.000580 0.058324 0.038043
v -0.021024 0.067625 0.032774
v -0.051392 0.062652 0.011777
v 0.005688 -0.088070 0.029071
v -0.054488 0.056830 0.010141
v 0.007912 -0.092453 0.023611
v -0.048081 0.022832 0.024693
v -0.050776 0.023162 0.021971
v -0.018280 0.061712 0.034539
v 0.010152 -0.097338 0.019726
v 0.040927 -0.037244 0.044877
v 0.044964 -0.039257 0.039838
v 0.046920 -0.029238 0.038544
v 0.051350 -0.027718 0.032690
v -0.026161 0.085292 0.020627
v -0.030610 0.120283 -0.035907
v -0.024611 0.078925 0.025341
v -0.039010 0.070357 0.021128
v 0.049808 -0.040057 0.033234
v -0.030745 0.117568 -0.026000
v 0.042818 -0.029540 0.043373
v 0.055104 -0.038085 0.025044
v 0.055819 -0.024450 0.026013
v 0.055023 -0.010937 0.028837
v 0.059241 -0.019550 0.019847
v -0.046456 0.067591 0.015330
v 0.059192 -0.033715 0.017102
v -0.055401 0.026523 0.013651
v -0.006149 0.073655 0.032662
v -0.056687 0.031608 0.009701
v 0.058530 -0.007460 0.023597
v -0.014359 0.073569 0.031916
v -0.027118 0.118224 -0.099490
v 0.061289 -0.003924 0.018568
v 0.061607 -0.015603 0.014473
v 0.061989 -0.027950 0.010703
v 0.045238 -0.053058 0.035268
v -0.013113 0.054150 0.033505
v 0.064180 -0.022775 0.004165
v -0.038164 0.024621 0.029814
v -0.041196 0.023966 0.028548
v 0.063525 -0.000961 0.013098
v -0.031001 0.120194 -0.088344
v -0.054484 0.024777 0.016230
v -0.029356 0.100427 0.006778
v -0.009088 0.047274 0.033100
v -0.010941 0.050029 0.032614
v -0.030230 0.105685 -0.001049
v 0.063689 -0.011328 0.008653
v 0.065896 0.003313 0.006101
v 0.066464 -0.007106 -0.000253
v -0.030591 0.110238 -0.009099
v 0.066917 -0.016440 -0.005587
v 0.068795 -0.017323 -0.020887
v -0.030940 0.122219 -0.047188
v -0.021253 0.028669 0.032626
v 0.062040 -0.031092 -0.048466
v 0.021578 -0.007721 0.052484
v 0.016299 -0.005388 0.054783
v -0.056687 0.050227 0.008954
v -0.057501 0.043482 0.008803
v -0.031603 0.122282 -0.074585
v -0.030848 0.026219 0.032071
v -0.057255 0.037407 0.008804
v -0.015377 0.118563 -0.107840
v 0.011456 -0.003928 0.057697
v -0.052938 0.023661 0.019161
v 0.007543 -0.003008 0.060068
v 0.003661 -0.002653 0.061343
v -0.031552 0.072174 0.025815
v -0.034705 0.025336 0.031096
v -0.008598 0.044078 0.033172
v -0.016637 0.030983 0.032466
v -0.013163 0.034046 0.032287
v -0.030693 0.114171 -0.017199
v -0.010813 0.037114 0.032542
v -0.008979 0.040653 0.033226
v -0.026041 0.027170 0.032749
v -0.027933 0.092982 0.014666
v -0.031153 0.122881 -0.060321
v -0.044645 0.023344 0.026822
v 0.000123 0.119273 -0.110880
v 0.000572 0.073595 0.032799
v -0.009756 0.038925 0.033019
v -0.015737 0.057773 0.034353
v -0.023099 0.073098 0.029647
v -0.000102 -0.032342 0.066178
v -0.026700 -0.018210 0.052897
v -0.028099 -0.020489 0.052010
v -0.027917 -0.026225 0.051437
v -0.019439 -0.012406 0.056702
v -0.023782 -0.015513 0.054425
v -0.018372 -0.031093 0.060255
v -0.028494 -0.022508 0.051514
v -0.012698 -0.031542 0.063570
v -0.028816 -0.024433 0.051178
v -0.006802 -0.031611 0.065299
v 0.000004 -0.007618 0.062817
v -0.009411 -0.007822 0.061311
v -0.004510 -0.007201 0.062644
v -0.014422 -0.009595 0.059142
v -0.025974 -0.028092 0.052982
v -0.022931 -0.029995 0.056213
v 0.004412 0.010209 0.068930
v 0.003276 0.008168 0.066786
v 0.015481 0.038082 0.027642
v 0.007851 0.003935 0.057713
v 0.007294 0.027971 0.058040
v 0.014240 0.038400 0.028146
v 0.010361 0.004038 0.056602
v 0.006997 0.033310 0.051295
v 0.008517 0.039408 0.036900
v 0.006950 0.030609 0.054791
v 0.015623 0.007477 0.056215
v 0.013947 0.004460 0.055660
v 0.007279 0.016662 0.070214
v 0.008135 0.019146 0.068667
v 0.007758 0.013229 0.068793
v 0.005112 0.011585 0.069843
v 0.017003 0.037931 0.028228
v 0.027784 0.037887 0.022374
v 0.006484 0.014687 0.070538
v 0.003523 0.012757 0.071597
v 0.020318 0.038279 0.026104
v 0.016334 0.038022 0.027914
v 0.011927 0.013560 0.063501
v 0.007291 0.039335 0.041303
v 0.014551 0.011070 0.059669
v 0.017856 0.038038 0.028199
v 0.018470 0.038250 0.028088
v 0.007865 0.024947 0.061708
v 0.022929 0.038183 0.026306
v 0.002857 0.005286 0.062392
v 0.010180 0.013468 0.065979
v 0.008833 0.013340 0.067540
v 0.003378 0.004117 0.060790
v 0.011951 0.038627 0.030274
v 0.007029 0.037877 0.045293
v 0.006934 0.035785 0.048684
v 0.002782 0.006730 0.064528
v 0.008255 0.022083 0.065830
v 0.005819 0.004193 0.059257
v 0.005753 0.012987 0.070347
v 0.030131 0.053761 0.030168
v 0.029940 0.051173 0.029398
v 0.023091 0.057413 0.033118
v 0.005449 0.058219 0.037523
v 0.010795 0.058146 0.036504
v 0.030541 0.046315 0.029235
v 0.030764 0.043632 0.028093
v 0.029619 0.048757 0.028546
v 0.030670 0.044340 0.029595
v 0.030782 0.045349 0.029799
v 0.029577 0.047665 0.028402
v 0.029501 0.047702 0.028474
v 0.028192 0.056270 0.031381
v 0.029951 0.047082 0.028528
v 0.031066 0.042836 0.026415
v 0.031848 0.040216 0.022425
v 0.022238 0.067929 0.033693
v 0.052118 0.063251 0.012168
v 0.054994 0.057386 0.010547
v 0.048515 0.023151 0.025658
v 0.051148 0.023541 0.022859
v 0.019429 0.061914 0.035507
v 0.027088 0.085633 0.020954
v 0.030809 0.120444 -0.035997
v 0.025630 0.079231 0.025775
v 0.039984 0.070800 0.021712
v 0.030926 0.117665 -0.026025
v 0.047327 0.068123 0.015841
v 0.055985 0.027101 0.014565
v 0.007313 0.073757 0.032960
v 0.057517 0.032213 0.010710
v 0.015538 0.073782 0.032417
v 0.027335 0.118388 -0.099581
v 0.014005 0.054353 0.034076
v 0.038686 0.024933 0.030999
v 0.041708 0.024274 0.029729
v 0.031250 0.120392 -0.088468
v 0.054912 0.025261 0.017057
v 0.030074 0.100555 0.006883
v 0.009833 0.047507 0.033450
v 0.011708 0.050289 0.033026
v 0.030523 0.105559 -0.000687
v 0.030799 0.110180 -0.008916
v 0.031168 0.122423 -0.047320
v 0.021499 0.028609 0.033291
v 0.057046 0.050745 0.009450
v 0.057995 0.043968 0.009550
v 0.031861 0.122510 -0.074727
v 0.031258 0.026257 0.033056
v 0.058007 0.037965 0.009692
v 0.015603 0.118620 -0.107880
v 0.053364 0.024074 0.019993
v 0.032556 0.072552 0.026415
v 0.035148 0.025570 0.032199
v 0.009069 0.044269 0.033452
v 0.016760 0.030952 0.033006
v 0.013253 0.034105 0.032698
v 0.030872 0.114195 -0.017141
v 0.010959 0.037193 0.032929
v 0.009273 0.040771 0.033517
v 0.026201 0.027183 0.033524
v 0.028813 0.093315 0.014932
v 0.031402 0.123111 -0.060478
v 0.045110 0.023653 0.027885
v 0.010012 0.038978 0.033338
v 0.016767 0.057959 0.035102
v 0.024226 0.073401 0.030287
v 0.026654 -0.018231 0.053374
v 0.028069 -0.020536 0.052528
v 0.027852 -0.026376 0.052087
v 0.019393 -0.012496 0.057067
v 0.023734 -0.015607 0.054832
v 0.017742 -0.031146 0.060352
v 0.028427 -0.022547 0.052079
v 0.012272 -0.031601 0.063714
v 0.028752 -0.024457 0.051801
v 0.006435 -0.031743 0.065590
v 0.009410 -0.007768 0.061731
v 0.004523 -0.007123 0.062975
v 0.014322 -0.009620 0.059521
v 0.025747 -0.028230 0.053392
v 0.022434 -0.030109 0.056290
v 0.031967 0.037486 0.017606
v -0.031379 0.037077 0.016624
v 0.030092 0.039255 0.030183
v 0.028525 0.039161 0.029717
v 0.027081 0.039008 0.028962
v 0.025869 0.038811 0.027985
v 0.030123 0.039567 0.030119
v 0.028586 0.039774 0.029593
v 0.027170 0.039898 0.028782
v 0.025983 0.039932 0.027757
v 0.030215 0.039868 0.030059
v 0.028768 0.040362 0.029474
v 0.027434 0.040752 0.028608
v 0.026315 0.041009 0.027539
v 0.030366 0.040144 0.030003
v 0.029063 0.040905 0.029364
v 0.027862 0.041540 0.028449
v 0.026855 0.042002 0.027337
v 0.030569 0.040386 0.029953
v 0.029461 0.041379 0.029267
v 0.028439 0.042230 0.028309
v 0.027582 0.042874 0.027162
v 0.030815 0.040585 0.029913
v 0.029944 0.041770 0.029188
v 0.029142 0.042796 0.028194
v 0.028469 0.043587 0.027015
v 0.031096 0.040733 0.029883
v 0.030497 0.042060 0.029129
v 0.029944 0.043217 0.028108
v 0.029481 0.044117 0.026907
v 0.031403 0.040824 0.029864
v 0.031096 0.042238 0.029093
v 0.030814 0.043476 0.028056
v 0.030578 0.044443 0.026841
v 0.031720 0.040854 0.029857
v 0.031720 0.042298 0.029079
v 0.031720 0.043563 0.028036
v 0.031719 0.044554 0.026818
v 0.032038 0.040823 0.029863
v 0.032344 0.042237 0.029092
v 0.032625 0.043475 0.028054
v 0.032861 0.044442 0.026839
v 0.032344 0.040732 0.029881
v 0.032942 0.042058 0.029127
v 0.033495 0.043214 0.028105
v 0.033958 0.044114 0.026905
v 0.032625 0.040584 0.029911
v 0.033495 0.041767 0.029185
v 0.034297 0.042793 0.028190
v 0.034969 0.043583 0.027011
v 0.032871 0.040384 0.029951
v 0.033978 0.041376 0.029263
v 0.035000 0.042226 0.028304
v 0.035857 0.042868 0.027156
v 0.033074 0.040142 0.029999
v 0.034376 0.040901 0.029359
v 0.035576 0.041535 0.028442
v 0.036583 0.041996 0.027330
v 0.033225 0.039865 0.030055
v 0.034671 0.040358 0.029467
v 0.036005 0.040747 0.028601
v 0.037124 0.041002 0.027530
v 0.033317 0.039564 0.030114
v 0.034853 0.039770 0.029586
v 0.036269 0.039892 0.028773
v 0.037456 0.039925 0.027747
v 0.033349 0.039253 0.030178
v 0.034914 0.039157 0.029709
v 0.036358 0.039003 0.028952
v 0.037570 0.038804 0.027975
v 0.033317 0.038941 0.030240
v 0.034853 0.038545 0.029833
v 0.036269 0.038114 0.029132
v 0.037456 0.037683 0.028201
v 0.033225 0.038641 0.030302
v 0.034671 0.037957 0.029953
v 0.036005 0.037260 0.029306
v 0.037125 0.036607 0.028420
v 0.033075 0.038364 0.030357
v 0.034376 0.037415 0.030063
v 0.035578 0.036473 0.029466
v 0.036585 0.035614 0.028622
v 0.032872 0.038123 0.030407
v 0.033980 0.036940 0.030160
v 0.035002 0.035783 0.029608
v 0.035860 0.034743 0.028802
v 0.032626 0.037923 0.030448
v 0.033497 0.036550 0.030241
v 0.034300 0.035216 0.029724
v 0.034973 0.034029 0.028946
v 0.032345 0.037776 0.030479
v 0.032944 0.036260 0.030300
v 0.033498 0.034796 0.029810
v 0.033962 0.033498 0.029055
v 0.032039 0.037684 0.030498
v 0.032346 0.036081 0.030338
v 0.032628 0.034536 0.029864
v 0.032865 0.033172 0.029122
v 0.031722 0.037654 0.030505
v 0.031722 0.036021 0.030350
v 0.031723 0.034449 0.029882
v 0.031724 0.033062 0.029145
v 0.031404 0.037685 0.030499
v 0.031099 0.036081 0.030339
v 0.030818 0.034537 0.029866
v 0.030582 0.033173 0.029123
v 0.031098 0.037776 0.030481
v 0.030500 0.036261 0.030302
v 0.029948 0.034797 0.029812
v 0.029486 0.033500 0.029057
v 0.030816 0.037924 0.030451
v 0.029947 0.036551 0.030245
v 0.029145 0.035219 0.029727
v 0.028474 0.034032 0.028950
v 0.030570 0.038124 0.030411
v 0.029463 0.036942 0.030165
v 0.028442 0.035785 0.029613
v 0.027586 0.034746 0.028806
v 0.030367 0.038366 0.030362
v 0.029065 0.037417 0.030070
v 0.027865 0.036476 0.029473
v 0.026858 0.035618 0.028629
v 0.031721 0.039286 0.030338
v 0.030216 0.038642 0.030306
v 0.028769 0.037960 0.029959
v 0.027436 0.037264 0.029314
v 0.026317 0.036612 0.028429
v 0.030124 0.038943 0.030245
v 0.028587 0.038548 0.029841
v 0.027170 0.038119 0.029142
v 0.025983 0.037689 0.028211
v 0.024688 0.038641 0.027146
v 0.022863 0.038353 0.025721
v 0.021306 0.037976 0.023857
v 0.020149 0.037545 0.021731
v 0.019438 0.037077 0.019422
v 0.019199 0.036591 0.017023
v 0.019440 0.036103 0.014621
v 0.020152 0.035634 0.012313
v 0.021310 0.035202 0.010184
v 0.022868 0.034823 0.008320
v 0.024766 0.034512 0.006789
v 0.026932 0.034281 0.005652
v 0.029281 0.034138 0.004953
v 0.024823 0.039989 0.026873
v 0.023032 0.040050 0.025377
v 0.021505 0.039972 0.023453
v 0.020370 0.039762 0.021282
v 0.019673 0.039431 0.018945
v 0.019438 0.038990 0.016535
v 0.019674 0.038457 0.014144
v 0.020374 0.037851 0.011864
v 0.021510 0.037198 0.009780
v 0.023038 0.036520 0.007976
v 0.024900 0.035846 0.006519
v 0.027023 0.035199 0.005466
v 0.029328 0.034606 0.004858
v 0.025223 0.041284 0.026610
v 0.023535 0.041683 0.025047
v 0.022097 0.041891 0.023064
v 0.021029 0.041894 0.020849
v 0.020371 0.041694 0.018486
v 0.020149 0.041298 0.016067
v 0.020372 0.040720 0.013685
v 0.021032 0.039983 0.011431
v 0.022102 0.039116 0.009391
v 0.023541 0.038152 0.007645
v 0.025295 0.037127 0.006259
v 0.027296 0.036082 0.005287
v 0.029467 0.035057 0.004767
v 0.025872 0.042479 0.026369
v 0.024353 0.043187 0.024742
v 0.023059 0.043658 0.022706
v 0.022098 0.043858 0.020450
v 0.021506 0.043779 0.018063
v 0.021306 0.043424 0.015636
v 0.021507 0.042805 0.013262
v 0.022101 0.041948 0.011033
v 0.023063 0.040884 0.009033
v 0.024358 0.039656 0.007341
v 0.025937 0.038309 0.006020
v 0.027738 0.036896 0.005122
v 0.029692 0.035472 0.004682
v 0.026746 0.043525 0.026157
v 0.025455 0.044504 0.024474
v 0.024354 0.045208 0.022391
v 0.023536 0.045580 0.020100
v 0.023033 0.045606 0.017692
v 0.022864 0.045287 0.015258
v 0.023035 0.044632 0.012892
v 0.023539 0.043669 0.010684
v 0.024357 0.042434 0.008719
v 0.025460 0.040973 0.007074
v 0.026802 0.039344 0.005810
v 0.028334 0.037609 0.004977
v 0.029997 0.035834 0.004609
v 0.027812 0.044382 0.025982
v 0.026798 0.045585 0.024254
v 0.025932 0.046479 0.022133
v 0.025290 0.046992 0.019814
v 0.024895 0.047106 0.017388
v 0.024761 0.046816 0.014948
v 0.024896 0.046133 0.012587
v 0.025292 0.045082 0.010397
v 0.025935 0.043705 0.008461
v 0.026801 0.042055 0.006854
v 0.027856 0.040194 0.005638
v 0.029061 0.038194 0.004859
v 0.030366 0.036133 0.004548
v 0.029028 0.045019 0.025851
v 0.028329 0.046387 0.024090
v 0.027733 0.047423 0.021941
v 0.027291 0.048042 0.019600
v 0.027018 0.048221 0.017162
v 0.026927 0.047953 0.014718
v 0.027018 0.047247 0.012361
v 0.027292 0.046132 0.010185
v 0.027735 0.044649 0.008269
v 0.028332 0.042858 0.006691
v 0.029060 0.040825 0.005510
v 0.029889 0.038629 0.004771
v 0.030789 0.036354 0.004503
v 0.030347 0.045411 0.025771
v 0.029992 0.046881 0.023989
v 0.029687 0.048004 0.021822
v 0.029462 0.048688 0.019469
v 0.029323 0.048907 0.017023
v 0.029276 0.048651 0.014576
v 0.029324 0.047933 0.012223
v 0.029463 0.046778 0.010053
v 0.029689 0.045231 0.008151
v 0.029994 0.043352 0.006591
v 0.030364 0.041213 0.005431
v 0.030788 0.038897 0.004716
v 0.031247 0.036491 0.004476
v 0.031720 0.045543 0.025744
v 0.031719 0.047047 0.023955
v 0.031719 0.048200 0.021781
v 0.031719 0.048905 0.019424
v 0.031719 0.049137 0.016975
v 0.031720 0.048888 0.014529
v 0.031720 0.048163 0.012176
v 0.031720 0.046996 0.010009
v 0.031721 0.045427 0.008112
v 0.031721 0.043518 0.006557
v 0.031722 0.041344 0.005404
v 0.031723 0.038987 0.004698
v 0.031724 0.036537 0.004466
v 0.033091 0.045409 0.025769
v 0.033447 0.046879 0.023988
v 0.033751 0.048002 0.021821
v 0.033976 0.048686 0.019468
v 0.034116 0.048905 0.017022
v 0.034164 0.048649 0.014575
v 0.034117 0.047931 0.012222
v 0.033978 0.046776 0.010053
v 0.033753 0.045229 0.008151
v 0.033449 0.043350 0.006591
v 0.033080 0.041212 0.005431
v 0.032658 0.038896 0.004716
v 0.032201 0.036491 0.004476
v 0.034410 0.045015 0.025848
v 0.035109 0.046383 0.024088
v 0.035706 0.047419 0.021938
v 0.036148 0.048038 0.019599
v 0.036422 0.048217 0.017161
v 0.036514 0.047948 0.014717
v 0.036422 0.047244 0.012361
v 0.036149 0.046128 0.010184
v 0.035707 0.044646 0.008269
v 0.035111 0.042855 0.006691
v 0.034385 0.040823 0.005510
v 0.033558 0.038627 0.004771
v 0.032659 0.036354 0.004503
v 0.035627 0.044377 0.025977
v 0.036642 0.045579 0.024251
v 0.037507 0.046473 0.022130
v 0.038149 0.046986 0.019811
v 0.038545 0.047101 0.017386
v 0.038680 0.046811 0.014947
v 0.038545 0.046127 0.012587
v 0.038150 0.045077 0.010397
v 0.037508 0.043700 0.008461
v 0.036643 0.042051 0.006854
v 0.035589 0.040191 0.005637
v 0.034386 0.038192 0.004859
v 0.033082 0.036132 0.004548
v 0.036693 0.043518 0.026151
v 0.037984 0.044497 0.024469
v 0.039085 0.045200 0.022387
v 0.039904 0.045572 0.020097
v 0.040407 0.045599 0.017690
v 0.040578 0.045279 0.015257
v 0.040408 0.044626 0.012891
v 0.039904 0.043663 0.010683
v 0.039086 0.042428 0.008718
v 0.037985 0.040969 0.007073
v 0.036644 0.039341 0.005810
v 0.035113 0.037607 0.004977
v 0.033452 0.035833 0.004609
v 0.037567 0.042471 0.026362
v 0.039086 0.043178 0.024736
v 0.040381 0.043650 0.022701
v 0.041344 0.043850 0.020446
v 0.041937 0.043770 0.018061
v 0.042137 0.043415 0.015634
v 0.041937 0.042797 0.013261
v 0.041344 0.041940 0.011032
v 0.040382 0.040878 0.009032
v 0.039087 0.039650 0.007340
v 0.037509 0.038305 0.006019
v 0.035709 0.036893 0.005122
v 0.033756 0.035470 0.004682
v 0.038216 0.041276 0.026602
v 0.039905 0.041674 0.025039
v 0.041345 0.041881 0.023059
v 0.042415 0.041884 0.020845
v 0.043074 0.041685 0.018484
v 0.043296 0.041288 0.016066
v 0.043073 0.040711 0.013684
v 0.042414 0.039975 0.011431
v 0.041345 0.039109 0.009391
v 0.039906 0.038146 0.007645
v 0.038153 0.037122 0.006259
v 0.036152 0.036079 0.005287
v 0.033982 0.035055 0.004766
v 0.038616 0.039981 0.026864
v 0.040410 0.040041 0.025371
v 0.041939 0.039962 0.023448
v 0.043076 0.039752 0.021279
v 0.043775 0.039421 0.018943
v 0.044010 0.038980 0.016534
v 0.043774 0.038447 0.014143
v 0.043074 0.037842 0.011863
v 0.041938 0.037190 0.009780
v 0.040410 0.036513 0.007976
v 0.038549 0.035841 0.006519
v 0.036426 0.035196 0.005466
v 0.034121 0.034604 0.004858
v 0.038753 0.038634 0.027138
v 0.040582 0.038344 0.025715
v 0.042142 0.037966 0.023854
v 0.043300 0.037535 0.021728
v 0.044012 0.037067 0.019420
v 0.044253 0.036581 0.017022
v 0.044010 0.036094 0.014621
v 0.043297 0.035626 0.012312
v 0.042139 0.035194 0.010184
v 0.040581 0.034817 0.008320
v 0.038683 0.034507 0.006789
v 0.036519 0.034277 0.005652
v 0.034168 0.034136 0.004952
v 0.038618 0.037286 0.027410
v 0.040412 0.036648 0.026059
v 0.041942 0.035970 0.024258
v 0.043079 0.035318 0.022178
v 0.043777 0.034713 0.019898
v 0.044012 0.034180 0.017507
v 0.043776 0.033740 0.015097
v 0.043076 0.033409 0.012761
v 0.041940 0.033199 0.010588
v 0.040411 0.033120 0.008664
v 0.038550 0.033173 0.007059
v 0.036427 0.033359 0.005838
v 0.034121 0.033668 0.005047
v 0.038218 0.035991 0.027673
v 0.039908 0.035015 0.026389
v 0.041349 0.034051 0.024647
v 0.042420 0.033186 0.022610
v 0.043078 0.032449 0.020356
v 0.043300 0.031872 0.017974
v 0.043077 0.031476 0.015556
v 0.042418 0.031277 0.013193
v 0.041348 0.031280 0.010977
v 0.039908 0.031488 0.008994
v 0.038155 0.031892 0.007319
v 0.036153 0.032475 0.006017
v 0.033982 0.033218 0.005139
v 0.037571 0.034798 0.027917
v 0.039091 0.033511 0.026695
v 0.040386 0.032283 0.025004
v 0.041349 0.031221 0.023007
v 0.041943 0.030364 0.020778
v 0.042142 0.029746 0.018405
v 0.041942 0.029391 0.015978
v 0.041349 0.029312 0.013591
v 0.040386 0.029512 0.011336
v 0.039091 0.029984 0.009299
v 0.037512 0.030710 0.007558
v 0.035711 0.031662 0.006182
v 0.033757 0.032803 0.005223
v 0.036697 0.033751 0.028130
v 0.037989 0.032194 0.026962
v 0.039091 0.030734 0.025318
v 0.039910 0.029499 0.023355
v 0.040414 0.028536 0.021147
v 0.040585 0.027882 0.018782
v 0.040414 0.027563 0.016348
v 0.039910 0.027590 0.013940
v 0.039091 0.027962 0.011649
v 0.037990 0.028667 0.009566
v 0.036647 0.029675 0.007768
v 0.035116 0.030948 0.006326
v 0.033453 0.032440 0.005296
v 0.035631 0.032893 0.028304
v 0.036647 0.031113 0.027181
v 0.037513 0.029463 0.025575
v 0.038157 0.028087 0.023641
v 0.038553 0.027036 0.021452
v 0.038687 0.026353 0.019092
v 0.038553 0.026063 0.016652
v 0.038157 0.026177 0.014227
v 0.037514 0.026691 0.011907
v 0.036648 0.027585 0.009785
v 0.035593 0.028825 0.007940
v 0.034389 0.030363 0.006445
v 0.033083 0.032141 0.005357
v 0.031725 0.034089 0.004716
v 0.034415 0.032257 0.028432
v 0.035116 0.030310 0.027343
v 0.035713 0.028519 0.025767
v 0.036156 0.027037 0.023855
v 0.036430 0.025922 0.021678
v 0.036522 0.025217 0.019322
v 0.036430 0.024949 0.016878
v 0.036156 0.025128 0.014439
v 0.035714 0.025747 0.012099
v 0.035117 0.026782 0.009948
v 0.034390 0.028194 0.008069
v 0.033561 0.029929 0.006533
v 0.032661 0.031920 0.005402
v 0.033097 0.031864 0.028513
v 0.033453 0.029816 0.027444
v 0.033759 0.027937 0.025885
v 0.033985 0.026391 0.023986
v 0.034125 0.025237 0.021818
v 0.034172 0.024519 0.019465
v 0.034125 0.024264 0.017018
v 0.033986 0.024482 0.014571
v 0.033760 0.025165 0.012217
v 0.033455 0.026288 0.010049
v 0.033085 0.027806 0.008147
v 0.032662 0.029661 0.006588
v 0.032202 0.031783 0.005429
v 0.031725 0.031732 0.028541
v 0.031726 0.029650 0.027479
v 0.031727 0.027742 0.025926
v 0.031728 0.026174 0.024030
v 0.031728 0.025007 0.021864
v 0.031729 0.024284 0.019514
v 0.031729 0.024033 0.017065
v 0.031729 0.024264 0.014615
v 0.031728 0.024970 0.012257
v 0.031728 0.026122 0.010082
v 0.031727 0.027675 0.008174
v 0.031726 0.029572 0.006606
v 0.031726 0.031737 0.005439
v 0.030353 0.031865 0.028514
v 0.029999 0.029818 0.027445
v 0.029695 0.027939 0.025886
v 0.029471 0.026393 0.023986
v 0.029332 0.025239 0.021818
v 0.029285 0.024521 0.019465
v 0.029332 0.024265 0.017018
v 0.029472 0.024483 0.014571
v 0.029696 0.025167 0.012217
v 0.030000 0.026290 0.010048
v 0.030369 0.027807 0.008147
v 0.030791 0.029662 0.006588
v 0.031249 0.031784 0.005429
v 0.029034 0.032259 0.028434
v 0.028336 0.030313 0.027345
v 0.027741 0.028522 0.025769
v 0.027299 0.027041 0.023855
v 0.027026 0.025926 0.021679
v 0.026936 0.025221 0.019323
v 0.027027 0.024952 0.016878
v 0.027300 0.025131 0.014439
v 0.027742 0.025750 0.012099
v 0.028338 0.026785 0.009948
v 0.029064 0.028196 0.008069
v 0.029892 0.029930 0.006533
v 0.030790 0.031921 0.005402
v 0.027818 0.032897 0.028306
v 0.026804 0.031117 0.027183
v 0.025940 0.029468 0.025577
v 0.025298 0.028092 0.023643
v 0.024903 0.027042 0.021452
v 0.024769 0.026358 0.019092
v 0.024904 0.026068 0.016652
v 0.025299 0.026182 0.014227
v 0.025941 0.026696 0.011907
v 0.026806 0.027589 0.009785
v 0.027860 0.028828 0.007941
v 0.029063 0.030365 0.006445
v 0.030368 0.032142 0.005357
v 0.026751 0.033756 0.028133
v 0.025462 0.032200 0.026964
v 0.024361 0.030740 0.025320
v 0.023544 0.029506 0.023357
v 0.023040 0.028543 0.021148
v 0.022871 0.027890 0.018782
v 0.023041 0.027570 0.016348
v 0.023545 0.027596 0.013940
v 0.024363 0.027968 0.011650
v 0.025464 0.028671 0.009566
v 0.026806 0.029678 0.007768
v 0.028336 0.030951 0.006326
v 0.029998 0.032441 0.005296
v 0.025876 0.034803 0.027921
v 0.024359 0.033518 0.026697
v 0.023065 0.032291 0.025006
v 0.022104 0.031229 0.023008
v 0.021511 0.030372 0.020778
v 0.021312 0.029754 0.018405
v 0.021512 0.029399 0.015978
v 0.022105 0.029319 0.013591
v 0.023068 0.029518 0.011336
v 0.024362 0.029990 0.009299
v 0.025940 0.030714 0.007559
v 0.027740 0.031665 0.006182
v 0.029693 0.032804 0.005223
v 0.025227 0.035997 0.027679
v 0.023540 0.035022 0.026393
v 0.022102 0.034060 0.024648
v 0.021033 0.033195 0.022611
v 0.020375 0.032458 0.020357
v 0.020153 0.031882 0.017975
v 0.020376 0.031485 0.015556
v 0.021035 0.031285 0.013194
v 0.022105 0.031287 0.010977
v 0.023544 0.031494 0.008994
v 0.025297 0.031897 0.007319
v 0.027297 0.032479 0.006017
v 0.029468 0.033219 0.005139
v 0.024825 0.037293 0.027418
v 0.023035 0.036656 0.026064
v 0.021508 0.035979 0.024260
v 0.020373 0.035328 0.022179
v 0.019675 0.034723 0.019899
v 0.019441 0.034190 0.017508
v 0.019676 0.033749 0.015098
v 0.020375 0.033417 0.012762
v 0.021511 0.033206 0.010589
v 0.023039 0.033127 0.008664
v 0.024901 0.033178 0.007059
v 0.027023 0.033362 0.005838
v 0.029329 0.033670 0.005048
v -0.033078 0.039133 0.029104
v -0.034644 0.039039 0.028636
v -0.036087 0.038885 0.027877
v -0.037298 0.038687 0.026899
v -0.033046 0.039445 0.029041
v -0.034583 0.039651 0.028512
v -0.035999 0.039774 0.027699
v -0.037186 0.039808 0.026672
v -0.032954 0.039746 0.028981
v -0.034401 0.040239 0.028394
v -0.035735 0.040629 0.027526
v -0.036854 0.040885 0.026455
v -0.032804 0.040022 0.028925
v -0.034106 0.040782 0.028284
v -0.035307 0.041417 0.027368
v -0.036315 0.041879 0.026255
v -0.032602 0.040264 0.028877
v -0.033709 0.041257 0.028189
v -0.034731 0.042107 0.027229
v -0.035589 0.042750 0.026081
v -0.032355 0.040464 0.028837
v -0.033226 0.041648 0.028111
v -0.034029 0.042674 0.027115
v -0.034702 0.043464 0.025936
v -0.032074 0.040611 0.028807
v -0.032673 0.041938 0.028052
v -0.033227 0.043094 0.027030
v -0.033690 0.043995 0.025830
v -0.031768 0.040703 0.028789
v -0.032075 0.042117 0.028017
v -0.032357 0.043354 0.026979
v -0.032594 0.044321 0.025764
v -0.031450 0.040733 0.028783
v -0.031451 0.042177 0.028005
v -0.031452 0.043442 0.026961
v -0.031452 0.044433 0.025743
v -0.031133 0.040703 0.028790
v -0.030827 0.042117 0.028018
v -0.030546 0.043354 0.026981
v -0.030310 0.044322 0.025766
v -0.030826 0.040611 0.028808
v -0.030228 0.041938 0.028054
v -0.029676 0.043094 0.027033
v -0.029213 0.043995 0.025832
v -0.030545 0.040464 0.028838
v -0.029675 0.041648 0.028113
v -0.028873 0.042673 0.027119
v -0.028201 0.043464 0.025940
v -0.030299 0.040264 0.028878
v -0.029192 0.041257 0.028192
v -0.028170 0.042107 0.027234
v -0.027313 0.042750 0.026087
v -0.030095 0.040022 0.028928
v -0.028794 0.040782 0.028289
v -0.027593 0.041416 0.027373
v -0.026586 0.041878 0.026262
v -0.029945 0.039746 0.028983
v -0.028498 0.040239 0.028398
v -0.027165 0.040628 0.027532
v -0.026045 0.040884 0.026463
v -0.029852 0.039445 0.029044
v -0.028316 0.039651 0.028517
v -0.026900 0.039773 0.027706
v -0.025713 0.039807 0.026681
v -0.029821 0.039133 0.029107
v -0.028255 0.039038 0.028641
v -0.026811 0.038884 0.027886
v -0.025599 0.038686 0.026909
v -0.029852 0.038821 0.029170
v -0.028316 0.038425 0.028765
v -0.026900 0.037995 0.028066
v -0.025712 0.037564 0.027135
v -0.029945 0.038520 0.029231
v -0.028498 0.037837 0.028884
v -0.027164 0.037140 0.028239
v -0.026045 0.036487 0.027353
v -0.030095 0.038244 0.029288
v -0.028793 0.037294 0.028995
v -0.027592 0.036352 0.028399
v -0.026585 0.035494 0.027554
v -0.030298 0.038002 0.029336
v -0.029191 0.036819 0.029090
v -0.028169 0.035662 0.028538
v -0.027312 0.034622 0.027731
v -0.030545 0.037802 0.029377
v -0.029674 0.036429 0.029170
v -0.028872 0.035096 0.028653
v -0.028200 0.033908 0.027875
v -0.030826 0.037655 0.029406
v -0.030227 0.036139 0.029228
v -0.029674 0.034675 0.028738
v -0.029211 0.033377 0.027982
v -0.031132 0.037563 0.029425
v -0.030826 0.035960 0.029265
v -0.030544 0.034415 0.028791
v -0.030308 0.033051 0.028049
v -0.031450 0.037533 0.029431
v -0.031449 0.035900 0.029276
v -0.031449 0.034328 0.028808
v -0.031449 0.032940 0.028071
v -0.031767 0.037564 0.029424
v -0.032073 0.035960 0.029264
v -0.032354 0.034416 0.028789
v -0.032591 0.033052 0.028047
v -0.032073 0.037655 0.029405
v -0.032672 0.036139 0.029226
v -0.033224 0.034676 0.028735
v -0.033687 0.033378 0.027980
v -0.032354 0.037803 0.029374
v -0.033224 0.036430 0.029166
v -0.034026 0.035097 0.028649
v -0.034698 0.033910 0.027871
v -0.032601 0.038002 0.029334
v -0.033707 0.036820 0.029086
v -0.034729 0.035664 0.028533
v -0.035586 0.034624 0.027726
v -0.032804 0.038244 0.029284
v -0.034105 0.037295 0.028989
v -0.035305 0.036354 0.028392
v -0.036312 0.035496 0.027547
v -0.031450 0.039165 0.029264
v -0.032954 0.038521 0.029228
v -0.034400 0.037838 0.028879
v -0.035733 0.037142 0.028231
v -0.036852 0.036489 0.027344
v -0.033046 0.038822 0.029167
v -0.034582 0.038426 0.028759
v -0.035997 0.037997 0.028057
v -0.037184 0.037566 0.027125
v -0.038481 0.038517 0.026061
v -0.040309 0.038229 0.024637
v -0.041870 0.037852 0.022776
v -0.043030 0.037422 0.020651
v -0.043741 0.036954 0.018343
v -0.043981 0.036468 0.015945
v -0.043739 0.035981 0.013543
v -0.043026 0.035512 0.011235
v -0.041868 0.035080 0.009107
v -0.040310 0.034701 0.007243
v -0.038412 0.034390 0.005712
v -0.036246 0.034159 0.004575
v -0.033897 0.034016 0.003876
v -0.038346 0.039865 0.025787
v -0.040139 0.039926 0.024293
v -0.041669 0.039848 0.022372
v -0.042807 0.039639 0.020202
v -0.043506 0.039308 0.017866
v -0.043740 0.038867 0.015457
v -0.043504 0.038334 0.013066
v -0.042805 0.037729 0.010786
v -0.041668 0.037075 0.008703
v -0.040140 0.036398 0.006899
v -0.038278 0.035724 0.005442
v -0.036155 0.035077 0.004389
v -0.033850 0.034484 0.003782
v -0.037946 0.041160 0.025526
v -0.039636 0.041559 0.023963
v -0.041077 0.041767 0.021983
v -0.042148 0.041771 0.019769
v -0.042806 0.041572 0.017407
v -0.043029 0.041175 0.014989
v -0.042805 0.040598 0.012607
v -0.042146 0.039861 0.010354
v -0.041076 0.038994 0.008314
v -0.039637 0.038030 0.006568
v -0.037883 0.037005 0.005183
v -0.035882 0.035961 0.004211
v -0.033711 0.034935 0.003690
v -0.037299 0.042355 0.025287
v -0.038819 0.043063 0.023660
v -0.040114 0.043535 0.021625
v -0.041077 0.043736 0.019370
v -0.041671 0.043656 0.016984
v -0.041871 0.043301 0.014558
v -0.041670 0.042682 0.012184
v -0.041077 0.041825 0.009955
v -0.040114 0.040762 0.007956
v -0.038819 0.039534 0.006264
v -0.037241 0.038187 0.004943
v -0.035440 0.036774 0.004046
v -0.033486 0.035350 0.003606
v -0.036425 0.043401 0.025076
v -0.037717 0.044380 0.023394
v -0.038819 0.045085 0.021311
v -0.039638 0.045457 0.019021
v -0.040142 0.045484 0.016614
v -0.040313 0.045164 0.014180
v -0.040142 0.044510 0.011814
v -0.039638 0.043547 0.009606
v -0.038820 0.042312 0.007642
v -0.037718 0.040851 0.005997
v -0.036376 0.039223 0.004733
v -0.034844 0.037488 0.003901
v -0.033181 0.035713 0.003533
v -0.035360 0.044259 0.024902
v -0.036375 0.045462 0.023175
v -0.037241 0.046356 0.021054
v -0.037885 0.046870 0.018735
v -0.038280 0.046984 0.016310
v -0.038415 0.046694 0.013870
v -0.038281 0.046011 0.011510
v -0.037885 0.044960 0.009320
v -0.037242 0.043583 0.007384
v -0.036376 0.041933 0.005778
v -0.035321 0.040072 0.004561
v -0.034117 0.038073 0.003783
v -0.032812 0.036012 0.003472
v -0.034144 0.044896 0.024773
v -0.034844 0.046265 0.023012
v -0.035441 0.047301 0.020863
v -0.035884 0.047920 0.018523
v -0.036158 0.048099 0.016085
v -0.036249 0.047831 0.013640
v -0.036158 0.047126 0.011285
v -0.035884 0.046010 0.009108
v -0.035442 0.044528 0.007193
v -0.034845 0.042736 0.005615
v -0.034118 0.040703 0.004434
v -0.033289 0.038507 0.003695
v -0.032389 0.036233 0.003427
v -0.032825 0.045289 0.024694
v -0.033181 0.046759 0.022913
v -0.033487 0.047882 0.020745
v -0.033712 0.048567 0.018393
v -0.033852 0.048785 0.015946
v -0.033900 0.048530 0.013500
v -0.033853 0.047812 0.011146
v -0.033713 0.046657 0.008977
v -0.033488 0.045109 0.007075
v -0.033183 0.043230 0.005515
v -0.032813 0.041091 0.004355
v -0.032390 0.038775 0.003640
v -0.031931 0.036369 0.003400
v -0.031453 0.045422 0.024668
v -0.031454 0.046926 0.022880
v -0.031454 0.048079 0.020706
v -0.031455 0.048784 0.018349
v -0.031455 0.049016 0.015900
v -0.031456 0.048767 0.013453
v -0.031456 0.048042 0.011100
v -0.031456 0.046874 0.008934
v -0.031456 0.045306 0.007036
v -0.031456 0.043397 0.005482
v -0.031455 0.041223 0.004328
v -0.031455 0.038866 0.003622
v -0.031454 0.036415 0.003391
v -0.030080 0.045289 0.024695
v -0.029726 0.046759 0.022914
v -0.029422 0.047882 0.020747
v -0.029198 0.048566 0.018394
v -0.029059 0.048784 0.015948
v -0.029012 0.048529 0.013501
v -0.029060 0.047810 0.011147
v -0.029199 0.046655 0.008978
v -0.029424 0.045108 0.007076
v -0.029728 0.043229 0.005516
v -0.030097 0.041090 0.004355
v -0.030519 0.038775 0.003641
v -0.030977 0.036369 0.003400
v -0.028761 0.044896 0.024776
v -0.028063 0.046264 0.023015
v -0.027467 0.047299 0.020866
v -0.027026 0.047918 0.018526
v -0.026753 0.048097 0.016087
v -0.026662 0.047828 0.013643
v -0.026754 0.047123 0.011286
v -0.027027 0.046008 0.009109
v -0.027470 0.044525 0.007194
v -0.028066 0.042734 0.005616
v -0.028792 0.040702 0.004434
v -0.029620 0.038506 0.003695
v -0.030519 0.036232 0.003428
v -0.027544 0.044259 0.024907
v -0.026530 0.045461 0.023179
v -0.025665 0.046354 0.021058
v -0.025023 0.046867 0.018739
v -0.024629 0.046981 0.016313
v -0.024496 0.046691 0.013873
v -0.024631 0.046007 0.011513
v -0.025026 0.044956 0.009323
v -0.025669 0.043580 0.007386
v -0.026534 0.041930 0.005779
v -0.027588 0.040070 0.004562
v -0.028792 0.038071 0.003783
v -0.030096 0.036011 0.003473
v -0.026478 0.043401 0.025082
v -0.025187 0.044379 0.023399
v -0.024086 0.045083 0.021317
v -0.023269 0.045454 0.019026
v -0.022767 0.045480 0.016618
v -0.022597 0.045160 0.014184
v -0.022768 0.044505 0.011817
v -0.023272 0.043543 0.009609
v -0.024090 0.042308 0.007644
v -0.025192 0.040848 0.005999
v -0.026533 0.039220 0.004735
v -0.028064 0.037486 0.003902
v -0.029726 0.035712 0.003533
v -0.025602 0.042354 0.025294
v -0.024084 0.043062 0.023668
v -0.022789 0.043533 0.021632
v -0.021829 0.043732 0.019376
v -0.021237 0.043651 0.016989
v -0.021038 0.043296 0.014562
v -0.021239 0.042677 0.012188
v -0.021833 0.041820 0.009958
v -0.022795 0.040757 0.007958
v -0.024090 0.039530 0.006266
v -0.025668 0.038184 0.004945
v -0.027468 0.036771 0.004047
v -0.029422 0.035349 0.003607
v -0.024954 0.041159 0.025535
v -0.023265 0.041557 0.023972
v -0.021826 0.041764 0.021991
v -0.020758 0.041766 0.019775
v -0.020101 0.041566 0.017412
v -0.019880 0.041168 0.014993
v -0.020103 0.040592 0.012611
v -0.020762 0.039855 0.010357
v -0.021832 0.038989 0.008317
v -0.023271 0.038025 0.006571
v -0.025025 0.037001 0.005184
v -0.027025 0.035958 0.004212
v -0.029196 0.034934 0.003691
v -0.024553 0.039863 0.025797
v -0.022762 0.039923 0.024302
v -0.021233 0.039844 0.022379
v -0.020099 0.039633 0.020207
v -0.019401 0.039302 0.017871
v -0.019167 0.038861 0.015461
v -0.019403 0.038327 0.013070
v -0.020103 0.037722 0.010789
v -0.021239 0.037069 0.008706
v -0.022767 0.036393 0.006902
v -0.024629 0.035720 0.005444
v -0.026752 0.035075 0.004391
v -0.029057 0.034483 0.003782
v -0.024418 0.038515 0.026070
v -0.022592 0.038226 0.024645
v -0.021034 0.037848 0.022782
v -0.019876 0.037416 0.020656
v -0.019165 0.036948 0.018348
v -0.018925 0.036462 0.015949
v -0.019168 0.035974 0.013547
v -0.019880 0.035505 0.011239
v -0.021038 0.035074 0.009110
v -0.022597 0.034696 0.007245
v -0.024494 0.034386 0.005714
v -0.026659 0.034156 0.004577
v -0.029010 0.034015 0.003877
v -0.024553 0.037167 0.026342
v -0.022762 0.036529 0.024988
v -0.021235 0.035851 0.023186
v -0.020099 0.035199 0.021105
v -0.019401 0.034594 0.018824
v -0.019166 0.034061 0.016434
v -0.019402 0.033620 0.014024
v -0.020102 0.033288 0.011688
v -0.021238 0.033078 0.009514
v -0.022766 0.032999 0.007589
v -0.024628 0.033052 0.005985
v -0.026751 0.033237 0.004763
v -0.029057 0.033547 0.003972
v -0.024954 0.035872 0.026604
v -0.023266 0.034896 0.025318
v -0.021828 0.033932 0.023574
v -0.020758 0.033066 0.021536
v -0.020100 0.032329 0.019282
v -0.019878 0.031752 0.016901
v -0.020101 0.031356 0.014482
v -0.020760 0.031156 0.012119
v -0.021830 0.031159 0.009903
v -0.023269 0.031367 0.007920
v -0.025023 0.031771 0.006244
v -0.027024 0.032354 0.004942
v -0.029196 0.033096 0.004063
v -0.025603 0.034678 0.026846
v -0.024085 0.033392 0.025623
v -0.022790 0.032164 0.023931
v -0.021828 0.031101 0.021933
v -0.021235 0.030244 0.019704
v -0.021035 0.029626 0.017331
v -0.021236 0.029271 0.014904
v -0.021829 0.029191 0.012517
v -0.022792 0.029391 0.010261
v -0.024087 0.029863 0.008224
v -0.025666 0.030589 0.006484
v -0.027467 0.031541 0.005107
v -0.029421 0.032681 0.004147
v -0.026477 0.033631 0.027058
v -0.025186 0.032074 0.025890
v -0.024085 0.030614 0.024246
v -0.023266 0.029379 0.022282
v -0.022763 0.028416 0.020074
v -0.022593 0.027762 0.017708
v -0.022764 0.027443 0.015274
v -0.023268 0.027469 0.012866
v -0.024086 0.027841 0.010575
v -0.025188 0.028546 0.008491
v -0.026531 0.029553 0.006693
v -0.028062 0.030827 0.005251
v -0.029725 0.032319 0.004221
v -0.027543 0.032773 0.027232
v -0.026528 0.030993 0.026108
v -0.025662 0.029343 0.024503
v -0.025020 0.027966 0.022568
v -0.024624 0.026916 0.020378
v -0.024490 0.026232 0.018018
v -0.024625 0.025942 0.015578
v -0.025021 0.026057 0.013152
v -0.025664 0.026570 0.010832
v -0.026530 0.027464 0.008710
v -0.027585 0.028704 0.006865
v -0.028789 0.030242 0.005370
v -0.030095 0.032020 0.004281
v -0.031453 0.033968 0.003640
v -0.028758 0.032136 0.027360
v -0.028059 0.030189 0.026270
v -0.027463 0.028398 0.024694
v -0.027020 0.026916 0.022781
v -0.026747 0.025801 0.020604
v -0.026655 0.025096 0.018248
v -0.026747 0.024828 0.015803
v -0.027021 0.025007 0.013364
v -0.027464 0.025626 0.011024
v -0.028061 0.026661 0.008873
v -0.028788 0.028073 0.006993
v -0.029617 0.029808 0.005458
v -0.030517 0.031798 0.004326
v -0.030077 0.031743 0.027439
v -0.029721 0.029695 0.026370
v -0.029417 0.027816 0.024811
v -0.029191 0.026270 0.022911
v -0.029052 0.025116 0.020743
v -0.029005 0.024398 0.018390
v -0.029053 0.024142 0.015943
v -0.029192 0.024360 0.013495
v -0.029418 0.025044 0.011141
v -0.029723 0.026167 0.008973
v -0.030093 0.027685 0.007072
v -0.030516 0.029539 0.005512
v -0.030976 0.031662 0.004354
v -0.031449 0.031610 0.027466
v -0.031449 0.029528 0.026404
v -0.031449 0.027620 0.024851
v -0.031448 0.026052 0.022955
v -0.031448 0.024885 0.020789
v -0.031449 0.024162 0.018439
v -0.031449 0.023912 0.015989
v -0.031449 0.024143 0.013540
v -0.031450 0.024848 0.011181
v -0.031450 0.026000 0.009007
v -0.031451 0.027553 0.007098
v -0.031452 0.029450 0.005530
v -0.031452 0.031616 0.004363
v -0.032821 0.031743 0.027438
v -0.033176 0.029696 0.026369
v -0.033481 0.027817 0.024810
v -0.033706 0.026271 0.022911
v -0.033845 0.025117 0.020742
v -0.033892 0.024399 0.018389
v -0.033845 0.024144 0.015942
v -0.033706 0.024362 0.013495
v -0.033482 0.025045 0.011141
v -0.033178 0.026168 0.008973
v -0.032809 0.027686 0.007071
v -0.032387 0.029540 0.005512
v -0.031929 0.031662 0.004354
v -0.034140 0.032137 0.027357
v -0.034839 0.030191 0.026268
v -0.035435 0.028400 0.024692
v -0.035877 0.026919 0.022779
v -0.036151 0.025804 0.020602
v -0.036242 0.025099 0.018246
v -0.036151 0.024830 0.015802
v -0.035878 0.025009 0.013363
v -0.035436 0.025628 0.011023
v -0.034840 0.026663 0.008872
v -0.034114 0.028075 0.006993
v -0.033286 0.029809 0.005457
v -0.032388 0.031799 0.004326
v -0.035356 0.032775 0.027228
v -0.036371 0.030995 0.026106
v -0.037236 0.029345 0.024500
v -0.037879 0.027969 0.022565
v -0.038274 0.026919 0.020376
v -0.038409 0.026236 0.018016
v -0.038274 0.025946 0.015576
v -0.037879 0.026060 0.013150
v -0.037237 0.026574 0.010831
v -0.036372 0.027467 0.008709
v -0.035318 0.028706 0.006864
v -0.034115 0.030244 0.005369
v -0.032811 0.032020 0.004281
v -0.036422 0.033633 0.027054
v -0.037713 0.032077 0.025886
v -0.038815 0.030618 0.024242
v -0.039633 0.029383 0.022279
v -0.040137 0.028421 0.020071
v -0.040307 0.027767 0.017705
v -0.040137 0.027447 0.015271
v -0.039633 0.027474 0.012863
v -0.038815 0.027846 0.010573
v -0.037714 0.028549 0.008489
v -0.036373 0.029556 0.006692
v -0.034842 0.030829 0.005250
v -0.033180 0.032320 0.004220
v -0.037296 0.034680 0.026841
v -0.038816 0.033395 0.025619
v -0.040111 0.032168 0.023928
v -0.041074 0.031106 0.021930
v -0.041667 0.030250 0.019701
v -0.041866 0.029631 0.017327
v -0.041666 0.029276 0.014901
v -0.041073 0.029197 0.012514
v -0.040111 0.029396 0.010259
v -0.038816 0.029868 0.008222
v -0.037238 0.030592 0.006482
v -0.035438 0.031543 0.005105
v -0.033485 0.032682 0.004147
v -0.037944 0.035874 0.026596
v -0.039634 0.034899 0.025312
v -0.041075 0.033936 0.023570
v -0.042145 0.033071 0.021533
v -0.042804 0.032335 0.019279
v -0.043025 0.031759 0.016897
v -0.042803 0.031362 0.014478
v -0.042143 0.031162 0.012116
v -0.041074 0.031165 0.009900
v -0.039635 0.031372 0.007918
v -0.037881 0.031775 0.006242
v -0.035881 0.032357 0.004941
v -0.033710 0.033098 0.004063
v -0.038344 0.037170 0.026332
v -0.040138 0.036532 0.024980
v -0.041669 0.035856 0.023181
v -0.042806 0.035204 0.021101
v -0.043505 0.034600 0.018820
v -0.043739 0.034067 0.016430
v -0.043503 0.033627 0.014020
v -0.042803 0.033295 0.011684
v -0.041667 0.033084 0.009511
v -0.040139 0.033005 0.007587
v -0.038277 0.033056 0.005983
v -0.036155 0.033240 0.004762
v -0.033850 0.033548 0.003971
f 4 2 1
f 8 6 5
f 13 15 14
f 17 19 18
f 32 30 29
f 36 34 33
f 37 39 38
f 21 23 20
f 25 27 24
f 41 43 42
f 48 46 45
f 52 50 49
f 53 55 54
f 60 58 57
f 29 62 61
f 66 64 63
f 67 6 68
f 72 70 69
f 76 74 73
f 77 79 78
f 81 83 82
f 59 86 85
f 88 90 89
f 96 94 93
f 100 98 97
f 101 103 102
f 106 34 87
f 108 115 107
f 117 36 118
f 124 126 125
f 131 129 128
f 132 134 133
f 142 140 139
f 148 60 147
f 144 127 124
f 149 151 150
f 156 154 153
f 159 158 157
f 116 164 105
f 171 169 168
f 174 173 172
f 179 181 180
f 186 188 187
f 194 196 195
f 199 139 198
f 206 208 207
f 213 211 210
f 202 214 201
f 96 216 54
f 92 43 44
f 97 246 100
f 250 229 228
f 252 58 253
f 258 256 255
f 260 229 259
f 110 112 113
f 114 263 109
f 265 267 266
f 56 270 269
f 274 249 250
f 185 63 64
f 280 278 276
f 285 283 157
f 288 211 212
f 141 92 46
f 289 175 176
f 148 105 106
f 312 170 171
f 238 42 43
f 318 160 317
f 310 308 307
f 241 325 324
f 160 240 317
f 47 307 308
f 108 315 164
f 345 86 119
f 348 350 349
f 356 358 357
f 355 353 352
f 363 32 362
f 149 150 176
f 364 253 365
f 366 368 367
f 183 371 63
f 163 161 160
f 209 101 208
f 378 165 166
f 379 381 380
f 383 3 4
f 284 386 385
f 387 389 388
f 391 229 249
f 73 397 396
f 405 407 406
f 203 411 410
f 414 413 412
f 1 357 4
f 277 131 275
f 254 57 58
f 358 415 351
f 417 386 408
f 401 192 420
f 419 127 143
f 421 182 422
f 103 302 409
f 428 368 174
f 380 359 356
f 62 266 323
f 140 431 430
f 357 351 348
f 356 379 380
f 415 403 434
f 437 436 435
f 438 440 439
f 188 450 449
f 452 454 453
f 265 181 421
f 224 64 225
f 237 213 427
f 275 128 458
f 281 460 459
f 50 79 461
f 73 282 281
f 468 466 465
f 390 352 359
f 482 484 483
f 489 487 486
f 493 495 494
f 472 470 469
f 502 500 499
f 220 222 223
f 512 143 66
f 518 511 80
f 513 230 286
f 205 31 244
f 189 451 188
f 163 532 8
f 533 225 251
f 446 447 412
f 335 540 334
f 544 546 545
f 329 291 292
f 199 262 238
f 385 416 550
f 532 191 247
f 363 118 243
f 236 237 250
f 578 580 579
f 573 571 570
f 561 562 272
f 241 259 240
f 590 592 591
f 545 595 594
f 503 155 504
f 606 624 623
f 478 480 479
f 646 648 647
f 590 689 684
f 564 651 650
f 728 184 727
f 714 716 715
f 692 575 693
f 541 581 578
f 346 248 400
f 161 230 160
f 128 94 95
f 698 704 703
f 574 576 575
f 290 401 328
f 630 725 726
f 733 735 734
f 755 496 493
f 759 481 760
f 757 762 761
f 764 466 467
f 768 3808 3809
f 759 488 489
f 492 475 771
f 474 769 473
f 773 465 772
f 771 486 483
f 484 775 491
f 774 489 486
f 495 764 756
f 495 761 494
f 137 784 136
f 325 797 547
f 165 51 52
f 369 29 370
f 730 568 569
f 90 301 89
f 243 516 242
f 800 806 805
f 817 808 816
f 816 823 822
f 306 447 807
f 815 809 808
f 829 828 825
f 726 501 502
f 274 424 423
f 879 881 880
f 884 879 885
f 219 217 211
f 906 904 897
f 455 205 542
f 898 830 829
f 903 880 881
f 906 897 898
f 377 519 165
f 923 948 946
f 946 951 950
f 3519 739 3517
f 900 886 880
f 225 65 144
f 182 442 422
f 809 947 824
f 954 962 961
f 927 965 966
f 885 880 886
f 925 966 967
f 343 341 340
f 965 971 968
f 968 970 969
f 972 969 973
f 963 981 978
f 336 338 339
f 992 827 828
f 810 996 959
f 1007 1002 1008
f 1012 827 1009
f 1011 1007 1008
f 294 292 291
f 907 920 919
f 1017 1019 1018
f 1020 1022 1021
f 1035 1020 1044
f 1061 1047 1046
f 1063 1046 1062
f 1044 1021 1045
f 1102 1097 1109
f 1116 1118 1117
f 1016 1014 1013
f 881 904 903
f 816 1127 817
f 1094 949 1097
f 514 167 515
f 146 81 82
f 1133 1130 1129
f 1102 1126 822
f 822 1116 816
f 1145 1148 1136
f 1076 1151 1069
f 1148 1086 1087
f 1109 1114 1136
f 1154 1156 1155
f 1153 967 1156
f 3464 463 3714
f 1144 1152 1151
f 1156 1163 1162
f 1164 1169 1165
f 1145 1176 1147
f 1114 1154 1171
f 1183 1164 1177
f 1184 1177 1185
f 1069 1062 1064
f 1023 1194 1022
f 1162 1170 1169
f 1195 1185 1191
f 1183 1176 1155
f 1201 1152 1196
f 1061 1201 1202
f 3825 843 3836
f 1203 1195 1034
f 1202 1184 1195
f 1218 1203 1217
f 1060 1202 1203
f 1225 1217 1219
f 671 694 670
f 1219 1024 1035
f 1217 1034 1024
f 1226 1015 1227
f 1243 1234 1233
f 1231 1229 1228
f 847 1233 843
f 843 1244 878
f 1233 1245 1244
f 1923 233 216
f 2100 499 500
f 3914 2135 3900
f 61 323 505
f 210 217 457
f 1299 1309 1300
f 3863 1231 3862
f 1066 1321 1322
f 1322 1228 1229
f 1060 1321 1047
f 1325 1323 1310
f 1244 1332 1330
f 1290 1242 1288
f 1337 1339 1338
f 1330 1340 1339
f 1341 1245 1294
f 1342 1332 1341
f 1343 1341 1344
f 1344 1294 1293
f 3857 1345 1346
f 1347 1342 1343
f 3856 1295 1345
f 1349 1348 1347
f 3861 1347 3853
f 3853 1343 3857
f 906 829 1353
f 905 1353 1354
f 865 1355 1357
f 1355 829 825
f 1357 825 826
f 1356 1353 1355
f 3834 1338 3833
f 866 1356 865
f 1358 1354 1356
f 3828 1337 3834
f 838 1012 841
f 1363 1338 1339
f 1368 1339 1340
f 1348 1340 1342
f 1371 3824 3829
f 524 526 523
f 528 530 527
f 1372 1369 1371
f 535 537 538
f 1367 1348 1350
f 1370 1359 1369
f 1369 3833 3824
f 1373 903 904
f 555 557 558
f 1374 910 1373
f 1373 905 1375
f 1374 1375 1376
f 1375 1354 1370
f 1378 908 1377
f 376 651 1387
f 1388 973 969
f 586 588 585
f 1390 1388 1391
f 1391 969 970
f 597 599 596
f 600 602 603
f 1392 970 979
f 608 610 607
f 612 523 611
f 614 616 613
f 617 25 24
f 620 622 619
f 1397 1391 1392
f 1398 1392 1399
f 1400 920 1378
f 1402 1165 1169
f 636 638 635
f 930 1402 929
f 641 643 644
f 929 1169 1170
f 1404 1403 1402
f 1411 1365 1406
f 1412 1415 1414
f 652 654 655
f 609 657 658
f 659 661 662
f 558 586 585
f 665 667 664
f 1413 1406 1412
f 1418 3810 3813
f 1417 1371 1416
f 1416 3829 3810
f 1419 1416 1418
f 1386 1374 1420
f 677 679 676
f 1385 1420 1421
f 1420 1376 1422
f 685 687 688
f 1421 1422 1423
f 528 691 658
f 1422 1372 1417
f 1018 747 1425
f 699 701 702
f 1424 579 1017
f 3663 1767 3660
f 700 711 712
f 1093 3754 1571
f 717 530 719
f 721 723 720
f 704 3543 3554
f 19 1426 1430
f 1429 1427 1426
f 1658 3542 3544
f 1439 1434 1438
f 1437 1435 1434
f 1426 1433 1432
f 1442 1432 1440
f 742 744 745
f 1432 1441 1440
f 751 753 750
f 1438 1403 1405
f 1446 1444 1443
f 1447 1446 1443
f 3860 1443 3848
f 1415 1445 1446
f 1414 1446 1448
f 2173 469 470
f 777 779 686
f 780 782 783
f 1676 1806 1675
f 3859 1349 3861
f 789 791 788
f 745 793 742
f 652 795 653
f 1455 1457 1456
f 1454 1350 1452
f 610 802 801
f 3831 698 703
f 1352 1045 1351
f 1015 1459 1460
f 811 813 814
f 2118 3817 2117
f 819 821 818
f 1466 1194 1190
f 1467 1465 1466
f 1182 1468 1467
f 832 833 831
f 835 837 834
f 1467 1190 1182
f 1469 1444 1445
f 840 712 690
f 1453 1469 1454
f 599 845 846
f 1226 3849 3855
f 851 853 850
f 855 856 854
f 858 860 857
f 861 863 864
f 1014 3855 3858
f 867 868 869
f 870 872 873
f 874 876 877
f 1310 1471 1309
f 1476 1427 1475
f 1461 1475 1460
f 887 889 890
f 788 892 891
f 894 896 893
f 1460 1227 1015
f 901 524 612
f 1465 1477 1464
f 1865 3500 1864
f 911 913 914
f 916 918 915
f 1850 3507 1851
f 921 895 894
f 1479 1436 1478
f 926 667 601
f 1481 563 1480
f 269 84 1482
f 931 933 916
f 934 614 869
f 936 688 937
f 938 662 939
f 1484 122 123
f 941 835 834
f 320 509 510
f 1849 3505 1850
f 84 1484 83
f 1487 1488 539
f 1757 3502 3509
f 365 1491 364
f 461 80 511
f 117 362 1496
f 1494 541 1495
f 926 957 958
f 1477 1433 1476
f 1709 1585 1700
f 119 1496 345
f 271 504 156
f 511 189 186
f 345 1492 365
f 255 344 254
f 57 299 132
f 1501 268 1500
f 267 1499 145
f 974 976 977
f 1678 1693 1676
f 3846 1807 3840
f 557 663 558
f 983 984 985
f 1443 3849 3848
f 421 268 265
f 989 991 988
f 1490 418 1504
f 279 309 310
f 997 676 679
f 998 999 875
f 1504 38 1505
f 1506 1507 1486
f 360 1508 1506
f 1506 207 360
f 939 1006 938
f 270 1483 269
f 66 546 512
f 1010 793 935
f 367 437 1509
f 244 363 243
f 1670 3534 1669
f 209 1510 226
f 235 1512 1511
f 1511 234 235
f 388 426 425
f 427 250 237
f 161 521 231
f 100 45 44
f 1025 608 1027
f 1029 1031 1028
f 939 1033 1032
f 41 594 99
f 1036 783 1037
f 702 1038 1039
f 1040 1042 1043
f 362 369 1493
f 187 477 186
f 70 539 198
f 1511 1521 234
f 1049 603 1048
f 613 869 614
f 860 1051 857
f 1005 1053 1006
f 753 1056 1054
f 1057 1059 1055
f 293 1522 292
f 288 1521 1522
f 292 1523 329
f 331 1508 1524
f 306 453 305
f 100 41 99
f 462 78 79
f 330 1524 462
f 635 1068 636
f 1485 1526 1528
f 206 1528 1510
f 1070 1072 831
f 942 1073 1074
f 916 1075 917
f 440 1530 439
f 157 1514 285
f 1529 5 1530
f 371 546 63
f 790 663 791
f 1077 857 1078
f 1403 1435 1165
f 1080 1082 1079
f 531 1529 440
f 21 1084 1085
f 272 1531 561
f 137 396 397
f 690 802 691
f 335 3567 581
f 1090 1029 1091
f 1092 794 1042
f 1533 137 138
f 661 1095 1096
f 69 445 72
f 1099 1101 1098
f 38 1536 1505
f 1104 1106 1103
f 852 1108 853
f 1377 909 1386
f 291 411 294
f 316 516 33
f 539 1533 534
f 1505 316 313
f 1110 1112 1113
f 1539 460 264
f 522 1537 1539
f 834 1120 1119
f 1122 1124 1121
f 612 1041 901
f 935 615 614
f 276 130 131
f 1686 3522 1685
f 193 1541 273
f 231 1540 287
f 556 982 557
f 365 85 345
f 190 318 1541
f 1810 3574 3528
f 3924 3512 3791
f 1132 985 1131
f 208 102 132
f 1134 662 661
f 1491 80 77
f 429 1542 147
f 1137 915 918
f 172 428 174
f 1139 1141 1142
f 549 54 55
f 1517 1518 296
f 976 1146 938
f 834 984 941
f 1543 286 115
f 1544 239 513
f 133 1544 1542
f 506 257 258
f 420 328 401
f 1158 1160 1157
f 587 1103 588
f 1513 1514 151
f 607 1027 608
f 304 1545 303
f 364 77 506
f 69 198 139
f 1006 976 938
f 700 1112 701
f 3877 3525 3787
f 1166 657 656
f 1167 858 1077
f 1300 3524 1299
f 1172 1174 1175
f 218 200 217
f 1179 1181 1178
f 372 97 98
f 89 227 88
f 1186 1188 1189
f 172 1517 1549
f 1482 81 1498
f 1090 1193 1030
f 394 353 1551
f 526 1198 1197
f 811 858 812
f 1199 1026 1025
f 606 697 696
f 1204 1206 743
f 1207 523 526
f 1209 867 613
f 914 685 936
f 1478 1441 1477
f 1029 1161 1091
f 1211 1213 1214
f 3858 1451 3859
f 844 1216 845
f 423 273 274
f 1220 1222 1083
f 22 1224 23
f 882 897 881
f 1519 173 387
f 1189 1232 1178
f 349 550 416
f 1071 1236 1072
f 1237 1239 745
f 1221 1189 1240
f 1510 1512 333
f 939 1241 1005
f 1556 5 67
f 1553 394 1551
f 404 67 347
f 1247 1249 1246
f 142 238 92
f 1251 635 1250
f 850 1253 851
f 1254 1077 1255
f 57 133 429
f 443 552 551
f 1187 1175 1188
f 1256 831 833
f 432 382 383
f 741 747 746
f 434 351 415
f 349 383 348
f 251 1481 1480
f 395 352 353
f 1518 1550 1551
f 1558 378 340
f 109 314 315
f 285 1513 407
f 395 393 392
f 202 410 1558
f 417 405 432
f 1246 1258 1247
f 3 297 2
f 1259 1261 1262
f 403 347 284
f 955 953 952
f 462 51 330
f 1096 687 1263
f 429 60 57
f 896 1265 932
f 1267 1268 1266
f 423 327 420
f 37 180 40
f 20 1187 1186
f 1256 1071 1070
f 155 156 504
f 1188 1269 1232
f 1236 1271 1262
f 1272 535 621
f 565 463 464
f 1273 745 1239
f 876 1255 1274
f 316 164 315
f 437 503 1509
f 194 1495 197
f 1275 864 863
f 624 631 630
f 1277 1137 1278
f 569 567 566
f 1481 125 366
f 324 547 326
f 1279 1107 1280
f 1525 329 1523
f 1281 1137 918
f 171 1553 1552
f 1488 396 1533
f 1557 1562 1559
f 1282 1206 1205
f 1053 1278 1281
f 778 607 1283
f 713 3566 3569
f 251 144 124
f 4 348 383
f 709 707 706
f 728 45 246
f 261 1563 544
f 789 1287 790
f 74 263 282
f 403 385 434
f 1178 1240 1189
f 1223 1289 1224
f 158 150 151
f 1220 1186 1221
f 296 354 433
f 784 1538 1566
f 1181 1291 1222
f 1269 1257 1246
f 1566 438 399
f 136 1566 1564
f 1563 169 1565
f 107 109 108
f 1297 1298 1296
f 1464 1476 1461
f 1520 507 508
f 1301 1303 1304
f 1306 1308 1305
f 175 1532 272
f 1532 200 201
f 1311 1312 1313
f 872 1315 1316
f 1317 1318 1319
f 3836 878 3828
f 1305 864 1276
f 1040 863 1320
f 1564 399 169
f 592 1575 591
f 591 1088 689
f 1581 1583 1582
f 1196 1147 1176
f 710 583 713
f 285 408 386
f 953 961 963
f 1594 1589 1593
f 1585 1587 1586
f 1592 1590 1589
f 3885 944 3899
f 1600 1598 1597
f 1604 1602 1601
f 1399 979 980
f 1589 1596 1595
f 1610 1608 1607
f 298 361 360
f 551 276 277
f 1627 3814 3819
f 859 818 860
f 1078 1328 1329
f 1555 1530 1556
f 572 680 681
f 772 776 774
f 977 918 917
f 404 392 393
f 1054 750 753
f 1644 1643 1642
f 932 1082 933
f 1067 1334 1068
f 1540 264 114
f 597 643 1336
f 471 762 470
f 1642 3831 3842
f 1644 3842 3843
f 923 950 927
f 96 548 95
f 520 522 521
f 445 443 442
f 849 848 842
f 480 755 493
f 1646 481 1639
f 311 1567 170
f 464 3497 3495
f 3497 1361 3495
f 234 236 235
f 190 192 191
f 153 152 149
f 231 286 230
f 1552 1551 1550
f 760 1648 488
f 3832 1649 3830
f 828 826 825
f 52 166 165
f 1663 1661 1660
f 287 115 286
f 668 670 669
f 634 640 639
f 553 559 554
f 118 33 516
f 492 491 490
f 3552 1651 3553
f 582 584 583
f 384 392 415
f 1381 1383 1380
f 1562 435 436
f 952 951 947
f 3529 583 584
f 1660 1667 1666
f 1394 1396 1393
f 1660 1664 1663
f 1671 1669 1668
f 1624 1673 1672
f 1407 1409 1410
f 1677 1675 1674
f 1613 1677 1625
f 1679 1676 1677
f 1626 3811 3814
f 534 198 539
f 176 150 159
f 803 734 800
f 400 191 192
f 65 143 144
f 3526 1656 3540
f 402 157 283
f 629 627 626
f 461 49 50
f 758 495 756
f 796 786 785
f 406 1513 1560
f 342 166 167
f 1694 1658 1695
f 1692 1694 1696
f 3557 1652 3552
f 3921 1703 3923
f 326 302 90
f 3916 1702 1706
f 3919 1698 1701
f 1699 3927 3918
f 1557 1560 1561
f 1127 1117 1128
f 400 289 346
f 1706 1707 1708
f 1707 1599 1600
f 1709 1708 1588
f 1714 1711 1713
f 3919 1709 1700
f 1704 1577 1703
f 1716 1713 1715
f 1559 1549 297
f 1722 1720 1719
f 1335 596 1489
f 410 377 378
f 973 1163 972
f 168 399 398
f 1571 1089 1093
f 1572 682 1571
f 749 647 754
f 1730 1723 1729
f 1594 1729 1592
f 1729 1591 1592
f 1731 1730 1583
f 1384 1377 1379
f 1732 1712 1714
f 1724 1731 1732
f 1712 1731 1580
f 1722 1732 1733
f 1721 1733 1734
f 1734 1716 1717
f 1735 1736 1697
f 1733 1714 1716
f 1663 1741 1668
f 1742 1740 1743
f 1738 1737 1735
f 1665 1666 1740
f 1665 1744 1664
f 1725 1746 1745
f 1591 1745 1590
f 1590 1747 1596
f 1745 1748 1747
f 1659 3538 3542
f 3287 3545 3282
f 1185 1182 1190
f 1664 1749 1741
f 1741 1739 1738
f 1746 1743 1748
f 1726 1742 1746
f 1153 924 925
f 1115 1153 1154
f 1654 3575 1655
f 1896 3549 1686
f 1720 1744 1726
f 1721 1749 1720
f 1750 1701 1698
f 1697 1750 1696
f 1151 1063 1062
f 1751 1670 1671
f 1695 1752 1751
f 961 986 981
f 1770 1768 1767
f 1766 1593 1765
f 1731 1579 1580
f 1579 1774 1578
f 3928 1771 3929
f 1764 3928 3917
f 1777 1775 1774
f 3762 1699 1700
f 1004 1128 1003
f 1774 1771 1772
f 987 1399 980
f 1578 1772 1764
f 1783 1781 1778
f 1597 1770 1767
f 639 3895 3884
f 3928 1769 1770
f 1793 1789 1788
f 3929 1798 1769
f 3508 3773 1806
f 1802 3924 3922
f 1788 1794 1793
f 1793 1795 1776
f 3773 1675 1806
f 1584 1783 1789
f 1771 3920 3929
f 1801 1798 1800
f 1768 1798 1799
f 1775 1797 1771
f 508 515 1520
f 1796 1802 1797
f 1800 3920 3922
f 1794 1804 1795
f 3532 1752 3547
f 485 1807 775
f 3809 1640 768
f 3837 1810 1653
f 485 1640 1808
f 1690 3770 3772
f 487 1648 1811
f 3839 1816 3822
f 3838 1648 3830
f 3839 1811 3838
f 1812 487 1811
f 1641 767 768
f 465 755 776
f 767 3823 3808
f 3822 3826 3847
f 1809 1815 767
f 3837 1651 3840
f 675 3541 3496
f 1814 1822 1821
f 1821 3821 3820
f 1824 1649 1825
f 1827 1850 1805
f 1668 1662 1663
f 1779 1848 1828
f 1790 1805 1794
f 1833 1853 1852
f 3521 693 575
f 1614 1616 1617
f 1852 3498 3501
f 1620 1622 1623
f 1855 1574 1861
f 1847 3501 3513
f 1766 1855 1782
f 1629 1631 1628
f 1633 1634 1632
f 1635 1637 1638
f 1848 1852 1847
f 1855 1863 1862
f 1803 1867 1802
f 1862 1831 1832
f 1782 1862 1781
f 3922 1865 1800
f 1873 1870 1869
f 1874 799 804
f 2045 3897 2044
f 1219 1295 1225
f 1615 1396 1395
f 3884 1877 1876
f 645 3786 3559
f 1345 1035 1346
f 634 3884 3880
f 15 1327 14
f 3910 1878 1893
f 1894 605 1893
f 3506 627 693
f 3560 645 3559
f 340 454 1558
f 1897 195 1898
f 1889 1877 1890
f 1901 129 1900
f 196 754 232
f 1705 3921 3916
f 340 166 343
f 1570 563 561
f 1904 194 1897
f 1781 1832 1780
f 1905 55 1906
f 1000 995 996
f 986 920 987
f 1191 1190 1194
f 2094 2075 2093
f 1920 1919 1915
f 453 1912 1911
f 1915 1918 1916
f 3882 2106 3901
f 1655 3531 1868
f 1916 1926 1925
f 704 3561 703
f 278 1925 1900
f 3565 1818 1820
f 1097 1115 1114
f 1927 727 1923
f 3578 3654 3758
f 1920 307 1929
f 1929 48 728
f 503 1497 1509
f 1902 787 796
f 1816 3820 3826
f 1925 1923 1924
f 1535 1568 1534
f 254 258 255
f 1509 366 367
f 119 35 36
f 219 293 294
f 141 47 431
f 542 244 245
f 1940 430 431
f 1779 1827 1790
f 1701 3915 3919
f 1661 3515 1667
f 270 754 647
f 197 749 196
f 1727 1212 1211
f 53 232 754
f 1465 1479 1478
f 1284 3854 1293
f 1951 412 413
f 168 1554 1553
f 1486 206 207
f 506 78 361
f 994 1007 993
f 951 963 964
f 1013 3861 1351
f 3826 1820 1818
f 1498 1954 1482
f 299 543 132
f 1754 1756 1753
f 1681 1683 1682
f 1696 1695 1697
f 13 738 737
f 473 475 474
f 482 768 1640
f 204 30 205
f 1761 820 819
f 611 1125 612
f 1501 1908 1909
f 1074 711 699
f 1960 82 83
f 120 1960 123
f 35 87 34
f 1773 1025 1031
f 1965 1569 1535
f 494 471 479
f 1966 1969 1968
f 446 1971 1967
f 174 125 126
f 1580 1578 1577
f 1785 1787 1784
f 1972 304 305
f 1254 875 999
f 1973 342 514
f 321 1973 509
f 1910 275 1907
f 509 514 508
f 1486 1527 1485
f 1974 804 1975
f 1977 1974 1978
f 1980 1966 1981
f 379 2 295
f 1718 1710 1701
f 884 992 883
f 1680 1678 1679
f 902 525 524
f 344 256 299
f 135 137 136
f 236 228 333
f 448 1967 1966
f 589 604 584
f 910 908 907
f 1981 1968 1987
f 1982 1987 1979
f 1988 1987 1989
f 1990 1989 1991
f 1991 1993 1992
f 322 320 319
f 992 830 883
f 1144 1086 1143
f 1995 1978 1994
f 1133 1118 1126
f 1997 1994 1996
f 870 1335 1489
f 805 1982 1998
f 727 2000 1999
f 1996 1988 1990
f 1994 1979 1988
f 1829 792 1273
f 1830 941 983
f 798 800 799
f 729 731 730
f 2011 2023 2022
f 1834 846 1159
f 402 284 347
f 2022 2024 2025
f 1838 989 988
f 810 952 809
f 1823 1840 644
f 1430 1432 1431
f 1215 1841 1079
f 149 176 177
f 1316 873 872
f 2112 1384 2106
f 1842 1844 1845
f 1159 845 1160
f 837 1846 1120
f 1971 2030 2027
f 517 370 189
f 858 833 812
f 1471 2027 1888
f 3551 626 627
f 2174 770 490
f 935 1854 1010
f 1613 1611 1618
f 1231 1225 1295
f 1856 891 892
f 1300 748 741
f 1150 1858 1859
f 1643 696 1642
f 1215 1264 1216
f 1320 902 901
f 1956 1944 1960
f 2031 669 1474
f 2034 1310 1299
f 1879 1656 1657
f 40 242 39
f 1992 2039 1456
f 888 957 889
f 1882 1996 1990
f 1078 1255 1077
f 1871 1192 1090
f 294 218 219
f 1323 2026 1471
f 123 83 1484
f 1324 2041 1323
f 384 359 352
f 1324 2038 2036
f 1883 1885 1829
f 287 114 107
f 1096 1134 661
f 915 931 916
f 806 1981 1982
f 3533 584 604
f 1425 2042 1018
f 1018 1948 1017
f 3562 740 3519
f 1948 649 646
f 1881 1990 1991
f 1900 130 278
f 992 994 993
f 923 925 924
f 3878 2047 3876
f 1643 625 606
f 2050 2051 2049
f 2045 1404 2047
f 3876 945 3885
f 1139 1079 1841
f 1037 892 982
f 2055 2057 2056
f 1198 718 717
f 1619 1612 1611
f 2058 1606 2059
f 2059 1607 2058
f 2058 1624 1605
f 71 179 37
f 405 1557 382
f 976 1006 977
f 322 1972 1911
f 2061 2063 2062
f 2066 2067 1825
f 2052 2064 2051
f 1609 2066 1647
f 1515 152 1516
f 1009 993 1007
f 1644 3815 2118
f 279 1916 278
f 1285 3862 1284
f 1647 1825 1649
f 2056 2067 2065
f 319 1953 1952
f 667 1913 1914
f 2070 625 2048
f 2052 2055 2063
f 2038 1655 1458
f 1606 2073 2072
f 1235 1270 1236
f 2072 2075 2074
f 2059 2072 2062
f 2074 2077 2076
f 1601 2078 2073
f 2049 1643 1645
f 1000 1001 994
f 1089 684 689
f 1931 1306 1930
f 1462 1021 1022
f 1932 1934 1935
f 875 1846 998
f 1936 1937 1938
f 44 46 92
f 1534 1956 120
f 1541 317 391
f 2081 2084 2083
f 146 1959 300
f 1360 1942 1361
f 985 1032 1033
f 1995 1892 2043
f 2079 2082 2081
f 2095 2076 2077
f 2081 2078 2079
f 2055 2054 2053
f 501 2095 500
f 2097 2099 2098
f 2098 2094 2083
f 2140 3893 3866
f 2141 3894 3893
f 2051 2048 2049
f 592 2101 1576
f 2071 2076 2096
f 2102 2098 2101
f 593 2102 592
f 1019 746 747
f 1950 12 1327
f 725 2096 501
f 1385 2104 1379
f 1379 2106 1384
f 2107 2100 2097
f 3908 502 3896
f 3896 499 3901
f 940 2109 944
f 928 1170 973
f 3868 684 3899
f 1962 1964 1961
f 3878 573 3897
f 2039 1968 1969
f 1389 2110 2109
f 1398 2113 1397
f 3757 3753 3743
f 3911 2107 2103
f 949 924 1115
f 260 324 326
f 1390 2113 2110
f 2070 2064 2071
f 3867 2103 593
f 2105 1421 2114
f 2114 1423 2115
f 3892 2115 3903
f 3908 2114 3892
f 554 1902 553
f 972 967 966
f 1765 1573 1574
f 1984 1986 1983
f 2053 2069 2057
f 3573 724 714
f 1625 1674 1673
f 3881 2119 2122
f 3903 2123 3904
f 56 1906 55
f 626 3879 629
f 2001 2003 2004
f 3912 2127 3907
f 2006 2008 2009
f 2127 1412 2128
f 2014 2016 2017
f 2018 2020 2021
f 1495 1947 197
f 1379 1386 1385
f 3814 1680 1618
f 2029 1884 2028
f 3902 2120 3887
f 629 3914 3872
f 682 943 1089
f 724 2121 716
f 1757 3821 3845
f 765 3844 3809
f 3851 715 3852
f 706 3870 3872
f 981 987 980
f 1457 1656 1880
f 2017 2032 2033
f 1458 1868 1457
f 1776 1792 1793
f 1959 1946 1958
f 3663 3725 3661
f 3913 2122 3850
f 1093 689 1088
f 966 968 972
f 3852 3881 3913
f 2172 2170 2171
f 670 2137 669
f 3761 1903 233
f 1429 28 1449
f 964 978 971
f 3841 1413 2127
f 1473 669 2137
f 3834 1359 1358
f 2138 1870 2137
f 1872 2137 1870
f 715 3888 3881
f 1881 1992 1880
f 3843 739 740
f 1837 3513 3514
f 253 59 85
f 1808 3840 1807
f 1647 3818 1609
f 3865 671 668
f 2112 3883 2111
f 1405 2044 1438
f 3829 1364 1366
f 273 391 249
f 576 3520 3555
f 3875 668 2031
f 1430 2140 2139
f 2136 3860 28
f 1430 18 19
f 3893 570 695
f 1442 2046 2141
f 1431 2141 2140
f 3869 3850 2136
f 3808 1817 766
f 3866 695 671
f 2142 798 2138
f 571 2142 694
f 3819 1618 1611
f 2143 2025 2142
f 694 2138 670
f 681 2144 572
f 2144 2022 2143
f 328 457 290
f 1572 2011 2144
f 630 3903 624
f 2085 2087 2088
f 2090 2092 2089
f 572 2143 571
f 1875 2153 2149
f 1873 2149 2154
f 2103 2097 2102
f 2157 2155 2156
f 2128 1414 2120
f 3874 589 582
f 3872 628 629
f 2149 2158 2159
f 2159 3905 3890
f 698 3902 705
f 3823 3827 1817
f 2158 3874 3905
f 1438 2046 1439
f 2035 2160 2161
f 2161 3889 3886
f 3871 605 589
f 3873 18 3875
f 370 61 451
f 649 413 648
f 2153 2156 2158
f 1428 1449 1450
f 1490 73 1488
f 3890 710 633
f 2155 3891 3871
f 1456 1880 1992
f 2125 2087 2124
f 2160 3890 3889
f 300 505 323
f 1064 1046 1065
f 2043 1891 2155
f 2129 2004 2003
f 2131 2133 2134
f 3848 1450 1449
f 1998 804 805
f 3879 3864 3914
f 474 490 770
f 1164 1182 1177
f 707 3909 3870
f 708 2162 707
f 2162 3886 3909
f 548 1905 458
f 1145 1114 1171
f 705 1650 704
f 2043 1977 1995
f 737 554 559
f 1034 1191 1023
f 458 1907 275
f 195 232 233
f 2040 1969 1970
f 2145 2147 2148
f 2054 2049 1645
f 3832 1639 3818
f 9 11 10
f 252 506 258
f 472 479 471
f 1865 3791 3503
f 900 910 907
f 1941 2151 1942
f 1921 1927 1919
f 2163 1898 2116
f 271 153 178
f 1904 12 9
f 282 264 460
f 1872 2154 2035
f 1326 1897 2163
f 628 693 627
f 1724 1719 1723
f 1549 436 172
f 1582 1730 1729
f 1921 1929 1928
f 3563 10 11
f 2152 1950 1949
f 475 774 771
f 769 2171 473
f 2171 476 473
f 476 772 475
f 1791 464 1760
f 2166 2168 2169
f 595 372 98
f 483 1641 482
f 762 2173 470
f 771 484 492
f 486 1809 483
f 297 1517 296
f 763 2174 762
f 776 759 489
f 184 2176 2000
f 412 303 414
f 2005 185 224
f 3811 1682 3846
f 2164 756 764
f 1472 2161 2162
f 950 964 965
f 2177 2179 2180
f 227 1510 333
f 764 467 2164
f 2182 2184 2181
f 2186 2018 2185
f 1985 2181 1986
f 214 729 1531
f 1545 1546 1569
f 865 842 866
f 849 1357 1362
f 452 1558 454
f 559 3188 737
f 16 737 3188
f 560 498 374
f 3193 3195 3194
f 3200 3198 3199
f 3211 3213 3212
f 3215 3217 3216
f 2187 2002 2001
f 2169 2189 2190
f 2192 2085 2191
f 2193 2195 2196
f 2198 2200 2197
f 1998 1979 1975
f 3664 3668 3671
f 2116 1903 1902
f 1859 2009 1150
f 3904 2126 3906
f 1135 1087 1130
f 2201 2015 2014
f 1149 110 1858
f 3221 3218 3215
f 2203 2205 2206
f 579 1895 1019
f 1755 2208 1756
f 3891 1893 605
f 1211 2150 1727
f 868 2210 2209
f 944 930 940
f 2130 2202 2201
f 233 1898 195
f 665 750 666
f 1167 999 618
f 2211 2213 2214
f 2215 2217 2218
f 3867 590 3868
f 2220 220 2219
f 823 948 1094
f 3225 3227 3226
f 266 455 265
f 3882 2107 3883
f 2221 3519 3517
f 2223 2225 2226
f 2207 2124 2208
f 673 3869 3864
f 817 996 815
f 2227 2146 2145
f 1947 646 749
f 3900 17 3873
f 2229 1638 1381
f 1679 1618 1680
f 1637 2232 2230
f 2233 1617 1616
f 2231 2236 2237
f 1381 2238 1382
f 3586 2242 3587
f 1630 2233 1631
f 1681 472 469
f 1408 2243 2244
f 3236 3238 3237
f 3232 3240 3235
f 1637 2238 1638
f 3237 3233 3234
f 1409 1634 2245
f 1380 2247 2246
f 1628 2245 1621
f 2249 1622 1633
f 1632 1408 2244
f 2248 1631 2250
f 2235 1637 1636
f 3245 3199 3198
f 631 2071 725
f 515 52 49
f 782 2251 1251
f 2253 2255 2252
f 397 459 784
f 1456 2040 1455
f 2040 2036 1455
f 1401 2111 1398
f 2041 1970 2026
f 1535 414 1965
f 1586 2080 2079
f 2256 1132 1886
f 1700 3918 3919
f 3815 1686 3817
f 1263 1886 1096
f 598 844 599
f 2257 2259 2260
f 2258 2262 2259
f 2259 2263 2216
f 2260 2216 2215
f 1967 1970 1969
f 2212 1963 2213
f 922 2218 2217
f 1312 1101 2264
f 1307 1286 789
f 1548 1546 1972
f 2266 2268 2265
f 2265 2270 2269
f 2272 2269 2271
f 2273 2265 2272
f 2275 2277 2274
f 2278 2277 2279
f 2284 3617 3639
f 2287 2286 2281
f 2288 2283 2287
f 2290 3639 3620
f 2291 2293 2294
f 2295 2294 2279
f 2296 2291 2295
f 2297 2292 2291
f 2294 2299 2300
f 2279 2300 2278
f 2298 2302 2292
f 2292 2303 2293
f 2293 2304 2299
f 2304 2306 2299
f 2306 2300 2299
f 2308 2310 2307
f 2302 2310 2303
f 2301 2307 2302
f 2312 2307 2311
f 2313 2315 2316
f 2318 2320 2317
f 3748 2322 2323
f 2324 2273 2326
f 2313 2326 2327
f 2328 2313 2316
f 2329 2324 2328
f 2331 2333 2330
f 2330 2267 2266
f 2325 2266 2273
f 2329 2330 2325
f 2333 2335 2267
f 2336 2333 2332
f 2338 2332 2337
f 2331 2337 2332
f 2329 2339 2331
f 2328 2340 2329
f 2316 2341 2328
f 2342 2315 2343
f 2344 2346 2347
f 2341 2347 2340
f 2342 2344 2341
f 2348 2345 2344
f 2350 2352 2353
f 2339 2353 2337
f 2340 2350 2339
f 2347 2351 2350
f 2337 2354 2338
f 2353 2355 2354
f 2356 2276 2357
f 2356 2358 2359
f 2356 2296 2295
f 2279 2356 2295
f 2360 2270 2268
f 2267 2360 2268
f 2362 2364 2365
f 2362 2361 2358
f 2366 2358 2357
f 2366 2363 2362
f 2357 2368 2366
f 2366 2369 2367
f 2276 2370 2368
f 2368 2282 2369
f 2372 2374 2371
f 2375 2377 2007
f 2378 2380 2381
f 2382 2381 2383
f 2384 2378 2382
f 2385 2379 2378
f 2388 2390 2387
f 2387 2392 2391
f 2393 2387 2391
f 2394 2388 2387
f 2186 2402 2400
f 2403 2327 2326
f 2272 2326 2273
f 2271 2403 2272
f 2405 2404 2403
f 2404 2408 2327
f 2409 2411 2412
f 2409 2271 2269
f 2413 2269 2270
f 2413 2410 2409
f 2417 2416 2418
f 2417 2406 2405
f 2412 2405 2271
f 2411 2417 2412
f 2406 2407 2404
f 3569 632 713
f 2420 2397 2421
f 2420 2423 2422
f 2424 2422 2419
f 2424 2398 2420
f 2425 2392 2426
f 2421 2426 2423
f 2397 2425 2421
f 2396 2391 2425
f 2427 2315 2314
f 2427 2408 2428
f 2430 2428 2429
f 2343 2427 2430
f 2432 2430 2431
f 2431 2429 2433
f 2435 2433 2434
f 2436 2431 2435
f 2428 2407 2437
f 2422 2407 2419
f 2438 2422 2423
f 2429 2437 2438
f 2440 2433 2439
f 2441 2433 2429
f 2442 2439 2441
f 2443 2440 2439
f 2445 2444 2443
f 2447 2443 2442
f 2383 2445 2447
f 2381 2446 2445
f 2448 2423 2426
f 2449 2426 2392
f 2441 2449 2442
f 2441 2438 2448
f 2449 2390 2450
f 2450 2389 2451
f 2447 2451 2383
f 2442 2450 2447
f 2451 2453 2452
f 2452 2455 2454
f 2382 2454 2384
f 2383 2452 2382
f 2456 2373 2372
f 2459 2461 2458
f 2463 2465 2462
f 2462 2285 2284
f 2466 2284 2290
f 2467 2462 2466
f 2461 3703 3701
f 2468 2470 2471
f 2472 2471 2473
f 2474 3701 3688
f 2475 2477 2478
f 2458 2453 2479
f 2479 2389 2388
f 2395 2479 2388
f 2480 2458 2479
f 2481 2483 2478
f 2484 2485 221
f 2471 2464 2463
f 2473 2463 2467
f 2487 2466 2486
f 2486 2290 2488
f 2490 2488 2489
f 2491 2486 2490
f 2492 2467 2487
f 2493 2487 2491
f 2494 2492 2493
f 2495 2473 2492
f 3690 2474 3688
f 3691 2496 3690
f 2498 2493 2499
f 2500 2499 2501
f 3700 2498 2500
f 3687 2494 2498
f 2306 2278 2300
f 2305 2504 2306
f 2504 2507 2506
f 2506 2288 2508
f 2274 2508 2275
f 2278 2506 2274
f 3633 2489 2488
f 3620 2488 2290
f 2507 2289 2288
f 2505 2509 2507
f 2508 2287 2511
f 2511 2281 2280
f 2370 2280 2282
f 2275 2511 2370
f 2512 2489 2513
f 2514 2513 2515
f 2517 2514 2516
f 2517 2490 2512
f 2499 2491 2517
f 2499 2516 2501
f 2510 2519 2518
f 2518 2521 2520
f 3616 2520 3621
f 3632 2518 3616
f 2522 2303 2310
f 2523 2310 2309
f 2305 2522 2524
f 2524 2523 2525
f 2519 2525 2521
f 2505 2524 2519
f 2308 2527 2526
f 2526 2529 2528
f 2531 2528 2530
f 2309 2526 2531
f 1214 2151 1211
f 2419 2418 2424
f 2533 2349 2317
f 2534 2317 2320
f 2535 2533 2534
f 2536 2345 2533
f 2537 2346 2536
f 2538 2536 2535
f 2539 2537 2538
f 2540 2351 2537
f 2312 2541 2527
f 2527 2542 2529
f 2543 2434 2544
f 2545 2544 2546
f 2319 2543 2545
f 2318 2435 2543
f 2514 2548 2547
f 2547 2550 2549
f 2552 2549 2551
f 2552 2514 2547
f 2520 2554 2553
f 2553 2556 2555
f 3590 2555 3593
f 3621 2553 3590
f 2523 2531 2557
f 2557 2530 2558
f 2525 2557 2559
f 2559 2558 2560
f 2554 2560 2556
f 2521 2559 2554
f 2561 2007 2006
f 2376 2225 2377
f 2564 2566 2563
f 2563 338 2567
f 2569 2567 2568
f 2570 2563 2569
f 2572 2574 2571
f 2571 2576 2575
f 2544 2575 2546
f 2544 2572 2571
f 2578 2569 2577
f 2579 2569 2568
f 2574 2579 2576
f 2573 2577 2574
f 2581 2583 2580
f 2584 2583 2585
f 3697 2580 2584
f 3676 2580 3675
f 2582 2552 2583
f 2583 2551 2585
f 2500 2589 2588
f 2590 2589 2591
f 3693 2588 2590
f 3695 2500 2588
f 2501 2591 2589
f 2592 2594 2595
f 2386 2503 2502
f 2596 2386 2374
f 2596 2373 2597
f 2599 2597 2598
f 2599 2379 2596
f 2600 2380 2599
f 2600 2598 2601
f 2603 2601 2602
f 2603 2446 2600
f 2604 2602 2605
f 2440 2605 2434
f 2444 2604 2440
f 2606 2581 2607
f 2606 2590 2591
f 2591 2582 2606
f 3676 2456 3689
f 3689 2372 3693
f 2478 2608 2481
f 2609 2611 2199
f 2564 2613 2612
f 2612 2598 2597
f 2457 2597 2373
f 2565 2612 2457
f 2614 2570 2578
f 2615 2578 2573
f 2602 2614 2615
f 2601 2613 2614
f 2572 2605 2616
f 2616 2602 2615
f 2573 2616 2615
f 1459 1045 1021
f 1265 1079 1082
f 1612 1609 1611
f 2067 2069 2068
f 1135 1136 1148
f 1938 2618 2617
f 95 458 128
f 2058 1608 1612
f 1454 1445 1367
f 655 1048 2619
f 722 2621 723
f 1131 1033 1134
f 562 366 1497
f 1723 1725 1591
f 1786 1122 1787
f 267 323 266
f 1325 1654 2038
f 1468 1435 1479
f 658 529 528
f 8 247 7
f 382 1559 3
f 788 1307 789
f 940 929 928
f 911 2623 912
f 2621 655 654
f 2624 2625 2626
f 998 27 26
f 635 2626 2625
f 2627 644 1840
f 2628 1840 2629
f 1200 2627 2628
f 1199 641 2627
f 1520 49 477
f 1452 1349 1451
f 2630 1859 1858
f 644 1335 1823
f 1197 717 2632
f 2632 719 1166
f 2628 1166 1200
f 2629 2632 2628
f 1762 1050 821
f 1823 873 1839
f 2634 794 652
f 1028 1027 1161
f 1042 2635 1043
f 93 1901 1924
f 2036 1458 1455
f 1527 1525 1526
f 877 1274 1277
f 134 797 1544
f 1328 931 1329
f 607 1091 1161
f 1043 2637 2636
f 2636 2639 2638
f 1275 2638 1276
f 1275 1043 2636
f 1272 2626 2640
f 2640 638 637
f 1110 2640 637
f 536 2640 2641
f 1472 1474 1473
f 2042 1951 649
f 1058 1105 1059
f 2642 2643 2644
f 1192 2644 1193
f 912 2642 1192
f 3898 3526 3786
f 1049 2620 2621
f 616 1885 613
f 1331 666 750
f 990 1198 525
f 1911 321 322
f 1298 1205 2645
f 76 1504 75
f 1502 421 422
f 610 658 691
f 1146 659 938
f 2646 914 936
f 1280 1238 1279
f 975 2647 2648
f 2647 975 974
f 1453 1452 1451
f 1514 158 151
f 835 1843 1842
f 1271 1173 1289
f 2649 813 2650
f 1893 1826 1894
f 1050 1937 1051
f 2651 814 813
f 1006 1281 977
f 2653 2654 2655
f 1001 1003 1002
f 585 679 558
f 2624 621 620
f 555 2028 556
f 1207 1197 2629
f 1626 478 472
f 426 419 1567
f 1030 1773 1031
f 3898 634 3880
f 534 138 262
f 1125 1042 1041
f 333 88 227
f 569 561 730
f 1489 871 870
f 1857 620 891
f 1673 3770 3763
f 622 864 1308
f 2647 974 2657
f 619 891 620
f 261 545 262
f 393 1556 404
f 2658 2647 2657
f 1075 2657 917
f 1081 2658 1075
f 1080 2659 2658
f 2644 1141 2660
f 2660 1140 1336
f 642 1336 643
f 1193 2660 642
f 679 555 558
f 1503 1500 1502
f 1318 1101 1100
f 2661 1139 1142
f 2661 2663 2662
f 2662 2659 2661
f 2662 2622 2664
f 2664 911 2646
f 2648 2646 1146
f 2648 2662 2664
f 2083 2093 2081
f 1442 1437 1439
f 519 330 51
f 1885 1209 613
f 799 805 804
f 1946 1952 1953
f 1302 1253 1252
f 566 224 533
f 1389 928 1388
f 683 681 680
f 836 1842 2665
f 2665 1845 1303
f 2666 1303 1302
f 24 2665 2666
f 831 2650 832
f 1845 1304 1303
f 2010 2012 2011
f 1051 2667 2668
f 1522 1511 1523
f 531 441 522
f 782 1251 1250
f 1250 2625 2669
f 2669 1857 1856
f 783 1856 1037
f 782 2669 783
f 720 2671 721
f 1055 1930 1056
f 1333 1251 2251
f 619 1308 1307
f 652 2619 2634
f 521 1539 1540
f 1838 537 2672
f 2672 536 2641
f 1113 2641 1110
f 1113 1838 2672
f 1016 1351 1045
f 3897 570 3894
f 226 104 101
f 3564 3827 1818
f 1036 1884 1883
f 2674 1304 2673
f 2673 1844 2675
f 1334 2675 1039
f 1333 2673 1334
f 2676 1039 2675
f 1843 2675 1844
f 942 2676 1843
f 1074 702 2676
f 811 859 858
f 752 1055 753
f 1200 656 1026
f 1120 874 2677
f 2677 877 1052
f 1241 1052 1005
f 1119 2677 1241
f 1560 151 1515
f 1208 611 523
f 215 736 214
f 1460 1462 1461
f 1208 1839 873
f 854 1282 1297
f 72 182 179
f 544 1565 512
f 217 456 457
f 2047 930 945
f 1204 1937 2633
f 913 686 685
f 840 1113 1112
f 1531 730 561
f 2678 1283 801
f 601 1914 602
f 1537 459 460
f 1819 3509 3527
f 991 862 538
f 2679 1073 1830
f 2680 983 2256
f 779 2256 1263
f 778 2680 779
f 2678 1830 2680
f 180 245 40
f 1886 1131 1134
f 1138 1274 1255
f 1841 1140 1139
f 75 314 74
f 193 420 192
f 2681 1099 1098
f 170 1565 169
f 349 417 432
f 1121 2684 2683
f 547 409 302
f 123 121 120
f 2643 1142 1141
f 1542 513 1543
f 899 907 919
f 1210 676 867
f 791 982 892
f 24 837 836
f 893 932 931
f 1860 863 862
f 535 862 861
f 832 813 812
f 2650 813 832
f 1569 1547 1568
f 181 542 180
f 660 937 688
f 2013 568 2012
f 887 2631 2630
f 1524 361 78
f 520 162 1529
f 2653 854 2685
f 1238 2655 2686
f 718 527 530
f 1492 518 1491
f 792 615 793
f 599 1835 596
f 290 456 175
f 312 1552 425
f 1248 1179 1249
f 153 177 178
f 1240 1222 1221
f 1257 1235 1071
f 1291 1083 1222
f 1052 1277 1053
f 743 2618 1204
f 444 430 443
f 23 1172 1187
f 2687 1180 1179
f 102 409 134
f 1283 610 801
f 373 650 651
f 1180 1084 1291
f 855 2655 1237
f 1173 1917 1174
f 2689 853 2688
f 2688 1108 1279
f 2686 1279 1238
f 2687 2688 2686
f 2691 1252 2690
f 2690 850 2689
f 1248 2689 2687
f 1248 2691 2690
f 2692 24 2666
f 2691 2666 1302
f 1247 2692 2691
f 1258 617 2692
f 394 1555 393
f 2693 1259 1223
f 1072 1262 1261
f 1257 1168 1258
f 398 1555 1554
f 871 1314 872
f 1178 1249 1179
f 1224 1173 1172
f 1010 2618 742
f 1175 1292 1269
f 2654 2686 2655
f 2694 1216 1264
f 71 1487 70
f 701 1111 1038
f 1072 2649 2650
f 1085 22 21
f 895 1264 896
f 1601 1605 1604
f 1259 1271 1289
f 21 1220 1083
f 988 538 537
f 598 1336 1140
f 820 1762 821
f 1050 818 821
f 1298 1761 2652
f 1168 618 617
f 858 1256 833
f 39 516 1536
f 2652 819 814
f 313 315 314
f 2026 1971 2027
f 2656 596 1835
f 814 818 811
f 2696 813 2649
f 1260 2649 1261
f 2693 2696 1260
f 2697 2651 2696
f 381 390 380
f 3818 1611 1609
f 1475 1428 1227
f 1292 1917 1235
f 1551 354 1518
f 1526 1523 1511
f 1593 1595 1573
f 1232 1246 1249
f 2695 1223 22
f 2698 1296 2697
f 2698 2693 2695
f 2685 2695 1085
f 2685 1297 2698
f 562 271 272
f 2652 1296 1298
f 1365 1364 1363
f 1958 1953 1957
f 585 2210 997
f 1561 1515 435
f 975 1146 976
f 347 68 346
f 1038 636 1068
f 2700 780 2699
f 2699 1036 1883
f 2701 1883 1829
f 851 2699 2701
f 2674 2251 2702
f 2702 781 2700
f 1253 2700 851
f 1301 2702 1253
f 1519 388 1550
f 1273 1280 2703
f 2703 1107 852
f 2701 852 851
f 1829 2703 2701
f 91 326 90
f 1784 2656 1785
f 2683 2705 2704
f 604 3499 3533
f 1669 3548 1662
f 2062 2060 2059
f 621 861 622
f 2023 732 2024
f 686 1263 687
f 857 2668 1328
f 883 882 879
f 637 1111 1110
f 2668 893 1328
f 2667 894 2668
f 1039 1068 1334
f 313 1504 1505
f 1911 305 453
f 1936 1964 2212
f 2707 2401 2183
f 2708 2183 2182
f 738 2116 554
f 2349 2432 2436
f 2711 2020 2019
f 2400 2019 2186
f 2714 2716 2713
f 2717 2719 2720
f 2721 2723 2724
f 2726 2728 2725
f 2725 2730 2729
f 2731 2729 2709
f 2732 2725 2731
f 2734 2736 2733
f 2738 2740 2737
f 2737 2741 2742
f 2744 2746 2743
f 2745 2748 2747
f 2749 2747 2751
f 2753 2751 2752
f 2250 2246 2248
f 2754 1614 2755
f 3598 2755 3609
f 3608 2747 3609
f 1617 2755 1614
f 2242 1620 2757
f 2191 2760 2759
f 2761 2760 2762
f 3648 2761 3649
f 3623 2759 3648
f 3209 3223 3224
f 1395 2236 2235
f 1395 1636 1615
f 1616 2229 2233
f 1617 2763 2756
f 2756 3628 3608
f 2765 2234 1630
f 2766 3628 3622
f 3202 3246 3247
f 1516 435 1515
f 2768 3552 3553
f 1495 578 1424
f 2135 28 17
f 3526 2773 2774
f 1690 3926 3925
f 2778 2780 2777
f 2777 2781 2782
f 2784 2777 2783
f 3555 575 576
f 1494 9 540
f 3529 2015 3566
f 451 505 450
f 2786 2788 2785
f 2779 2785 2780
f 2789 2741 2740
f 2790 2752 2789
f 2792 2794 2791
f 2793 2796 2794
f 2796 2750 2749
f 2794 2749 2753
f 2798 1396 2754
f 3591 2754 3598
f 2798 2800 1393
f 3591 2799 2798
f 2797 2795 2801
f 2791 2753 2790
f 216 232 54
f 3804 2807 3803
f 3805 2804 3803
f 2769 3557 3552
f 183 184 97
f 2811 2775 2776
f 2804 2776 2805
f 2809 2811 2804
f 2812 2813 2814
f 3805 2816 3795
f 3796 2815 3795
f 3798 2820 2821
f 3793 2819 3798
f 2824 2735 2819
f 2823 2824 2819
f 2825 2826 2724
f 3793 2827 3792
f 3796 2826 3792
f 2713 2829 2828
f 2828 2831 2830
f 2822 2828 2830
f 2821 2713 2828
f 2832 2822 2830
f 2833 2830 2831
f 2834 2832 2833
f 2835 2827 2832
f 2837 2839 2836
f 2836 2841 2840
f 2842 2840 2727
f 2843 2836 2842
f 2840 2845 2844
f 2718 2845 2719
f 2730 2844 2718
f 2727 2844 2728
f 2846 2719 2845
f 2846 2841 2847
f 2829 2847 2831
f 2829 2716 2846
f 2847 2839 2848
f 2848 2838 2849
f 2833 2849 2834
f 2831 2848 2833
f 2850 2851 2852
f 2853 2852 2854
f 2783 2782 2855
f 2785 2853 2856
f 2780 2856 2781
f 2857 2855 2782
f 2859 2782 2781
f 2861 2842 2860
f 2860 2727 2726
f 2862 2726 2732
f 2863 2860 2862
f 2861 2858 2857
f 2843 2857 2859
f 2856 2854 2864
f 2781 2864 2859
f 2837 2859 2864
f 2838 2864 2854
f 2852 2834 2849
f 2854 2849 2838
f 2865 2818 2835
f 2851 2835 2834
f 2813 2815 2865
f 2814 2865 2851
f 2866 2814 2850
f 2788 2850 2853
f 2866 2787 2867
f 2812 2867 2775
f 1892 1890 1891
f 2720 2846 2870
f 298 256 257
f 2872 2713 2820
f 3794 2735 2734
f 2729 2874 2873
f 2846 2715 2870
f 2876 2878 2875
f 2733 2878 2734
f 3806 2879 2880
f 3806 2872 3794
f 2882 2884 2881
f 2881 2715 2714
f 2880 2714 2872
f 2879 2881 2880
f 2885 2887 2888
f 2888 2890 2885
f 2885 2892 2891
f 2893 2885 2891
f 1942 2532 2894
f 2895 2720 2870
f 2884 2870 2715
f 2883 2895 2884
f 2896 2892 2895
f 2889 2717 2890
f 2890 2720 2892
f 2897 2891 2896
f 2898 2896 2883
f 2899 2883 2882
f 2900 2882 2879
f 3797 2879 3807
f 2876 2901 2877
f 2901 2904 2903
f 1785 1835 1834
f 2905 2899 2900
f 2907 2897 2898
f 3797 2903 3799
f 632 577 633
f 3532 2867 2787
f 434 550 350
f 2768 3640 3643
f 2910 1623 2249
f 2241 2758 2242
f 3640 2913 3652
f 1623 2757 1620
f 3587 2757 3652
f 2229 1380 2250
f 2765 1629 2914
f 2915 1629 2912
f 3642 2914 2915
f 3641 2765 2914
f 2919 3642 3613
f 2918 2912 2241
f 3614 2241 3586
f 3618 3613 3670
f 3541 2180 3496
f 3521 2188 3506
f 3705 714 3851
f 2925 2917 2924
f 2924 2916 2919
f 3610 2919 3618
f 3611 2924 3610
f 2926 2766 2925
f 3658 2925 3611
f 1715 1705 1710
f 785 498 796
f 1387 565 1791
f 374 1899 560
f 3573 2206 3556
f 2929 2886 2893
f 2932 2934 2931
f 1905 1908 1907
f 2930 2936 2937
f 2938 2930 2929
f 1493 517 518
f 1603 1586 1602
f 2939 2929 2908
f 2940 2908 2907
f 3665 1600 3661
f 2886 2937 2887
f 2906 2898 2899
f 2908 2893 2897
f 2942 2933 2941
f 2941 2937 2936
f 3501 2936 3513
f 3498 2941 3501
f 2943 2710 2873
f 2943 2874 2889
f 2945 2889 2888
f 2946 2943 2945
f 2932 2888 2887
f 2931 2945 2932
f 727 1929 728
f 2903 2947 2948
f 545 42 262
f 1480 533 251
f 2907 2949 2940
f 2906 2950 2949
f 1558 215 202
f 3799 2948 3801
f 2054 1644 2118
f 3705 2203 3573
f 1828 1849 1827
f 2953 2955 2952
f 2952 2957 2956
f 2956 2258 2952
f 2953 2258 2257
f 2454 2474 2496
f 3747 2959 3766
f 3747 2131 3737
f 2961 2963 2958
f 2958 2964 2959
f 222 2485 2965
f 2477 2966 2608
f 2631 2006 1859
f 2384 2496 2497
f 2967 2959 2964
f 2968 2970 2969
f 3759 2971 3784
f 3784 2960 3766
f 2972 2033 2032
f 2007 2973 2008
f 3560 2134 2133
f 1836 1832 1831
f 3506 2090 3551
f 955 959 956
f 672 674 673
f 633 713 632
f 2024 733 803
f 2025 803 798
f 425 1550 388
f 2975 888 887
f 1319 1157 2694
f 1212 2977 1213
f 889 2228 2227
f 1978 1975 1979
f 1138 1329 915
f 751 2979 2978
f 1619 1625 1624
f 2252 1728 1727
f 1157 845 1216
f 2706 1938 2617
f 2980 2254 2981
f 2982 887 2630
f 802 711 2679
f 678 2029 2028
f 527 690 528
f 1839 2629 1840
f 2983 602 1914
f 2983 1913 1331
f 2985 1331 1054
f 2986 2983 2985
f 2987 2635 2634
f 2985 2639 2986
f 2990 1318 2989
f 2991 2993 2994
f 2995 2994 2996
f 1106 2991 2995
f 1058 2992 2991
f 1415 1365 1367
f 1317 2217 2997
f 1932 2255 2980
f 926 2999 664
f 3001 2992 3000
f 3000 1057 2978
f 2999 2978 2979
f 2998 3000 2999
f 3002 2209 3003
f 3002 2996 2994
f 2993 3002 2994
f 3001 2998 3002
f 1103 2995 3004
f 3004 2996 3003
f 2209 3004 3003
f 588 3004 2210
f 295 433 381
f 2638 2988 3005
f 3005 1056 1930
f 1305 1930 1306
f 1276 3005 1305
f 1987 1993 1989
f 2633 1761 2645
f 1423 1417 1419
f 3561 739 703
f 2671 2704 2705
f 1473 2035 1472
f 922 2694 895
f 1401 1378 1384
f 556 1884 1037
f 842 3825 3836
f 1854 2617 1010
f 933 1081 1075
f 1440 1436 1437
f 529 719 530
f 1031 1027 1028
f 777 912 1871
f 2645 1204 2633
f 441 1538 1537
f 790 587 586
f 2065 1610 1607
f 1860 990 902
f 60 87 59
f 1424 1948 1947
f 332 1507 331
f 261 138 135
f 187 449 507
f 1719 1726 1725
f 1931 1059 3006
f 3006 1105 1104
f 1287 1104 587
f 1286 3006 1287
f 3007 3009 3010
f 3009 653 795
f 618 26 25
f 2029 1210 1209
f 957 600 2228
f 1049 2228 600
f 2631 3011 2561
f 890 2227 3011
f 3011 2145 3012
f 2561 3012 2375
f 1026 609 608
f 2706 1961 1964
f 3013 2485 3014
f 2148 1267 3015
f 3015 1266 1311
f 2997 1101 1317
f 642 1773 1193
f 186 461 511
f 1041 1320 901
f 1121 3017 1122
f 2984 2987 3018
f 3018 2634 2619
f 1048 3018 2619
f 603 2984 3018
f 2679 801 802
f 2062 2074 2061
f 2061 2076 2064
f 414 1545 1965
f 3016 2683 3019
f 3019 2704 2670
f 3020 2670 720
f 3007 3019 3020
f 1871 1091 777
f 3021 1122 3017
f 3022 3017 3010
f 1314 3022 1315
f 1784 3021 1314
f 1316 1763 611
f 3023 3010 3009
f 3023 795 1092
f 1763 1092 1125
f 1315 3023 1763
f 3016 3010 3017
f 752 2978 1057
f 2986 2637 2987
f 3024 653 3008
f 3020 3008 3007
f 720 3024 3020
f 723 654 3024
f 2681 1268 3025
f 2671 1268 721
f 2705 3025 2671
f 1313 3027 1311
f 3026 3029 3027
f 3027 3030 3031
f 1311 3031 3015
f 2012 731 2023
f 917 974 977
f 743 856 744
f 1888 2030 1425
f 2682 2684 3032
f 3032 1124 2989
f 1100 2989 1318
f 1099 3032 1100
f 1123 2989 1124
f 3033 1159 1158
f 2990 1158 1319
f 1123 3033 2990
f 1786 1834 3033
f 1054 2988 2985
f 2979 664 2999
f 2623 2663 2643
f 1095 688 687
f 3034 2261 2956
f 3036 2956 2957
f 3037 3034 3036
f 3038 3035 3034
f 3040 3026 1313
f 2263 3041 3040
f 3042 3043 3041
f 3041 3028 3026
f 3044 3043 3039
f 3046 3045 3044
f 3047 3049 3045
f 3043 3049 3028
f 3038 3051 3050
f 3050 3053 3052
f 3052 3044 3050
f 3039 3050 3044
f 3054 3039 3042
f 3042 2262 3054
f 2261 3054 2262
f 2216 2997 2217
f 2212 2667 1936
f 3056 2209 3055
f 934 1961 1854
f 2013 3757 567
f 3058 3060 3061
f 3059 3063 3060
f 3060 2213 1963
f 3061 1963 1962
f 3063 2214 2213
f 3062 3064 3063
f 3065 2260 3064
f 3064 2215 2214
f 3066 3031 3030
f 2608 3067 3066
f 2966 3068 3067
f 3031 3068 3015
f 2455 2461 2474
f 2476 2226 2477
f 3551 2089 3525
f 3526 3769 3786
f 433 355 381
f 2115 1419 2123
f 3509 2922 3527
f 3769 2131 2134
f 3069 2167 2166
f 2971 2928 2960
f 2961 2773 2962
f 3070 2478 2483
f 2610 3071 2954
f 2502 2374 2386
f 3072 2595 3073
f 2964 3052 2967
f 3048 3074 3049
f 2593 3075 3074
f 3075 3029 3074
f 3074 3028 3049
f 3072 3075 2592
f 3076 2482 2481
f 2481 3066 3076
f 3076 3030 3075
f 2967 3053 2970
f 2482 3073 2483
f 479 493 494
f 706 3873 709
f 3561 2221 3517
f 2013 3754 3755
f 3533 2016 3529
f 3562 2222 2974
f 1171 1155 1176
f 2586 2565 2587
f 2982 113 2484
f 2562 3077 3068
f 2376 3012 3077
f 3012 2148 3077
f 3077 3015 3068
f 2963 3046 2964
f 3051 2970 3053
f 1683 491 775
f 3850 1447 3860
f 1986 3734 3768
f 3079 2546 2575
f 3081 2575 2576
f 1983 3768 3765
f 3082 2319 2545
f 3080 2545 2546
f 3734 3082 3080
f 3732 2323 3082
f 1309 1888 748
f 3073 2772 2771
f 2760 3084 2762
f 2760 2088 3083
f 3085 3086 3087
f 3089 3090 3088
f 3089 3084 3085
f 3092 3090 3091
f 3093 2744 2743
f 2751 2748 3093
f 3093 2752 2751
f 2742 3093 3094
f 3094 2743 3095
f 3096 3098 3087
f 3099 3087 3086
f 3097 3095 3098
f 3100 2746 3101
f 3101 3102 3100
f 2764 2927 3101
f 2745 3101 2746
f 3102 3091 3100
f 3100 3095 2743
f 2869 3592 3634
f 3102 3104 3092
f 3658 2869 3634
f 2927 3103 3102
f 3098 3091 3090
f 3087 3090 3085
f 2088 3105 3083
f 3083 3086 3084
f 2483 2771 3070
f 2401 2185 2321
f 3099 3105 3106
f 2125 3106 3105
f 3108 2742 3107
f 3107 3094 3097
f 3110 3107 3109
f 3109 3097 3096
f 3111 3096 3099
f 3112 3109 3111
f 3113 2737 3108
f 3115 2722 3114
f 3117 3114 3116
f 3119 3116 3118
f 3118 3120 3121
f 3116 3113 3120
f 3122 3111 3123
f 3122 1755 1754
f 3124 3126 3127
f 3125 3121 3126
f 3128 3118 3125
f 3129 3125 3124
f 2020 3128 3129
f 3853 1346 1352
f 1065 1047 1066
f 1814 3830 1649
f 2021 3129 3130
f 3111 3106 3123
f 3123 2207 1755
f 2377 2224 2973
f 3014 113 112
f 1756 3782 3767
f 3131 2530 2528
f 3133 2528 2529
f 1753 3767 3775
f 3134 3127 3135
f 2327 2314 2313
f 2436 2317 2349
f 2018 3711 3712
f 2534 3137 2535
f 2320 3136 2534
f 2185 3712 3771
f 3138 2542 2539
f 3134 3744 3745
f 3785 3134 3745
f 3140 2539 2538
f 2535 3140 2538
f 3711 3130 3785
f 2558 3132 3141
f 3782 3141 3132
f 2560 3141 3142
f 3760 3142 3141
f 958 2976 2981
f 1933 2980 3143
f 2399 2418 2416
f 2348 2343 2432
f 2322 2319 2323
f 2718 2874 2730
f 2709 2873 2710
f 2894 1361 1942
f 346 176 347
f 1876 1882 1881
f 2802 3607 3592
f 3104 3088 3092
f 2974 3649 3603
f 3089 2761 2762
f 3088 3145 3089
f 2803 3603 3607
f 3870 692 628
f 2123 1418 2126
f 1365 1368 1367
f 1581 1782 1783
f 3569 2129 3520
f 3555 2002 3521
f 3146 2551 3147
f 3751 3147 3750
f 3742 3146 3751
f 3149 2585 3146
f 3196 3197 3195
f 3604 2191 3623
f 3142 2556 2560
f 3777 3150 3142
f 3646 2550 3593
f 3150 2555 2556
f 3778 3151 3150
f 3788 3152 3646
f 3153 2551 2549
f 3152 2549 2550
f 3781 3153 3152
f 3776 3147 3153
f 3148 2206 2205
f 2183 2321 2184
f 2132 2928 2133
f 3684 2204 2203
f 3719 2197 3721
f 2594 2773 2951
f 2595 2951 2772
f 1870 799 1869
f 3713 2178 3706
f 3706 3736 3790
f 336 3774 3722
f 339 3154 336
f 3789 3149 3742
f 3683 2584 3149
f 2963 3048 3047
f 3722 337 336
f 339 2566 2586
f 3156 2168 2167
f 2610 2167 2611
f 2954 3156 2610
f 3157 2953 2257
f 3707 2169 3709
f 2567 3159 2568
f 337 2567 338
f 3730 2166 3707
f 3764 1983 3765
f 2579 3081 2576
f 2568 3160 2579
f 3709 2190 3764
f 3065 3162 3161
f 3161 1984 2189
f 3157 2189 2168
f 2257 3161 3157
f 734 1922 806
f 3059 2708 3163
f 3163 2182 1985
f 3162 1985 1984
f 3062 3163 3162
f 3203 3205 3204
f 2122 1448 1447
f 3817 1685 3812
f 139 444 69
f 1570 566 533
f 2957 3165 3036
f 2955 3164 2957
f 1912 341 1973
f 3130 3124 3134
f 1548 319 1547
f 1949 1327 1887
f 2969 3078 3167
f 3167 3169 3168
f 3724 2017 3720
f 3720 2033 3759
f 3168 3165 3170
f 3170 3164 3171
f 3779 3171 3756
f 3724 3170 3779
f 3171 3166 3172
f 3172 3071 3173
f 3752 3173 3749
f 3756 3172 3752
f 3169 3036 3165
f 2593 2962 2594
f 3173 2609 3174
f 3174 2199 2198
f 3783 2198 3719
f 3749 3174 3783
f 2190 1984 1983
f 2196 2767 3148
f 2119 1414 1448
f 1464 1466 1465
f 2199 3069 2200
f 2457 2587 2565
f 2226 2562 2966
f 481 1627 1639
f 333 235 236
f 3078 3037 3169
f 3040 2997 2263
f 2219 1933 2220
f 2385 2497 2503
f 221 3175 2484
f 2220 3143 3175
f 3175 2976 2975
f 2484 2975 2982
f 2954 3166 2955
f 2630 110 2982
f 1547 1952 1955
f 2091 2188 2187
f 3733 2178 2177
f 1918 1927 1926
f 3563 111 3511
f 955 960 954
f 2037 112 3563
f 3143 2981 2976
f 2218 2214 2215
f 672 3787 3541
f 2152 3014 2037
f 1147 1143 1145
f 2248 1409 2245
f 1615 1635 1616
f 1410 2246 2247
f 3241 3242 3240
f 3177 1383 1382
f 2238 3176 1382
f 3176 2230 3178
f 1410 3179 1407
f 3179 2243 1407
f 1633 2800 2249
f 1621 2758 2912
f 1622 2245 1634
f 2236 3181 3182
f 2237 3182 3183
f 2250 2233 2229
f 2912 1628 1621
f 135 1564 1563
f 1567 512 1565
f 1085 2653 2685
f 3184 868 3056
f 869 3057 934
f 1266 1098 1312
f 1267 722 721
f 937 2646 936
f 2146 722 2147
f 2211 921 2667
f 1957 507 449
f 1313 2264 3040
f 1496 1493 1492
f 2681 2705 2682
f 2887 2933 2932
f 1687 1659 1694
f 145 1498 81
f 1317 1319 2694
f 37 418 71
f 1935 3185 2977
f 104 301 103
f 2101 2083 2084
f 543 360 207
f 1934 3186 3185
f 234 212 237
f 3845 1822 1824
f 1976 1874 1974
f 223 2219 220
f 3655 3605 3612
f 468 773 2165
f 1935 1728 1932
f 3240 3226 3235
f 3261 3250 3260
f 3215 3244 3264
f 3265 3215 3264
f 3267 3198 3196
f 3205 3269 3255
f 3214 3265 3270
f 3271 3214 3192
f 3251 3239 3236
f 3222 3266 3272
f 3232 3234 3233
f 3216 3243 3244
f 3196 3268 3267
f 3244 3254 3255
f 3238 3247 3246
f 3264 3255 3269
f 3253 3216 3217
f 3211 3221 3265
f 3257 3218 3256
f 3258 3272 3259
f 3274 3280 3273
f 3228 3262 3263
f 3275 3281 3280
f 3226 3273 3280
f 3236 3260 3251
f 3281 3236 3237
f 3287 3192 3189
f 3235 3280 3234
f 3234 3281 3237
f 3288 3259 3272
f 3260 3276 3251
f 3289 3278 3284
f 3210 3224 3283
f 3199 3201 3200
f 3228 3230 3229
f 3290 3285 3286
f 3282 3271 3287
f 3260 3262 3261
f 3243 3268 3254
f 3267 3241 3232
f 3194 3208 3193
f 3191 3269 3206
f 3270 3192 3214
f 3275 3230 3231
f 3264 3270 3265
f 3252 3276 3291
f 3248 3291 3223
f 3213 3279 3277
f 3272 3289 3288
f 3277 3212 3213
f 3228 3281 3231
f 3220 3253 3219
f 3219 3217 3257
f 3256 3222 3258
f 3247 3252 3248
f 3245 3232 3233
f 3266 3212 3289
f 3208 3255 3254
f 3288 3284 3285
f 3204 3208 3207
f 560 3187 559
f 3209 3201 3202
f 3189 3191 3190
f 448 807 447
f 647 122 270
f 1833 1780 1832
f 510 508 507
f 3210 1887 3201
f 1887 3200 3201
f 15 3197 3200
f 16 3195 3197
f 3195 3187 3194
f 3194 1899 3207
f 3207 375 3204
f 387 126 127
f 3189 1760 3287
f 3577 757 758
f 763 2172 2175
f 3583 3580 3581
f 3581 3579 3578
f 3594 3596 3595
f 3400 3602 3401
f 3626 3625 3627
f 3631 3599 3601
f 3636 3595 3596
f 3647 3588 3645
f 3650 3584 3647
f 3653 3580 3651
f 3653 3654 3579
f 1801 3656 3655
f 3651 3582 3650
f 3644 3595 3637
f 1767 3659 3660
f 1597 3661 1600
f 1708 3665 3664
f 3671 3667 3666
f 3666 3673 3672
f 1588 3664 1587
f 2080 3666 2082
f 2082 3672 2084
f 3674 3635 3631
f 3677 3636 3635
f 3682 3645 3681
f 3692 3650 3686
f 3681 3644 3680
f 786 3692 785
f 3694 3651 3692
f 785 3686 497
f 497 3682 650
f 650 3681 564
f 3696 3681 3680
f 3405 3605 3402
f 3702 3678 3677
f 3699 3679 3678
f 3645 3638 3644
f 1799 3659 1768
f 3708 3458 3460
f 3462 3708 3460
f 3714 564 3696
f 3615 3602 3600
f 3710 3696 3698
f 3635 3596 3599
f 3629 3627 3630
f 3597 3599 3596
f 3630 3715 3629
f 3627 3597 3594
f 3717 3723 3718
f 3715 3660 3629
f 3716 3725 3715
f 3668 3661 3725
f 3668 3717 3667
f 3667 3718 3673
f 3727 3673 3718
f 3728 3672 3673
f 3726 3718 3723
f 1576 2084 3672
f 3727 3731 3729
f 3203 1387 3190
f 3190 1791 3189
f 3283 1949 3210
f 317 259 391
f 2000 3653 3694
f 3601 3600 3602
f 3589 3584 3585
f 3577 756 2170
f 3585 3582 3583
f 3678 3637 3636
f 3204 376 3203
f 1801 3657 1799
f 3729 3728 3727
f 1575 3738 1088
f 3735 1576 3728
f 1776 1796 1775
f 1293 1290 1284
f 1326 1327 12
f 1294 1234 1290
f 878 1330 1337
f 497 374 498
f 122 413 121
f 3699 3704 3708
f 3606 3401 3602
f 3708 3698 3699
f 3464 3710 3462
f 3704 3443 3458
f 439 399 438
f 1512 1526 1511
f 1668 1738 1671
f 839 1362 838
f 1362 826 1012
f 3843 1896 3815
f 2053 2118 2117
f 3888 2120 2119
f 696 3816 3831
f 1826 639 640
f 3740 3729 3731
f 956 886 960
f 1980 1922 807
f 33 105 164
f 1343 3856 3857
f 3907 2128 3902
f 1766 1582 1594
f 14 2163 738
f 595 99 594
f 3233 3246 3245
f 1346 1044 1352
f 748 1425 747
f 3193 3254 3268
f 3190 3206 3203
f 3612 3606 3615
f 3624 3615 3625
f 3631 3443 3674
f 3679 3644 3637
f 3686 3647 3682
f 3702 3674 3704
f 3625 3600 3597
f 3601 3415 3631
f 3739 3735 3729
f 3630 3594 3741
f 3741 3716 3630
f 1284 1288 1285
f 3698 3680 3679
f 1778 1780 1779
f 1792 1584 1789
f 695 571 694
f 3638 3594 3595
f 3741 3588 3589
f 3247 3209 3202
f 3292 3294 3295
f 3296 3298 3299
f 3299 3300 3301
f 3302 3304 3305
f 3306 3308 3309
f 3307 3311 3308
f 3303 3301 3300
f 3312 3304 3313
f 3314 3316 3317
f 3318 3320 3321
f 3324 3321 3325
f 3326 3328 3323
f 3329 3331 3332
f 3333 3335 3336
f 3337 3339 3340
f 3333 3341 3342
f 3342 3343 3344
f 3319 3344 3343
f 3338 3334 3339
f 3346 3302 3347
f 3305 3347 3302
f 3312 3223 3349
f 3350 3340 3351
f 3312 3348 3305
f 3352 3341 3326
f 3311 3354 3308
f 3341 3327 3326
f 3359 3361 3362
f 3360 3250 3249
f 3318 3345 3319
f 3364 3318 3324
f 3314 3324 3365
f 3366 3301 3346
f 3299 3367 3296
f 3308 3368 3309
f 3369 3295 3294
f 3317 3364 3314
f 3370 3317 3316
f 3325 3365 3324
f 3352 3319 3343
f 3296 3353 3311
f 3297 3311 3310
f 3363 3354 3345
f 3345 3353 3344
f 3344 3367 3342
f 3366 3342 3367
f 3347 3334 3346
f 3339 3348 3340
f 3348 3351 3340
f 3363 3369 3368
f 3294 3368 3369
f 3293 3309 3294
f 3331 3374 3332
f 3346 3333 3366
f 3323 3352 3326
f 3356 3321 3320
f 3355 3325 3321
f 3357 3371 3325
f 3322 3320 3352
f 3361 3329 3362
f 3373 3375 3374
f 3374 3376 3332
f 3329 3376 3362
f 3327 3372 3328
f 3336 3375 3327
f 3335 3376 3375
f 3376 3337 3362
f 3337 3359 3362
f 3359 3276 3250
f 3377 3295 3370
f 3277 3315 3278
f 3371 3379 3365
f 3378 3358 3380
f 3365 3315 3314
f 3316 3279 3370
f 3282 3370 3279
f 3313 3224 3312
f 3378 3284 3379
f 3380 3285 3378
f 3379 3278 3315
f 3276 3351 3291
f 3291 3349 3223
f 3313 2965 3013
f 2965 3303 222
f 222 3300 223
f 223 3298 3186
f 3298 3185 3186
f 3297 2977 3185
f 3310 1213 2977
f 3307 1214 1213
f 2532 3306 3293
f 2894 3293 3292
f 2871 3292 3377
f 3253 3240 3242
f 3283 3013 2152
f 1997 1889 1892
f 1237 744 855
f 1535 120 121
f 1531 201 214
f 1119 1032 984
f 946 824 947
f 163 5 162
f 3589 3723 3741
f 1155 1162 1164
f 427 327 424
f 553 796 498
f 3381 2231 2237
f 3381 2230 2232
f 2237 3180 3381
f 3383 3385 3382
f 3384 3387 3385
f 3386 3389 3387
f 3388 3391 3389
f 3392 3394 3395
f 3395 3396 3397
f 3398 3397 3396
f 3400 3399 3398
f 3403 3405 3402
f 3406 3404 3403
f 3408 3407 3406
f 3410 3409 3408
f 3412 3411 3410
f 3415 3398 3414
f 3414 3396 3416
f 3416 3394 3417
f 3417 3393 3418
f 3393 3420 3418
f 3419 3421 3420
f 3390 3422 3421
f 3388 3423 3422
f 3386 3424 3423
f 3384 3425 3424
f 3425 3426 3184
f 2904 3428 2947
f 3429 2904 2902
f 3430 2902 2876
f 2875 3430 2876
f 3432 2733 2736
f 2825 3435 2824
f 3437 3439 3436
f 3441 3436 3440
f 2724 3434 2825
f 3436 3115 3117
f 3440 3117 3119
f 3443 3414 3442
f 3442 3416 3444
f 3444 3417 3445
f 3445 3418 3446
f 3446 3420 3447
f 3420 3448 3447
f 3421 3449 3448
f 3422 3450 3449
f 3423 3451 3450
f 3424 3452 3451
f 3425 3056 3452
f 3451 2253 2252
f 3450 2252 1727
f 3449 1727 2150
f 3448 2150 1941
f 3453 3448 1941
f 3454 3447 3453
f 3455 3446 3454
f 3456 3445 3455
f 3442 3456 3457
f 3443 3457 3458
f 3459 3458 3457
f 3457 3455 3459
f 3459 3454 3461
f 3462 3459 3461
f 3461 3453 3463
f 3464 3461 3463
f 3463 1941 1360
f 3404 3401 3405
f 3407 3399 3404
f 3409 3397 3407
f 3411 3395 3409
f 3465 3413 3412
f 3467 3469 3466
f 3465 3431 3433
f 3470 3466 3465
f 3438 3432 3435
f 3467 3438 3437
f 3468 3437 3441
f 3471 3468 3472
f 3472 3441 3473
f 3473 3440 2712
f 2712 3119 3128
f 3475 3472 3474
f 3474 3473 3476
f 3476 2712 2711
f 3477 2711 2400
f 3478 3476 3477
f 3479 3474 3478
f 3392 3413 3480
f 3466 3480 3413
f 3419 3392 3480
f 3390 3480 3391
f 3469 3391 3480
f 3389 3471 3475
f 3387 3475 3479
f 3385 3479 3481
f 3482 2400 2402
f 3483 3477 3482
f 3481 3478 3483
f 3484 2402 2707
f 3058 2707 2708
f 3061 3484 3058
f 3485 3482 3484
f 3382 3481 3486
f 3486 3483 3485
f 3426 3382 3487
f 3487 3486 1962
f 3486 3061 1962
f 1961 3487 1962
f 3057 3426 3487
f 3428 3402 3488
f 3427 3403 3428
f 3429 3406 3427
f 3430 3408 3429
f 3431 3410 3430
f 3470 3433 3432
f 3434 3438 3435
f 2723 3439 3434
f 2875 3433 3431
f 2736 3435 3432
f 2947 3488 3500
f 3464 1360 3497
f 1900 1924 1901
f 1736 1718 1750
f 1955 1943 1956
f 1671 1735 1751
f 1696 1698 1692
f 1800 1864 1801
f 2063 2056 2060
f 1737 1717 1736
f 1751 1697 1695
f 943 3899 684
f 3656 3402 3605
f 1577 1764 1703
f 3917 1599 3923
f 1945 82 1944
f 68 7 248
f 147 1543 148
f 1109 1133 1102
f 1503 1907 1908
f 1499 1909 1498
f 452 735 215
f 1824 3835 3845
f 1825 2068 1824
f 1463 1022 1194
f 841 1009 1011
f 1568 1955 1534
f 1926 1927 1923
f 1910 1502 1939
f 1939 422 442
f 309 1940 308
f 1804 1866 1803
f 269 1954 56
f 2065 2060 2056
f 3812 1758 3835
f 280 552 1940
f 1875 1869 1874
f 1739 1734 1737
f 1778 1790 1788
f 310 1915 279
f 1909 1906 1954
f 1789 1778 1788
f 978 980 979
f 1584 1731 1583
f 425 311 312
f 148 115 116
f 2044 3894 2046
f 277 1939 551
f 1943 1945 1944
f 1461 1463 1464
f 2253 3056 3055
f 2981 3489 958
f 2209 3489 3055
f 2254 3055 3489
f 2998 958 3489
f 2826 2721 2724
f 3490 2721 2817
f 2816 3490 2817
f 2334 2296 2335
f 2298 2334 2336
f 2301 2336 2338
f 2311 2338 2354
f 2312 2354 2355
f 2359 2361 2360
f 2335 2359 2360
f 2414 2365 2364
f 2413 2361 2365
f 2355 2540 2541
f 2541 2539 2542
f 2722 2739 2738
f 3114 2738 3113
f 3110 3121 3120
f 3108 3120 3113
f 3122 3127 3126
f 3112 3126 3121
f 3127 1753 3135
f 3139 2529 2542
f 3744 3133 3139
f 3490 2740 2739
f 3491 2789 3490
f 228 91 88
f 245 243 242
f 248 247 191
f 2 296 295
f 145 300 267
f 327 210 328
f 329 331 330
f 250 228 236
f 239 240 230
f 373 375 374
f 178 176 175
f 1218 1228 1321
f 3862 1295 3854
f 808 824 823
f 3858 1013 1014
f 3813 1411 1413
f 2154 2159 2160
f 3845 1758 1757
f 306 1922 452
f 2157 1976 1977
f 708 2031 1474
f 1450 1227 1428
f 1672 1605 1624
f 1813 1821 1816
f 1717 1715 1718
f 176 402 347
f 1710 3916 3915
f 1712 1577 1711
f 1705 1711 1704
f 971 979 970
f 822 1094 1102
f 2909 2793 2792
f 2810 2795 2793
f 2799 2249 2800
f 3662 2910 2799
f 2769 2801 2795
f 3177 3178 3179
f 3178 3180 3179
f 3181 1393 2800
f 3181 1632 3182
f 3182 2244 3183
f 3183 2243 3180
f 3492 2790 3491
f 2808 3491 2816
f 2239 3572 2240
f 1149 3571 3570
f 1150 3567 3571
f 2202 3566 2015
f 2921 3565 2923
f 3568 2133 2928
f 1777 1759 1792
f 1201 1183 1184
f 3561 2195 2194
f 3553 2770 2768
f 3927 1687 1692
f 1516 154 503
f 3549 2974 2803
f 3550 2779 2778
f 2771 3575 3546
f 3070 3546 3558
f 3547 2775 2867
f 1376 1370 1372
f 2767 3556 2206
f 2195 3543 2767
f 2775 3542 2776
f 3377 3545 2871
f 3804 3539 2806
f 2776 3538 2805
f 2240 3535 2920
f 2920 3669 3619
f 3548 2786 2779
f 1805 1851 1804
f 3534 2787 2786
f 2951 3540 3531
f 2772 3531 3575
f 2973 3530 3536
f 2224 3537 3530
f 1957 320 510
f 306 304 303
f 2770 3528 2913
f 2913 3574 2239
f 2923 3527 2922
f 308 431 47
f 207 132 543
f 1879 1881 1880
f 3733 3525 2089
f 2475 3558 3524
f 2476 3524 3523
f 2223 3523 3537
f 3522 2803 2802
f 2037 11 1950
f 1959 450 505
f 2003 3520 2129
f 9 334 540
f 2009 3518 3567
f 2008 3536 3518
f 3877 673 3879
f 3515 2778 2784
f 2935 3513 2936
f 111 3570 3511
f 3510 2935 2938
f 683 3885 943
f 3508 2810 2909
f 736 732 729
f 1795 1803 1796
f 3505 2938 2939
f 3507 2939 2940
f 2950 3504 2949
f 2940 3504 3507
f 3801 3512 2950
f 2868 3502 2869
f 2869 3522 2802
f 1024 1023 1020
f 3500 2948 2947
f 551 442 443
f 2972 3568 2928
f 2032 3499 2972
f 216 1924 1923
f 203 201 200
f 1828 1847 1837
f 1958 449 450
f 272 178 175
f 2871 3495 1361
f 3619 3564 2921
f 2801 3643 3662
f 2005 3654 2176
f 960 899 962
f 3657 3612 3624
f 3780 3646 3151
f 3151 3593 2555
f 2193 3623 2194
f 3607 3145 3144
f 3603 2761 3145
f 3592 3144 3104
f 2926 3634 3103
f 3634 3104 3103
f 3755 3746 3753
f 566 3758 2005
f 3488 1864 3500
f 1602 2079 2078
f 2868 3611 2922
f 2922 3610 2923
f 2923 3618 2921
f 3670 2918 3614
f 3619 3614 2920
f 2921 3670 3619
f 2920 3586 2240
f 3613 2915 2918
f 2917 3622 3641
f 2916 3641 3642
f 2239 3652 2913
f 2911 3652 2757
f 3643 2911 2910
f 2797 3662 3591
f 2797 3598 2750
f 3622 2763 2765
f 3608 2764 2745
f 2194 3648 2221
f 2221 3649 2222
f 2756 3609 2755
f 2750 3609 2747
f 3669 1817 3827
f 3763 1691 1699
f 2515 3590 2548
f 2548 3593 2550
f 2513 3632 3616
f 2513 3621 2515
f 2509 3620 2289
f 2510 3633 2509
f 2289 3639 2283
f 2283 3617 2286
f 2240 3587 2239
f 3659 3624 3626
f 716 3887 3888
f 727 3761 1923
f 2165 2170 2164
f 3660 3626 3629
f 3743 3578 3757
f 2175 769 770
f 2100 2095 2099
f 3758 3757 3578
f 640 3568 1826
f 1653 3553 1651
f 1895 3530 746
f 746 3537 741
f 1653 3528 3576
f 3762 1604 1672
f 2093 2073 2078
f 959 995 884
f 962 919 986
f 1400 1398 1399
f 1000 1127 1004
f 956 884 885
f 1662 3550 1661
f 2034 3546 1654
f 3926 3539 3802
f 3535 766 1817
f 3572 765 766
f 334 3571 335
f 1868 3540 1656
f 1684 1652 1678
f 1682 775 1807
f 1585 3762 1700
f 3763 1672 1673
f 2173 490 491
f 1658 3547 1752
f 3556 1650 724
f 1571 2010 1572
f 1587 3671 2080
f 2099 2077 2094
f 787 1999 786
f 2000 786 1999
f 3155 3697 3683
f 3713 3683 3789
f 2180 3685 3684
f 3496 3684 3705
f 1684 3840 1651
f 1760 3495 3545
f 2607 3693 2590
f 2581 3689 2607
f 2371 3700 3695
f 2371 3693 2372
f 2587 3675 2586
f 2586 3697 339
f 2497 3687 2503
f 2502 3687 3700
f 2494 3690 2495
f 3690 2472 2495
f 3688 2468 2472
f 3701 2469 2468
f 726 3892 630
f 581 3518 580
f 10 3570 334
f 1837 3510 1849
f 741 3523 1300
f 1299 3558 2034
f 1851 3504 1866
f 3527 1820 1819
f 580 3536 1895
f 1758 3522 3502
f 1693 3508 1806
f 3504 1867 1866
f 1894 3568 3499
f 2126 3813 3841
f 3906 3841 3912
f 2113 3867 2110
f 2179 3789 3685
f 624 3904 623
f 2192 3788 3780
f 2177 3787 3733
f 1364 3833 1338
f 3858 1470 1453
f 3135 3775 3744
f 2069 3835 2068
f 1351 3853 1352
f 2108 3901 499
f 2089 3736 3733
f 3828 1358 866
f 2001 3783 2187
f 2187 3719 2091
f 2130 3752 2004
f 2004 3749 2001
f 2014 3779 2201
f 2201 3756 2130
f 3167 3759 2969
f 3168 3720 3167
f 3159 3764 3160
f 3160 3765 3081
f 3730 3158 337
f 3158 3709 3159
f 2200 3730 3722
f 3685 3742 2204
f 3722 2197 2200
f 3790 2092 3721
f 3774 3721 2197
f 3154 3790 3774
f 3155 3706 3154
f 2091 3721 2092
f 2196 3750 3776
f 2193 3776 3781
f 3604 3781 3788
f 2086 3780 3778
f 2087 3778 3777
f 2204 3751 2205
f 2205 3750 3148
f 3909 574 692
f 2124 3777 3760
f 2208 3760 3782
f 3711 3140 3137
f 3785 3138 3140
f 3745 3139 3138
f 3771 3136 2322
f 3712 3137 3136
f 3775 3131 3133
f 3767 3132 3131
f 1813 3838 1814
f 1293 3856 1344
f 2184 3748 3732
f 2181 3732 3734
f 3765 3079 3081
f 3768 3080 3079
f 709 3875 2031
f 2774 3737 3769
f 3786 2134 3559
f 3809 766 765
f 2968 3766 2959
f 2969 3784 2968
f 2958 3737 2961
f 2132 3766 2960
f 2321 3771 3748
f 3860 1449 28
f 3905 582 710
f 3886 577 574
f 3847 1818 3827
f 705 3887 2121
f 3816 3907 698
f 2111 3911 2113
f 3810 1366 1411
f 1812 3822 1815
f 675 3852 674
f 3496 3851 675
f 2110 3868 2109
f 2104 3901 2106
f 2109 3899 944
f 3842 703 739
f 1680 3846 1684
f 1639 3819 3818
f 623 3906 697
f 2139 3866 3865
f 1808 3844 3837
f 3820 1819 1820
f 3872 3900 706
f 1646 3830 1648
f 3889 633 577
f 2139 3875 18
f 2156 3871 3874
f 674 3913 3869
f 2117 3812 2069
f 1815 3847 3823
f 3855 1444 1470
f 697 3912 3816
f 866 3836 3828
f 3864 2136 2135
f 3585 3726 3589
f 3583 3731 3585
f 3753 3738 3739
f 3740 3581 3743
f 1088 3746 1093
f 3739 3743 3753
f 2791 3493 2792
f 3492 2807 3493
f 2792 3494 2909
f 3493 2806 3494
f 3508 3494 3516
f 3516 2806 3539
f 2948 3791 3801
f 2105 3896 2104
f 3538 3804 2805
f 680 3876 683
f 1891 3910 3891
f 2905 3801 2950
f 2900 3799 2905
f 2901 3807 2877
f 2734 3806 3794
f 2877 3806 2878
f 2820 3794 2872
f 2818 3792 2827
f 2823 3792 2826
f 2822 3798 2821
f 2819 3800 3798
f 2817 3795 2816
f 2809 3795 2815
f 2808 3803 2807
f 2805 3803 2804
f 1702 3923 1599
f 3922 1797 1802
f 3915 1706 1709
f 3918 1692 1698
f 1657 3880 1879
f 1890 3895 3910
f 3772 1674 1675
f 1689 3772 3773
f 3926 3538 1688
f 3516 1689 3773
f 3917 1703 1764
f 1598 3928 1770
f 3880 1876 1879
f 1691 3925 3927
f 3925 1688 1687
f 1117 1118 3930
f 1066 1322 3930
f 1243 847 3930
f 3825 848 3930
f 1128 1117 3930
f 1129 1130 3930
f 841 1011 3930
f 1230 3863 3930
f 1242 1243 3930
f 1322 1229 3930
f 1064 1065 3930
f 1003 1128 3930
f 1229 1230 3930
f 3863 1285 3930
f 1285 1288 3930
f 848 839 3930
f 847 3825 3930
f 1118 1129 3930
f 1065 1066 3930
f 1087 1086 3930
f 1008 1002 3930
f 1011 1008 3930
f 1002 1003 3930
f 1076 1069 3930
f 838 841 3930
f 839 838 3930
f 1288 1242 3930
f 1130 1087 3930
f 1086 1076 3930
f 1069 1064 3930
f 2410 2414 3931
f 2411 2410 3931
f 3617 2285 3931
f 2394 2393 3931
f 2393 2396 3931
f 2281 2286 3931
f 2282 2280 3931
f 2398 2399 3931
f 2465 2464 3931
f 2396 2397 3931
f 2470 2469 3931
f 2399 2416 3931
f 2480 2395 3931
f 2459 2480 3931
f 2369 2282 3931
f 2460 2459 3931
f 2415 2411 3931
f 2416 2415 3931
f 2364 2363 3931
f 2286 3617 3931
f 2464 2470 3931
f 2469 3703 3931
f 2285 2465 3931
f 2414 2364 3931
f 2395 2394 3931
f 2363 2367 3931
f 2397 2398 3931
f 2280 2281 3931
f 3703 2460 3931
f 2367 2369 3931
f 3934 3937 3938
f 3934 3939 3935
f 3932 3937 3933
f 3938 3943 3939
f 3937 3940 3941
f 3937 3942 3938
f 3942 3947 3943
f 3941 3944 3945
f 3942 3945 3946
f 3947 3950 3951
f 3944 3949 3945
f 3945 3950 3946
f 3950 3955 3951
f 3949 3952 3953
f 3950 3953 3954
f 3955 3958 3959
f 3953 3956 3957
f 3953 3958 3954
f 3959 3962 3963
f 3957 3960 3961
f 3958 3961 3962
f 3962 3967 3963
f 3960 3965 3961
f 3961 3966 3962
f 3966 3971 3967
f 3965 3968 3969
f 3966 3969 3970
f 3970 3975 3971
f 3968 3973 3969
f 3969 3974 3970
f 3974 3979 3975
f 3973 3976 3977
f 3974 3977 3978
f 3979 3982 3983
f 3976 3981 3977
f 3977 3982 3978
f 3982 3987 3983
f 3981 3984 3985
f 3982 3985 3986
f 3987 3990 3991
f 3984 3989 3985
f 3985 3990 3986
f 3991 3994 3995
f 3989 3992 3993
f 3990 3993 3994
f 3995 3998 3999
f 3992 3997 3993
f 3993 3998 3994
f 3998 4003 3999
f 3997 4000 4001
f 3998 4001 4002
f 4002 4007 4003
f 4000 4005 4001
f 4001 4006 4002
f 4006 4011 4007
f 4005 4008 4009
f 4006 4009 4010
f 4011 4014 4015
f 4008 4013 4009
f 4009 4014 4010
f 4014 4019 4015
f 4013 4016 4017
f 4014 4017 4018
f 4019 4022 4023
f 4016 4021 4017
f 4017 4022 4018
f 4023 4026 4027
f 4021 4024 4025
f 4022 4025 4026
f 4027 4030 4031
f 4024 4029 4025
f 4025 4030 4026
f 4031 4034 4035
f 4029 4032 4033
f 4030 4033 4034
f 4034 4039 4035
f 4032 4037 4033
f 4033 4038 4034
f 4038 4043 4039
f 4037 4040 4041
f 4038 4041 4042
f 4043 4046 4047
f 4040 4045 4041
f 4041 4046 4042
f 4046 4051 4047
f 4045 4048 4049
f 4046 4049 4050
f 4051 4055 4056
f 4048 4054 4049
f 4049 4055 4050
f 4056 4059 4060
f 4053 4058 4054
f 4055 4058 4059
f 3932 4052 3936
f 3936 4052 3940
f 3940 4052 3944
f 3944 4052 3948
f 3948 4052 3952
f 3952 4052 3956
f 3956 4052 3960
f 3960 4052 3964
f 3964 4052 3968
f 3968 4052 3972
f 3972 4052 3976
f 3976 4052 3980
f 3980 4052 3984
f 3984 4052 3988
f 3988 4052 3992
f 3992 4052 3996
f 3996 4052 4000
f 4000 4052 4004
f 4004 4052 4008
f 4008 4052 4012
f 4012 4052 4016
f 4016 4052 4020
f 4020 4052 4024
f 4024 4052 4028
f 4028 4052 4032
f 4032 4052 4036
f 4036 4052 4040
f 4040 4052 4044
f 4044 4052 4048
f 4048 4052 4053
f 4053 4052 4057
f 4060 3934 3935
f 4058 3932 3933
f 4058 3934 4059
f 4057 4052 3932
f 4069 4081 4082
f 4066 4080 4067
f 4065 4077 4078
f 4063 4075 4076
f 4071 4085 4072
f 4069 4083 4070
f 4067 4081 4068
f 4066 4078 4079
f 4063 4077 4064
f 4061 4075 4062
f 4072 4086 4073
f 4071 4083 4084
f 4076 4090 4077
f 4074 4088 4075
f 4086 4098 4099
f 4083 4097 4084
f 4082 4094 4095
f 4079 4093 4080
f 4078 4090 4091
f 4076 4088 4089
f 4085 4097 4098
f 4082 4096 4083
f 4080 4094 4081
f 4079 4091 4092
f 4089 4103 4090
f 4088 4100 4101
f 4098 4112 4099
f 4096 4110 4097
f 4095 4107 4108
f 4092 4106 4093
f 4090 4104 4091
f 4089 4101 4102
f 4097 4111 4098
f 4095 4109 4096
f 4094 4106 4107
f 4092 4104 4105
f 4103 4115 4116
f 4100 4114 4101
f 4112 4124 4125
f 4110 4122 4123
f 4107 4121 4108
f 4105 4119 4106
f 4103 4117 4104
f 4101 4115 4102
f 4110 4124 4111
f 4109 4121 4122
f 4107 4119 4120
f 4105 4117 4118
f 4115 4129 4116
f 4114 4126 4127
f 4124 4138 4125
f 4123 4135 4136
f 4120 4134 4121
f 4119 4131 4132
f 4117 4129 4130
f 4114 4128 4115
f 4124 4136 4137
f 4122 4134 4135
f 4119 4133 4120
f 4117 4131 4118
f 4129 4141 4142
f 4126 4140 4127
f 4138 4150 4151
f 4136 4148 4149
f 4133 4147 4134
f 4131 4145 4132
f 4130 4142 4143
f 4127 4141 4128
f 4137 4149 4150
f 4135 4147 4148
f 4132 4146 4133
f 4131 4143 4144
f 4142 4154 4155
f 4140 4152 4153
f 4150 4164 4151
f 4149 4161 4162
f 4146 4160 4147
f 4144 4158 4145
f 4142 4156 4143
f 4140 4154 4141
f 4149 4163 4150
f 4148 4160 4161
f 4146 4158 4159
f 4144 4156 4157
f 4155 4167 4168
f 4153 4165 4166
f 4163 4177 4164
f 4161 4175 4162
f 4159 4173 4160
f 4158 4170 4171
f 4155 4169 4156
f 4153 4167 4154
f 4163 4175 4176
f 4161 4173 4174
f 4159 4171 4172
f 4156 4170 4157
f 4167 4181 4168
f 4165 4179 4166
f 4176 4190 4177
f 4175 4187 4188
f 4173 4185 4186
f 4170 4184 4171
f 4169 4181 4182
f 4167 4179 4180
f 4175 4189 4176
f 4173 4187 4174
f 4171 4185 4172
f 4170 4182 4183
f 4180 4194 4181
f 4178 4192 4179
f 4190 4202 4203
f 4187 4201 4188
f 4186 4198 4199
f 4183 4197 4184
f 4182 4194 4195
f 4180 4192 4193
f 4189 4201 4202
f 4186 4200 4187
f 4184 4198 4185
f 4183 4195 4196
f 4193 4207 4194
f 4192 4204 4205
f 4202 4216 4203
f 4200 4214 4201
f 4199 4211 4212
f 4196 4210 4197
f 4194 4208 4195
f 4193 4205 4206
f 4201 4215 4202
f 4199 4213 4200
f 4198 4210 4211
f 4196 4208 4209
f 4207 4219 4220
f 4204 4218 4205
f 4216 4228 4229
f 4213 4227 4214
f 4211 4225 4212
f 4209 4223 4210
f 4207 4221 4208
f 4205 4219 4206
f 4214 4228 4215
f 4213 4225 4226
f 4211 4223 4224
f 4209 4221 4222
f 4219 4233 4220
f 4218 4230 4231
f 4228 4242 4229
f 4226 4240 4227
f 4225 4237 4238
f 4223 4235 4236
f 4221 4233 4234
f 4218 4232 4219
f 4228 4240 4241
f 4226 4238 4239
f 4223 4237 4224
f 4221 4235 4222
f 4233 4245 4246
f 4230 4244 4231
f 4242 4254 4255
f 4240 4252 4253
f 4237 4251 4238
f 4235 4249 4236
f 4234 4246 4247
f 4231 4245 4232
f 4241 4253 4254
f 4239 4251 4252
f 4236 4250 4237
f 4235 4247 4248
f 4246 4258 4259
f 4244 4256 4257
f 4254 4268 4255
f 4253 4265 4266
f 4250 4264 4251
f 4248 4262 4249
f 4246 4260 4247
f 4244 4258 4245
f 4253 4267 4254
f 4252 4264 4265
f 4250 4262 4263
f 4248 4260 4261
f 4259 4271 4272
f 4257 4269 4270
f 4267 4281 4268
f 4265 4279 4266
f 4263 4277 4264
f 4262 4274 4275
f 4259 4273 4260
f 4257 4271 4258
f 4266 4280 4267
f 4265 4277 4278
f 4263 4275 4276
f 4260 4274 4261
f 4271 4285 4272
f 4269 4283 4270
f 4281 4293 4294
f 4279 4291 4292
f 4277 4289 4290
f 4274 4288 4275
f 4273 4285 4286
f 4271 4283 4284
f 4280 4292 4293
f 4277 4291 4278
f 4275 4289 4276
f 4274 4286 4287
f 4284 4298 4285
f 4282 4296 4283
f 4294 4306 4307
f 4291 4305 4292
f 4290 4302 4303
f 4287 4301 4288
f 4286 4298 4299
f 4284 4296 4297
f 4293 4305 4306
f 4290 4304 4291
f 4288 4302 4289
f 4287 4299 4300
f 4297 4311 4298
f 4296 4308 4309
f 4306 4320 4307
f 4304 4318 4305
f 4303 4315 4316
f 4300 4314 4301
f 4298 4312 4299
f 4297 4309 4310
f 4305 4319 4306
f 4304 4316 4317
f 4302 4314 4315
f 4300 4312 4313
f 4310 4324 4311
f 4308 4322 4309
f 4320 4332 4333
f 4318 4330 4331
f 4316 4328 4329
f 4313 4327 4314
f 4311 4325 4312
f 4310 4322 4323
f 4318 4332 4319
f 4316 4330 4317
f 4315 4327 4328
f 4312 4326 4313
f 4323 4337 4324
f 4322 4334 4335
f 4332 4346 4333
f 4330 4344 4331
f 4329 4341 4342
f 4327 4339 4340
f 4325 4337 4338
f 4322 4336 4323
f 4332 4344 4345
f 4330 4342 4343
f 4327 4341 4328
f 4325 4339 4326
f 4337 4350 4351
f 4334 4349 4335
f 4346 4359 4360
f 4344 4357 4358
f 4341 4356 4342
f 4340 4353 4354
f 4338 4351 4352
f 4335 4350 4336
f 4345 4358 4359
f 4343 4356 4357
f 4340 4355 4341
f 4338 4353 4339
f 4351 4363 4364
f 4349 4361 4362
f 4359 4373 4360
f 4358 4370 4371
f 4355 4369 4356
f 4354 4366 4367
f 4351 4365 4352
f 4349 4363 4350
f 4358 4372 4359
f 4357 4369 4370
f 4355 4367 4368
f 4352 4366 4353
f 4364 4376 4377
f 4362 4374 4375
f 4373 4385 4386
f 4370 4384 4371
f 4368 4382 4369
f 4367 4379 4380
f 4364 4378 4365
f 4362 4376 4363
f 4372 4384 4385
f 4370 4382 4383
f 4368 4380 4381
f 4365 4379 4366
f 4376 4390 4377
f 4374 4388 4375
f 4385 4399 4386
f 4384 4396 4397
f 4382 4394 4395
f 4379 4393 4380
f 4378 4390 4391
f 4376 4388 4389
f 4384 4398 4385
f 4382 4396 4383
f 4380 4394 4381
f 4379 4391 4392
f 4389 4403 4390
f 4387 4401 4388
f 4399 4411 4412
f 4396 4410 4397
f 4395 4407 4408
f 4393 4405 4406
f 4391 4403 4404
f 4389 4401 4402
f 4398 4410 4411
f 4395 4409 4396
f 4393 4407 4394
f 4391 4405 4392
f 4402 4416 4403
f 4401 4413 4414
f 4411 4425 4412
f 4409 4423 4410
f 4408 4420 4421
f 4406 4418 4419
f 4403 4417 4404
f 4402 4414 4415
f 4410 4424 4411
f 4408 4422 4409
f 4407 4419 4420
f 4404 4418 4405
f 4416 4428 4429
f 4413 4427 4414
f 4425 4437 4438
f 4423 4435 4436
f 4421 4433 4434
f 4418 4432 4419
f 4416 4430 4417
f 4415 4427 4428
f 4423 4437 4424
f 4421 4435 4422
f 4420 4432 4433
f 4418 4430 4431
f 4428 4442 4429
f 4426 4440 4427
f 4437 4451 4438
f 4435 4449 4436
f 4434 4446 4447
f 4432 4444 4445
f 4430 4442 4443
f 4427 4441 4428
f 4437 4449 4450
f 4435 4447 4448
f 4432 4446 4433
f 4430 4444 4431
f 4442 4454 4455
f 4439 4453 4440
f 4451 4463 4464
f 4449 4461 4462
f 4446 4460 4447
f 4444 4458 4445
f 4443 4455 4456
f 4440 4454 4441
f 4450 4462 4463
f 4447 4461 4448
f 4445 4459 4446
f 4444 4456 4457
f 4455 4467 4468
f 4453 4465 4466
f 4463 4477 4464
f 4462 4474 4475
f 4459 4473 4460
f 4457 4471 4458
f 4455 4469 4456
f 4453 4467 4454
f 4462 4476 4463
f 4461 4473 4474
f 4459 4471 4472
f 4457 4469 4470
f 4347 4073 4086
f 4347 4086 4099
f 4347 4099 4112
f 4347 4112 4125
f 4347 4125 4138
f 4347 4138 4151
f 4347 4151 4164
f 4347 4164 4177
f 4347 4177 4190
f 4347 4190 4203
f 4347 4203 4216
f 4347 4216 4229
f 4347 4229 4242
f 4347 4242 4255
f 4347 4255 4268
f 4347 4268 4281
f 4347 4281 4294
f 4347 4294 4307
f 4347 4307 4320
f 4347 4320 4333
f 4347 4333 4346
f 4347 4346 4360
f 4347 4360 4373
f 4347 4373 4386
f 4347 4386 4399
f 4347 4399 4412
f 4347 4412 4425
f 4347 4425 4438
f 4347 4438 4451
f 4347 4451 4464
f 4347 4464 4477
f 4468 4063 4064
f 4466 4061 4062
f 4477 4072 4073
f 4474 4071 4475
f 4472 4069 4473
f 4471 4066 4067
f 4468 4065 4469
f 4466 4063 4467
f 4347 4477 4073
f 4476 4071 4072
f 4474 4069 4070
f 4472 4067 4068
f 4469 4066 4470
f 3935 4465 4060
f 4465 4056 4060
f 4452 4051 4056
f 4439 4047 4051
f 4047 4413 4043
f 4043 4400 4039
f 4039 4387 4035
f 4387 4031 4035
f 4031 4361 4027
f 4361 4023 4027
f 4348 4019 4023
f 4334 4015 4019
f 4015 4308 4011
f 4011 4295 4007
f 4007 4282 4003
f 4282 3999 4003
f 3999 4256 3995
f 4256 3991 3995
f 4243 3987 3991
f 4230 3983 3987
f 3983 4204 3979
f 3979 4191 3975
f 3975 4178 3971
f 4178 3967 3971
f 3967 4152 3963
f 4152 3959 3963
f 4139 3955 3959
f 4126 3951 3955
f 3951 4100 3947
f 3947 4087 3943
f 3943 4074 3939
f 4074 3935 3939
f 4480 4483 4484
f 4480 4485 4481
f 4479 4482 4483
f 4484 4489 4485
f 4482 4487 4483
f 4483 4488 4484
f 4488 4493 4489
f 4487 4490 4491
f 4488 4491 4492
f 4493 4496 4497
f 4490 4495 4491
f 4491 4496 4492
f 4496 4501 4497
f 4495 4498 4499
f 4496 4499 4500
f 4501 4504 4505
f 4498 4503 4499
f 4499 4504 4500
f 4505 4508 4509
f 4503 4506 4507
f 4504 4507 4508
f 4509 4512 4513
f 4506 4511 4507
f 4507 4512 4508
f 4513 4516 4517
f 4511 4514 4515
f 4512 4515 4516
f 4516 4521 4517
f 4514 4519 4515
f 4515 4520 4516
f 4520 4525 4521
f 4518 4523 4519
f 4520 4523 4524
f 4525 4528 4529
f 4522 4527 4523
f 4523 4528 4524
f 4528 4533 4529
f 4527 4530 4531
f 4528 4531 4532
f 4533 4536 4537
f 4530 4535 4531
f 4531 4536 4532
f 4537 4540 4541
f 4534 4539 4535
f 4536 4539 4540
f 4541 4544 4545
f 4539 4542 4543
f 4539 4544 4540
f 4544 4549 4545
f 4542 4547 4543
f 4544 4547 4548
f 4548 4553 4549
f 4547 4550 4551
f 4547 4552 4548
f 4552 4557 4553
f 4551 4554 4555
f 4552 4555 4556
f 4557 4560 4561
f 4554 4559 4555
f 4555 4560 4556
f 4560 4565 4561
f 4559 4562 4563
f 4560 4563 4564
f 4565 4568 4569
f 4562 4567 4563
f 4563 4568 4564
f 4569 4572 4573
f 4567 4570 4571
f 4568 4571 4572
f 4572 4577 4573
f 4570 4575 4571
f 4571 4576 4572
f 4576 4581 4577
f 4575 4578 4579
f 4576 4579 4580
f 4580 4585 4581
f 4578 4583 4579
f 4579 4584 4580
f 4584 4589 4585
f 4583 4586 4587
f 4584 4587 4588
f 4589 4592 4593
f 4586 4591 4587
f 4587 4592 4588
f 4592 4597 4593
f 4591 4594 4595
f 4592 4595 4596
f 4597 4601 4602
f 4594 4600 4595
f 4595 4601 4596
f 4602 4605 4606
f 4600 4603 4604
f 4601 4604 4605
f 4478 4598 4482
f 4482 4598 4486
f 4486 4598 4490
f 4490 4598 4494
f 4494 4598 4498
f 4498 4598 4502
f 4502 4598 4506
f 4506 4598 4510
f 4510 4598 4514
f 4514 4598 4518
f 4518 4598 4522
f 4522 4598 4526
f 4526 4598 4530
f 4530 4598 4534
f 4534 4598 4538
f 4538 4598 4542
f 4542 4598 4546
f 4546 4598 4550
f 4550 4598 4554
f 4554 4598 4558
f 4558 4598 4562
f 4562 4598 4566
f 4566 4598 4570
f 4570 4598 4574
f 4574 4598 4578
f 4578 4598 4582
f 4582 4598 4586
f 4586 4598 4590
f 4590 4598 4594
f 4594 4598 4599
f 4599 4598 4603
f 4606 4480 4481
f 4603 4479 4604
f 4604 4480 4605
f 4603 4598 4478
f 4615 4627 4628
f 4612 4626 4613
f 4611 4623 4624
f 4609 4621 4622
f 4618 4630 4631
f 4615 4629 4616
f 4613 4627 4614
f 4612 4624 4625
f 4609 4623 4610
f 4607 4621 4608
f 4619 4631 4632
f 4617 4629 4630
f 4622 4636 4623
f 4620 4634 4621
f 4632 4644 4645
f 4629 4643 4630
f 4628 4640 4641
f 4626 4638 4639
f 4624 4636 4637
f 4622 4634 4635
f 4631 4643 4644
f 4628 4642 4629
f 4626 4640 4627
f 4624 4638 4625
f 4635 4649 4636
f 4634 4646 4647
f 4644 4658 4645
f 4642 4656 4643
f 4641 4653 4654
f 4639 4651 4652
f 4636 4650 4637
f 4635 4647 4648
f 4643 4657 4644
f 4642 4654 4655
f 4640 4652 4653
f 4637 4651 4638
f 4648 4662 4649
f 4646 4660 4647
f 4658 4670 4671
f 4656 4668 4669
f 4653 4667 4654
f 4651 4665 4652
f 4649 4663 4650
f 4648 4660 4661
f 4656 4670 4657
f 4654 4668 4655
f 4653 4665 4666
f 4651 4663 4664
f 4661 4675 4662
f 4660 4672 4673
f 4670 4684 4671
f 4668 4682 4669
f 4667 4679 4680
f 4665 4677 4678
f 4663 4675 4676
f 4661 4673 4674
f 4670 4682 4683
f 4667 4681 4668
f 4665 4679 4666
f 4663 4677 4664
f 4675 4687 4688
f 4672 4686 4673
f 4684 4696 4697
f 4682 4694 4695
f 4679 4693 4680
f 4678 4690 4691
f 4676 4688 4689
f 4673 4687 4674
f 4683 4695 4696
f 4681 4693 4694
f 4678 4692 4679
f 4676 4690 4677
f 4688 4700 4701
f 4686 4698 4699
f 4696 4710 4697
f 4695 4707 4708
f 4692 4706 4693
f 4691 4703 4704
f 4688 4702 4689
f 4686 4700 4687
f 4695 4709 4696
f 4694 4706 4707
f 4692 4704 4705
f 4689 4703 4690
f 4701 4713 4714
f 4699 4711 4712
f 4710 4722 4723
f 4707 4721 4708
f 4705 4719 4706
f 4704 4716 4717
f 4701 4715 4702
f 4699 4713 4700
f 4709 4721 4722
f 4707 4719 4720
f 4705 4717 4718
f 4702 4716 4703
f 4713 4727 4714
f 4711 4725 4712
f 4723 4735 4736
f 4721 4733 4734
f 4719 4731 4732
f 4716 4730 4717
f 4715 4727 4728
f 4713 4725 4726
f 4721 4735 4722
f 4719 4733 4720
f 4717 4731 4718
f 4716 4728 4729
f 4726 4740 4727
f 4724 4738 4725
f 4736 4748 4749
f 4733 4747 4734
f 4732 4744 4745
f 4730 4742 4743
f 4728 4740 4741
f 4726 4738 4739
f 4735 4747 4748
f 4732 4746 4733
f 4730 4744 4731
f 4728 4742 4729
f 4739 4753 4740
f 4738 4750 4751
f 4748 4762 4749
f 4746 4760 4747
f 4745 4757 4758
f 4743 4755 4756
f 4740 4754 4741
f 4739 4751 4752
f 4747 4761 4748
f 4745 4759 4746
f 4744 4756 4757
f 4741 4755 4742
f 4753 4765 4766
f 4750 4764 4751
f 4762 4774 4775
f 4759 4773 4760
f 4758 4770 4771
f 4755 4769 4756
f 4753 4767 4754
f 4752 4764 4765
f 4760 4774 4761
f 4758 4772 4759
f 4757 4769 4770
f 4755 4767 4768
f 4765 4779 4766
f 4764 4776 4777
f 4774 4788 4775
f 4772 4786 4773
f 4771 4783 4784
f 4769 4781 4782
f 4767 4779 4780
f 4765 4777 4778
f 4774 4786 4787
f 4771 4785 4772
f 4769 4783 4770
f 4767 4781 4768
f 4779 4791 4792
f 4776 4790 4777
f 4788 4800 4801
f 4786 4798 4799
f 4783 4797 4784
f 4782 4794 4795
f 4780 4792 4793
f 4777 4791 4778
f 4787 4799 4800
f 4785 4797 4798
f 4782 4796 4783
f 4780 4794 4781
f 4792 4804 4805
f 4790 4802 4803
f 4800 4814 4801
f 4799 4811 4812
f 4796 4810 4797
f 4795 4807 4808
f 4792 4806 4793
f 4790 4804 4791
f 4799 4813 4800
f 4798 4810 4811
f 4796 4808 4809
f 4793 4807 4794
f 4805 4817 4818
f 4803 4815 4816
f 4814 4826 4827
f 4811 4825 4812
f 4809 4823 4810
f 4808 4820 4821
f 4805 4819 4806
f 4803 4817 4804
f 4813 4825 4826
f 4811 4823 4824
f 4809 4821 4822
f 4806 4820 4807
f 4817 4831 4818
f 4815 4829 4816
f 4826 4840 4827
f 4825 4837 4838
f 4823 4835 4836
f 4820 4834 4821
f 4819 4831 4832
f 4817 4829 4830
f 4825 4839 4826
f 4823 4837 4824
f 4821 4835 4822
f 4820 4832 4833
f 4830 4844 4831
f 4828 4842 4829
f 4840 4852 4853
f 4837 4851 4838
f 4836 4848 4849
f 4834 4846 4847
f 4832 4844 4845
f 4830 4842 4843
f 4839 4851 4852
f 4836 4850 4837
f 4834 4848 4835
f 4832 4846 4833
f 4843 4857 4844
f 4842 4854 4855
f 4852 4866 4853
f 4850 4864 4851
f 4849 4861 4862
f 4847 4859 4860
f 4844 4858 4845
f 4843 4855 4856
f 4851 4865 4852
f 4849 4863 4850
f 4848 4860 4861
f 4845 4859 4846
f 4857 4869 4870
f 4855 4867 4868
f 4866 4878 4879
f 4864 4876 4877
f 4862 4874 4875
f 4859 4873 4860
f 4857 4871 4858
f 4856 4868 4869
f 4864 4878 4865
f 4862 4876 4863
f 4861 4873 4874
f 4859 4871 4872
f 4869 4883 4870
f 4868 4880 4881
f 4878 4892 4879
f 4877 4889 4890
f 4874 4888 4875
f 4873 4885 4886
f 4871 4883 4884
f 4868 4882 4869
f 4878 4890 4891
f 4876 4888 4889
f 4873 4887 4874
f 4871 4885 4872
f 4883 4896 4897
f 4880 4895 4881
f 4892 4905 4906
f 4890 4903 4904
f 4887 4902 4888
f 4885 4900 4886
f 4884 4897 4898
f 4881 4896 4882
f 4891 4904 4905
f 4889 4902 4903
f 4886 4901 4887
f 4885 4898 4899
f 4897 4909 4910
f 4895 4907 4908
f 4905 4919 4906
f 4904 4916 4917
f 4901 4915 4902
f 4899 4913 4900
f 4897 4911 4898
f 4895 4909 4896
f 4904 4918 4905
f 4903 4915 4916
f 4901 4913 4914
f 4899 4911 4912
f 4910 4922 4923
f 4908 4920 4921
f 4919 4931 4932
f 4916 4930 4917
f 4914 4928 4915
f 4913 4925 4926
f 4910 4924 4911
f 4908 4922 4909
f 4918 4930 4931
f 4916 4928 4929
f 4914 4926 4927
f 4911 4925 4912
f 4922 4936 4923
f 4920 4934 4921
f 4931 4945 4932
f 4930 4942 4943
f 4928 4940 4941
f 4925 4939 4926
f 4924 4936 4937
f 4922 4934 4935
f 4930 4944 4931
f 4928 4942 4929
f 4926 4940 4927
f 4925 4937 4938
f 4935 4949 4936
f 4933 4947 4934
f 4945 4957 4958
f 4942 4956 4943
f 4941 4953 4954
f 4938 4952 4939
f 4937 4949 4950
f 4935 4947 4948
f 4944 4956 4957
f 4941 4955 4942
f 4939 4953 4940
f 4938 4950 4951
f 4948 4962 4949
f 4947 4959 4960
f 4957 4971 4958
f 4955 4969 4956
f 4954 4966 4967
f 4951 4965 4952
f 4949 4963 4950
f 4948 4960 4961
f 4956 4970 4957
f 4954 4968 4955
f 4953 4965 4966
f 4951 4963 4964
f 4962 4974 4975
f 4959 4973 4960
f 4971 4983 4984
f 4968 4982 4969
f 4966 4980 4967
f 4964 4978 4965
f 4962 4976 4963
f 4960 4974 4961
f 4969 4983 4970
f 4967 4981 4968
f 4966 4978 4979
f 4964 4976 4977
f 4975 4987 4988
f 4973 4985 4986
f 4983 4997 4984
f 4981 4995 4982
f 4979 4993 4980
f 4978 4990 4991
f 4976 4988 4989
f 4973 4987 4974
f 4983 4995 4996
f 4981 4993 4994
f 4978 4992 4979
f 4976 4990 4977
f 4988 5000 5001
f 4985 4999 4986
f 4997 5009 5010
f 4995 5007 5008
f 4992 5006 4993
f 4991 5003 5004
f 4989 5001 5002
f 4986 5000 4987
f 4996 5008 5009
f 4994 5006 5007
f 4991 5005 4992
f 4989 5003 4990
f 5001 5013 5014
f 4999 5011 5012
f 5009 5023 5010
f 5008 5020 5021
f 5005 5019 5006
f 5004 5016 5017
f 5001 5015 5002
f 4999 5013 5000
f 5008 5022 5009
f 5007 5019 5020
f 5005 5017 5018
f 5002 5016 5003
f 4893 4619 4632
f 4893 4632 4645
f 4893 4645 4658
f 4893 4658 4671
f 4893 4671 4684
f 4893 4684 4697
f 4893 4697 4710
f 4893 4710 4723
f 4893 4723 4736
f 4893 4736 4749
f 4893 4749 4762
f 4893 4762 4775
f 4893 4775 4788
f 4893 4788 4801
f 4893 4801 4814
f 4893 4814 4827
f 4893 4827 4840
f 4893 4840 4853
f 4893 4853 4866
f 4893 4866 4879
f 4893 4879 4892
f 4893 4892 4906
f 4893 4906 4919
f 4893 4919 4932
f 4893 4932 4945
f 4893 4945 4958
f 4893 4958 4971
f 4893 4971 4984
f 4893 4984 4997
f 4893 4997 5010
f 4893 5010 5023
f 5014 4609 4610
f 5012 4607 4608
f 5022 4619 5023
f 5020 4617 5021
f 5018 4615 5019
f 5017 4612 4613
f 5014 4611 5015
f 5012 4609 5013
f 4893 5023 4619
f 5021 4618 5022
f 5020 4615 4616
f 5018 4613 4614
f 5015 4612 5016
f 4481 5011 4606
f 5011 4602 4606
f 4998 4597 4602
f 4985 4593 4597
f 4593 4959 4589
f 4589 4946 4585
f 4585 4933 4581
f 4933 4577 4581
f 4577 4907 4573
f 4907 4569 4573
f 4894 4565 4569
f 4880 4561 4565
f 4561 4854 4557
f 4557 4841 4553
f 4553 4828 4549
f 4828 4545 4549
f 4545 4802 4541
f 4802 4537 4541
f 4789 4533 4537
f 4776 4529 4533
f 4529 4750 4525
f 4525 4737 4521
f 4521 4724 4517
f 4724 4513 4517
f 4513 4698 4509
f 4698 4505 4509
f 4685 4501 4505
f 4672 4497 4501
f 4497 4646 4493
f 4493 4633 4489
f 4489 4620 4485
f 4620 4481 4485
f 4 3 2
f 8 7 6
f 13 16 15
f 17 28 19
f 32 31 30
f 36 35 34
f 37 40 39
f 21 22 23
f 25 26 27
f 41 44 43
f 48 47 46
f 52 51 50
f 53 56 55
f 60 59 58
f 29 30 62
f 66 65 64
f 67 5 6
f 72 71 70
f 76 75 74
f 77 80 79
f 81 84 83
f 59 87 86
f 88 91 90
f 96 95 94
f 100 99 98
f 101 104 103
f 106 105 34
f 108 116 115
f 117 119 36
f 124 127 126
f 131 130 129
f 132 102 134
f 142 141 140
f 148 106 60
f 144 143 127
f 149 152 151
f 156 155 154
f 159 150 158
f 116 108 164
f 171 170 169
f 174 126 173
f 179 182 181
f 186 189 188
f 194 197 196
f 199 142 139
f 206 209 208
f 213 212 211
f 202 215 214
f 96 93 216
f 92 238 43
f 97 184 246
f 250 249 229
f 252 254 58
f 258 257 256
f 260 91 229
f 110 111 112
f 114 264 263
f 265 268 267
f 56 53 270
f 274 273 249
f 185 183 63
f 280 279 278
f 285 284 283
f 288 219 211
f 141 142 92
f 289 290 175
f 148 116 105
f 312 311 170
f 238 262 42
f 318 163 160
f 310 309 308
f 241 239 325
f 160 230 240
f 47 48 307
f 108 109 315
f 345 85 86
f 348 351 350
f 356 359 358
f 355 354 353
f 363 31 32
f 364 252 253
f 366 125 368
f 183 372 371
f 163 162 161
f 209 226 101
f 378 377 165
f 379 295 381
f 383 382 3
f 284 285 386
f 387 127 389
f 391 259 229
f 73 281 397
f 405 408 407
f 203 218 411
f 414 121 413
f 1 356 357
f 277 276 131
f 254 344 57
f 358 384 415
f 417 416 386
f 401 400 192
f 419 389 127
f 421 181 182
f 103 301 302
f 428 367 368
f 380 390 359
f 62 204 266
f 140 141 431
f 357 358 351
f 356 1 379
f 415 392 403
f 437 428 436
f 438 441 440
f 188 451 450
f 265 455 181
f 224 185 64
f 237 212 213
f 275 131 128
f 281 282 460
f 50 462 79
f 73 74 282
f 468 467 466
f 390 355 352
f 482 485 484
f 489 488 487
f 493 496 495
f 472 471 470
f 502 501 500
f 220 221 222
f 512 419 143
f 518 517 511
f 513 239 230
f 205 30 31
f 189 370 451
f 163 318 532
f 533 224 225
f 446 448 447
f 335 541 540
f 544 512 546
f 329 519 291
f 199 534 262
f 385 386 416
f 532 190 191
f 363 117 118
f 578 581 580
f 573 572 571
f 561 563 562
f 241 260 259
f 590 593 592
f 545 546 595
f 503 154 155
f 606 625 624
f 478 481 480
f 646 649 648
f 590 591 689
f 564 565 651
f 728 246 184
f 714 724 716
f 692 574 575
f 541 335 581
f 346 68 248
f 161 231 230
f 128 129 94
f 698 705 704
f 574 577 576
f 290 289 401
f 630 631 725
f 733 736 735
f 755 466 496
f 759 480 481
f 757 763 762
f 764 496 466
f 768 767 3808
f 759 760 488
f 492 474 475
f 474 770 769
f 773 468 465
f 771 774 486
f 484 485 775
f 774 776 489
f 495 496 764
f 495 757 761
f 137 397 784
f 325 239 797
f 165 519 51
f 369 32 29
f 730 731 568
f 90 302 301
f 243 118 516
f 800 734 806
f 817 815 808
f 816 808 823
f 306 303 447
f 815 810 809
f 829 830 828
f 726 725 501
f 274 427 424
f 879 882 881
f 884 883 879
f 219 218 217
f 906 905 904
f 455 204 205
f 898 882 830
f 903 900 880
f 377 291 519
f 923 949 948
f 946 947 951
f 3519 740 739
f 900 899 886
f 225 64 65
f 182 445 442
f 809 952 947
f 954 960 962
f 927 950 965
f 885 879 880
f 925 927 966
f 343 342 341
f 965 964 971
f 968 971 970
f 972 968 969
f 963 961 981
f 336 337 338
f 992 993 827
f 810 815 996
f 1007 1001 1002
f 1012 826 827
f 1011 1009 1007
f 294 293 292
f 907 908 920
f 1017 579 1019
f 1020 1023 1022
f 1035 1024 1020
f 1061 1060 1047
f 1063 1061 1046
f 1044 1020 1021
f 1102 1094 1097
f 1116 1126 1118
f 1016 1015 1014
f 881 897 904
f 816 1116 1127
f 1094 948 949
f 514 342 167
f 146 145 81
f 1133 1135 1130
f 1102 1133 1126
f 822 1126 1116
f 1145 1143 1148
f 1076 1144 1151
f 1148 1143 1086
f 1109 1097 1114
f 1154 1153 1156
f 1153 925 967
f 3464 3497 463
f 1144 1147 1152
f 1156 967 1163
f 1164 1162 1169
f 1145 1171 1176
f 1114 1115 1154
f 1183 1155 1164
f 1184 1183 1177
f 1069 1151 1062
f 1023 1191 1194
f 1162 1163 1170
f 1195 1184 1185
f 1183 1196 1176
f 1201 1063 1152
f 1061 1063 1201
f 3825 847 843
f 1203 1202 1195
f 1202 1201 1184
f 1218 1060 1203
f 1060 1061 1202
f 1225 1218 1217
f 671 695 694
f 1219 1217 1024
f 1217 1203 1034
f 1226 1014 1015
f 1243 1242 1234
f 1231 1230 1229
f 847 1243 1233
f 843 1233 1244
f 1233 1234 1245
f 1923 3761 233
f 2100 2108 499
f 3914 3864 2135
f 61 62 323
f 210 211 217
f 1299 1310 1309
f 3863 1230 1231
f 1066 1047 1321
f 1322 1321 1228
f 1060 1218 1321
f 1325 1324 1323
f 1244 1245 1332
f 1290 1234 1242
f 1337 1330 1339
f 1330 1332 1340
f 1341 1332 1245
f 1342 1340 1332
f 1343 1342 1341
f 1344 1341 1294
f 3857 3856 1345
f 1347 1348 1342
f 3856 3854 1295
f 1349 1350 1348
f 3861 1349 1347
f 3853 1347 1343
f 906 898 829
f 905 906 1353
f 865 1356 1355
f 1355 1353 829
f 1357 1355 825
f 1356 1354 1353
f 3834 1337 1338
f 866 1358 1356
f 1358 1359 1354
f 3828 878 1337
f 838 1362 1012
f 1363 1364 1338
f 1368 1363 1339
f 1348 1368 1340
f 1371 1369 3824
f 524 525 526
f 528 529 530
f 1372 1370 1369
f 535 536 537
f 1367 1368 1348
f 1370 1354 1359
f 1369 1359 3833
f 1373 910 903
f 555 556 557
f 1374 909 910
f 1373 904 905
f 1374 1373 1375
f 1375 905 1354
f 1378 920 908
f 376 373 651
f 1388 928 973
f 586 587 588
f 1390 1389 1388
f 1391 1388 969
f 597 598 599
f 600 601 602
f 1392 1391 970
f 608 609 610
f 612 524 523
f 614 615 616
f 617 618 25
f 620 621 622
f 1397 1390 1391
f 1398 1397 1392
f 1400 987 920
f 1402 1403 1165
f 636 637 638
f 930 1404 1402
f 641 642 643
f 929 1402 1169
f 1404 1405 1403
f 1411 1366 1365
f 1412 1406 1415
f 652 653 654
f 609 656 657
f 659 660 661
f 558 663 586
f 665 666 667
f 1413 1411 1406
f 1418 1416 3810
f 1417 1372 1371
f 1416 1371 3829
f 1419 1417 1416
f 1386 909 1374
f 677 678 679
f 1385 1386 1420
f 1420 1374 1376
f 685 686 687
f 1421 1420 1422
f 528 690 691
f 1422 1376 1372
f 1018 1019 747
f 699 700 701
f 1424 578 579
f 3663 1597 1767
f 700 699 711
f 1093 3746 3754
f 717 718 530
f 721 722 723
f 704 1650 3543
f 19 1429 1426
f 1429 1428 1427
f 1658 1659 3542
f 1439 1437 1434
f 1437 1436 1435
f 1426 1427 1433
f 1442 1431 1432
f 742 743 744
f 1432 1433 1441
f 751 752 753
f 1438 1434 1403
f 1446 1445 1444
f 1447 1448 1446
f 3860 1447 1443
f 1415 1367 1445
f 1414 1415 1446
f 2173 1683 469
f 777 778 779
f 780 781 782
f 1676 1693 1806
f 3859 1451 1349
f 789 790 791
f 745 792 793
f 652 794 795
f 1455 1458 1457
f 1454 1367 1350
f 610 691 802
f 3831 3816 698
f 1352 1044 1045
f 1015 1016 1459
f 811 812 813
f 2118 3815 3817
f 819 820 821
f 1466 1463 1194
f 1467 1468 1465
f 1182 1165 1468
f 832 812 833
f 835 836 837
f 1467 1466 1190
f 1469 1470 1444
f 840 700 712
f 1453 1470 1469
f 599 844 845
f 1226 1450 3849
f 851 852 853
f 855 744 856
f 858 859 860
f 861 862 863
f 1014 1226 3855
f 867 676 868
f 870 871 872
f 874 875 876
f 1310 1323 1471
f 1476 1433 1427
f 1461 1476 1475
f 887 888 889
f 788 791 892
f 894 895 896
f 1460 1475 1227
f 901 902 524
f 1465 1478 1477
f 1865 3503 3500
f 911 912 913
f 916 917 918
f 1850 3505 3507
f 921 922 895
f 1479 1435 1436
f 926 664 667
f 1481 562 563
f 269 1483 84
f 931 932 933
f 934 935 614
f 936 685 688
f 938 659 662
f 1484 270 122
f 941 942 835
f 320 321 509
f 1849 3510 3505
f 84 1483 1484
f 1487 1490 1488
f 1757 1758 3502
f 365 1492 1491
f 461 79 80
f 117 363 362
f 1494 540 541
f 926 601 957
f 1477 1441 1433
f 1709 1588 1585
f 119 117 1496
f 271 1497 504
f 511 517 189
f 345 1496 1492
f 57 344 299
f 1501 1499 268
f 267 268 1499
f 974 975 976
f 1678 1652 1693
f 3846 1682 1807
f 557 982 663
f 983 941 984
f 1443 1444 3849
f 421 1500 268
f 989 990 991
f 1490 1487 418
f 279 280 309
f 997 868 676
f 998 26 999
f 1504 418 38
f 1506 1508 1507
f 360 361 1508
f 1506 1486 207
f 939 1005 1006
f 270 1484 1483
f 66 63 546
f 1010 742 793
f 367 428 437
f 244 31 363
f 1670 3532 3534
f 209 206 1510
f 388 389 426
f 427 274 250
f 161 520 521
f 100 246 45
f 1025 1026 608
f 1029 1030 1031
f 939 662 1033
f 41 42 594
f 1036 780 783
f 702 701 1038
f 1040 1041 1042
f 362 32 369
f 187 1520 477
f 70 1487 539
f 1049 600 603
f 613 867 869
f 860 1050 1051
f 1005 1052 1053
f 753 1055 1056
f 1057 1058 1059
f 293 288 1522
f 288 212 1521
f 292 1522 1523
f 331 1507 1508
f 306 452 453
f 100 44 41
f 462 1524 78
f 330 331 1524
f 635 1067 1068
f 1485 1527 1526
f 206 1485 1528
f 1070 1071 1072
f 942 941 1073
f 916 933 1075
f 440 1529 1530
f 157 158 1514
f 1529 162 5
f 371 595 546
f 790 586 663
f 1077 858 857
f 1403 1434 1435
f 1080 1081 1082
f 531 520 1529
f 21 1083 1084
f 272 1532 1531
f 690 712 802
f 335 3571 3567
f 1090 1030 1029
f 1092 795 794
f 1533 396 137
f 661 660 1095
f 69 444 445
f 1099 1100 1101
f 38 39 1536
f 1104 1105 1106
f 852 1107 1108
f 1377 908 909
f 291 377 411
f 316 1536 516
f 539 1488 1533
f 1505 1536 316
f 1110 1111 1112
f 1539 1537 460
f 522 441 1537
f 834 837 1120
f 1122 1123 1124
f 612 1125 1041
f 935 793 615
f 276 278 130
f 1686 3549 3522
f 193 190 1541
f 231 521 1540
f 556 1037 982
f 365 253 85
f 190 532 318
f 1810 765 3574
f 3924 1867 3512
f 1132 983 985
f 208 101 102
f 1134 1033 662
f 1491 518 80
f 429 133 1542
f 1137 1138 915
f 172 436 428
f 1139 1140 1141
f 549 96 54
f 1517 1519 1518
f 834 1119 984
f 1543 513 286
f 1544 797 239
f 133 134 1544
f 506 361 257
f 420 327 328
f 1158 1159 1160
f 587 1104 1103
f 607 1161 1027
f 304 1546 1545
f 364 1491 77
f 69 70 198
f 700 840 1112
f 3877 626 3525
f 1166 719 657
f 1167 1168 858
f 1300 3523 3524
f 1172 1173 1174
f 218 203 200
f 1179 1180 1181
f 372 183 97
f 89 104 227
f 1186 1187 1188
f 172 173 1517
f 1482 84 81
f 1090 1192 1193
f 394 395 353
f 526 525 1198
f 1199 1200 1026
f 606 623 697
f 1204 1205 1206
f 1207 1208 523
f 1209 1210 867
f 914 913 685
f 1478 1436 1441
f 1029 1028 1161
f 1211 1212 1213
f 3858 1453 1451
f 844 1215 1216
f 423 193 273
f 1220 1221 1222
f 22 1223 1224
f 882 898 897
f 1519 1517 173
f 1189 1188 1232
f 349 350 550
f 1071 1235 1236
f 1237 1238 1239
f 1221 1186 1189
f 1510 1528 1512
f 939 1032 1241
f 1556 1530 5
f 1553 1554 394
f 404 1556 67
f 1247 1248 1249
f 142 199 238
f 1251 1067 635
f 850 1252 1253
f 1254 1167 1077
f 57 132 133
f 443 430 552
f 1187 1172 1175
f 1256 1070 831
f 432 405 382
f 741 748 747
f 434 350 351
f 349 432 383
f 251 124 1481
f 395 384 352
f 1518 1519 1550
f 1558 410 378
f 109 263 314
f 285 1514 1513
f 395 394 393
f 202 203 410
f 417 408 405
f 1246 1257 1258
f 3 1559 297
f 1259 1260 1261
f 403 404 347
f 955 954 953
f 462 50 51
f 1096 1095 687
f 429 147 60
f 896 1264 1265
f 1267 721 1268
f 423 424 327
f 37 179 180
f 20 23 1187
f 1256 1168 1071
f 1188 1175 1269
f 1236 1270 1271
f 1272 536 535
f 565 564 463
f 1273 792 745
f 876 1254 1255
f 316 33 164
f 437 1516 503
f 194 1494 1495
f 1275 1276 864
f 624 625 631
f 1277 1274 1137
f 569 568 567
f 1481 124 125
f 324 325 547
f 1279 1108 1107
f 1525 332 329
f 1281 1278 1137
f 171 168 1553
f 1488 73 396
f 1557 1561 1562
f 1282 856 1206
f 1053 1277 1278
f 778 777 607
f 713 583 3566
f 251 225 144
f 4 357 348
f 709 708 707
f 728 48 45
f 261 135 1563
f 789 1286 1287
f 74 314 263
f 403 284 385
f 1178 1181 1240
f 1223 1259 1289
f 1220 20 1186
f 296 1518 354
f 784 459 1538
f 1181 1180 1291
f 1269 1292 1257
f 1566 1538 438
f 136 784 1566
f 1563 1564 169
f 107 114 109
f 1297 1282 1298
f 1464 1477 1476
f 1520 187 507
f 1301 1302 1303
f 1306 1307 1308
f 175 456 1532
f 1532 456 200
f 1311 1266 1312
f 872 1314 1315
f 3836 843 878
f 1305 1308 864
f 1040 1275 863
f 1564 1566 399
f 592 1576 1575
f 591 1575 1088
f 1581 1584 1583
f 1196 1152 1147
f 710 582 583
f 285 407 408
f 953 954 961
f 1594 1592 1589
f 1585 1588 1587
f 1592 1591 1590
f 3885 945 944
f 1600 1599 1598
f 1604 1603 1602
f 1399 1392 979
f 1589 1590 1596
f 1610 1609 1608
f 298 257 361
f 551 552 276
f 1627 1626 3814
f 859 811 818
f 1078 857 1328
f 1555 439 1530
f 572 573 680
f 772 465 776
f 977 1281 918
f 404 403 392
f 1054 1331 750
f 1644 1645 1643
f 932 1265 1082
f 1067 1333 1334
f 1540 1539 264
f 597 1335 643
f 471 761 762
f 1642 696 3831
f 1644 1642 3842
f 923 946 950
f 96 549 548
f 520 531 522
f 445 444 443
f 849 839 848
f 480 759 755
f 1646 760 481
f 311 426 1567
f 464 463 3497
f 3497 1360 1361
f 234 237 236
f 190 193 192
f 153 154 152
f 231 287 286
f 1552 1553 1551
f 760 1646 1648
f 3832 1647 1649
f 828 827 826
f 52 167 166
f 1663 1662 1661
f 287 107 115
f 668 671 670
f 634 645 640
f 553 560 559
f 118 36 33
f 492 484 491
f 3552 1652 1651
f 582 589 584
f 384 395 392
f 1381 1382 1383
f 1562 1561 435
f 952 953 951
f 3529 3566 583
f 1660 1661 1667
f 1394 1395 1396
f 1660 1665 1664
f 1671 1670 1669
f 1624 1625 1673
f 1407 1408 1409
f 1677 1676 1675
f 1613 1679 1677
f 1679 1678 1676
f 1626 1681 3811
f 534 199 198
f 803 733 734
f 400 248 191
f 65 66 143
f 3526 1657 1656
f 402 159 157
f 629 628 627
f 461 477 49
f 758 757 495
f 796 787 786
f 406 407 1513
f 342 343 166
f 1694 1659 1658
f 1692 1687 1694
f 3557 1693 1652
f 3921 1704 1703
f 326 547 302
f 3916 3921 1702
f 3919 3918 1698
f 1699 1691 3927
f 1557 406 1560
f 1127 1116 1117
f 400 401 289
f 1706 1702 1707
f 1707 1702 1599
f 1709 1706 1708
f 1714 1712 1711
f 3919 3915 1709
f 1704 1711 1577
f 1716 1714 1713
f 1559 1562 1549
f 1722 1721 1720
f 1335 597 596
f 410 411 377
f 973 1170 1163
f 168 169 399
f 1571 682 1089
f 1572 681 682
f 749 646 647
f 1730 1724 1723
f 1594 1582 1729
f 1729 1723 1591
f 1384 1378 1377
f 1732 1731 1712
f 1724 1730 1731
f 1722 1724 1732
f 1721 1722 1733
f 1734 1733 1716
f 1735 1737 1736
f 1733 1732 1714
f 1663 1664 1741
f 1742 1665 1740
f 1738 1739 1737
f 1665 1660 1666
f 1665 1742 1744
f 1725 1726 1746
f 1591 1725 1745
f 1590 1745 1747
f 1745 1746 1748
f 1659 1688 3538
f 3287 1760 3545
f 1185 1177 1182
f 1664 1744 1749
f 1741 1749 1739
f 1746 1742 1743
f 1726 1744 1742
f 1115 924 1153
f 1654 3546 3575
f 1896 3562 3549
f 1720 1749 1744
f 1721 1739 1749
f 1750 1718 1701
f 1697 1736 1750
f 1151 1152 1063
f 1751 1752 1670
f 1695 1658 1752
f 961 962 986
f 1770 1769 1768
f 1766 1594 1593
f 1731 1759 1579
f 1579 1777 1774
f 3928 1772 1771
f 1764 1772 3928
f 1777 1776 1775
f 3762 3763 1699
f 1004 1127 1128
f 1774 1775 1771
f 987 1400 1399
f 1578 1774 1772
f 1783 1782 1781
f 1597 1598 1770
f 639 1878 3895
f 3928 3929 1769
f 1793 1792 1789
f 3929 3920 1798
f 3508 3516 3773
f 1802 1867 3924
f 1788 1790 1794
f 1793 1794 1795
f 3773 3772 1675
f 1584 1581 1783
f 1771 1797 3920
f 1801 1799 1798
f 1768 1769 1798
f 1775 1796 1797
f 508 514 515
f 1796 1803 1802
f 1800 1798 3920
f 1794 1805 1804
f 3532 1670 1752
f 485 1808 1807
f 3809 3844 1640
f 3837 3844 1810
f 485 482 1640
f 1690 1691 3770
f 487 488 1648
f 3839 1813 1816
f 3838 1811 1648
f 3839 1812 1811
f 1812 1809 487
f 1641 1809 767
f 465 466 755
f 767 1815 3823
f 3822 1816 3826
f 1809 1812 1815
f 3837 1653 1651
f 675 672 3541
f 1814 1649 1822
f 1821 1822 3821
f 1824 1822 1649
f 1827 1849 1850
f 1668 1669 1662
f 1779 1780 1848
f 1790 1827 1805
f 1833 1836 1853
f 3521 3506 693
f 1614 1615 1616
f 1852 1853 3498
f 1620 1621 1622
f 1855 1765 1574
f 1847 1852 3501
f 1766 1765 1855
f 1629 1630 1631
f 1633 1622 1634
f 1635 1636 1637
f 1848 1833 1852
f 1855 1861 1863
f 1803 1866 1867
f 1862 1863 1831
f 1782 1855 1862
f 3922 3924 1865
f 1873 1872 1870
f 1874 1869 799
f 2045 3878 3897
f 1219 1345 1295
f 1615 1614 1396
f 3884 3895 1877
f 645 3898 3786
f 1345 1219 1035
f 634 639 3884
f 15 1887 1327
f 3910 3895 1878
f 1894 604 605
f 3506 3551 627
f 3560 640 645
f 340 341 454
f 1897 194 195
f 1889 1882 1877
f 1901 94 129
f 196 749 754
f 1705 1704 3921
f 340 378 166
f 1570 1480 563
f 1904 1494 194
f 1781 1862 1832
f 1905 549 55
f 1000 994 995
f 986 919 920
f 1191 1185 1190
f 2094 2077 2075
f 1920 1921 1919
f 453 454 1912
f 1915 1919 1918
f 3882 2112 2106
f 1655 3575 3531
f 1916 1918 1926
f 704 3554 3561
f 278 1916 1925
f 3565 3564 1818
f 1097 949 1115
f 1927 1928 727
f 3578 3579 3654
f 1920 310 307
f 1929 307 48
f 503 504 1497
f 1902 1903 787
f 1816 1821 3820
f 1925 1926 1923
f 1535 1569 1568
f 254 252 258
f 1509 1497 366
f 119 86 35
f 219 288 293
f 141 46 47
f 542 205 244
f 1940 552 430
f 1779 1828 1827
f 1701 1710 3915
f 1661 3550 3515
f 270 53 754
f 197 1947 749
f 1727 1728 1212
f 53 54 232
f 1465 1468 1479
f 1284 3862 3854
f 1951 446 412
f 168 398 1554
f 1486 1485 206
f 506 77 78
f 994 1001 1007
f 951 953 963
f 1013 3859 3861
f 3826 3820 1820
f 1498 1909 1954
f 299 298 543
f 1754 1755 1756
f 1681 469 1683
f 1696 1694 1695
f 13 14 738
f 473 476 475
f 482 1641 768
f 204 62 30
f 1761 1762 820
f 611 1763 1125
f 1501 1503 1908
f 1074 1073 711
f 1960 1944 82
f 120 1956 1960
f 35 86 87
f 1773 1199 1025
f 1965 1545 1569
f 494 761 471
f 1966 1967 1969
f 446 1951 1971
f 174 368 125
f 1580 1579 1578
f 1785 1786 1787
f 1972 1546 304
f 1254 876 875
f 1973 341 342
f 321 1912 1973
f 1910 277 275
f 509 1973 514
f 1486 1507 1527
f 1974 1874 804
f 1977 1976 1974
f 1980 448 1966
f 379 1 2
f 1718 1715 1710
f 884 995 992
f 1680 1684 1678
f 902 990 525
f 344 255 256
f 135 138 137
f 448 446 1967
f 589 605 604
f 910 909 908
f 1981 1966 1968
f 1982 1981 1987
f 1988 1979 1987
f 1990 1988 1989
f 1991 1989 1993
f 322 321 320
f 992 828 830
f 1144 1076 1086
f 1995 1977 1978
f 1133 1129 1118
f 1997 1995 1994
f 870 1823 1335
f 805 806 1982
f 727 184 2000
f 1996 1994 1988
f 1994 1978 1979
f 1829 616 792
f 1830 1073 941
f 798 803 800
f 729 732 731
f 2011 2012 2023
f 1834 1835 846
f 402 283 284
f 2022 2023 2024
f 1838 718 989
f 810 955 952
f 1823 1839 1840
f 1430 1426 1432
f 1215 844 1841
f 1316 1208 873
f 2112 1401 1384
f 1842 1843 1844
f 1159 846 845
f 837 27 1846
f 1971 1951 2030
f 517 369 370
f 1471 2026 2027
f 3551 3525 626
f 2174 2175 770
f 935 934 1854
f 1613 1619 1611
f 1231 1228 1225
f 1856 1857 891
f 1300 1309 748
f 1150 1149 1858
f 1643 606 696
f 1215 1265 1264
f 1320 1860 902
f 1956 1943 1944
f 2031 668 669
f 2034 1325 1310
f 1879 1880 1656
f 40 245 242
f 1992 1993 2039
f 888 958 957
f 1882 1889 1996
f 1078 1138 1255
f 1871 912 1192
f 294 411 218
f 1323 2041 2026
f 123 1960 83
f 1324 2036 2041
f 384 358 359
f 1324 1325 2038
f 1883 1884 1885
f 287 1540 114
f 1096 1886 1134
f 915 1329 931
f 806 1980 1981
f 3533 3529 584
f 1425 2030 2042
f 1018 2042 1948
f 3562 1896 740
f 1948 2042 649
f 1881 1882 1990
f 1900 129 130
f 992 995 994
f 923 927 925
f 3878 2045 2047
f 1643 2048 625
f 2050 2052 2051
f 2045 1405 1404
f 3876 2047 945
f 1139 1080 1079
f 1037 1856 892
f 2055 2053 2057
f 1198 989 718
f 1619 2058 1612
f 2058 1605 1606
f 2059 2060 1607
f 2058 1619 1624
f 71 72 179
f 405 406 1557
f 322 1548 1972
f 2061 2052 2063
f 2066 2065 2067
f 2052 2061 2064
f 1609 1610 2066
f 1515 151 152
f 1009 827 993
f 1644 3843 3815
f 279 1915 1916
f 1285 3863 3862
f 1647 2066 1825
f 2056 2057 2067
f 319 320 1953
f 667 666 1913
f 2070 631 625
f 2052 2050 2055
f 2038 1654 1655
f 1606 1601 2073
f 1235 1917 1270
f 2072 2073 2075
f 2059 1606 2072
f 2074 2075 2077
f 1601 1602 2078
f 2049 2048 1643
f 1000 1004 1001
f 1089 943 684
f 1931 1286 1306
f 1462 1459 1021
f 1932 1933 1934
f 875 874 1846
f 1936 1051 1937
f 44 45 46
f 1534 1955 1956
f 1541 318 317
f 2081 2082 2084
f 146 1945 1959
f 1360 1941 1942
f 985 984 1032
f 1995 1997 1892
f 2079 2080 2082
f 2095 2096 2076
f 2081 2093 2078
f 2055 2050 2054
f 501 2096 2095
f 2097 2100 2099
f 2098 2099 2094
f 2140 2141 3893
f 2141 2046 3894
f 2051 2070 2048
f 592 2102 2101
f 2071 2064 2076
f 2102 2097 2098
f 593 2103 2102
f 1019 1895 746
f 1950 11 12
f 725 2071 2096
f 1385 2105 2104
f 1379 2104 2106
f 2107 2108 2100
f 3908 726 502
f 3896 502 499
f 940 1389 2109
f 928 929 1170
f 3868 590 684
f 1962 1963 1964
f 3878 680 573
f 2039 1993 1968
f 1389 1390 2110
f 1398 2111 2113
f 3757 3755 3753
f 3911 3883 2107
f 949 923 924
f 260 241 324
f 1390 1397 2113
f 2070 2051 2064
f 3867 3911 2103
f 2105 1385 1421
f 2114 1421 1423
f 3892 2114 2115
f 3908 2105 2114
f 554 2116 1902
f 972 1163 967
f 1765 1593 1573
f 1984 1985 1986
f 2053 2117 2069
f 3573 3556 724
f 1625 1677 1674
f 3881 3888 2119
f 3903 2115 2123
f 56 1954 1906
f 626 3877 3879
f 2001 2002 2003
f 3912 3841 2127
f 2006 2007 2008
f 2127 1413 1412
f 2014 2015 2016
f 2018 2019 2020
f 1495 1424 1947
f 1379 1377 1386
f 3814 3811 1680
f 2029 1885 1884
f 3902 2128 2120
f 629 3879 3914
f 682 683 943
f 724 1650 2121
f 1757 1819 3821
f 765 1810 3844
f 3851 714 715
f 706 707 3870
f 981 986 987
f 1457 1868 1656
f 2017 2016 2032
f 1458 1655 1868
f 1776 1777 1792
f 1959 1945 1946
f 3663 3715 3725
f 3913 3881 2122
f 1093 1089 689
f 966 965 968
f 3852 715 3881
f 2172 3577 2170
f 670 2138 2137
f 3761 787 1903
f 1429 19 28
f 964 963 978
f 3841 3813 1413
f 1473 1474 669
f 3834 3833 1359
f 2138 798 1870
f 1872 1473 2137
f 715 716 3888
f 1881 1991 1992
f 3843 3842 739
f 1837 1847 3513
f 253 58 59
f 1808 3837 3840
f 1647 3832 3818
f 3865 3866 671
f 2112 3882 3883
f 1405 2045 2044
f 3829 3824 1364
f 273 1541 391
f 576 632 3520
f 3875 3865 668
f 1430 1431 2140
f 2136 3850 3860
f 1430 2139 18
f 3893 3894 570
f 1442 1439 2046
f 1431 1442 2141
f 3869 3913 3850
f 3808 3823 1817
f 3866 3893 695
f 2142 2025 798
f 571 2143 2142
f 3819 3814 1618
f 2143 2022 2025
f 694 2142 2138
f 681 1572 2144
f 2144 2011 2022
f 328 210 457
f 1572 2010 2011
f 630 3892 3903
f 2085 2086 2087
f 2090 2091 2092
f 572 2144 2143
f 1875 1976 2153
f 1873 1875 2149
f 2103 2107 2097
f 2157 2043 2155
f 2128 1412 1414
f 3874 3871 589
f 3872 3870 628
f 2149 2153 2158
f 2159 2158 3905
f 698 3907 3902
f 3823 3847 3827
f 2158 2156 3874
f 1438 2044 2046
f 2035 2154 2160
f 2161 2160 3889
f 3871 3891 605
f 3873 17 18
f 370 29 61
f 649 1951 413
f 2153 2157 2156
f 1428 1429 1449
f 1490 76 73
f 3890 3905 710
f 2155 1891 3891
f 1456 1457 1880
f 2125 2088 2087
f 2160 2159 3890
f 300 1959 505
f 1064 1062 1046
f 2043 1892 1891
f 2129 2130 2004
f 2131 2132 2133
f 3848 3849 1450
f 1998 1975 804
f 3879 673 3864
f 474 492 490
f 1164 1165 1182
f 707 2162 3909
f 708 1472 2162
f 2162 2161 3886
f 548 549 1905
f 1145 1136 1114
f 705 2121 1650
f 2043 2157 1977
f 737 738 554
f 1034 1195 1191
f 458 1905 1907
f 195 196 232
f 2040 2039 1969
f 2145 2146 2147
f 2054 2050 2049
f 3832 1646 1639
f 9 12 11
f 252 364 506
f 472 478 479
f 1865 3924 3791
f 900 903 910
f 1941 2150 2151
f 1921 1928 1927
f 2163 1897 1898
f 271 156 153
f 1904 1326 12
f 282 263 264
f 1872 1873 2154
f 1326 1904 1897
f 628 692 693
f 1724 1722 1719
f 1549 1562 436
f 1582 1583 1730
f 1921 1920 1929
f 3563 3511 10
f 2152 2037 1950
f 475 772 774
f 769 2172 2171
f 2171 2165 476
f 476 773 772
f 1791 565 464
f 2166 2167 2168
f 595 371 372
f 483 1809 1641
f 762 2174 2173
f 771 483 484
f 486 487 1809
f 297 1549 1517
f 763 2175 2174
f 776 755 759
f 184 185 2176
f 412 447 303
f 2005 2176 185
f 3811 1681 1682
f 2164 2170 756
f 1472 2035 2161
f 950 951 964
f 2177 2178 2179
f 227 226 1510
f 2182 2183 2184
f 2186 2019 2018
f 1985 2182 2181
f 214 736 729
f 865 849 842
f 849 865 1357
f 559 3187 3188
f 16 13 737
f 560 553 498
f 3193 3196 3195
f 3200 3197 3198
f 3211 3214 3213
f 3215 3218 3217
f 2187 2188 2002
f 2169 2168 2189
f 2192 2086 2085
f 2193 2194 2195
f 2198 2199 2200
f 1998 1982 1979
f 3664 3665 3668
f 2116 1898 1903
f 1859 2006 2009
f 3904 2123 2126
f 1135 1148 1087
f 2201 2202 2015
f 1149 111 110
f 3221 3222 3218
f 2203 2204 2205
f 579 580 1895
f 1755 2207 2208
f 3891 3910 1893
f 1211 2151 2150
f 868 997 2210
f 944 945 930
f 2130 2129 2202
f 233 1903 1898
f 665 751 750
f 1167 1254 999
f 2211 2212 2213
f 2215 2216 2217
f 3867 593 590
f 2220 221 220
f 823 824 948
f 3225 3220 3227
f 266 204 455
f 3882 2108 2107
f 2221 2222 3519
f 2223 2224 2225
f 2207 2125 2124
f 673 674 3869
f 817 1000 996
f 2227 2228 2146
f 1947 1948 646
f 3900 2135 17
f 2229 1635 1638
f 1679 1613 1618
f 1637 2231 2232
f 2233 2234 1617
f 2231 2235 2236
f 1381 1638 2238
f 3586 2241 2242
f 1630 2234 2233
f 1681 1626 472
f 1408 1407 2243
f 3236 3239 3238
f 3232 3241 3240
f 1637 2230 2238
f 3237 3238 3233
f 1409 1408 1634
f 1380 1383 2247
f 1628 2248 2245
f 2249 1623 1622
f 1632 1634 1408
f 2248 1628 1631
f 2235 2231 1637
f 3245 3246 3199
f 631 2070 2071
f 515 167 52
f 782 781 2251
f 2253 2254 2255
f 397 281 459
f 1456 2039 2040
f 2040 2041 2036
f 1401 2112 2111
f 2041 2040 1970
f 1535 121 414
f 1586 1587 2080
f 2256 983 1132
f 1700 1699 3918
f 3815 1896 1686
f 1263 2256 1886
f 598 1841 844
f 2257 2258 2259
f 2258 2261 2262
f 2259 2262 2263
f 2260 2259 2216
f 1967 1971 1970
f 2212 1964 1963
f 922 921 2218
f 1312 1098 1101
f 1307 1306 1286
f 1548 1569 1546
f 2266 2267 2268
f 2265 2268 2270
f 2272 2265 2269
f 2273 2266 2265
f 2275 2276 2277
f 2278 2274 2277
f 2284 2285 3617
f 2287 2283 2286
f 2288 2289 2283
f 2290 2284 3639
f 2291 2292 2293
f 2295 2291 2294
f 2296 2297 2291
f 2297 2298 2292
f 2294 2293 2299
f 2279 2294 2300
f 2298 2301 2302
f 2292 2302 2303
f 2293 2303 2304
f 2304 2305 2306
f 2308 2309 2310
f 2302 2307 2310
f 2301 2311 2307
f 2312 2308 2307
f 2313 2314 2315
f 2318 2319 2320
f 3748 3771 2322
f 2324 2325 2273
f 2313 2324 2326
f 2328 2324 2313
f 2329 2325 2324
f 2331 2332 2333
f 2330 2333 2267
f 2325 2330 2266
f 2329 2331 2330
f 2333 2334 2335
f 2336 2334 2333
f 2338 2336 2332
f 2331 2339 2337
f 2329 2340 2339
f 2328 2341 2340
f 2316 2342 2341
f 2342 2316 2315
f 2344 2345 2346
f 2341 2344 2347
f 2342 2348 2344
f 2348 2349 2345
f 2350 2351 2352
f 2339 2350 2353
f 2340 2347 2350
f 2347 2346 2351
f 2337 2353 2354
f 2353 2352 2355
f 2356 2277 2276
f 2356 2357 2358
f 2356 2359 2296
f 2279 2277 2356
f 2360 2361 2270
f 2267 2335 2360
f 2362 2363 2364
f 2362 2365 2361
f 2366 2362 2358
f 2366 2367 2363
f 2357 2276 2368
f 2366 2368 2369
f 2276 2275 2370
f 2368 2370 2282
f 2372 2373 2374
f 2375 2376 2377
f 2378 2379 2380
f 2382 2378 2381
f 2384 2385 2378
f 2385 2386 2379
f 2388 2389 2390
f 2387 2390 2392
f 2393 2394 2387
f 2394 2395 2388
f 2186 2401 2402
f 2403 2404 2327
f 2272 2403 2326
f 2271 2405 2403
f 2405 2406 2404
f 2404 2407 2408
f 2409 2410 2411
f 2409 2412 2271
f 2413 2409 2269
f 2413 2414 2410
f 2417 2415 2416
f 2417 2418 2406
f 2412 2417 2405
f 2411 2415 2417
f 2406 2419 2407
f 3569 3520 632
f 2420 2398 2397
f 2420 2421 2423
f 2424 2420 2422
f 2424 2399 2398
f 2425 2391 2392
f 2421 2425 2426
f 2397 2396 2425
f 2396 2393 2391
f 2427 2314 2408
f 2430 2427 2428
f 2343 2315 2427
f 2432 2343 2430
f 2431 2430 2429
f 2435 2431 2433
f 2436 2432 2431
f 2428 2408 2407
f 2422 2437 2407
f 2438 2437 2422
f 2429 2428 2437
f 2440 2434 2433
f 2441 2439 2433
f 2442 2443 2439
f 2443 2444 2440
f 2445 2446 2444
f 2447 2445 2443
f 2383 2381 2445
f 2381 2380 2446
f 2448 2438 2423
f 2449 2448 2426
f 2441 2448 2449
f 2441 2429 2438
f 2449 2392 2390
f 2450 2390 2389
f 2447 2450 2451
f 2442 2449 2450
f 2451 2389 2453
f 2452 2453 2455
f 2382 2452 2454
f 2383 2451 2452
f 2456 2457 2373
f 2459 2460 2461
f 2463 2464 2465
f 2462 2465 2285
f 2466 2462 2284
f 2467 2463 2462
f 2461 2460 3703
f 2468 2469 2470
f 2472 2468 2471
f 2474 2461 3701
f 2475 2476 2477
f 2458 2455 2453
f 2479 2453 2389
f 2395 2480 2479
f 2480 2459 2458
f 2481 2482 2483
f 2484 113 2485
f 2471 2470 2464
f 2473 2471 2463
f 2487 2467 2466
f 2486 2466 2290
f 2490 2486 2488
f 2491 2487 2486
f 2492 2473 2467
f 2493 2492 2487
f 2494 2495 2492
f 2495 2472 2473
f 3690 2496 2474
f 3691 2497 2496
f 2498 2494 2493
f 2500 2498 2499
f 3700 3687 2498
f 3687 3691 2494
f 2306 2504 2278
f 2305 2505 2504
f 2504 2505 2507
f 2506 2507 2288
f 2274 2506 2508
f 2278 2504 2506
f 3633 3632 2489
f 3620 3633 2488
f 2507 2509 2289
f 2505 2510 2509
f 2508 2288 2287
f 2511 2287 2281
f 2370 2511 2280
f 2275 2508 2511
f 2512 2490 2489
f 2514 2512 2513
f 2517 2512 2514
f 2517 2491 2490
f 2499 2493 2491
f 2499 2517 2516
f 2510 2505 2519
f 2518 2519 2521
f 3616 2518 2520
f 3632 2510 2518
f 2522 2304 2303
f 2523 2522 2310
f 2305 2304 2522
f 2524 2522 2523
f 2519 2524 2525
f 2505 2305 2524
f 2308 2312 2527
f 2526 2527 2529
f 2531 2526 2528
f 2309 2308 2526
f 1214 2532 2151
f 2419 2406 2418
f 2533 2345 2349
f 2534 2533 2317
f 2535 2536 2533
f 2536 2346 2345
f 2537 2351 2346
f 2538 2537 2536
f 2539 2540 2537
f 2540 2352 2351
f 2312 2355 2541
f 2527 2541 2542
f 2543 2435 2434
f 2545 2543 2544
f 2319 2318 2543
f 2318 2436 2435
f 2514 2515 2548
f 2547 2548 2550
f 2552 2547 2549
f 2552 2516 2514
f 2520 2521 2554
f 2553 2554 2556
f 3590 2553 2555
f 3621 2520 2553
f 2523 2309 2531
f 2557 2531 2530
f 2525 2523 2557
f 2559 2557 2558
f 2554 2559 2560
f 2521 2525 2559
f 2561 2375 2007
f 2376 2562 2225
f 2564 2565 2566
f 2563 2566 338
f 2569 2563 2567
f 2570 2564 2563
f 2572 2573 2574
f 2571 2574 2576
f 2544 2571 2575
f 2544 2434 2572
f 2578 2570 2569
f 2579 2577 2569
f 2574 2577 2579
f 2573 2578 2577
f 2581 2582 2583
f 2584 2580 2583
f 3697 3675 2580
f 3676 2581 2580
f 2582 2516 2552
f 2583 2552 2551
f 2500 2501 2589
f 2590 2588 2589
f 3693 3695 2588
f 3695 3700 2500
f 2501 2516 2591
f 2592 2593 2594
f 2386 2385 2503
f 2596 2379 2386
f 2596 2374 2373
f 2599 2596 2597
f 2599 2380 2379
f 2600 2446 2380
f 2600 2599 2598
f 2603 2600 2601
f 2603 2444 2446
f 2604 2603 2602
f 2440 2604 2605
f 2444 2603 2604
f 2606 2582 2581
f 2606 2607 2590
f 2591 2516 2582
f 3676 2587 2456
f 3689 2456 2372
f 2478 2477 2608
f 2609 2610 2611
f 2564 2570 2613
f 2612 2613 2598
f 2457 2612 2597
f 2565 2564 2612
f 2614 2613 2570
f 2615 2614 2578
f 2602 2601 2614
f 2601 2598 2613
f 2572 2434 2605
f 2616 2605 2602
f 2573 2572 2616
f 1459 1016 1045
f 1265 1215 1079
f 1612 1608 1609
f 2067 2057 2069
f 1135 1109 1136
f 1938 1937 2618
f 95 548 458
f 2058 1607 1608
f 1454 1469 1445
f 655 2620 1048
f 722 1049 2621
f 1131 985 1033
f 562 1481 366
f 1723 1719 1725
f 1786 1123 1122
f 267 300 323
f 1325 2034 1654
f 1468 1165 1435
f 658 657 529
f 8 532 247
f 382 1557 1559
f 788 619 1307
f 940 930 929
f 911 2622 2623
f 2621 2620 655
f 2624 1857 2625
f 998 1846 27
f 635 638 2626
f 2627 641 644
f 2628 2627 1840
f 1200 1199 2627
f 1199 1773 641
f 1520 515 49
f 1452 1350 1349
f 2630 2631 1859
f 644 643 1335
f 1197 1198 717
f 2632 717 719
f 2628 2632 1166
f 2629 1197 2632
f 1762 2633 1050
f 1823 870 873
f 2634 2635 794
f 1042 794 2635
f 93 94 1901
f 2036 2038 1458
f 1527 332 1525
f 877 876 1274
f 134 409 797
f 1328 893 931
f 607 777 1091
f 1043 2635 2637
f 2636 2637 2639
f 1275 2636 2638
f 1275 1040 1043
f 1272 2624 2626
f 2640 2626 638
f 1110 2641 2640
f 536 1272 2640
f 1472 708 1474
f 2042 2030 1951
f 1058 1106 1105
f 2642 2623 2643
f 1192 2642 2644
f 912 2623 2642
f 3898 1657 3526
f 1049 1048 2620
f 616 1829 1885
f 1331 1913 666
f 990 989 1198
f 1911 1912 321
f 1298 1282 1205
f 76 1490 1504
f 1502 1500 421
f 610 609 658
f 1146 937 659
f 2646 911 914
f 1280 1239 1238
f 1453 1454 1452
f 835 942 1843
f 1271 1270 1173
f 1893 1878 1826
f 1050 2633 1937
f 2651 2652 814
f 1006 1053 1281
f 2653 1084 2654
f 1001 1004 1003
f 585 997 679
f 2624 1272 621
f 555 678 2028
f 1207 526 1197
f 1626 1627 478
f 426 389 419
f 1030 1193 1773
f 3898 645 634
f 534 1533 138
f 1125 1092 1042
f 333 228 88
f 569 1570 561
f 1489 2656 871
f 1857 2624 620
f 1673 1674 3770
f 622 861 864
f 619 788 891
f 261 544 545
f 393 1555 1556
f 2658 2659 2647
f 1075 2658 2657
f 1081 1080 2658
f 1080 1139 2659
f 2644 2643 1141
f 2660 1141 1140
f 642 2660 1336
f 1193 2644 2660
f 679 678 555
f 1503 1501 1500
f 1318 1317 1101
f 2661 2659 1139
f 2661 1142 2663
f 2662 2647 2659
f 2662 2663 2622
f 2664 2622 911
f 2648 2664 2646
f 2648 2647 2662
f 2083 2094 2093
f 1442 1440 1437
f 519 329 330
f 1885 2029 1209
f 799 800 805
f 1946 1943 1952
f 1302 1301 1253
f 566 2005 224
f 1389 940 928
f 683 682 681
f 836 835 1842
f 2665 1842 1845
f 2666 2665 1303
f 24 836 2665
f 831 1072 2650
f 1845 1844 1304
f 2010 2013 2012
f 1051 1936 2667
f 1522 1521 1511
f 531 440 441
f 1250 635 2625
f 2669 2625 1857
f 783 2669 1856
f 782 1250 2669
f 720 2670 2671
f 1055 1931 1930
f 1333 1067 1251
f 619 622 1308
f 652 655 2619
f 521 522 1539
f 1838 988 537
f 2672 537 536
f 1113 2672 2641
f 1113 527 1838
f 1016 1013 1351
f 3897 573 570
f 226 227 104
f 3564 3669 3827
f 1036 1037 1884
f 2674 1301 1304
f 2673 1304 1844
f 1334 2673 2675
f 1333 2674 2673
f 2676 702 1039
f 1843 2676 2675
f 942 1074 2676
f 1074 699 702
f 752 1057 1055
f 1200 1166 656
f 1120 1846 874
f 2677 874 877
f 1241 2677 1052
f 1119 1120 2677
f 1560 1513 151
f 1208 1316 611
f 215 735 736
f 1460 1459 1462
f 1208 1207 1839
f 854 856 1282
f 72 445 182
f 544 1563 1565
f 217 200 456
f 2047 1404 930
f 1204 2618 1937
f 913 777 686
f 840 527 1113
f 1531 729 730
f 2678 778 1283
f 601 667 1914
f 1537 1538 459
f 1819 1757 3509
f 991 1860 862
f 2679 711 1073
f 2680 1830 983
f 779 2680 2256
f 778 2678 2680
f 2678 2679 1830
f 180 542 245
f 1886 1132 1131
f 1138 1137 1274
f 1841 598 1140
f 75 313 314
f 193 423 420
f 2681 2682 1099
f 170 1567 1565
f 349 416 417
f 1121 1124 2684
f 547 797 409
f 123 122 121
f 2643 2663 1142
f 1542 1544 513
f 899 900 907
f 1210 677 676
f 791 663 982
f 24 27 837
f 893 896 932
f 1860 1320 863
f 535 538 862
f 1569 1548 1547
f 181 455 542
f 660 659 937
f 2013 567 568
f 887 890 2631
f 1524 1508 361
f 520 161 162
f 2653 855 854
f 1238 1237 2655
f 718 1838 527
f 1492 1493 518
f 792 616 615
f 599 846 1835
f 290 457 456
f 312 171 1552
f 1248 2687 1179
f 153 149 177
f 1240 1181 1222
f 1257 1292 1235
f 1291 1084 1083
f 1052 877 1277
f 743 742 2618
f 444 140 430
f 23 1224 1172
f 2687 2654 1180
f 102 103 409
f 1283 607 610
f 373 497 650
f 1180 2654 1084
f 855 2653 2655
f 1173 1270 1917
f 2689 850 853
f 2688 853 1108
f 2686 2688 1279
f 2687 2689 2688
f 2691 1302 1252
f 2690 1252 850
f 1248 2690 2689
f 1248 1247 2691
f 2692 617 24
f 2691 2692 2666
f 1247 1258 2692
f 1258 1168 617
f 394 1554 1555
f 2693 1260 1259
f 1072 1236 1262
f 1257 1071 1168
f 398 439 1555
f 871 1784 1314
f 1178 1232 1249
f 1224 1289 1173
f 1010 2617 2618
f 1175 1174 1292
f 2654 2687 2686
f 2694 1157 1216
f 71 418 1487
f 701 1112 1111
f 1072 1261 2649
f 1085 2695 22
f 895 2694 1264
f 1601 1606 1605
f 1259 1262 1271
f 21 20 1220
f 988 991 538
f 598 597 1336
f 1050 860 818
f 1298 2645 1761
f 1168 1167 618
f 858 1168 1256
f 39 242 516
f 2652 1761 819
f 313 316 315
f 2026 1970 1971
f 2656 1489 596
f 814 819 818
f 2696 2651 813
f 1260 2696 2649
f 2693 2697 2696
f 2697 1296 2651
f 381 355 390
f 3818 3819 1611
f 1475 1427 1428
f 1292 1174 1917
f 1551 353 354
f 1526 1525 1523
f 1593 1589 1595
f 1232 1269 1246
f 2695 2693 1223
f 2698 1297 1296
f 2698 2697 2693
f 2685 2698 2695
f 2685 854 1297
f 562 1497 271
f 2652 2651 1296
f 1365 1366 1364
f 1958 1946 1953
f 585 588 2210
f 1561 1560 1515
f 975 2648 1146
f 347 67 68
f 1038 1111 636
f 2700 781 780
f 2699 780 1036
f 2701 2699 1883
f 851 2700 2699
f 2674 1333 2251
f 2702 2251 781
f 1253 2702 2700
f 1301 2674 2702
f 1519 387 388
f 1273 1239 1280
f 2703 1280 1107
f 2701 2703 852
f 1829 1273 2703
f 91 260 326
f 1784 871 2656
f 2683 2684 2705
f 604 1894 3499
f 1669 3534 3548
f 2062 2063 2060
f 621 535 861
f 2023 731 732
f 686 779 1263
f 857 1051 2668
f 883 830 882
f 637 636 1111
f 2668 894 893
f 2667 921 894
f 1039 1038 1068
f 313 75 1504
f 1911 1972 305
f 1936 2706 1964
f 2707 2402 2401
f 2708 2707 2183
f 738 2163 2116
f 2349 2348 2432
f 2711 2712 2020
f 2400 2711 2019
f 2714 2715 2716
f 2717 2718 2719
f 2721 2722 2723
f 2726 2727 2728
f 2725 2728 2730
f 2731 2725 2729
f 2732 2726 2725
f 2734 2735 2736
f 2738 2739 2740
f 2737 2740 2741
f 2744 2745 2746
f 2745 2744 2748
f 2749 2750 2747
f 2753 2749 2751
f 2250 1380 2246
f 2754 1396 1614
f 3598 2754 2755
f 3608 2745 2747
f 1617 2756 2755
f 2242 2758 1620
f 2191 2085 2760
f 2761 2759 2760
f 3648 2759 2761
f 3623 2191 2759
f 3209 3248 3223
f 1395 1394 2236
f 1395 2235 1636
f 1616 1635 2229
f 1617 2234 2763
f 2756 2763 3628
f 2765 2763 2234
f 2766 2764 3628
f 3202 3199 3246
f 1516 437 435
f 2768 2769 3552
f 1495 541 578
f 2135 2136 28
f 3526 3540 2773
f 1690 1689 3926
f 2778 2779 2780
f 2777 2780 2781
f 2784 2778 2777
f 3555 3521 575
f 1494 1904 9
f 3529 2016 2015
f 451 61 505
f 2786 2787 2788
f 2779 2786 2785
f 2789 2752 2741
f 2790 2753 2752
f 2792 2793 2794
f 2793 2795 2796
f 2796 2797 2750
f 2794 2796 2749
f 2798 1393 1396
f 3591 2798 2754
f 2798 2799 2800
f 3591 3662 2799
f 2797 2796 2795
f 2791 2794 2753
f 216 233 232
f 3804 2806 2807
f 3805 2809 2804
f 2769 2810 3557
f 183 185 184
f 2811 2812 2775
f 2804 2811 2776
f 2809 2813 2811
f 2812 2811 2813
f 3805 2808 2816
f 3796 2818 2815
f 3798 3800 2820
f 3793 2823 2819
f 2824 2736 2735
f 2823 2825 2824
f 2825 2823 2826
f 3793 2822 2827
f 3796 2817 2826
f 2713 2716 2829
f 2828 2829 2831
f 2822 2821 2828
f 2821 2820 2713
f 2832 2827 2822
f 2833 2832 2830
f 2834 2835 2832
f 2835 2818 2827
f 2837 2838 2839
f 2836 2839 2841
f 2842 2836 2840
f 2843 2837 2836
f 2840 2841 2845
f 2718 2844 2845
f 2730 2728 2844
f 2727 2840 2844
f 2846 2845 2841
f 2829 2846 2847
f 2847 2841 2839
f 2848 2839 2838
f 2833 2848 2849
f 2831 2847 2848
f 2850 2814 2851
f 2853 2850 2852
f 2783 2777 2782
f 2785 2788 2853
f 2780 2785 2856
f 2857 2858 2855
f 2859 2857 2782
f 2861 2843 2842
f 2860 2842 2727
f 2862 2860 2726
f 2863 2861 2860
f 2861 2863 2858
f 2843 2861 2857
f 2856 2853 2854
f 2781 2856 2864
f 2837 2843 2859
f 2838 2837 2864
f 2852 2851 2834
f 2854 2852 2849
f 2865 2815 2818
f 2851 2865 2835
f 2813 2809 2815
f 2814 2813 2865
f 2866 2812 2814
f 2788 2866 2850
f 2866 2788 2787
f 2812 2866 2867
f 1892 1889 1890
f 2720 2719 2846
f 298 299 256
f 2872 2714 2713
f 3794 3800 2735
f 2729 2730 2874
f 2846 2716 2715
f 2876 2877 2878
f 2733 2875 2878
f 3806 3807 2879
f 3806 2880 2872
f 2882 2883 2884
f 2881 2884 2715
f 2880 2881 2714
f 2879 2882 2881
f 2885 2886 2887
f 2888 2889 2890
f 2885 2890 2892
f 2893 2886 2885
f 1942 2151 2532
f 2895 2892 2720
f 2884 2895 2870
f 2883 2896 2895
f 2896 2891 2892
f 2889 2874 2717
f 2890 2717 2720
f 2897 2893 2891
f 2898 2897 2896
f 2899 2898 2883
f 2900 2899 2882
f 3797 2900 2879
f 2876 2902 2901
f 2901 2902 2904
f 1785 2656 1835
f 2905 2906 2899
f 2907 2908 2897
f 3797 2901 2903
f 632 576 577
f 3532 3547 2867
f 434 385 550
f 2768 2770 3640
f 2910 2911 1623
f 2241 2912 2758
f 3640 2770 2913
f 1623 2911 2757
f 3587 2242 2757
f 2229 1381 1380
f 2765 1630 1629
f 2915 2914 1629
f 3642 3641 2914
f 3641 3622 2765
f 2919 2916 3642
f 2918 2915 2912
f 3614 2918 2241
f 3618 2919 3613
f 3541 2177 2180
f 3521 2002 2188
f 3705 3573 714
f 2925 2766 2917
f 2924 2917 2916
f 3610 2924 2919
f 3611 2925 2924
f 2926 2927 2766
f 3658 2926 2925
f 1715 1713 1705
f 785 497 498
f 1387 651 565
f 374 375 1899
f 3573 2203 2206
f 2929 2930 2886
f 2932 2933 2934
f 1905 1906 1908
f 2930 2935 2936
f 2938 2935 2930
f 1493 369 517
f 1603 1585 1586
f 2939 2938 2929
f 2940 2939 2908
f 3665 1707 1600
f 2886 2930 2937
f 2906 2907 2898
f 2908 2929 2893
f 2942 2934 2933
f 2941 2933 2937
f 3501 2941 2936
f 3498 2942 2941
f 2943 2944 2710
f 2943 2873 2874
f 2945 2943 2889
f 2946 2944 2943
f 2932 2945 2888
f 2931 2946 2945
f 727 1928 1929
f 2903 2904 2947
f 545 594 42
f 1480 1570 533
f 2907 2906 2949
f 2906 2905 2950
f 1558 452 215
f 3799 2903 2948
f 2054 1645 1644
f 3705 3684 2203
f 1828 1837 1849
f 2953 2954 2955
f 2952 2955 2957
f 2956 2261 2258
f 2953 2952 2258
f 2454 2455 2474
f 3747 2958 2959
f 3747 2132 2131
f 2961 2962 2963
f 2958 2963 2964
f 222 221 2485
f 2477 2226 2966
f 2631 2561 2006
f 2384 2454 2496
f 2967 2968 2959
f 2968 2967 2970
f 3759 2033 2971
f 3784 2971 2960
f 2972 2971 2033
f 2007 2377 2973
f 3560 3559 2134
f 1836 1833 1832
f 3506 2188 2090
f 955 810 959
f 672 675 674
f 633 710 713
f 2024 732 733
f 2025 2024 803
f 425 1552 1550
f 2975 2976 888
f 1319 1158 1157
f 1212 1935 2977
f 889 957 2228
f 1978 1974 1975
f 1138 1078 1329
f 751 665 2979
f 1619 1613 1625
f 2252 2255 1728
f 1157 1160 845
f 2706 1936 1938
f 2980 2255 2254
f 2982 2975 887
f 802 712 711
f 678 677 2029
f 527 840 690
f 1839 1207 2629
f 2983 2984 602
f 2983 1914 1913
f 2985 2983 1331
f 2986 2984 2983
f 2987 2637 2635
f 2985 2988 2639
f 2990 1319 1318
f 2991 2992 2993
f 2995 2991 2994
f 1106 1058 2991
f 1058 1057 2992
f 1415 1406 1365
f 1317 922 2217
f 1932 1728 2255
f 926 2998 2999
f 3001 2993 2992
f 3000 2992 1057
f 2999 3000 2978
f 2998 3001 3000
f 3002 2998 2209
f 3002 3003 2996
f 2993 3001 3002
f 1103 1106 2995
f 3004 2995 2996
f 2209 2210 3004
f 588 1103 3004
f 295 296 433
f 2638 2639 2988
f 3005 2988 1056
f 1305 3005 1930
f 1276 2638 3005
f 1987 1968 1993
f 2633 1762 1761
f 1423 1422 1417
f 3561 3517 739
f 2671 2670 2704
f 1473 1872 2035
f 922 1317 2694
f 1401 1400 1378
f 556 2028 1884
f 842 848 3825
f 1854 2706 2617
f 933 1082 1081
f 1440 1441 1436
f 529 657 719
f 1031 1025 1027
f 777 913 912
f 2645 1205 1204
f 441 438 1538
f 790 1287 587
f 2065 2066 1610
f 1860 991 990
f 60 106 87
f 1424 1017 1948
f 332 1527 1507
f 261 262 138
f 187 188 449
f 1719 1720 1726
f 1931 1055 1059
f 3006 1059 1105
f 1287 3006 1104
f 1286 1931 3006
f 3007 3008 3009
f 3009 3008 653
f 618 999 26
f 2029 677 1210
f 957 601 600
f 1049 2146 2228
f 2631 890 3011
f 890 889 2227
f 3011 2227 2145
f 2561 3011 3012
f 1026 656 609
f 2706 1854 1961
f 3013 2965 2485
f 2148 2147 1267
f 3015 1267 1266
f 2997 2264 1101
f 642 641 1773
f 186 477 461
f 1041 1040 1320
f 1121 3016 3017
f 2984 2986 2987
f 3018 2987 2634
f 1048 603 3018
f 603 602 2984
f 2679 2678 801
f 2062 2072 2074
f 2061 2074 2076
f 414 303 1545
f 3016 1121 2683
f 3019 2683 2704
f 3020 3019 2670
f 3007 3016 3019
f 1871 1090 1091
f 3021 1787 1122
f 3022 3021 3017
f 1314 3021 3022
f 1784 1787 3021
f 1316 1315 1763
f 3023 3022 3010
f 3023 3009 795
f 1763 3023 1092
f 1315 3022 3023
f 3016 3007 3010
f 752 751 2978
f 2986 2639 2637
f 3024 654 653
f 3020 3024 3008
f 720 723 3024
f 723 2621 654
f 2681 1098 1268
f 2671 3025 1268
f 2705 2681 3025
f 1313 3026 3027
f 3026 3028 3029
f 3027 3029 3030
f 1311 3027 3031
f 2012 568 731
f 917 2657 974
f 743 1206 856
f 1888 2027 2030
f 2682 2705 2684
f 3032 2684 1124
f 1100 3032 2989
f 1099 2682 3032
f 1123 2990 2989
f 3033 1834 1159
f 2990 3033 1158
f 1123 1786 3033
f 1786 1785 1834
f 1054 1056 2988
f 2979 665 664
f 2623 2622 2663
f 1095 660 688
f 3034 3035 2261
f 3036 3034 2956
f 3037 3038 3034
f 3038 3039 3035
f 3040 3041 3026
f 2263 3042 3041
f 3042 3039 3043
f 3041 3043 3028
f 3044 3045 3043
f 3046 3047 3045
f 3047 3048 3049
f 3043 3045 3049
f 3038 3037 3051
f 3050 3051 3053
f 3052 3046 3044
f 3039 3038 3050
f 3054 3035 3039
f 3042 2263 2262
f 2261 3035 3054
f 2216 2263 2997
f 2212 2211 2667
f 3056 868 2209
f 934 3057 1961
f 2013 3755 3757
f 3058 3059 3060
f 3059 3062 3063
f 3060 3063 2213
f 3061 3060 1963
f 3063 3064 2214
f 3062 3065 3064
f 3065 2257 2260
f 3064 2260 2215
f 3066 3067 3031
f 2608 2966 3067
f 2966 2562 3068
f 3031 3067 3068
f 2455 2458 2461
f 2476 2223 2226
f 3551 2090 2089
f 3526 2774 3769
f 433 354 355
f 2115 1423 1419
f 3509 2868 2922
f 3769 3737 2131
f 3069 2611 2167
f 2971 2972 2928
f 2961 2774 2773
f 3070 2475 2478
f 2610 2609 3071
f 2502 2371 2374
f 3072 2592 2595
f 2964 3046 3052
f 3048 2593 3074
f 2593 2592 3075
f 3075 3030 3029
f 3074 3029 3028
f 3072 3076 3075
f 3076 3072 2482
f 2481 2608 3066
f 3076 3066 3030
f 2967 3052 3053
f 2482 3072 3073
f 479 480 493
f 706 3900 3873
f 3561 2194 2221
f 2013 2010 3754
f 3533 2032 2016
f 3562 3519 2222
f 1171 1154 1155
f 2586 2566 2565
f 2982 110 113
f 2562 2376 3077
f 2376 2375 3012
f 3012 2145 2148
f 3077 2148 3015
f 2963 3047 3046
f 3051 3078 2970
f 1683 2173 491
f 3850 2122 1447
f 1986 2181 3734
f 3079 3080 2546
f 3081 3079 2575
f 1983 1986 3768
f 3082 2323 2319
f 3080 3082 2545
f 3734 3732 3082
f 3732 3748 2323
f 1309 1471 1888
f 3073 2595 2772
f 2760 3083 3084
f 2760 2085 2088
f 3085 3084 3086
f 3089 3085 3090
f 3089 2762 3084
f 3092 3088 3090
f 3093 2748 2744
f 2751 2747 2748
f 3093 2741 2752
f 2742 2741 3093
f 3094 3093 2743
f 3096 3097 3098
f 3099 3096 3087
f 3097 3094 3095
f 3100 2743 2746
f 3101 2927 3102
f 2764 2766 2927
f 2745 2764 3101
f 3102 3092 3091
f 3100 3091 3095
f 2869 2802 3592
f 3102 3103 3104
f 3658 2868 2869
f 2927 2926 3103
f 3098 3095 3091
f 3087 3098 3090
f 2088 2125 3105
f 3083 3105 3086
f 2483 3073 2771
f 2401 2186 2185
f 3099 3086 3105
f 2125 2207 3106
f 3108 2737 2742
f 3107 2742 3094
f 3110 3108 3107
f 3109 3107 3097
f 3111 3109 3096
f 3112 3110 3109
f 3113 2738 2737
f 3115 2723 2722
f 3117 3115 3114
f 3119 3117 3116
f 3118 3116 3120
f 3116 3114 3113
f 3122 3112 3111
f 3122 3123 1755
f 3124 3125 3126
f 3125 3118 3121
f 3128 3119 3118
f 3129 3128 3125
f 2020 2712 3128
f 3853 3857 1346
f 1065 1046 1047
f 1814 3838 3830
f 2021 2020 3129
f 3111 3099 3106
f 3123 3106 2207
f 2377 2225 2224
f 3014 2485 113
f 1756 2208 3782
f 3131 3132 2530
f 3133 3131 2528
f 1753 1756 3767
f 3134 3124 3127
f 2327 2408 2314
f 2436 2318 2317
f 2018 2021 3711
f 2534 3136 3137
f 2320 2322 3136
f 2185 2018 3712
f 3138 3139 2542
f 3134 3135 3744
f 3785 3130 3134
f 3140 3138 2539
f 2535 3137 3140
f 3711 2021 3130
f 2558 2530 3132
f 3782 3760 3141
f 2560 2558 3141
f 3760 3777 3142
f 958 888 2976
f 1933 1932 2980
f 2399 2424 2418
f 2348 2342 2343
f 2322 2320 2319
f 2718 2717 2874
f 2709 2729 2873
f 2894 2871 1361
f 346 289 176
f 1876 1877 1882
f 2802 2803 3607
f 3104 3144 3088
f 2974 2222 3649
f 3089 3145 2761
f 3088 3144 3145
f 2803 2974 3603
f 3870 3909 692
f 2123 1419 1418
f 1365 1363 1368
f 1581 1766 1782
f 3569 2202 2129
f 3555 2003 2002
f 3146 2585 2551
f 3751 3146 3147
f 3742 3149 3146
f 3149 2584 2585
f 3196 3198 3197
f 3604 2192 2191
f 3142 3150 2556
f 3777 3778 3150
f 3646 3152 2550
f 3150 3151 2555
f 3778 3780 3151
f 3788 3781 3152
f 3153 3147 2551
f 3152 3153 2549
f 3781 3776 3153
f 3776 3750 3147
f 3148 2767 2206
f 2183 2401 2321
f 2132 2960 2928
f 3684 3685 2204
f 3719 2198 2197
f 2594 2962 2773
f 2595 2594 2951
f 1870 798 799
f 3713 2179 2178
f 3706 2178 3736
f 336 3154 3774
f 339 3155 3154
f 3789 3683 3149
f 3683 3697 2584
f 2963 2962 3048
f 3722 3730 337
f 339 338 2566
f 3156 3157 2168
f 2610 3156 2167
f 2954 2953 3156
f 3157 3156 2953
f 3707 2166 2169
f 2567 3158 3159
f 337 3158 2567
f 3730 3069 2166
f 3764 2190 1983
f 2579 3160 3081
f 2568 3159 3160
f 3709 2169 2190
f 3065 3062 3162
f 3161 3162 1984
f 3157 3161 2189
f 2257 3065 3161
f 734 735 1922
f 3059 3058 2708
f 3163 2708 2182
f 3162 3163 1985
f 3062 3059 3163
f 3203 3206 3205
f 2122 2119 1448
f 3817 1686 1685
f 139 140 444
f 1570 569 566
f 2957 3164 3165
f 2955 3166 3164
f 1912 454 341
f 3130 3129 3124
f 1548 322 319
f 1949 1950 1327
f 2969 2970 3078
f 3167 3078 3169
f 3724 2014 2017
f 3720 2017 2033
f 3168 3169 3165
f 3170 3165 3164
f 3779 3170 3171
f 3724 3168 3170
f 3171 3164 3166
f 3172 3166 3071
f 3752 3172 3173
f 3756 3171 3172
f 3169 3037 3036
f 2593 3048 2962
f 3173 3071 2609
f 3174 2609 2199
f 3783 3174 2198
f 3749 3173 3174
f 2190 2189 1984
f 2196 2195 2767
f 2119 2120 1414
f 1464 1463 1466
f 2199 2611 3069
f 2457 2456 2587
f 2226 2225 2562
f 481 478 1627
f 333 1512 235
f 3078 3051 3037
f 3040 2264 2997
f 2219 1934 1933
f 2385 2384 2497
f 221 2220 3175
f 2220 1933 3143
f 3175 3143 2976
f 2484 3175 2975
f 2954 3071 3166
f 2630 1858 110
f 1547 319 1952
f 2091 2090 2188
f 3733 3736 2178
f 1918 1919 1927
f 3563 112 111
f 955 956 960
f 2037 3014 112
f 3143 2980 2981
f 2218 2211 2214
f 672 3877 3787
f 2152 3013 3014
f 1147 1144 1143
f 2248 2246 1409
f 1615 1636 1635
f 1410 1409 2246
f 3241 3243 3242
f 1382 3176 3177
f 3177 1410 2247
f 2247 1383 3177
f 3176 2238 2230
f 1410 3177 3179
f 3179 3180 2243
f 1633 3181 2800
f 1621 1620 2758
f 1622 1621 2245
f 2236 1394 3181
f 2237 2236 3182
f 2250 1631 2233
f 2912 1629 1628
f 135 136 1564
f 1567 419 512
f 1085 1084 2653
f 3184 869 868
f 869 3184 3057
f 1266 1268 1098
f 1267 2147 722
f 937 1146 2646
f 2146 1049 722
f 2211 2218 921
f 1957 510 507
f 1313 1312 2264
f 1496 362 1493
f 2887 2937 2933
f 1687 1688 1659
f 145 1499 1498
f 37 38 418
f 1935 1934 3185
f 104 89 301
f 2101 2098 2083
f 543 298 360
f 1934 2219 3186
f 234 1521 212
f 3845 3821 1822
f 1976 1875 1874
f 223 3186 2219
f 3655 3656 3605
f 2165 2164 467
f 467 468 2165
f 773 476 2165
f 1935 1212 1728
f 3240 3225 3226
f 3261 3249 3250
f 3215 3216 3244
f 3265 3221 3215
f 3267 3245 3198
f 3205 3206 3269
f 3214 3211 3265
f 3271 3213 3214
f 3251 3252 3239
f 3222 3221 3266
f 3232 3235 3234
f 3216 3242 3243
f 3196 3193 3268
f 3244 3243 3254
f 3238 3239 3247
f 3264 3244 3255
f 3253 3242 3216
f 3211 3266 3221
f 3257 3217 3218
f 3258 3222 3272
f 3274 3275 3280
f 3228 3229 3262
f 3275 3231 3281
f 3226 3227 3273
f 3236 3263 3260
f 3281 3263 3236
f 3287 3271 3192
f 3235 3226 3280
f 3234 3280 3281
f 3288 3290 3259
f 3260 3250 3276
f 3289 3212 3278
f 3210 3209 3224
f 3199 3202 3201
f 3228 3231 3230
f 3290 3288 3285
f 3282 3279 3271
f 3260 3263 3262
f 3243 3241 3268
f 3267 3268 3241
f 3194 3207 3208
f 3191 3270 3269
f 3270 3191 3192
f 3275 3274 3230
f 3264 3269 3270
f 3252 3251 3276
f 3248 3252 3291
f 3213 3271 3279
f 3272 3266 3289
f 3277 3278 3212
f 3228 3263 3281
f 3220 3225 3253
f 3219 3253 3217
f 3256 3218 3222
f 3247 3239 3252
f 3245 3267 3232
f 3266 3211 3212
f 3208 3205 3255
f 3288 3289 3284
f 3204 3205 3208
f 560 1899 3187
f 3209 3210 3201
f 3189 3192 3191
f 448 1980 807
f 647 648 122
f 1833 1848 1780
f 510 509 508
f 3210 1949 1887
f 1887 15 3200
f 15 16 3197
f 16 3188 3195
f 3195 3188 3187
f 3194 3187 1899
f 3207 1899 375
f 387 173 126
f 3189 1791 1760
f 3577 763 757
f 763 3577 2172
f 3583 3582 3580
f 3581 3580 3579
f 3594 3597 3596
f 3400 3601 3602
f 3626 3624 3625
f 3631 3635 3599
f 3636 3637 3595
f 3647 3584 3588
f 3650 3582 3584
f 3653 3579 3580
f 3653 2176 3654
f 1801 1864 3656
f 3651 3580 3582
f 3644 3638 3595
f 1767 1768 3659
f 1597 3663 3661
f 1708 1707 3665
f 3671 3668 3667
f 3666 3667 3673
f 1588 1708 3664
f 2080 3671 3666
f 2082 3666 3672
f 3674 3677 3635
f 3677 3678 3636
f 3682 3647 3645
f 3692 3651 3650
f 3681 3645 3644
f 786 3694 3692
f 3694 3653 3651
f 785 3692 3686
f 497 3686 3682
f 650 3682 3681
f 3696 564 3681
f 3405 3606 3605
f 3702 3699 3678
f 3699 3698 3679
f 3645 3588 3638
f 1799 3657 3659
f 3708 3704 3458
f 3462 3710 3708
f 3714 463 564
f 3615 3606 3602
f 3710 3714 3696
f 3635 3636 3596
f 3629 3626 3627
f 3597 3600 3599
f 3630 3716 3715
f 3627 3625 3597
f 3717 3716 3723
f 3715 3663 3660
f 3716 3717 3725
f 3668 3665 3661
f 3668 3725 3717
f 3667 3717 3718
f 3727 3728 3673
f 3728 1576 3672
f 3726 3727 3718
f 1576 2101 2084
f 3727 3726 3731
f 3203 376 1387
f 3190 1387 1791
f 3283 2152 1949
f 317 240 259
f 2000 2176 3653
f 3601 3599 3600
f 3589 3588 3584
f 3577 758 756
f 3585 3584 3582
f 3678 3679 3637
f 3204 375 376
f 1801 3655 3657
f 3729 3735 3728
f 1575 3735 3738
f 3735 1575 1576
f 1776 1795 1796
f 1293 1294 1290
f 1326 14 1327
f 1294 1245 1234
f 878 1244 1330
f 497 373 374
f 122 648 413
f 3699 3702 3704
f 3606 3405 3401
f 3708 3710 3698
f 3464 3714 3710
f 3704 3674 3443
f 439 398 399
f 1512 1528 1526
f 1668 1741 1738
f 839 849 1362
f 1362 1357 826
f 3843 740 1896
f 2053 2054 2118
f 3888 3887 2120
f 696 697 3816
f 1826 1878 639
f 3740 3739 3729
f 956 885 886
f 1980 806 1922
f 33 34 105
f 1343 1344 3856
f 3907 2127 2128
f 1766 1581 1582
f 14 1326 2163
f 595 98 99
f 3233 3238 3246
f 1346 1035 1044
f 748 1888 1425
f 3193 3208 3254
f 3190 3191 3206
f 3612 3605 3606
f 3624 3612 3615
f 3631 3415 3443
f 3679 3680 3644
f 3686 3650 3647
f 3702 3677 3674
f 3625 3615 3600
f 3601 3400 3415
f 3739 3738 3735
f 3630 3627 3594
f 3741 3723 3716
f 1284 1290 1288
f 3698 3696 3680
f 1778 1781 1780
f 1792 1759 1584
f 695 570 571
f 3638 3741 3594
f 3741 3638 3588
f 3247 3248 3209
f 3292 3293 3294
f 3296 3297 3298
f 3299 3298 3300
f 3302 3303 3304
f 3306 3307 3308
f 3307 3310 3311
f 3303 3302 3301
f 3312 3305 3304
f 3314 3315 3316
f 3318 3319 3320
f 3324 3318 3321
f 3326 3327 3328
f 3329 3330 3331
f 3333 3334 3335
f 3337 3338 3339
f 3333 3336 3341
f 3342 3341 3343
f 3319 3345 3344
f 3338 3335 3334
f 3346 3301 3302
f 3305 3348 3347
f 3312 3224 3223
f 3350 3337 3340
f 3312 3349 3348
f 3352 3343 3341
f 3311 3353 3354
f 3341 3336 3327
f 3359 3360 3361
f 3360 3359 3250
f 3318 3363 3345
f 3364 3363 3318
f 3314 3364 3324
f 3366 3299 3301
f 3299 3366 3367
f 3308 3354 3368
f 3369 3317 3295
f 3317 3369 3364
f 3370 3295 3317
f 3325 3371 3365
f 3352 3320 3319
f 3296 3367 3353
f 3297 3296 3311
f 3363 3368 3354
f 3345 3354 3353
f 3344 3353 3367
f 3366 3333 3342
f 3347 3339 3334
f 3339 3347 3348
f 3348 3349 3351
f 3363 3364 3369
f 3294 3309 3368
f 3293 3306 3309
f 3331 3373 3374
f 3346 3334 3333
f 3323 3322 3352
f 3356 3355 3321
f 3355 3357 3325
f 3357 3358 3371
f 3322 3356 3320
f 3361 3330 3329
f 3373 3372 3375
f 3374 3375 3376
f 3329 3332 3376
f 3327 3375 3372
f 3336 3335 3375
f 3335 3338 3376
f 3376 3338 3337
f 3337 3350 3359
f 3359 3350 3276
f 3377 3292 3295
f 3277 3316 3315
f 3371 3378 3379
f 3378 3371 3358
f 3365 3379 3315
f 3316 3277 3279
f 3282 3377 3370
f 3313 3283 3224
f 3378 3285 3284
f 3380 3286 3285
f 3379 3284 3278
f 3276 3350 3351
f 3291 3351 3349
f 3313 3304 2965
f 2965 3304 3303
f 222 3303 3300
f 223 3300 3298
f 3298 3297 3185
f 3297 3310 2977
f 3310 3307 1213
f 3307 3306 1214
f 2532 1214 3306
f 2894 2532 3293
f 2871 2894 3292
f 3253 3225 3240
f 3283 3313 3013
f 1997 1996 1889
f 1237 745 744
f 1535 1534 120
f 1531 1532 201
f 1119 1241 1032
f 946 948 824
f 163 8 5
f 3589 3726 3723
f 1155 1156 1162
f 427 213 327
f 553 1902 796
f 3381 2232 2231
f 3381 3178 2230
f 2237 3183 3180
f 3383 3384 3385
f 3384 3386 3387
f 3386 3388 3389
f 3388 3390 3391
f 3392 3393 3394
f 3395 3394 3396
f 3398 3399 3397
f 3400 3401 3399
f 3403 3404 3405
f 3406 3407 3404
f 3408 3409 3407
f 3410 3411 3409
f 3412 3413 3411
f 3415 3400 3398
f 3414 3398 3396
f 3416 3396 3394
f 3417 3394 3393
f 3393 3419 3420
f 3419 3390 3421
f 3390 3388 3422
f 3388 3386 3423
f 3386 3384 3424
f 3384 3383 3425
f 3425 3383 3426
f 2904 3427 3428
f 3429 3427 2904
f 3430 3429 2902
f 2875 3431 3430
f 3432 3433 2733
f 2825 3434 3435
f 3437 3438 3439
f 3441 3437 3436
f 2724 2723 3434
f 3436 3439 3115
f 3440 3436 3117
f 3443 3415 3414
f 3442 3414 3416
f 3444 3416 3417
f 3445 3417 3418
f 3446 3418 3420
f 3420 3421 3448
f 3421 3422 3449
f 3422 3423 3450
f 3423 3424 3451
f 3424 3425 3452
f 3425 3184 3056
f 3451 3452 2253
f 3450 3451 2252
f 3449 3450 1727
f 3448 3449 2150
f 3453 3447 3448
f 3454 3446 3447
f 3455 3445 3446
f 3456 3444 3445
f 3442 3444 3456
f 3443 3442 3457
f 3459 3460 3458
f 3457 3456 3455
f 3459 3455 3454
f 3462 3460 3459
f 3461 3454 3453
f 3464 3462 3461
f 3463 3453 1941
f 3404 3399 3401
f 3407 3397 3399
f 3409 3395 3397
f 3411 3392 3395
f 3465 3466 3413
f 3467 3468 3469
f 3465 3412 3431
f 3470 3467 3466
f 3438 3470 3432
f 3467 3470 3438
f 3468 3467 3437
f 3471 3469 3468
f 3472 3468 3441
f 3473 3441 3440
f 2712 3440 3119
f 3475 3471 3472
f 3474 3472 3473
f 3476 3473 2712
f 3477 3476 2711
f 3478 3474 3476
f 3479 3475 3474
f 3392 3411 3413
f 3466 3469 3480
f 3419 3393 3392
f 3390 3419 3480
f 3469 3471 3391
f 3389 3391 3471
f 3387 3389 3475
f 3385 3387 3479
f 3482 3477 2400
f 3483 3478 3477
f 3481 3479 3478
f 3484 3482 2402
f 3058 3484 2707
f 3061 3485 3484
f 3485 3483 3482
f 3382 3385 3481
f 3486 3481 3483
f 3426 3383 3382
f 3487 3382 3486
f 3486 3485 3061
f 1961 3057 3487
f 3057 3184 3426
f 3428 3403 3402
f 3427 3406 3403
f 3429 3408 3406
f 3430 3410 3408
f 3431 3412 3410
f 3470 3465 3433
f 3434 3439 3438
f 2723 3115 3439
f 2875 2733 3433
f 2736 2824 3435
f 2947 3428 3488
f 3464 3463 1360
f 1900 1925 1924
f 1736 1717 1718
f 1955 1952 1943
f 1671 1738 1735
f 1696 1750 1698
f 1800 1865 1864
f 2063 2055 2056
f 1737 1734 1717
f 1751 1735 1697
f 943 3885 3899
f 3656 3488 3402
f 1577 1578 1764
f 3917 1598 1599
f 1945 146 82
f 68 6 7
f 147 1542 1543
f 1109 1135 1133
f 1503 1910 1907
f 1499 1501 1909
f 452 1922 735
f 1824 2068 3835
f 1825 2067 2068
f 1463 1462 1022
f 841 1012 1009
f 1568 1547 1955
f 1910 1503 1502
f 1939 1502 422
f 309 280 1940
f 1804 1851 1866
f 269 1482 1954
f 2065 1607 2060
f 3812 1685 1758
f 280 276 552
f 1875 1873 1869
f 1739 1721 1734
f 1778 1779 1790
f 310 1920 1915
f 1909 1908 1906
f 1789 1783 1778
f 978 981 980
f 1584 1759 1731
f 425 426 311
f 148 1543 115
f 2044 3897 3894
f 277 1910 1939
f 1943 1946 1945
f 1461 1462 1463
f 2253 3452 3056
f 2981 2254 3489
f 2209 2998 3489
f 2254 2253 3055
f 2998 926 958
f 2826 2817 2721
f 3490 2739 2721
f 2816 3491 3490
f 2334 2297 2296
f 2298 2297 2334
f 2301 2298 2336
f 2311 2301 2338
f 2312 2311 2354
f 2359 2358 2361
f 2335 2296 2359
f 2414 2413 2365
f 2413 2270 2361
f 2355 2352 2540
f 2541 2540 2539
f 2722 2721 2739
f 3114 2722 2738
f 3110 3112 3121
f 3108 3110 3120
f 3122 1754 3127
f 3112 3122 3126
f 3127 1754 1753
f 3139 3133 2529
f 3744 3775 3133
f 3490 2789 2740
f 3491 2790 2789
f 228 229 91
f 245 244 243
f 248 7 247
f 2 297 296
f 145 146 300
f 327 213 210
f 329 332 331
f 239 241 240
f 373 376 375
f 178 177 176
f 1218 1225 1228
f 3862 1231 1295
f 808 809 824
f 3858 3859 1013
f 3813 3810 1411
f 2154 2149 2159
f 3845 3835 1758
f 306 807 1922
f 2157 2153 1976
f 708 709 2031
f 1450 1226 1227
f 1672 1604 1605
f 1813 1814 1821
f 1717 1716 1715
f 176 159 402
f 1710 1705 3916
f 1712 1580 1577
f 1705 1713 1711
f 971 978 979
f 822 823 1094
f 2909 2810 2793
f 2810 2769 2795
f 2799 2910 2249
f 3662 3643 2910
f 2769 2768 2801
f 3177 3176 3178
f 3178 3381 3180
f 3181 1394 1393
f 3181 1633 1632
f 3182 1632 2244
f 3183 2244 2243
f 3492 2791 2790
f 2808 3492 3491
f 2239 3574 3572
f 1149 1150 3571
f 1150 2009 3567
f 2202 3569 3566
f 2921 3564 3565
f 3568 3560 2133
f 1777 1579 1759
f 1201 1196 1183
f 3561 3554 2195
f 3553 3576 2770
f 3927 3925 1687
f 1516 152 154
f 3549 3562 2974
f 3550 3548 2779
f 2771 2772 3575
f 3070 2771 3546
f 3547 3544 2775
f 1376 1375 1370
f 2767 3543 3556
f 2195 3554 3543
f 2775 3544 3542
f 3377 3282 3545
f 3804 3802 3539
f 2776 3542 3538
f 2240 3572 3535
f 2920 3535 3669
f 3548 3534 2786
f 1805 1850 1851
f 3534 3532 2787
f 2951 2773 3540
f 2772 2951 3531
f 2973 2224 3530
f 2224 2223 3537
f 1957 1953 320
f 306 305 304
f 2770 3576 3528
f 2913 3528 3574
f 2923 3565 3527
f 308 1940 431
f 207 208 132
f 1879 1876 1881
f 3733 3787 3525
f 2475 3070 3558
f 2476 2475 3524
f 2223 2476 3523
f 3522 3549 2803
f 2037 3563 11
f 1959 1958 450
f 2003 3555 3520
f 9 10 334
f 2009 2008 3518
f 2008 2973 3536
f 3877 672 673
f 3515 3550 2778
f 2935 3514 3513
f 111 1149 3570
f 3510 3514 2935
f 683 3876 3885
f 3508 3557 2810
f 736 733 732
f 1795 1804 1803
f 3505 3510 2938
f 3507 3505 2939
f 2950 3512 3504
f 2940 2949 3504
f 3801 3791 3512
f 2868 3509 3502
f 2869 3502 3522
f 1024 1034 1023
f 3500 3503 2948
f 551 1939 442
f 2972 3499 3568
f 2032 3533 3499
f 216 93 1924
f 203 202 201
f 1828 1848 1847
f 1958 1957 449
f 272 271 178
f 2871 3545 3495
f 3619 3669 3564
f 2801 2768 3643
f 2005 3758 3654
f 960 886 899
f 3657 3655 3612
f 3780 3788 3646
f 3151 3646 3593
f 2193 3604 3623
f 3607 3603 3145
f 3603 3649 2761
f 3592 3607 3144
f 2926 3658 3634
f 3634 3592 3104
f 3755 3754 3746
f 566 567 3758
f 3488 3656 1864
f 1602 1586 2079
f 2868 3658 3611
f 2922 3611 3610
f 2923 3610 3618
f 3670 3613 2918
f 3619 3670 3614
f 2921 3618 3670
f 2920 3614 3586
f 3613 3642 2915
f 2917 2766 3622
f 2916 2917 3641
f 2239 3587 3652
f 2911 3640 3652
f 3643 3640 2911
f 2797 2801 3662
f 2797 3591 3598
f 3622 3628 2763
f 3608 3628 2764
f 2194 3623 3648
f 2221 3648 3649
f 2756 3608 3609
f 2750 3598 3609
f 3669 3535 1817
f 3763 3770 1691
f 2515 3621 3590
f 2548 3590 3593
f 2513 2489 3632
f 2513 3616 3621
f 2509 3633 3620
f 2510 3632 3633
f 2289 3620 3639
f 2283 3639 3617
f 2240 3586 3587
f 3659 3657 3624
f 716 2121 3887
f 727 1999 3761
f 2165 2171 2170
f 3660 3659 3626
f 3743 3581 3578
f 2175 2172 769
f 2100 500 2095
f 3758 567 3757
f 640 3560 3568
f 1653 3576 3553
f 1895 3536 3530
f 746 3530 3537
f 1653 1810 3528
f 3762 1603 1604
f 2093 2075 2073
f 959 996 995
f 962 899 919
f 1400 1401 1398
f 1000 817 1127
f 956 959 884
f 1662 3548 3550
f 2034 3558 3546
f 3926 1689 3539
f 3535 3572 766
f 3572 3574 765
f 334 3570 3571
f 1868 3531 3540
f 1684 1651 1652
f 1682 1683 775
f 1585 1603 3762
f 3763 3762 1672
f 2173 2174 490
f 1658 3544 3547
f 3556 3543 1650
f 1571 3754 2010
f 1587 3664 3671
f 2099 2095 2077
f 787 3761 1999
f 2000 3694 786
f 3155 339 3697
f 3713 3155 3683
f 2180 2179 3685
f 3496 2180 3684
f 1684 3846 3840
f 1760 464 3495
f 2607 3689 3693
f 2581 3676 3689
f 2371 2502 3700
f 2371 3695 3693
f 2587 3676 3675
f 2586 3675 3697
f 2497 3691 3687
f 2502 2503 3687
f 2494 3691 3690
f 3690 3688 2472
f 3688 3701 2468
f 3701 3703 2469
f 726 3908 3892
f 581 3567 3518
f 10 3511 3570
f 1837 3514 3510
f 741 3537 3523
f 1299 3524 3558
f 1851 3507 3504
f 3527 3565 1820
f 580 3518 3536
f 1758 1685 3522
f 1693 3557 3508
f 3504 3512 1867
f 1894 1826 3568
f 2126 1418 3813
f 3906 2126 3841
f 2113 3911 3867
f 2179 3713 3789
f 624 3903 3904
f 2192 3604 3788
f 2177 3541 3787
f 1364 3824 3833
f 3858 3855 1470
f 3135 1753 3775
f 2069 3812 3835
f 1351 3861 3853
f 2108 3882 3901
f 2089 2092 3736
f 3828 3834 1358
f 2001 3749 3783
f 2187 3783 3719
f 2130 3756 3752
f 2004 3752 3749
f 2014 3724 3779
f 2201 3779 3756
f 3167 3720 3759
f 3168 3724 3720
f 3159 3709 3764
f 3160 3764 3765
f 3730 3707 3158
f 3158 3707 3709
f 2200 3069 3730
f 3685 3789 3742
f 3722 3774 2197
f 3790 3736 2092
f 3774 3790 3721
f 3154 3706 3790
f 3155 3713 3706
f 2091 3719 3721
f 2196 3148 3750
f 2193 2196 3776
f 3604 2193 3781
f 2086 2192 3780
f 2087 2086 3778
f 2204 3742 3751
f 2205 3751 3750
f 3909 3886 574
f 2124 2087 3777
f 2208 2124 3760
f 3711 3785 3140
f 3785 3745 3138
f 3745 3744 3139
f 3771 3712 3136
f 3712 3711 3137
f 3775 3767 3131
f 3767 3782 3132
f 1813 3839 3838
f 1293 3854 3856
f 2184 2321 3748
f 2181 2184 3732
f 3765 3768 3079
f 3768 3734 3080
f 709 3873 3875
f 2774 2961 3737
f 3786 3769 2134
f 3809 3808 766
f 2968 3784 3766
f 2969 3759 3784
f 2958 3747 3737
f 2132 3747 3766
f 2321 2185 3771
f 3860 3848 1449
f 3905 3874 582
f 3886 3889 577
f 3847 3826 1818
f 705 3902 3887
f 3816 3912 3907
f 2111 3883 3911
f 3810 3829 1366
f 1812 3839 3822
f 675 3851 3852
f 3496 3705 3851
f 2110 3867 3868
f 2104 3896 3901
f 2109 3868 3899
f 3842 3831 703
f 1680 3811 3846
f 1639 1627 3819
f 623 3904 3906
f 2139 2140 3866
f 1808 1640 3844
f 3820 3821 1819
f 3872 3914 3900
f 1646 3832 3830
f 3889 3890 633
f 2139 3865 3875
f 2156 2155 3871
f 674 3852 3913
f 2117 3817 3812
f 1815 3822 3847
f 3855 3849 1444
f 697 3906 3912
f 866 842 3836
f 3864 3869 2136
f 3585 3731 3726
f 3583 3740 3731
f 3753 3746 3738
f 3740 3583 3581
f 1088 3738 3746
f 3739 3740 3743
f 2791 3492 3493
f 3492 2808 2807
f 2792 3493 3494
f 3493 2807 2806
f 3508 2909 3494
f 3516 3494 2806
f 2948 3503 3791
f 2105 3908 3896
f 3538 3802 3804
f 680 3878 3876
f 1891 1890 3910
f 2905 3799 3801
f 2900 3797 3799
f 2901 3797 3807
f 2734 2878 3806
f 2877 3807 3806
f 2820 3800 3794
f 2818 3796 3792
f 2823 3793 3792
f 2822 3793 3798
f 2819 2735 3800
f 2817 3796 3795
f 2809 3805 3795
f 2808 3805 3803
f 2805 3804 3803
f 1702 3921 3923
f 3922 3920 1797
f 3915 3916 1706
f 3918 3927 1692
f 1657 3898 3880
f 1890 1877 3895
f 3772 3770 1674
f 1689 1690 3772
f 3926 3802 3538
f 3516 3539 1689
f 3917 3923 1703
f 1598 3917 3928
f 3880 3884 1876
f 1691 1690 3925
f 3925 3926 1688
f 3934 3933 3937
f 3934 3938 3939
f 3932 3936 3937
f 3938 3942 3943
f 3937 3936 3940
f 3937 3941 3942
f 3942 3946 3947
f 3941 3940 3944
f 3942 3941 3945
f 3947 3946 3950
f 3944 3948 3949
f 3945 3949 3950
f 3950 3954 3955
f 3949 3948 3952
f 3950 3949 3953
f 3955 3954 3958
f 3953 3952 3956
f 3953 3957 3958
f 3959 3958 3962
f 3957 3956 3960
f 3958 3957 3961
f 3962 3966 3967
f 3960 3964 3965
f 3961 3965 3966
f 3966 3970 3971
f 3965 3964 3968
f 3966 3965 3969
f 3970 3974 3975
f 3968 3972 3973
f 3969 3973 3974
f 3974 3978 3979
f 3973 3972 3976
f 3974 3973 3977
f 3979 3978 3982
f 3976 3980 3981
f 3977 3981 3982
f 3982 3986 3987
f 3981 3980 3984
f 3982 3981 3985
f 3987 3986 3990
f 3984 3988 3989
f 3985 3989 3990
f 3991 3990 3994
f 3989 3988 3992
f 3990 3989 3993
f 3995 3994 3998
f 3992 3996 3997
f 3993 3997 3998
f 3998 4002 4003
f 3997 3996 4000
f 3998 3997 4001
f 4002 4006 4007
f 4000 4004 4005
f 4001 4005 4006
f 4006 4010 4011
f 4005 4004 4008
f 4006 4005 4009
f 4011 4010 4014
f 4008 4012 4013
f 4009 4013 4014
f 4014 4018 4019
f 4013 4012 4016
f 4014 4013 4017
f 4019 4018 4022
f 4016 4020 4021
f 4017 4021 4022
f 4023 4022 4026
f 4021 4020 4024
f 4022 4021 4025
f 4027 4026 4030
f 4024 4028 4029
f 4025 4029 4030
f 4031 4030 4034
f 4029 4028 4032
f 4030 4029 4033
f 4034 4038 4039
f 4032 4036 4037
f 4033 4037 4038
f 4038 4042 4043
f 4037 4036 4040
f 4038 4037 4041
f 4043 4042 4046
f 4040 4044 4045
f 4041 4045 4046
f 4046 4050 4051
f 4045 4044 4048
f 4046 4045 4049
f 4051 4050 4055
f 4048 4053 4054
f 4049 4054 4055
f 4056 4055 4059
f 4053 4057 4058
f 4055 4054 4058
f 4060 4059 3934
f 4058 4057 3932
f 4058 3933 3934
f 4069 4068 4081
f 4066 4079 4080
f 4065 4064 4077
f 4063 4062 4075
f 4071 4084 4085
f 4069 4082 4083
f 4067 4080 4081
f 4066 4065 4078
f 4063 4076 4077
f 4061 4074 4075
f 4072 4085 4086
f 4071 4070 4083
f 4076 4089 4090
f 4074 4087 4088
f 4086 4085 4098
f 4083 4096 4097
f 4082 4081 4094
f 4079 4092 4093
f 4078 4077 4090
f 4076 4075 4088
f 4085 4084 4097
f 4082 4095 4096
f 4080 4093 4094
f 4079 4078 4091
f 4089 4102 4103
f 4088 4087 4100
f 4098 4111 4112
f 4096 4109 4110
f 4095 4094 4107
f 4092 4105 4106
f 4090 4103 4104
f 4089 4088 4101
f 4097 4110 4111
f 4095 4108 4109
f 4094 4093 4106
f 4092 4091 4104
f 4103 4102 4115
f 4100 4113 4114
f 4112 4111 4124
f 4110 4109 4122
f 4107 4120 4121
f 4105 4118 4119
f 4103 4116 4117
f 4101 4114 4115
f 4110 4123 4124
f 4109 4108 4121
f 4107 4106 4119
f 4105 4104 4117
f 4115 4128 4129
f 4114 4113 4126
f 4124 4137 4138
f 4123 4122 4135
f 4120 4133 4134
f 4119 4118 4131
f 4117 4116 4129
f 4114 4127 4128
f 4124 4123 4136
f 4122 4121 4134
f 4119 4132 4133
f 4117 4130 4131
f 4129 4128 4141
f 4126 4139 4140
f 4138 4137 4150
f 4136 4135 4148
f 4133 4146 4147
f 4131 4144 4145
f 4130 4129 4142
f 4127 4140 4141
f 4137 4136 4149
f 4135 4134 4147
f 4132 4145 4146
f 4131 4130 4143
f 4142 4141 4154
f 4140 4139 4152
f 4150 4163 4164
f 4149 4148 4161
f 4146 4159 4160
f 4144 4157 4158
f 4142 4155 4156
f 4140 4153 4154
f 4149 4162 4163
f 4148 4147 4160
f 4146 4145 4158
f 4144 4143 4156
f 4155 4154 4167
f 4153 4152 4165
f 4163 4176 4177
f 4161 4174 4175
f 4159 4172 4173
f 4158 4157 4170
f 4155 4168 4169
f 4153 4166 4167
f 4163 4162 4175
f 4161 4160 4173
f 4159 4158 4171
f 4156 4169 4170
f 4167 4180 4181
f 4165 4178 4179
f 4176 4189 4190
f 4175 4174 4187
f 4173 4172 4185
f 4170 4183 4184
f 4169 4168 4181
f 4167 4166 4179
f 4175 4188 4189
f 4173 4186 4187
f 4171 4184 4185
f 4170 4169 4182
f 4180 4193 4194
f 4178 4191 4192
f 4190 4189 4202
f 4187 4200 4201
f 4186 4185 4198
f 4183 4196 4197
f 4182 4181 4194
f 4180 4179 4192
f 4189 4188 4201
f 4186 4199 4200
f 4184 4197 4198
f 4183 4182 4195
f 4193 4206 4207
f 4192 4191 4204
f 4202 4215 4216
f 4200 4213 4214
f 4199 4198 4211
f 4196 4209 4210
f 4194 4207 4208
f 4193 4192 4205
f 4201 4214 4215
f 4199 4212 4213
f 4198 4197 4210
f 4196 4195 4208
f 4207 4206 4219
f 4204 4217 4218
f 4216 4215 4228
f 4213 4226 4227
f 4211 4224 4225
f 4209 4222 4223
f 4207 4220 4221
f 4205 4218 4219
f 4214 4227 4228
f 4213 4212 4225
f 4211 4210 4223
f 4209 4208 4221
f 4219 4232 4233
f 4218 4217 4230
f 4228 4241 4242
f 4226 4239 4240
f 4225 4224 4237
f 4223 4222 4235
f 4221 4220 4233
f 4218 4231 4232
f 4228 4227 4240
f 4226 4225 4238
f 4223 4236 4237
f 4221 4234 4235
f 4233 4232 4245
f 4230 4243 4244
f 4242 4241 4254
f 4240 4239 4252
f 4237 4250 4251
f 4235 4248 4249
f 4234 4233 4246
f 4231 4244 4245
f 4241 4240 4253
f 4239 4238 4251
f 4236 4249 4250
f 4235 4234 4247
f 4246 4245 4258
f 4244 4243 4256
f 4254 4267 4268
f 4253 4252 4265
f 4250 4263 4264
f 4248 4261 4262
f 4246 4259 4260
f 4244 4257 4258
f 4253 4266 4267
f 4252 4251 4264
f 4250 4249 4262
f 4248 4247 4260
f 4259 4258 4271
f 4257 4256 4269
f 4267 4280 4281
f 4265 4278 4279
f 4263 4276 4277
f 4262 4261 4274
f 4259 4272 4273
f 4257 4270 4271
f 4266 4279 4280
f 4265 4264 4277
f 4263 4262 4275
f 4260 4273 4274
f 4271 4284 4285
f 4269 4282 4283
f 4281 4280 4293
f 4279 4278 4291
f 4277 4276 4289
f 4274 4287 4288
f 4273 4272 4285
f 4271 4270 4283
f 4280 4279 4292
f 4277 4290 4291
f 4275 4288 4289
f 4274 4273 4286
f 4284 4297 4298
f 4282 4295 4296
f 4294 4293 4306
f 4291 4304 4305
f 4290 4289 4302
f 4287 4300 4301
f 4286 4285 4298
f 4284 4283 4296
f 4293 4292 4305
f 4290 4303 4304
f 4288 4301 4302
f 4287 4286 4299
f 4297 4310 4311
f 4296 4295 4308
f 4306 4319 4320
f 4304 4317 4318
f 4303 4302 4315
f 4300 4313 4314
f 4298 4311 4312
f 4297 4296 4309
f 4305 4318 4319
f 4304 4303 4316
f 4302 4301 4314
f 4300 4299 4312
f 4310 4323 4324
f 4308 4321 4322
f 4320 4319 4332
f 4318 4317 4330
f 4316 4315 4328
f 4313 4326 4327
f 4311 4324 4325
f 4310 4309 4322
f 4318 4331 4332
f 4316 4329 4330
f 4315 4314 4327
f 4312 4325 4326
f 4323 4336 4337
f 4322 4321 4334
f 4332 4345 4346
f 4330 4343 4344
f 4329 4328 4341
f 4327 4326 4339
f 4325 4324 4337
f 4322 4335 4336
f 4332 4331 4344
f 4330 4329 4342
f 4327 4340 4341
f 4325 4338 4339
f 4337 4336 4350
f 4334 4348 4349
f 4346 4345 4359
f 4344 4343 4357
f 4341 4355 4356
f 4340 4339 4353
f 4338 4337 4351
f 4335 4349 4350
f 4345 4344 4358
f 4343 4342 4356
f 4340 4354 4355
f 4338 4352 4353
f 4351 4350 4363
f 4349 4348 4361
f 4359 4372 4373
f 4358 4357 4370
f 4355 4368 4369
f 4354 4353 4366
f 4351 4364 4365
f 4349 4362 4363
f 4358 4371 4372
f 4357 4356 4369
f 4355 4354 4367
f 4352 4365 4366
f 4364 4363 4376
f 4362 4361 4374
f 4373 4372 4385
f 4370 4383 4384
f 4368 4381 4382
f 4367 4366 4379
f 4364 4377 4378
f 4362 4375 4376
f 4372 4371 4384
f 4370 4369 4382
f 4368 4367 4380
f 4365 4378 4379
f 4376 4389 4390
f 4374 4387 4388
f 4385 4398 4399
f 4384 4383 4396
f 4382 4381 4394
f 4379 4392 4393
f 4378 4377 4390
f 4376 4375 4388
f 4384 4397 4398
f 4382 4395 4396
f 4380 4393 4394
f 4379 4378 4391
f 4389 4402 4403
f 4387 4400 4401
f 4399 4398 4411
f 4396 4409 4410
f 4395 4394 4407
f 4393 4392 4405
f 4391 4390 4403
f 4389 4388 4401
f 4398 4397 4410
f 4395 4408 4409
f 4393 4406 4407
f 4391 4404 4405
f 4402 4415 4416
f 4401 4400 4413
f 4411 4424 4425
f 4409 4422 4423
f 4408 4407 4420
f 4406 4405 4418
f 4403 4416 4417
f 4402 4401 4414
f 4410 4423 4424
f 4408 4421 4422
f 4407 4406 4419
f 4404 4417 4418
f 4416 4415 4428
f 4413 4426 4427
f 4425 4424 4437
f 4423 4422 4435
f 4421 4420 4433
f 4418 4431 4432
f 4416 4429 4430
f 4415 4414 4427
f 4423 4436 4437
f 4421 4434 4435
f 4420 4419 4432
f 4418 4417 4430
f 4428 4441 4442
f 4426 4439 4440
f 4437 4450 4451
f 4435 4448 4449
f 4434 4433 4446
f 4432 4431 4444
f 4430 4429 4442
f 4427 4440 4441
f 4437 4436 4449
f 4435 4434 4447
f 4432 4445 4446
f 4430 4443 4444
f 4442 4441 4454
f 4439 4452 4453
f 4451 4450 4463
f 4449 4448 4461
f 4446 4459 4460
f 4444 4457 4458
f 4443 4442 4455
f 4440 4453 4454
f 4450 4449 4462
f 4447 4460 4461
f 4445 4458 4459
f 4444 4443 4456
f 4455 4454 4467
f 4453 4452 4465
f 4463 4476 4477
f 4462 4461 4474
f 4459 4472 4473
f 4457 4470 4471
f 4455 4468 4469
f 4453 4466 4467
f 4462 4475 4476
f 4461 4460 4473
f 4459 4458 4471
f 4457 4456 4469
f 4468 4467 4063
f 4466 4465 4061
f 4477 4476 4072
f 4474 4070 4071
f 4472 4068 4069
f 4471 4470 4066
f 4468 4064 4065
f 4466 4062 4063
f 4476 4475 4071
f 4474 4473 4069
f 4472 4471 4067
f 4469 4065 4066
f 3935 4061 4465
f 4465 4452 4056
f 4452 4439 4051
f 4439 4426 4047
f 4047 4426 4413
f 4043 4413 4400
f 4039 4400 4387
f 4387 4374 4031
f 4031 4374 4361
f 4361 4348 4023
f 4348 4334 4019
f 4334 4321 4015
f 4015 4321 4308
f 4011 4308 4295
f 4007 4295 4282
f 4282 4269 3999
f 3999 4269 4256
f 4256 4243 3991
f 4243 4230 3987
f 4230 4217 3983
f 3983 4217 4204
f 3979 4204 4191
f 3975 4191 4178
f 4178 4165 3967
f 3967 4165 4152
f 4152 4139 3959
f 4139 4126 3955
f 4126 4113 3951
f 3951 4113 4100
f 3947 4100 4087
f 3943 4087 4074
f 4074 4061 3935
f 4480 4479 4483
f 4480 4484 4485
f 4479 4478 4482
f 4484 4488 4489
f 4482 4486 4487
f 4483 4487 4488
f 4488 4492 4493
f 4487 4486 4490
f 4488 4487 4491
f 4493 4492 4496
f 4490 4494 4495
f 4491 4495 4496
f 4496 4500 4501
f 4495 4494 4498
f 4496 4495 4499
f 4501 4500 4504
f 4498 4502 4503
f 4499 4503 4504
f 4505 4504 4508
f 4503 4502 4506
f 4504 4503 4507
f 4509 4508 4512
f 4506 4510 4511
f 4507 4511 4512
f 4513 4512 4516
f 4511 4510 4514
f 4512 4511 4515
f 4516 4520 4521
f 4514 4518 4519
f 4515 4519 4520
f 4520 4524 4525
f 4518 4522 4523
f 4520 4519 4523
f 4525 4524 4528
f 4522 4526 4527
f 4523 4527 4528
f 4528 4532 4533
f 4527 4526 4530
f 4528 4527 4531
f 4533 4532 4536
f 4530 4534 4535
f 4531 4535 4536
f 4537 4536 4540
f 4534 4538 4539
f 4536 4535 4539
f 4541 4540 4544
f 4539 4538 4542
f 4539 4543 4544
f 4544 4548 4549
f 4542 4546 4547
f 4544 4543 4547
f 4548 4552 4553
f 4547 4546 4550
f 4547 4551 4552
f 4552 4556 4557
f 4551 4550 4554
f 4552 4551 4555
f 4557 4556 4560
f 4554 4558 4559
f 4555 4559 4560
f 4560 4564 4565
f 4559 4558 4562
f 4560 4559 4563
f 4565 4564 4568
f 4562 4566 4567
f 4563 4567 4568
f 4569 4568 4572
f 4567 4566 4570
f 4568 4567 4571
f 4572 4576 4577
f 4570 4574 4575
f 4571 4575 4576
f 4576 4580 4581
f 4575 4574 4578
f 4576 4575 4579
f 4580 4584 4585
f 4578 4582 4583
f 4579 4583 4584
f 4584 4588 4589
f 4583 4582 4586
f 4584 4583 4587
f 4589 4588 4592
f 4586 4590 4591
f 4587 4591 4592
f 4592 4596 4597
f 4591 4590 4594
f 4592 4591 4595
f 4597 4596 4601
f 4594 4599 4600
f 4595 4600 4601
f 4602 4601 4605
f 4600 4599 4603
f 4601 4600 4604
f 4606 4605 4480
f 4603 4478 4479
f 4604 4479 4480
f 4615 4614 4627
f 4612 4625 4626
f 4611 4610 4623
f 4609 4608 4621
f 4618 4617 4630
f 4615 4628 4629
f 4613 4626 4627
f 4612 4611 4624
f 4609 4622 4623
f 4607 4620 4621
f 4619 4618 4631
f 4617 4616 4629
f 4622 4635 4636
f 4620 4633 4634
f 4632 4631 4644
f 4629 4642 4643
f 4628 4627 4640
f 4626 4625 4638
f 4624 4623 4636
f 4622 4621 4634
f 4631 4630 4643
f 4628 4641 4642
f 4626 4639 4640
f 4624 4637 4638
f 4635 4648 4649
f 4634 4633 4646
f 4644 4657 4658
f 4642 4655 4656
f 4641 4640 4653
f 4639 4638 4651
f 4636 4649 4650
f 4635 4634 4647
f 4643 4656 4657
f 4642 4641 4654
f 4640 4639 4652
f 4637 4650 4651
f 4648 4661 4662
f 4646 4659 4660
f 4658 4657 4670
f 4656 4655 4668
f 4653 4666 4667
f 4651 4664 4665
f 4649 4662 4663
f 4648 4647 4660
f 4656 4669 4670
f 4654 4667 4668
f 4653 4652 4665
f 4651 4650 4663
f 4661 4674 4675
f 4660 4659 4672
f 4670 4683 4684
f 4668 4681 4682
f 4667 4666 4679
f 4665 4664 4677
f 4663 4662 4675
f 4661 4660 4673
f 4670 4669 4682
f 4667 4680 4681
f 4665 4678 4679
f 4663 4676 4677
f 4675 4674 4687
f 4672 4685 4686
f 4684 4683 4696
f 4682 4681 4694
f 4679 4692 4693
f 4678 4677 4690
f 4676 4675 4688
f 4673 4686 4687
f 4683 4682 4695
f 4681 4680 4693
f 4678 4691 4692
f 4676 4689 4690
f 4688 4687 4700
f 4686 4685 4698
f 4696 4709 4710
f 4695 4694 4707
f 4692 4705 4706
f 4691 4690 4703
f 4688 4701 4702
f 4686 4699 4700
f 4695 4708 4709
f 4694 4693 4706
f 4692 4691 4704
f 4689 4702 4703
f 4701 4700 4713
f 4699 4698 4711
f 4710 4709 4722
f 4707 4720 4721
f 4705 4718 4719
f 4704 4703 4716
f 4701 4714 4715
f 4699 4712 4713
f 4709 4708 4721
f 4707 4706 4719
f 4705 4704 4717
f 4702 4715 4716
f 4713 4726 4727
f 4711 4724 4725
f 4723 4722 4735
f 4721 4720 4733
f 4719 4718 4731
f 4716 4729 4730
f 4715 4714 4727
f 4713 4712 4725
f 4721 4734 4735
f 4719 4732 4733
f 4717 4730 4731
f 4716 4715 4728
f 4726 4739 4740
f 4724 4737 4738
f 4736 4735 4748
f 4733 4746 4747
f 4732 4731 4744
f 4730 4729 4742
f 4728 4727 4740
f 4726 4725 4738
f 4735 4734 4747
f 4732 4745 4746
f 4730 4743 4744
f 4728 4741 4742
f 4739 4752 4753
f 4738 4737 4750
f 4748 4761 4762
f 4746 4759 4760
f 4745 4744 4757
f 4743 4742 4755
f 4740 4753 4754
f 4739 4738 4751
f 4747 4760 4761
f 4745 4758 4759
f 4744 4743 4756
f 4741 4754 4755
f 4753 4752 4765
f 4750 4763 4764
f 4762 4761 4774
f 4759 4772 4773
f 4758 4757 4770
f 4755 4768 4769
f 4753 4766 4767
f 4752 4751 4764
f 4760 4773 4774
f 4758 4771 4772
f 4757 4756 4769
f 4755 4754 4767
f 4765 4778 4779
f 4764 4763 4776
f 4774 4787 4788
f 4772 4785 4786
f 4771 4770 4783
f 4769 4768 4781
f 4767 4766 4779
f 4765 4764 4777
f 4774 4773 4786
f 4771 4784 4785
f 4769 4782 4783
f 4767 4780 4781
f 4779 4778 4791
f 4776 4789 4790
f 4788 4787 4800
f 4786 4785 4798
f 4783 4796 4797
f 4782 4781 4794
f 4780 4779 4792
f 4777 4790 4791
f 4787 4786 4799
f 4785 4784 4797
f 4782 4795 4796
f 4780 4793 4794
f 4792 4791 4804
f 4790 4789 4802
f 4800 4813 4814
f 4799 4798 4811
f 4796 4809 4810
f 4795 4794 4807
f 4792 4805 4806
f 4790 4803 4804
f 4799 4812 4813
f 4798 4797 4810
f 4796 4795 4808
f 4793 4806 4807
f 4805 4804 4817
f 4803 4802 4815
f 4814 4813 4826
f 4811 4824 4825
f 4809 4822 4823
f 4808 4807 4820
f 4805 4818 4819
f 4803 4816 4817
f 4813 4812 4825
f 4811 4810 4823
f 4809 4808 4821
f 4806 4819 4820
f 4817 4830 4831
f 4815 4828 4829
f 4826 4839 4840
f 4825 4824 4837
f 4823 4822 4835
f 4820 4833 4834
f 4819 4818 4831
f 4817 4816 4829
f 4825 4838 4839
f 4823 4836 4837
f 4821 4834 4835
f 4820 4819 4832
f 4830 4843 4844
f 4828 4841 4842
f 4840 4839 4852
f 4837 4850 4851
f 4836 4835 4848
f 4834 4833 4846
f 4832 4831 4844
f 4830 4829 4842
f 4839 4838 4851
f 4836 4849 4850
f 4834 4847 4848
f 4832 4845 4846
f 4843 4856 4857
f 4842 4841 4854
f 4852 4865 4866
f 4850 4863 4864
f 4849 4848 4861
f 4847 4846 4859
f 4844 4857 4858
f 4843 4842 4855
f 4851 4864 4865
f 4849 4862 4863
f 4848 4847 4860
f 4845 4858 4859
f 4857 4856 4869
f 4855 4854 4867
f 4866 4865 4878
f 4864 4863 4876
f 4862 4861 4874
f 4859 4872 4873
f 4857 4870 4871
f 4856 4855 4868
f 4864 4877 4878
f 4862 4875 4876
f 4861 4860 4873
f 4859 4858 4871
f 4869 4882 4883
f 4868 4867 4880
f 4878 4891 4892
f 4877 4876 4889
f 4874 4887 4888
f 4873 4872 4885
f 4871 4870 4883
f 4868 4881 4882
f 4878 4877 4890
f 4876 4875 4888
f 4873 4886 4887
f 4871 4884 4885
f 4883 4882 4896
f 4880 4894 4895
f 4892 4891 4905
f 4890 4889 4903
f 4887 4901 4902
f 4885 4899 4900
f 4884 4883 4897
f 4881 4895 4896
f 4891 4890 4904
f 4889 4888 4902
f 4886 4900 4901
f 4885 4884 4898
f 4897 4896 4909
f 4895 4894 4907
f 4905 4918 4919
f 4904 4903 4916
f 4901 4914 4915
f 4899 4912 4913
f 4897 4910 4911
f 4895 4908 4909
f 4904 4917 4918
f 4903 4902 4915
f 4901 4900 4913
f 4899 4898 4911
f 4910 4909 4922
f 4908 4907 4920
f 4919 4918 4931
f 4916 4929 4930
f 4914 4927 4928
f 4913 4912 4925
f 4910 4923 4924
f 4908 4921 4922
f 4918 4917 4930
f 4916 4915 4928
f 4914 4913 4926
f 4911 4924 4925
f 4922 4935 4936
f 4920 4933 4934
f 4931 4944 4945
f 4930 4929 4942
f 4928 4927 4940
f 4925 4938 4939
f 4924 4923 4936
f 4922 4921 4934
f 4930 4943 4944
f 4928 4941 4942
f 4926 4939 4940
f 4925 4924 4937
f 4935 4948 4949
f 4933 4946 4947
f 4945 4944 4957
f 4942 4955 4956
f 4941 4940 4953
f 4938 4951 4952
f 4937 4936 4949
f 4935 4934 4947
f 4944 4943 4956
f 4941 4954 4955
f 4939 4952 4953
f 4938 4937 4950
f 4948 4961 4962
f 4947 4946 4959
f 4957 4970 4971
f 4955 4968 4969
f 4954 4953 4966
f 4951 4964 4965
f 4949 4962 4963
f 4948 4947 4960
f 4956 4969 4970
f 4954 4967 4968
f 4953 4952 4965
f 4951 4950 4963
f 4962 4961 4974
f 4959 4972 4973
f 4971 4970 4983
f 4968 4981 4982
f 4966 4979 4980
f 4964 4977 4978
f 4962 4975 4976
f 4960 4973 4974
f 4969 4982 4983
f 4967 4980 4981
f 4966 4965 4978
f 4964 4963 4976
f 4975 4974 4987
f 4973 4972 4985
f 4983 4996 4997
f 4981 4994 4995
f 4979 4992 4993
f 4978 4977 4990
f 4976 4975 4988
f 4973 4986 4987
f 4983 4982 4995
f 4981 4980 4993
f 4978 4991 4992
f 4976 4989 4990
f 4988 4987 5000
f 4985 4998 4999
f 4997 4996 5009
f 4995 4994 5007
f 4992 5005 5006
f 4991 4990 5003
f 4989 4988 5001
f 4986 4999 5000
f 4996 4995 5008
f 4994 4993 5006
f 4991 5004 5005
f 4989 5002 5003
f 5001 5000 5013
f 4999 4998 5011
f 5009 5022 5023
f 5008 5007 5020
f 5005 5018 5019
f 5004 5003 5016
f 5001 5014 5015
f 4999 5012 5013
f 5008 5021 5022
f 5007 5006 5019
f 5005 5004 5017
f 5002 5015 5016
f 5014 5013 4609
f 5012 5011 4607
f 5022 4618 4619
f 5020 4616 4617
f 5018 4614 4615
f 5017 5016 4612
f 5014 4610 4611
f 5012 4608 4609
f 5021 4617 4618
f 5020 5019 4615
f 5018 5017 4613
f 5015 4611 4612
f 4481 4607 5011
f 5011 4998 4602
f 4998 4985 4597
f 4985 4972 4593
f 4593 4972 4959
f 4589 4959 4946
f 4585 4946 4933
f 4933 4920 4577
f 4577 4920 4907
f 4907 4894 4569
f 4894 4880 4565
f 4880 4867 4561
f 4561 4867 4854
f 4557 4854 4841
f 4553 4841 4828
f 4828 4815 4545
f 4545 4815 4802
f 4802 4789 4537
f 4789 4776 4533
f 4776 4763 4529
f 4529 4763 4750
f 4525 4750 4737
f 4521 4737 4724
f 4724 4711 4513
f 4513 4711 4698
f 4698 4685 4505
f 4685 4672 4501
f 4672 4659 4497
f 4497 4659 4646
f 4493 4646 4633
f 4489 4633 4620
f 4620 4607 4481
