v 0.061352 -0.009174 -0.038039
v 0.064581 -0.010160 -0.036078
v 0.065033 -0.008708 -0.035550
v 0.061958 -0.008193 -0.037562
v 0.073577 -0.009269 -0.043780
v 0.073572 -0.005727 -0.039219
v 0.072901 -0.003295 -0.038451
v 0.073190 -0.003324 -0.041371
v 0.032939 -0.045416 -0.109584
v 0.019314 -0.045190 -0.115306
v 0.018422 -0.056414 -0.112928
v 0.030037 -0.059419 -0.106746
v 0.047264 -0.082822 -0.087343
v 0.042807 -0.074714 -0.092323
v 0.039807 -0.086907 -0.097318
v 0.048463 -0.090646 -0.087438
v 0.019784 0.048443 0.045071
v 0.027969 0.047044 0.040746
v 0.026281 0.041129 0.044031
v -0.062558 -0.009441 -0.065840
v -0.066331 -0.010434 -0.065263
v -0.066964 -0.009011 -0.065123
v -0.063122 -0.008409 -0.065774
v -0.071211 -0.009310 -0.076460
v -0.073284 -0.005838 -0.072240
v -0.072936 -0.003450 -0.071258
v -0.071909 -0.003414 -0.074092
v 0.018627 0.041805 0.046928
v 0.091361 0.013046 -0.048875
v 0.091732 0.010562 -0.050061
v 0.092029 0.008749 -0.048242
v 0.091423 0.010848 -0.046869
v 0.087726 -0.004235 -0.049515
v 0.088193 0.002831 -0.050284
v 0.089474 0.005295 -0.050496
v 0.089519 0.003101 -0.049806
v 0.086904 -0.014481 -0.047024
v 0.085556 -0.013777 -0.047102
v 0.087254 -0.009313 -0.048338
v 0.088951 -0.009742 -0.048499
v 0.069155 -0.034728 -0.027529
v 0.072239 -0.031816 -0.029418
v 0.072637 -0.035026 -0.030840
v 0.067925 -0.036590 -0.029996
v 0.065106 -0.034693 -0.031785
v 0.070285 -0.035373 -0.035796
v 0.070089 -0.031838 -0.037040
v 0.065869 -0.031693 -0.034026
v 0.084356 0.022047 -0.037361
v 0.084653 0.018345 -0.036451
v 0.083132 0.017214 -0.034646
v 0.082544 0.020836 -0.035324
v 0.071730 -0.008374 -0.050536
v 0.069804 -0.014791 -0.049497
v 0.076260 -0.010192 -0.050491
v 0.076800 -0.007473 -0.050419
v 0.085133 0.012345 -0.042882
v 0.085736 0.012989 -0.045835
v 0.086368 0.010988 -0.047054
v 0.085408 0.009731 -0.044976
v 0.088561 0.014633 -0.050430
v 0.088973 0.011817 -0.051738
v 0.067416 -0.025073 -0.026733
v 0.066453 -0.021593 -0.026097
v 0.067139 -0.020116 -0.027249
v 0.067621 -0.021200 -0.028816
v 0.072456 -0.009279 -0.040653
v 0.073345 -0.004720 -0.037794
v 0.082817 -0.025259 -0.043253
v 0.082259 -0.023220 -0.042335
v 0.085039 -0.019112 -0.044816
v 0.085536 -0.020580 -0.046233
v 0.078648 -0.020891 -0.041136
v 0.081570 -0.018017 -0.043763
v 0.082865 -0.017294 -0.045229
v 0.081624 -0.019514 -0.043494
v 0.086663 0.014825 -0.043899
v 0.084509 0.017112 -0.039393
v 0.085652 0.016040 -0.037920
v 0.088030 0.013926 -0.041643
v 0.078698 0.003936 -0.049139
v 0.076882 0.008815 -0.047382
v 0.075775 0.008195 -0.047668
v 0.077226 0.003970 -0.049326
v 0.087981 0.012133 -0.048218
v 0.088640 0.009963 -0.049393
v 0.087068 0.008701 -0.048411
v 0.074953 0.009662 -0.033741
v 0.076933 0.010759 -0.035324
v 0.077224 0.009181 -0.036211
v 0.076764 0.008004 -0.035534
v 0.072962 -0.035940 -0.034347
v 0.067462 -0.023396 -0.043769
v 0.069442 -0.023054 -0.044988
v 0.072641 -0.018923 -0.046963
v 0.071050 -0.017674 -0.047691
v 0.064263 -0.032531 -0.026414
v 0.067509 -0.032328 -0.026058
v 0.068222 -0.033584 -0.026904
v 0.065209 -0.034820 -0.027815
v 0.077867 0.014044 -0.035332
v 0.080196 0.013279 -0.036619
v 0.078424 0.012503 -0.036511
v 0.076928 0.012988 -0.035424
v 0.086755 0.001063 -0.049054
v 0.085947 0.007269 -0.046701
v 0.084996 -0.007937 -0.044775
v 0.085648 -0.007586 -0.047444
v 0.084894 -0.011648 -0.046124
v -0.021634 -0.045591 -0.116184
v -0.006146 -0.045231 -0.118552
v -0.006888 -0.056510 -0.115948
v -0.022344 -0.059661 -0.111702
v 0.083766 -0.011791 -0.043884
v 0.085171 -0.000115 -0.044295
v 0.085947 0.000004 -0.047429
v 0.089590 0.008017 -0.047408
v 0.089868 0.002318 -0.048531
v 0.089217 0.008690 -0.048365
v 0.074507 0.011807 -0.045531
v 0.075768 0.014981 -0.049562
v 0.074741 0.008993 -0.051764
v 0.074777 0.009483 -0.047275
v 0.067804 -0.016183 -0.027028
v 0.069142 -0.013982 -0.028080
v 0.067894 -0.016073 -0.030245
v 0.066886 -0.018634 -0.030081
v 0.073250 -0.021158 -0.045663
v 0.070186 -0.024188 -0.044139
v 0.070695 -0.024926 -0.043370
v 0.073586 -0.022869 -0.044370
v 0.082549 0.013925 -0.038008
v 0.083007 0.009815 -0.039312
v 0.081305 0.009805 -0.038377
v 0.073302 -0.019977 -0.034866
v 0.073972 -0.018725 -0.036812
v 0.075604 -0.021461 -0.037699
v 0.075076 -0.023495 -0.035860
v 0.078126 -0.031900 -0.038539
v 0.075592 -0.032050 -0.039962
v 0.072798 -0.034072 -0.037091
v 0.075574 -0.034288 -0.036154
v 0.067502 -0.019788 -0.029420
v 0.067286 -0.018697 -0.027386
v 0.081114 0.004156 -0.050323
v 0.079546 0.009979 -0.047855
v 0.084811 0.008332 -0.043079
v 0.085315 0.006130 -0.044672
v 0.071131 -0.003591 -0.031015
v 0.069855 -0.003173 -0.033047
v 0.070149 -0.003992 -0.032930
v 0.071799 -0.005031 -0.030693
v 0.070836 -0.003968 -0.029600
v 0.071308 -0.005538 -0.029392
v 0.070461 -0.005570 -0.028761
v 0.070083 -0.004745 -0.028657
v 0.069256 -0.003000 -0.033650
v 0.069601 -0.003256 -0.033327
v 0.069770 -0.002755 -0.033324
v 0.075551 -0.000578 -0.043176
v 0.075390 -0.007699 -0.045377
v 0.074875 -0.009033 -0.045511
v 0.076036 -0.003370 -0.042656
v 0.086479 -0.006568 -0.048792
v 0.079457 0.017451 -0.031902
v 0.078552 0.020251 -0.032049
v 0.081583 0.022882 -0.035346
v 0.068891 -0.017072 -0.040086
v 0.071746 -0.016910 -0.037137
v 0.070971 -0.017046 -0.035622
v 0.069036 -0.017237 -0.038252
v 0.069368 -0.012041 -0.032693
v 0.067056 -0.015082 -0.033117
v 0.070069 -0.013612 -0.030444
v 0.070896 0.001683 -0.029250
v 0.070847 -0.002041 -0.031945
v 0.070626 -0.002865 -0.030748
v 0.070365 -0.002543 -0.029500
v 0.087331 -0.015202 -0.048384
v 0.088960 -0.009947 -0.050135
v 0.087615 -0.010011 -0.051918
v 0.086096 -0.015665 -0.050172
v 0.065462 -0.028609 -0.025180
v 0.061365 -0.030478 -0.029548
v 0.064215 -0.025396 -0.025090
v 0.088959 0.019358 -0.044415
v 0.087022 0.021173 -0.045145
v 0.087682 0.019258 -0.047220
v 0.090020 0.017509 -0.046203
v 0.072228 0.002682 -0.036627
v 0.071814 0.000718 -0.036592
v 0.072038 0.001800 -0.035146
v 0.071871 0.004017 -0.035190
v 0.055680 -0.031322 -0.088193
v 0.061032 -0.031347 -0.067948
v 0.066609 -0.017559 -0.074268
v 0.062285 -0.017763 -0.091287
v 0.078481 -0.028661 -0.037628
v 0.077343 -0.030849 -0.035292
v 0.072448 0.009177 -0.027701
v 0.071614 0.010868 -0.027132
v 0.072702 0.016350 -0.028810
v 0.073690 0.013204 -0.028493
v 0.089977 0.004393 -0.053289
v 0.092155 0.003626 -0.051593
v 0.077046 0.014220 -0.033936
v 0.079662 0.016815 -0.036254
v 0.078150 0.014725 -0.035505
v 0.076599 0.013474 -0.034295
v 0.076186 0.006047 -0.031237
v 0.076829 0.007315 -0.031085
v 0.075079 0.008228 -0.031630
v 0.074150 0.006939 -0.032031
v 0.070852 0.015855 -0.026587
v 0.072682 0.020895 -0.029814
v 0.065403 -0.023644 -0.044353
v 0.074907 0.007981 -0.028827
v 0.075682 0.010566 -0.029062
v 0.077380 0.009046 -0.030858
v -0.044041 -0.083418 -0.093985
v -0.037667 -0.075262 -0.099390
v -0.036461 -0.087392 -0.101981
v -0.045959 -0.091260 -0.093344
v 0.065132 -0.020703 -0.024431
v 0.066594 -0.019108 -0.025991
v 0.076182 0.013146 -0.034151
v 0.075494 0.011997 -0.034177
v 0.073939 0.008108 -0.032911
v 0.075132 0.007065 -0.034863
v 0.080213 0.000576 -0.041235
v 0.081104 -0.007496 -0.042756
v 0.067468 -0.017106 -0.058465
v 0.061623 -0.030027 -0.046494
v 0.074019 0.008681 -0.032126
v 0.074238 0.009232 -0.032250
v 0.073648 0.008445 -0.032153
v 0.073230 0.007596 -0.032650
v 0.075732 -0.032759 -0.033156
v 0.079865 0.006633 -0.039043
v 0.076785 0.004697 -0.037644
v 0.078335 0.006607 -0.037331
v 0.089332 -0.005323 -0.048420
v 0.090904 0.002042 -0.048146
v 0.092513 0.002233 -0.049250
v 0.090807 -0.005463 -0.049306
v 0.063070 -0.033303 -0.030808
v 0.071914 -0.000030 -0.037936
v 0.072781 -0.001355 -0.037082
v 0.073758 0.005519 -0.035500
v 0.072678 0.006697 -0.033150
v 0.066621 -0.016108 -0.025234
v 0.086552 0.015612 -0.045644
v 0.087398 0.014050 -0.046870
v 0.085412 0.014475 -0.044635
v 0.084980 0.015552 -0.043188
v 0.084175 0.017840 -0.041714
v 0.083465 0.018535 -0.041391
v 0.085715 0.017117 -0.044094
v 0.076126 0.006145 -0.035894
v 0.077470 0.007106 -0.036412
v 0.073108 -0.021165 -0.033229
v 0.074132 -0.026723 -0.033208
v 0.083280 -0.015143 -0.044455
v 0.081699 -0.014535 -0.042318
v 0.085233 -0.004346 -0.053005
v 0.085191 0.004340 -0.052800
v 0.083109 0.004177 -0.051328
v 0.083720 -0.004114 -0.052019
v 0.076943 -0.001941 -0.050273
v 0.073419 -0.000990 -0.050946
v 0.069670 -0.003901 -0.028234
v 0.068720 -0.000172 -0.026434
v 0.072368 0.004726 -0.035061
v 0.072266 0.006435 -0.033634
v 0.077537 -0.018773 -0.047407
v 0.072621 -0.025725 -0.041035
v 0.077510 -0.020907 -0.045498
v 0.068207 -0.026138 -0.039945
v 0.067571 -0.027139 -0.037727
v 0.070366 -0.027324 -0.038708
v 0.078270 -0.018971 -0.040413
v 0.080778 -0.017654 -0.042340
v 0.069950 -0.003477 -0.034087
v 0.069235 -0.005213 -0.035973
v 0.068108 -0.003594 -0.034298
v 0.083480 0.000005 -0.042449
v 0.083840 -0.007724 -0.043175
v 0.076593 0.009527 -0.031788
v 0.073628 0.000173 -0.032038
v 0.073990 0.003523 -0.030007
v 0.079430 0.012434 -0.031464
v 0.078328 0.011027 -0.032033
v 0.077583 0.010159 -0.031875
v 0.078232 0.010665 -0.030903
v 0.063908 -0.012294 -0.037282
v 0.065651 -0.014018 -0.035059
v 0.067181 -0.011043 -0.034072
v 0.082608 0.017719 -0.038995
v 0.083399 0.015954 -0.039860
v 0.081625 0.010497 -0.048839
v 0.077692 0.011003 -0.036055
v 0.077918 0.009629 -0.037149
v 0.077830 0.023006 -0.043759
v 0.077479 0.020414 -0.040012
v 0.077006 0.020650 -0.038687
v 0.076927 0.025325 -0.039211
v 0.066428 -0.029973 -0.035123
v 0.069466 -0.029744 -0.036715
v 0.069228 -0.028405 -0.037270
v 0.067107 -0.028411 -0.036339
v 0.070307 -0.017167 -0.035077
v 0.068834 -0.017432 -0.037261
v 0.084526 -0.013686 -0.047065
v 0.083873 -0.014608 -0.046155
v 0.085482 -0.010642 -0.047770
v 0.085775 -0.009178 -0.048654
v 0.073771 0.003394 -0.039643
v 0.073135 0.002360 -0.038571
v 0.076222 0.015556 -0.041534
v 0.078777 0.017325 -0.042202
v 0.078237 0.019368 -0.039166
v 0.076465 0.017888 -0.039665
v 0.083736 0.011196 -0.050347
v 0.077902 0.008143 -0.037210
v 0.078412 0.008312 -0.037996
v 0.077639 0.008546 -0.036646
v 0.073372 0.006057 -0.032494
v 0.075494 0.004889 -0.032120
v 0.079485 0.012745 -0.032792
v 0.082509 0.015894 -0.034798
v 0.081958 0.016491 -0.036144
v 0.079033 0.013629 -0.033053
v 0.075065 0.010812 -0.032606
v 0.023436 -0.033013 -0.120758
v 0.028068 -0.022716 -0.127078
v -0.056205 0.048044 0.028763
v -0.062333 0.046647 0.021706
v -0.061892 0.040750 0.025212
v -0.055708 0.041525 0.030738
v 0.077219 0.020064 -0.032000
v 0.077963 0.021445 -0.035318
v 0.079069 0.022318 -0.035522
v 0.077881 0.020798 -0.032361
v 0.084905 0.014425 -0.042778
v 0.088444 0.011139 -0.047411
v 0.073629 -0.003311 -0.035792
v 0.071268 -0.006046 -0.037047
v 0.061808 -0.006608 -0.038089
v 0.062080 -0.005472 -0.037756
v 0.062930 -0.005816 -0.038643
v 0.062948 -0.006695 -0.039109
v 0.066196 -0.011879 -0.039339
v 0.068129 -0.012671 -0.038244
v 0.066918 -0.014125 -0.036959
v 0.065483 -0.013147 -0.038892
v 0.061433 -0.009242 -0.038689
v 0.061623 -0.007799 -0.038343
v 0.062661 -0.008265 -0.039654
v 0.062421 -0.009774 -0.040405
v 0.081629 0.018301 -0.037503
v 0.083552 0.018052 -0.039370
v 0.090085 0.009793 -0.045853
v 0.090578 0.007780 -0.046998
v 0.087400 0.014855 -0.044738
v 0.088024 0.013084 -0.045986
v 0.069261 -0.011330 -0.027759
v 0.070575 -0.011158 -0.029092
v 0.070280 -0.012743 -0.029218
v 0.091104 0.012321 -0.045352
v 0.090771 0.015203 -0.047447
v 0.068042 -0.028419 -0.026373
v 0.066873 -0.030021 -0.025475
v 0.042378 -0.100625 -0.020568
v 0.052607 -0.095397 -0.032381
v 0.052045 -0.105467 -0.033078
v 0.042437 -0.110678 -0.021594
v 0.078108 0.015591 -0.030693
v 0.076589 0.018402 -0.031191
v 0.061469 -0.011203 -0.039109
v 0.061471 -0.011352 -0.039199
v 0.063984 -0.013091 -0.038446
v 0.065483 -0.007285 -0.035392
v 0.062199 -0.006878 -0.037266
v 0.066869 -0.010459 -0.038975
v 0.066118 -0.005353 -0.037415
v 0.065567 -0.004152 -0.036305
v 0.066011 -0.016844 -0.034586
v 0.067234 -0.017834 -0.036213
v 0.068196 -0.018288 -0.032955
v 0.062806 -0.011864 -0.040488
v 0.074218 0.004882 -0.037669
v 0.069460 -0.010146 -0.038150
v 0.070836 -0.012195 -0.039990
v 0.069950 -0.013843 -0.039413
v 0.068821 -0.011811 -0.038368
v 0.076599 -0.021841 -0.038952
v 0.076487 -0.020065 -0.039048
v 0.069463 -0.016284 -0.042087
v 0.072244 -0.016748 -0.039862
v 0.073753 -0.000577 -0.035750
v 0.074770 0.002303 -0.033197
v 0.070758 -0.003406 -0.034474
v 0.069356 -0.008050 -0.037209
v 0.071377 -0.010270 -0.039181
v 0.065622 -0.006177 -0.035479
v 0.068457 -0.005830 -0.033517
v 0.068274 -0.004801 -0.033827
v 0.065637 -0.005247 -0.035692
v 0.079782 0.009783 -0.038031
v 0.075010 0.016392 -0.029747
v 0.077046 0.013118 -0.029679
v 0.080448 0.027595 -0.055292
v 0.078897 0.019560 -0.060436
v 0.077649 0.019955 -0.047510
v 0.067591 -0.008887 -0.038532
v 0.062359 -0.004974 -0.037749
v 0.062816 -0.005523 -0.037353
v 0.083876 -0.017932 -0.045005
v 0.068567 -0.019073 -0.032514
v 0.072445 0.004169 -0.033168
v 0.084293 -0.009374 -0.052151
v 0.083013 -0.014761 -0.050533
v 0.072179 0.005581 -0.033438
v 0.072383 0.006604 -0.033380
v 0.068225 -0.017801 -0.036981
v 0.069612 -0.017785 -0.034009
v 0.072670 0.006872 -0.033062
v 0.071036 -0.011583 -0.030437
v 0.084624 0.009707 -0.041803
v 0.074155 -0.029248 -0.040681
v 0.071762 -0.030681 -0.038196
v 0.062599 -0.005914 -0.037027
v 0.065614 -0.013933 -0.036521
v 0.066513 -0.007002 -0.037774
v 0.070373 -0.007822 -0.032290
v 0.069955 -0.009971 -0.032235
v 0.071151 -0.009335 -0.030097
v 0.073476 -0.016148 -0.041300
v 0.070514 -0.014182 -0.043848
v 0.072034 -0.013359 -0.045579
v 0.075571 -0.015068 -0.042157
v 0.081339 -0.019810 -0.048521
v 0.079027 -0.024286 -0.045748
v 0.081301 -0.026321 -0.045596
v 0.084255 -0.021383 -0.048039
v 0.083042 0.043707 -0.064003
v 0.079848 0.033188 -0.048477
v 0.081493 0.050053 -0.052661
v 0.082405 0.018789 -0.046115
v 0.082513 0.016568 -0.047589
v 0.088172 0.017106 -0.048886
v 0.075426 0.023318 -0.034105
v 0.076480 0.020668 -0.037281
v 0.077835 0.020605 -0.035166
v 0.088845 -0.004850 -0.052940
v 0.071701 0.005469 -0.027822
v 0.074142 0.005608 -0.029152
v 0.076641 -0.017475 -0.048527
v 0.076426 -0.016920 -0.039539
v 0.079126 -0.016140 -0.040653
v 0.086482 0.018431 -0.038444
v 0.083985 0.016320 -0.036387
v 0.005338 -0.111977 0.006433
v 0.006780 -0.119131 0.001899
v -0.015174 -0.009131 0.057374
v -0.013946 -0.009350 0.056389
v -0.015160 -0.007795 0.054973
v -0.015609 -0.007764 0.055477
v -0.014567 -0.017710 0.057175
v -0.015139 -0.016417 0.056342
v -0.013753 -0.016508 0.055653
v -0.012899 -0.017375 0.056731
v -0.016346 -0.007614 0.054838
v -0.017964 -0.009477 0.057363
v -0.017040 -0.009306 0.058113
v -0.016073 -0.007703 0.055199
v 0.086885 0.021532 -0.039232
v -0.010732 -0.016941 0.057755
v -0.011798 -0.015262 0.056919
v -0.011839 -0.014778 0.058550
v -0.009779 -0.015858 0.059548
v -0.019584 -0.015666 0.063833
v -0.018540 -0.013628 0.063968
v -0.019116 -0.014786 0.061828
v -0.019045 -0.016656 0.061393
v -0.016389 -0.013269 0.063621
v -0.014899 -0.013210 0.065837
v -0.012828 -0.013310 0.064449
v -0.014600 -0.013766 0.062380
v -0.017983 -0.013365 0.057614
v -0.017247 -0.015303 0.058926
v -0.019317 -0.012553 0.060444
v -0.011955 -0.012736 0.057064
v -0.011983 -0.013684 0.055958
v -0.013714 -0.010324 0.055379
v -0.013428 -0.009972 0.055220
v 0.044164 -0.083645 -0.018425
v 0.053683 -0.081598 -0.032129
v 0.015350 0.005577 0.042955
v 0.014393 0.002708 0.043868
v 0.010158 0.003879 0.043737
v 0.011252 0.006333 0.042966
v 0.071300 -0.007338 -0.029158
v 0.070330 -0.006596 -0.028366
v 0.082791 0.014011 -0.048980
v 0.086156 0.016048 -0.044518
v 0.082358 0.020330 -0.044246
v 0.080941 0.021868 -0.039813
v 0.079389 0.020571 -0.039453
v 0.080257 0.018843 -0.043186
v 0.089191 0.015889 -0.042556
v 0.069578 -0.020522 -0.032162
v 0.081845 0.005855 -0.040561
v 0.079966 0.022323 -0.037533
v 0.083128 0.023502 -0.037320
v 0.087646 -0.004834 -0.048670
v 0.090105 0.014554 -0.044137
v 0.088718 0.012927 -0.043226
v 0.080575 0.014383 -0.032048
v 0.074544 -0.010779 -0.046168
v 0.079747 -0.010876 -0.042894
v 0.077831 -0.013550 -0.042595
v -0.085603 0.012811 -0.087790
v -0.085552 0.010323 -0.089047
v -0.086401 0.008506 -0.087339
v -0.086394 0.010600 -0.085935
v -0.081938 -0.004473 -0.086873
v -0.082077 0.002498 -0.087909
v -0.083051 0.005015 -0.088643
v -0.083609 0.002790 -0.088013
v 0.073747 -0.012715 -0.046108
v 0.072692 0.001230 -0.038369
v 0.066022 -0.015455 -0.023249
v 0.076170 -0.026297 -0.036353
v -0.082570 -0.014679 -0.083887
v -0.081327 -0.014085 -0.083625
v -0.082257 -0.009525 -0.085364
v -0.083865 -0.009951 -0.086029
v 0.077434 -0.025137 -0.038533
v 0.038137 -0.032485 -0.112936
v 0.044520 -0.021376 -0.117633
v 0.090597 -0.005228 -0.051223
v 0.082445 0.018476 -0.038770
v 0.071670 -0.020967 -0.032882
v 0.071616 -0.026185 -0.030632
v 0.069801 -0.025489 -0.029432
v 0.078211 0.008789 -0.037777
v 0.075827 -0.016035 -0.048591
v 0.075841 -0.013763 -0.049839
v 0.063046 -0.005197 -0.038321
v 0.078031 -0.022478 -0.045459
v 0.073539 -0.027357 -0.040724
v 0.057484 -0.078329 -0.046138
v 0.055960 -0.075053 -0.062619
v -0.074648 -0.034427 -0.056845
v -0.076543 -0.031627 -0.059864
v -0.076443 -0.034598 -0.061241
v -0.072476 -0.036004 -0.058790
v 0.056509 -0.086833 -0.061526
v 0.057477 -0.090939 -0.046238
v 0.066891 -0.001872 -0.023854
v 0.067854 -0.008763 -0.025863
v 0.067162 -0.009982 -0.024457
v 0.018880 -0.102307 0.001855
v 0.017667 -0.114773 -0.002794
v 0.064734 -0.014808 -0.019930
v 0.061813 -0.015447 -0.008666
v 0.063280 0.000342 -0.008670
v 0.064792 -0.004992 -0.019074
v 0.044827 0.030681 0.025075
v 0.047411 0.031154 0.021073
v 0.048013 0.021876 0.021263
v 0.045170 0.023061 0.024656
v 0.002774 0.087266 0.033421
v -0.007543 0.088371 0.033628
v -0.006507 0.095423 0.027670
v 0.004089 0.094130 0.027226
v 0.047268 -0.013021 -0.121156
v 0.050087 -0.002458 -0.125181
v 0.032161 -0.005278 -0.135654
v 0.029952 -0.015035 -0.130982
v 0.008647 0.111548 0.005240
v -0.002150 0.113082 0.005802
v -0.000030 0.118263 -0.004026
v -0.069375 -0.034597 -0.059222
v -0.072257 -0.035052 -0.063800
v -0.071584 -0.031793 -0.064943
v -0.069212 -0.031862 -0.061584
v 0.010875 0.116486 -0.004227
v 0.035568 0.003373 0.037212
v 0.037511 -0.002369 0.038129
v 0.033100 -0.002880 0.040961
v 0.031748 0.002943 0.039491
v 0.071168 -0.030607 -0.028475
v 0.069868 -0.029519 -0.027542
v -0.083693 0.021621 -0.074049
v -0.084200 0.017948 -0.073465
v -0.083395 0.016833 -0.071244
v -0.082731 0.020435 -0.071391
v -0.068967 -0.009174 -0.081357
v -0.067734 -0.015769 -0.079512
v -0.072996 -0.011010 -0.083128
v -0.073273 -0.008138 -0.083465
v 0.002489 0.122732 -0.015541
v 0.013561 0.120797 -0.015292
v -0.008235 0.012795 0.045072
v -0.081004 0.012116 -0.080110
v -0.080874 0.012709 -0.083029
v -0.081196 0.010700 -0.084319
v -0.080916 0.009424 -0.081981
v -0.082471 0.014344 -0.088126
v -0.082355 0.011560 -0.089583
v -0.073561 -0.025460 -0.056387
v -0.072742 -0.022045 -0.055471
v -0.072763 -0.020487 -0.056985
v -0.072927 -0.021486 -0.058572
v -0.071425 -0.009354 -0.073083
v -0.073508 -0.004860 -0.070800
v -0.080055 -0.025026 -0.078472
v -0.080203 -0.023202 -0.077528
v -0.081724 -0.019187 -0.081002
v -0.081414 -0.020536 -0.082445
v -0.007308 0.014619 0.042401
v -0.003439 0.011106 0.042003
v -0.004270 0.009206 0.044094
v -0.012029 0.061035 0.044990
v -0.010554 0.068673 0.042465
v -0.001457 0.068529 0.042914
v -0.003486 0.061011 0.045847
v 0.001323 0.008634 0.042036
v 0.000159 0.006705 0.043372
v -0.005238 0.101839 0.021088
v 0.005527 0.100520 0.020445
v 0.022992 0.127322 -0.064657
v -0.077534 -0.021079 -0.075235
v -0.079144 -0.018239 -0.078885
v -0.079680 -0.017545 -0.080801
v -0.079295 -0.019753 -0.078659
v 0.021761 0.127469 -0.056260
v 0.010885 0.130092 -0.058862
v -0.082601 0.014592 -0.081500
v -0.082364 0.016858 -0.076510
v -0.084117 0.015751 -0.075476
v -0.084808 0.013699 -0.079879
v 0.014439 0.129315 -0.070979
v 0.073759 0.000756 -0.079648
v 0.073804 -0.000825 -0.062603
v 0.077099 0.011139 -0.063440
v 0.078764 0.017217 -0.080601
v 0.029811 -0.095400 -0.007014
v 0.029466 -0.108104 -0.011012
v -0.074904 0.003408 -0.082930
v -0.073765 0.008296 -0.080376
v -0.073115 0.007636 -0.080167
v -0.073913 0.003437 -0.082591
v -0.082372 0.011861 -0.086018
v -0.082612 0.009688 -0.087334
v -0.081418 0.008407 -0.085783
v -0.076085 0.009257 -0.067740
v -0.077443 0.010249 -0.070051
v -0.077124 0.008794 -0.070930
v -0.077115 0.007562 -0.070164
v -0.075179 -0.035430 -0.064702
v -0.067703 -0.024348 -0.072478
v -0.068821 -0.023909 -0.074606
v -0.070833 -0.019765 -0.078216
v -0.069392 -0.018633 -0.078233
v 0.036898 0.052661 0.030946
v 0.039666 0.057702 0.026935
v 0.043466 0.050648 0.024173
v 0.040546 0.046657 0.028385
v -0.014179 0.048640 0.047873
v -0.006706 0.048580 0.049120
v -0.008530 0.042414 0.048970
v -0.014857 0.042345 0.048148
v -0.070685 -0.032722 -0.053691
v -0.073772 -0.032407 -0.054657
v -0.074062 -0.033476 -0.055874
v -0.070951 -0.034562 -0.055655
v 0.045064 0.015650 0.025299
v 0.048068 0.012890 0.023019
v 0.046189 0.004872 0.027893
v 0.042935 0.008582 0.029223
v 0.038660 0.004430 0.034591
v -0.078064 0.013580 -0.070443
v -0.079373 0.012941 -0.072604
v -0.077942 0.012141 -0.071767
v -0.077269 0.012520 -0.070145
v 0.041080 -0.001059 0.035053
v -0.081268 0.000728 -0.086106
v -0.080963 0.006981 -0.083701
v 0.000689 0.077898 0.039388
v -0.009142 0.078547 0.038989
v 0.046023 0.041257 0.021878
v 0.043226 0.039014 0.026264
v -0.011264 0.016224 0.046823
v -0.009915 0.017668 0.043508
v -0.012339 0.022057 0.045233
v -0.081644 -0.008182 -0.081219
v -0.080952 -0.007847 -0.083994
v -0.080959 -0.011870 -0.082420
v -0.081004 -0.011970 -0.079811
v -0.016891 0.021944 0.050271
v -0.016287 0.025911 0.048682
v -0.012769 0.025659 0.045846
v 0.015098 0.060666 0.042284
v 0.017336 0.067510 0.038973
v 0.025691 0.066189 0.035089
v 0.023436 0.059723 0.038581
v 0.006974 0.106189 0.013288
v -0.081758 -0.000440 -0.080950
v -0.081156 -0.000337 -0.084187
v -0.003841 0.107584 0.013940
v -0.015580 0.034898 0.047733
v -0.011028 0.035080 0.046791
v -0.011852 0.031481 0.045874
v -0.084426 0.007787 -0.085801
v -0.084519 0.002050 -0.086866
v -0.083654 0.008448 -0.086578
v -0.072651 0.011167 -0.077192
v -0.072304 0.014324 -0.081005
v -0.071170 0.008427 -0.083003
v -0.072524 0.008900 -0.079030
v -0.015647 0.031656 0.047732
v 0.005080 0.005028 0.043459
v 0.006128 0.007221 0.042572
v 0.063058 -0.029611 -0.036352
v 0.064351 -0.031011 -0.034067
v 0.068146 0.016123 -0.020938
v 0.065952 0.005526 -0.019573
v 0.064353 0.013430 -0.009515
v 0.065527 0.026530 -0.011732
v 0.068578 0.038780 -0.014876
v 0.070283 0.046976 -0.020040
v 0.072920 0.030688 -0.026596
v 0.070762 0.025169 -0.022947
v 0.053140 -0.084022 -0.075386
v 0.051143 -0.073591 -0.078048
v -0.017203 0.018882 0.053092
v -0.017736 0.015893 0.055723
v 0.037952 0.036823 -0.145554
v -0.072859 -0.016532 -0.057773
v -0.073639 -0.014345 -0.059444
v -0.071716 -0.016379 -0.060865
v -0.071252 -0.019008 -0.059859
v 0.036921 0.023264 -0.143925
v 0.055266 0.027254 -0.131595
v 0.056013 0.040176 -0.132791
v 0.069861 -0.009876 -0.076539
v -0.071723 -0.021874 -0.077163
v -0.069642 -0.024924 -0.073910
v -0.070245 -0.025580 -0.073377
v -0.072431 -0.023505 -0.075673
v 0.070529 -0.009488 -0.061031
v -0.013195 -0.011908 0.058566
v -0.015249 -0.007613 0.054247
v -0.014804 -0.010611 0.055576
v -0.015188 -0.007593 0.054338
v -0.012967 -0.014243 0.060666
v -0.010669 -0.014071 0.062415
v -0.014317 -0.014830 0.054972
v -0.015333 -0.014749 0.055205
v -0.015458 -0.010404 0.055643
v -0.014974 -0.007572 0.054399
v -0.022541 -0.017030 0.065566
v -0.022485 -0.015448 0.068557
v -0.018622 -0.014149 0.068107
v -0.019767 -0.015780 0.065826
v -0.016156 -0.007535 0.054922
v -0.017390 -0.010118 0.056310
v -0.018781 -0.011732 0.061843
v -0.016201 -0.009150 0.058039
v -0.015860 -0.007701 0.055372
v -0.016710 -0.011426 0.061350
v -0.017379 -0.017298 0.059288
v -0.014955 -0.011544 0.060142
v -0.080445 0.013704 -0.074794
v -0.080755 0.009516 -0.076035
v -0.079700 0.009490 -0.074562
v -0.075477 -0.020152 -0.067209
v -0.075445 -0.018908 -0.069304
v -0.076255 -0.021598 -0.070699
v -0.076389 -0.023565 -0.068725
v 0.074785 -0.017810 -0.038438
v 0.053005 -0.063199 -0.025635
v 0.056642 -0.048411 -0.031518
v 0.057427 -0.049395 -0.037335
v -0.077677 -0.031459 -0.071597
v -0.075056 -0.031999 -0.072111
v -0.073859 -0.033972 -0.068272
v -0.076486 -0.033820 -0.068414
v -0.072471 -0.020120 -0.059333
v -0.072566 -0.019077 -0.057315
v -0.076234 0.003700 -0.085109
v -0.075976 0.009469 -0.082121
v 0.055668 -0.065119 -0.034761
v 0.079878 0.008298 -0.038653
v 0.055434 0.058163 0.007777
v 0.058322 0.069309 -0.001667
v 0.065823 0.058247 -0.012044
v -0.080990 0.008013 -0.079960
v -0.081115 0.005822 -0.081490
v 0.064807 0.048063 -0.006814
v 0.060467 0.079173 -0.009612
v 0.067749 0.068873 -0.019198
v 0.072702 0.057078 -0.027944
v 0.077461 0.036513 -0.040486
v 0.024222 0.017587 0.039700
v 0.024358 0.017444 0.039822
v 0.022568 0.017170 0.040770
v -0.074272 -0.003953 -0.063449
v -0.072286 -0.003514 -0.064889
v -0.072617 -0.004332 -0.064840
v -0.075038 -0.005403 -0.063335
v 0.022626 0.017274 0.040670
v 0.023932 0.017804 0.039069
v 0.022213 0.017372 0.039787
v -0.074599 -0.004389 -0.061949
v -0.075139 -0.005951 -0.061904
v -0.074635 -0.006003 -0.060954
v -0.074324 -0.005187 -0.060718
v 0.025081 0.018128 0.038321
v 0.025431 0.017851 0.038876
v 0.025652 0.017637 0.038991
v 0.006280 0.018556 0.039424
v 0.007098 0.018933 0.039166
v 0.009659 0.017952 0.039900
v 0.008797 0.017947 0.040654
v 0.006002 0.018333 0.039715
v 0.008607 0.017664 0.041026
v -0.071482 -0.003279 -0.065271
v -0.071936 -0.003571 -0.065065
v -0.072087 -0.003057 -0.065159
v -0.072902 -0.000533 -0.077230
v -0.072598 -0.007890 -0.078864
v -0.071851 -0.009171 -0.078617
v -0.073562 -0.003465 -0.076602
v 0.011364 0.020738 0.034204
v 0.010892 0.021032 0.033987
v -0.081096 -0.006809 -0.085630
v 0.012130 0.020375 0.034498
v 0.004948 0.020435 0.036943
v 0.004923 0.021730 0.036947
v -0.081447 0.016957 -0.067051
v -0.080707 0.019692 -0.066613
v -0.082185 0.022337 -0.070896
v 0.010615 0.021993 0.033917
v 0.010633 0.021259 0.033845
v 0.005182 0.020045 0.037254
v -0.069078 -0.017447 -0.070594
v -0.073169 -0.017155 -0.068834
v -0.072840 -0.017197 -0.067014
v -0.070075 -0.017549 -0.068869
v -0.072085 -0.012370 -0.063900
v -0.069830 -0.015396 -0.063285
v -0.073624 -0.013950 -0.062033
v -0.074564 0.001326 -0.061727
v -0.073470 -0.002305 -0.064256
v -0.073924 -0.003263 -0.062997
v -0.074206 -0.002983 -0.061688
v -0.082315 -0.015337 -0.085276
v -0.083133 -0.010150 -0.087624
v -0.081266 -0.010330 -0.089019
v -0.080563 -0.015941 -0.086668
v 0.003591 0.019709 0.036882
v 0.002729 0.020013 0.036234
v -0.072216 -0.028991 -0.052933
v -0.066910 -0.031022 -0.055328
v -0.071405 -0.026002 -0.053392
v -0.085195 0.018990 -0.082524
v -0.083188 0.020727 -0.082332
v -0.082983 0.018856 -0.084607
v -0.085462 0.017196 -0.084681
v -0.072862 0.002372 -0.069382
v -0.072464 0.000472 -0.069165
v -0.073176 0.001482 -0.067886
v -0.073121 0.003624 -0.067880
v 0.002665 0.021712 0.036465
v 0.013798 0.016624 0.042097
v 0.013972 0.015784 0.042162
v 0.009173 0.016162 0.041459
v 0.008799 0.017079 0.041304
v 0.013669 0.017074 0.041945
v 0.017264 0.017145 0.041654
v 0.017310 0.016677 0.041771
v 0.017368 0.015843 0.041783
v -0.045608 -0.031815 -0.103772
v -0.055814 -0.032028 -0.086889
v -0.057902 -0.018223 -0.096971
v -0.048433 -0.018297 -0.111110
v -0.078650 -0.028453 -0.071052
v -0.078524 -0.030539 -0.068375
v -0.076694 0.008679 -0.060692
v -0.076283 0.010298 -0.059287
v -0.076620 0.015782 -0.060958
v -0.077470 0.012778 -0.061414
v 0.005904 0.017135 0.040530
v 0.005895 0.018022 0.040163
v 0.017338 0.015139 0.041804
v 0.014195 0.015075 0.042133
v -0.082686 0.004166 -0.091489
v -0.085266 0.003427 -0.090536
v 0.009376 0.015451 0.041452
v 0.005894 0.016665 0.040600
v 0.003279 0.017954 0.039304
v 0.004392 0.018153 0.039602
v 0.014207 0.014299 0.041988
v 0.014199 0.013496 0.041901
v 0.009244 0.013866 0.041420
v 0.009371 0.014676 0.041401
v -0.077823 0.013729 -0.068834
v -0.078834 0.016486 -0.072000
v -0.077901 0.014362 -0.070740
v -0.077306 0.013004 -0.068976
v -0.078375 0.005665 -0.065856
v -0.078927 0.006930 -0.065973
v -0.077093 0.007800 -0.065812
v -0.076174 0.006506 -0.065823
v 0.017386 0.014370 0.041544
v 0.017391 0.013521 0.041434
v -0.075860 0.015099 -0.058057
v -0.076191 0.020080 -0.061490
v 0.027171 0.017650 0.037510
v 0.027902 0.018152 0.036716
v 0.027848 0.017587 0.036785
v -0.065886 -0.024618 -0.070899
v 0.027394 0.017172 0.037181
v 0.030689 0.015208 0.034440
v 0.031843 0.016561 0.033916
v 0.033667 0.016041 0.032714
v -0.078117 0.007581 -0.063066
v -0.078807 0.010139 -0.063354
v -0.079457 0.008678 -0.065887
v -0.072054 -0.021294 -0.053354
v -0.072484 -0.019573 -0.055594
v -0.077058 0.012655 -0.068691
v -0.076512 0.011510 -0.068418
v -0.075573 0.007668 -0.066566
v -0.076005 0.006584 -0.068857
v 0.032293 0.014534 0.033682
v -0.078374 0.000340 -0.076540
v -0.078795 -0.007659 -0.078050
v 0.041166 0.006030 0.031736
v 0.034735 0.011708 0.033562
v 0.036514 0.013170 0.031793
v 0.026485 0.017470 0.038185
v 0.025644 0.017228 0.038970
v 0.026437 0.017799 0.038204
v 0.027129 0.018111 0.037371
v 0.026697 0.016789 0.037897
v 0.025776 0.016551 0.038778
v 0.024415 0.017098 0.039816
v 0.024493 0.016348 0.039709
v 0.022617 0.016061 0.040707
v 0.022547 0.016833 0.040753
v 0.020327 0.016712 0.041365
v -0.062653 -0.017945 -0.085299
v -0.061801 -0.030926 -0.068949
v 0.020634 0.017123 0.041293
v 0.020352 0.015876 0.041333
v 0.022755 0.015380 0.040511
v 0.020449 0.015204 0.041276
v 0.024575 0.015638 0.039364
v 0.025960 0.015967 0.038372
v 0.026963 0.016345 0.037416
v 0.027817 0.016750 0.036744
v 0.028407 0.017403 0.036289
v 0.027433 0.015847 0.036860
v 0.028261 0.015187 0.036159
v 0.026723 0.014658 0.037285
v 0.026273 0.015404 0.037899
v 0.028504 0.016373 0.036123
v 0.029532 0.015820 0.035295
v -0.075894 0.008223 -0.065875
v -0.076009 0.008781 -0.066089
v -0.075623 0.007988 -0.065728
v -0.075067 0.007120 -0.066053
v 0.024895 0.015047 0.038959
v 0.025072 0.014333 0.038500
v 0.022918 0.013922 0.039736
v 0.022872 0.014694 0.040187
v -0.078055 -0.032402 -0.065694
v -0.078395 0.006375 -0.074400
v -0.076588 0.004283 -0.071986
v -0.077931 0.006219 -0.072294
v 0.020555 0.014519 0.040992
v 0.020681 0.013643 0.040656
v -0.083931 -0.005456 -0.086211
v -0.085705 0.001807 -0.086718
v -0.086683 0.001998 -0.088324
v -0.084907 -0.005566 -0.087538
v 0.013639 0.017114 0.041735
v 0.013525 0.017273 0.040591
v 0.017092 0.017029 0.040674
v 0.017320 0.017072 0.041451
v 0.020670 0.017120 0.041196
v -0.067970 -0.033432 -0.057422
v -0.071986 -0.000222 -0.070437
v -0.073249 -0.001556 -0.069990
v 0.020145 0.017142 0.040402
v 0.017110 0.017038 0.039554
v 0.016303 0.019470 0.035077
v 0.017692 0.019487 0.034970
v 0.019964 0.017086 0.039353
v -0.074652 0.004939 -0.068886
v -0.074453 0.006216 -0.066256
v 0.013915 0.017343 0.039456
v 0.014745 0.019615 0.035049
v 0.010637 0.018153 0.038893
v -0.072696 -0.016614 -0.055550
v 0.013259 0.019975 0.034796
v 0.007933 0.018949 0.038608
v 0.015250 0.030095 0.042240
v 0.015054 0.030315 0.042636
v 0.020475 0.029664 0.042626
v 0.020122 0.029287 0.042290
v 0.061164 0.000841 -0.112156
v 0.064309 0.015779 -0.116746
v 0.053741 0.011298 -0.128919
v 0.022834 0.026854 0.041927
v 0.022843 0.027832 0.041701
v 0.025598 0.026584 0.040434
v 0.025461 0.025613 0.040483
v 0.022826 0.025765 0.042193
v -0.081768 0.015347 -0.083152
v -0.082219 0.013776 -0.084578
v -0.080955 0.014196 -0.081818
v -0.081105 0.015271 -0.080328
v -0.080967 0.017564 -0.078568
v -0.080508 0.018275 -0.078047
v -0.081501 0.016851 -0.081436
v -0.076564 0.005672 -0.070181
v -0.077431 0.006698 -0.071168
v 0.025257 0.024416 0.040628
v 0.019739 0.027032 0.043604
v -0.075995 -0.021297 -0.065551
v -0.076547 -0.026675 -0.065474
v -0.080363 -0.015332 -0.080172
v -0.080129 -0.014781 -0.077515
v -0.078616 -0.004674 -0.089123
v -0.078855 0.003944 -0.089018
v -0.077644 0.003729 -0.086828
v -0.077759 -0.004498 -0.087607
v 0.019782 0.028199 0.043253
v 0.019845 0.029010 0.042751
v 0.025004 0.022981 0.036410
v 0.024129 0.023876 0.036950
v -0.073317 -0.002491 -0.083446
v -0.070287 -0.001558 -0.082525
v -0.074172 -0.004384 -0.060110
v -0.074014 -0.000689 -0.057918
v -0.073607 0.004269 -0.067947
v -0.074024 0.005937 -0.066566
v -0.074759 -0.019425 -0.080563
v -0.072646 -0.026275 -0.072087
v -0.075239 -0.021510 -0.078838
v -0.069268 -0.026799 -0.069170
v -0.069444 -0.027708 -0.066818
v -0.071439 -0.027819 -0.068946
v 0.024486 0.023634 0.038467
v 0.025726 0.022906 0.037431
v 0.025834 0.022332 0.035956
v 0.026574 0.022232 0.036679
v 0.020861 0.022199 0.033317
v 0.020443 0.022524 0.033541
v 0.019852 0.022936 0.033857
v -0.077722 -0.019165 -0.074251
v -0.079069 -0.017829 -0.077149
v 0.021105 0.021878 0.033179
v -0.071955 -0.003733 -0.065994
v -0.070380 -0.005330 -0.067494
v -0.070212 -0.003857 -0.065430
v -0.080796 -0.000256 -0.078635
v -0.081170 -0.007943 -0.079329
v -0.078352 0.009132 -0.066526
v 0.021209 0.021527 0.033113
v -0.075914 -0.000084 -0.065588
v -0.076936 0.003212 -0.063863
v -0.081284 0.012013 -0.067084
v -0.079932 0.010601 -0.067355
v -0.079173 0.009794 -0.066935
v -0.080187 0.010314 -0.066163
v -0.065263 -0.012542 -0.066048
v -0.067765 -0.014280 -0.064667
v -0.069532 -0.011329 -0.064419
v 0.021178 0.021152 0.033117
v 0.021056 0.020825 0.033258
v 0.043535 -0.009261 0.033165
v 0.043871 0.001138 0.031614
v -0.080449 0.017465 -0.075581
v -0.080743 0.015701 -0.076689
v -0.076984 0.010103 -0.083935
v 0.046686 -0.006673 0.029213
v 0.026208 0.018108 0.038021
v -0.077806 0.010520 -0.071024
v -0.077340 0.009275 -0.072060
v 0.026945 0.018488 0.037223
v -0.075582 0.022120 -0.075649
v -0.076652 0.019566 -0.072424
v -0.076625 0.019858 -0.071214
v -0.076344 0.024431 -0.071234
v 0.025829 0.018402 0.037578
v -0.069332 -0.030307 -0.062871
v -0.071288 -0.030072 -0.066639
v -0.070951 -0.028851 -0.067092
v -0.069546 -0.028853 -0.064319
v -0.072406 -0.017347 -0.066248
v -0.070339 -0.017733 -0.067817
v 0.026500 0.018817 0.036911
v -0.080475 -0.014003 -0.083212
v -0.080236 -0.014882 -0.082058
v -0.080827 -0.010897 -0.084236
v -0.080835 -0.009481 -0.085219
v 0.027694 0.019087 0.036472
v 0.028039 0.018792 0.036466
v 0.023494 0.017882 0.038250
v 0.019640 0.019825 0.034466
v 0.020206 0.020019 0.034136
v -0.072907 0.003039 -0.072872
v -0.072762 0.002116 -0.071638
v -0.075075 0.014912 -0.074218
v -0.076833 0.016786 -0.075925
v -0.077425 0.018840 -0.072764
v -0.075913 0.017213 -0.072399
v -0.078236 0.010848 -0.086176
v 0.024454 0.018381 0.037523
v 0.021884 0.017459 0.038820
v 0.018774 0.019632 0.034748
v 0.020569 0.020263 0.033848
v 0.020862 0.020501 0.033510
v -0.077480 0.007769 -0.072046
v -0.077633 0.007953 -0.072934
v 0.024972 0.018750 0.036909
v -0.077389 0.008164 -0.071466
v 0.025605 0.019214 0.036273
v 0.027006 0.019496 0.036405
v -0.075377 0.005627 -0.065957
v -0.077476 0.004531 -0.066424
v -0.080570 0.012374 -0.068495
v -0.082349 0.015665 -0.071433
v -0.081233 0.016190 -0.072607
v -0.080010 0.013210 -0.068655
v 0.026267 0.020387 0.035473
v 0.026351 0.021027 0.035502
v 0.027168 0.020083 0.036190
v -0.076638 0.010375 -0.066758
v 0.027293 0.020806 0.036113
v 0.026050 0.019833 0.035731
v -0.004504 -0.033091 -0.125208
v -0.003245 -0.022810 -0.132864
v 0.026206 0.021686 0.035641
v 0.027090 0.021436 0.036324
v 0.028294 0.018293 0.036367
v 0.028417 0.019258 0.036181
v 0.028989 0.020388 0.035673
v 0.028859 0.018358 0.035947
v -0.079550 0.019452 -0.065838
v -0.078864 0.020834 -0.069159
v -0.079773 0.021733 -0.069939
v -0.079956 0.020204 -0.066516
v -0.080921 0.014194 -0.079938
v 0.029681 0.018448 0.035347
v 0.029188 0.017160 0.035575
v 0.030089 0.021216 0.035404
v 0.031566 0.021721 0.034851
v -0.083204 0.010896 -0.085409
v -0.074522 -0.003512 -0.069071
v -0.071788 -0.006175 -0.069272
v 0.031069 0.018525 0.034537
v 0.030309 0.016979 0.034760
v 0.028115 0.019813 0.036176
v -0.062758 -0.006813 -0.066270
v -0.063123 -0.005676 -0.066152
v -0.063558 -0.006003 -0.067284
v -0.063403 -0.006873 -0.067632
v 0.028274 0.020481 0.035913
v 0.029325 0.022365 0.036538
v -0.066474 -0.012083 -0.068932
v -0.068783 -0.012899 -0.068632
v -0.068200 -0.014347 -0.066902
v -0.066098 -0.013350 -0.068088
v 0.030131 0.023363 0.036417
v 0.028599 0.021657 0.036640
v 0.027872 0.022512 0.037741
v 0.028394 0.023366 0.037742
v -0.062215 -0.009414 -0.066485
v -0.062501 -0.007989 -0.066348
v -0.062947 -0.008442 -0.067919
v -0.062527 -0.009975 -0.068311
v 0.028998 0.024267 0.037603
v 0.027224 0.024335 0.039057
v -0.080183 0.018029 -0.073835
v -0.081290 0.017837 -0.076212
v 0.027599 0.025336 0.039021
v 0.026833 0.023338 0.039054
v 0.027984 0.021336 0.036529
v -0.085444 0.009571 -0.084533
v -0.085544 0.007562 -0.085674
v -0.083020 0.014624 -0.082578
v -0.083250 0.012845 -0.083950
v 0.027320 0.022106 0.037380
v 0.026321 0.022927 0.038473
v 0.024925 0.023542 0.040126
v -0.073919 -0.011759 -0.059278
v -0.074587 -0.011545 -0.061077
v -0.074261 -0.013117 -0.061027
v -0.086605 0.012081 -0.084473
v -0.085602 0.014944 -0.086203
v -0.074027 -0.028687 -0.055260
v -0.073381 -0.030278 -0.053795
v -0.047794 -0.101313 -0.028387
v -0.056185 -0.096014 -0.041762
v -0.055510 -0.106282 -0.040273
v -0.046858 -0.111305 -0.027624
v -0.080683 0.015126 -0.065443
v -0.079312 0.017849 -0.064986
v 0.022712 0.024668 0.041805
v 0.022244 0.024576 0.039869
v 0.019650 0.025972 0.043094
v -0.062278 -0.011456 -0.066807
v -0.062255 -0.011561 -0.066812
v -0.064890 -0.013289 -0.067099
v -0.067423 -0.007602 -0.065230
v -0.063645 -0.007190 -0.065684
v 0.019230 0.025383 0.040956
v 0.015373 0.031285 0.043428
v 0.021278 0.030826 0.043322
v 0.019078 0.025536 0.039016
v 0.017392 0.023675 0.034785
v 0.015723 0.023794 0.035014
v 0.015756 0.025566 0.039401
v -0.067086 -0.010613 -0.069051
v 0.005352 0.022738 0.037594
v 0.006185 0.023688 0.038387
v -0.066953 -0.005467 -0.067600
v -0.067082 -0.004390 -0.066327
v -0.068637 -0.017223 -0.063827
v -0.069247 -0.018151 -0.065824
v -0.071452 -0.018609 -0.063098
v -0.062888 -0.011974 -0.068402
v -0.074174 0.004406 -0.071149
v 0.011238 0.022822 0.034540
v 0.010823 0.022446 0.034209
v 0.003716 0.022721 0.037880
v 0.004922 0.023772 0.038976
v -0.069769 -0.010266 -0.069479
v -0.070390 -0.012390 -0.071608
v -0.069884 -0.014049 -0.070562
v -0.069158 -0.011957 -0.069243
v -0.076548 -0.022005 -0.072293
v -0.076572 -0.020237 -0.072298
v -0.068249 -0.016571 -0.072871
v -0.072143 -0.016932 -0.071733
v -0.074620 -0.000797 -0.069172
v -0.076484 0.001999 -0.067161
v -0.072530 -0.003668 -0.066671
v -0.070048 -0.008165 -0.068638
v -0.071115 -0.010392 -0.071210
v -0.067488 -0.006488 -0.065448
v -0.070874 -0.006138 -0.064725
v -0.070566 -0.005086 -0.064995
v -0.067400 -0.005534 -0.065721
v -0.078600 0.009451 -0.073606
v -0.078232 0.016002 -0.062858
v -0.079626 0.012799 -0.064146
v -0.074229 0.026864 -0.087319
v -0.071306 0.018929 -0.091847
v -0.074249 0.019159 -0.079281
v -0.067881 -0.008982 -0.069125
v -0.063381 -0.005161 -0.066332
v -0.064150 -0.005825 -0.066151
v -0.080534 -0.018194 -0.081011
v -0.072164 -0.019364 -0.062737
v -0.074331 0.003773 -0.066197
v -0.078404 -0.009832 -0.087968
v -0.077849 -0.015230 -0.085919
v -0.074020 0.005128 -0.066371
v -0.074175 0.006125 -0.066410
v -0.069885 -0.018113 -0.066958
v -0.072181 -0.017978 -0.064948
v -0.074490 0.006391 -0.066222
v -0.074494 -0.011932 -0.062483
v -0.081226 0.009395 -0.078846
v 0.009751 0.025035 0.039292
v 0.012788 0.023427 0.035036
v -0.073630 -0.029447 -0.072329
v -0.072529 -0.030840 -0.068982
v 0.011848 0.023141 0.034820
v -0.064093 -0.006228 -0.065681
v 0.008016 0.024381 0.038794
v -0.067152 -0.014153 -0.065986
v -0.067217 -0.007159 -0.067958
v 0.008739 0.025536 0.041043
v 0.006498 0.024624 0.039928
v 0.015642 0.025863 0.041457
v -0.073142 -0.008184 -0.064179
v -0.072777 -0.010315 -0.063792
v -0.074745 -0.009710 -0.062388
v 0.039038 0.072543 -0.142015
v 0.039116 0.056993 -0.145423
v -0.072791 -0.016275 -0.073551
v -0.068827 -0.014488 -0.074978
v -0.069787 -0.013674 -0.077159
v -0.074425 -0.015104 -0.075095
v -0.077007 -0.020215 -0.083286
v -0.075997 -0.024598 -0.079593
v -0.077945 -0.026319 -0.079748
v -0.079594 -0.021479 -0.083740
v 0.056507 0.058793 -0.132777
v 0.056038 0.072279 -0.130102
v -0.073273 0.043064 -0.096094
v -0.076028 0.032384 -0.080664
v -0.075999 0.049325 -0.084969
v -0.078636 0.018304 -0.081350
v -0.078180 0.016138 -0.082891
v -0.082646 0.016789 -0.086476
v -0.077025 0.022502 -0.066364
v -0.076710 0.019959 -0.069893
v -0.078822 0.019955 -0.068750
v -0.081751 -0.005099 -0.090622
v 0.021774 0.024819 0.038116
v 0.018758 0.023368 0.034350
v 0.064219 0.073351 -0.120462
v 0.062904 0.081868 -0.117760
v 0.055532 0.083835 -0.124957
v 0.039188 -0.061257 -0.096892
v 0.029402 -0.072873 -0.104835
v -0.075756 0.005062 -0.060802
v -0.077351 0.005237 -0.063137
v 0.001450 0.022401 0.038729
v -0.073745 -0.018199 -0.081218
v 0.003156 0.023744 0.039564
v -0.076434 -0.017061 -0.072693
v -0.078316 -0.016260 -0.074898
v -0.085083 0.018059 -0.076057
v -0.083094 0.016063 -0.073400
v 0.000356 0.021188 0.038059
v -0.000321 0.021018 0.037949
v 0.000765 0.022495 0.038545
v 0.002219 0.023961 0.039352
v 0.005245 0.024904 0.040500
v 0.004432 0.025332 0.040717
v 0.007706 0.026773 0.042493
v 0.007935 0.025934 0.042205
v 0.015327 0.026766 0.043401
v 0.015286 0.027757 0.043884
v 0.007284 0.027743 0.041874
v 0.004014 0.025909 0.040140
v 0.006763 0.028726 0.041269
v 0.003886 0.026917 0.039858
v 0.015378 0.029714 0.042731
v 0.015386 0.028900 0.043537
v 0.003243 0.018832 0.038808
v 0.000984 0.019251 0.038203
v 0.003801 0.019087 0.038792
v 0.001389 0.019483 0.038099
v 0.005121 0.019470 0.038205
v 0.000581 0.020019 0.037770
v -0.000186 0.019835 0.037784
v -0.015293 -0.111870 0.004087
v -0.013532 -0.118973 0.000040
v 0.006011 0.019597 0.037974
v 0.000133 0.022572 0.037940
v -0.001226 0.020847 0.037589
v -0.000845 0.023116 0.036908
v -0.001850 0.021000 0.036928
v 0.001433 0.025496 0.038033
v 0.001721 0.024282 0.038451
v -0.001155 0.019701 0.037435
v -0.000591 0.019211 0.037742
v -0.001857 0.019670 0.037073
v -0.001292 0.019014 0.037450
v 0.005653 0.015983 0.040598
v 0.005371 0.015329 0.040536
v 0.002501 0.017435 0.039252
v 0.001878 0.017002 0.039031
v 0.014020 0.012650 0.041689
v 0.017325 0.012659 0.041393
v 0.013677 0.011552 0.041686
v -0.029851 -0.009106 0.054243
v -0.030600 -0.009312 0.052855
v -0.028946 -0.007768 0.052036
v -0.028721 -0.007738 0.052680
v 0.017208 0.011541 0.041282
v 0.008460 0.012037 0.041457
v 0.009000 0.012961 0.041433
v 0.030247 -0.116367 -0.012875
v 0.029196 0.014380 0.035623
v 0.030352 0.013437 0.035204
v 0.028383 0.012620 0.036653
v 0.027400 0.013849 0.036789
v 0.025396 0.013418 0.038047
v -0.030378 -0.017704 0.053787
v -0.029543 -0.016421 0.053264
v -0.030526 -0.016507 0.052091
v -0.031728 -0.017356 0.052701
v 0.025866 0.012089 0.038098
v 0.023117 0.011786 0.039371
v 0.022941 0.012963 0.039373
v 0.020734 0.012804 0.040424
v 0.020564 0.011513 0.040433
v 0.032918 0.018109 0.033507
v 0.033994 0.021583 0.033242
v 0.034792 0.017486 0.032235
v 0.036521 0.021204 0.031561
v -0.002615 0.024256 0.036653
v -0.027819 -0.007596 0.052378
v -0.027314 -0.009472 0.055349
v -0.028463 -0.009298 0.055655
v -0.028206 -0.007684 0.052605
v -0.002909 0.021376 0.036365
v -0.004354 0.025002 0.037237
v -0.004456 0.022085 0.036828
v -0.003164 0.027897 0.038446
v -0.001105 0.027096 0.037704
v -0.002658 0.019763 0.036815
v -0.001948 0.018711 0.037043
v -0.003789 0.019693 0.036882
v -0.002882 0.018227 0.037222
v 0.004865 0.014539 0.040377
v 0.004333 0.013659 0.040301
v 0.001240 0.016422 0.039021
v 0.000344 0.015614 0.038850
v 0.057569 -0.010245 -0.108497
v 0.065735 0.031547 -0.119148
v 0.028995 0.034668 0.042070
v 0.026571 0.031898 0.042420
v 0.022725 0.033121 0.043952
v 0.024584 0.036522 0.044335
v 0.031890 0.038513 0.040431
v 0.034664 0.035052 0.038136
v 0.032020 0.032319 0.039739
v 0.029542 0.030162 0.040648
v 0.034695 0.024497 0.034157
v 0.032690 0.024486 0.035411
v 0.032499 0.026281 0.036705
v 0.034452 0.026956 0.035579
v 0.037225 0.024539 0.032408
v 0.037211 0.027857 0.034054
v 0.033534 0.029462 0.037575
v 0.031237 0.028137 0.038558
v 0.036321 0.031078 0.036195
v 0.004301 0.032893 0.042409
v 0.005134 0.031361 0.041339
v 0.002503 0.029097 0.039592
v 0.001019 0.029741 0.039842
v 0.003105 0.034273 0.043073
v -0.001074 0.030637 0.040172
v 0.017232 0.037061 0.045933
v 0.016410 0.034050 0.044722
v 0.006458 0.029364 0.040716
v 0.004498 0.027989 0.040181
v 0.006172 0.029512 0.040570
v 0.003971 0.027922 0.039860
v 0.068168 0.092595 -0.098566
v 0.067849 0.098497 -0.085828
v 0.053023 0.109328 -0.095361
v 0.054540 0.101989 -0.107633
v 0.022896 0.028133 0.041867
v 0.023547 0.028672 0.041784
v 0.026258 0.027538 0.040540
v 0.025692 0.027058 0.040615
v 0.027920 0.025982 0.039031
v 0.028493 0.026480 0.039066
v 0.029960 0.025360 0.037628
v 0.029440 0.025035 0.037674
v 0.030287 0.024231 0.036624
v 0.030854 0.024270 0.036316
v 0.003968 0.028849 0.040059
v 0.005866 0.030008 0.040934
v 0.065761 0.061550 -0.121427
v 0.028511 0.073418 0.030526
v 0.036633 0.069957 0.025411
v 0.033606 0.063484 0.030601
v 0.024471 0.029753 0.042383
v 0.027400 0.028523 0.040861
v 0.029547 0.027194 0.039061
v 0.030981 0.025798 0.037474
v 0.031636 0.024803 0.036373
v 0.066996 -0.012793 -0.024562
v 0.067519 -0.012710 -0.026105
v 0.078742 -0.002631 -0.050020
v 0.076348 0.003890 -0.049464
v 0.074917 0.007327 -0.048447
v 0.077566 0.014420 -0.033456
v 0.080083 0.017442 -0.035825
v 0.081514 -0.021250 -0.042550
v 0.077483 -0.023151 -0.039573
v -0.085340 0.021131 -0.076841
v 0.081358 -0.020317 -0.043094
v 0.088012 0.013348 -0.043646
v 0.088646 0.011756 -0.044929
v 0.089475 0.011412 -0.044437
v 0.047629 -0.031794 -0.101421
v 0.054318 -0.019076 -0.105254
v 0.089095 0.010029 -0.046248
v 0.069581 -0.008108 -0.027869
v 0.080030 -0.003131 -0.049945
v 0.082076 -0.003728 -0.051325
v 0.083077 -0.008826 -0.051405
v 0.082091 -0.008283 -0.050934
v 0.082006 -0.013858 -0.049859
v 0.081128 -0.012995 -0.049553
v 0.083353 -0.017452 -0.045251
v 0.083992 -0.013073 -0.047961
v 0.081370 0.017839 -0.036984
v 0.081138 0.017069 -0.036269
v 0.082186 0.017838 -0.037264
v 0.070685 -0.009235 -0.029050
v 0.075882 0.012241 -0.033859
v 0.075301 0.010476 -0.032182
v 0.075085 0.010925 -0.032711
v 0.069520 -0.004365 -0.033218
v 0.069327 -0.003557 -0.033401
v 0.070594 -0.005819 -0.032662
v 0.071838 -0.007099 -0.030293
v 0.066657 -0.014587 -0.033715
v 0.066599 -0.015297 -0.035308
v 0.065922 -0.015992 -0.034905
v 0.084667 0.023539 -0.040027
v 0.075341 0.009497 -0.031754
v 0.076600 0.010471 -0.031884
v 0.077245 0.011585 -0.032099
v 0.082925 0.017151 -0.037276
v 0.077780 0.012465 -0.032230
v 0.076801 0.012555 -0.032615
v 0.078279 0.014113 -0.033175
v 0.076220 0.012671 -0.033119
v 0.074199 -0.012066 -0.045888
v 0.072814 -0.012126 -0.044139
v 0.068558 0.007291 -0.024653
v 0.069528 0.005288 -0.026301
v 0.076092 -0.023896 -0.037625
v 0.074629 0.013077 -0.042800
v 0.076263 0.016092 -0.044677
v 0.086089 -0.008999 -0.048752
v 0.077393 -0.015333 -0.040968
v 0.075071 -0.016282 -0.040134
v 0.079869 -0.013959 -0.041876
v 0.082181 -0.011405 -0.042867
v 0.072800 0.003609 -0.036607
v 0.082986 0.007824 -0.040493
v 0.083603 0.005656 -0.041661
v 0.081369 0.008001 -0.039485
v 0.077220 0.019355 -0.043085
v 0.076952 0.019038 -0.040464
v 0.074052 0.016000 -0.042169
v 0.076611 0.017169 -0.039858
v 0.068459 -0.011285 -0.032941
v 0.066864 -0.016745 -0.037349
v 0.069206 -0.015515 -0.038038
v 0.068069 -0.017353 -0.037956
v 0.069937 -0.016480 -0.039197
v 0.070467 -0.015245 -0.040569
v 0.071177 -0.013575 -0.041574
v 0.072512 -0.011735 -0.041224
v 0.068336 -0.007356 -0.033435
v 0.074601 0.019473 -0.031363
v 0.067885 -0.009141 -0.033613
v 0.069746 -0.005649 -0.032953
v 0.069605 -0.007360 -0.032681
v 0.069079 -0.009235 -0.032603
v 0.072181 -0.019083 -0.034595
v 0.072805 -0.017595 -0.036941
v 0.071043 -0.018490 -0.034149
v 0.073658 -0.017123 -0.038914
v 0.069982 -0.018083 -0.033893
v 0.076152 0.013949 -0.041902
v 0.077037 0.016796 -0.041738
v 0.066445 -0.009406 -0.023006
v 0.049728 -0.001738 0.024382
v 0.052238 0.007647 0.018905
v 0.008401 -0.049268 0.038554
v 0.007609 -0.052246 0.038860
v 0.039652 -0.011764 0.036902
v 0.034420 -0.014524 0.040839
v 0.004770 -0.043913 0.049448
v 0.003868 -0.044521 0.049458
v 0.002943 -0.043931 0.049555
v 0.003782 -0.043784 0.049344
v 0.002106 -0.043031 0.047765
v 0.003143 -0.043535 0.047112
v 0.003026 -0.043531 0.048372
v 0.002068 -0.043048 0.048905
v 0.007953 -0.029415 0.050996
v 0.011915 -0.025318 0.050403
v 0.015097 -0.029638 0.049785
v 0.011336 -0.033024 0.050572
v 0.006048 -0.046148 0.040462
v 0.005866 -0.044600 0.040860
v 0.004629 -0.044176 0.043473
v 0.004615 -0.044847 0.043144
v 0.006000 -0.047130 0.040483
v 0.004447 -0.045175 0.043106
v 0.008348 -0.047580 0.038438
v 0.008012 -0.044998 0.038571
v 0.014400 -0.050187 0.047286
v 0.010531 -0.047998 0.048247
v 0.011381 -0.045006 0.048850
v 0.015298 -0.045726 0.047957
v 0.004632 -0.017606 0.049721
v 0.008489 -0.021174 0.050291
v 0.005341 -0.025748 0.050650
v 0.001372 -0.021276 0.049753
v -0.002467 -0.016750 0.049440
v 0.000545 -0.013538 0.049045
v -0.005126 -0.008896 0.052301
v -0.004629 -0.012655 0.053707
v -0.005846 -0.013788 0.056900
v -0.005316 -0.011591 0.055865
v -0.007175 -0.017977 0.055214
v -0.004136 -0.014894 0.052165
v -0.011214 -0.019313 0.055069
v -0.034092 -0.016883 0.052792
v -0.032808 -0.015223 0.052461
v -0.033370 -0.014716 0.053977
v -0.035627 -0.015758 0.054060
v -0.011588 -0.018825 0.056007
v -0.006722 -0.018304 0.053761
v -0.028327 -0.015699 0.061919
v -0.029342 -0.013639 0.061609
v -0.028079 -0.014823 0.059881
v -0.027954 -0.016723 0.059483
v -0.006065 -0.019160 0.051863
v -0.010451 -0.019848 0.054008
v -0.012355 -0.018018 0.056797
v -0.009441 -0.017659 0.057291
v -0.031136 -0.013261 0.060444
v -0.033306 -0.013156 0.061913
v -0.034698 -0.013237 0.059812
v -0.032267 -0.013725 0.058604
v -0.027439 -0.013364 0.055580
v -0.028664 -0.015315 0.056492
v -0.027328 -0.012563 0.058692
v -0.032689 -0.012689 0.052685
v -0.032255 -0.013653 0.051686
v -0.030401 -0.010299 0.051857
v -0.030592 -0.009941 0.051588
v -0.008230 -0.015390 0.058992
v -0.020037 -0.016651 0.063451
v -0.019272 -0.015321 0.065627
v -0.011830 0.014028 0.049801
v -0.008601 0.010487 0.047526
v -0.012146 0.011441 0.052026
v -0.009041 0.008199 0.049632
v -0.009503 -0.013020 0.062164
v -0.007881 -0.011144 0.060915
v -0.012690 -0.011847 0.065319
v -0.011778 -0.009186 0.065112
v -0.016003 0.028950 0.047967
v -0.021191 -0.020401 0.059079
v -0.020743 -0.020984 0.058700
v -0.021718 -0.018993 0.060614
v 0.037486 0.095021 -0.129598
v 0.035852 0.107296 -0.118539
v 0.030530 0.120289 -0.096006
v 0.025895 0.124445 -0.084269
v -0.017536 -0.037485 0.060004
v -0.017864 -0.034705 0.060035
v -0.007381 -0.042307 0.045932
v -0.012905 -0.042482 0.046158
v -0.013649 -0.043479 0.049119
v -0.008091 -0.043622 0.049060
v -0.004168 -0.043444 0.048204
v -0.002960 -0.042160 0.045106
v -0.006761 -0.040792 0.043445
v -0.012362 -0.040916 0.043240
v -0.009802 -0.044528 0.054455
v -0.015322 -0.044224 0.055279
v -0.016202 -0.042548 0.057634
v -0.010503 -0.042906 0.056369
v -0.003130 -0.023268 0.051271
v -0.007622 -0.022785 0.052904
v -0.012388 -0.022841 0.055581
v -0.016072 -0.023095 0.057541
v -0.016839 -0.021067 0.057580
v -0.013996 -0.020485 0.055947
v -0.017294 -0.020248 0.057756
v -0.014630 -0.019815 0.056358
v -0.014906 -0.019190 0.056854
v -0.014589 -0.018317 0.057262
v -0.016523 -0.018311 0.058128
v -0.016006 -0.017647 0.058108
v -0.017439 -0.019572 0.058066
v -0.019509 0.006110 0.063801
v -0.018993 0.009535 0.060854
v -0.012922 -0.033038 0.059132
v -0.017914 -0.032509 0.059526
v -0.018690 -0.028451 0.058630
v -0.014114 -0.028534 0.058215
v -0.009137 -0.029247 0.056667
v -0.007505 -0.034616 0.057545
v -0.020261 -0.021726 0.058437
v -0.012594 -0.035369 0.059324
v -0.012158 -0.037950 0.059074
v -0.007055 -0.037008 0.057651
v -0.006740 -0.039276 0.057239
v -0.002246 -0.036917 0.055342
v -0.003306 -0.031027 0.054842
v 0.003033 -0.032978 0.052797
v 0.002271 -0.039232 0.053106
v 0.010955 -0.042101 0.049703
v 0.006259 -0.044169 0.049449
v 0.006142 -0.043032 0.049924
v 0.005695 -0.041960 0.050755
v 0.010044 -0.039151 0.050639
v 0.014633 -0.041443 0.048859
v 0.013490 -0.037063 0.049785
v 0.007702 -0.036099 0.051631
v 0.004667 -0.040743 0.051692
v 0.004804 -0.043310 0.049996
v 0.003870 -0.043565 0.049642
v 0.004321 -0.042793 0.050694
v 0.003470 -0.043397 0.050247
v 0.003566 -0.042215 0.051527
v 0.002761 -0.043226 0.050955
v 0.001413 -0.042737 0.052004
v 0.001907 -0.041254 0.052761
v 0.002130 -0.044036 0.048234
v 0.000862 -0.044322 0.048935
v 0.000647 -0.044313 0.050054
v 0.001890 -0.044147 0.049127
v 0.003082 -0.043821 0.047568
v 0.002632 -0.043921 0.048638
v 0.004045 -0.043896 0.044063
v 0.003181 -0.043652 0.044546
v -0.051990 -0.084719 -0.029315
v -0.057345 -0.082186 -0.044509
v 0.003574 -0.043595 0.047163
v 0.003448 -0.043684 0.048058
v 0.003084 -0.043648 0.049177
v 0.002878 -0.043745 0.049511
v 0.002179 -0.043844 0.050111
v 0.000940 -0.043783 0.051001
v -0.006486 -0.041372 0.056180
v -0.002493 -0.041010 0.054797
v -0.002517 -0.042748 0.053574
v -0.006172 -0.043528 0.054551
v -0.002515 -0.044061 0.052257
v -0.001818 -0.040722 0.042592
v -0.005780 -0.044657 0.052758
v 0.001356 -0.042340 0.043301
v 0.002854 -0.041186 0.040966
v -0.000168 -0.043435 0.046335
v 0.005333 -0.043641 0.041502
v 0.004546 -0.042985 0.041770
v 0.007312 -0.043270 0.038971
v 0.006223 -0.042085 0.039545
v -0.002153 -0.044544 0.050795
v -0.002283 -0.039133 0.055329
v -0.011503 -0.040410 0.057934
v -0.016948 -0.039991 0.058949
v -0.051787 0.005368 0.028219
v -0.051372 0.002531 0.029529
v -0.047492 0.003863 0.031330
v -0.048077 0.006283 0.030088
v -0.020071 -0.001585 0.070310
v -0.019730 0.002652 0.066855
v 0.002310 -0.043339 0.049489
v 0.007991 -0.124828 -0.001578
v -0.075257 -0.007757 -0.061622
v -0.074708 -0.007043 -0.060506
v -0.077871 0.013631 -0.084473
v 0.005319 -0.045241 0.049233
v 0.005468 -0.049265 0.040574
v 0.003687 -0.046004 0.043366
v 0.011442 -0.054566 0.047218
v 0.006092 -0.057919 0.048826
v 0.003903 -0.053816 0.049858
v 0.008176 -0.051155 0.048334
v 0.000653 -0.047803 0.051427
v 0.003640 -0.046305 0.049957
v -0.081835 0.015822 -0.081959
v 0.002246 -0.044986 0.050376
v -0.000694 -0.045574 0.051988
v -0.001553 -0.043929 0.052329
v 0.001298 -0.043852 0.050475
v -0.003180 -0.041653 0.051353
v -0.007923 -0.040797 0.052815
v -0.007390 -0.045289 0.047945
v -0.002510 -0.045839 0.046662
v 0.002270 -0.045947 0.044530
v 0.000759 -0.042543 0.048643
v -0.079302 0.019823 -0.079519
v -0.079846 0.021306 -0.074823
v -0.078332 0.020078 -0.073689
v -0.077709 0.018338 -0.077575
v -0.002753 -0.041763 0.051851
v 0.000614 -0.042436 0.049827
v -0.007576 -0.041064 0.053888
v 0.018681 -0.121446 -0.006056
v 0.000892 -0.042920 0.050310
v -0.002219 -0.042439 0.052071
v -0.007025 -0.042115 0.054514
v -0.006231 -0.044181 0.055047
v -0.005474 -0.046423 0.055167
v -0.004570 -0.049296 0.054508
v -0.001929 -0.056744 0.052409
v -0.000311 -0.061776 0.051489
v -0.008626 -0.058248 0.054236
v -0.007472 -0.063439 0.054101
v -0.010222 -0.050361 0.056997
v -0.010866 -0.046888 0.058081
v -0.011408 -0.044159 0.057654
v -0.011906 -0.041767 0.056657
v -0.019597 -0.023382 0.058213
v -0.017925 -0.018155 0.059083
v -0.019413 -0.017533 0.060949
v -0.017159 -0.013740 0.066870
v -0.022278 -0.018005 0.062868
v -0.014431 -0.012083 0.066760
v -0.016405 -0.012557 0.067905
v -0.015993 -0.010926 0.068847
v -0.014636 -0.010303 0.067922
v -0.018054 -0.013142 0.068909
v -0.016910 -0.011141 0.069707
v -0.022249 -0.014291 0.070026
v -0.021612 -0.010902 0.072278
v -0.020514 -0.005218 0.072289
v -0.021217 -0.008650 0.072848
v -0.015549 -0.009295 0.069475
v -0.014000 -0.007458 0.068038
v -0.085923 0.015582 -0.081005
v -0.013403 -0.004372 0.066008
v -0.010767 -0.006517 0.062841
v 0.008227 0.129352 -0.043141
v -0.012442 -0.040447 0.055747
v -0.012961 -0.040174 0.053973
v -0.073514 -0.020759 -0.062679
v -0.079588 0.005607 -0.076377
v -0.006245 -0.056223 0.041380
v -0.006628 -0.051369 0.043652
v -0.011697 -0.051468 0.044153
v -0.079848 0.021749 -0.072238
v -0.082783 0.022980 -0.073440
v -0.011382 -0.056261 0.042082
v -0.017012 -0.039803 0.054197
v -0.082301 -0.005024 -0.085910
v -0.086157 0.014278 -0.082908
v -0.084972 0.012696 -0.081607
v -0.082044 0.013971 -0.067991
v -0.071808 -0.010991 -0.078829
v -0.077788 -0.010948 -0.077523
v -0.076309 -0.013581 -0.076377
v -0.071122 -0.012854 -0.078230
v -0.072607 0.001034 -0.071191
v -0.016115 -0.044676 0.048464
v -0.012353 -0.044773 0.048552
v -0.017127 -0.040177 0.055991
v -0.016871 -0.041544 0.057241
v -0.016578 -0.044010 0.058592
v -0.015419 -0.051486 0.043999
v -0.015068 -0.056569 0.042012
v -0.073114 -0.016063 -0.053303
v 0.003667 -0.050565 0.041382
v -0.077120 -0.026206 -0.069034
v -0.077388 -0.025163 -0.071663
v -0.021725 -0.032635 -0.122088
v -0.022059 -0.021572 -0.129868
v -0.083919 -0.005382 -0.089402
v 0.004819 -0.054515 0.039446
v -0.001407 -0.051715 0.042942
v -0.000594 -0.055500 0.040840
v -0.014580 -0.063634 0.055745
v -0.015276 -0.058598 0.055234
v -0.016139 -0.047233 0.059001
v -0.016014 -0.051057 0.057756
v 0.033680 0.114982 -0.107841
v 0.051829 0.076034 0.004510
v 0.048789 0.069511 0.012162
v -0.080358 0.018207 -0.075304
v 0.040897 0.076748 0.017699
v 0.043996 0.082046 0.010781
v 0.054076 0.084083 -0.003500
v 0.046127 0.088829 0.003183
v 0.041102 0.121620 -0.056354
v 0.038800 0.120895 -0.042234
v 0.019418 0.126810 -0.042158
v 0.038825 0.121725 -0.071087
v 0.052770 0.113584 -0.077761
v 0.051069 0.116199 -0.058300
v 0.047949 0.115915 -0.043285
v -0.075059 -0.021134 -0.064191
v -0.075627 -0.026356 -0.062041
v -0.074589 -0.025730 -0.060032
v -0.077450 0.008434 -0.072707
v 0.028032 -0.084757 -0.106896
v 0.066259 0.044167 -0.120453
v 0.043927 0.114809 -0.029967
v 0.035387 0.118986 -0.028818
v 0.032411 0.115828 -0.016732
v 0.040297 0.112450 -0.018713
v 0.016374 0.124288 -0.027999
v 0.005199 0.126449 -0.028370
v 0.035126 0.007457 -0.140482
v -0.018441 0.012920 0.058142
v 0.050131 -0.048175 -0.085386
v 0.057280 -0.048390 -0.066142
v 0.057375 -0.100933 -0.046892
v 0.067414 -0.025490 -0.041060
v 0.067096 -0.024703 -0.041772
v 0.057220 -0.063555 -0.047030
v 0.058038 -0.049316 -0.046532
v 0.042065 -0.047099 -0.098310
v 0.077676 -0.014361 -0.049514
v 0.078554 -0.010687 -0.050207
v 0.079110 -0.015377 -0.048845
v 0.079968 -0.011384 -0.049835
v 0.080280 -0.007162 -0.050195
v 0.079758 -0.017198 -0.047809
v 0.076700 0.018764 -0.038646
v 0.077970 0.020201 -0.037061
v -0.073085 -0.016852 -0.081056
v -0.072803 -0.014605 -0.082229
v 0.066153 -0.027161 -0.037378
v 0.066261 -0.026381 -0.038671
v -0.063780 -0.005377 -0.067108
v 0.065502 -0.026723 -0.038487
v 0.065138 -0.027249 -0.037180
v 0.065773 -0.028155 -0.036057
v 0.064866 -0.027909 -0.036348
v 0.074797 0.035836 -0.032125
v 0.064433 -0.027134 -0.040123
v 0.066179 -0.025097 -0.041620
v 0.066052 -0.025767 -0.040138
v 0.065299 -0.026589 -0.039244
v 0.064954 -0.027758 -0.038162
v 0.064656 -0.028726 -0.036527
v 0.064909 -0.029367 -0.035216
v -0.075506 -0.022960 -0.078976
v -0.073311 -0.027755 -0.072175
v -0.058465 -0.078750 -0.058943
v -0.054460 -0.075936 -0.073825
v -0.056050 -0.087526 -0.070671
v -0.059009 -0.091529 -0.056019
v -0.074023 -0.002681 -0.054521
v -0.073580 -0.009320 -0.057025
v -0.073751 -0.010662 -0.055179
v 0.080320 -0.018434 -0.048000
v 0.071244 -0.028717 -0.038556
v -0.029867 -0.102898 -0.003145
v -0.024955 -0.114937 -0.006302
v 0.076147 0.012573 -0.044066
v 0.076306 0.010741 -0.045703
v 0.079054 0.012134 -0.046314
v 0.078827 0.014206 -0.044947
v 0.065336 -0.009363 -0.094623
v 0.069394 0.001586 -0.098266
v 0.015290 -0.082566 -0.111970
v 0.016596 -0.069879 -0.111451
v 0.081488 0.033943 -0.079626
v 0.076039 0.014049 -0.042757
v 0.078816 0.015857 -0.043597
v 0.078998 -0.006631 -0.050326
v 0.073947 0.014040 -0.043520
v 0.074358 0.012356 -0.044851
v 0.080394 0.017374 -0.044798
v 0.080430 0.015469 -0.046235
v 0.080500 0.013194 -0.047590
v 0.074766 0.010450 -0.046219
v -0.073807 -0.015575 -0.049535
v -0.075477 -0.016230 -0.037745
v -0.076665 -0.000528 -0.038399
v -0.074381 -0.005880 -0.048952
v 0.077327 0.017837 -0.044789
v 0.081705 0.064214 -0.055518
v 0.083591 0.058464 -0.069476
v 0.079135 0.081055 -0.059680
v 0.081100 0.076153 -0.074889
v 0.079720 0.070315 -0.091452
v 0.081956 0.051585 -0.086171
v 0.076710 0.018961 -0.039123
v 0.078822 0.021244 -0.037243
v 0.056153 0.090590 -0.011124
v 0.062637 0.085765 -0.017245
v 0.047726 0.094772 -0.003891
v 0.048906 0.100118 -0.010582
v 0.056924 0.096776 -0.018145
v 0.066465 0.090197 -0.028642
v 0.077837 0.054918 -0.040913
v 0.077246 0.069505 -0.041964
v 0.071600 0.073388 -0.029250
v -0.072036 0.030231 0.000530
v -0.072922 0.030730 -0.004153
v -0.073339 0.021383 -0.004271
v -0.071894 0.022579 -0.000079
v 0.074086 0.085808 -0.044731
v 0.063569 0.099312 -0.035791
v 0.070090 0.095807 -0.049426
v 0.057377 0.107743 -0.041020
v 0.062360 0.105933 -0.055019
v 0.065360 0.103391 -0.070769
v 0.074699 0.091961 -0.064000
v 0.056319 0.102299 -0.024626
v 0.048393 0.104949 -0.016293
v 0.052023 0.108663 -0.029091
v 0.047044 0.108999 -0.021249
v 0.068204 0.074913 -0.022615
v 0.059731 -0.033156 -0.037448
v 0.061162 -0.033836 -0.031753
v -0.036211 0.087198 0.025259
v -0.026685 0.088343 0.029576
v -0.025696 0.095513 0.023542
v -0.035364 0.094278 0.018883
v 0.063589 -0.023271 -0.021727
v -0.022934 -0.013227 -0.134236
v -0.023669 -0.002650 -0.139036
v -0.003141 -0.005377 -0.142330
v -0.003249 -0.015138 -0.137191
v 0.056182 0.000934 0.012882
v 0.056653 0.013399 0.010168
v 0.061731 0.005669 0.000515
v 0.059739 -0.009005 0.001968
v -0.031236 0.111471 -0.002876
v -0.021456 0.113058 0.001853
v -0.019609 0.118208 -0.008000
v -0.029616 0.116354 -0.012420
v -0.068071 0.002973 0.015144
v -0.070176 -0.002831 0.015196
v -0.067252 -0.003290 0.019466
v -0.065448 0.002602 0.018701
v 0.055600 0.027084 0.007934
v 0.061096 0.019740 -0.001455
v 0.062266 0.034565 -0.003559
v 0.056121 0.041803 0.007382
v 0.074063 0.064974 -0.108120
v 0.075746 0.048162 -0.105785
v -0.076039 -0.030533 -0.058514
v -0.075238 -0.029643 -0.057103
v 0.075633 0.035391 -0.103960
v 0.031276 0.057704 0.034347
v -0.017456 0.122651 -0.019567
v -0.027786 0.120622 -0.023625
v 0.038339 0.086161 -0.135805
v 0.031990 0.080852 0.023388
v 0.066728 0.085242 -0.109949
v 0.004647 -0.068311 -0.114056
v 0.055236 0.091291 -0.119036
v 0.076867 0.087270 -0.079000
v 0.076277 0.082140 -0.092943
v 0.071258 0.075915 -0.109138
v 0.073958 0.019182 -0.102335
v 0.039324 0.108399 -0.011143
v 0.040378 0.024361 0.029846
v 0.039777 0.019828 0.029027
v 0.040377 0.029200 0.031164
v 0.037728 0.015023 0.030510
v -0.004907 0.007190 0.046052
v -0.005580 0.005081 0.047878
v -0.006370 0.002650 0.049810
v -0.001824 0.002395 0.046659
v -0.002813 -0.000457 0.048379
v -0.010421 0.003017 0.054142
v -0.009643 0.005622 0.051891
v -0.007365 0.000217 0.051490
v -0.008097 -0.002728 0.053126
v -0.010985 0.000144 0.056475
v -0.003264 -0.014903 0.050248
v -0.002117 -0.010170 0.049138
v -0.005079 -0.006222 0.050426
v 0.001149 -0.003184 0.047899
v -0.000327 -0.006353 0.048835
v -0.003996 -0.003033 0.049514
v 0.002676 -0.000089 0.046173
v -0.007661 -0.006052 0.055671
v -0.007058 -0.009336 0.058828
v -0.011151 -0.003224 0.059637
v -0.013365 -0.001045 0.062597
v -0.013208 0.002485 0.059403
v -0.000925 0.004629 0.045047
v 0.003981 0.002432 0.044809
v 0.003422 -0.009551 0.049193
v 0.008027 -0.012575 0.049847
v 0.005858 -0.005466 0.048015
v 0.010154 -0.007909 0.048455
v 0.007257 -0.002187 0.046480
v 0.011738 -0.004363 0.046852
v 0.012150 -0.016443 0.050217
v 0.015926 -0.020324 0.049972
v 0.019472 -0.025820 0.048980
v 0.019112 -0.015326 0.048686
v 0.023246 -0.020684 0.047575
v 0.021328 -0.010226 0.046974
v 0.026177 -0.015412 0.045923
v -0.031208 0.012781 0.039986
v -0.031011 0.014630 0.037158
v -0.034461 0.011120 0.035275
v -0.034505 0.009212 0.037478
v -0.026871 0.060961 0.041702
v -0.027245 0.068585 0.038843
v -0.035825 0.068371 0.035600
v -0.035027 0.060868 0.038997
v 0.014901 -0.011101 0.048759
v 0.016809 -0.007153 0.047088
v 0.013242 -0.000915 0.045254
v 0.008794 0.000865 0.045021
v 0.022949 0.000289 0.043445
v 0.022536 -0.005044 0.045243
v 0.017930 -0.002816 0.045341
v 0.018740 0.001500 0.043697
v 0.028081 -0.008677 0.044244
v 0.027926 -0.001303 0.042724
v 0.027274 0.003444 0.041019
v 0.012817 0.009682 0.042073
v 0.007704 0.010317 0.041710
v 0.016538 0.009474 0.041827
v 0.022950 0.004064 0.041983
v 0.019335 0.004739 0.042574
v 0.032270 0.010608 0.035427
v 0.029627 0.009796 0.037266
v 0.023200 0.009242 0.040301
v 0.020071 0.009281 0.041219
v 0.026539 0.009409 0.038932
v 0.003231 0.011893 0.040661
v -0.001426 0.013931 0.039634
v 0.055675 -0.061600 -0.063865
v -0.013077 0.005630 0.056907
v -0.012619 0.008576 0.054343
v -0.003899 0.031137 0.041110
v -0.006020 0.028330 0.039754
v -0.012536 0.028700 0.045805
v -0.000393 0.035348 0.044451
v -0.004589 0.016728 0.038870
v -0.038800 0.008669 0.033366
v -0.038290 0.006734 0.035063
v -0.006301 0.019345 0.038414
v -0.007134 0.021997 0.038356
v -0.007367 0.025315 0.038759
v -0.024416 0.101888 0.017052
v -0.034162 0.100589 0.012200
v -0.017254 0.127174 -0.072747
v -0.019368 0.127261 -0.064510
v -0.008322 0.129992 -0.062712
v -0.006910 0.129271 -0.075285
v 0.010460 0.048640 0.048178
v 0.006822 0.042052 0.049177
v 0.044064 0.062643 0.020673
v 0.048303 0.054275 0.017654
v 0.033270 0.043830 0.037360
v 0.036880 0.039685 0.034869
v 0.039317 0.034553 0.032702
v 0.050612 0.042685 0.015284
v 0.051357 0.030114 0.014817
v 0.052178 0.018538 0.016090
v -0.061052 0.000223 -0.106238
v -0.066450 -0.001415 -0.092430
v -0.068951 0.010578 -0.094165
v -0.063905 0.016710 -0.110060
v 0.036378 0.092798 0.009739
v -0.040231 -0.096480 -0.014291
v -0.036248 -0.108651 -0.016469
v 0.002873 -0.081479 -0.114024
v 0.037653 0.098563 0.002927
v 0.034528 0.086614 0.016734
v 0.030231 0.111624 -0.007491
v 0.028638 0.107078 0.000835
v 0.038664 0.103797 -0.003968
v 0.027649 0.101817 0.008150
v 0.026657 0.096063 0.014958
v 0.024804 0.089981 0.021995
v 0.022708 0.083946 0.028528
v 0.019826 0.075564 0.034928
v 0.048772 -0.060710 -0.083725
v -0.015199 -0.007488 0.054482
v -0.015702 -0.007599 0.054843
v -0.066678 0.052223 0.009118
v -0.067744 0.057185 0.004506
v -0.070256 0.050197 0.000191
v -0.069209 0.046268 0.005252
v -0.015385 -0.007514 0.054236
v -0.015965 -0.007559 0.054619
v -0.015656 -0.007907 0.054811
v -0.016241 -0.016087 0.057411
v -0.017044 -0.014158 0.056254
v -0.016445 -0.010384 0.055618
v 0.063692 -0.029806 -0.024746
v -0.026101 0.048643 0.045174
v -0.033372 0.048539 0.043042
v -0.031664 0.042467 0.043637
v -0.025576 0.042383 0.045738
v -0.071947 0.015125 0.000501
v -0.074073 0.012320 -0.002687
v -0.074317 0.004368 0.002542
v -0.071740 0.008088 0.005014
v -0.069844 0.004036 0.011623
v -0.072295 -0.001526 0.011031
v -0.036482 0.077753 0.031538
v -0.027199 0.078470 0.035157
v -0.071888 0.040937 -0.003011
v -0.071038 0.038613 0.002270
v -0.029046 0.016205 0.042827
v -0.028988 0.017651 0.039235
v -0.027118 0.021967 0.041878
v -0.024541 0.021764 0.048349
v -0.024142 0.025732 0.046552
v -0.026654 0.025532 0.042539
v -0.050957 0.060399 0.028379
v -0.051789 0.067280 0.024544
v -0.057987 0.065857 0.017668
v -0.057199 0.059384 0.021650
v -0.032783 0.106180 0.005129
v -0.023014 0.107595 0.009972
v -0.024463 0.034917 0.045405
v -0.028517 0.035048 0.042693
v -0.027369 0.031408 0.042174
v -0.024240 0.031613 0.045361
v -0.042967 0.005035 0.033178
v -0.043518 0.007185 0.031897
v -0.066077 -0.030279 -0.061019
v -0.068003 -0.031329 -0.060849
v -0.075589 0.015276 -0.051628
v -0.074540 0.004666 -0.049706
v -0.076793 0.012641 -0.039385
v -0.076493 0.025632 -0.041680
v -0.078003 0.037676 -0.045577
v -0.078127 0.045990 -0.050773
v -0.077899 0.029660 -0.058152
v -0.076888 0.024217 -0.054215
v -0.050975 -0.084694 -0.083589
v -0.047498 -0.074295 -0.087539
v -0.025330 0.018738 0.051175
v -0.025871 0.015742 0.053789
v -0.001461 0.036739 -0.153533
v -0.001433 0.023178 -0.151702
v -0.022867 0.027085 -0.147451
v -0.022673 0.040011 -0.148780
v -0.058715 -0.010458 -0.102080
v -0.064541 -0.010189 -0.089074
v -0.032109 -0.011863 0.054548
v -0.028591 -0.007593 0.051405
v -0.029529 -0.010610 0.052464
v -0.028703 -0.007568 0.051472
v -0.033117 -0.014167 0.056377
v -0.035889 -0.013995 0.057082
v -0.029727 -0.014829 0.051718
v -0.028927 -0.014748 0.052339
v -0.028983 -0.010401 0.052788
v -0.028868 -0.007548 0.051434
v -0.026131 -0.017016 0.064775
v -0.027180 -0.015347 0.067482
v -0.030631 -0.014063 0.065475
v -0.028785 -0.015755 0.063840
v -0.028032 -0.007508 0.052383
v -0.027461 -0.010110 0.054161
v -0.028319 -0.011747 0.059751
v -0.029170 -0.009133 0.055259
v -0.028452 -0.007679 0.052681
v -0.029973 -0.011420 0.058487
v -0.028674 -0.017340 0.056867
v -0.031094 -0.011516 0.056690
v -0.075295 -0.017947 -0.071097
v -0.060458 -0.064361 -0.041487
v -0.063089 -0.049883 -0.051336
v -0.061242 -0.050440 -0.056514
v -0.059557 -0.065988 -0.050442
v -0.078572 0.007959 -0.074119
v -0.075162 0.057325 -0.019157
v -0.074658 0.068785 -0.028814
v -0.077402 0.057469 -0.041458
v -0.077772 0.046982 -0.036452
v -0.073425 0.078588 -0.036829
v -0.076372 0.068185 -0.048607
v -0.077414 0.056262 -0.058745
v -0.076841 0.035670 -0.072346
v -0.058610 0.017461 0.021766
v -0.058840 0.017279 0.021864
v -0.057548 0.017042 0.023425
v -0.057561 0.017148 0.023289
v -0.058049 0.017647 0.021231
v -0.056868 0.017072 0.022553
v -0.058807 0.018054 0.020091
v -0.059395 0.017729 0.020522
v -0.059627 0.017503 0.020585
v -0.041975 0.018453 0.028464
v -0.042589 0.018516 0.027890
v -0.045290 0.017622 0.027477
v -0.044793 0.017750 0.028650
v -0.041862 0.018190 0.028842
v -0.044762 0.017456 0.028983
v -0.044585 0.020359 0.021677
v -0.044021 0.020705 0.021704
v -0.045403 0.020025 0.021589
v -0.039605 0.020507 0.026731
v -0.039794 0.021678 0.026783
v -0.043768 0.021799 0.021785
v -0.043653 0.021062 0.021691
v -0.040011 0.019851 0.026948
v -0.038350 0.019759 0.027181
v -0.037291 0.020206 0.026869
v -0.037434 0.021821 0.027179
v -0.050004 0.016447 0.027948
v -0.050188 0.015649 0.027967
v -0.045489 0.015957 0.029147
v -0.045068 0.016839 0.029132
v -0.049801 0.016907 0.027835
v -0.052974 0.017085 0.026229
v -0.053090 0.016591 0.026346
v -0.053147 0.015793 0.026354
v -0.042090 0.016910 0.029563
v -0.041938 0.017816 0.029237
v -0.053100 0.015069 0.026375
v -0.050357 0.014986 0.027848
v -0.045674 0.015297 0.029090
v -0.042119 0.016481 0.029666
v -0.039223 0.017807 0.029550
v -0.040347 0.017999 0.029345
v -0.050291 0.014220 0.027673
v -0.050264 0.013393 0.027571
v -0.045550 0.013767 0.029116
v -0.045652 0.014560 0.029046
v -0.053017 0.014273 0.026086
v -0.052979 0.013396 0.025955
v -0.060419 0.017521 0.018701
v -0.060778 0.018006 0.017708
v -0.060744 0.017436 0.017810
v -0.060488 0.017035 0.018335
v -0.062500 0.014893 0.014601
v -0.063293 0.016211 0.013659
v -0.064430 0.015627 0.011820
v -0.063648 0.014155 0.013281
v -0.071153 0.005589 0.008034
v -0.065828 0.011270 0.012193
v -0.066706 0.012706 0.009851
v -0.060057 0.017354 0.019558
v -0.059597 0.017102 0.020581
v -0.060045 0.017669 0.019573
v -0.060344 0.017973 0.018570
v -0.060156 0.016667 0.019216
v -0.059616 0.016447 0.020365
v -0.058867 0.016950 0.021846
v -0.058889 0.016214 0.021715
v -0.057553 0.015946 0.023363
v -0.057497 0.016755 0.023436
v -0.055669 0.016711 0.024825
v -0.055924 0.017096 0.024628
v -0.055696 0.015830 0.024806
v -0.057579 0.015249 0.023104
v -0.055736 0.015103 0.024672
v -0.058809 0.015503 0.021364
v -0.059613 0.015850 0.019937
v -0.060194 0.016202 0.018697
v -0.060706 0.016586 0.017789
v -0.061062 0.017216 0.017157
v -0.060411 0.015666 0.018030
v -0.060914 0.014968 0.017084
v -0.059925 0.014458 0.018670
v -0.059700 0.015255 0.019400
v -0.061098 0.016169 0.016972
v -0.061706 0.015577 0.015837
v -0.058861 0.014908 0.020851
v -0.058839 0.014160 0.020379
v -0.057353 0.013749 0.022356
v -0.057498 0.014546 0.022784
v -0.055271 0.014468 0.024403
v -0.055258 0.013550 0.024044
v -0.049672 0.017017 0.027675
v -0.049152 0.017048 0.026493
v -0.052418 0.016897 0.025151
v -0.052922 0.017097 0.026027
v -0.055939 0.017056 0.024514
v -0.055122 0.016840 0.023842
v -0.051970 0.016752 0.024197
v -0.049400 0.019192 0.020508
v -0.050491 0.019230 0.019885
v -0.054511 0.016767 0.022926
v -0.049010 0.017058 0.025347
v -0.048007 0.019323 0.021085
v -0.045787 0.017821 0.026116
v -0.046557 0.019662 0.021409
v -0.043177 0.018527 0.026992
v -0.051036 0.029924 0.027401
v -0.051006 0.030114 0.027913
v -0.056056 0.029400 0.025796
v -0.055599 0.029053 0.025566
v -0.037611 0.000575 -0.131326
v -0.037206 0.015495 -0.137297
v -0.023435 0.011122 -0.144315
v -0.057873 0.026543 0.024139
v -0.057826 0.027522 0.023922
v -0.059835 0.026272 0.021713
v -0.059713 0.025319 0.021840
v -0.058032 0.025460 0.024502
v -0.059597 0.024147 0.022147
v -0.055743 0.026711 0.026900
v -0.055630 0.027855 0.026461
v -0.055484 0.028731 0.026010
v -0.058004 0.022794 0.018454
v -0.057417 0.023728 0.019283
v -0.058331 0.023499 0.020456
v -0.059075 0.022726 0.019045
v -0.058523 0.022126 0.017750
v -0.059504 0.022007 0.018118
v -0.052933 0.021983 0.017253
v -0.052666 0.022333 0.017601
v -0.052262 0.022755 0.018140
v -0.053072 0.021649 0.017067
v -0.053142 0.021280 0.016994
v -0.053165 0.020909 0.017033
v -0.053086 0.020586 0.017206
v -0.073808 -0.009781 0.008259
v -0.073615 0.000657 0.006846
v -0.075281 -0.007212 0.003437
v -0.059774 0.017977 0.019458
v -0.060119 0.018348 0.018479
v -0.059179 0.018317 0.019169
v -0.059551 0.018677 0.018392
v -0.060494 0.018935 0.017527
v -0.060805 0.018638 0.017407
v -0.057265 0.017680 0.020636
v -0.052218 0.019556 0.018664
v -0.052587 0.019812 0.018209
v -0.057835 0.018273 0.019635
v -0.056157 0.017059 0.021662
v -0.051574 0.019327 0.019230
v -0.052804 0.020053 0.017858
v -0.052955 0.020298 0.017492
v -0.058066 0.018610 0.018934
v -0.058433 0.019024 0.018191
v -0.059869 0.019280 0.017792
v -0.058837 0.020207 0.017189
v -0.058823 0.020827 0.017170
v -0.059984 0.019864 0.017488
v -0.060033 0.020625 0.017348
v -0.058727 0.019582 0.017520
v -0.058709 0.021478 0.017360
v -0.059818 0.021221 0.017633
v -0.060991 0.018125 0.017248
v -0.060962 0.019079 0.017023
v -0.061377 0.020157 0.016323
v -0.061327 0.018154 0.016641
v -0.061826 0.018196 0.015761
v -0.061492 0.016928 0.016209
v -0.062173 0.020958 0.015622
v -0.063102 0.021453 0.014457
v -0.062807 0.018206 0.014485
v -0.062253 0.016678 0.015032
v -0.060632 0.019643 0.017112
v -0.060807 0.020288 0.016798
v -0.061857 0.022127 0.016881
v -0.062477 0.023095 0.016427
v -0.061310 0.021416 0.017284
v -0.061012 0.022264 0.018516
v -0.061381 0.023134 0.018280
v -0.061856 0.023984 0.017893
v -0.060747 0.024095 0.019897
v -0.061082 0.025045 0.019677
v -0.060480 0.023102 0.020102
v -0.060752 0.021132 0.017426
v -0.060445 0.021870 0.018424
v -0.059911 0.022672 0.019784
v -0.059225 0.023307 0.021831
v -0.057805 0.024441 0.024235
v -0.056808 0.024413 0.022639
v -0.055515 0.025727 0.026627
v -0.054530 0.025339 0.025060
v -0.051539 0.031052 0.028560
v -0.056982 0.030532 0.026156
v -0.053648 0.025324 0.023244
v -0.050368 0.023417 0.020045
v -0.048918 0.023495 0.020902
v -0.050748 0.025326 0.024996
v -0.040527 0.022503 0.027205
v -0.041482 0.023387 0.027599
v -0.044561 0.022517 0.022091
v -0.044079 0.022180 0.021958
v -0.039029 0.022621 0.028070
v -0.040574 0.023575 0.028551
v -0.045142 0.024719 0.027098
v -0.046230 0.023073 0.022004
v -0.045247 0.022802 0.022127
v -0.043272 0.024095 0.027272
v -0.044885 0.025372 0.028988
v -0.042305 0.024393 0.028864
v -0.051503 0.025856 0.026967
v -0.003046 0.072462 -0.150553
v -0.002132 0.056907 -0.153786
v -0.022861 0.058627 -0.148873
v -0.023195 0.072121 -0.146160
v -0.055731 0.024651 0.021289
v -0.051457 0.023142 0.019074
v -0.034331 0.073090 -0.140433
v -0.034037 0.081630 -0.137380
v -0.024542 0.083681 -0.141165
v -0.032774 -0.061681 -0.103846
v -0.023186 -0.073155 -0.109149
v -0.037116 0.022414 0.029606
v -0.038982 0.023762 0.029701
v -0.035862 0.021185 0.029458
v -0.035232 0.021006 0.029679
v -0.036427 0.022505 0.029765
v -0.038053 0.023988 0.029890
v -0.041262 0.024895 0.029772
v -0.040612 0.025312 0.030322
v -0.044344 0.026651 0.030595
v -0.044430 0.025882 0.030253
v -0.051768 0.026498 0.028483
v -0.051845 0.027432 0.028804
v -0.043666 0.027631 0.030193
v -0.039993 0.025920 0.029902
v -0.042907 0.028658 0.029798
v -0.039719 0.026915 0.029642
v -0.051391 0.029470 0.027759
v -0.051740 0.028568 0.028398
v -0.038951 0.018724 0.029070
v -0.036666 0.019112 0.029399
v -0.039402 0.019028 0.028809
v -0.036943 0.019384 0.029067
v -0.040357 0.019161 0.027847
v -0.036015 0.019908 0.029073
v -0.035378 0.019733 0.029458
v -0.041148 0.019191 0.027265
v -0.035647 0.022568 0.029500
v -0.034330 0.020826 0.029758
v -0.034389 0.023110 0.028954
v -0.033573 0.020973 0.029472
v -0.036771 0.025521 0.028910
v -0.037248 0.024306 0.029261
v -0.034402 0.019593 0.029586
v -0.035061 0.019059 0.029640
v -0.033669 0.019578 0.029593
v -0.034348 0.018874 0.029709
v -0.041909 0.015827 0.029799
v -0.041650 0.015209 0.029880
v -0.038516 0.017289 0.029851
v -0.037884 0.016863 0.029909
v -0.050031 0.012549 0.027469
v -0.052899 0.012525 0.025906
v -0.049614 0.011491 0.027645
v -0.052754 0.011383 0.025824
v -0.044891 0.011987 0.029605
v -0.045322 0.012887 0.029279
v -0.035006 -0.116661 -0.017219
v -0.061598 0.014112 0.016249
v -0.062531 0.013115 0.015410
v -0.061199 0.012349 0.017470
v -0.060399 0.013609 0.017974
v -0.059025 0.013179 0.019882
v -0.059473 0.011825 0.019730
v -0.057405 0.011537 0.021908
v -0.057226 0.012755 0.022014
v -0.055214 0.012698 0.023781
v -0.055460 0.011317 0.023779
v -0.064006 0.017750 0.012784
v -0.064680 0.021217 0.012007
v -0.065130 0.017056 0.010874
v -0.066380 0.020762 0.009502
v -0.032776 0.024176 0.029619
v -0.032417 0.021327 0.029464
v -0.031494 0.024859 0.031085
v -0.031261 0.021983 0.030704
v -0.032895 0.027721 0.031749
v -0.034443 0.027024 0.029868
v -0.032903 0.019712 0.029790
v -0.033648 0.018599 0.029729
v -0.031948 0.019665 0.030403
v -0.032946 0.018166 0.030374
v -0.041179 0.014461 0.030008
v -0.040679 0.013612 0.030274
v -0.037321 0.016327 0.030233
v -0.036532 0.015537 0.030569
v -0.037682 -0.010576 -0.125738
v -0.037214 0.031258 -0.139977
v -0.063588 0.034385 0.022079
v -0.061395 0.031606 0.023272
v -0.058429 0.032844 0.026202
v -0.060315 0.036217 0.025959
v -0.065870 0.038139 0.019726
v -0.067502 0.034688 0.016465
v -0.065489 0.032036 0.018745
v -0.063506 0.029880 0.020457
v -0.065667 0.024108 0.012576
v -0.064267 0.024180 0.014492
v -0.064610 0.025974 0.015731
v -0.066085 0.026587 0.013973
v -0.067365 0.024111 0.010030
v -0.068105 0.027444 0.011561
v -0.066009 0.029145 0.016138
v -0.064249 0.027838 0.017882
v -0.068158 0.030720 0.013933
v -0.040945 0.032664 0.032153
v -0.041356 0.031199 0.030662
v -0.038344 0.029044 0.030011
v -0.037127 0.029571 0.031085
v -0.040170 0.034059 0.033398
v -0.035367 0.030423 0.032467
v -0.054048 0.036829 0.030280
v -0.052872 0.033811 0.029393
v -0.042376 0.029282 0.029413
v -0.040389 0.027946 0.029682
v -0.042061 0.029421 0.029404
v -0.039779 0.027883 0.029616
v -0.046072 0.092331 -0.121671
v -0.050602 0.098152 -0.109789
v -0.033239 0.109099 -0.112794
v -0.030022 0.101809 -0.124718
v -0.057988 0.027862 0.024120
v -0.058516 0.028376 0.023831
v -0.060501 0.027233 0.021593
v -0.060037 0.026761 0.021874
v -0.061451 0.025670 0.019566
v -0.061974 0.026164 0.019382
v -0.062693 0.025063 0.017545
v -0.062251 0.024744 0.017768
v -0.062634 0.023951 0.016512
v -0.062999 0.023998 0.016026
v -0.039836 0.028764 0.029823
v -0.041900 0.029867 0.029909
v -0.035558 0.061292 -0.142000
v -0.058902 0.073116 0.012459
v -0.064463 0.069524 0.004545
v -0.063544 0.063038 0.010407
v -0.059552 0.029431 0.024046
v -0.061648 0.028189 0.021467
v -0.062901 0.026877 0.018982
v -0.063536 0.025492 0.017012
v -0.063703 0.024515 0.015761
v -0.073384 -0.013405 -0.055096
v -0.073175 -0.013248 -0.056918
v -0.074791 -0.003162 -0.083874
v -0.073275 0.003358 -0.082432
v -0.072473 0.006772 -0.080566
v -0.078534 0.013940 -0.068556
v -0.079495 0.017118 -0.071717
v -0.079385 -0.021463 -0.077705
v -0.077062 -0.023316 -0.073232
v -0.079149 -0.020546 -0.078163
v -0.084066 0.013106 -0.081777
v -0.084286 0.011514 -0.083202
v -0.085325 0.011182 -0.083027
v -0.034547 -0.032080 -0.113721
v -0.036203 -0.019455 -0.121450
v -0.084297 0.009794 -0.084582
v -0.074252 -0.008574 -0.059694
v -0.075727 -0.003643 -0.084304
v -0.076841 -0.004201 -0.086367
v -0.077620 -0.009282 -0.086764
v -0.077070 -0.008780 -0.085957
v -0.077380 -0.014396 -0.084884
v -0.076897 -0.013601 -0.084263
v -0.080064 -0.017727 -0.081042
v -0.079605 -0.013416 -0.083844
v -0.080181 0.017547 -0.073269
v -0.080417 0.016719 -0.072491
v -0.080849 0.017586 -0.073773
v -0.074744 -0.009656 -0.061223
v -0.076923 0.011750 -0.068270
v -0.076938 0.010059 -0.066428
v -0.076503 0.010484 -0.066866
v -0.071921 -0.004667 -0.064895
v -0.071657 -0.003859 -0.065031
v -0.073165 -0.006178 -0.064682
v -0.075272 -0.007471 -0.062919
v -0.069201 -0.014882 -0.063780
v -0.068561 -0.015544 -0.065200
v -0.068123 -0.016264 -0.064473
v -0.082992 0.023078 -0.076598
v -0.077208 0.009083 -0.066032
v -0.078247 0.010085 -0.066616
v -0.078864 0.011131 -0.067089
v -0.081583 0.016939 -0.073971
v -0.079233 0.012034 -0.067417
v -0.078231 0.012074 -0.067447
v -0.079278 0.013664 -0.068533
v -0.077494 0.012163 -0.067719
v -0.071281 -0.012235 -0.078473
v -0.070705 -0.012347 -0.076263
v -0.074950 0.006554 -0.055750
v -0.074868 0.004722 -0.058116
v -0.076599 -0.023986 -0.070792
v -0.073580 0.012447 -0.074826
v -0.074068 0.015440 -0.076712
v -0.081072 -0.009278 -0.085362
v -0.076591 -0.015378 -0.074570
v -0.074787 -0.016351 -0.072922
v -0.078623 -0.014119 -0.076443
v -0.080065 -0.011561 -0.078297
v -0.073396 0.003222 -0.069602
v -0.080536 0.007494 -0.076903
v -0.080580 0.005443 -0.078065
v -0.079547 0.007660 -0.075418
v -0.075365 0.018524 -0.075173
v -0.076156 0.018256 -0.072965
v -0.073012 0.015267 -0.073960
v -0.076119 0.016460 -0.072630
v -0.071125 -0.011595 -0.063855
v -0.068356 -0.017066 -0.066854
v -0.069808 -0.015710 -0.068872
v -0.069230 -0.017679 -0.068255
v -0.070053 -0.016686 -0.070231
v -0.069914 -0.015478 -0.071807
v -0.070108 -0.013798 -0.073150
v -0.071405 -0.011872 -0.073501
v -0.070819 -0.007674 -0.064533
v -0.077492 0.018811 -0.063988
v -0.070361 -0.009452 -0.064441
v -0.072254 -0.005975 -0.064670
v -0.072258 -0.007700 -0.064301
v -0.071826 -0.009571 -0.063967
v -0.074748 -0.019251 -0.066484
v -0.074277 -0.017796 -0.069020
v -0.073659 -0.018599 -0.065547
v -0.073971 -0.017226 -0.071268
v -0.072700 -0.018242 -0.064921
v -0.075208 0.013227 -0.074448
v -0.075970 0.016031 -0.074331
v -0.073923 -0.010167 -0.053367
v -0.076413 -0.002367 -0.002146
v -0.076603 0.006998 -0.008116
v -0.043800 -0.048925 0.027394
v -0.043180 -0.051726 0.028024
v -0.071699 -0.012252 0.013190
v -0.068492 -0.014859 0.018801
v -0.044760 -0.044062 0.038621
v -0.044003 -0.044738 0.038974
v -0.043192 -0.044137 0.039498
v -0.043875 -0.043898 0.038959
v -0.041608 -0.042801 0.038348
v -0.042284 -0.043458 0.037381
v -0.042692 -0.043514 0.038495
v -0.042010 -0.043067 0.039358
v -0.048354 -0.029553 0.038731
v -0.051579 -0.025510 0.036356
v -0.054153 -0.029786 0.034607
v -0.051229 -0.033132 0.036958
v -0.042534 -0.045911 0.030126
v -0.042550 -0.044428 0.030551
v -0.042361 -0.044035 0.033461
v -0.042204 -0.044669 0.033167
v -0.042459 -0.046803 0.030175
v -0.042049 -0.044935 0.033180
v -0.043714 -0.047294 0.027303
v -0.043535 -0.044788 0.027585
v -0.052590 -0.050313 0.032635
v -0.049468 -0.048166 0.035044
v -0.050475 -0.045150 0.035233
v -0.053708 -0.045853 0.032866
v -0.044823 -0.017769 0.038673
v -0.048444 -0.021397 0.037624
v -0.045823 -0.025877 0.039422
v -0.041859 -0.021414 0.040174
v -0.038503 -0.016826 0.041541
v -0.041023 -0.013618 0.039775
v -0.037651 -0.008771 0.045438
v -0.038509 -0.012562 0.046553
v -0.038309 -0.013664 0.049972
v -0.038578 -0.011468 0.048829
v -0.036422 -0.017819 0.048940
v -0.038252 -0.014815 0.044934
v -0.032566 -0.019167 0.050330
v -0.032577 -0.018674 0.051438
v -0.036383 -0.018214 0.047359
v -0.036228 -0.019173 0.045348
v -0.032873 -0.019801 0.048995
v -0.032226 -0.017958 0.052551
v -0.035050 -0.017556 0.051845
v -0.036760 -0.015253 0.052892
v -0.027743 -0.016705 0.061781
v -0.029212 -0.015301 0.063447
v -0.029637 0.014033 0.045828
v -0.031847 0.010508 0.042417
v -0.030228 0.011454 0.048052
v -0.032289 0.008230 0.044552
v -0.036823 -0.012943 0.056370
v -0.037826 -0.011067 0.054522
v -0.035110 -0.011795 0.060561
v -0.035871 -0.009167 0.059998
v -0.023964 0.028812 0.045718
v -0.025000 -0.020422 0.058234
v -0.025227 -0.020989 0.057662
v -0.025109 -0.019016 0.059908
v -0.006015 0.094943 -0.138391
v -0.008618 0.107209 -0.127518
v -0.012157 0.120121 -0.104610
v -0.012374 0.124295 -0.091972
v -0.028367 -0.037460 0.057508
v -0.028181 -0.034750 0.057577
v -0.032201 -0.042210 0.040493
v -0.027160 -0.042395 0.043035
v -0.027612 -0.043369 0.046060
v -0.032717 -0.043476 0.043672
v -0.036059 -0.043302 0.041200
v -0.035982 -0.042012 0.037889
v -0.031811 -0.040736 0.037958
v -0.026552 -0.040789 0.040119
v -0.033277 -0.044398 0.049266
v -0.028472 -0.044071 0.052352
v -0.028649 -0.042460 0.054879
v -0.033486 -0.042804 0.051314
v -0.038476 -0.023359 0.043562
v -0.035053 -0.022810 0.046900
v -0.031673 -0.022826 0.051213
v -0.028958 -0.023084 0.054443
v -0.028290 -0.021035 0.054867
v -0.030291 -0.020423 0.052216
v -0.027996 -0.020231 0.055312
v -0.029877 -0.019730 0.052910
v -0.029834 -0.019113 0.053543
v -0.030374 -0.018291 0.053858
v -0.028955 -0.018320 0.055418
v -0.029439 -0.017652 0.055208
v -0.028023 -0.019573 0.055730
v -0.027600 0.005955 0.061830
v -0.026831 0.009356 0.058936
v -0.032408 -0.033129 0.054657
v -0.028071 -0.032587 0.057002
v -0.026977 -0.028499 0.056550
v -0.031029 -0.028593 0.054279
v -0.035066 -0.029297 0.050963
v -0.036762 -0.034664 0.051076
v -0.025519 -0.021723 0.057143
v -0.032711 -0.035394 0.054765
v -0.032934 -0.037902 0.054420
v -0.037154 -0.037040 0.051016
v -0.037244 -0.039261 0.050513
v -0.040699 -0.036973 0.047002
v -0.039682 -0.031120 0.046998
v -0.044530 -0.033078 0.042572
v -0.043817 -0.039324 0.043094
v -0.050415 -0.042215 0.036251
v -0.046084 -0.044332 0.037913
v -0.046078 -0.043129 0.038521
v -0.045954 -0.042041 0.039500
v -0.049945 -0.039237 0.037559
v -0.053514 -0.041543 0.034024
v -0.052893 -0.037178 0.035396
v -0.048316 -0.036212 0.039475
v -0.045353 -0.040830 0.040778
v -0.044977 -0.043391 0.039175
v -0.044032 -0.043620 0.039247
v -0.044798 -0.042843 0.040019
v -0.043888 -0.043414 0.039974
v -0.044394 -0.042277 0.041069
v -0.043505 -0.043217 0.040892
v -0.042668 -0.042727 0.042386
v -0.043350 -0.041332 0.042869
v -0.042027 -0.043994 0.038783
v -0.041133 -0.044212 0.039880
v -0.041245 -0.044235 0.040967
v -0.042042 -0.044104 0.039631
v -0.042561 -0.043800 0.037799
v -0.042532 -0.043918 0.038894
v -0.042096 -0.043816 0.034201
v -0.041510 -0.043530 0.034971
v -0.042783 -0.043484 0.037219
v -0.042991 -0.043635 0.038048
v -0.043160 -0.043694 0.039151
v -0.043071 -0.043752 0.039566
v -0.042657 -0.043815 0.040383
v -0.041881 -0.043723 0.041686
v -0.037072 -0.041293 0.049458
v -0.040246 -0.040999 0.046538
v -0.039797 -0.042668 0.045455
v -0.036788 -0.043431 0.047868
v -0.039283 -0.043958 0.044266
v -0.036094 -0.040578 0.035151
v -0.036363 -0.044490 0.046026
v -0.039285 -0.042211 0.034553
v -0.039798 -0.041046 0.031839
v -0.039112 -0.043276 0.037854
v -0.042207 -0.043589 0.031358
v -0.041647 -0.042885 0.031896
v -0.043072 -0.043115 0.028239
v -0.042329 -0.041939 0.029196
v -0.039041 -0.044335 0.042757
v -0.040640 -0.039205 0.046962
v -0.033145 -0.040298 0.053122
v -0.028482 -0.039904 0.056329
v -0.029606 -0.001722 0.068056
v -0.028641 0.002510 0.064749
v -0.042542 -0.043463 0.039754
v -0.012720 -0.124676 -0.003157
v -0.045177 -0.045462 0.038112
v -0.041961 -0.048810 0.030474
v -0.041432 -0.045624 0.033714
v -0.049927 -0.054655 0.033977
v -0.045830 -0.058025 0.037814
v -0.044202 -0.053932 0.039617
v -0.047477 -0.051345 0.036260
v -0.041864 -0.048047 0.042293
v -0.043913 -0.046555 0.039571
v -0.042895 -0.045270 0.040562
v -0.040892 -0.045894 0.043346
v -0.040135 -0.044198 0.044004
v -0.042081 -0.044120 0.041058
v -0.038209 -0.041389 0.043826
v -0.034397 -0.040669 0.047036
v -0.032911 -0.044960 0.042411
v -0.036946 -0.045427 0.039247
v -0.040635 -0.045461 0.035290
v -0.040779 -0.042232 0.039660
v -0.038738 -0.041784 0.044102
v -0.041051 -0.042508 0.040809
v -0.035059 -0.041044 0.047910
v -0.023526 -0.121523 -0.008926
v -0.041538 -0.043108 0.041117
v -0.039324 -0.042588 0.044056
v -0.035813 -0.042162 0.048202
v -0.036832 -0.044307 0.048407
v -0.037619 -0.046576 0.048284
v -0.038319 -0.049433 0.047364
v -0.039801 -0.056769 0.044264
v -0.040913 -0.061811 0.042790
v -0.034370 -0.058229 0.048546
v -0.035280 -0.063460 0.047951
v -0.034017 -0.050442 0.051885
v -0.033808 -0.046927 0.053028
v -0.033065 -0.044274 0.052828
v -0.032197 -0.041870 0.052172
v -0.025992 -0.023383 0.056528
v -0.028071 -0.018231 0.056905
v -0.027429 -0.017626 0.059249
v -0.031608 -0.013689 0.063758
v -0.025432 -0.018038 0.062198
v -0.034028 -0.012043 0.062586
v -0.032621 -0.012524 0.064420
v -0.033338 -0.010961 0.065124
v -0.034280 -0.010337 0.063723
v -0.031397 -0.013072 0.065984
v -0.032728 -0.011166 0.066293
v -0.027809 -0.014147 0.068713
v -0.029016 -0.010802 0.070490
v -0.029901 -0.005317 0.070015
v -0.029519 -0.008638 0.070829
v -0.033924 -0.009355 0.065528
v -0.034845 -0.007497 0.063582
v -0.034656 -0.004342 0.061463
v -0.035989 -0.006438 0.057462
v -0.012004 0.129186 -0.047177
v -0.031392 -0.040507 0.051612
v -0.030241 -0.040144 0.050209
v -0.031413 -0.055740 0.035939
v -0.031963 -0.050972 0.038170
v -0.027515 -0.051169 0.040666
v -0.026911 -0.055880 0.038647
v -0.026402 -0.039889 0.052180
v -0.025058 -0.044760 0.046511
v -0.028564 -0.044751 0.044983
v -0.026969 -0.040302 0.053873
v -0.027733 -0.041744 0.054868
v -0.028521 -0.044206 0.055870
v -0.024069 -0.051375 0.042094
v -0.023492 -0.056329 0.040149
v -0.040687 -0.049909 0.031859
v -0.040817 -0.054097 0.029751
v -0.036505 -0.051034 0.035254
v -0.036380 -0.054950 0.033180
v -0.029350 -0.063635 0.052155
v -0.028603 -0.058518 0.052019
v -0.029049 -0.047235 0.055956
v -0.028928 -0.051019 0.054794
v -0.010619 0.114873 -0.116772
v -0.071061 0.075701 -0.020523
v -0.070936 0.069008 -0.012362
v -0.065756 0.076360 -0.004087
v -0.066255 0.081890 -0.011687
v -0.069943 0.083626 -0.028698
v -0.065199 0.088521 -0.019428
v -0.037216 0.121297 -0.072110
v -0.040571 0.120531 -0.058190
v -0.022700 0.126562 -0.050596
v -0.029426 0.121464 -0.084829
v -0.039741 0.113279 -0.096443
v -0.045689 0.115788 -0.077792
v -0.048623 0.115478 -0.062728
v -0.024627 -0.085099 -0.109668
v -0.036689 0.043892 -0.141367
v -0.050089 0.114361 -0.048899
v -0.042650 0.118607 -0.044516
v -0.044638 0.115458 -0.032249
v -0.051144 0.112000 -0.037130
v -0.025419 0.124071 -0.036398
v -0.014954 0.126339 -0.032421
v -0.002253 0.007363 -0.147885
v -0.026257 0.012753 0.056248
v -0.043093 -0.048729 -0.097328
v -0.054040 -0.049219 -0.081298
v -0.059498 -0.101712 -0.054570
v -0.068336 -0.026269 -0.069866
v -0.067923 -0.025544 -0.070455
v -0.058333 -0.064433 -0.062278
v -0.059217 -0.050374 -0.064823
v -0.032880 -0.047464 -0.107518
v -0.074321 -0.015089 -0.082695
v -0.074873 -0.011388 -0.083831
v -0.075573 -0.016025 -0.082665
v -0.076015 -0.012036 -0.084037
v -0.075919 -0.007705 -0.084582
v -0.076304 -0.017801 -0.082022
v -0.076415 0.018092 -0.071393
v -0.078197 0.019586 -0.070619
v -0.068536 -0.027816 -0.065267
v -0.068135 -0.027135 -0.067267
v -0.067684 -0.027510 -0.065958
v -0.067789 -0.027969 -0.064591
v -0.068574 -0.028672 -0.063408
v -0.067761 -0.028530 -0.063212
v -0.077565 0.034925 -0.063721
v -0.065665 -0.027724 -0.066336
v -0.067264 -0.026003 -0.069800
v -0.067501 -0.026609 -0.068335
v -0.067331 -0.027488 -0.066545
v -0.067111 -0.028347 -0.063614
v -0.067352 -0.029241 -0.061953
v -0.068125 -0.029855 -0.062174
v -0.076532 -0.018941 -0.082405
v -0.072081 -0.029060 -0.069154
v -0.074264 0.011990 -0.076777
v -0.073902 0.010163 -0.078402
v -0.075765 0.011695 -0.080234
v -0.075965 0.013719 -0.078749
v -0.049823 -0.009837 -0.115448
v -0.050171 0.001184 -0.121631
v -0.010717 -0.082742 -0.113572
v -0.008976 -0.070003 -0.113711
v -0.066240 0.033405 -0.110036
v -0.074535 0.013434 -0.075431
v -0.076360 0.015343 -0.077366
v -0.074968 -0.007196 -0.084220
v -0.072528 0.013371 -0.075233
v -0.072566 0.011727 -0.076669
v -0.077177 0.016893 -0.079173
v -0.076718 0.015018 -0.080641
v -0.076731 0.012685 -0.082163
v -0.072542 0.009857 -0.078179
v -0.075035 0.017019 -0.076945
v -0.075104 0.063558 -0.087507
v -0.071609 0.057881 -0.101164
v -0.071094 0.080471 -0.090183
v -0.067121 0.075631 -0.105005
v -0.059620 0.069876 -0.119775
v -0.063947 0.051122 -0.115948
v -0.076332 0.018224 -0.071768
v -0.078937 0.020642 -0.071343
v -0.068813 0.090074 -0.036449
v -0.072394 0.085182 -0.044605
v -0.063862 0.094363 -0.026495
v -0.062302 0.099649 -0.033068
v -0.066736 0.096229 -0.043159
v -0.071436 0.089592 -0.056564
v -0.077083 0.054130 -0.072713
v -0.076189 0.068807 -0.073258
v -0.075948 0.072703 -0.059284
v -0.072198 0.085202 -0.074401
v -0.065967 0.098750 -0.061961
v -0.066691 0.095274 -0.077074
v -0.058218 0.107244 -0.064332
v -0.057382 0.105443 -0.079189
v -0.054058 0.102965 -0.094905
v -0.065288 0.091446 -0.092338
v -0.063622 0.101754 -0.048847
v -0.059570 0.104450 -0.038081
v -0.057908 0.108156 -0.051258
v -0.056377 0.108499 -0.042096
v -0.075454 0.074281 -0.051790
v -0.063012 -0.034247 -0.060330
v -0.066049 -0.034680 -0.055753
v -0.072139 -0.024055 -0.050028
v -0.077911 0.000245 -0.015257
v -0.077284 0.012793 -0.017863
v -0.078327 0.004841 -0.028965
v -0.077135 -0.009750 -0.026915
v -0.075383 0.026486 -0.019322
v -0.076965 0.019041 -0.030306
v -0.076689 0.033591 -0.032593
v -0.075269 0.041002 -0.019956
v -0.048169 0.064620 -0.132952
v -0.050850 0.047821 -0.131553
v -0.051742 0.034999 -0.129872
v -0.062767 0.057253 0.014626
v -0.004581 0.086086 -0.144493
v -0.059595 0.080538 0.004651
v -0.040448 0.084982 -0.131641
v -0.026390 0.091131 -0.135548
v -0.061541 0.086804 -0.107049
v -0.055754 0.081766 -0.119697
v -0.045032 0.075586 -0.132711
v -0.051443 0.018774 -0.127698
v -0.053216 0.107971 -0.029810
v -0.069273 0.023930 0.006559
v -0.068312 0.019391 0.005975
v -0.070050 0.028737 0.007801
v -0.067190 0.014536 0.008160
v -0.034696 0.007217 0.039525
v -0.034813 0.005125 0.041506
v -0.034909 0.002691 0.043555
v -0.037766 0.002413 0.038798
v -0.037583 -0.000449 0.040691
v -0.032937 0.003080 0.049303
v -0.032698 0.005669 0.046881
v -0.034784 0.000290 0.045525
v -0.034945 -0.002630 0.047353
v -0.033490 0.000230 0.051620
v -0.038428 -0.014874 0.042771
v -0.038928 -0.010161 0.041083
v -0.036770 -0.006140 0.043595
v -0.040941 -0.003206 0.038567
v -0.040090 -0.006382 0.039944
v -0.037102 -0.003004 0.042205
v -0.041660 -0.000084 0.036512
v -0.036370 -0.005939 0.049564
v -0.037923 -0.009238 0.052253
v -0.034561 -0.003134 0.054616
v -0.033467 -0.000993 0.058282
v -0.032355 0.002513 0.055267
v -0.037962 0.004640 0.036982
v -0.042429 0.002459 0.034839
v -0.043583 -0.009626 0.038716
v -0.048052 -0.012752 0.037488
v -0.045272 -0.005509 0.036778
v -0.049351 -0.008002 0.035494
v -0.046009 -0.002175 0.034993
v -0.050185 -0.004431 0.033484
v -0.051856 -0.016660 0.036159
v -0.055099 -0.020579 0.034385
v -0.057807 -0.025980 0.032105
v -0.057478 -0.015516 0.032093
v -0.060758 -0.020914 0.029421
v -0.058851 -0.010450 0.029735
v -0.062828 -0.015648 0.026780
v -0.053699 -0.011267 0.033900
v -0.054817 -0.007300 0.031648
v -0.050893 -0.001015 0.031402
v -0.046863 0.000887 0.033141
v -0.058901 -0.000028 0.025663
v -0.059214 -0.005274 0.027625
v -0.055105 -0.003017 0.029484
v -0.055164 0.001223 0.027493
v -0.063861 -0.008958 0.024545
v -0.063094 -0.001586 0.023171
v -0.061906 0.003149 0.021819
v -0.049011 0.009604 0.028438
v -0.044393 0.010260 0.030276
v -0.052348 0.009285 0.026620
v -0.058274 0.003785 0.024260
v -0.055188 0.004473 0.026180
v -0.064368 0.010200 0.014847
v -0.062573 0.009449 0.017531
v -0.057837 0.008969 0.022654
v -0.055306 0.009039 0.024632
v -0.060397 0.009104 0.020197
v -0.039855 0.011857 0.031178
v -0.035307 0.013902 0.032080
v -0.053280 -0.062449 -0.077717
v -0.031379 0.005639 0.052941
v -0.030766 0.008586 0.050402
v -0.033177 0.030953 0.034573
v -0.030839 0.028138 0.034324
v -0.026640 0.028605 0.042384
v -0.037547 0.035181 0.036168
v -0.032128 0.016711 0.032666
v -0.030328 0.019334 0.032909
v -0.029495 0.021907 0.033360
v -0.029382 0.025145 0.033927
v -0.048637 0.048370 0.035160
v -0.045599 0.041955 0.037366
v -0.069514 0.062102 -0.002911
v -0.072253 0.053712 -0.007485
v -0.066062 0.043433 0.016511
v -0.068526 0.039209 0.012839
v -0.069870 0.034117 0.009799
v -0.073447 0.042149 -0.010587
v -0.074136 0.029675 -0.011280
v -0.075404 0.017987 -0.010621
v -0.058730 0.092637 -0.009612
v -0.057224 0.098277 -0.016309
v -0.059754 0.086641 -0.002533
v -0.046248 0.111293 -0.022927
v -0.048039 0.106815 -0.014678
v -0.055435 0.103423 -0.022990
v -0.049996 0.101652 -0.007623
v -0.051715 0.096030 -0.001055
v -0.052699 0.090132 0.006031
v -0.052976 0.083817 0.013086
v -0.052528 0.075365 0.019941
v -0.042867 -0.061359 -0.094385
v -0.028724 -0.007464 0.051596
v -0.028406 -0.007576 0.052131
v -0.028456 -0.007491 0.051444
v -0.028089 -0.007533 0.052025
v -0.028495 -0.007896 0.052085
v -0.028985 -0.016088 0.054698
v -0.027780 -0.014159 0.053968
v -0.028082 -0.010373 0.053151
v -0.070998 -0.030523 -0.051369
v -0.057108 -0.097505 -0.069395
v -0.052379 -0.094009 -0.082886
v 0.056911 -0.096795 -0.062050
v 0.054031 -0.093319 -0.075571
v 0.019531 -0.127502 -0.008199
v 0.031321 -0.123490 -0.014204
v 0.032777 -0.132149 -0.015871
v 0.020752 -0.135623 -0.010116
v 0.060527 -0.114740 -0.068845
v 0.058186 -0.105880 -0.064091
v 0.055276 -0.102387 -0.078919
v 0.058415 -0.111134 -0.084583
v 0.048751 -0.100275 -0.092082
v 0.051707 -0.109998 -0.098231
v 0.041232 -0.110273 -0.108684
v 0.039344 -0.098843 -0.102396
v 0.027379 -0.098068 -0.110256
v 0.028519 -0.110675 -0.115604
v 0.043041 -0.118599 -0.022964
v 0.052444 -0.113686 -0.034668
v 0.054030 -0.123023 -0.037780
v 0.044484 -0.127673 -0.025120
v 0.058000 -0.109549 -0.048350
v 0.059714 -0.118846 -0.052563
v 0.014856 -0.110732 -0.119014
v 0.014654 -0.096980 -0.114093
v 0.022774 -0.155421 -0.013797
v 0.009974 -0.157744 -0.012765
v 0.010010 -0.147183 -0.009694
v 0.021892 -0.145286 -0.012064
v 0.053225 -0.158638 -0.032307
v 0.067416 -0.152017 -0.045265
v 0.073796 -0.160626 -0.041978
v 0.057561 -0.168478 -0.029390
v 0.095620 -0.157984 -0.053174
v 0.105603 -0.146868 -0.074494
v 0.037516 -0.162802 -0.021714
v 0.040034 -0.172609 -0.018271
v 0.000681 -0.123285 -0.126730
v 0.001054 -0.110427 -0.119853
v 0.095756 -0.141548 -0.077812
v 0.095645 -0.137750 -0.101854
v 0.107887 -0.143446 -0.099510
v 0.054914 -0.159257 -0.142160
v 0.055154 -0.166101 -0.145012
v 0.070631 -0.161418 -0.141907
v 0.066150 -0.154966 -0.138756
v 0.074720 -0.125634 -0.097198
v 0.064177 -0.126270 -0.112572
v 0.072284 -0.133895 -0.117933
v 0.084972 -0.131685 -0.101105
v 0.037608 -0.143214 -0.135697
v 0.055621 -0.138086 -0.128943
v 0.049745 -0.129725 -0.123938
v 0.033503 -0.132706 -0.130234
v 0.086175 -0.136550 -0.078708
v 0.075907 -0.130805 -0.077186
v 0.078130 -0.144839 -0.060876
v 0.070007 -0.137538 -0.060080
v 0.061740 -0.143184 -0.044606
v 0.057108 -0.118796 -0.105577
v 0.044859 -0.120440 -0.116271
v 0.030591 -0.122167 -0.122957
v 0.015540 -0.123177 -0.126035
v 0.000892 -0.172360 -0.144732
v 0.000673 -0.160096 -0.142806
v 0.018954 -0.146371 -0.137917
v 0.017097 -0.134723 -0.132910
v 0.086481 -0.151253 -0.058678
v 0.063508 -0.128630 -0.057251
v 0.057268 -0.133188 -0.041508
v 0.064058 -0.175587 -0.018555
v 0.082107 -0.169121 -0.033797
v 0.044251 -0.180166 -0.007871
v 0.026174 -0.183702 -0.001638
v 0.020453 -0.158811 -0.141442
v 0.019930 -0.170852 -0.143715
v 0.039368 -0.168106 -0.144206
v 0.042866 -0.155437 -0.140849
v 0.049650 -0.148400 -0.030996
v 0.036300 -0.152491 -0.020195
v 0.023014 -0.165399 -0.014361
v 0.064962 -0.119030 -0.090896
v 0.066330 -0.123233 -0.073698
v 0.046765 -0.137754 -0.028364
v 0.034381 -0.142230 -0.018476
v 0.009377 -0.137888 -0.006825
v 0.024118 -0.174926 -0.010318
v 0.097869 -0.147816 -0.120397
v 0.085135 -0.155093 -0.134047
v 0.077645 -0.151270 -0.133119
v 0.000489 -0.147281 -0.139291
v -0.001070 -0.147701 -0.009917
v -0.001356 -0.157857 -0.013107
v -0.000959 -0.138389 -0.006249
v 0.081889 -0.142715 -0.123406
v 0.061568 -0.147454 -0.134320
v -0.001450 -0.131190 -0.003036
v 0.001739 -0.096290 -0.115450
v -0.001547 -0.168903 -0.015694
v -0.001715 -0.180699 -0.012241
v -0.001854 -0.189987 -0.002099
v 0.008797 -0.130348 -0.004142
v 0.010734 -0.178618 -0.010592
v 0.010130 -0.167961 -0.014193
v 0.011497 -0.188043 -0.001435
v 0.000612 -0.135248 -0.133997
v -0.022864 -0.127474 -0.010815
v -0.034873 -0.123627 -0.017995
v -0.035821 -0.132128 -0.018995
v -0.023115 -0.135342 -0.012545
v -0.060674 -0.115543 -0.073831
v -0.058550 -0.106714 -0.070259
v -0.054269 -0.103102 -0.084562
v -0.057639 -0.111802 -0.089111
v -0.046975 -0.100888 -0.096597
v -0.050338 -0.110520 -0.101921
v -0.039599 -0.110678 -0.111347
v -0.037099 -0.099328 -0.105743
v -0.025437 -0.098408 -0.112167
v -0.027233 -0.110965 -0.117131
v -0.046910 -0.119233 -0.027664
v -0.055503 -0.114690 -0.040308
v -0.056554 -0.123704 -0.042117
v -0.047905 -0.128037 -0.028980
v -0.059998 -0.110572 -0.054851
v -0.060903 -0.119832 -0.057741
v -0.013387 -0.110915 -0.119777
v -0.012076 -0.097179 -0.115170
v -0.025320 -0.154918 -0.015206
v -0.012296 -0.157158 -0.013687
v -0.011902 -0.146749 -0.011046
v -0.024286 -0.144834 -0.014161
v -0.055123 -0.159305 -0.035286
v -0.068720 -0.152613 -0.049110
v -0.075261 -0.160975 -0.045910
v -0.059685 -0.168397 -0.031918
v -0.096605 -0.158365 -0.058662
v -0.105487 -0.147218 -0.080865
v -0.040129 -0.162700 -0.023348
v -0.042820 -0.172519 -0.019921
v -0.095717 -0.141880 -0.083022
v -0.094536 -0.137999 -0.107003
v -0.106312 -0.143668 -0.106382
v -0.052865 -0.159441 -0.144567
v -0.053246 -0.166254 -0.147282
v -0.067347 -0.161589 -0.145864
v -0.063803 -0.155192 -0.141884
v -0.074091 -0.126055 -0.101005
v -0.062853 -0.126918 -0.115971
v -0.070891 -0.134259 -0.121321
v -0.084127 -0.132050 -0.105281
v -0.036401 -0.143429 -0.137082
v -0.054129 -0.138358 -0.131354
v -0.048429 -0.129590 -0.125625
v -0.032577 -0.132922 -0.131368
v -0.086218 -0.136934 -0.083195
v -0.075924 -0.131293 -0.081396
v -0.078924 -0.145309 -0.065059
v -0.070799 -0.138106 -0.064289
v -0.063071 -0.143887 -0.048602
v -0.055865 -0.119227 -0.108852
v -0.043687 -0.120768 -0.118433
v -0.029485 -0.122388 -0.124242
v -0.014202 -0.123893 -0.127075
v -0.018019 -0.146605 -0.138526
v -0.016062 -0.134580 -0.133717
v -0.087283 -0.151702 -0.063374
v -0.064215 -0.129415 -0.061883
v -0.059157 -0.133864 -0.045609
v -0.066772 -0.175635 -0.021249
v -0.084076 -0.169267 -0.037936
v -0.047508 -0.180103 -0.009542
v -0.029773 -0.183504 -0.002423
v -0.019334 -0.158837 -0.142206
v -0.018395 -0.170898 -0.144401
v -0.037284 -0.168337 -0.145861
v -0.041039 -0.155637 -0.142636
v -0.052270 -0.148838 -0.034095
v -0.039281 -0.152426 -0.021955
v -0.025800 -0.165151 -0.015645
v -0.064310 -0.119569 -0.094869
v -0.066434 -0.123898 -0.078098
v -0.050086 -0.138108 -0.031588
v -0.037454 -0.142146 -0.020852
v -0.011866 -0.137674 -0.008320
v -0.027281 -0.174652 -0.011260
v -0.094768 -0.148076 -0.127031
v -0.081474 -0.155314 -0.139555
v -0.074986 -0.151520 -0.137254
v -0.079819 -0.143023 -0.127687
v -0.059738 -0.147738 -0.137009
v -0.012091 -0.130219 -0.005597
v -0.013902 -0.178578 -0.010987
v -0.012850 -0.167934 -0.015020
v -0.015065 -0.187833 -0.001792
v -0.028793 -0.007816 0.051660
v -0.074227 -0.032661 -0.029594
v -0.072232 -0.040400 -0.036510
v -0.070385 -0.051697 -0.027880
v -0.073015 -0.043122 -0.020901
v -0.066890 -0.061714 -0.018600
v -0.071119 -0.051648 -0.013958
v -0.062517 -0.069599 -0.007938
v -0.068160 -0.059346 -0.005705
v -0.059510 -0.074049 0.003000
v -0.064969 -0.064234 0.003696
v -0.049980 -0.076450 0.026775
v -0.046801 -0.081819 0.023883
v -0.042281 -0.084110 0.032513
v -0.044197 -0.079875 0.036323
v -0.036661 -0.086028 0.040500
v -0.038392 -0.082007 0.044403
v -0.029721 -0.086721 0.045893
v -0.030940 -0.082920 0.050190
v -0.020721 -0.086656 0.049672
v -0.021770 -0.082677 0.053867
v -0.022457 -0.072965 0.056778
v -0.030897 -0.073272 0.053705
v -0.031014 -0.078272 0.052736
v -0.022398 -0.078459 0.055879
v -0.037497 -0.072591 0.048347
v -0.038274 -0.077739 0.046926
v -0.042853 -0.070499 0.041505
v -0.043908 -0.075531 0.039375
v -0.049022 -0.066727 0.033241
v -0.049989 -0.071842 0.030269
v -0.054437 -0.062151 0.027813
v -0.056481 -0.065438 0.023138
v -0.026967 -0.089841 0.039682
v -0.018990 -0.089586 0.043642
v -0.033493 -0.089353 0.034789
v -0.038921 -0.087617 0.027790
v -0.043219 -0.086000 0.020053
v -0.054813 -0.077046 0.013792
v -0.047535 -0.084346 0.011337
v -0.053317 -0.080322 0.001831
v -0.056399 -0.076107 -0.009900
v -0.062169 -0.068021 -0.022432
v -0.066999 -0.056995 -0.034026
v -0.069387 -0.044902 -0.043157
v -0.072567 -0.032435 -0.042376
v -0.036319 -0.068259 0.048556
v -0.030239 -0.068493 0.053265
v -0.041312 -0.066481 0.042805
v -0.047217 -0.062464 0.035849
v -0.052337 -0.058266 0.031277
v -0.057036 -0.046680 0.029663
v -0.055774 -0.052794 0.029555
v -0.056072 -0.034983 0.032575
v -0.056760 -0.040726 0.030949
v -0.062908 -0.028567 0.026078
v -0.063862 -0.037176 0.022574
v -0.060424 -0.039675 0.027007
v -0.059646 -0.032250 0.029445
v -0.065734 -0.022665 0.022497
v -0.067023 -0.033092 0.017788
v -0.024304 -0.092454 0.034202
v -0.016716 -0.092469 0.036838
v -0.030240 -0.092312 0.029669
v -0.034500 -0.091648 0.023292
v -0.037004 -0.091391 0.016229
v -0.039980 -0.090430 0.008413
v -0.043376 -0.088159 -0.000454
v -0.048642 -0.084080 -0.011723
v -0.056158 -0.075718 -0.025542
v -0.063308 -0.061880 -0.038857
v -0.065405 -0.048926 -0.048337
v -0.029290 -0.098646 0.005336
v -0.027327 -0.097813 0.011672
v -0.025917 -0.097787 0.017251
v -0.024310 -0.097363 0.022141
v -0.019325 -0.098496 0.022517
v -0.012463 -0.099371 0.023292
v -0.015696 -0.100952 0.015350
v -0.010011 -0.101692 0.016779
v -0.016047 -0.103527 0.010799
v -0.008324 -0.104367 0.013220
v -0.016828 -0.106773 0.007593
v -0.006250 -0.108918 0.009732
v -0.058639 -0.055415 0.025445
v -0.061544 -0.056473 0.019996
v -0.063636 -0.046651 0.020124
v -0.066834 -0.044073 0.014087
v -0.064707 -0.055975 0.013129
v -0.060453 -0.047650 0.025366
v -0.068373 -0.052591 0.004696
v -0.069942 -0.039603 0.007508
v -0.070007 -0.027062 0.013011
v -0.072151 -0.033789 0.001846
v -0.071087 -0.047012 -0.003325
v -0.072426 -0.022805 0.007830
v -0.074178 -0.018608 0.003258
v -0.073544 -0.029079 -0.003026
v -0.072788 -0.040398 -0.008814
v -0.059462 -0.068707 0.014767
v -0.073931 -0.034306 -0.014564
v -0.075490 -0.014808 -0.001763
v -0.074585 -0.024131 -0.008059
v -0.076716 -0.009457 -0.008054
v -0.075736 -0.018445 -0.016775
v -0.074980 -0.026679 -0.023421
v -0.074190 -0.024215 -0.038894
v -0.022501 -0.068140 0.056350
v -0.062481 -0.032847 -0.064594
v -0.042039 -0.028759 0.043227
v -0.037496 -0.026878 0.047005
v -0.033322 -0.026143 0.051131
v -0.029891 -0.025859 0.054330
v -0.026361 -0.025963 0.056503
v -0.003092 -0.120310 0.003214
v -0.020169 0.042209 0.047291
v -0.004453 -0.113498 0.006977
v -0.019469 -0.056438 0.041316
v -0.005094 0.127382 -0.029306
v -0.022348 -0.063268 0.055583
v -0.019863 -0.051217 0.043409
v -0.024426 0.003486 0.067500
v -0.022199 -0.058739 0.054675
v -0.022731 -0.047617 0.058241
v -0.022331 -0.041481 0.056476
v -0.018216 0.078506 0.037867
v -0.022617 -0.044010 0.057856
v -0.022942 -0.023765 0.057552
v -0.025082 -0.000597 0.070864
v -0.022070 -0.040040 0.055171
v 0.007164 -0.045034 -0.117391
v -0.022502 -0.051297 0.056847
v -0.020767 -0.044827 0.047668
v -0.021790 -0.039681 0.053517
v -0.019456 -0.041119 0.042038
v -0.022839 -0.026598 0.057494
v -0.021453 0.020257 0.053541
v 0.014273 -0.006241 -0.140677
v -0.022101 0.017163 0.056059
v -0.015034 0.102444 0.020253
v -0.017189 0.088798 0.032309
v -0.023772 0.007238 0.064333
v 0.019133 0.056568 -0.153048
v 0.018658 0.073048 -0.149856
v -0.019482 0.061217 0.043415
v 0.007416 0.126082 -0.091371
v -0.025503 -0.004551 0.072957
v -0.023887 -0.018488 0.062699
v -0.010042 0.119068 -0.004822
v 0.018199 0.022128 -0.150802
v 0.012109 0.116962 -0.115302
v -0.022582 -0.042650 0.056931
v -0.007675 0.123573 -0.016521
v -0.021970 -0.044109 0.054153
v -0.025213 -0.014763 0.070082
v 0.016639 0.006376 -0.146725
v 0.018734 0.035837 -0.152709
v -0.023004 -0.033002 0.058184
v -0.022862 -0.029162 0.057523
v 0.009849 0.122446 -0.103744
v -0.019960 0.048433 0.046759
v -0.023118 -0.035496 0.058972
v -0.020337 0.029176 0.048206
v -0.023097 -0.037975 0.059294
v -0.002186 -0.125823 -0.000264
v 0.016300 0.096887 -0.137059
v -0.022875 -0.040348 0.058254
v -0.020690 -0.043290 0.048153
v -0.023137 0.010793 0.061401
v -0.020072 -0.042419 0.045116
v -0.018958 0.068609 0.041147
v -0.023172 -0.021313 0.058871
v -0.023241 -0.020766 0.059417
v -0.020599 0.026648 0.049063
v -0.016252 0.096185 0.026561
v -0.020190 0.031694 0.047964
v -0.023015 -0.021960 0.058341
v 0.017479 0.087710 -0.143409
v 0.004017 0.130579 -0.074337
v 0.001393 0.131485 -0.061347
v -0.021025 0.023249 0.051221
v -0.022514 0.014161 0.058481
v 0.007463 -0.054853 -0.115608
v -0.025543 -0.011328 0.072739
v -0.025657 -0.008443 0.073552
v -0.012056 0.113754 0.005197
v 0.013035 -0.015802 -0.135597
v -0.002025 0.130726 -0.044487
v -0.013664 0.108176 0.013275
v 0.009393 -0.033458 -0.124118
v 0.012077 -0.023506 -0.131365
v -0.024950 -0.015989 0.068399
v -0.020275 0.034983 0.047475
v -0.024400 -0.017503 0.065322
v 0.014172 0.109521 -0.125934
v -0.023454 -0.019692 0.060576
v -0.015187 -0.007837 0.054544
v 0.057924 -0.031829 -0.002359
v 0.058172 -0.039183 -0.010418
v 0.053885 -0.050624 -0.003625
v 0.053780 -0.042388 0.004930
v 0.048384 -0.060748 0.003129
v 0.049880 -0.050890 0.010313
v 0.041505 -0.068452 0.010774
v 0.044414 -0.058562 0.016524
v -0.028945 -0.014745 0.066518
v -0.027479 -0.016437 0.064326
v 0.035221 -0.073010 0.019681
v 0.038657 -0.063437 0.023567
v -0.032670 0.020501 0.029611
v -0.030109 -0.018542 0.053795
v -0.030225 0.004623 0.058971
v -0.031598 0.020792 0.030493
v 0.015858 -0.075723 0.039361
v 0.015806 -0.080739 0.034940
v 0.006771 -0.083106 0.041577
v 0.006182 -0.079253 0.045988
v -0.032353 -0.018104 0.052152
v -0.001957 -0.085451 0.047176
v -0.002365 -0.081729 0.051498
v -0.010679 -0.086554 0.049712
v -0.011642 -0.082905 0.054170
v -0.028672 0.011183 0.053608
v -0.027808 0.020105 0.040654
v -0.013685 -0.073278 0.057594
v -0.012691 -0.078313 0.056678
v -0.029274 0.007817 0.056423
v -0.037578 -0.014680 0.051222
v -0.035754 -0.017569 0.050444
v -0.031997 -0.009004 0.068376
v -0.032688 -0.006241 0.067246
v -0.005518 -0.072591 0.055064
v -0.032203 -0.011956 0.066219
v -0.029697 -0.013616 0.067426
v -0.003621 -0.077621 0.053911
v -0.034161 0.020219 0.029666
v -0.043570 0.021423 0.021673
v -0.031170 -0.010923 0.068410
v -0.028349 -0.012824 0.069650
v -0.036945 0.021074 0.026846
v -0.033487 0.020358 0.029589
v -0.035492 -0.010298 0.060459
v -0.027312 0.019122 0.045182
v 0.002048 -0.070347 0.050797
v 0.004578 -0.075200 0.048980
v 0.010987 -0.066486 0.045727
v 0.013891 -0.071402 0.042992
v -0.037309 -0.011850 0.055585
v 0.018017 -0.061906 0.043093
v 0.022383 -0.065004 0.039163
v -0.009389 -0.089491 0.042968
v -0.034962 0.020317 0.029420
v -0.035527 0.020511 0.029198
v -0.031439 0.001046 0.061860
v -0.001180 -0.088486 0.040584
v 0.007130 -0.086383 0.035735
v 0.015140 -0.084758 0.029779
v 0.027252 -0.076170 0.028254
v -0.039580 0.021126 0.026662
v -0.026316 -0.018352 0.059593
v -0.034200 -0.011071 0.063194
v -0.033099 -0.011597 0.064901
v -0.026380 -0.019197 0.057686
v 0.023698 -0.083183 0.022496
v 0.031939 -0.079000 0.014950
v -0.029807 0.020678 0.033160
v 0.038172 -0.074580 0.004880
v -0.027712 0.016847 0.048782
v -0.028166 0.014029 0.051554
v 0.046653 -0.066723 -0.004174
v 0.053665 -0.055547 -0.012378
v -0.026647 -0.017423 0.061995
v 0.058348 -0.043534 -0.018782
v 0.060937 -0.031489 -0.015030
v -0.006861 -0.068246 0.054987
v -0.014263 -0.068462 0.057004
v 0.000197 -0.066437 0.051586
v -0.032480 -0.002727 0.065100
v 0.008347 -0.062319 0.047486
v 0.014745 -0.058138 0.045628
v 0.019658 -0.046550 0.046225
v -0.028470 -0.018660 0.055716
v 0.018510 -0.052652 0.045598
v 0.017660 -0.034845 0.048570
v 0.018901 -0.040598 0.047281
v 0.026514 -0.028389 0.045327
v 0.028665 -0.036946 0.042351
v 0.023844 -0.039534 0.045133
v -0.025389 -0.013256 0.071477
v -0.030376 -0.012442 0.068022
v 0.022247 -0.032095 0.047200
v 0.030526 -0.022404 0.043072
v 0.033373 -0.032817 0.039125
v -0.008446 -0.091990 0.036953
v -0.047295 0.035180 0.032084
v -0.046983 0.032845 0.030698
v -0.001215 -0.091426 0.034633
v 0.006402 -0.090485 0.029957
v 0.012791 -0.090158 0.023844
v 0.019814 -0.089364 0.016831
v 0.026627 -0.086975 0.008461
v 0.033889 -0.082550 -0.001027
v -0.041345 0.038252 0.036956
v -0.024999 0.038436 0.045536
v -0.030040 0.038530 0.043347
v 0.043933 -0.074348 -0.011185
v -0.047675 0.028014 0.029345
v -0.047993 0.025738 0.028061
v -0.046578 0.030718 0.029454
v -0.048054 0.026142 0.029438
v -0.048073 0.026931 0.029740
v 0.053049 -0.060413 -0.020091
v -0.046606 0.029722 0.029080
v 0.056923 -0.047276 -0.026715
v -0.046549 0.029790 0.029082
v 0.013698 -0.097962 0.010481
v -0.045760 0.037302 0.034101
v 0.007706 -0.097076 0.016455
v 0.002166 -0.097050 0.021528
v -0.046969 0.029090 0.028922
v -0.047778 0.025122 0.026355
v -0.002595 -0.096695 0.025690
v -0.047495 0.023334 0.021608
v -0.006737 -0.098215 0.024535
v -0.020227 0.038535 0.047400
v -0.040799 0.048467 0.039849
v -0.066122 0.047630 0.013079
v -0.004394 -0.100722 0.016970
v -0.068654 0.042242 0.009669
v -0.000185 -0.103260 0.012780
v -0.063832 0.006433 0.017956
v -0.065895 0.007296 0.014941
v -0.038233 0.042345 0.040932
v 0.003510 -0.106612 0.010039
v 0.022636 -0.055179 0.042702
v 0.027710 -0.056076 0.038447
v 0.029317 -0.046360 0.039749
v 0.034654 -0.043717 0.035409
v -0.044199 0.067806 0.030869
v -0.038881 0.113953 -0.017470
v -0.043403 0.060727 0.034451
v -0.056283 0.053274 0.025883
v 0.033784 -0.055496 0.033103
v -0.040837 0.109302 -0.008519
v 0.024358 -0.047461 0.043447
v 0.040411 -0.052101 0.026699
v 0.040153 -0.039205 0.030516
v 0.038056 -0.026682 0.035892
v 0.044329 -0.033284 0.026192
v -0.062244 0.051737 0.018369
v 0.045532 -0.046521 0.020641
v -0.069007 0.011999 0.006885
v -0.026404 0.054349 0.043964
v -0.069753 0.017746 0.003728
v 0.042263 -0.022381 0.032171
v -0.034335 0.054334 0.041627
v -0.023005 0.124677 -0.078243
v 0.045682 -0.018036 0.028623
v 0.047303 -0.028562 0.022382
v 0.049027 -0.039805 0.016350
v 0.029840 -0.067961 0.031771
v -0.032705 0.035201 0.039494
v 0.052082 -0.033745 0.011700
v -0.055225 0.007068 0.025203
v -0.057957 0.006607 0.023286
v 0.048730 -0.014208 0.024477
v -0.029056 0.124375 -0.067928
v -0.068517 0.009961 0.009108
v -0.045262 0.085829 0.019893
v -0.028366 0.028498 0.038447
v -0.030183 0.031331 0.038201
v -0.044734 0.092645 0.013196
v 0.050157 -0.023473 0.018144
v 0.052251 -0.008822 0.019108
v 0.054582 -0.017774 0.010625
v -0.043680 0.098734 0.006288
v 0.056330 -0.025951 0.004049
v 0.061337 -0.023464 -0.010509
v -0.037084 0.118113 -0.027996
v -0.039341 0.010369 0.032124
v 0.060760 -0.031792 -0.041832
v 0.000335 -0.028659 0.052380
v -0.005366 -0.026840 0.053948
v -0.070367 0.036048 0.006722
v -0.070924 0.029406 0.004959
v -0.032405 0.123664 -0.054421
v -0.048563 0.008113 0.029156
v -0.070377 0.023478 0.003935
v -0.009887 0.126682 -0.083871
v -0.010834 -0.026116 0.056129
v -0.067494 0.008343 0.011954
v -0.015162 -0.025838 0.057837
v -0.019245 -0.025954 0.058357
v -0.050019 0.054119 0.032148
v -0.052118 0.007496 0.027261
v -0.027679 0.025349 0.038114
v -0.034865 0.012687 0.033369
v -0.031584 0.015742 0.034451
v -0.042351 0.104212 -0.000729
v -0.029447 0.018744 0.035826
v -0.027934 0.021935 0.037472
v -0.043995 0.008869 0.031006
v -0.045120 0.076744 0.026353
v -0.034767 0.121393 -0.040518
v -0.061007 0.006407 0.020776
v 0.005872 0.128002 -0.083583
v -0.019894 0.054518 0.045342
v -0.028602 0.020369 0.036827
v -0.035601 0.038538 0.040512
v -0.042495 0.054273 0.037650
v -0.022236 -0.054921 0.055373
v -0.046633 -0.038874 0.040482
v -0.047673 -0.040833 0.038775
v -0.047058 -0.046483 0.036877
v -0.040571 -0.034198 0.047007
v -0.044303 -0.036713 0.043161
v -0.039083 -0.052834 0.045945
v -0.047927 -0.042723 0.037648
v -0.034193 -0.054018 0.050243
v -0.047985 -0.044596 0.036860
v -0.028760 -0.054430 0.053081
v -0.022922 -0.030934 0.057897
v -0.031772 -0.030767 0.054495
v -0.027385 -0.030514 0.056925
v -0.036181 -0.032000 0.050987
v -0.045266 -0.048596 0.038248
v -0.042854 -0.050909 0.041287
v -0.020519 -0.014857 0.068414
v -0.021135 -0.016456 0.065731
v -0.002790 0.020542 0.036582
v -0.014789 -0.018606 0.057142
v -0.016273 0.004699 0.062093
v -0.004104 0.020843 0.036816
v -0.012059 -0.018226 0.056524
v -0.015472 0.011262 0.056580
v -0.011486 0.020156 0.044339
v -0.016095 0.007895 0.059405
v -0.006848 -0.014839 0.057800
v -0.008248 -0.017719 0.056330
v -0.018238 -0.008961 0.071420
v -0.017175 -0.006160 0.070661
v -0.017363 -0.011980 0.069444
v -0.020084 -0.013746 0.069610
v -0.001390 0.020284 0.037400
v 0.010558 0.021509 0.033772
v -0.018999 -0.010950 0.071130
v -0.021996 -0.012966 0.071180
v 0.002346 0.021019 0.036058
v -0.001999 0.020406 0.037004
v -0.012287 -0.010335 0.065406
v -0.013540 0.019196 0.048336
v -0.008746 -0.011952 0.061677
v -0.000501 0.020374 0.037561
v 0.000120 0.020559 0.037649
v -0.016394 0.001062 0.065178
v 0.004850 0.020955 0.036854
v -0.020530 -0.018287 0.060821
v -0.014512 -0.011073 0.067395
v -0.016124 -0.011596 0.068546
v -0.019749 -0.019134 0.059135
v -0.006807 0.020700 0.038394
v -0.014461 0.016926 0.051808
v -0.015029 0.014119 0.054527
v -0.021114 -0.017366 0.063181
v -0.016604 -0.002688 0.068589
v -0.017044 -0.018652 0.058230
v -0.019617 -0.012531 0.070456
v 0.010274 0.035417 0.044895
v 0.010414 0.033054 0.043604
v 0.002942 0.038363 0.046900
v -0.015231 0.038414 0.047857
v -0.009879 0.038515 0.047984
v 0.011257 0.028279 0.042758
v 0.011933 0.025873 0.041250
v 0.010411 0.030891 0.042323
v 0.011535 0.026257 0.042849
v 0.011427 0.027192 0.043214
v 0.010528 0.029854 0.042046
v 0.010452 0.029922 0.042100
v 0.008119 0.037505 0.046126
v 0.010855 0.029269 0.042052
v 0.012456 0.025451 0.039526
v 0.014118 0.023671 0.035104
v 0.001425 0.048591 0.049420
v 0.034757 0.048034 0.034355
v 0.038259 0.042675 0.032099
v 0.030567 0.006755 0.038182
v 0.033645 0.007698 0.036150
v -0.001436 0.042324 0.049405
v 0.007912 0.068024 0.041832
v 0.021340 0.114181 -0.005309
v 0.005846 0.060947 0.044935
v 0.020943 0.053659 0.042282
v 0.019627 0.109459 0.003743
v 0.029252 0.052143 0.037708
v 0.039823 0.012506 0.030004
v -0.013420 0.054403 0.046913
v 0.041932 0.018231 0.027507
v -0.005182 0.054452 0.048133
v 0.030385 0.124887 -0.067500
v -0.006083 0.035287 0.045531
v 0.019769 0.007323 0.041698
v 0.023051 0.006870 0.040969
v 0.031987 0.124633 -0.055662
v 0.038416 0.010418 0.031764
v 0.013080 0.085922 0.031883
v -0.009734 0.028648 0.042619
v -0.007971 0.031480 0.043181
v 0.014807 0.092463 0.025603
v 0.016488 0.098687 0.018665
v 0.023817 0.118387 -0.015731
v 0.002363 0.010365 0.041206
v 0.040864 0.036501 0.029993
v 0.042136 0.029895 0.028752
v 0.029827 0.123962 -0.041924
v 0.012117 0.008182 0.042428
v 0.042338 0.023937 0.027807
v 0.020496 0.126767 -0.077746
v 0.036376 0.008752 0.033997
v 0.012789 0.054432 0.045584
v 0.016066 0.007704 0.042261
v -0.010470 0.025486 0.041941
v -0.002333 0.012676 0.040477
v -0.005767 0.015735 0.040159
v 0.017995 0.104278 0.011578
v -0.008224 0.018750 0.040567
v -0.010133 0.022017 0.041439
v 0.006990 0.008937 0.042066
v 0.010517 0.076958 0.037983
v 0.026579 0.121696 -0.028187
v 0.026837 0.006684 0.039739
v -0.009329 0.020399 0.041146
v -0.003732 0.038553 0.047750
v 0.003838 0.054479 0.047777
v 0.005895 -0.038788 0.051913
v 0.007583 -0.040739 0.050840
v 0.007589 -0.046317 0.048932
v -0.002377 -0.034123 0.055255
v 0.002640 -0.036611 0.053291
v -0.003497 -0.052757 0.053555
v 0.008141 -0.042605 0.049933
v -0.009485 -0.053965 0.055615
v 0.008459 -0.044444 0.049312
v -0.015590 -0.054508 0.056175
v -0.013491 -0.030698 0.058723
v -0.018480 -0.030462 0.059113
v -0.008090 -0.031925 0.057174
v 0.005428 -0.048390 0.049262
v 0.001926 -0.050766 0.050826
v 0.015256 0.022124 0.029635
v -0.046278 0.021825 0.016033
v 0.011049 0.021398 0.041992
v 0.009609 0.021398 0.041215
v 0.008346 0.021398 0.040173
v 0.007357 0.021399 0.038956
v 0.011080 0.021716 0.041998
v 0.009668 0.022023 0.041228
v 0.008433 0.022306 0.040191
v 0.007468 0.022543 0.038978
v 0.011171 0.022023 0.042017
v 0.009847 0.022623 0.041264
v 0.008692 0.023178 0.040243
v 0.007793 0.023642 0.039044
v 0.011318 0.022305 0.042047
v 0.010136 0.023177 0.041323
v 0.009112 0.023981 0.040329
v 0.008323 0.024655 0.039151
v 0.011517 0.022551 0.042087
v 0.010526 0.023662 0.041401
v 0.009677 0.024686 0.040443
v 0.009035 0.025544 0.039297
v 0.011758 0.022755 0.042136
v 0.010999 0.024060 0.041498
v 0.010366 0.025263 0.040583
v 0.009905 0.026272 0.039471
v 0.012034 0.022905 0.042192
v 0.011541 0.024356 0.041607
v 0.011152 0.025693 0.040741
v 0.010897 0.026814 0.039672
v 0.012334 0.022999 0.042253
v 0.012128 0.024538 0.041726
v 0.012005 0.025957 0.040915
v 0.011972 0.027146 0.039889
v 0.012646 0.023029 0.042315
v 0.012740 0.024599 0.041848
v 0.012893 0.026046 0.041093
v 0.013091 0.027259 0.040115
v 0.012957 0.022998 0.042378
v 0.013351 0.024537 0.041972
v 0.013780 0.025956 0.041272
v 0.014210 0.027145 0.040341
v 0.013257 0.022905 0.042438
v 0.013938 0.024354 0.042090
v 0.014633 0.025691 0.041444
v 0.015285 0.026811 0.040558
v 0.013533 0.022754 0.042493
v 0.014480 0.024058 0.042199
v 0.015419 0.025261 0.041602
v 0.016276 0.026269 0.040758
v 0.013774 0.022550 0.042542
v 0.014954 0.023659 0.042294
v 0.016108 0.024682 0.041741
v 0.017146 0.025540 0.040934
v 0.013973 0.022303 0.042581
v 0.015344 0.023174 0.042372
v 0.016674 0.023978 0.041854
v 0.017859 0.024651 0.041076
v 0.014121 0.022021 0.042610
v 0.015633 0.022621 0.042430
v 0.017094 0.023174 0.041938
v 0.018389 0.023637 0.041182
v 0.014212 0.021714 0.042628
v 0.015812 0.022020 0.042465
v 0.017353 0.022302 0.041990
v 0.018714 0.022538 0.041246
v 0.014242 0.021396 0.042634
v 0.015872 0.021396 0.042477
v 0.017440 0.021395 0.042006
v 0.018826 0.021394 0.041270
v 0.014212 0.021079 0.042627
v 0.015812 0.020771 0.042464
v 0.017353 0.020488 0.041988
v 0.018715 0.020251 0.041246
v 0.014121 0.020772 0.042609
v 0.015634 0.020171 0.042428
v 0.017095 0.019617 0.041936
v 0.018390 0.019152 0.041181
v 0.013974 0.020490 0.042579
v 0.015345 0.019618 0.042370
v 0.016675 0.018813 0.041852
v 0.017861 0.018139 0.041075
v 0.013775 0.020243 0.042540
v 0.014956 0.019133 0.042292
v 0.016111 0.018109 0.041739
v 0.017150 0.017249 0.040933
v 0.013534 0.020040 0.042492
v 0.014482 0.018735 0.042198
v 0.015422 0.017531 0.041601
v 0.016280 0.016521 0.040757
v 0.013258 0.019889 0.042437
v 0.013941 0.018439 0.042088
v 0.014636 0.017101 0.041442
v 0.015289 0.015980 0.040557
v 0.012958 0.019796 0.042376
v 0.013354 0.018256 0.041971
v 0.013784 0.016836 0.041271
v 0.014214 0.015647 0.040340
v 0.012647 0.019765 0.042314
v 0.012743 0.018195 0.041847
v 0.012897 0.016747 0.041092
v 0.013096 0.015534 0.040114
v 0.012336 0.019796 0.042251
v 0.012131 0.018256 0.041725
v 0.012009 0.016837 0.040913
v 0.011977 0.015647 0.039888
v 0.012036 0.019889 0.042190
v 0.011544 0.018439 0.041605
v 0.011156 0.017102 0.040740
v 0.010902 0.015981 0.039670
v 0.011760 0.020040 0.042135
v 0.011002 0.018735 0.041496
v 0.010370 0.017532 0.040581
v 0.009910 0.016523 0.039469
v 0.011518 0.020244 0.042086
v 0.010528 0.019134 0.041400
v 0.009680 0.018110 0.040442
v 0.009040 0.017252 0.039295
v 0.011319 0.020490 0.042046
v 0.010138 0.019619 0.041322
v 0.009114 0.018815 0.040328
v 0.008327 0.018142 0.039150
v 0.012614 0.021397 0.042471
v 0.011171 0.020772 0.042016
v 0.009848 0.020173 0.041263
v 0.008694 0.019619 0.040242
v 0.007795 0.019156 0.039043
v 0.011081 0.021080 0.041998
v 0.009669 0.020773 0.041227
v 0.008434 0.020491 0.040191
v 0.007468 0.020255 0.038977
v 0.006369 0.021399 0.037883
v 0.004869 0.021400 0.036095
v 0.003721 0.021400 0.033922
v 0.003018 0.021401 0.031565
v 0.002789 0.021401 0.029116
v 0.003041 0.021401 0.026669
v 0.003765 0.021400 0.024315
v 0.004931 0.021399 0.022148
v 0.006497 0.021399 0.020250
v 0.008402 0.021398 0.018695
v 0.010572 0.021397 0.017541
v 0.012925 0.021396 0.016834
v 0.015370 0.021395 0.016601
v 0.006501 0.022774 0.037909
v 0.005035 0.023131 0.036129
v 0.003915 0.023437 0.033962
v 0.003235 0.023663 0.031610
v 0.003019 0.023802 0.029163
v 0.003276 0.023849 0.026716
v 0.003994 0.023802 0.024362
v 0.005148 0.023661 0.022192
v 0.006692 0.023435 0.020289
v 0.008568 0.023129 0.018728
v 0.010703 0.022758 0.017567
v 0.013014 0.022333 0.016852
v 0.015416 0.021873 0.016610
v 0.006893 0.024096 0.037988
v 0.005528 0.024797 0.036229
v 0.004496 0.025395 0.034080
v 0.003880 0.025838 0.031740
v 0.003704 0.026112 0.029301
v 0.003973 0.026204 0.026856
v 0.004678 0.026111 0.024500
v 0.005792 0.025837 0.022323
v 0.007272 0.025392 0.020407
v 0.009061 0.024794 0.018828
v 0.011090 0.024065 0.017646
v 0.013282 0.023234 0.016906
v 0.015552 0.022332 0.016638
v 0.007529 0.025315 0.038118
v 0.006330 0.026332 0.036392
v 0.005439 0.027199 0.034271
v 0.004928 0.027843 0.031952
v 0.004816 0.028239 0.029526
v 0.005107 0.028373 0.027086
v 0.005790 0.028238 0.024725
v 0.006840 0.027841 0.022535
v 0.008215 0.027196 0.020598
v 0.009862 0.026328 0.018991
v 0.011720 0.025271 0.017773
v 0.013715 0.024064 0.016994
v 0.015772 0.022756 0.016682
v 0.008386 0.026382 0.038292
v 0.007410 0.027676 0.036610
v 0.006708 0.028780 0.034527
v 0.006338 0.029599 0.032237
v 0.006313 0.030104 0.029829
v 0.006634 0.030274 0.027395
v 0.007288 0.030103 0.025029
v 0.008250 0.029598 0.022821
v 0.009483 0.028777 0.020855
v 0.010941 0.027673 0.019209
v 0.012567 0.026327 0.017945
v 0.014299 0.024792 0.017112
v 0.016071 0.023126 0.016743
v 0.009431 0.027257 0.038502
v 0.008725 0.028779 0.036875
v 0.008255 0.030076 0.034840
v 0.008057 0.031041 0.032585
v 0.008137 0.031634 0.030199
v 0.008493 0.031835 0.027772
v 0.009112 0.031634 0.025398
v 0.009968 0.031039 0.023169
v 0.011029 0.030074 0.021169
v 0.012256 0.028776 0.019476
v 0.013601 0.027194 0.018155
v 0.015011 0.025389 0.017256
v 0.016433 0.023431 0.016816
v 0.010623 0.027907 0.038742
v 0.010227 0.029598 0.037178
v 0.010020 0.031040 0.035197
v 0.010018 0.032112 0.032982
v 0.010218 0.032772 0.030621
v 0.010616 0.032994 0.028202
v 0.011192 0.032771 0.025820
v 0.011928 0.032110 0.023566
v 0.012794 0.031038 0.021526
v 0.013756 0.029595 0.019780
v 0.014780 0.027838 0.018394
v 0.015823 0.025832 0.017421
v 0.016847 0.023656 0.016900
v 0.011916 0.028307 0.039004
v 0.011856 0.030102 0.037508
v 0.011935 0.031633 0.035585
v 0.012146 0.032771 0.033413
v 0.012477 0.033471 0.031078
v 0.012918 0.033707 0.028669
v 0.013451 0.033471 0.026278
v 0.014056 0.032770 0.023998
v 0.014708 0.031631 0.021914
v 0.015386 0.030100 0.020110
v 0.016059 0.028234 0.018653
v 0.016704 0.026106 0.017600
v 0.017296 0.023796 0.016991
v 0.013261 0.028442 0.039276
v 0.013549 0.030272 0.037851
v 0.013927 0.031833 0.035987
v 0.014358 0.032993 0.033861
v 0.014826 0.033706 0.031554
v 0.015313 0.033949 0.029156
v 0.015800 0.033706 0.026754
v 0.016268 0.032992 0.024446
v 0.016700 0.031831 0.022318
v 0.017078 0.030270 0.020453
v 0.017389 0.028368 0.018922
v 0.017621 0.026198 0.017785
v 0.017763 0.023843 0.017086
v 0.014606 0.028306 0.039547
v 0.015243 0.030100 0.038193
v 0.015919 0.031631 0.036390
v 0.016571 0.032769 0.034309
v 0.017175 0.033470 0.032030
v 0.017708 0.033705 0.029639
v 0.018149 0.033469 0.027230
v 0.018480 0.032768 0.024894
v 0.018691 0.031630 0.022721
v 0.018771 0.030098 0.020796
v 0.018720 0.028233 0.019192
v 0.018537 0.026105 0.017971
v 0.018231 0.023795 0.017181
v 0.015899 0.027904 0.039808
v 0.016873 0.029595 0.038522
v 0.017834 0.031036 0.036778
v 0.018699 0.032108 0.034740
v 0.019435 0.032768 0.032487
v 0.020012 0.032990 0.030105
v 0.020408 0.032768 0.027687
v 0.020608 0.032107 0.025325
v 0.020607 0.031035 0.023109
v 0.020401 0.029593 0.021126
v 0.019999 0.027836 0.019451
v 0.019419 0.025831 0.018150
v 0.018680 0.023656 0.017272
v 0.017091 0.027253 0.040050
v 0.018374 0.028774 0.038827
v 0.019600 0.030071 0.037136
v 0.020661 0.031035 0.035136
v 0.021516 0.031629 0.032908
v 0.022134 0.031829 0.030535
v 0.022489 0.031629 0.028108
v 0.022570 0.031034 0.025722
v 0.022371 0.030070 0.023466
v 0.021902 0.028772 0.021430
v 0.021179 0.027191 0.019690
v 0.020231 0.025387 0.018314
v 0.019095 0.023430 0.017356
v 0.018136 0.026377 0.040261
v 0.019690 0.027670 0.039093
v 0.021147 0.028773 0.037449
v 0.022380 0.029593 0.035484
v 0.023342 0.030097 0.033277
v 0.023995 0.030267 0.030912
v 0.024315 0.030096 0.028478
v 0.024289 0.029592 0.026070
v 0.023919 0.028772 0.023780
v 0.023217 0.027668 0.021697
v 0.022213 0.026324 0.019899
v 0.020944 0.024790 0.018458
v 0.019457 0.023125 0.017429
v 0.018993 0.025309 0.040434
v 0.020770 0.026325 0.039312
v 0.022417 0.027191 0.037706
v 0.023791 0.027835 0.035770
v 0.024840 0.028231 0.033581
v 0.025523 0.028365 0.031221
v 0.025813 0.028230 0.028782
v 0.025700 0.027834 0.026356
v 0.025188 0.027190 0.024037
v 0.024298 0.026323 0.021915
v 0.023061 0.025267 0.020071
v 0.021528 0.024061 0.018577
v 0.019755 0.022754 0.017489
v 0.019629 0.024090 0.040560
v 0.021573 0.024790 0.039472
v 0.023361 0.025387 0.037897
v 0.024841 0.025830 0.035984
v 0.025955 0.026103 0.033808
v 0.026659 0.026194 0.031452
v 0.026927 0.026103 0.029007
v 0.026749 0.025829 0.026569
v 0.026132 0.025385 0.024228
v 0.025100 0.024788 0.022078
v 0.023692 0.024060 0.020199
v 0.021962 0.023231 0.018665
v 0.019976 0.022331 0.017534
v 0.020022 0.022768 0.040639
v 0.022068 0.023124 0.039573
v 0.023944 0.023428 0.038015
v 0.025489 0.023654 0.036116
v 0.026641 0.023793 0.033947
v 0.027358 0.023840 0.031594
v 0.027614 0.023792 0.029147
v 0.027396 0.023653 0.026700
v 0.026714 0.023427 0.024346
v 0.025594 0.023122 0.022178
v 0.024080 0.022753 0.020278
v 0.022230 0.022330 0.018719
v 0.020113 0.021871 0.017562
v 0.020156 0.021393 0.040668
v 0.022236 0.021393 0.039608
v 0.024143 0.021392 0.038056
v 0.025709 0.021391 0.036161
v 0.026874 0.021391 0.033994
v 0.027596 0.021392 0.031644
v 0.027845 0.021391 0.029194
v 0.027615 0.021391 0.026744
v 0.026911 0.021391 0.024386
v 0.025762 0.021391 0.022212
v 0.024212 0.021392 0.020304
v 0.022321 0.021392 0.018737
v 0.020159 0.021393 0.017571
v 0.020023 0.020019 0.040639
v 0.022070 0.019661 0.039574
v 0.023947 0.019355 0.038016
v 0.025492 0.019129 0.036117
v 0.026644 0.018990 0.033948
v 0.027360 0.018942 0.031594
v 0.027616 0.018989 0.029147
v 0.027398 0.019129 0.026700
v 0.026716 0.019355 0.024346
v 0.025595 0.019660 0.022178
v 0.024081 0.020031 0.020278
v 0.022231 0.020455 0.018719
v 0.020113 0.020916 0.017562
v 0.019631 0.018697 0.040560
v 0.021576 0.017996 0.039473
v 0.023365 0.017398 0.037898
v 0.024846 0.016954 0.035985
v 0.025959 0.016680 0.033808
v 0.026663 0.016587 0.031452
v 0.026931 0.016679 0.029008
v 0.026753 0.016953 0.026569
v 0.026135 0.017397 0.024228
v 0.025102 0.017994 0.022078
v 0.023694 0.018724 0.020199
v 0.021963 0.019554 0.018665
v 0.019977 0.020456 0.017534
v 0.018996 0.017479 0.040434
v 0.020775 0.016461 0.039312
v 0.022422 0.015594 0.037706
v 0.023797 0.014949 0.035772
v 0.024846 0.014552 0.033582
v 0.025528 0.014418 0.031222
v 0.025819 0.014552 0.028782
v 0.025705 0.014949 0.026356
v 0.025193 0.015593 0.024037
v 0.024301 0.016460 0.021916
v 0.023064 0.017518 0.020071
v 0.021530 0.018724 0.018577
v 0.019756 0.020033 0.017489
v 0.018140 0.016412 0.040261
v 0.019695 0.015117 0.039093
v 0.021153 0.014013 0.037449
v 0.022386 0.013193 0.035485
v 0.023348 0.012688 0.033277
v 0.024002 0.012517 0.030912
v 0.024321 0.012687 0.028478
v 0.024295 0.013192 0.026070
v 0.023924 0.014012 0.023780
v 0.023222 0.015116 0.021697
v 0.022217 0.016461 0.019900
v 0.020946 0.017996 0.018458
v 0.019458 0.019662 0.017429
v 0.017096 0.015536 0.040049
v 0.018380 0.014014 0.038826
v 0.019606 0.012716 0.037135
v 0.020668 0.011751 0.035137
v 0.021524 0.011157 0.032908
v 0.022142 0.010956 0.030535
v 0.022497 0.011157 0.028108
v 0.022577 0.011751 0.025722
v 0.022378 0.012715 0.023466
v 0.021907 0.014013 0.021430
v 0.021183 0.015595 0.019690
v 0.020234 0.017399 0.018314
v 0.019096 0.019358 0.017355
v 0.017813 0.021394 0.016849
v 0.015904 0.014886 0.039807
v 0.016879 0.013195 0.038522
v 0.017842 0.011752 0.036777
v 0.018707 0.010681 0.034740
v 0.019443 0.010020 0.032487
v 0.020021 0.009797 0.030105
v 0.020417 0.010020 0.027687
v 0.020616 0.010680 0.025325
v 0.020613 0.011751 0.023109
v 0.020407 0.013193 0.021126
v 0.020004 0.014951 0.019451
v 0.019422 0.016956 0.018150
v 0.018682 0.019132 0.017272
v 0.014611 0.014485 0.039546
v 0.015250 0.012691 0.038192
v 0.015927 0.011159 0.036390
v 0.016579 0.010021 0.034309
v 0.017184 0.009321 0.032029
v 0.017717 0.009085 0.029639
v 0.018157 0.009320 0.027229
v 0.018489 0.010020 0.024894
v 0.018699 0.011158 0.022721
v 0.018778 0.012689 0.020796
v 0.018725 0.014555 0.019192
v 0.018541 0.016682 0.017971
v 0.018232 0.018993 0.017181
v 0.013267 0.014350 0.039275
v 0.013557 0.012521 0.037849
v 0.013935 0.010959 0.035986
v 0.014367 0.009799 0.033861
v 0.014836 0.009086 0.031553
v 0.015323 0.008845 0.029155
v 0.015809 0.009085 0.026754
v 0.016277 0.009798 0.024446
v 0.016707 0.010958 0.022317
v 0.017085 0.012519 0.020453
v 0.017394 0.014421 0.018922
v 0.017624 0.016591 0.017785
v 0.017765 0.018946 0.017086
v 0.011922 0.014486 0.039002
v 0.011864 0.012692 0.037506
v 0.011944 0.011161 0.035583
v 0.012155 0.010023 0.033413
v 0.012487 0.009323 0.031078
v 0.012928 0.009087 0.028669
v 0.013460 0.009322 0.026278
v 0.014064 0.010022 0.023997
v 0.014716 0.011160 0.021914
v 0.015392 0.012691 0.020110
v 0.016064 0.014556 0.018653
v 0.016708 0.016683 0.017599
v 0.017298 0.018993 0.016991
v 0.010629 0.014888 0.038740
v 0.010234 0.013198 0.037176
v 0.010028 0.011756 0.035195
v 0.010027 0.010684 0.032982
v 0.010227 0.010024 0.030620
v 0.010625 0.009801 0.028202
v 0.011201 0.010023 0.025819
v 0.011936 0.010683 0.023566
v 0.012801 0.011754 0.021526
v 0.013762 0.013196 0.019780
v 0.014785 0.014953 0.018394
v 0.015826 0.016957 0.017421
v 0.016849 0.019133 0.016900
v 0.009437 0.015539 0.038500
v 0.008733 0.014018 0.036873
v 0.008263 0.012721 0.034838
v 0.008065 0.011756 0.032584
v 0.008146 0.011162 0.030197
v 0.008501 0.010961 0.027771
v 0.009120 0.011162 0.025398
v 0.009975 0.011755 0.023168
v 0.011036 0.012719 0.021168
v 0.012261 0.014016 0.019476
v 0.013605 0.015597 0.018154
v 0.015014 0.017401 0.017256
v 0.016434 0.019359 0.016816
v 0.008392 0.016415 0.038289
v 0.007417 0.015122 0.036607
v 0.006716 0.014019 0.034525
v 0.006346 0.013199 0.032236
v 0.006321 0.012694 0.029828
v 0.006641 0.012524 0.027394
v 0.007294 0.012694 0.025028
v 0.008256 0.013198 0.022820
v 0.009489 0.014017 0.020855
v 0.010946 0.015121 0.019209
v 0.012571 0.016465 0.017945
v 0.014302 0.017999 0.017112
v 0.016072 0.019664 0.016743
v 0.007534 0.017484 0.038115
v 0.006336 0.016467 0.036389
v 0.005446 0.015601 0.034268
v 0.004934 0.014957 0.031951
v 0.004822 0.014560 0.029525
v 0.005113 0.014426 0.027085
v 0.005796 0.014560 0.024725
v 0.006845 0.014956 0.022535
v 0.008219 0.015599 0.020598
v 0.009866 0.016466 0.018991
v 0.011723 0.017522 0.017773
v 0.013717 0.018727 0.016994
v 0.015773 0.020034 0.016682
v 0.006897 0.018702 0.037986
v 0.005533 0.018002 0.036226
v 0.004502 0.017405 0.034077
v 0.003885 0.016962 0.031739
v 0.003708 0.016688 0.029300
v 0.003977 0.016597 0.026856
v 0.004682 0.016688 0.024500
v 0.005796 0.016961 0.022322
v 0.007275 0.017404 0.020407
v 0.009064 0.018001 0.018828
v 0.011092 0.018728 0.017646
v 0.013283 0.019557 0.016906
v 0.015553 0.020458 0.016638
v 0.006503 0.020024 0.037908
v 0.005038 0.019669 0.036128
v 0.003919 0.019364 0.033960
v 0.003237 0.019138 0.031609
v 0.003022 0.018999 0.029162
v 0.003278 0.018952 0.026716
v 0.003996 0.018999 0.024361
v 0.005149 0.019137 0.022192
v 0.006694 0.019362 0.020289
v 0.008569 0.019667 0.018728
v 0.010704 0.020036 0.017567
v 0.013015 0.020459 0.016852
v 0.015416 0.020917 0.016610
v -0.050646 0.021492 0.028383
v -0.052086 0.021493 0.027603
v -0.053347 0.021493 0.026558
v -0.054336 0.021493 0.025339
v -0.050615 0.021810 0.028389
v -0.052026 0.022118 0.027616
v -0.053261 0.022400 0.026577
v -0.054225 0.022637 0.025362
v -0.050525 0.022117 0.028408
v -0.051849 0.022718 0.027653
v -0.053002 0.023272 0.026630
v -0.053900 0.023736 0.025429
v -0.050378 0.022399 0.028438
v -0.051560 0.023271 0.027712
v -0.052583 0.024075 0.026716
v -0.053372 0.024749 0.025538
v -0.050180 0.022646 0.028479
v -0.051171 0.023756 0.027792
v -0.052019 0.024780 0.026832
v -0.052661 0.025638 0.025684
v -0.049939 0.022849 0.028528
v -0.050697 0.024154 0.027889
v -0.051331 0.025357 0.026973
v -0.051792 0.026366 0.025861
v -0.049663 0.023000 0.028584
v -0.050156 0.024450 0.027998
v -0.050545 0.025787 0.027132
v -0.050801 0.026908 0.026063
v -0.049363 0.023093 0.028646
v -0.049569 0.024632 0.028119
v -0.049692 0.026052 0.027306
v -0.049726 0.027241 0.026281
v -0.049052 0.023124 0.028709
v -0.048958 0.024694 0.028242
v -0.048805 0.026141 0.027487
v -0.048608 0.027354 0.026509
v -0.048741 0.023093 0.028773
v -0.048347 0.024632 0.028368
v -0.047918 0.026051 0.027668
v -0.047489 0.027241 0.026736
v -0.048440 0.023000 0.028834
v -0.047760 0.024450 0.028486
v -0.047065 0.025786 0.027840
v -0.046414 0.026907 0.026954
v -0.048165 0.022849 0.028889
v -0.047218 0.024154 0.028597
v -0.046279 0.025357 0.028000
v -0.045422 0.026365 0.027156
v -0.047923 0.022646 0.028938
v -0.046744 0.023755 0.028692
v -0.045589 0.024778 0.028140
v -0.044552 0.025637 0.027334
v -0.047724 0.022399 0.028979
v -0.046354 0.023270 0.028772
v -0.045024 0.024074 0.028254
v -0.043839 0.024747 0.027477
v -0.047577 0.022117 0.029008
v -0.046064 0.022716 0.028829
v -0.044604 0.023270 0.028339
v -0.043309 0.023733 0.027584
v -0.047485 0.021810 0.029027
v -0.045886 0.022116 0.028866
v -0.044344 0.022398 0.028392
v -0.042983 0.022634 0.027649
v -0.047455 0.021491 0.029033
v -0.045826 0.021491 0.028878
v -0.044257 0.021490 0.028409
v -0.042871 0.021490 0.027673
v -0.047485 0.021173 0.029026
v -0.045885 0.020866 0.028865
v -0.044344 0.020583 0.028391
v -0.042982 0.020346 0.027649
v -0.047576 0.020866 0.029008
v -0.046064 0.020266 0.028829
v -0.044603 0.019711 0.028338
v -0.043308 0.019247 0.027583
v -0.047724 0.020584 0.028978
v -0.046353 0.019712 0.028771
v -0.045023 0.018907 0.028253
v -0.043838 0.018233 0.027475
v -0.047923 0.020337 0.028938
v -0.046742 0.019227 0.028691
v -0.045588 0.018203 0.028139
v -0.044550 0.017344 0.027331
v -0.048164 0.020134 0.028889
v -0.047217 0.018829 0.028596
v -0.046277 0.017625 0.027999
v -0.045420 0.016616 0.027154
v -0.048440 0.019983 0.028833
v -0.047758 0.018533 0.028485
v -0.047063 0.017196 0.027839
v -0.046411 0.016074 0.026953
v -0.048740 0.019890 0.028772
v -0.048345 0.018350 0.028367
v -0.047916 0.016931 0.027667
v -0.047486 0.015741 0.026735
v -0.049051 0.019859 0.028708
v -0.048956 0.018290 0.028242
v -0.048803 0.016842 0.027486
v -0.048604 0.015628 0.026508
v -0.049362 0.019890 0.028645
v -0.049567 0.018351 0.028118
v -0.049690 0.016932 0.027305
v -0.049723 0.015742 0.026280
v -0.049662 0.019984 0.028584
v -0.050154 0.018534 0.027997
v -0.050542 0.017197 0.027131
v -0.050797 0.016076 0.026062
v -0.049937 0.020135 0.028527
v -0.050695 0.018830 0.027887
v -0.051328 0.017627 0.026971
v -0.051788 0.016618 0.025860
v -0.050178 0.020339 0.028478
v -0.051168 0.019229 0.027790
v -0.052016 0.018206 0.026831
v -0.052658 0.017347 0.025683
v -0.050377 0.020586 0.028437
v -0.051558 0.019714 0.027710
v -0.052581 0.018911 0.026715
v -0.053369 0.018237 0.025536
v -0.049083 0.021492 0.028866
v -0.050525 0.020868 0.028407
v -0.051847 0.020268 0.027651
v -0.053000 0.019715 0.026629
v -0.053898 0.019251 0.025427
v -0.050615 0.021175 0.028388
v -0.052025 0.020868 0.027615
v -0.053259 0.020586 0.026576
v -0.054223 0.020350 0.025361
v -0.055325 0.021494 0.024266
v -0.056827 0.021494 0.022479
v -0.057980 0.021494 0.020308
v -0.058686 0.021494 0.017953
v -0.058916 0.021494 0.015504
v -0.058665 0.021495 0.013057
v -0.057940 0.021494 0.010704
v -0.056774 0.021493 0.008537
v -0.055208 0.021493 0.006639
v -0.053302 0.021492 0.005085
v -0.051132 0.021491 0.003931
v -0.048779 0.021490 0.003224
v -0.046335 0.021490 0.002992
v -0.055192 0.022868 0.024293
v -0.056661 0.023225 0.022513
v -0.057784 0.023531 0.020348
v -0.058468 0.023756 0.017997
v -0.058685 0.023896 0.015551
v -0.058428 0.023943 0.013104
v -0.057710 0.023896 0.010751
v -0.056557 0.023755 0.008581
v -0.055012 0.023529 0.006679
v -0.053136 0.023223 0.005119
v -0.051001 0.022852 0.003958
v -0.048690 0.022428 0.003242
v -0.046289 0.021967 0.003001
v -0.054801 0.024190 0.024373
v -0.056168 0.024891 0.022614
v -0.057203 0.025489 0.020467
v -0.057822 0.025932 0.018127
v -0.057999 0.026206 0.015689
v -0.057731 0.026298 0.013245
v -0.057026 0.026205 0.010889
v -0.055911 0.025931 0.008712
v -0.054431 0.025486 0.006797
v -0.052643 0.024889 0.005219
v -0.050614 0.024159 0.004036
v -0.048422 0.023329 0.003297
v -0.046152 0.022427 0.003029
v -0.054167 0.025408 0.024505
v -0.055368 0.026425 0.022778
v -0.056260 0.027293 0.020658
v -0.056773 0.027937 0.018340
v -0.056886 0.028333 0.015915
v -0.056596 0.028467 0.013475
v -0.055913 0.028332 0.011115
v -0.054864 0.027935 0.008925
v -0.053489 0.027290 0.006988
v -0.051842 0.026423 0.005381
v -0.049984 0.025365 0.004164
v -0.047989 0.024158 0.003385
v -0.045932 0.022850 0.003073
v -0.053311 0.026476 0.024679
v -0.054288 0.027770 0.022997
v -0.054991 0.028874 0.020916
v -0.055362 0.029694 0.018626
v -0.055389 0.030198 0.016218
v -0.055069 0.030368 0.013785
v -0.054415 0.030197 0.011418
v -0.053454 0.029692 0.009211
v -0.052220 0.028872 0.007245
v -0.050762 0.027767 0.005600
v -0.049137 0.026422 0.004336
v -0.047405 0.024887 0.003503
v -0.045633 0.023220 0.003134
v -0.052267 0.027351 0.024891
v -0.052973 0.028873 0.023265
v -0.053444 0.030171 0.021229
v -0.053644 0.031135 0.018974
v -0.053564 0.031729 0.016589
v -0.053209 0.031929 0.014162
v -0.052591 0.031728 0.011789
v -0.051736 0.031134 0.009559
v -0.050674 0.030169 0.007559
v -0.049448 0.028871 0.005867
v -0.048103 0.027288 0.004545
v -0.046693 0.025484 0.003648
v -0.045271 0.023525 0.003207
v -0.051075 0.028001 0.025133
v -0.051472 0.029692 0.023569
v -0.051680 0.031134 0.021587
v -0.051683 0.032206 0.019373
v -0.051483 0.032866 0.017011
v -0.051087 0.033089 0.014593
v -0.050511 0.032866 0.012211
v -0.049775 0.032205 0.009957
v -0.048910 0.031132 0.007917
v -0.047947 0.029690 0.006171
v -0.046924 0.027932 0.004785
v -0.045881 0.025927 0.003812
v -0.044857 0.023751 0.003292
v -0.049782 0.028402 0.025395
v -0.049843 0.030197 0.023900
v -0.049765 0.031728 0.021976
v -0.049555 0.032866 0.019805
v -0.049224 0.033566 0.017470
v -0.048784 0.033802 0.015060
v -0.048252 0.033566 0.012669
v -0.047647 0.032865 0.010389
v -0.046995 0.031726 0.008305
v -0.046318 0.030194 0.006502
v -0.045645 0.028328 0.005044
v -0.045000 0.026201 0.003991
v -0.044408 0.023890 0.003383
v -0.048438 0.028537 0.025669
v -0.048150 0.030367 0.024244
v -0.047773 0.031928 0.022380
v -0.047342 0.033088 0.020253
v -0.046875 0.033801 0.017946
v -0.046390 0.034044 0.015548
v -0.045903 0.033801 0.013146
v -0.045435 0.033087 0.010838
v -0.045003 0.031926 0.008709
v -0.044625 0.030364 0.006845
v -0.044314 0.028462 0.005314
v -0.044083 0.026293 0.004177
v -0.043941 0.023937 0.003477
v -0.047093 0.028402 0.025942
v -0.046457 0.030196 0.024587
v -0.045781 0.031727 0.022785
v -0.045130 0.032865 0.020702
v -0.044527 0.033565 0.018423
v -0.043994 0.033800 0.016032
v -0.043554 0.033564 0.013622
v -0.043223 0.032863 0.011286
v -0.043012 0.031725 0.009113
v -0.042932 0.030193 0.007188
v -0.042983 0.028327 0.005584
v -0.043166 0.026200 0.004363
v -0.043473 0.023890 0.003572
v -0.045800 0.028000 0.026205
v -0.044827 0.029691 0.024919
v -0.043865 0.031133 0.023174
v -0.043002 0.032204 0.021134
v -0.042267 0.032864 0.018881
v -0.041691 0.033086 0.016499
v -0.041294 0.032863 0.014080
v -0.041095 0.032202 0.011718
v -0.041097 0.031130 0.009502
v -0.041303 0.029688 0.007519
v -0.041705 0.027931 0.005843
v -0.042285 0.025926 0.004541
v -0.043024 0.023750 0.003663
v -0.044608 0.027350 0.026448
v -0.043325 0.028871 0.025225
v -0.042100 0.030168 0.023533
v -0.041039 0.031132 0.021533
v -0.040185 0.031725 0.019303
v -0.039568 0.031925 0.016929
v -0.039213 0.031724 0.014502
v -0.039133 0.031130 0.012115
v -0.039332 0.030165 0.009859
v -0.039802 0.028867 0.007823
v -0.040525 0.027286 0.006083
v -0.041473 0.025482 0.004706
v -0.042610 0.023525 0.003747
v -0.043563 0.026474 0.026661
v -0.042009 0.027767 0.025492
v -0.040552 0.028870 0.023848
v -0.039320 0.029689 0.021882
v -0.038360 0.030193 0.019674
v -0.037707 0.030363 0.017307
v -0.037388 0.030192 0.014872
v -0.037414 0.029687 0.012464
v -0.037785 0.028867 0.010173
v -0.038486 0.027763 0.008090
v -0.039491 0.026419 0.006292
v -0.040760 0.024885 0.004851
v -0.042247 0.023219 0.003821
v -0.042705 0.025406 0.026835
v -0.040928 0.026422 0.025713
v -0.039282 0.027289 0.024106
v -0.037909 0.027932 0.022169
v -0.036861 0.028327 0.019978
v -0.036179 0.028461 0.017617
v -0.035890 0.028326 0.015176
v -0.036003 0.027929 0.012750
v -0.036515 0.027285 0.010430
v -0.037406 0.026418 0.008309
v -0.038642 0.025362 0.006464
v -0.040176 0.024156 0.004969
v -0.041949 0.022849 0.003881
v -0.042069 0.024187 0.026962
v -0.040126 0.024887 0.025874
v -0.038338 0.025484 0.024298
v -0.036860 0.025926 0.022382
v -0.035748 0.026199 0.020204
v -0.035044 0.026290 0.017847
v -0.034776 0.026198 0.015402
v -0.034954 0.025924 0.012963
v -0.035572 0.025480 0.010622
v -0.036604 0.024883 0.008471
v -0.038012 0.024155 0.006592
v -0.039742 0.023326 0.005057
v -0.041728 0.022425 0.003926
v -0.041676 0.022865 0.027042
v -0.039632 0.023220 0.025973
v -0.037756 0.023525 0.024415
v -0.036213 0.023750 0.022513
v -0.035062 0.023889 0.020343
v -0.034346 0.023936 0.017989
v -0.034091 0.023888 0.015541
v -0.034308 0.023748 0.013094
v -0.034990 0.023522 0.010740
v -0.036110 0.023217 0.008571
v -0.037624 0.022847 0.006670
v -0.039474 0.022425 0.005111
v -0.041591 0.021966 0.003954
v -0.041544 0.021490 0.027069
v -0.039465 0.021489 0.026006
v -0.037560 0.021488 0.024453
v -0.035995 0.021488 0.022557
v -0.034830 0.021487 0.020389
v -0.034109 0.021488 0.018038
v -0.033860 0.021486 0.015588
v -0.034090 0.021486 0.013138
v -0.034793 0.021486 0.010779
v -0.035943 0.021486 0.008605
v -0.037492 0.021487 0.006697
v -0.039384 0.021487 0.005130
v -0.041545 0.021488 0.003963
v -0.041676 0.020114 0.027040
v -0.039632 0.019758 0.025972
v -0.037757 0.019452 0.024412
v -0.036213 0.019226 0.022512
v -0.035061 0.019086 0.020342
v -0.034345 0.019038 0.017988
v -0.034089 0.019085 0.015541
v -0.034307 0.019224 0.013093
v -0.034989 0.019450 0.010739
v -0.036109 0.019755 0.008571
v -0.037623 0.020126 0.006670
v -0.039473 0.020550 0.005111
v -0.041591 0.021010 0.003954
v -0.042069 0.018793 0.026960
v -0.040126 0.018092 0.025870
v -0.038338 0.017494 0.024293
v -0.036859 0.017050 0.022380
v -0.035746 0.016775 0.020202
v -0.035042 0.016683 0.017846
v -0.034774 0.016775 0.015401
v -0.034952 0.017049 0.012962
v -0.035569 0.017492 0.010621
v -0.036602 0.018090 0.008471
v -0.038011 0.018818 0.006592
v -0.039741 0.019649 0.005057
v -0.041727 0.020551 0.003926
v -0.042705 0.017574 0.026831
v -0.040928 0.016557 0.025707
v -0.039281 0.015689 0.024101
v -0.037907 0.015045 0.022166
v -0.036858 0.014648 0.019976
v -0.036176 0.014513 0.017615
v -0.035886 0.014648 0.015175
v -0.036000 0.015044 0.012749
v -0.036512 0.015688 0.010430
v -0.037403 0.016555 0.008308
v -0.038640 0.017612 0.006464
v -0.040175 0.018819 0.004969
v -0.041948 0.020127 0.003881
v -0.043561 0.016507 0.026658
v -0.042007 0.015213 0.025488
v -0.040550 0.014108 0.023844
v -0.039317 0.013288 0.021880
v -0.038356 0.012783 0.019671
v -0.037703 0.012612 0.017305
v -0.037383 0.012782 0.014871
v -0.037410 0.013287 0.012463
v -0.037780 0.014107 0.010172
v -0.038482 0.015211 0.008089
v -0.039488 0.016556 0.006292
v -0.040758 0.018091 0.004850
v -0.042246 0.019757 0.003821
v -0.044606 0.015631 0.026445
v -0.043322 0.014109 0.025221
v -0.042096 0.012811 0.023530
v -0.041035 0.011847 0.021531
v -0.040180 0.011252 0.019301
v -0.039562 0.011051 0.016928
v -0.039207 0.011252 0.014501
v -0.039128 0.011846 0.012115
v -0.039327 0.012810 0.009859
v -0.039797 0.014108 0.007823
v -0.040521 0.015689 0.006082
v -0.041471 0.017494 0.004706
v -0.042608 0.019452 0.003747
v -0.043892 0.021489 0.003241
v -0.045797 0.014981 0.026203
v -0.044823 0.013290 0.024916
v -0.043861 0.011847 0.023172
v -0.042996 0.010775 0.021134
v -0.042260 0.010115 0.018880
v -0.041684 0.009892 0.016498
v -0.041288 0.010114 0.014079
v -0.041088 0.010775 0.011717
v -0.041091 0.011846 0.009501
v -0.041298 0.013288 0.007518
v -0.041701 0.015045 0.005843
v -0.042282 0.017051 0.004541
v -0.043023 0.019227 0.003663
v -0.047089 0.014580 0.025940
v -0.046452 0.012786 0.024586
v -0.045775 0.011254 0.022783
v -0.045124 0.010116 0.020702
v -0.044519 0.009415 0.018422
v -0.043987 0.009179 0.016031
v -0.043547 0.009415 0.013621
v -0.043216 0.010115 0.011286
v -0.043006 0.011253 0.009113
v -0.042927 0.012784 0.007188
v -0.042979 0.014649 0.005584
v -0.043163 0.016777 0.004362
v -0.043472 0.019087 0.003572
v -0.048434 0.014445 0.025668
v -0.048145 0.012615 0.024242
v -0.047767 0.011054 0.022379
v -0.047336 0.009894 0.020253
v -0.046868 0.009180 0.017945
v -0.046382 0.008939 0.015547
v -0.045895 0.009180 0.013145
v -0.045428 0.009893 0.010837
v -0.044997 0.011053 0.008709
v -0.044620 0.012614 0.006845
v -0.044310 0.014515 0.005314
v -0.044080 0.016686 0.004177
v -0.043939 0.019040 0.003477
v -0.049778 0.014581 0.025394
v -0.049838 0.012787 0.023899
v -0.049758 0.011255 0.021975
v -0.049548 0.010117 0.019804
v -0.049217 0.009417 0.017469
v -0.048777 0.009181 0.015060
v -0.048244 0.009416 0.012669
v -0.047640 0.010116 0.010389
v -0.046988 0.011254 0.008305
v -0.046312 0.012785 0.006501
v -0.045641 0.014650 0.005044
v -0.044997 0.016778 0.003991
v -0.044406 0.019087 0.003383
v -0.051071 0.014983 0.025131
v -0.051467 0.013292 0.023568
v -0.051674 0.011850 0.021586
v -0.051676 0.010778 0.019373
v -0.051476 0.010118 0.017011
v -0.051079 0.009895 0.014592
v -0.050503 0.010117 0.012210
v -0.049768 0.010777 0.009957
v -0.048903 0.011849 0.007917
v -0.047942 0.013290 0.006171
v -0.046920 0.015047 0.004785
v -0.045878 0.017052 0.003812
v -0.044856 0.019227 0.003291
v -0.052263 0.015633 0.024890
v -0.052969 0.014112 0.023264
v -0.053439 0.012814 0.021229
v -0.053638 0.011850 0.018975
v -0.053557 0.011256 0.016588
v -0.053203 0.011055 0.014161
v -0.052584 0.011256 0.011788
v -0.051729 0.011850 0.009559
v -0.050668 0.012814 0.007559
v -0.049443 0.014111 0.005867
v -0.048100 0.015692 0.004545
v -0.046690 0.017496 0.003647
v -0.045270 0.019453 0.003207
v -0.053307 0.016510 0.024678
v -0.054284 0.015216 0.022997
v -0.054986 0.014112 0.020915
v -0.055357 0.013293 0.018626
v -0.055383 0.012788 0.016218
v -0.055063 0.012617 0.013784
v -0.054410 0.012788 0.011418
v -0.053448 0.013292 0.009211
v -0.052215 0.014112 0.007245
v -0.050758 0.015215 0.005600
v -0.049133 0.016559 0.004336
v -0.047403 0.018093 0.003503
v -0.045632 0.019758 0.003134
v -0.054164 0.017578 0.024503
v -0.055365 0.016561 0.022778
v -0.056256 0.015694 0.020657
v -0.056769 0.015050 0.018340
v -0.056882 0.014654 0.015914
v -0.056591 0.014520 0.013475
v -0.055909 0.014654 0.011114
v -0.054860 0.015050 0.008924
v -0.053485 0.015694 0.006988
v -0.051838 0.016560 0.005381
v -0.049982 0.017616 0.004164
v -0.047987 0.018822 0.003384
v -0.045931 0.020129 0.003073
v -0.054798 0.018797 0.024372
v -0.056166 0.018096 0.022613
v -0.057201 0.017499 0.020466
v -0.057819 0.017056 0.018128
v -0.057997 0.016782 0.015689
v -0.057727 0.016691 0.013245
v -0.057023 0.016782 0.010889
v -0.055909 0.017055 0.008712
v -0.054429 0.017498 0.006797
v -0.052641 0.018095 0.005218
v -0.050612 0.018823 0.004036
v -0.048421 0.019652 0.003297
v -0.046152 0.020552 0.003029
v -0.055191 0.020119 0.024292
v -0.056660 0.019763 0.022513
v -0.057783 0.019457 0.020348
v -0.058467 0.019232 0.017997
v -0.058684 0.019093 0.015551
v -0.058427 0.019045 0.013104
v -0.057709 0.019092 0.010751
v -0.056555 0.019231 0.008581
v -0.055011 0.019456 0.006679
v -0.053135 0.019761 0.005118
v -0.051000 0.020130 0.003958
v -0.048689 0.020553 0.003242
v -0.046288 0.021012 0.003001
f 4 2 1
f 8 6 5
f 13 15 14
f 17 19 18
f 32 30 29
f 36 34 33
f 37 39 38
f 21 23 20
f 25 27 24
f 41 43 42
f 48 46 45
f 52 50 49
f 53 55 54
f 60 58 57
f 29 62 61
f 66 64 63
f 67 6 68
f 72 70 69
f 76 74 73
f 77 79 78
f 81 83 82
f 59 86 85
f 88 90 89
f 96 94 93
f 100 98 97
f 101 103 102
f 106 34 87
f 108 115 107
f 117 36 118
f 124 126 125
f 131 129 128
f 132 134 133
f 142 140 139
f 148 60 147
f 144 127 124
f 149 151 150
f 156 154 153
f 159 158 157
f 116 164 105
f 171 169 168
f 174 173 172
f 179 181 180
f 186 188 187
f 194 196 195
f 199 139 198
f 206 208 207
f 213 211 210
f 202 214 201
f 96 216 54
f 92 43 44
f 97 246 100
f 250 229 228
f 252 58 253
f 258 256 255
f 260 229 259
f 110 112 113
f 114 263 109
f 265 267 266
f 56 270 269
f 274 249 250
f 185 63 64
f 280 278 276
f 285 283 157
f 288 211 212
f 141 92 46
f 289 175 176
f 148 105 106
f 312 170 171
f 238 42 43
f 318 160 317
f 310 308 307
f 241 325 324
f 160 240 317
f 47 307 308
f 108 315 164
f 345 86 119
f 348 350 349
f 356 358 357
f 355 353 352
f 363 32 362
f 149 150 176
f 364 253 365
f 366 368 367
f 183 371 63
f 163 161 160
f 209 101 208
f 378 165 166
f 379 381 380
f 383 3 4
f 284 386 385
f 387 389 388
f 391 229 249
f 73 397 396
f 405 407 406
f 203 411 410
f 414 413 412
f 1 357 4
f 277 131 275
f 254 57 58
f 358 415 351
f 417 386 408
f 401 192 420
f 419 127 143
f 421 182 422
f 103 302 409
f 428 368 174
f 380 359 356
f 62 266 323
f 140 431 430
f 357 351 348
f 356 379 380
f 415 403 434
f 437 436 435
f 438 440 439
f 188 450 449
f 452 454 453
f 265 181 421
f 224 64 225
f 237 213 427
f 275 128 458
f 281 460 459
f 50 79 461
f 73 282 281
f 468 466 465
f 390 352 359
f 482 484 483
f 489 487 486
f 493 495 494
f 472 470 469
f 502 500 499
f 220 222 223
f 512 143 66
f 518 511 80
f 513 230 286
f 205 31 244
f 189 451 188
f 163 532 8
f 533 225 251
f 446 447 412
f 335 540 334
f 544 546 545
f 329 291 292
f 199 262 238
f 385 416 550
f 532 191 247
f 363 118 243
f 236 237 250
f 578 580 579
f 573 571 570
f 561 562 272
f 241 259 240
f 590 592 591
f 545 595 594
f 503 155 504
f 606 624 623
f 478 480 479
f 646 648 647
f 590 689 684
f 564 651 650
f 728 184 727
f 714 716 715
f 692 575 693
f 541 581 578
f 346 248 400
f 161 230 160
f 128 94 95
f 698 704 703
f 574 576 575
f 290 401 328
f 630 725 726
f 733 735 734
f 755 496 493
f 759 481 760
f 757 762 761
f 764 466 467
f 768 3808 3809
f 759 488 489
f 492 475 771
f 474 769 473
f 773 465 772
f 771 486 483
f 484 775 491
f 774 489 486
f 495 764 756
f 495 761 494
f 137 784 136
f 325 797 547
f 165 51 52
f 369 29 370
f 730 568 569
f 90 301 89
f 243 516 242
f 800 806 805
f 817 808 816
f 816 823 822
f 306 447 807
f 815 809 808
f 829 828 825
f 726 501 502
f 274 424 423
f 879 881 880
f 884 879 885
f 219 217 211
f 906 904 897
f 455 205 542
f 898 830 829
f 903 880 881
f 906 897 898
f 377 519 165
f 923 948 946
f 946 951 950
f 3519 739 3517
f 900 886 880
f 225 65 144
f 182 442 422
f 809 947 824
f 954 962 961
f 927 965 966
f 885 880 886
f 925 966 967
f 343 341 340
f 965 971 968
f 968 970 969
f 972 969 973
f 963 981 978
f 336 338 339
f 992 827 828
f 810 996 959
f 1007 1002 1008
f 1012 827 1009
f 1011 1007 1008
f 294 292 291
f 907 920 919
f 1017 1019 1018
f 1020 1022 1021
f 1035 1020 1044
f 1061 1047 1046
f 1063 1046 1062
f 1044 1021 1045
f 1102 1097 1109
f 1116 1118 1117
f 1016 1014 1013
f 881 904 903
f 816 1127 817
f 1094 949 1097
f 514 167 515
f 146 81 82
f 1133 1130 1129
f 1102 1126 822
f 822 1116 816
f 1145 1148 1136
f 1076 1151 1069
f 1148 1086 1087
f 1109 1114 1136
f 1154 1156 1155
f 1153 967 1156
f 3464 463 3714
f 1144 1152 1151
f 1156 1163 1162
f 1164 1169 1165
f 1145 1176 1147
f 1114 1154 1171
f 1183 1164 1177
f 1184 1177 1185
f 1069 1062 1064
f 1023 1194 1022
f 1162 1170 1169
f 1195 1185 1191
f 1183 1176 1155
f 1201 1152 1196
f 1061 1201 1202
f 3825 843 3836
f 1203 1195 1034
f 1202 1184 1195
f 1218 1203 1217
f 1060 1202 1203
f 1225 1217 1219
f 671 694 670
f 1219 1024 1035
f 1217 1034 1024
f 1226 1015 1227
f 1243 1234 1233
f 1231 1229 1228
f 847 1233 843
f 843 1244 878
f 1233 1245 1244
f 1923 233 216
f 2100 499 500
f 3914 2135 3900
f 61 323 505
f 210 217 457
f 1299 1309 1300
f 3863 1231 3862
f 1066 1321 1322
f 1322 1228 1229
f 1060 1321 1047
f 1325 1323 1310
f 1244 1332 1330
f 1290 1242 1288
f 1337 1339 1338
f 1330 1340 1339
f 1341 1245 1294
f 1342 1332 1341
f 1343 1341 1344
f 1344 1294 1293
f 3857 1345 1346
f 1347 1342 1343
f 3856 1295 1345
f 1349 1348 1347
f 3861 1347 3853
f 3853 1343 3857
f 906 829 1353
f 905 1353 1354
f 865 1355 1357
f 1355 829 825
f 1357 825 826
f 1356 1353 1355
f 3834 1338 3833
f 866 1356 865
f 1358 1354 1356
f 3828 1337 3834
f 838 1012 841
f 1363 1338 1339
f 1368 1339 1340
f 1348 1340 1342
f 1371 3824 3829
f 524 526 523
f 528 530 527
f 1372 1369 1371
f 535 537 538
f 1367 1348 1350
f 1370 1359 1369
f 1369 3833 3824
f 1373 903 904
f 555 557 558
f 1374 910 1373
f 1373 905 1375
f 1374 1375 1376
f 1375 1354 1370
f 1378 908 1377
f 376 651 1387
f 1388 973 969
f 586 588 585
f 1390 1388 1391
f 1391 969 970
f 597 599 596
f 600 602 603
f 1392 970 979
f 608 610 607
f 612 523 611
f 614 616 613
f 617 25 24
f 620 622 619
f 1397 1391 1392
f 1398 1392 1399
f 1400 920 1378
f 1402 1165 1169
f 636 638 635
f 930 1402 929
f 641 643 644
f 929 1169 1170
f 1404 1403 1402
f 1411 1365 1406
f 1412 1415 1414
f 652 654 655
f 609 657 658
f 659 661 662
f 558 586 585
f 665 667 664
f 1413 1406 1412
f 1418 3810 3813
f 1417 1371 1416
f 1416 3829 3810
f 1419 1416 1418
f 1386 1374 1420
f 677 679 676
f 1385 1420 1421
f 1420 1376 1422
f 685 687 688
f 1421 1422 1423
f 528 691 658
f 1422 1372 1417
f 1018 747 1425
f 699 701 702
f 1424 579 1017
f 3663 1767 3660
f 700 711 712
f 1093 3754 1571
f 717 530 719
f 721 723 720
f 704 3543 3554
f 19 1426 1430
f 1429 1427 1426
f 1658 3542 3544
f 1439 1434 1438
f 1437 1435 1434
f 1426 1433 1432
f 1442 1432 1440
f 742 744 745
f 1432 1441 1440
f 751 753 750
f 1438 1403 1405
f 1446 1444 1443
f 1447 1446 1443
f 3860 1443 3848
f 1415 1445 1446
f 1414 1446 1448
f 2173 469 470
f 777 779 686
f 780 782 783
f 1676 1806 1675
f 3859 1349 3861
f 789 791 788
f 745 793 742
f 652 795 653
f 1455 1457 1456
f 1454 1350 1452
f 610 802 801
f 3831 698 703
f 1352 1045 1351
f 1015 1459 1460
f 811 813 814
f 2118 3817 2117
f 819 821 818
f 1466 1194 1190
f 1467 1465 1466
f 1182 1468 1467
f 832 833 831
f 835 837 834
f 1467 1190 1182
f 1469 1444 1445
f 840 712 690
f 1453 1469 1454
f 599 845 846
f 1226 3849 3855
f 851 853 850
f 855 856 854
f 858 860 857
f 861 863 864
f 1014 3855 3858
f 867 868 869
f 870 872 873
f 874 876 877
f 1310 1471 1309
f 1476 1427 1475
f 1461 1475 1460
f 887 889 890
f 788 892 891
f 894 896 893
f 1460 1227 1015
f 901 524 612
f 1465 1477 1464
f 1865 3500 1864
f 911 913 914
f 916 918 915
f 1850 3507 1851
f 921 895 894
f 1479 1436 1478
f 926 667 601
f 1481 563 1480
f 269 84 1482
f 931 933 916
f 934 614 869
f 936 688 937
f 938 662 939
f 1484 122 123
f 941 835 834
f 320 509 510
f 1849 3505 1850
f 84 1484 83
f 1487 1488 539
f 1757 3502 3509
f 365 1491 364
f 461 80 511
f 117 362 1496
f 1494 541 1495
f 926 957 958
f 1477 1433 1476
f 1709 1585 1700
f 119 1496 345
f 271 504 156
f 511 189 186
f 345 1492 365
f 255 344 254
f 57 299 132
f 1501 268 1500
f 267 1499 145
f 974 976 977
f 1678 1693 1676
f 3846 1807 3840
f 557 663 558
f 983 984 985
f 1443 3849 3848
f 421 268 265
f 989 991 988
f 1490 418 1504
f 279 309 310
f 997 676 679
f 998 999 875
f 1504 38 1505
f 1506 1507 1486
f 360 1508 1506
f 1506 207 360
f 939 1006 938
f 270 1483 269
f 66 546 512
f 1010 793 935
f 367 437 1509
f 244 363 243
f 1670 3534 1669
f 209 1510 226
f 235 1512 1511
f 1511 234 235
f 388 426 425
f 427 250 237
f 161 521 231
f 100 45 44
f 1025 608 1027
f 1029 1031 1028
f 939 1033 1032
f 41 594 99
f 1036 783 1037
f 702 1038 1039
f 1040 1042 1043
f 362 369 1493
f 187 477 186
f 70 539 198
f 1511 1521 234
f 1049 603 1048
f 613 869 614
f 860 1051 857
f 1005 1053 1006
f 753 1056 1054
f 1057 1059 1055
f 293 1522 292
f 288 1521 1522
f 292 1523 329
f 331 1508 1524
f 306 453 305
f 100 41 99
f 462 78 79
f 330 1524 462
f 635 1068 636
f 1485 1526 1528
f 206 1528 1510
f 1070 1072 831
f 942 1073 1074
f 916 1075 917
f 440 1530 439
f 157 1514 285
f 1529 5 1530
f 371 546 63
f 790 663 791
f 1077 857 1078
f 1403 1435 1165
f 1080 1082 1079
f 531 1529 440
f 21 1084 1085
f 272 1531 561
f 137 396 397
f 690 802 691
f 335 3567 581
f 1090 1029 1091
f 1092 794 1042
f 1533 137 138
f 661 1095 1096
f 69 445 72
f 1099 1101 1098
f 38 1536 1505
f 1104 1106 1103
f 852 1108 853
f 1377 909 1386
f 291 411 294
f 316 516 33
f 539 1533 534
f 1505 316 313
f 1110 1112 1113
f 1539 460 264
f 522 1537 1539
f 834 1120 1119
f 1122 1124 1121
f 612 1041 901
f 935 615 614
f 276 130 131
f 1686 3522 1685
f 193 1541 273
f 231 1540 287
f 556 982 557
f 365 85 345
f 190 318 1541
f 1810 3574 3528
f 3924 3512 3791
f 1132 985 1131
f 208 102 132
f 1134 662 661
f 1491 80 77
f 429 1542 147
f 1137 915 918
f 172 428 174
f 1139 1141 1142
f 549 54 55
f 1517 1518 296
f 976 1146 938
f 834 984 941
f 1543 286 115
f 1544 239 513
f 133 1544 1542
f 506 257 258
f 420 328 401
f 1158 1160 1157
f 587 1103 588
f 1513 1514 151
f 607 1027 608
f 304 1545 303
f 364 77 506
f 69 198 139
f 1006 976 938
f 700 1112 701
f 3877 3525 3787
f 1166 657 656
f 1167 858 1077
f 1300 3524 1299
f 1172 1174 1175
f 218 200 217
f 1179 1181 1178
f 372 97 98
f 89 227 88
f 1186 1188 1189
f 172 1517 1549
f 1482 81 1498
f 1090 1193 1030
f 394 353 1551
f 526 1198 1197
f 811 858 812
f 1199 1026 1025
f 606 697 696
f 1204 1206 743
f 1207 523 526
f 1209 867 613
f 914 685 936
f 1478 1441 1477
f 1029 1161 1091
f 1211 1213 1214
f 3858 1451 3859
f 844 1216 845
f 423 273 274
f 1220 1222 1083
f 22 1224 23
f 882 897 881
f 1519 173 387
f 1189 1232 1178
f 349 550 416
f 1071 1236 1072
f 1237 1239 745
f 1221 1189 1240
f 1510 1512 333
f 939 1241 1005
f 1556 5 67
f 1553 394 1551
f 404 67 347
f 1247 1249 1246
f 142 238 92
f 1251 635 1250
f 850 1253 851
f 1254 1077 1255
f 57 133 429
f 443 552 551
f 1187 1175 1188
f 1256 831 833
f 432 382 383
f 741 747 746
f 434 351 415
f 349 383 348
f 251 1481 1480
f 395 352 353
f 1518 1550 1551
f 1558 378 340
f 109 314 315
f 285 1513 407
f 395 393 392
f 202 410 1558
f 417 405 432
f 1246 1258 1247
f 3 297 2
f 1259 1261 1262
f 403 347 284
f 955 953 952
f 462 51 330
f 1096 687 1263
f 429 60 57
f 896 1265 932
f 1267 1268 1266
f 423 327 420
f 37 180 40
f 20 1187 1186
f 1256 1071 1070
f 155 156 504
f 1188 1269 1232
f 1236 1271 1262
f 1272 535 621
f 565 463 464
f 1273 745 1239
f 876 1255 1274
f 316 164 315
f 437 503 1509
f 194 1495 197
f 1275 864 863
f 624 631 630
f 1277 1137 1278
f 569 567 566
f 1481 125 366
f 324 547 326
f 1279 1107 1280
f 1525 329 1523
f 1281 1137 918
f 171 1553 1552
f 1488 396 1533
f 1557 1562 1559
f 1282 1206 1205
f 1053 1278 1281
f 778 607 1283
f 713 3566 3569
f 251 144 124
f 4 348 383
f 709 707 706
f 728 45 246
f 261 1563 544
f 789 1287 790
f 74 263 282
f 403 385 434
f 1178 1240 1189
f 1223 1289 1224
f 158 150 151
f 1220 1186 1221
f 296 354 433
f 784 1538 1566
f 1181 1291 1222
f 1269 1257 1246
f 1566 438 399
f 136 1566 1564
f 1563 169 1565
f 107 109 108
f 1297 1298 1296
f 1464 1476 1461
f 1520 507 508
f 1301 1303 1304
f 1306 1308 1305
f 175 1532 272
f 1532 200 201
f 1311 1312 1313
f 872 1315 1316
f 1317 1318 1319
f 3836 878 3828
f 1305 864 1276
f 1040 863 1320
f 1564 399 169
f 592 1575 591
f 591 1088 689
f 1581 1583 1582
f 1196 1147 1176
f 710 583 713
f 285 408 386
f 953 961 963
f 1594 1589 1593
f 1585 1587 1586
f 1592 1590 1589
f 3885 944 3899
f 1600 1598 1597
f 1604 1602 1601
f 1399 979 980
f 1589 1596 1595
f 1610 1608 1607
f 298 361 360
f 551 276 277
f 1627 3814 3819
f 859 818 860
f 1078 1328 1329
f 1555 1530 1556
f 572 680 681
f 772 776 774
f 977 918 917
f 404 392 393
f 1054 750 753
f 1644 1643 1642
f 932 1082 933
f 1067 1334 1068
f 1540 264 114
f 597 643 1336
f 471 762 470
f 1642 3831 3842
f 1644 3842 3843
f 923 950 927
f 96 548 95
f 520 522 521
f 445 443 442
f 849 848 842
f 480 755 493
f 1646 481 1639
f 311 1567 170
f 464 3497 3495
f 3497 1361 3495
f 234 236 235
f 190 192 191
f 153 152 149
f 231 286 230
f 1552 1551 1550
f 760 1648 488
f 3832 1649 3830
f 828 826 825
f 52 166 165
f 1663 1661 1660
f 287 115 286
f 668 670 669
f 634 640 639
f 553 559 554
f 118 33 516
f 492 491 490
f 3552 1651 3553
f 582 584 583
f 384 392 415
f 1381 1383 1380
f 1562 435 436
f 952 951 947
f 3529 583 584
f 1660 1667 1666
f 1394 1396 1393
f 1660 1664 1663
f 1671 1669 1668
f 1624 1673 1672
f 1407 1409 1410
f 1677 1675 1674
f 1613 1677 1625
f 1679 1676 1677
f 1626 3811 3814
f 534 198 539
f 176 150 159
f 803 734 800
f 400 191 192
f 65 143 144
f 3526 1656 3540
f 402 157 283
f 629 627 626
f 461 49 50
f 758 495 756
f 796 786 785
f 406 1513 1560
f 342 166 167
f 1694 1658 1695
f 1692 1694 1696
f 3557 1652 3552
f 3921 1703 3923
f 326 302 90
f 3916 1702 1706
f 3919 1698 1701
f 1699 3927 3918
f 1557 1560 1561
f 1127 1117 1128
f 400 289 346
f 1706 1707 1708
f 1707 1599 1600
f 1709 1708 1588
f 1714 1711 1713
f 3919 1709 1700
f 1704 1577 1703
f 1716 1713 1715
f 1559 1549 297
f 1722 1720 1719
f 1335 596 1489
f 410 377 378
f 973 1163 972
f 168 399 398
f 1571 1089 1093
f 1572 682 1571
f 749 647 754
f 1730 1723 1729
f 1594 1729 1592
f 1729 1591 1592
f 1731 1730 1583
f 1384 1377 1379
f 1732 1712 1714
f 1724 1731 1732
f 1712 1731 1580
f 1722 1732 1733
f 1721 1733 1734
f 1734 1716 1717
f 1735 1736 1697
f 1733 1714 1716
f 1663 1741 1668
f 1742 1740 1743
f 1738 1737 1735
f 1665 1666 1740
f 1665 1744 1664
f 1725 1746 1745
f 1591 1745 1590
f 1590 1747 1596
f 1745 1748 1747
f 1659 3538 3542
f 3287 3545 3282
f 1185 1182 1190
f 1664 1749 1741
f 1741 1739 1738
f 1746 1743 1748
f 1726 1742 1746
f 1153 924 925
f 1115 1153 1154
f 1654 3575 1655
f 1896 3549 1686
f 1720 1744 1726
f 1721 1749 1720
f 1750 1701 1698
f 1697 1750 1696
f 1151 1063 1062
f 1751 1670 1671
f 1695 1752 1751
f 961 986 981
f 1770 1768 1767
f 1766 1593 1765
f 1731 1579 1580
f 1579 1774 1578
f 3928 1771 3929
f 1764 3928 3917
f 1777 1775 1774
f 3762 1699 1700
f 1004 1128 1003
f 1774 1771 1772
f 987 1399 980
f 1578 1772 1764
f 1783 1781 1778
f 1597 1770 1767
f 639 3895 3884
f 3928 1769 1770
f 1793 1789 1788
f 3929 1798 1769
f 3508 3773 1806
f 1802 3924 3922
f 1788 1794 1793
f 1793 1795 1776
f 3773 1675 1806
f 1584 1783 1789
f 1771 3920 3929
f 1801 1798 1800
f 1768 1798 1799
f 1775 1797 1771
f 508 515 1520
f 1796 1802 1797
f 1800 3920 3922
f 1794 1804 1795
f 3532 1752 3547
f 485 1807 775
f 3809 1640 768
f 3837 1810 1653
f 485 1640 1808
f 1690 3770 3772
f 487 1648 1811
f 3839 1816 3822
f 3838 1648 3830
f 3839 1811 3838
f 1812 487 1811
f 1641 767 768
f 465 755 776
f 767 3823 3808
f 3822 3826 3847
f 1809 1815 767
f 3837 1651 3840
f 675 3541 3496
f 1814 1822 1821
f 1821 3821 3820
f 1824 1649 1825
f 1827 1850 1805
f 1668 1662 1663
f 1779 1848 1828
f 1790 1805 1794
f 1833 1853 1852
f 3521 693 575
f 1614 1616 1617
f 1852 3498 3501
f 1620 1622 1623
f 1855 1574 1861
f 1847 3501 3513
f 1766 1855 1782
f 1629 1631 1628
f 1633 1634 1632
f 1635 1637 1638
f 1848 1852 1847
f 1855 1863 1862
f 1803 1867 1802
f 1862 1831 1832
f 1782 1862 1781
f 3922 1865 1800
f 1873 1870 1869
f 1874 799 804
f 2045 3897 2044
f 1219 1295 1225
f 1615 1396 1395
f 3884 1877 1876
f 645 3786 3559
f 1345 1035 1346
f 634 3884 3880
f 15 1327 14
f 3910 1878 1893
f 1894 605 1893
f 3506 627 693
f 3560 645 3559
f 340 454 1558
f 1897 195 1898
f 1889 1877 1890
f 1901 129 1900
f 196 754 232
f 1705 3921 3916
f 340 166 343
f 1570 563 561
f 1904 194 1897
f 1781 1832 1780
f 1905 55 1906
f 1000 995 996
f 986 920 987
f 1191 1190 1194
f 2094 2075 2093
f 1920 1919 1915
f 453 1912 1911
f 1915 1918 1916
f 3882 2106 3901
f 1655 3531 1868
f 1916 1926 1925
f 704 3561 703
f 278 1925 1900
f 3565 1818 1820
f 1097 1115 1114
f 1927 727 1923
f 3578 3654 3758
f 1920 307 1929
f 1929 48 728
f 503 1497 1509
f 1902 787 796
f 1816 3820 3826
f 1925 1923 1924
f 1535 1568 1534
f 254 258 255
f 1509 366 367
f 119 35 36
f 219 293 294
f 141 47 431
f 542 244 245
f 1940 430 431
f 1779 1827 1790
f 1701 3915 3919
f 1661 3515 1667
f 270 754 647
f 197 749 196
f 1727 1212 1211
f 53 232 754
f 1465 1479 1478
f 1284 3854 1293
f 1951 412 413
f 168 1554 1553
f 1486 206 207
f 506 78 361
f 994 1007 993
f 951 963 964
f 1013 3861 1351
f 3826 1820 1818
f 1498 1954 1482
f 299 543 132
f 1754 1756 1753
f 1681 1683 1682
f 1696 1695 1697
f 13 738 737
f 473 475 474
f 482 768 1640
f 204 30 205
f 1761 820 819
f 611 1125 612
f 1501 1908 1909
f 1074 711 699
f 1960 82 83
f 120 1960 123
f 35 87 34
f 1773 1025 1031
f 1965 1569 1535
f 494 471 479
f 1966 1969 1968
f 446 1971 1967
f 174 125 126
f 1580 1578 1577
f 1785 1787 1784
f 1972 304 305
f 1254 875 999
f 1973 342 514
f 321 1973 509
f 1910 275 1907
f 509 514 508
f 1486 1527 1485
f 1974 804 1975
f 1977 1974 1978
f 1980 1966 1981
f 379 2 295
f 1718 1710 1701
f 884 992 883
f 1680 1678 1679
f 902 525 524
f 344 256 299
f 135 137 136
f 236 228 333
f 448 1967 1966
f 589 604 584
f 910 908 907
f 1981 1968 1987
f 1982 1987 1979
f 1988 1987 1989
f 1990 1989 1991
f 1991 1993 1992
f 322 320 319
f 992 830 883
f 1144 1086 1143
f 1995 1978 1994
f 1133 1118 1126
f 1997 1994 1996
f 870 1335 1489
f 805 1982 1998
f 727 2000 1999
f 1996 1988 1990
f 1994 1979 1988
f 1829 792 1273
f 1830 941 983
f 798 800 799
f 729 731 730
f 2011 2023 2022
f 1834 846 1159
f 402 284 347
f 2022 2024 2025
f 1838 989 988
f 810 952 809
f 1823 1840 644
f 1430 1432 1431
f 1215 1841 1079
f 149 176 177
f 1316 873 872
f 2112 1384 2106
f 1842 1844 1845
f 1159 845 1160
f 837 1846 1120
f 1971 2030 2027
f 517 370 189
f 858 833 812
f 1471 2027 1888
f 3551 626 627
f 2174 770 490
f 935 1854 1010
f 1613 1611 1618
f 1231 1225 1295
f 1856 891 892
f 1300 748 741
f 1150 1858 1859
f 1643 696 1642
f 1215 1264 1216
f 1320 902 901
f 1956 1944 1960
f 2031 669 1474
f 2034 1310 1299
f 1879 1656 1657
f 40 242 39
f 1992 2039 1456
f 888 957 889
f 1882 1996 1990
f 1078 1255 1077
f 1871 1192 1090
f 294 218 219
f 1323 2026 1471
f 123 83 1484
f 1324 2041 1323
f 384 359 352
f 1324 2038 2036
f 1883 1885 1829
f 287 114 107
f 1096 1134 661
f 915 931 916
f 806 1981 1982
f 3533 584 604
f 1425 2042 1018
f 1018 1948 1017
f 3562 740 3519
f 1948 649 646
f 1881 1990 1991
f 1900 130 278
f 992 994 993
f 923 925 924
f 3878 2047 3876
f 1643 625 606
f 2050 2051 2049
f 2045 1404 2047
f 3876 945 3885
f 1139 1079 1841
f 1037 892 982
f 2055 2057 2056
f 1198 718 717
f 1619 1612 1611
f 2058 1606 2059
f 2059 1607 2058
f 2058 1624 1605
f 71 179 37
f 405 1557 382
f 976 1006 977
f 322 1972 1911
f 2061 2063 2062
f 2066 2067 1825
f 2052 2064 2051
f 1609 2066 1647
f 1515 152 1516
f 1009 993 1007
f 1644 3815 2118
f 279 1916 278
f 1285 3862 1284
f 1647 1825 1649
f 2056 2067 2065
f 319 1953 1952
f 667 1913 1914
f 2070 625 2048
f 2052 2055 2063
f 2038 1655 1458
f 1606 2073 2072
f 1235 1270 1236
f 2072 2075 2074
f 2059 2072 2062
f 2074 2077 2076
f 1601 2078 2073
f 2049 1643 1645
f 1000 1001 994
f 1089 684 689
f 1931 1306 1930
f 1462 1021 1022
f 1932 1934 1935
f 875 1846 998
f 1936 1937 1938
f 44 46 92
f 1534 1956 120
f 1541 317 391
f 2081 2084 2083
f 146 1959 300
f 1360 1942 1361
f 985 1032 1033
f 1995 1892 2043
f 2079 2082 2081
f 2095 2076 2077
f 2081 2078 2079
f 2055 2054 2053
f 501 2095 500
f 2097 2099 2098
f 2098 2094 2083
f 2140 3893 3866
f 2141 3894 3893
f 2051 2048 2049
f 592 2101 1576
f 2071 2076 2096
f 2102 2098 2101
f 593 2102 592
f 1019 746 747
f 1950 12 1327
f 725 2096 501
f 1385 2104 1379
f 1379 2106 1384
f 2107 2100 2097
f 3908 502 3896
f 3896 499 3901
f 940 2109 944
f 928 1170 973
f 3868 684 3899
f 1962 1964 1961
f 3878 573 3897
f 2039 1968 1969
f 1389 2110 2109
f 1398 2113 1397
f 3757 3753 3743
f 3911 2107 2103
f 949 924 1115
f 260 324 326
f 1390 2113 2110
f 2070 2064 2071
f 3867 2103 593
f 2105 1421 2114
f 2114 1423 2115
f 3892 2115 3903
f 3908 2114 3892
f 554 1902 553
f 972 967 966
f 1765 1573 1574
f 1984 1986 1983
f 2053 2069 2057
f 3573 724 714
f 1625 1674 1673
f 3881 2119 2122
f 3903 2123 3904
f 56 1906 55
f 626 3879 629
f 2001 2003 2004
f 3912 2127 3907
f 2006 2008 2009
f 2127 1412 2128
f 2014 2016 2017
f 2018 2020 2021
f 1495 1947 197
f 1379 1386 1385
f 3814 1680 1618
f 2029 1884 2028
f 3902 2120 3887
f 629 3914 3872
f 682 943 1089
f 724 2121 716
f 1757 3821 3845
f 765 3844 3809
f 3851 715 3852
f 706 3870 3872
f 981 987 980
f 1457 1656 1880
f 2017 2032 2033
f 1458 1868 1457
f 1776 1792 1793
f 1959 1946 1958
f 3663 3725 3661
f 3913 2122 3850
f 1093 689 1088
f 966 968 972
f 3852 3881 3913
f 2172 2170 2171
f 670 2137 669
f 3761 1903 233
f 1429 28 1449
f 964 978 971
f 3841 1413 2127
f 1473 669 2137
f 3834 1359 1358
f 2138 1870 2137
f 1872 2137 1870
f 715 3888 3881
f 1881 1992 1880
f 3843 739 740
f 1837 3513 3514
f 253 59 85
f 1808 3840 1807
f 1647 3818 1609
f 3865 671 668
f 2112 3883 2111
f 1405 2044 1438
f 3829 1364 1366
f 273 391 249
f 576 3520 3555
f 3875 668 2031
f 1430 2140 2139
f 2136 3860 28
f 1430 18 19
f 3893 570 695
f 1442 2046 2141
f 1431 2141 2140
f 3869 3850 2136
f 3808 1817 766
f 3866 695 671
f 2142 798 2138
f 571 2142 694
f 3819 1618 1611
f 2143 2025 2142
f 694 2138 670
f 681 2144 572
f 2144 2022 2143
f 328 457 290
f 1572 2011 2144
f 630 3903 624
f 2085 2087 2088
f 2090 2092 2089
f 572 2143 571
f 1875 2153 2149
f 1873 2149 2154
f 2103 2097 2102
f 2157 2155 2156
f 2128 1414 2120
f 3874 589 582
f 3872 628 629
f 2149 2158 2159
f 2159 3905 3890
f 698 3902 705
f 3823 3827 1817
f 2158 3874 3905
f 1438 2046 1439
f 2035 2160 2161
f 2161 3889 3886
f 3871 605 589
f 3873 18 3875
f 370 61 451
f 649 413 648
f 2153 2156 2158
f 1428 1449 1450
f 1490 73 1488
f 3890 710 633
f 2155 3891 3871
f 1456 1880 1992
f 2125 2087 2124
f 2160 3890 3889
f 300 505 323
f 1064 1046 1065
f 2043 1891 2155
f 2129 2004 2003
f 2131 2133 2134
f 3848 1450 1449
f 1998 804 805
f 3879 3864 3914
f 474 490 770
f 1164 1182 1177
f 707 3909 3870
f 708 2162 707
f 2162 3886 3909
f 548 1905 458
f 1145 1114 1171
f 705 1650 704
f 2043 1977 1995
f 737 554 559
f 1034 1191 1023
f 458 1907 275
f 195 232 233
f 2040 1969 1970
f 2145 2147 2148
f 2054 2049 1645
f 3832 1639 3818
f 9 11 10
f 252 506 258
f 472 479 471
f 1865 3791 3503
f 900 910 907
f 1941 2151 1942
f 1921 1927 1919
f 2163 1898 2116
f 271 153 178
f 1904 12 9
f 282 264 460
f 1872 2154 2035
f 1326 1897 2163
f 628 693 627
f 1724 1719 1723
f 1549 436 172
f 1582 1730 1729
f 1921 1929 1928
f 3563 10 11
f 2152 1950 1949
f 475 774 771
f 769 2171 473
f 2171 476 473
f 476 772 475
f 1791 464 1760
f 2166 2168 2169
f 595 372 98
f 483 1641 482
f 762 2173 470
f 771 484 492
f 486 1809 483
f 297 1517 296
f 763 2174 762
f 776 759 489
f 184 2176 2000
f 412 303 414
f 2005 185 224
f 3811 1682 3846
f 2164 756 764
f 1472 2161 2162
f 950 964 965
f 2177 2179 2180
f 227 1510 333
f 764 467 2164
f 2182 2184 2181
f 2186 2018 2185
f 1985 2181 1986
f 214 729 1531
f 1545 1546 1569
f 865 842 866
f 849 1357 1362
f 452 1558 454
f 559 3188 737
f 16 737 3188
f 560 498 374
f 3193 3195 3194
f 3200 3198 3199
f 3211 3213 3212
f 3215 3217 3216
f 2187 2002 2001
f 2169 2189 2190
f 2192 2085 2191
f 2193 2195 2196
f 2198 2200 2197
f 1998 1979 1975
f 3664 3668 3671
f 2116 1903 1902
f 1859 2009 1150
f 3904 2126 3906
f 1135 1087 1130
f 2201 2015 2014
f 1149 110 1858
f 3221 3218 3215
f 2203 2205 2206
f 579 1895 1019
f 1755 2208 1756
f 3891 1893 605
f 1211 2150 1727
f 868 2210 2209
f 944 930 940
f 2130 2202 2201
f 233 1898 195
f 665 750 666
f 1167 999 618
f 2211 2213 2214
f 2215 2217 2218
f 3867 590 3868
f 2220 220 2219
f 823 948 1094
f 3225 3227 3226
f 266 455 265
f 3882 2107 3883
f 2221 3519 3517
f 2223 2225 2226
f 2207 2124 2208
f 673 3869 3864
f 817 996 815
f 2227 2146 2145
f 1947 646 749
f 3900 17 3873
f 2229 1638 1381
f 1679 1618 1680
f 1637 2232 2230
f 2233 1617 1616
f 2231 2236 2237
f 1381 2238 1382
f 3586 2242 3587
f 1630 2233 1631
f 1681 472 469
f 1408 2243 2244
f 3236 3238 3237
f 3232 3240 3235
f 1637 2238 1638
f 3237 3233 3234
f 1409 1634 2245
f 1380 2247 2246
f 1628 2245 1621
f 2249 1622 1633
f 1632 1408 2244
f 2248 1631 2250
f 2235 1637 1636
f 3245 3199 3198
f 631 2071 725
f 515 52 49
f 782 2251 1251
f 2253 2255 2252
f 397 459 784
f 1456 2040 1455
f 2040 2036 1455
f 1401 2111 1398
f 2041 1970 2026
f 1535 414 1965
f 1586 2080 2079
f 2256 1132 1886
f 1700 3918 3919
f 3815 1686 3817
f 1263 1886 1096
f 598 844 599
f 2257 2259 2260
f 2258 2262 2259
f 2259 2263 2216
f 2260 2216 2215
f 1967 1970 1969
f 2212 1963 2213
f 922 2218 2217
f 1312 1101 2264
f 1307 1286 789
f 1548 1546 1972
f 2266 2268 2265
f 2265 2270 2269
f 2272 2269 2271
f 2273 2265 2272
f 2275 2277 2274
f 2278 2277 2279
f 2284 3617 3639
f 2287 2286 2281
f 2288 2283 2287
f 2290 3639 3620
f 2291 2293 2294
f 2295 2294 2279
f 2296 2291 2295
f 2297 2292 2291
f 2294 2299 2300
f 2279 2300 2278
f 2298 2302 2292
f 2292 2303 2293
f 2293 2304 2299
f 2304 2306 2299
f 2306 2300 2299
f 2308 2310 2307
f 2302 2310 2303
f 2301 2307 2302
f 2312 2307 2311
f 2313 2315 2316
f 2318 2320 2317
f 3748 2322 2323
f 2324 2273 2326
f 2313 2326 2327
f 2328 2313 2316
f 2329 2324 2328
f 2331 2333 2330
f 2330 2267 2266
f 2325 2266 2273
f 2329 2330 2325
f 2333 2335 2267
f 2336 2333 2332
f 2338 2332 2337
f 2331 2337 2332
f 2329 2339 2331
f 2328 2340 2329
f 2316 2341 2328
f 2342 2315 2343
f 2344 2346 2347
f 2341 2347 2340
f 2342 2344 2341
f 2348 2345 2344
f 2350 2352 2353
f 2339 2353 2337
f 2340 2350 2339
f 2347 2351 2350
f 2337 2354 2338
f 2353 2355 2354
f 2356 2276 2357
f 2356 2358 2359
f 2356 2296 2295
f 2279 2356 2295
f 2360 2270 2268
f 2267 2360 2268
f 2362 2364 2365
f 2362 2361 2358
f 2366 2358 2357
f 2366 2363 2362
f 2357 2368 2366
f 2366 2369 2367
f 2276 2370 2368
f 2368 2282 2369
f 2372 2374 2371
f 2375 2377 2007
f 2378 2380 2381
f 2382 2381 2383
f 2384 2378 2382
f 2385 2379 2378
f 2388 2390 2387
f 2387 2392 2391
f 2393 2387 2391
f 2394 2388 2387
f 2186 2402 2400
f 2403 2327 2326
f 2272 2326 2273
f 2271 2403 2272
f 2405 2404 2403
f 2404 2408 2327
f 2409 2411 2412
f 2409 2271 2269
f 2413 2269 2270
f 2413 2410 2409
f 2417 2416 2418
f 2417 2406 2405
f 2412 2405 2271
f 2411 2417 2412
f 2406 2407 2404
f 3569 632 713
f 2420 2397 2421
f 2420 2423 2422
f 2424 2422 2419
f 2424 2398 2420
f 2425 2392 2426
f 2421 2426 2423
f 2397 2425 2421
f 2396 2391 2425
f 2427 2315 2314
f 2427 2408 2428
f 2430 2428 2429
f 2343 2427 2430
f 2432 2430 2431
f 2431 2429 2433
f 2435 2433 2434
f 2436 2431 2435
f 2428 2407 2437
f 2422 2407 2419
f 2438 2422 2423
f 2429 2437 2438
f 2440 2433 2439
f 2441 2433 2429
f 2442 2439 2441
f 2443 2440 2439
f 2445 2444 2443
f 2447 2443 2442
f 2383 2445 2447
f 2381 2446 2445
f 2448 2423 2426
f 2449 2426 2392
f 2441 2449 2442
f 2441 2438 2448
f 2449 2390 2450
f 2450 2389 2451
f 2447 2451 2383
f 2442 2450 2447
f 2451 2453 2452
f 2452 2455 2454
f 2382 2454 2384
f 2383 2452 2382
f 2456 2373 2372
f 2459 2461 2458
f 2463 2465 2462
f 2462 2285 2284
f 2466 2284 2290
f 2467 2462 2466
f 2461 3703 3701
f 2468 2470 2471
f 2472 2471 2473
f 2474 3701 3688
f 2475 2477 2478
f 2458 2453 2479
f 2479 2389 2388
f 2395 2479 2388
f 2480 2458 2479
f 2481 2483 2478
f 2484 2485 221
f 2471 2464 2463
f 2473 2463 2467
f 2487 2466 2486
f 2486 2290 2488
f 2490 2488 2489
f 2491 2486 2490
f 2492 2467 2487
f 2493 2487 2491
f 2494 2492 2493
f 2495 2473 2492
f 3690 2474 3688
f 3691 2496 3690
f 2498 2493 2499
f 2500 2499 2501
f 3700 2498 2500
f 3687 2494 2498
f 2306 2278 2300
f 2305 2504 2306
f 2504 2507 2506
f 2506 2288 2508
f 2274 2508 2275
f 2278 2506 2274
f 3633 2489 2488
f 3620 2488 2290
f 2507 2289 2288
f 2505 2509 2507
f 2508 2287 2511
f 2511 2281 2280
f 2370 2280 2282
f 2275 2511 2370
f 2512 2489 2513
f 2514 2513 2515
f 2517 2514 2516
f 2517 2490 2512
f 2499 2491 2517
f 2499 2516 2501
f 2510 2519 2518
f 2518 2521 2520
f 3616 2520 3621
f 3632 2518 3616
f 2522 2303 2310
f 2523 2310 2309
f 2305 2522 2524
f 2524 2523 2525
f 2519 2525 2521
f 2505 2524 2519
f 2308 2527 2526
f 2526 2529 2528
f 2531 2528 2530
f 2309 2526 2531
f 1214 2151 1211
f 2419 2418 2424
f 2533 2349 2317
f 2534 2317 2320
f 2535 2533 2534
f 2536 2345 2533
f 2537 2346 2536
f 2538 2536 2535
f 2539 2537 2538
f 2540 2351 2537
f 2312 2541 2527
f 2527 2542 2529
f 2543 2434 2544
f 2545 2544 2546
f 2319 2543 2545
f 2318 2435 2543
f 2514 2548 2547
f 2547 2550 2549
f 2552 2549 2551
f 2552 2514 2547
f 2520 2554 2553
f 2553 2556 2555
f 3590 2555 3593
f 3621 2553 3590
f 2523 2531 2557
f 2557 2530 2558
f 2525 2557 2559
f 2559 2558 2560
f 2554 2560 2556
f 2521 2559 2554
f 2561 2007 2006
f 2376 2225 2377
f 2564 2566 2563
f 2563 338 2567
f 2569 2567 2568
f 2570 2563 2569
f 2572 2574 2571
f 2571 2576 2575
f 2544 2575 2546
f 2544 2572 2571
f 2578 2569 2577
f 2579 2569 2568
f 2574 2579 2576
f 2573 2577 2574
f 2581 2583 2580
f 2584 2583 2585
f 3697 2580 2584
f 3676 2580 3675
f 2582 2552 2583
f 2583 2551 2585
f 2500 2589 2588
f 2590 2589 2591
f 3693 2588 2590
f 3695 2500 2588
f 2501 2591 2589
f 2592 2594 2595
f 2386 2503 2502
f 2596 2386 2374
f 2596 2373 2597
f 2599 2597 2598
f 2599 2379 2596
f 2600 2380 2599
f 2600 2598 2601
f 2603 2601 2602
f 2603 2446 2600
f 2604 2602 2605
f 2440 2605 2434
f 2444 2604 2440
f 2606 2581 2607
f 2606 2590 2591
f 2591 2582 2606
f 3676 2456 3689
f 3689 2372 3693
f 2478 2608 2481
f 2609 2611 2199
f 2564 2613 2612
f 2612 2598 2597
f 2457 2597 2373
f 2565 2612 2457
f 2614 2570 2578
f 2615 2578 2573
f 2602 2614 2615
f 2601 2613 2614
f 2572 2605 2616
f 2616 2602 2615
f 2573 2616 2615
f 1459 1045 1021
f 1265 1079 1082
f 1612 1609 1611
f 2067 2069 2068
f 1135 1136 1148
f 1938 2618 2617
f 95 458 128
f 2058 1608 1612
f 1454 1445 1367
f 655 1048 2619
f 722 2621 723
f 1131 1033 1134
f 562 366 1497
f 1723 1725 1591
f 1786 1122 1787
f 267 323 266
f 1325 1654 2038
f 1468 1435 1479
f 658 529 528
f 8 247 7
f 382 1559 3
f 788 1307 789
f 940 929 928
f 911 2623 912
f 2621 655 654
f 2624 2625 2626
f 998 27 26
f 635 2626 2625
f 2627 644 1840
f 2628 1840 2629
f 1200 2627 2628
f 1199 641 2627
f 1520 49 477
f 1452 1349 1451
f 2630 1859 1858
f 644 1335 1823
f 1197 717 2632
f 2632 719 1166
f 2628 1166 1200
f 2629 2632 2628
f 1762 1050 821
f 1823 873 1839
f 2634 794 652
f 1028 1027 1161
f 1042 2635 1043
f 93 1901 1924
f 2036 1458 1455
f 1527 1525 1526
f 877 1274 1277
f 134 797 1544
f 1328 931 1329
f 607 1091 1161
f 1043 2637 2636
f 2636 2639 2638
f 1275 2638 1276
f 1275 1043 2636
f 1272 2626 2640
f 2640 638 637
f 1110 2640 637
f 536 2640 2641
f 1472 1474 1473
f 2042 1951 649
f 1058 1105 1059
f 2642 2643 2644
f 1192 2644 1193
f 912 2642 1192
f 3898 3526 3786
f 1049 2620 2621
f 616 1885 613
f 1331 666 750
f 990 1198 525
f 1911 321 322
f 1298 1205 2645
f 76 1504 75
f 1502 421 422
f 610 658 691
f 1146 659 938
f 2646 914 936
f 1280 1238 1279
f 975 2647 2648
f 2647 975 974
f 1453 1452 1451
f 1514 158 151
f 835 1843 1842
f 1271 1173 1289
f 2649 813 2650
f 1893 1826 1894
f 1050 1937 1051
f 2651 814 813
f 1006 1281 977
f 2653 2654 2655
f 1001 1003 1002
f 585 679 558
f 2624 621 620
f 555 2028 556
f 1207 1197 2629
f 1626 478 472
f 426 419 1567
f 1030 1773 1031
f 3898 634 3880
f 534 138 262
f 1125 1042 1041
f 333 88 227
f 569 561 730
f 1489 871 870
f 1857 620 891
f 1673 3770 3763
f 622 864 1308
f 2647 974 2657
f 619 891 620
f 261 545 262
f 393 1556 404
f 2658 2647 2657
f 1075 2657 917
f 1081 2658 1075
f 1080 2659 2658
f 2644 1141 2660
f 2660 1140 1336
f 642 1336 643
f 1193 2660 642
f 679 555 558
f 1503 1500 1502
f 1318 1101 1100
f 2661 1139 1142
f 2661 2663 2662
f 2662 2659 2661
f 2662 2622 2664
f 2664 911 2646
f 2648 2646 1146
f 2648 2662 2664
f 2083 2093 2081
f 1442 1437 1439
f 519 330 51
f 1885 1209 613
f 799 805 804
f 1946 1952 1953
f 1302 1253 1252
f 566 224 533
f 1389 928 1388
f 683 681 680
f 836 1842 2665
f 2665 1845 1303
f 2666 1303 1302
f 24 2665 2666
f 831 2650 832
f 1845 1304 1303
f 2010 2012 2011
f 1051 2667 2668
f 1522 1511 1523
f 531 441 522
f 782 1251 1250
f 1250 2625 2669
f 2669 1857 1856
f 783 1856 1037
f 782 2669 783
f 720 2671 721
f 1055 1930 1056
f 1333 1251 2251
f 619 1308 1307
f 652 2619 2634
f 521 1539 1540
f 1838 537 2672
f 2672 536 2641
f 1113 2641 1110
f 1113 1838 2672
f 1016 1351 1045
f 3897 570 3894
f 226 104 101
f 3564 3827 1818
f 1036 1884 1883
f 2674 1304 2673
f 2673 1844 2675
f 1334 2675 1039
f 1333 2673 1334
f 2676 1039 2675
f 1843 2675 1844
f 942 2676 1843
f 1074 702 2676
f 811 859 858
f 752 1055 753
f 1200 656 1026
f 1120 874 2677
f 2677 877 1052
f 1241 1052 1005
f 1119 2677 1241
f 1560 151 1515
f 1208 611 523
f 215 736 214
f 1460 1462 1461
f 1208 1839 873
f 854 1282 1297
f 72 182 179
f 544 1565 512
f 217 456 457
f 2047 930 945
f 1204 1937 2633
f 913 686 685
f 840 1113 1112
f 1531 730 561
f 2678 1283 801
f 601 1914 602
f 1537 459 460
f 1819 3509 3527
f 991 862 538
f 2679 1073 1830
f 2680 983 2256
f 779 2256 1263
f 778 2680 779
f 2678 1830 2680
f 180 245 40
f 1886 1131 1134
f 1138 1274 1255
f 1841 1140 1139
f 75 314 74
f 193 420 192
f 2681 1099 1098
f 170 1565 169
f 349 417 432
f 1121 2684 2683
f 547 409 302
f 123 121 120
f 2643 1142 1141
f 1542 513 1543
f 899 907 919
f 1210 676 867
f 791 982 892
f 24 837 836
f 893 932 931
f 1860 863 862
f 535 862 861
f 832 813 812
f 2650 813 832
f 1569 1547 1568
f 181 542 180
f 660 937 688
f 2013 568 2012
f 887 2631 2630
f 1524 361 78
f 520 162 1529
f 2653 854 2685
f 1238 2655 2686
f 718 527 530
f 1492 518 1491
f 792 615 793
f 599 1835 596
f 290 456 175
f 312 1552 425
f 1248 1179 1249
f 153 177 178
f 1240 1222 1221
f 1257 1235 1071
f 1291 1083 1222
f 1052 1277 1053
f 743 2618 1204
f 444 430 443
f 23 1172 1187
f 2687 1180 1179
f 102 409 134
f 1283 610 801
f 373 650 651
f 1180 1084 1291
f 855 2655 1237
f 1173 1917 1174
f 2689 853 2688
f 2688 1108 1279
f 2686 1279 1238
f 2687 2688 2686
f 2691 1252 2690
f 2690 850 2689
f 1248 2689 2687
f 1248 2691 2690
f 2692 24 2666
f 2691 2666 1302
f 1247 2692 2691
f 1258 617 2692
f 394 1555 393
f 2693 1259 1223
f 1072 1262 1261
f 1257 1168 1258
f 398 1555 1554
f 871 1314 872
f 1178 1249 1179
f 1224 1173 1172
f 1010 2618 742
f 1175 1292 1269
f 2654 2686 2655
f 2694 1216 1264
f 71 1487 70
f 701 1111 1038
f 1072 2649 2650
f 1085 22 21
f 895 1264 896
f 1601 1605 1604
f 1259 1271 1289
f 21 1220 1083
f 988 538 537
f 598 1336 1140
f 820 1762 821
f 1050 818 821
f 1298 1761 2652
f 1168 618 617
f 858 1256 833
f 39 516 1536
f 2652 819 814
f 313 315 314
f 2026 1971 2027
f 2656 596 1835
f 814 818 811
f 2696 813 2649
f 1260 2649 1261
f 2693 2696 1260
f 2697 2651 2696
f 381 390 380
f 3818 1611 1609
f 1475 1428 1227
f 1292 1917 1235
f 1551 354 1518
f 1526 1523 1511
f 1593 1595 1573
f 1232 1246 1249
f 2695 1223 22
f 2698 1296 2697
f 2698 2693 2695
f 2685 2695 1085
f 2685 1297 2698
f 562 271 272
f 2652 1296 1298
f 1365 1364 1363
f 1958 1953 1957
f 585 2210 997
f 1561 1515 435
f 975 1146 976
f 347 68 346
f 1038 636 1068
f 2700 780 2699
f 2699 1036 1883
f 2701 1883 1829
f 851 2699 2701
f 2674 2251 2702
f 2702 781 2700
f 1253 2700 851
f 1301 2702 1253
f 1519 388 1550
f 1273 1280 2703
f 2703 1107 852
f 2701 852 851
f 1829 2703 2701
f 91 326 90
f 1784 2656 1785
f 2683 2705 2704
f 604 3499 3533
f 1669 3548 1662
f 2062 2060 2059
f 621 861 622
f 2023 732 2024
f 686 1263 687
f 857 2668 1328
f 883 882 879
f 637 1111 1110
f 2668 893 1328
f 2667 894 2668
f 1039 1068 1334
f 313 1504 1505
f 1911 305 453
f 1936 1964 2212
f 2707 2401 2183
f 2708 2183 2182
f 738 2116 554
f 2349 2432 2436
f 2711 2020 2019
f 2400 2019 2186
f 2714 2716 2713
f 2717 2719 2720
f 2721 2723 2724
f 2726 2728 2725
f 2725 2730 2729
f 2731 2729 2709
f 2732 2725 2731
f 2734 2736 2733
f 2738 2740 2737
f 2737 2741 2742
f 2744 2746 2743
f 2745 2748 2747
f 2749 2747 2751
f 2753 2751 2752
f 2250 2246 2248
f 2754 1614 2755
f 3598 2755 3609
f 3608 2747 3609
f 1617 2755 1614
f 2242 1620 2757
f 2191 2760 2759
f 2761 2760 2762
f 3648 2761 3649
f 3623 2759 3648
f 3209 3223 3224
f 1395 2236 2235
f 1395 1636 1615
f 1616 2229 2233
f 1617 2763 2756
f 2756 3628 3608
f 2765 2234 1630
f 2766 3628 3622
f 3202 3246 3247
f 1516 435 1515
f 2768 3552 3553
f 1495 578 1424
f 2135 28 17
f 3526 2773 2774
f 1690 3926 3925
f 2778 2780 2777
f 2777 2781 2782
f 2784 2777 2783
f 3555 575 576
f 1494 9 540
f 3529 2015 3566
f 451 505 450
f 2786 2788 2785
f 2779 2785 2780
f 2789 2741 2740
f 2790 2752 2789
f 2792 2794 2791
f 2793 2796 2794
f 2796 2750 2749
f 2794 2749 2753
f 2798 1396 2754
f 3591 2754 3598
f 2798 2800 1393
f 3591 2799 2798
f 2797 2795 2801
f 2791 2753 2790
f 216 232 54
f 3804 2807 3803
f 3805 2804 3803
f 2769 3557 3552
f 183 184 97
f 2811 2775 2776
f 2804 2776 2805
f 2809 2811 2804
f 2812 2813 2814
f 3805 2816 3795
f 3796 2815 3795
f 3798 2820 2821
f 3793 2819 3798
f 2824 2735 2819
f 2823 2824 2819
f 2825 2826 2724
f 3793 2827 3792
f 3796 2826 3792
f 2713 2829 2828
f 2828 2831 2830
f 2822 2828 2830
f 2821 2713 2828
f 2832 2822 2830
f 2833 2830 2831
f 2834 2832 2833
f 2835 2827 2832
f 2837 2839 2836
f 2836 2841 2840
f 2842 2840 2727
f 2843 2836 2842
f 2840 2845 2844
f 2718 2845 2719
f 2730 2844 2718
f 2727 2844 2728
f 2846 2719 2845
f 2846 2841 2847
f 2829 2847 2831
f 2829 2716 2846
f 2847 2839 2848
f 2848 2838 2849
f 2833 2849 2834
f 2831 2848 2833
f 2850 2851 2852
f 2853 2852 2854
f 2783 2782 2855
f 2785 2853 2856
f 2780 2856 2781
f 2857 2855 2782
f 2859 2782 2781
f 2861 2842 2860
f 2860 2727 2726
f 2862 2726 2732
f 2863 2860 2862
f 2861 2858 2857
f 2843 2857 2859
f 2856 2854 2864
f 2781 2864 2859
f 2837 2859 2864
f 2838 2864 2854
f 2852 2834 2849
f 2854 2849 2838
f 2865 2818 2835
f 2851 2835 2834
f 2813 2815 2865
f 2814 2865 2851
f 2866 2814 2850
f 2788 2850 2853
f 2866 2787 2867
f 2812 2867 2775
f 1892 1890 1891
f 2720 2846 2870
f 298 256 257
f 2872 2713 2820
f 3794 2735 2734
f 2729 2874 2873
f 2846 2715 2870
f 2876 2878 2875
f 2733 2878 2734
f 3806 2879 2880
f 3806 2872 3794
f 2882 2884 2881
f 2881 2715 2714
f 2880 2714 2872
f 2879 2881 2880
f 2885 2887 2888
f 2888 2890 2885
f 2885 2892 2891
f 2893 2885 2891
f 1942 2532 2894
f 2895 2720 2870
f 2884 2870 2715
f 2883 2895 2884
f 2896 2892 2895
f 2889 2717 2890
f 2890 2720 2892
f 2897 2891 2896
f 2898 2896 2883
f 2899 2883 2882
f 2900 2882 2879
f 3797 2879 3807
f 2876 2901 2877
f 2901 2904 2903
f 1785 1835 1834
f 2905 2899 2900
f 2907 2897 2898
f 3797 2903 3799
f 632 577 633
f 3532 2867 2787
f 434 550 350
f 2768 3640 3643
f 2910 1623 2249
f 2241 2758 2242
f 3640 2913 3652
f 1623 2757 1620
f 3587 2757 3652
f 2229 1380 2250
f 2765 1629 2914
f 2915 1629 2912
f 3642 2914 2915
f 3641 2765 2914
f 2919 3642 3613
f 2918 2912 2241
f 3614 2241 3586
f 3618 3613 3670
f 3541 2180 3496
f 3521 2188 3506
f 3705 714 3851
f 2925 2917 2924
f 2924 2916 2919
f 3610 2919 3618
f 3611 2924 3610
f 2926 2766 2925
f 3658 2925 3611
f 1715 1705 1710
f 785 498 796
f 1387 565 1791
f 374 1899 560
f 3573 2206 3556
f 2929 2886 2893
f 2932 2934 2931
f 1905 1908 1907
f 2930 2936 2937
f 2938 2930 2929
f 1493 517 518
f 1603 1586 1602
f 2939 2929 2908
f 2940 2908 2907
f 3665 1600 3661
f 2886 2937 2887
f 2906 2898 2899
f 2908 2893 2897
f 2942 2933 2941
f 2941 2937 2936
f 3501 2936 3513
f 3498 2941 3501
f 2943 2710 2873
f 2943 2874 2889
f 2945 2889 2888
f 2946 2943 2945
f 2932 2888 2887
f 2931 2945 2932
f 727 1929 728
f 2903 2947 2948
f 545 42 262
f 1480 533 251
f 2907 2949 2940
f 2906 2950 2949
f 1558 215 202
f 3799 2948 3801
f 2054 1644 2118
f 3705 2203 3573
f 1828 1849 1827
f 2953 2955 2952
f 2952 2957 2956
f 2956 2258 2952
f 2953 2258 2257
f 2454 2474 2496
f 3747 2959 3766
f 3747 2131 3737
f 2961 2963 2958
f 2958 2964 2959
f 222 2485 2965
f 2477 2966 2608
f 2631 2006 1859
f 2384 2496 2497
f 2967 2959 2964
f 2968 2970 2969
f 3759 2971 3784
f 3784 2960 3766
f 2972 2033 2032
f 2007 2973 2008
f 3560 2134 2133
f 1836 1832 1831
f 3506 2090 3551
f 955 959 956
f 672 674 673
f 633 713 632
f 2024 733 803
f 2025 803 798
f 425 1550 388
f 2975 888 887
f 1319 1157 2694
f 1212 2977 1213
f 889 2228 2227
f 1978 1975 1979
f 1138 1329 915
f 751 2979 2978
f 1619 1625 1624
f 2252 1728 1727
f 1157 845 1216
f 2706 1938 2617
f 2980 2254 2981
f 2982 887 2630
f 802 711 2679
f 678 2029 2028
f 527 690 528
f 1839 2629 1840
f 2983 602 1914
f 2983 1913 1331
f 2985 1331 1054
f 2986 2983 2985
f 2987 2635 2634
f 2985 2639 2986
f 2990 1318 2989
f 2991 2993 2994
f 2995 2994 2996
f 1106 2991 2995
f 1058 2992 2991
f 1415 1365 1367
f 1317 2217 2997
f 1932 2255 2980
f 926 2999 664
f 3001 2992 3000
f 3000 1057 2978
f 2999 2978 2979
f 2998 3000 2999
f 3002 2209 3003
f 3002 2996 2994
f 2993 3002 2994
f 3001 2998 3002
f 1103 2995 3004
f 3004 2996 3003
f 2209 3004 3003
f 588 3004 2210
f 295 433 381
f 2638 2988 3005
f 3005 1056 1930
f 1305 1930 1306
f 1276 3005 1305
f 1987 1993 1989
f 2633 1761 2645
f 1423 1417 1419
f 3561 739 703
f 2671 2704 2705
f 1473 2035 1472
f 922 2694 895
f 1401 1378 1384
f 556 1884 1037
f 842 3825 3836
f 1854 2617 1010
f 933 1081 1075
f 1440 1436 1437
f 529 719 530
f 1031 1027 1028
f 777 912 1871
f 2645 1204 2633
f 441 1538 1537
f 790 587 586
f 2065 1610 1607
f 1860 990 902
f 60 87 59
f 1424 1948 1947
f 332 1507 331
f 261 138 135
f 187 449 507
f 1719 1726 1725
f 1931 1059 3006
f 3006 1105 1104
f 1287 1104 587
f 1286 3006 1287
f 3007 3009 3010
f 3009 653 795
f 618 26 25
f 2029 1210 1209
f 957 600 2228
f 1049 2228 600
f 2631 3011 2561
f 890 2227 3011
f 3011 2145 3012
f 2561 3012 2375
f 1026 609 608
f 2706 1961 1964
f 3013 2485 3014
f 2148 1267 3015
f 3015 1266 1311
f 2997 1101 1317
f 642 1773 1193
f 186 461 511
f 1041 1320 901
f 1121 3017 1122
f 2984 2987 3018
f 3018 2634 2619
f 1048 3018 2619
f 603 2984 3018
f 2679 801 802
f 2062 2074 2061
f 2061 2076 2064
f 414 1545 1965
f 3016 2683 3019
f 3019 2704 2670
f 3020 2670 720
f 3007 3019 3020
f 1871 1091 777
f 3021 1122 3017
f 3022 3017 3010
f 1314 3022 1315
f 1784 3021 1314
f 1316 1763 611
f 3023 3010 3009
f 3023 795 1092
f 1763 1092 1125
f 1315 3023 1763
f 3016 3010 3017
f 752 2978 1057
f 2986 2637 2987
f 3024 653 3008
f 3020 3008 3007
f 720 3024 3020
f 723 654 3024
f 2681 1268 3025
f 2671 1268 721
f 2705 3025 2671
f 1313 3027 1311
f 3026 3029 3027
f 3027 3030 3031
f 1311 3031 3015
f 2012 731 2023
f 917 974 977
f 743 856 744
f 1888 2030 1425
f 2682 2684 3032
f 3032 1124 2989
f 1100 2989 1318
f 1099 3032 1100
f 1123 2989 1124
f 3033 1159 1158
f 2990 1158 1319
f 1123 3033 2990
f 1786 1834 3033
f 1054 2988 2985
f 2979 664 2999
f 2623 2663 2643
f 1095 688 687
f 3034 2261 2956
f 3036 2956 2957
f 3037 3034 3036
f 3038 3035 3034
f 3040 3026 1313
f 2263 3041 3040
f 3042 3043 3041
f 3041 3028 3026
f 3044 3043 3039
f 3046 3045 3044
f 3047 3049 3045
f 3043 3049 3028
f 3038 3051 3050
f 3050 3053 3052
f 3052 3044 3050
f 3039 3050 3044
f 3054 3039 3042
f 3042 2262 3054
f 2261 3054 2262
f 2216 2997 2217
f 2212 2667 1936
f 3056 2209 3055
f 934 1961 1854
f 2013 3757 567
f 3058 3060 3061
f 3059 3063 3060
f 3060 2213 1963
f 3061 1963 1962
f 3063 2214 2213
f 3062 3064 3063
f 3065 2260 3064
f 3064 2215 2214
f 3066 3031 3030
f 2608 3067 3066
f 2966 3068 3067
f 3031 3068 3015
f 2455 2461 2474
f 2476 2226 2477
f 3551 2089 3525
f 3526 3769 3786
f 433 355 381
f 2115 1419 2123
f 3509 2922 3527
f 3769 2131 2134
f 3069 2167 2166
f 2971 2928 2960
f 2961 2773 2962
f 3070 2478 2483
f 2610 3071 2954
f 2502 2374 2386
f 3072 2595 3073
f 2964 3052 2967
f 3048 3074 3049
f 2593 3075 3074
f 3075 3029 3074
f 3074 3028 3049
f 3072 3075 2592
f 3076 2482 2481
f 2481 3066 3076
f 3076 3030 3075
f 2967 3053 2970
f 2482 3073 2483
f 479 493 494
f 706 3873 709
f 3561 2221 3517
f 2013 3754 3755
f 3533 2016 3529
f 3562 2222 2974
f 1171 1155 1176
f 2586 2565 2587
f 2982 113 2484
f 2562 3077 3068
f 2376 3012 3077
f 3012 2148 3077
f 3077 3015 3068
f 2963 3046 2964
f 3051 2970 3053
f 1683 491 775
f 3850 1447 3860
f 1986 3734 3768
f 3079 2546 2575
f 3081 2575 2576
f 1983 3768 3765
f 3082 2319 2545
f 3080 2545 2546
f 3734 3082 3080
f 3732 2323 3082
f 1309 1888 748
f 3073 2772 2771
f 2760 3084 2762
f 2760 2088 3083
f 3085 3086 3087
f 3089 3090 3088
f 3089 3084 3085
f 3092 3090 3091
f 3093 2744 2743
f 2751 2748 3093
f 3093 2752 2751
f 2742 3093 3094
f 3094 2743 3095
f 3096 3098 3087
f 3099 3087 3086
f 3097 3095 3098
f 3100 2746 3101
f 3101 3102 3100
f 2764 2927 3101
f 2745 3101 2746
f 3102 3091 3100
f 3100 3095 2743
f 2869 3592 3634
f 3102 3104 3092
f 3658 2869 3634
f 2927 3103 3102
f 3098 3091 3090
f 3087 3090 3085
f 2088 3105 3083
f 3083 3086 3084
f 2483 2771 3070
f 2401 2185 2321
f 3099 3105 3106
f 2125 3106 3105
f 3108 2742 3107
f 3107 3094 3097
f 3110 3107 3109
f 3109 3097 3096
f 3111 3096 3099
f 3112 3109 3111
f 3113 2737 3108
f 3115 2722 3114
f 3117 3114 3116
f 3119 3116 3118
f 3118 3120 3121
f 3116 3113 3120
f 3122 3111 3123
f 3122 1755 1754
f 3124 3126 3127
f 3125 3121 3126
f 3128 3118 3125
f 3129 3125 3124
f 2020 3128 3129
f 3853 1346 1352
f 1065 1047 1066
f 1814 3830 1649
f 2021 3129 3130
f 3111 3106 3123
f 3123 2207 1755
f 2377 2224 2973
f 3014 113 112
f 1756 3782 3767
f 3131 2530 2528
f 3133 2528 2529
f 1753 3767 3775
f 3134 3127 3135
f 2327 2314 2313
f 2436 2317 2349
f 2018 3711 3712
f 2534 3137 2535
f 2320 3136 2534
f 2185 3712 3771
f 3138 2542 2539
f 3134 3744 3745
f 3785 3134 3745
f 3140 2539 2538
f 2535 3140 2538
f 3711 3130 3785
f 2558 3132 3141
f 3782 3141 3132
f 2560 3141 3142
f 3760 3142 3141
f 958 2976 2981
f 1933 2980 3143
f 2399 2418 2416
f 2348 2343 2432
f 2322 2319 2323
f 2718 2874 2730
f 2709 2873 2710
f 2894 1361 1942
f 346 176 347
f 1876 1882 1881
f 2802 3607 3592
f 3104 3088 3092
f 2974 3649 3603
f 3089 2761 2762
f 3088 3145 3089
f 2803 3603 3607
f 3870 692 628
f 2123 1418 2126
f 1365 1368 1367
f 1581 1782 1783
f 3569 2129 3520
f 3555 2002 3521
f 3146 2551 3147
f 3751 3147 3750
f 3742 3146 3751
f 3149 2585 3146
f 3196 3197 3195
f 3604 2191 3623
f 3142 2556 2560
f 3777 3150 3142
f 3646 2550 3593
f 3150 2555 2556
f 3778 3151 3150
f 3788 3152 3646
f 3153 2551 2549
f 3152 2549 2550
f 3781 3153 3152
f 3776 3147 3153
f 3148 2206 2205
f 2183 2321 2184
f 2132 2928 2133
f 3684 2204 2203
f 3719 2197 3721
f 2594 2773 2951
f 2595 2951 2772
f 1870 799 1869
f 3713 2178 3706
f 3706 3736 3790
f 336 3774 3722
f 339 3154 336
f 3789 3149 3742
f 3683 2584 3149
f 2963 3048 3047
f 3722 337 336
f 339 2566 2586
f 3156 2168 2167
f 2610 2167 2611
f 2954 3156 2610
f 3157 2953 2257
f 3707 2169 3709
f 2567 3159 2568
f 337 2567 338
f 3730 2166 3707
f 3764 1983 3765
f 2579 3081 2576
f 2568 3160 2579
f 3709 2190 3764
f 3065 3162 3161
f 3161 1984 2189
f 3157 2189 2168
f 2257 3161 3157
f 734 1922 806
f 3059 2708 3163
f 3163 2182 1985
f 3162 1985 1984
f 3062 3163 3162
f 3203 3205 3204
f 2122 1448 1447
f 3817 1685 3812
f 139 444 69
f 1570 566 533
f 2957 3165 3036
f 2955 3164 2957
f 1912 341 1973
f 3130 3124 3134
f 1548 319 1547
f 1949 1327 1887
f 2969 3078 3167
f 3167 3169 3168
f 3724 2017 3720
f 3720 2033 3759
f 3168 3165 3170
f 3170 3164 3171
f 3779 3171 3756
f 3724 3170 3779
f 3171 3166 3172
f 3172 3071 3173
f 3752 3173 3749
f 3756 3172 3752
f 3169 3036 3165
f 2593 2962 2594
f 3173 2609 3174
f 3174 2199 2198
f 3783 2198 3719
f 3749 3174 3783
f 2190 1984 1983
f 2196 2767 3148
f 2119 1414 1448
f 1464 1466 1465
f 2199 3069 2200
f 2457 2587 2565
f 2226 2562 2966
f 481 1627 1639
f 333 235 236
f 3078 3037 3169
f 3040 2997 2263
f 2219 1933 2220
f 2385 2497 2503
f 221 3175 2484
f 2220 3143 3175
f 3175 2976 2975
f 2484 2975 2982
f 2954 3166 2955
f 2630 110 2982
f 1547 1952 1955
f 2091 2188 2187
f 3733 2178 2177
f 1918 1927 1926
f 3563 111 3511
f 955 960 954
f 2037 112 3563
f 3143 2981 2976
f 2218 2214 2215
f 672 3787 3541
f 2152 3014 2037
f 1147 1143 1145
f 2248 1409 2245
f 1615 1635 1616
f 1410 2246 2247
f 3241 3242 3240
f 3177 1383 1382
f 2238 3176 1382
f 3176 2230 3178
f 1410 3179 1407
f 3179 2243 1407
f 1633 2800 2249
f 1621 2758 2912
f 1622 2245 1634
f 2236 3181 3182
f 2237 3182 3183
f 2250 2233 2229
f 2912 1628 1621
f 135 1564 1563
f 1567 512 1565
f 1085 2653 2685
f 3184 868 3056
f 869 3057 934
f 1266 1098 1312
f 1267 722 721
f 937 2646 936
f 2146 722 2147
f 2211 921 2667
f 1957 507 449
f 1313 2264 3040
f 1496 1493 1492
f 2681 2705 2682
f 2887 2933 2932
f 1687 1659 1694
f 145 1498 81
f 1317 1319 2694
f 37 418 71
f 1935 3185 2977
f 104 301 103
f 2101 2083 2084
f 543 360 207
f 1934 3186 3185
f 234 212 237
f 3845 1822 1824
f 1976 1874 1974
f 223 2219 220
f 3655 3605 3612
f 468 773 2165
f 1935 1728 1932
f 3240 3226 3235
f 3261 3250 3260
f 3215 3244 3264
f 3265 3215 3264
f 3267 3198 3196
f 3205 3269 3255
f 3214 3265 3270
f 3271 3214 3192
f 3251 3239 3236
f 3222 3266 3272
f 3232 3234 3233
f 3216 3243 3244
f 3196 3268 3267
f 3244 3254 3255
f 3238 3247 3246
f 3264 3255 3269
f 3253 3216 3217
f 3211 3221 3265
f 3257 3218 3256
f 3258 3272 3259
f 3274 3280 3273
f 3228 3262 3263
f 3275 3281 3280
f 3226 3273 3280
f 3236 3260 3251
f 3281 3236 3237
f 3287 3192 3189
f 3235 3280 3234
f 3234 3281 3237
f 3288 3259 3272
f 3260 3276 3251
f 3289 3278 3284
f 3210 3224 3283
f 3199 3201 3200
f 3228 3230 3229
f 3290 3285 3286
f 3282 3271 3287
f 3260 3262 3261
f 3243 3268 3254
f 3267 3241 3232
f 3194 3208 3193
f 3191 3269 3206
f 3270 3192 3214
f 3275 3230 3231
f 3264 3270 3265
f 3252 3276 3291
f 3248 3291 3223
f 3213 3279 3277
f 3272 3289 3288
f 3277 3212 3213
f 3228 3281 3231
f 3220 3253 3219
f 3219 3217 3257
f 3256 3222 3258
f 3247 3252 3248
f 3245 3232 3233
f 3266 3212 3289
f 3208 3255 3254
f 3288 3284 3285
f 3204 3208 3207
f 560 3187 559
f 3209 3201 3202
f 3189 3191 3190
f 448 807 447
f 647 122 270
f 1833 1780 1832
f 510 508 507
f 3210 1887 3201
f 1887 3200 3201
f 15 3197 3200
f 16 3195 3197
f 3195 3187 3194
f 3194 1899 3207
f 3207 375 3204
f 387 126 127
f 3189 1760 3287
f 3577 757 758
f 763 2172 2175
f 3583 3580 3581
f 3581 3579 3578
f 3594 3596 3595
f 3400 3602 3401
f 3626 3625 3627
f 3631 3599 3601
f 3636 3595 3596
f 3647 3588 3645
f 3650 3584 3647
f 3653 3580 3651
f 3653 3654 3579
f 1801 3656 3655
f 3651 3582 3650
f 3644 3595 3637
f 1767 3659 3660
f 1597 3661 1600
f 1708 3665 3664
f 3671 3667 3666
f 3666 3673 3672
f 1588 3664 1587
f 2080 3666 2082
f 2082 3672 2084
f 3674 3635 3631
f 3677 3636 3635
f 3682 3645 3681
f 3692 3650 3686
f 3681 3644 3680
f 786 3692 785
f 3694 3651 3692
f 785 3686 497
f 497 3682 650
f 650 3681 564
f 3696 3681 3680
f 3405 3605 3402
f 3702 3678 3677
f 3699 3679 3678
f 3645 3638 3644
f 1799 3659 1768
f 3708 3458 3460
f 3462 3708 3460
f 3714 564 3696
f 3615 3602 3600
f 3710 3696 3698
f 3635 3596 3599
f 3629 3627 3630
f 3597 3599 3596
f 3630 3715 3629
f 3627 3597 3594
f 3717 3723 3718
f 3715 3660 3629
f 3716 3725 3715
f 3668 3661 3725
f 3668 3717 3667
f 3667 3718 3673
f 3727 3673 3718
f 3728 3672 3673
f 3726 3718 3723
f 1576 2084 3672
f 3727 3731 3729
f 3203 1387 3190
f 3190 1791 3189
f 3283 1949 3210
f 317 259 391
f 2000 3653 3694
f 3601 3600 3602
f 3589 3584 3585
f 3577 756 2170
f 3585 3582 3583
f 3678 3637 3636
f 3204 376 3203
f 1801 3657 1799
f 3729 3728 3727
f 1575 3738 1088
f 3735 1576 3728
f 1776 1796 1775
f 1293 1290 1284
f 1326 1327 12
f 1294 1234 1290
f 878 1330 1337
f 497 374 498
f 122 413 121
f 3699 3704 3708
f 3606 3401 3602
f 3708 3698 3699
f 3464 3710 3462
f 3704 3443 3458
f 439 399 438
f 1512 1526 1511
f 1668 1738 1671
f 839 1362 838
f 1362 826 1012
f 3843 1896 3815
f 2053 2118 2117
f 3888 2120 2119
f 696 3816 3831
f 1826 639 640
f 3740 3729 3731
f 956 886 960
f 1980 1922 807
f 33 105 164
f 1343 3856 3857
f 3907 2128 3902
f 1766 1582 1594
f 14 2163 738
f 595 99 594
f 3233 3246 3245
f 1346 1044 1352
f 748 1425 747
f 3193 3254 3268
f 3190 3206 3203
f 3612 3606 3615
f 3624 3615 3625
f 3631 3443 3674
f 3679 3644 3637
f 3686 3647 3682
f 3702 3674 3704
f 3625 3600 3597
f 3601 3415 3631
f 3739 3735 3729
f 3630 3594 3741
f 3741 3716 3630
f 1284 1288 1285
f 3698 3680 3679
f 1778 1780 1779
f 1792 1584 1789
f 695 571 694
f 3638 3594 3595
f 3741 3588 3589
f 3247 3209 3202
f 3292 3294 3295
f 3296 3298 3299
f 3299 3300 3301
f 3302 3304 3305
f 3306 3308 3309
f 3307 3311 3308
f 3303 3301 3300
f 3312 3304 3313
f 3314 3316 3317
f 3318 3320 3321
f 3324 3321 3325
f 3326 3328 3323
f 3329 3331 3332
f 3333 3335 3336
f 3337 3339 3340
f 3333 3341 3342
f 3342 3343 3344
f 3319 3344 3343
f 3338 3334 3339
f 3346 3302 3347
f 3305 3347 3302
f 3312 3223 3349
f 3350 3340 3351
f 3312 3348 3305
f 3352 3341 3326
f 3311 3354 3308
f 3341 3327 3326
f 3359 3361 3362
f 3360 3250 3249
f 3318 3345 3319
f 3364 3318 3324
f 3314 3324 3365
f 3366 3301 3346
f 3299 3367 3296
f 3308 3368 3309
f 3369 3295 3294
f 3317 3364 3314
f 3370 3317 3316
f 3325 3365 3324
f 3352 3319 3343
f 3296 3353 3311
f 3297 3311 3310
f 3363 3354 3345
f 3345 3353 3344
f 3344 3367 3342
f 3366 3342 3367
f 3347 3334 3346
f 3339 3348 3340
f 3348 3351 3340
f 3363 3369 3368
f 3294 3368 3369
f 3293 3309 3294
f 3331 3374 3332
f 3346 3333 3366
f 3323 3352 3326
f 3356 3321 3320
f 3355 3325 3321
f 3357 3371 3325
f 3322 3320 3352
f 3361 3329 3362
f 3373 3375 3374
f 3374 3376 3332
f 3329 3376 3362
f 3327 3372 3328
f 3336 3375 3327
f 3335 3376 3375
f 3376 3337 3362
f 3337 3359 3362
f 3359 3276 3250
f 3377 3295 3370
f 3277 3315 3278
f 3371 3379 3365
f 3378 3358 3380
f 3365 3315 3314
f 3316 3279 3370
f 3282 3370 3279
f 3313 3224 3312
f 3378 3284 3379
f 3380 3285 3378
f 3379 3278 3315
f 3276 3351 3291
f 3291 3349 3223
f 3313 2965 3013
f 2965 3303 222
f 222 3300 223
f 223 3298 3186
f 3298 3185 3186
f 3297 2977 3185
f 3310 1213 2977
f 3307 1214 1213
f 2532 3306 3293
f 2894 3293 3292
f 2871 3292 3377
f 3253 3240 3242
f 3283 3013 2152
f 1997 1889 1892
f 1237 744 855
f 1535 120 121
f 1531 201 214
f 1119 1032 984
f 946 824 947
f 163 5 162
f 3589 3723 3741
f 1155 1162 1164
f 427 327 424
f 553 796 498
f 3381 2231 2237
f 3381 2230 2232
f 2237 3180 3381
f 3383 3385 3382
f 3384 3387 3385
f 3386 3389 3387
f 3388 3391 3389
f 3392 3394 3395
f 3395 3396 3397
f 3398 3397 3396
f 3400 3399 3398
f 3403 3405 3402
f 3406 3404 3403
f 3408 3407 3406
f 3410 3409 3408
f 3412 3411 3410
f 3415 3398 3414
f 3414 3396 3416
f 3416 3394 3417
f 3417 3393 3418
f 3393 3420 3418
f 3419 3421 3420
f 3390 3422 3421
f 3388 3423 3422
f 3386 3424 3423
f 3384 3425 3424
f 3425 3426 3184
f 2904 3428 2947
f 3429 2904 2902
f 3430 2902 2876
f 2875 3430 2876
f 3432 2733 2736
f 2825 3435 2824
f 3437 3439 3436
f 3441 3436 3440
f 2724 3434 2825
f 3436 3115 3117
f 3440 3117 3119
f 3443 3414 3442
f 3442 3416 3444
f 3444 3417 3445
f 3445 3418 3446
f 3446 3420 3447
f 3420 3448 3447
f 3421 3449 3448
f 3422 3450 3449
f 3423 3451 3450
f 3424 3452 3451
f 3425 3056 3452
f 3451 2253 2252
f 3450 2252 1727
f 3449 1727 2150
f 3448 2150 1941
f 3453 3448 1941
f 3454 3447 3453
f 3455 3446 3454
f 3456 3445 3455
f 3442 3456 3457
f 3443 3457 3458
f 3459 3458 3457
f 3457 3455 3459
f 3459 3454 3461
f 3462 3459 3461
f 3461 3453 3463
f 3464 3461 3463
f 3463 1941 1360
f 3404 3401 3405
f 3407 3399 3404
f 3409 3397 3407
f 3411 3395 3409
f 3465 3413 3412
f 3467 3469 3466
f 3465 3431 3433
f 3470 3466 3465
f 3438 3432 3435
f 3467 3438 3437
f 3468 3437 3441
f 3471 3468 3472
f 3472 3441 3473
f 3473 3440 2712
f 2712 3119 3128
f 3475 3472 3474
f 3474 3473 3476
f 3476 2712 2711
f 3477 2711 2400
f 3478 3476 3477
f 3479 3474 3478
f 3392 3413 3480
f 3466 3480 3413
f 3419 3392 3480
f 3390 3480 3391
f 3469 3391 3480
f 3389 3471 3475
f 3387 3475 3479
f 3385 3479 3481
f 3482 2400 2402
f 3483 3477 3482
f 3481 3478 3483
f 3484 2402 2707
f 3058 2707 2708
f 3061 3484 3058
f 3485 3482 3484
f 3382 3481 3486
f 3486 3483 3485
f 3426 3382 3487
f 3487 3486 1962
f 3486 3061 1962
f 1961 3487 1962
f 3057 3426 3487
f 3428 3402 3488
f 3427 3403 3428
f 3429 3406 3427
f 3430 3408 3429
f 3431 3410 3430
f 3470 3433 3432
f 3434 3438 3435
f 2723 3439 3434
f 2875 3433 3431
f 2736 3435 3432
f 2947 3488 3500
f 3464 1360 3497
f 1900 1924 1901
f 1736 1718 1750
f 1955 1943 1956
f 1671 1735 1751
f 1696 1698 1692
f 1800 1864 1801
f 2063 2056 2060
f 1737 1717 1736
f 1751 1697 1695
f 943 3899 684
f 3656 3402 3605
f 1577 1764 1703
f 3917 1599 3923
f 1945 82 1944
f 68 7 248
f 147 1543 148
f 1109 1133 1102
f 1503 1907 1908
f 1499 1909 1498
f 452 735 215
f 1824 3835 3845
f 1825 2068 1824
f 1463 1022 1194
f 841 1009 1011
f 1568 1955 1534
f 1926 1927 1923
f 1910 1502 1939
f 1939 422 442
f 309 1940 308
f 1804 1866 1803
f 269 1954 56
f 2065 2060 2056
f 3812 1758 3835
f 280 552 1940
f 1875 1869 1874
f 1739 1734 1737
f 1778 1790 1788
f 310 1915 279
f 1909 1906 1954
f 1789 1778 1788
f 978 980 979
f 1584 1731 1583
f 425 311 312
f 148 115 116
f 2044 3894 2046
f 277 1939 551
f 1943 1945 1944
f 1461 1463 1464
f 2253 3056 3055
f 2981 3489 958
f 2209 3489 3055
f 2254 3055 3489
f 2998 958 3489
f 2826 2721 2724
f 3490 2721 2817
f 2816 3490 2817
f 2334 2296 2335
f 2298 2334 2336
f 2301 2336 2338
f 2311 2338 2354
f 2312 2354 2355
f 2359 2361 2360
f 2335 2359 2360
f 2414 2365 2364
f 2413 2361 2365
f 2355 2540 2541
f 2541 2539 2542
f 2722 2739 2738
f 3114 2738 3113
f 3110 3121 3120
f 3108 3120 3113
f 3122 3127 3126
f 3112 3126 3121
f 3127 1753 3135
f 3139 2529 2542
f 3744 3133 3139
f 3490 2740 2739
f 3491 2789 3490
f 228 91 88
f 245 243 242
f 248 247 191
f 2 296 295
f 145 300 267
f 327 210 328
f 329 331 330
f 250 228 236
f 239 240 230
f 373 375 374
f 178 176 175
f 1218 1228 1321
f 3862 1295 3854
f 808 824 823
f 3858 1013 1014
f 3813 1411 1413
f 2154 2159 2160
f 3845 1758 1757
f 306 1922 452
f 2157 1976 1977
f 708 2031 1474
f 1450 1227 1428
f 1672 1605 1624
f 1813 1821 1816
f 1717 1715 1718
f 176 402 347
f 1710 3916 3915
f 1712 1577 1711
f 1705 1711 1704
f 971 979 970
f 822 1094 1102
f 2909 2793 2792
f 2810 2795 2793
f 2799 2249 2800
f 3662 2910 2799
f 2769 2801 2795
f 3177 3178 3179
f 3178 3180 3179
f 3181 1393 2800
f 3181 1632 3182
f 3182 2244 3183
f 3183 2243 3180
f 3492 2790 3491
f 2808 3491 2816
f 2239 3572 2240
f 1149 3571 3570
f 1150 3567 3571
f 2202 3566 2015
f 2921 3565 2923
f 3568 2133 2928
f 1777 1759 1792
f 1201 1183 1184
f 3561 2195 2194
f 3553 2770 2768
f 3927 1687 1692
f 1516 154 503
f 3549 2974 2803
f 3550 2779 2778
f 2771 3575 3546
f 3070 3546 3558
f 3547 2775 2867
f 1376 1370 1372
f 2767 3556 2206
f 2195 3543 2767
f 2775 3542 2776
f 3377 3545 2871
f 3804 3539 2806
f 2776 3538 2805
f 2240 3535 2920
f 2920 3669 3619
f 3548 2786 2779
f 1805 1851 1804
f 3534 2787 2786
f 2951 3540 3531
f 2772 3531 3575
f 2973 3530 3536
f 2224 3537 3530
f 1957 320 510
f 306 304 303
f 2770 3528 2913
f 2913 3574 2239
f 2923 3527 2922
f 308 431 47
f 207 132 543
f 1879 1881 1880
f 3733 3525 2089
f 2475 3558 3524
f 2476 3524 3523
f 2223 3523 3537
f 3522 2803 2802
f 2037 11 1950
f 1959 450 505
f 2003 3520 2129
f 9 334 540
f 2009 3518 3567
f 2008 3536 3518
f 3877 673 3879
f 3515 2778 2784
f 2935 3513 2936
f 111 3570 3511
f 3510 2935 2938
f 683 3885 943
f 3508 2810 2909
f 736 732 729
f 1795 1803 1796
f 3505 2938 2939
f 3507 2939 2940
f 2950 3504 2949
f 2940 3504 3507
f 3801 3512 2950
f 2868 3502 2869
f 2869 3522 2802
f 1024 1023 1020
f 3500 2948 2947
f 551 442 443
f 2972 3568 2928
f 2032 3499 2972
f 216 1924 1923
f 203 201 200
f 1828 1847 1837
f 1958 449 450
f 272 178 175
f 2871 3495 1361
f 3619 3564 2921
f 2801 3643 3662
f 2005 3654 2176
f 960 899 962
f 3657 3612 3624
f 3780 3646 3151
f 3151 3593 2555
f 2193 3623 2194
f 3607 3145 3144
f 3603 2761 3145
f 3592 3144 3104
f 2926 3634 3103
f 3634 3104 3103
f 3755 3746 3753
f 566 3758 2005
f 3488 1864 3500
f 1602 2079 2078
f 2868 3611 2922
f 2922 3610 2923
f 2923 3618 2921
f 3670 2918 3614
f 3619 3614 2920
f 2921 3670 3619
f 2920 3586 2240
f 3613 2915 2918
f 2917 3622 3641
f 2916 3641 3642
f 2239 3652 2913
f 2911 3652 2757
f 3643 2911 2910
f 2797 3662 3591
f 2797 3598 2750
f 3622 2763 2765
f 3608 2764 2745
f 2194 3648 2221
f 2221 3649 2222
f 2756 3609 2755
f 2750 3609 2747
f 3669 1817 3827
f 3763 1691 1699
f 2515 3590 2548
f 2548 3593 2550
f 2513 3632 3616
f 2513 3621 2515
f 2509 3620 2289
f 2510 3633 2509
f 2289 3639 2283
f 2283 3617 2286
f 2240 3587 2239
f 3659 3624 3626
f 716 3887 3888
f 727 3761 1923
f 2165 2170 2164
f 3660 3626 3629
f 3743 3578 3757
f 2175 769 770
f 2100 2095 2099
f 3758 3757 3578
f 640 3568 1826
f 1653 3553 1651
f 1895 3530 746
f 746 3537 741
f 1653 3528 3576
f 3762 1604 1672
f 2093 2073 2078
f 959 995 884
f 962 919 986
f 1400 1398 1399
f 1000 1127 1004
f 956 884 885
f 1662 3550 1661
f 2034 3546 1654
f 3926 3539 3802
f 3535 766 1817
f 3572 765 766
f 334 3571 335
f 1868 3540 1656
f 1684 1652 1678
f 1682 775 1807
f 1585 3762 1700
f 3763 1672 1673
f 2173 490 491
f 1658 3547 1752
f 3556 1650 724
f 1571 2010 1572
f 1587 3671 2080
f 2099 2077 2094
f 787 1999 786
f 2000 786 1999
f 3155 3697 3683
f 3713 3683 3789
f 2180 3685 3684
f 3496 3684 3705
f 1684 3840 1651
f 1760 3495 3545
f 2607 3693 2590
f 2581 3689 2607
f 2371 3700 3695
f 2371 3693 2372
f 2587 3675 2586
f 2586 3697 339
f 2497 3687 2503
f 2502 3687 3700
f 2494 3690 2495
f 3690 2472 2495
f 3688 2468 2472
f 3701 2469 2468
f 726 3892 630
f 581 3518 580
f 10 3570 334
f 1837 3510 1849
f 741 3523 1300
f 1299 3558 2034
f 1851 3504 1866
f 3527 1820 1819
f 580 3536 1895
f 1758 3522 3502
f 1693 3508 1806
f 3504 1867 1866
f 1894 3568 3499
f 2126 3813 3841
f 3906 3841 3912
f 2113 3867 2110
f 2179 3789 3685
f 624 3904 623
f 2192 3788 3780
f 2177 3787 3733
f 1364 3833 1338
f 3858 1470 1453
f 3135 3775 3744
f 2069 3835 2068
f 1351 3853 1352
f 2108 3901 499
f 2089 3736 3733
f 3828 1358 866
f 2001 3783 2187
f 2187 3719 2091
f 2130 3752 2004
f 2004 3749 2001
f 2014 3779 2201
f 2201 3756 2130
f 3167 3759 2969
f 3168 3720 3167
f 3159 3764 3160
f 3160 3765 3081
f 3730 3158 337
f 3158 3709 3159
f 2200 3730 3722
f 3685 3742 2204
f 3722 2197 2200
f 3790 2092 3721
f 3774 3721 2197
f 3154 3790 3774
f 3155 3706 3154
f 2091 3721 2092
f 2196 3750 3776
f 2193 3776 3781
f 3604 3781 3788
f 2086 3780 3778
f 2087 3778 3777
f 2204 3751 2205
f 2205 3750 3148
f 3909 574 692
f 2124 3777 3760
f 2208 3760 3782
f 3711 3140 3137
f 3785 3138 3140
f 3745 3139 3138
f 3771 3136 2322
f 3712 3137 3136
f 3775 3131 3133
f 3767 3132 3131
f 1813 3838 1814
f 1293 3856 1344
f 2184 3748 3732
f 2181 3732 3734
f 3765 3079 3081
f 3768 3080 3079
f 709 3875 2031
f 2774 3737 3769
f 3786 2134 3559
f 3809 766 765
f 2968 3766 2959
f 2969 3784 2968
f 2958 3737 2961
f 2132 3766 2960
f 2321 3771 3748
f 3860 1449 28
f 3905 582 710
f 3886 577 574
f 3847 1818 3827
f 705 3887 2121
f 3816 3907 698
f 2111 3911 2113
f 3810 1366 1411
f 1812 3822 1815
f 675 3852 674
f 3496 3851 675
f 2110 3868 2109
f 2104 3901 2106
f 2109 3899 944
f 3842 703 739
f 1680 3846 1684
f 1639 3819 3818
f 623 3906 697
f 2139 3866 3865
f 1808 3844 3837
f 3820 1819 1820
f 3872 3900 706
f 1646 3830 1648
f 3889 633 577
f 2139 3875 18
f 2156 3871 3874
f 674 3913 3869
f 2117 3812 2069
f 1815 3847 3823
f 3855 1444 1470
f 697 3912 3816
f 866 3836 3828
f 3864 2136 2135
f 3585 3726 3589
f 3583 3731 3585
f 3753 3738 3739
f 3740 3581 3743
f 1088 3746 1093
f 3739 3743 3753
f 2791 3493 2792
f 3492 2807 3493
f 2792 3494 2909
f 3493 2806 3494
f 3508 3494 3516
f 3516 2806 3539
f 2948 3791 3801
f 2105 3896 2104
f 3538 3804 2805
f 680 3876 683
f 1891 3910 3891
f 2905 3801 2950
f 2900 3799 2905
f 2901 3807 2877
f 2734 3806 3794
f 2877 3806 2878
f 2820 3794 2872
f 2818 3792 2827
f 2823 3792 2826
f 2822 3798 2821
f 2819 3800 3798
f 2817 3795 2816
f 2809 3795 2815
f 2808 3803 2807
f 2805 3803 2804
f 1702 3923 1599
f 3922 1797 1802
f 3915 1706 1709
f 3918 1692 1698
f 1657 3880 1879
f 1890 3895 3910
f 3772 1674 1675
f 1689 3772 3773
f 3926 3538 1688
f 3516 1689 3773
f 3917 1703 1764
f 1598 3928 1770
f 3880 1876 1879
f 1691 3925 3927
f 3925 1688 1687
f 1117 1118 3930
f 1066 1322 3930
f 1243 847 3930
f 3825 848 3930
f 1128 1117 3930
f 1129 1130 3930
f 841 1011 3930
f 1230 3863 3930
f 1242 1243 3930
f 1322 1229 3930
f 1064 1065 3930
f 1003 1128 3930
f 1229 1230 3930
f 3863 1285 3930
f 1285 1288 3930
f 848 839 3930
f 847 3825 3930
f 1118 1129 3930
f 1065 1066 3930
f 1087 1086 3930
f 1008 1002 3930
f 1011 1008 3930
f 1002 1003 3930
f 1076 1069 3930
f 838 841 3930
f 839 838 3930
f 1288 1242 3930
f 1130 1087 3930
f 1086 1076 3930
f 1069 1064 3930
f 2410 2414 3931
f 2411 2410 3931
f 3617 2285 3931
f 2394 2393 3931
f 2393 2396 3931
f 2281 2286 3931
f 2282 2280 3931
f 2398 2399 3931
f 2465 2464 3931
f 2396 2397 3931
f 2470 2469 3931
f 2399 2416 3931
f 2480 2395 3931
f 2459 2480 3931
f 2369 2282 3931
f 2460 2459 3931
f 2415 2411 3931
f 2416 2415 3931
f 2364 2363 3931
f 2286 3617 3931
f 2464 2470 3931
f 2469 3703 3931
f 2285 2465 3931
f 2414 2364 3931
f 2395 2394 3931
f 2363 2367 3931
f 2397 2398 3931
f 2280 2281 3931
f 3703 2460 3931
f 2367 2369 3931
f 3934 3937 3938
f 3934 3939 3935
f 3932 3937 3933
f 3938 3943 3939
f 3937 3940 3941
f 3937 3942 3938
f 3942 3947 3943
f 3941 3944 3945
f 3942 3945 3946
f 3947 3950 3951
f 3944 3949 3945
f 3945 3950 3946
f 3950 3955 3951
f 3949 3952 3953
f 3950 3953 3954
f 3955 3958 3959
f 3953 3956 3957
f 3953 3958 3954
f 3959 3962 3963
f 3957 3960 3961
f 3958 3961 3962
f 3962 3967 3963
f 3960 3965 3961
f 3961 3966 3962
f 3966 3971 3967
f 3965 3968 3969
f 3966 3969 3970
f 3970 3975 3971
f 3968 3973 3969
f 3969 3974 3970
f 3974 3979 3975
f 3973 3976 3977
f 3974 3977 3978
f 3979 3982 3983
f 3976 3981 3977
f 3977 3982 3978
f 3982 3987 3983
f 3981 3984 3985
f 3982 3985 3986
f 3987 3990 3991
f 3984 3989 3985
f 3985 3990 3986
f 3991 3994 3995
f 3989 3992 3993
f 3990 3993 3994
f 3995 3998 3999
f 3992 3997 3993
f 3993 3998 3994
f 3998 4003 3999
f 3997 4000 4001
f 3998 4001 4002
f 4002 4007 4003
f 4000 4005 4001
f 4001 4006 4002
f 4006 4011 4007
f 4005 4008 4009
f 4006 4009 4010
f 4011 4014 4015
f 4008 4013 4009
f 4009 4014 4010
f 4014 4019 4015
f 4013 4016 4017
f 4014 4017 4018
f 4019 4022 4023
f 4016 4021 4017
f 4017 4022 4018
f 4023 4026 4027
f 4021 4024 4025
f 4022 4025 4026
f 4027 4030 4031
f 4024 4029 4025
f 4025 4030 4026
f 4031 4034 4035
f 4029 4032 4033
f 4030 4033 4034
f 4034 4039 4035
f 4032 4037 4033
f 4033 4038 4034
f 4038 4043 4039
f 4037 4040 4041
f 4038 4041 4042
f 4043 4046 4047
f 4040 4045 4041
f 4041 4046 4042
f 4046 4051 4047
f 4045 4048 4049
f 4046 4049 4050
f 4051 4055 4056
f 4048 4054 4049
f 4049 4055 4050
f 4056 4059 4060
f 4053 4058 4054
f 4055 4058 4059
f 3932 4052 3936
f 3936 4052 3940
f 3940 4052 3944
f 3944 4052 3948
f 3948 4052 3952
f 3952 4052 3956
f 3956 4052 3960
f 3960 4052 3964
f 3964 4052 3968
f 3968 4052 3972
f 3972 4052 3976
f 3976 4052 3980
f 3980 4052 3984
f 3984 4052 3988
f 3988 4052 3992
f 3992 4052 3996
f 3996 4052 4000
f 4000 4052 4004
f 4004 4052 4008
f 4008 4052 4012
f 4012 4052 4016
f 4016 4052 4020
f 4020 4052 4024
f 4024 4052 4028
f 4028 4052 4032
f 4032 4052 4036
f 4036 4052 4040
f 4040 4052 4044
f 4044 4052 4048
f 4048 4052 4053
f 4053 4052 4057
f 4060 3934 3935
f 4058 3932 3933
f 4058 3934 4059
f 4057 4052 3932
f 4069 4081 4082
f 4066 4080 4067
f 4065 4077 4078
f 4063 4075 4076
f 4071 4085 4072
f 4069 4083 4070
f 4067 4081 4068
f 4066 4078 4079
f 4063 4077 4064
f 4061 4075 4062
f 4072 4086 4073
f 4071 4083 4084
f 4076 4090 4077
f 4074 4088 4075
f 4086 4098 4099
f 4083 4097 4084
f 4082 4094 4095
f 4079 4093 4080
f 4078 4090 4091
f 4076 4088 4089
f 4085 4097 4098
f 4082 4096 4083
f 4080 4094 4081
f 4079 4091 4092
f 4089 4103 4090
f 4088 4100 4101
f 4098 4112 4099
f 4096 4110 4097
f 4095 4107 4108
f 4092 4106 4093
f 4090 4104 4091
f 4089 4101 4102
f 4097 4111 4098
f 4095 4109 4096
f 4094 4106 4107
f 4092 4104 4105
f 4103 4115 4116
f 4100 4114 4101
f 4112 4124 4125
f 4110 4122 4123
f 4107 4121 4108
f 4105 4119 4106
f 4103 4117 4104
f 4101 4115 4102
f 4110 4124 4111
f 4109 4121 4122
f 4107 4119 4120
f 4105 4117 4118
f 4115 4129 4116
f 4114 4126 4127
f 4124 4138 4125
f 4123 4135 4136
f 4120 4134 4121
f 4119 4131 4132
f 4117 4129 4130
f 4114 4128 4115
f 4124 4136 4137
f 4122 4134 4135
f 4119 4133 4120
f 4117 4131 4118
f 4129 4141 4142
f 4126 4140 4127
f 4138 4150 4151
f 4136 4148 4149
f 4133 4147 4134
f 4131 4145 4132
f 4130 4142 4143
f 4127 4141 4128
f 4137 4149 4150
f 4135 4147 4148
f 4132 4146 4133
f 4131 4143 4144
f 4142 4154 4155
f 4140 4152 4153
f 4150 4164 4151
f 4149 4161 4162
f 4146 4160 4147
f 4144 4158 4145
f 4142 4156 4143
f 4140 4154 4141
f 4149 4163 4150
f 4148 4160 4161
f 4146 4158 4159
f 4144 4156 4157
f 4155 4167 4168
f 4153 4165 4166
f 4163 4177 4164
f 4161 4175 4162
f 4159 4173 4160
f 4158 4170 4171
f 4155 4169 4156
f 4153 4167 4154
f 4163 4175 4176
f 4161 4173 4174
f 4159 4171 4172
f 4156 4170 4157
f 4167 4181 4168
f 4165 4179 4166
f 4176 4190 4177
f 4175 4187 4188
f 4173 4185 4186
f 4170 4184 4171
f 4169 4181 4182
f 4167 4179 4180
f 4175 4189 4176
f 4173 4187 4174
f 4171 4185 4172
f 4170 4182 4183
f 4180 4194 4181
f 4178 4192 4179
f 4190 4202 4203
f 4187 4201 4188
f 4186 4198 4199
f 4183 4197 4184
f 4182 4194 4195
f 4180 4192 4193
f 4189 4201 4202
f 4186 4200 4187
f 4184 4198 4185
f 4183 4195 4196
f 4193 4207 4194
f 4192 4204 4205
f 4202 4216 4203
f 4200 4214 4201
f 4199 4211 4212
f 4196 4210 4197
f 4194 4208 4195
f 4193 4205 4206
f 4201 4215 4202
f 4199 4213 4200
f 4198 4210 4211
f 4196 4208 4209
f 4207 4219 4220
f 4204 4218 4205
f 4216 4228 4229
f 4213 4227 4214
f 4211 4225 4212
f 4209 4223 4210
f 4207 4221 4208
f 4205 4219 4206
f 4214 4228 4215
f 4213 4225 4226
f 4211 4223 4224
f 4209 4221 4222
f 4219 4233 4220
f 4218 4230 4231
f 4228 4242 4229
f 4226 4240 4227
f 4225 4237 4238
f 4223 4235 4236
f 4221 4233 4234
f 4218 4232 4219
f 4228 4240 4241
f 4226 4238 4239
f 4223 4237 4224
f 4221 4235 4222
f 4233 4245 4246
f 4230 4244 4231
f 4242 4254 4255
f 4240 4252 4253
f 4237 4251 4238
f 4235 4249 4236
f 4234 4246 4247
f 4231 4245 4232
f 4241 4253 4254
f 4239 4251 4252
f 4236 4250 4237
f 4235 4247 4248
f 4246 4258 4259
f 4244 4256 4257
f 4254 4268 4255
f 4253 4265 4266
f 4250 4264 4251
f 4248 4262 4249
f 4246 4260 4247
f 4244 4258 4245
f 4253 4267 4254
f 4252 4264 4265
f 4250 4262 4263
f 4248 4260 4261
f 4259 4271 4272
f 4257 4269 4270
f 4267 4281 4268
f 4265 4279 4266
f 4263 4277 4264
f 4262 4274 4275
f 4259 4273 4260
f 4257 4271 4258
f 4266 4280 4267
f 4265 4277 4278
f 4263 4275 4276
f 4260 4274 4261
f 4271 4285 4272
f 4269 4283 4270
f 4281 4293 4294
f 4279 4291 4292
f 4277 4289 4290
f 4274 4288 4275
f 4273 4285 4286
f 4271 4283 4284
f 4280 4292 4293
f 4277 4291 4278
f 4275 4289 4276
f 4274 4286 4287
f 4284 4298 4285
f 4282 4296 4283
f 4294 4306 4307
f 4291 4305 4292
f 4290 4302 4303
f 4287 4301 4288
f 4286 4298 4299
f 4284 4296 4297
f 4293 4305 4306
f 4290 4304 4291
f 4288 4302 4289
f 4287 4299 4300
f 4297 4311 4298
f 4296 4308 4309
f 4306 4320 4307
f 4304 4318 4305
f 4303 4315 4316
f 4300 4314 4301
f 4298 4312 4299
f 4297 4309 4310
f 4305 4319 4306
f 4304 4316 4317
f 4302 4314 4315
f 4300 4312 4313
f 4310 4324 4311
f 4308 4322 4309
f 4320 4332 4333
f 4318 4330 4331
f 4316 4328 4329
f 4313 4327 4314
f 4311 4325 4312
f 4310 4322 4323
f 4318 4332 4319
f 4316 4330 4317
f 4315 4327 4328
f 4312 4326 4313
f 4323 4337 4324
f 4322 4334 4335
f 4332 4346 4333
f 4330 4344 4331
f 4329 4341 4342
f 4327 4339 4340
f 4325 4337 4338
f 4322 4336 4323
f 4332 4344 4345
f 4330 4342 4343
f 4327 4341 4328
f 4325 4339 4326
f 4337 4350 4351
f 4334 4349 4335
f 4346 4359 4360
f 4344 4357 4358
f 4341 4356 4342
f 4340 4353 4354
f 4338 4351 4352
f 4335 4350 4336
f 4345 4358 4359
f 4343 4356 4357
f 4340 4355 4341
f 4338 4353 4339
f 4351 4363 4364
f 4349 4361 4362
f 4359 4373 4360
f 4358 4370 4371
f 4355 4369 4356
f 4354 4366 4367
f 4351 4365 4352
f 4349 4363 4350
f 4358 4372 4359
f 4357 4369 4370
f 4355 4367 4368
f 4352 4366 4353
f 4364 4376 4377
f 4362 4374 4375
f 4373 4385 4386
f 4370 4384 4371
f 4368 4382 4369
f 4367 4379 4380
f 4364 4378 4365
f 4362 4376 4363
f 4372 4384 4385
f 4370 4382 4383
f 4368 4380 4381
f 4365 4379 4366
f 4376 4390 4377
f 4374 4388 4375
f 4385 4399 4386
f 4384 4396 4397
f 4382 4394 4395
f 4379 4393 4380
f 4378 4390 4391
f 4376 4388 4389
f 4384 4398 4385
f 4382 4396 4383
f 4380 4394 4381
f 4379 4391 4392
f 4389 4403 4390
f 4387 4401 4388
f 4399 4411 4412
f 4396 4410 4397
f 4395 4407 4408
f 4393 4405 4406
f 4391 4403 4404
f 4389 4401 4402
f 4398 4410 4411
f 4395 4409 4396
f 4393 4407 4394
f 4391 4405 4392
f 4402 4416 4403
f 4401 4413 4414
f 4411 4425 4412
f 4409 4423 4410
f 4408 4420 4421
f 4406 4418 4419
f 4403 4417 4404
f 4402 4414 4415
f 4410 4424 4411
f 4408 4422 4409
f 4407 4419 4420
f 4404 4418 4405
f 4416 4428 4429
f 4413 4427 4414
f 4425 4437 4438
f 4423 4435 4436
f 4421 4433 4434
f 4418 4432 4419
f 4416 4430 4417
f 4415 4427 4428
f 4423 4437 4424
f 4421 4435 4422
f 4420 4432 4433
f 4418 4430 4431
f 4428 4442 4429
f 4426 4440 4427
f 4437 4451 4438
f 4435 4449 4436
f 4434 4446 4447
f 4432 4444 4445
f 4430 4442 4443
f 4427 4441 4428
f 4437 4449 4450
f 4435 4447 4448
f 4432 4446 4433
f 4430 4444 4431
f 4442 4454 4455
f 4439 4453 4440
f 4451 4463 4464
f 4449 4461 4462
f 4446 4460 4447
f 4444 4458 4445
f 4443 4455 4456
f 4440 4454 4441
f 4450 4462 4463
f 4447 4461 4448
f 4445 4459 4446
f 4444 4456 4457
f 4455 4467 4468
f 4453 4465 4466
f 4463 4477 4464
f 4462 4474 4475
f 4459 4473 4460
f 4457 4471 4458
f 4455 4469 4456
f 4453 4467 4454
f 4462 4476 4463
f 4461 4473 4474
f 4459 4471 4472
f 4457 4469 4470
f 4347 4073 4086
f 4347 4086 4099
f 4347 4099 4112
f 4347 4112 4125
f 4347 4125 4138
f 4347 4138 4151
f 4347 4151 4164
f 4347 4164 4177
f 4347 4177 4190
f 4347 4190 4203
f 4347 4203 4216
f 4347 4216 4229
f 4347 4229 4242
f 4347 4242 4255
f 4347 4255 4268
f 4347 4268 4281
f 4347 4281 4294
f 4347 4294 4307
f 4347 4307 4320
f 4347 4320 4333
f 4347 4333 4346
f 4347 4346 4360
f 4347 4360 4373
f 4347 4373 4386
f 4347 4386 4399
f 4347 4399 4412
f 4347 4412 4425
f 4347 4425 4438
f 4347 4438 4451
f 4347 4451 4464
f 4347 4464 4477
f 4468 4063 4064
f 4466 4061 4062
f 4477 4072 4073
f 4474 4071 4475
f 4472 4069 4473
f 4471 4066 4067
f 4468 4065 4469
f 4466 4063 4467
f 4347 4477 4073
f 4476 4071 4072
f 4474 4069 4070
f 4472 4067 4068
f 4469 4066 4470
f 3935 4465 4060
f 4465 4056 4060
f 4452 4051 4056
f 4439 4047 4051
f 4047 4413 4043
f 4043 4400 4039
f 4039 4387 4035
f 4387 4031 4035
f 4031 4361 4027
f 4361 4023 4027
f 4348 4019 4023
f 4334 4015 4019
f 4015 4308 4011
f 4011 4295 4007
f 4007 4282 4003
f 4282 3999 4003
f 3999 4256 3995
f 4256 3991 3995
f 4243 3987 3991
f 4230 3983 3987
f 3983 4204 3979
f 3979 4191 3975
f 3975 4178 3971
f 4178 3967 3971
f 3967 4152 3963
f 4152 3959 3963
f 4139 3955 3959
f 4126 3951 3955
f 3951 4100 3947
f 3947 4087 3943
f 3943 4074 3939
f 4074 3935 3939
f 4480 4483 4484
f 4480 4485 4481
f 4479 4482 4483
f 4484 4489 4485
f 4482 4487 4483
f 4483 4488 4484
f 4488 4493 4489
f 4487 4490 4491
f 4488 4491 4492
f 4493 4496 4497
f 4490 4495 4491
f 4491 4496 4492
f 4496 4501 4497
f 4495 4498 4499
f 4496 4499 4500
f 4501 4504 4505
f 4498 4503 4499
f 4499 4504 4500
f 4505 4508 4509
f 4503 4506 4507
f 4504 4507 4508
f 4509 4512 4513
f 4506 4511 4507
f 4507 4512 4508
f 4513 4516 4517
f 4511 4514 4515
f 4512 4515 4516
f 4516 4521 4517
f 4514 4519 4515
f 4515 4520 4516
f 4520 4525 4521
f 4518 4523 4519
f 4520 4523 4524
f 4525 4528 4529
f 4522 4527 4523
f 4523 4528 4524
f 4528 4533 4529
f 4527 4530 4531
f 4528 4531 4532
f 4533 4536 4537
f 4530 4535 4531
f 4531 4536 4532
f 4537 4540 4541
f 4534 4539 4535
f 4536 4539 4540
f 4541 4544 4545
f 4539 4542 4543
f 4539 4544 4540
f 4544 4549 4545
f 4542 4547 4543
f 4544 4547 4548
f 4548 4553 4549
f 4547 4550 4551
f 4547 4552 4548
f 4552 4557 4553
f 4551 4554 4555
f 4552 4555 4556
f 4557 4560 4561
f 4554 4559 4555
f 4555 4560 4556
f 4560 4565 4561
f 4559 4562 4563
f 4560 4563 4564
f 4565 4568 4569
f 4562 4567 4563
f 4563 4568 4564
f 4569 4572 4573
f 4567 4570 4571
f 4568 4571 4572
f 4572 4577 4573
f 4570 4575 4571
f 4571 4576 4572
f 4576 4581 4577
f 4575 4578 4579
f 4576 4579 4580
f 4580 4585 4581
f 4578 4583 4579
f 4579 4584 4580
f 4584 4589 4585
f 4583 4586 4587
f 4584 4587 4588
f 4589 4592 4593
f 4586 4591 4587
f 4587 4592 4588
f 4592 4597 4593
f 4591 4594 4595
f 4592 4595 4596
f 4597 4601 4602
f 4594 4600 4595
f 4595 4601 4596
f 4602 4605 4606
f 4600 4603 4604
f 4601 4604 4605
f 4478 4598 4482
f 4482 4598 4486
f 4486 4598 4490
f 4490 4598 4494
f 4494 4598 4498
f 4498 4598 4502
f 4502 4598 4506
f 4506 4598 4510
f 4510 4598 4514
f 4514 4598 4518
f 4518 4598 4522
f 4522 4598 4526
f 4526 4598 4530
f 4530 4598 4534
f 4534 4598 4538
f 4538 4598 4542
f 4542 4598 4546
f 4546 4598 4550
f 4550 4598 4554
f 4554 4598 4558
f 4558 4598 4562
f 4562 4598 4566
f 4566 4598 4570
f 4570 4598 4574
f 4574 4598 4578
f 4578 4598 4582
f 4582 4598 4586
f 4586 4598 4590
f 4590 4598 4594
f 4594 4598 4599
f 4599 4598 4603
f 4606 4480 4481
f 4603 4479 4604
f 4604 4480 4605
f 4603 4598 4478
f 4615 4627 4628
f 4612 4626 4613
f 4611 4623 4624
f 4609 4621 4622
f 4618 4630 4631
f 4615 4629 4616
f 4613 4627 4614
f 4612 4624 4625
f 4609 4623 4610
f 4607 4621 4608
f 4619 4631 4632
f 4617 4629 4630
f 4622 4636 4623
f 4620 4634 4621
f 4632 4644 4645
f 4629 4643 4630
f 4628 4640 4641
f 4626 4638 4639
f 4624 4636 4637
f 4622 4634 4635
f 4631 4643 4644
f 4628 4642 4629
f 4626 4640 4627
f 4624 4638 4625
f 4635 4649 4636
f 4634 4646 4647
f 4644 4658 4645
f 4642 4656 4643
f 4641 4653 4654
f 4639 4651 4652
f 4636 4650 4637
f 4635 4647 4648
f 4643 4657 4644
f 4642 4654 4655
f 4640 4652 4653
f 4637 4651 4638
f 4648 4662 4649
f 4646 4660 4647
f 4658 4670 4671
f 4656 4668 4669
f 4653 4667 4654
f 4651 4665 4652
f 4649 4663 4650
f 4648 4660 4661
f 4656 4670 4657
f 4654 4668 4655
f 4653 4665 4666
f 4651 4663 4664
f 4661 4675 4662
f 4660 4672 4673
f 4670 4684 4671
f 4668 4682 4669
f 4667 4679 4680
f 4665 4677 4678
f 4663 4675 4676
f 4661 4673 4674
f 4670 4682 4683
f 4667 4681 4668
f 4665 4679 4666
f 4663 4677 4664
f 4675 4687 4688
f 4672 4686 4673
f 4684 4696 4697
f 4682 4694 4695
f 4679 4693 4680
f 4678 4690 4691
f 4676 4688 4689
f 4673 4687 4674
f 4683 4695 4696
f 4681 4693 4694
f 4678 4692 4679
f 4676 4690 4677
f 4688 4700 4701
f 4686 4698 4699
f 4696 4710 4697
f 4695 4707 4708
f 4692 4706 4693
f 4691 4703 4704
f 4688 4702 4689
f 4686 4700 4687
f 4695 4709 4696
f 4694 4706 4707
f 4692 4704 4705
f 4689 4703 4690
f 4701 4713 4714
f 4699 4711 4712
f 4710 4722 4723
f 4707 4721 4708
f 4705 4719 4706
f 4704 4716 4717
f 4701 4715 4702
f 4699 4713 4700
f 4709 4721 4722
f 4707 4719 4720
f 4705 4717 4718
f 4702 4716 4703
f 4713 4727 4714
f 4711 4725 4712
f 4723 4735 4736
f 4721 4733 4734
f 4719 4731 4732
f 4716 4730 4717
f 4715 4727 4728
f 4713 4725 4726
f 4721 4735 4722
f 4719 4733 4720
f 4717 4731 4718
f 4716 4728 4729
f 4726 4740 4727
f 4724 4738 4725
f 4736 4748 4749
f 4733 4747 4734
f 4732 4744 4745
f 4730 4742 4743
f 4728 4740 4741
f 4726 4738 4739
f 4735 4747 4748
f 4732 4746 4733
f 4730 4744 4731
f 4728 4742 4729
f 4739 4753 4740
f 4738 4750 4751
f 4748 4762 4749
f 4746 4760 4747
f 4745 4757 4758
f 4743 4755 4756
f 4740 4754 4741
f 4739 4751 4752
f 4747 4761 4748
f 4745 4759 4746
f 4744 4756 4757
f 4741 4755 4742
f 4753 4765 4766
f 4750 4764 4751
f 4762 4774 4775
f 4759 4773 4760
f 4758 4770 4771
f 4755 4769 4756
f 4753 4767 4754
f 4752 4764 4765
f 4760 4774 4761
f 4758 4772 4759
f 4757 4769 4770
f 4755 4767 4768
f 4765 4779 4766
f 4764 4776 4777
f 4774 4788 4775
f 4772 4786 4773
f 4771 4783 4784
f 4769 4781 4782
f 4767 4779 4780
f 4765 4777 4778
f 4774 4786 4787
f 4771 4785 4772
f 4769 4783 4770
f 4767 4781 4768
f 4779 4791 4792
f 4776 4790 4777
f 4788 4800 4801
f 4786 4798 4799
f 4783 4797 4784
f 4782 4794 4795
f 4780 4792 4793
f 4777 4791 4778
f 4787 4799 4800
f 4785 4797 4798
f 4782 4796 4783
f 4780 4794 4781
f 4792 4804 4805
f 4790 4802 4803
f 4800 4814 4801
f 4799 4811 4812
f 4796 4810 4797
f 4795 4807 4808
f 4792 4806 4793
f 4790 4804 4791
f 4799 4813 4800
f 4798 4810 4811
f 4796 4808 4809
f 4793 4807 4794
f 4805 4817 4818
f 4803 4815 4816
f 4814 4826 4827
f 4811 4825 4812
f 4809 4823 4810
f 4808 4820 4821
f 4805 4819 4806
f 4803 4817 4804
f 4813 4825 4826
f 4811 4823 4824
f 4809 4821 4822
f 4806 4820 4807
f 4817 4831 4818
f 4815 4829 4816
f 4826 4840 4827
f 4825 4837 4838
f 4823 4835 4836
f 4820 4834 4821
f 4819 4831 4832
f 4817 4829 4830
f 4825 4839 4826
f 4823 4837 4824
f 4821 4835 4822
f 4820 4832 4833
f 4830 4844 4831
f 4828 4842 4829
f 4840 4852 4853
f 4837 4851 4838
f 4836 4848 4849
f 4834 4846 4847
f 4832 4844 4845
f 4830 4842 4843
f 4839 4851 4852
f 4836 4850 4837
f 4834 4848 4835
f 4832 4846 4833
f 4843 4857 4844
f 4842 4854 4855
f 4852 4866 4853
f 4850 4864 4851
f 4849 4861 4862
f 4847 4859 4860
f 4844 4858 4845
f 4843 4855 4856
f 4851 4865 4852
f 4849 4863 4850
f 4848 4860 4861
f 4845 4859 4846
f 4857 4869 4870
f 4855 4867 4868
f 4866 4878 4879
f 4864 4876 4877
f 4862 4874 4875
f 4859 4873 4860
f 4857 4871 4858
f 4856 4868 4869
f 4864 4878 4865
f 4862 4876 4863
f 4861 4873 4874
f 4859 4871 4872
f 4869 4883 4870
f 4868 4880 4881
f 4878 4892 4879
f 4877 4889 4890
f 4874 4888 4875
f 4873 4885 4886
f 4871 4883 4884
f 4868 4882 4869
f 4878 4890 4891
f 4876 4888 4889
f 4873 4887 4874
f 4871 4885 4872
f 4883 4896 4897
f 4880 4895 4881
f 4892 4905 4906
f 4890 4903 4904
f 4887 4902 4888
f 4885 4900 4886
f 4884 4897 4898
f 4881 4896 4882
f 4891 4904 4905
f 4889 4902 4903
f 4886 4901 4887
f 4885 4898 4899
f 4897 4909 4910
f 4895 4907 4908
f 4905 4919 4906
f 4904 4916 4917
f 4901 4915 4902
f 4899 4913 4900
f 4897 4911 4898
f 4895 4909 4896
f 4904 4918 4905
f 4903 4915 4916
f 4901 4913 4914
f 4899 4911 4912
f 4910 4922 4923
f 4908 4920 4921
f 4919 4931 4932
f 4916 4930 4917
f 4914 4928 4915
f 4913 4925 4926
f 4910 4924 4911
f 4908 4922 4909
f 4918 4930 4931
f 4916 4928 4929
f 4914 4926 4927
f 4911 4925 4912
f 4922 4936 4923
f 4920 4934 4921
f 4931 4945 4932
f 4930 4942 4943
f 4928 4940 4941
f 4925 4939 4926
f 4924 4936 4937
f 4922 4934 4935
f 4930 4944 4931
f 4928 4942 4929
f 4926 4940 4927
f 4925 4937 4938
f 4935 4949 4936
f 4933 4947 4934
f 4945 4957 4958
f 4942 4956 4943
f 4941 4953 4954
f 4938 4952 4939
f 4937 4949 4950
f 4935 4947 4948
f 4944 4956 4957
f 4941 4955 4942
f 4939 4953 4940
f 4938 4950 4951
f 4948 4962 4949
f 4947 4959 4960
f 4957 4971 4958
f 4955 4969 4956
f 4954 4966 4967
f 4951 4965 4952
f 4949 4963 4950
f 4948 4960 4961
f 4956 4970 4957
f 4954 4968 4955
f 4953 4965 4966
f 4951 4963 4964
f 4962 4974 4975
f 4959 4973 4960
f 4971 4983 4984
f 4968 4982 4969
f 4966 4980 4967
f 4964 4978 4965
f 4962 4976 4963
f 4960 4974 4961
f 4969 4983 4970
f 4967 4981 4968
f 4966 4978 4979
f 4964 4976 4977
f 4975 4987 4988
f 4973 4985 4986
f 4983 4997 4984
f 4981 4995 4982
f 4979 4993 4980
f 4978 4990 4991
f 4976 4988 4989
f 4973 4987 4974
f 4983 4995 4996
f 4981 4993 4994
f 4978 4992 4979
f 4976 4990 4977
f 4988 5000 5001
f 4985 4999 4986
f 4997 5009 5010
f 4995 5007 5008
f 4992 5006 4993
f 4991 5003 5004
f 4989 5001 5002
f 4986 5000 4987
f 4996 5008 5009
f 4994 5006 5007
f 4991 5005 4992
f 4989 5003 4990
f 5001 5013 5014
f 4999 5011 5012
f 5009 5023 5010
f 5008 5020 5021
f 5005 5019 5006
f 5004 5016 5017
f 5001 5015 5002
f 4999 5013 5000
f 5008 5022 5009
f 5007 5019 5020
f 5005 5017 5018
f 5002 5016 5003
f 4893 4619 4632
f 4893 4632 4645
f 4893 4645 4658
f 4893 4658 4671
f 4893 4671 4684
f 4893 4684 4697
f 4893 4697 4710
f 4893 4710 4723
f 4893 4723 4736
f 4893 4736 4749
f 4893 4749 4762
f 4893 4762 4775
f 4893 4775 4788
f 4893 4788 4801
f 4893 4801 4814
f 4893 4814 4827
f 4893 4827 4840
f 4893 4840 4853
f 4893 4853 4866
f 4893 4866 4879
f 4893 4879 4892
f 4893 4892 4906
f 4893 4906 4919
f 4893 4919 4932
f 4893 4932 4945
f 4893 4945 4958
f 4893 4958 4971
f 4893 4971 4984
f 4893 4984 4997
f 4893 4997 5010
f 4893 5010 5023
f 5014 4609 4610
f 5012 4607 4608
f 5022 4619 5023
f 5020 4617 5021
f 5018 4615 5019
f 5017 4612 4613
f 5014 4611 5015
f 5012 4609 5013
f 4893 5023 4619
f 5021 4618 5022
f 5020 4615 4616
f 5018 4613 4614
f 5015 4612 5016
f 4481 5011 4606
f 5011 4602 4606
f 4998 4597 4602
f 4985 4593 4597
f 4593 4959 4589
f 4589 4946 4585
f 4585 4933 4581
f 4933 4577 4581
f 4577 4907 4573
f 4907 4569 4573
f 4894 4565 4569
f 4880 4561 4565
f 4561 4854 4557
f 4557 4841 4553
f 4553 4828 4549
f 4828 4545 4549
f 4545 4802 4541
f 4802 4537 4541
f 4789 4533 4537
f 4776 4529 4533
f 4529 4750 4525
f 4525 4737 4521
f 4521 4724 4517
f 4724 4513 4517
f 4513 4698 4509
f 4698 4505 4509
f 4685 4501 4505
f 4672 4497 4501
f 4497 4646 4493
f 4493 4633 4489
f 4489 4620 4485
f 4620 4481 4485
f 4 3 2
f 8 7 6
f 13 16 15
f 17 28 19
f 32 31 30
f 36 35 34
f 37 40 39
f 21 22 23
f 25 26 27
f 41 44 43
f 48 47 46
f 52 51 50
f 53 56 55
f 60 59 58
f 29 30 62
f 66 65 64
f 67 5 6
f 72 71 70
f 76 75 74
f 77 80 79
f 81 84 83
f 59 87 86
f 88 91 90
f 96 95 94
f 100 99 98
f 101 104 103
f 106 105 34
f 108 116 115
f 117 119 36
f 124 127 126
f 131 130 129
f 132 102 134
f 142 141 140
f 148 106 60
f 144 143 127
f 149 152 151
f 156 155 154
f 159 150 158
f 116 108 164
f 171 170 169
f 174 126 173
f 179 182 181
f 186 189 188
f 194 197 196
f 199 142 139
f 206 209 208
f 213 212 211
f 202 215 214
f 96 93 216
f 92 238 43
f 97 184 246
f 250 249 229
f 252 254 58
f 258 257 256
f 260 91 229
f 110 111 112
f 114 264 263
f 265 268 267
f 56 53 270
f 274 273 249
f 185 183 63
f 280 279 278
f 285 284 283
f 288 219 211
f 141 142 92
f 289 290 175
f 148 116 105
f 312 311 170
f 238 262 42
f 318 163 160
f 310 309 308
f 241 239 325
f 160 230 240
f 47 48 307
f 108 109 315
f 345 85 86
f 348 351 350
f 356 359 358
f 355 354 353
f 363 31 32
f 364 252 253
f 366 125 368
f 183 372 371
f 163 162 161
f 209 226 101
f 378 377 165
f 379 295 381
f 383 382 3
f 284 285 386
f 387 127 389
f 391 259 229
f 73 281 397
f 405 408 407
f 203 218 411
f 414 121 413
f 1 356 357
f 277 276 131
f 254 344 57
f 358 384 415
f 417 416 386
f 401 400 192
f 419 389 127
f 421 181 182
f 103 301 302
f 428 367 368
f 380 390 359
f 62 204 266
f 140 141 431
f 357 358 351
f 356 1 379
f 415 392 403
f 437 428 436
f 438 441 440
f 188 451 450
f 265 455 181
f 224 185 64
f 237 212 213
f 275 131 128
f 281 282 460
f 50 462 79
f 73 74 282
f 468 467 466
f 390 355 352
f 482 485 484
f 489 488 487
f 493 496 495
f 472 471 470
f 502 501 500
f 220 221 222
f 512 419 143
f 518 517 511
f 513 239 230
f 205 30 31
f 189 370 451
f 163 318 532
f 533 224 225
f 446 448 447
f 335 541 540
f 544 512 546
f 329 519 291
f 199 534 262
f 385 386 416
f 532 190 191
f 363 117 118
f 578 581 580
f 573 572 571
f 561 563 562
f 241 260 259
f 590 593 592
f 545 546 595
f 503 154 155
f 606 625 624
f 478 481 480
f 646 649 648
f 590 591 689
f 564 565 651
f 728 246 184
f 714 724 716
f 692 574 575
f 541 335 581
f 346 68 248
f 161 231 230
f 128 129 94
f 698 705 704
f 574 577 576
f 290 289 401
f 630 631 725
f 733 736 735
f 755 466 496
f 759 480 481
f 757 763 762
f 764 496 466
f 768 767 3808
f 759 760 488
f 492 474 475
f 474 770 769
f 773 468 465
f 771 774 486
f 484 485 775
f 774 776 489
f 495 496 764
f 495 757 761
f 137 397 784
f 325 239 797
f 165 519 51
f 369 32 29
f 730 731 568
f 90 302 301
f 243 118 516
f 800 734 806
f 817 815 808
f 816 808 823
f 306 303 447
f 815 810 809
f 829 830 828
f 726 725 501
f 274 427 424
f 879 882 881
f 884 883 879
f 219 218 217
f 906 905 904
f 455 204 205
f 898 882 830
f 903 900 880
f 377 291 519
f 923 949 948
f 946 947 951
f 3519 740 739
f 900 899 886
f 225 64 65
f 182 445 442
f 809 952 947
f 954 960 962
f 927 950 965
f 885 879 880
f 925 927 966
f 343 342 341
f 965 964 971
f 968 971 970
f 972 968 969
f 963 961 981
f 336 337 338
f 992 993 827
f 810 815 996
f 1007 1001 1002
f 1012 826 827
f 1011 1009 1007
f 294 293 292
f 907 908 920
f 1017 579 1019
f 1020 1023 1022
f 1035 1024 1020
f 1061 1060 1047
f 1063 1061 1046
f 1044 1020 1021
f 1102 1094 1097
f 1116 1126 1118
f 1016 1015 1014
f 881 897 904
f 816 1116 1127
f 1094 948 949
f 514 342 167
f 146 145 81
f 1133 1135 1130
f 1102 1133 1126
f 822 1126 1116
f 1145 1143 1148
f 1076 1144 1151
f 1148 1143 1086
f 1109 1097 1114
f 1154 1153 1156
f 1153 925 967
f 3464 3497 463
f 1144 1147 1152
f 1156 967 1163
f 1164 1162 1169
f 1145 1171 1176
f 1114 1115 1154
f 1183 1155 1164
f 1184 1183 1177
f 1069 1151 1062
f 1023 1191 1194
f 1162 1163 1170
f 1195 1184 1185
f 1183 1196 1176
f 1201 1063 1152
f 1061 1063 1201
f 3825 847 843
f 1203 1202 1195
f 1202 1201 1184
f 1218 1060 1203
f 1060 1061 1202
f 1225 1218 1217
f 671 695 694
f 1219 1217 1024
f 1217 1203 1034
f 1226 1014 1015
f 1243 1242 1234
f 1231 1230 1229
f 847 1243 1233
f 843 1233 1244
f 1233 1234 1245
f 1923 3761 233
f 2100 2108 499
f 3914 3864 2135
f 61 62 323
f 210 211 217
f 1299 1310 1309
f 3863 1230 1231
f 1066 1047 1321
f 1322 1321 1228
f 1060 1218 1321
f 1325 1324 1323
f 1244 1245 1332
f 1290 1234 1242
f 1337 1330 1339
f 1330 1332 1340
f 1341 1332 1245
f 1342 1340 1332
f 1343 1342 1341
f 1344 1341 1294
f 3857 3856 1345
f 1347 1348 1342
f 3856 3854 1295
f 1349 1350 1348
f 3861 1349 1347
f 3853 1347 1343
f 906 898 829
f 905 906 1353
f 865 1356 1355
f 1355 1353 829
f 1357 1355 825
f 1356 1354 1353
f 3834 1337 1338
f 866 1358 1356
f 1358 1359 1354
f 3828 878 1337
f 838 1362 1012
f 1363 1364 1338
f 1368 1363 1339
f 1348 1368 1340
f 1371 1369 3824
f 524 525 526
f 528 529 530
f 1372 1370 1369
f 535 536 537
f 1367 1368 1348
f 1370 1354 1359
f 1369 1359 3833
f 1373 910 903
f 555 556 557
f 1374 909 910
f 1373 904 905
f 1374 1373 1375
f 1375 905 1354
f 1378 920 908
f 376 373 651
f 1388 928 973
f 586 587 588
f 1390 1389 1388
f 1391 1388 969
f 597 598 599
f 600 601 602
f 1392 1391 970
f 608 609 610
f 612 524 523
f 614 615 616
f 617 618 25
f 620 621 622
f 1397 1390 1391
f 1398 1397 1392
f 1400 987 920
f 1402 1403 1165
f 636 637 638
f 930 1404 1402
f 641 642 643
f 929 1402 1169
f 1404 1405 1403
f 1411 1366 1365
f 1412 1406 1415
f 652 653 654
f 609 656 657
f 659 660 661
f 558 663 586
f 665 666 667
f 1413 1411 1406
f 1418 1416 3810
f 1417 1372 1371
f 1416 1371 3829
f 1419 1417 1416
f 1386 909 1374
f 677 678 679
f 1385 1386 1420
f 1420 1374 1376
f 685 686 687
f 1421 1420 1422
f 528 690 691
f 1422 1376 1372
f 1018 1019 747
f 699 700 701
f 1424 578 579
f 3663 1597 1767
f 700 699 711
f 1093 3746 3754
f 717 718 530
f 721 722 723
f 704 1650 3543
f 19 1429 1426
f 1429 1428 1427
f 1658 1659 3542
f 1439 1437 1434
f 1437 1436 1435
f 1426 1427 1433
f 1442 1431 1432
f 742 743 744
f 1432 1433 1441
f 751 752 753
f 1438 1434 1403
f 1446 1445 1444
f 1447 1448 1446
f 3860 1447 1443
f 1415 1367 1445
f 1414 1415 1446
f 2173 1683 469
f 777 778 779
f 780 781 782
f 1676 1693 1806
f 3859 1451 1349
f 789 790 791
f 745 792 793
f 652 794 795
f 1455 1458 1457
f 1454 1367 1350
f 610 691 802
f 3831 3816 698
f 1352 1044 1045
f 1015 1016 1459
f 811 812 813
f 2118 3815 3817
f 819 820 821
f 1466 1463 1194
f 1467 1468 1465
f 1182 1165 1468
f 832 812 833
f 835 836 837
f 1467 1466 1190
f 1469 1470 1444
f 840 700 712
f 1453 1470 1469
f 599 844 845
f 1226 1450 3849
f 851 852 853
f 855 744 856
f 858 859 860
f 861 862 863
f 1014 1226 3855
f 867 676 868
f 870 871 872
f 874 875 876
f 1310 1323 1471
f 1476 1433 1427
f 1461 1476 1475
f 887 888 889
f 788 791 892
f 894 895 896
f 1460 1475 1227
f 901 902 524
f 1465 1478 1477
f 1865 3503 3500
f 911 912 913
f 916 917 918
f 1850 3505 3507
f 921 922 895
f 1479 1435 1436
f 926 664 667
f 1481 562 563
f 269 1483 84
f 931 932 933
f 934 935 614
f 936 685 688
f 938 659 662
f 1484 270 122
f 941 942 835
f 320 321 509
f 1849 3510 3505
f 84 1483 1484
f 1487 1490 1488
f 1757 1758 3502
f 365 1492 1491
f 461 79 80
f 117 363 362
f 1494 540 541
f 926 601 957
f 1477 1441 1433
f 1709 1588 1585
f 119 117 1496
f 271 1497 504
f 511 517 189
f 345 1496 1492
f 57 344 299
f 1501 1499 268
f 267 268 1499
f 974 975 976
f 1678 1652 1693
f 3846 1682 1807
f 557 982 663
f 983 941 984
f 1443 1444 3849
f 421 1500 268
f 989 990 991
f 1490 1487 418
f 279 280 309
f 997 868 676
f 998 26 999
f 1504 418 38
f 1506 1508 1507
f 360 361 1508
f 1506 1486 207
f 939 1005 1006
f 270 1484 1483
f 66 63 546
f 1010 742 793
f 367 428 437
f 244 31 363
f 1670 3532 3534
f 209 206 1510
f 388 389 426
f 427 274 250
f 161 520 521
f 100 246 45
f 1025 1026 608
f 1029 1030 1031
f 939 662 1033
f 41 42 594
f 1036 780 783
f 702 701 1038
f 1040 1041 1042
f 362 32 369
f 187 1520 477
f 70 1487 539
f 1049 600 603
f 613 867 869
f 860 1050 1051
f 1005 1052 1053
f 753 1055 1056
f 1057 1058 1059
f 293 288 1522
f 288 212 1521
f 292 1522 1523
f 331 1507 1508
f 306 452 453
f 100 44 41
f 462 1524 78
f 330 331 1524
f 635 1067 1068
f 1485 1527 1526
f 206 1485 1528
f 1070 1071 1072
f 942 941 1073
f 916 933 1075
f 440 1529 1530
f 157 158 1514
f 1529 162 5
f 371 595 546
f 790 586 663
f 1077 858 857
f 1403 1434 1435
f 1080 1081 1082
f 531 520 1529
f 21 1083 1084
f 272 1532 1531
f 690 712 802
f 335 3571 3567
f 1090 1030 1029
f 1092 795 794
f 1533 396 137
f 661 660 1095
f 69 444 445
f 1099 1100 1101
f 38 39 1536
f 1104 1105 1106
f 852 1107 1108
f 1377 908 909
f 291 377 411
f 316 1536 516
f 539 1488 1533
f 1505 1536 316
f 1110 1111 1112
f 1539 1537 460
f 522 441 1537
f 834 837 1120
f 1122 1123 1124
f 612 1125 1041
f 935 793 615
f 276 278 130
f 1686 3549 3522
f 193 190 1541
f 231 521 1540
f 556 1037 982
f 365 253 85
f 190 532 318
f 1810 765 3574
f 3924 1867 3512
f 1132 983 985
f 208 101 102
f 1134 1033 662
f 1491 518 80
f 429 133 1542
f 1137 1138 915
f 172 436 428
f 1139 1140 1141
f 549 96 54
f 1517 1519 1518
f 834 1119 984
f 1543 513 286
f 1544 797 239
f 133 134 1544
f 506 361 257
f 420 327 328
f 1158 1159 1160
f 587 1104 1103
f 607 1161 1027
f 304 1546 1545
f 364 1491 77
f 69 70 198
f 700 840 1112
f 3877 626 3525
f 1166 719 657
f 1167 1168 858
f 1300 3523 3524
f 1172 1173 1174
f 218 203 200
f 1179 1180 1181
f 372 183 97
f 89 104 227
f 1186 1187 1188
f 172 173 1517
f 1482 84 81
f 1090 1192 1193
f 394 395 353
f 526 525 1198
f 1199 1200 1026
f 606 623 697
f 1204 1205 1206
f 1207 1208 523
f 1209 1210 867
f 914 913 685
f 1478 1436 1441
f 1029 1028 1161
f 1211 1212 1213
f 3858 1453 1451
f 844 1215 1216
f 423 193 273
f 1220 1221 1222
f 22 1223 1224
f 882 898 897
f 1519 1517 173
f 1189 1188 1232
f 349 350 550
f 1071 1235 1236
f 1237 1238 1239
f 1221 1186 1189
f 1510 1528 1512
f 939 1032 1241
f 1556 1530 5
f 1553 1554 394
f 404 1556 67
f 1247 1248 1249
f 142 199 238
f 1251 1067 635
f 850 1252 1253
f 1254 1167 1077
f 57 132 133
f 443 430 552
f 1187 1172 1175
f 1256 1070 831
f 432 405 382
f 741 748 747
f 434 350 351
f 349 432 383
f 251 124 1481
f 395 384 352
f 1518 1519 1550
f 1558 410 378
f 109 263 314
f 285 1514 1513
f 395 394 393
f 202 203 410
f 417 408 405
f 1246 1257 1258
f 3 1559 297
f 1259 1260 1261
f 403 404 347
f 955 954 953
f 462 50 51
f 1096 1095 687
f 429 147 60
f 896 1264 1265
f 1267 721 1268
f 423 424 327
f 37 179 180
f 20 23 1187
f 1256 1168 1071
f 1188 1175 1269
f 1236 1270 1271
f 1272 536 535
f 565 564 463
f 1273 792 745
f 876 1254 1255
f 316 33 164
f 437 1516 503
f 194 1494 1495
f 1275 1276 864
f 624 625 631
f 1277 1274 1137
f 569 568 567
f 1481 124 125
f 324 325 547
f 1279 1108 1107
f 1525 332 329
f 1281 1278 1137
f 171 168 1553
f 1488 73 396
f 1557 1561 1562
f 1282 856 1206
f 1053 1277 1278
f 778 777 607
f 713 583 3566
f 251 225 144
f 4 357 348
f 709 708 707
f 728 48 45
f 261 135 1563
f 789 1286 1287
f 74 314 263
f 403 284 385
f 1178 1181 1240
f 1223 1259 1289
f 1220 20 1186
f 296 1518 354
f 784 459 1538
f 1181 1180 1291
f 1269 1292 1257
f 1566 1538 438
f 136 784 1566
f 1563 1564 169
f 107 114 109
f 1297 1282 1298
f 1464 1477 1476
f 1520 187 507
f 1301 1302 1303
f 1306 1307 1308
f 175 456 1532
f 1532 456 200
f 1311 1266 1312
f 872 1314 1315
f 3836 843 878
f 1305 1308 864
f 1040 1275 863
f 1564 1566 399
f 592 1576 1575
f 591 1575 1088
f 1581 1584 1583
f 1196 1152 1147
f 710 582 583
f 285 407 408
f 953 954 961
f 1594 1592 1589
f 1585 1588 1587
f 1592 1591 1590
f 3885 945 944
f 1600 1599 1598
f 1604 1603 1602
f 1399 1392 979
f 1589 1590 1596
f 1610 1609 1608
f 298 257 361
f 551 552 276
f 1627 1626 3814
f 859 811 818
f 1078 857 1328
f 1555 439 1530
f 572 573 680
f 772 465 776
f 977 1281 918
f 404 403 392
f 1054 1331 750
f 1644 1645 1643
f 932 1265 1082
f 1067 1333 1334
f 1540 1539 264
f 597 1335 643
f 471 761 762
f 1642 696 3831
f 1644 1642 3842
f 923 946 950
f 96 549 548
f 520 531 522
f 445 444 443
f 849 839 848
f 480 759 755
f 1646 760 481
f 311 426 1567
f 464 463 3497
f 3497 1360 1361
f 234 237 236
f 190 193 192
f 153 154 152
f 231 287 286
f 1552 1553 1551
f 760 1646 1648
f 3832 1647 1649
f 828 827 826
f 52 167 166
f 1663 1662 1661
f 287 107 115
f 668 671 670
f 634 645 640
f 553 560 559
f 118 36 33
f 492 484 491
f 3552 1652 1651
f 582 589 584
f 384 395 392
f 1381 1382 1383
f 1562 1561 435
f 952 953 951
f 3529 3566 583
f 1660 1661 1667
f 1394 1395 1396
f 1660 1665 1664
f 1671 1670 1669
f 1624 1625 1673
f 1407 1408 1409
f 1677 1676 1675
f 1613 1679 1677
f 1679 1678 1676
f 1626 1681 3811
f 534 199 198
f 803 733 734
f 400 248 191
f 65 66 143
f 3526 1657 1656
f 402 159 157
f 629 628 627
f 461 477 49
f 758 757 495
f 796 787 786
f 406 407 1513
f 342 343 166
f 1694 1659 1658
f 1692 1687 1694
f 3557 1693 1652
f 3921 1704 1703
f 326 547 302
f 3916 3921 1702
f 3919 3918 1698
f 1699 1691 3927
f 1557 406 1560
f 1127 1116 1117
f 400 401 289
f 1706 1702 1707
f 1707 1702 1599
f 1709 1706 1708
f 1714 1712 1711
f 3919 3915 1709
f 1704 1711 1577
f 1716 1714 1713
f 1559 1562 1549
f 1722 1721 1720
f 1335 597 596
f 410 411 377
f 973 1170 1163
f 168 169 399
f 1571 682 1089
f 1572 681 682
f 749 646 647
f 1730 1724 1723
f 1594 1582 1729
f 1729 1723 1591
f 1384 1378 1377
f 1732 1731 1712
f 1724 1730 1731
f 1722 1724 1732
f 1721 1722 1733
f 1734 1733 1716
f 1735 1737 1736
f 1733 1732 1714
f 1663 1664 1741
f 1742 1665 1740
f 1738 1739 1737
f 1665 1660 1666
f 1665 1742 1744
f 1725 1726 1746
f 1591 1725 1745
f 1590 1745 1747
f 1745 1746 1748
f 1659 1688 3538
f 3287 1760 3545
f 1185 1177 1182
f 1664 1744 1749
f 1741 1749 1739
f 1746 1742 1743
f 1726 1744 1742
f 1115 924 1153
f 1654 3546 3575
f 1896 3562 3549
f 1720 1749 1744
f 1721 1739 1749
f 1750 1718 1701
f 1697 1736 1750
f 1151 1152 1063
f 1751 1752 1670
f 1695 1658 1752
f 961 962 986
f 1770 1769 1768
f 1766 1594 1593
f 1731 1759 1579
f 1579 1777 1774
f 3928 1772 1771
f 1764 1772 3928
f 1777 1776 1775
f 3762 3763 1699
f 1004 1127 1128
f 1774 1775 1771
f 987 1400 1399
f 1578 1774 1772
f 1783 1782 1781
f 1597 1598 1770
f 639 1878 3895
f 3928 3929 1769
f 1793 1792 1789
f 3929 3920 1798
f 3508 3516 3773
f 1802 1867 3924
f 1788 1790 1794
f 1793 1794 1795
f 3773 3772 1675
f 1584 1581 1783
f 1771 1797 3920
f 1801 1799 1798
f 1768 1769 1798
f 1775 1796 1797
f 508 514 515
f 1796 1803 1802
f 1800 1798 3920
f 1794 1805 1804
f 3532 1670 1752
f 485 1808 1807
f 3809 3844 1640
f 3837 3844 1810
f 485 482 1640
f 1690 1691 3770
f 487 488 1648
f 3839 1813 1816
f 3838 1811 1648
f 3839 1812 1811
f 1812 1809 487
f 1641 1809 767
f 465 466 755
f 767 1815 3823
f 3822 1816 3826
f 1809 1812 1815
f 3837 1653 1651
f 675 672 3541
f 1814 1649 1822
f 1821 1822 3821
f 1824 1822 1649
f 1827 1849 1850
f 1668 1669 1662
f 1779 1780 1848
f 1790 1827 1805
f 1833 1836 1853
f 3521 3506 693
f 1614 1615 1616
f 1852 1853 3498
f 1620 1621 1622
f 1855 1765 1574
f 1847 1852 3501
f 1766 1765 1855
f 1629 1630 1631
f 1633 1622 1634
f 1635 1636 1637
f 1848 1833 1852
f 1855 1861 1863
f 1803 1866 1867
f 1862 1863 1831
f 1782 1855 1862
f 3922 3924 1865
f 1873 1872 1870
f 1874 1869 799
f 2045 3878 3897
f 1219 1345 1295
f 1615 1614 1396
f 3884 3895 1877
f 645 3898 3786
f 1345 1219 1035
f 634 639 3884
f 15 1887 1327
f 3910 3895 1878
f 1894 604 605
f 3506 3551 627
f 3560 640 645
f 340 341 454
f 1897 194 195
f 1889 1882 1877
f 1901 94 129
f 196 749 754
f 1705 1704 3921
f 340 378 166
f 1570 1480 563
f 1904 1494 194
f 1781 1862 1832
f 1905 549 55
f 1000 994 995
f 986 919 920
f 1191 1185 1190
f 2094 2077 2075
f 1920 1921 1919
f 453 454 1912
f 1915 1919 1918
f 3882 2112 2106
f 1655 3575 3531
f 1916 1918 1926
f 704 3554 3561
f 278 1916 1925
f 3565 3564 1818
f 1097 949 1115
f 1927 1928 727
f 3578 3579 3654
f 1920 310 307
f 1929 307 48
f 503 504 1497
f 1902 1903 787
f 1816 1821 3820
f 1925 1926 1923
f 1535 1569 1568
f 254 252 258
f 1509 1497 366
f 119 86 35
f 219 288 293
f 141 46 47
f 542 205 244
f 1940 552 430
f 1779 1828 1827
f 1701 1710 3915
f 1661 3550 3515
f 270 53 754
f 197 1947 749
f 1727 1728 1212
f 53 54 232
f 1465 1468 1479
f 1284 3862 3854
f 1951 446 412
f 168 398 1554
f 1486 1485 206
f 506 77 78
f 994 1001 1007
f 951 953 963
f 1013 3859 3861
f 3826 3820 1820
f 1498 1909 1954
f 299 298 543
f 1754 1755 1756
f 1681 469 1683
f 1696 1694 1695
f 13 14 738
f 473 476 475
f 482 1641 768
f 204 62 30
f 1761 1762 820
f 611 1763 1125
f 1501 1503 1908
f 1074 1073 711
f 1960 1944 82
f 120 1956 1960
f 35 86 87
f 1773 1199 1025
f 1965 1545 1569
f 494 761 471
f 1966 1967 1969
f 446 1951 1971
f 174 368 125
f 1580 1579 1578
f 1785 1786 1787
f 1972 1546 304
f 1254 876 875
f 1973 341 342
f 321 1912 1973
f 1910 277 275
f 509 1973 514
f 1486 1507 1527
f 1974 1874 804
f 1977 1976 1974
f 1980 448 1966
f 379 1 2
f 1718 1715 1710
f 884 995 992
f 1680 1684 1678
f 902 990 525
f 344 255 256
f 135 138 137
f 448 446 1967
f 589 605 604
f 910 909 908
f 1981 1966 1968
f 1982 1981 1987
f 1988 1979 1987
f 1990 1988 1989
f 1991 1989 1993
f 322 321 320
f 992 828 830
f 1144 1076 1086
f 1995 1977 1978
f 1133 1129 1118
f 1997 1995 1994
f 870 1823 1335
f 805 806 1982
f 727 184 2000
f 1996 1994 1988
f 1994 1978 1979
f 1829 616 792
f 1830 1073 941
f 798 803 800
f 729 732 731
f 2011 2012 2023
f 1834 1835 846
f 402 283 284
f 2022 2023 2024
f 1838 718 989
f 810 955 952
f 1823 1839 1840
f 1430 1426 1432
f 1215 844 1841
f 1316 1208 873
f 2112 1401 1384
f 1842 1843 1844
f 1159 846 845
f 837 27 1846
f 1971 1951 2030
f 517 369 370
f 1471 2026 2027
f 3551 3525 626
f 2174 2175 770
f 935 934 1854
f 1613 1619 1611
f 1231 1228 1225
f 1856 1857 891
f 1300 1309 748
f 1150 1149 1858
f 1643 606 696
f 1215 1265 1264
f 1320 1860 902
f 1956 1943 1944
f 2031 668 669
f 2034 1325 1310
f 1879 1880 1656
f 40 245 242
f 1992 1993 2039
f 888 958 957
f 1882 1889 1996
f 1078 1138 1255
f 1871 912 1192
f 294 411 218
f 1323 2041 2026
f 123 1960 83
f 1324 2036 2041
f 384 358 359
f 1324 1325 2038
f 1883 1884 1885
f 287 1540 114
f 1096 1886 1134
f 915 1329 931
f 806 1980 1981
f 3533 3529 584
f 1425 2030 2042
f 1018 2042 1948
f 3562 1896 740
f 1948 2042 649
f 1881 1882 1990
f 1900 129 130
f 992 995 994
f 923 927 925
f 3878 2045 2047
f 1643 2048 625
f 2050 2052 2051
f 2045 1405 1404
f 3876 2047 945
f 1139 1080 1079
f 1037 1856 892
f 2055 2053 2057
f 1198 989 718
f 1619 2058 1612
f 2058 1605 1606
f 2059 2060 1607
f 2058 1619 1624
f 71 72 179
f 405 406 1557
f 322 1548 1972
f 2061 2052 2063
f 2066 2065 2067
f 2052 2061 2064
f 1609 1610 2066
f 1515 151 152
f 1009 827 993
f 1644 3843 3815
f 279 1915 1916
f 1285 3863 3862
f 1647 2066 1825
f 2056 2057 2067
f 319 320 1953
f 667 666 1913
f 2070 631 625
f 2052 2050 2055
f 2038 1654 1655
f 1606 1601 2073
f 1235 1917 1270
f 2072 2073 2075
f 2059 1606 2072
f 2074 2075 2077
f 1601 1602 2078
f 2049 2048 1643
f 1000 1004 1001
f 1089 943 684
f 1931 1286 1306
f 1462 1459 1021
f 1932 1933 1934
f 875 874 1846
f 1936 1051 1937
f 44 45 46
f 1534 1955 1956
f 1541 318 317
f 2081 2082 2084
f 146 1945 1959
f 1360 1941 1942
f 985 984 1032
f 1995 1997 1892
f 2079 2080 2082
f 2095 2096 2076
f 2081 2093 2078
f 2055 2050 2054
f 501 2096 2095
f 2097 2100 2099
f 2098 2099 2094
f 2140 2141 3893
f 2141 2046 3894
f 2051 2070 2048
f 592 2102 2101
f 2071 2064 2076
f 2102 2097 2098
f 593 2103 2102
f 1019 1895 746
f 1950 11 12
f 725 2071 2096
f 1385 2105 2104
f 1379 2104 2106
f 2107 2108 2100
f 3908 726 502
f 3896 502 499
f 940 1389 2109
f 928 929 1170
f 3868 590 684
f 1962 1963 1964
f 3878 680 573
f 2039 1993 1968
f 1389 1390 2110
f 1398 2111 2113
f 3757 3755 3753
f 3911 3883 2107
f 949 923 924
f 260 241 324
f 1390 1397 2113
f 2070 2051 2064
f 3867 3911 2103
f 2105 1385 1421
f 2114 1421 1423
f 3892 2114 2115
f 3908 2105 2114
f 554 2116 1902
f 972 1163 967
f 1765 1593 1573
f 1984 1985 1986
f 2053 2117 2069
f 3573 3556 724
f 1625 1677 1674
f 3881 3888 2119
f 3903 2115 2123
f 56 1954 1906
f 626 3877 3879
f 2001 2002 2003
f 3912 3841 2127
f 2006 2007 2008
f 2127 1413 1412
f 2014 2015 2016
f 2018 2019 2020
f 1495 1424 1947
f 1379 1377 1386
f 3814 3811 1680
f 2029 1885 1884
f 3902 2128 2120
f 629 3879 3914
f 682 683 943
f 724 1650 2121
f 1757 1819 3821
f 765 1810 3844
f 3851 714 715
f 706 707 3870
f 981 986 987
f 1457 1868 1656
f 2017 2016 2032
f 1458 1655 1868
f 1776 1777 1792
f 1959 1945 1946
f 3663 3715 3725
f 3913 3881 2122
f 1093 1089 689
f 966 965 968
f 3852 715 3881
f 2172 3577 2170
f 670 2138 2137
f 3761 787 1903
f 1429 19 28
f 964 963 978
f 3841 3813 1413
f 1473 1474 669
f 3834 3833 1359
f 2138 798 1870
f 1872 1473 2137
f 715 716 3888
f 1881 1991 1992
f 3843 3842 739
f 1837 1847 3513
f 253 58 59
f 1808 3837 3840
f 1647 3832 3818
f 3865 3866 671
f 2112 3882 3883
f 1405 2045 2044
f 3829 3824 1364
f 273 1541 391
f 576 632 3520
f 3875 3865 668
f 1430 1431 2140
f 2136 3850 3860
f 1430 2139 18
f 3893 3894 570
f 1442 1439 2046
f 1431 1442 2141
f 3869 3913 3850
f 3808 3823 1817
f 3866 3893 695
f 2142 2025 798
f 571 2143 2142
f 3819 3814 1618
f 2143 2022 2025
f 694 2142 2138
f 681 1572 2144
f 2144 2011 2022
f 328 210 457
f 1572 2010 2011
f 630 3892 3903
f 2085 2086 2087
f 2090 2091 2092
f 572 2144 2143
f 1875 1976 2153
f 1873 1875 2149
f 2103 2107 2097
f 2157 2043 2155
f 2128 1412 1414
f 3874 3871 589
f 3872 3870 628
f 2149 2153 2158
f 2159 2158 3905
f 698 3907 3902
f 3823 3847 3827
f 2158 2156 3874
f 1438 2044 2046
f 2035 2154 2160
f 2161 2160 3889
f 3871 3891 605
f 3873 17 18
f 370 29 61
f 649 1951 413
f 2153 2157 2156
f 1428 1429 1449
f 1490 76 73
f 3890 3905 710
f 2155 1891 3891
f 1456 1457 1880
f 2125 2088 2087
f 2160 2159 3890
f 300 1959 505
f 1064 1062 1046
f 2043 1892 1891
f 2129 2130 2004
f 2131 2132 2133
f 3848 3849 1450
f 1998 1975 804
f 3879 673 3864
f 474 492 490
f 1164 1165 1182
f 707 2162 3909
f 708 1472 2162
f 2162 2161 3886
f 548 549 1905
f 1145 1136 1114
f 705 2121 1650
f 2043 2157 1977
f 737 738 554
f 1034 1195 1191
f 458 1905 1907
f 195 196 232
f 2040 2039 1969
f 2145 2146 2147
f 2054 2050 2049
f 3832 1646 1639
f 9 12 11
f 252 364 506
f 472 478 479
f 1865 3924 3791
f 900 903 910
f 1941 2150 2151
f 1921 1928 1927
f 2163 1897 1898
f 271 156 153
f 1904 1326 12
f 282 263 264
f 1872 1873 2154
f 1326 1904 1897
f 628 692 693
f 1724 1722 1719
f 1549 1562 436
f 1582 1583 1730
f 1921 1920 1929
f 3563 3511 10
f 2152 2037 1950
f 475 772 774
f 769 2172 2171
f 2171 2165 476
f 476 773 772
f 1791 565 464
f 2166 2167 2168
f 595 371 372
f 483 1809 1641
f 762 2174 2173
f 771 483 484
f 486 487 1809
f 297 1549 1517
f 763 2175 2174
f 776 755 759
f 184 185 2176
f 412 447 303
f 2005 2176 185
f 3811 1681 1682
f 2164 2170 756
f 1472 2035 2161
f 950 951 964
f 2177 2178 2179
f 227 226 1510
f 2182 2183 2184
f 2186 2019 2018
f 1985 2182 2181
f 214 736 729
f 865 849 842
f 849 865 1357
f 559 3187 3188
f 16 13 737
f 560 553 498
f 3193 3196 3195
f 3200 3197 3198
f 3211 3214 3213
f 3215 3218 3217
f 2187 2188 2002
f 2169 2168 2189
f 2192 2086 2085
f 2193 2194 2195
f 2198 2199 2200
f 1998 1982 1979
f 3664 3665 3668
f 2116 1898 1903
f 1859 2006 2009
f 3904 2123 2126
f 1135 1148 1087
f 2201 2202 2015
f 1149 111 110
f 3221 3222 3218
f 2203 2204 2205
f 579 580 1895
f 1755 2207 2208
f 3891 3910 1893
f 1211 2151 2150
f 868 997 2210
f 944 945 930
f 2130 2129 2202
f 233 1903 1898
f 665 751 750
f 1167 1254 999
f 2211 2212 2213
f 2215 2216 2217
f 3867 593 590
f 2220 221 220
f 823 824 948
f 3225 3220 3227
f 266 204 455
f 3882 2108 2107
f 2221 2222 3519
f 2223 2224 2225
f 2207 2125 2124
f 673 674 3869
f 817 1000 996
f 2227 2228 2146
f 1947 1948 646
f 3900 2135 17
f 2229 1635 1638
f 1679 1613 1618
f 1637 2231 2232
f 2233 2234 1617
f 2231 2235 2236
f 1381 1638 2238
f 3586 2241 2242
f 1630 2234 2233
f 1681 1626 472
f 1408 1407 2243
f 3236 3239 3238
f 3232 3241 3240
f 1637 2230 2238
f 3237 3238 3233
f 1409 1408 1634
f 1380 1383 2247
f 1628 2248 2245
f 2249 1623 1622
f 1632 1634 1408
f 2248 1628 1631
f 2235 2231 1637
f 3245 3246 3199
f 631 2070 2071
f 515 167 52
f 782 781 2251
f 2253 2254 2255
f 397 281 459
f 1456 2039 2040
f 2040 2041 2036
f 1401 2112 2111
f 2041 2040 1970
f 1535 121 414
f 1586 1587 2080
f 2256 983 1132
f 1700 1699 3918
f 3815 1896 1686
f 1263 2256 1886
f 598 1841 844
f 2257 2258 2259
f 2258 2261 2262
f 2259 2262 2263
f 2260 2259 2216
f 1967 1971 1970
f 2212 1964 1963
f 922 921 2218
f 1312 1098 1101
f 1307 1306 1286
f 1548 1569 1546
f 2266 2267 2268
f 2265 2268 2270
f 2272 2265 2269
f 2273 2266 2265
f 2275 2276 2277
f 2278 2274 2277
f 2284 2285 3617
f 2287 2283 2286
f 2288 2289 2283
f 2290 2284 3639
f 2291 2292 2293
f 2295 2291 2294
f 2296 2297 2291
f 2297 2298 2292
f 2294 2293 2299
f 2279 2294 2300
f 2298 2301 2302
f 2292 2302 2303
f 2293 2303 2304
f 2304 2305 2306
f 2308 2309 2310
f 2302 2307 2310
f 2301 2311 2307
f 2312 2308 2307
f 2313 2314 2315
f 2318 2319 2320
f 3748 3771 2322
f 2324 2325 2273
f 2313 2324 2326
f 2328 2324 2313
f 2329 2325 2324
f 2331 2332 2333
f 2330 2333 2267
f 2325 2330 2266
f 2329 2331 2330
f 2333 2334 2335
f 2336 2334 2333
f 2338 2336 2332
f 2331 2339 2337
f 2329 2340 2339
f 2328 2341 2340
f 2316 2342 2341
f 2342 2316 2315
f 2344 2345 2346
f 2341 2344 2347
f 2342 2348 2344
f 2348 2349 2345
f 2350 2351 2352
f 2339 2350 2353
f 2340 2347 2350
f 2347 2346 2351
f 2337 2353 2354
f 2353 2352 2355
f 2356 2277 2276
f 2356 2357 2358
f 2356 2359 2296
f 2279 2277 2356
f 2360 2361 2270
f 2267 2335 2360
f 2362 2363 2364
f 2362 2365 2361
f 2366 2362 2358
f 2366 2367 2363
f 2357 2276 2368
f 2366 2368 2369
f 2276 2275 2370
f 2368 2370 2282
f 2372 2373 2374
f 2375 2376 2377
f 2378 2379 2380
f 2382 2378 2381
f 2384 2385 2378
f 2385 2386 2379
f 2388 2389 2390
f 2387 2390 2392
f 2393 2394 2387
f 2394 2395 2388
f 2186 2401 2402
f 2403 2404 2327
f 2272 2403 2326
f 2271 2405 2403
f 2405 2406 2404
f 2404 2407 2408
f 2409 2410 2411
f 2409 2412 2271
f 2413 2409 2269
f 2413 2414 2410
f 2417 2415 2416
f 2417 2418 2406
f 2412 2417 2405
f 2411 2415 2417
f 2406 2419 2407
f 3569 3520 632
f 2420 2398 2397
f 2420 2421 2423
f 2424 2420 2422
f 2424 2399 2398
f 2425 2391 2392
f 2421 2425 2426
f 2397 2396 2425
f 2396 2393 2391
f 2427 2314 2408
f 2430 2427 2428
f 2343 2315 2427
f 2432 2343 2430
f 2431 2430 2429
f 2435 2431 2433
f 2436 2432 2431
f 2428 2408 2407
f 2422 2437 2407
f 2438 2437 2422
f 2429 2428 2437
f 2440 2434 2433
f 2441 2439 2433
f 2442 2443 2439
f 2443 2444 2440
f 2445 2446 2444
f 2447 2445 2443
f 2383 2381 2445
f 2381 2380 2446
f 2448 2438 2423
f 2449 2448 2426
f 2441 2448 2449
f 2441 2429 2438
f 2449 2392 2390
f 2450 2390 2389
f 2447 2450 2451
f 2442 2449 2450
f 2451 2389 2453
f 2452 2453 2455
f 2382 2452 2454
f 2383 2451 2452
f 2456 2457 2373
f 2459 2460 2461
f 2463 2464 2465
f 2462 2465 2285
f 2466 2462 2284
f 2467 2463 2462
f 2461 2460 3703
f 2468 2469 2470
f 2472 2468 2471
f 2474 2461 3701
f 2475 2476 2477
f 2458 2455 2453
f 2479 2453 2389
f 2395 2480 2479
f 2480 2459 2458
f 2481 2482 2483
f 2484 113 2485
f 2471 2470 2464
f 2473 2471 2463
f 2487 2467 2466
f 2486 2466 2290
f 2490 2486 2488
f 2491 2487 2486
f 2492 2473 2467
f 2493 2492 2487
f 2494 2495 2492
f 2495 2472 2473
f 3690 2496 2474
f 3691 2497 2496
f 2498 2494 2493
f 2500 2498 2499
f 3700 3687 2498
f 3687 3691 2494
f 2306 2504 2278
f 2305 2505 2504
f 2504 2505 2507
f 2506 2507 2288
f 2274 2506 2508
f 2278 2504 2506
f 3633 3632 2489
f 3620 3633 2488
f 2507 2509 2289
f 2505 2510 2509
f 2508 2288 2287
f 2511 2287 2281
f 2370 2511 2280
f 2275 2508 2511
f 2512 2490 2489
f 2514 2512 2513
f 2517 2512 2514
f 2517 2491 2490
f 2499 2493 2491
f 2499 2517 2516
f 2510 2505 2519
f 2518 2519 2521
f 3616 2518 2520
f 3632 2510 2518
f 2522 2304 2303
f 2523 2522 2310
f 2305 2304 2522
f 2524 2522 2523
f 2519 2524 2525
f 2505 2305 2524
f 2308 2312 2527
f 2526 2527 2529
f 2531 2526 2528
f 2309 2308 2526
f 1214 2532 2151
f 2419 2406 2418
f 2533 2345 2349
f 2534 2533 2317
f 2535 2536 2533
f 2536 2346 2345
f 2537 2351 2346
f 2538 2537 2536
f 2539 2540 2537
f 2540 2352 2351
f 2312 2355 2541
f 2527 2541 2542
f 2543 2435 2434
f 2545 2543 2544
f 2319 2318 2543
f 2318 2436 2435
f 2514 2515 2548
f 2547 2548 2550
f 2552 2547 2549
f 2552 2516 2514
f 2520 2521 2554
f 2553 2554 2556
f 3590 2553 2555
f 3621 2520 2553
f 2523 2309 2531
f 2557 2531 2530
f 2525 2523 2557
f 2559 2557 2558
f 2554 2559 2560
f 2521 2525 2559
f 2561 2375 2007
f 2376 2562 2225
f 2564 2565 2566
f 2563 2566 338
f 2569 2563 2567
f 2570 2564 2563
f 2572 2573 2574
f 2571 2574 2576
f 2544 2571 2575
f 2544 2434 2572
f 2578 2570 2569
f 2579 2577 2569
f 2574 2577 2579
f 2573 2578 2577
f 2581 2582 2583
f 2584 2580 2583
f 3697 3675 2580
f 3676 2581 2580
f 2582 2516 2552
f 2583 2552 2551
f 2500 2501 2589
f 2590 2588 2589
f 3693 3695 2588
f 3695 3700 2500
f 2501 2516 2591
f 2592 2593 2594
f 2386 2385 2503
f 2596 2379 2386
f 2596 2374 2373
f 2599 2596 2597
f 2599 2380 2379
f 2600 2446 2380
f 2600 2599 2598
f 2603 2600 2601
f 2603 2444 2446
f 2604 2603 2602
f 2440 2604 2605
f 2444 2603 2604
f 2606 2582 2581
f 2606 2607 2590
f 2591 2516 2582
f 3676 2587 2456
f 3689 2456 2372
f 2478 2477 2608
f 2609 2610 2611
f 2564 2570 2613
f 2612 2613 2598
f 2457 2612 2597
f 2565 2564 2612
f 2614 2613 2570
f 2615 2614 2578
f 2602 2601 2614
f 2601 2598 2613
f 2572 2434 2605
f 2616 2605 2602
f 2573 2572 2616
f 1459 1016 1045
f 1265 1215 1079
f 1612 1608 1609
f 2067 2057 2069
f 1135 1109 1136
f 1938 1937 2618
f 95 548 458
f 2058 1607 1608
f 1454 1469 1445
f 655 2620 1048
f 722 1049 2621
f 1131 985 1033
f 562 1481 366
f 1723 1719 1725
f 1786 1123 1122
f 267 300 323
f 1325 2034 1654
f 1468 1165 1435
f 658 657 529
f 8 532 247
f 382 1557 1559
f 788 619 1307
f 940 930 929
f 911 2622 2623
f 2621 2620 655
f 2624 1857 2625
f 998 1846 27
f 635 638 2626
f 2627 641 644
f 2628 2627 1840
f 1200 1199 2627
f 1199 1773 641
f 1520 515 49
f 1452 1350 1349
f 2630 2631 1859
f 644 643 1335
f 1197 1198 717
f 2632 717 719
f 2628 2632 1166
f 2629 1197 2632
f 1762 2633 1050
f 1823 870 873
f 2634 2635 794
f 1042 794 2635
f 93 94 1901
f 2036 2038 1458
f 1527 332 1525
f 877 876 1274
f 134 409 797
f 1328 893 931
f 607 777 1091
f 1043 2635 2637
f 2636 2637 2639
f 1275 2636 2638
f 1275 1040 1043
f 1272 2624 2626
f 2640 2626 638
f 1110 2641 2640
f 536 1272 2640
f 1472 708 1474
f 2042 2030 1951
f 1058 1106 1105
f 2642 2623 2643
f 1192 2642 2644
f 912 2623 2642
f 3898 1657 3526
f 1049 1048 2620
f 616 1829 1885
f 1331 1913 666
f 990 989 1198
f 1911 1912 321
f 1298 1282 1205
f 76 1490 1504
f 1502 1500 421
f 610 609 658
f 1146 937 659
f 2646 911 914
f 1280 1239 1238
f 1453 1454 1452
f 835 942 1843
f 1271 1270 1173
f 1893 1878 1826
f 1050 2633 1937
f 2651 2652 814
f 1006 1053 1281
f 2653 1084 2654
f 1001 1004 1003
f 585 997 679
f 2624 1272 621
f 555 678 2028
f 1207 526 1197
f 1626 1627 478
f 426 389 419
f 1030 1193 1773
f 3898 645 634
f 534 1533 138
f 1125 1092 1042
f 333 228 88
f 569 1570 561
f 1489 2656 871
f 1857 2624 620
f 1673 1674 3770
f 622 861 864
f 619 788 891
f 261 544 545
f 393 1555 1556
f 2658 2659 2647
f 1075 2658 2657
f 1081 1080 2658
f 1080 1139 2659
f 2644 2643 1141
f 2660 1141 1140
f 642 2660 1336
f 1193 2644 2660
f 679 678 555
f 1503 1501 1500
f 1318 1317 1101
f 2661 2659 1139
f 2661 1142 2663
f 2662 2647 2659
f 2662 2663 2622
f 2664 2622 911
f 2648 2664 2646
f 2648 2647 2662
f 2083 2094 2093
f 1442 1440 1437
f 519 329 330
f 1885 2029 1209
f 799 800 805
f 1946 1943 1952
f 1302 1301 1253
f 566 2005 224
f 1389 940 928
f 683 682 681
f 836 835 1842
f 2665 1842 1845
f 2666 2665 1303
f 24 836 2665
f 831 1072 2650
f 1845 1844 1304
f 2010 2013 2012
f 1051 1936 2667
f 1522 1521 1511
f 531 440 441
f 1250 635 2625
f 2669 2625 1857
f 783 2669 1856
f 782 1250 2669
f 720 2670 2671
f 1055 1931 1930
f 1333 1067 1251
f 619 622 1308
f 652 655 2619
f 521 522 1539
f 1838 988 537
f 2672 537 536
f 1113 2672 2641
f 1113 527 1838
f 1016 1013 1351
f 3897 573 570
f 226 227 104
f 3564 3669 3827
f 1036 1037 1884
f 2674 1301 1304
f 2673 1304 1844
f 1334 2673 2675
f 1333 2674 2673
f 2676 702 1039
f 1843 2676 2675
f 942 1074 2676
f 1074 699 702
f 752 1057 1055
f 1200 1166 656
f 1120 1846 874
f 2677 874 877
f 1241 2677 1052
f 1119 1120 2677
f 1560 1513 151
f 1208 1316 611
f 215 735 736
f 1460 1459 1462
f 1208 1207 1839
f 854 856 1282
f 72 445 182
f 544 1563 1565
f 217 200 456
f 2047 1404 930
f 1204 2618 1937
f 913 777 686
f 840 527 1113
f 1531 729 730
f 2678 778 1283
f 601 667 1914
f 1537 1538 459
f 1819 1757 3509
f 991 1860 862
f 2679 711 1073
f 2680 1830 983
f 779 2680 2256
f 778 2678 2680
f 2678 2679 1830
f 180 542 245
f 1886 1132 1131
f 1138 1137 1274
f 1841 598 1140
f 75 313 314
f 193 423 420
f 2681 2682 1099
f 170 1567 1565
f 349 416 417
f 1121 1124 2684
f 547 797 409
f 123 122 121
f 2643 2663 1142
f 1542 1544 513
f 899 900 907
f 1210 677 676
f 791 663 982
f 24 27 837
f 893 896 932
f 1860 1320 863
f 535 538 862
f 1569 1548 1547
f 181 455 542
f 660 659 937
f 2013 567 568
f 887 890 2631
f 1524 1508 361
f 520 161 162
f 2653 855 854
f 1238 1237 2655
f 718 1838 527
f 1492 1493 518
f 792 616 615
f 599 846 1835
f 290 457 456
f 312 171 1552
f 1248 2687 1179
f 153 149 177
f 1240 1181 1222
f 1257 1292 1235
f 1291 1084 1083
f 1052 877 1277
f 743 742 2618
f 444 140 430
f 23 1224 1172
f 2687 2654 1180
f 102 103 409
f 1283 607 610
f 373 497 650
f 1180 2654 1084
f 855 2653 2655
f 1173 1270 1917
f 2689 850 853
f 2688 853 1108
f 2686 2688 1279
f 2687 2689 2688
f 2691 1302 1252
f 2690 1252 850
f 1248 2690 2689
f 1248 1247 2691
f 2692 617 24
f 2691 2692 2666
f 1247 1258 2692
f 1258 1168 617
f 394 1554 1555
f 2693 1260 1259
f 1072 1236 1262
f 1257 1071 1168
f 398 439 1555
f 871 1784 1314
f 1178 1232 1249
f 1224 1289 1173
f 1010 2617 2618
f 1175 1174 1292
f 2654 2687 2686
f 2694 1157 1216
f 71 418 1487
f 701 1112 1111
f 1072 1261 2649
f 1085 2695 22
f 895 2694 1264
f 1601 1606 1605
f 1259 1262 1271
f 21 20 1220
f 988 991 538
f 598 597 1336
f 1050 860 818
f 1298 2645 1761
f 1168 1167 618
f 858 1168 1256
f 39 242 516
f 2652 1761 819
f 313 316 315
f 2026 1970 1971
f 2656 1489 596
f 814 819 818
f 2696 2651 813
f 1260 2696 2649
f 2693 2697 2696
f 2697 1296 2651
f 381 355 390
f 3818 3819 1611
f 1475 1427 1428
f 1292 1174 1917
f 1551 353 354
f 1526 1525 1523
f 1593 1589 1595
f 1232 1269 1246
f 2695 2693 1223
f 2698 1297 1296
f 2698 2697 2693
f 2685 2698 2695
f 2685 854 1297
f 562 1497 271
f 2652 2651 1296
f 1365 1366 1364
f 1958 1946 1953
f 585 588 2210
f 1561 1560 1515
f 975 2648 1146
f 347 67 68
f 1038 1111 636
f 2700 781 780
f 2699 780 1036
f 2701 2699 1883
f 851 2700 2699
f 2674 1333 2251
f 2702 2251 781
f 1253 2702 2700
f 1301 2674 2702
f 1519 387 388
f 1273 1239 1280
f 2703 1280 1107
f 2701 2703 852
f 1829 1273 2703
f 91 260 326
f 1784 871 2656
f 2683 2684 2705
f 604 1894 3499
f 1669 3534 3548
f 2062 2063 2060
f 621 535 861
f 2023 731 732
f 686 779 1263
f 857 1051 2668
f 883 830 882
f 637 636 1111
f 2668 894 893
f 2667 921 894
f 1039 1038 1068
f 313 75 1504
f 1911 1972 305
f 1936 2706 1964
f 2707 2402 2401
f 2708 2707 2183
f 738 2163 2116
f 2349 2348 2432
f 2711 2712 2020
f 2400 2711 2019
f 2714 2715 2716
f 2717 2718 2719
f 2721 2722 2723
f 2726 2727 2728
f 2725 2728 2730
f 2731 2725 2729
f 2732 2726 2725
f 2734 2735 2736
f 2738 2739 2740
f 2737 2740 2741
f 2744 2745 2746
f 2745 2744 2748
f 2749 2750 2747
f 2753 2749 2751
f 2250 1380 2246
f 2754 1396 1614
f 3598 2754 2755
f 3608 2745 2747
f 1617 2756 2755
f 2242 2758 1620
f 2191 2085 2760
f 2761 2759 2760
f 3648 2759 2761
f 3623 2191 2759
f 3209 3248 3223
f 1395 1394 2236
f 1395 2235 1636
f 1616 1635 2229
f 1617 2234 2763
f 2756 2763 3628
f 2765 2763 2234
f 2766 2764 3628
f 3202 3199 3246
f 1516 437 435
f 2768 2769 3552
f 1495 541 578
f 2135 2136 28
f 3526 3540 2773
f 1690 1689 3926
f 2778 2779 2780
f 2777 2780 2781
f 2784 2778 2777
f 3555 3521 575
f 1494 1904 9
f 3529 2016 2015
f 451 61 505
f 2786 2787 2788
f 2779 2786 2785
f 2789 2752 2741
f 2790 2753 2752
f 2792 2793 2794
f 2793 2795 2796
f 2796 2797 2750
f 2794 2796 2749
f 2798 1393 1396
f 3591 2798 2754
f 2798 2799 2800
f 3591 3662 2799
f 2797 2796 2795
f 2791 2794 2753
f 216 233 232
f 3804 2806 2807
f 3805 2809 2804
f 2769 2810 3557
f 183 185 184
f 2811 2812 2775
f 2804 2811 2776
f 2809 2813 2811
f 2812 2811 2813
f 3805 2808 2816
f 3796 2818 2815
f 3798 3800 2820
f 3793 2823 2819
f 2824 2736 2735
f 2823 2825 2824
f 2825 2823 2826
f 3793 2822 2827
f 3796 2817 2826
f 2713 2716 2829
f 2828 2829 2831
f 2822 2821 2828
f 2821 2820 2713
f 2832 2827 2822
f 2833 2832 2830
f 2834 2835 2832
f 2835 2818 2827
f 2837 2838 2839
f 2836 2839 2841
f 2842 2836 2840
f 2843 2837 2836
f 2840 2841 2845
f 2718 2844 2845
f 2730 2728 2844
f 2727 2840 2844
f 2846 2845 2841
f 2829 2846 2847
f 2847 2841 2839
f 2848 2839 2838
f 2833 2848 2849
f 2831 2847 2848
f 2850 2814 2851
f 2853 2850 2852
f 2783 2777 2782
f 2785 2788 2853
f 2780 2785 2856
f 2857 2858 2855
f 2859 2857 2782
f 2861 2843 2842
f 2860 2842 2727
f 2862 2860 2726
f 2863 2861 2860
f 2861 2863 2858
f 2843 2861 2857
f 2856 2853 2854
f 2781 2856 2864
f 2837 2843 2859
f 2838 2837 2864
f 2852 2851 2834
f 2854 2852 2849
f 2865 2815 2818
f 2851 2865 2835
f 2813 2809 2815
f 2814 2813 2865
f 2866 2812 2814
f 2788 2866 2850
f 2866 2788 2787
f 2812 2866 2867
f 1892 1889 1890
f 2720 2719 2846
f 298 299 256
f 2872 2714 2713
f 3794 3800 2735
f 2729 2730 2874
f 2846 2716 2715
f 2876 2877 2878
f 2733 2875 2878
f 3806 3807 2879
f 3806 2880 2872
f 2882 2883 2884
f 2881 2884 2715
f 2880 2881 2714
f 2879 2882 2881
f 2885 2886 2887
f 2888 2889 2890
f 2885 2890 2892
f 2893 2886 2885
f 1942 2151 2532
f 2895 2892 2720
f 2884 2895 2870
f 2883 2896 2895
f 2896 2891 2892
f 2889 2874 2717
f 2890 2717 2720
f 2897 2893 2891
f 2898 2897 2896
f 2899 2898 2883
f 2900 2899 2882
f 3797 2900 2879
f 2876 2902 2901
f 2901 2902 2904
f 1785 2656 1835
f 2905 2906 2899
f 2907 2908 2897
f 3797 2901 2903
f 632 576 577
f 3532 3547 2867
f 434 385 550
f 2768 2770 3640
f 2910 2911 1623
f 2241 2912 2758
f 3640 2770 2913
f 1623 2911 2757
f 3587 2242 2757
f 2229 1381 1380
f 2765 1630 1629
f 2915 2914 1629
f 3642 3641 2914
f 3641 3622 2765
f 2919 2916 3642
f 2918 2915 2912
f 3614 2918 2241
f 3618 2919 3613
f 3541 2177 2180
f 3521 2002 2188
f 3705 3573 714
f 2925 2766 2917
f 2924 2917 2916
f 3610 2924 2919
f 3611 2925 2924
f 2926 2927 2766
f 3658 2926 2925
f 1715 1713 1705
f 785 497 498
f 1387 651 565
f 374 375 1899
f 3573 2203 2206
f 2929 2930 2886
f 2932 2933 2934
f 1905 1906 1908
f 2930 2935 2936
f 2938 2935 2930
f 1493 369 517
f 1603 1585 1586
f 2939 2938 2929
f 2940 2939 2908
f 3665 1707 1600
f 2886 2930 2937
f 2906 2907 2898
f 2908 2929 2893
f 2942 2934 2933
f 2941 2933 2937
f 3501 2941 2936
f 3498 2942 2941
f 2943 2944 2710
f 2943 2873 2874
f 2945 2943 2889
f 2946 2944 2943
f 2932 2945 2888
f 2931 2946 2945
f 727 1928 1929
f 2903 2904 2947
f 545 594 42
f 1480 1570 533
f 2907 2906 2949
f 2906 2905 2950
f 1558 452 215
f 3799 2903 2948
f 2054 1645 1644
f 3705 3684 2203
f 1828 1837 1849
f 2953 2954 2955
f 2952 2955 2957
f 2956 2261 2258
f 2953 2952 2258
f 2454 2455 2474
f 3747 2958 2959
f 3747 2132 2131
f 2961 2962 2963
f 2958 2963 2964
f 222 221 2485
f 2477 2226 2966
f 2631 2561 2006
f 2384 2454 2496
f 2967 2968 2959
f 2968 2967 2970
f 3759 2033 2971
f 3784 2971 2960
f 2972 2971 2033
f 2007 2377 2973
f 3560 3559 2134
f 1836 1833 1832
f 3506 2188 2090
f 955 810 959
f 672 675 674
f 633 710 713
f 2024 732 733
f 2025 2024 803
f 425 1552 1550
f 2975 2976 888
f 1319 1158 1157
f 1212 1935 2977
f 889 957 2228
f 1978 1974 1975
f 1138 1078 1329
f 751 665 2979
f 1619 1613 1625
f 2252 2255 1728
f 1157 1160 845
f 2706 1936 1938
f 2980 2255 2254
f 2982 2975 887
f 802 712 711
f 678 677 2029
f 527 840 690
f 1839 1207 2629
f 2983 2984 602
f 2983 1914 1913
f 2985 2983 1331
f 2986 2984 2983
f 2987 2637 2635
f 2985 2988 2639
f 2990 1319 1318
f 2991 2992 2993
f 2995 2991 2994
f 1106 1058 2991
f 1058 1057 2992
f 1415 1406 1365
f 1317 922 2217
f 1932 1728 2255
f 926 2998 2999
f 3001 2993 2992
f 3000 2992 1057
f 2999 3000 2978
f 2998 3001 3000
f 3002 2998 2209
f 3002 3003 2996
f 2993 3001 3002
f 1103 1106 2995
f 3004 2995 2996
f 2209 2210 3004
f 588 1103 3004
f 295 296 433
f 2638 2639 2988
f 3005 2988 1056
f 1305 3005 1930
f 1276 2638 3005
f 1987 1968 1993
f 2633 1762 1761
f 1423 1422 1417
f 3561 3517 739
f 2671 2670 2704
f 1473 1872 2035
f 922 1317 2694
f 1401 1400 1378
f 556 2028 1884
f 842 848 3825
f 1854 2706 2617
f 933 1082 1081
f 1440 1441 1436
f 529 657 719
f 1031 1025 1027
f 777 913 912
f 2645 1205 1204
f 441 438 1538
f 790 1287 587
f 2065 2066 1610
f 1860 991 990
f 60 106 87
f 1424 1017 1948
f 332 1527 1507
f 261 262 138
f 187 188 449
f 1719 1720 1726
f 1931 1055 1059
f 3006 1059 1105
f 1287 3006 1104
f 1286 1931 3006
f 3007 3008 3009
f 3009 3008 653
f 618 999 26
f 2029 677 1210
f 957 601 600
f 1049 2146 2228
f 2631 890 3011
f 890 889 2227
f 3011 2227 2145
f 2561 3011 3012
f 1026 656 609
f 2706 1854 1961
f 3013 2965 2485
f 2148 2147 1267
f 3015 1267 1266
f 2997 2264 1101
f 642 641 1773
f 186 477 461
f 1041 1040 1320
f 1121 3016 3017
f 2984 2986 2987
f 3018 2987 2634
f 1048 603 3018
f 603 602 2984
f 2679 2678 801
f 2062 2072 2074
f 2061 2074 2076
f 414 303 1545
f 3016 1121 2683
f 3019 2683 2704
f 3020 3019 2670
f 3007 3016 3019
f 1871 1090 1091
f 3021 1787 1122
f 3022 3021 3017
f 1314 3021 3022
f 1784 1787 3021
f 1316 1315 1763
f 3023 3022 3010
f 3023 3009 795
f 1763 3023 1092
f 1315 3022 3023
f 3016 3007 3010
f 752 751 2978
f 2986 2639 2637
f 3024 654 653
f 3020 3024 3008
f 720 723 3024
f 723 2621 654
f 2681 1098 1268
f 2671 3025 1268
f 2705 2681 3025
f 1313 3026 3027
f 3026 3028 3029
f 3027 3029 3030
f 1311 3027 3031
f 2012 568 731
f 917 2657 974
f 743 1206 856
f 1888 2027 2030
f 2682 2705 2684
f 3032 2684 1124
f 1100 3032 2989
f 1099 2682 3032
f 1123 2990 2989
f 3033 1834 1159
f 2990 3033 1158
f 1123 1786 3033
f 1786 1785 1834
f 1054 1056 2988
f 2979 665 664
f 2623 2622 2663
f 1095 660 688
f 3034 3035 2261
f 3036 3034 2956
f 3037 3038 3034
f 3038 3039 3035
f 3040 3041 3026
f 2263 3042 3041
f 3042 3039 3043
f 3041 3043 3028
f 3044 3045 3043
f 3046 3047 3045
f 3047 3048 3049
f 3043 3045 3049
f 3038 3037 3051
f 3050 3051 3053
f 3052 3046 3044
f 3039 3038 3050
f 3054 3035 3039
f 3042 2263 2262
f 2261 3035 3054
f 2216 2263 2997
f 2212 2211 2667
f 3056 868 2209
f 934 3057 1961
f 2013 3755 3757
f 3058 3059 3060
f 3059 3062 3063
f 3060 3063 2213
f 3061 3060 1963
f 3063 3064 2214
f 3062 3065 3064
f 3065 2257 2260
f 3064 2260 2215
f 3066 3067 3031
f 2608 2966 3067
f 2966 2562 3068
f 3031 3067 3068
f 2455 2458 2461
f 2476 2223 2226
f 3551 2090 2089
f 3526 2774 3769
f 433 354 355
f 2115 1423 1419
f 3509 2868 2922
f 3769 3737 2131
f 3069 2611 2167
f 2971 2972 2928
f 2961 2774 2773
f 3070 2475 2478
f 2610 2609 3071
f 2502 2371 2374
f 3072 2592 2595
f 2964 3046 3052
f 3048 2593 3074
f 2593 2592 3075
f 3075 3030 3029
f 3074 3029 3028
f 3072 3076 3075
f 3076 3072 2482
f 2481 2608 3066
f 3076 3066 3030
f 2967 3052 3053
f 2482 3072 3073
f 479 480 493
f 706 3900 3873
f 3561 2194 2221
f 2013 2010 3754
f 3533 2032 2016
f 3562 3519 2222
f 1171 1154 1155
f 2586 2566 2565
f 2982 110 113
f 2562 2376 3077
f 2376 2375 3012
f 3012 2145 2148
f 3077 2148 3015
f 2963 3047 3046
f 3051 3078 2970
f 1683 2173 491
f 3850 2122 1447
f 1986 2181 3734
f 3079 3080 2546
f 3081 3079 2575
f 1983 1986 3768
f 3082 2323 2319
f 3080 3082 2545
f 3734 3732 3082
f 3732 3748 2323
f 1309 1471 1888
f 3073 2595 2772
f 2760 3083 3084
f 2760 2085 2088
f 3085 3084 3086
f 3089 3085 3090
f 3089 2762 3084
f 3092 3088 3090
f 3093 2748 2744
f 2751 2747 2748
f 3093 2741 2752
f 2742 2741 3093
f 3094 3093 2743
f 3096 3097 3098
f 3099 3096 3087
f 3097 3094 3095
f 3100 2743 2746
f 3101 2927 3102
f 2764 2766 2927
f 2745 2764 3101
f 3102 3092 3091
f 3100 3091 3095
f 2869 2802 3592
f 3102 3103 3104
f 3658 2868 2869
f 2927 2926 3103
f 3098 3095 3091
f 3087 3098 3090
f 2088 2125 3105
f 3083 3105 3086
f 2483 3073 2771
f 2401 2186 2185
f 3099 3086 3105
f 2125 2207 3106
f 3108 2737 2742
f 3107 2742 3094
f 3110 3108 3107
f 3109 3107 3097
f 3111 3109 3096
f 3112 3110 3109
f 3113 2738 2737
f 3115 2723 2722
f 3117 3115 3114
f 3119 3117 3116
f 3118 3116 3120
f 3116 3114 3113
f 3122 3112 3111
f 3122 3123 1755
f 3124 3125 3126
f 3125 3118 3121
f 3128 3119 3118
f 3129 3128 3125
f 2020 2712 3128
f 3853 3857 1346
f 1065 1046 1047
f 1814 3838 3830
f 2021 2020 3129
f 3111 3099 3106
f 3123 3106 2207
f 2377 2225 2224
f 3014 2485 113
f 1756 2208 3782
f 3131 3132 2530
f 3133 3131 2528
f 1753 1756 3767
f 3134 3124 3127
f 2327 2408 2314
f 2436 2318 2317
f 2018 2021 3711
f 2534 3136 3137
f 2320 2322 3136
f 2185 2018 3712
f 3138 3139 2542
f 3134 3135 3744
f 3785 3130 3134
f 3140 3138 2539
f 2535 3137 3140
f 3711 2021 3130
f 2558 2530 3132
f 3782 3760 3141
f 2560 2558 3141
f 3760 3777 3142
f 958 888 2976
f 1933 1932 2980
f 2399 2424 2418
f 2348 2342 2343
f 2322 2320 2319
f 2718 2717 2874
f 2709 2729 2873
f 2894 2871 1361
f 346 289 176
f 1876 1877 1882
f 2802 2803 3607
f 3104 3144 3088
f 2974 2222 3649
f 3089 3145 2761
f 3088 3144 3145
f 2803 2974 3603
f 3870 3909 692
f 2123 1419 1418
f 1365 1363 1368
f 1581 1766 1782
f 3569 2202 2129
f 3555 2003 2002
f 3146 2585 2551
f 3751 3146 3147
f 3742 3149 3146
f 3149 2584 2585
f 3196 3198 3197
f 3604 2192 2191
f 3142 3150 2556
f 3777 3778 3150
f 3646 3152 2550
f 3150 3151 2555
f 3778 3780 3151
f 3788 3781 3152
f 3153 3147 2551
f 3152 3153 2549
f 3781 3776 3153
f 3776 3750 3147
f 3148 2767 2206
f 2183 2401 2321
f 2132 2960 2928
f 3684 3685 2204
f 3719 2198 2197
f 2594 2962 2773
f 2595 2594 2951
f 1870 798 799
f 3713 2179 2178
f 3706 2178 3736
f 336 3154 3774
f 339 3155 3154
f 3789 3683 3149
f 3683 3697 2584
f 2963 2962 3048
f 3722 3730 337
f 339 338 2566
f 3156 3157 2168
f 2610 3156 2167
f 2954 2953 3156
f 3157 3156 2953
f 3707 2166 2169
f 2567 3158 3159
f 337 3158 2567
f 3730 3069 2166
f 3764 2190 1983
f 2579 3160 3081
f 2568 3159 3160
f 3709 2169 2190
f 3065 3062 3162
f 3161 3162 1984
f 3157 3161 2189
f 2257 3065 3161
f 734 735 1922
f 3059 3058 2708
f 3163 2708 2182
f 3162 3163 1985
f 3062 3059 3163
f 3203 3206 3205
f 2122 2119 1448
f 3817 1686 1685
f 139 140 444
f 1570 569 566
f 2957 3164 3165
f 2955 3166 3164
f 1912 454 341
f 3130 3129 3124
f 1548 322 319
f 1949 1950 1327
f 2969 2970 3078
f 3167 3078 3169
f 3724 2014 2017
f 3720 2017 2033
f 3168 3169 3165
f 3170 3165 3164
f 3779 3170 3171
f 3724 3168 3170
f 3171 3164 3166
f 3172 3166 3071
f 3752 3172 3173
f 3756 3171 3172
f 3169 3037 3036
f 2593 3048 2962
f 3173 3071 2609
f 3174 2609 2199
f 3783 3174 2198
f 3749 3173 3174
f 2190 2189 1984
f 2196 2195 2767
f 2119 2120 1414
f 1464 1463 1466
f 2199 2611 3069
f 2457 2456 2587
f 2226 2225 2562
f 481 478 1627
f 333 1512 235
f 3078 3051 3037
f 3040 2264 2997
f 2219 1934 1933
f 2385 2384 2497
f 221 2220 3175
f 2220 1933 3143
f 3175 3143 2976
f 2484 3175 2975
f 2954 3071 3166
f 2630 1858 110
f 1547 319 1952
f 2091 2090 2188
f 3733 3736 2178
f 1918 1919 1927
f 3563 112 111
f 955 956 960
f 2037 3014 112
f 3143 2980 2981
f 2218 2211 2214
f 672 3877 3787
f 2152 3013 3014
f 1147 1144 1143
f 2248 2246 1409
f 1615 1636 1635
f 1410 1409 2246
f 3241 3243 3242
f 1382 3176 3177
f 3177 1410 2247
f 2247 1383 3177
f 3176 2238 2230
f 1410 3177 3179
f 3179 3180 2243
f 1633 3181 2800
f 1621 1620 2758
f 1622 1621 2245
f 2236 1394 3181
f 2237 2236 3182
f 2250 1631 2233
f 2912 1629 1628
f 135 136 1564
f 1567 419 512
f 1085 1084 2653
f 3184 869 868
f 869 3184 3057
f 1266 1268 1098
f 1267 2147 722
f 937 1146 2646
f 2146 1049 722
f 2211 2218 921
f 1957 510 507
f 1313 1312 2264
f 1496 362 1493
f 2887 2937 2933
f 1687 1688 1659
f 145 1499 1498
f 37 38 418
f 1935 1934 3185
f 104 89 301
f 2101 2098 2083
f 543 298 360
f 1934 2219 3186
f 234 1521 212
f 3845 3821 1822
f 1976 1875 1874
f 223 3186 2219
f 3655 3656 3605
f 2165 2164 467
f 467 468 2165
f 773 476 2165
f 1935 1212 1728
f 3240 3225 3226
f 3261 3249 3250
f 3215 3216 3244
f 3265 3221 3215
f 3267 3245 3198
f 3205 3206 3269
f 3214 3211 3265
f 3271 3213 3214
f 3251 3252 3239
f 3222 3221 3266
f 3232 3235 3234
f 3216 3242 3243
f 3196 3193 3268
f 3244 3243 3254
f 3238 3239 3247
f 3264 3244 3255
f 3253 3242 3216
f 3211 3266 3221
f 3257 3217 3218
f 3258 3222 3272
f 3274 3275 3280
f 3228 3229 3262
f 3275 3231 3281
f 3226 3227 3273
f 3236 3263 3260
f 3281 3263 3236
f 3287 3271 3192
f 3235 3226 3280
f 3234 3280 3281
f 3288 3290 3259
f 3260 3250 3276
f 3289 3212 3278
f 3210 3209 3224
f 3199 3202 3201
f 3228 3231 3230
f 3290 3288 3285
f 3282 3279 3271
f 3260 3263 3262
f 3243 3241 3268
f 3267 3268 3241
f 3194 3207 3208
f 3191 3270 3269
f 3270 3191 3192
f 3275 3274 3230
f 3264 3269 3270
f 3252 3251 3276
f 3248 3252 3291
f 3213 3271 3279
f 3272 3266 3289
f 3277 3278 3212
f 3228 3263 3281
f 3220 3225 3253
f 3219 3253 3217
f 3256 3218 3222
f 3247 3239 3252
f 3245 3267 3232
f 3266 3211 3212
f 3208 3205 3255
f 3288 3289 3284
f 3204 3205 3208
f 560 1899 3187
f 3209 3210 3201
f 3189 3192 3191
f 448 1980 807
f 647 648 122
f 1833 1848 1780
f 510 509 508
f 3210 1949 1887
f 1887 15 3200
f 15 16 3197
f 16 3188 3195
f 3195 3188 3187
f 3194 3187 1899
f 3207 1899 375
f 387 173 126
f 3189 1791 1760
f 3577 763 757
f 763 3577 2172
f 3583 3582 3580
f 3581 3580 3579
f 3594 3597 3596
f 3400 3601 3602
f 3626 3624 3625
f 3631 3635 3599
f 3636 3637 3595
f 3647 3584 3588
f 3650 3582 3584
f 3653 3579 3580
f 3653 2176 3654
f 1801 1864 3656
f 3651 3580 3582
f 3644 3638 3595
f 1767 1768 3659
f 1597 3663 3661
f 1708 1707 3665
f 3671 3668 3667
f 3666 3667 3673
f 1588 1708 3664
f 2080 3671 3666
f 2082 3666 3672
f 3674 3677 3635
f 3677 3678 3636
f 3682 3647 3645
f 3692 3651 3650
f 3681 3645 3644
f 786 3694 3692
f 3694 3653 3651
f 785 3692 3686
f 497 3686 3682
f 650 3682 3681
f 3696 564 3681
f 3405 3606 3605
f 3702 3699 3678
f 3699 3698 3679
f 3645 3588 3638
f 1799 3657 3659
f 3708 3704 3458
f 3462 3710 3708
f 3714 463 564
f 3615 3606 3602
f 3710 3714 3696
f 3635 3636 3596
f 3629 3626 3627
f 3597 3600 3599
f 3630 3716 3715
f 3627 3625 3597
f 3717 3716 3723
f 3715 3663 3660
f 3716 3717 3725
f 3668 3665 3661
f 3668 3725 3717
f 3667 3717 3718
f 3727 3728 3673
f 3728 1576 3672
f 3726 3727 3718
f 1576 2101 2084
f 3727 3726 3731
f 3203 376 1387
f 3190 1387 1791
f 3283 2152 1949
f 317 240 259
f 2000 2176 3653
f 3601 3599 3600
f 3589 3588 3584
f 3577 758 756
f 3585 3584 3582
f 3678 3679 3637
f 3204 375 376
f 1801 3655 3657
f 3729 3735 3728
f 1575 3735 3738
f 3735 1575 1576
f 1776 1795 1796
f 1293 1294 1290
f 1326 14 1327
f 1294 1245 1234
f 878 1244 1330
f 497 373 374
f 122 648 413
f 3699 3702 3704
f 3606 3405 3401
f 3708 3710 3698
f 3464 3714 3710
f 3704 3674 3443
f 439 398 399
f 1512 1528 1526
f 1668 1741 1738
f 839 849 1362
f 1362 1357 826
f 3843 740 1896
f 2053 2054 2118
f 3888 3887 2120
f 696 697 3816
f 1826 1878 639
f 3740 3739 3729
f 956 885 886
f 1980 806 1922
f 33 34 105
f 1343 1344 3856
f 3907 2127 2128
f 1766 1581 1582
f 14 1326 2163
f 595 98 99
f 3233 3238 3246
f 1346 1035 1044
f 748 1888 1425
f 3193 3208 3254
f 3190 3191 3206
f 3612 3605 3606
f 3624 3612 3615
f 3631 3415 3443
f 3679 3680 3644
f 3686 3650 3647
f 3702 3677 3674
f 3625 3615 3600
f 3601 3400 3415
f 3739 3738 3735
f 3630 3627 3594
f 3741 3723 3716
f 1284 1290 1288
f 3698 3696 3680
f 1778 1781 1780
f 1792 1759 1584
f 695 570 571
f 3638 3741 3594
f 3741 3638 3588
f 3247 3248 3209
f 3292 3293 3294
f 3296 3297 3298
f 3299 3298 3300
f 3302 3303 3304
f 3306 3307 3308
f 3307 3310 3311
f 3303 3302 3301
f 3312 3305 3304
f 3314 3315 3316
f 3318 3319 3320
f 3324 3318 3321
f 3326 3327 3328
f 3329 3330 3331
f 3333 3334 3335
f 3337 3338 3339
f 3333 3336 3341
f 3342 3341 3343
f 3319 3345 3344
f 3338 3335 3334
f 3346 3301 3302
f 3305 3348 3347
f 3312 3224 3223
f 3350 3337 3340
f 3312 3349 3348
f 3352 3343 3341
f 3311 3353 3354
f 3341 3336 3327
f 3359 3360 3361
f 3360 3359 3250
f 3318 3363 3345
f 3364 3363 3318
f 3314 3364 3324
f 3366 3299 3301
f 3299 3366 3367
f 3308 3354 3368
f 3369 3317 3295
f 3317 3369 3364
f 3370 3295 3317
f 3325 3371 3365
f 3352 3320 3319
f 3296 3367 3353
f 3297 3296 3311
f 3363 3368 3354
f 3345 3354 3353
f 3344 3353 3367
f 3366 3333 3342
f 3347 3339 3334
f 3339 3347 3348
f 3348 3349 3351
f 3363 3364 3369
f 3294 3309 3368
f 3293 3306 3309
f 3331 3373 3374
f 3346 3334 3333
f 3323 3322 3352
f 3356 3355 3321
f 3355 3357 3325
f 3357 3358 3371
f 3322 3356 3320
f 3361 3330 3329
f 3373 3372 3375
f 3374 3375 3376
f 3329 3332 3376
f 3327 3375 3372
f 3336 3335 3375
f 3335 3338 3376
f 3376 3338 3337
f 3337 3350 3359
f 3359 3350 3276
f 3377 3292 3295
f 3277 3316 3315
f 3371 3378 3379
f 3378 3371 3358
f 3365 3379 3315
f 3316 3277 3279
f 3282 3377 3370
f 3313 3283 3224
f 3378 3285 3284
f 3380 3286 3285
f 3379 3284 3278
f 3276 3350 3351
f 3291 3351 3349
f 3313 3304 2965
f 2965 3304 3303
f 222 3303 3300
f 223 3300 3298
f 3298 3297 3185
f 3297 3310 2977
f 3310 3307 1213
f 3307 3306 1214
f 2532 1214 3306
f 2894 2532 3293
f 2871 2894 3292
f 3253 3225 3240
f 3283 3313 3013
f 1997 1996 1889
f 1237 745 744
f 1535 1534 120
f 1531 1532 201
f 1119 1241 1032
f 946 948 824
f 163 8 5
f 3589 3726 3723
f 1155 1156 1162
f 427 213 327
f 553 1902 796
f 3381 2232 2231
f 3381 3178 2230
f 2237 3183 3180
f 3383 3384 3385
f 3384 3386 3387
f 3386 3388 3389
f 3388 3390 3391
f 3392 3393 3394
f 3395 3394 3396
f 3398 3399 3397
f 3400 3401 3399
f 3403 3404 3405
f 3406 3407 3404
f 3408 3409 3407
f 3410 3411 3409
f 3412 3413 3411
f 3415 3400 3398
f 3414 3398 3396
f 3416 3396 3394
f 3417 3394 3393
f 3393 3419 3420
f 3419 3390 3421
f 3390 3388 3422
f 3388 3386 3423
f 3386 3384 3424
f 3384 3383 3425
f 3425 3383 3426
f 2904 3427 3428
f 3429 3427 2904
f 3430 3429 2902
f 2875 3431 3430
f 3432 3433 2733
f 2825 3434 3435
f 3437 3438 3439
f 3441 3437 3436
f 2724 2723 3434
f 3436 3439 3115
f 3440 3436 3117
f 3443 3415 3414
f 3442 3414 3416
f 3444 3416 3417
f 3445 3417 3418
f 3446 3418 3420
f 3420 3421 3448
f 3421 3422 3449
f 3422 3423 3450
f 3423 3424 3451
f 3424 3425 3452
f 3425 3184 3056
f 3451 3452 2253
f 3450 3451 2252
f 3449 3450 1727
f 3448 3449 2150
f 3453 3447 3448
f 3454 3446 3447
f 3455 3445 3446
f 3456 3444 3445
f 3442 3444 3456
f 3443 3442 3457
f 3459 3460 3458
f 3457 3456 3455
f 3459 3455 3454
f 3462 3460 3459
f 3461 3454 3453
f 3464 3462 3461
f 3463 3453 1941
f 3404 3399 3401
f 3407 3397 3399
f 3409 3395 3397
f 3411 3392 3395
f 3465 3466 3413
f 3467 3468 3469
f 3465 3412 3431
f 3470 3467 3466
f 3438 3470 3432
f 3467 3470 3438
f 3468 3467 3437
f 3471 3469 3468
f 3472 3468 3441
f 3473 3441 3440
f 2712 3440 3119
f 3475 3471 3472
f 3474 3472 3473
f 3476 3473 2712
f 3477 3476 2711
f 3478 3474 3476
f 3479 3475 3474
f 3392 3411 3413
f 3466 3469 3480
f 3419 3393 3392
f 3390 3419 3480
f 3469 3471 3391
f 3389 3391 3471
f 3387 3389 3475
f 3385 3387 3479
f 3482 3477 2400
f 3483 3478 3477
f 3481 3479 3478
f 3484 3482 2402
f 3058 3484 2707
f 3061 3485 3484
f 3485 3483 3482
f 3382 3385 3481
f 3486 3481 3483
f 3426 3383 3382
f 3487 3382 3486
f 3486 3485 3061
f 1961 3057 3487
f 3057 3184 3426
f 3428 3403 3402
f 3427 3406 3403
f 3429 3408 3406
f 3430 3410 3408
f 3431 3412 3410
f 3470 3465 3433
f 3434 3439 3438
f 2723 3115 3439
f 2875 2733 3433
f 2736 2824 3435
f 2947 3428 3488
f 3464 3463 1360
f 1900 1925 1924
f 1736 1717 1718
f 1955 1952 1943
f 1671 1738 1735
f 1696 1750 1698
f 1800 1865 1864
f 2063 2055 2056
f 1737 1734 1717
f 1751 1735 1697
f 943 3885 3899
f 3656 3488 3402
f 1577 1578 1764
f 3917 1598 1599
f 1945 146 82
f 68 6 7
f 147 1542 1543
f 1109 1135 1133
f 1503 1910 1907
f 1499 1501 1909
f 452 1922 735
f 1824 2068 3835
f 1825 2067 2068
f 1463 1462 1022
f 841 1012 1009
f 1568 1547 1955
f 1910 1503 1502
f 1939 1502 422
f 309 280 1940
f 1804 1851 1866
f 269 1482 1954
f 2065 1607 2060
f 3812 1685 1758
f 280 276 552
f 1875 1873 1869
f 1739 1721 1734
f 1778 1779 1790
f 310 1920 1915
f 1909 1908 1906
f 1789 1783 1778
f 978 981 980
f 1584 1759 1731
f 425 426 311
f 148 1543 115
f 2044 3897 3894
f 277 1910 1939
f 1943 1946 1945
f 1461 1462 1463
f 2253 3452 3056
f 2981 2254 3489
f 2209 2998 3489
f 2254 2253 3055
f 2998 926 958
f 2826 2817 2721
f 3490 2739 2721
f 2816 3491 3490
f 2334 2297 2296
f 2298 2297 2334
f 2301 2298 2336
f 2311 2301 2338
f 2312 2311 2354
f 2359 2358 2361
f 2335 2296 2359
f 2414 2413 2365
f 2413 2270 2361
f 2355 2352 2540
f 2541 2540 2539
f 2722 2721 2739
f 3114 2722 2738
f 3110 3112 3121
f 3108 3110 3120
f 3122 1754 3127
f 3112 3122 3126
f 3127 1754 1753
f 3139 3133 2529
f 3744 3775 3133
f 3490 2789 2740
f 3491 2790 2789
f 228 229 91
f 245 244 243
f 248 7 247
f 2 297 296
f 145 146 300
f 327 213 210
f 329 332 331
f 239 241 240
f 373 376 375
f 178 177 176
f 1218 1225 1228
f 3862 1231 1295
f 808 809 824
f 3858 3859 1013
f 3813 3810 1411
f 2154 2149 2159
f 3845 3835 1758
f 306 807 1922
f 2157 2153 1976
f 708 709 2031
f 1450 1226 1227
f 1672 1604 1605
f 1813 1814 1821
f 1717 1716 1715
f 176 159 402
f 1710 1705 3916
f 1712 1580 1577
f 1705 1713 1711
f 971 978 979
f 822 823 1094
f 2909 2810 2793
f 2810 2769 2795
f 2799 2910 2249
f 3662 3643 2910
f 2769 2768 2801
f 3177 3176 3178
f 3178 3381 3180
f 3181 1394 1393
f 3181 1633 1632
f 3182 1632 2244
f 3183 2244 2243
f 3492 2791 2790
f 2808 3492 3491
f 2239 3574 3572
f 1149 1150 3571
f 1150 2009 3567
f 2202 3569 3566
f 2921 3564 3565
f 3568 3560 2133
f 1777 1579 1759
f 1201 1196 1183
f 3561 3554 2195
f 3553 3576 2770
f 3927 3925 1687
f 1516 152 154
f 3549 3562 2974
f 3550 3548 2779
f 2771 2772 3575
f 3070 2771 3546
f 3547 3544 2775
f 1376 1375 1370
f 2767 3543 3556
f 2195 3554 3543
f 2775 3544 3542
f 3377 3282 3545
f 3804 3802 3539
f 2776 3542 3538
f 2240 3572 3535
f 2920 3535 3669
f 3548 3534 2786
f 1805 1850 1851
f 3534 3532 2787
f 2951 2773 3540
f 2772 2951 3531
f 2973 2224 3530
f 2224 2223 3537
f 1957 1953 320
f 306 305 304
f 2770 3576 3528
f 2913 3528 3574
f 2923 3565 3527
f 308 1940 431
f 207 208 132
f 1879 1876 1881
f 3733 3787 3525
f 2475 3070 3558
f 2476 2475 3524
f 2223 2476 3523
f 3522 3549 2803
f 2037 3563 11
f 1959 1958 450
f 2003 3555 3520
f 9 10 334
f 2009 2008 3518
f 2008 2973 3536
f 3877 672 673
f 3515 3550 2778
f 2935 3514 3513
f 111 1149 3570
f 3510 3514 2935
f 683 3876 3885
f 3508 3557 2810
f 736 733 732
f 1795 1804 1803
f 3505 3510 2938
f 3507 3505 2939
f 2950 3512 3504
f 2940 2949 3504
f 3801 3791 3512
f 2868 3509 3502
f 2869 3502 3522
f 1024 1034 1023
f 3500 3503 2948
f 551 1939 442
f 2972 3499 3568
f 2032 3533 3499
f 216 93 1924
f 203 202 201
f 1828 1848 1847
f 1958 1957 449
f 272 271 178
f 2871 3545 3495
f 3619 3669 3564
f 2801 2768 3643
f 2005 3758 3654
f 960 886 899
f 3657 3655 3612
f 3780 3788 3646
f 3151 3646 3593
f 2193 3604 3623
f 3607 3603 3145
f 3603 3649 2761
f 3592 3607 3144
f 2926 3658 3634
f 3634 3592 3104
f 3755 3754 3746
f 566 567 3758
f 3488 3656 1864
f 1602 1586 2079
f 2868 3658 3611
f 2922 3611 3610
f 2923 3610 3618
f 3670 3613 2918
f 3619 3670 3614
f 2921 3618 3670
f 2920 3614 3586
f 3613 3642 2915
f 2917 2766 3622
f 2916 2917 3641
f 2239 3587 3652
f 2911 3640 3652
f 3643 3640 2911
f 2797 2801 3662
f 2797 3591 3598
f 3622 3628 2763
f 3608 3628 2764
f 2194 3623 3648
f 2221 3648 3649
f 2756 3608 3609
f 2750 3598 3609
f 3669 3535 1817
f 3763 3770 1691
f 2515 3621 3590
f 2548 3590 3593
f 2513 2489 3632
f 2513 3616 3621
f 2509 3633 3620
f 2510 3632 3633
f 2289 3620 3639
f 2283 3639 3617
f 2240 3586 3587
f 3659 3657 3624
f 716 2121 3887
f 727 1999 3761
f 2165 2171 2170
f 3660 3659 3626
f 3743 3581 3578
f 2175 2172 769
f 2100 500 2095
f 3758 567 3757
f 640 3560 3568
f 1653 3576 3553
f 1895 3536 3530
f 746 3530 3537
f 1653 1810 3528
f 3762 1603 1604
f 2093 2075 2073
f 959 996 995
f 962 899 919
f 1400 1401 1398
f 1000 817 1127
f 956 959 884
f 1662 3548 3550
f 2034 3558 3546
f 3926 1689 3539
f 3535 3572 766
f 3572 3574 765
f 334 3570 3571
f 1868 3531 3540
f 1684 1651 1652
f 1682 1683 775
f 1585 1603 3762
f 3763 3762 1672
f 2173 2174 490
f 1658 3544 3547
f 3556 3543 1650
f 1571 3754 2010
f 1587 3664 3671
f 2099 2095 2077
f 787 3761 1999
f 2000 3694 786
f 3155 339 3697
f 3713 3155 3683
f 2180 2179 3685
f 3496 2180 3684
f 1684 3846 3840
f 1760 464 3495
f 2607 3689 3693
f 2581 3676 3689
f 2371 2502 3700
f 2371 3695 3693
f 2587 3676 3675
f 2586 3675 3697
f 2497 3691 3687
f 2502 2503 3687
f 2494 3691 3690
f 3690 3688 2472
f 3688 3701 2468
f 3701 3703 2469
f 726 3908 3892
f 581 3567 3518
f 10 3511 3570
f 1837 3514 3510
f 741 3537 3523
f 1299 3524 3558
f 1851 3507 3504
f 3527 3565 1820
f 580 3518 3536
f 1758 1685 3522
f 1693 3557 3508
f 3504 3512 1867
f 1894 1826 3568
f 2126 1418 3813
f 3906 2126 3841
f 2113 3911 3867
f 2179 3713 3789
f 624 3903 3904
f 2192 3604 3788
f 2177 3541 3787
f 1364 3824 3833
f 3858 3855 1470
f 3135 1753 3775
f 2069 3812 3835
f 1351 3861 3853
f 2108 3882 3901
f 2089 2092 3736
f 3828 3834 1358
f 2001 3749 3783
f 2187 3783 3719
f 2130 3756 3752
f 2004 3752 3749
f 2014 3724 3779
f 2201 3779 3756
f 3167 3720 3759
f 3168 3724 3720
f 3159 3709 3764
f 3160 3764 3765
f 3730 3707 3158
f 3158 3707 3709
f 2200 3069 3730
f 3685 3789 3742
f 3722 3774 2197
f 3790 3736 2092
f 3774 3790 3721
f 3154 3706 3790
f 3155 3713 3706
f 2091 3719 3721
f 2196 3148 3750
f 2193 2196 3776
f 3604 2193 3781
f 2086 2192 3780
f 2087 2086 3778
f 2204 3742 3751
f 2205 3751 3750
f 3909 3886 574
f 2124 2087 3777
f 2208 2124 3760
f 3711 3785 3140
f 3785 3745 3138
f 3745 3744 3139
f 3771 3712 3136
f 3712 3711 3137
f 3775 3767 3131
f 3767 3782 3132
f 1813 3839 3838
f 1293 3854 3856
f 2184 2321 3748
f 2181 2184 3732
f 3765 3768 3079
f 3768 3734 3080
f 709 3873 3875
f 2774 2961 3737
f 3786 3769 2134
f 3809 3808 766
f 2968 3784 3766
f 2969 3759 3784
f 2958 3747 3737
f 2132 3747 3766
f 2321 2185 3771
f 3860 3848 1449
f 3905 3874 582
f 3886 3889 577
f 3847 3826 1818
f 705 3902 3887
f 3816 3912 3907
f 2111 3883 3911
f 3810 3829 1366
f 1812 3839 3822
f 675 3851 3852
f 3496 3705 3851
f 2110 3867 3868
f 2104 3896 3901
f 2109 3868 3899
f 3842 3831 703
f 1680 3811 3846
f 1639 1627 3819
f 623 3904 3906
f 2139 2140 3866
f 1808 1640 3844
f 3820 3821 1819
f 3872 3914 3900
f 1646 3832 3830
f 3889 3890 633
f 2139 3865 3875
f 2156 2155 3871
f 674 3852 3913
f 2117 3817 3812
f 1815 3822 3847
f 3855 3849 1444
f 697 3906 3912
f 866 842 3836
f 3864 3869 2136
f 3585 3731 3726
f 3583 3740 3731
f 3753 3746 3738
f 3740 3583 3581
f 1088 3738 3746
f 3739 3740 3743
f 2791 3492 3493
f 3492 2808 2807
f 2792 3493 3494
f 3493 2807 2806
f 3508 2909 3494
f 3516 3494 2806
f 2948 3503 3791
f 2105 3908 3896
f 3538 3802 3804
f 680 3878 3876
f 1891 1890 3910
f 2905 3799 3801
f 2900 3797 3799
f 2901 3797 3807
f 2734 2878 3806
f 2877 3807 3806
f 2820 3800 3794
f 2818 3796 3792
f 2823 3793 3792
f 2822 3793 3798
f 2819 2735 3800
f 2817 3796 3795
f 2809 3805 3795
f 2808 3805 3803
f 2805 3804 3803
f 1702 3921 3923
f 3922 3920 1797
f 3915 3916 1706
f 3918 3927 1692
f 1657 3898 3880
f 1890 1877 3895
f 3772 3770 1674
f 1689 1690 3772
f 3926 3802 3538
f 3516 3539 1689
f 3917 3923 1703
f 1598 3917 3928
f 3880 3884 1876
f 1691 1690 3925
f 3925 3926 1688
f 3934 3933 3937
f 3934 3938 3939
f 3932 3936 3937
f 3938 3942 3943
f 3937 3936 3940
f 3937 3941 3942
f 3942 3946 3947
f 3941 3940 3944
f 3942 3941 3945
f 3947 3946 3950
f 3944 3948 3949
f 3945 3949 3950
f 3950 3954 3955
f 3949 3948 3952
f 3950 3949 3953
f 3955 3954 3958
f 3953 3952 3956
f 3953 3957 3958
f 3959 3958 3962
f 3957 3956 3960
f 3958 3957 3961
f 3962 3966 3967
f 3960 3964 3965
f 3961 3965 3966
f 3966 3970 3971
f 3965 3964 3968
f 3966 3965 3969
f 3970 3974 3975
f 3968 3972 3973
f 3969 3973 3974
f 3974 3978 3979
f 3973 3972 3976
f 3974 3973 3977
f 3979 3978 3982
f 3976 3980 3981
f 3977 3981 3982
f 3982 3986 3987
f 3981 3980 3984
f 3982 3981 3985
f 3987 3986 3990
f 3984 3988 3989
f 3985 3989 3990
f 3991 3990 3994
f 3989 3988 3992
f 3990 3989 3993
f 3995 3994 3998
f 3992 3996 3997
f 3993 3997 3998
f 3998 4002 4003
f 3997 3996 4000
f 3998 3997 4001
f 4002 4006 4007
f 4000 4004 4005
f 4001 4005 4006
f 4006 4010 4011
f 4005 4004 4008
f 4006 4005 4009
f 4011 4010 4014
f 4008 4012 4013
f 4009 4013 4014
f 4014 4018 4019
f 4013 4012 4016
f 4014 4013 4017
f 4019 4018 4022
f 4016 4020 4021
f 4017 4021 4022
f 4023 4022 4026
f 4021 4020 4024
f 4022 4021 4025
f 4027 4026 4030
f 4024 4028 4029
f 4025 4029 4030
f 4031 4030 4034
f 4029 4028 4032
f 4030 4029 4033
f 4034 4038 4039
f 4032 4036 4037
f 4033 4037 4038
f 4038 4042 4043
f 4037 4036 4040
f 4038 4037 4041
f 4043 4042 4046
f 4040 4044 4045
f 4041 4045 4046
f 4046 4050 4051
f 4045 4044 4048
f 4046 4045 4049
f 4051 4050 4055
f 4048 4053 4054
f 4049 4054 4055
f 4056 4055 4059
f 4053 4057 4058
f 4055 4054 4058
f 4060 4059 3934
f 4058 4057 3932
f 4058 3933 3934
f 4069 4068 4081
f 4066 4079 4080
f 4065 4064 4077
f 4063 4062 4075
f 4071 4084 4085
f 4069 4082 4083
f 4067 4080 4081
f 4066 4065 4078
f 4063 4076 4077
f 4061 4074 4075
f 4072 4085 4086
f 4071 4070 4083
f 4076 4089 4090
f 4074 4087 4088
f 4086 4085 4098
f 4083 4096 4097
f 4082 4081 4094
f 4079 4092 4093
f 4078 4077 4090
f 4076 4075 4088
f 4085 4084 4097
f 4082 4095 4096
f 4080 4093 4094
f 4079 4078 4091
f 4089 4102 4103
f 4088 4087 4100
f 4098 4111 4112
f 4096 4109 4110
f 4095 4094 4107
f 4092 4105 4106
f 4090 4103 4104
f 4089 4088 4101
f 4097 4110 4111
f 4095 4108 4109
f 4094 4093 4106
f 4092 4091 4104
f 4103 4102 4115
f 4100 4113 4114
f 4112 4111 4124
f 4110 4109 4122
f 4107 4120 4121
f 4105 4118 4119
f 4103 4116 4117
f 4101 4114 4115
f 4110 4123 4124
f 4109 4108 4121
f 4107 4106 4119
f 4105 4104 4117
f 4115 4128 4129
f 4114 4113 4126
f 4124 4137 4138
f 4123 4122 4135
f 4120 4133 4134
f 4119 4118 4131
f 4117 4116 4129
f 4114 4127 4128
f 4124 4123 4136
f 4122 4121 4134
f 4119 4132 4133
f 4117 4130 4131
f 4129 4128 4141
f 4126 4139 4140
f 4138 4137 4150
f 4136 4135 4148
f 4133 4146 4147
f 4131 4144 4145
f 4130 4129 4142
f 4127 4140 4141
f 4137 4136 4149
f 4135 4134 4147
f 4132 4145 4146
f 4131 4130 4143
f 4142 4141 4154
f 4140 4139 4152
f 4150 4163 4164
f 4149 4148 4161
f 4146 4159 4160
f 4144 4157 4158
f 4142 4155 4156
f 4140 4153 4154
f 4149 4162 4163
f 4148 4147 4160
f 4146 4145 4158
f 4144 4143 4156
f 4155 4154 4167
f 4153 4152 4165
f 4163 4176 4177
f 4161 4174 4175
f 4159 4172 4173
f 4158 4157 4170
f 4155 4168 4169
f 4153 4166 4167
f 4163 4162 4175
f 4161 4160 4173
f 4159 4158 4171
f 4156 4169 4170
f 4167 4180 4181
f 4165 4178 4179
f 4176 4189 4190
f 4175 4174 4187
f 4173 4172 4185
f 4170 4183 4184
f 4169 4168 4181
f 4167 4166 4179
f 4175 4188 4189
f 4173 4186 4187
f 4171 4184 4185
f 4170 4169 4182
f 4180 4193 4194
f 4178 4191 4192
f 4190 4189 4202
f 4187 4200 4201
f 4186 4185 4198
f 4183 4196 4197
f 4182 4181 4194
f 4180 4179 4192
f 4189 4188 4201
f 4186 4199 4200
f 4184 4197 4198
f 4183 4182 4195
f 4193 4206 4207
f 4192 4191 4204
f 4202 4215 4216
f 4200 4213 4214
f 4199 4198 4211
f 4196 4209 4210
f 4194 4207 4208
f 4193 4192 4205
f 4201 4214 4215
f 4199 4212 4213
f 4198 4197 4210
f 4196 4195 4208
f 4207 4206 4219
f 4204 4217 4218
f 4216 4215 4228
f 4213 4226 4227
f 4211 4224 4225
f 4209 4222 4223
f 4207 4220 4221
f 4205 4218 4219
f 4214 4227 4228
f 4213 4212 4225
f 4211 4210 4223
f 4209 4208 4221
f 4219 4232 4233
f 4218 4217 4230
f 4228 4241 4242
f 4226 4239 4240
f 4225 4224 4237
f 4223 4222 4235
f 4221 4220 4233
f 4218 4231 4232
f 4228 4227 4240
f 4226 4225 4238
f 4223 4236 4237
f 4221 4234 4235
f 4233 4232 4245
f 4230 4243 4244
f 4242 4241 4254
f 4240 4239 4252
f 4237 4250 4251
f 4235 4248 4249
f 4234 4233 4246
f 4231 4244 4245
f 4241 4240 4253
f 4239 4238 4251
f 4236 4249 4250
f 4235 4234 4247
f 4246 4245 4258
f 4244 4243 4256
f 4254 4267 4268
f 4253 4252 4265
f 4250 4263 4264
f 4248 4261 4262
f 4246 4259 4260
f 4244 4257 4258
f 4253 4266 4267
f 4252 4251 4264
f 4250 4249 4262
f 4248 4247 4260
f 4259 4258 4271
f 4257 4256 4269
f 4267 4280 4281
f 4265 4278 4279
f 4263 4276 4277
f 4262 4261 4274
f 4259 4272 4273
f 4257 4270 4271
f 4266 4279 4280
f 4265 4264 4277
f 4263 4262 4275
f 4260 4273 4274
f 4271 4284 4285
f 4269 4282 4283
f 4281 4280 4293
f 4279 4278 4291
f 4277 4276 4289
f 4274 4287 4288
f 4273 4272 4285
f 4271 4270 4283
f 4280 4279 4292
f 4277 4290 4291
f 4275 4288 4289
f 4274 4273 4286
f 4284 4297 4298
f 4282 4295 4296
f 4294 4293 4306
f 4291 4304 4305
f 4290 4289 4302
f 4287 4300 4301
f 4286 4285 4298
f 4284 4283 4296
f 4293 4292 4305
f 4290 4303 4304
f 4288 4301 4302
f 4287 4286 4299
f 4297 4310 4311
f 4296 4295 4308
f 4306 4319 4320
f 4304 4317 4318
f 4303 4302 4315
f 4300 4313 4314
f 4298 4311 4312
f 4297 4296 4309
f 4305 4318 4319
f 4304 4303 4316
f 4302 4301 4314
f 4300 4299 4312
f 4310 4323 4324
f 4308 4321 4322
f 4320 4319 4332
f 4318 4317 4330
f 4316 4315 4328
f 4313 4326 4327
f 4311 4324 4325
f 4310 4309 4322
f 4318 4331 4332
f 4316 4329 4330
f 4315 4314 4327
f 4312 4325 4326
f 4323 4336 4337
f 4322 4321 4334
f 4332 4345 4346
f 4330 4343 4344
f 4329 4328 4341
f 4327 4326 4339
f 4325 4324 4337
f 4322 4335 4336
f 4332 4331 4344
f 4330 4329 4342
f 4327 4340 4341
f 4325 4338 4339
f 4337 4336 4350
f 4334 4348 4349
f 4346 4345 4359
f 4344 4343 4357
f 4341 4355 4356
f 4340 4339 4353
f 4338 4337 4351
f 4335 4349 4350
f 4345 4344 4358
f 4343 4342 4356
f 4340 4354 4355
f 4338 4352 4353
f 4351 4350 4363
f 4349 4348 4361
f 4359 4372 4373
f 4358 4357 4370
f 4355 4368 4369
f 4354 4353 4366
f 4351 4364 4365
f 4349 4362 4363
f 4358 4371 4372
f 4357 4356 4369
f 4355 4354 4367
f 4352 4365 4366
f 4364 4363 4376
f 4362 4361 4374
f 4373 4372 4385
f 4370 4383 4384
f 4368 4381 4382
f 4367 4366 4379
f 4364 4377 4378
f 4362 4375 4376
f 4372 4371 4384
f 4370 4369 4382
f 4368 4367 4380
f 4365 4378 4379
f 4376 4389 4390
f 4374 4387 4388
f 4385 4398 4399
f 4384 4383 4396
f 4382 4381 4394
f 4379 4392 4393
f 4378 4377 4390
f 4376 4375 4388
f 4384 4397 4398
f 4382 4395 4396
f 4380 4393 4394
f 4379 4378 4391
f 4389 4402 4403
f 4387 4400 4401
f 4399 4398 4411
f 4396 4409 4410
f 4395 4394 4407
f 4393 4392 4405
f 4391 4390 4403
f 4389 4388 4401
f 4398 4397 4410
f 4395 4408 4409
f 4393 4406 4407
f 4391 4404 4405
f 4402 4415 4416
f 4401 4400 4413
f 4411 4424 4425
f 4409 4422 4423
f 4408 4407 4420
f 4406 4405 4418
f 4403 4416 4417
f 4402 4401 4414
f 4410 4423 4424
f 4408 4421 4422
f 4407 4406 4419
f 4404 4417 4418
f 4416 4415 4428
f 4413 4426 4427
f 4425 4424 4437
f 4423 4422 4435
f 4421 4420 4433
f 4418 4431 4432
f 4416 4429 4430
f 4415 4414 4427
f 4423 4436 4437
f 4421 4434 4435
f 4420 4419 4432
f 4418 4417 4430
f 4428 4441 4442
f 4426 4439 4440
f 4437 4450 4451
f 4435 4448 4449
f 4434 4433 4446
f 4432 4431 4444
f 4430 4429 4442
f 4427 4440 4441
f 4437 4436 4449
f 4435 4434 4447
f 4432 4445 4446
f 4430 4443 4444
f 4442 4441 4454
f 4439 4452 4453
f 4451 4450 4463
f 4449 4448 4461
f 4446 4459 4460
f 4444 4457 4458
f 4443 4442 4455
f 4440 4453 4454
f 4450 4449 4462
f 4447 4460 4461
f 4445 4458 4459
f 4444 4443 4456
f 4455 4454 4467
f 4453 4452 4465
f 4463 4476 4477
f 4462 4461 4474
f 4459 4472 4473
f 4457 4470 4471
f 4455 4468 4469
f 4453 4466 4467
f 4462 4475 4476
f 4461 4460 4473
f 4459 4458 4471
f 4457 4456 4469
f 4468 4467 4063
f 4466 4465 4061
f 4477 4476 4072
f 4474 4070 4071
f 4472 4068 4069
f 4471 4470 4066
f 4468 4064 4065
f 4466 4062 4063
f 4476 4475 4071
f 4474 4473 4069
f 4472 4471 4067
f 4469 4065 4066
f 3935 4061 4465
f 4465 4452 4056
f 4452 4439 4051
f 4439 4426 4047
f 4047 4426 4413
f 4043 4413 4400
f 4039 4400 4387
f 4387 4374 4031
f 4031 4374 4361
f 4361 4348 4023
f 4348 4334 4019
f 4334 4321 4015
f 4015 4321 4308
f 4011 4308 4295
f 4007 4295 4282
f 4282 4269 3999
f 3999 4269 4256
f 4256 4243 3991
f 4243 4230 3987
f 4230 4217 3983
f 3983 4217 4204
f 3979 4204 4191
f 3975 4191 4178
f 4178 4165 3967
f 3967 4165 4152
f 4152 4139 3959
f 4139 4126 3955
f 4126 4113 3951
f 3951 4113 4100
f 3947 4100 4087
f 3943 4087 4074
f 4074 4061 3935
f 4480 4479 4483
f 4480 4484 4485
f 4479 4478 4482
f 4484 4488 4489
f 4482 4486 4487
f 4483 4487 4488
f 4488 4492 4493
f 4487 4486 4490
f 4488 4487 4491
f 4493 4492 4496
f 4490 4494 4495
f 4491 4495 4496
f 4496 4500 4501
f 4495 4494 4498
f 4496 4495 4499
f 4501 4500 4504
f 4498 4502 4503
f 4499 4503 4504
f 4505 4504 4508
f 4503 4502 4506
f 4504 4503 4507
f 4509 4508 4512
f 4506 4510 4511
f 4507 4511 4512
f 4513 4512 4516
f 4511 4510 4514
f 4512 4511 4515
f 4516 4520 4521
f 4514 4518 4519
f 4515 4519 4520
f 4520 4524 4525
f 4518 4522 4523
f 4520 4519 4523
f 4525 4524 4528
f 4522 4526 4527
f 4523 4527 4528
f 4528 4532 4533
f 4527 4526 4530
f 4528 4527 4531
f 4533 4532 4536
f 4530 4534 4535
f 4531 4535 4536
f 4537 4536 4540
f 4534 4538 4539
f 4536 4535 4539
f 4541 4540 4544
f 4539 4538 4542
f 4539 4543 4544
f 4544 4548 4549
f 4542 4546 4547
f 4544 4543 4547
f 4548 4552 4553
f 4547 4546 4550
f 4547 4551 4552
f 4552 4556 4557
f 4551 4550 4554
f 4552 4551 4555
f 4557 4556 4560
f 4554 4558 4559
f 4555 4559 4560
f 4560 4564 4565
f 4559 4558 4562
f 4560 4559 4563
f 4565 4564 4568
f 4562 4566 4567
f 4563 4567 4568
f 4569 4568 4572
f 4567 4566 4570
f 4568 4567 4571
f 4572 4576 4577
f 4570 4574 4575
f 4571 4575 4576
f 4576 4580 4581
f 4575 4574 4578
f 4576 4575 4579
f 4580 4584 4585
f 4578 4582 4583
f 4579 4583 4584
f 4584 4588 4589
f 4583 4582 4586
f 4584 4583 4587
f 4589 4588 4592
f 4586 4590 4591
f 4587 4591 4592
f 4592 4596 4597
f 4591 4590 4594
f 4592 4591 4595
f 4597 4596 4601
f 4594 4599 4600
f 4595 4600 4601
f 4602 4601 4605
f 4600 4599 4603
f 4601 4600 4604
f 4606 4605 4480
f 4603 4478 4479
f 4604 4479 4480
f 4615 4614 4627
f 4612 4625 4626
f 4611 4610 4623
f 4609 4608 4621
f 4618 4617 4630
f 4615 4628 4629
f 4613 4626 4627
f 4612 4611 4624
f 4609 4622 4623
f 4607 4620 4621
f 4619 4618 4631
f 4617 4616 4629
f 4622 4635 4636
f 4620 4633 4634
f 4632 4631 4644
f 4629 4642 4643
f 4628 4627 4640
f 4626 4625 4638
f 4624 4623 4636
f 4622 4621 4634
f 4631 4630 4643
f 4628 4641 4642
f 4626 4639 4640
f 4624 4637 4638
f 4635 4648 4649
f 4634 4633 4646
f 4644 4657 4658
f 4642 4655 4656
f 4641 4640 4653
f 4639 4638 4651
f 4636 4649 4650
f 4635 4634 4647
f 4643 4656 4657
f 4642 4641 4654
f 4640 4639 4652
f 4637 4650 4651
f 4648 4661 4662
f 4646 4659 4660
f 4658 4657 4670
f 4656 4655 4668
f 4653 4666 4667
f 4651 4664 4665
f 4649 4662 4663
f 4648 4647 4660
f 4656 4669 4670
f 4654 4667 4668
f 4653 4652 4665
f 4651 4650 4663
f 4661 4674 4675
f 4660 4659 4672
f 4670 4683 4684
f 4668 4681 4682
f 4667 4666 4679
f 4665 4664 4677
f 4663 4662 4675
f 4661 4660 4673
f 4670 4669 4682
f 4667 4680 4681
f 4665 4678 4679
f 4663 4676 4677
f 4675 4674 4687
f 4672 4685 4686
f 4684 4683 4696
f 4682 4681 4694
f 4679 4692 4693
f 4678 4677 4690
f 4676 4675 4688
f 4673 4686 4687
f 4683 4682 4695
f 4681 4680 4693
f 4678 4691 4692
f 4676 4689 4690
f 4688 4687 4700
f 4686 4685 4698
f 4696 4709 4710
f 4695 4694 4707
f 4692 4705 4706
f 4691 4690 4703
f 4688 4701 4702
f 4686 4699 4700
f 4695 4708 4709
f 4694 4693 4706
f 4692 4691 4704
f 4689 4702 4703
f 4701 4700 4713
f 4699 4698 4711
f 4710 4709 4722
f 4707 4720 4721
f 4705 4718 4719
f 4704 4703 4716
f 4701 4714 4715
f 4699 4712 4713
f 4709 4708 4721
f 4707 4706 4719
f 4705 4704 4717
f 4702 4715 4716
f 4713 4726 4727
f 4711 4724 4725
f 4723 4722 4735
f 4721 4720 4733
f 4719 4718 4731
f 4716 4729 4730
f 4715 4714 4727
f 4713 4712 4725
f 4721 4734 4735
f 4719 4732 4733
f 4717 4730 4731
f 4716 4715 4728
f 4726 4739 4740
f 4724 4737 4738
f 4736 4735 4748
f 4733 4746 4747
f 4732 4731 4744
f 4730 4729 4742
f 4728 4727 4740
f 4726 4725 4738
f 4735 4734 4747
f 4732 4745 4746
f 4730 4743 4744
f 4728 4741 4742
f 4739 4752 4753
f 4738 4737 4750
f 4748 4761 4762
f 4746 4759 4760
f 4745 4744 4757
f 4743 4742 4755
f 4740 4753 4754
f 4739 4738 4751
f 4747 4760 4761
f 4745 4758 4759
f 4744 4743 4756
f 4741 4754 4755
f 4753 4752 4765
f 4750 4763 4764
f 4762 4761 4774
f 4759 4772 4773
f 4758 4757 4770
f 4755 4768 4769
f 4753 4766 4767
f 4752 4751 4764
f 4760 4773 4774
f 4758 4771 4772
f 4757 4756 4769
f 4755 4754 4767
f 4765 4778 4779
f 4764 4763 4776
f 4774 4787 4788
f 4772 4785 4786
f 4771 4770 4783
f 4769 4768 4781
f 4767 4766 4779
f 4765 4764 4777
f 4774 4773 4786
f 4771 4784 4785
f 4769 4782 4783
f 4767 4780 4781
f 4779 4778 4791
f 4776 4789 4790
f 4788 4787 4800
f 4786 4785 4798
f 4783 4796 4797
f 4782 4781 4794
f 4780 4779 4792
f 4777 4790 4791
f 4787 4786 4799
f 4785 4784 4797
f 4782 4795 4796
f 4780 4793 4794
f 4792 4791 4804
f 4790 4789 4802
f 4800 4813 4814
f 4799 4798 4811
f 4796 4809 4810
f 4795 4794 4807
f 4792 4805 4806
f 4790 4803 4804
f 4799 4812 4813
f 4798 4797 4810
f 4796 4795 4808
f 4793 4806 4807
f 4805 4804 4817
f 4803 4802 4815
f 4814 4813 4826
f 4811 4824 4825
f 4809 4822 4823
f 4808 4807 4820
f 4805 4818 4819
f 4803 4816 4817
f 4813 4812 4825
f 4811 4810 4823
f 4809 4808 4821
f 4806 4819 4820
f 4817 4830 4831
f 4815 4828 4829
f 4826 4839 4840
f 4825 4824 4837
f 4823 4822 4835
f 4820 4833 4834
f 4819 4818 4831
f 4817 4816 4829
f 4825 4838 4839
f 4823 4836 4837
f 4821 4834 4835
f 4820 4819 4832
f 4830 4843 4844
f 4828 4841 4842
f 4840 4839 4852
f 4837 4850 4851
f 4836 4835 4848
f 4834 4833 4846
f 4832 4831 4844
f 4830 4829 4842
f 4839 4838 4851
f 4836 4849 4850
f 4834 4847 4848
f 4832 4845 4846
f 4843 4856 4857
f 4842 4841 4854
f 4852 4865 4866
f 4850 4863 4864
f 4849 4848 4861
f 4847 4846 4859
f 4844 4857 4858
f 4843 4842 4855
f 4851 4864 4865
f 4849 4862 4863
f 4848 4847 4860
f 4845 4858 4859
f 4857 4856 4869
f 4855 4854 4867
f 4866 4865 4878
f 4864 4863 4876
f 4862 4861 4874
f 4859 4872 4873
f 4857 4870 4871
f 4856 4855 4868
f 4864 4877 4878
f 4862 4875 4876
f 4861 4860 4873
f 4859 4858 4871
f 4869 4882 4883
f 4868 4867 4880
f 4878 4891 4892
f 4877 4876 4889
f 4874 4887 4888
f 4873 4872 4885
f 4871 4870 4883
f 4868 4881 4882
f 4878 4877 4890
f 4876 4875 4888
f 4873 4886 4887
f 4871 4884 4885
f 4883 4882 4896
f 4880 4894 4895
f 4892 4891 4905
f 4890 4889 4903
f 4887 4901 4902
f 4885 4899 4900
f 4884 4883 4897
f 4881 4895 4896
f 4891 4890 4904
f 4889 4888 4902
f 4886 4900 4901
f 4885 4884 4898
f 4897 4896 4909
f 4895 4894 4907
f 4905 4918 4919
f 4904 4903 4916
f 4901 4914 4915
f 4899 4912 4913
f 4897 4910 4911
f 4895 4908 4909
f 4904 4917 4918
f 4903 4902 4915
f 4901 4900 4913
f 4899 4898 4911
f 4910 4909 4922
f 4908 4907 4920
f 4919 4918 4931
f 4916 4929 4930
f 4914 4927 4928
f 4913 4912 4925
f 4910 4923 4924
f 4908 4921 4922
f 4918 4917 4930
f 4916 4915 4928
f 4914 4913 4926
f 4911 4924 4925
f 4922 4935 4936
f 4920 4933 4934
f 4931 4944 4945
f 4930 4929 4942
f 4928 4927 4940
f 4925 4938 4939
f 4924 4923 4936
f 4922 4921 4934
f 4930 4943 4944
f 4928 4941 4942
f 4926 4939 4940
f 4925 4924 4937
f 4935 4948 4949
f 4933 4946 4947
f 4945 4944 4957
f 4942 4955 4956
f 4941 4940 4953
f 4938 4951 4952
f 4937 4936 4949
f 4935 4934 4947
f 4944 4943 4956
f 4941 4954 4955
f 4939 4952 4953
f 4938 4937 4950
f 4948 4961 4962
f 4947 4946 4959
f 4957 4970 4971
f 4955 4968 4969
f 4954 4953 4966
f 4951 4964 4965
f 4949 4962 4963
f 4948 4947 4960
f 4956 4969 4970
f 4954 4967 4968
f 4953 4952 4965
f 4951 4950 4963
f 4962 4961 4974
f 4959 4972 4973
f 4971 4970 4983
f 4968 4981 4982
f 4966 4979 4980
f 4964 4977 4978
f 4962 4975 4976
f 4960 4973 4974
f 4969 4982 4983
f 4967 4980 4981
f 4966 4965 4978
f 4964 4963 4976
f 4975 4974 4987
f 4973 4972 4985
f 4983 4996 4997
f 4981 4994 4995
f 4979 4992 4993
f 4978 4977 4990
f 4976 4975 4988
f 4973 4986 4987
f 4983 4982 4995
f 4981 4980 4993
f 4978 4991 4992
f 4976 4989 4990
f 4988 4987 5000
f 4985 4998 4999
f 4997 4996 5009
f 4995 4994 5007
f 4992 5005 5006
f 4991 4990 5003
f 4989 4988 5001
f 4986 4999 5000
f 4996 4995 5008
f 4994 4993 5006
f 4991 5004 5005
f 4989 5002 5003
f 5001 5000 5013
f 4999 4998 5011
f 5009 5022 5023
f 5008 5007 5020
f 5005 5018 5019
f 5004 5003 5016
f 5001 5014 5015
f 4999 5012 5013
f 5008 5021 5022
f 5007 5006 5019
f 5005 5004 5017
f 5002 5015 5016
f 5014 5013 4609
f 5012 5011 4607
f 5022 4618 4619
f 5020 4616 4617
f 5018 4614 4615
f 5017 5016 4612
f 5014 4610 4611
f 5012 4608 4609
f 5021 4617 4618
f 5020 5019 4615
f 5018 5017 4613
f 5015 4611 4612
f 4481 4607 5011
f 5011 4998 4602
f 4998 4985 4597
f 4985 4972 4593
f 4593 4972 4959
f 4589 4959 4946
f 4585 4946 4933
f 4933 4920 4577
f 4577 4920 4907
f 4907 4894 4569
f 4894 4880 4565
f 4880 4867 4561
f 4561 4867 4854
f 4557 4854 4841
f 4553 4841 4828
f 4828 4815 4545
f 4545 4815 4802
f 4802 4789 4537
f 4789 4776 4533
f 4776 4763 4529
f 4529 4763 4750
f 4525 4750 4737
f 4521 4737 4724
f 4724 4711 4513
f 4513 4711 4698
f 4698 4685 4505
f 4685 4672 4501
f 4672 4659 4497
f 4497 4659 4646
f 4493 4646 4633
f 4489 4633 4620
f 4620 4607 4481
