v 0.063582 -0.009401 -0.050352
v 0.067122 -0.010387 -0.049060
v 0.067668 -0.008929 -0.048684
v 0.064254 -0.008414 -0.050061
v 0.074416 -0.009619 -0.058492
v 0.075314 -0.006096 -0.054029
v 0.074828 -0.003656 -0.053144
v 0.074517 -0.003681 -0.056051
v 0.026306 -0.045561 -0.113261
v 0.011585 -0.045380 -0.117388
v 0.011530 -0.056517 -0.114908
v 0.025181 -0.059466 -0.109586
v 0.044959 -0.082707 -0.091285
v 0.039549 -0.074617 -0.096423
v 0.037250 -0.086843 -0.100200
v 0.046474 -0.090413 -0.091204
v 0.039124 0.048540 0.039315
v 0.046413 0.047116 0.033538
v 0.044996 0.041386 0.036942
v -0.063572 -0.009566 -0.053007
v -0.067146 -0.010561 -0.051686
v -0.067728 -0.009137 -0.051377
v -0.064103 -0.008542 -0.052792
v -0.074195 -0.009589 -0.061681
v -0.075377 -0.006118 -0.057153
v -0.074826 -0.003722 -0.056255
v -0.074379 -0.003690 -0.059238
v 0.037895 0.042009 0.041375
v 0.090826 0.012734 -0.067068
v 0.090963 0.010234 -0.068298
v 0.091631 0.008420 -0.066565
v 0.091306 0.010527 -0.065103
v 0.087173 -0.004575 -0.066915
v 0.087463 0.002489 -0.067787
v 0.088668 0.004956 -0.068259
v 0.088854 0.002764 -0.067587
v 0.086888 -0.014829 -0.064282
v 0.085546 -0.014130 -0.064087
v 0.086958 -0.009661 -0.065665
v 0.088587 -0.010085 -0.066172
v 0.073260 -0.035179 -0.041095
v 0.075936 -0.032237 -0.043474
v 0.076048 -0.035429 -0.044958
v 0.071600 -0.036996 -0.043305
v 0.068490 -0.035095 -0.044502
v 0.072810 -0.035718 -0.048760
v 0.072395 -0.032188 -0.049887
v 0.068816 -0.032073 -0.046768
v 0.086227 0.021776 -0.054391
v 0.086697 0.018069 -0.053560
v 0.085560 0.016940 -0.051474
v 0.084848 0.020570 -0.052016
v 0.071210 -0.008577 -0.064708
v 0.069537 -0.014962 -0.063319
v 0.075665 -0.010421 -0.065559
v 0.076206 -0.007711 -0.065613
v 0.085921 0.012028 -0.059951
v 0.085927 0.012668 -0.062967
v 0.086310 0.010662 -0.064285
v 0.085781 0.009402 -0.062052
v 0.087767 0.014321 -0.068032
v 0.087917 0.011496 -0.069387
v 0.071701 -0.025567 -0.040411
v 0.070863 -0.022119 -0.039545
v 0.071322 -0.020590 -0.040783
v 0.071512 -0.021663 -0.042418
v 0.073936 -0.009632 -0.055207
v 0.075382 -0.005078 -0.052587
v 0.083618 -0.025588 -0.059752
v 0.083265 -0.023547 -0.058734
v 0.085491 -0.019454 -0.061735
v 0.085685 -0.020906 -0.063221
v 0.079952 -0.021256 -0.056857
v 0.082296 -0.018382 -0.060013
v 0.083270 -0.017654 -0.061718
v 0.082401 -0.019873 -0.059759
v 0.087205 0.014526 -0.061263
v 0.085986 0.016813 -0.056424
v 0.087392 0.015760 -0.055218
v 0.088989 0.013635 -0.059328
v 0.078330 0.003660 -0.064765
v 0.076891 0.008552 -0.062703
v 0.075739 0.007940 -0.062751
v 0.076834 0.003712 -0.064650
v 0.087655 0.011805 -0.065750
v 0.088069 0.009629 -0.067024
v 0.086730 0.008364 -0.065750
v 0.077762 0.009338 -0.048963
v 0.079389 0.010444 -0.050907
v 0.079499 0.008861 -0.051826
v 0.079171 0.007695 -0.051084
v 0.075716 -0.036288 -0.048451
v 0.068456 -0.023623 -0.056955
v 0.070154 -0.023303 -0.058619
v 0.072851 -0.019174 -0.061389
v 0.071141 -0.017886 -0.061769
v 0.068656 -0.033052 -0.039109
v 0.071891 -0.032833 -0.039344
v 0.072462 -0.034042 -0.040303
v 0.069341 -0.035298 -0.040652
v 0.080297 0.013724 -0.051104
v 0.082323 0.012959 -0.052837
v 0.080607 0.012181 -0.052374
v 0.079361 0.012663 -0.051004
v 0.086314 0.000717 -0.066290
v 0.085975 0.006928 -0.063849
v 0.085453 -0.008299 -0.061731
v 0.085567 -0.007940 -0.064478
v 0.085092 -0.012013 -0.063024
v -0.028892 -0.045679 -0.113368
v -0.014240 -0.045385 -0.117421
v -0.014088 -0.056609 -0.114956
v -0.027641 -0.059697 -0.109691
v 0.084425 -0.012156 -0.060599
v 0.085716 -0.000468 -0.061309
v 0.085855 -0.000350 -0.064533
v 0.089405 0.007685 -0.065263
v 0.089461 0.001982 -0.066407
v 0.088840 0.008360 -0.066133
v 0.074923 0.011577 -0.060433
v 0.075341 0.014765 -0.064628
v 0.073887 0.008784 -0.066566
v 0.074835 0.009254 -0.062182
v 0.072038 -0.016626 -0.040846
v 0.073150 -0.014392 -0.042117
v 0.071511 -0.016468 -0.044014
v 0.070558 -0.019041 -0.043539
v 0.073705 -0.021433 -0.060241
v 0.071056 -0.024464 -0.057855
v 0.071707 -0.025213 -0.057195
v 0.074336 -0.023168 -0.058828
v 0.084352 0.013619 -0.054666
v 0.084546 0.009498 -0.056028
v 0.083065 0.009491 -0.054769
v 0.075914 -0.020368 -0.049672
v 0.076182 -0.019113 -0.051702
v 0.077623 -0.021832 -0.052869
v 0.077471 -0.023861 -0.050973
v 0.079983 -0.032231 -0.053976
v 0.077205 -0.032362 -0.054879
v 0.075014 -0.034390 -0.051567
v 0.077928 -0.034616 -0.051192
v 0.071283 -0.020216 -0.043014
v 0.071442 -0.019150 -0.040925
v 0.080479 0.003860 -0.066408
v 0.079420 0.009698 -0.063696
v 0.085574 0.008001 -0.060066
v 0.085764 0.005795 -0.061726
v 0.074530 -0.003957 -0.045450
v 0.072893 -0.003541 -0.047193
v 0.073196 -0.004365 -0.047137
v 0.075239 -0.005401 -0.045255
v 0.074519 -0.004343 -0.043970
v 0.075019 -0.005916 -0.043870
v 0.074320 -0.005962 -0.043072
v 0.073971 -0.005136 -0.042886
v 0.072183 -0.003374 -0.047687
v 0.072582 -0.003627 -0.047427
v 0.072752 -0.003126 -0.047452
v 0.076481 -0.000932 -0.058288
v 0.075901 -0.008059 -0.060398
v 0.075340 -0.009395 -0.060449
v 0.077026 -0.003724 -0.057895
v 0.086100 -0.006912 -0.065961
v 0.082497 0.017184 -0.048028
v 0.081582 0.019992 -0.047991
v 0.083893 0.022609 -0.051843
v 0.070589 -0.017444 -0.053903
v 0.073936 -0.017286 -0.051571
v 0.073473 -0.017423 -0.049907
v 0.071071 -0.017601 -0.052140
v 0.072475 -0.012428 -0.046691
v 0.070138 -0.015461 -0.046666
v 0.073594 -0.014002 -0.044622
v 0.074660 0.001319 -0.043620
v 0.074080 -0.002405 -0.046318
v 0.074097 -0.003235 -0.045064
v 0.074081 -0.002905 -0.043766
v 0.087014 -0.015544 -0.065694
v 0.088260 -0.010292 -0.067771
v 0.086570 -0.010333 -0.069238
v 0.085435 -0.015991 -0.067186
v 0.070032 -0.029178 -0.038074
v 0.065269 -0.031001 -0.041524
v 0.068868 -0.025989 -0.038195
v 0.089343 0.019073 -0.062228
v 0.087298 0.020888 -0.062558
v 0.087537 0.018965 -0.064721
v 0.090032 0.017215 -0.064192
v 0.074526 0.002327 -0.051221
v 0.074131 0.000374 -0.051097
v 0.074632 0.001461 -0.049720
v 0.074457 0.003676 -0.049739
v 0.050295 -0.031495 -0.096061
v 0.058360 -0.031522 -0.077237
v 0.062377 -0.017858 -0.085345
v 0.055317 -0.018044 -0.101260
v 0.080525 -0.029006 -0.053124
v 0.079832 -0.031209 -0.050646
v 0.076484 0.008829 -0.042373
v 0.075743 0.010515 -0.041567
v 0.076464 0.016031 -0.043465
v 0.077517 0.012880 -0.043397
v 0.088598 0.004070 -0.071091
v 0.091079 0.003294 -0.069868
v 0.079767 0.013906 -0.049580
v 0.081874 0.016507 -0.052378
v 0.080540 0.014413 -0.051334
v 0.079260 0.013160 -0.049835
v 0.079438 0.005718 -0.046673
v 0.080100 0.006995 -0.046665
v 0.078288 0.007908 -0.046892
v 0.077303 0.006612 -0.047092
v 0.075093 0.015493 -0.040783
v 0.076231 0.020612 -0.044394
v 0.066377 -0.023831 -0.056595
v 0.078671 0.007649 -0.044032
v 0.079373 0.010251 -0.044403
v 0.080684 0.008732 -0.046535
v -0.047142 -0.083341 -0.091510
v -0.041729 -0.075215 -0.096589
v -0.039571 -0.087378 -0.100327
v -0.048625 -0.091086 -0.091444
v 0.069869 -0.021242 -0.037609
v 0.071014 -0.019598 -0.039409
v 0.078881 0.012825 -0.049614
v 0.078201 0.011672 -0.049494
v 0.076930 0.007782 -0.047941
v 0.077711 0.006737 -0.050096
v 0.081430 0.000228 -0.057314
v 0.082023 -0.007853 -0.058958
v 0.065548 -0.017440 -0.071092
v 0.062215 -0.030303 -0.057458
v 0.077160 0.008359 -0.047184
v 0.077352 0.008913 -0.047356
v 0.076791 0.008119 -0.047138
v 0.076285 0.007267 -0.047536
v 0.078648 -0.033131 -0.048259
v 0.081519 0.006299 -0.055123
v 0.078783 0.004350 -0.053147
v 0.080364 0.006274 -0.053138
v 0.088977 -0.005669 -0.066175
v 0.090560 0.001700 -0.066238
v 0.091916 0.001895 -0.067647
v 0.090246 -0.005805 -0.067342
v 0.066684 -0.033738 -0.043140
v 0.073965 -0.000402 -0.052439
v 0.074978 -0.001718 -0.051767
v 0.076238 0.005195 -0.050440
v 0.075648 0.006368 -0.047916
v 0.071228 -0.016591 -0.038859
v 0.086763 0.015291 -0.062947
v 0.087348 0.013726 -0.064314
v 0.085850 0.014159 -0.061732
v 0.085711 0.015240 -0.060232
v 0.085207 0.017532 -0.058625
v 0.084577 0.018217 -0.058172
v 0.086248 0.016798 -0.061264
v 0.078482 0.005812 -0.051316
v 0.079699 0.006780 -0.052070
v 0.076048 -0.021567 -0.048022
v 0.077086 -0.027114 -0.048039
v 0.083837 -0.015514 -0.061048
v 0.082704 -0.014904 -0.058648
v 0.084003 -0.004668 -0.069844
v 0.083996 0.004017 -0.069666
v 0.082238 0.003867 -0.067801
v 0.082710 -0.004435 -0.068573
v 0.076371 -0.002188 -0.065512
v 0.072765 -0.001215 -0.065457
v 0.073642 -0.004302 -0.042361
v 0.073068 -0.000571 -0.040384
v 0.074960 0.004396 -0.049731
v 0.075143 0.006106 -0.048305
v 0.077561 -0.019066 -0.062788
v 0.074057 -0.026035 -0.055310
v 0.077917 -0.021211 -0.060916
v 0.069943 -0.026435 -0.053365
v 0.069756 -0.027465 -0.051077
v 0.072303 -0.027648 -0.052587
v 0.079719 -0.019342 -0.056051
v 0.081800 -0.018023 -0.058465
v 0.072767 -0.003850 -0.048268
v 0.071698 -0.005415 -0.049936
v 0.070936 -0.003812 -0.048067
v 0.084407 -0.000345 -0.059168
v 0.084633 -0.008077 -0.059930
v 0.079738 0.009200 -0.047319
v 0.076783 -0.000175 -0.046960
v 0.077538 0.003171 -0.045010
v 0.082565 0.012137 -0.047566
v 0.081386 0.010718 -0.047918
v 0.080691 0.009842 -0.047600
v 0.081506 0.010357 -0.046753
v 0.066231 -0.012520 -0.050106
v 0.068386 -0.014233 -0.048276
v 0.070068 -0.011267 -0.047598
v 0.084215 0.017414 -0.055656
v 0.084822 0.015646 -0.056655
v 0.081270 0.010203 -0.065083
v 0.079986 0.010691 -0.051770
v 0.079993 0.009314 -0.052876
v 0.078502 0.022839 -0.059354
v 0.078909 0.020221 -0.055587
v 0.078709 0.020444 -0.054174
v 0.078509 0.025159 -0.054648
v 0.069159 -0.030332 -0.047891
v 0.071813 -0.030074 -0.050499
v 0.071469 -0.028736 -0.050970
v 0.069591 -0.028762 -0.049167
v 0.072927 -0.017546 -0.049242
v 0.071068 -0.017799 -0.051116
v 0.084533 -0.014044 -0.063859
v 0.084077 -0.014970 -0.062837
v 0.085326 -0.011001 -0.064758
v 0.085436 -0.009525 -0.065685
v 0.075436 0.003062 -0.054505
v 0.075033 0.001994 -0.053318
v 0.077384 0.015320 -0.056869
v 0.079767 0.017078 -0.058020
v 0.079841 0.019130 -0.054919
v 0.077994 0.017660 -0.055065
v 0.083052 0.010892 -0.066988
v 0.079964 0.007816 -0.052936
v 0.080309 0.007981 -0.053804
v 0.079816 0.008222 -0.052335
v 0.076452 0.005719 -0.047385
v 0.078591 0.004546 -0.047397
v 0.082373 0.012447 -0.048915
v 0.084926 0.015606 -0.051501
v 0.084125 0.016192 -0.052714
v 0.081893 0.013333 -0.049108
v 0.078088 0.010491 -0.047870
v 0.012913 -0.033308 -0.123621
v 0.014719 -0.023075 -0.130862
v -0.038266 0.048454 0.038368
v -0.045760 0.046953 0.032812
v -0.044271 0.041348 0.035975
v -0.037005 0.042042 0.040238
v 0.080277 0.019802 -0.047640
v 0.080350 0.021188 -0.051049
v 0.081400 0.022054 -0.051497
v 0.080862 0.020539 -0.048165
v 0.085714 0.014116 -0.059816
v 0.088262 0.010816 -0.065052
v 0.076049 -0.003655 -0.050652
v 0.073479 -0.006405 -0.051426
v 0.064001 -0.006830 -0.050548
v 0.064334 -0.005693 -0.050274
v 0.064990 -0.006036 -0.051312
v 0.064917 -0.006919 -0.051771
v 0.068053 -0.012106 -0.052632
v 0.070179 -0.012903 -0.051886
v 0.069248 -0.014347 -0.050382
v 0.067455 -0.013373 -0.051992
v 0.063512 -0.009467 -0.051061
v 0.063769 -0.008022 -0.050759
v 0.064528 -0.008492 -0.052245
v 0.064153 -0.010005 -0.052937
v 0.083542 0.017993 -0.054000
v 0.085053 0.017745 -0.056206
v 0.090195 0.009477 -0.063845
v 0.090461 0.007451 -0.065059
v 0.087761 0.014548 -0.062236
v 0.088127 0.012773 -0.063575
v 0.073338 -0.011734 -0.041799
v 0.074368 -0.011545 -0.043382
v 0.074052 -0.013131 -0.043450
v 0.091284 0.012011 -0.063570
v 0.090522 0.014904 -0.065556
v 0.072364 -0.028898 -0.039693
v 0.071383 -0.030555 -0.038626
v 0.046562 -0.103168 -0.027000
v 0.054717 -0.096427 -0.039259
v 0.053732 -0.106551 -0.039133
v 0.045397 -0.112750 -0.027185
v 0.081409 0.015308 -0.046543
v 0.079817 0.018144 -0.046717
v 0.063486 -0.011425 -0.051419
v 0.063467 -0.011575 -0.051512
v 0.066068 -0.013312 -0.051267
v 0.068140 -0.007503 -0.048620
v 0.064558 -0.007100 -0.049812
v 0.068771 -0.010679 -0.052424
v 0.068357 -0.005566 -0.050739
v 0.068046 -0.004374 -0.049531
v 0.068830 -0.017223 -0.047754
v 0.069706 -0.018194 -0.049605
v 0.071267 -0.018667 -0.046616
v 0.064513 -0.012085 -0.053084
v 0.076264 0.004548 -0.052648
v 0.071481 -0.010363 -0.052134
v 0.072480 -0.012574 -0.054232
v 0.071727 -0.014224 -0.053489
v 0.070815 -0.012033 -0.052215
v 0.078373 -0.022211 -0.054288
v 0.078233 -0.020438 -0.054367
v 0.070766 -0.016646 -0.055994
v 0.073893 -0.017112 -0.054375
v 0.076189 -0.000924 -0.050630
v 0.077672 0.001955 -0.048319
v 0.073485 -0.003771 -0.048789
v 0.071567 -0.008257 -0.051187
v 0.073159 -0.010635 -0.053559
v 0.068263 -0.006394 -0.048733
v 0.071426 -0.006042 -0.047367
v 0.071178 -0.005018 -0.047639
v 0.068237 -0.005460 -0.048946
v 0.081640 0.009467 -0.054108
v 0.078551 0.016093 -0.044931
v 0.080565 0.012819 -0.045299
v 0.078743 0.027208 -0.071249
v 0.076197 0.019118 -0.075919
v 0.077593 0.019761 -0.062993
v 0.069557 -0.009091 -0.052148
v 0.064614 -0.005194 -0.050329
v 0.065146 -0.005740 -0.050025
v 0.084313 -0.018274 -0.061700
v 0.071732 -0.019458 -0.046245
v 0.075413 0.003836 -0.047870
v 0.083251 -0.009696 -0.068807
v 0.082322 -0.015082 -0.066937
v 0.075100 0.005241 -0.048087
v 0.075309 0.006268 -0.048070
v 0.070530 -0.018167 -0.050557
v 0.072451 -0.018161 -0.048063
v 0.075654 0.006538 -0.047821
v 0.074549 -0.011967 -0.044802
v 0.085637 0.009384 -0.058787
v 0.075651 -0.029565 -0.055284
v 0.073785 -0.031006 -0.052414
v 0.065000 -0.006137 -0.049656
v 0.068049 -0.014149 -0.049704
v 0.068663 -0.007215 -0.051180
v 0.073539 -0.008198 -0.046548
v 0.073146 -0.010354 -0.046358
v 0.074728 -0.009714 -0.044548
v 0.074826 -0.016507 -0.056023
v 0.071432 -0.014556 -0.057926
v 0.072583 -0.013735 -0.059922
v 0.076712 -0.015432 -0.057272
v 0.081086 -0.020121 -0.064634
v 0.079372 -0.024589 -0.061455
v 0.081686 -0.026627 -0.061532
v 0.084049 -0.021694 -0.064725
v 0.079555 0.043276 -0.080308
v 0.079513 0.032835 -0.064398
v 0.080308 0.049611 -0.068868
v 0.082575 0.018514 -0.062591
v 0.082391 0.016286 -0.064054
v 0.087688 0.016807 -0.066449
v 0.078069 0.023097 -0.049252
v 0.078481 0.020454 -0.052658
v 0.080230 0.020363 -0.050831
v 0.087562 -0.005164 -0.070502
v 0.075749 0.005113 -0.042376
v 0.077872 0.005263 -0.044206
v 0.076456 -0.017745 -0.063708
v 0.078077 -0.017303 -0.054828
v 0.080506 -0.016513 -0.056504
v 0.088095 0.018165 -0.055901
v 0.086049 0.016068 -0.053382
v 0.010528 -0.117541 -0.001099
v 0.010156 -0.122946 -0.004260
v 0.007446 -0.009140 0.058047
v 0.008269 -0.009219 0.056842
v 0.007011 -0.007760 0.055821
v 0.006740 -0.007794 0.056429
v 0.007838 -0.017308 0.057581
v 0.007388 -0.016082 0.056906
v 0.008548 -0.015945 0.056081
v 0.009535 -0.017178 0.056841
v 0.005700 -0.007757 0.056341
v 0.004809 -0.009514 0.058565
v 0.005721 -0.009358 0.059298
v 0.006082 -0.007729 0.056530
v 0.088331 0.021262 -0.056747
v 0.011876 -0.016633 0.057569
v 0.010601 -0.015059 0.056903
v 0.010955 -0.014456 0.058507
v 0.013000 -0.015405 0.059372
v 0.004392 -0.015358 0.065232
v 0.005482 -0.013441 0.065218
v 0.004509 -0.014492 0.062997
v 0.004351 -0.016376 0.062774
v 0.007392 -0.012901 0.064527
v 0.009290 -0.012865 0.066331
v 0.010928 -0.013011 0.064396
v 0.008910 -0.013229 0.062962
v 0.004875 -0.012892 0.058729
v 0.005620 -0.014876 0.059909
v 0.004264 -0.012278 0.061464
v 0.010282 -0.012577 0.057062
v 0.009986 -0.013443 0.056090
v 0.008419 -0.010313 0.055823
v 0.008673 -0.010009 0.055876
v 0.050098 -0.086784 -0.026063
v 0.056306 -0.082503 -0.039932
v 0.034659 0.005476 0.038253
v 0.033751 0.002788 0.039345
v 0.029655 0.003855 0.040040
v 0.030597 0.006375 0.039031
v 0.075055 -0.007715 -0.043639
v 0.074262 -0.006969 -0.042660
v 0.082389 0.013721 -0.065468
v 0.086576 0.015746 -0.061763
v 0.082895 0.020063 -0.060747
v 0.082389 0.021608 -0.056125
v 0.080925 0.020322 -0.055445
v 0.081035 0.018590 -0.059283
v 0.089947 0.015594 -0.060454
v 0.072788 -0.020911 -0.046106
v 0.083164 0.005515 -0.057006
v 0.081886 0.022062 -0.053672
v 0.085022 0.023231 -0.054103
v 0.087275 -0.005180 -0.066078
v 0.090539 0.014247 -0.062181
v 0.089361 0.012623 -0.061011
v 0.083568 0.014107 -0.048404
v 0.074919 -0.011146 -0.060998
v 0.080661 -0.011236 -0.058812
v 0.078841 -0.013912 -0.058142
v -0.090522 0.012624 -0.069986
v -0.090726 0.010125 -0.071221
v -0.091228 0.008304 -0.069373
v -0.090942 0.010409 -0.067999
v -0.086799 -0.004703 -0.069766
v -0.087118 0.002268 -0.070772
v -0.088204 0.004798 -0.071304
v -0.088637 0.002566 -0.070569
v 0.074156 -0.013089 -0.060777
v 0.074641 0.000860 -0.053017
v 0.070998 -0.016012 -0.036772
v 0.078489 -0.026667 -0.051413
v -0.086843 -0.014898 -0.066696
v -0.085573 -0.014316 -0.066680
v -0.086830 -0.009755 -0.068198
v -0.088529 -0.010170 -0.068536
v 0.079327 -0.025492 -0.053785
v 0.029103 -0.032716 -0.118023
v 0.032695 -0.021701 -0.124476
v 0.089634 -0.005562 -0.069175
v 0.084094 0.018165 -0.055393
v 0.074701 -0.021366 -0.047220
v 0.075110 -0.026593 -0.045044
v 0.073540 -0.025900 -0.043499
v 0.080155 0.008463 -0.053549
v 0.075634 -0.016279 -0.063612
v 0.075392 -0.013982 -0.064821
v 0.065174 -0.005418 -0.051022
v 0.078442 -0.022793 -0.060973
v 0.075028 -0.027676 -0.055187
v 0.058278 -0.078472 -0.053469
v 0.055066 -0.074928 -0.069012
v -0.073923 -0.034725 -0.042821
v -0.076346 -0.031891 -0.045303
v -0.076498 -0.034846 -0.046709
v -0.072175 -0.036263 -0.045191
v 0.055959 -0.086738 -0.067219
v 0.058166 -0.091141 -0.052718
v 0.071763 -0.002370 -0.037371
v 0.072323 -0.009158 -0.039701
v 0.071892 -0.010439 -0.038115
v 0.025372 -0.108110 -0.006337
v 0.021683 -0.118431 -0.009578
v 0.070379 -0.015527 -0.033177
v 0.070126 -0.015913 -0.021705
v 0.071269 -0.000518 -0.021771
v 0.070659 -0.005630 -0.032177
v 0.059429 0.030896 0.014874
v 0.061200 0.032454 0.009483
v 0.062033 0.022302 0.010076
v 0.059913 0.023401 0.014171
v 0.020226 0.087592 0.030912
v 0.010269 0.088403 0.033388
v 0.010162 0.095470 0.027206
v 0.020378 0.094272 0.024548
v 0.034582 -0.013376 -0.128538
v 0.036468 -0.002878 -0.133100
v 0.016842 -0.005673 -0.140139
v 0.015723 -0.015425 -0.135086
v 0.020557 0.111481 0.002061
v 0.010098 0.113040 0.004762
v 0.010221 0.118175 -0.005306
v -0.069214 -0.034880 -0.046249
v -0.072971 -0.035250 -0.050629
v -0.072517 -0.032004 -0.051825
v -0.069502 -0.032129 -0.048543
v 0.020860 0.116384 -0.007670
v 0.053439 0.001114 0.029177
v 0.055709 -0.005559 0.028783
v 0.051854 -0.005754 0.032716
v 0.050005 0.001015 0.032258
v 0.075043 -0.031061 -0.042326
v 0.073941 -0.029982 -0.041174
v -0.085907 0.021474 -0.056878
v -0.086294 0.017808 -0.056196
v -0.085060 0.016665 -0.054160
v -0.084435 0.020277 -0.054435
v -0.072934 -0.009322 -0.066940
v -0.071390 -0.015904 -0.065410
v -0.077248 -0.011177 -0.067862
v -0.077579 -0.008307 -0.068149
v 0.010406 0.122608 -0.017094
v 0.021296 0.120655 -0.019050
v 0.012048 0.013135 0.044670
v -0.084488 0.011902 -0.063351
v -0.084954 0.012494 -0.066245
v -0.085527 0.010488 -0.067446
v -0.084783 0.009206 -0.065202
v -0.087515 0.014157 -0.070928
v -0.087694 0.011365 -0.072372
v -0.072570 -0.025872 -0.042022
v -0.071580 -0.022487 -0.041224
v -0.071905 -0.020869 -0.042642
v -0.072383 -0.021858 -0.044169
v -0.073727 -0.009621 -0.058330
v -0.075296 -0.005132 -0.055684
v -0.083322 -0.025237 -0.061903
v -0.083287 -0.023420 -0.060932
v -0.085448 -0.019410 -0.064020
v -0.085429 -0.020751 -0.065496
v 0.012359 0.015012 0.041990
v 0.015934 0.011467 0.041040
v 0.015618 0.009297 0.043358
v 0.008126 0.061584 0.045276
v 0.009002 0.069700 0.042412
v 0.018021 0.070003 0.040934
v 0.016622 0.062028 0.044203
v 0.020715 0.008961 0.039992
v 0.019814 0.006879 0.041607
v 0.010112 0.101863 0.020423
v 0.020487 0.100539 0.017607
v 0.020723 0.127049 -0.069277
v -0.080198 -0.021326 -0.059225
v -0.082503 -0.018487 -0.062485
v -0.083399 -0.017792 -0.064237
v -0.082604 -0.019995 -0.062233
v 0.021203 0.127205 -0.060740
v 0.010039 0.129841 -0.061177
v -0.086320 0.014409 -0.064403
v -0.085084 0.016667 -0.059562
v -0.086608 0.015583 -0.058205
v -0.088174 0.013536 -0.062377
v 0.011068 0.129052 -0.073778
v 0.067866 0.000338 -0.092917
v 0.070769 -0.001208 -0.076946
v 0.073826 0.010655 -0.078527
v 0.072127 0.016717 -0.095534
v 0.037302 -0.100164 -0.014366
v 0.034307 -0.111447 -0.017211
v -0.079047 0.003233 -0.067320
v -0.077416 0.008130 -0.065056
v -0.076743 0.007468 -0.064968
v -0.078019 0.003261 -0.067173
v -0.087013 0.011651 -0.068881
v -0.087510 0.009469 -0.070114
v -0.086036 0.008186 -0.068837
v -0.077202 0.009029 -0.052202
v -0.078976 0.010034 -0.054208
v -0.078831 0.008575 -0.055131
v -0.078681 0.007336 -0.054365
v -0.075924 -0.035637 -0.050334
v -0.070013 -0.024504 -0.058907
v -0.071518 -0.024068 -0.060654
v -0.074191 -0.019938 -0.063549
v -0.072775 -0.018784 -0.063859
v 0.053399 0.053178 0.021474
v 0.054878 0.058876 0.017420
v 0.058445 0.051980 0.013174
v 0.056446 0.047153 0.017906
v 0.006580 0.048305 0.048846
v 0.014027 0.048668 0.048424
v 0.012143 0.042609 0.048596
v 0.005789 0.042243 0.049223
v -0.069450 -0.033129 -0.040646
v -0.072626 -0.032781 -0.040915
v -0.073163 -0.033798 -0.041999
v -0.070087 -0.034906 -0.042450
v 0.060024 0.015626 0.015207
v 0.062556 0.012622 0.012339
v 0.061829 0.004165 0.017190
v 0.058923 0.008339 0.019199
v 0.055937 0.002701 0.025776
v -0.079664 0.013368 -0.054469
v -0.081379 0.012723 -0.056322
v -0.079811 0.011917 -0.055782
v -0.078827 0.012303 -0.054334
v 0.058360 -0.003533 0.025340
v -0.085978 0.000492 -0.069155
v -0.085178 0.006752 -0.066879
v 0.019350 0.078799 0.036915
v 0.009707 0.078993 0.038733
v 0.060467 0.043111 0.009937
v 0.058357 0.039402 0.015524
v 0.009421 0.016360 0.047022
v 0.010099 0.017774 0.043545
v 0.007671 0.022638 0.046087
v -0.085402 -0.008434 -0.064259
v -0.085270 -0.008091 -0.067123
v -0.084975 -0.012123 -0.065564
v -0.084501 -0.012228 -0.062991
v 0.004571 0.022119 0.051757
v 0.004340 0.026182 0.050223
v 0.007321 0.026275 0.046697
v 0.034078 0.061484 0.037220
v 0.035700 0.068716 0.033448
v 0.043176 0.067136 0.027961
v 0.041690 0.060370 0.031884
v 0.020508 0.106161 0.010295
v -0.085444 -0.000684 -0.063994
v -0.085493 -0.000580 -0.067294
v 0.010062 0.107589 0.013096
v 0.004870 0.034820 0.049072
v 0.009130 0.035082 0.047089
v 0.008125 0.031688 0.046571
v -0.088990 0.007579 -0.068251
v -0.089308 0.001832 -0.069261
v -0.088382 0.008239 -0.069169
v -0.075680 0.011021 -0.062167
v -0.076091 0.014195 -0.065964
v -0.075385 0.008291 -0.068145
v -0.075925 0.008756 -0.063977
v 0.004732 0.031779 0.049135
v 0.024671 0.005125 0.040677
v 0.025607 0.007412 0.039582
v 0.065616 -0.029989 -0.047795
v 0.067302 -0.031398 -0.046485
v 0.073575 0.015537 -0.034397
v 0.071736 0.004977 -0.032811
v 0.072314 0.012932 -0.022988
v 0.073042 0.025568 -0.025412
v 0.075016 0.037207 -0.029090
v 0.075755 0.045783 -0.034452
v 0.076968 0.030135 -0.041082
v 0.075623 0.024538 -0.037017
v 0.051569 -0.083835 -0.080294
v 0.048905 -0.073407 -0.083398
v 0.004389 0.019216 0.054907
v 0.004210 0.016326 0.057590
v 0.019382 0.036413 -0.151237
v -0.072097 -0.016881 -0.043107
v -0.073192 -0.014658 -0.044552
v -0.071591 -0.016679 -0.046348
v -0.071004 -0.019314 -0.045683
v 0.018698 0.022809 -0.149383
v 0.039034 0.026765 -0.140937
v 0.039459 0.039728 -0.142348
v 0.064611 -0.010202 -0.089113
v -0.074861 -0.022044 -0.062347
v -0.072192 -0.025104 -0.059869
v -0.072681 -0.025770 -0.059212
v -0.075262 -0.023697 -0.060944
v 0.068046 -0.009830 -0.074335
v 0.009456 -0.011711 0.058659
v 0.006862 -0.007771 0.055136
v 0.007431 -0.010559 0.056097
v 0.006976 -0.008007 0.055221
v 0.010290 -0.013778 0.060919
v 0.012525 -0.013683 0.062294
v 0.007902 -0.014132 0.055619
v 0.006932 -0.014192 0.056042
v 0.006713 -0.010278 0.056346
v 0.007200 -0.007807 0.055319
v 0.001817 -0.016886 0.067535
v 0.002421 -0.015403 0.070418
v 0.006029 -0.014014 0.069353
v 0.004561 -0.015511 0.067354
v 0.005835 -0.007762 0.056178
v 0.005123 -0.010057 0.057466
v 0.005021 -0.011698 0.062994
v 0.006592 -0.009145 0.058965
v 0.006439 -0.007762 0.056566
v 0.006761 -0.011251 0.062116
v 0.005517 -0.016827 0.060404
v 0.008178 -0.011351 0.060600
v -0.082872 0.013496 -0.058254
v -0.083424 0.009298 -0.059407
v -0.082094 0.009272 -0.058172
v -0.076567 -0.020419 -0.051818
v -0.076948 -0.019169 -0.053863
v -0.078032 -0.021848 -0.055089
v -0.077772 -0.023810 -0.053147
v 0.076674 -0.018200 -0.053431
v 0.057936 -0.065180 -0.034367
v 0.060285 -0.049255 -0.041306
v 0.059860 -0.049822 -0.046628
v -0.079653 -0.031650 -0.055972
v -0.077175 -0.032181 -0.057016
v -0.075253 -0.034156 -0.053579
v -0.077857 -0.034022 -0.053151
v -0.072088 -0.020452 -0.044958
v -0.071776 -0.019431 -0.042958
v -0.080797 0.003515 -0.069186
v -0.079945 0.009292 -0.066327
v 0.058316 -0.065786 -0.043238
v 0.081612 0.007980 -0.054743
v 0.067047 0.057231 -0.005622
v 0.067784 0.069106 -0.014503
v 0.072918 0.057622 -0.025800
v -0.084460 0.007787 -0.063197
v -0.084898 0.005590 -0.064666
v 0.072827 0.046986 -0.020445
v 0.068361 0.078871 -0.022763
v 0.073432 0.068496 -0.033129
v 0.076551 0.056750 -0.042775
v 0.078761 0.036434 -0.056231
v 0.042880 0.017725 0.033065
v 0.043059 0.017563 0.033222
v 0.041421 0.017319 0.034500
v -0.074564 -0.004223 -0.048286
v -0.072915 -0.003783 -0.050096
v -0.073226 -0.004607 -0.049985
v -0.075292 -0.005676 -0.048011
v 0.041563 0.017432 0.034281
v 0.042337 0.017997 0.032439
v 0.040843 0.017614 0.033623
v -0.074596 -0.004669 -0.046727
v -0.075118 -0.006234 -0.046577
v -0.074447 -0.006299 -0.045738
v -0.074096 -0.005481 -0.045563
v 0.043357 0.018307 0.031424
v 0.043917 0.018036 0.031951
v 0.044153 0.017825 0.032114
v 0.024807 0.018847 0.036407
v 0.025856 0.019138 0.035850
v 0.028599 0.018188 0.035952
v 0.027520 0.018121 0.036999
v 0.024588 0.018529 0.036922
v 0.027703 0.017784 0.037476
v -0.072196 -0.003553 -0.050655
v -0.072600 -0.003843 -0.050354
v -0.072770 -0.003330 -0.050412
v -0.075990 -0.000792 -0.062121
v -0.076057 -0.008160 -0.063751
v -0.075249 -0.009448 -0.063666
v -0.076489 -0.003728 -0.061374
v 0.028977 0.020802 0.030702
v 0.028274 0.021125 0.030574
v -0.085734 -0.007049 -0.068709
v 0.029968 0.020419 0.030808
v 0.023213 0.020635 0.033931
v 0.023197 0.021941 0.033969
v -0.082318 0.016786 -0.050422
v -0.081497 0.019526 -0.050142
v -0.083791 0.022164 -0.054064
v 0.027748 0.022229 0.030598
v 0.027796 0.021365 0.030490
v 0.023777 0.020307 0.034171
v -0.070952 -0.017729 -0.056400
v -0.074594 -0.017431 -0.053861
v -0.073897 -0.017478 -0.052150
v -0.071575 -0.017829 -0.054514
v -0.072539 -0.012658 -0.049215
v -0.070221 -0.015681 -0.049079
v -0.073677 -0.014243 -0.047087
v -0.074532 0.001051 -0.046495
v -0.073949 -0.002576 -0.049243
v -0.074143 -0.003537 -0.047897
v -0.074159 -0.003250 -0.046539
v -0.086858 -0.015556 -0.068105
v -0.088113 -0.010375 -0.070248
v -0.086557 -0.010538 -0.071981
v -0.085417 -0.016152 -0.069801
v 0.021876 0.019973 0.034507
v 0.020784 0.020231 0.034099
v -0.070777 -0.029454 -0.039552
v -0.066107 -0.031453 -0.042944
v -0.069878 -0.026523 -0.039591
v -0.089071 0.018829 -0.064895
v -0.087058 0.020555 -0.065108
v -0.087314 0.018683 -0.067384
v -0.089762 0.017029 -0.066971
v -0.074360 0.002108 -0.054433
v -0.073937 0.000203 -0.054293
v -0.074385 0.001227 -0.052893
v -0.074320 0.003367 -0.052904
v 0.020755 0.021951 0.034339
v 0.032626 0.016788 0.037605
v 0.032849 0.016110 0.037661
v 0.028361 0.016535 0.037876
v 0.028036 0.017238 0.037758
v 0.032316 0.017223 0.037388
v 0.035868 0.017265 0.036575
v 0.035865 0.016789 0.036800
v 0.036182 0.016119 0.036724
v -0.052515 -0.031896 -0.096558
v -0.060279 -0.032134 -0.077999
v -0.064379 -0.018367 -0.086290
v -0.057446 -0.018427 -0.101927
v -0.080512 -0.028664 -0.055209
v -0.079840 -0.030762 -0.052661
v -0.076435 0.008411 -0.045014
v -0.075756 0.010011 -0.043646
v -0.076392 0.015531 -0.045232
v -0.077329 0.012531 -0.045556
v 0.025215 0.017379 0.037682
v 0.025075 0.018092 0.037394
v 0.036423 0.015465 0.036577
v 0.033185 0.015464 0.037536
v -0.088414 0.003959 -0.074165
v -0.090759 0.003220 -0.072723
v 0.028529 0.015939 0.037827
v 0.025003 0.017048 0.037740
v 0.022077 0.018197 0.037091
v 0.023346 0.018305 0.037218
v 0.033625 0.014661 0.037276
v 0.033290 0.013872 0.037267
v 0.028697 0.014302 0.037796
v 0.028756 0.015131 0.037781
v -0.079115 0.013519 -0.052943
v -0.080738 0.016278 -0.055847
v -0.079570 0.014149 -0.054791
v -0.078635 0.012793 -0.053179
v -0.079065 0.005426 -0.049826
v -0.079635 0.006709 -0.049838
v -0.077805 0.007569 -0.050084
v -0.076912 0.006268 -0.050268
v 0.036705 0.014743 0.036189
v 0.036647 0.013896 0.036073
v -0.075084 0.014796 -0.042428
v -0.076044 0.019864 -0.045799
v 0.045321 0.018014 0.030328
v 0.045817 0.018470 0.029506
v 0.045773 0.017959 0.029488
v -0.067956 -0.024734 -0.058318
v 0.045399 0.017554 0.029957
v 0.047891 0.014971 0.026910
v 0.048962 0.016295 0.026043
v 0.050758 0.015386 0.024481
v -0.078281 0.007330 -0.047131
v -0.079013 0.009907 -0.047257
v -0.080142 0.008454 -0.049642
v -0.070486 -0.021768 -0.039258
v -0.071352 -0.019982 -0.041311
v -0.078333 0.012439 -0.052946
v -0.077744 0.011286 -0.052780
v -0.076467 0.007434 -0.051145
v -0.077340 0.006338 -0.053314
v 0.049430 0.013802 0.025950
v -0.081234 0.000093 -0.060344
v -0.081970 -0.007903 -0.061706
v 0.057746 0.004919 0.022307
v 0.051899 0.010959 0.025235
v 0.053330 0.012520 0.023082
v 0.044766 0.017751 0.031208
v 0.044082 0.017454 0.032176
v 0.044796 0.018087 0.031147
v 0.045275 0.018431 0.030237
v 0.044888 0.017214 0.030783
v 0.044111 0.016918 0.031908
v 0.043008 0.017270 0.033235
v 0.042888 0.016638 0.033155
v 0.041216 0.016351 0.034456
v 0.041164 0.017024 0.034593
v 0.038766 0.016886 0.035822
v -0.067379 -0.018123 -0.072494
v -0.063628 -0.031201 -0.058515
v 0.039314 0.017297 0.035522
v 0.039114 0.016192 0.035594
v 0.041462 0.015744 0.034086
v 0.039341 0.015554 0.035348
v 0.043052 0.016036 0.032627
v 0.044199 0.016392 0.031355
v 0.044988 0.016755 0.030244
v 0.045665 0.017139 0.029432
v 0.046160 0.017742 0.028872
v 0.045265 0.016149 0.029648
v 0.045843 0.015317 0.028913
v 0.044611 0.014882 0.030243
v 0.044345 0.015763 0.030841
v 0.046131 0.016647 0.028738
v 0.046885 0.015908 0.027850
v -0.076653 0.008024 -0.050400
v -0.076800 0.008567 -0.050590
v -0.076349 0.007767 -0.050307
v -0.075880 0.006912 -0.050733
v 0.043238 0.015456 0.032118
v 0.043292 0.014662 0.031676
v 0.041644 0.014381 0.033175
v 0.041593 0.015095 0.033666
v -0.078837 -0.032642 -0.050194
v -0.080798 0.006135 -0.058257
v -0.078547 0.004028 -0.056257
v -0.079906 0.005990 -0.056293
v 0.039503 0.014867 0.034990
v 0.039727 0.014040 0.034532
v -0.088627 -0.005678 -0.068715
v -0.090443 0.001588 -0.068877
v -0.091717 0.001791 -0.070260
v -0.089840 -0.005787 -0.069827
v 0.032436 0.017331 0.036998
v 0.032206 0.017634 0.035747
v 0.035510 0.017398 0.035307
v 0.036303 0.017342 0.036118
v 0.039623 0.017342 0.035218
v -0.067510 -0.033763 -0.044776
v -0.073725 -0.000508 -0.055642
v -0.074878 -0.001832 -0.054940
v 0.038552 0.017537 0.034510
v 0.035642 0.017545 0.033978
v 0.034054 0.019605 0.030481
v 0.035412 0.019592 0.030166
v 0.038123 0.017612 0.033269
v -0.076019 0.004696 -0.053598
v -0.075309 0.005976 -0.051051
v 0.032667 0.017835 0.034384
v 0.032650 0.019806 0.030637
v 0.029561 0.018493 0.034598
v -0.071499 -0.017009 -0.040963
v 0.031241 0.020049 0.030795
v 0.026944 0.019221 0.034842
v 0.033723 0.030118 0.037474
v 0.034053 0.030395 0.037829
v 0.039124 0.029809 0.036873
v 0.038372 0.029436 0.036665
v 0.049348 0.000426 -0.122575
v 0.050960 0.015271 -0.128033
v 0.038401 0.010828 -0.137815
v 0.041595 0.027043 0.035593
v 0.041545 0.027922 0.035431
v 0.044018 0.026688 0.033659
v 0.043884 0.025806 0.033695
v 0.041581 0.026084 0.035803
v -0.085835 0.015138 -0.066195
v -0.086571 0.013567 -0.067500
v -0.084776 0.013991 -0.065048
v -0.084620 0.015069 -0.063561
v -0.084121 0.017366 -0.061861
v -0.083568 0.018067 -0.061445
v -0.085227 0.016642 -0.064565
v -0.078152 0.005420 -0.054497
v -0.079186 0.006469 -0.055296
v 0.043695 0.024788 0.033788
v 0.038788 0.027328 0.037673
v -0.076732 -0.021580 -0.050120
v -0.077316 -0.026936 -0.050135
v -0.083950 -0.015582 -0.063484
v -0.083192 -0.015041 -0.060908
v -0.083971 -0.004878 -0.072631
v -0.084162 0.003741 -0.072504
v -0.082528 0.003525 -0.070595
v -0.082823 -0.004704 -0.071314
v 0.038841 0.028278 0.037382
v 0.038675 0.029045 0.036955
v 0.042383 0.023130 0.029451
v 0.041672 0.023983 0.030219
v -0.077608 -0.002662 -0.068126
v -0.074448 -0.001714 -0.067828
v -0.073823 -0.004694 -0.044975
v -0.073247 -0.001011 -0.042825
v -0.074813 0.004021 -0.052877
v -0.074952 0.005691 -0.051432
v -0.078501 -0.019624 -0.065042
v -0.074789 -0.026482 -0.057469
v -0.078635 -0.021717 -0.063255
v -0.070915 -0.027012 -0.055310
v -0.070635 -0.027942 -0.052982
v -0.072997 -0.028043 -0.054639
v 0.042534 0.023963 0.031654
v 0.043544 0.023155 0.030356
v 0.042897 0.022511 0.028866
v 0.044051 0.022448 0.029405
v 0.038347 0.022433 0.027742
v 0.037990 0.022800 0.028095
v 0.037410 0.023246 0.028589
v -0.080186 -0.019417 -0.058258
v -0.082075 -0.018081 -0.060795
v 0.038576 0.022087 0.027543
v -0.072793 -0.004005 -0.051277
v -0.071552 -0.005439 -0.053025
v -0.070972 -0.003974 -0.051028
v -0.084040 -0.000503 -0.061915
v -0.084557 -0.008191 -0.062494
v -0.079184 0.008902 -0.050510
v 0.038752 0.021711 0.027472
v -0.076605 -0.000346 -0.050068
v -0.077266 0.002950 -0.048152
v -0.082159 0.011820 -0.050478
v -0.080894 0.010397 -0.051022
v -0.080072 0.009577 -0.050742
v -0.080908 0.010104 -0.049765
v -0.066263 -0.012667 -0.052663
v -0.068444 -0.014394 -0.050816
v -0.070117 -0.011448 -0.050209
v 0.038898 0.021277 0.027495
v 0.038647 0.020928 0.027686
v 0.060375 -0.012089 0.022524
v 0.060371 -0.000503 0.021366
v -0.083036 0.017269 -0.059039
v -0.083545 0.015497 -0.060063
v -0.081286 0.009919 -0.067913
v 0.062612 -0.008526 0.018076
v 0.044515 0.018352 0.030960
v -0.079525 0.010303 -0.055091
v -0.079272 0.009058 -0.056199
v 0.044975 0.018750 0.030091
v -0.078211 0.022036 -0.060067
v -0.078630 0.019462 -0.056668
v -0.078371 0.019742 -0.055465
v -0.078087 0.024338 -0.055522
v 0.043883 0.018600 0.030571
v -0.069860 -0.030556 -0.049706
v -0.072404 -0.030299 -0.052469
v -0.072162 -0.029077 -0.052950
v -0.070332 -0.029094 -0.051025
v -0.073316 -0.017629 -0.051492
v -0.071623 -0.018005 -0.053433
v 0.044271 0.019035 0.029792
v -0.084651 -0.014247 -0.066450
v -0.084193 -0.015132 -0.065362
v -0.085197 -0.011146 -0.067376
v -0.085404 -0.009725 -0.068348
v 0.045434 0.019332 0.029245
v 0.045854 0.019020 0.029276
v 0.041534 0.018226 0.031595
v 0.037429 0.019885 0.029316
v 0.038083 0.020065 0.028789
v -0.075105 0.002790 -0.057852
v -0.074714 0.001848 -0.056680
v -0.077448 0.014773 -0.058762
v -0.079523 0.016639 -0.060077
v -0.079475 0.018697 -0.056839
v -0.077910 0.017081 -0.056798
v -0.082969 0.010655 -0.069861
v 0.042397 0.018617 0.030739
v 0.040031 0.017863 0.032581
v 0.036518 0.019708 0.029781
v 0.038060 0.020418 0.028357
v 0.038398 0.020615 0.027971
v -0.079410 0.007539 -0.056149
v -0.079741 0.007720 -0.056987
v 0.042506 0.019049 0.029987
v -0.079201 0.007940 -0.055602
v 0.042986 0.019515 0.029261
v 0.044543 0.019678 0.029188
v -0.076156 0.005381 -0.050558
v -0.078298 0.004281 -0.050563
v -0.081742 0.012183 -0.052036
v -0.084066 0.015479 -0.054567
v -0.083200 0.015991 -0.055944
v -0.081228 0.013017 -0.052337
v 0.043632 0.020620 0.028459
v 0.043547 0.021250 0.028431
v 0.044832 0.020225 0.028932
v -0.077540 0.010145 -0.051120
v 0.044853 0.020992 0.028814
v 0.043362 0.020098 0.028710
v -0.015490 -0.033346 -0.123683
v -0.017186 -0.023110 -0.130950
v 0.043317 0.021905 0.028553
v 0.044621 0.021655 0.029035
v 0.046103 0.018596 0.029031
v 0.046145 0.019453 0.028840
v 0.046570 0.020439 0.028283
v 0.046515 0.018644 0.028474
v -0.080207 0.019277 -0.049575
v -0.080193 0.020667 -0.052984
v -0.081246 0.021565 -0.053590
v -0.080743 0.020037 -0.050203
v -0.084381 0.014025 -0.063206
v 0.047149 0.018671 0.027767
v 0.046709 0.017409 0.028078
v 0.047516 0.021204 0.027866
v 0.048944 0.021668 0.026924
v -0.087708 0.010718 -0.068121
v -0.075939 -0.003759 -0.053772
v -0.073311 -0.006426 -0.054533
v 0.048319 0.018589 0.026759
v 0.047599 0.017017 0.027144
v 0.045824 0.019997 0.028840
v -0.063845 -0.006950 -0.053347
v -0.064178 -0.005810 -0.053159
v -0.064829 -0.006142 -0.054179
v -0.064748 -0.007016 -0.054553
v 0.045866 0.020666 0.028606
v 0.046969 0.022483 0.029105
v -0.068012 -0.012219 -0.055217
v -0.070224 -0.013032 -0.054496
v -0.069312 -0.014472 -0.052912
v -0.067485 -0.013481 -0.054492
v 0.047720 0.023336 0.028783
v 0.046345 0.021750 0.029196
v 0.045851 0.022756 0.030411
v 0.046331 0.023545 0.030387
v -0.063356 -0.009558 -0.053670
v -0.063607 -0.008130 -0.053477
v -0.064364 -0.008580 -0.054926
v -0.064028 -0.010123 -0.055393
v 0.046832 0.024386 0.030213
v 0.045374 0.024568 0.031929
v -0.082418 0.017823 -0.057381
v -0.083972 0.017634 -0.059483
v 0.045717 0.025457 0.031880
v 0.045018 0.023707 0.031913
v 0.045634 0.021484 0.029134
v -0.089733 0.009379 -0.066811
v -0.090063 0.007358 -0.067905
v -0.086943 0.014431 -0.065389
v -0.087452 0.012650 -0.066688
v 0.045191 0.022310 0.030016
v 0.044456 0.023277 0.031344
v 0.043308 0.024053 0.033193
v -0.073444 -0.012064 -0.044308
v -0.074445 -0.011831 -0.045949
v -0.074116 -0.013407 -0.045969
v -0.090856 0.011900 -0.066527
v -0.090204 0.014770 -0.068430
v -0.072991 -0.029056 -0.041370
v -0.072092 -0.030696 -0.040127
v -0.047447 -0.103519 -0.027411
v -0.055757 -0.097041 -0.039760
v -0.055110 -0.107269 -0.039588
v -0.046538 -0.113194 -0.027481
v -0.081253 0.014953 -0.048957
v -0.079820 0.017684 -0.048769
v 0.041393 0.025177 0.035238
v 0.040633 0.024923 0.033418
v 0.038559 0.026442 0.037126
v -0.063499 -0.011572 -0.054009
v -0.063469 -0.011697 -0.054019
v -0.066096 -0.013418 -0.053771
v -0.068199 -0.007725 -0.051391
v -0.064592 -0.007319 -0.052600
v 0.037861 0.025713 0.035041
v 0.034729 0.031429 0.038531
v 0.040148 0.031006 0.037388
v 0.037426 0.025604 0.033035
v 0.035032 0.024006 0.029967
v 0.033538 0.024052 0.030404
v 0.034352 0.025719 0.034013
v -0.068630 -0.010746 -0.055209
v 0.023887 0.023021 0.034470
v 0.024885 0.024026 0.035077
v -0.068217 -0.005592 -0.053810
v -0.068083 -0.004515 -0.052538
v -0.069216 -0.017504 -0.050027
v -0.070187 -0.018419 -0.051873
v -0.071808 -0.018892 -0.048802
v -0.064401 -0.012119 -0.055400
v -0.076000 0.004157 -0.055908
v 0.028726 0.023214 0.031121
v 0.028139 0.022774 0.030857
v 0.022098 0.023019 0.035291
v 0.023523 0.024199 0.036092
v -0.071349 -0.010397 -0.055098
v -0.072406 -0.012678 -0.057097
v -0.071702 -0.014346 -0.056170
v -0.070707 -0.012095 -0.054984
v -0.078647 -0.022257 -0.056583
v -0.078666 -0.020492 -0.056579
v -0.070597 -0.016859 -0.058747
v -0.074173 -0.017214 -0.056854
v -0.076058 -0.001054 -0.053855
v -0.077470 0.001745 -0.051496
v -0.073497 -0.003936 -0.051820
v -0.071454 -0.008281 -0.054218
v -0.073032 -0.010668 -0.056562
v -0.068311 -0.006605 -0.051589
v -0.071480 -0.006250 -0.050201
v -0.071222 -0.005201 -0.050533
v -0.068278 -0.005648 -0.051882
v -0.080818 0.009238 -0.057464
v -0.078342 0.015789 -0.046858
v -0.079961 0.012587 -0.047873
v -0.079105 0.026637 -0.071845
v -0.077159 0.018638 -0.076802
v -0.077630 0.019051 -0.063903
v -0.069415 -0.009105 -0.055130
v -0.064472 -0.005294 -0.053280
v -0.065181 -0.005948 -0.052957
v -0.084283 -0.018428 -0.064265
v -0.072451 -0.019653 -0.048317
v -0.075179 0.003520 -0.051007
v -0.083537 -0.010039 -0.071512
v -0.082598 -0.015443 -0.069610
v -0.074905 0.004877 -0.051248
v -0.075067 0.005877 -0.051251
v -0.071033 -0.018382 -0.052867
v -0.072839 -0.018266 -0.050274
v -0.075340 0.006149 -0.051004
v -0.074621 -0.012216 -0.047349
v -0.084455 0.009174 -0.062066
v 0.028578 0.025337 0.035282
v 0.030680 0.023852 0.031211
v -0.075822 -0.029642 -0.057499
v -0.074084 -0.031050 -0.054484
v 0.029551 0.023563 0.031260
v -0.065034 -0.006355 -0.052505
v 0.026683 0.024724 0.035200
v -0.068097 -0.014271 -0.052235
v -0.068538 -0.007283 -0.054116
v 0.027663 0.025910 0.037227
v 0.025258 0.025095 0.036697
v 0.034362 0.026248 0.036376
v -0.073616 -0.008464 -0.049226
v -0.073200 -0.010593 -0.048972
v -0.074831 -0.009992 -0.047149
v 0.021041 0.072039 -0.148052
v 0.020473 0.056482 -0.151341
v -0.075184 -0.016553 -0.058505
v -0.071591 -0.014789 -0.060693
v -0.072968 -0.013964 -0.062635
v -0.077100 -0.015375 -0.059685
v -0.081264 -0.020417 -0.067201
v -0.079552 -0.024796 -0.063819
v -0.081490 -0.026495 -0.063780
v -0.083896 -0.021679 -0.067117
v 0.039967 0.058289 -0.142456
v 0.040026 0.071807 -0.139789
v -0.079876 0.042786 -0.080674
v -0.079555 0.032183 -0.064929
v -0.080356 0.049037 -0.069208
v -0.082392 0.018137 -0.065057
v -0.082255 0.015966 -0.066658
v -0.087366 0.016606 -0.069279
v -0.077798 0.022348 -0.050528
v -0.078201 0.019825 -0.054129
v -0.080046 0.019795 -0.052558
v -0.087341 -0.005304 -0.073486
v 0.039797 0.024894 0.031700
v 0.036371 0.023702 0.029293
v 0.049995 0.072859 -0.131967
v 0.049252 0.081380 -0.129099
v 0.040561 0.083340 -0.134706
v 0.035159 -0.061273 -0.100690
v 0.025357 -0.072807 -0.107472
v -0.075534 0.004795 -0.045353
v -0.077542 0.004984 -0.047362
v 0.020049 0.022880 0.036511
v -0.077634 -0.018381 -0.065897
v 0.021916 0.024207 0.037046
v -0.078608 -0.017326 -0.056991
v -0.080887 -0.016526 -0.058703
v -0.087674 0.017895 -0.058581
v -0.085195 0.015889 -0.056359
v 0.018779 0.021700 0.036092
v 0.017946 0.021559 0.036150
v 0.019137 0.022982 0.036528
v 0.020831 0.024461 0.037088
v 0.024192 0.025369 0.037581
v 0.023394 0.025845 0.037979
v 0.027057 0.027149 0.038976
v 0.026976 0.026268 0.038487
v 0.034601 0.027204 0.038354
v 0.034783 0.028023 0.038747
v 0.026410 0.027998 0.038518
v 0.022697 0.026408 0.037483
v 0.025733 0.028907 0.037982
v 0.022718 0.027411 0.037241
v 0.034415 0.029706 0.037802
v 0.034931 0.028973 0.038395
v 0.021763 0.019047 0.036590
v 0.019531 0.019427 0.036328
v 0.022348 0.019404 0.036268
v 0.020020 0.019749 0.035966
v 0.023668 0.019737 0.035408
v 0.019003 0.020260 0.035801
v 0.018133 0.020102 0.036049
v -0.010931 -0.117567 -0.001251
v -0.010753 -0.122907 -0.004478
v 0.024920 0.019867 0.034641
v 0.018299 0.023004 0.036102
v 0.016969 0.021430 0.035965
v 0.017276 0.023635 0.035454
v 0.016209 0.021611 0.035572
v 0.019975 0.026093 0.036140
v 0.019948 0.024692 0.036363
v 0.017174 0.019986 0.035967
v 0.018094 0.019369 0.036235
v 0.016444 0.019961 0.035821
v 0.017392 0.019155 0.036139
v 0.024736 0.016476 0.037751
v 0.024592 0.015792 0.037765
v 0.021277 0.017792 0.037107
v 0.020662 0.017381 0.037024
v 0.032950 0.013034 0.037178
v 0.036304 0.012946 0.036170
v 0.032564 0.011926 0.037269
v -0.007604 -0.009117 0.057908
v -0.008443 -0.009174 0.056696
v -0.007192 -0.007730 0.055691
v -0.006912 -0.007778 0.056301
v 0.036077 0.011708 0.036191
v 0.027651 0.012597 0.038009
v 0.028207 0.013539 0.037884
v 0.033529 -0.118963 -0.018110
v 0.046652 0.014218 0.028301
v 0.047828 0.012800 0.027770
v 0.046132 0.012241 0.029474
v 0.045159 0.013826 0.029714
v 0.043504 0.013568 0.031264
v -0.008053 -0.017179 0.057381
v -0.007622 -0.015959 0.056725
v -0.008758 -0.015819 0.055907
v -0.009714 -0.017006 0.056612
v 0.044068 0.012068 0.031168
v 0.041732 0.011886 0.032949
v 0.041518 0.013371 0.032946
v 0.039490 0.013090 0.034490
v 0.039265 0.011615 0.034660
v 0.050022 0.018066 0.025321
v 0.051191 0.021572 0.024741
v 0.051868 0.017534 0.023539
v 0.053340 0.021216 0.022552
v 0.015536 0.024482 0.035671
v -0.005926 -0.007751 0.056213
v -0.005060 -0.009496 0.058446
v -0.005924 -0.009369 0.059181
v -0.006289 -0.007728 0.056408
v 0.015163 0.021980 0.035416
v 0.013994 0.025261 0.036669
v 0.013752 0.022502 0.036242
v 0.015345 0.028347 0.037726
v 0.017353 0.027293 0.036359
v 0.015622 0.020010 0.035799
v 0.016666 0.018844 0.036011
v 0.014571 0.019875 0.036153
v 0.015800 0.018331 0.036361
v 0.023889 0.015071 0.037746
v 0.023324 0.014166 0.037806
v 0.020026 0.016823 0.037153
v 0.019182 0.015991 0.037224
v 0.047437 -0.010609 -0.117690
v 0.051857 0.031038 -0.130754
v 0.047567 0.035025 0.034558
v 0.045289 0.032170 0.035412
v 0.041576 0.033349 0.037704
v 0.043316 0.036745 0.037732
v 0.050182 0.038885 0.032038
v 0.052675 0.035159 0.028960
v 0.050487 0.032490 0.031349
v 0.048084 0.030411 0.032955
v 0.052000 0.024617 0.025417
v 0.050211 0.024479 0.027108
v 0.050253 0.026456 0.028474
v 0.051946 0.027022 0.026897
v 0.053957 0.024516 0.023315
v 0.054121 0.027644 0.024918
v 0.051414 0.029419 0.028989
v 0.049464 0.028362 0.030513
v 0.053770 0.030949 0.027043
v 0.024326 0.033464 0.039805
v 0.024471 0.031550 0.038528
v 0.021269 0.029320 0.037345
v 0.020011 0.030344 0.038083
v 0.022422 0.034680 0.040809
v 0.017823 0.031305 0.039077
v 0.036808 0.037220 0.040401
v 0.035911 0.034084 0.039484
v 0.025635 0.029546 0.037622
v 0.023604 0.028413 0.037458
v 0.025100 0.029687 0.037564
v 0.022741 0.028301 0.037263
v 0.058162 0.092200 -0.111355
v 0.060408 0.098078 -0.098854
v 0.044015 0.108881 -0.105293
v 0.043060 0.101514 -0.117573
v 0.041371 0.028354 0.035677
v 0.042261 0.028840 0.035483
v 0.044815 0.027699 0.033687
v 0.044006 0.027280 0.033939
v 0.045955 0.026172 0.032005
v 0.046740 0.026602 0.031766
v 0.047959 0.025466 0.029946
v 0.047236 0.025189 0.030322
v 0.047897 0.024338 0.029086
v 0.048540 0.024213 0.028464
v 0.023091 0.029298 0.037564
v 0.025257 0.030271 0.037996
v 0.051274 0.061068 -0.133175
v 0.044924 0.074095 0.022868
v 0.051780 0.070393 0.016442
v 0.049693 0.064648 0.022120
v 0.043374 0.029948 0.035796
v 0.046077 0.028698 0.033648
v 0.047874 0.027368 0.031432
v 0.048955 0.026085 0.029596
v 0.049302 0.024998 0.028417
v 0.071699 -0.013290 -0.038199
v 0.071941 -0.013164 -0.039847
v 0.078193 -0.002895 -0.065639
v 0.075934 0.003643 -0.064602
v 0.074734 0.007085 -0.063331
v 0.080370 0.014109 -0.049211
v 0.082357 0.017129 -0.052036
v 0.082497 -0.021598 -0.058794
v 0.079138 -0.023511 -0.055061
v -0.088070 0.020969 -0.059304
v 0.082229 -0.020674 -0.059306
v 0.088586 0.013039 -0.061283
v 0.088958 0.011440 -0.062662
v 0.089870 0.011099 -0.062340
v 0.040482 -0.032017 -0.107873
v 0.044970 -0.019387 -0.113773
v 0.089142 0.009707 -0.064039
v 0.073635 -0.008497 -0.042021
v 0.079482 -0.003412 -0.065814
v 0.081227 -0.004023 -0.067572
v 0.082197 -0.009139 -0.067836
v 0.081318 -0.008578 -0.067189
v 0.081465 -0.014175 -0.066089
v 0.080658 -0.013302 -0.065618
v 0.083750 -0.017801 -0.061842
v 0.083845 -0.013425 -0.064622
v 0.083388 0.017532 -0.053433
v 0.083301 0.016767 -0.052680
v 0.084132 0.017532 -0.053870
v 0.074476 -0.009624 -0.043407
v 0.078640 0.011919 -0.049257
v 0.078401 0.010156 -0.047489
v 0.078090 0.010609 -0.047974
v 0.072517 -0.004738 -0.047317
v 0.072297 -0.003929 -0.047460
v 0.073683 -0.006193 -0.046957
v 0.075357 -0.007469 -0.044878
v 0.069632 -0.014959 -0.047195
v 0.069261 -0.015680 -0.048746
v 0.068685 -0.016377 -0.048202
v 0.086004 0.023259 -0.057077
v 0.078524 0.009172 -0.047065
v 0.079729 0.010151 -0.047437
v 0.080321 0.011271 -0.047788
v 0.084851 0.016850 -0.054027
v 0.080822 0.012160 -0.048036
v 0.079785 0.012239 -0.048220
v 0.081125 0.013809 -0.049074
v 0.079120 0.012356 -0.048607
v 0.074613 -0.012430 -0.060677
v 0.073607 -0.012501 -0.058690
v 0.073257 0.006866 -0.038452
v 0.073909 0.004912 -0.040408
v 0.078143 -0.024255 -0.052887
v 0.075585 0.012830 -0.057795
v 0.076802 0.015865 -0.059947
v 0.085729 -0.009352 -0.065837
v 0.078736 -0.015699 -0.056465
v 0.076618 -0.016653 -0.055192
v 0.080990 -0.014322 -0.057844
v 0.083065 -0.011766 -0.059277
v 0.075083 0.003264 -0.051328
v 0.084296 0.007496 -0.057176
v 0.084676 0.005317 -0.058428
v 0.082909 0.007675 -0.055866
v 0.078055 0.019150 -0.058567
v 0.078312 0.018819 -0.055942
v 0.075159 0.015739 -0.057055
v 0.078097 0.016942 -0.055289
v 0.071543 -0.011663 -0.046778
v 0.069136 -0.017126 -0.050644
v 0.071260 -0.015890 -0.051984
v 0.070182 -0.017723 -0.051656
v 0.071755 -0.016854 -0.053267
v 0.072013 -0.015626 -0.054715
v 0.072516 -0.013961 -0.055847
v 0.073873 -0.012105 -0.055788
v 0.071323 -0.007570 -0.047262
v 0.077825 0.019205 -0.046415
v 0.070843 -0.009357 -0.047346
v 0.072791 -0.006022 -0.047100
v 0.072709 -0.007730 -0.046803
v 0.072209 -0.009605 -0.046623
v 0.074865 -0.019464 -0.049181
v 0.075015 -0.017980 -0.051593
v 0.073839 -0.018866 -0.048490
v 0.075465 -0.017500 -0.053721
v 0.072854 -0.018458 -0.048018
v 0.077245 0.013718 -0.057206
v 0.078141 0.016575 -0.057218
v 0.071458 -0.009973 -0.036471
v 0.064511 -0.002627 0.012915
v 0.065831 0.007276 0.007468
v 0.026273 -0.060648 0.027738
v 0.025349 -0.064203 0.027272
v 0.057314 -0.015009 0.026834
v 0.052800 -0.018261 0.031602
v 0.025410 -0.055022 0.041035
v 0.024424 -0.056979 0.040871
v 0.023582 -0.056516 0.041235
v 0.024549 -0.055361 0.041096
v 0.022419 -0.056983 0.037940
v 0.023295 -0.055956 0.037587
v 0.023335 -0.055864 0.039297
v 0.022460 -0.056761 0.039844
v 0.028844 -0.033701 0.045705
v 0.032642 -0.029376 0.044810
v 0.035433 -0.035107 0.042614
v 0.032186 -0.038912 0.043396
v 0.025080 -0.056979 0.030887
v 0.024808 -0.054544 0.031884
v 0.023949 -0.054315 0.034612
v 0.024161 -0.055958 0.033747
v 0.025041 -0.058924 0.030333
v 0.024128 -0.057080 0.033457
v 0.026352 -0.058138 0.028432
v 0.026165 -0.054827 0.029490
v 0.034151 -0.061669 0.035944
v 0.030592 -0.059593 0.038027
v 0.031454 -0.055037 0.039205
v 0.034863 -0.055633 0.037561
v 0.025498 -0.019392 0.046675
v 0.029325 -0.023969 0.046065
v 0.026620 -0.028589 0.046527
v 0.022671 -0.023298 0.047102
v 0.018925 -0.018227 0.047908
v 0.021564 -0.014568 0.047050
v 0.016463 -0.009398 0.051227
v 0.017070 -0.012776 0.052538
v 0.016464 -0.013519 0.055964
v 0.016659 -0.011251 0.054641
v 0.014881 -0.017646 0.054720
v 0.017105 -0.015099 0.051511
v 0.011255 -0.019393 0.055048
v -0.012057 -0.016443 0.057320
v -0.010784 -0.014921 0.056695
v -0.011168 -0.014307 0.058302
v -0.013185 -0.015194 0.059118
v 0.010934 -0.018775 0.056092
v 0.015126 -0.018384 0.052840
v -0.004596 -0.015363 0.065205
v -0.005633 -0.013464 0.065136
v -0.004781 -0.014472 0.062946
v -0.004613 -0.016373 0.062733
v 0.015577 -0.019735 0.050883
v 0.011902 -0.020289 0.053781
v 0.010239 -0.017935 0.056918
v 0.013001 -0.017328 0.057140
v -0.007510 -0.012906 0.064404
v -0.009367 -0.012820 0.066200
v -0.011056 -0.012921 0.064225
v -0.009023 -0.013195 0.062796
v -0.005164 -0.012857 0.058620
v -0.005892 -0.014850 0.059803
v -0.004528 -0.012265 0.061372
v -0.010494 -0.012475 0.056882
v -0.010193 -0.013344 0.055909
v -0.008631 -0.010240 0.055684
v -0.008857 -0.009942 0.055723
v 0.014341 -0.015116 0.058682
v 0.003797 -0.016429 0.065035
v 0.005155 -0.014901 0.067041
v 0.009249 0.014523 0.050127
v 0.012051 0.010786 0.047445
v 0.009367 0.011751 0.052660
v 0.011963 0.008563 0.049701
v 0.013588 -0.012851 0.061924
v 0.015197 -0.010971 0.060352
v 0.011318 -0.011749 0.065407
v 0.012375 -0.008957 0.065201
v 0.004469 0.029205 0.049432
v 0.001885 -0.020029 0.060924
v 0.002253 -0.020788 0.060289
v 0.001467 -0.018858 0.062559
v 0.022001 0.094553 -0.135644
v 0.022607 0.106821 -0.124551
v 0.021911 0.119897 -0.101434
v 0.019684 0.124108 -0.089033
v 0.005533 -0.038776 0.061192
v 0.005603 -0.035609 0.061462
v 0.012785 -0.045554 0.042629
v 0.007188 -0.044817 0.044474
v 0.006920 -0.045406 0.047565
v 0.012362 -0.046536 0.045790
v 0.016133 -0.047863 0.043432
v 0.016683 -0.047114 0.040101
v 0.013406 -0.044626 0.040276
v 0.007797 -0.043863 0.041860
v 0.011816 -0.047357 0.051165
v 0.006524 -0.046203 0.053499
v 0.006178 -0.044542 0.056541
v 0.011542 -0.045756 0.053747
v 0.018313 -0.024018 0.049613
v 0.014115 -0.023183 0.052358
v 0.010068 -0.023058 0.055753
v 0.006691 -0.023165 0.058300
v 0.005903 -0.021231 0.058503
v 0.008680 -0.020792 0.056391
v 0.005356 -0.020300 0.058793
v 0.007992 -0.019931 0.056938
v 0.007626 -0.019214 0.057520
v 0.007973 -0.018092 0.057676
v 0.006264 -0.018012 0.058992
v 0.006648 -0.017179 0.058810
v 0.005069 -0.019493 0.059281
v 0.004521 0.006675 0.065343
v 0.004241 0.010046 0.062592
v 0.010610 -0.034476 0.059495
v 0.005720 -0.033110 0.060900
v 0.004301 -0.028212 0.059922
v 0.008821 -0.028825 0.058683
v 0.013694 -0.030209 0.056096
v 0.015690 -0.037095 0.056435
v 0.002699 -0.021684 0.059905
v 0.010903 -0.037419 0.059474
v 0.011081 -0.040456 0.058497
v 0.016001 -0.040174 0.056012
v 0.015981 -0.042963 0.054777
v 0.020149 -0.040596 0.052243
v 0.019015 -0.032789 0.052710
v 0.024408 -0.035990 0.048564
v 0.023563 -0.044510 0.048083
v 0.030823 -0.051004 0.040942
v 0.026855 -0.054996 0.040691
v 0.026671 -0.053014 0.041562
v 0.026368 -0.050827 0.042949
v 0.030279 -0.046711 0.042738
v 0.033973 -0.049911 0.039797
v 0.033461 -0.044270 0.041587
v 0.028467 -0.041385 0.045115
v 0.025480 -0.047874 0.045054
v 0.025511 -0.053070 0.041963
v 0.024671 -0.054042 0.041574
v 0.025132 -0.051539 0.043129
v 0.024369 -0.052588 0.042640
v 0.024519 -0.049760 0.044751
v 0.023721 -0.051070 0.044076
v 0.022399 -0.049068 0.046335
v 0.023059 -0.047141 0.047381
v 0.022390 -0.052855 0.040472
v 0.021157 -0.051753 0.042092
v 0.021252 -0.051359 0.043772
v 0.022486 -0.052602 0.041935
v 0.023143 -0.054092 0.038952
v 0.023143 -0.053803 0.040662
v 0.023197 -0.052797 0.035858
v 0.022194 -0.051294 0.037213
v -0.050834 -0.087287 -0.026479
v -0.056959 -0.083196 -0.040564
v 0.023731 -0.055065 0.037803
v 0.023747 -0.055048 0.039165
v 0.023714 -0.055040 0.040943
v 0.023601 -0.053397 0.041831
v 0.022989 -0.052027 0.043141
v 0.021741 -0.050487 0.045040
v 0.015755 -0.045322 0.052887
v 0.019555 -0.045870 0.050536
v 0.019166 -0.047868 0.048779
v 0.015562 -0.047533 0.050511
v 0.018769 -0.049462 0.046925
v 0.017514 -0.046360 0.037626
v 0.015581 -0.048811 0.048079
v 0.020292 -0.048908 0.036873
v 0.021471 -0.048182 0.034533
v 0.019436 -0.049534 0.040243
v 0.024104 -0.052621 0.033063
v 0.023137 -0.050737 0.034251
v 0.025503 -0.052279 0.030632
v 0.024408 -0.050162 0.032018
v 0.018719 -0.050315 0.044941
v 0.019964 -0.043511 0.051687
v 0.011207 -0.043200 0.056296
v 0.005960 -0.041757 0.059055
v -0.034318 0.005445 0.037179
v -0.033478 0.002821 0.038342
v -0.029405 0.003996 0.039314
v -0.030283 0.006461 0.038205
v 0.004993 -0.001182 0.071913
v 0.004853 0.003071 0.068469
v 0.022849 -0.056574 0.041059
v 0.010084 -0.127633 -0.006635
v -0.075182 -0.008038 -0.046276
v -0.074427 -0.007318 -0.045284
v -0.082279 0.013462 -0.068261
v 0.025811 -0.057503 0.040385
v 0.024395 -0.061795 0.029677
v 0.023435 -0.059180 0.033179
v 0.031672 -0.068752 0.035131
v 0.026887 -0.073795 0.036748
v 0.025100 -0.069623 0.038697
v 0.028816 -0.065318 0.037260
v 0.021856 -0.064382 0.042187
v 0.024321 -0.060171 0.040992
v -0.085652 0.015656 -0.064998
v 0.023008 -0.059483 0.041843
v 0.020555 -0.062503 0.043605
v 0.019684 -0.060960 0.044296
v 0.022044 -0.058578 0.042264
v 0.017331 -0.059460 0.041694
v 0.012702 -0.060443 0.043357
v 0.012831 -0.062862 0.038409
v 0.017508 -0.062002 0.036575
v 0.021768 -0.060402 0.034098
v 0.020867 -0.058000 0.038778
v -0.082677 0.019665 -0.063113
v -0.082288 0.021148 -0.058410
v -0.080561 0.019924 -0.057583
v -0.080727 0.018184 -0.061518
v 0.018052 -0.059651 0.043235
v 0.020775 -0.058211 0.040865
v 0.013891 -0.060648 0.045419
v 0.021311 -0.124192 -0.011584
v 0.021523 -0.058095 0.041857
v 0.018864 -0.059868 0.043864
v 0.014814 -0.061516 0.046737
v 0.015858 -0.063261 0.047386
v 0.016782 -0.065452 0.047103
v 0.017627 -0.068273 0.045640
v 0.020330 -0.075346 0.041070
v 0.021797 -0.080295 0.039111
v 0.013698 -0.078857 0.044220
v 0.015020 -0.084315 0.042815
v 0.012579 -0.070981 0.049009
v 0.012043 -0.067493 0.050653
v 0.011271 -0.064831 0.050430
v 0.010393 -0.062824 0.049262
v 0.003447 -0.023259 0.059578
v 0.004976 -0.017848 0.060422
v 0.003854 -0.017364 0.062545
v 0.007266 -0.013439 0.067823
v 0.001504 -0.017883 0.064821
v 0.009921 -0.011823 0.067384
v 0.008302 -0.012289 0.068855
v 0.009069 -0.010436 0.069692
v 0.010245 -0.009862 0.068426
v 0.006821 -0.012876 0.070220
v 0.008142 -0.010518 0.070943
v 0.002904 -0.014128 0.072052
v 0.003854 -0.010540 0.074280
v 0.004829 -0.004819 0.073969
v 0.004311 -0.008169 0.074700
v 0.009320 -0.008715 0.070409
v 0.010524 -0.006898 0.068642
v -0.089492 0.015413 -0.063266
v 0.010852 -0.004040 0.066309
v 0.012932 -0.006323 0.062593
v 0.010598 0.129136 -0.045290
v 0.009378 -0.061655 0.047600
v 0.007989 -0.061158 0.045244
v -0.073760 -0.021046 -0.048023
v -0.082371 0.005366 -0.059957
v 0.013816 -0.069827 0.031105
v 0.013299 -0.066849 0.033579
v 0.008349 -0.067800 0.034752
v -0.081783 0.021594 -0.055852
v -0.084893 0.022814 -0.056455
v 0.008923 -0.070607 0.032442
v 0.003972 -0.061289 0.046221
v -0.086978 -0.005247 -0.068748
v -0.090104 0.014105 -0.065086
v -0.088680 0.012522 -0.064043
v -0.083084 0.013801 -0.051229
v -0.075284 -0.011264 -0.063858
v -0.080879 -0.011206 -0.061375
v -0.079201 -0.013844 -0.060563
v -0.074497 -0.013129 -0.063400
v -0.074469 0.000760 -0.056258
v 0.004161 -0.064020 0.040482
v 0.008042 -0.063502 0.039715
v 0.004644 -0.062047 0.048517
v 0.005347 -0.063465 0.050444
v 0.006025 -0.065634 0.052058
v 0.004282 -0.068415 0.035278
v 0.004857 -0.071426 0.032820
v -0.071437 -0.016557 -0.038698
v 0.022659 -0.064008 0.030192
v -0.078598 -0.026441 -0.053546
v -0.079390 -0.025382 -0.056047
v -0.031652 -0.032809 -0.118150
v -0.035083 -0.021808 -0.124677
v -0.089230 -0.005587 -0.071857
v 0.023103 -0.066783 0.027938
v 0.018228 -0.066201 0.032220
v 0.018950 -0.068539 0.029991
v 0.007640 -0.085495 0.046049
v 0.006610 -0.080270 0.046679
v 0.006960 -0.068309 0.052356
v 0.006678 -0.072090 0.051184
v 0.022615 0.114598 -0.113626
v 0.062506 0.076288 -0.007017
v 0.061412 0.069259 0.000645
v -0.082881 0.018004 -0.058769
v 0.054497 0.076541 0.008272
v 0.056255 0.081889 0.000731
v 0.063281 0.083809 -0.015246
v 0.056808 0.088631 -0.007150
v 0.040114 0.121332 -0.064712
v 0.040673 0.120642 -0.050423
v 0.021732 0.126575 -0.046481
v 0.034960 0.121398 -0.078719
v 0.047267 0.113215 -0.088019
v 0.049514 0.115860 -0.068587
v 0.049427 0.115631 -0.053249
v -0.075570 -0.021417 -0.049189
v -0.075739 -0.026647 -0.047028
v -0.074305 -0.026041 -0.045324
v -0.079510 0.008212 -0.056805
v 0.025261 -0.084784 -0.108703
v 0.051994 0.043696 -0.132249
v 0.048129 0.114579 -0.039431
v 0.039999 0.118781 -0.036630
v 0.039490 0.115660 -0.024217
v 0.046830 0.112250 -0.027716
v 0.021530 0.124118 -0.032068
v 0.010513 0.126299 -0.030206
v 0.018041 0.007059 -0.145542
v 0.004194 0.013426 0.059908
v 0.046119 -0.048224 -0.091503
v 0.055445 -0.048305 -0.073790
v 0.057917 -0.101173 -0.052603
v 0.068944 -0.025764 -0.054294
v 0.068493 -0.024968 -0.054940
v 0.057841 -0.063651 -0.055285
v 0.058723 -0.049218 -0.056028
v 0.036722 -0.047214 -0.103161
v 0.077267 -0.014620 -0.064891
v 0.077979 -0.010947 -0.065761
v 0.078813 -0.015668 -0.064520
v 0.079449 -0.011671 -0.065680
v 0.079681 -0.007444 -0.066105
v 0.079661 -0.017503 -0.063633
v 0.078424 0.018548 -0.054081
v 0.079996 0.019963 -0.052766
v -0.076938 -0.017018 -0.065846
v -0.076886 -0.014759 -0.067046
v 0.068448 -0.027491 -0.050184
v 0.068285 -0.026668 -0.051818
v -0.065017 -0.005510 -0.053958
v 0.067601 -0.027033 -0.051118
v 0.067494 -0.027577 -0.049789
v 0.068329 -0.028505 -0.048624
v 0.067386 -0.028253 -0.048718
v 0.077768 0.035712 -0.047248
v 0.066239 -0.027392 -0.052286
v 0.067618 -0.025337 -0.054592
v 0.067789 -0.026033 -0.053118
v 0.067250 -0.026867 -0.051812
v 0.067138 -0.028078 -0.049869
v 0.067141 -0.029072 -0.048253
v 0.067640 -0.029725 -0.047672
v -0.078935 -0.023163 -0.063326
v -0.075470 -0.027951 -0.057418
v -0.059077 -0.078928 -0.054317
v -0.056556 -0.075898 -0.069315
v -0.057591 -0.087487 -0.067613
v -0.059332 -0.091800 -0.053222
v -0.072581 -0.003112 -0.039423
v -0.072645 -0.009627 -0.042097
v -0.072451 -0.011019 -0.040305
v 0.080175 -0.018731 -0.063945
v 0.073199 -0.029046 -0.052621
v -0.025839 -0.108436 -0.006411
v -0.022282 -0.118591 -0.009858
v 0.076811 0.012328 -0.059335
v 0.076650 0.010487 -0.060965
v 0.079229 0.011864 -0.062103
v 0.079271 0.013956 -0.060736
v 0.057601 -0.009764 -0.105259
v 0.060050 0.001173 -0.110461
v 0.011777 -0.082635 -0.113234
v 0.011668 -0.069931 -0.113023
v 0.074949 0.033443 -0.095249
v 0.076967 0.013804 -0.058030
v 0.079528 0.015599 -0.059408
v 0.078387 -0.006891 -0.065974
v 0.074776 0.013789 -0.058365
v 0.074912 0.012104 -0.059739
v 0.080847 0.017114 -0.060899
v 0.080600 0.015202 -0.062311
v 0.080405 0.012917 -0.063642
v 0.075040 0.010198 -0.061154
v -0.071387 -0.016235 -0.034801
v -0.071235 -0.016692 -0.023108
v -0.072143 -0.001365 -0.023142
v -0.071879 -0.006488 -0.033834
v 0.077824 0.017626 -0.060267
v 0.079939 0.063863 -0.071751
v 0.079031 0.058073 -0.085836
v 0.076647 0.080650 -0.075365
v 0.075550 0.075710 -0.090658
v 0.070912 0.069836 -0.106601
v 0.074096 0.051146 -0.101861
v 0.078339 0.018747 -0.054570
v 0.080807 0.020993 -0.053134
v 0.063779 0.090335 -0.023179
v 0.068881 0.085543 -0.030502
v 0.056977 0.094567 -0.014470
v 0.056809 0.099928 -0.021314
v 0.063172 0.096515 -0.030287
v 0.070392 0.089889 -0.042367
v 0.079055 0.054399 -0.056620
v 0.078272 0.069151 -0.057593
v 0.075250 0.073107 -0.044027
v -0.059183 0.030296 0.014367
v -0.060880 0.031470 0.009247
v -0.061826 0.021465 0.009339
v -0.059472 0.022722 0.013428
v 0.074654 0.085485 -0.059704
v 0.066179 0.099010 -0.048920
v 0.069807 0.095535 -0.063532
v 0.059095 0.107451 -0.052932
v 0.061211 0.105575 -0.067596
v 0.060980 0.103024 -0.083608
v 0.071432 0.091634 -0.078713
v 0.061298 0.102050 -0.036560
v 0.055199 0.104759 -0.026875
v 0.056226 0.108424 -0.040202
v 0.052931 0.108794 -0.031547
v 0.073175 0.074888 -0.036650
v 0.062150 -0.033621 -0.048115
v 0.064619 -0.034415 -0.043167
v -0.019347 0.087505 0.030684
v -0.009255 0.088387 0.033232
v -0.009507 0.095573 0.026994
v -0.019844 0.094436 0.024254
v 0.068836 -0.024023 -0.034661
v -0.036890 -0.013508 -0.128738
v -0.038622 -0.002981 -0.133261
v -0.019123 -0.005746 -0.140212
v -0.018121 -0.015481 -0.135185
v 0.068420 0.000227 0.000689
v 0.068598 0.013375 -0.002394
v 0.071488 0.005512 -0.012333
v 0.070058 -0.009862 -0.010146
v -0.020162 0.111451 0.002061
v -0.009640 0.113044 0.004744
v -0.009775 0.118140 -0.005296
v -0.020456 0.116286 -0.007628
v -0.053188 0.000842 0.028113
v -0.055527 -0.005900 0.027665
v -0.051615 -0.006029 0.031573
v -0.049692 0.000797 0.031143
v 0.067029 0.027452 -0.004796
v 0.070851 0.020030 -0.014517
v 0.071336 0.033929 -0.016912
v 0.067554 0.041424 -0.005882
v 0.062058 0.064475 -0.121780
v 0.064122 0.047733 -0.119826
v -0.075580 -0.030849 -0.044088
v -0.074523 -0.029982 -0.042901
v 0.064460 0.034945 -0.117869
v 0.048521 0.058619 0.025932
v -0.009952 0.122540 -0.017061
v -0.020871 0.120512 -0.018983
v 0.021588 0.085666 -0.141884
v 0.046847 0.080915 0.015519
v 0.054526 0.084809 -0.122194
v -0.001278 -0.068440 -0.114541
v 0.041458 0.090841 -0.128839
v 0.070591 0.086892 -0.093833
v 0.067240 0.081725 -0.107424
v 0.059124 0.075446 -0.122260
v 0.063284 0.018742 -0.115754
v 0.047371 0.108212 -0.020073
v 0.056317 0.024332 0.020424
v 0.055661 0.019730 0.019834
v 0.056371 0.028956 0.021922
v 0.054156 0.014919 0.021517
v 0.015427 0.007245 0.045367
v 0.014781 0.005651 0.047445
v 0.014755 0.003016 0.049137
v 0.018148 0.002858 0.045501
v 0.017814 -0.000150 0.047243
v 0.011313 0.003427 0.054668
v 0.011887 0.005963 0.051889
v 0.013962 0.000581 0.051168
v 0.013681 -0.002739 0.052770
v 0.011580 0.000249 0.056376
v 0.017789 -0.015332 0.049075
v 0.018897 -0.010638 0.047804
v 0.016172 -0.006414 0.049628
v 0.021621 -0.003197 0.045955
v 0.020444 -0.006673 0.047192
v 0.016959 -0.003021 0.048605
v 0.022343 0.000208 0.044065
v 0.014619 -0.006241 0.054768
v 0.015558 -0.009057 0.057956
v 0.012077 -0.003135 0.059248
v 0.010472 -0.001093 0.062965
v 0.009876 0.002463 0.060044
v 0.019014 0.004775 0.043554
v 0.023706 0.002521 0.042275
v 0.024186 -0.010389 0.046702
v 0.028604 -0.014192 0.046329
v 0.026192 -0.006057 0.045148
v 0.030505 -0.009210 0.044727
v 0.027170 -0.002174 0.043265
v 0.031846 -0.005039 0.042848
v 0.032653 -0.018965 0.045633
v 0.036260 -0.023910 0.044127
v 0.039306 -0.030664 0.041591
v 0.039219 -0.018331 0.042716
v 0.042870 -0.024652 0.040033
v 0.041226 -0.012328 0.040948
v 0.045675 -0.018516 0.038359
v -0.011944 0.013215 0.044268
v -0.012217 0.015120 0.041562
v -0.015835 0.011556 0.040545
v -0.015545 0.009385 0.042914
v -0.007122 0.061532 0.044995
v -0.008016 0.069675 0.042173
v -0.017129 0.069907 0.040562
v -0.015659 0.061910 0.043770
v 0.035097 -0.013146 0.044018
v 0.036775 -0.008443 0.042138
v 0.032898 -0.000916 0.040929
v 0.028355 0.001061 0.041489
v 0.042263 -0.000597 0.037456
v 0.042199 -0.006418 0.039236
v 0.037644 -0.003496 0.040238
v 0.038010 0.001345 0.038401
v 0.047322 -0.010863 0.036912
v 0.046997 -0.002959 0.035830
v 0.045958 0.002441 0.034331
v 0.031885 0.010053 0.037798
v 0.027001 0.010886 0.038414
v 0.035585 0.009623 0.036832
v 0.041815 0.003799 0.035895
v 0.038327 0.004730 0.037147
v 0.049937 0.009786 0.027559
v 0.047717 0.009159 0.029782
v 0.041865 0.009181 0.033957
v 0.038950 0.009325 0.035528
v 0.044892 0.009212 0.031912
v 0.022407 0.012450 0.038327
v 0.017802 0.014404 0.038161
v 0.054244 -0.061472 -0.071203
v 0.009244 0.005819 0.058031
v 0.009267 0.008641 0.055362
v 0.014964 0.031521 0.040534
v 0.012530 0.028652 0.039806
v 0.007374 0.029130 0.046792
v 0.018846 0.035475 0.042799
v 0.014541 0.016968 0.038033
v -0.020578 0.009071 0.039486
v -0.019707 0.006979 0.041141
v 0.012673 0.019455 0.037984
v 0.011547 0.022482 0.038248
v 0.011423 0.025642 0.038795
v -0.009545 0.101933 0.020302
v -0.020032 0.100651 0.017459
v -0.020297 0.126946 -0.069194
v -0.020750 0.127043 -0.060639
v -0.009575 0.129768 -0.061120
v -0.010637 0.129037 -0.073728
v 0.030646 0.048906 0.044125
v 0.027247 0.042477 0.045780
v 0.058095 0.063315 0.010176
v 0.061974 0.054854 0.005683
v 0.051262 0.044162 0.028682
v 0.054094 0.039414 0.025825
v 0.055863 0.034201 0.023381
v 0.063660 0.043414 0.002856
v 0.063930 0.031148 0.002685
v 0.065160 0.018874 0.004370
v -0.069641 0.000002 -0.093758
v -0.072553 -0.001637 -0.078309
v -0.075320 0.010258 -0.079577
v -0.073482 0.016409 -0.096206
v 0.048621 0.092640 0.001141
v -0.037850 -0.100514 -0.014778
v -0.034879 -0.111657 -0.017672
v -0.001346 -0.081630 -0.114515
v 0.048504 0.098396 -0.005870
v 0.048154 0.086493 0.008417
v 0.039192 0.111489 -0.014729
v 0.039286 0.106951 -0.006227
v 0.048130 0.103625 -0.012873
v 0.039758 0.101705 0.001182
v 0.040098 0.095988 0.008104
v 0.039632 0.089986 0.015338
v 0.038767 0.084169 0.022145
v 0.037264 0.076406 0.028750
v 0.045367 -0.060583 -0.089372
v 0.006847 -0.007475 0.055361
v 0.006414 -0.007483 0.055860
v -0.052617 0.052731 0.021084
v -0.054222 0.058658 0.017076
v -0.057683 0.051455 0.013244
v -0.055765 0.046470 0.017789
v 0.006559 -0.007487 0.055211
v 0.006040 -0.007511 0.055801
v 0.006338 -0.007976 0.055783
v 0.006382 -0.015521 0.058121
v 0.005516 -0.013357 0.057248
v 0.005804 -0.010101 0.056614
v 0.068288 -0.030542 -0.037276
v -0.005587 0.048261 0.048599
v -0.013021 0.048565 0.047791
v -0.011152 0.042491 0.047999
v -0.004800 0.042218 0.049074
v -0.059491 0.014997 0.014209
v -0.062345 0.011986 0.011352
v -0.061715 0.003705 0.016177
v -0.058642 0.007865 0.018238
v -0.055675 0.002403 0.024819
v -0.058191 -0.003904 0.024288
v -0.018420 0.078641 0.036601
v -0.008692 0.078952 0.038553
v -0.059645 0.042141 0.010099
v -0.057953 0.038678 0.015377
v -0.009246 0.016419 0.046675
v -0.009940 0.017849 0.043166
v -0.007132 0.022579 0.045805
v -0.003711 0.021988 0.051423
v -0.003112 0.026018 0.049802
v -0.006466 0.026155 0.046297
v -0.033320 0.061237 0.036680
v -0.035007 0.068340 0.033102
v -0.042547 0.066824 0.027526
v -0.040920 0.060038 0.031309
v -0.020098 0.106209 0.010233
v -0.009566 0.107622 0.013038
v -0.003684 0.034854 0.048599
v -0.008193 0.035091 0.046591
v -0.007151 0.031649 0.046064
v -0.003423 0.031748 0.048566
v -0.024620 0.005257 0.040188
v -0.025511 0.007530 0.038990
v -0.066462 -0.030578 -0.049198
v -0.068170 -0.031619 -0.048083
v -0.073586 0.014726 -0.035898
v -0.072231 0.004159 -0.034441
v -0.072515 0.012125 -0.024230
v -0.072660 0.024644 -0.026513
v -0.074443 0.036102 -0.030009
v -0.075629 0.044869 -0.035054
v -0.076857 0.029215 -0.042013
v -0.075219 0.023636 -0.038274
v -0.053500 -0.084555 -0.080617
v -0.050818 -0.074169 -0.083709
v -0.003497 0.019102 0.054654
v -0.003352 0.016185 0.057323
v -0.020829 0.036362 -0.151249
v -0.020432 0.022768 -0.149414
v -0.040593 0.026687 -0.141027
v -0.040733 0.039628 -0.142397
v -0.066573 -0.010622 -0.090102
v -0.069954 -0.010373 -0.075838
v -0.009658 -0.011627 0.058493
v -0.007089 -0.007696 0.055019
v -0.007703 -0.010485 0.055966
v -0.007263 -0.007914 0.055101
v -0.010470 -0.013660 0.060723
v -0.012665 -0.013525 0.062083
v -0.008133 -0.014038 0.055469
v -0.007203 -0.014106 0.055893
v -0.007013 -0.010199 0.056235
v -0.007392 -0.007752 0.055186
v -0.001754 -0.016876 0.067522
v -0.002194 -0.015306 0.070353
v -0.005966 -0.013955 0.069243
v -0.004639 -0.015503 0.067299
v -0.006100 -0.007717 0.056051
v -0.005418 -0.010011 0.057357
v -0.005203 -0.011719 0.062899
v -0.006752 -0.009164 0.058825
v -0.006616 -0.007759 0.056439
v -0.006895 -0.011279 0.061972
v -0.005767 -0.016803 0.060281
v -0.008282 -0.011345 0.060426
v -0.077167 -0.018218 -0.055662
v -0.059311 -0.066108 -0.034967
v -0.062428 -0.050581 -0.042155
v -0.061688 -0.050918 -0.047486
v -0.059599 -0.066728 -0.043974
v -0.080898 0.007742 -0.057966
v -0.066658 0.056189 -0.005854
v -0.067900 0.068648 -0.014589
v -0.072969 0.056886 -0.026114
v -0.072247 0.045773 -0.021096
v -0.068325 0.078405 -0.022780
v -0.073419 0.067925 -0.033267
v -0.076498 0.056065 -0.043090
v -0.078714 0.035746 -0.056750
v -0.042438 0.017639 0.032015
v -0.042632 0.017480 0.032184
v -0.041052 0.017221 0.033417
v -0.041186 0.017341 0.033215
v -0.041890 0.017797 0.031364
v -0.040543 0.017274 0.032501
v -0.042800 0.018270 0.030350
v -0.043389 0.017940 0.030957
v -0.043626 0.017720 0.031115
v -0.024477 0.018744 0.035177
v -0.025481 0.018777 0.034598
v -0.028267 0.017994 0.034692
v -0.027172 0.018137 0.035823
v -0.024225 0.018498 0.035791
v -0.027315 0.017856 0.036333
v -0.028529 0.020451 0.029538
v -0.027785 0.020814 0.029434
v -0.029524 0.020113 0.029599
v -0.022644 0.020782 0.032754
v -0.022837 0.021998 0.032922
v -0.027323 0.022084 0.029545
v -0.027244 0.021208 0.029349
v -0.023293 0.020109 0.032998
v -0.021363 0.020003 0.033298
v -0.020192 0.020541 0.032916
v -0.020307 0.022131 0.033239
v -0.032191 0.016885 0.036433
v -0.032413 0.016139 0.036476
v -0.027922 0.016557 0.036724
v -0.027607 0.017328 0.036635
v -0.031918 0.017315 0.036244
v -0.035502 0.017267 0.035441
v -0.035473 0.016794 0.035614
v -0.035794 0.016028 0.035524
v -0.024747 0.017392 0.036561
v -0.024646 0.018131 0.036266
v -0.035989 0.015359 0.035396
v -0.032756 0.015423 0.036346
v -0.028105 0.015905 0.036662
v -0.024539 0.017024 0.036595
v -0.021630 0.018186 0.035941
v -0.022897 0.018307 0.036057
v -0.033152 0.014626 0.036052
v -0.032795 0.013857 0.036019
v -0.028252 0.014279 0.036573
v -0.028328 0.015080 0.036567
v -0.036197 0.014660 0.035042
v -0.036100 0.013817 0.034909
v -0.044765 0.017821 0.029394
v -0.045260 0.018305 0.028561
v -0.045227 0.017753 0.028564
v -0.044869 0.017328 0.029039
v -0.047527 0.014710 0.026023
v -0.048516 0.016034 0.025138
v -0.050265 0.015080 0.023549
v -0.049060 0.013529 0.025076
v -0.057559 0.004561 0.021369
v -0.051527 0.010619 0.024336
v -0.052865 0.012132 0.022158
v -0.044218 0.017594 0.030245
v -0.043558 0.017351 0.031158
v -0.044235 0.017941 0.030193
v -0.044714 0.018290 0.029276
v -0.044366 0.017009 0.029835
v -0.043568 0.016772 0.030908
v -0.042575 0.017154 0.032192
v -0.042437 0.016494 0.032120
v -0.040805 0.016186 0.033387
v -0.040822 0.016846 0.033509
v -0.038447 0.016721 0.034667
v -0.038987 0.017174 0.034399
v -0.038767 0.015978 0.034434
v -0.040975 0.015612 0.033047
v -0.038880 0.015412 0.034242
v -0.042549 0.015888 0.031633
v -0.043654 0.016216 0.030400
v -0.044489 0.016530 0.029321
v -0.045163 0.016901 0.028524
v -0.045639 0.017530 0.027954
v -0.044809 0.015922 0.028738
v -0.045442 0.015083 0.028012
v -0.044173 0.014701 0.029309
v -0.043822 0.015587 0.029901
v -0.045671 0.016403 0.027837
v -0.046459 0.015664 0.026951
v -0.042689 0.015305 0.031136
v -0.042770 0.014513 0.030714
v -0.041108 0.014238 0.032204
v -0.041048 0.014968 0.032656
v -0.038703 0.014823 0.033866
v -0.038923 0.013979 0.033432
v -0.032070 0.017365 0.035871
v -0.031903 0.017453 0.034446
v -0.035191 0.017219 0.034000
v -0.035964 0.017264 0.035035
v -0.039276 0.017231 0.034126
v -0.038227 0.017121 0.033325
v -0.035227 0.017236 0.032735
v -0.033544 0.019355 0.029298
v -0.034850 0.019342 0.028991
v -0.037693 0.017262 0.032057
v -0.032269 0.017562 0.033118
v -0.032162 0.019544 0.029456
v -0.029191 0.018223 0.033315
v -0.030786 0.019786 0.029587
v -0.026569 0.018848 0.033586
v -0.033008 0.030121 0.036136
v -0.033293 0.030406 0.036549
v -0.038424 0.029793 0.035638
v -0.037714 0.029429 0.035363
v -0.051299 0.000284 -0.122857
v -0.052600 0.015124 -0.128286
v -0.040256 0.010764 -0.137972
v -0.040989 0.026983 0.034286
v -0.040920 0.027891 0.034085
v -0.043351 0.026640 0.032363
v -0.043254 0.025720 0.032470
v -0.040986 0.026021 0.034559
v -0.043071 0.024704 0.032669
v -0.038166 0.027197 0.036391
v -0.038231 0.028210 0.036025
v -0.038054 0.029014 0.035583
v -0.041938 0.023005 0.028423
v -0.041253 0.023920 0.029213
v -0.042137 0.023954 0.030596
v -0.043149 0.023086 0.029287
v -0.042399 0.022360 0.027847
v -0.043587 0.022310 0.028393
v -0.037822 0.022254 0.026714
v -0.037485 0.022650 0.027067
v -0.036916 0.023115 0.027601
v -0.038059 0.021889 0.026538
v -0.038353 0.021472 0.026471
v -0.038212 0.021058 0.026536
v -0.038028 0.020725 0.026714
v -0.060329 -0.012564 0.021407
v -0.060278 -0.000904 0.020356
v -0.062630 -0.009011 0.016977
v -0.043954 0.018268 0.029986
v -0.044437 0.018687 0.029082
v -0.043277 0.018623 0.029489
v -0.043706 0.019008 0.028773
v -0.044929 0.019261 0.028225
v -0.045310 0.018904 0.028296
v -0.041022 0.017997 0.030481
v -0.036891 0.019612 0.028178
v -0.037479 0.019891 0.027710
v -0.041781 0.018573 0.029638
v -0.039714 0.017399 0.031368
v -0.036008 0.019411 0.028606
v -0.037453 0.020238 0.027319
v -0.037784 0.020445 0.026986
v -0.041897 0.018983 0.028917
v -0.042404 0.019384 0.028273
v -0.044050 0.019546 0.028236
v -0.043094 0.020515 0.027425
v -0.043180 0.021122 0.027431
v -0.044418 0.020081 0.027929
v -0.044480 0.020888 0.027789
v -0.042847 0.019898 0.027713
v -0.042839 0.021747 0.027560
v -0.044165 0.021525 0.028031
v -0.045557 0.018429 0.028086
v -0.045578 0.019321 0.027862
v -0.046106 0.020287 0.027305
v -0.045991 0.018465 0.027526
v -0.046638 0.018472 0.026797
v -0.046223 0.017186 0.027154
v -0.046965 0.021072 0.026798
v -0.048188 0.021495 0.025774
v -0.047811 0.018346 0.025792
v -0.047171 0.016767 0.026222
v -0.045256 0.019884 0.027832
v -0.045431 0.020555 0.027594
v -0.046365 0.022418 0.027938
v -0.047021 0.023247 0.027589
v -0.045851 0.021664 0.028096
v -0.045294 0.022693 0.029259
v -0.045661 0.023492 0.029190
v -0.046109 0.024323 0.028996
v -0.044694 0.024480 0.030763
v -0.045001 0.025401 0.030620
v -0.044425 0.023604 0.030811
v -0.045209 0.021393 0.028078
v -0.044727 0.022218 0.028927
v -0.043940 0.023165 0.030256
v -0.042746 0.023954 0.032128
v -0.040764 0.025098 0.034127
v -0.040197 0.024886 0.032405
v -0.037903 0.026339 0.035924
v -0.037432 0.025786 0.034259
v -0.033918 0.031384 0.037315
v -0.039386 0.030946 0.036199
v -0.037020 0.025480 0.032183
v -0.034534 0.023794 0.029087
v -0.033027 0.023791 0.029524
v -0.033905 0.025547 0.033266
v -0.023637 0.022850 0.033470
v -0.024563 0.023745 0.034060
v -0.028317 0.022921 0.030062
v -0.027749 0.022523 0.029811
v -0.021776 0.022971 0.034235
v -0.023224 0.024021 0.035019
v -0.028209 0.025094 0.034329
v -0.030221 0.023547 0.030239
v -0.029120 0.023263 0.030221
v -0.026306 0.024477 0.034183
v -0.027340 0.025824 0.036171
v -0.024874 0.024897 0.035660
v -0.033942 0.026351 0.035627
v -0.021866 0.072013 -0.148033
v -0.021578 0.056456 -0.151342
v -0.040919 0.058216 -0.142467
v -0.040724 0.071719 -0.139769
v -0.039379 0.024821 0.030750
v -0.035881 0.023532 0.028377
v -0.050541 0.072708 -0.131950
v -0.049638 0.081245 -0.129056
v -0.041038 0.083273 -0.134678
v -0.037415 -0.061674 -0.100904
v -0.027587 -0.073089 -0.107610
v -0.019622 0.022860 0.035329
v -0.021490 0.024191 0.035847
v -0.018334 0.021661 0.034925
v -0.017550 0.021493 0.035018
v -0.018722 0.022904 0.035374
v -0.020406 0.024393 0.035881
v -0.023705 0.025362 0.036423
v -0.022936 0.025799 0.036787
v -0.026524 0.027123 0.037731
v -0.026474 0.026296 0.037286
v -0.033996 0.027041 0.037131
v -0.034163 0.027915 0.037511
v -0.025876 0.027918 0.037236
v -0.022195 0.026344 0.036237
v -0.025108 0.028841 0.036651
v -0.022091 0.027390 0.035910
v -0.033774 0.029661 0.036447
v -0.034315 0.028901 0.037018
v -0.021344 0.019004 0.035452
v -0.019109 0.019391 0.035210
v -0.021999 0.019230 0.035078
v -0.019570 0.019698 0.034829
v -0.023270 0.019342 0.034196
v -0.018510 0.020261 0.034654
v -0.017743 0.020104 0.034938
v -0.024517 0.019461 0.033460
v -0.017922 0.022893 0.034959
v -0.016629 0.021360 0.034846
v -0.016918 0.023512 0.034316
v -0.015897 0.021530 0.034528
v -0.019436 0.026051 0.034798
v -0.019517 0.024592 0.035144
v -0.016833 0.020030 0.034864
v -0.017725 0.019363 0.035103
v -0.016149 0.020017 0.034745
v -0.017059 0.019203 0.035075
v -0.024277 0.016420 0.036593
v -0.024145 0.015733 0.036586
v -0.020873 0.017744 0.035959
v -0.020287 0.017349 0.035890
v -0.032455 0.013003 0.035974
v -0.035755 0.012854 0.034990
v -0.032035 0.011901 0.036108
v -0.035540 0.011600 0.035027
v -0.027274 0.012594 0.036932
v -0.027752 0.013525 0.036704
v -0.034219 -0.119168 -0.018476
v -0.046299 0.013976 0.027415
v -0.047528 0.012557 0.026895
v -0.045750 0.012047 0.028557
v -0.044787 0.013629 0.028801
v -0.043071 0.013426 0.030325
v -0.043665 0.011912 0.030206
v -0.041238 0.011768 0.031903
v -0.040986 0.013248 0.031961
v -0.038694 0.013026 0.033351
v -0.038722 0.011496 0.033512
v -0.049420 0.017759 0.024335
v -0.050387 0.021276 0.023592
v -0.051173 0.017162 0.022501
v -0.052551 0.020855 0.021418
v -0.015203 0.024384 0.034773
v -0.014878 0.021879 0.034509
v -0.013681 0.025204 0.036015
v -0.013484 0.022439 0.035590
v -0.014852 0.028277 0.037059
v -0.016887 0.027245 0.035323
v -0.015378 0.020051 0.034844
v -0.016396 0.018903 0.035020
v -0.014349 0.019936 0.035386
v -0.015574 0.018422 0.035517
v -0.023525 0.015052 0.036605
v -0.022997 0.014167 0.036806
v -0.019703 0.016832 0.036077
v -0.018937 0.016020 0.036304
v -0.049590 -0.010796 -0.118026
v -0.053169 0.030877 -0.130929
v -0.046755 0.034923 0.033496
v -0.044423 0.032194 0.034205
v -0.040720 0.033330 0.036500
v -0.042487 0.036763 0.036618
v -0.049594 0.038727 0.031248
v -0.052102 0.034814 0.028173
v -0.049661 0.032281 0.030305
v -0.047228 0.030350 0.031736
v -0.051131 0.024348 0.024262
v -0.049342 0.024298 0.025931
v -0.049333 0.026321 0.027287
v -0.051122 0.026771 0.025775
v -0.053149 0.024204 0.022196
v -0.053365 0.027342 0.023857
v -0.050557 0.029225 0.027860
v -0.048590 0.028252 0.029300
v -0.053051 0.030655 0.026084
v -0.023567 0.033320 0.038806
v -0.023762 0.031556 0.037286
v -0.020653 0.029336 0.036080
v -0.019418 0.030251 0.037132
v -0.021649 0.034576 0.039943
v -0.017180 0.031195 0.038323
v -0.035891 0.037165 0.039270
v -0.035013 0.033944 0.038340
v -0.024933 0.029549 0.036239
v -0.022925 0.028426 0.036078
v -0.024382 0.029759 0.036140
v -0.022066 0.028349 0.035874
v -0.058243 0.092059 -0.111290
v -0.060353 0.097862 -0.098772
v -0.043932 0.108742 -0.105217
v -0.043145 0.101424 -0.117522
v -0.040733 0.028338 0.034372
v -0.041564 0.028833 0.034214
v -0.044094 0.027700 0.032331
v -0.043347 0.027251 0.032622
v -0.045254 0.026129 0.030686
v -0.045991 0.026554 0.030436
v -0.047122 0.025392 0.028701
v -0.046446 0.025139 0.029062
v -0.047110 0.024265 0.027851
v -0.047736 0.024103 0.027246
v -0.022389 0.029391 0.036175
v -0.024528 0.030359 0.036576
v -0.052042 0.060886 -0.133202
v -0.044280 0.073751 0.022606
v -0.051197 0.070019 0.016225
v -0.049166 0.064410 0.021676
v -0.042612 0.029976 0.034531
v -0.045294 0.028700 0.032347
v -0.047051 0.027298 0.030163
v -0.048048 0.025993 0.028384
v -0.048429 0.024881 0.027212
v -0.072063 -0.013816 -0.040313
v -0.072241 -0.013603 -0.042146
v -0.079139 -0.003338 -0.068262
v -0.077360 0.003192 -0.067131
v -0.076195 0.006609 -0.065477
v -0.079753 0.013729 -0.052526
v -0.081318 0.016900 -0.055430
v -0.082511 -0.021695 -0.061276
v -0.079351 -0.023554 -0.057404
v -0.082366 -0.020785 -0.061775
v -0.087823 0.012920 -0.064386
v -0.088329 0.011322 -0.065736
v -0.089315 0.010997 -0.065359
v -0.042908 -0.032212 -0.108122
v -0.047227 -0.019633 -0.114173
v -0.088625 0.009601 -0.067078
v -0.073832 -0.008869 -0.044575
v -0.080149 -0.003829 -0.068493
v -0.081665 -0.004398 -0.070284
v -0.082525 -0.009489 -0.070497
v -0.081816 -0.008981 -0.069827
v -0.081923 -0.014605 -0.068710
v -0.081316 -0.013805 -0.068210
v -0.083826 -0.017968 -0.064394
v -0.083947 -0.013657 -0.067238
v -0.082298 0.017338 -0.056820
v -0.082376 0.016515 -0.056004
v -0.083054 0.017381 -0.057181
v -0.074604 -0.009953 -0.045984
v -0.078122 0.011530 -0.052558
v -0.077775 0.009834 -0.050733
v -0.077436 0.010262 -0.051260
v -0.072544 -0.004941 -0.050194
v -0.072316 -0.004131 -0.050381
v -0.073735 -0.006457 -0.049710
v -0.075442 -0.007748 -0.047559
v -0.069694 -0.015158 -0.049702
v -0.069345 -0.015834 -0.051225
v -0.068786 -0.016558 -0.050594
v -0.085721 0.022904 -0.059525
v -0.077964 0.008856 -0.050277
v -0.079099 0.009863 -0.050638
v -0.079794 0.010921 -0.050999
v -0.083819 0.016744 -0.057222
v -0.080217 0.011831 -0.051261
v -0.079238 0.011861 -0.051489
v -0.080480 0.013462 -0.052356
v -0.078571 0.011951 -0.051910
v -0.074667 -0.012516 -0.063629
v -0.073659 -0.012634 -0.061598
v -0.073762 0.006187 -0.040393
v -0.074143 0.004423 -0.042849
v -0.078403 -0.024229 -0.055111
v -0.076119 0.012299 -0.059668
v -0.076961 0.015303 -0.061410
v -0.085672 -0.009525 -0.068430
v -0.079126 -0.015649 -0.058725
v -0.077024 -0.016629 -0.057475
v -0.081496 -0.014382 -0.060151
v -0.083273 -0.011820 -0.061685
v -0.074926 0.002966 -0.054551
v -0.083396 0.007267 -0.060296
v -0.083690 0.005206 -0.061413
v -0.082125 0.007430 -0.059037
v -0.077915 0.018409 -0.059637
v -0.078257 0.018128 -0.057310
v -0.075401 0.015105 -0.058920
v -0.078155 0.016330 -0.056994
v -0.071587 -0.011870 -0.049376
v -0.069516 -0.017349 -0.053046
v -0.071278 -0.016001 -0.054524
v -0.070620 -0.017962 -0.054082
v -0.071799 -0.016977 -0.055808
v -0.071981 -0.015774 -0.057379
v -0.072451 -0.014096 -0.058663
v -0.073782 -0.012155 -0.058749
v -0.071390 -0.007790 -0.050018
v -0.077816 0.018618 -0.048105
v -0.070921 -0.009572 -0.050019
v -0.072832 -0.006250 -0.049901
v -0.072768 -0.007975 -0.049536
v -0.072283 -0.009845 -0.049296
v -0.075692 -0.019518 -0.051263
v -0.075739 -0.018065 -0.053820
v -0.074423 -0.018871 -0.050573
v -0.075882 -0.017502 -0.056024
v -0.073355 -0.018525 -0.050147
v -0.077620 0.013097 -0.058968
v -0.078343 0.015908 -0.058695
v -0.072241 -0.010655 -0.038443
v -0.064662 -0.003199 0.011865
v -0.065924 0.006599 0.006522
v -0.026280 -0.060697 0.027162
v -0.025427 -0.064172 0.026684
v -0.057248 -0.015410 0.025731
v -0.052739 -0.018452 0.030546
v -0.025570 -0.055032 0.040412
v -0.024638 -0.057043 0.040329
v -0.023764 -0.056665 0.040734
v -0.024690 -0.055463 0.040542
v -0.022640 -0.057142 0.037398
v -0.023411 -0.056179 0.037099
v -0.023493 -0.056071 0.038750
v -0.022691 -0.057045 0.039276
v -0.028929 -0.033639 0.044956
v -0.032663 -0.029412 0.043718
v -0.035366 -0.035132 0.041612
v -0.032159 -0.038887 0.042627
v -0.025236 -0.057077 0.030439
v -0.024973 -0.054639 0.031474
v -0.024116 -0.054419 0.034211
v -0.024354 -0.056094 0.033306
v -0.025172 -0.058992 0.029865
v -0.024324 -0.057203 0.032992
v -0.026363 -0.058181 0.027882
v -0.026202 -0.054881 0.029028
v -0.034180 -0.061566 0.034961
v -0.030622 -0.059466 0.037164
v -0.031439 -0.054904 0.038407
v -0.034852 -0.055540 0.036647
v -0.025609 -0.019439 0.045728
v -0.029342 -0.024030 0.044996
v -0.026722 -0.028521 0.045729
v -0.022772 -0.023227 0.046358
v -0.019269 -0.018158 0.047411
v -0.021881 -0.014580 0.046304
v -0.017276 -0.009197 0.050865
v -0.017733 -0.012665 0.052250
v -0.016839 -0.013445 0.055698
v -0.017192 -0.011119 0.054382
v -0.015228 -0.017445 0.054354
v -0.017693 -0.015016 0.051189
v -0.011474 -0.019138 0.054652
v -0.011151 -0.018539 0.055743
v -0.015558 -0.018208 0.052469
v -0.015985 -0.019592 0.050490
v -0.012121 -0.020079 0.053358
v -0.010402 -0.017731 0.056666
v -0.013194 -0.017087 0.056845
v -0.014533 -0.014844 0.058362
v -0.003985 -0.016443 0.065030
v -0.005239 -0.014901 0.066971
v -0.009029 0.014564 0.049836
v -0.011975 0.010863 0.047095
v -0.009196 0.011785 0.052389
v -0.011928 0.008646 0.049373
v -0.013724 -0.012640 0.061674
v -0.015364 -0.010897 0.060094
v -0.011423 -0.011646 0.065240
v -0.012456 -0.008921 0.064999
v -0.003120 0.029073 0.048909
v -0.002022 -0.020015 0.060846
v -0.002374 -0.020744 0.060154
v -0.001566 -0.018881 0.062543
v -0.022361 0.094526 -0.135632
v -0.022744 0.106779 -0.124532
v -0.021687 0.119779 -0.101370
v -0.019354 0.123997 -0.088973
v -0.005326 -0.038632 0.060998
v -0.005440 -0.035528 0.061200
v -0.012500 -0.045035 0.042512
v -0.006837 -0.044482 0.044407
v -0.006575 -0.045078 0.047485
v -0.012094 -0.045962 0.045657
v -0.015953 -0.047237 0.043207
v -0.016466 -0.046578 0.039872
v -0.013114 -0.044169 0.040136
v -0.007451 -0.043446 0.041811
v -0.011568 -0.046827 0.050952
v -0.006202 -0.045838 0.053347
v -0.005963 -0.044264 0.056439
v -0.011420 -0.045340 0.053550
v -0.018506 -0.023830 0.049112
v -0.014343 -0.023006 0.051949
v -0.010226 -0.022923 0.055348
v -0.006763 -0.023096 0.057898
v -0.005992 -0.021133 0.058163
v -0.008806 -0.020597 0.055986
v -0.005498 -0.020184 0.058518
v -0.008153 -0.019726 0.056567
v -0.007808 -0.019012 0.057200
v -0.008167 -0.017945 0.057465
v -0.006468 -0.017931 0.058796
v -0.006867 -0.017108 0.058626
v -0.005240 -0.019381 0.059059
v -0.003942 0.006526 0.065075
v -0.003550 0.009901 0.062346
v -0.010569 -0.034369 0.059092
v -0.005683 -0.033089 0.060503
v -0.004252 -0.028221 0.059538
v -0.008881 -0.028760 0.058231
v -0.013866 -0.030042 0.055733
v -0.015741 -0.036872 0.056098
v -0.002769 -0.021634 0.059706
v -0.010794 -0.037232 0.059146
v -0.010941 -0.040169 0.058206
v -0.015998 -0.039904 0.055715
v -0.015959 -0.042576 0.054490
v -0.020252 -0.040343 0.051985
v -0.019203 -0.032580 0.052393
v -0.024505 -0.035803 0.048175
v -0.023628 -0.044283 0.047749
v -0.030816 -0.050877 0.040288
v -0.026966 -0.054953 0.040035
v -0.026735 -0.052910 0.040897
v -0.026401 -0.050651 0.042356
v -0.030281 -0.046644 0.042173
v -0.033957 -0.049821 0.039055
v -0.033465 -0.044245 0.040884
v -0.028518 -0.041333 0.044566
v -0.025508 -0.047672 0.044591
v -0.025604 -0.052980 0.041325
v -0.024773 -0.054045 0.040964
v -0.025197 -0.051368 0.042539
v -0.024454 -0.052442 0.042050
v -0.024570 -0.049542 0.044233
v -0.023764 -0.050825 0.043546
v -0.022431 -0.048767 0.045909
v -0.023120 -0.046880 0.046996
v -0.022534 -0.052747 0.040142
v -0.021283 -0.051411 0.041782
v -0.021286 -0.050982 0.043394
v -0.022583 -0.052387 0.041490
v -0.023282 -0.054180 0.038538
v -0.023278 -0.053753 0.040191
v -0.023296 -0.052821 0.035507
v -0.022217 -0.051122 0.036900
v -0.023877 -0.055275 0.037309
v -0.023863 -0.055201 0.038640
v -0.023857 -0.055160 0.040385
v -0.023718 -0.053305 0.041271
v -0.023050 -0.051774 0.042632
v -0.021757 -0.050130 0.044616
v -0.015719 -0.044841 0.052628
v -0.019622 -0.045469 0.050244
v -0.019191 -0.047408 0.048479
v -0.015501 -0.047010 0.050291
v -0.018780 -0.048928 0.046666
v -0.017339 -0.045873 0.037422
v -0.015459 -0.048121 0.047861
v -0.020174 -0.048601 0.036627
v -0.021395 -0.047946 0.034293
v -0.019383 -0.049068 0.039943
v -0.024149 -0.052713 0.032687
v -0.023102 -0.050652 0.033934
v -0.025531 -0.052311 0.030233
v -0.024400 -0.050083 0.031686
v -0.018750 -0.049696 0.044689
v -0.020059 -0.043214 0.051423
v -0.011103 -0.042809 0.056048
v -0.005752 -0.041545 0.058883
v -0.004427 -0.001324 0.071632
v -0.004372 0.002937 0.068185
v -0.023060 -0.056836 0.040517
v -0.011008 -0.127610 -0.006847
v -0.025979 -0.057499 0.039786
v -0.024523 -0.061797 0.029191
v -0.023642 -0.059246 0.032694
v -0.031786 -0.068756 0.034342
v -0.027194 -0.073943 0.036292
v -0.025437 -0.069746 0.038277
v -0.029050 -0.065314 0.036518
v -0.022376 -0.064678 0.041783
v -0.024598 -0.060251 0.040426
v -0.023321 -0.059680 0.041384
v -0.021008 -0.062863 0.043203
v -0.020014 -0.061255 0.043863
v -0.022316 -0.058856 0.041796
v -0.017809 -0.059587 0.041225
v -0.013143 -0.060571 0.042843
v -0.013209 -0.063022 0.037901
v -0.017838 -0.062116 0.036035
v -0.022103 -0.060416 0.033552
v -0.021227 -0.058083 0.038237
v -0.018462 -0.059874 0.042843
v -0.021105 -0.058497 0.040385
v -0.014272 -0.060804 0.045047
v -0.021970 -0.124391 -0.011855
v -0.021811 -0.058406 0.041374
v -0.019229 -0.060112 0.043464
v -0.015224 -0.061682 0.046362
v -0.016271 -0.063507 0.047006
v -0.017186 -0.065774 0.046787
v -0.018154 -0.068667 0.045381
v -0.020693 -0.075509 0.040693
v -0.022075 -0.080400 0.038712
v -0.014029 -0.078959 0.043807
v -0.015273 -0.084369 0.042386
v -0.012984 -0.071232 0.048708
v -0.012448 -0.067668 0.050292
v -0.011639 -0.065017 0.050024
v -0.010722 -0.062951 0.048878
v -0.003488 -0.023218 0.059258
v -0.005198 -0.017791 0.060274
v -0.004068 -0.017374 0.062476
v -0.007298 -0.013430 0.067710
v -0.001561 -0.017916 0.064819
v -0.009956 -0.011772 0.067264
v -0.008267 -0.012254 0.068742
v -0.009019 -0.010426 0.069563
v -0.010252 -0.009826 0.068264
v -0.006674 -0.012818 0.070085
v -0.007980 -0.010521 0.070802
v -0.002541 -0.013997 0.071920
v -0.003298 -0.010435 0.074023
v -0.004195 -0.004897 0.073635
v -0.003701 -0.008147 0.074387
v -0.009195 -0.008743 0.070247
v -0.010448 -0.006921 0.068472
v -0.010843 -0.004025 0.066149
v -0.013083 -0.006269 0.062405
v -0.010130 0.128987 -0.045228
v -0.009709 -0.061778 0.047266
v -0.008323 -0.061288 0.044895
v -0.013990 -0.069946 0.030599
v -0.013524 -0.067037 0.033101
v -0.008598 -0.067942 0.034352
v -0.009136 -0.070723 0.032006
v -0.004144 -0.061317 0.046125
v -0.004380 -0.064066 0.040367
v -0.008340 -0.063589 0.039386
v -0.004791 -0.062040 0.048423
v -0.005448 -0.063498 0.050209
v -0.006159 -0.065787 0.051757
v -0.004493 -0.068521 0.035077
v -0.005059 -0.071436 0.032586
v -0.022892 -0.063866 0.029642
v -0.023191 -0.066929 0.027336
v -0.018463 -0.066068 0.031583
v -0.019101 -0.068576 0.029441
v -0.007872 -0.085495 0.045543
v -0.006866 -0.080254 0.046197
v -0.007121 -0.068362 0.052021
v -0.007005 -0.072138 0.050874
v -0.022568 0.114488 -0.113606
v -0.062560 0.076034 -0.007030
v -0.061138 0.068736 0.000659
v -0.054210 0.076204 0.008323
v -0.056263 0.081809 0.000737
v -0.063257 0.083459 -0.015242
v -0.056765 0.088442 -0.007110
v -0.039741 0.121075 -0.064595
v -0.040274 0.120348 -0.050290
v -0.021275 0.126358 -0.046386
v -0.034639 0.121189 -0.078641
v -0.047058 0.112990 -0.087932
v -0.049205 0.115532 -0.068469
v -0.049070 0.115289 -0.053104
v -0.027771 -0.085165 -0.108744
v -0.053029 0.043531 -0.132347
v -0.047761 0.114209 -0.039281
v -0.039602 0.118463 -0.036487
v -0.039121 0.115348 -0.024077
v -0.046481 0.111877 -0.027567
v -0.021091 0.123937 -0.031967
v -0.010053 0.126202 -0.030152
v -0.020083 0.007012 -0.145629
v -0.003453 0.013285 0.059627
v -0.048256 -0.048712 -0.091921
v -0.057474 -0.049141 -0.074378
v -0.059757 -0.101992 -0.053031
v -0.070139 -0.026456 -0.056214
v -0.069847 -0.025725 -0.056883
v -0.059325 -0.064606 -0.055851
v -0.060547 -0.050355 -0.056707
v -0.039099 -0.047526 -0.103412
v -0.078474 -0.015267 -0.067203
v -0.079231 -0.011569 -0.068191
v -0.079703 -0.016223 -0.066913
v -0.080401 -0.012234 -0.068156
v -0.080406 -0.007897 -0.068717
v -0.080300 -0.018008 -0.066132
v -0.078204 0.017969 -0.055687
v -0.079814 0.019438 -0.054560
v -0.069495 -0.028052 -0.051956
v -0.069438 -0.027357 -0.053622
v -0.068797 -0.027731 -0.052820
v -0.068642 -0.028209 -0.051480
v -0.069214 -0.028921 -0.050372
v -0.068387 -0.028786 -0.050372
v -0.077699 0.034931 -0.047894
v -0.066907 -0.027915 -0.053811
v -0.069070 -0.026175 -0.056390
v -0.069027 -0.026804 -0.054892
v -0.068558 -0.027692 -0.053484
v -0.067910 -0.028573 -0.051463
v -0.067855 -0.029494 -0.049829
v -0.068548 -0.030126 -0.049319
v -0.080609 -0.019148 -0.066448
v -0.073673 -0.029278 -0.054716
v -0.077170 0.011837 -0.061442
v -0.077146 0.010006 -0.063103
v -0.079343 0.011527 -0.064525
v -0.079238 0.013558 -0.063034
v -0.059662 -0.010066 -0.105843
v -0.061851 0.000930 -0.110921
v -0.014423 -0.082871 -0.113238
v -0.014106 -0.070059 -0.113075
v -0.075770 0.033070 -0.095694
v -0.077164 0.013290 -0.060065
v -0.079347 0.015188 -0.061596
v -0.079392 -0.007374 -0.068558
v -0.075174 0.013215 -0.060270
v -0.075497 0.011568 -0.061670
v -0.080520 0.016733 -0.063209
v -0.080365 0.014853 -0.064740
v -0.080689 0.012512 -0.066227
v -0.075778 0.009692 -0.063152
v -0.077945 0.016899 -0.061447
v -0.079949 0.063363 -0.071919
v -0.079245 0.057654 -0.086010
v -0.076562 0.080213 -0.075395
v -0.075618 0.075333 -0.090704
v -0.071210 0.069532 -0.106653
v -0.074671 0.050835 -0.102028
v -0.078197 0.018106 -0.056087
v -0.080699 0.020492 -0.055149
v -0.063655 0.089928 -0.023128
v -0.068749 0.085075 -0.030477
v -0.056846 0.094270 -0.014399
v -0.056597 0.099563 -0.021211
v -0.062960 0.096074 -0.030201
v -0.070204 0.089406 -0.042331
v -0.078987 0.053752 -0.056960
v -0.078177 0.068594 -0.057733
v -0.075147 0.072550 -0.044108
v -0.074488 0.085020 -0.059685
v -0.065922 0.098571 -0.048826
v -0.069586 0.095130 -0.063447
v -0.058800 0.107056 -0.052805
v -0.060956 0.105187 -0.067487
v -0.060797 0.102698 -0.083506
v -0.071273 0.091237 -0.078646
v -0.061026 0.101602 -0.036451
v -0.054916 0.104349 -0.026752
v -0.055910 0.108000 -0.040068
v -0.052605 0.108362 -0.031399
v -0.073096 0.074370 -0.036690
v -0.063482 -0.034679 -0.049209
v -0.065484 -0.035165 -0.044117
v -0.069908 -0.024761 -0.036043
v -0.068602 -0.000486 -0.000346
v -0.068718 0.012582 -0.003201
v -0.071862 0.004641 -0.013436
v -0.070637 -0.010613 -0.011326
v -0.067106 0.026370 -0.005471
v -0.070946 0.019168 -0.015347
v -0.070916 0.032816 -0.017740
v -0.067005 0.040227 -0.006423
v -0.062606 0.064252 -0.121822
v -0.064926 0.047530 -0.119934
v -0.065464 0.034703 -0.118084
v -0.047778 0.058308 0.025338
v -0.022159 0.085632 -0.141873
v -0.046398 0.080620 0.015501
v -0.054769 0.084668 -0.122139
v -0.041749 0.090768 -0.128800
v -0.070552 0.086572 -0.093786
v -0.067389 0.081493 -0.107388
v -0.059488 0.075248 -0.122245
v -0.064640 0.018494 -0.116118
v -0.047070 0.107874 -0.019935
v -0.055543 0.023991 0.019425
v -0.054828 0.019340 0.018766
v -0.055788 0.028648 0.020978
v -0.053534 0.014497 0.020523
v -0.015398 0.007327 0.044932
v -0.014792 0.005753 0.047043
v -0.014852 0.003123 0.048724
v -0.018149 0.002951 0.044983
v -0.017894 -0.000054 0.046686
v -0.011485 0.003576 0.054450
v -0.011945 0.006076 0.051594
v -0.014211 0.000721 0.050842
v -0.014144 -0.002561 0.052472
v -0.011902 0.000406 0.056153
v -0.018508 -0.015263 0.048721
v -0.019502 -0.010522 0.047287
v -0.016790 -0.006213 0.049238
v -0.021624 -0.003117 0.045240
v -0.020667 -0.006602 0.046481
v -0.017235 -0.002881 0.048112
v -0.022278 0.000328 0.043457
v -0.015156 -0.006069 0.054449
v -0.015872 -0.008960 0.057715
v -0.012387 -0.003023 0.059035
v -0.010538 -0.001042 0.062784
v -0.009957 0.002544 0.059848
v -0.018967 0.004866 0.043065
v -0.023639 0.002673 0.041771
v -0.024325 -0.010385 0.045855
v -0.028708 -0.014271 0.045405
v -0.026161 -0.006007 0.044326
v -0.030436 -0.009214 0.043834
v -0.027069 -0.002039 0.042584
v -0.031694 -0.004977 0.041959
v -0.032682 -0.019065 0.044595
v -0.036251 -0.024061 0.043036
v -0.039269 -0.030768 0.040542
v -0.039103 -0.018438 0.041700
v -0.042790 -0.024840 0.039065
v -0.041007 -0.012448 0.039952
v -0.045535 -0.018660 0.037362
v -0.034964 -0.013212 0.043047
v -0.036560 -0.008471 0.041143
v -0.032647 -0.000823 0.040000
v -0.028209 0.001237 0.040875
v -0.041862 -0.000742 0.036245
v -0.041851 -0.006525 0.038140
v -0.037299 -0.003517 0.039101
v -0.037628 0.001264 0.037171
v -0.047010 -0.011047 0.035865
v -0.046581 -0.003136 0.034702
v -0.045567 0.002283 0.033215
v -0.031456 0.010076 0.036702
v -0.026732 0.010916 0.037482
v -0.035112 0.009537 0.035675
v -0.041368 0.003652 0.034693
v -0.037884 0.004612 0.035927
v -0.049648 0.009491 0.026651
v -0.047341 0.008941 0.028833
v -0.041396 0.009051 0.032816
v -0.038437 0.009194 0.034314
v -0.044491 0.009050 0.030892
v -0.022133 0.012513 0.037481
v -0.017625 0.014501 0.037420
v -0.056149 -0.062385 -0.071697
v -0.009218 0.005908 0.057826
v -0.009211 0.008729 0.055127
v -0.014341 0.031415 0.039928
v -0.012040 0.028547 0.039378
v -0.006330 0.029053 0.046310
v -0.018062 0.035395 0.042019
v -0.014369 0.017095 0.037371
v -0.012484 0.019548 0.037382
v -0.011341 0.022472 0.037818
v -0.011128 0.025587 0.038409
v -0.029637 0.048810 0.043066
v -0.026207 0.042517 0.044579
v -0.057444 0.062787 0.010052
v -0.061191 0.054016 0.005590
v -0.050739 0.043805 0.028246
v -0.053716 0.039123 0.025258
v -0.055420 0.033860 0.022703
v -0.062989 0.042316 0.002587
v -0.063781 0.029947 0.002184
v -0.065256 0.017996 0.003585
v -0.048530 0.092592 0.001168
v -0.048333 0.098211 -0.005809
v -0.048092 0.086603 0.008386
v -0.038862 0.111211 -0.014591
v -0.039008 0.106757 -0.006146
v -0.047897 0.103347 -0.012767
v -0.039530 0.101629 0.001209
v -0.039912 0.096056 0.008080
v -0.039437 0.090196 0.015216
v -0.038248 0.084009 0.022204
v -0.036545 0.076093 0.028509
v -0.047530 -0.061274 -0.089742
v -0.007055 -0.007422 0.055232
v -0.006617 -0.007459 0.055734
v -0.006772 -0.007418 0.055089
v -0.006265 -0.007485 0.055671
v -0.006630 -0.007903 0.055667
v -0.006662 -0.015448 0.057970
v -0.005825 -0.013296 0.057130
v -0.006111 -0.010034 0.056506
v -0.069162 -0.031151 -0.038327
v -0.058370 -0.097460 -0.067453
v -0.054593 -0.093794 -0.080697
v 0.056456 -0.096708 -0.067075
v 0.052646 -0.093064 -0.080343
v 0.021088 -0.129595 -0.012836
v 0.033501 -0.125603 -0.018770
v 0.034154 -0.133647 -0.019875
v 0.021538 -0.137037 -0.013970
v 0.059985 -0.114654 -0.072542
v 0.057707 -0.105761 -0.068709
v 0.054097 -0.102166 -0.082804
v 0.057326 -0.110972 -0.087688
v 0.047045 -0.100135 -0.095032
v 0.050177 -0.109910 -0.100660
v 0.039463 -0.110299 -0.110414
v 0.037272 -0.098819 -0.104560
v 0.025352 -0.098141 -0.111523
v 0.026782 -0.110797 -0.116629
v 0.045198 -0.120419 -0.027742
v 0.053796 -0.114756 -0.039964
v 0.055015 -0.124028 -0.041924
v 0.045962 -0.129055 -0.029261
v 0.058407 -0.109763 -0.053677
v 0.059834 -0.119001 -0.056981
v 0.012952 -0.110906 -0.119651
v 0.012164 -0.097123 -0.114965
v 0.023448 -0.155896 -0.016240
v 0.010157 -0.157985 -0.014684
v 0.010213 -0.147960 -0.012458
v 0.022484 -0.146154 -0.015129
v 0.054244 -0.158809 -0.035350
v 0.067949 -0.152103 -0.048399
v 0.074463 -0.160666 -0.045387
v 0.058717 -0.168585 -0.032302
v 0.096095 -0.157936 -0.057605
v 0.105467 -0.146576 -0.079221
v 0.038636 -0.163135 -0.024175
v 0.040984 -0.172689 -0.020569
v -0.001282 -0.123549 -0.127036
v -0.001297 -0.110652 -0.120151
v 0.095380 -0.141376 -0.081403
v 0.094624 -0.137402 -0.105341
v 0.107009 -0.142929 -0.104119
v 0.053099 -0.159231 -0.143978
v 0.053397 -0.166173 -0.146818
v 0.068506 -0.161232 -0.144720
v 0.064291 -0.154856 -0.141015
v 0.073701 -0.125490 -0.099851
v 0.062778 -0.126208 -0.114740
v 0.070856 -0.133722 -0.120347
v 0.083970 -0.131460 -0.103970
v 0.036038 -0.143309 -0.136836
v 0.054014 -0.138076 -0.130711
v 0.048205 -0.130173 -0.125101
v 0.032095 -0.132846 -0.131171
v 0.085741 -0.136445 -0.081861
v 0.075432 -0.130728 -0.080229
v 0.078163 -0.144831 -0.063997
v 0.069972 -0.137554 -0.063390
v 0.062180 -0.143436 -0.048018
v 0.055665 -0.118748 -0.107733
v 0.043314 -0.120544 -0.117680
v 0.028988 -0.122365 -0.123866
v 0.013917 -0.123404 -0.126574
v -0.000858 -0.172675 -0.145414
v -0.000936 -0.160267 -0.143363
v 0.017310 -0.146349 -0.138661
v 0.015557 -0.134904 -0.133595
v 0.086650 -0.151207 -0.062273
v 0.063424 -0.128694 -0.061018
v 0.057972 -0.133747 -0.045304
v 0.064596 -0.175621 -0.022008
v 0.082905 -0.169224 -0.037889
v 0.044659 -0.180160 -0.010632
v 0.026545 -0.183984 -0.004055
v 0.018798 -0.158972 -0.142347
v 0.018268 -0.171130 -0.144715
v 0.037514 -0.168229 -0.145705
v 0.041079 -0.155476 -0.142307
v 0.050548 -0.148775 -0.034314
v 0.037294 -0.153117 -0.023072
v 0.023820 -0.165679 -0.016323
v 0.063914 -0.118920 -0.093567
v 0.065775 -0.123166 -0.076832
v 0.047998 -0.138500 -0.031987
v 0.035393 -0.143128 -0.021820
v 0.009831 -0.139211 -0.010329
v 0.024787 -0.175182 -0.012247
v 0.095997 -0.147093 -0.125389
v 0.082864 -0.154576 -0.138151
v 0.075716 -0.150978 -0.136113
v -0.001185 -0.147268 -0.139733
v -0.001145 -0.148652 -0.011865
v -0.001427 -0.158859 -0.014468
v -0.000746 -0.139842 -0.008958
v 0.080242 -0.142381 -0.126458
v 0.059856 -0.147374 -0.136326
v -0.000614 -0.133239 -0.006514
v -0.001354 -0.096474 -0.115837
v -0.001493 -0.170065 -0.016515
v -0.001386 -0.181574 -0.013218
v -0.001180 -0.190627 -0.003800
v 0.009890 -0.132387 -0.008402
v 0.011057 -0.179255 -0.012001
v 0.010483 -0.168569 -0.015584
v 0.011899 -0.188591 -0.003513
v -0.001140 -0.135509 -0.134275
v -0.022014 -0.129806 -0.013031
v -0.034377 -0.125810 -0.019111
v -0.035318 -0.133827 -0.020084
v -0.022732 -0.137132 -0.014112
v -0.061761 -0.115561 -0.072917
v -0.059682 -0.106632 -0.069101
v -0.056116 -0.102944 -0.083105
v -0.059261 -0.111788 -0.087941
v -0.049226 -0.100849 -0.095202
v -0.052309 -0.110574 -0.100806
v -0.041685 -0.110823 -0.110526
v -0.039579 -0.099391 -0.104666
v -0.027735 -0.098553 -0.111591
v -0.029083 -0.111181 -0.116705
v -0.046424 -0.120913 -0.027999
v -0.055124 -0.115609 -0.040338
v -0.056209 -0.124544 -0.042189
v -0.047271 -0.129378 -0.029440
v -0.060274 -0.110827 -0.054038
v -0.061320 -0.120037 -0.057330
v -0.015345 -0.111127 -0.119649
v -0.014731 -0.097351 -0.114985
v -0.025454 -0.155982 -0.016254
v -0.012583 -0.158099 -0.014832
v -0.011934 -0.147909 -0.012582
v -0.024175 -0.146184 -0.015273
v -0.055201 -0.159737 -0.036209
v -0.068888 -0.153108 -0.049293
v -0.075411 -0.161505 -0.046244
v -0.060124 -0.169020 -0.032451
v -0.097132 -0.158839 -0.058509
v -0.106651 -0.147392 -0.079926
v -0.040424 -0.163550 -0.024217
v -0.043057 -0.173217 -0.020545
v -0.096757 -0.142105 -0.081978
v -0.096283 -0.137982 -0.105729
v -0.108529 -0.143455 -0.104808
v -0.054995 -0.159574 -0.144223
v -0.055298 -0.166476 -0.147051
v -0.070234 -0.161519 -0.145141
v -0.066155 -0.155214 -0.141308
v -0.075584 -0.126129 -0.100041
v -0.064788 -0.127294 -0.114846
v -0.072761 -0.134289 -0.120518
v -0.085702 -0.132086 -0.104194
v -0.038075 -0.143604 -0.136999
v -0.056005 -0.138428 -0.130904
v -0.050221 -0.129707 -0.125114
v -0.034165 -0.133116 -0.131233
v -0.087221 -0.137173 -0.082209
v -0.076886 -0.131499 -0.080546
v -0.079439 -0.145696 -0.064565
v -0.071292 -0.138443 -0.063971
v -0.063126 -0.144359 -0.048893
v -0.057677 -0.119340 -0.107874
v -0.045465 -0.120995 -0.117768
v -0.031250 -0.122652 -0.123861
v -0.016155 -0.124636 -0.126623
v -0.019540 -0.146852 -0.138693
v -0.018162 -0.134141 -0.133908
v -0.087809 -0.152126 -0.062971
v -0.064717 -0.129662 -0.061494
v -0.059138 -0.134339 -0.045836
v -0.066300 -0.176312 -0.021975
v -0.084159 -0.169952 -0.038401
v -0.046834 -0.180718 -0.010547
v -0.028955 -0.184163 -0.003732
v -0.020992 -0.159045 -0.142440
v -0.020165 -0.171205 -0.144750
v -0.039159 -0.168621 -0.145891
v -0.043005 -0.155794 -0.142495
v -0.051826 -0.149360 -0.035023
v -0.039028 -0.153452 -0.023149
v -0.026165 -0.166031 -0.016469
v -0.065810 -0.119654 -0.093787
v -0.067454 -0.124038 -0.077228
v -0.049489 -0.138839 -0.032295
v -0.036959 -0.143353 -0.022000
v -0.011480 -0.139257 -0.010483
v -0.027330 -0.175381 -0.012025
v -0.097591 -0.147789 -0.125610
v -0.084579 -0.155098 -0.138408
v -0.077508 -0.151480 -0.136280
v -0.082014 -0.142969 -0.126689
v -0.061716 -0.147849 -0.136510
v -0.011089 -0.132435 -0.008558
v -0.013692 -0.179453 -0.011884
v -0.013126 -0.168912 -0.015805
v -0.014145 -0.188574 -0.003323
v -0.007114 -0.007933 0.055270
v -0.068606 -0.034416 -0.016572
v -0.067737 -0.041662 -0.024284
v -0.064449 -0.053161 -0.017721
v -0.065723 -0.045076 -0.009662
v -0.059190 -0.063798 -0.011103
v -0.062130 -0.054105 -0.004427
v -0.053147 -0.072874 -0.003295
v -0.057344 -0.062634 0.001520
v -0.048541 -0.080061 0.005144
v -0.052518 -0.069353 0.008575
v -0.034749 -0.089492 0.023316
v -0.033137 -0.094716 0.019370
v -0.026178 -0.099628 0.025291
v -0.026598 -0.096394 0.029912
v -0.018403 -0.104060 0.030857
v -0.018947 -0.101237 0.035610
v -0.010003 -0.106523 0.034329
v -0.010075 -0.103904 0.039469
v -0.000082 -0.107271 0.036328
v -0.000084 -0.104181 0.041599
v -0.000074 -0.095501 0.046643
v -0.009046 -0.095997 0.045226
v -0.009656 -0.100326 0.043114
v -0.000119 -0.100742 0.044613
v -0.016958 -0.094005 0.041635
v -0.018418 -0.097964 0.039235
v -0.023937 -0.089399 0.036677
v -0.025737 -0.093048 0.033837
v -0.031255 -0.082636 0.031463
v -0.033211 -0.086193 0.028008
v -0.036974 -0.075877 0.028752
v -0.040356 -0.076655 0.024540
v -0.009322 -0.107824 0.027729
v -0.000089 -0.108589 0.029833
v -0.017318 -0.105731 0.024775
v -0.024619 -0.102065 0.020117
v -0.030836 -0.098697 0.014630
v -0.042601 -0.086522 0.013160
v -0.037515 -0.094435 0.008725
v -0.044733 -0.087563 0.002080
v -0.049405 -0.080127 -0.007046
v -0.056316 -0.070222 -0.016537
v -0.062718 -0.058155 -0.025021
v -0.066201 -0.045494 -0.031714
v -0.068786 -0.033484 -0.029069
v -0.015315 -0.090182 0.042764
v -0.008441 -0.090953 0.045756
v -0.021626 -0.086223 0.038756
v -0.028727 -0.078961 0.034359
v -0.034561 -0.072448 0.031788
v -0.038801 -0.056166 0.034063
v -0.037745 -0.064009 0.032342
v -0.037298 -0.041771 0.039065
v -0.037841 -0.048862 0.036869
v -0.045502 -0.033545 0.035203
v -0.047023 -0.043286 0.030843
v -0.042502 -0.047589 0.033777
v -0.041451 -0.038357 0.037247
v -0.049159 -0.026789 0.032972
v -0.051272 -0.038046 0.027684
v -0.008735 -0.108810 0.022222
v -0.000097 -0.109518 0.023214
v -0.015770 -0.107405 0.019364
v -0.021899 -0.104881 0.015243
v -0.026543 -0.102693 0.010253
v -0.031557 -0.100050 0.004579
v -0.037180 -0.095497 -0.001965
v -0.044358 -0.088686 -0.010552
v -0.052752 -0.078272 -0.021270
v -0.060733 -0.063085 -0.031087
v -0.063750 -0.049518 -0.038222
v -0.023005 -0.106702 0.000907
v -0.018855 -0.107757 0.005083
v -0.015185 -0.109566 0.008189
v -0.011949 -0.110575 0.011398
v -0.006937 -0.111766 0.011047
v -0.000062 -0.112415 0.011180
v -0.006244 -0.111747 0.006055
v 0.000099 -0.112742 0.006381
v -0.008807 -0.112679 0.003611
v 0.000086 -0.114013 0.004468
v -0.011161 -0.114334 0.001548
v -0.000072 -0.116442 0.002700
v -0.041033 -0.067338 0.028591
v -0.045281 -0.065629 0.024271
v -0.047211 -0.054190 0.026765
v -0.051657 -0.049815 0.022670
v -0.050011 -0.062561 0.018894
v -0.042887 -0.057697 0.030219
v -0.055319 -0.057306 0.012583
v -0.056342 -0.044308 0.017817
v -0.055444 -0.031451 0.024418
v -0.060109 -0.037883 0.013540
v -0.059681 -0.050787 0.006707
v -0.059211 -0.026501 0.020358
v -0.062081 -0.021766 0.016357
v -0.062903 -0.032317 0.009405
v -0.063029 -0.043374 0.002389
v -0.045529 -0.076787 0.016910
v -0.065807 -0.036270 -0.002515
v -0.064293 -0.017075 0.011766
v -0.065167 -0.026327 0.004937
v -0.066438 -0.010810 0.005976
v -0.067678 -0.019590 -0.001943
v -0.068789 -0.027326 -0.010016
v -0.070025 -0.025282 -0.024956
v -0.000129 -0.090345 0.047124
v -0.063708 -0.033137 -0.053540
v -0.022293 -0.030285 0.048698
v -0.016919 -0.027623 0.052281
v -0.011937 -0.026346 0.055565
v -0.007682 -0.025802 0.058008
v -0.003682 -0.025620 0.059362
v -0.000331 -0.124040 -0.002002
v 0.000548 0.041622 0.049685
v -0.000275 -0.118759 0.000909
v -0.000181 -0.071687 0.032974
v 0.000240 0.127211 -0.029024
v -0.000141 -0.085179 0.047269
v -0.000093 -0.068487 0.035754
v 0.000324 0.003407 0.070270
v -0.000144 -0.080994 0.047203
v -0.000028 -0.069354 0.052933
v 0.000016 -0.063574 0.050227
v 0.000592 0.078130 0.039823
v 0.000046 -0.065806 0.052077
v -0.000055 -0.023623 0.059723
v 0.000366 -0.000754 0.073499
v -0.000026 -0.061998 0.048355
v -0.001326 -0.045245 -0.117899
v -0.000081 -0.073558 0.051120
v -0.000082 -0.064346 0.040770
v -0.000054 -0.061262 0.046504
v 0.000232 -0.043382 0.042496
v 0.000082 -0.026455 0.059707
v 0.000552 0.020406 0.055857
v -0.001181 -0.006700 -0.141823
v 0.000422 0.017600 0.058279
v 0.000322 0.102169 0.021819
v 0.000542 0.087947 0.034575
v 0.000310 0.007635 0.066831
v -0.000607 0.055997 -0.154793
v -0.000462 0.072506 -0.151671
v 0.000500 0.060768 0.045620
v 0.000163 0.125733 -0.092353
v 0.000371 -0.004635 0.075461
v -0.000025 -0.018397 0.064708
v 0.000242 0.118937 -0.004000
v -0.000917 0.021621 -0.152368
v -0.000005 0.116515 -0.116735
v 0.000116 -0.043734 0.057829
v 0.000242 0.123435 -0.015945
v 0.000154 -0.045409 0.054321
v 0.000163 -0.014692 0.072380
v -0.001063 0.005892 -0.148105
v -0.000779 0.035362 -0.154349
v 0.000026 -0.033436 0.060913
v 0.000098 -0.029151 0.059870
v 0.000083 0.122033 -0.104982
v 0.000639 0.047465 0.049142
v 0.000020 -0.036456 0.061713
v 0.000639 0.029168 0.050464
v 0.000075 -0.038906 0.061653
v -0.000457 -0.128648 -0.004581
v -0.000219 0.096393 -0.138794
v 0.000088 -0.041212 0.060165
v 0.000185 -0.045007 0.048520
v 0.000370 0.011443 0.063597
v 0.000202 -0.044401 0.045228
v 0.000539 0.068684 0.043100
v -0.000087 -0.020917 0.060900
v -0.000056 -0.020306 0.061608
v 0.000567 0.026745 0.051334
v 0.000361 0.095647 0.028489
v 0.000703 0.031600 0.050164
v -0.000040 -0.021698 0.060316
v -0.000328 0.087170 -0.145202
v 0.000224 0.130289 -0.074969
v 0.000233 0.131226 -0.061796
v 0.000543 0.023444 0.053472
v 0.000417 0.014746 0.060686
v -0.001291 -0.055054 -0.116173
v 0.000312 -0.011127 0.075197
v 0.000350 -0.008319 0.075981
v 0.000253 0.113644 0.006255
v -0.001236 -0.016202 -0.136604
v 0.000238 0.130522 -0.044584
v 0.000278 0.108043 0.014567
v -0.001298 -0.033716 -0.124784
v -0.001259 -0.023876 -0.132247
v 0.000089 -0.016001 0.070431
v 0.000540 0.034624 0.049755
v 0.000012 -0.017415 0.067353
v -0.000101 0.109021 -0.127547
v -0.000032 -0.019411 0.062770
v 0.006840 -0.008025 0.055380
v 0.067734 -0.033658 -0.015426
v 0.066075 -0.040625 -0.023305
v 0.062993 -0.052391 -0.016662
v 0.064922 -0.044538 -0.008512
v 0.058309 -0.063229 -0.010176
v 0.061536 -0.053639 -0.003419
v 0.052282 -0.072367 -0.002686
v 0.056775 -0.062181 0.002315
v -0.004154 -0.014664 0.069920
v -0.003251 -0.016227 0.067503
v 0.047931 -0.079617 0.005598
v 0.052020 -0.068955 0.009163
v -0.015025 0.020956 0.034646
v -0.008062 -0.018361 0.057417
v -0.007055 0.004911 0.063062
v -0.013825 0.021163 0.035439
v 0.034386 -0.089052 0.023470
v 0.032778 -0.094246 0.019514
v 0.025704 -0.099012 0.025295
v 0.026065 -0.095870 0.029906
v -0.010720 -0.017993 0.056403
v 0.018006 -0.103646 0.030860
v 0.018538 -0.100924 0.035641
v 0.009761 -0.106434 0.034383
v 0.009866 -0.103851 0.039602
v -0.006480 0.011504 0.057624
v -0.008369 0.020318 0.044447
v 0.008777 -0.096006 0.045612
v 0.009378 -0.100336 0.043397
v -0.006554 0.008189 0.060438
v -0.015702 -0.014387 0.057039
v -0.014159 -0.017158 0.055798
v -0.006690 -0.008344 0.072577
v -0.007565 -0.005622 0.071530
v 0.016636 -0.093923 0.041888
v -0.007425 -0.011553 0.070616
v -0.004703 -0.013402 0.071170
v 0.017934 -0.097779 0.039415
v -0.016463 0.020674 0.034787
v -0.026888 0.021640 0.029404
v -0.005920 -0.010368 0.072542
v -0.002861 -0.012510 0.073085
v -0.019637 0.021380 0.032974
v -0.015831 0.020826 0.034612
v -0.011980 -0.010249 0.065284
v -0.007008 0.019342 0.048749
v 0.023538 -0.089216 0.036934
v 0.025140 -0.092748 0.033954
v 0.030912 -0.082426 0.031853
v 0.032790 -0.085899 0.028293
v -0.014481 -0.011704 0.061108
v 0.036723 -0.075710 0.029337
v 0.040024 -0.076405 0.025025
v 0.009204 -0.107550 0.027706
v -0.017232 0.020767 0.034762
v -0.017900 0.020909 0.034672
v -0.007882 0.001146 0.065816
v 0.017030 -0.105127 0.024686
v 0.024241 -0.101311 0.020037
v 0.030601 -0.098043 0.014666
v 0.042346 -0.086264 0.013479
v -0.022248 0.021412 0.032848
v -0.002871 -0.018189 0.062532
v -0.010194 -0.010772 0.067755
v -0.008740 -0.011216 0.069359
v -0.003598 -0.018792 0.060611
v 0.037278 -0.094035 0.008821
v 0.044230 -0.086974 0.002238
v -0.011752 0.021019 0.037594
v 0.048383 -0.079381 -0.006823
v -0.006544 0.017191 0.052513
v -0.006168 0.014606 0.055585
v 0.055311 -0.069436 -0.016022
v 0.061042 -0.057115 -0.024273
v -0.002844 -0.017239 0.064988
v 0.064393 -0.044350 -0.030903
v 0.067594 -0.032610 -0.027912
v 0.015051 -0.090131 0.043144
v 0.008227 -0.090942 0.046200
v 0.021315 -0.086111 0.039137
v -0.007932 -0.002259 0.069301
v 0.028425 -0.078809 0.034840
v 0.034426 -0.072401 0.032478
v 0.038750 -0.056140 0.034889
v -0.005956 -0.018419 0.058988
v 0.037637 -0.064013 0.033186
v 0.037324 -0.041717 0.039922
v 0.037825 -0.048822 0.037649
v 0.045479 -0.033426 0.036083
v 0.046891 -0.043101 0.031611
v 0.042409 -0.047433 0.034529
v 0.000239 -0.013107 0.073926
v -0.005247 -0.012038 0.072007
v 0.041486 -0.038241 0.038158
v 0.049211 -0.026646 0.033873
v 0.051136 -0.037933 0.028567
v 0.008672 -0.108448 0.022180
v -0.029537 0.035456 0.039696
v -0.029232 0.033135 0.038382
v 0.015577 -0.106804 0.019296
v 0.021613 -0.104211 0.015153
v 0.026162 -0.102070 0.010188
v 0.031230 -0.099538 0.004502
v 0.036733 -0.094981 -0.001962
v 0.043424 -0.088026 -0.010377
v -0.021851 0.038633 0.043516
v -0.004186 0.038288 0.048827
v -0.009551 0.038547 0.047383
v 0.051887 -0.077586 -0.020882
v -0.030119 0.028456 0.037261
v -0.030386 0.026178 0.035874
v -0.028898 0.031156 0.037080
v -0.030047 0.026673 0.037264
v -0.030386 0.027482 0.037723
v 0.059233 -0.062159 -0.030455
v -0.028675 0.030119 0.036669
v 0.061625 -0.048195 -0.037368
v -0.028597 0.029944 0.036661
v 0.022586 -0.106275 0.000539
v -0.027433 0.037886 0.041450
v 0.018543 -0.107305 0.004789
v 0.015078 -0.109109 0.008028
v -0.029260 0.029319 0.036702
v -0.030844 0.025461 0.034099
v 0.011910 -0.110161 0.011301
v -0.031610 0.023753 0.030015
v 0.006891 -0.111584 0.010995
v 0.000558 0.037979 0.049709
v -0.021011 0.048743 0.046101
v -0.051724 0.047728 0.024662
v 0.006293 -0.111625 0.005938
v -0.054604 0.042219 0.022103
v 0.008694 -0.112434 0.003377
v -0.048273 0.005414 0.029962
v -0.051141 0.006041 0.027348
v -0.018195 0.042542 0.046639
v 0.010980 -0.114123 0.001457
v 0.040759 -0.067229 0.029220
v 0.044826 -0.065384 0.024799
v 0.046875 -0.053947 0.027418
v 0.051377 -0.049606 0.023415
v -0.026312 0.069271 0.037642
v -0.030540 0.113901 -0.010724
v -0.024709 0.061815 0.041014
v -0.039254 0.053755 0.035358
v 0.049601 -0.062307 0.019505
v -0.030678 0.109283 -0.001526
v 0.042650 -0.057544 0.030892
v 0.054872 -0.057071 0.013407
v 0.056001 -0.044125 0.018787
v 0.055401 -0.031248 0.025395
v 0.059714 -0.037535 0.014559
v -0.046802 0.052039 0.029170
v 0.059177 -0.050533 0.007728
v -0.055654 0.011765 0.019588
v -0.006227 0.054376 0.047346
v -0.056745 0.017590 0.016863
v 0.059053 -0.026205 0.021448
v -0.014397 0.054834 0.046445
v -0.027039 0.124455 -0.073439
v 0.061863 -0.021243 0.017421
v 0.062418 -0.031889 0.010497
v 0.062537 -0.042959 0.003447
v 0.045255 -0.076432 0.017303
v -0.012864 0.035278 0.044262
v 0.065267 -0.035806 -0.001356
v -0.038256 0.007095 0.034948
v -0.041211 0.006702 0.033609
v 0.063968 -0.016502 0.012829
v -0.030912 0.124158 -0.062128
v -0.054783 0.009124 0.021902
v -0.029262 0.086143 0.027225
v -0.008882 0.028840 0.042932
v -0.010711 0.031611 0.042826
v -0.030157 0.092815 0.020584
v 0.064662 -0.025696 0.005987
v 0.066072 -0.010203 0.007041
v 0.067177 -0.018934 -0.000845
v -0.030535 0.098816 0.013601
v 0.068202 -0.026634 -0.008823
v 0.069091 -0.024526 -0.023638
v -0.030858 0.118012 -0.021399
v -0.021431 0.010939 0.038319
v 0.062322 -0.032074 -0.052433
v 0.022118 -0.030476 0.049149
v 0.016718 -0.027845 0.052616
v -0.056629 0.035875 0.019774
v -0.057293 0.029368 0.018405
v -0.031517 0.123497 -0.048230
v -0.030951 0.008425 0.037354
v -0.057229 0.023490 0.017027
v -0.015279 0.126447 -0.081536
v 0.011770 -0.026488 0.055929
v -0.053280 0.007212 0.024650
v 0.007637 -0.025839 0.058420
v 0.003704 -0.025633 0.059687
v -0.031615 0.054755 0.040289
v -0.034811 0.007663 0.036285
v -0.008615 0.025773 0.042171
v -0.016848 0.013178 0.038606
v -0.013378 0.016092 0.039072
v -0.030642 0.104252 0.006433
v -0.011063 0.018923 0.039960
v -0.009067 0.022483 0.041430
v -0.026208 0.009385 0.038127
v -0.027911 0.077631 0.033232
v -0.031071 0.121252 -0.034147
v -0.044602 0.006122 0.031975
v 0.000203 0.127698 -0.084370
v 0.000489 0.053686 0.047728
v -0.009920 0.020671 0.040806
v -0.015501 0.038625 0.045709
v -0.023120 0.054957 0.044163
v -0.000089 -0.077427 0.048521
v -0.026726 -0.045136 0.045000
v -0.027998 -0.048846 0.042533
v -0.028023 -0.057526 0.038972
v -0.020117 -0.036730 0.052347
v -0.024068 -0.040840 0.048322
v -0.019221 -0.071988 0.043287
v -0.028395 -0.051968 0.040790
v -0.013440 -0.074853 0.046291
v -0.028843 -0.054460 0.039609
v -0.007066 -0.075876 0.048322
v 0.000078 -0.031080 0.060391
v -0.009840 -0.031479 0.058678
v -0.004521 -0.030711 0.060137
v -0.015132 -0.033507 0.056007
v -0.026303 -0.062335 0.038937
v -0.023483 -0.068094 0.040311
v 0.004313 -0.014759 0.070020
v 0.003251 -0.016250 0.067528
v 0.015288 0.020985 0.035556
v 0.007872 -0.018540 0.057656
v 0.007315 0.004945 0.063295
v 0.014079 0.021174 0.036132
v 0.010543 -0.018226 0.056678
v 0.006881 0.011564 0.057912
v 0.008603 0.020300 0.044777
v 0.006886 0.008226 0.060695
v 0.015500 -0.014607 0.057373
v 0.013930 -0.017426 0.056137
v 0.007033 -0.008323 0.072810
v 0.007869 -0.005556 0.071762
v 0.007600 -0.011591 0.070752
v 0.004979 -0.013515 0.071324
v 0.016792 0.020660 0.035902
v 0.027426 0.021643 0.030512
v 0.006281 -0.010403 0.072753
v 0.003336 -0.012651 0.073283
v 0.020148 0.021242 0.034152
v 0.016128 0.020839 0.035685
v 0.011867 -0.010343 0.065468
v 0.007398 0.019355 0.049063
v 0.014346 -0.011882 0.061383
v 0.017617 0.020763 0.035898
v 0.018331 0.020938 0.035839
v 0.008037 0.001183 0.066008
v 0.022740 0.021101 0.034008
v 0.002726 -0.018175 0.062575
v 0.010156 -0.010829 0.067885
v 0.008787 -0.011243 0.069467
v 0.003409 -0.018855 0.060764
v 0.011953 0.020990 0.038082
v 0.007041 0.017248 0.052790
v 0.006719 0.014680 0.055872
v 0.002733 -0.017213 0.064985
v 0.008160 -0.002212 0.069489
v 0.005762 -0.018570 0.059235
v 0.005588 -0.012125 0.072195
v 0.030405 0.035606 0.040765
v 0.030044 0.033205 0.039589
v 0.022779 0.038707 0.044454
v 0.005243 0.038244 0.049095
v 0.010510 0.038563 0.047890
v 0.030730 0.028498 0.038604
v 0.030721 0.026191 0.036778
v 0.029660 0.031110 0.038456
v 0.030568 0.026694 0.038484
v 0.030985 0.027584 0.038939
v 0.029413 0.030049 0.038061
v 0.029308 0.029968 0.038065
v 0.028346 0.037929 0.042459
v 0.029909 0.029369 0.038052
v 0.031258 0.025703 0.034914
v 0.032100 0.024047 0.030896
v 0.022038 0.048854 0.047108
v 0.052331 0.048244 0.025014
v 0.054997 0.042731 0.022407
v 0.048626 0.005609 0.031006
v 0.051421 0.006320 0.028333
v 0.019188 0.042676 0.047619
v 0.027047 0.069526 0.038036
v 0.030900 0.114070 -0.010780
v 0.025524 0.061988 0.041527
v 0.040077 0.054009 0.036095
v 0.031006 0.109381 -0.001557
v 0.047553 0.052437 0.029727
v 0.056172 0.012273 0.020531
v 0.007229 0.054437 0.047638
v 0.057493 0.018093 0.017884
v 0.015414 0.054941 0.047030
v 0.027409 0.124601 -0.073537
v 0.013672 0.035315 0.044888
v 0.038732 0.007215 0.036172
v 0.041675 0.006831 0.034803
v 0.031325 0.124365 -0.062237
v 0.055133 0.009520 0.022823
v 0.029962 0.086259 0.027298
v 0.009566 0.028952 0.043292
v 0.011401 0.031699 0.043281
v 0.030526 0.092593 0.020811
v 0.030860 0.098686 0.013703
v 0.031253 0.118241 -0.021503
v 0.021634 0.010817 0.038981
v 0.056885 0.036311 0.020210
v 0.057705 0.029780 0.019171
v 0.031944 0.123745 -0.048346
v 0.031314 0.008371 0.038325
v 0.057856 0.023958 0.017920
v 0.015655 0.126492 -0.081592
v 0.053623 0.007539 0.025565
v 0.032473 0.054926 0.041031
v 0.035213 0.007715 0.037417
v 0.009028 0.025873 0.042473
v 0.016948 0.013058 0.039205
v 0.013522 0.015964 0.039632
v 0.030954 0.104243 0.006448
v 0.011219 0.018820 0.040406
v 0.009297 0.022517 0.041746
v 0.026366 0.009308 0.038920
v 0.028681 0.077907 0.033529
v 0.031491 0.121507 -0.034267
v 0.045001 0.006252 0.033086
v 0.010089 0.020630 0.041190
v 0.016435 0.038725 0.046486
v 0.024080 0.055100 0.044872
v 0.026686 -0.045284 0.045442
v 0.028000 -0.048988 0.043084
v 0.027978 -0.057582 0.039640
v 0.020005 -0.036952 0.052634
v 0.023977 -0.041012 0.048665
v 0.018629 -0.071693 0.043598
v 0.028332 -0.052092 0.041470
v 0.013049 -0.074644 0.046647
v 0.028815 -0.054559 0.040291
v 0.006742 -0.075863 0.048736
v 0.009812 -0.031563 0.059135
v 0.004568 -0.030702 0.060553
v 0.014992 -0.033677 0.056355
v 0.026103 -0.062325 0.039497
v 0.023012 -0.067883 0.040645
v 0.032363 0.022192 0.026203
v -0.031777 0.021911 0.025150
v 0.030092 0.021398 0.037882
v 0.028525 0.021398 0.037406
v 0.027081 0.021398 0.036636
v 0.025869 0.021399 0.035640
v 0.030123 0.021716 0.037881
v 0.028586 0.022023 0.037407
v 0.027170 0.022306 0.036637
v 0.025983 0.022543 0.035639
v 0.030215 0.022023 0.037882
v 0.028768 0.022623 0.037407
v 0.027434 0.023178 0.036636
v 0.026315 0.023642 0.035639
v 0.030365 0.022305 0.037882
v 0.029063 0.023177 0.037407
v 0.027862 0.023981 0.036636
v 0.026855 0.024655 0.035639
v 0.030569 0.022551 0.037881
v 0.029461 0.023662 0.037406
v 0.028439 0.024686 0.036636
v 0.027582 0.025544 0.035640
v 0.030815 0.022755 0.037882
v 0.029944 0.024060 0.037407
v 0.029142 0.025263 0.036636
v 0.028469 0.026272 0.035638
v 0.031096 0.022905 0.037882
v 0.030497 0.024356 0.037406
v 0.029944 0.025692 0.036635
v 0.029481 0.026814 0.035638
v 0.031403 0.022999 0.037881
v 0.031096 0.024538 0.037406
v 0.030814 0.025957 0.036636
v 0.030578 0.027146 0.035637
v 0.031720 0.023029 0.037881
v 0.031720 0.024599 0.037405
v 0.031720 0.026046 0.036634
v 0.031719 0.027259 0.035637
v 0.032038 0.022998 0.037880
v 0.032344 0.024537 0.037405
v 0.032625 0.025956 0.036633
v 0.032861 0.027145 0.035635
v 0.032344 0.022905 0.037880
v 0.032942 0.024354 0.037403
v 0.033495 0.025690 0.036632
v 0.033958 0.026811 0.035635
v 0.032625 0.022754 0.037879
v 0.033495 0.024058 0.037403
v 0.034297 0.025261 0.036631
v 0.034969 0.026269 0.035633
v 0.032871 0.022550 0.037879
v 0.033978 0.023659 0.037402
v 0.035000 0.024682 0.036630
v 0.035857 0.025540 0.035633
v 0.033074 0.022303 0.037878
v 0.034376 0.023174 0.037401
v 0.035576 0.023978 0.036629
v 0.036583 0.024650 0.035631
v 0.033225 0.022021 0.037877
v 0.034671 0.022621 0.037400
v 0.036005 0.023174 0.036628
v 0.037124 0.023637 0.035629
v 0.033317 0.021714 0.037876
v 0.034853 0.022020 0.037399
v 0.036269 0.022302 0.036627
v 0.037456 0.022538 0.035628
v 0.033349 0.021396 0.037876
v 0.034914 0.021396 0.037398
v 0.036358 0.021395 0.036626
v 0.037570 0.021394 0.035629
v 0.033317 0.021079 0.037876
v 0.034853 0.020771 0.037398
v 0.036269 0.020488 0.036626
v 0.037456 0.020251 0.035627
v 0.033225 0.020772 0.037876
v 0.034671 0.020171 0.037398
v 0.036005 0.019617 0.036626
v 0.037125 0.019152 0.035628
v 0.033075 0.020490 0.037876
v 0.034376 0.019618 0.037399
v 0.035578 0.018813 0.036627
v 0.036585 0.018139 0.035629
v 0.032872 0.020243 0.037877
v 0.033980 0.019133 0.037400
v 0.035002 0.018109 0.036628
v 0.035860 0.017249 0.035632
v 0.032626 0.020040 0.037878
v 0.033497 0.018735 0.037401
v 0.034300 0.017531 0.036629
v 0.034973 0.016521 0.035632
v 0.032345 0.019889 0.037878
v 0.032944 0.018439 0.037401
v 0.033498 0.017101 0.036630
v 0.033962 0.015980 0.035633
v 0.032039 0.019796 0.037879
v 0.032346 0.018256 0.037403
v 0.032628 0.016836 0.036632
v 0.032865 0.015647 0.035633
v 0.031722 0.019765 0.037879
v 0.031722 0.018195 0.037403
v 0.031723 0.016747 0.036632
v 0.031724 0.015534 0.035634
v 0.031404 0.019796 0.037880
v 0.031099 0.018256 0.037405
v 0.030818 0.016837 0.036634
v 0.030582 0.015647 0.035635
v 0.031098 0.019889 0.037880
v 0.030500 0.018439 0.037404
v 0.029948 0.017102 0.036633
v 0.029486 0.015981 0.035635
v 0.030816 0.020040 0.037880
v 0.029947 0.018735 0.037405
v 0.029145 0.017532 0.036634
v 0.028474 0.016523 0.035635
v 0.030570 0.020244 0.037880
v 0.029463 0.019134 0.037404
v 0.028442 0.018110 0.036634
v 0.027586 0.017252 0.035637
v 0.030367 0.020490 0.037881
v 0.029065 0.019619 0.037406
v 0.027865 0.018815 0.036634
v 0.026858 0.018142 0.035637
v 0.031721 0.021397 0.038040
v 0.030216 0.020772 0.037881
v 0.028769 0.020173 0.037405
v 0.027436 0.019619 0.036635
v 0.026317 0.019156 0.035638
v 0.030124 0.021080 0.037881
v 0.028587 0.020773 0.037406
v 0.027170 0.020491 0.036636
v 0.025983 0.020255 0.035638
v 0.024688 0.021399 0.034784
v 0.022863 0.021400 0.033329
v 0.021306 0.021400 0.031428
v 0.020149 0.021401 0.029258
v 0.019438 0.021401 0.026903
v 0.019199 0.021401 0.024455
v 0.019440 0.021400 0.022004
v 0.020152 0.021399 0.019649
v 0.021310 0.021399 0.017477
v 0.022868 0.021398 0.015574
v 0.024766 0.021397 0.014012
v 0.026932 0.021396 0.012852
v 0.029281 0.021395 0.012138
v 0.024823 0.022774 0.034783
v 0.023032 0.023131 0.033330
v 0.021505 0.023437 0.031429
v 0.020370 0.023663 0.029259
v 0.019673 0.023802 0.026903
v 0.019438 0.023849 0.024454
v 0.019674 0.023801 0.022004
v 0.020374 0.023661 0.019649
v 0.021510 0.023435 0.017477
v 0.023038 0.023129 0.015574
v 0.024900 0.022757 0.014012
v 0.027023 0.022333 0.012852
v 0.029328 0.021873 0.012138
v 0.025223 0.024096 0.034783
v 0.023535 0.024797 0.033330
v 0.022097 0.025395 0.031429
v 0.021029 0.025838 0.029258
v 0.020371 0.026112 0.026903
v 0.020149 0.026204 0.024453
v 0.020372 0.026111 0.022004
v 0.021032 0.025837 0.019649
v 0.022102 0.025392 0.017477
v 0.023541 0.024794 0.015575
v 0.025295 0.024065 0.014012
v 0.027296 0.023234 0.012852
v 0.029467 0.022332 0.012138
v 0.025872 0.025314 0.034784
v 0.024353 0.026332 0.033331
v 0.023059 0.027199 0.031429
v 0.022098 0.027843 0.029257
v 0.021506 0.028239 0.026903
v 0.021306 0.028373 0.024453
v 0.021507 0.028238 0.022004
v 0.022101 0.027841 0.019649
v 0.023063 0.027196 0.017477
v 0.024358 0.026328 0.015574
v 0.025937 0.025271 0.014012
v 0.027738 0.024064 0.012852
v 0.029692 0.022756 0.012138
v 0.026746 0.026382 0.034784
v 0.025455 0.027676 0.033329
v 0.024354 0.028780 0.031428
v 0.023536 0.029599 0.029257
v 0.023033 0.030104 0.026902
v 0.022864 0.030274 0.024453
v 0.023035 0.030103 0.022004
v 0.023539 0.029598 0.019648
v 0.024358 0.028777 0.017477
v 0.025460 0.027673 0.015575
v 0.026802 0.026327 0.014012
v 0.028334 0.024792 0.012852
v 0.029997 0.023126 0.012138
v 0.027812 0.027257 0.034783
v 0.026798 0.028779 0.033329
v 0.025932 0.030076 0.031427
v 0.025290 0.031041 0.029256
v 0.024895 0.031634 0.026902
v 0.024761 0.031835 0.024453
v 0.024896 0.031634 0.022003
v 0.025292 0.031039 0.019648
v 0.025935 0.030074 0.017477
v 0.026801 0.028776 0.015574
v 0.027856 0.027194 0.014012
v 0.029061 0.025389 0.012852
v 0.030366 0.023431 0.012138
v 0.029028 0.027907 0.034781
v 0.028329 0.029598 0.033327
v 0.027733 0.031040 0.031427
v 0.027291 0.032111 0.029256
v 0.027018 0.032772 0.026902
v 0.026927 0.032994 0.024453
v 0.027018 0.032771 0.022003
v 0.027292 0.032110 0.019648
v 0.027735 0.031038 0.017477
v 0.028332 0.029595 0.015574
v 0.029060 0.027838 0.014012
v 0.029889 0.025832 0.012852
v 0.030789 0.023656 0.012138
v 0.030347 0.028307 0.034780
v 0.029992 0.030102 0.033326
v 0.029687 0.031633 0.031426
v 0.029462 0.032771 0.029255
v 0.029323 0.033471 0.026902
v 0.029276 0.033707 0.024453
v 0.029324 0.033471 0.022004
v 0.029463 0.032770 0.019648
v 0.029689 0.031631 0.017477
v 0.029994 0.030099 0.015574
v 0.030364 0.028234 0.014012
v 0.030788 0.026106 0.012852
v 0.031247 0.023796 0.012138
v 0.031720 0.028442 0.034780
v 0.031719 0.030272 0.033326
v 0.031719 0.031833 0.031425
v 0.031719 0.032993 0.029255
v 0.031719 0.033706 0.026901
v 0.031720 0.033949 0.024454
v 0.031720 0.033706 0.022004
v 0.031720 0.032992 0.019648
v 0.031721 0.031831 0.017477
v 0.031721 0.030269 0.015574
v 0.031722 0.028368 0.014012
v 0.031723 0.026198 0.012852
v 0.031724 0.023843 0.012138
v 0.033091 0.028306 0.034779
v 0.033447 0.030100 0.033325
v 0.033751 0.031631 0.031424
v 0.033976 0.032769 0.029254
v 0.034116 0.033470 0.026901
v 0.034164 0.033705 0.024452
v 0.034117 0.033469 0.022003
v 0.033978 0.032768 0.019648
v 0.033753 0.031630 0.017476
v 0.033449 0.030098 0.015574
v 0.033080 0.028233 0.014012
v 0.032658 0.026105 0.012851
v 0.032201 0.023795 0.012138
v 0.034410 0.027904 0.034778
v 0.035109 0.029595 0.033324
v 0.035706 0.031036 0.031423
v 0.036148 0.032108 0.029254
v 0.036422 0.032768 0.026900
v 0.036514 0.032990 0.024451
v 0.036422 0.032767 0.022002
v 0.036149 0.032107 0.019647
v 0.035707 0.031035 0.017476
v 0.035111 0.029593 0.015574
v 0.034385 0.027836 0.014012
v 0.033558 0.025831 0.012852
v 0.032659 0.023656 0.012138
v 0.035627 0.027253 0.034778
v 0.036642 0.028774 0.033324
v 0.037507 0.030071 0.031423
v 0.038149 0.031035 0.029253
v 0.038545 0.031629 0.026899
v 0.038680 0.031829 0.024450
v 0.038545 0.031629 0.022002
v 0.038150 0.031034 0.019647
v 0.037508 0.030070 0.017476
v 0.036643 0.028772 0.015573
v 0.035589 0.027191 0.014012
v 0.034386 0.025387 0.012851
v 0.033082 0.023430 0.012138
v 0.036693 0.026377 0.034777
v 0.037984 0.027670 0.033323
v 0.039085 0.028773 0.031423
v 0.039904 0.029593 0.029252
v 0.040407 0.030097 0.026899
v 0.040578 0.030267 0.024450
v 0.040408 0.030096 0.022001
v 0.039904 0.029592 0.019647
v 0.039086 0.028772 0.017475
v 0.037985 0.027668 0.015573
v 0.036644 0.026324 0.014011
v 0.035113 0.024790 0.012851
v 0.033452 0.023125 0.012138
v 0.037567 0.025309 0.034776
v 0.039086 0.026325 0.033323
v 0.040381 0.027191 0.031422
v 0.041344 0.027835 0.029252
v 0.041937 0.028231 0.026898
v 0.042137 0.028365 0.024450
v 0.041937 0.028230 0.022001
v 0.041344 0.027834 0.019646
v 0.040382 0.027190 0.017475
v 0.039087 0.026323 0.015573
v 0.037509 0.025267 0.014011
v 0.035709 0.024061 0.012851
v 0.033756 0.022754 0.012138
v 0.038215 0.024090 0.034774
v 0.039905 0.024790 0.033321
v 0.041345 0.025387 0.031422
v 0.042415 0.025830 0.029253
v 0.043074 0.026103 0.026899
v 0.043296 0.026194 0.024450
v 0.043073 0.026103 0.022001
v 0.042414 0.025829 0.019646
v 0.041345 0.025385 0.017475
v 0.039906 0.024788 0.015573
v 0.038153 0.024060 0.014011
v 0.036152 0.023231 0.012851
v 0.033982 0.022331 0.012138
v 0.038616 0.022768 0.034773
v 0.040410 0.023124 0.033322
v 0.041939 0.023428 0.031422
v 0.043076 0.023654 0.029254
v 0.043775 0.023793 0.026899
v 0.044010 0.023840 0.024451
v 0.043774 0.023792 0.022001
v 0.043074 0.023653 0.019646
v 0.041938 0.023427 0.017475
v 0.040410 0.023122 0.015573
v 0.038549 0.022752 0.014011
v 0.036426 0.022330 0.012851
v 0.034121 0.021871 0.012138
v 0.038753 0.021393 0.034774
v 0.040582 0.021393 0.033322
v 0.042142 0.021392 0.031423
v 0.043300 0.021391 0.029254
v 0.044012 0.021391 0.026899
v 0.044253 0.021392 0.024452
v 0.044010 0.021391 0.022002
v 0.043297 0.021391 0.019646
v 0.042139 0.021391 0.017475
v 0.040581 0.021391 0.015573
v 0.038683 0.021392 0.014011
v 0.036519 0.021392 0.012851
v 0.034168 0.021393 0.012137
v 0.038618 0.020019 0.034773
v 0.040412 0.019661 0.033322
v 0.041942 0.019355 0.031423
v 0.043079 0.019129 0.029254
v 0.043777 0.018990 0.026899
v 0.044012 0.018942 0.024450
v 0.043776 0.018989 0.022001
v 0.043076 0.019129 0.019646
v 0.041940 0.019355 0.017475
v 0.040411 0.019660 0.015573
v 0.038550 0.020031 0.014011
v 0.036427 0.020455 0.012851
v 0.034121 0.020916 0.012137
v 0.038218 0.018697 0.034773
v 0.039908 0.017996 0.033322
v 0.041349 0.017398 0.031422
v 0.042420 0.016954 0.029254
v 0.043078 0.016680 0.026899
v 0.043300 0.016587 0.024449
v 0.043077 0.016679 0.022001
v 0.042418 0.016953 0.019646
v 0.041348 0.017397 0.017475
v 0.039908 0.017994 0.015573
v 0.038155 0.018724 0.014011
v 0.036153 0.019554 0.012851
v 0.033982 0.020456 0.012138
v 0.037571 0.017479 0.034775
v 0.039091 0.016461 0.033323
v 0.040386 0.015594 0.031422
v 0.041349 0.014949 0.029253
v 0.041943 0.014552 0.026898
v 0.042142 0.014418 0.024449
v 0.041942 0.014552 0.022000
v 0.041349 0.014949 0.019645
v 0.040386 0.015593 0.017474
v 0.039091 0.016460 0.015572
v 0.037512 0.017518 0.014011
v 0.035711 0.018724 0.012851
v 0.033757 0.020033 0.012137
v 0.036697 0.016412 0.034776
v 0.037989 0.015117 0.033322
v 0.039091 0.014013 0.031421
v 0.039910 0.013193 0.029252
v 0.040414 0.012688 0.026897
v 0.040585 0.012517 0.024449
v 0.040414 0.012687 0.022000
v 0.039910 0.013192 0.019645
v 0.039091 0.014012 0.017474
v 0.037990 0.015116 0.015572
v 0.036647 0.016461 0.014011
v 0.035116 0.017996 0.012851
v 0.033453 0.019662 0.012137
v 0.035631 0.015536 0.034776
v 0.036647 0.014014 0.033322
v 0.037513 0.012716 0.031421
v 0.038157 0.011751 0.029252
v 0.038552 0.011157 0.026897
v 0.038687 0.010956 0.024449
v 0.038553 0.011157 0.022000
v 0.038157 0.011751 0.019645
v 0.037514 0.012715 0.017474
v 0.036648 0.014013 0.015572
v 0.035593 0.015595 0.014011
v 0.034389 0.017399 0.012851
v 0.033083 0.019357 0.012137
v 0.031725 0.021394 0.011896
v 0.034415 0.014886 0.034776
v 0.035116 0.013195 0.033322
v 0.035713 0.011752 0.031421
v 0.036156 0.010681 0.029253
v 0.036430 0.010020 0.026898
v 0.036522 0.009797 0.024449
v 0.036430 0.010020 0.022000
v 0.036156 0.010680 0.019646
v 0.035714 0.011751 0.017474
v 0.035117 0.013193 0.015573
v 0.034390 0.014951 0.014011
v 0.033561 0.016956 0.012851
v 0.032661 0.019132 0.012137
v 0.033097 0.014485 0.034776
v 0.033453 0.012691 0.033323
v 0.033759 0.011159 0.031422
v 0.033985 0.010021 0.029253
v 0.034125 0.009321 0.026898
v 0.034172 0.009085 0.024450
v 0.034125 0.009320 0.022001
v 0.033986 0.010020 0.019646
v 0.033760 0.011158 0.017475
v 0.033455 0.012689 0.015573
v 0.033085 0.014555 0.014011
v 0.032662 0.016682 0.012851
v 0.032202 0.018993 0.012137
v 0.031725 0.014350 0.034778
v 0.031726 0.012521 0.033323
v 0.031727 0.010959 0.031422
v 0.031728 0.009799 0.029253
v 0.031728 0.009086 0.026898
v 0.031729 0.008845 0.024452
v 0.031729 0.009085 0.022001
v 0.031729 0.009798 0.019646
v 0.031728 0.010958 0.017475
v 0.031728 0.012519 0.015573
v 0.031727 0.014421 0.014011
v 0.031726 0.016591 0.012851
v 0.031726 0.018946 0.012138
v 0.030353 0.014486 0.034778
v 0.029999 0.012692 0.033323
v 0.029695 0.011161 0.031423
v 0.029471 0.010023 0.029253
v 0.029332 0.009323 0.026899
v 0.029285 0.009087 0.024450
v 0.029332 0.009322 0.022001
v 0.029472 0.010022 0.019646
v 0.029696 0.011160 0.017475
v 0.030000 0.012691 0.015573
v 0.030369 0.014556 0.014011
v 0.030791 0.016683 0.012851
v 0.031249 0.018993 0.012138
v 0.029034 0.014888 0.034778
v 0.028336 0.013198 0.033324
v 0.027741 0.011756 0.031423
v 0.027299 0.010684 0.029254
v 0.027026 0.010024 0.026899
v 0.026936 0.009801 0.024450
v 0.027027 0.010023 0.022001
v 0.027300 0.010683 0.019646
v 0.027742 0.011754 0.017475
v 0.028338 0.013196 0.015573
v 0.029064 0.014953 0.014011
v 0.029892 0.016957 0.012851
v 0.030790 0.019133 0.012138
v 0.027818 0.015539 0.034779
v 0.026804 0.014018 0.033325
v 0.025940 0.012721 0.031424
v 0.025298 0.011756 0.029254
v 0.024903 0.011162 0.026899
v 0.024769 0.010961 0.024450
v 0.024904 0.011162 0.022001
v 0.025299 0.011755 0.019647
v 0.025941 0.012719 0.017475
v 0.026806 0.014016 0.015573
v 0.027860 0.015597 0.014011
v 0.029063 0.017401 0.012851
v 0.030368 0.019359 0.012138
v 0.026751 0.016415 0.034780
v 0.025462 0.015122 0.033326
v 0.024361 0.014019 0.031424
v 0.023544 0.013199 0.029255
v 0.023040 0.012694 0.026899
v 0.022871 0.012523 0.024451
v 0.023041 0.012694 0.022002
v 0.023545 0.013198 0.019647
v 0.024363 0.014017 0.017476
v 0.025464 0.015121 0.015573
v 0.026806 0.016465 0.014011
v 0.028336 0.017998 0.012851
v 0.029998 0.019664 0.012138
v 0.025876 0.017484 0.034780
v 0.024359 0.016467 0.033326
v 0.023065 0.015601 0.031424
v 0.022104 0.014957 0.029255
v 0.021511 0.014560 0.026900
v 0.021312 0.014426 0.024451
v 0.021512 0.014560 0.022002
v 0.022105 0.014956 0.019647
v 0.023068 0.015599 0.017476
v 0.024362 0.016466 0.015574
v 0.025940 0.017522 0.014012
v 0.027740 0.018727 0.012851
v 0.029693 0.020034 0.012138
v 0.025227 0.018702 0.034781
v 0.023540 0.018002 0.033327
v 0.022102 0.017405 0.031425
v 0.021033 0.016962 0.029256
v 0.020375 0.016688 0.026901
v 0.020153 0.016597 0.024452
v 0.020376 0.016688 0.022003
v 0.021035 0.016961 0.019648
v 0.022105 0.017404 0.017476
v 0.023544 0.018000 0.015574
v 0.025297 0.018728 0.014012
v 0.027297 0.019557 0.012852
v 0.029468 0.020458 0.012138
v 0.024825 0.020024 0.034782
v 0.023035 0.019669 0.033328
v 0.021508 0.019364 0.031426
v 0.020373 0.019138 0.029258
v 0.019675 0.018999 0.026902
v 0.019441 0.018952 0.024453
v 0.019676 0.018999 0.022004
v 0.020375 0.019137 0.019648
v 0.021511 0.019362 0.017477
v 0.023039 0.019667 0.015574
v 0.024901 0.020036 0.014012
v 0.027023 0.020459 0.012852
v 0.029329 0.020917 0.012138
v -0.033078 0.021493 0.036800
v -0.034644 0.021493 0.036322
v -0.036087 0.021493 0.035549
v -0.037298 0.021494 0.034551
v -0.033046 0.021810 0.036800
v -0.034583 0.022118 0.036323
v -0.035999 0.022400 0.035550
v -0.037186 0.022637 0.034551
v -0.032954 0.022117 0.036801
v -0.034401 0.022718 0.036324
v -0.035735 0.023272 0.035551
v -0.036854 0.023736 0.034552
v -0.032804 0.022399 0.036801
v -0.034106 0.023271 0.036325
v -0.035307 0.024075 0.035552
v -0.036315 0.024749 0.034554
v -0.032602 0.022646 0.036802
v -0.033709 0.023756 0.036325
v -0.034731 0.024780 0.035553
v -0.035589 0.025638 0.034556
v -0.032355 0.022850 0.036802
v -0.033226 0.024154 0.036326
v -0.034029 0.025357 0.035554
v -0.034702 0.026366 0.034556
v -0.032074 0.023000 0.036803
v -0.032673 0.024450 0.036326
v -0.033227 0.025787 0.035555
v -0.033690 0.026908 0.034557
v -0.031768 0.023093 0.036803
v -0.032075 0.024632 0.036328
v -0.032357 0.026052 0.035556
v -0.032594 0.027241 0.034558
v -0.031450 0.023124 0.036803
v -0.031451 0.024694 0.036327
v -0.031452 0.026141 0.035556
v -0.031452 0.027354 0.034559
v -0.031133 0.023093 0.036804
v -0.030827 0.024632 0.036329
v -0.030546 0.026051 0.035558
v -0.030310 0.027241 0.034559
v -0.030826 0.023000 0.036804
v -0.030228 0.024450 0.036328
v -0.029676 0.025786 0.035557
v -0.029213 0.026907 0.034560
v -0.030545 0.022849 0.036804
v -0.029675 0.024154 0.036329
v -0.028873 0.025357 0.035558
v -0.028201 0.026365 0.034560
v -0.030299 0.022646 0.036804
v -0.029192 0.023755 0.036328
v -0.028170 0.024778 0.035558
v -0.027313 0.025637 0.034562
v -0.030095 0.022399 0.036804
v -0.028794 0.023270 0.036329
v -0.027593 0.024074 0.035558
v -0.026586 0.024747 0.034560
v -0.029945 0.022117 0.036804
v -0.028498 0.022716 0.036328
v -0.027165 0.023270 0.035557
v -0.026045 0.023733 0.034560
v -0.029852 0.021810 0.036803
v -0.028316 0.022116 0.036328
v -0.026900 0.022398 0.035557
v -0.025713 0.022634 0.034559
v -0.029821 0.021491 0.036804
v -0.028255 0.021491 0.036328
v -0.026811 0.021490 0.035557
v -0.025599 0.021490 0.034560
v -0.029852 0.021173 0.036803
v -0.028316 0.020866 0.036328
v -0.026900 0.020583 0.035557
v -0.025712 0.020346 0.034559
v -0.029945 0.020866 0.036803
v -0.028498 0.020266 0.036327
v -0.027164 0.019711 0.035556
v -0.026045 0.019247 0.034559
v -0.030095 0.020584 0.036803
v -0.028793 0.019712 0.036328
v -0.027592 0.018907 0.035556
v -0.026585 0.018233 0.034558
v -0.030298 0.020338 0.036803
v -0.029191 0.019227 0.036327
v -0.028169 0.018203 0.035556
v -0.027312 0.017344 0.034559
v -0.030545 0.020134 0.036803
v -0.029674 0.018829 0.036328
v -0.028872 0.017625 0.035556
v -0.028200 0.016616 0.034558
v -0.030826 0.019983 0.036803
v -0.030227 0.018533 0.036327
v -0.029674 0.017196 0.035556
v -0.029211 0.016074 0.034558
v -0.031132 0.019890 0.036803
v -0.030826 0.018350 0.036327
v -0.030544 0.016931 0.035556
v -0.030308 0.015741 0.034557
v -0.031450 0.019859 0.036803
v -0.031449 0.018290 0.036326
v -0.031449 0.016842 0.035555
v -0.031449 0.015628 0.034557
v -0.031767 0.019891 0.036802
v -0.032073 0.018351 0.036326
v -0.032354 0.016932 0.035555
v -0.032591 0.015742 0.034556
v -0.032073 0.019984 0.036802
v -0.032672 0.018534 0.036325
v -0.033224 0.017197 0.035553
v -0.033687 0.016076 0.034556
v -0.032354 0.020135 0.036801
v -0.033224 0.018830 0.036324
v -0.034026 0.017627 0.035552
v -0.034698 0.016618 0.034554
v -0.032601 0.020339 0.036801
v -0.033707 0.019229 0.036323
v -0.034729 0.018206 0.035551
v -0.035586 0.017347 0.034554
v -0.032804 0.020586 0.036800
v -0.034105 0.019714 0.036322
v -0.035305 0.018911 0.035550
v -0.036312 0.018237 0.034552
v -0.031450 0.021492 0.036963
v -0.032954 0.020868 0.036800
v -0.034400 0.020268 0.036322
v -0.035733 0.019715 0.035549
v -0.036852 0.019251 0.034550
v -0.033046 0.021175 0.036800
v -0.034582 0.020868 0.036322
v -0.035997 0.020587 0.035549
v -0.037184 0.020350 0.034549
v -0.038481 0.021494 0.033695
v -0.040309 0.021494 0.032242
v -0.041870 0.021494 0.030344
v -0.043030 0.021494 0.028176
v -0.043741 0.021495 0.025821
v -0.043981 0.021495 0.023374
v -0.043739 0.021494 0.020923
v -0.043026 0.021493 0.018568
v -0.041868 0.021493 0.016397
v -0.040310 0.021492 0.014494
v -0.038412 0.021491 0.012933
v -0.036246 0.021490 0.011772
v -0.033897 0.021490 0.011059
v -0.038346 0.022868 0.033695
v -0.040139 0.023225 0.032243
v -0.041669 0.023531 0.030344
v -0.042807 0.023757 0.028176
v -0.043506 0.023896 0.025821
v -0.043740 0.023943 0.023373
v -0.043504 0.023896 0.020923
v -0.042805 0.023755 0.018568
v -0.041668 0.023529 0.016397
v -0.040140 0.023223 0.014495
v -0.038278 0.022852 0.012933
v -0.036155 0.022428 0.011773
v -0.033850 0.021967 0.011059
v -0.037946 0.024190 0.033696
v -0.039636 0.024891 0.032244
v -0.041077 0.025489 0.030345
v -0.042148 0.025932 0.028175
v -0.042806 0.026206 0.025821
v -0.043029 0.026298 0.023372
v -0.042805 0.026205 0.020923
v -0.042146 0.025931 0.018568
v -0.041076 0.025487 0.016397
v -0.039637 0.024889 0.014495
v -0.037883 0.024159 0.012933
v -0.035882 0.023329 0.011773
v -0.033711 0.022427 0.011059
v -0.037299 0.025408 0.033699
v -0.038819 0.026425 0.032246
v -0.040114 0.027293 0.030345
v -0.041078 0.027937 0.028175
v -0.041671 0.028333 0.025821
v -0.041871 0.028467 0.023372
v -0.041670 0.028332 0.020923
v -0.041077 0.027935 0.018568
v -0.040114 0.027290 0.016397
v -0.038819 0.026423 0.014495
v -0.037241 0.025365 0.012933
v -0.035440 0.024158 0.011773
v -0.033486 0.022850 0.011059
v -0.036425 0.026476 0.033700
v -0.037717 0.027770 0.032246
v -0.038819 0.028874 0.030345
v -0.039638 0.029694 0.028175
v -0.040142 0.030198 0.025821
v -0.040313 0.030368 0.023372
v -0.040142 0.030197 0.020923
v -0.039638 0.029692 0.018568
v -0.038820 0.028872 0.016397
v -0.037718 0.027767 0.014495
v -0.036376 0.026422 0.012933
v -0.034844 0.024887 0.011773
v -0.033181 0.023220 0.011059
v -0.035360 0.027351 0.033701
v -0.036375 0.028873 0.032247
v -0.037241 0.030171 0.030346
v -0.037885 0.031135 0.028175
v -0.038280 0.031729 0.025821
v -0.038415 0.031929 0.023372
v -0.038281 0.031728 0.020923
v -0.037885 0.031134 0.018569
v -0.037242 0.030169 0.016397
v -0.036376 0.028871 0.014495
v -0.035321 0.027289 0.012933
v -0.034117 0.025484 0.011773
v -0.032812 0.023525 0.011059
v -0.034144 0.028001 0.033700
v -0.034844 0.029692 0.032247
v -0.035441 0.031134 0.030346
v -0.035884 0.032206 0.028176
v -0.036158 0.032866 0.025822
v -0.036249 0.033089 0.023373
v -0.036158 0.032866 0.020924
v -0.035884 0.032205 0.018569
v -0.035442 0.031132 0.016398
v -0.034845 0.029690 0.014495
v -0.034118 0.027932 0.012933
v -0.033289 0.025927 0.011773
v -0.032389 0.023751 0.011059
v -0.032825 0.028402 0.033701
v -0.033181 0.030197 0.032248
v -0.033487 0.031728 0.030346
v -0.033712 0.032866 0.028176
v -0.033852 0.033566 0.025823
v -0.033900 0.033802 0.023374
v -0.033853 0.033566 0.020925
v -0.033713 0.032865 0.018570
v -0.033488 0.031726 0.016398
v -0.033183 0.030194 0.014496
v -0.032813 0.028328 0.012934
v -0.032390 0.026201 0.011773
v -0.031931 0.023890 0.011059
v -0.031453 0.028537 0.033703
v -0.031454 0.030367 0.032248
v -0.031454 0.031928 0.030347
v -0.031455 0.033088 0.028177
v -0.031456 0.033801 0.025823
v -0.031456 0.034044 0.023376
v -0.031456 0.033801 0.020925
v -0.031456 0.033087 0.018570
v -0.031456 0.031926 0.016398
v -0.031456 0.030364 0.014496
v -0.031455 0.028462 0.012934
v -0.031455 0.026293 0.011773
v -0.031454 0.023937 0.011059
v -0.030080 0.028402 0.033703
v -0.029726 0.030196 0.032249
v -0.029422 0.031727 0.030348
v -0.029198 0.032865 0.028177
v -0.029059 0.033565 0.025824
v -0.029012 0.033800 0.023375
v -0.029060 0.033564 0.020925
v -0.029199 0.032863 0.018570
v -0.029424 0.031725 0.016398
v -0.029728 0.030193 0.014496
v -0.030097 0.028327 0.012934
v -0.030519 0.026200 0.011773
v -0.030977 0.023890 0.011059
v -0.028761 0.028000 0.033703
v -0.028063 0.029691 0.032249
v -0.027467 0.031133 0.030349
v -0.027026 0.032204 0.028178
v -0.026753 0.032864 0.025824
v -0.026662 0.033086 0.023374
v -0.026754 0.032863 0.020925
v -0.027027 0.032202 0.018570
v -0.027470 0.031130 0.016398
v -0.028066 0.029688 0.014496
v -0.028792 0.027931 0.012934
v -0.029620 0.025926 0.011773
v -0.030519 0.023750 0.011060
v -0.027544 0.027350 0.033705
v -0.026530 0.028871 0.032251
v -0.025665 0.030168 0.030349
v -0.025023 0.031132 0.028179
v -0.024629 0.031725 0.025824
v -0.024496 0.031925 0.023375
v -0.024631 0.031724 0.020925
v -0.025026 0.031130 0.018570
v -0.025669 0.030165 0.016399
v -0.026534 0.028867 0.014496
v -0.027588 0.027286 0.012934
v -0.028792 0.025482 0.011773
v -0.030096 0.023525 0.011059
v -0.026478 0.026474 0.033706
v -0.025187 0.027767 0.032252
v -0.024086 0.028870 0.030351
v -0.023269 0.029689 0.028179
v -0.022767 0.030193 0.025824
v -0.022597 0.030363 0.023375
v -0.022768 0.030192 0.020925
v -0.023272 0.029687 0.018570
v -0.024090 0.028867 0.016399
v -0.025192 0.027763 0.014496
v -0.026533 0.026419 0.012934
v -0.028064 0.024885 0.011773
v -0.029726 0.023219 0.011060
v -0.025602 0.025406 0.033706
v -0.024084 0.026422 0.032253
v -0.022789 0.027289 0.030351
v -0.021829 0.027932 0.028180
v -0.021237 0.028327 0.025825
v -0.021038 0.028461 0.023375
v -0.021239 0.028326 0.020925
v -0.021833 0.027929 0.018570
v -0.022795 0.027285 0.016399
v -0.024090 0.026418 0.014496
v -0.025668 0.025362 0.012934
v -0.027468 0.024156 0.011773
v -0.029422 0.022849 0.011059
v -0.024954 0.024187 0.033704
v -0.023265 0.024887 0.032252
v -0.021826 0.025484 0.030352
v -0.020758 0.025926 0.028180
v -0.020101 0.026199 0.025825
v -0.019880 0.026290 0.023375
v -0.020103 0.026198 0.020926
v -0.020762 0.025924 0.018570
v -0.021832 0.025480 0.016399
v -0.023271 0.024883 0.014496
v -0.025025 0.024155 0.012934
v -0.027025 0.023326 0.011773
v -0.029196 0.022425 0.011060
v -0.024553 0.022865 0.033704
v -0.022762 0.023221 0.032251
v -0.021233 0.023525 0.030351
v -0.020099 0.023750 0.028180
v -0.019401 0.023889 0.025825
v -0.019167 0.023936 0.023375
v -0.019403 0.023888 0.020926
v -0.020103 0.023748 0.018570
v -0.021239 0.023522 0.016399
v -0.022767 0.023217 0.014496
v -0.024629 0.022848 0.012934
v -0.026752 0.022425 0.011773
v -0.029057 0.021966 0.011059
v -0.024418 0.021490 0.033704
v -0.022592 0.021489 0.032250
v -0.021034 0.021488 0.030349
v -0.019876 0.021488 0.028180
v -0.019165 0.021488 0.025824
v -0.018925 0.021488 0.023376
v -0.019168 0.021487 0.020926
v -0.019880 0.021486 0.018570
v -0.021038 0.021486 0.016398
v -0.022597 0.021486 0.014496
v -0.024494 0.021487 0.012934
v -0.026659 0.021487 0.011773
v -0.029010 0.021488 0.011059
v -0.024553 0.020114 0.033703
v -0.022762 0.019758 0.032249
v -0.021235 0.019452 0.030348
v -0.020099 0.019226 0.028179
v -0.019401 0.019086 0.025824
v -0.019166 0.019038 0.023375
v -0.019402 0.019085 0.020925
v -0.020102 0.019224 0.018570
v -0.021238 0.019450 0.016398
v -0.022766 0.019755 0.014496
v -0.024628 0.020126 0.012934
v -0.026751 0.020550 0.011773
v -0.029057 0.021010 0.011059
v -0.024954 0.018793 0.033702
v -0.023266 0.018092 0.032248
v -0.021828 0.017494 0.030347
v -0.020758 0.017050 0.028178
v -0.020100 0.016775 0.025823
v -0.019878 0.016683 0.023374
v -0.020101 0.016775 0.020924
v -0.020760 0.017049 0.018569
v -0.021830 0.017492 0.016398
v -0.023269 0.018090 0.014495
v -0.025023 0.018818 0.012933
v -0.027024 0.019649 0.011773
v -0.029196 0.020551 0.011059
v -0.025603 0.017574 0.033702
v -0.024085 0.016557 0.032248
v -0.022790 0.015689 0.030346
v -0.021828 0.015045 0.028177
v -0.021235 0.014648 0.025822
v -0.021035 0.014513 0.023373
v -0.021236 0.014648 0.020924
v -0.021829 0.015044 0.018569
v -0.022792 0.015688 0.016397
v -0.024087 0.016555 0.014495
v -0.025666 0.017612 0.012933
v -0.027467 0.018819 0.011773
v -0.029421 0.020127 0.011059
v -0.026477 0.016507 0.033702
v -0.025186 0.015213 0.032247
v -0.024085 0.014108 0.030346
v -0.023266 0.013288 0.028176
v -0.022763 0.012783 0.025821
v -0.022593 0.012612 0.023372
v -0.022764 0.012782 0.020923
v -0.023268 0.013287 0.018568
v -0.024086 0.014107 0.016397
v -0.025188 0.015211 0.014495
v -0.026531 0.016556 0.012933
v -0.028062 0.018091 0.011773
v -0.029725 0.019757 0.011059
v -0.027543 0.015631 0.033701
v -0.026528 0.014109 0.032247
v -0.025662 0.012811 0.030345
v -0.025020 0.011847 0.028176
v -0.024624 0.011252 0.025821
v -0.024490 0.011051 0.023372
v -0.024625 0.011252 0.020923
v -0.025021 0.011846 0.018568
v -0.025664 0.012810 0.016397
v -0.026530 0.014108 0.014495
v -0.027585 0.015689 0.012933
v -0.028789 0.017494 0.011773
v -0.030095 0.019452 0.011059
v -0.031453 0.021489 0.010818
v -0.028758 0.014981 0.033700
v -0.028059 0.013290 0.032246
v -0.027463 0.011847 0.030345
v -0.027020 0.010775 0.028176
v -0.026747 0.010115 0.025821
v -0.026655 0.009892 0.023372
v -0.026747 0.010115 0.020923
v -0.027021 0.010775 0.018568
v -0.027464 0.011846 0.016397
v -0.028061 0.013288 0.014495
v -0.028788 0.015045 0.012933
v -0.029617 0.017051 0.011773
v -0.030517 0.019227 0.011059
v -0.030077 0.014580 0.033700
v -0.029721 0.012786 0.032246
v -0.029417 0.011254 0.030345
v -0.029191 0.010116 0.028175
v -0.029052 0.009415 0.025821
v -0.029005 0.009179 0.023372
v -0.029053 0.009415 0.020923
v -0.029192 0.010115 0.018568
v -0.029418 0.011253 0.016397
v -0.029723 0.012784 0.014495
v -0.030093 0.014649 0.012933
v -0.030516 0.016777 0.011772
v -0.030976 0.019087 0.011059
v -0.031449 0.014445 0.033700
v -0.031449 0.012615 0.032246
v -0.031449 0.011054 0.030344
v -0.031448 0.009894 0.028175
v -0.031448 0.009180 0.025820
v -0.031449 0.008939 0.023373
v -0.031449 0.009180 0.020923
v -0.031449 0.009893 0.018568
v -0.031450 0.011053 0.016397
v -0.031450 0.012614 0.014494
v -0.031451 0.014515 0.012933
v -0.031452 0.016686 0.011772
v -0.031452 0.019040 0.011059
v -0.032821 0.014581 0.033699
v -0.033176 0.012787 0.032245
v -0.033481 0.011255 0.030344
v -0.033706 0.010117 0.028175
v -0.033845 0.009417 0.025820
v -0.033892 0.009181 0.023371
v -0.033845 0.009416 0.020923
v -0.033706 0.010116 0.018568
v -0.033482 0.011254 0.016396
v -0.033178 0.012785 0.014494
v -0.032809 0.014650 0.012933
v -0.032387 0.016778 0.011772
v -0.031929 0.019087 0.011059
v -0.034140 0.014983 0.033698
v -0.034839 0.013292 0.032245
v -0.035435 0.011850 0.030344
v -0.035877 0.010778 0.028175
v -0.036151 0.010118 0.025820
v -0.036242 0.009895 0.023371
v -0.036151 0.010117 0.020922
v -0.035878 0.010777 0.018567
v -0.035436 0.011849 0.016396
v -0.034840 0.013290 0.014494
v -0.034114 0.015047 0.012932
v -0.033286 0.017052 0.011772
v -0.032388 0.019227 0.011059
v -0.035356 0.015633 0.033699
v -0.036371 0.014112 0.032245
v -0.037236 0.012815 0.030344
v -0.037879 0.011850 0.028174
v -0.038274 0.011256 0.025819
v -0.038409 0.011055 0.023371
v -0.038274 0.011256 0.020922
v -0.037879 0.011850 0.018567
v -0.037237 0.012814 0.016396
v -0.036372 0.014111 0.014494
v -0.035318 0.015692 0.012932
v -0.034115 0.017496 0.011772
v -0.032811 0.019453 0.011059
v -0.036422 0.016510 0.033698
v -0.037713 0.015216 0.032244
v -0.038815 0.014112 0.030344
v -0.039633 0.013293 0.028174
v -0.040137 0.012788 0.025819
v -0.040307 0.012617 0.023371
v -0.040137 0.012788 0.020922
v -0.039633 0.013292 0.018567
v -0.038815 0.014112 0.016396
v -0.037714 0.015215 0.014494
v -0.036373 0.016559 0.012932
v -0.034842 0.018093 0.011772
v -0.033180 0.019758 0.011059
v -0.037296 0.017578 0.033697
v -0.038816 0.016561 0.032245
v -0.040111 0.015694 0.030344
v -0.041074 0.015050 0.028175
v -0.041667 0.014654 0.025820
v -0.041866 0.014520 0.023371
v -0.041666 0.014654 0.020922
v -0.041073 0.015050 0.018567
v -0.040111 0.015694 0.016396
v -0.038816 0.016560 0.014494
v -0.037238 0.017616 0.012932
v -0.035438 0.018822 0.011772
v -0.033485 0.020129 0.011059
v -0.037944 0.018797 0.033695
v -0.039634 0.018096 0.032242
v -0.041075 0.017499 0.030344
v -0.042145 0.017056 0.028175
v -0.042804 0.016782 0.025820
v -0.043025 0.016691 0.023371
v -0.042803 0.016782 0.020922
v -0.042143 0.017055 0.018567
v -0.041074 0.017498 0.016396
v -0.039635 0.018095 0.014494
v -0.037881 0.018823 0.012933
v -0.035881 0.019652 0.011772
v -0.033710 0.020552 0.011059
v -0.038344 0.020119 0.033694
v -0.040138 0.019763 0.032242
v -0.041669 0.019457 0.030344
v -0.042806 0.019232 0.028176
v -0.043505 0.019093 0.025821
v -0.043739 0.019045 0.023372
v -0.043503 0.019092 0.020923
v -0.042803 0.019231 0.018568
v -0.041667 0.019456 0.016396
v -0.040139 0.019761 0.014494
v -0.038277 0.020130 0.012933
v -0.036155 0.020553 0.011772
v -0.033850 0.021012 0.011059
f 4 2 1
f 8 6 5
f 13 15 14
f 17 19 18
f 32 30 29
f 36 34 33
f 37 39 38
f 21 23 20
f 25 27 24
f 41 43 42
f 48 46 45
f 52 50 49
f 53 55 54
f 60 58 57
f 29 62 61
f 66 64 63
f 67 6 68
f 72 70 69
f 76 74 73
f 77 79 78
f 81 83 82
f 59 86 85
f 88 90 89
f 96 94 93
f 100 98 97
f 101 103 102
f 106 34 87
f 108 115 107
f 117 36 118
f 124 126 125
f 131 129 128
f 132 134 133
f 142 140 139
f 148 60 147
f 144 127 124
f 149 151 150
f 156 154 153
f 159 158 157
f 116 164 105
f 171 169 168
f 174 173 172
f 179 181 180
f 186 188 187
f 194 196 195
f 199 139 198
f 206 208 207
f 213 211 210
f 202 214 201
f 96 216 54
f 92 43 44
f 97 246 100
f 250 229 228
f 252 58 253
f 258 256 255
f 260 229 259
f 110 112 113
f 114 263 109
f 265 267 266
f 56 270 269
f 274 249 250
f 185 63 64
f 280 278 276
f 285 283 157
f 288 211 212
f 141 92 46
f 289 175 176
f 148 105 106
f 312 170 171
f 238 42 43
f 318 160 317
f 310 308 307
f 241 325 324
f 160 240 317
f 47 307 308
f 108 315 164
f 345 86 119
f 348 350 349
f 356 358 357
f 355 353 352
f 363 32 362
f 149 150 176
f 364 253 365
f 366 368 367
f 183 371 63
f 163 161 160
f 209 101 208
f 378 165 166
f 379 381 380
f 383 3 4
f 284 386 385
f 387 389 388
f 391 229 249
f 73 397 396
f 405 407 406
f 203 411 410
f 414 413 412
f 1 357 4
f 277 131 275
f 254 57 58
f 358 415 351
f 417 386 408
f 401 192 420
f 419 127 143
f 421 182 422
f 103 302 409
f 428 368 174
f 380 359 356
f 62 266 323
f 140 431 430
f 357 351 348
f 356 379 380
f 415 403 434
f 437 436 435
f 438 440 439
f 188 450 449
f 452 454 453
f 265 181 421
f 224 64 225
f 237 213 427
f 275 128 458
f 281 460 459
f 50 79 461
f 73 282 281
f 468 466 465
f 390 352 359
f 482 484 483
f 489 487 486
f 493 495 494
f 472 470 469
f 502 500 499
f 220 222 223
f 512 143 66
f 518 511 80
f 513 230 286
f 205 31 244
f 189 451 188
f 163 532 8
f 533 225 251
f 446 447 412
f 335 540 334
f 544 546 545
f 329 291 292
f 199 262 238
f 385 416 550
f 532 191 247
f 363 118 243
f 236 237 250
f 578 580 579
f 573 571 570
f 561 562 272
f 241 259 240
f 590 592 591
f 545 595 594
f 503 155 504
f 606 624 623
f 478 480 479
f 646 648 647
f 590 689 684
f 564 651 650
f 728 184 727
f 714 716 715
f 692 575 693
f 541 581 578
f 346 248 400
f 161 230 160
f 128 94 95
f 698 704 703
f 574 576 575
f 290 401 328
f 630 725 726
f 733 735 734
f 755 496 493
f 759 481 760
f 757 762 761
f 764 466 467
f 768 3808 3809
f 759 488 489
f 492 475 771
f 474 769 473
f 773 465 772
f 771 486 483
f 484 775 491
f 774 489 486
f 495 764 756
f 495 761 494
f 137 784 136
f 325 797 547
f 165 51 52
f 369 29 370
f 730 568 569
f 90 301 89
f 243 516 242
f 800 806 805
f 817 808 816
f 816 823 822
f 306 447 807
f 815 809 808
f 829 828 825
f 726 501 502
f 274 424 423
f 879 881 880
f 884 879 885
f 219 217 211
f 906 904 897
f 455 205 542
f 898 830 829
f 903 880 881
f 906 897 898
f 377 519 165
f 923 948 946
f 946 951 950
f 3519 739 3517
f 900 886 880
f 225 65 144
f 182 442 422
f 809 947 824
f 954 962 961
f 927 965 966
f 885 880 886
f 925 966 967
f 343 341 340
f 965 971 968
f 968 970 969
f 972 969 973
f 963 981 978
f 336 338 339
f 992 827 828
f 810 996 959
f 1007 1002 1008
f 1012 827 1009
f 1011 1007 1008
f 294 292 291
f 907 920 919
f 1017 1019 1018
f 1020 1022 1021
f 1035 1020 1044
f 1061 1047 1046
f 1063 1046 1062
f 1044 1021 1045
f 1102 1097 1109
f 1116 1118 1117
f 1016 1014 1013
f 881 904 903
f 816 1127 817
f 1094 949 1097
f 514 167 515
f 146 81 82
f 1133 1130 1129
f 1102 1126 822
f 822 1116 816
f 1145 1148 1136
f 1076 1151 1069
f 1148 1086 1087
f 1109 1114 1136
f 1154 1156 1155
f 1153 967 1156
f 3464 463 3714
f 1144 1152 1151
f 1156 1163 1162
f 1164 1169 1165
f 1145 1176 1147
f 1114 1154 1171
f 1183 1164 1177
f 1184 1177 1185
f 1069 1062 1064
f 1023 1194 1022
f 1162 1170 1169
f 1195 1185 1191
f 1183 1176 1155
f 1201 1152 1196
f 1061 1201 1202
f 3825 843 3836
f 1203 1195 1034
f 1202 1184 1195
f 1218 1203 1217
f 1060 1202 1203
f 1225 1217 1219
f 671 694 670
f 1219 1024 1035
f 1217 1034 1024
f 1226 1015 1227
f 1243 1234 1233
f 1231 1229 1228
f 847 1233 843
f 843 1244 878
f 1233 1245 1244
f 1923 233 216
f 2100 499 500
f 3914 2135 3900
f 61 323 505
f 210 217 457
f 1299 1309 1300
f 3863 1231 3862
f 1066 1321 1322
f 1322 1228 1229
f 1060 1321 1047
f 1325 1323 1310
f 1244 1332 1330
f 1290 1242 1288
f 1337 1339 1338
f 1330 1340 1339
f 1341 1245 1294
f 1342 1332 1341
f 1343 1341 1344
f 1344 1294 1293
f 3857 1345 1346
f 1347 1342 1343
f 3856 1295 1345
f 1349 1348 1347
f 3861 1347 3853
f 3853 1343 3857
f 906 829 1353
f 905 1353 1354
f 865 1355 1357
f 1355 829 825
f 1357 825 826
f 1356 1353 1355
f 3834 1338 3833
f 866 1356 865
f 1358 1354 1356
f 3828 1337 3834
f 838 1012 841
f 1363 1338 1339
f 1368 1339 1340
f 1348 1340 1342
f 1371 3824 3829
f 524 526 523
f 528 530 527
f 1372 1369 1371
f 535 537 538
f 1367 1348 1350
f 1370 1359 1369
f 1369 3833 3824
f 1373 903 904
f 555 557 558
f 1374 910 1373
f 1373 905 1375
f 1374 1375 1376
f 1375 1354 1370
f 1378 908 1377
f 376 651 1387
f 1388 973 969
f 586 588 585
f 1390 1388 1391
f 1391 969 970
f 597 599 596
f 600 602 603
f 1392 970 979
f 608 610 607
f 612 523 611
f 614 616 613
f 617 25 24
f 620 622 619
f 1397 1391 1392
f 1398 1392 1399
f 1400 920 1378
f 1402 1165 1169
f 636 638 635
f 930 1402 929
f 641 643 644
f 929 1169 1170
f 1404 1403 1402
f 1411 1365 1406
f 1412 1415 1414
f 652 654 655
f 609 657 658
f 659 661 662
f 558 586 585
f 665 667 664
f 1413 1406 1412
f 1418 3810 3813
f 1417 1371 1416
f 1416 3829 3810
f 1419 1416 1418
f 1386 1374 1420
f 677 679 676
f 1385 1420 1421
f 1420 1376 1422
f 685 687 688
f 1421 1422 1423
f 528 691 658
f 1422 1372 1417
f 1018 747 1425
f 699 701 702
f 1424 579 1017
f 3663 1767 3660
f 700 711 712
f 1093 3754 1571
f 717 530 719
f 721 723 720
f 704 3543 3554
f 19 1426 1430
f 1429 1427 1426
f 1658 3542 3544
f 1439 1434 1438
f 1437 1435 1434
f 1426 1433 1432
f 1442 1432 1440
f 742 744 745
f 1432 1441 1440
f 751 753 750
f 1438 1403 1405
f 1446 1444 1443
f 1447 1446 1443
f 3860 1443 3848
f 1415 1445 1446
f 1414 1446 1448
f 2173 469 470
f 777 779 686
f 780 782 783
f 1676 1806 1675
f 3859 1349 3861
f 789 791 788
f 745 793 742
f 652 795 653
f 1455 1457 1456
f 1454 1350 1452
f 610 802 801
f 3831 698 703
f 1352 1045 1351
f 1015 1459 1460
f 811 813 814
f 2118 3817 2117
f 819 821 818
f 1466 1194 1190
f 1467 1465 1466
f 1182 1468 1467
f 832 833 831
f 835 837 834
f 1467 1190 1182
f 1469 1444 1445
f 840 712 690
f 1453 1469 1454
f 599 845 846
f 1226 3849 3855
f 851 853 850
f 855 856 854
f 858 860 857
f 861 863 864
f 1014 3855 3858
f 867 868 869
f 870 872 873
f 874 876 877
f 1310 1471 1309
f 1476 1427 1475
f 1461 1475 1460
f 887 889 890
f 788 892 891
f 894 896 893
f 1460 1227 1015
f 901 524 612
f 1465 1477 1464
f 1865 3500 1864
f 911 913 914
f 916 918 915
f 1850 3507 1851
f 921 895 894
f 1479 1436 1478
f 926 667 601
f 1481 563 1480
f 269 84 1482
f 931 933 916
f 934 614 869
f 936 688 937
f 938 662 939
f 1484 122 123
f 941 835 834
f 320 509 510
f 1849 3505 1850
f 84 1484 83
f 1487 1488 539
f 1757 3502 3509
f 365 1491 364
f 461 80 511
f 117 362 1496
f 1494 541 1495
f 926 957 958
f 1477 1433 1476
f 1709 1585 1700
f 119 1496 345
f 271 504 156
f 511 189 186
f 345 1492 365
f 255 344 254
f 57 299 132
f 1501 268 1500
f 267 1499 145
f 974 976 977
f 1678 1693 1676
f 3846 1807 3840
f 557 663 558
f 983 984 985
f 1443 3849 3848
f 421 268 265
f 989 991 988
f 1490 418 1504
f 279 309 310
f 997 676 679
f 998 999 875
f 1504 38 1505
f 1506 1507 1486
f 360 1508 1506
f 1506 207 360
f 939 1006 938
f 270 1483 269
f 66 546 512
f 1010 793 935
f 367 437 1509
f 244 363 243
f 1670 3534 1669
f 209 1510 226
f 235 1512 1511
f 1511 234 235
f 388 426 425
f 427 250 237
f 161 521 231
f 100 45 44
f 1025 608 1027
f 1029 1031 1028
f 939 1033 1032
f 41 594 99
f 1036 783 1037
f 702 1038 1039
f 1040 1042 1043
f 362 369 1493
f 187 477 186
f 70 539 198
f 1511 1521 234
f 1049 603 1048
f 613 869 614
f 860 1051 857
f 1005 1053 1006
f 753 1056 1054
f 1057 1059 1055
f 293 1522 292
f 288 1521 1522
f 292 1523 329
f 331 1508 1524
f 306 453 305
f 100 41 99
f 462 78 79
f 330 1524 462
f 635 1068 636
f 1485 1526 1528
f 206 1528 1510
f 1070 1072 831
f 942 1073 1074
f 916 1075 917
f 440 1530 439
f 157 1514 285
f 1529 5 1530
f 371 546 63
f 790 663 791
f 1077 857 1078
f 1403 1435 1165
f 1080 1082 1079
f 531 1529 440
f 21 1084 1085
f 272 1531 561
f 137 396 397
f 690 802 691
f 335 3567 581
f 1090 1029 1091
f 1092 794 1042
f 1533 137 138
f 661 1095 1096
f 69 445 72
f 1099 1101 1098
f 38 1536 1505
f 1104 1106 1103
f 852 1108 853
f 1377 909 1386
f 291 411 294
f 316 516 33
f 539 1533 534
f 1505 316 313
f 1110 1112 1113
f 1539 460 264
f 522 1537 1539
f 834 1120 1119
f 1122 1124 1121
f 612 1041 901
f 935 615 614
f 276 130 131
f 1686 3522 1685
f 193 1541 273
f 231 1540 287
f 556 982 557
f 365 85 345
f 190 318 1541
f 1810 3574 3528
f 3924 3512 3791
f 1132 985 1131
f 208 102 132
f 1134 662 661
f 1491 80 77
f 429 1542 147
f 1137 915 918
f 172 428 174
f 1139 1141 1142
f 549 54 55
f 1517 1518 296
f 976 1146 938
f 834 984 941
f 1543 286 115
f 1544 239 513
f 133 1544 1542
f 506 257 258
f 420 328 401
f 1158 1160 1157
f 587 1103 588
f 1513 1514 151
f 607 1027 608
f 304 1545 303
f 364 77 506
f 69 198 139
f 1006 976 938
f 700 1112 701
f 3877 3525 3787
f 1166 657 656
f 1167 858 1077
f 1300 3524 1299
f 1172 1174 1175
f 218 200 217
f 1179 1181 1178
f 372 97 98
f 89 227 88
f 1186 1188 1189
f 172 1517 1549
f 1482 81 1498
f 1090 1193 1030
f 394 353 1551
f 526 1198 1197
f 811 858 812
f 1199 1026 1025
f 606 697 696
f 1204 1206 743
f 1207 523 526
f 1209 867 613
f 914 685 936
f 1478 1441 1477
f 1029 1161 1091
f 1211 1213 1214
f 3858 1451 3859
f 844 1216 845
f 423 273 274
f 1220 1222 1083
f 22 1224 23
f 882 897 881
f 1519 173 387
f 1189 1232 1178
f 349 550 416
f 1071 1236 1072
f 1237 1239 745
f 1221 1189 1240
f 1510 1512 333
f 939 1241 1005
f 1556 5 67
f 1553 394 1551
f 404 67 347
f 1247 1249 1246
f 142 238 92
f 1251 635 1250
f 850 1253 851
f 1254 1077 1255
f 57 133 429
f 443 552 551
f 1187 1175 1188
f 1256 831 833
f 432 382 383
f 741 747 746
f 434 351 415
f 349 383 348
f 251 1481 1480
f 395 352 353
f 1518 1550 1551
f 1558 378 340
f 109 314 315
f 285 1513 407
f 395 393 392
f 202 410 1558
f 417 405 432
f 1246 1258 1247
f 3 297 2
f 1259 1261 1262
f 403 347 284
f 955 953 952
f 462 51 330
f 1096 687 1263
f 429 60 57
f 896 1265 932
f 1267 1268 1266
f 423 327 420
f 37 180 40
f 20 1187 1186
f 1256 1071 1070
f 155 156 504
f 1188 1269 1232
f 1236 1271 1262
f 1272 535 621
f 565 463 464
f 1273 745 1239
f 876 1255 1274
f 316 164 315
f 437 503 1509
f 194 1495 197
f 1275 864 863
f 624 631 630
f 1277 1137 1278
f 569 567 566
f 1481 125 366
f 324 547 326
f 1279 1107 1280
f 1525 329 1523
f 1281 1137 918
f 171 1553 1552
f 1488 396 1533
f 1557 1562 1559
f 1282 1206 1205
f 1053 1278 1281
f 778 607 1283
f 713 3566 3569
f 251 144 124
f 4 348 383
f 709 707 706
f 728 45 246
f 261 1563 544
f 789 1287 790
f 74 263 282
f 403 385 434
f 1178 1240 1189
f 1223 1289 1224
f 158 150 151
f 1220 1186 1221
f 296 354 433
f 784 1538 1566
f 1181 1291 1222
f 1269 1257 1246
f 1566 438 399
f 136 1566 1564
f 1563 169 1565
f 107 109 108
f 1297 1298 1296
f 1464 1476 1461
f 1520 507 508
f 1301 1303 1304
f 1306 1308 1305
f 175 1532 272
f 1532 200 201
f 1311 1312 1313
f 872 1315 1316
f 1317 1318 1319
f 3836 878 3828
f 1305 864 1276
f 1040 863 1320
f 1564 399 169
f 592 1575 591
f 591 1088 689
f 1581 1583 1582
f 1196 1147 1176
f 710 583 713
f 285 408 386
f 953 961 963
f 1594 1589 1593
f 1585 1587 1586
f 1592 1590 1589
f 3885 944 3899
f 1600 1598 1597
f 1604 1602 1601
f 1399 979 980
f 1589 1596 1595
f 1610 1608 1607
f 298 361 360
f 551 276 277
f 1627 3814 3819
f 859 818 860
f 1078 1328 1329
f 1555 1530 1556
f 572 680 681
f 772 776 774
f 977 918 917
f 404 392 393
f 1054 750 753
f 1644 1643 1642
f 932 1082 933
f 1067 1334 1068
f 1540 264 114
f 597 643 1336
f 471 762 470
f 1642 3831 3842
f 1644 3842 3843
f 923 950 927
f 96 548 95
f 520 522 521
f 445 443 442
f 849 848 842
f 480 755 493
f 1646 481 1639
f 311 1567 170
f 464 3497 3495
f 3497 1361 3495
f 234 236 235
f 190 192 191
f 153 152 149
f 231 286 230
f 1552 1551 1550
f 760 1648 488
f 3832 1649 3830
f 828 826 825
f 52 166 165
f 1663 1661 1660
f 287 115 286
f 668 670 669
f 634 640 639
f 553 559 554
f 118 33 516
f 492 491 490
f 3552 1651 3553
f 582 584 583
f 384 392 415
f 1381 1383 1380
f 1562 435 436
f 952 951 947
f 3529 583 584
f 1660 1667 1666
f 1394 1396 1393
f 1660 1664 1663
f 1671 1669 1668
f 1624 1673 1672
f 1407 1409 1410
f 1677 1675 1674
f 1613 1677 1625
f 1679 1676 1677
f 1626 3811 3814
f 534 198 539
f 176 150 159
f 803 734 800
f 400 191 192
f 65 143 144
f 3526 1656 3540
f 402 157 283
f 629 627 626
f 461 49 50
f 758 495 756
f 796 786 785
f 406 1513 1560
f 342 166 167
f 1694 1658 1695
f 1692 1694 1696
f 3557 1652 3552
f 3921 1703 3923
f 326 302 90
f 3916 1702 1706
f 3919 1698 1701
f 1699 3927 3918
f 1557 1560 1561
f 1127 1117 1128
f 400 289 346
f 1706 1707 1708
f 1707 1599 1600
f 1709 1708 1588
f 1714 1711 1713
f 3919 1709 1700
f 1704 1577 1703
f 1716 1713 1715
f 1559 1549 297
f 1722 1720 1719
f 1335 596 1489
f 410 377 378
f 973 1163 972
f 168 399 398
f 1571 1089 1093
f 1572 682 1571
f 749 647 754
f 1730 1723 1729
f 1594 1729 1592
f 1729 1591 1592
f 1731 1730 1583
f 1384 1377 1379
f 1732 1712 1714
f 1724 1731 1732
f 1712 1731 1580
f 1722 1732 1733
f 1721 1733 1734
f 1734 1716 1717
f 1735 1736 1697
f 1733 1714 1716
f 1663 1741 1668
f 1742 1740 1743
f 1738 1737 1735
f 1665 1666 1740
f 1665 1744 1664
f 1725 1746 1745
f 1591 1745 1590
f 1590 1747 1596
f 1745 1748 1747
f 1659 3538 3542
f 3287 3545 3282
f 1185 1182 1190
f 1664 1749 1741
f 1741 1739 1738
f 1746 1743 1748
f 1726 1742 1746
f 1153 924 925
f 1115 1153 1154
f 1654 3575 1655
f 1896 3549 1686
f 1720 1744 1726
f 1721 1749 1720
f 1750 1701 1698
f 1697 1750 1696
f 1151 1063 1062
f 1751 1670 1671
f 1695 1752 1751
f 961 986 981
f 1770 1768 1767
f 1766 1593 1765
f 1731 1579 1580
f 1579 1774 1578
f 3928 1771 3929
f 1764 3928 3917
f 1777 1775 1774
f 3762 1699 1700
f 1004 1128 1003
f 1774 1771 1772
f 987 1399 980
f 1578 1772 1764
f 1783 1781 1778
f 1597 1770 1767
f 639 3895 3884
f 3928 1769 1770
f 1793 1789 1788
f 3929 1798 1769
f 3508 3773 1806
f 1802 3924 3922
f 1788 1794 1793
f 1793 1795 1776
f 3773 1675 1806
f 1584 1783 1789
f 1771 3920 3929
f 1801 1798 1800
f 1768 1798 1799
f 1775 1797 1771
f 508 515 1520
f 1796 1802 1797
f 1800 3920 3922
f 1794 1804 1795
f 3532 1752 3547
f 485 1807 775
f 3809 1640 768
f 3837 1810 1653
f 485 1640 1808
f 1690 3770 3772
f 487 1648 1811
f 3839 1816 3822
f 3838 1648 3830
f 3839 1811 3838
f 1812 487 1811
f 1641 767 768
f 465 755 776
f 767 3823 3808
f 3822 3826 3847
f 1809 1815 767
f 3837 1651 3840
f 675 3541 3496
f 1814 1822 1821
f 1821 3821 3820
f 1824 1649 1825
f 1827 1850 1805
f 1668 1662 1663
f 1779 1848 1828
f 1790 1805 1794
f 1833 1853 1852
f 3521 693 575
f 1614 1616 1617
f 1852 3498 3501
f 1620 1622 1623
f 1855 1574 1861
f 1847 3501 3513
f 1766 1855 1782
f 1629 1631 1628
f 1633 1634 1632
f 1635 1637 1638
f 1848 1852 1847
f 1855 1863 1862
f 1803 1867 1802
f 1862 1831 1832
f 1782 1862 1781
f 3922 1865 1800
f 1873 1870 1869
f 1874 799 804
f 2045 3897 2044
f 1219 1295 1225
f 1615 1396 1395
f 3884 1877 1876
f 645 3786 3559
f 1345 1035 1346
f 634 3884 3880
f 15 1327 14
f 3910 1878 1893
f 1894 605 1893
f 3506 627 693
f 3560 645 3559
f 340 454 1558
f 1897 195 1898
f 1889 1877 1890
f 1901 129 1900
f 196 754 232
f 1705 3921 3916
f 340 166 343
f 1570 563 561
f 1904 194 1897
f 1781 1832 1780
f 1905 55 1906
f 1000 995 996
f 986 920 987
f 1191 1190 1194
f 2094 2075 2093
f 1920 1919 1915
f 453 1912 1911
f 1915 1918 1916
f 3882 2106 3901
f 1655 3531 1868
f 1916 1926 1925
f 704 3561 703
f 278 1925 1900
f 3565 1818 1820
f 1097 1115 1114
f 1927 727 1923
f 3578 3654 3758
f 1920 307 1929
f 1929 48 728
f 503 1497 1509
f 1902 787 796
f 1816 3820 3826
f 1925 1923 1924
f 1535 1568 1534
f 254 258 255
f 1509 366 367
f 119 35 36
f 219 293 294
f 141 47 431
f 542 244 245
f 1940 430 431
f 1779 1827 1790
f 1701 3915 3919
f 1661 3515 1667
f 270 754 647
f 197 749 196
f 1727 1212 1211
f 53 232 754
f 1465 1479 1478
f 1284 3854 1293
f 1951 412 413
f 168 1554 1553
f 1486 206 207
f 506 78 361
f 994 1007 993
f 951 963 964
f 1013 3861 1351
f 3826 1820 1818
f 1498 1954 1482
f 299 543 132
f 1754 1756 1753
f 1681 1683 1682
f 1696 1695 1697
f 13 738 737
f 473 475 474
f 482 768 1640
f 204 30 205
f 1761 820 819
f 611 1125 612
f 1501 1908 1909
f 1074 711 699
f 1960 82 83
f 120 1960 123
f 35 87 34
f 1773 1025 1031
f 1965 1569 1535
f 494 471 479
f 1966 1969 1968
f 446 1971 1967
f 174 125 126
f 1580 1578 1577
f 1785 1787 1784
f 1972 304 305
f 1254 875 999
f 1973 342 514
f 321 1973 509
f 1910 275 1907
f 509 514 508
f 1486 1527 1485
f 1974 804 1975
f 1977 1974 1978
f 1980 1966 1981
f 379 2 295
f 1718 1710 1701
f 884 992 883
f 1680 1678 1679
f 902 525 524
f 344 256 299
f 135 137 136
f 236 228 333
f 448 1967 1966
f 589 604 584
f 910 908 907
f 1981 1968 1987
f 1982 1987 1979
f 1988 1987 1989
f 1990 1989 1991
f 1991 1993 1992
f 322 320 319
f 992 830 883
f 1144 1086 1143
f 1995 1978 1994
f 1133 1118 1126
f 1997 1994 1996
f 870 1335 1489
f 805 1982 1998
f 727 2000 1999
f 1996 1988 1990
f 1994 1979 1988
f 1829 792 1273
f 1830 941 983
f 798 800 799
f 729 731 730
f 2011 2023 2022
f 1834 846 1159
f 402 284 347
f 2022 2024 2025
f 1838 989 988
f 810 952 809
f 1823 1840 644
f 1430 1432 1431
f 1215 1841 1079
f 149 176 177
f 1316 873 872
f 2112 1384 2106
f 1842 1844 1845
f 1159 845 1160
f 837 1846 1120
f 1971 2030 2027
f 517 370 189
f 858 833 812
f 1471 2027 1888
f 3551 626 627
f 2174 770 490
f 935 1854 1010
f 1613 1611 1618
f 1231 1225 1295
f 1856 891 892
f 1300 748 741
f 1150 1858 1859
f 1643 696 1642
f 1215 1264 1216
f 1320 902 901
f 1956 1944 1960
f 2031 669 1474
f 2034 1310 1299
f 1879 1656 1657
f 40 242 39
f 1992 2039 1456
f 888 957 889
f 1882 1996 1990
f 1078 1255 1077
f 1871 1192 1090
f 294 218 219
f 1323 2026 1471
f 123 83 1484
f 1324 2041 1323
f 384 359 352
f 1324 2038 2036
f 1883 1885 1829
f 287 114 107
f 1096 1134 661
f 915 931 916
f 806 1981 1982
f 3533 584 604
f 1425 2042 1018
f 1018 1948 1017
f 3562 740 3519
f 1948 649 646
f 1881 1990 1991
f 1900 130 278
f 992 994 993
f 923 925 924
f 3878 2047 3876
f 1643 625 606
f 2050 2051 2049
f 2045 1404 2047
f 3876 945 3885
f 1139 1079 1841
f 1037 892 982
f 2055 2057 2056
f 1198 718 717
f 1619 1612 1611
f 2058 1606 2059
f 2059 1607 2058
f 2058 1624 1605
f 71 179 37
f 405 1557 382
f 976 1006 977
f 322 1972 1911
f 2061 2063 2062
f 2066 2067 1825
f 2052 2064 2051
f 1609 2066 1647
f 1515 152 1516
f 1009 993 1007
f 1644 3815 2118
f 279 1916 278
f 1285 3862 1284
f 1647 1825 1649
f 2056 2067 2065
f 319 1953 1952
f 667 1913 1914
f 2070 625 2048
f 2052 2055 2063
f 2038 1655 1458
f 1606 2073 2072
f 1235 1270 1236
f 2072 2075 2074
f 2059 2072 2062
f 2074 2077 2076
f 1601 2078 2073
f 2049 1643 1645
f 1000 1001 994
f 1089 684 689
f 1931 1306 1930
f 1462 1021 1022
f 1932 1934 1935
f 875 1846 998
f 1936 1937 1938
f 44 46 92
f 1534 1956 120
f 1541 317 391
f 2081 2084 2083
f 146 1959 300
f 1360 1942 1361
f 985 1032 1033
f 1995 1892 2043
f 2079 2082 2081
f 2095 2076 2077
f 2081 2078 2079
f 2055 2054 2053
f 501 2095 500
f 2097 2099 2098
f 2098 2094 2083
f 2140 3893 3866
f 2141 3894 3893
f 2051 2048 2049
f 592 2101 1576
f 2071 2076 2096
f 2102 2098 2101
f 593 2102 592
f 1019 746 747
f 1950 12 1327
f 725 2096 501
f 1385 2104 1379
f 1379 2106 1384
f 2107 2100 2097
f 3908 502 3896
f 3896 499 3901
f 940 2109 944
f 928 1170 973
f 3868 684 3899
f 1962 1964 1961
f 3878 573 3897
f 2039 1968 1969
f 1389 2110 2109
f 1398 2113 1397
f 3757 3753 3743
f 3911 2107 2103
f 949 924 1115
f 260 324 326
f 1390 2113 2110
f 2070 2064 2071
f 3867 2103 593
f 2105 1421 2114
f 2114 1423 2115
f 3892 2115 3903
f 3908 2114 3892
f 554 1902 553
f 972 967 966
f 1765 1573 1574
f 1984 1986 1983
f 2053 2069 2057
f 3573 724 714
f 1625 1674 1673
f 3881 2119 2122
f 3903 2123 3904
f 56 1906 55
f 626 3879 629
f 2001 2003 2004
f 3912 2127 3907
f 2006 2008 2009
f 2127 1412 2128
f 2014 2016 2017
f 2018 2020 2021
f 1495 1947 197
f 1379 1386 1385
f 3814 1680 1618
f 2029 1884 2028
f 3902 2120 3887
f 629 3914 3872
f 682 943 1089
f 724 2121 716
f 1757 3821 3845
f 765 3844 3809
f 3851 715 3852
f 706 3870 3872
f 981 987 980
f 1457 1656 1880
f 2017 2032 2033
f 1458 1868 1457
f 1776 1792 1793
f 1959 1946 1958
f 3663 3725 3661
f 3913 2122 3850
f 1093 689 1088
f 966 968 972
f 3852 3881 3913
f 2172 2170 2171
f 670 2137 669
f 3761 1903 233
f 1429 28 1449
f 964 978 971
f 3841 1413 2127
f 1473 669 2137
f 3834 1359 1358
f 2138 1870 2137
f 1872 2137 1870
f 715 3888 3881
f 1881 1992 1880
f 3843 739 740
f 1837 3513 3514
f 253 59 85
f 1808 3840 1807
f 1647 3818 1609
f 3865 671 668
f 2112 3883 2111
f 1405 2044 1438
f 3829 1364 1366
f 273 391 249
f 576 3520 3555
f 3875 668 2031
f 1430 2140 2139
f 2136 3860 28
f 1430 18 19
f 3893 570 695
f 1442 2046 2141
f 1431 2141 2140
f 3869 3850 2136
f 3808 1817 766
f 3866 695 671
f 2142 798 2138
f 571 2142 694
f 3819 1618 1611
f 2143 2025 2142
f 694 2138 670
f 681 2144 572
f 2144 2022 2143
f 328 457 290
f 1572 2011 2144
f 630 3903 624
f 2085 2087 2088
f 2090 2092 2089
f 572 2143 571
f 1875 2153 2149
f 1873 2149 2154
f 2103 2097 2102
f 2157 2155 2156
f 2128 1414 2120
f 3874 589 582
f 3872 628 629
f 2149 2158 2159
f 2159 3905 3890
f 698 3902 705
f 3823 3827 1817
f 2158 3874 3905
f 1438 2046 1439
f 2035 2160 2161
f 2161 3889 3886
f 3871 605 589
f 3873 18 3875
f 370 61 451
f 649 413 648
f 2153 2156 2158
f 1428 1449 1450
f 1490 73 1488
f 3890 710 633
f 2155 3891 3871
f 1456 1880 1992
f 2125 2087 2124
f 2160 3890 3889
f 300 505 323
f 1064 1046 1065
f 2043 1891 2155
f 2129 2004 2003
f 2131 2133 2134
f 3848 1450 1449
f 1998 804 805
f 3879 3864 3914
f 474 490 770
f 1164 1182 1177
f 707 3909 3870
f 708 2162 707
f 2162 3886 3909
f 548 1905 458
f 1145 1114 1171
f 705 1650 704
f 2043 1977 1995
f 737 554 559
f 1034 1191 1023
f 458 1907 275
f 195 232 233
f 2040 1969 1970
f 2145 2147 2148
f 2054 2049 1645
f 3832 1639 3818
f 9 11 10
f 252 506 258
f 472 479 471
f 1865 3791 3503
f 900 910 907
f 1941 2151 1942
f 1921 1927 1919
f 2163 1898 2116
f 271 153 178
f 1904 12 9
f 282 264 460
f 1872 2154 2035
f 1326 1897 2163
f 628 693 627
f 1724 1719 1723
f 1549 436 172
f 1582 1730 1729
f 1921 1929 1928
f 3563 10 11
f 2152 1950 1949
f 475 774 771
f 769 2171 473
f 2171 476 473
f 476 772 475
f 1791 464 1760
f 2166 2168 2169
f 595 372 98
f 483 1641 482
f 762 2173 470
f 771 484 492
f 486 1809 483
f 297 1517 296
f 763 2174 762
f 776 759 489
f 184 2176 2000
f 412 303 414
f 2005 185 224
f 3811 1682 3846
f 2164 756 764
f 1472 2161 2162
f 950 964 965
f 2177 2179 2180
f 227 1510 333
f 764 467 2164
f 2182 2184 2181
f 2186 2018 2185
f 1985 2181 1986
f 214 729 1531
f 1545 1546 1569
f 865 842 866
f 849 1357 1362
f 452 1558 454
f 559 3188 737
f 16 737 3188
f 560 498 374
f 3193 3195 3194
f 3200 3198 3199
f 3211 3213 3212
f 3215 3217 3216
f 2187 2002 2001
f 2169 2189 2190
f 2192 2085 2191
f 2193 2195 2196
f 2198 2200 2197
f 1998 1979 1975
f 3664 3668 3671
f 2116 1903 1902
f 1859 2009 1150
f 3904 2126 3906
f 1135 1087 1130
f 2201 2015 2014
f 1149 110 1858
f 3221 3218 3215
f 2203 2205 2206
f 579 1895 1019
f 1755 2208 1756
f 3891 1893 605
f 1211 2150 1727
f 868 2210 2209
f 944 930 940
f 2130 2202 2201
f 233 1898 195
f 665 750 666
f 1167 999 618
f 2211 2213 2214
f 2215 2217 2218
f 3867 590 3868
f 2220 220 2219
f 823 948 1094
f 3225 3227 3226
f 266 455 265
f 3882 2107 3883
f 2221 3519 3517
f 2223 2225 2226
f 2207 2124 2208
f 673 3869 3864
f 817 996 815
f 2227 2146 2145
f 1947 646 749
f 3900 17 3873
f 2229 1638 1381
f 1679 1618 1680
f 1637 2232 2230
f 2233 1617 1616
f 2231 2236 2237
f 1381 2238 1382
f 3586 2242 3587
f 1630 2233 1631
f 1681 472 469
f 1408 2243 2244
f 3236 3238 3237
f 3232 3240 3235
f 1637 2238 1638
f 3237 3233 3234
f 1409 1634 2245
f 1380 2247 2246
f 1628 2245 1621
f 2249 1622 1633
f 1632 1408 2244
f 2248 1631 2250
f 2235 1637 1636
f 3245 3199 3198
f 631 2071 725
f 515 52 49
f 782 2251 1251
f 2253 2255 2252
f 397 459 784
f 1456 2040 1455
f 2040 2036 1455
f 1401 2111 1398
f 2041 1970 2026
f 1535 414 1965
f 1586 2080 2079
f 2256 1132 1886
f 1700 3918 3919
f 3815 1686 3817
f 1263 1886 1096
f 598 844 599
f 2257 2259 2260
f 2258 2262 2259
f 2259 2263 2216
f 2260 2216 2215
f 1967 1970 1969
f 2212 1963 2213
f 922 2218 2217
f 1312 1101 2264
f 1307 1286 789
f 1548 1546 1972
f 2266 2268 2265
f 2265 2270 2269
f 2272 2269 2271
f 2273 2265 2272
f 2275 2277 2274
f 2278 2277 2279
f 2284 3617 3639
f 2287 2286 2281
f 2288 2283 2287
f 2290 3639 3620
f 2291 2293 2294
f 2295 2294 2279
f 2296 2291 2295
f 2297 2292 2291
f 2294 2299 2300
f 2279 2300 2278
f 2298 2302 2292
f 2292 2303 2293
f 2293 2304 2299
f 2304 2306 2299
f 2306 2300 2299
f 2308 2310 2307
f 2302 2310 2303
f 2301 2307 2302
f 2312 2307 2311
f 2313 2315 2316
f 2318 2320 2317
f 3748 2322 2323
f 2324 2273 2326
f 2313 2326 2327
f 2328 2313 2316
f 2329 2324 2328
f 2331 2333 2330
f 2330 2267 2266
f 2325 2266 2273
f 2329 2330 2325
f 2333 2335 2267
f 2336 2333 2332
f 2338 2332 2337
f 2331 2337 2332
f 2329 2339 2331
f 2328 2340 2329
f 2316 2341 2328
f 2342 2315 2343
f 2344 2346 2347
f 2341 2347 2340
f 2342 2344 2341
f 2348 2345 2344
f 2350 2352 2353
f 2339 2353 2337
f 2340 2350 2339
f 2347 2351 2350
f 2337 2354 2338
f 2353 2355 2354
f 2356 2276 2357
f 2356 2358 2359
f 2356 2296 2295
f 2279 2356 2295
f 2360 2270 2268
f 2267 2360 2268
f 2362 2364 2365
f 2362 2361 2358
f 2366 2358 2357
f 2366 2363 2362
f 2357 2368 2366
f 2366 2369 2367
f 2276 2370 2368
f 2368 2282 2369
f 2372 2374 2371
f 2375 2377 2007
f 2378 2380 2381
f 2382 2381 2383
f 2384 2378 2382
f 2385 2379 2378
f 2388 2390 2387
f 2387 2392 2391
f 2393 2387 2391
f 2394 2388 2387
f 2186 2402 2400
f 2403 2327 2326
f 2272 2326 2273
f 2271 2403 2272
f 2405 2404 2403
f 2404 2408 2327
f 2409 2411 2412
f 2409 2271 2269
f 2413 2269 2270
f 2413 2410 2409
f 2417 2416 2418
f 2417 2406 2405
f 2412 2405 2271
f 2411 2417 2412
f 2406 2407 2404
f 3569 632 713
f 2420 2397 2421
f 2420 2423 2422
f 2424 2422 2419
f 2424 2398 2420
f 2425 2392 2426
f 2421 2426 2423
f 2397 2425 2421
f 2396 2391 2425
f 2427 2315 2314
f 2427 2408 2428
f 2430 2428 2429
f 2343 2427 2430
f 2432 2430 2431
f 2431 2429 2433
f 2435 2433 2434
f 2436 2431 2435
f 2428 2407 2437
f 2422 2407 2419
f 2438 2422 2423
f 2429 2437 2438
f 2440 2433 2439
f 2441 2433 2429
f 2442 2439 2441
f 2443 2440 2439
f 2445 2444 2443
f 2447 2443 2442
f 2383 2445 2447
f 2381 2446 2445
f 2448 2423 2426
f 2449 2426 2392
f 2441 2449 2442
f 2441 2438 2448
f 2449 2390 2450
f 2450 2389 2451
f 2447 2451 2383
f 2442 2450 2447
f 2451 2453 2452
f 2452 2455 2454
f 2382 2454 2384
f 2383 2452 2382
f 2456 2373 2372
f 2459 2461 2458
f 2463 2465 2462
f 2462 2285 2284
f 2466 2284 2290
f 2467 2462 2466
f 2461 3703 3701
f 2468 2470 2471
f 2472 2471 2473
f 2474 3701 3688
f 2475 2477 2478
f 2458 2453 2479
f 2479 2389 2388
f 2395 2479 2388
f 2480 2458 2479
f 2481 2483 2478
f 2484 2485 221
f 2471 2464 2463
f 2473 2463 2467
f 2487 2466 2486
f 2486 2290 2488
f 2490 2488 2489
f 2491 2486 2490
f 2492 2467 2487
f 2493 2487 2491
f 2494 2492 2493
f 2495 2473 2492
f 3690 2474 3688
f 3691 2496 3690
f 2498 2493 2499
f 2500 2499 2501
f 3700 2498 2500
f 3687 2494 2498
f 2306 2278 2300
f 2305 2504 2306
f 2504 2507 2506
f 2506 2288 2508
f 2274 2508 2275
f 2278 2506 2274
f 3633 2489 2488
f 3620 2488 2290
f 2507 2289 2288
f 2505 2509 2507
f 2508 2287 2511
f 2511 2281 2280
f 2370 2280 2282
f 2275 2511 2370
f 2512 2489 2513
f 2514 2513 2515
f 2517 2514 2516
f 2517 2490 2512
f 2499 2491 2517
f 2499 2516 2501
f 2510 2519 2518
f 2518 2521 2520
f 3616 2520 3621
f 3632 2518 3616
f 2522 2303 2310
f 2523 2310 2309
f 2305 2522 2524
f 2524 2523 2525
f 2519 2525 2521
f 2505 2524 2519
f 2308 2527 2526
f 2526 2529 2528
f 2531 2528 2530
f 2309 2526 2531
f 1214 2151 1211
f 2419 2418 2424
f 2533 2349 2317
f 2534 2317 2320
f 2535 2533 2534
f 2536 2345 2533
f 2537 2346 2536
f 2538 2536 2535
f 2539 2537 2538
f 2540 2351 2537
f 2312 2541 2527
f 2527 2542 2529
f 2543 2434 2544
f 2545 2544 2546
f 2319 2543 2545
f 2318 2435 2543
f 2514 2548 2547
f 2547 2550 2549
f 2552 2549 2551
f 2552 2514 2547
f 2520 2554 2553
f 2553 2556 2555
f 3590 2555 3593
f 3621 2553 3590
f 2523 2531 2557
f 2557 2530 2558
f 2525 2557 2559
f 2559 2558 2560
f 2554 2560 2556
f 2521 2559 2554
f 2561 2007 2006
f 2376 2225 2377
f 2564 2566 2563
f 2563 338 2567
f 2569 2567 2568
f 2570 2563 2569
f 2572 2574 2571
f 2571 2576 2575
f 2544 2575 2546
f 2544 2572 2571
f 2578 2569 2577
f 2579 2569 2568
f 2574 2579 2576
f 2573 2577 2574
f 2581 2583 2580
f 2584 2583 2585
f 3697 2580 2584
f 3676 2580 3675
f 2582 2552 2583
f 2583 2551 2585
f 2500 2589 2588
f 2590 2589 2591
f 3693 2588 2590
f 3695 2500 2588
f 2501 2591 2589
f 2592 2594 2595
f 2386 2503 2502
f 2596 2386 2374
f 2596 2373 2597
f 2599 2597 2598
f 2599 2379 2596
f 2600 2380 2599
f 2600 2598 2601
f 2603 2601 2602
f 2603 2446 2600
f 2604 2602 2605
f 2440 2605 2434
f 2444 2604 2440
f 2606 2581 2607
f 2606 2590 2591
f 2591 2582 2606
f 3676 2456 3689
f 3689 2372 3693
f 2478 2608 2481
f 2609 2611 2199
f 2564 2613 2612
f 2612 2598 2597
f 2457 2597 2373
f 2565 2612 2457
f 2614 2570 2578
f 2615 2578 2573
f 2602 2614 2615
f 2601 2613 2614
f 2572 2605 2616
f 2616 2602 2615
f 2573 2616 2615
f 1459 1045 1021
f 1265 1079 1082
f 1612 1609 1611
f 2067 2069 2068
f 1135 1136 1148
f 1938 2618 2617
f 95 458 128
f 2058 1608 1612
f 1454 1445 1367
f 655 1048 2619
f 722 2621 723
f 1131 1033 1134
f 562 366 1497
f 1723 1725 1591
f 1786 1122 1787
f 267 323 266
f 1325 1654 2038
f 1468 1435 1479
f 658 529 528
f 8 247 7
f 382 1559 3
f 788 1307 789
f 940 929 928
f 911 2623 912
f 2621 655 654
f 2624 2625 2626
f 998 27 26
f 635 2626 2625
f 2627 644 1840
f 2628 1840 2629
f 1200 2627 2628
f 1199 641 2627
f 1520 49 477
f 1452 1349 1451
f 2630 1859 1858
f 644 1335 1823
f 1197 717 2632
f 2632 719 1166
f 2628 1166 1200
f 2629 2632 2628
f 1762 1050 821
f 1823 873 1839
f 2634 794 652
f 1028 1027 1161
f 1042 2635 1043
f 93 1901 1924
f 2036 1458 1455
f 1527 1525 1526
f 877 1274 1277
f 134 797 1544
f 1328 931 1329
f 607 1091 1161
f 1043 2637 2636
f 2636 2639 2638
f 1275 2638 1276
f 1275 1043 2636
f 1272 2626 2640
f 2640 638 637
f 1110 2640 637
f 536 2640 2641
f 1472 1474 1473
f 2042 1951 649
f 1058 1105 1059
f 2642 2643 2644
f 1192 2644 1193
f 912 2642 1192
f 3898 3526 3786
f 1049 2620 2621
f 616 1885 613
f 1331 666 750
f 990 1198 525
f 1911 321 322
f 1298 1205 2645
f 76 1504 75
f 1502 421 422
f 610 658 691
f 1146 659 938
f 2646 914 936
f 1280 1238 1279
f 975 2647 2648
f 2647 975 974
f 1453 1452 1451
f 1514 158 151
f 835 1843 1842
f 1271 1173 1289
f 2649 813 2650
f 1893 1826 1894
f 1050 1937 1051
f 2651 814 813
f 1006 1281 977
f 2653 2654 2655
f 1001 1003 1002
f 585 679 558
f 2624 621 620
f 555 2028 556
f 1207 1197 2629
f 1626 478 472
f 426 419 1567
f 1030 1773 1031
f 3898 634 3880
f 534 138 262
f 1125 1042 1041
f 333 88 227
f 569 561 730
f 1489 871 870
f 1857 620 891
f 1673 3770 3763
f 622 864 1308
f 2647 974 2657
f 619 891 620
f 261 545 262
f 393 1556 404
f 2658 2647 2657
f 1075 2657 917
f 1081 2658 1075
f 1080 2659 2658
f 2644 1141 2660
f 2660 1140 1336
f 642 1336 643
f 1193 2660 642
f 679 555 558
f 1503 1500 1502
f 1318 1101 1100
f 2661 1139 1142
f 2661 2663 2662
f 2662 2659 2661
f 2662 2622 2664
f 2664 911 2646
f 2648 2646 1146
f 2648 2662 2664
f 2083 2093 2081
f 1442 1437 1439
f 519 330 51
f 1885 1209 613
f 799 805 804
f 1946 1952 1953
f 1302 1253 1252
f 566 224 533
f 1389 928 1388
f 683 681 680
f 836 1842 2665
f 2665 1845 1303
f 2666 1303 1302
f 24 2665 2666
f 831 2650 832
f 1845 1304 1303
f 2010 2012 2011
f 1051 2667 2668
f 1522 1511 1523
f 531 441 522
f 782 1251 1250
f 1250 2625 2669
f 2669 1857 1856
f 783 1856 1037
f 782 2669 783
f 720 2671 721
f 1055 1930 1056
f 1333 1251 2251
f 619 1308 1307
f 652 2619 2634
f 521 1539 1540
f 1838 537 2672
f 2672 536 2641
f 1113 2641 1110
f 1113 1838 2672
f 1016 1351 1045
f 3897 570 3894
f 226 104 101
f 3564 3827 1818
f 1036 1884 1883
f 2674 1304 2673
f 2673 1844 2675
f 1334 2675 1039
f 1333 2673 1334
f 2676 1039 2675
f 1843 2675 1844
f 942 2676 1843
f 1074 702 2676
f 811 859 858
f 752 1055 753
f 1200 656 1026
f 1120 874 2677
f 2677 877 1052
f 1241 1052 1005
f 1119 2677 1241
f 1560 151 1515
f 1208 611 523
f 215 736 214
f 1460 1462 1461
f 1208 1839 873
f 854 1282 1297
f 72 182 179
f 544 1565 512
f 217 456 457
f 2047 930 945
f 1204 1937 2633
f 913 686 685
f 840 1113 1112
f 1531 730 561
f 2678 1283 801
f 601 1914 602
f 1537 459 460
f 1819 3509 3527
f 991 862 538
f 2679 1073 1830
f 2680 983 2256
f 779 2256 1263
f 778 2680 779
f 2678 1830 2680
f 180 245 40
f 1886 1131 1134
f 1138 1274 1255
f 1841 1140 1139
f 75 314 74
f 193 420 192
f 2681 1099 1098
f 170 1565 169
f 349 417 432
f 1121 2684 2683
f 547 409 302
f 123 121 120
f 2643 1142 1141
f 1542 513 1543
f 899 907 919
f 1210 676 867
f 791 982 892
f 24 837 836
f 893 932 931
f 1860 863 862
f 535 862 861
f 832 813 812
f 2650 813 832
f 1569 1547 1568
f 181 542 180
f 660 937 688
f 2013 568 2012
f 887 2631 2630
f 1524 361 78
f 520 162 1529
f 2653 854 2685
f 1238 2655 2686
f 718 527 530
f 1492 518 1491
f 792 615 793
f 599 1835 596
f 290 456 175
f 312 1552 425
f 1248 1179 1249
f 153 177 178
f 1240 1222 1221
f 1257 1235 1071
f 1291 1083 1222
f 1052 1277 1053
f 743 2618 1204
f 444 430 443
f 23 1172 1187
f 2687 1180 1179
f 102 409 134
f 1283 610 801
f 373 650 651
f 1180 1084 1291
f 855 2655 1237
f 1173 1917 1174
f 2689 853 2688
f 2688 1108 1279
f 2686 1279 1238
f 2687 2688 2686
f 2691 1252 2690
f 2690 850 2689
f 1248 2689 2687
f 1248 2691 2690
f 2692 24 2666
f 2691 2666 1302
f 1247 2692 2691
f 1258 617 2692
f 394 1555 393
f 2693 1259 1223
f 1072 1262 1261
f 1257 1168 1258
f 398 1555 1554
f 871 1314 872
f 1178 1249 1179
f 1224 1173 1172
f 1010 2618 742
f 1175 1292 1269
f 2654 2686 2655
f 2694 1216 1264
f 71 1487 70
f 701 1111 1038
f 1072 2649 2650
f 1085 22 21
f 895 1264 896
f 1601 1605 1604
f 1259 1271 1289
f 21 1220 1083
f 988 538 537
f 598 1336 1140
f 820 1762 821
f 1050 818 821
f 1298 1761 2652
f 1168 618 617
f 858 1256 833
f 39 516 1536
f 2652 819 814
f 313 315 314
f 2026 1971 2027
f 2656 596 1835
f 814 818 811
f 2696 813 2649
f 1260 2649 1261
f 2693 2696 1260
f 2697 2651 2696
f 381 390 380
f 3818 1611 1609
f 1475 1428 1227
f 1292 1917 1235
f 1551 354 1518
f 1526 1523 1511
f 1593 1595 1573
f 1232 1246 1249
f 2695 1223 22
f 2698 1296 2697
f 2698 2693 2695
f 2685 2695 1085
f 2685 1297 2698
f 562 271 272
f 2652 1296 1298
f 1365 1364 1363
f 1958 1953 1957
f 585 2210 997
f 1561 1515 435
f 975 1146 976
f 347 68 346
f 1038 636 1068
f 2700 780 2699
f 2699 1036 1883
f 2701 1883 1829
f 851 2699 2701
f 2674 2251 2702
f 2702 781 2700
f 1253 2700 851
f 1301 2702 1253
f 1519 388 1550
f 1273 1280 2703
f 2703 1107 852
f 2701 852 851
f 1829 2703 2701
f 91 326 90
f 1784 2656 1785
f 2683 2705 2704
f 604 3499 3533
f 1669 3548 1662
f 2062 2060 2059
f 621 861 622
f 2023 732 2024
f 686 1263 687
f 857 2668 1328
f 883 882 879
f 637 1111 1110
f 2668 893 1328
f 2667 894 2668
f 1039 1068 1334
f 313 1504 1505
f 1911 305 453
f 1936 1964 2212
f 2707 2401 2183
f 2708 2183 2182
f 738 2116 554
f 2349 2432 2436
f 2711 2020 2019
f 2400 2019 2186
f 2714 2716 2713
f 2717 2719 2720
f 2721 2723 2724
f 2726 2728 2725
f 2725 2730 2729
f 2731 2729 2709
f 2732 2725 2731
f 2734 2736 2733
f 2738 2740 2737
f 2737 2741 2742
f 2744 2746 2743
f 2745 2748 2747
f 2749 2747 2751
f 2753 2751 2752
f 2250 2246 2248
f 2754 1614 2755
f 3598 2755 3609
f 3608 2747 3609
f 1617 2755 1614
f 2242 1620 2757
f 2191 2760 2759
f 2761 2760 2762
f 3648 2761 3649
f 3623 2759 3648
f 3209 3223 3224
f 1395 2236 2235
f 1395 1636 1615
f 1616 2229 2233
f 1617 2763 2756
f 2756 3628 3608
f 2765 2234 1630
f 2766 3628 3622
f 3202 3246 3247
f 1516 435 1515
f 2768 3552 3553
f 1495 578 1424
f 2135 28 17
f 3526 2773 2774
f 1690 3926 3925
f 2778 2780 2777
f 2777 2781 2782
f 2784 2777 2783
f 3555 575 576
f 1494 9 540
f 3529 2015 3566
f 451 505 450
f 2786 2788 2785
f 2779 2785 2780
f 2789 2741 2740
f 2790 2752 2789
f 2792 2794 2791
f 2793 2796 2794
f 2796 2750 2749
f 2794 2749 2753
f 2798 1396 2754
f 3591 2754 3598
f 2798 2800 1393
f 3591 2799 2798
f 2797 2795 2801
f 2791 2753 2790
f 216 232 54
f 3804 2807 3803
f 3805 2804 3803
f 2769 3557 3552
f 183 184 97
f 2811 2775 2776
f 2804 2776 2805
f 2809 2811 2804
f 2812 2813 2814
f 3805 2816 3795
f 3796 2815 3795
f 3798 2820 2821
f 3793 2819 3798
f 2824 2735 2819
f 2823 2824 2819
f 2825 2826 2724
f 3793 2827 3792
f 3796 2826 3792
f 2713 2829 2828
f 2828 2831 2830
f 2822 2828 2830
f 2821 2713 2828
f 2832 2822 2830
f 2833 2830 2831
f 2834 2832 2833
f 2835 2827 2832
f 2837 2839 2836
f 2836 2841 2840
f 2842 2840 2727
f 2843 2836 2842
f 2840 2845 2844
f 2718 2845 2719
f 2730 2844 2718
f 2727 2844 2728
f 2846 2719 2845
f 2846 2841 2847
f 2829 2847 2831
f 2829 2716 2846
f 2847 2839 2848
f 2848 2838 2849
f 2833 2849 2834
f 2831 2848 2833
f 2850 2851 2852
f 2853 2852 2854
f 2783 2782 2855
f 2785 2853 2856
f 2780 2856 2781
f 2857 2855 2782
f 2859 2782 2781
f 2861 2842 2860
f 2860 2727 2726
f 2862 2726 2732
f 2863 2860 2862
f 2861 2858 2857
f 2843 2857 2859
f 2856 2854 2864
f 2781 2864 2859
f 2837 2859 2864
f 2838 2864 2854
f 2852 2834 2849
f 2854 2849 2838
f 2865 2818 2835
f 2851 2835 2834
f 2813 2815 2865
f 2814 2865 2851
f 2866 2814 2850
f 2788 2850 2853
f 2866 2787 2867
f 2812 2867 2775
f 1892 1890 1891
f 2720 2846 2870
f 298 256 257
f 2872 2713 2820
f 3794 2735 2734
f 2729 2874 2873
f 2846 2715 2870
f 2876 2878 2875
f 2733 2878 2734
f 3806 2879 2880
f 3806 2872 3794
f 2882 2884 2881
f 2881 2715 2714
f 2880 2714 2872
f 2879 2881 2880
f 2885 2887 2888
f 2888 2890 2885
f 2885 2892 2891
f 2893 2885 2891
f 1942 2532 2894
f 2895 2720 2870
f 2884 2870 2715
f 2883 2895 2884
f 2896 2892 2895
f 2889 2717 2890
f 2890 2720 2892
f 2897 2891 2896
f 2898 2896 2883
f 2899 2883 2882
f 2900 2882 2879
f 3797 2879 3807
f 2876 2901 2877
f 2901 2904 2903
f 1785 1835 1834
f 2905 2899 2900
f 2907 2897 2898
f 3797 2903 3799
f 632 577 633
f 3532 2867 2787
f 434 550 350
f 2768 3640 3643
f 2910 1623 2249
f 2241 2758 2242
f 3640 2913 3652
f 1623 2757 1620
f 3587 2757 3652
f 2229 1380 2250
f 2765 1629 2914
f 2915 1629 2912
f 3642 2914 2915
f 3641 2765 2914
f 2919 3642 3613
f 2918 2912 2241
f 3614 2241 3586
f 3618 3613 3670
f 3541 2180 3496
f 3521 2188 3506
f 3705 714 3851
f 2925 2917 2924
f 2924 2916 2919
f 3610 2919 3618
f 3611 2924 3610
f 2926 2766 2925
f 3658 2925 3611
f 1715 1705 1710
f 785 498 796
f 1387 565 1791
f 374 1899 560
f 3573 2206 3556
f 2929 2886 2893
f 2932 2934 2931
f 1905 1908 1907
f 2930 2936 2937
f 2938 2930 2929
f 1493 517 518
f 1603 1586 1602
f 2939 2929 2908
f 2940 2908 2907
f 3665 1600 3661
f 2886 2937 2887
f 2906 2898 2899
f 2908 2893 2897
f 2942 2933 2941
f 2941 2937 2936
f 3501 2936 3513
f 3498 2941 3501
f 2943 2710 2873
f 2943 2874 2889
f 2945 2889 2888
f 2946 2943 2945
f 2932 2888 2887
f 2931 2945 2932
f 727 1929 728
f 2903 2947 2948
f 545 42 262
f 1480 533 251
f 2907 2949 2940
f 2906 2950 2949
f 1558 215 202
f 3799 2948 3801
f 2054 1644 2118
f 3705 2203 3573
f 1828 1849 1827
f 2953 2955 2952
f 2952 2957 2956
f 2956 2258 2952
f 2953 2258 2257
f 2454 2474 2496
f 3747 2959 3766
f 3747 2131 3737
f 2961 2963 2958
f 2958 2964 2959
f 222 2485 2965
f 2477 2966 2608
f 2631 2006 1859
f 2384 2496 2497
f 2967 2959 2964
f 2968 2970 2969
f 3759 2971 3784
f 3784 2960 3766
f 2972 2033 2032
f 2007 2973 2008
f 3560 2134 2133
f 1836 1832 1831
f 3506 2090 3551
f 955 959 956
f 672 674 673
f 633 713 632
f 2024 733 803
f 2025 803 798
f 425 1550 388
f 2975 888 887
f 1319 1157 2694
f 1212 2977 1213
f 889 2228 2227
f 1978 1975 1979
f 1138 1329 915
f 751 2979 2978
f 1619 1625 1624
f 2252 1728 1727
f 1157 845 1216
f 2706 1938 2617
f 2980 2254 2981
f 2982 887 2630
f 802 711 2679
f 678 2029 2028
f 527 690 528
f 1839 2629 1840
f 2983 602 1914
f 2983 1913 1331
f 2985 1331 1054
f 2986 2983 2985
f 2987 2635 2634
f 2985 2639 2986
f 2990 1318 2989
f 2991 2993 2994
f 2995 2994 2996
f 1106 2991 2995
f 1058 2992 2991
f 1415 1365 1367
f 1317 2217 2997
f 1932 2255 2980
f 926 2999 664
f 3001 2992 3000
f 3000 1057 2978
f 2999 2978 2979
f 2998 3000 2999
f 3002 2209 3003
f 3002 2996 2994
f 2993 3002 2994
f 3001 2998 3002
f 1103 2995 3004
f 3004 2996 3003
f 2209 3004 3003
f 588 3004 2210
f 295 433 381
f 2638 2988 3005
f 3005 1056 1930
f 1305 1930 1306
f 1276 3005 1305
f 1987 1993 1989
f 2633 1761 2645
f 1423 1417 1419
f 3561 739 703
f 2671 2704 2705
f 1473 2035 1472
f 922 2694 895
f 1401 1378 1384
f 556 1884 1037
f 842 3825 3836
f 1854 2617 1010
f 933 1081 1075
f 1440 1436 1437
f 529 719 530
f 1031 1027 1028
f 777 912 1871
f 2645 1204 2633
f 441 1538 1537
f 790 587 586
f 2065 1610 1607
f 1860 990 902
f 60 87 59
f 1424 1948 1947
f 332 1507 331
f 261 138 135
f 187 449 507
f 1719 1726 1725
f 1931 1059 3006
f 3006 1105 1104
f 1287 1104 587
f 1286 3006 1287
f 3007 3009 3010
f 3009 653 795
f 618 26 25
f 2029 1210 1209
f 957 600 2228
f 1049 2228 600
f 2631 3011 2561
f 890 2227 3011
f 3011 2145 3012
f 2561 3012 2375
f 1026 609 608
f 2706 1961 1964
f 3013 2485 3014
f 2148 1267 3015
f 3015 1266 1311
f 2997 1101 1317
f 642 1773 1193
f 186 461 511
f 1041 1320 901
f 1121 3017 1122
f 2984 2987 3018
f 3018 2634 2619
f 1048 3018 2619
f 603 2984 3018
f 2679 801 802
f 2062 2074 2061
f 2061 2076 2064
f 414 1545 1965
f 3016 2683 3019
f 3019 2704 2670
f 3020 2670 720
f 3007 3019 3020
f 1871 1091 777
f 3021 1122 3017
f 3022 3017 3010
f 1314 3022 1315
f 1784 3021 1314
f 1316 1763 611
f 3023 3010 3009
f 3023 795 1092
f 1763 1092 1125
f 1315 3023 1763
f 3016 3010 3017
f 752 2978 1057
f 2986 2637 2987
f 3024 653 3008
f 3020 3008 3007
f 720 3024 3020
f 723 654 3024
f 2681 1268 3025
f 2671 1268 721
f 2705 3025 2671
f 1313 3027 1311
f 3026 3029 3027
f 3027 3030 3031
f 1311 3031 3015
f 2012 731 2023
f 917 974 977
f 743 856 744
f 1888 2030 1425
f 2682 2684 3032
f 3032 1124 2989
f 1100 2989 1318
f 1099 3032 1100
f 1123 2989 1124
f 3033 1159 1158
f 2990 1158 1319
f 1123 3033 2990
f 1786 1834 3033
f 1054 2988 2985
f 2979 664 2999
f 2623 2663 2643
f 1095 688 687
f 3034 2261 2956
f 3036 2956 2957
f 3037 3034 3036
f 3038 3035 3034
f 3040 3026 1313
f 2263 3041 3040
f 3042 3043 3041
f 3041 3028 3026
f 3044 3043 3039
f 3046 3045 3044
f 3047 3049 3045
f 3043 3049 3028
f 3038 3051 3050
f 3050 3053 3052
f 3052 3044 3050
f 3039 3050 3044
f 3054 3039 3042
f 3042 2262 3054
f 2261 3054 2262
f 2216 2997 2217
f 2212 2667 1936
f 3056 2209 3055
f 934 1961 1854
f 2013 3757 567
f 3058 3060 3061
f 3059 3063 3060
f 3060 2213 1963
f 3061 1963 1962
f 3063 2214 2213
f 3062 3064 3063
f 3065 2260 3064
f 3064 2215 2214
f 3066 3031 3030
f 2608 3067 3066
f 2966 3068 3067
f 3031 3068 3015
f 2455 2461 2474
f 2476 2226 2477
f 3551 2089 3525
f 3526 3769 3786
f 433 355 381
f 2115 1419 2123
f 3509 2922 3527
f 3769 2131 2134
f 3069 2167 2166
f 2971 2928 2960
f 2961 2773 2962
f 3070 2478 2483
f 2610 3071 2954
f 2502 2374 2386
f 3072 2595 3073
f 2964 3052 2967
f 3048 3074 3049
f 2593 3075 3074
f 3075 3029 3074
f 3074 3028 3049
f 3072 3075 2592
f 3076 2482 2481
f 2481 3066 3076
f 3076 3030 3075
f 2967 3053 2970
f 2482 3073 2483
f 479 493 494
f 706 3873 709
f 3561 2221 3517
f 2013 3754 3755
f 3533 2016 3529
f 3562 2222 2974
f 1171 1155 1176
f 2586 2565 2587
f 2982 113 2484
f 2562 3077 3068
f 2376 3012 3077
f 3012 2148 3077
f 3077 3015 3068
f 2963 3046 2964
f 3051 2970 3053
f 1683 491 775
f 3850 1447 3860
f 1986 3734 3768
f 3079 2546 2575
f 3081 2575 2576
f 1983 3768 3765
f 3082 2319 2545
f 3080 2545 2546
f 3734 3082 3080
f 3732 2323 3082
f 1309 1888 748
f 3073 2772 2771
f 2760 3084 2762
f 2760 2088 3083
f 3085 3086 3087
f 3089 3090 3088
f 3089 3084 3085
f 3092 3090 3091
f 3093 2744 2743
f 2751 2748 3093
f 3093 2752 2751
f 2742 3093 3094
f 3094 2743 3095
f 3096 3098 3087
f 3099 3087 3086
f 3097 3095 3098
f 3100 2746 3101
f 3101 3102 3100
f 2764 2927 3101
f 2745 3101 2746
f 3102 3091 3100
f 3100 3095 2743
f 2869 3592 3634
f 3102 3104 3092
f 3658 2869 3634
f 2927 3103 3102
f 3098 3091 3090
f 3087 3090 3085
f 2088 3105 3083
f 3083 3086 3084
f 2483 2771 3070
f 2401 2185 2321
f 3099 3105 3106
f 2125 3106 3105
f 3108 2742 3107
f 3107 3094 3097
f 3110 3107 3109
f 3109 3097 3096
f 3111 3096 3099
f 3112 3109 3111
f 3113 2737 3108
f 3115 2722 3114
f 3117 3114 3116
f 3119 3116 3118
f 3118 3120 3121
f 3116 3113 3120
f 3122 3111 3123
f 3122 1755 1754
f 3124 3126 3127
f 3125 3121 3126
f 3128 3118 3125
f 3129 3125 3124
f 2020 3128 3129
f 3853 1346 1352
f 1065 1047 1066
f 1814 3830 1649
f 2021 3129 3130
f 3111 3106 3123
f 3123 2207 1755
f 2377 2224 2973
f 3014 113 112
f 1756 3782 3767
f 3131 2530 2528
f 3133 2528 2529
f 1753 3767 3775
f 3134 3127 3135
f 2327 2314 2313
f 2436 2317 2349
f 2018 3711 3712
f 2534 3137 2535
f 2320 3136 2534
f 2185 3712 3771
f 3138 2542 2539
f 3134 3744 3745
f 3785 3134 3745
f 3140 2539 2538
f 2535 3140 2538
f 3711 3130 3785
f 2558 3132 3141
f 3782 3141 3132
f 2560 3141 3142
f 3760 3142 3141
f 958 2976 2981
f 1933 2980 3143
f 2399 2418 2416
f 2348 2343 2432
f 2322 2319 2323
f 2718 2874 2730
f 2709 2873 2710
f 2894 1361 1942
f 346 176 347
f 1876 1882 1881
f 2802 3607 3592
f 3104 3088 3092
f 2974 3649 3603
f 3089 2761 2762
f 3088 3145 3089
f 2803 3603 3607
f 3870 692 628
f 2123 1418 2126
f 1365 1368 1367
f 1581 1782 1783
f 3569 2129 3520
f 3555 2002 3521
f 3146 2551 3147
f 3751 3147 3750
f 3742 3146 3751
f 3149 2585 3146
f 3196 3197 3195
f 3604 2191 3623
f 3142 2556 2560
f 3777 3150 3142
f 3646 2550 3593
f 3150 2555 2556
f 3778 3151 3150
f 3788 3152 3646
f 3153 2551 2549
f 3152 2549 2550
f 3781 3153 3152
f 3776 3147 3153
f 3148 2206 2205
f 2183 2321 2184
f 2132 2928 2133
f 3684 2204 2203
f 3719 2197 3721
f 2594 2773 2951
f 2595 2951 2772
f 1870 799 1869
f 3713 2178 3706
f 3706 3736 3790
f 336 3774 3722
f 339 3154 336
f 3789 3149 3742
f 3683 2584 3149
f 2963 3048 3047
f 3722 337 336
f 339 2566 2586
f 3156 2168 2167
f 2610 2167 2611
f 2954 3156 2610
f 3157 2953 2257
f 3707 2169 3709
f 2567 3159 2568
f 337 2567 338
f 3730 2166 3707
f 3764 1983 3765
f 2579 3081 2576
f 2568 3160 2579
f 3709 2190 3764
f 3065 3162 3161
f 3161 1984 2189
f 3157 2189 2168
f 2257 3161 3157
f 734 1922 806
f 3059 2708 3163
f 3163 2182 1985
f 3162 1985 1984
f 3062 3163 3162
f 3203 3205 3204
f 2122 1448 1447
f 3817 1685 3812
f 139 444 69
f 1570 566 533
f 2957 3165 3036
f 2955 3164 2957
f 1912 341 1973
f 3130 3124 3134
f 1548 319 1547
f 1949 1327 1887
f 2969 3078 3167
f 3167 3169 3168
f 3724 2017 3720
f 3720 2033 3759
f 3168 3165 3170
f 3170 3164 3171
f 3779 3171 3756
f 3724 3170 3779
f 3171 3166 3172
f 3172 3071 3173
f 3752 3173 3749
f 3756 3172 3752
f 3169 3036 3165
f 2593 2962 2594
f 3173 2609 3174
f 3174 2199 2198
f 3783 2198 3719
f 3749 3174 3783
f 2190 1984 1983
f 2196 2767 3148
f 2119 1414 1448
f 1464 1466 1465
f 2199 3069 2200
f 2457 2587 2565
f 2226 2562 2966
f 481 1627 1639
f 333 235 236
f 3078 3037 3169
f 3040 2997 2263
f 2219 1933 2220
f 2385 2497 2503
f 221 3175 2484
f 2220 3143 3175
f 3175 2976 2975
f 2484 2975 2982
f 2954 3166 2955
f 2630 110 2982
f 1547 1952 1955
f 2091 2188 2187
f 3733 2178 2177
f 1918 1927 1926
f 3563 111 3511
f 955 960 954
f 2037 112 3563
f 3143 2981 2976
f 2218 2214 2215
f 672 3787 3541
f 2152 3014 2037
f 1147 1143 1145
f 2248 1409 2245
f 1615 1635 1616
f 1410 2246 2247
f 3241 3242 3240
f 3177 1383 1382
f 2238 3176 1382
f 3176 2230 3178
f 1410 3179 1407
f 3179 2243 1407
f 1633 2800 2249
f 1621 2758 2912
f 1622 2245 1634
f 2236 3181 3182
f 2237 3182 3183
f 2250 2233 2229
f 2912 1628 1621
f 135 1564 1563
f 1567 512 1565
f 1085 2653 2685
f 3184 868 3056
f 869 3057 934
f 1266 1098 1312
f 1267 722 721
f 937 2646 936
f 2146 722 2147
f 2211 921 2667
f 1957 507 449
f 1313 2264 3040
f 1496 1493 1492
f 2681 2705 2682
f 2887 2933 2932
f 1687 1659 1694
f 145 1498 81
f 1317 1319 2694
f 37 418 71
f 1935 3185 2977
f 104 301 103
f 2101 2083 2084
f 543 360 207
f 1934 3186 3185
f 234 212 237
f 3845 1822 1824
f 1976 1874 1974
f 223 2219 220
f 3655 3605 3612
f 468 773 2165
f 1935 1728 1932
f 3240 3226 3235
f 3261 3250 3260
f 3215 3244 3264
f 3265 3215 3264
f 3267 3198 3196
f 3205 3269 3255
f 3214 3265 3270
f 3271 3214 3192
f 3251 3239 3236
f 3222 3266 3272
f 3232 3234 3233
f 3216 3243 3244
f 3196 3268 3267
f 3244 3254 3255
f 3238 3247 3246
f 3264 3255 3269
f 3253 3216 3217
f 3211 3221 3265
f 3257 3218 3256
f 3258 3272 3259
f 3274 3280 3273
f 3228 3262 3263
f 3275 3281 3280
f 3226 3273 3280
f 3236 3260 3251
f 3281 3236 3237
f 3287 3192 3189
f 3235 3280 3234
f 3234 3281 3237
f 3288 3259 3272
f 3260 3276 3251
f 3289 3278 3284
f 3210 3224 3283
f 3199 3201 3200
f 3228 3230 3229
f 3290 3285 3286
f 3282 3271 3287
f 3260 3262 3261
f 3243 3268 3254
f 3267 3241 3232
f 3194 3208 3193
f 3191 3269 3206
f 3270 3192 3214
f 3275 3230 3231
f 3264 3270 3265
f 3252 3276 3291
f 3248 3291 3223
f 3213 3279 3277
f 3272 3289 3288
f 3277 3212 3213
f 3228 3281 3231
f 3220 3253 3219
f 3219 3217 3257
f 3256 3222 3258
f 3247 3252 3248
f 3245 3232 3233
f 3266 3212 3289
f 3208 3255 3254
f 3288 3284 3285
f 3204 3208 3207
f 560 3187 559
f 3209 3201 3202
f 3189 3191 3190
f 448 807 447
f 647 122 270
f 1833 1780 1832
f 510 508 507
f 3210 1887 3201
f 1887 3200 3201
f 15 3197 3200
f 16 3195 3197
f 3195 3187 3194
f 3194 1899 3207
f 3207 375 3204
f 387 126 127
f 3189 1760 3287
f 3577 757 758
f 763 2172 2175
f 3583 3580 3581
f 3581 3579 3578
f 3594 3596 3595
f 3400 3602 3401
f 3626 3625 3627
f 3631 3599 3601
f 3636 3595 3596
f 3647 3588 3645
f 3650 3584 3647
f 3653 3580 3651
f 3653 3654 3579
f 1801 3656 3655
f 3651 3582 3650
f 3644 3595 3637
f 1767 3659 3660
f 1597 3661 1600
f 1708 3665 3664
f 3671 3667 3666
f 3666 3673 3672
f 1588 3664 1587
f 2080 3666 2082
f 2082 3672 2084
f 3674 3635 3631
f 3677 3636 3635
f 3682 3645 3681
f 3692 3650 3686
f 3681 3644 3680
f 786 3692 785
f 3694 3651 3692
f 785 3686 497
f 497 3682 650
f 650 3681 564
f 3696 3681 3680
f 3405 3605 3402
f 3702 3678 3677
f 3699 3679 3678
f 3645 3638 3644
f 1799 3659 1768
f 3708 3458 3460
f 3462 3708 3460
f 3714 564 3696
f 3615 3602 3600
f 3710 3696 3698
f 3635 3596 3599
f 3629 3627 3630
f 3597 3599 3596
f 3630 3715 3629
f 3627 3597 3594
f 3717 3723 3718
f 3715 3660 3629
f 3716 3725 3715
f 3668 3661 3725
f 3668 3717 3667
f 3667 3718 3673
f 3727 3673 3718
f 3728 3672 3673
f 3726 3718 3723
f 1576 2084 3672
f 3727 3731 3729
f 3203 1387 3190
f 3190 1791 3189
f 3283 1949 3210
f 317 259 391
f 2000 3653 3694
f 3601 3600 3602
f 3589 3584 3585
f 3577 756 2170
f 3585 3582 3583
f 3678 3637 3636
f 3204 376 3203
f 1801 3657 1799
f 3729 3728 3727
f 1575 3738 1088
f 3735 1576 3728
f 1776 1796 1775
f 1293 1290 1284
f 1326 1327 12
f 1294 1234 1290
f 878 1330 1337
f 497 374 498
f 122 413 121
f 3699 3704 3708
f 3606 3401 3602
f 3708 3698 3699
f 3464 3710 3462
f 3704 3443 3458
f 439 399 438
f 1512 1526 1511
f 1668 1738 1671
f 839 1362 838
f 1362 826 1012
f 3843 1896 3815
f 2053 2118 2117
f 3888 2120 2119
f 696 3816 3831
f 1826 639 640
f 3740 3729 3731
f 956 886 960
f 1980 1922 807
f 33 105 164
f 1343 3856 3857
f 3907 2128 3902
f 1766 1582 1594
f 14 2163 738
f 595 99 594
f 3233 3246 3245
f 1346 1044 1352
f 748 1425 747
f 3193 3254 3268
f 3190 3206 3203
f 3612 3606 3615
f 3624 3615 3625
f 3631 3443 3674
f 3679 3644 3637
f 3686 3647 3682
f 3702 3674 3704
f 3625 3600 3597
f 3601 3415 3631
f 3739 3735 3729
f 3630 3594 3741
f 3741 3716 3630
f 1284 1288 1285
f 3698 3680 3679
f 1778 1780 1779
f 1792 1584 1789
f 695 571 694
f 3638 3594 3595
f 3741 3588 3589
f 3247 3209 3202
f 3292 3294 3295
f 3296 3298 3299
f 3299 3300 3301
f 3302 3304 3305
f 3306 3308 3309
f 3307 3311 3308
f 3303 3301 3300
f 3312 3304 3313
f 3314 3316 3317
f 3318 3320 3321
f 3324 3321 3325
f 3326 3328 3323
f 3329 3331 3332
f 3333 3335 3336
f 3337 3339 3340
f 3333 3341 3342
f 3342 3343 3344
f 3319 3344 3343
f 3338 3334 3339
f 3346 3302 3347
f 3305 3347 3302
f 3312 3223 3349
f 3350 3340 3351
f 3312 3348 3305
f 3352 3341 3326
f 3311 3354 3308
f 3341 3327 3326
f 3359 3361 3362
f 3360 3250 3249
f 3318 3345 3319
f 3364 3318 3324
f 3314 3324 3365
f 3366 3301 3346
f 3299 3367 3296
f 3308 3368 3309
f 3369 3295 3294
f 3317 3364 3314
f 3370 3317 3316
f 3325 3365 3324
f 3352 3319 3343
f 3296 3353 3311
f 3297 3311 3310
f 3363 3354 3345
f 3345 3353 3344
f 3344 3367 3342
f 3366 3342 3367
f 3347 3334 3346
f 3339 3348 3340
f 3348 3351 3340
f 3363 3369 3368
f 3294 3368 3369
f 3293 3309 3294
f 3331 3374 3332
f 3346 3333 3366
f 3323 3352 3326
f 3356 3321 3320
f 3355 3325 3321
f 3357 3371 3325
f 3322 3320 3352
f 3361 3329 3362
f 3373 3375 3374
f 3374 3376 3332
f 3329 3376 3362
f 3327 3372 3328
f 3336 3375 3327
f 3335 3376 3375
f 3376 3337 3362
f 3337 3359 3362
f 3359 3276 3250
f 3377 3295 3370
f 3277 3315 3278
f 3371 3379 3365
f 3378 3358 3380
f 3365 3315 3314
f 3316 3279 3370
f 3282 3370 3279
f 3313 3224 3312
f 3378 3284 3379
f 3380 3285 3378
f 3379 3278 3315
f 3276 3351 3291
f 3291 3349 3223
f 3313 2965 3013
f 2965 3303 222
f 222 3300 223
f 223 3298 3186
f 3298 3185 3186
f 3297 2977 3185
f 3310 1213 2977
f 3307 1214 1213
f 2532 3306 3293
f 2894 3293 3292
f 2871 3292 3377
f 3253 3240 3242
f 3283 3013 2152
f 1997 1889 1892
f 1237 744 855
f 1535 120 121
f 1531 201 214
f 1119 1032 984
f 946 824 947
f 163 5 162
f 3589 3723 3741
f 1155 1162 1164
f 427 327 424
f 553 796 498
f 3381 2231 2237
f 3381 2230 2232
f 2237 3180 3381
f 3383 3385 3382
f 3384 3387 3385
f 3386 3389 3387
f 3388 3391 3389
f 3392 3394 3395
f 3395 3396 3397
f 3398 3397 3396
f 3400 3399 3398
f 3403 3405 3402
f 3406 3404 3403
f 3408 3407 3406
f 3410 3409 3408
f 3412 3411 3410
f 3415 3398 3414
f 3414 3396 3416
f 3416 3394 3417
f 3417 3393 3418
f 3393 3420 3418
f 3419 3421 3420
f 3390 3422 3421
f 3388 3423 3422
f 3386 3424 3423
f 3384 3425 3424
f 3425 3426 3184
f 2904 3428 2947
f 3429 2904 2902
f 3430 2902 2876
f 2875 3430 2876
f 3432 2733 2736
f 2825 3435 2824
f 3437 3439 3436
f 3441 3436 3440
f 2724 3434 2825
f 3436 3115 3117
f 3440 3117 3119
f 3443 3414 3442
f 3442 3416 3444
f 3444 3417 3445
f 3445 3418 3446
f 3446 3420 3447
f 3420 3448 3447
f 3421 3449 3448
f 3422 3450 3449
f 3423 3451 3450
f 3424 3452 3451
f 3425 3056 3452
f 3451 2253 2252
f 3450 2252 1727
f 3449 1727 2150
f 3448 2150 1941
f 3453 3448 1941
f 3454 3447 3453
f 3455 3446 3454
f 3456 3445 3455
f 3442 3456 3457
f 3443 3457 3458
f 3459 3458 3457
f 3457 3455 3459
f 3459 3454 3461
f 3462 3459 3461
f 3461 3453 3463
f 3464 3461 3463
f 3463 1941 1360
f 3404 3401 3405
f 3407 3399 3404
f 3409 3397 3407
f 3411 3395 3409
f 3465 3413 3412
f 3467 3469 3466
f 3465 3431 3433
f 3470 3466 3465
f 3438 3432 3435
f 3467 3438 3437
f 3468 3437 3441
f 3471 3468 3472
f 3472 3441 3473
f 3473 3440 2712
f 2712 3119 3128
f 3475 3472 3474
f 3474 3473 3476
f 3476 2712 2711
f 3477 2711 2400
f 3478 3476 3477
f 3479 3474 3478
f 3392 3413 3480
f 3466 3480 3413
f 3419 3392 3480
f 3390 3480 3391
f 3469 3391 3480
f 3389 3471 3475
f 3387 3475 3479
f 3385 3479 3481
f 3482 2400 2402
f 3483 3477 3482
f 3481 3478 3483
f 3484 2402 2707
f 3058 2707 2708
f 3061 3484 3058
f 3485 3482 3484
f 3382 3481 3486
f 3486 3483 3485
f 3426 3382 3487
f 3487 3486 1962
f 3486 3061 1962
f 1961 3487 1962
f 3057 3426 3487
f 3428 3402 3488
f 3427 3403 3428
f 3429 3406 3427
f 3430 3408 3429
f 3431 3410 3430
f 3470 3433 3432
f 3434 3438 3435
f 2723 3439 3434
f 2875 3433 3431
f 2736 3435 3432
f 2947 3488 3500
f 3464 1360 3497
f 1900 1924 1901
f 1736 1718 1750
f 1955 1943 1956
f 1671 1735 1751
f 1696 1698 1692
f 1800 1864 1801
f 2063 2056 2060
f 1737 1717 1736
f 1751 1697 1695
f 943 3899 684
f 3656 3402 3605
f 1577 1764 1703
f 3917 1599 3923
f 1945 82 1944
f 68 7 248
f 147 1543 148
f 1109 1133 1102
f 1503 1907 1908
f 1499 1909 1498
f 452 735 215
f 1824 3835 3845
f 1825 2068 1824
f 1463 1022 1194
f 841 1009 1011
f 1568 1955 1534
f 1926 1927 1923
f 1910 1502 1939
f 1939 422 442
f 309 1940 308
f 1804 1866 1803
f 269 1954 56
f 2065 2060 2056
f 3812 1758 3835
f 280 552 1940
f 1875 1869 1874
f 1739 1734 1737
f 1778 1790 1788
f 310 1915 279
f 1909 1906 1954
f 1789 1778 1788
f 978 980 979
f 1584 1731 1583
f 425 311 312
f 148 115 116
f 2044 3894 2046
f 277 1939 551
f 1943 1945 1944
f 1461 1463 1464
f 2253 3056 3055
f 2981 3489 958
f 2209 3489 3055
f 2254 3055 3489
f 2998 958 3489
f 2826 2721 2724
f 3490 2721 2817
f 2816 3490 2817
f 2334 2296 2335
f 2298 2334 2336
f 2301 2336 2338
f 2311 2338 2354
f 2312 2354 2355
f 2359 2361 2360
f 2335 2359 2360
f 2414 2365 2364
f 2413 2361 2365
f 2355 2540 2541
f 2541 2539 2542
f 2722 2739 2738
f 3114 2738 3113
f 3110 3121 3120
f 3108 3120 3113
f 3122 3127 3126
f 3112 3126 3121
f 3127 1753 3135
f 3139 2529 2542
f 3744 3133 3139
f 3490 2740 2739
f 3491 2789 3490
f 228 91 88
f 245 243 242
f 248 247 191
f 2 296 295
f 145 300 267
f 327 210 328
f 329 331 330
f 250 228 236
f 239 240 230
f 373 375 374
f 178 176 175
f 1218 1228 1321
f 3862 1295 3854
f 808 824 823
f 3858 1013 1014
f 3813 1411 1413
f 2154 2159 2160
f 3845 1758 1757
f 306 1922 452
f 2157 1976 1977
f 708 2031 1474
f 1450 1227 1428
f 1672 1605 1624
f 1813 1821 1816
f 1717 1715 1718
f 176 402 347
f 1710 3916 3915
f 1712 1577 1711
f 1705 1711 1704
f 971 979 970
f 822 1094 1102
f 2909 2793 2792
f 2810 2795 2793
f 2799 2249 2800
f 3662 2910 2799
f 2769 2801 2795
f 3177 3178 3179
f 3178 3180 3179
f 3181 1393 2800
f 3181 1632 3182
f 3182 2244 3183
f 3183 2243 3180
f 3492 2790 3491
f 2808 3491 2816
f 2239 3572 2240
f 1149 3571 3570
f 1150 3567 3571
f 2202 3566 2015
f 2921 3565 2923
f 3568 2133 2928
f 1777 1759 1792
f 1201 1183 1184
f 3561 2195 2194
f 3553 2770 2768
f 3927 1687 1692
f 1516 154 503
f 3549 2974 2803
f 3550 2779 2778
f 2771 3575 3546
f 3070 3546 3558
f 3547 2775 2867
f 1376 1370 1372
f 2767 3556 2206
f 2195 3543 2767
f 2775 3542 2776
f 3377 3545 2871
f 3804 3539 2806
f 2776 3538 2805
f 2240 3535 2920
f 2920 3669 3619
f 3548 2786 2779
f 1805 1851 1804
f 3534 2787 2786
f 2951 3540 3531
f 2772 3531 3575
f 2973 3530 3536
f 2224 3537 3530
f 1957 320 510
f 306 304 303
f 2770 3528 2913
f 2913 3574 2239
f 2923 3527 2922
f 308 431 47
f 207 132 543
f 1879 1881 1880
f 3733 3525 2089
f 2475 3558 3524
f 2476 3524 3523
f 2223 3523 3537
f 3522 2803 2802
f 2037 11 1950
f 1959 450 505
f 2003 3520 2129
f 9 334 540
f 2009 3518 3567
f 2008 3536 3518
f 3877 673 3879
f 3515 2778 2784
f 2935 3513 2936
f 111 3570 3511
f 3510 2935 2938
f 683 3885 943
f 3508 2810 2909
f 736 732 729
f 1795 1803 1796
f 3505 2938 2939
f 3507 2939 2940
f 2950 3504 2949
f 2940 3504 3507
f 3801 3512 2950
f 2868 3502 2869
f 2869 3522 2802
f 1024 1023 1020
f 3500 2948 2947
f 551 442 443
f 2972 3568 2928
f 2032 3499 2972
f 216 1924 1923
f 203 201 200
f 1828 1847 1837
f 1958 449 450
f 272 178 175
f 2871 3495 1361
f 3619 3564 2921
f 2801 3643 3662
f 2005 3654 2176
f 960 899 962
f 3657 3612 3624
f 3780 3646 3151
f 3151 3593 2555
f 2193 3623 2194
f 3607 3145 3144
f 3603 2761 3145
f 3592 3144 3104
f 2926 3634 3103
f 3634 3104 3103
f 3755 3746 3753
f 566 3758 2005
f 3488 1864 3500
f 1602 2079 2078
f 2868 3611 2922
f 2922 3610 2923
f 2923 3618 2921
f 3670 2918 3614
f 3619 3614 2920
f 2921 3670 3619
f 2920 3586 2240
f 3613 2915 2918
f 2917 3622 3641
f 2916 3641 3642
f 2239 3652 2913
f 2911 3652 2757
f 3643 2911 2910
f 2797 3662 3591
f 2797 3598 2750
f 3622 2763 2765
f 3608 2764 2745
f 2194 3648 2221
f 2221 3649 2222
f 2756 3609 2755
f 2750 3609 2747
f 3669 1817 3827
f 3763 1691 1699
f 2515 3590 2548
f 2548 3593 2550
f 2513 3632 3616
f 2513 3621 2515
f 2509 3620 2289
f 2510 3633 2509
f 2289 3639 2283
f 2283 3617 2286
f 2240 3587 2239
f 3659 3624 3626
f 716 3887 3888
f 727 3761 1923
f 2165 2170 2164
f 3660 3626 3629
f 3743 3578 3757
f 2175 769 770
f 2100 2095 2099
f 3758 3757 3578
f 640 3568 1826
f 1653 3553 1651
f 1895 3530 746
f 746 3537 741
f 1653 3528 3576
f 3762 1604 1672
f 2093 2073 2078
f 959 995 884
f 962 919 986
f 1400 1398 1399
f 1000 1127 1004
f 956 884 885
f 1662 3550 1661
f 2034 3546 1654
f 3926 3539 3802
f 3535 766 1817
f 3572 765 766
f 334 3571 335
f 1868 3540 1656
f 1684 1652 1678
f 1682 775 1807
f 1585 3762 1700
f 3763 1672 1673
f 2173 490 491
f 1658 3547 1752
f 3556 1650 724
f 1571 2010 1572
f 1587 3671 2080
f 2099 2077 2094
f 787 1999 786
f 2000 786 1999
f 3155 3697 3683
f 3713 3683 3789
f 2180 3685 3684
f 3496 3684 3705
f 1684 3840 1651
f 1760 3495 3545
f 2607 3693 2590
f 2581 3689 2607
f 2371 3700 3695
f 2371 3693 2372
f 2587 3675 2586
f 2586 3697 339
f 2497 3687 2503
f 2502 3687 3700
f 2494 3690 2495
f 3690 2472 2495
f 3688 2468 2472
f 3701 2469 2468
f 726 3892 630
f 581 3518 580
f 10 3570 334
f 1837 3510 1849
f 741 3523 1300
f 1299 3558 2034
f 1851 3504 1866
f 3527 1820 1819
f 580 3536 1895
f 1758 3522 3502
f 1693 3508 1806
f 3504 1867 1866
f 1894 3568 3499
f 2126 3813 3841
f 3906 3841 3912
f 2113 3867 2110
f 2179 3789 3685
f 624 3904 623
f 2192 3788 3780
f 2177 3787 3733
f 1364 3833 1338
f 3858 1470 1453
f 3135 3775 3744
f 2069 3835 2068
f 1351 3853 1352
f 2108 3901 499
f 2089 3736 3733
f 3828 1358 866
f 2001 3783 2187
f 2187 3719 2091
f 2130 3752 2004
f 2004 3749 2001
f 2014 3779 2201
f 2201 3756 2130
f 3167 3759 2969
f 3168 3720 3167
f 3159 3764 3160
f 3160 3765 3081
f 3730 3158 337
f 3158 3709 3159
f 2200 3730 3722
f 3685 3742 2204
f 3722 2197 2200
f 3790 2092 3721
f 3774 3721 2197
f 3154 3790 3774
f 3155 3706 3154
f 2091 3721 2092
f 2196 3750 3776
f 2193 3776 3781
f 3604 3781 3788
f 2086 3780 3778
f 2087 3778 3777
f 2204 3751 2205
f 2205 3750 3148
f 3909 574 692
f 2124 3777 3760
f 2208 3760 3782
f 3711 3140 3137
f 3785 3138 3140
f 3745 3139 3138
f 3771 3136 2322
f 3712 3137 3136
f 3775 3131 3133
f 3767 3132 3131
f 1813 3838 1814
f 1293 3856 1344
f 2184 3748 3732
f 2181 3732 3734
f 3765 3079 3081
f 3768 3080 3079
f 709 3875 2031
f 2774 3737 3769
f 3786 2134 3559
f 3809 766 765
f 2968 3766 2959
f 2969 3784 2968
f 2958 3737 2961
f 2132 3766 2960
f 2321 3771 3748
f 3860 1449 28
f 3905 582 710
f 3886 577 574
f 3847 1818 3827
f 705 3887 2121
f 3816 3907 698
f 2111 3911 2113
f 3810 1366 1411
f 1812 3822 1815
f 675 3852 674
f 3496 3851 675
f 2110 3868 2109
f 2104 3901 2106
f 2109 3899 944
f 3842 703 739
f 1680 3846 1684
f 1639 3819 3818
f 623 3906 697
f 2139 3866 3865
f 1808 3844 3837
f 3820 1819 1820
f 3872 3900 706
f 1646 3830 1648
f 3889 633 577
f 2139 3875 18
f 2156 3871 3874
f 674 3913 3869
f 2117 3812 2069
f 1815 3847 3823
f 3855 1444 1470
f 697 3912 3816
f 866 3836 3828
f 3864 2136 2135
f 3585 3726 3589
f 3583 3731 3585
f 3753 3738 3739
f 3740 3581 3743
f 1088 3746 1093
f 3739 3743 3753
f 2791 3493 2792
f 3492 2807 3493
f 2792 3494 2909
f 3493 2806 3494
f 3508 3494 3516
f 3516 2806 3539
f 2948 3791 3801
f 2105 3896 2104
f 3538 3804 2805
f 680 3876 683
f 1891 3910 3891
f 2905 3801 2950
f 2900 3799 2905
f 2901 3807 2877
f 2734 3806 3794
f 2877 3806 2878
f 2820 3794 2872
f 2818 3792 2827
f 2823 3792 2826
f 2822 3798 2821
f 2819 3800 3798
f 2817 3795 2816
f 2809 3795 2815
f 2808 3803 2807
f 2805 3803 2804
f 1702 3923 1599
f 3922 1797 1802
f 3915 1706 1709
f 3918 1692 1698
f 1657 3880 1879
f 1890 3895 3910
f 3772 1674 1675
f 1689 3772 3773
f 3926 3538 1688
f 3516 1689 3773
f 3917 1703 1764
f 1598 3928 1770
f 3880 1876 1879
f 1691 3925 3927
f 3925 1688 1687
f 1117 1118 3930
f 1066 1322 3930
f 1243 847 3930
f 3825 848 3930
f 1128 1117 3930
f 1129 1130 3930
f 841 1011 3930
f 1230 3863 3930
f 1242 1243 3930
f 1322 1229 3930
f 1064 1065 3930
f 1003 1128 3930
f 1229 1230 3930
f 3863 1285 3930
f 1285 1288 3930
f 848 839 3930
f 847 3825 3930
f 1118 1129 3930
f 1065 1066 3930
f 1087 1086 3930
f 1008 1002 3930
f 1011 1008 3930
f 1002 1003 3930
f 1076 1069 3930
f 838 841 3930
f 839 838 3930
f 1288 1242 3930
f 1130 1087 3930
f 1086 1076 3930
f 1069 1064 3930
f 2410 2414 3931
f 2411 2410 3931
f 3617 2285 3931
f 2394 2393 3931
f 2393 2396 3931
f 2281 2286 3931
f 2282 2280 3931
f 2398 2399 3931
f 2465 2464 3931
f 2396 2397 3931
f 2470 2469 3931
f 2399 2416 3931
f 2480 2395 3931
f 2459 2480 3931
f 2369 2282 3931
f 2460 2459 3931
f 2415 2411 3931
f 2416 2415 3931
f 2364 2363 3931
f 2286 3617 3931
f 2464 2470 3931
f 2469 3703 3931
f 2285 2465 3931
f 2414 2364 3931
f 2395 2394 3931
f 2363 2367 3931
f 2397 2398 3931
f 2280 2281 3931
f 3703 2460 3931
f 2367 2369 3931
f 3934 3937 3938
f 3934 3939 3935
f 3932 3937 3933
f 3938 3943 3939
f 3937 3940 3941
f 3937 3942 3938
f 3942 3947 3943
f 3941 3944 3945
f 3942 3945 3946
f 3947 3950 3951
f 3944 3949 3945
f 3945 3950 3946
f 3950 3955 3951
f 3949 3952 3953
f 3950 3953 3954
f 3955 3958 3959
f 3953 3956 3957
f 3953 3958 3954
f 3959 3962 3963
f 3957 3960 3961
f 3958 3961 3962
f 3962 3967 3963
f 3960 3965 3961
f 3961 3966 3962
f 3966 3971 3967
f 3965 3968 3969
f 3966 3969 3970
f 3970 3975 3971
f 3968 3973 3969
f 3969 3974 3970
f 3974 3979 3975
f 3973 3976 3977
f 3974 3977 3978
f 3979 3982 3983
f 3976 3981 3977
f 3977 3982 3978
f 3982 3987 3983
f 3981 3984 3985
f 3982 3985 3986
f 3987 3990 3991
f 3984 3989 3985
f 3985 3990 3986
f 3991 3994 3995
f 3989 3992 3993
f 3990 3993 3994
f 3995 3998 3999
f 3992 3997 3993
f 3993 3998 3994
f 3998 4003 3999
f 3997 4000 4001
f 3998 4001 4002
f 4002 4007 4003
f 4000 4005 4001
f 4001 4006 4002
f 4006 4011 4007
f 4005 4008 4009
f 4006 4009 4010
f 4011 4014 4015
f 4008 4013 4009
f 4009 4014 4010
f 4014 4019 4015
f 4013 4016 4017
f 4014 4017 4018
f 4019 4022 4023
f 4016 4021 4017
f 4017 4022 4018
f 4023 4026 4027
f 4021 4024 4025
f 4022 4025 4026
f 4027 4030 4031
f 4024 4029 4025
f 4025 4030 4026
f 4031 4034 4035
f 4029 4032 4033
f 4030 4033 4034
f 4034 4039 4035
f 4032 4037 4033
f 4033 4038 4034
f 4038 4043 4039
f 4037 4040 4041
f 4038 4041 4042
f 4043 4046 4047
f 4040 4045 4041
f 4041 4046 4042
f 4046 4051 4047
f 4045 4048 4049
f 4046 4049 4050
f 4051 4055 4056
f 4048 4054 4049
f 4049 4055 4050
f 4056 4059 4060
f 4053 4058 4054
f 4055 4058 4059
f 3932 4052 3936
f 3936 4052 3940
f 3940 4052 3944
f 3944 4052 3948
f 3948 4052 3952
f 3952 4052 3956
f 3956 4052 3960
f 3960 4052 3964
f 3964 4052 3968
f 3968 4052 3972
f 3972 4052 3976
f 3976 4052 3980
f 3980 4052 3984
f 3984 4052 3988
f 3988 4052 3992
f 3992 4052 3996
f 3996 4052 4000
f 4000 4052 4004
f 4004 4052 4008
f 4008 4052 4012
f 4012 4052 4016
f 4016 4052 4020
f 4020 4052 4024
f 4024 4052 4028
f 4028 4052 4032
f 4032 4052 4036
f 4036 4052 4040
f 4040 4052 4044
f 4044 4052 4048
f 4048 4052 4053
f 4053 4052 4057
f 4060 3934 3935
f 4058 3932 3933
f 4058 3934 4059
f 4057 4052 3932
f 4069 4081 4082
f 4066 4080 4067
f 4065 4077 4078
f 4063 4075 4076
f 4071 4085 4072
f 4069 4083 4070
f 4067 4081 4068
f 4066 4078 4079
f 4063 4077 4064
f 4061 4075 4062
f 4072 4086 4073
f 4071 4083 4084
f 4076 4090 4077
f 4074 4088 4075
f 4086 4098 4099
f 4083 4097 4084
f 4082 4094 4095
f 4079 4093 4080
f 4078 4090 4091
f 4076 4088 4089
f 4085 4097 4098
f 4082 4096 4083
f 4080 4094 4081
f 4079 4091 4092
f 4089 4103 4090
f 4088 4100 4101
f 4098 4112 4099
f 4096 4110 4097
f 4095 4107 4108
f 4092 4106 4093
f 4090 4104 4091
f 4089 4101 4102
f 4097 4111 4098
f 4095 4109 4096
f 4094 4106 4107
f 4092 4104 4105
f 4103 4115 4116
f 4100 4114 4101
f 4112 4124 4125
f 4110 4122 4123
f 4107 4121 4108
f 4105 4119 4106
f 4103 4117 4104
f 4101 4115 4102
f 4110 4124 4111
f 4109 4121 4122
f 4107 4119 4120
f 4105 4117 4118
f 4115 4129 4116
f 4114 4126 4127
f 4124 4138 4125
f 4123 4135 4136
f 4120 4134 4121
f 4119 4131 4132
f 4117 4129 4130
f 4114 4128 4115
f 4124 4136 4137
f 4122 4134 4135
f 4119 4133 4120
f 4117 4131 4118
f 4129 4141 4142
f 4126 4140 4127
f 4138 4150 4151
f 4136 4148 4149
f 4133 4147 4134
f 4131 4145 4132
f 4130 4142 4143
f 4127 4141 4128
f 4137 4149 4150
f 4135 4147 4148
f 4132 4146 4133
f 4131 4143 4144
f 4142 4154 4155
f 4140 4152 4153
f 4150 4164 4151
f 4149 4161 4162
f 4146 4160 4147
f 4144 4158 4145
f 4142 4156 4143
f 4140 4154 4141
f 4149 4163 4150
f 4148 4160 4161
f 4146 4158 4159
f 4144 4156 4157
f 4155 4167 4168
f 4153 4165 4166
f 4163 4177 4164
f 4161 4175 4162
f 4159 4173 4160
f 4158 4170 4171
f 4155 4169 4156
f 4153 4167 4154
f 4163 4175 4176
f 4161 4173 4174
f 4159 4171 4172
f 4156 4170 4157
f 4167 4181 4168
f 4165 4179 4166
f 4176 4190 4177
f 4175 4187 4188
f 4173 4185 4186
f 4170 4184 4171
f 4169 4181 4182
f 4167 4179 4180
f 4175 4189 4176
f 4173 4187 4174
f 4171 4185 4172
f 4170 4182 4183
f 4180 4194 4181
f 4178 4192 4179
f 4190 4202 4203
f 4187 4201 4188
f 4186 4198 4199
f 4183 4197 4184
f 4182 4194 4195
f 4180 4192 4193
f 4189 4201 4202
f 4186 4200 4187
f 4184 4198 4185
f 4183 4195 4196
f 4193 4207 4194
f 4192 4204 4205
f 4202 4216 4203
f 4200 4214 4201
f 4199 4211 4212
f 4196 4210 4197
f 4194 4208 4195
f 4193 4205 4206
f 4201 4215 4202
f 4199 4213 4200
f 4198 4210 4211
f 4196 4208 4209
f 4207 4219 4220
f 4204 4218 4205
f 4216 4228 4229
f 4213 4227 4214
f 4211 4225 4212
f 4209 4223 4210
f 4207 4221 4208
f 4205 4219 4206
f 4214 4228 4215
f 4213 4225 4226
f 4211 4223 4224
f 4209 4221 4222
f 4219 4233 4220
f 4218 4230 4231
f 4228 4242 4229
f 4226 4240 4227
f 4225 4237 4238
f 4223 4235 4236
f 4221 4233 4234
f 4218 4232 4219
f 4228 4240 4241
f 4226 4238 4239
f 4223 4237 4224
f 4221 4235 4222
f 4233 4245 4246
f 4230 4244 4231
f 4242 4254 4255
f 4240 4252 4253
f 4237 4251 4238
f 4235 4249 4236
f 4234 4246 4247
f 4231 4245 4232
f 4241 4253 4254
f 4239 4251 4252
f 4236 4250 4237
f 4235 4247 4248
f 4246 4258 4259
f 4244 4256 4257
f 4254 4268 4255
f 4253 4265 4266
f 4250 4264 4251
f 4248 4262 4249
f 4246 4260 4247
f 4244 4258 4245
f 4253 4267 4254
f 4252 4264 4265
f 4250 4262 4263
f 4248 4260 4261
f 4259 4271 4272
f 4257 4269 4270
f 4267 4281 4268
f 4265 4279 4266
f 4263 4277 4264
f 4262 4274 4275
f 4259 4273 4260
f 4257 4271 4258
f 4266 4280 4267
f 4265 4277 4278
f 4263 4275 4276
f 4260 4274 4261
f 4271 4285 4272
f 4269 4283 4270
f 4281 4293 4294
f 4279 4291 4292
f 4277 4289 4290
f 4274 4288 4275
f 4273 4285 4286
f 4271 4283 4284
f 4280 4292 4293
f 4277 4291 4278
f 4275 4289 4276
f 4274 4286 4287
f 4284 4298 4285
f 4282 4296 4283
f 4294 4306 4307
f 4291 4305 4292
f 4290 4302 4303
f 4287 4301 4288
f 4286 4298 4299
f 4284 4296 4297
f 4293 4305 4306
f 4290 4304 4291
f 4288 4302 4289
f 4287 4299 4300
f 4297 4311 4298
f 4296 4308 4309
f 4306 4320 4307
f 4304 4318 4305
f 4303 4315 4316
f 4300 4314 4301
f 4298 4312 4299
f 4297 4309 4310
f 4305 4319 4306
f 4304 4316 4317
f 4302 4314 4315
f 4300 4312 4313
f 4310 4324 4311
f 4308 4322 4309
f 4320 4332 4333
f 4318 4330 4331
f 4316 4328 4329
f 4313 4327 4314
f 4311 4325 4312
f 4310 4322 4323
f 4318 4332 4319
f 4316 4330 4317
f 4315 4327 4328
f 4312 4326 4313
f 4323 4337 4324
f 4322 4334 4335
f 4332 4346 4333
f 4330 4344 4331
f 4329 4341 4342
f 4327 4339 4340
f 4325 4337 4338
f 4322 4336 4323
f 4332 4344 4345
f 4330 4342 4343
f 4327 4341 4328
f 4325 4339 4326
f 4337 4350 4351
f 4334 4349 4335
f 4346 4359 4360
f 4344 4357 4358
f 4341 4356 4342
f 4340 4353 4354
f 4338 4351 4352
f 4335 4350 4336
f 4345 4358 4359
f 4343 4356 4357
f 4340 4355 4341
f 4338 4353 4339
f 4351 4363 4364
f 4349 4361 4362
f 4359 4373 4360
f 4358 4370 4371
f 4355 4369 4356
f 4354 4366 4367
f 4351 4365 4352
f 4349 4363 4350
f 4358 4372 4359
f 4357 4369 4370
f 4355 4367 4368
f 4352 4366 4353
f 4364 4376 4377
f 4362 4374 4375
f 4373 4385 4386
f 4370 4384 4371
f 4368 4382 4369
f 4367 4379 4380
f 4364 4378 4365
f 4362 4376 4363
f 4372 4384 4385
f 4370 4382 4383
f 4368 4380 4381
f 4365 4379 4366
f 4376 4390 4377
f 4374 4388 4375
f 4385 4399 4386
f 4384 4396 4397
f 4382 4394 4395
f 4379 4393 4380
f 4378 4390 4391
f 4376 4388 4389
f 4384 4398 4385
f 4382 4396 4383
f 4380 4394 4381
f 4379 4391 4392
f 4389 4403 4390
f 4387 4401 4388
f 4399 4411 4412
f 4396 4410 4397
f 4395 4407 4408
f 4393 4405 4406
f 4391 4403 4404
f 4389 4401 4402
f 4398 4410 4411
f 4395 4409 4396
f 4393 4407 4394
f 4391 4405 4392
f 4402 4416 4403
f 4401 4413 4414
f 4411 4425 4412
f 4409 4423 4410
f 4408 4420 4421
f 4406 4418 4419
f 4403 4417 4404
f 4402 4414 4415
f 4410 4424 4411
f 4408 4422 4409
f 4407 4419 4420
f 4404 4418 4405
f 4416 4428 4429
f 4413 4427 4414
f 4425 4437 4438
f 4423 4435 4436
f 4421 4433 4434
f 4418 4432 4419
f 4416 4430 4417
f 4415 4427 4428
f 4423 4437 4424
f 4421 4435 4422
f 4420 4432 4433
f 4418 4430 4431
f 4428 4442 4429
f 4426 4440 4427
f 4437 4451 4438
f 4435 4449 4436
f 4434 4446 4447
f 4432 4444 4445
f 4430 4442 4443
f 4427 4441 4428
f 4437 4449 4450
f 4435 4447 4448
f 4432 4446 4433
f 4430 4444 4431
f 4442 4454 4455
f 4439 4453 4440
f 4451 4463 4464
f 4449 4461 4462
f 4446 4460 4447
f 4444 4458 4445
f 4443 4455 4456
f 4440 4454 4441
f 4450 4462 4463
f 4447 4461 4448
f 4445 4459 4446
f 4444 4456 4457
f 4455 4467 4468
f 4453 4465 4466
f 4463 4477 4464
f 4462 4474 4475
f 4459 4473 4460
f 4457 4471 4458
f 4455 4469 4456
f 4453 4467 4454
f 4462 4476 4463
f 4461 4473 4474
f 4459 4471 4472
f 4457 4469 4470
f 4347 4073 4086
f 4347 4086 4099
f 4347 4099 4112
f 4347 4112 4125
f 4347 4125 4138
f 4347 4138 4151
f 4347 4151 4164
f 4347 4164 4177
f 4347 4177 4190
f 4347 4190 4203
f 4347 4203 4216
f 4347 4216 4229
f 4347 4229 4242
f 4347 4242 4255
f 4347 4255 4268
f 4347 4268 4281
f 4347 4281 4294
f 4347 4294 4307
f 4347 4307 4320
f 4347 4320 4333
f 4347 4333 4346
f 4347 4346 4360
f 4347 4360 4373
f 4347 4373 4386
f 4347 4386 4399
f 4347 4399 4412
f 4347 4412 4425
f 4347 4425 4438
f 4347 4438 4451
f 4347 4451 4464
f 4347 4464 4477
f 4468 4063 4064
f 4466 4061 4062
f 4477 4072 4073
f 4474 4071 4475
f 4472 4069 4473
f 4471 4066 4067
f 4468 4065 4469
f 4466 4063 4467
f 4347 4477 4073
f 4476 4071 4072
f 4474 4069 4070
f 4472 4067 4068
f 4469 4066 4470
f 3935 4465 4060
f 4465 4056 4060
f 4452 4051 4056
f 4439 4047 4051
f 4047 4413 4043
f 4043 4400 4039
f 4039 4387 4035
f 4387 4031 4035
f 4031 4361 4027
f 4361 4023 4027
f 4348 4019 4023
f 4334 4015 4019
f 4015 4308 4011
f 4011 4295 4007
f 4007 4282 4003
f 4282 3999 4003
f 3999 4256 3995
f 4256 3991 3995
f 4243 3987 3991
f 4230 3983 3987
f 3983 4204 3979
f 3979 4191 3975
f 3975 4178 3971
f 4178 3967 3971
f 3967 4152 3963
f 4152 3959 3963
f 4139 3955 3959
f 4126 3951 3955
f 3951 4100 3947
f 3947 4087 3943
f 3943 4074 3939
f 4074 3935 3939
f 4480 4483 4484
f 4480 4485 4481
f 4479 4482 4483
f 4484 4489 4485
f 4482 4487 4483
f 4483 4488 4484
f 4488 4493 4489
f 4487 4490 4491
f 4488 4491 4492
f 4493 4496 4497
f 4490 4495 4491
f 4491 4496 4492
f 4496 4501 4497
f 4495 4498 4499
f 4496 4499 4500
f 4501 4504 4505
f 4498 4503 4499
f 4499 4504 4500
f 4505 4508 4509
f 4503 4506 4507
f 4504 4507 4508
f 4509 4512 4513
f 4506 4511 4507
f 4507 4512 4508
f 4513 4516 4517
f 4511 4514 4515
f 4512 4515 4516
f 4516 4521 4517
f 4514 4519 4515
f 4515 4520 4516
f 4520 4525 4521
f 4518 4523 4519
f 4520 4523 4524
f 4525 4528 4529
f 4522 4527 4523
f 4523 4528 4524
f 4528 4533 4529
f 4527 4530 4531
f 4528 4531 4532
f 4533 4536 4537
f 4530 4535 4531
f 4531 4536 4532
f 4537 4540 4541
f 4534 4539 4535
f 4536 4539 4540
f 4541 4544 4545
f 4539 4542 4543
f 4539 4544 4540
f 4544 4549 4545
f 4542 4547 4543
f 4544 4547 4548
f 4548 4553 4549
f 4547 4550 4551
f 4547 4552 4548
f 4552 4557 4553
f 4551 4554 4555
f 4552 4555 4556
f 4557 4560 4561
f 4554 4559 4555
f 4555 4560 4556
f 4560 4565 4561
f 4559 4562 4563
f 4560 4563 4564
f 4565 4568 4569
f 4562 4567 4563
f 4563 4568 4564
f 4569 4572 4573
f 4567 4570 4571
f 4568 4571 4572
f 4572 4577 4573
f 4570 4575 4571
f 4571 4576 4572
f 4576 4581 4577
f 4575 4578 4579
f 4576 4579 4580
f 4580 4585 4581
f 4578 4583 4579
f 4579 4584 4580
f 4584 4589 4585
f 4583 4586 4587
f 4584 4587 4588
f 4589 4592 4593
f 4586 4591 4587
f 4587 4592 4588
f 4592 4597 4593
f 4591 4594 4595
f 4592 4595 4596
f 4597 4601 4602
f 4594 4600 4595
f 4595 4601 4596
f 4602 4605 4606
f 4600 4603 4604
f 4601 4604 4605
f 4478 4598 4482
f 4482 4598 4486
f 4486 4598 4490
f 4490 4598 4494
f 4494 4598 4498
f 4498 4598 4502
f 4502 4598 4506
f 4506 4598 4510
f 4510 4598 4514
f 4514 4598 4518
f 4518 4598 4522
f 4522 4598 4526
f 4526 4598 4530
f 4530 4598 4534
f 4534 4598 4538
f 4538 4598 4542
f 4542 4598 4546
f 4546 4598 4550
f 4550 4598 4554
f 4554 4598 4558
f 4558 4598 4562
f 4562 4598 4566
f 4566 4598 4570
f 4570 4598 4574
f 4574 4598 4578
f 4578 4598 4582
f 4582 4598 4586
f 4586 4598 4590
f 4590 4598 4594
f 4594 4598 4599
f 4599 4598 4603
f 4606 4480 4481
f 4603 4479 4604
f 4604 4480 4605
f 4603 4598 4478
f 4615 4627 4628
f 4612 4626 4613
f 4611 4623 4624
f 4609 4621 4622
f 4618 4630 4631
f 4615 4629 4616
f 4613 4627 4614
f 4612 4624 4625
f 4609 4623 4610
f 4607 4621 4608
f 4619 4631 4632
f 4617 4629 4630
f 4622 4636 4623
f 4620 4634 4621
f 4632 4644 4645
f 4629 4643 4630
f 4628 4640 4641
f 4626 4638 4639
f 4624 4636 4637
f 4622 4634 4635
f 4631 4643 4644
f 4628 4642 4629
f 4626 4640 4627
f 4624 4638 4625
f 4635 4649 4636
f 4634 4646 4647
f 4644 4658 4645
f 4642 4656 4643
f 4641 4653 4654
f 4639 4651 4652
f 4636 4650 4637
f 4635 4647 4648
f 4643 4657 4644
f 4642 4654 4655
f 4640 4652 4653
f 4637 4651 4638
f 4648 4662 4649
f 4646 4660 4647
f 4658 4670 4671
f 4656 4668 4669
f 4653 4667 4654
f 4651 4665 4652
f 4649 4663 4650
f 4648 4660 4661
f 4656 4670 4657
f 4654 4668 4655
f 4653 4665 4666
f 4651 4663 4664
f 4661 4675 4662
f 4660 4672 4673
f 4670 4684 4671
f 4668 4682 4669
f 4667 4679 4680
f 4665 4677 4678
f 4663 4675 4676
f 4661 4673 4674
f 4670 4682 4683
f 4667 4681 4668
f 4665 4679 4666
f 4663 4677 4664
f 4675 4687 4688
f 4672 4686 4673
f 4684 4696 4697
f 4682 4694 4695
f 4679 4693 4680
f 4678 4690 4691
f 4676 4688 4689
f 4673 4687 4674
f 4683 4695 4696
f 4681 4693 4694
f 4678 4692 4679
f 4676 4690 4677
f 4688 4700 4701
f 4686 4698 4699
f 4696 4710 4697
f 4695 4707 4708
f 4692 4706 4693
f 4691 4703 4704
f 4688 4702 4689
f 4686 4700 4687
f 4695 4709 4696
f 4694 4706 4707
f 4692 4704 4705
f 4689 4703 4690
f 4701 4713 4714
f 4699 4711 4712
f 4710 4722 4723
f 4707 4721 4708
f 4705 4719 4706
f 4704 4716 4717
f 4701 4715 4702
f 4699 4713 4700
f 4709 4721 4722
f 4707 4719 4720
f 4705 4717 4718
f 4702 4716 4703
f 4713 4727 4714
f 4711 4725 4712
f 4723 4735 4736
f 4721 4733 4734
f 4719 4731 4732
f 4716 4730 4717
f 4715 4727 4728
f 4713 4725 4726
f 4721 4735 4722
f 4719 4733 4720
f 4717 4731 4718
f 4716 4728 4729
f 4726 4740 4727
f 4724 4738 4725
f 4736 4748 4749
f 4733 4747 4734
f 4732 4744 4745
f 4730 4742 4743
f 4728 4740 4741
f 4726 4738 4739
f 4735 4747 4748
f 4732 4746 4733
f 4730 4744 4731
f 4728 4742 4729
f 4739 4753 4740
f 4738 4750 4751
f 4748 4762 4749
f 4746 4760 4747
f 4745 4757 4758
f 4743 4755 4756
f 4740 4754 4741
f 4739 4751 4752
f 4747 4761 4748
f 4745 4759 4746
f 4744 4756 4757
f 4741 4755 4742
f 4753 4765 4766
f 4750 4764 4751
f 4762 4774 4775
f 4759 4773 4760
f 4758 4770 4771
f 4755 4769 4756
f 4753 4767 4754
f 4752 4764 4765
f 4760 4774 4761
f 4758 4772 4759
f 4757 4769 4770
f 4755 4767 4768
f 4765 4779 4766
f 4764 4776 4777
f 4774 4788 4775
f 4772 4786 4773
f 4771 4783 4784
f 4769 4781 4782
f 4767 4779 4780
f 4765 4777 4778
f 4774 4786 4787
f 4771 4785 4772
f 4769 4783 4770
f 4767 4781 4768
f 4779 4791 4792
f 4776 4790 4777
f 4788 4800 4801
f 4786 4798 4799
f 4783 4797 4784
f 4782 4794 4795
f 4780 4792 4793
f 4777 4791 4778
f 4787 4799 4800
f 4785 4797 4798
f 4782 4796 4783
f 4780 4794 4781
f 4792 4804 4805
f 4790 4802 4803
f 4800 4814 4801
f 4799 4811 4812
f 4796 4810 4797
f 4795 4807 4808
f 4792 4806 4793
f 4790 4804 4791
f 4799 4813 4800
f 4798 4810 4811
f 4796 4808 4809
f 4793 4807 4794
f 4805 4817 4818
f 4803 4815 4816
f 4814 4826 4827
f 4811 4825 4812
f 4809 4823 4810
f 4808 4820 4821
f 4805 4819 4806
f 4803 4817 4804
f 4813 4825 4826
f 4811 4823 4824
f 4809 4821 4822
f 4806 4820 4807
f 4817 4831 4818
f 4815 4829 4816
f 4826 4840 4827
f 4825 4837 4838
f 4823 4835 4836
f 4820 4834 4821
f 4819 4831 4832
f 4817 4829 4830
f 4825 4839 4826
f 4823 4837 4824
f 4821 4835 4822
f 4820 4832 4833
f 4830 4844 4831
f 4828 4842 4829
f 4840 4852 4853
f 4837 4851 4838
f 4836 4848 4849
f 4834 4846 4847
f 4832 4844 4845
f 4830 4842 4843
f 4839 4851 4852
f 4836 4850 4837
f 4834 4848 4835
f 4832 4846 4833
f 4843 4857 4844
f 4842 4854 4855
f 4852 4866 4853
f 4850 4864 4851
f 4849 4861 4862
f 4847 4859 4860
f 4844 4858 4845
f 4843 4855 4856
f 4851 4865 4852
f 4849 4863 4850
f 4848 4860 4861
f 4845 4859 4846
f 4857 4869 4870
f 4855 4867 4868
f 4866 4878 4879
f 4864 4876 4877
f 4862 4874 4875
f 4859 4873 4860
f 4857 4871 4858
f 4856 4868 4869
f 4864 4878 4865
f 4862 4876 4863
f 4861 4873 4874
f 4859 4871 4872
f 4869 4883 4870
f 4868 4880 4881
f 4878 4892 4879
f 4877 4889 4890
f 4874 4888 4875
f 4873 4885 4886
f 4871 4883 4884
f 4868 4882 4869
f 4878 4890 4891
f 4876 4888 4889
f 4873 4887 4874
f 4871 4885 4872
f 4883 4896 4897
f 4880 4895 4881
f 4892 4905 4906
f 4890 4903 4904
f 4887 4902 4888
f 4885 4900 4886
f 4884 4897 4898
f 4881 4896 4882
f 4891 4904 4905
f 4889 4902 4903
f 4886 4901 4887
f 4885 4898 4899
f 4897 4909 4910
f 4895 4907 4908
f 4905 4919 4906
f 4904 4916 4917
f 4901 4915 4902
f 4899 4913 4900
f 4897 4911 4898
f 4895 4909 4896
f 4904 4918 4905
f 4903 4915 4916
f 4901 4913 4914
f 4899 4911 4912
f 4910 4922 4923
f 4908 4920 4921
f 4919 4931 4932
f 4916 4930 4917
f 4914 4928 4915
f 4913 4925 4926
f 4910 4924 4911
f 4908 4922 4909
f 4918 4930 4931
f 4916 4928 4929
f 4914 4926 4927
f 4911 4925 4912
f 4922 4936 4923
f 4920 4934 4921
f 4931 4945 4932
f 4930 4942 4943
f 4928 4940 4941
f 4925 4939 4926
f 4924 4936 4937
f 4922 4934 4935
f 4930 4944 4931
f 4928 4942 4929
f 4926 4940 4927
f 4925 4937 4938
f 4935 4949 4936
f 4933 4947 4934
f 4945 4957 4958
f 4942 4956 4943
f 4941 4953 4954
f 4938 4952 4939
f 4937 4949 4950
f 4935 4947 4948
f 4944 4956 4957
f 4941 4955 4942
f 4939 4953 4940
f 4938 4950 4951
f 4948 4962 4949
f 4947 4959 4960
f 4957 4971 4958
f 4955 4969 4956
f 4954 4966 4967
f 4951 4965 4952
f 4949 4963 4950
f 4948 4960 4961
f 4956 4970 4957
f 4954 4968 4955
f 4953 4965 4966
f 4951 4963 4964
f 4962 4974 4975
f 4959 4973 4960
f 4971 4983 4984
f 4968 4982 4969
f 4966 4980 4967
f 4964 4978 4965
f 4962 4976 4963
f 4960 4974 4961
f 4969 4983 4970
f 4967 4981 4968
f 4966 4978 4979
f 4964 4976 4977
f 4975 4987 4988
f 4973 4985 4986
f 4983 4997 4984
f 4981 4995 4982
f 4979 4993 4980
f 4978 4990 4991
f 4976 4988 4989
f 4973 4987 4974
f 4983 4995 4996
f 4981 4993 4994
f 4978 4992 4979
f 4976 4990 4977
f 4988 5000 5001
f 4985 4999 4986
f 4997 5009 5010
f 4995 5007 5008
f 4992 5006 4993
f 4991 5003 5004
f 4989 5001 5002
f 4986 5000 4987
f 4996 5008 5009
f 4994 5006 5007
f 4991 5005 4992
f 4989 5003 4990
f 5001 5013 5014
f 4999 5011 5012
f 5009 5023 5010
f 5008 5020 5021
f 5005 5019 5006
f 5004 5016 5017
f 5001 5015 5002
f 4999 5013 5000
f 5008 5022 5009
f 5007 5019 5020
f 5005 5017 5018
f 5002 5016 5003
f 4893 4619 4632
f 4893 4632 4645
f 4893 4645 4658
f 4893 4658 4671
f 4893 4671 4684
f 4893 4684 4697
f 4893 4697 4710
f 4893 4710 4723
f 4893 4723 4736
f 4893 4736 4749
f 4893 4749 4762
f 4893 4762 4775
f 4893 4775 4788
f 4893 4788 4801
f 4893 4801 4814
f 4893 4814 4827
f 4893 4827 4840
f 4893 4840 4853
f 4893 4853 4866
f 4893 4866 4879
f 4893 4879 4892
f 4893 4892 4906
f 4893 4906 4919
f 4893 4919 4932
f 4893 4932 4945
f 4893 4945 4958
f 4893 4958 4971
f 4893 4971 4984
f 4893 4984 4997
f 4893 4997 5010
f 4893 5010 5023
f 5014 4609 4610
f 5012 4607 4608
f 5022 4619 5023
f 5020 4617 5021
f 5018 4615 5019
f 5017 4612 4613
f 5014 4611 5015
f 5012 4609 5013
f 4893 5023 4619
f 5021 4618 5022
f 5020 4615 4616
f 5018 4613 4614
f 5015 4612 5016
f 4481 5011 4606
f 5011 4602 4606
f 4998 4597 4602
f 4985 4593 4597
f 4593 4959 4589
f 4589 4946 4585
f 4585 4933 4581
f 4933 4577 4581
f 4577 4907 4573
f 4907 4569 4573
f 4894 4565 4569
f 4880 4561 4565
f 4561 4854 4557
f 4557 4841 4553
f 4553 4828 4549
f 4828 4545 4549
f 4545 4802 4541
f 4802 4537 4541
f 4789 4533 4537
f 4776 4529 4533
f 4529 4750 4525
f 4525 4737 4521
f 4521 4724 4517
f 4724 4513 4517
f 4513 4698 4509
f 4698 4505 4509
f 4685 4501 4505
f 4672 4497 4501
f 4497 4646 4493
f 4493 4633 4489
f 4489 4620 4485
f 4620 4481 4485
f 4 3 2
f 8 7 6
f 13 16 15
f 17 28 19
f 32 31 30
f 36 35 34
f 37 40 39
f 21 22 23
f 25 26 27
f 41 44 43
f 48 47 46
f 52 51 50
f 53 56 55
f 60 59 58
f 29 30 62
f 66 65 64
f 67 5 6
f 72 71 70
f 76 75 74
f 77 80 79
f 81 84 83
f 59 87 86
f 88 91 90
f 96 95 94
f 100 99 98
f 101 104 103
f 106 105 34
f 108 116 115
f 117 119 36
f 124 127 126
f 131 130 129
f 132 102 134
f 142 141 140
f 148 106 60
f 144 143 127
f 149 152 151
f 156 155 154
f 159 150 158
f 116 108 164
f 171 170 169
f 174 126 173
f 179 182 181
f 186 189 188
f 194 197 196
f 199 142 139
f 206 209 208
f 213 212 211
f 202 215 214
f 96 93 216
f 92 238 43
f 97 184 246
f 250 249 229
f 252 254 58
f 258 257 256
f 260 91 229
f 110 111 112
f 114 264 263
f 265 268 267
f 56 53 270
f 274 273 249
f 185 183 63
f 280 279 278
f 285 284 283
f 288 219 211
f 141 142 92
f 289 290 175
f 148 116 105
f 312 311 170
f 238 262 42
f 318 163 160
f 310 309 308
f 241 239 325
f 160 230 240
f 47 48 307
f 108 109 315
f 345 85 86
f 348 351 350
f 356 359 358
f 355 354 353
f 363 31 32
f 364 252 253
f 366 125 368
f 183 372 371
f 163 162 161
f 209 226 101
f 378 377 165
f 379 295 381
f 383 382 3
f 284 285 386
f 387 127 389
f 391 259 229
f 73 281 397
f 405 408 407
f 203 218 411
f 414 121 413
f 1 356 357
f 277 276 131
f 254 344 57
f 358 384 415
f 417 416 386
f 401 400 192
f 419 389 127
f 421 181 182
f 103 301 302
f 428 367 368
f 380 390 359
f 62 204 266
f 140 141 431
f 357 358 351
f 356 1 379
f 415 392 403
f 437 428 436
f 438 441 440
f 188 451 450
f 265 455 181
f 224 185 64
f 237 212 213
f 275 131 128
f 281 282 460
f 50 462 79
f 73 74 282
f 468 467 466
f 390 355 352
f 482 485 484
f 489 488 487
f 493 496 495
f 472 471 470
f 502 501 500
f 220 221 222
f 512 419 143
f 518 517 511
f 513 239 230
f 205 30 31
f 189 370 451
f 163 318 532
f 533 224 225
f 446 448 447
f 335 541 540
f 544 512 546
f 329 519 291
f 199 534 262
f 385 386 416
f 532 190 191
f 363 117 118
f 578 581 580
f 573 572 571
f 561 563 562
f 241 260 259
f 590 593 592
f 545 546 595
f 503 154 155
f 606 625 624
f 478 481 480
f 646 649 648
f 590 591 689
f 564 565 651
f 728 246 184
f 714 724 716
f 692 574 575
f 541 335 581
f 346 68 248
f 161 231 230
f 128 129 94
f 698 705 704
f 574 577 576
f 290 289 401
f 630 631 725
f 733 736 735
f 755 466 496
f 759 480 481
f 757 763 762
f 764 496 466
f 768 767 3808
f 759 760 488
f 492 474 475
f 474 770 769
f 773 468 465
f 771 774 486
f 484 485 775
f 774 776 489
f 495 496 764
f 495 757 761
f 137 397 784
f 325 239 797
f 165 519 51
f 369 32 29
f 730 731 568
f 90 302 301
f 243 118 516
f 800 734 806
f 817 815 808
f 816 808 823
f 306 303 447
f 815 810 809
f 829 830 828
f 726 725 501
f 274 427 424
f 879 882 881
f 884 883 879
f 219 218 217
f 906 905 904
f 455 204 205
f 898 882 830
f 903 900 880
f 377 291 519
f 923 949 948
f 946 947 951
f 3519 740 739
f 900 899 886
f 225 64 65
f 182 445 442
f 809 952 947
f 954 960 962
f 927 950 965
f 885 879 880
f 925 927 966
f 343 342 341
f 965 964 971
f 968 971 970
f 972 968 969
f 963 961 981
f 336 337 338
f 992 993 827
f 810 815 996
f 1007 1001 1002
f 1012 826 827
f 1011 1009 1007
f 294 293 292
f 907 908 920
f 1017 579 1019
f 1020 1023 1022
f 1035 1024 1020
f 1061 1060 1047
f 1063 1061 1046
f 1044 1020 1021
f 1102 1094 1097
f 1116 1126 1118
f 1016 1015 1014
f 881 897 904
f 816 1116 1127
f 1094 948 949
f 514 342 167
f 146 145 81
f 1133 1135 1130
f 1102 1133 1126
f 822 1126 1116
f 1145 1143 1148
f 1076 1144 1151
f 1148 1143 1086
f 1109 1097 1114
f 1154 1153 1156
f 1153 925 967
f 3464 3497 463
f 1144 1147 1152
f 1156 967 1163
f 1164 1162 1169
f 1145 1171 1176
f 1114 1115 1154
f 1183 1155 1164
f 1184 1183 1177
f 1069 1151 1062
f 1023 1191 1194
f 1162 1163 1170
f 1195 1184 1185
f 1183 1196 1176
f 1201 1063 1152
f 1061 1063 1201
f 3825 847 843
f 1203 1202 1195
f 1202 1201 1184
f 1218 1060 1203
f 1060 1061 1202
f 1225 1218 1217
f 671 695 694
f 1219 1217 1024
f 1217 1203 1034
f 1226 1014 1015
f 1243 1242 1234
f 1231 1230 1229
f 847 1243 1233
f 843 1233 1244
f 1233 1234 1245
f 1923 3761 233
f 2100 2108 499
f 3914 3864 2135
f 61 62 323
f 210 211 217
f 1299 1310 1309
f 3863 1230 1231
f 1066 1047 1321
f 1322 1321 1228
f 1060 1218 1321
f 1325 1324 1323
f 1244 1245 1332
f 1290 1234 1242
f 1337 1330 1339
f 1330 1332 1340
f 1341 1332 1245
f 1342 1340 1332
f 1343 1342 1341
f 1344 1341 1294
f 3857 3856 1345
f 1347 1348 1342
f 3856 3854 1295
f 1349 1350 1348
f 3861 1349 1347
f 3853 1347 1343
f 906 898 829
f 905 906 1353
f 865 1356 1355
f 1355 1353 829
f 1357 1355 825
f 1356 1354 1353
f 3834 1337 1338
f 866 1358 1356
f 1358 1359 1354
f 3828 878 1337
f 838 1362 1012
f 1363 1364 1338
f 1368 1363 1339
f 1348 1368 1340
f 1371 1369 3824
f 524 525 526
f 528 529 530
f 1372 1370 1369
f 535 536 537
f 1367 1368 1348
f 1370 1354 1359
f 1369 1359 3833
f 1373 910 903
f 555 556 557
f 1374 909 910
f 1373 904 905
f 1374 1373 1375
f 1375 905 1354
f 1378 920 908
f 376 373 651
f 1388 928 973
f 586 587 588
f 1390 1389 1388
f 1391 1388 969
f 597 598 599
f 600 601 602
f 1392 1391 970
f 608 609 610
f 612 524 523
f 614 615 616
f 617 618 25
f 620 621 622
f 1397 1390 1391
f 1398 1397 1392
f 1400 987 920
f 1402 1403 1165
f 636 637 638
f 930 1404 1402
f 641 642 643
f 929 1402 1169
f 1404 1405 1403
f 1411 1366 1365
f 1412 1406 1415
f 652 653 654
f 609 656 657
f 659 660 661
f 558 663 586
f 665 666 667
f 1413 1411 1406
f 1418 1416 3810
f 1417 1372 1371
f 1416 1371 3829
f 1419 1417 1416
f 1386 909 1374
f 677 678 679
f 1385 1386 1420
f 1420 1374 1376
f 685 686 687
f 1421 1420 1422
f 528 690 691
f 1422 1376 1372
f 1018 1019 747
f 699 700 701
f 1424 578 579
f 3663 1597 1767
f 700 699 711
f 1093 3746 3754
f 717 718 530
f 721 722 723
f 704 1650 3543
f 19 1429 1426
f 1429 1428 1427
f 1658 1659 3542
f 1439 1437 1434
f 1437 1436 1435
f 1426 1427 1433
f 1442 1431 1432
f 742 743 744
f 1432 1433 1441
f 751 752 753
f 1438 1434 1403
f 1446 1445 1444
f 1447 1448 1446
f 3860 1447 1443
f 1415 1367 1445
f 1414 1415 1446
f 2173 1683 469
f 777 778 779
f 780 781 782
f 1676 1693 1806
f 3859 1451 1349
f 789 790 791
f 745 792 793
f 652 794 795
f 1455 1458 1457
f 1454 1367 1350
f 610 691 802
f 3831 3816 698
f 1352 1044 1045
f 1015 1016 1459
f 811 812 813
f 2118 3815 3817
f 819 820 821
f 1466 1463 1194
f 1467 1468 1465
f 1182 1165 1468
f 832 812 833
f 835 836 837
f 1467 1466 1190
f 1469 1470 1444
f 840 700 712
f 1453 1470 1469
f 599 844 845
f 1226 1450 3849
f 851 852 853
f 855 744 856
f 858 859 860
f 861 862 863
f 1014 1226 3855
f 867 676 868
f 870 871 872
f 874 875 876
f 1310 1323 1471
f 1476 1433 1427
f 1461 1476 1475
f 887 888 889
f 788 791 892
f 894 895 896
f 1460 1475 1227
f 901 902 524
f 1465 1478 1477
f 1865 3503 3500
f 911 912 913
f 916 917 918
f 1850 3505 3507
f 921 922 895
f 1479 1435 1436
f 926 664 667
f 1481 562 563
f 269 1483 84
f 931 932 933
f 934 935 614
f 936 685 688
f 938 659 662
f 1484 270 122
f 941 942 835
f 320 321 509
f 1849 3510 3505
f 84 1483 1484
f 1487 1490 1488
f 1757 1758 3502
f 365 1492 1491
f 461 79 80
f 117 363 362
f 1494 540 541
f 926 601 957
f 1477 1441 1433
f 1709 1588 1585
f 119 117 1496
f 271 1497 504
f 511 517 189
f 345 1496 1492
f 57 344 299
f 1501 1499 268
f 267 268 1499
f 974 975 976
f 1678 1652 1693
f 3846 1682 1807
f 557 982 663
f 983 941 984
f 1443 1444 3849
f 421 1500 268
f 989 990 991
f 1490 1487 418
f 279 280 309
f 997 868 676
f 998 26 999
f 1504 418 38
f 1506 1508 1507
f 360 361 1508
f 1506 1486 207
f 939 1005 1006
f 270 1484 1483
f 66 63 546
f 1010 742 793
f 367 428 437
f 244 31 363
f 1670 3532 3534
f 209 206 1510
f 388 389 426
f 427 274 250
f 161 520 521
f 100 246 45
f 1025 1026 608
f 1029 1030 1031
f 939 662 1033
f 41 42 594
f 1036 780 783
f 702 701 1038
f 1040 1041 1042
f 362 32 369
f 187 1520 477
f 70 1487 539
f 1049 600 603
f 613 867 869
f 860 1050 1051
f 1005 1052 1053
f 753 1055 1056
f 1057 1058 1059
f 293 288 1522
f 288 212 1521
f 292 1522 1523
f 331 1507 1508
f 306 452 453
f 100 44 41
f 462 1524 78
f 330 331 1524
f 635 1067 1068
f 1485 1527 1526
f 206 1485 1528
f 1070 1071 1072
f 942 941 1073
f 916 933 1075
f 440 1529 1530
f 157 158 1514
f 1529 162 5
f 371 595 546
f 790 586 663
f 1077 858 857
f 1403 1434 1435
f 1080 1081 1082
f 531 520 1529
f 21 1083 1084
f 272 1532 1531
f 690 712 802
f 335 3571 3567
f 1090 1030 1029
f 1092 795 794
f 1533 396 137
f 661 660 1095
f 69 444 445
f 1099 1100 1101
f 38 39 1536
f 1104 1105 1106
f 852 1107 1108
f 1377 908 909
f 291 377 411
f 316 1536 516
f 539 1488 1533
f 1505 1536 316
f 1110 1111 1112
f 1539 1537 460
f 522 441 1537
f 834 837 1120
f 1122 1123 1124
f 612 1125 1041
f 935 793 615
f 276 278 130
f 1686 3549 3522
f 193 190 1541
f 231 521 1540
f 556 1037 982
f 365 253 85
f 190 532 318
f 1810 765 3574
f 3924 1867 3512
f 1132 983 985
f 208 101 102
f 1134 1033 662
f 1491 518 80
f 429 133 1542
f 1137 1138 915
f 172 436 428
f 1139 1140 1141
f 549 96 54
f 1517 1519 1518
f 834 1119 984
f 1543 513 286
f 1544 797 239
f 133 134 1544
f 506 361 257
f 420 327 328
f 1158 1159 1160
f 587 1104 1103
f 607 1161 1027
f 304 1546 1545
f 364 1491 77
f 69 70 198
f 700 840 1112
f 3877 626 3525
f 1166 719 657
f 1167 1168 858
f 1300 3523 3524
f 1172 1173 1174
f 218 203 200
f 1179 1180 1181
f 372 183 97
f 89 104 227
f 1186 1187 1188
f 172 173 1517
f 1482 84 81
f 1090 1192 1193
f 394 395 353
f 526 525 1198
f 1199 1200 1026
f 606 623 697
f 1204 1205 1206
f 1207 1208 523
f 1209 1210 867
f 914 913 685
f 1478 1436 1441
f 1029 1028 1161
f 1211 1212 1213
f 3858 1453 1451
f 844 1215 1216
f 423 193 273
f 1220 1221 1222
f 22 1223 1224
f 882 898 897
f 1519 1517 173
f 1189 1188 1232
f 349 350 550
f 1071 1235 1236
f 1237 1238 1239
f 1221 1186 1189
f 1510 1528 1512
f 939 1032 1241
f 1556 1530 5
f 1553 1554 394
f 404 1556 67
f 1247 1248 1249
f 142 199 238
f 1251 1067 635
f 850 1252 1253
f 1254 1167 1077
f 57 132 133
f 443 430 552
f 1187 1172 1175
f 1256 1070 831
f 432 405 382
f 741 748 747
f 434 350 351
f 349 432 383
f 251 124 1481
f 395 384 352
f 1518 1519 1550
f 1558 410 378
f 109 263 314
f 285 1514 1513
f 395 394 393
f 202 203 410
f 417 408 405
f 1246 1257 1258
f 3 1559 297
f 1259 1260 1261
f 403 404 347
f 955 954 953
f 462 50 51
f 1096 1095 687
f 429 147 60
f 896 1264 1265
f 1267 721 1268
f 423 424 327
f 37 179 180
f 20 23 1187
f 1256 1168 1071
f 1188 1175 1269
f 1236 1270 1271
f 1272 536 535
f 565 564 463
f 1273 792 745
f 876 1254 1255
f 316 33 164
f 437 1516 503
f 194 1494 1495
f 1275 1276 864
f 624 625 631
f 1277 1274 1137
f 569 568 567
f 1481 124 125
f 324 325 547
f 1279 1108 1107
f 1525 332 329
f 1281 1278 1137
f 171 168 1553
f 1488 73 396
f 1557 1561 1562
f 1282 856 1206
f 1053 1277 1278
f 778 777 607
f 713 583 3566
f 251 225 144
f 4 357 348
f 709 708 707
f 728 48 45
f 261 135 1563
f 789 1286 1287
f 74 314 263
f 403 284 385
f 1178 1181 1240
f 1223 1259 1289
f 1220 20 1186
f 296 1518 354
f 784 459 1538
f 1181 1180 1291
f 1269 1292 1257
f 1566 1538 438
f 136 784 1566
f 1563 1564 169
f 107 114 109
f 1297 1282 1298
f 1464 1477 1476
f 1520 187 507
f 1301 1302 1303
f 1306 1307 1308
f 175 456 1532
f 1532 456 200
f 1311 1266 1312
f 872 1314 1315
f 3836 843 878
f 1305 1308 864
f 1040 1275 863
f 1564 1566 399
f 592 1576 1575
f 591 1575 1088
f 1581 1584 1583
f 1196 1152 1147
f 710 582 583
f 285 407 408
f 953 954 961
f 1594 1592 1589
f 1585 1588 1587
f 1592 1591 1590
f 3885 945 944
f 1600 1599 1598
f 1604 1603 1602
f 1399 1392 979
f 1589 1590 1596
f 1610 1609 1608
f 298 257 361
f 551 552 276
f 1627 1626 3814
f 859 811 818
f 1078 857 1328
f 1555 439 1530
f 572 573 680
f 772 465 776
f 977 1281 918
f 404 403 392
f 1054 1331 750
f 1644 1645 1643
f 932 1265 1082
f 1067 1333 1334
f 1540 1539 264
f 597 1335 643
f 471 761 762
f 1642 696 3831
f 1644 1642 3842
f 923 946 950
f 96 549 548
f 520 531 522
f 445 444 443
f 849 839 848
f 480 759 755
f 1646 760 481
f 311 426 1567
f 464 463 3497
f 3497 1360 1361
f 234 237 236
f 190 193 192
f 153 154 152
f 231 287 286
f 1552 1553 1551
f 760 1646 1648
f 3832 1647 1649
f 828 827 826
f 52 167 166
f 1663 1662 1661
f 287 107 115
f 668 671 670
f 634 645 640
f 553 560 559
f 118 36 33
f 492 484 491
f 3552 1652 1651
f 582 589 584
f 384 395 392
f 1381 1382 1383
f 1562 1561 435
f 952 953 951
f 3529 3566 583
f 1660 1661 1667
f 1394 1395 1396
f 1660 1665 1664
f 1671 1670 1669
f 1624 1625 1673
f 1407 1408 1409
f 1677 1676 1675
f 1613 1679 1677
f 1679 1678 1676
f 1626 1681 3811
f 534 199 198
f 803 733 734
f 400 248 191
f 65 66 143
f 3526 1657 1656
f 402 159 157
f 629 628 627
f 461 477 49
f 758 757 495
f 796 787 786
f 406 407 1513
f 342 343 166
f 1694 1659 1658
f 1692 1687 1694
f 3557 1693 1652
f 3921 1704 1703
f 326 547 302
f 3916 3921 1702
f 3919 3918 1698
f 1699 1691 3927
f 1557 406 1560
f 1127 1116 1117
f 400 401 289
f 1706 1702 1707
f 1707 1702 1599
f 1709 1706 1708
f 1714 1712 1711
f 3919 3915 1709
f 1704 1711 1577
f 1716 1714 1713
f 1559 1562 1549
f 1722 1721 1720
f 1335 597 596
f 410 411 377
f 973 1170 1163
f 168 169 399
f 1571 682 1089
f 1572 681 682
f 749 646 647
f 1730 1724 1723
f 1594 1582 1729
f 1729 1723 1591
f 1384 1378 1377
f 1732 1731 1712
f 1724 1730 1731
f 1722 1724 1732
f 1721 1722 1733
f 1734 1733 1716
f 1735 1737 1736
f 1733 1732 1714
f 1663 1664 1741
f 1742 1665 1740
f 1738 1739 1737
f 1665 1660 1666
f 1665 1742 1744
f 1725 1726 1746
f 1591 1725 1745
f 1590 1745 1747
f 1745 1746 1748
f 1659 1688 3538
f 3287 1760 3545
f 1185 1177 1182
f 1664 1744 1749
f 1741 1749 1739
f 1746 1742 1743
f 1726 1744 1742
f 1115 924 1153
f 1654 3546 3575
f 1896 3562 3549
f 1720 1749 1744
f 1721 1739 1749
f 1750 1718 1701
f 1697 1736 1750
f 1151 1152 1063
f 1751 1752 1670
f 1695 1658 1752
f 961 962 986
f 1770 1769 1768
f 1766 1594 1593
f 1731 1759 1579
f 1579 1777 1774
f 3928 1772 1771
f 1764 1772 3928
f 1777 1776 1775
f 3762 3763 1699
f 1004 1127 1128
f 1774 1775 1771
f 987 1400 1399
f 1578 1774 1772
f 1783 1782 1781
f 1597 1598 1770
f 639 1878 3895
f 3928 3929 1769
f 1793 1792 1789
f 3929 3920 1798
f 3508 3516 3773
f 1802 1867 3924
f 1788 1790 1794
f 1793 1794 1795
f 3773 3772 1675
f 1584 1581 1783
f 1771 1797 3920
f 1801 1799 1798
f 1768 1769 1798
f 1775 1796 1797
f 508 514 515
f 1796 1803 1802
f 1800 1798 3920
f 1794 1805 1804
f 3532 1670 1752
f 485 1808 1807
f 3809 3844 1640
f 3837 3844 1810
f 485 482 1640
f 1690 1691 3770
f 487 488 1648
f 3839 1813 1816
f 3838 1811 1648
f 3839 1812 1811
f 1812 1809 487
f 1641 1809 767
f 465 466 755
f 767 1815 3823
f 3822 1816 3826
f 1809 1812 1815
f 3837 1653 1651
f 675 672 3541
f 1814 1649 1822
f 1821 1822 3821
f 1824 1822 1649
f 1827 1849 1850
f 1668 1669 1662
f 1779 1780 1848
f 1790 1827 1805
f 1833 1836 1853
f 3521 3506 693
f 1614 1615 1616
f 1852 1853 3498
f 1620 1621 1622
f 1855 1765 1574
f 1847 1852 3501
f 1766 1765 1855
f 1629 1630 1631
f 1633 1622 1634
f 1635 1636 1637
f 1848 1833 1852
f 1855 1861 1863
f 1803 1866 1867
f 1862 1863 1831
f 1782 1855 1862
f 3922 3924 1865
f 1873 1872 1870
f 1874 1869 799
f 2045 3878 3897
f 1219 1345 1295
f 1615 1614 1396
f 3884 3895 1877
f 645 3898 3786
f 1345 1219 1035
f 634 639 3884
f 15 1887 1327
f 3910 3895 1878
f 1894 604 605
f 3506 3551 627
f 3560 640 645
f 340 341 454
f 1897 194 195
f 1889 1882 1877
f 1901 94 129
f 196 749 754
f 1705 1704 3921
f 340 378 166
f 1570 1480 563
f 1904 1494 194
f 1781 1862 1832
f 1905 549 55
f 1000 994 995
f 986 919 920
f 1191 1185 1190
f 2094 2077 2075
f 1920 1921 1919
f 453 454 1912
f 1915 1919 1918
f 3882 2112 2106
f 1655 3575 3531
f 1916 1918 1926
f 704 3554 3561
f 278 1916 1925
f 3565 3564 1818
f 1097 949 1115
f 1927 1928 727
f 3578 3579 3654
f 1920 310 307
f 1929 307 48
f 503 504 1497
f 1902 1903 787
f 1816 1821 3820
f 1925 1926 1923
f 1535 1569 1568
f 254 252 258
f 1509 1497 366
f 119 86 35
f 219 288 293
f 141 46 47
f 542 205 244
f 1940 552 430
f 1779 1828 1827
f 1701 1710 3915
f 1661 3550 3515
f 270 53 754
f 197 1947 749
f 1727 1728 1212
f 53 54 232
f 1465 1468 1479
f 1284 3862 3854
f 1951 446 412
f 168 398 1554
f 1486 1485 206
f 506 77 78
f 994 1001 1007
f 951 953 963
f 1013 3859 3861
f 3826 3820 1820
f 1498 1909 1954
f 299 298 543
f 1754 1755 1756
f 1681 469 1683
f 1696 1694 1695
f 13 14 738
f 473 476 475
f 482 1641 768
f 204 62 30
f 1761 1762 820
f 611 1763 1125
f 1501 1503 1908
f 1074 1073 711
f 1960 1944 82
f 120 1956 1960
f 35 86 87
f 1773 1199 1025
f 1965 1545 1569
f 494 761 471
f 1966 1967 1969
f 446 1951 1971
f 174 368 125
f 1580 1579 1578
f 1785 1786 1787
f 1972 1546 304
f 1254 876 875
f 1973 341 342
f 321 1912 1973
f 1910 277 275
f 509 1973 514
f 1486 1507 1527
f 1974 1874 804
f 1977 1976 1974
f 1980 448 1966
f 379 1 2
f 1718 1715 1710
f 884 995 992
f 1680 1684 1678
f 902 990 525
f 344 255 256
f 135 138 137
f 448 446 1967
f 589 605 604
f 910 909 908
f 1981 1966 1968
f 1982 1981 1987
f 1988 1979 1987
f 1990 1988 1989
f 1991 1989 1993
f 322 321 320
f 992 828 830
f 1144 1076 1086
f 1995 1977 1978
f 1133 1129 1118
f 1997 1995 1994
f 870 1823 1335
f 805 806 1982
f 727 184 2000
f 1996 1994 1988
f 1994 1978 1979
f 1829 616 792
f 1830 1073 941
f 798 803 800
f 729 732 731
f 2011 2012 2023
f 1834 1835 846
f 402 283 284
f 2022 2023 2024
f 1838 718 989
f 810 955 952
f 1823 1839 1840
f 1430 1426 1432
f 1215 844 1841
f 1316 1208 873
f 2112 1401 1384
f 1842 1843 1844
f 1159 846 845
f 837 27 1846
f 1971 1951 2030
f 517 369 370
f 1471 2026 2027
f 3551 3525 626
f 2174 2175 770
f 935 934 1854
f 1613 1619 1611
f 1231 1228 1225
f 1856 1857 891
f 1300 1309 748
f 1150 1149 1858
f 1643 606 696
f 1215 1265 1264
f 1320 1860 902
f 1956 1943 1944
f 2031 668 669
f 2034 1325 1310
f 1879 1880 1656
f 40 245 242
f 1992 1993 2039
f 888 958 957
f 1882 1889 1996
f 1078 1138 1255
f 1871 912 1192
f 294 411 218
f 1323 2041 2026
f 123 1960 83
f 1324 2036 2041
f 384 358 359
f 1324 1325 2038
f 1883 1884 1885
f 287 1540 114
f 1096 1886 1134
f 915 1329 931
f 806 1980 1981
f 3533 3529 584
f 1425 2030 2042
f 1018 2042 1948
f 3562 1896 740
f 1948 2042 649
f 1881 1882 1990
f 1900 129 130
f 992 995 994
f 923 927 925
f 3878 2045 2047
f 1643 2048 625
f 2050 2052 2051
f 2045 1405 1404
f 3876 2047 945
f 1139 1080 1079
f 1037 1856 892
f 2055 2053 2057
f 1198 989 718
f 1619 2058 1612
f 2058 1605 1606
f 2059 2060 1607
f 2058 1619 1624
f 71 72 179
f 405 406 1557
f 322 1548 1972
f 2061 2052 2063
f 2066 2065 2067
f 2052 2061 2064
f 1609 1610 2066
f 1515 151 152
f 1009 827 993
f 1644 3843 3815
f 279 1915 1916
f 1285 3863 3862
f 1647 2066 1825
f 2056 2057 2067
f 319 320 1953
f 667 666 1913
f 2070 631 625
f 2052 2050 2055
f 2038 1654 1655
f 1606 1601 2073
f 1235 1917 1270
f 2072 2073 2075
f 2059 1606 2072
f 2074 2075 2077
f 1601 1602 2078
f 2049 2048 1643
f 1000 1004 1001
f 1089 943 684
f 1931 1286 1306
f 1462 1459 1021
f 1932 1933 1934
f 875 874 1846
f 1936 1051 1937
f 44 45 46
f 1534 1955 1956
f 1541 318 317
f 2081 2082 2084
f 146 1945 1959
f 1360 1941 1942
f 985 984 1032
f 1995 1997 1892
f 2079 2080 2082
f 2095 2096 2076
f 2081 2093 2078
f 2055 2050 2054
f 501 2096 2095
f 2097 2100 2099
f 2098 2099 2094
f 2140 2141 3893
f 2141 2046 3894
f 2051 2070 2048
f 592 2102 2101
f 2071 2064 2076
f 2102 2097 2098
f 593 2103 2102
f 1019 1895 746
f 1950 11 12
f 725 2071 2096
f 1385 2105 2104
f 1379 2104 2106
f 2107 2108 2100
f 3908 726 502
f 3896 502 499
f 940 1389 2109
f 928 929 1170
f 3868 590 684
f 1962 1963 1964
f 3878 680 573
f 2039 1993 1968
f 1389 1390 2110
f 1398 2111 2113
f 3757 3755 3753
f 3911 3883 2107
f 949 923 924
f 260 241 324
f 1390 1397 2113
f 2070 2051 2064
f 3867 3911 2103
f 2105 1385 1421
f 2114 1421 1423
f 3892 2114 2115
f 3908 2105 2114
f 554 2116 1902
f 972 1163 967
f 1765 1593 1573
f 1984 1985 1986
f 2053 2117 2069
f 3573 3556 724
f 1625 1677 1674
f 3881 3888 2119
f 3903 2115 2123
f 56 1954 1906
f 626 3877 3879
f 2001 2002 2003
f 3912 3841 2127
f 2006 2007 2008
f 2127 1413 1412
f 2014 2015 2016
f 2018 2019 2020
f 1495 1424 1947
f 1379 1377 1386
f 3814 3811 1680
f 2029 1885 1884
f 3902 2128 2120
f 629 3879 3914
f 682 683 943
f 724 1650 2121
f 1757 1819 3821
f 765 1810 3844
f 3851 714 715
f 706 707 3870
f 981 986 987
f 1457 1868 1656
f 2017 2016 2032
f 1458 1655 1868
f 1776 1777 1792
f 1959 1945 1946
f 3663 3715 3725
f 3913 3881 2122
f 1093 1089 689
f 966 965 968
f 3852 715 3881
f 2172 3577 2170
f 670 2138 2137
f 3761 787 1903
f 1429 19 28
f 964 963 978
f 3841 3813 1413
f 1473 1474 669
f 3834 3833 1359
f 2138 798 1870
f 1872 1473 2137
f 715 716 3888
f 1881 1991 1992
f 3843 3842 739
f 1837 1847 3513
f 253 58 59
f 1808 3837 3840
f 1647 3832 3818
f 3865 3866 671
f 2112 3882 3883
f 1405 2045 2044
f 3829 3824 1364
f 273 1541 391
f 576 632 3520
f 3875 3865 668
f 1430 1431 2140
f 2136 3850 3860
f 1430 2139 18
f 3893 3894 570
f 1442 1439 2046
f 1431 1442 2141
f 3869 3913 3850
f 3808 3823 1817
f 3866 3893 695
f 2142 2025 798
f 571 2143 2142
f 3819 3814 1618
f 2143 2022 2025
f 694 2142 2138
f 681 1572 2144
f 2144 2011 2022
f 328 210 457
f 1572 2010 2011
f 630 3892 3903
f 2085 2086 2087
f 2090 2091 2092
f 572 2144 2143
f 1875 1976 2153
f 1873 1875 2149
f 2103 2107 2097
f 2157 2043 2155
f 2128 1412 1414
f 3874 3871 589
f 3872 3870 628
f 2149 2153 2158
f 2159 2158 3905
f 698 3907 3902
f 3823 3847 3827
f 2158 2156 3874
f 1438 2044 2046
f 2035 2154 2160
f 2161 2160 3889
f 3871 3891 605
f 3873 17 18
f 370 29 61
f 649 1951 413
f 2153 2157 2156
f 1428 1429 1449
f 1490 76 73
f 3890 3905 710
f 2155 1891 3891
f 1456 1457 1880
f 2125 2088 2087
f 2160 2159 3890
f 300 1959 505
f 1064 1062 1046
f 2043 1892 1891
f 2129 2130 2004
f 2131 2132 2133
f 3848 3849 1450
f 1998 1975 804
f 3879 673 3864
f 474 492 490
f 1164 1165 1182
f 707 2162 3909
f 708 1472 2162
f 2162 2161 3886
f 548 549 1905
f 1145 1136 1114
f 705 2121 1650
f 2043 2157 1977
f 737 738 554
f 1034 1195 1191
f 458 1905 1907
f 195 196 232
f 2040 2039 1969
f 2145 2146 2147
f 2054 2050 2049
f 3832 1646 1639
f 9 12 11
f 252 364 506
f 472 478 479
f 1865 3924 3791
f 900 903 910
f 1941 2150 2151
f 1921 1928 1927
f 2163 1897 1898
f 271 156 153
f 1904 1326 12
f 282 263 264
f 1872 1873 2154
f 1326 1904 1897
f 628 692 693
f 1724 1722 1719
f 1549 1562 436
f 1582 1583 1730
f 1921 1920 1929
f 3563 3511 10
f 2152 2037 1950
f 475 772 774
f 769 2172 2171
f 2171 2165 476
f 476 773 772
f 1791 565 464
f 2166 2167 2168
f 595 371 372
f 483 1809 1641
f 762 2174 2173
f 771 483 484
f 486 487 1809
f 297 1549 1517
f 763 2175 2174
f 776 755 759
f 184 185 2176
f 412 447 303
f 2005 2176 185
f 3811 1681 1682
f 2164 2170 756
f 1472 2035 2161
f 950 951 964
f 2177 2178 2179
f 227 226 1510
f 2182 2183 2184
f 2186 2019 2018
f 1985 2182 2181
f 214 736 729
f 865 849 842
f 849 865 1357
f 559 3187 3188
f 16 13 737
f 560 553 498
f 3193 3196 3195
f 3200 3197 3198
f 3211 3214 3213
f 3215 3218 3217
f 2187 2188 2002
f 2169 2168 2189
f 2192 2086 2085
f 2193 2194 2195
f 2198 2199 2200
f 1998 1982 1979
f 3664 3665 3668
f 2116 1898 1903
f 1859 2006 2009
f 3904 2123 2126
f 1135 1148 1087
f 2201 2202 2015
f 1149 111 110
f 3221 3222 3218
f 2203 2204 2205
f 579 580 1895
f 1755 2207 2208
f 3891 3910 1893
f 1211 2151 2150
f 868 997 2210
f 944 945 930
f 2130 2129 2202
f 233 1903 1898
f 665 751 750
f 1167 1254 999
f 2211 2212 2213
f 2215 2216 2217
f 3867 593 590
f 2220 221 220
f 823 824 948
f 3225 3220 3227
f 266 204 455
f 3882 2108 2107
f 2221 2222 3519
f 2223 2224 2225
f 2207 2125 2124
f 673 674 3869
f 817 1000 996
f 2227 2228 2146
f 1947 1948 646
f 3900 2135 17
f 2229 1635 1638
f 1679 1613 1618
f 1637 2231 2232
f 2233 2234 1617
f 2231 2235 2236
f 1381 1638 2238
f 3586 2241 2242
f 1630 2234 2233
f 1681 1626 472
f 1408 1407 2243
f 3236 3239 3238
f 3232 3241 3240
f 1637 2230 2238
f 3237 3238 3233
f 1409 1408 1634
f 1380 1383 2247
f 1628 2248 2245
f 2249 1623 1622
f 1632 1634 1408
f 2248 1628 1631
f 2235 2231 1637
f 3245 3246 3199
f 631 2070 2071
f 515 167 52
f 782 781 2251
f 2253 2254 2255
f 397 281 459
f 1456 2039 2040
f 2040 2041 2036
f 1401 2112 2111
f 2041 2040 1970
f 1535 121 414
f 1586 1587 2080
f 2256 983 1132
f 1700 1699 3918
f 3815 1896 1686
f 1263 2256 1886
f 598 1841 844
f 2257 2258 2259
f 2258 2261 2262
f 2259 2262 2263
f 2260 2259 2216
f 1967 1971 1970
f 2212 1964 1963
f 922 921 2218
f 1312 1098 1101
f 1307 1306 1286
f 1548 1569 1546
f 2266 2267 2268
f 2265 2268 2270
f 2272 2265 2269
f 2273 2266 2265
f 2275 2276 2277
f 2278 2274 2277
f 2284 2285 3617
f 2287 2283 2286
f 2288 2289 2283
f 2290 2284 3639
f 2291 2292 2293
f 2295 2291 2294
f 2296 2297 2291
f 2297 2298 2292
f 2294 2293 2299
f 2279 2294 2300
f 2298 2301 2302
f 2292 2302 2303
f 2293 2303 2304
f 2304 2305 2306
f 2308 2309 2310
f 2302 2307 2310
f 2301 2311 2307
f 2312 2308 2307
f 2313 2314 2315
f 2318 2319 2320
f 3748 3771 2322
f 2324 2325 2273
f 2313 2324 2326
f 2328 2324 2313
f 2329 2325 2324
f 2331 2332 2333
f 2330 2333 2267
f 2325 2330 2266
f 2329 2331 2330
f 2333 2334 2335
f 2336 2334 2333
f 2338 2336 2332
f 2331 2339 2337
f 2329 2340 2339
f 2328 2341 2340
f 2316 2342 2341
f 2342 2316 2315
f 2344 2345 2346
f 2341 2344 2347
f 2342 2348 2344
f 2348 2349 2345
f 2350 2351 2352
f 2339 2350 2353
f 2340 2347 2350
f 2347 2346 2351
f 2337 2353 2354
f 2353 2352 2355
f 2356 2277 2276
f 2356 2357 2358
f 2356 2359 2296
f 2279 2277 2356
f 2360 2361 2270
f 2267 2335 2360
f 2362 2363 2364
f 2362 2365 2361
f 2366 2362 2358
f 2366 2367 2363
f 2357 2276 2368
f 2366 2368 2369
f 2276 2275 2370
f 2368 2370 2282
f 2372 2373 2374
f 2375 2376 2377
f 2378 2379 2380
f 2382 2378 2381
f 2384 2385 2378
f 2385 2386 2379
f 2388 2389 2390
f 2387 2390 2392
f 2393 2394 2387
f 2394 2395 2388
f 2186 2401 2402
f 2403 2404 2327
f 2272 2403 2326
f 2271 2405 2403
f 2405 2406 2404
f 2404 2407 2408
f 2409 2410 2411
f 2409 2412 2271
f 2413 2409 2269
f 2413 2414 2410
f 2417 2415 2416
f 2417 2418 2406
f 2412 2417 2405
f 2411 2415 2417
f 2406 2419 2407
f 3569 3520 632
f 2420 2398 2397
f 2420 2421 2423
f 2424 2420 2422
f 2424 2399 2398
f 2425 2391 2392
f 2421 2425 2426
f 2397 2396 2425
f 2396 2393 2391
f 2427 2314 2408
f 2430 2427 2428
f 2343 2315 2427
f 2432 2343 2430
f 2431 2430 2429
f 2435 2431 2433
f 2436 2432 2431
f 2428 2408 2407
f 2422 2437 2407
f 2438 2437 2422
f 2429 2428 2437
f 2440 2434 2433
f 2441 2439 2433
f 2442 2443 2439
f 2443 2444 2440
f 2445 2446 2444
f 2447 2445 2443
f 2383 2381 2445
f 2381 2380 2446
f 2448 2438 2423
f 2449 2448 2426
f 2441 2448 2449
f 2441 2429 2438
f 2449 2392 2390
f 2450 2390 2389
f 2447 2450 2451
f 2442 2449 2450
f 2451 2389 2453
f 2452 2453 2455
f 2382 2452 2454
f 2383 2451 2452
f 2456 2457 2373
f 2459 2460 2461
f 2463 2464 2465
f 2462 2465 2285
f 2466 2462 2284
f 2467 2463 2462
f 2461 2460 3703
f 2468 2469 2470
f 2472 2468 2471
f 2474 2461 3701
f 2475 2476 2477
f 2458 2455 2453
f 2479 2453 2389
f 2395 2480 2479
f 2480 2459 2458
f 2481 2482 2483
f 2484 113 2485
f 2471 2470 2464
f 2473 2471 2463
f 2487 2467 2466
f 2486 2466 2290
f 2490 2486 2488
f 2491 2487 2486
f 2492 2473 2467
f 2493 2492 2487
f 2494 2495 2492
f 2495 2472 2473
f 3690 2496 2474
f 3691 2497 2496
f 2498 2494 2493
f 2500 2498 2499
f 3700 3687 2498
f 3687 3691 2494
f 2306 2504 2278
f 2305 2505 2504
f 2504 2505 2507
f 2506 2507 2288
f 2274 2506 2508
f 2278 2504 2506
f 3633 3632 2489
f 3620 3633 2488
f 2507 2509 2289
f 2505 2510 2509
f 2508 2288 2287
f 2511 2287 2281
f 2370 2511 2280
f 2275 2508 2511
f 2512 2490 2489
f 2514 2512 2513
f 2517 2512 2514
f 2517 2491 2490
f 2499 2493 2491
f 2499 2517 2516
f 2510 2505 2519
f 2518 2519 2521
f 3616 2518 2520
f 3632 2510 2518
f 2522 2304 2303
f 2523 2522 2310
f 2305 2304 2522
f 2524 2522 2523
f 2519 2524 2525
f 2505 2305 2524
f 2308 2312 2527
f 2526 2527 2529
f 2531 2526 2528
f 2309 2308 2526
f 1214 2532 2151
f 2419 2406 2418
f 2533 2345 2349
f 2534 2533 2317
f 2535 2536 2533
f 2536 2346 2345
f 2537 2351 2346
f 2538 2537 2536
f 2539 2540 2537
f 2540 2352 2351
f 2312 2355 2541
f 2527 2541 2542
f 2543 2435 2434
f 2545 2543 2544
f 2319 2318 2543
f 2318 2436 2435
f 2514 2515 2548
f 2547 2548 2550
f 2552 2547 2549
f 2552 2516 2514
f 2520 2521 2554
f 2553 2554 2556
f 3590 2553 2555
f 3621 2520 2553
f 2523 2309 2531
f 2557 2531 2530
f 2525 2523 2557
f 2559 2557 2558
f 2554 2559 2560
f 2521 2525 2559
f 2561 2375 2007
f 2376 2562 2225
f 2564 2565 2566
f 2563 2566 338
f 2569 2563 2567
f 2570 2564 2563
f 2572 2573 2574
f 2571 2574 2576
f 2544 2571 2575
f 2544 2434 2572
f 2578 2570 2569
f 2579 2577 2569
f 2574 2577 2579
f 2573 2578 2577
f 2581 2582 2583
f 2584 2580 2583
f 3697 3675 2580
f 3676 2581 2580
f 2582 2516 2552
f 2583 2552 2551
f 2500 2501 2589
f 2590 2588 2589
f 3693 3695 2588
f 3695 3700 2500
f 2501 2516 2591
f 2592 2593 2594
f 2386 2385 2503
f 2596 2379 2386
f 2596 2374 2373
f 2599 2596 2597
f 2599 2380 2379
f 2600 2446 2380
f 2600 2599 2598
f 2603 2600 2601
f 2603 2444 2446
f 2604 2603 2602
f 2440 2604 2605
f 2444 2603 2604
f 2606 2582 2581
f 2606 2607 2590
f 2591 2516 2582
f 3676 2587 2456
f 3689 2456 2372
f 2478 2477 2608
f 2609 2610 2611
f 2564 2570 2613
f 2612 2613 2598
f 2457 2612 2597
f 2565 2564 2612
f 2614 2613 2570
f 2615 2614 2578
f 2602 2601 2614
f 2601 2598 2613
f 2572 2434 2605
f 2616 2605 2602
f 2573 2572 2616
f 1459 1016 1045
f 1265 1215 1079
f 1612 1608 1609
f 2067 2057 2069
f 1135 1109 1136
f 1938 1937 2618
f 95 548 458
f 2058 1607 1608
f 1454 1469 1445
f 655 2620 1048
f 722 1049 2621
f 1131 985 1033
f 562 1481 366
f 1723 1719 1725
f 1786 1123 1122
f 267 300 323
f 1325 2034 1654
f 1468 1165 1435
f 658 657 529
f 8 532 247
f 382 1557 1559
f 788 619 1307
f 940 930 929
f 911 2622 2623
f 2621 2620 655
f 2624 1857 2625
f 998 1846 27
f 635 638 2626
f 2627 641 644
f 2628 2627 1840
f 1200 1199 2627
f 1199 1773 641
f 1520 515 49
f 1452 1350 1349
f 2630 2631 1859
f 644 643 1335
f 1197 1198 717
f 2632 717 719
f 2628 2632 1166
f 2629 1197 2632
f 1762 2633 1050
f 1823 870 873
f 2634 2635 794
f 1042 794 2635
f 93 94 1901
f 2036 2038 1458
f 1527 332 1525
f 877 876 1274
f 134 409 797
f 1328 893 931
f 607 777 1091
f 1043 2635 2637
f 2636 2637 2639
f 1275 2636 2638
f 1275 1040 1043
f 1272 2624 2626
f 2640 2626 638
f 1110 2641 2640
f 536 1272 2640
f 1472 708 1474
f 2042 2030 1951
f 1058 1106 1105
f 2642 2623 2643
f 1192 2642 2644
f 912 2623 2642
f 3898 1657 3526
f 1049 1048 2620
f 616 1829 1885
f 1331 1913 666
f 990 989 1198
f 1911 1912 321
f 1298 1282 1205
f 76 1490 1504
f 1502 1500 421
f 610 609 658
f 1146 937 659
f 2646 911 914
f 1280 1239 1238
f 1453 1454 1452
f 835 942 1843
f 1271 1270 1173
f 1893 1878 1826
f 1050 2633 1937
f 2651 2652 814
f 1006 1053 1281
f 2653 1084 2654
f 1001 1004 1003
f 585 997 679
f 2624 1272 621
f 555 678 2028
f 1207 526 1197
f 1626 1627 478
f 426 389 419
f 1030 1193 1773
f 3898 645 634
f 534 1533 138
f 1125 1092 1042
f 333 228 88
f 569 1570 561
f 1489 2656 871
f 1857 2624 620
f 1673 1674 3770
f 622 861 864
f 619 788 891
f 261 544 545
f 393 1555 1556
f 2658 2659 2647
f 1075 2658 2657
f 1081 1080 2658
f 1080 1139 2659
f 2644 2643 1141
f 2660 1141 1140
f 642 2660 1336
f 1193 2644 2660
f 679 678 555
f 1503 1501 1500
f 1318 1317 1101
f 2661 2659 1139
f 2661 1142 2663
f 2662 2647 2659
f 2662 2663 2622
f 2664 2622 911
f 2648 2664 2646
f 2648 2647 2662
f 2083 2094 2093
f 1442 1440 1437
f 519 329 330
f 1885 2029 1209
f 799 800 805
f 1946 1943 1952
f 1302 1301 1253
f 566 2005 224
f 1389 940 928
f 683 682 681
f 836 835 1842
f 2665 1842 1845
f 2666 2665 1303
f 24 836 2665
f 831 1072 2650
f 1845 1844 1304
f 2010 2013 2012
f 1051 1936 2667
f 1522 1521 1511
f 531 440 441
f 1250 635 2625
f 2669 2625 1857
f 783 2669 1856
f 782 1250 2669
f 720 2670 2671
f 1055 1931 1930
f 1333 1067 1251
f 619 622 1308
f 652 655 2619
f 521 522 1539
f 1838 988 537
f 2672 537 536
f 1113 2672 2641
f 1113 527 1838
f 1016 1013 1351
f 3897 573 570
f 226 227 104
f 3564 3669 3827
f 1036 1037 1884
f 2674 1301 1304
f 2673 1304 1844
f 1334 2673 2675
f 1333 2674 2673
f 2676 702 1039
f 1843 2676 2675
f 942 1074 2676
f 1074 699 702
f 752 1057 1055
f 1200 1166 656
f 1120 1846 874
f 2677 874 877
f 1241 2677 1052
f 1119 1120 2677
f 1560 1513 151
f 1208 1316 611
f 215 735 736
f 1460 1459 1462
f 1208 1207 1839
f 854 856 1282
f 72 445 182
f 544 1563 1565
f 217 200 456
f 2047 1404 930
f 1204 2618 1937
f 913 777 686
f 840 527 1113
f 1531 729 730
f 2678 778 1283
f 601 667 1914
f 1537 1538 459
f 1819 1757 3509
f 991 1860 862
f 2679 711 1073
f 2680 1830 983
f 779 2680 2256
f 778 2678 2680
f 2678 2679 1830
f 180 542 245
f 1886 1132 1131
f 1138 1137 1274
f 1841 598 1140
f 75 313 314
f 193 423 420
f 2681 2682 1099
f 170 1567 1565
f 349 416 417
f 1121 1124 2684
f 547 797 409
f 123 122 121
f 2643 2663 1142
f 1542 1544 513
f 899 900 907
f 1210 677 676
f 791 663 982
f 24 27 837
f 893 896 932
f 1860 1320 863
f 535 538 862
f 1569 1548 1547
f 181 455 542
f 660 659 937
f 2013 567 568
f 887 890 2631
f 1524 1508 361
f 520 161 162
f 2653 855 854
f 1238 1237 2655
f 718 1838 527
f 1492 1493 518
f 792 616 615
f 599 846 1835
f 290 457 456
f 312 171 1552
f 1248 2687 1179
f 153 149 177
f 1240 1181 1222
f 1257 1292 1235
f 1291 1084 1083
f 1052 877 1277
f 743 742 2618
f 444 140 430
f 23 1224 1172
f 2687 2654 1180
f 102 103 409
f 1283 607 610
f 373 497 650
f 1180 2654 1084
f 855 2653 2655
f 1173 1270 1917
f 2689 850 853
f 2688 853 1108
f 2686 2688 1279
f 2687 2689 2688
f 2691 1302 1252
f 2690 1252 850
f 1248 2690 2689
f 1248 1247 2691
f 2692 617 24
f 2691 2692 2666
f 1247 1258 2692
f 1258 1168 617
f 394 1554 1555
f 2693 1260 1259
f 1072 1236 1262
f 1257 1071 1168
f 398 439 1555
f 871 1784 1314
f 1178 1232 1249
f 1224 1289 1173
f 1010 2617 2618
f 1175 1174 1292
f 2654 2687 2686
f 2694 1157 1216
f 71 418 1487
f 701 1112 1111
f 1072 1261 2649
f 1085 2695 22
f 895 2694 1264
f 1601 1606 1605
f 1259 1262 1271
f 21 20 1220
f 988 991 538
f 598 597 1336
f 1050 860 818
f 1298 2645 1761
f 1168 1167 618
f 858 1168 1256
f 39 242 516
f 2652 1761 819
f 313 316 315
f 2026 1970 1971
f 2656 1489 596
f 814 819 818
f 2696 2651 813
f 1260 2696 2649
f 2693 2697 2696
f 2697 1296 2651
f 381 355 390
f 3818 3819 1611
f 1475 1427 1428
f 1292 1174 1917
f 1551 353 354
f 1526 1525 1523
f 1593 1589 1595
f 1232 1269 1246
f 2695 2693 1223
f 2698 1297 1296
f 2698 2697 2693
f 2685 2698 2695
f 2685 854 1297
f 562 1497 271
f 2652 2651 1296
f 1365 1366 1364
f 1958 1946 1953
f 585 588 2210
f 1561 1560 1515
f 975 2648 1146
f 347 67 68
f 1038 1111 636
f 2700 781 780
f 2699 780 1036
f 2701 2699 1883
f 851 2700 2699
f 2674 1333 2251
f 2702 2251 781
f 1253 2702 2700
f 1301 2674 2702
f 1519 387 388
f 1273 1239 1280
f 2703 1280 1107
f 2701 2703 852
f 1829 1273 2703
f 91 260 326
f 1784 871 2656
f 2683 2684 2705
f 604 1894 3499
f 1669 3534 3548
f 2062 2063 2060
f 621 535 861
f 2023 731 732
f 686 779 1263
f 857 1051 2668
f 883 830 882
f 637 636 1111
f 2668 894 893
f 2667 921 894
f 1039 1038 1068
f 313 75 1504
f 1911 1972 305
f 1936 2706 1964
f 2707 2402 2401
f 2708 2707 2183
f 738 2163 2116
f 2349 2348 2432
f 2711 2712 2020
f 2400 2711 2019
f 2714 2715 2716
f 2717 2718 2719
f 2721 2722 2723
f 2726 2727 2728
f 2725 2728 2730
f 2731 2725 2729
f 2732 2726 2725
f 2734 2735 2736
f 2738 2739 2740
f 2737 2740 2741
f 2744 2745 2746
f 2745 2744 2748
f 2749 2750 2747
f 2753 2749 2751
f 2250 1380 2246
f 2754 1396 1614
f 3598 2754 2755
f 3608 2745 2747
f 1617 2756 2755
f 2242 2758 1620
f 2191 2085 2760
f 2761 2759 2760
f 3648 2759 2761
f 3623 2191 2759
f 3209 3248 3223
f 1395 1394 2236
f 1395 2235 1636
f 1616 1635 2229
f 1617 2234 2763
f 2756 2763 3628
f 2765 2763 2234
f 2766 2764 3628
f 3202 3199 3246
f 1516 437 435
f 2768 2769 3552
f 1495 541 578
f 2135 2136 28
f 3526 3540 2773
f 1690 1689 3926
f 2778 2779 2780
f 2777 2780 2781
f 2784 2778 2777
f 3555 3521 575
f 1494 1904 9
f 3529 2016 2015
f 451 61 505
f 2786 2787 2788
f 2779 2786 2785
f 2789 2752 2741
f 2790 2753 2752
f 2792 2793 2794
f 2793 2795 2796
f 2796 2797 2750
f 2794 2796 2749
f 2798 1393 1396
f 3591 2798 2754
f 2798 2799 2800
f 3591 3662 2799
f 2797 2796 2795
f 2791 2794 2753
f 216 233 232
f 3804 2806 2807
f 3805 2809 2804
f 2769 2810 3557
f 183 185 184
f 2811 2812 2775
f 2804 2811 2776
f 2809 2813 2811
f 2812 2811 2813
f 3805 2808 2816
f 3796 2818 2815
f 3798 3800 2820
f 3793 2823 2819
f 2824 2736 2735
f 2823 2825 2824
f 2825 2823 2826
f 3793 2822 2827
f 3796 2817 2826
f 2713 2716 2829
f 2828 2829 2831
f 2822 2821 2828
f 2821 2820 2713
f 2832 2827 2822
f 2833 2832 2830
f 2834 2835 2832
f 2835 2818 2827
f 2837 2838 2839
f 2836 2839 2841
f 2842 2836 2840
f 2843 2837 2836
f 2840 2841 2845
f 2718 2844 2845
f 2730 2728 2844
f 2727 2840 2844
f 2846 2845 2841
f 2829 2846 2847
f 2847 2841 2839
f 2848 2839 2838
f 2833 2848 2849
f 2831 2847 2848
f 2850 2814 2851
f 2853 2850 2852
f 2783 2777 2782
f 2785 2788 2853
f 2780 2785 2856
f 2857 2858 2855
f 2859 2857 2782
f 2861 2843 2842
f 2860 2842 2727
f 2862 2860 2726
f 2863 2861 2860
f 2861 2863 2858
f 2843 2861 2857
f 2856 2853 2854
f 2781 2856 2864
f 2837 2843 2859
f 2838 2837 2864
f 2852 2851 2834
f 2854 2852 2849
f 2865 2815 2818
f 2851 2865 2835
f 2813 2809 2815
f 2814 2813 2865
f 2866 2812 2814
f 2788 2866 2850
f 2866 2788 2787
f 2812 2866 2867
f 1892 1889 1890
f 2720 2719 2846
f 298 299 256
f 2872 2714 2713
f 3794 3800 2735
f 2729 2730 2874
f 2846 2716 2715
f 2876 2877 2878
f 2733 2875 2878
f 3806 3807 2879
f 3806 2880 2872
f 2882 2883 2884
f 2881 2884 2715
f 2880 2881 2714
f 2879 2882 2881
f 2885 2886 2887
f 2888 2889 2890
f 2885 2890 2892
f 2893 2886 2885
f 1942 2151 2532
f 2895 2892 2720
f 2884 2895 2870
f 2883 2896 2895
f 2896 2891 2892
f 2889 2874 2717
f 2890 2717 2720
f 2897 2893 2891
f 2898 2897 2896
f 2899 2898 2883
f 2900 2899 2882
f 3797 2900 2879
f 2876 2902 2901
f 2901 2902 2904
f 1785 2656 1835
f 2905 2906 2899
f 2907 2908 2897
f 3797 2901 2903
f 632 576 577
f 3532 3547 2867
f 434 385 550
f 2768 2770 3640
f 2910 2911 1623
f 2241 2912 2758
f 3640 2770 2913
f 1623 2911 2757
f 3587 2242 2757
f 2229 1381 1380
f 2765 1630 1629
f 2915 2914 1629
f 3642 3641 2914
f 3641 3622 2765
f 2919 2916 3642
f 2918 2915 2912
f 3614 2918 2241
f 3618 2919 3613
f 3541 2177 2180
f 3521 2002 2188
f 3705 3573 714
f 2925 2766 2917
f 2924 2917 2916
f 3610 2924 2919
f 3611 2925 2924
f 2926 2927 2766
f 3658 2926 2925
f 1715 1713 1705
f 785 497 498
f 1387 651 565
f 374 375 1899
f 3573 2203 2206
f 2929 2930 2886
f 2932 2933 2934
f 1905 1906 1908
f 2930 2935 2936
f 2938 2935 2930
f 1493 369 517
f 1603 1585 1586
f 2939 2938 2929
f 2940 2939 2908
f 3665 1707 1600
f 2886 2930 2937
f 2906 2907 2898
f 2908 2929 2893
f 2942 2934 2933
f 2941 2933 2937
f 3501 2941 2936
f 3498 2942 2941
f 2943 2944 2710
f 2943 2873 2874
f 2945 2943 2889
f 2946 2944 2943
f 2932 2945 2888
f 2931 2946 2945
f 727 1928 1929
f 2903 2904 2947
f 545 594 42
f 1480 1570 533
f 2907 2906 2949
f 2906 2905 2950
f 1558 452 215
f 3799 2903 2948
f 2054 1645 1644
f 3705 3684 2203
f 1828 1837 1849
f 2953 2954 2955
f 2952 2955 2957
f 2956 2261 2258
f 2953 2952 2258
f 2454 2455 2474
f 3747 2958 2959
f 3747 2132 2131
f 2961 2962 2963
f 2958 2963 2964
f 222 221 2485
f 2477 2226 2966
f 2631 2561 2006
f 2384 2454 2496
f 2967 2968 2959
f 2968 2967 2970
f 3759 2033 2971
f 3784 2971 2960
f 2972 2971 2033
f 2007 2377 2973
f 3560 3559 2134
f 1836 1833 1832
f 3506 2188 2090
f 955 810 959
f 672 675 674
f 633 710 713
f 2024 732 733
f 2025 2024 803
f 425 1552 1550
f 2975 2976 888
f 1319 1158 1157
f 1212 1935 2977
f 889 957 2228
f 1978 1974 1975
f 1138 1078 1329
f 751 665 2979
f 1619 1613 1625
f 2252 2255 1728
f 1157 1160 845
f 2706 1936 1938
f 2980 2255 2254
f 2982 2975 887
f 802 712 711
f 678 677 2029
f 527 840 690
f 1839 1207 2629
f 2983 2984 602
f 2983 1914 1913
f 2985 2983 1331
f 2986 2984 2983
f 2987 2637 2635
f 2985 2988 2639
f 2990 1319 1318
f 2991 2992 2993
f 2995 2991 2994
f 1106 1058 2991
f 1058 1057 2992
f 1415 1406 1365
f 1317 922 2217
f 1932 1728 2255
f 926 2998 2999
f 3001 2993 2992
f 3000 2992 1057
f 2999 3000 2978
f 2998 3001 3000
f 3002 2998 2209
f 3002 3003 2996
f 2993 3001 3002
f 1103 1106 2995
f 3004 2995 2996
f 2209 2210 3004
f 588 1103 3004
f 295 296 433
f 2638 2639 2988
f 3005 2988 1056
f 1305 3005 1930
f 1276 2638 3005
f 1987 1968 1993
f 2633 1762 1761
f 1423 1422 1417
f 3561 3517 739
f 2671 2670 2704
f 1473 1872 2035
f 922 1317 2694
f 1401 1400 1378
f 556 2028 1884
f 842 848 3825
f 1854 2706 2617
f 933 1082 1081
f 1440 1441 1436
f 529 657 719
f 1031 1025 1027
f 777 913 912
f 2645 1205 1204
f 441 438 1538
f 790 1287 587
f 2065 2066 1610
f 1860 991 990
f 60 106 87
f 1424 1017 1948
f 332 1527 1507
f 261 262 138
f 187 188 449
f 1719 1720 1726
f 1931 1055 1059
f 3006 1059 1105
f 1287 3006 1104
f 1286 1931 3006
f 3007 3008 3009
f 3009 3008 653
f 618 999 26
f 2029 677 1210
f 957 601 600
f 1049 2146 2228
f 2631 890 3011
f 890 889 2227
f 3011 2227 2145
f 2561 3011 3012
f 1026 656 609
f 2706 1854 1961
f 3013 2965 2485
f 2148 2147 1267
f 3015 1267 1266
f 2997 2264 1101
f 642 641 1773
f 186 477 461
f 1041 1040 1320
f 1121 3016 3017
f 2984 2986 2987
f 3018 2987 2634
f 1048 603 3018
f 603 602 2984
f 2679 2678 801
f 2062 2072 2074
f 2061 2074 2076
f 414 303 1545
f 3016 1121 2683
f 3019 2683 2704
f 3020 3019 2670
f 3007 3016 3019
f 1871 1090 1091
f 3021 1787 1122
f 3022 3021 3017
f 1314 3021 3022
f 1784 1787 3021
f 1316 1315 1763
f 3023 3022 3010
f 3023 3009 795
f 1763 3023 1092
f 1315 3022 3023
f 3016 3007 3010
f 752 751 2978
f 2986 2639 2637
f 3024 654 653
f 3020 3024 3008
f 720 723 3024
f 723 2621 654
f 2681 1098 1268
f 2671 3025 1268
f 2705 2681 3025
f 1313 3026 3027
f 3026 3028 3029
f 3027 3029 3030
f 1311 3027 3031
f 2012 568 731
f 917 2657 974
f 743 1206 856
f 1888 2027 2030
f 2682 2705 2684
f 3032 2684 1124
f 1100 3032 2989
f 1099 2682 3032
f 1123 2990 2989
f 3033 1834 1159
f 2990 3033 1158
f 1123 1786 3033
f 1786 1785 1834
f 1054 1056 2988
f 2979 665 664
f 2623 2622 2663
f 1095 660 688
f 3034 3035 2261
f 3036 3034 2956
f 3037 3038 3034
f 3038 3039 3035
f 3040 3041 3026
f 2263 3042 3041
f 3042 3039 3043
f 3041 3043 3028
f 3044 3045 3043
f 3046 3047 3045
f 3047 3048 3049
f 3043 3045 3049
f 3038 3037 3051
f 3050 3051 3053
f 3052 3046 3044
f 3039 3038 3050
f 3054 3035 3039
f 3042 2263 2262
f 2261 3035 3054
f 2216 2263 2997
f 2212 2211 2667
f 3056 868 2209
f 934 3057 1961
f 2013 3755 3757
f 3058 3059 3060
f 3059 3062 3063
f 3060 3063 2213
f 3061 3060 1963
f 3063 3064 2214
f 3062 3065 3064
f 3065 2257 2260
f 3064 2260 2215
f 3066 3067 3031
f 2608 2966 3067
f 2966 2562 3068
f 3031 3067 3068
f 2455 2458 2461
f 2476 2223 2226
f 3551 2090 2089
f 3526 2774 3769
f 433 354 355
f 2115 1423 1419
f 3509 2868 2922
f 3769 3737 2131
f 3069 2611 2167
f 2971 2972 2928
f 2961 2774 2773
f 3070 2475 2478
f 2610 2609 3071
f 2502 2371 2374
f 3072 2592 2595
f 2964 3046 3052
f 3048 2593 3074
f 2593 2592 3075
f 3075 3030 3029
f 3074 3029 3028
f 3072 3076 3075
f 3076 3072 2482
f 2481 2608 3066
f 3076 3066 3030
f 2967 3052 3053
f 2482 3072 3073
f 479 480 493
f 706 3900 3873
f 3561 2194 2221
f 2013 2010 3754
f 3533 2032 2016
f 3562 3519 2222
f 1171 1154 1155
f 2586 2566 2565
f 2982 110 113
f 2562 2376 3077
f 2376 2375 3012
f 3012 2145 2148
f 3077 2148 3015
f 2963 3047 3046
f 3051 3078 2970
f 1683 2173 491
f 3850 2122 1447
f 1986 2181 3734
f 3079 3080 2546
f 3081 3079 2575
f 1983 1986 3768
f 3082 2323 2319
f 3080 3082 2545
f 3734 3732 3082
f 3732 3748 2323
f 1309 1471 1888
f 3073 2595 2772
f 2760 3083 3084
f 2760 2085 2088
f 3085 3084 3086
f 3089 3085 3090
f 3089 2762 3084
f 3092 3088 3090
f 3093 2748 2744
f 2751 2747 2748
f 3093 2741 2752
f 2742 2741 3093
f 3094 3093 2743
f 3096 3097 3098
f 3099 3096 3087
f 3097 3094 3095
f 3100 2743 2746
f 3101 2927 3102
f 2764 2766 2927
f 2745 2764 3101
f 3102 3092 3091
f 3100 3091 3095
f 2869 2802 3592
f 3102 3103 3104
f 3658 2868 2869
f 2927 2926 3103
f 3098 3095 3091
f 3087 3098 3090
f 2088 2125 3105
f 3083 3105 3086
f 2483 3073 2771
f 2401 2186 2185
f 3099 3086 3105
f 2125 2207 3106
f 3108 2737 2742
f 3107 2742 3094
f 3110 3108 3107
f 3109 3107 3097
f 3111 3109 3096
f 3112 3110 3109
f 3113 2738 2737
f 3115 2723 2722
f 3117 3115 3114
f 3119 3117 3116
f 3118 3116 3120
f 3116 3114 3113
f 3122 3112 3111
f 3122 3123 1755
f 3124 3125 3126
f 3125 3118 3121
f 3128 3119 3118
f 3129 3128 3125
f 2020 2712 3128
f 3853 3857 1346
f 1065 1046 1047
f 1814 3838 3830
f 2021 2020 3129
f 3111 3099 3106
f 3123 3106 2207
f 2377 2225 2224
f 3014 2485 113
f 1756 2208 3782
f 3131 3132 2530
f 3133 3131 2528
f 1753 1756 3767
f 3134 3124 3127
f 2327 2408 2314
f 2436 2318 2317
f 2018 2021 3711
f 2534 3136 3137
f 2320 2322 3136
f 2185 2018 3712
f 3138 3139 2542
f 3134 3135 3744
f 3785 3130 3134
f 3140 3138 2539
f 2535 3137 3140
f 3711 2021 3130
f 2558 2530 3132
f 3782 3760 3141
f 2560 2558 3141
f 3760 3777 3142
f 958 888 2976
f 1933 1932 2980
f 2399 2424 2418
f 2348 2342 2343
f 2322 2320 2319
f 2718 2717 2874
f 2709 2729 2873
f 2894 2871 1361
f 346 289 176
f 1876 1877 1882
f 2802 2803 3607
f 3104 3144 3088
f 2974 2222 3649
f 3089 3145 2761
f 3088 3144 3145
f 2803 2974 3603
f 3870 3909 692
f 2123 1419 1418
f 1365 1363 1368
f 1581 1766 1782
f 3569 2202 2129
f 3555 2003 2002
f 3146 2585 2551
f 3751 3146 3147
f 3742 3149 3146
f 3149 2584 2585
f 3196 3198 3197
f 3604 2192 2191
f 3142 3150 2556
f 3777 3778 3150
f 3646 3152 2550
f 3150 3151 2555
f 3778 3780 3151
f 3788 3781 3152
f 3153 3147 2551
f 3152 3153 2549
f 3781 3776 3153
f 3776 3750 3147
f 3148 2767 2206
f 2183 2401 2321
f 2132 2960 2928
f 3684 3685 2204
f 3719 2198 2197
f 2594 2962 2773
f 2595 2594 2951
f 1870 798 799
f 3713 2179 2178
f 3706 2178 3736
f 336 3154 3774
f 339 3155 3154
f 3789 3683 3149
f 3683 3697 2584
f 2963 2962 3048
f 3722 3730 337
f 339 338 2566
f 3156 3157 2168
f 2610 3156 2167
f 2954 2953 3156
f 3157 3156 2953
f 3707 2166 2169
f 2567 3158 3159
f 337 3158 2567
f 3730 3069 2166
f 3764 2190 1983
f 2579 3160 3081
f 2568 3159 3160
f 3709 2169 2190
f 3065 3062 3162
f 3161 3162 1984
f 3157 3161 2189
f 2257 3065 3161
f 734 735 1922
f 3059 3058 2708
f 3163 2708 2182
f 3162 3163 1985
f 3062 3059 3163
f 3203 3206 3205
f 2122 2119 1448
f 3817 1686 1685
f 139 140 444
f 1570 569 566
f 2957 3164 3165
f 2955 3166 3164
f 1912 454 341
f 3130 3129 3124
f 1548 322 319
f 1949 1950 1327
f 2969 2970 3078
f 3167 3078 3169
f 3724 2014 2017
f 3720 2017 2033
f 3168 3169 3165
f 3170 3165 3164
f 3779 3170 3171
f 3724 3168 3170
f 3171 3164 3166
f 3172 3166 3071
f 3752 3172 3173
f 3756 3171 3172
f 3169 3037 3036
f 2593 3048 2962
f 3173 3071 2609
f 3174 2609 2199
f 3783 3174 2198
f 3749 3173 3174
f 2190 2189 1984
f 2196 2195 2767
f 2119 2120 1414
f 1464 1463 1466
f 2199 2611 3069
f 2457 2456 2587
f 2226 2225 2562
f 481 478 1627
f 333 1512 235
f 3078 3051 3037
f 3040 2264 2997
f 2219 1934 1933
f 2385 2384 2497
f 221 2220 3175
f 2220 1933 3143
f 3175 3143 2976
f 2484 3175 2975
f 2954 3071 3166
f 2630 1858 110
f 1547 319 1952
f 2091 2090 2188
f 3733 3736 2178
f 1918 1919 1927
f 3563 112 111
f 955 956 960
f 2037 3014 112
f 3143 2980 2981
f 2218 2211 2214
f 672 3877 3787
f 2152 3013 3014
f 1147 1144 1143
f 2248 2246 1409
f 1615 1636 1635
f 1410 1409 2246
f 3241 3243 3242
f 1382 3176 3177
f 3177 1410 2247
f 2247 1383 3177
f 3176 2238 2230
f 1410 3177 3179
f 3179 3180 2243
f 1633 3181 2800
f 1621 1620 2758
f 1622 1621 2245
f 2236 1394 3181
f 2237 2236 3182
f 2250 1631 2233
f 2912 1629 1628
f 135 136 1564
f 1567 419 512
f 1085 1084 2653
f 3184 869 868
f 869 3184 3057
f 1266 1268 1098
f 1267 2147 722
f 937 1146 2646
f 2146 1049 722
f 2211 2218 921
f 1957 510 507
f 1313 1312 2264
f 1496 362 1493
f 2887 2937 2933
f 1687 1688 1659
f 145 1499 1498
f 37 38 418
f 1935 1934 3185
f 104 89 301
f 2101 2098 2083
f 543 298 360
f 1934 2219 3186
f 234 1521 212
f 3845 3821 1822
f 1976 1875 1874
f 223 3186 2219
f 3655 3656 3605
f 2165 2164 467
f 467 468 2165
f 773 476 2165
f 1935 1212 1728
f 3240 3225 3226
f 3261 3249 3250
f 3215 3216 3244
f 3265 3221 3215
f 3267 3245 3198
f 3205 3206 3269
f 3214 3211 3265
f 3271 3213 3214
f 3251 3252 3239
f 3222 3221 3266
f 3232 3235 3234
f 3216 3242 3243
f 3196 3193 3268
f 3244 3243 3254
f 3238 3239 3247
f 3264 3244 3255
f 3253 3242 3216
f 3211 3266 3221
f 3257 3217 3218
f 3258 3222 3272
f 3274 3275 3280
f 3228 3229 3262
f 3275 3231 3281
f 3226 3227 3273
f 3236 3263 3260
f 3281 3263 3236
f 3287 3271 3192
f 3235 3226 3280
f 3234 3280 3281
f 3288 3290 3259
f 3260 3250 3276
f 3289 3212 3278
f 3210 3209 3224
f 3199 3202 3201
f 3228 3231 3230
f 3290 3288 3285
f 3282 3279 3271
f 3260 3263 3262
f 3243 3241 3268
f 3267 3268 3241
f 3194 3207 3208
f 3191 3270 3269
f 3270 3191 3192
f 3275 3274 3230
f 3264 3269 3270
f 3252 3251 3276
f 3248 3252 3291
f 3213 3271 3279
f 3272 3266 3289
f 3277 3278 3212
f 3228 3263 3281
f 3220 3225 3253
f 3219 3253 3217
f 3256 3218 3222
f 3247 3239 3252
f 3245 3267 3232
f 3266 3211 3212
f 3208 3205 3255
f 3288 3289 3284
f 3204 3205 3208
f 560 1899 3187
f 3209 3210 3201
f 3189 3192 3191
f 448 1980 807
f 647 648 122
f 1833 1848 1780
f 510 509 508
f 3210 1949 1887
f 1887 15 3200
f 15 16 3197
f 16 3188 3195
f 3195 3188 3187
f 3194 3187 1899
f 3207 1899 375
f 387 173 126
f 3189 1791 1760
f 3577 763 757
f 763 3577 2172
f 3583 3582 3580
f 3581 3580 3579
f 3594 3597 3596
f 3400 3601 3602
f 3626 3624 3625
f 3631 3635 3599
f 3636 3637 3595
f 3647 3584 3588
f 3650 3582 3584
f 3653 3579 3580
f 3653 2176 3654
f 1801 1864 3656
f 3651 3580 3582
f 3644 3638 3595
f 1767 1768 3659
f 1597 3663 3661
f 1708 1707 3665
f 3671 3668 3667
f 3666 3667 3673
f 1588 1708 3664
f 2080 3671 3666
f 2082 3666 3672
f 3674 3677 3635
f 3677 3678 3636
f 3682 3647 3645
f 3692 3651 3650
f 3681 3645 3644
f 786 3694 3692
f 3694 3653 3651
f 785 3692 3686
f 497 3686 3682
f 650 3682 3681
f 3696 564 3681
f 3405 3606 3605
f 3702 3699 3678
f 3699 3698 3679
f 3645 3588 3638
f 1799 3657 3659
f 3708 3704 3458
f 3462 3710 3708
f 3714 463 564
f 3615 3606 3602
f 3710 3714 3696
f 3635 3636 3596
f 3629 3626 3627
f 3597 3600 3599
f 3630 3716 3715
f 3627 3625 3597
f 3717 3716 3723
f 3715 3663 3660
f 3716 3717 3725
f 3668 3665 3661
f 3668 3725 3717
f 3667 3717 3718
f 3727 3728 3673
f 3728 1576 3672
f 3726 3727 3718
f 1576 2101 2084
f 3727 3726 3731
f 3203 376 1387
f 3190 1387 1791
f 3283 2152 1949
f 317 240 259
f 2000 2176 3653
f 3601 3599 3600
f 3589 3588 3584
f 3577 758 756
f 3585 3584 3582
f 3678 3679 3637
f 3204 375 376
f 1801 3655 3657
f 3729 3735 3728
f 1575 3735 3738
f 3735 1575 1576
f 1776 1795 1796
f 1293 1294 1290
f 1326 14 1327
f 1294 1245 1234
f 878 1244 1330
f 497 373 374
f 122 648 413
f 3699 3702 3704
f 3606 3405 3401
f 3708 3710 3698
f 3464 3714 3710
f 3704 3674 3443
f 439 398 399
f 1512 1528 1526
f 1668 1741 1738
f 839 849 1362
f 1362 1357 826
f 3843 740 1896
f 2053 2054 2118
f 3888 3887 2120
f 696 697 3816
f 1826 1878 639
f 3740 3739 3729
f 956 885 886
f 1980 806 1922
f 33 34 105
f 1343 1344 3856
f 3907 2127 2128
f 1766 1581 1582
f 14 1326 2163
f 595 98 99
f 3233 3238 3246
f 1346 1035 1044
f 748 1888 1425
f 3193 3208 3254
f 3190 3191 3206
f 3612 3605 3606
f 3624 3612 3615
f 3631 3415 3443
f 3679 3680 3644
f 3686 3650 3647
f 3702 3677 3674
f 3625 3615 3600
f 3601 3400 3415
f 3739 3738 3735
f 3630 3627 3594
f 3741 3723 3716
f 1284 1290 1288
f 3698 3696 3680
f 1778 1781 1780
f 1792 1759 1584
f 695 570 571
f 3638 3741 3594
f 3741 3638 3588
f 3247 3248 3209
f 3292 3293 3294
f 3296 3297 3298
f 3299 3298 3300
f 3302 3303 3304
f 3306 3307 3308
f 3307 3310 3311
f 3303 3302 3301
f 3312 3305 3304
f 3314 3315 3316
f 3318 3319 3320
f 3324 3318 3321
f 3326 3327 3328
f 3329 3330 3331
f 3333 3334 3335
f 3337 3338 3339
f 3333 3336 3341
f 3342 3341 3343
f 3319 3345 3344
f 3338 3335 3334
f 3346 3301 3302
f 3305 3348 3347
f 3312 3224 3223
f 3350 3337 3340
f 3312 3349 3348
f 3352 3343 3341
f 3311 3353 3354
f 3341 3336 3327
f 3359 3360 3361
f 3360 3359 3250
f 3318 3363 3345
f 3364 3363 3318
f 3314 3364 3324
f 3366 3299 3301
f 3299 3366 3367
f 3308 3354 3368
f 3369 3317 3295
f 3317 3369 3364
f 3370 3295 3317
f 3325 3371 3365
f 3352 3320 3319
f 3296 3367 3353
f 3297 3296 3311
f 3363 3368 3354
f 3345 3354 3353
f 3344 3353 3367
f 3366 3333 3342
f 3347 3339 3334
f 3339 3347 3348
f 3348 3349 3351
f 3363 3364 3369
f 3294 3309 3368
f 3293 3306 3309
f 3331 3373 3374
f 3346 3334 3333
f 3323 3322 3352
f 3356 3355 3321
f 3355 3357 3325
f 3357 3358 3371
f 3322 3356 3320
f 3361 3330 3329
f 3373 3372 3375
f 3374 3375 3376
f 3329 3332 3376
f 3327 3375 3372
f 3336 3335 3375
f 3335 3338 3376
f 3376 3338 3337
f 3337 3350 3359
f 3359 3350 3276
f 3377 3292 3295
f 3277 3316 3315
f 3371 3378 3379
f 3378 3371 3358
f 3365 3379 3315
f 3316 3277 3279
f 3282 3377 3370
f 3313 3283 3224
f 3378 3285 3284
f 3380 3286 3285
f 3379 3284 3278
f 3276 3350 3351
f 3291 3351 3349
f 3313 3304 2965
f 2965 3304 3303
f 222 3303 3300
f 223 3300 3298
f 3298 3297 3185
f 3297 3310 2977
f 3310 3307 1213
f 3307 3306 1214
f 2532 1214 3306
f 2894 2532 3293
f 2871 2894 3292
f 3253 3225 3240
f 3283 3313 3013
f 1997 1996 1889
f 1237 745 744
f 1535 1534 120
f 1531 1532 201
f 1119 1241 1032
f 946 948 824
f 163 8 5
f 3589 3726 3723
f 1155 1156 1162
f 427 213 327
f 553 1902 796
f 3381 2232 2231
f 3381 3178 2230
f 2237 3183 3180
f 3383 3384 3385
f 3384 3386 3387
f 3386 3388 3389
f 3388 3390 3391
f 3392 3393 3394
f 3395 3394 3396
f 3398 3399 3397
f 3400 3401 3399
f 3403 3404 3405
f 3406 3407 3404
f 3408 3409 3407
f 3410 3411 3409
f 3412 3413 3411
f 3415 3400 3398
f 3414 3398 3396
f 3416 3396 3394
f 3417 3394 3393
f 3393 3419 3420
f 3419 3390 3421
f 3390 3388 3422
f 3388 3386 3423
f 3386 3384 3424
f 3384 3383 3425
f 3425 3383 3426
f 2904 3427 3428
f 3429 3427 2904
f 3430 3429 2902
f 2875 3431 3430
f 3432 3433 2733
f 2825 3434 3435
f 3437 3438 3439
f 3441 3437 3436
f 2724 2723 3434
f 3436 3439 3115
f 3440 3436 3117
f 3443 3415 3414
f 3442 3414 3416
f 3444 3416 3417
f 3445 3417 3418
f 3446 3418 3420
f 3420 3421 3448
f 3421 3422 3449
f 3422 3423 3450
f 3423 3424 3451
f 3424 3425 3452
f 3425 3184 3056
f 3451 3452 2253
f 3450 3451 2252
f 3449 3450 1727
f 3448 3449 2150
f 3453 3447 3448
f 3454 3446 3447
f 3455 3445 3446
f 3456 3444 3445
f 3442 3444 3456
f 3443 3442 3457
f 3459 3460 3458
f 3457 3456 3455
f 3459 3455 3454
f 3462 3460 3459
f 3461 3454 3453
f 3464 3462 3461
f 3463 3453 1941
f 3404 3399 3401
f 3407 3397 3399
f 3409 3395 3397
f 3411 3392 3395
f 3465 3466 3413
f 3467 3468 3469
f 3465 3412 3431
f 3470 3467 3466
f 3438 3470 3432
f 3467 3470 3438
f 3468 3467 3437
f 3471 3469 3468
f 3472 3468 3441
f 3473 3441 3440
f 2712 3440 3119
f 3475 3471 3472
f 3474 3472 3473
f 3476 3473 2712
f 3477 3476 2711
f 3478 3474 3476
f 3479 3475 3474
f 3392 3411 3413
f 3466 3469 3480
f 3419 3393 3392
f 3390 3419 3480
f 3469 3471 3391
f 3389 3391 3471
f 3387 3389 3475
f 3385 3387 3479
f 3482 3477 2400
f 3483 3478 3477
f 3481 3479 3478
f 3484 3482 2402
f 3058 3484 2707
f 3061 3485 3484
f 3485 3483 3482
f 3382 3385 3481
f 3486 3481 3483
f 3426 3383 3382
f 3487 3382 3486
f 3486 3485 3061
f 1961 3057 3487
f 3057 3184 3426
f 3428 3403 3402
f 3427 3406 3403
f 3429 3408 3406
f 3430 3410 3408
f 3431 3412 3410
f 3470 3465 3433
f 3434 3439 3438
f 2723 3115 3439
f 2875 2733 3433
f 2736 2824 3435
f 2947 3428 3488
f 3464 3463 1360
f 1900 1925 1924
f 1736 1717 1718
f 1955 1952 1943
f 1671 1738 1735
f 1696 1750 1698
f 1800 1865 1864
f 2063 2055 2056
f 1737 1734 1717
f 1751 1735 1697
f 943 3885 3899
f 3656 3488 3402
f 1577 1578 1764
f 3917 1598 1599
f 1945 146 82
f 68 6 7
f 147 1542 1543
f 1109 1135 1133
f 1503 1910 1907
f 1499 1501 1909
f 452 1922 735
f 1824 2068 3835
f 1825 2067 2068
f 1463 1462 1022
f 841 1012 1009
f 1568 1547 1955
f 1910 1503 1502
f 1939 1502 422
f 309 280 1940
f 1804 1851 1866
f 269 1482 1954
f 2065 1607 2060
f 3812 1685 1758
f 280 276 552
f 1875 1873 1869
f 1739 1721 1734
f 1778 1779 1790
f 310 1920 1915
f 1909 1908 1906
f 1789 1783 1778
f 978 981 980
f 1584 1759 1731
f 425 426 311
f 148 1543 115
f 2044 3897 3894
f 277 1910 1939
f 1943 1946 1945
f 1461 1462 1463
f 2253 3452 3056
f 2981 2254 3489
f 2209 2998 3489
f 2254 2253 3055
f 2998 926 958
f 2826 2817 2721
f 3490 2739 2721
f 2816 3491 3490
f 2334 2297 2296
f 2298 2297 2334
f 2301 2298 2336
f 2311 2301 2338
f 2312 2311 2354
f 2359 2358 2361
f 2335 2296 2359
f 2414 2413 2365
f 2413 2270 2361
f 2355 2352 2540
f 2541 2540 2539
f 2722 2721 2739
f 3114 2722 2738
f 3110 3112 3121
f 3108 3110 3120
f 3122 1754 3127
f 3112 3122 3126
f 3127 1754 1753
f 3139 3133 2529
f 3744 3775 3133
f 3490 2789 2740
f 3491 2790 2789
f 228 229 91
f 245 244 243
f 248 7 247
f 2 297 296
f 145 146 300
f 327 213 210
f 329 332 331
f 239 241 240
f 373 376 375
f 178 177 176
f 1218 1225 1228
f 3862 1231 1295
f 808 809 824
f 3858 3859 1013
f 3813 3810 1411
f 2154 2149 2159
f 3845 3835 1758
f 306 807 1922
f 2157 2153 1976
f 708 709 2031
f 1450 1226 1227
f 1672 1604 1605
f 1813 1814 1821
f 1717 1716 1715
f 176 159 402
f 1710 1705 3916
f 1712 1580 1577
f 1705 1713 1711
f 971 978 979
f 822 823 1094
f 2909 2810 2793
f 2810 2769 2795
f 2799 2910 2249
f 3662 3643 2910
f 2769 2768 2801
f 3177 3176 3178
f 3178 3381 3180
f 3181 1394 1393
f 3181 1633 1632
f 3182 1632 2244
f 3183 2244 2243
f 3492 2791 2790
f 2808 3492 3491
f 2239 3574 3572
f 1149 1150 3571
f 1150 2009 3567
f 2202 3569 3566
f 2921 3564 3565
f 3568 3560 2133
f 1777 1579 1759
f 1201 1196 1183
f 3561 3554 2195
f 3553 3576 2770
f 3927 3925 1687
f 1516 152 154
f 3549 3562 2974
f 3550 3548 2779
f 2771 2772 3575
f 3070 2771 3546
f 3547 3544 2775
f 1376 1375 1370
f 2767 3543 3556
f 2195 3554 3543
f 2775 3544 3542
f 3377 3282 3545
f 3804 3802 3539
f 2776 3542 3538
f 2240 3572 3535
f 2920 3535 3669
f 3548 3534 2786
f 1805 1850 1851
f 3534 3532 2787
f 2951 2773 3540
f 2772 2951 3531
f 2973 2224 3530
f 2224 2223 3537
f 1957 1953 320
f 306 305 304
f 2770 3576 3528
f 2913 3528 3574
f 2923 3565 3527
f 308 1940 431
f 207 208 132
f 1879 1876 1881
f 3733 3787 3525
f 2475 3070 3558
f 2476 2475 3524
f 2223 2476 3523
f 3522 3549 2803
f 2037 3563 11
f 1959 1958 450
f 2003 3555 3520
f 9 10 334
f 2009 2008 3518
f 2008 2973 3536
f 3877 672 673
f 3515 3550 2778
f 2935 3514 3513
f 111 1149 3570
f 3510 3514 2935
f 683 3876 3885
f 3508 3557 2810
f 736 733 732
f 1795 1804 1803
f 3505 3510 2938
f 3507 3505 2939
f 2950 3512 3504
f 2940 2949 3504
f 3801 3791 3512
f 2868 3509 3502
f 2869 3502 3522
f 1024 1034 1023
f 3500 3503 2948
f 551 1939 442
f 2972 3499 3568
f 2032 3533 3499
f 216 93 1924
f 203 202 201
f 1828 1848 1847
f 1958 1957 449
f 272 271 178
f 2871 3545 3495
f 3619 3669 3564
f 2801 2768 3643
f 2005 3758 3654
f 960 886 899
f 3657 3655 3612
f 3780 3788 3646
f 3151 3646 3593
f 2193 3604 3623
f 3607 3603 3145
f 3603 3649 2761
f 3592 3607 3144
f 2926 3658 3634
f 3634 3592 3104
f 3755 3754 3746
f 566 567 3758
f 3488 3656 1864
f 1602 1586 2079
f 2868 3658 3611
f 2922 3611 3610
f 2923 3610 3618
f 3670 3613 2918
f 3619 3670 3614
f 2921 3618 3670
f 2920 3614 3586
f 3613 3642 2915
f 2917 2766 3622
f 2916 2917 3641
f 2239 3587 3652
f 2911 3640 3652
f 3643 3640 2911
f 2797 2801 3662
f 2797 3591 3598
f 3622 3628 2763
f 3608 3628 2764
f 2194 3623 3648
f 2221 3648 3649
f 2756 3608 3609
f 2750 3598 3609
f 3669 3535 1817
f 3763 3770 1691
f 2515 3621 3590
f 2548 3590 3593
f 2513 2489 3632
f 2513 3616 3621
f 2509 3633 3620
f 2510 3632 3633
f 2289 3620 3639
f 2283 3639 3617
f 2240 3586 3587
f 3659 3657 3624
f 716 2121 3887
f 727 1999 3761
f 2165 2171 2170
f 3660 3659 3626
f 3743 3581 3578
f 2175 2172 769
f 2100 500 2095
f 3758 567 3757
f 640 3560 3568
f 1653 3576 3553
f 1895 3536 3530
f 746 3530 3537
f 1653 1810 3528
f 3762 1603 1604
f 2093 2075 2073
f 959 996 995
f 962 899 919
f 1400 1401 1398
f 1000 817 1127
f 956 959 884
f 1662 3548 3550
f 2034 3558 3546
f 3926 1689 3539
f 3535 3572 766
f 3572 3574 765
f 334 3570 3571
f 1868 3531 3540
f 1684 1651 1652
f 1682 1683 775
f 1585 1603 3762
f 3763 3762 1672
f 2173 2174 490
f 1658 3544 3547
f 3556 3543 1650
f 1571 3754 2010
f 1587 3664 3671
f 2099 2095 2077
f 787 3761 1999
f 2000 3694 786
f 3155 339 3697
f 3713 3155 3683
f 2180 2179 3685
f 3496 2180 3684
f 1684 3846 3840
f 1760 464 3495
f 2607 3689 3693
f 2581 3676 3689
f 2371 2502 3700
f 2371 3695 3693
f 2587 3676 3675
f 2586 3675 3697
f 2497 3691 3687
f 2502 2503 3687
f 2494 3691 3690
f 3690 3688 2472
f 3688 3701 2468
f 3701 3703 2469
f 726 3908 3892
f 581 3567 3518
f 10 3511 3570
f 1837 3514 3510
f 741 3537 3523
f 1299 3524 3558
f 1851 3507 3504
f 3527 3565 1820
f 580 3518 3536
f 1758 1685 3522
f 1693 3557 3508
f 3504 3512 1867
f 1894 1826 3568
f 2126 1418 3813
f 3906 2126 3841
f 2113 3911 3867
f 2179 3713 3789
f 624 3903 3904
f 2192 3604 3788
f 2177 3541 3787
f 1364 3824 3833
f 3858 3855 1470
f 3135 1753 3775
f 2069 3812 3835
f 1351 3861 3853
f 2108 3882 3901
f 2089 2092 3736
f 3828 3834 1358
f 2001 3749 3783
f 2187 3783 3719
f 2130 3756 3752
f 2004 3752 3749
f 2014 3724 3779
f 2201 3779 3756
f 3167 3720 3759
f 3168 3724 3720
f 3159 3709 3764
f 3160 3764 3765
f 3730 3707 3158
f 3158 3707 3709
f 2200 3069 3730
f 3685 3789 3742
f 3722 3774 2197
f 3790 3736 2092
f 3774 3790 3721
f 3154 3706 3790
f 3155 3713 3706
f 2091 3719 3721
f 2196 3148 3750
f 2193 2196 3776
f 3604 2193 3781
f 2086 2192 3780
f 2087 2086 3778
f 2204 3742 3751
f 2205 3751 3750
f 3909 3886 574
f 2124 2087 3777
f 2208 2124 3760
f 3711 3785 3140
f 3785 3745 3138
f 3745 3744 3139
f 3771 3712 3136
f 3712 3711 3137
f 3775 3767 3131
f 3767 3782 3132
f 1813 3839 3838
f 1293 3854 3856
f 2184 2321 3748
f 2181 2184 3732
f 3765 3768 3079
f 3768 3734 3080
f 709 3873 3875
f 2774 2961 3737
f 3786 3769 2134
f 3809 3808 766
f 2968 3784 3766
f 2969 3759 3784
f 2958 3747 3737
f 2132 3747 3766
f 2321 2185 3771
f 3860 3848 1449
f 3905 3874 582
f 3886 3889 577
f 3847 3826 1818
f 705 3902 3887
f 3816 3912 3907
f 2111 3883 3911
f 3810 3829 1366
f 1812 3839 3822
f 675 3851 3852
f 3496 3705 3851
f 2110 3867 3868
f 2104 3896 3901
f 2109 3868 3899
f 3842 3831 703
f 1680 3811 3846
f 1639 1627 3819
f 623 3904 3906
f 2139 2140 3866
f 1808 1640 3844
f 3820 3821 1819
f 3872 3914 3900
f 1646 3832 3830
f 3889 3890 633
f 2139 3865 3875
f 2156 2155 3871
f 674 3852 3913
f 2117 3817 3812
f 1815 3822 3847
f 3855 3849 1444
f 697 3906 3912
f 866 842 3836
f 3864 3869 2136
f 3585 3731 3726
f 3583 3740 3731
f 3753 3746 3738
f 3740 3583 3581
f 1088 3738 3746
f 3739 3740 3743
f 2791 3492 3493
f 3492 2808 2807
f 2792 3493 3494
f 3493 2807 2806
f 3508 2909 3494
f 3516 3494 2806
f 2948 3503 3791
f 2105 3908 3896
f 3538 3802 3804
f 680 3878 3876
f 1891 1890 3910
f 2905 3799 3801
f 2900 3797 3799
f 2901 3797 3807
f 2734 2878 3806
f 2877 3807 3806
f 2820 3800 3794
f 2818 3796 3792
f 2823 3793 3792
f 2822 3793 3798
f 2819 2735 3800
f 2817 3796 3795
f 2809 3805 3795
f 2808 3805 3803
f 2805 3804 3803
f 1702 3921 3923
f 3922 3920 1797
f 3915 3916 1706
f 3918 3927 1692
f 1657 3898 3880
f 1890 1877 3895
f 3772 3770 1674
f 1689 1690 3772
f 3926 3802 3538
f 3516 3539 1689
f 3917 3923 1703
f 1598 3917 3928
f 3880 3884 1876
f 1691 1690 3925
f 3925 3926 1688
f 3934 3933 3937
f 3934 3938 3939
f 3932 3936 3937
f 3938 3942 3943
f 3937 3936 3940
f 3937 3941 3942
f 3942 3946 3947
f 3941 3940 3944
f 3942 3941 3945
f 3947 3946 3950
f 3944 3948 3949
f 3945 3949 3950
f 3950 3954 3955
f 3949 3948 3952
f 3950 3949 3953
f 3955 3954 3958
f 3953 3952 3956
f 3953 3957 3958
f 3959 3958 3962
f 3957 3956 3960
f 3958 3957 3961
f 3962 3966 3967
f 3960 3964 3965
f 3961 3965 3966
f 3966 3970 3971
f 3965 3964 3968
f 3966 3965 3969
f 3970 3974 3975
f 3968 3972 3973
f 3969 3973 3974
f 3974 3978 3979
f 3973 3972 3976
f 3974 3973 3977
f 3979 3978 3982
f 3976 3980 3981
f 3977 3981 3982
f 3982 3986 3987
f 3981 3980 3984
f 3982 3981 3985
f 3987 3986 3990
f 3984 3988 3989
f 3985 3989 3990
f 3991 3990 3994
f 3989 3988 3992
f 3990 3989 3993
f 3995 3994 3998
f 3992 3996 3997
f 3993 3997 3998
f 3998 4002 4003
f 3997 3996 4000
f 3998 3997 4001
f 4002 4006 4007
f 4000 4004 4005
f 4001 4005 4006
f 4006 4010 4011
f 4005 4004 4008
f 4006 4005 4009
f 4011 4010 4014
f 4008 4012 4013
f 4009 4013 4014
f 4014 4018 4019
f 4013 4012 4016
f 4014 4013 4017
f 4019 4018 4022
f 4016 4020 4021
f 4017 4021 4022
f 4023 4022 4026
f 4021 4020 4024
f 4022 4021 4025
f 4027 4026 4030
f 4024 4028 4029
f 4025 4029 4030
f 4031 4030 4034
f 4029 4028 4032
f 4030 4029 4033
f 4034 4038 4039
f 4032 4036 4037
f 4033 4037 4038
f 4038 4042 4043
f 4037 4036 4040
f 4038 4037 4041
f 4043 4042 4046
f 4040 4044 4045
f 4041 4045 4046
f 4046 4050 4051
f 4045 4044 4048
f 4046 4045 4049
f 4051 4050 4055
f 4048 4053 4054
f 4049 4054 4055
f 4056 4055 4059
f 4053 4057 4058
f 4055 4054 4058
f 4060 4059 3934
f 4058 4057 3932
f 4058 3933 3934
f 4069 4068 4081
f 4066 4079 4080
f 4065 4064 4077
f 4063 4062 4075
f 4071 4084 4085
f 4069 4082 4083
f 4067 4080 4081
f 4066 4065 4078
f 4063 4076 4077
f 4061 4074 4075
f 4072 4085 4086
f 4071 4070 4083
f 4076 4089 4090
f 4074 4087 4088
f 4086 4085 4098
f 4083 4096 4097
f 4082 4081 4094
f 4079 4092 4093
f 4078 4077 4090
f 4076 4075 4088
f 4085 4084 4097
f 4082 4095 4096
f 4080 4093 4094
f 4079 4078 4091
f 4089 4102 4103
f 4088 4087 4100
f 4098 4111 4112
f 4096 4109 4110
f 4095 4094 4107
f 4092 4105 4106
f 4090 4103 4104
f 4089 4088 4101
f 4097 4110 4111
f 4095 4108 4109
f 4094 4093 4106
f 4092 4091 4104
f 4103 4102 4115
f 4100 4113 4114
f 4112 4111 4124
f 4110 4109 4122
f 4107 4120 4121
f 4105 4118 4119
f 4103 4116 4117
f 4101 4114 4115
f 4110 4123 4124
f 4109 4108 4121
f 4107 4106 4119
f 4105 4104 4117
f 4115 4128 4129
f 4114 4113 4126
f 4124 4137 4138
f 4123 4122 4135
f 4120 4133 4134
f 4119 4118 4131
f 4117 4116 4129
f 4114 4127 4128
f 4124 4123 4136
f 4122 4121 4134
f 4119 4132 4133
f 4117 4130 4131
f 4129 4128 4141
f 4126 4139 4140
f 4138 4137 4150
f 4136 4135 4148
f 4133 4146 4147
f 4131 4144 4145
f 4130 4129 4142
f 4127 4140 4141
f 4137 4136 4149
f 4135 4134 4147
f 4132 4145 4146
f 4131 4130 4143
f 4142 4141 4154
f 4140 4139 4152
f 4150 4163 4164
f 4149 4148 4161
f 4146 4159 4160
f 4144 4157 4158
f 4142 4155 4156
f 4140 4153 4154
f 4149 4162 4163
f 4148 4147 4160
f 4146 4145 4158
f 4144 4143 4156
f 4155 4154 4167
f 4153 4152 4165
f 4163 4176 4177
f 4161 4174 4175
f 4159 4172 4173
f 4158 4157 4170
f 4155 4168 4169
f 4153 4166 4167
f 4163 4162 4175
f 4161 4160 4173
f 4159 4158 4171
f 4156 4169 4170
f 4167 4180 4181
f 4165 4178 4179
f 4176 4189 4190
f 4175 4174 4187
f 4173 4172 4185
f 4170 4183 4184
f 4169 4168 4181
f 4167 4166 4179
f 4175 4188 4189
f 4173 4186 4187
f 4171 4184 4185
f 4170 4169 4182
f 4180 4193 4194
f 4178 4191 4192
f 4190 4189 4202
f 4187 4200 4201
f 4186 4185 4198
f 4183 4196 4197
f 4182 4181 4194
f 4180 4179 4192
f 4189 4188 4201
f 4186 4199 4200
f 4184 4197 4198
f 4183 4182 4195
f 4193 4206 4207
f 4192 4191 4204
f 4202 4215 4216
f 4200 4213 4214
f 4199 4198 4211
f 4196 4209 4210
f 4194 4207 4208
f 4193 4192 4205
f 4201 4214 4215
f 4199 4212 4213
f 4198 4197 4210
f 4196 4195 4208
f 4207 4206 4219
f 4204 4217 4218
f 4216 4215 4228
f 4213 4226 4227
f 4211 4224 4225
f 4209 4222 4223
f 4207 4220 4221
f 4205 4218 4219
f 4214 4227 4228
f 4213 4212 4225
f 4211 4210 4223
f 4209 4208 4221
f 4219 4232 4233
f 4218 4217 4230
f 4228 4241 4242
f 4226 4239 4240
f 4225 4224 4237
f 4223 4222 4235
f 4221 4220 4233
f 4218 4231 4232
f 4228 4227 4240
f 4226 4225 4238
f 4223 4236 4237
f 4221 4234 4235
f 4233 4232 4245
f 4230 4243 4244
f 4242 4241 4254
f 4240 4239 4252
f 4237 4250 4251
f 4235 4248 4249
f 4234 4233 4246
f 4231 4244 4245
f 4241 4240 4253
f 4239 4238 4251
f 4236 4249 4250
f 4235 4234 4247
f 4246 4245 4258
f 4244 4243 4256
f 4254 4267 4268
f 4253 4252 4265
f 4250 4263 4264
f 4248 4261 4262
f 4246 4259 4260
f 4244 4257 4258
f 4253 4266 4267
f 4252 4251 4264
f 4250 4249 4262
f 4248 4247 4260
f 4259 4258 4271
f 4257 4256 4269
f 4267 4280 4281
f 4265 4278 4279
f 4263 4276 4277
f 4262 4261 4274
f 4259 4272 4273
f 4257 4270 4271
f 4266 4279 4280
f 4265 4264 4277
f 4263 4262 4275
f 4260 4273 4274
f 4271 4284 4285
f 4269 4282 4283
f 4281 4280 4293
f 4279 4278 4291
f 4277 4276 4289
f 4274 4287 4288
f 4273 4272 4285
f 4271 4270 4283
f 4280 4279 4292
f 4277 4290 4291
f 4275 4288 4289
f 4274 4273 4286
f 4284 4297 4298
f 4282 4295 4296
f 4294 4293 4306
f 4291 4304 4305
f 4290 4289 4302
f 4287 4300 4301
f 4286 4285 4298
f 4284 4283 4296
f 4293 4292 4305
f 4290 4303 4304
f 4288 4301 4302
f 4287 4286 4299
f 4297 4310 4311
f 4296 4295 4308
f 4306 4319 4320
f 4304 4317 4318
f 4303 4302 4315
f 4300 4313 4314
f 4298 4311 4312
f 4297 4296 4309
f 4305 4318 4319
f 4304 4303 4316
f 4302 4301 4314
f 4300 4299 4312
f 4310 4323 4324
f 4308 4321 4322
f 4320 4319 4332
f 4318 4317 4330
f 4316 4315 4328
f 4313 4326 4327
f 4311 4324 4325
f 4310 4309 4322
f 4318 4331 4332
f 4316 4329 4330
f 4315 4314 4327
f 4312 4325 4326
f 4323 4336 4337
f 4322 4321 4334
f 4332 4345 4346
f 4330 4343 4344
f 4329 4328 4341
f 4327 4326 4339
f 4325 4324 4337
f 4322 4335 4336
f 4332 4331 4344
f 4330 4329 4342
f 4327 4340 4341
f 4325 4338 4339
f 4337 4336 4350
f 4334 4348 4349
f 4346 4345 4359
f 4344 4343 4357
f 4341 4355 4356
f 4340 4339 4353
f 4338 4337 4351
f 4335 4349 4350
f 4345 4344 4358
f 4343 4342 4356
f 4340 4354 4355
f 4338 4352 4353
f 4351 4350 4363
f 4349 4348 4361
f 4359 4372 4373
f 4358 4357 4370
f 4355 4368 4369
f 4354 4353 4366
f 4351 4364 4365
f 4349 4362 4363
f 4358 4371 4372
f 4357 4356 4369
f 4355 4354 4367
f 4352 4365 4366
f 4364 4363 4376
f 4362 4361 4374
f 4373 4372 4385
f 4370 4383 4384
f 4368 4381 4382
f 4367 4366 4379
f 4364 4377 4378
f 4362 4375 4376
f 4372 4371 4384
f 4370 4369 4382
f 4368 4367 4380
f 4365 4378 4379
f 4376 4389 4390
f 4374 4387 4388
f 4385 4398 4399
f 4384 4383 4396
f 4382 4381 4394
f 4379 4392 4393
f 4378 4377 4390
f 4376 4375 4388
f 4384 4397 4398
f 4382 4395 4396
f 4380 4393 4394
f 4379 4378 4391
f 4389 4402 4403
f 4387 4400 4401
f 4399 4398 4411
f 4396 4409 4410
f 4395 4394 4407
f 4393 4392 4405
f 4391 4390 4403
f 4389 4388 4401
f 4398 4397 4410
f 4395 4408 4409
f 4393 4406 4407
f 4391 4404 4405
f 4402 4415 4416
f 4401 4400 4413
f 4411 4424 4425
f 4409 4422 4423
f 4408 4407 4420
f 4406 4405 4418
f 4403 4416 4417
f 4402 4401 4414
f 4410 4423 4424
f 4408 4421 4422
f 4407 4406 4419
f 4404 4417 4418
f 4416 4415 4428
f 4413 4426 4427
f 4425 4424 4437
f 4423 4422 4435
f 4421 4420 4433
f 4418 4431 4432
f 4416 4429 4430
f 4415 4414 4427
f 4423 4436 4437
f 4421 4434 4435
f 4420 4419 4432
f 4418 4417 4430
f 4428 4441 4442
f 4426 4439 4440
f 4437 4450 4451
f 4435 4448 4449
f 4434 4433 4446
f 4432 4431 4444
f 4430 4429 4442
f 4427 4440 4441
f 4437 4436 4449
f 4435 4434 4447
f 4432 4445 4446
f 4430 4443 4444
f 4442 4441 4454
f 4439 4452 4453
f 4451 4450 4463
f 4449 4448 4461
f 4446 4459 4460
f 4444 4457 4458
f 4443 4442 4455
f 4440 4453 4454
f 4450 4449 4462
f 4447 4460 4461
f 4445 4458 4459
f 4444 4443 4456
f 4455 4454 4467
f 4453 4452 4465
f 4463 4476 4477
f 4462 4461 4474
f 4459 4472 4473
f 4457 4470 4471
f 4455 4468 4469
f 4453 4466 4467
f 4462 4475 4476
f 4461 4460 4473
f 4459 4458 4471
f 4457 4456 4469
f 4468 4467 4063
f 4466 4465 4061
f 4477 4476 4072
f 4474 4070 4071
f 4472 4068 4069
f 4471 4470 4066
f 4468 4064 4065
f 4466 4062 4063
f 4476 4475 4071
f 4474 4473 4069
f 4472 4471 4067
f 4469 4065 4066
f 3935 4061 4465
f 4465 4452 4056
f 4452 4439 4051
f 4439 4426 4047
f 4047 4426 4413
f 4043 4413 4400
f 4039 4400 4387
f 4387 4374 4031
f 4031 4374 4361
f 4361 4348 4023
f 4348 4334 4019
f 4334 4321 4015
f 4015 4321 4308
f 4011 4308 4295
f 4007 4295 4282
f 4282 4269 3999
f 3999 4269 4256
f 4256 4243 3991
f 4243 4230 3987
f 4230 4217 3983
f 3983 4217 4204
f 3979 4204 4191
f 3975 4191 4178
f 4178 4165 3967
f 3967 4165 4152
f 4152 4139 3959
f 4139 4126 3955
f 4126 4113 3951
f 3951 4113 4100
f 3947 4100 4087
f 3943 4087 4074
f 4074 4061 3935
f 4480 4479 4483
f 4480 4484 4485
f 4479 4478 4482
f 4484 4488 4489
f 4482 4486 4487
f 4483 4487 4488
f 4488 4492 4493
f 4487 4486 4490
f 4488 4487 4491
f 4493 4492 4496
f 4490 4494 4495
f 4491 4495 4496
f 4496 4500 4501
f 4495 4494 4498
f 4496 4495 4499
f 4501 4500 4504
f 4498 4502 4503
f 4499 4503 4504
f 4505 4504 4508
f 4503 4502 4506
f 4504 4503 4507
f 4509 4508 4512
f 4506 4510 4511
f 4507 4511 4512
f 4513 4512 4516
f 4511 4510 4514
f 4512 4511 4515
f 4516 4520 4521
f 4514 4518 4519
f 4515 4519 4520
f 4520 4524 4525
f 4518 4522 4523
f 4520 4519 4523
f 4525 4524 4528
f 4522 4526 4527
f 4523 4527 4528
f 4528 4532 4533
f 4527 4526 4530
f 4528 4527 4531
f 4533 4532 4536
f 4530 4534 4535
f 4531 4535 4536
f 4537 4536 4540
f 4534 4538 4539
f 4536 4535 4539
f 4541 4540 4544
f 4539 4538 4542
f 4539 4543 4544
f 4544 4548 4549
f 4542 4546 4547
f 4544 4543 4547
f 4548 4552 4553
f 4547 4546 4550
f 4547 4551 4552
f 4552 4556 4557
f 4551 4550 4554
f 4552 4551 4555
f 4557 4556 4560
f 4554 4558 4559
f 4555 4559 4560
f 4560 4564 4565
f 4559 4558 4562
f 4560 4559 4563
f 4565 4564 4568
f 4562 4566 4567
f 4563 4567 4568
f 4569 4568 4572
f 4567 4566 4570
f 4568 4567 4571
f 4572 4576 4577
f 4570 4574 4575
f 4571 4575 4576
f 4576 4580 4581
f 4575 4574 4578
f 4576 4575 4579
f 4580 4584 4585
f 4578 4582 4583
f 4579 4583 4584
f 4584 4588 4589
f 4583 4582 4586
f 4584 4583 4587
f 4589 4588 4592
f 4586 4590 4591
f 4587 4591 4592
f 4592 4596 4597
f 4591 4590 4594
f 4592 4591 4595
f 4597 4596 4601
f 4594 4599 4600
f 4595 4600 4601
f 4602 4601 4605
f 4600 4599 4603
f 4601 4600 4604
f 4606 4605 4480
f 4603 4478 4479
f 4604 4479 4480
f 4615 4614 4627
f 4612 4625 4626
f 4611 4610 4623
f 4609 4608 4621
f 4618 4617 4630
f 4615 4628 4629
f 4613 4626 4627
f 4612 4611 4624
f 4609 4622 4623
f 4607 4620 4621
f 4619 4618 4631
f 4617 4616 4629
f 4622 4635 4636
f 4620 4633 4634
f 4632 4631 4644
f 4629 4642 4643
f 4628 4627 4640
f 4626 4625 4638
f 4624 4623 4636
f 4622 4621 4634
f 4631 4630 4643
f 4628 4641 4642
f 4626 4639 4640
f 4624 4637 4638
f 4635 4648 4649
f 4634 4633 4646
f 4644 4657 4658
f 4642 4655 4656
f 4641 4640 4653
f 4639 4638 4651
f 4636 4649 4650
f 4635 4634 4647
f 4643 4656 4657
f 4642 4641 4654
f 4640 4639 4652
f 4637 4650 4651
f 4648 4661 4662
f 4646 4659 4660
f 4658 4657 4670
f 4656 4655 4668
f 4653 4666 4667
f 4651 4664 4665
f 4649 4662 4663
f 4648 4647 4660
f 4656 4669 4670
f 4654 4667 4668
f 4653 4652 4665
f 4651 4650 4663
f 4661 4674 4675
f 4660 4659 4672
f 4670 4683 4684
f 4668 4681 4682
f 4667 4666 4679
f 4665 4664 4677
f 4663 4662 4675
f 4661 4660 4673
f 4670 4669 4682
f 4667 4680 4681
f 4665 4678 4679
f 4663 4676 4677
f 4675 4674 4687
f 4672 4685 4686
f 4684 4683 4696
f 4682 4681 4694
f 4679 4692 4693
f 4678 4677 4690
f 4676 4675 4688
f 4673 4686 4687
f 4683 4682 4695
f 4681 4680 4693
f 4678 4691 4692
f 4676 4689 4690
f 4688 4687 4700
f 4686 4685 4698
f 4696 4709 4710
f 4695 4694 4707
f 4692 4705 4706
f 4691 4690 4703
f 4688 4701 4702
f 4686 4699 4700
f 4695 4708 4709
f 4694 4693 4706
f 4692 4691 4704
f 4689 4702 4703
f 4701 4700 4713
f 4699 4698 4711
f 4710 4709 4722
f 4707 4720 4721
f 4705 4718 4719
f 4704 4703 4716
f 4701 4714 4715
f 4699 4712 4713
f 4709 4708 4721
f 4707 4706 4719
f 4705 4704 4717
f 4702 4715 4716
f 4713 4726 4727
f 4711 4724 4725
f 4723 4722 4735
f 4721 4720 4733
f 4719 4718 4731
f 4716 4729 4730
f 4715 4714 4727
f 4713 4712 4725
f 4721 4734 4735
f 4719 4732 4733
f 4717 4730 4731
f 4716 4715 4728
f 4726 4739 4740
f 4724 4737 4738
f 4736 4735 4748
f 4733 4746 4747
f 4732 4731 4744
f 4730 4729 4742
f 4728 4727 4740
f 4726 4725 4738
f 4735 4734 4747
f 4732 4745 4746
f 4730 4743 4744
f 4728 4741 4742
f 4739 4752 4753
f 4738 4737 4750
f 4748 4761 4762
f 4746 4759 4760
f 4745 4744 4757
f 4743 4742 4755
f 4740 4753 4754
f 4739 4738 4751
f 4747 4760 4761
f 4745 4758 4759
f 4744 4743 4756
f 4741 4754 4755
f 4753 4752 4765
f 4750 4763 4764
f 4762 4761 4774
f 4759 4772 4773
f 4758 4757 4770
f 4755 4768 4769
f 4753 4766 4767
f 4752 4751 4764
f 4760 4773 4774
f 4758 4771 4772
f 4757 4756 4769
f 4755 4754 4767
f 4765 4778 4779
f 4764 4763 4776
f 4774 4787 4788
f 4772 4785 4786
f 4771 4770 4783
f 4769 4768 4781
f 4767 4766 4779
f 4765 4764 4777
f 4774 4773 4786
f 4771 4784 4785
f 4769 4782 4783
f 4767 4780 4781
f 4779 4778 4791
f 4776 4789 4790
f 4788 4787 4800
f 4786 4785 4798
f 4783 4796 4797
f 4782 4781 4794
f 4780 4779 4792
f 4777 4790 4791
f 4787 4786 4799
f 4785 4784 4797
f 4782 4795 4796
f 4780 4793 4794
f 4792 4791 4804
f 4790 4789 4802
f 4800 4813 4814
f 4799 4798 4811
f 4796 4809 4810
f 4795 4794 4807
f 4792 4805 4806
f 4790 4803 4804
f 4799 4812 4813
f 4798 4797 4810
f 4796 4795 4808
f 4793 4806 4807
f 4805 4804 4817
f 4803 4802 4815
f 4814 4813 4826
f 4811 4824 4825
f 4809 4822 4823
f 4808 4807 4820
f 4805 4818 4819
f 4803 4816 4817
f 4813 4812 4825
f 4811 4810 4823
f 4809 4808 4821
f 4806 4819 4820
f 4817 4830 4831
f 4815 4828 4829
f 4826 4839 4840
f 4825 4824 4837
f 4823 4822 4835
f 4820 4833 4834
f 4819 4818 4831
f 4817 4816 4829
f 4825 4838 4839
f 4823 4836 4837
f 4821 4834 4835
f 4820 4819 4832
f 4830 4843 4844
f 4828 4841 4842
f 4840 4839 4852
f 4837 4850 4851
f 4836 4835 4848
f 4834 4833 4846
f 4832 4831 4844
f 4830 4829 4842
f 4839 4838 4851
f 4836 4849 4850
f 4834 4847 4848
f 4832 4845 4846
f 4843 4856 4857
f 4842 4841 4854
f 4852 4865 4866
f 4850 4863 4864
f 4849 4848 4861
f 4847 4846 4859
f 4844 4857 4858
f 4843 4842 4855
f 4851 4864 4865
f 4849 4862 4863
f 4848 4847 4860
f 4845 4858 4859
f 4857 4856 4869
f 4855 4854 4867
f 4866 4865 4878
f 4864 4863 4876
f 4862 4861 4874
f 4859 4872 4873
f 4857 4870 4871
f 4856 4855 4868
f 4864 4877 4878
f 4862 4875 4876
f 4861 4860 4873
f 4859 4858 4871
f 4869 4882 4883
f 4868 4867 4880
f 4878 4891 4892
f 4877 4876 4889
f 4874 4887 4888
f 4873 4872 4885
f 4871 4870 4883
f 4868 4881 4882
f 4878 4877 4890
f 4876 4875 4888
f 4873 4886 4887
f 4871 4884 4885
f 4883 4882 4896
f 4880 4894 4895
f 4892 4891 4905
f 4890 4889 4903
f 4887 4901 4902
f 4885 4899 4900
f 4884 4883 4897
f 4881 4895 4896
f 4891 4890 4904
f 4889 4888 4902
f 4886 4900 4901
f 4885 4884 4898
f 4897 4896 4909
f 4895 4894 4907
f 4905 4918 4919
f 4904 4903 4916
f 4901 4914 4915
f 4899 4912 4913
f 4897 4910 4911
f 4895 4908 4909
f 4904 4917 4918
f 4903 4902 4915
f 4901 4900 4913
f 4899 4898 4911
f 4910 4909 4922
f 4908 4907 4920
f 4919 4918 4931
f 4916 4929 4930
f 4914 4927 4928
f 4913 4912 4925
f 4910 4923 4924
f 4908 4921 4922
f 4918 4917 4930
f 4916 4915 4928
f 4914 4913 4926
f 4911 4924 4925
f 4922 4935 4936
f 4920 4933 4934
f 4931 4944 4945
f 4930 4929 4942
f 4928 4927 4940
f 4925 4938 4939
f 4924 4923 4936
f 4922 4921 4934
f 4930 4943 4944
f 4928 4941 4942
f 4926 4939 4940
f 4925 4924 4937
f 4935 4948 4949
f 4933 4946 4947
f 4945 4944 4957
f 4942 4955 4956
f 4941 4940 4953
f 4938 4951 4952
f 4937 4936 4949
f 4935 4934 4947
f 4944 4943 4956
f 4941 4954 4955
f 4939 4952 4953
f 4938 4937 4950
f 4948 4961 4962
f 4947 4946 4959
f 4957 4970 4971
f 4955 4968 4969
f 4954 4953 4966
f 4951 4964 4965
f 4949 4962 4963
f 4948 4947 4960
f 4956 4969 4970
f 4954 4967 4968
f 4953 4952 4965
f 4951 4950 4963
f 4962 4961 4974
f 4959 4972 4973
f 4971 4970 4983
f 4968 4981 4982
f 4966 4979 4980
f 4964 4977 4978
f 4962 4975 4976
f 4960 4973 4974
f 4969 4982 4983
f 4967 4980 4981
f 4966 4965 4978
f 4964 4963 4976
f 4975 4974 4987
f 4973 4972 4985
f 4983 4996 4997
f 4981 4994 4995
f 4979 4992 4993
f 4978 4977 4990
f 4976 4975 4988
f 4973 4986 4987
f 4983 4982 4995
f 4981 4980 4993
f 4978 4991 4992
f 4976 4989 4990
f 4988 4987 5000
f 4985 4998 4999
f 4997 4996 5009
f 4995 4994 5007
f 4992 5005 5006
f 4991 4990 5003
f 4989 4988 5001
f 4986 4999 5000
f 4996 4995 5008
f 4994 4993 5006
f 4991 5004 5005
f 4989 5002 5003
f 5001 5000 5013
f 4999 4998 5011
f 5009 5022 5023
f 5008 5007 5020
f 5005 5018 5019
f 5004 5003 5016
f 5001 5014 5015
f 4999 5012 5013
f 5008 5021 5022
f 5007 5006 5019
f 5005 5004 5017
f 5002 5015 5016
f 5014 5013 4609
f 5012 5011 4607
f 5022 4618 4619
f 5020 4616 4617
f 5018 4614 4615
f 5017 5016 4612
f 5014 4610 4611
f 5012 4608 4609
f 5021 4617 4618
f 5020 5019 4615
f 5018 5017 4613
f 5015 4611 4612
f 4481 4607 5011
f 5011 4998 4602
f 4998 4985 4597
f 4985 4972 4593
f 4593 4972 4959
f 4589 4959 4946
f 4585 4946 4933
f 4933 4920 4577
f 4577 4920 4907
f 4907 4894 4569
f 4894 4880 4565
f 4880 4867 4561
f 4561 4867 4854
f 4557 4854 4841
f 4553 4841 4828
f 4828 4815 4545
f 4545 4815 4802
f 4802 4789 4537
f 4789 4776 4533
f 4776 4763 4529
f 4529 4763 4750
f 4525 4750 4737
f 4521 4737 4724
f 4724 4711 4513
f 4513 4711 4698
f 4698 4685 4505
f 4685 4672 4501
f 4672 4659 4497
f 4497 4659 4646
f 4493 4646 4633
f 4489 4633 4620
f 4620 4607 4481
