v 0.062466 0.003446 -0.050628
v 0.066140 0.003176 -0.049341
v 0.066382 0.004789 -0.048969
v 0.062935 0.004623 -0.050338
v 0.073096 0.005522 -0.058750
v 0.073279 0.009170 -0.054278
v 0.072303 0.011458 -0.053399
v 0.072016 0.011371 -0.056312
v 0.030450 -0.041881 -0.113393
v 0.016120 -0.043270 -0.117561
v 0.017087 -0.054482 -0.114987
v 0.029760 -0.056604 -0.109574
v 0.050035 -0.079078 -0.090821
v 0.044996 -0.070730 -0.096118
v 0.041906 -0.084159 -0.099871
v 0.051379 -0.087281 -0.090504
v 0.027270 0.055330 0.039142
v 0.034540 0.055488 0.033233
v 0.034644 0.049390 0.036866
v -0.062028 -0.021816 -0.053270
v -0.065345 -0.023485 -0.051958
v -0.066189 -0.022282 -0.051647
v -0.062746 -0.020967 -0.053052
v -0.072422 -0.023899 -0.061919
v -0.074274 -0.020732 -0.057376
v -0.074219 -0.018285 -0.056481
v -0.073790 -0.018158 -0.059463
v 0.027696 0.048531 0.041356
v 0.084751 0.030661 -0.067287
v 0.085368 0.028249 -0.068521
v 0.086367 0.026600 -0.066796
v 0.085637 0.028597 -0.065332
v 0.084569 0.012966 -0.067174
v 0.083460 0.019977 -0.068033
v 0.084159 0.022634 -0.068497
v 0.084772 0.020518 -0.067830
v 0.086294 0.002847 -0.064554
v 0.084846 0.003273 -0.064364
v 0.085345 0.007963 -0.065932
v 0.087027 0.007866 -0.066428
v 0.076750 -0.020644 -0.041054
v 0.078840 -0.017242 -0.043542
v 0.079557 -0.020389 -0.044986
v 0.075456 -0.022797 -0.043224
v 0.072041 -0.021560 -0.044394
v 0.076273 -0.021991 -0.048769
v 0.075232 -0.018595 -0.049965
v 0.071804 -0.018563 -0.046735
v 0.078486 0.038585 -0.054609
v 0.079678 0.035050 -0.053777
v 0.078792 0.033716 -0.051703
v 0.077381 0.037127 -0.052245
v 0.069803 0.005743 -0.064974
v 0.069424 -0.000889 -0.063559
v 0.074522 0.004859 -0.065831
v 0.074522 0.007633 -0.065879
v 0.080078 0.029005 -0.060177
v 0.079955 0.029637 -0.063191
v 0.080720 0.027749 -0.064511
v 0.080453 0.026412 -0.062283
v 0.081443 0.031611 -0.068257
v 0.082142 0.028877 -0.069617
v 0.073550 -0.010924 -0.040424
v 0.072089 -0.007667 -0.039606
v 0.072242 -0.006101 -0.040905
v 0.072609 -0.007136 -0.042542
v 0.072632 0.005415 -0.055459
v 0.073140 0.010172 -0.052840
v 0.085233 -0.008380 -0.060022
v 0.084474 -0.006445 -0.059017
v 0.085848 -0.001951 -0.062016
v 0.086338 -0.003352 -0.063500
v 0.080779 -0.004809 -0.057139
v 0.082506 -0.001522 -0.060296
v 0.083320 -0.000602 -0.062001
v 0.082907 -0.002969 -0.060042
v 0.080855 0.031694 -0.061481
v 0.079212 0.033693 -0.056639
v 0.080806 0.032923 -0.055426
v 0.082782 0.031167 -0.059543
v 0.074341 0.019259 -0.065017
v 0.071974 0.023763 -0.062938
v 0.070978 0.022926 -0.062995
v 0.072882 0.018996 -0.064905
v 0.081814 0.029138 -0.065974
v 0.082649 0.027091 -0.067256
v 0.081582 0.025587 -0.065980
v 0.072618 0.024757 -0.049196
v 0.073999 0.026145 -0.051138
v 0.074423 0.024605 -0.052057
v 0.074336 0.023412 -0.051314
v 0.079396 -0.021345 -0.048493
v 0.069995 -0.009941 -0.057127
v 0.071602 -0.009169 -0.058815
v 0.073469 -0.004313 -0.061617
v 0.071548 -0.003438 -0.061998
v 0.071809 -0.019425 -0.038942
v 0.074971 -0.018580 -0.039253
v 0.075747 -0.019680 -0.040248
v 0.072899 -0.021513 -0.040533
v 0.074243 0.029544 -0.051333
v 0.076375 0.029207 -0.053063
v 0.074849 0.028107 -0.052603
v 0.073533 0.028322 -0.051235
v 0.082672 0.018013 -0.066544
v 0.081124 0.024032 -0.064082
v 0.083603 0.009009 -0.062002
v 0.083640 0.009381 -0.064745
v 0.083977 0.005297 -0.063300
v -0.024117 -0.048508 -0.113517
v -0.009353 -0.046519 -0.117596
v -0.008210 -0.057552 -0.115050
v -0.022606 -0.061693 -0.109708
v 0.083359 0.005026 -0.060881
v 0.082316 0.016735 -0.061566
v 0.082426 0.016880 -0.064789
v 0.084334 0.025445 -0.065496
v 0.085511 0.019867 -0.066649
v 0.083655 0.025996 -0.066363
v 0.069464 0.026314 -0.060652
v 0.069261 0.029509 -0.064851
v 0.069029 0.023345 -0.066806
v 0.069842 0.024015 -0.062413
v 0.072187 -0.001866 -0.041044
v 0.072834 0.000523 -0.042356
v 0.071625 -0.001851 -0.044236
v 0.071176 -0.004724 -0.043719
v 0.074748 -0.006331 -0.060470
v 0.072702 -0.010180 -0.058060
v 0.073483 -0.010774 -0.057407
v 0.075674 -0.008147 -0.059053
v 0.078233 0.030244 -0.054892
v 0.079235 0.026251 -0.056260
v 0.077786 0.025949 -0.055003
v 0.076679 -0.004758 -0.049900
v 0.076699 -0.003466 -0.051950
v 0.078634 -0.005885 -0.053123
v 0.078882 -0.007924 -0.051200
v 0.082921 -0.015965 -0.054170
v 0.080234 -0.016667 -0.055052
v 0.078482 -0.019102 -0.051656
v 0.081378 -0.018726 -0.051309
v 0.072115 -0.005735 -0.043170
v 0.072086 -0.004665 -0.041086
v 0.076388 0.019897 -0.066658
v 0.074210 0.025401 -0.063930
v 0.080528 0.024997 -0.060305
v 0.081140 0.022873 -0.061966
v 0.072110 0.011101 -0.045732
v 0.070409 0.011185 -0.047473
v 0.070876 0.010444 -0.047414
v 0.073099 0.009830 -0.045543
v 0.072178 0.010725 -0.044273
v 0.072983 0.009283 -0.044164
v 0.072300 0.009108 -0.043372
v 0.071794 0.009846 -0.043192
v 0.069682 0.011215 -0.047951
v 0.070126 0.011044 -0.047698
v 0.070190 0.011569 -0.047726
v 0.073384 0.014455 -0.058557
v 0.074214 0.007357 -0.060682
v 0.073956 0.005938 -0.060715
v 0.074501 0.011821 -0.058147
v 0.083972 0.010475 -0.066224
v 0.075753 0.033341 -0.048275
v 0.074308 0.035896 -0.048238
v 0.076051 0.038939 -0.052075
v 0.070869 -0.002951 -0.054154
v 0.074143 -0.002139 -0.051818
v 0.073721 -0.002411 -0.050142
v 0.071393 -0.003019 -0.052379
v 0.071772 0.002311 -0.046955
v 0.070069 -0.001138 -0.046906
v 0.073190 0.000983 -0.044874
v 0.071187 0.016301 -0.043949
v 0.071350 0.012536 -0.046599
v 0.071536 0.011723 -0.045363
v 0.071464 0.012036 -0.044080
v 0.086577 0.002189 -0.065970
v 0.086755 0.007599 -0.068031
v 0.085126 0.007206 -0.069509
v 0.085132 0.001396 -0.067475
v 0.072465 -0.015314 -0.037965
v 0.068074 -0.018107 -0.041397
v 0.070872 -0.011830 -0.038127
v 0.082063 0.036564 -0.062439
v 0.079701 0.037940 -0.062767
v 0.080310 0.036107 -0.064933
v 0.083099 0.034886 -0.064404
v 0.070825 0.017262 -0.051479
v 0.070825 0.015255 -0.051357
v 0.071107 0.016418 -0.049982
v 0.070499 0.018557 -0.049996
v 0.053012 -0.023670 -0.096200
v 0.061094 -0.022115 -0.077271
v 0.062986 -0.006814 -0.085532
v 0.056051 -0.008317 -0.101495
v 0.082814 -0.012674 -0.053357
v 0.082581 -0.014972 -0.050824
v 0.071488 0.024016 -0.042737
v 0.070462 0.025527 -0.041994
v 0.070092 0.031053 -0.043867
v 0.071726 0.028174 -0.043762
v 0.084273 0.021735 -0.071331
v 0.086849 0.021470 -0.070103
v 0.073690 0.029614 -0.049804
v 0.075232 0.032587 -0.052595
v 0.074340 0.030273 -0.051561
v 0.073339 0.028783 -0.050067
v 0.075005 0.021540 -0.046966
v 0.075400 0.022917 -0.046949
v 0.073434 0.023455 -0.047142
v 0.072721 0.021992 -0.047349
v 0.068852 0.030289 -0.041294
v 0.068981 0.035472 -0.044837
v 0.067940 -0.011191 -0.056735
v 0.073865 0.023281 -0.044343
v 0.074049 0.025959 -0.044726
v 0.075631 0.024727 -0.046834
v -0.041286 -0.086257 -0.091028
v -0.035477 -0.078289 -0.096280
v -0.034390 -0.089300 -0.100005
v -0.043090 -0.093740 -0.090754
v 0.070988 -0.006984 -0.037682
v 0.071773 -0.005174 -0.039542
v 0.073030 0.028387 -0.049843
v 0.072592 0.027127 -0.049730
v 0.072114 0.023068 -0.048178
v 0.073087 0.022198 -0.050327
v 0.078009 0.016568 -0.057582
v 0.080171 0.008765 -0.059250
v 0.066036 -0.004479 -0.071353
v 0.064872 -0.019120 -0.057273
v 0.072231 0.023673 -0.047423
v 0.072307 0.024256 -0.047591
v 0.071915 0.023371 -0.047378
v 0.071587 0.022434 -0.047779
v 0.081800 -0.017108 -0.048384
v 0.076904 0.022529 -0.055368
v 0.074603 0.020085 -0.053387
v 0.075782 0.022247 -0.053377
v 0.086539 0.012247 -0.066423
v 0.086636 0.019811 -0.066478
v 0.087926 0.020268 -0.067880
v 0.087809 0.012361 -0.067585
v 0.069998 -0.020561 -0.043009
v 0.070810 0.014486 -0.052697
v 0.072071 0.013388 -0.052029
v 0.071950 0.020391 -0.050679
v 0.071137 0.021430 -0.048161
v 0.071394 -0.001942 -0.039042
v 0.080255 0.032374 -0.063166
v 0.081138 0.030958 -0.064537
v 0.079582 0.031078 -0.061951
v 0.079236 0.032108 -0.060448
v 0.078298 0.034251 -0.058843
v 0.077542 0.034808 -0.058384
v 0.079455 0.033748 -0.061481
v 0.074024 0.021445 -0.051543
v 0.075032 0.022608 -0.052303
v 0.077041 -0.005930 -0.048233
v 0.079101 -0.011387 -0.048225
v 0.083445 0.001595 -0.061331
v 0.082222 0.001997 -0.058936
v 0.081511 0.012231 -0.070098
v 0.079784 0.020771 -0.069900
v 0.078103 0.020264 -0.068042
v 0.080204 0.012199 -0.068828
v 0.073594 0.013104 -0.065772
v 0.069888 0.013319 -0.065728
v 0.071313 0.010606 -0.042689
v 0.070022 0.014158 -0.040740
v 0.070866 0.019357 -0.049974
v 0.070707 0.021069 -0.048552
v 0.078058 -0.003219 -0.063039
v 0.075938 -0.011084 -0.055519
v 0.078826 -0.005241 -0.061166
v 0.071977 -0.012321 -0.053545
v 0.071983 -0.013346 -0.051235
v 0.074523 -0.013007 -0.052775
v 0.080181 -0.003017 -0.056328
v 0.081953 -0.001277 -0.058748
v 0.070358 0.010856 -0.048525
v 0.069641 0.009020 -0.050223
v 0.068570 0.010436 -0.048356
v 0.081028 0.016581 -0.059423
v 0.082763 0.009057 -0.060205
v 0.074599 0.025012 -0.047593
v 0.073563 0.015244 -0.047244
v 0.073641 0.018679 -0.045319
v 0.076809 0.028420 -0.047837
v 0.075921 0.026805 -0.048180
v 0.075410 0.025816 -0.047877
v 0.076117 0.026482 -0.047046
v 0.065682 0.000907 -0.050388
v 0.068128 -0.000363 -0.048550
v 0.069203 0.002884 -0.047884
v 0.077346 0.033937 -0.055868
v 0.078287 0.032325 -0.056874
v 0.075912 0.026273 -0.065312
v 0.074534 0.026510 -0.052000
v 0.074813 0.025157 -0.053111
v 0.070779 0.038013 -0.059567
v 0.071684 0.035552 -0.055820
v 0.071442 0.035742 -0.054425
v 0.070335 0.040293 -0.054911
v 0.071822 -0.016792 -0.047935
v 0.074506 -0.015496 -0.050615
v 0.073910 -0.014244 -0.051124
v 0.071961 -0.015162 -0.049280
v 0.073215 -0.002650 -0.049469
v 0.071431 -0.003229 -0.051357
v 0.083845 0.003165 -0.064132
v 0.083578 0.002171 -0.063112
v 0.084019 0.006338 -0.065030
v 0.083837 0.007796 -0.065952
v 0.071579 0.018142 -0.054746
v 0.071380 0.017043 -0.053570
v 0.071145 0.030483 -0.057078
v 0.073118 0.032686 -0.058237
v 0.072787 0.034703 -0.055153
v 0.071282 0.032890 -0.055289
v 0.077507 0.027309 -0.067212
v 0.075083 0.023687 -0.053173
v 0.075386 0.023920 -0.054044
v 0.074859 0.024053 -0.052569
v 0.072060 0.020954 -0.047651
v 0.074401 0.020233 -0.047696
v 0.076541 0.028692 -0.049158
v 0.078424 0.032295 -0.051732
v 0.077518 0.032715 -0.052942
v 0.075897 0.029427 -0.049329
v 0.072718 0.025946 -0.048107
v 0.016622 -0.030628 -0.123866
v 0.017097 -0.019851 -0.131127
v -0.048948 0.039731 0.038267
v -0.055914 0.036971 0.032530
v -0.053586 0.031388 0.035891
v -0.046676 0.033444 0.040197
v 0.073070 0.035461 -0.047916
v 0.072866 0.036831 -0.051316
v 0.073715 0.037894 -0.051742
v 0.073492 0.036299 -0.048410
v 0.079466 0.031006 -0.060034
v 0.082613 0.028285 -0.065276
v 0.073522 0.011686 -0.050926
v 0.071552 0.008493 -0.051683
v 0.062374 0.006130 -0.050826
v 0.062474 0.007308 -0.050553
v 0.063186 0.007103 -0.051591
v 0.063287 0.006225 -0.052050
v 0.067391 0.001740 -0.052913
v 0.069626 0.001312 -0.052167
v 0.068998 -0.000299 -0.050664
v 0.067050 0.000313 -0.052279
v 0.062417 0.003450 -0.051337
v 0.062382 0.004916 -0.051037
v 0.063216 0.004608 -0.052525
v 0.063140 0.003053 -0.053220
v 0.076580 0.034376 -0.054211
v 0.078112 0.034432 -0.056421
v 0.084758 0.027346 -0.064072
v 0.085408 0.025420 -0.065291
v 0.081393 0.031833 -0.062450
v 0.082101 0.030168 -0.063795
v 0.072488 0.003155 -0.042066
v 0.073457 0.003532 -0.043648
v 0.073462 0.001913 -0.043706
v 0.085332 0.030041 -0.063788
v 0.084034 0.032720 -0.065770
v 0.074704 -0.014640 -0.039681
v 0.074036 -0.016422 -0.038554
v 0.052423 -0.096495 -0.023508
v 0.061199 -0.090365 -0.036496
v 0.059585 -0.101576 -0.036144
v 0.050862 -0.107391 -0.023776
v 0.075062 0.031298 -0.046819
v 0.072949 0.033741 -0.047001
v 0.062770 0.001439 -0.051698
v 0.062783 0.001291 -0.051789
v 0.065684 0.000101 -0.051548
v 0.066564 0.006278 -0.048905
v 0.062966 0.005968 -0.050090
v 0.067823 0.003301 -0.052698
v 0.066395 0.008221 -0.051019
v 0.065846 0.009330 -0.049816
v 0.069123 -0.003291 -0.047987
v 0.070177 -0.004081 -0.049835
v 0.071811 -0.004234 -0.046813
v 0.063908 0.001079 -0.053375
v 0.072097 0.019765 -0.052894
v 0.070410 0.004141 -0.052406
v 0.071786 0.002256 -0.054484
v 0.071374 0.000488 -0.053740
v 0.070086 0.002375 -0.052491
v 0.079424 -0.006105 -0.054555
v 0.078948 -0.004386 -0.054632
v 0.070874 -0.002103 -0.056258
v 0.074059 -0.001928 -0.054633
v 0.073107 0.014394 -0.050907
v 0.074010 0.017508 -0.048608
v 0.071042 0.011077 -0.049056
v 0.070078 0.006211 -0.051464
v 0.072078 0.004285 -0.053804
v 0.066462 0.007387 -0.049019
v 0.069498 0.008354 -0.047658
v 0.069056 0.009314 -0.047927
v 0.066250 0.008295 -0.049231
v 0.076398 0.025638 -0.054347
v 0.072120 0.031503 -0.045264
v 0.074730 0.028704 -0.045607
v 0.070109 0.042550 -0.071373
v 0.069218 0.034160 -0.076096
v 0.070484 0.034832 -0.063204
v 0.068291 0.004999 -0.052412
v 0.062648 0.007847 -0.050605
v 0.063273 0.007413 -0.050300
v 0.084460 -0.001024 -0.061980
v 0.072406 -0.004927 -0.046438
v 0.071419 0.018897 -0.048127
v 0.081762 0.007175 -0.069077
v 0.081918 0.001690 -0.067218
v 0.070825 0.020221 -0.048339
v 0.070829 0.021266 -0.048322
v 0.070975 -0.003884 -0.050791
v 0.072876 -0.003342 -0.048278
v 0.071112 0.021598 -0.048068
v 0.073721 0.003168 -0.045068
v 0.080324 0.026360 -0.059020
v 0.078169 -0.014218 -0.055483
v 0.076618 -0.016011 -0.052548
v 0.063206 0.007000 -0.049936
v 0.067790 -0.000337 -0.049981
v 0.067030 0.006669 -0.051453
v 0.071975 0.006752 -0.046825
v 0.072017 0.004477 -0.046628
v 0.073448 0.005500 -0.044824
v 0.074845 -0.001149 -0.056293
v 0.071121 0.000100 -0.058199
v 0.072079 0.001137 -0.060200
v 0.076475 0.000287 -0.057551
v 0.081700 -0.003509 -0.064910
v 0.080905 -0.008265 -0.061713
v 0.083536 -0.010073 -0.061789
v 0.084909 -0.004465 -0.065011
v 0.067715 0.058489 -0.080412
v 0.069749 0.048188 -0.064559
v 0.067177 0.064852 -0.068991
v 0.075551 0.034668 -0.062800
v 0.075807 0.032452 -0.064266
v 0.080891 0.033999 -0.066664
v 0.070295 0.038225 -0.049599
v 0.071211 0.035709 -0.052936
v 0.072936 0.035986 -0.051132
v 0.085087 0.012456 -0.070754
v 0.071497 0.020189 -0.042706
v 0.073550 0.020756 -0.044507
v 0.076722 -0.002174 -0.063956
v 0.078176 -0.001340 -0.055104
v 0.080393 -0.000043 -0.056785
v 0.081030 0.035408 -0.056103
v 0.079443 0.032934 -0.053590
v 0.019444 -0.110249 0.006405
v 0.017580 -0.117722 0.002062
v 0.007520 -0.007673 0.058103
v 0.008460 -0.007663 0.056888
v 0.006813 -0.006423 0.055779
v 0.006506 -0.006476 0.056375
v 0.009671 -0.016048 0.057792
v 0.008771 -0.014898 0.057070
v 0.009954 -0.014633 0.056148
v 0.011149 -0.015456 0.057041
v 0.005581 -0.006564 0.056042
v 0.004943 -0.008586 0.058637
v 0.005897 -0.008199 0.059255
v 0.005942 -0.006522 0.056296
v 0.080651 0.038497 -0.056949
v 0.013298 -0.014530 0.057623
v 0.011816 -0.013131 0.056984
v 0.012007 -0.012537 0.058571
v 0.014319 -0.013131 0.059237
v 0.005780 -0.014600 0.065325
v 0.006436 -0.012398 0.065269
v 0.005691 -0.013768 0.063206
v 0.006026 -0.015628 0.062870
v 0.008313 -0.011599 0.064505
v 0.010200 -0.011163 0.066347
v 0.011902 -0.011003 0.064508
v 0.009857 -0.011785 0.062912
v 0.005702 -0.012258 0.058868
v 0.006972 -0.014037 0.060040
v 0.004887 -0.011644 0.061793
v 0.011137 -0.010648 0.057149
v 0.011066 -0.011619 0.056108
v 0.008708 -0.008692 0.055867
v 0.008878 -0.008302 0.055757
v 0.056189 -0.077909 -0.022838
v 0.063071 -0.075006 -0.037718
v 0.031185 0.011931 0.037861
v 0.030953 0.009018 0.038915
v 0.026661 0.009292 0.039644
v 0.027063 0.011900 0.038660
v 0.073377 0.007522 -0.043929
v 0.072452 0.008093 -0.042957
v 0.076309 0.029942 -0.065684
v 0.080005 0.032771 -0.061985
v 0.075566 0.036245 -0.060957
v 0.074769 0.037645 -0.056332
v 0.073600 0.036093 -0.055664
v 0.074048 0.034423 -0.059498
v 0.083333 0.033281 -0.060667
v 0.073719 -0.006161 -0.046277
v 0.078664 0.022089 -0.057249
v 0.074186 0.037994 -0.053895
v 0.077028 0.039770 -0.054321
v 0.084775 0.012392 -0.066333
v 0.084168 0.032085 -0.062398
v 0.083333 0.030260 -0.061230
v 0.077405 0.030545 -0.048647
v 0.073861 0.004139 -0.061286
v 0.079510 0.005184 -0.059112
v 0.078258 0.002198 -0.058434
v -0.092815 -0.005419 -0.070177
v -0.092519 -0.007901 -0.071418
v -0.092642 -0.009781 -0.069575
v -0.092777 -0.007668 -0.068200
v -0.085703 -0.021608 -0.070003
v -0.087412 -0.014855 -0.070989
v -0.088987 -0.012603 -0.071514
v -0.088961 -0.014868 -0.070786
v 0.073491 0.002086 -0.061063
v 0.071220 0.015856 -0.053277
v 0.071085 -0.001356 -0.036947
v 0.080373 -0.010757 -0.051647
v -0.083716 -0.031625 -0.066962
v -0.082589 -0.030792 -0.066950
v -0.084720 -0.026584 -0.068455
v -0.086311 -0.027312 -0.068790
v 0.080953 -0.009439 -0.054050
v 0.032340 -0.027830 -0.118239
v 0.034525 -0.015398 -0.124722
v 0.087182 0.012486 -0.069423
v 0.077085 0.034652 -0.055619
v 0.075675 -0.006216 -0.047408
v 0.077064 -0.011267 -0.045178
v 0.075405 -0.010938 -0.043586
v 0.075138 0.024365 -0.053788
v 0.075637 -0.000905 -0.063861
v 0.074957 0.001274 -0.065083
v 0.063239 0.007744 -0.051300
v 0.079644 -0.006677 -0.061231
v 0.077200 -0.012486 -0.055401
v 0.064861 -0.071592 -0.052077
v 0.061150 -0.068949 -0.068174
v -0.067534 -0.047691 -0.042788
v -0.070423 -0.045402 -0.045383
v -0.070035 -0.048341 -0.046760
v -0.065524 -0.048899 -0.045119
v 0.061779 -0.081813 -0.065975
v 0.064428 -0.085607 -0.050808
v 0.069110 0.012203 -0.037795
v 0.070999 0.005577 -0.039986
v 0.070856 0.004224 -0.038401
v 0.032829 -0.099273 0.000448
v 0.028792 -0.112423 -0.003499
v 0.070376 -0.000867 -0.033394
v 0.069788 -0.001490 -0.021754
v 0.068108 0.014243 -0.022184
v 0.068640 0.008899 -0.032634
v 0.050823 0.042186 0.014381
v 0.052499 0.043441 0.009745
v 0.054875 0.034062 0.009966
v 0.052588 0.034743 0.013840
v 0.000915 0.089560 0.031007
v -0.009111 0.088597 0.033325
v -0.010688 0.095457 0.027250
v -0.000378 0.096236 0.024666
v 0.034919 -0.006763 -0.128769
v 0.034864 0.004022 -0.133313
v 0.016072 -0.002265 -0.140375
v 0.016721 -0.012092 -0.135343
v -0.003709 0.113303 0.002220
v -0.014271 0.112734 0.004919
v -0.015180 0.117830 -0.005138
v -0.062892 -0.046957 -0.046139
v -0.066774 -0.047527 -0.050669
v -0.066909 -0.044234 -0.051928
v -0.063686 -0.044312 -0.048508
v -0.004393 0.118201 -0.007503
v 0.049880 0.013295 0.028320
v 0.053136 0.007990 0.028678
v 0.049530 0.006830 0.032372
v 0.046723 0.012237 0.031309
v 0.077746 -0.016250 -0.042383
v 0.076457 -0.015405 -0.041201
v -0.090050 0.004127 -0.057085
v -0.089698 0.000452 -0.056411
v -0.088273 -0.000405 -0.054389
v -0.088377 0.003249 -0.054664
v -0.071240 -0.023536 -0.067173
v -0.068395 -0.029704 -0.065604
v -0.075091 -0.026188 -0.068101
v -0.075991 -0.023425 -0.068380
v -0.015874 0.122244 -0.016923
v -0.004809 0.122510 -0.018881
v 0.007459 0.014729 0.044555
v -0.086764 -0.004905 -0.063554
v -0.087326 -0.004414 -0.066445
v -0.087488 -0.006490 -0.067646
v -0.086511 -0.007597 -0.065407
v -0.090175 -0.003323 -0.071129
v -0.089797 -0.006090 -0.072578
v -0.067741 -0.039209 -0.042009
v -0.067446 -0.035679 -0.041258
v -0.068062 -0.034203 -0.042743
v -0.068323 -0.035273 -0.044272
v -0.071960 -0.023852 -0.058565
v -0.074402 -0.019763 -0.055915
v -0.078218 -0.041053 -0.062176
v -0.078538 -0.039250 -0.061221
v -0.081456 -0.035769 -0.064298
v -0.081172 -0.037092 -0.065774
v 0.007426 0.016601 0.041825
v 0.011739 0.013861 0.040701
v 0.011778 0.011844 0.042918
v -0.005749 0.061554 0.045289
v -0.006412 0.069415 0.042474
v 0.002414 0.071196 0.041085
v 0.002570 0.063341 0.044354
v 0.016875 0.012341 0.039720
v 0.016399 0.010214 0.041273
v -0.012031 0.101726 0.020530
v -0.001571 0.102492 0.017742
v -0.006664 0.128781 -0.069126
v -0.075949 -0.036562 -0.059500
v -0.078763 -0.034227 -0.062760
v -0.079776 -0.033758 -0.064507
v -0.078564 -0.035731 -0.062509
v -0.006237 0.129016 -0.060639
v -0.017714 0.129370 -0.061038
v -0.089059 -0.002841 -0.064602
v -0.088307 -0.000381 -0.059759
v -0.089570 -0.001762 -0.058399
v -0.090687 -0.004079 -0.062576
v -0.016435 0.128819 -0.073625
v 0.064987 0.013206 -0.093137
v 0.067948 0.013080 -0.077179
v 0.068574 0.025415 -0.078688
v 0.065768 0.030891 -0.095729
v 0.043539 -0.091234 -0.009492
v 0.040196 -0.104894 -0.012677
v -0.079733 -0.012380 -0.067537
v -0.079107 -0.007261 -0.065262
v -0.078311 -0.007770 -0.065189
v -0.078722 -0.012154 -0.067401
v -0.089178 -0.005655 -0.069079
v -0.089235 -0.007885 -0.070319
v -0.087532 -0.008850 -0.069038
v -0.079066 -0.006274 -0.052416
v -0.081012 -0.005629 -0.054415
v -0.080593 -0.007053 -0.055337
v -0.080191 -0.008229 -0.054577
v -0.069309 -0.049038 -0.050406
v -0.065453 -0.037457 -0.059061
v -0.066980 -0.037401 -0.060843
v -0.070346 -0.034102 -0.063762
v -0.069188 -0.032728 -0.064061
v 0.040131 0.062496 0.021433
v 0.040884 0.067958 0.017189
v 0.045568 0.061904 0.013322
v 0.044382 0.057294 0.018062
v -0.004742 0.048978 0.048693
v 0.002662 0.050365 0.048459
v 0.002070 0.043994 0.048693
v -0.004154 0.042686 0.049086
v -0.063479 -0.045179 -0.040453
v -0.066666 -0.045477 -0.040811
v -0.066968 -0.046620 -0.041944
v -0.063746 -0.047103 -0.042323
v 0.054106 0.027285 0.014630
v 0.057080 0.025016 0.011831
v 0.057864 0.016868 0.016874
v 0.054277 0.020027 0.018798
v 0.052077 0.014961 0.025065
v -0.082347 -0.002523 -0.054676
v -0.083897 -0.003491 -0.056522
v -0.082203 -0.003966 -0.055986
v -0.081316 -0.003396 -0.054542
v 0.055572 0.009970 0.025028
v -0.085935 -0.016366 -0.069377
v -0.086408 -0.010078 -0.067083
v 0.001917 0.080429 0.037158
v -0.007678 0.079024 0.038787
v 0.049528 0.053390 0.010492
v 0.047981 0.050212 0.015595
v 0.004227 0.017506 0.046896
v 0.004584 0.019054 0.043413
v 0.001583 0.023125 0.045685
v -0.083593 -0.024982 -0.064511
v -0.083531 -0.024624 -0.067370
v -0.082440 -0.028517 -0.065823
v -0.081959 -0.028525 -0.063255
v -0.001622 0.022205 0.051398
v -0.002324 0.026152 0.049836
v 0.000585 0.026659 0.046357
v 0.019763 0.066401 0.037215
v 0.019910 0.073546 0.033526
v 0.027475 0.073675 0.028024
v 0.027262 0.066954 0.031886
v -0.002690 0.108047 0.010441
v -0.085175 -0.017408 -0.064228
v -0.085244 -0.017315 -0.067521
v -0.013221 0.107345 0.013239
v -0.003537 0.035113 0.048778
v 0.000653 0.036157 0.046936
v 0.000359 0.032466 0.046240
v -0.090303 -0.010040 -0.068458
v -0.089466 -0.015726 -0.069481
v -0.089843 -0.009272 -0.069372
v -0.077983 -0.004104 -0.062368
v -0.079017 -0.001095 -0.066174
v -0.077154 -0.006748 -0.068362
v -0.077772 -0.006380 -0.064192
v -0.003026 0.031921 0.048765
v 0.021507 0.009481 0.040365
v 0.021915 0.011833 0.039292
v 0.068126 -0.017827 -0.047779
v 0.070198 -0.018219 -0.046425
v 0.067298 0.030210 -0.035134
v 0.067567 0.019450 -0.033399
v 0.066419 0.027352 -0.023365
v 0.064621 0.040217 -0.025750
v 0.064421 0.052508 -0.029408
v 0.063429 0.060783 -0.034756
v 0.067862 0.045214 -0.041639
v 0.067626 0.039503 -0.037652
v 0.057043 -0.079489 -0.079509
v 0.054595 -0.068400 -0.082895
v -0.000905 0.019261 0.054325
v -0.000373 0.016325 0.057029
v 0.010155 0.039755 -0.151372
v -0.068971 -0.030579 -0.043293
v -0.070477 -0.028636 -0.044779
v -0.068500 -0.030311 -0.046558
v -0.067444 -0.032560 -0.045855
v 0.012183 0.026320 -0.149561
v 0.031361 0.034239 -0.141089
v 0.029144 0.047041 -0.142450
v 0.063782 0.002149 -0.089322
v -0.070581 -0.036295 -0.062556
v -0.067467 -0.038450 -0.060071
v -0.067816 -0.039196 -0.059422
v -0.070726 -0.037738 -0.061170
v 0.067023 0.003565 -0.074564
v 0.010068 -0.009966 0.058822
v 0.006576 -0.006377 0.055097
v 0.007769 -0.009173 0.056221
v 0.006665 -0.006464 0.055183
v 0.011218 -0.012077 0.060888
v 0.013663 -0.011418 0.062192
v 0.008951 -0.013037 0.055610
v 0.008002 -0.013217 0.056046
v 0.007085 -0.009064 0.056435
v 0.006877 -0.006306 0.055227
v 0.003613 -0.016508 0.067682
v 0.003931 -0.014850 0.070583
v 0.007232 -0.012761 0.069379
v 0.006008 -0.014642 0.067379
v 0.005738 -0.006497 0.056013
v 0.005382 -0.009133 0.057512
v 0.005511 -0.010733 0.063158
v 0.006672 -0.007850 0.058981
v 0.006226 -0.006475 0.056394
v 0.007252 -0.010007 0.062261
v 0.007312 -0.016009 0.060487
v 0.008671 -0.009870 0.060720
v -0.085504 -0.003034 -0.058457
v -0.085216 -0.007250 -0.059612
v -0.083911 -0.007013 -0.058377
v -0.072600 -0.034951 -0.052047
v -0.073218 -0.033800 -0.054114
v -0.073754 -0.036610 -0.055346
v -0.073111 -0.038501 -0.053379
v 0.076987 -0.002489 -0.053695
v 0.063634 -0.054972 -0.032589
v 0.065195 -0.038722 -0.040480
v 0.064871 -0.039824 -0.046158
v -0.073483 -0.046334 -0.056195
v -0.070957 -0.046387 -0.057211
v -0.068697 -0.047962 -0.053677
v -0.071273 -0.048317 -0.053301
v -0.068294 -0.033875 -0.045099
v -0.068214 -0.032784 -0.043104
v -0.081495 -0.012437 -0.069403
v -0.081804 -0.006609 -0.066531
v 0.064413 -0.057045 -0.041940
v 0.076665 0.024175 -0.054977
v 0.052543 0.070130 -0.004944
v 0.051055 0.081312 -0.014460
v 0.058442 0.071430 -0.026032
v -0.085910 -0.008922 -0.063409
v -0.085896 -0.011158 -0.064882
v 0.060500 0.061401 -0.020694
v 0.049608 0.091035 -0.022674
v 0.056757 0.081961 -0.033412
v 0.062145 0.071032 -0.042998
v 0.068342 0.051354 -0.056286
v 0.036730 0.025601 0.032857
v 0.036919 0.025464 0.032971
v 0.035439 0.024883 0.034254
v -0.073884 -0.018750 -0.048551
v -0.072345 -0.017987 -0.050359
v -0.072491 -0.018851 -0.050245
v -0.074311 -0.020319 -0.048284
v 0.035484 0.025018 0.034102
v 0.036239 0.025770 0.032260
v 0.034862 0.025021 0.033366
v -0.073823 -0.019195 -0.047009
v -0.074024 -0.020830 -0.046856
v -0.073348 -0.020753 -0.046022
v -0.073165 -0.019891 -0.045854
v 0.037139 0.026292 0.031279
v 0.037667 0.026094 0.031790
v 0.037936 0.025904 0.031890
v 0.019082 0.023045 0.036340
v 0.019842 0.023563 0.035808
v 0.022650 0.023150 0.035947
v 0.021851 0.022937 0.036979
v 0.018872 0.022746 0.036765
v 0.021877 0.022599 0.037360
v -0.071693 -0.017608 -0.050899
v -0.072030 -0.017978 -0.050605
v -0.072296 -0.017508 -0.050666
v -0.075929 -0.015641 -0.062335
v -0.074506 -0.022862 -0.063995
v -0.073485 -0.023968 -0.063903
v -0.075857 -0.018623 -0.061591
v 0.022559 0.025949 0.030237
v 0.021934 0.026137 0.030122
v -0.084192 -0.023685 -0.068951
v 0.023494 0.025757 0.030355
v 0.016977 0.024577 0.033941
v 0.016747 0.025840 0.033923
v -0.085614 0.000254 -0.050665
v -0.085357 0.003095 -0.050385
v -0.088128 0.005241 -0.054293
v 0.021401 0.027073 0.030092
v 0.021545 0.026302 0.030030
v 0.017439 0.024268 0.034231
v -0.067639 -0.031192 -0.056643
v -0.071281 -0.031638 -0.054100
v -0.070599 -0.031558 -0.052375
v -0.068240 -0.031422 -0.054750
v -0.070229 -0.026547 -0.049472
v -0.067348 -0.029061 -0.049313
v -0.071035 -0.028334 -0.047330
v -0.074883 -0.013578 -0.046798
v -0.073599 -0.017010 -0.049504
v -0.073601 -0.017996 -0.048175
v -0.073675 -0.017730 -0.046830
v -0.083611 -0.032278 -0.068374
v -0.085876 -0.027452 -0.070499
v -0.084320 -0.027319 -0.072236
v -0.082081 -0.032587 -0.070083
v 0.015817 0.023575 0.034349
v 0.014756 0.023709 0.033813
v -0.065497 -0.041781 -0.039413
v -0.060485 -0.042870 -0.042768
v -0.064999 -0.039229 -0.039476
v -0.092620 0.000931 -0.065090
v -0.090998 0.003026 -0.065304
v -0.090874 0.001143 -0.067577
v -0.092940 -0.000968 -0.067159
v -0.074934 -0.012483 -0.054659
v -0.074136 -0.014266 -0.054524
v -0.074772 -0.013364 -0.053127
v -0.075139 -0.011247 -0.053134
v 0.014462 0.025374 0.034032
v 0.027157 0.022639 0.037393
v 0.027518 0.021928 0.037426
v 0.022818 0.021357 0.037699
v 0.022273 0.022090 0.037605
v 0.026862 0.023028 0.037232
v 0.030282 0.023803 0.036308
v 0.030410 0.023355 0.036458
v 0.030745 0.022652 0.036414
v -0.048292 -0.039108 -0.096746
v -0.055764 -0.040875 -0.078065
v -0.061592 -0.029002 -0.086536
v -0.054738 -0.027785 -0.102225
v -0.074891 -0.043549 -0.055466
v -0.073851 -0.045483 -0.052863
v -0.078191 -0.006737 -0.045356
v -0.077853 -0.005035 -0.044051
v -0.079579 0.000229 -0.045626
v -0.079885 -0.002890 -0.045910
v 0.019377 0.021625 0.037469
v 0.019095 0.022414 0.037169
v 0.030957 0.021994 0.036388
v 0.027912 0.021323 0.037373
v -0.089026 -0.013477 -0.074376
v -0.091171 -0.014666 -0.072930
v 0.023147 0.020750 0.037682
v 0.019409 0.021208 0.037546
v 0.016372 0.021852 0.036829
v 0.017482 0.022258 0.036930
v 0.028235 0.020586 0.037207
v 0.028279 0.019760 0.037195
v 0.023455 0.019177 0.037739
v 0.023374 0.019999 0.037687
v -0.081831 -0.002255 -0.053146
v -0.083965 0.000112 -0.056043
v -0.082403 -0.001740 -0.054993
v -0.081219 -0.002871 -0.053387
v -0.080198 -0.010195 -0.050098
v -0.081001 -0.009057 -0.050103
v -0.079377 -0.007839 -0.050318
v -0.078243 -0.008934 -0.050510
v 0.031220 0.021261 0.036096
v 0.031378 0.020398 0.036019
v -0.078170 -0.000209 -0.042913
v -0.080124 0.004508 -0.046222
v 0.039064 0.026220 0.030132
v 0.039498 0.026809 0.029256
v 0.039563 0.026259 0.029299
v -0.063578 -0.036776 -0.058426
v 0.039278 0.025782 0.029768
v 0.042243 0.024181 0.026459
v 0.042998 0.025729 0.025678
v 0.044691 0.025460 0.024076
v -0.079794 -0.008170 -0.047421
v -0.081020 -0.005806 -0.047562
v -0.081842 -0.007452 -0.049918
v -0.066532 -0.034735 -0.039289
v -0.067712 -0.033206 -0.041418
v -0.080858 -0.003166 -0.053154
v -0.080054 -0.004175 -0.052995
v -0.078033 -0.007693 -0.051365
v -0.078678 -0.008932 -0.053525
v 0.043784 0.023703 0.025374
v -0.081225 -0.015812 -0.060574
v -0.080347 -0.023798 -0.061963
v 0.053582 0.017042 0.021709
v 0.046660 0.021463 0.024692
v 0.047779 0.023203 0.022597
v 0.038572 0.025903 0.030953
v 0.037978 0.025506 0.031895
v 0.038502 0.026231 0.030954
v 0.038932 0.026655 0.030023
v 0.038826 0.025320 0.030598
v 0.038152 0.024912 0.031672
v 0.036996 0.025145 0.032967
v 0.037131 0.024451 0.032880
v 0.035590 0.023840 0.034230
v 0.035387 0.024569 0.034305
v 0.033278 0.023993 0.035438
v -0.064221 -0.030621 -0.072766
v -0.058615 -0.041404 -0.058286
v 0.033591 0.024462 0.035219
v 0.033565 0.023279 0.035338
v 0.035862 0.023230 0.033965
v 0.033833 0.022634 0.035205
v 0.037318 0.023820 0.032475
v 0.038362 0.024387 0.031209
v 0.039064 0.024907 0.030077
v 0.039674 0.025427 0.029251
v 0.040035 0.026150 0.028698
v 0.039505 0.024436 0.029447
v 0.040272 0.023855 0.028610
v 0.039144 0.023109 0.030021
v 0.038678 0.023842 0.030694
v 0.040275 0.025115 0.028513
v 0.041178 0.024678 0.027519
v -0.078321 -0.007183 -0.050620
v -0.078581 -0.006665 -0.050807
v -0.077983 -0.007356 -0.050531
v -0.077345 -0.008115 -0.050957
v 0.037651 0.023282 0.032013
v 0.037882 0.022551 0.031548
v 0.036207 0.021847 0.033156
v 0.036064 0.022590 0.033614
v -0.072524 -0.047137 -0.050323
v -0.082012 -0.009809 -0.058474
v -0.079394 -0.011425 -0.056472
v -0.081124 -0.009775 -0.056513
v 0.034056 0.021970 0.034907
v 0.034348 0.021143 0.034526
v -0.087295 -0.022936 -0.068959
v -0.090529 -0.016192 -0.069100
v -0.091819 -0.016248 -0.070479
v -0.088469 -0.023279 -0.070068
v 0.026862 0.023089 0.036979
v 0.026522 0.023279 0.035803
v 0.029974 0.023704 0.035236
v 0.030521 0.023797 0.035980
v 0.033719 0.024492 0.035044
v -0.061424 -0.045511 -0.044621
v -0.073786 -0.014906 -0.055865
v -0.074649 -0.016444 -0.055173
v 0.032911 0.024389 0.034381
v 0.029868 0.023776 0.034027
v 0.027767 0.025727 0.030054
v 0.029094 0.026004 0.029693
v 0.032464 0.024366 0.033266
v -0.077060 -0.010283 -0.053817
v -0.076612 -0.008890 -0.051279
v 0.026756 0.023468 0.034519
v 0.026269 0.025597 0.030287
v 0.023411 0.023569 0.034672
v -0.068374 -0.030555 -0.041128
v 0.024759 0.025616 0.030387
v 0.020633 0.023793 0.034937
v 0.025832 0.036206 0.037236
v 0.025821 0.036411 0.037606
v 0.031091 0.036799 0.036550
v 0.030615 0.036366 0.036310
v 0.046820 0.009870 -0.122763
v 0.045325 0.025255 -0.128241
v 0.033977 0.018314 -0.138035
v 0.033870 0.034431 0.035335
v 0.033622 0.035428 0.035118
v 0.036280 0.034676 0.033355
v 0.036341 0.033680 0.033462
v 0.034082 0.033353 0.035645
v -0.088729 -0.002009 -0.066390
v -0.089130 -0.003693 -0.067698
v -0.087462 -0.002927 -0.065244
v -0.087527 -0.001843 -0.063754
v -0.087505 0.000499 -0.062057
v -0.087103 0.001305 -0.061638
v -0.088435 -0.000414 -0.064758
v -0.079292 -0.009984 -0.054705
v -0.080519 -0.009161 -0.055509
v 0.036369 0.032528 0.033635
v 0.031145 0.034057 0.037535
v -0.072550 -0.036116 -0.050316
v -0.072104 -0.041299 -0.050318
v -0.080756 -0.031674 -0.063756
v -0.080119 -0.031010 -0.061183
v -0.082912 -0.021250 -0.072869
v -0.084821 -0.012858 -0.072716
v -0.083188 -0.012749 -0.070809
v -0.081829 -0.020859 -0.071554
v 0.030935 0.035246 0.037212
v 0.030651 0.036062 0.036725
v 0.035538 0.030886 0.029446
v 0.034633 0.031599 0.030175
v -0.077144 -0.017889 -0.068357
v -0.074238 -0.016358 -0.068062
v -0.073062 -0.019053 -0.045280
v -0.073225 -0.015318 -0.043158
v -0.075744 -0.010702 -0.053102
v -0.076206 -0.009094 -0.051665
v -0.074639 -0.034609 -0.065285
v -0.069744 -0.040287 -0.057682
v -0.074354 -0.036681 -0.063497
v -0.065845 -0.040057 -0.055482
v -0.065389 -0.040906 -0.053132
v -0.067686 -0.041465 -0.054830
v 0.035365 0.031569 0.031604
v 0.036510 0.031033 0.030328
v 0.036306 0.030392 0.028841
v 0.037272 0.030497 0.029410
v 0.031334 0.029282 0.027402
v 0.030907 0.029543 0.027725
v 0.030285 0.029854 0.028177
v -0.076332 -0.034636 -0.058538
v -0.078436 -0.033747 -0.061072
v 0.031616 0.028999 0.027211
v -0.072195 -0.018170 -0.051515
v -0.070663 -0.019423 -0.053292
v -0.070390 -0.017868 -0.051302
v -0.083841 -0.016931 -0.062151
v -0.082818 -0.024583 -0.062748
v -0.080991 -0.006808 -0.050762
v 0.031809 0.028668 0.027131
v -0.076645 -0.015357 -0.050324
v -0.077946 -0.012260 -0.048430
v -0.084484 -0.004541 -0.050735
v -0.082958 -0.005672 -0.051272
v -0.081992 -0.006334 -0.051000
v -0.082920 -0.005994 -0.050039
v -0.064054 -0.025393 -0.052936
v -0.065848 -0.027529 -0.051084
v -0.068077 -0.024970 -0.050489
v 0.031929 0.028284 0.027144
v 0.031842 0.027925 0.027305
v 0.059140 0.002342 0.022758
v 0.057127 0.012687 0.021039
v -0.086408 0.000621 -0.059231
v -0.086556 -0.001210 -0.060258
v -0.083249 -0.006254 -0.068111
v 0.060873 0.005528 0.018152
v 0.038198 0.026489 0.030801
v -0.081608 -0.005496 -0.055295
v -0.081116 -0.006667 -0.056403
v 0.038643 0.026975 0.029906
v -0.082664 0.006133 -0.060273
v -0.082560 0.003544 -0.056894
v -0.082359 0.003876 -0.055708
v -0.083000 0.008417 -0.055783
v 0.037636 0.026680 0.030414
v -0.064327 -0.042837 -0.049756
v -0.066668 -0.043582 -0.052586
v -0.066666 -0.042325 -0.053102
v -0.065063 -0.041488 -0.051142
v -0.070004 -0.031594 -0.051709
v -0.068253 -0.031618 -0.053665
v 0.038025 0.027169 0.029664
v -0.081707 -0.030532 -0.066713
v -0.081087 -0.031281 -0.065630
v -0.082856 -0.027603 -0.067630
v -0.083335 -0.026253 -0.068596
v 0.039063 0.027660 0.029061
v 0.039460 0.027429 0.029009
v 0.035546 0.025785 0.031483
v 0.030890 0.026704 0.028802
v 0.031386 0.027010 0.028330
v -0.075786 -0.011965 -0.058070
v -0.075225 -0.012801 -0.056891
v -0.080475 -0.000784 -0.058964
v -0.082868 0.000644 -0.060286
v -0.083228 0.002662 -0.057066
v -0.081381 0.001379 -0.057017
v -0.085036 -0.005855 -0.070059
v 0.036257 0.026406 0.030598
v 0.034202 0.025060 0.032419
v 0.030100 0.026352 0.029268
v 0.031502 0.027316 0.027957
v 0.031721 0.027581 0.027579
v -0.080949 -0.008166 -0.056359
v -0.081306 -0.008050 -0.057199
v 0.036459 0.026825 0.029899
v -0.080826 -0.007736 -0.055810
v 0.036856 0.027361 0.029188
v 0.038247 0.027881 0.029087
v -0.077330 -0.009649 -0.050799
v -0.079222 -0.011158 -0.050832
v -0.084142 -0.004110 -0.052264
v -0.087072 -0.001353 -0.054783
v -0.086330 -0.000669 -0.056155
v -0.083796 -0.003168 -0.052542
v 0.037172 0.028603 0.028340
v 0.037065 0.029230 0.028337
v 0.038314 0.028490 0.028850
v -0.079627 -0.005251 -0.051339
v 0.038238 0.029232 0.028752
v 0.037081 0.028026 0.028608
v -0.011337 -0.035079 -0.123937
v -0.014232 -0.025594 -0.131224
v 0.036776 0.029844 0.028487
v 0.037921 0.029820 0.028995
v 0.039778 0.027007 0.028829
v 0.039678 0.027945 0.028645
v 0.039904 0.029091 0.028064
v 0.040217 0.027159 0.028304
v -0.084050 0.003105 -0.049850
v -0.084308 0.004470 -0.053243
v -0.085509 0.005150 -0.053828
v -0.084718 0.003746 -0.050440
v -0.087067 -0.002843 -0.063405
v 0.040858 0.027361 0.027563
v 0.040676 0.026000 0.027860
v 0.040703 0.030065 0.027592
v 0.041948 0.030860 0.026723
v -0.089671 -0.006734 -0.068318
v -0.075309 -0.018574 -0.054015
v -0.072196 -0.020661 -0.054760
v 0.042009 0.027633 0.026492
v 0.041617 0.025940 0.026841
v 0.039287 0.028430 0.028688
v -0.062808 -0.019349 -0.053612
v -0.063361 -0.018301 -0.053423
v -0.063935 -0.018749 -0.054445
v -0.063681 -0.019586 -0.054818
v 0.039228 0.029103 0.028425
v 0.039936 0.031108 0.028810
v -0.065858 -0.025326 -0.055487
v -0.067868 -0.026522 -0.054770
v -0.066687 -0.027765 -0.053188
v -0.065093 -0.026426 -0.054769
v 0.040514 0.032219 0.028542
v 0.039433 0.030288 0.029028
v 0.038752 0.031057 0.030213
v 0.039101 0.031984 0.030141
v -0.061813 -0.021803 -0.053932
v -0.062343 -0.020455 -0.053740
v -0.062990 -0.021047 -0.055190
v -0.062360 -0.022485 -0.055661
v 0.039491 0.032986 0.029941
v 0.038023 0.032772 0.031713
v -0.085923 0.001292 -0.057572
v -0.087411 0.000797 -0.059681
v 0.038198 0.033814 0.031608
v 0.037804 0.031746 0.031740
v 0.038876 0.029880 0.029042
v -0.091388 -0.008437 -0.067014
v -0.091308 -0.010474 -0.068112
v -0.089678 -0.002936 -0.065580
v -0.089814 -0.004778 -0.066878
v 0.038239 0.030541 0.029964
v 0.037297 0.031230 0.031242
v 0.036099 0.031680 0.033135
v -0.071233 -0.026126 -0.044568
v -0.072260 -0.026103 -0.046208
v -0.071628 -0.027585 -0.046218
v -0.092987 -0.006197 -0.066722
v -0.092927 -0.003263 -0.068620
v -0.067705 -0.041906 -0.041340
v -0.066529 -0.043294 -0.040036
v -0.038233 -0.104231 -0.024324
v -0.047657 -0.099915 -0.037158
v -0.048101 -0.109213 -0.036843
v -0.038835 -0.113544 -0.024528
v -0.084208 -0.001331 -0.049233
v -0.083342 0.001620 -0.049056
v 0.034061 0.032390 0.035209
v 0.033295 0.032132 0.033412
v 0.031089 0.033060 0.037068
v -0.061553 -0.023773 -0.054276
v -0.061505 -0.023876 -0.054285
v -0.063750 -0.026092 -0.054044
v -0.066930 -0.020992 -0.051662
v -0.063471 -0.019869 -0.052861
v 0.030431 0.032366 0.035057
v 0.026152 0.037441 0.038371
v 0.031831 0.038136 0.037124
v 0.029941 0.032344 0.033128
v 0.027879 0.030141 0.029562
v 0.026334 0.029923 0.030069
v 0.026844 0.031790 0.034137
v -0.066756 -0.024023 -0.055474
v 0.017135 0.026979 0.034466
v 0.017876 0.028126 0.035085
v -0.067365 -0.018895 -0.054079
v -0.067452 -0.017816 -0.052805
v -0.066033 -0.030446 -0.050262
v -0.066816 -0.031538 -0.052109
v -0.068324 -0.032317 -0.049002
v -0.062331 -0.024516 -0.055675
v -0.076935 -0.010803 -0.056129
v 0.022008 0.028117 0.030595
v 0.021603 0.027618 0.030344
v 0.015570 0.026633 0.035136
v 0.016708 0.027973 0.035982
v -0.069486 -0.024223 -0.055360
v -0.070080 -0.026558 -0.057336
v -0.069061 -0.028052 -0.056410
v -0.068518 -0.025755 -0.055251
v -0.074264 -0.037120 -0.056853
v -0.074636 -0.035397 -0.056851
v -0.067448 -0.030299 -0.058994
v -0.070890 -0.031372 -0.057103
v -0.075960 -0.015935 -0.054097
v -0.077911 -0.013479 -0.051754
v -0.072893 -0.018249 -0.052062
v -0.070006 -0.022182 -0.054480
v -0.071089 -0.024737 -0.056795
v -0.067257 -0.019913 -0.051859
v -0.070437 -0.020207 -0.050478
v -0.070400 -0.019125 -0.050805
v -0.067415 -0.018975 -0.052148
v -0.082660 -0.006779 -0.057669
v -0.081531 0.000075 -0.047181
v -0.082483 -0.003380 -0.048171
v -0.084546 0.010498 -0.071986
v -0.081050 0.003098 -0.076997
v -0.081505 0.003344 -0.064100
v -0.067855 -0.022579 -0.055390
v -0.063748 -0.017853 -0.053546
v -0.064319 -0.018646 -0.053215
v -0.080508 -0.034570 -0.064542
v -0.068794 -0.033193 -0.048502
v -0.076005 -0.011276 -0.051244
v -0.081465 -0.026242 -0.071773
v -0.079468 -0.031335 -0.069887
v -0.076005 -0.009887 -0.051478
v -0.076359 -0.008941 -0.051483
v -0.067652 -0.031666 -0.053098
v -0.069413 -0.032125 -0.050478
v -0.076678 -0.008727 -0.051234
v -0.072362 -0.026517 -0.047609
v -0.086193 -0.007573 -0.062274
v 0.021179 0.030177 0.035279
v 0.023579 0.029064 0.030747
v -0.070124 -0.043609 -0.057712
v -0.068158 -0.044655 -0.054639
v 0.022632 0.028585 0.030744
v -0.064093 -0.019012 -0.052766
v 0.019506 0.029181 0.035153
v -0.065540 -0.027325 -0.052505
v -0.067351 -0.020616 -0.054378
v 0.020342 0.030532 0.037210
v 0.018180 0.029156 0.036595
v 0.026952 0.032178 0.036305
v -0.072105 -0.022716 -0.049492
v -0.071280 -0.024648 -0.049237
v -0.072996 -0.024463 -0.047412
v 0.004580 0.075109 -0.148124
v 0.007144 0.059744 -0.151471
v -0.071999 -0.030921 -0.058759
v -0.068825 -0.028460 -0.060945
v -0.070334 -0.027927 -0.062891
v -0.074103 -0.030143 -0.059949
v -0.077164 -0.035960 -0.067474
v -0.074623 -0.039890 -0.064080
v -0.076259 -0.041732 -0.064058
v -0.079486 -0.037724 -0.067403
v 0.025921 0.065383 -0.142533
v 0.023257 0.078628 -0.139825
v -0.088542 0.026206 -0.080783
v -0.086074 0.015828 -0.065095
v -0.090237 0.032250 -0.069333
v -0.085957 0.001572 -0.065248
v -0.085390 -0.000524 -0.066850
v -0.090506 -0.000893 -0.069475
v -0.082333 0.006562 -0.050856
v -0.082208 0.004005 -0.054391
v -0.084013 0.003627 -0.052844
v -0.086129 -0.022334 -0.073715
v 0.032479 0.032119 0.031739
v 0.029210 0.030089 0.028878
v 0.032818 0.081644 -0.132004
v 0.030393 0.089845 -0.129097
v 0.021508 0.090054 -0.134690
v 0.039891 -0.057462 -0.100600
v 0.030480 -0.070268 -0.107278
v -0.076594 -0.010106 -0.045657
v -0.078607 -0.010321 -0.047638
v 0.013632 0.025980 0.036396
v -0.074034 -0.033230 -0.066133
v 0.015168 0.027644 0.036919
v -0.075205 -0.032259 -0.057271
v -0.077576 -0.032009 -0.058983
v -0.091068 0.000290 -0.058779
v -0.088248 -0.001180 -0.056566
v 0.012646 0.024580 0.035972
v 0.011978 0.024284 0.036027
v 0.012862 0.025915 0.036383
v 0.014168 0.027664 0.036926
v 0.017103 0.029198 0.037446
v 0.016313 0.029489 0.037879
v 0.019514 0.031580 0.038933
v 0.019723 0.030744 0.038482
v 0.026909 0.033024 0.038248
v 0.026827 0.034029 0.038734
v 0.018804 0.032370 0.038497
v 0.015645 0.029945 0.037402
v 0.017982 0.033234 0.037977
v 0.015288 0.030967 0.037166
v 0.026266 0.035913 0.037637
v 0.026705 0.035158 0.038361
v 0.016000 0.022657 0.036348
v 0.013688 0.022596 0.036124
v 0.016494 0.023056 0.036206
v 0.014034 0.022951 0.035880
v 0.017628 0.023662 0.035352
v 0.013034 0.023331 0.035670
v 0.012319 0.022996 0.035893
v -0.001234 -0.112179 0.005952
v -0.002953 -0.119097 0.001488
v 0.018538 0.024021 0.034740
v 0.012106 0.025806 0.035932
v 0.011091 0.023924 0.035847
v 0.010913 0.026100 0.035183
v 0.010325 0.023896 0.035370
v 0.012870 0.028987 0.035897
v 0.013387 0.027784 0.036145
v 0.011389 0.022673 0.035777
v 0.012197 0.022234 0.036011
v 0.010667 0.022485 0.035596
v 0.011527 0.021870 0.035908
v 0.019298 0.020534 0.037608
v 0.019188 0.019845 0.037654
v 0.015710 0.021234 0.036914
v 0.015187 0.020675 0.036829
v 0.028206 0.018842 0.037048
v 0.031417 0.019441 0.036038
v 0.028062 0.017632 0.037071
v -0.007170 -0.010606 0.057957
v -0.008048 -0.010946 0.056743
v -0.007010 -0.009185 0.055649
v -0.006702 -0.009115 0.056246
v 0.031479 0.018226 0.035950
v 0.022953 0.017195 0.037858
v 0.023292 0.018270 0.037787
v 0.038923 -0.113811 -0.014136
v 0.041214 0.023147 0.027893
v 0.042444 0.022331 0.027234
v 0.041001 0.021244 0.029048
v 0.039858 0.022346 0.029395
v 0.038295 0.021610 0.031052
v -0.006026 -0.019127 0.057624
v -0.005656 -0.017721 0.056939
v -0.006835 -0.017939 0.056009
v -0.007594 -0.019141 0.056863
v 0.039037 0.020368 0.030932
v 0.036759 0.019572 0.032786
v 0.036337 0.020831 0.032852
v 0.034467 0.020200 0.034369
v 0.034549 0.018806 0.034409
v 0.043679 0.027554 0.025061
v 0.044031 0.031190 0.024632
v 0.045427 0.027329 0.023360
v 0.046217 0.031296 0.022416
v 0.008965 0.026726 0.035341
v -0.005840 -0.008846 0.055912
v -0.004483 -0.010466 0.058515
v -0.005500 -0.010487 0.059119
v -0.006181 -0.008949 0.056170
v 0.009147 0.023990 0.035087
v 0.007236 0.027175 0.036307
v 0.007600 0.024292 0.035882
v 0.008046 0.030369 0.037360
v 0.010078 0.029855 0.036105
v 0.009825 0.022380 0.035523
v 0.010850 0.021414 0.035707
v 0.008750 0.022041 0.035808
v 0.010057 0.020761 0.036027
v 0.018787 0.018971 0.037577
v 0.018420 0.017925 0.037571
v 0.014676 0.019967 0.036941
v 0.013936 0.018965 0.036948
v 0.047029 -0.002011 -0.117908
v 0.043074 0.040920 -0.130918
v 0.038228 0.043476 0.034427
v 0.036559 0.040243 0.035226
v 0.032829 0.040751 0.037485
v 0.033955 0.044429 0.037644
v 0.039973 0.047877 0.032087
v 0.042937 0.044877 0.029176
v 0.041266 0.041675 0.031410
v 0.039466 0.039060 0.032859
v 0.044310 0.034274 0.025421
v 0.042606 0.033856 0.027061
v 0.042313 0.035699 0.028432
v 0.043843 0.036686 0.026913
v 0.046345 0.034726 0.023184
v 0.045968 0.037983 0.024831
v 0.042846 0.038993 0.029038
v 0.041126 0.037336 0.030484
v 0.044899 0.041134 0.027054
v 0.015212 0.036963 0.039671
v 0.015973 0.035439 0.038409
v 0.013479 0.032641 0.037199
v 0.012019 0.033099 0.037876
v 0.013691 0.037963 0.040668
v 0.009878 0.033598 0.038735
v 0.027212 0.043536 0.040521
v 0.026828 0.040384 0.039449
v 0.017548 0.033859 0.037452
v 0.015800 0.032200 0.037329
v 0.017115 0.033916 0.037366
v 0.015137 0.031936 0.037119
v 0.037009 0.102168 -0.111327
v 0.038005 0.108390 -0.098797
v 0.019763 0.115740 -0.105196
v 0.020306 0.108351 -0.117507
v 0.033549 0.035785 0.035316
v 0.034196 0.036433 0.035117
v 0.036837 0.035843 0.033331
v 0.036266 0.035228 0.033551
v 0.038355 0.034555 0.031589
v 0.038905 0.035184 0.031446
v 0.040259 0.034297 0.029761
v 0.039758 0.033869 0.029957
v 0.040533 0.033180 0.028764
v 0.041058 0.033280 0.028302
v 0.015092 0.032885 0.037351
v 0.016920 0.034364 0.037815
v 0.036422 0.070345 -0.133255
v 0.027848 0.081060 0.022966
v 0.035348 0.079014 0.016376
v 0.034639 0.072508 0.022082
v 0.035037 0.037732 0.035496
v 0.037829 0.037031 0.033422
v 0.039799 0.036092 0.031260
v 0.041121 0.034984 0.029470
v 0.041703 0.034064 0.028260
v 0.071233 0.001412 -0.038450
v 0.071416 0.001544 -0.040096
v 0.075509 0.012788 -0.065890
v 0.072025 0.018737 -0.064865
v 0.070172 0.021873 -0.063587
v 0.074243 0.029930 -0.049436
v 0.075594 0.033297 -0.052257
v 0.083329 -0.004683 -0.059083
v 0.080413 -0.007253 -0.055334
v -0.092074 0.003225 -0.059497
v 0.082889 -0.003817 -0.059591
v 0.082492 0.030518 -0.061502
v 0.083167 0.029029 -0.062882
v 0.084127 0.028872 -0.062565
v 0.043368 -0.025655 -0.108066
v 0.046116 -0.011277 -0.114005
v 0.083684 0.027370 -0.064265
v 0.072134 0.006464 -0.042312
v 0.076861 0.012556 -0.066066
v 0.078675 0.012313 -0.067829
v 0.080631 0.007503 -0.068100
v 0.079667 0.007861 -0.067448
v 0.080904 0.002391 -0.066358
v 0.079949 0.003077 -0.065882
v 0.083816 -0.000679 -0.062118
v 0.083038 0.003633 -0.064902
v 0.076524 0.033894 -0.053649
v 0.076593 0.033120 -0.052903
v 0.077254 0.034040 -0.054086
v 0.073186 0.005531 -0.043692
v 0.072978 0.027453 -0.049491
v 0.073093 0.025682 -0.047731
v 0.072694 0.026061 -0.048208
v 0.070288 0.009945 -0.047581
v 0.069908 0.010693 -0.047723
v 0.071717 0.008746 -0.047238
v 0.073625 0.007822 -0.045161
v 0.069471 -0.000739 -0.047434
v 0.069245 -0.001507 -0.048988
v 0.068812 -0.002315 -0.048443
v 0.077970 0.040002 -0.057285
v 0.073411 0.024743 -0.047318
v 0.074400 0.025937 -0.047694
v 0.074760 0.027139 -0.048034
v 0.078095 0.033510 -0.054247
v 0.075073 0.028103 -0.048271
v 0.074042 0.027984 -0.048454
v 0.075043 0.029779 -0.049300
v 0.073364 0.027966 -0.048835
v 0.073837 0.002812 -0.060945
v 0.072862 0.002547 -0.058956
v 0.068735 0.021493 -0.038931
v 0.069737 0.019686 -0.040777
v 0.079598 -0.008192 -0.053139
v 0.069862 0.027690 -0.058004
v 0.070467 0.030890 -0.060163
v 0.084084 0.008028 -0.066109
v 0.078508 0.000428 -0.056750
v 0.076628 -0.000926 -0.055467
v 0.080437 0.002225 -0.058137
v 0.081958 0.005142 -0.059570
v 0.071194 0.018285 -0.051575
v 0.079381 0.024247 -0.057412
v 0.080177 0.022194 -0.058675
v 0.077990 0.024147 -0.056101
v 0.071051 0.034338 -0.058787
v 0.071366 0.034080 -0.056166
v 0.068853 0.030469 -0.057267
v 0.071526 0.032206 -0.055508
v 0.070702 0.002867 -0.047032
v 0.069393 -0.003120 -0.050892
v 0.071258 -0.001246 -0.052235
v 0.070547 -0.003305 -0.051898
v 0.071924 -0.002097 -0.053517
v 0.071923 -0.000835 -0.054971
v 0.072080 0.000904 -0.056103
v 0.073061 0.002994 -0.056038
v 0.069700 0.006836 -0.047552
v 0.070799 0.034395 -0.046757
v 0.069585 0.004989 -0.047634
v 0.070812 0.008739 -0.047366
v 0.071069 0.007045 -0.047067
v 0.070950 0.005106 -0.046883
v 0.075480 -0.004097 -0.049401
v 0.075332 -0.002595 -0.051840
v 0.074358 -0.003767 -0.048698
v 0.075674 -0.001984 -0.053985
v 0.073312 -0.003564 -0.048230
v 0.071324 0.028877 -0.057423
v 0.071644 0.031845 -0.057437
v 0.070345 0.004677 -0.036798
v 0.061853 0.010964 0.012790
v 0.061293 0.020537 0.007016
v 0.034124 -0.043711 0.035930
v 0.033850 -0.046758 0.036437
v 0.056644 -0.000728 0.027184
v 0.052903 -0.004370 0.032059
v 0.032013 -0.038978 0.046968
v 0.031207 -0.039759 0.047144
v 0.030164 -0.039250 0.047490
v 0.031050 -0.039024 0.047070
v 0.028791 -0.038725 0.046092
v 0.029804 -0.038956 0.045129
v 0.029912 -0.038854 0.046408
v 0.028932 -0.038586 0.047239
v 0.032415 -0.023991 0.047662
v 0.035280 -0.019126 0.046158
v 0.039050 -0.022835 0.044902
v 0.036463 -0.026866 0.046412
v 0.031927 -0.041107 0.038152
v 0.031549 -0.039614 0.038473
v 0.030780 -0.039399 0.041217
v 0.030818 -0.040124 0.040974
v 0.032057 -0.042125 0.038244
v 0.030722 -0.040482 0.041062
v 0.033796 -0.042034 0.035803
v 0.033099 -0.039587 0.035966
v 0.041964 -0.043143 0.043031
v 0.038056 -0.041810 0.044727
v 0.038442 -0.038691 0.044981
v 0.042079 -0.038634 0.043335
v 0.026584 -0.012877 0.046866
v 0.031116 -0.015656 0.046703
v 0.029162 -0.020741 0.047730
v 0.024302 -0.017206 0.047618
v 0.019700 -0.013537 0.047974
v 0.021799 -0.009640 0.046926
v 0.016025 -0.006035 0.051095
v 0.017455 -0.009491 0.052454
v 0.017161 -0.010606 0.055875
v 0.016964 -0.008329 0.054640
v 0.016360 -0.014937 0.054553
v 0.018007 -0.011682 0.051085
v 0.012853 -0.017104 0.055189
v -0.009925 -0.019129 0.057415
v -0.009112 -0.017266 0.056800
v -0.009478 -0.016790 0.058376
v -0.011395 -0.018228 0.059015
v 0.012553 -0.016642 0.056184
v 0.016562 -0.015346 0.052930
v -0.002948 -0.016358 0.065239
v -0.004358 -0.014582 0.065132
v -0.003292 -0.015554 0.063097
v -0.002829 -0.017407 0.062798
v 0.017068 -0.016308 0.050997
v 0.013487 -0.017627 0.053985
v 0.011847 -0.016010 0.057060
v 0.014538 -0.014982 0.057020
v -0.006354 -0.014543 0.064352
v -0.008232 -0.014868 0.066203
v -0.009923 -0.015344 0.064349
v -0.007739 -0.015278 0.062757
v -0.003829 -0.014141 0.058752
v -0.004360 -0.016264 0.059921
v -0.003310 -0.013276 0.061668
v -0.009414 -0.014728 0.056972
v -0.009000 -0.015600 0.055944
v -0.007915 -0.012001 0.055734
v -0.008202 -0.011697 0.055612
v 0.015570 -0.012459 0.058432
v 0.005486 -0.015711 0.065092
v 0.006394 -0.014018 0.067069
v 0.004616 0.015480 0.049911
v 0.008021 0.012484 0.047101
v 0.005298 0.012911 0.052216
v 0.008439 0.010256 0.049249
v 0.014514 -0.010267 0.061747
v 0.015532 -0.008247 0.060246
v 0.011956 -0.009541 0.065381
v 0.012303 -0.006809 0.065120
v -0.002798 0.029203 0.049077
v 0.004356 -0.019791 0.061133
v 0.004836 -0.020379 0.060651
v 0.003803 -0.018523 0.062727
v 0.001044 0.097342 -0.135642
v -0.000809 0.109490 -0.124485
v -0.004101 0.122094 -0.101347
v -0.007092 0.125740 -0.088923
v 0.011342 -0.036013 0.061476
v 0.010601 -0.033376 0.061505
v 0.019460 -0.039473 0.045567
v 0.014138 -0.040707 0.046894
v 0.014133 -0.041667 0.049921
v 0.019491 -0.040800 0.048692
v 0.023150 -0.039972 0.047090
v 0.023483 -0.038655 0.043900
v 0.019495 -0.037976 0.043178
v 0.014046 -0.039221 0.044122
v 0.019094 -0.041880 0.054144
v 0.013900 -0.042560 0.056083
v 0.013207 -0.040907 0.058712
v 0.018513 -0.040303 0.056306
v 0.020552 -0.019824 0.049920
v 0.016469 -0.020133 0.052450
v 0.012511 -0.020872 0.055961
v 0.009434 -0.021654 0.058587
v 0.008327 -0.019854 0.058792
v 0.010625 -0.018819 0.056635
v 0.007772 -0.019144 0.059063
v 0.009969 -0.018248 0.057157
v 0.009664 -0.017663 0.057680
v 0.009879 -0.016694 0.057900
v 0.008219 -0.016980 0.059147
v 0.008491 -0.016185 0.058977
v 0.007502 -0.018473 0.059423
v 0.001540 0.006803 0.065143
v 0.000735 0.010118 0.062191
v 0.014853 -0.030985 0.059615
v 0.010121 -0.031263 0.060966
v 0.008284 -0.027325 0.060161
v 0.012573 -0.026694 0.058878
v 0.017173 -0.026627 0.056411
v 0.019992 -0.031652 0.056982
v 0.005396 -0.021065 0.060305
v 0.015647 -0.033206 0.059757
v 0.016505 -0.035591 0.059424
v 0.020908 -0.033879 0.056977
v 0.021608 -0.035985 0.056501
v 0.024988 -0.033009 0.053759
v 0.022688 -0.027384 0.053507
v 0.028644 -0.028151 0.050344
v 0.029204 -0.034543 0.050756
v 0.037513 -0.035906 0.045857
v 0.033539 -0.038959 0.046621
v 0.033198 -0.037810 0.047064
v 0.032689 -0.036835 0.047860
v 0.036313 -0.033115 0.046817
v 0.040662 -0.034522 0.044332
v 0.039016 -0.030476 0.045315
v 0.033619 -0.030394 0.048233
v 0.031557 -0.035715 0.048942
v 0.031985 -0.038297 0.047427
v 0.031120 -0.038724 0.047311
v 0.031524 -0.037868 0.048109
v 0.030806 -0.038584 0.047881
v 0.030798 -0.037375 0.049028
v 0.030181 -0.038476 0.048650
v 0.028894 -0.038123 0.049959
v 0.029158 -0.036612 0.050539
v 0.029434 -0.039495 0.046128
v 0.028308 -0.039970 0.047014
v 0.028188 -0.039934 0.048198
v 0.029280 -0.039582 0.047093
v 0.030049 -0.039209 0.045405
v 0.029859 -0.039276 0.046543
v 0.030335 -0.039173 0.041781
v 0.029471 -0.039041 0.042400
v -0.040041 -0.089200 -0.023511
v -0.047936 -0.087519 -0.038387
v 0.030358 -0.038972 0.044956
v 0.030369 -0.038975 0.045937
v 0.030278 -0.038949 0.047065
v 0.030165 -0.039034 0.047341
v 0.029608 -0.039206 0.047975
v 0.028511 -0.039269 0.049082
v 0.022090 -0.037994 0.055415
v 0.025535 -0.036978 0.053256
v 0.025665 -0.038699 0.052090
v 0.022453 -0.040200 0.053657
v 0.025650 -0.040132 0.050754
v 0.023904 -0.037172 0.041399
v 0.022704 -0.041333 0.051711
v 0.027264 -0.038167 0.041425
v 0.028054 -0.036827 0.039024
v 0.026611 -0.039352 0.044623
v 0.030975 -0.038761 0.039088
v 0.030135 -0.038219 0.039477
v 0.032225 -0.038040 0.036426
v 0.031092 -0.037095 0.037137
v 0.025812 -0.040662 0.049211
v 0.025383 -0.035158 0.053729
v 0.017414 -0.037881 0.058159
v 0.012257 -0.038367 0.060297
v -0.036206 -0.001766 0.036830
v -0.034963 -0.004335 0.037989
v -0.031147 -0.002270 0.038996
v -0.032441 -0.000050 0.037927
v 0.003786 -0.000645 0.071774
v 0.002599 0.003438 0.068282
v 0.029347 -0.038809 0.047666
v 0.016277 -0.123681 -0.001485
v -0.073728 -0.022619 -0.046554
v -0.073127 -0.021769 -0.045568
v -0.084908 -0.002985 -0.068459
v 0.032752 -0.040239 0.046693
v 0.031899 -0.044345 0.038480
v 0.030182 -0.041493 0.041564
v 0.039948 -0.048101 0.043662
v 0.035632 -0.052237 0.046444
v 0.033011 -0.048702 0.047836
v 0.036422 -0.045430 0.045349
v 0.029075 -0.043572 0.050020
v 0.031361 -0.041564 0.047812
v -0.088653 -0.001471 -0.065203
v 0.029821 -0.040542 0.048563
v 0.027432 -0.041681 0.050959
v 0.026238 -0.040076 0.051524
v 0.028665 -0.039566 0.048913
v 0.023982 -0.038362 0.050922
v 0.019597 -0.038498 0.053264
v 0.020230 -0.042933 0.048516
v 0.024663 -0.042502 0.046263
v 0.028854 -0.041733 0.043080
v 0.027449 -0.038532 0.047342
v -0.086540 0.003005 -0.063314
v -0.086442 0.004537 -0.058612
v -0.084525 0.003665 -0.057794
v -0.084339 0.001939 -0.061725
v 0.024461 -0.038159 0.051481
v 0.027444 -0.038289 0.048634
v 0.020209 -0.038332 0.054420
v 0.027333 -0.119590 -0.006584
v 0.028025 -0.038699 0.048930
v 0.025186 -0.038688 0.051506
v 0.021048 -0.039140 0.054984
v 0.022325 -0.040975 0.055250
v 0.023680 -0.043205 0.055132
v 0.025049 -0.045901 0.054227
v 0.028584 -0.052570 0.051505
v 0.030915 -0.057099 0.050250
v 0.022741 -0.055177 0.054688
v 0.024862 -0.060018 0.054315
v 0.020275 -0.047878 0.057885
v 0.019095 -0.044508 0.059124
v 0.017845 -0.041832 0.058883
v 0.016750 -0.039725 0.058112
v 0.006337 -0.022519 0.059953
v 0.006979 -0.017029 0.060469
v 0.005788 -0.016620 0.062581
v 0.008322 -0.012064 0.067843
v 0.003547 -0.017548 0.064997
v 0.010614 -0.009942 0.067231
v 0.009075 -0.010720 0.068750
v 0.009391 -0.008943 0.069541
v 0.010382 -0.008166 0.068344
v 0.007790 -0.011581 0.070099
v 0.008660 -0.009258 0.070656
v 0.004209 -0.013551 0.072057
v 0.004542 -0.009910 0.074173
v 0.004437 -0.004163 0.073857
v 0.004562 -0.007564 0.074600
v 0.009535 -0.007266 0.070132
v 0.010327 -0.005287 0.068441
v -0.092348 -0.002491 -0.063460
v 0.009901 -0.002317 0.066280
v 0.012288 -0.004129 0.062628
v -0.016987 0.128753 -0.045112
v 0.015790 -0.038668 0.057210
v 0.014823 -0.038808 0.055505
v -0.069810 -0.034813 -0.048179
v -0.083392 -0.010875 -0.060174
v 0.022202 -0.052861 0.041997
v 0.021289 -0.048567 0.044267
v 0.016586 -0.049590 0.045801
v -0.086025 0.005094 -0.056078
v -0.089320 0.005678 -0.056673
v 0.017423 -0.053806 0.043767
v 0.010793 -0.039105 0.056620
v -0.085758 -0.022183 -0.068991
v -0.092686 -0.003896 -0.065281
v -0.090981 -0.005165 -0.064242
v -0.085778 -0.002822 -0.051466
v -0.073131 -0.025748 -0.064115
v -0.078626 -0.026808 -0.061645
v -0.076463 -0.029062 -0.060834
v -0.071989 -0.027418 -0.063664
v -0.074776 -0.013817 -0.056479
v 0.011683 -0.043857 0.051009
v 0.015499 -0.043344 0.050151
v 0.011203 -0.039250 0.058459
v 0.011993 -0.040403 0.059746
v 0.012991 -0.042697 0.060889
v 0.012875 -0.050285 0.046466
v 0.013833 -0.054766 0.044451
v -0.068445 -0.030038 -0.038832
v 0.030501 -0.045985 0.039717
v -0.073468 -0.040987 -0.053788
v -0.074432 -0.040099 -0.056319
v -0.027531 -0.036911 -0.118388
v -0.032083 -0.027513 -0.124951
v -0.087918 -0.022990 -0.072092
v 0.031764 -0.049396 0.037675
v 0.026163 -0.047952 0.042447
v 0.027275 -0.051243 0.040262
v 0.018325 -0.061502 0.057403
v 0.016529 -0.056737 0.057032
v 0.014235 -0.045677 0.061123
v 0.014828 -0.049462 0.059869
v -0.002329 0.117023 -0.113565
v 0.044597 0.086972 -0.007076
v 0.044676 0.080190 0.000856
v -0.086412 0.001375 -0.058974
v 0.036583 0.085931 0.008053
v 0.037174 0.091461 0.000641
v 0.043658 0.094837 -0.015357
v 0.036382 0.098212 -0.007225
v 0.013508 0.127033 -0.064585
v 0.014190 0.126434 -0.050291
v -0.005600 0.128473 -0.046359
v 0.008421 0.126110 -0.078581
v 0.022102 0.120572 -0.087903
v 0.023802 0.123561 -0.068469
v 0.023782 0.123281 -0.053133
v -0.071510 -0.035531 -0.049362
v -0.070632 -0.040676 -0.047151
v -0.069376 -0.039787 -0.045390
v -0.081181 -0.007539 -0.057013
v 0.029312 -0.082985 -0.108568
v 0.040606 0.053423 -0.132375
v 0.022676 0.121962 -0.039301
v 0.013868 0.124443 -0.036476
v 0.014021 0.121244 -0.024044
v 0.021883 0.119384 -0.027555
v -0.005274 0.125975 -0.031890
v -0.016523 0.125908 -0.030032
v 0.014746 0.010616 -0.145776
v 0.000053 0.013432 0.059433
v 0.050521 -0.042046 -0.091485
v 0.059945 -0.040692 -0.073644
v 0.063605 -0.096704 -0.050430
v 0.070873 -0.011892 -0.054467
v 0.070278 -0.011205 -0.055110
v 0.064079 -0.055546 -0.054353
v 0.063925 -0.039937 -0.055382
v 0.040968 -0.042291 -0.103240
v 0.076905 0.001071 -0.065144
v 0.076884 0.004842 -0.066021
v 0.078616 0.000385 -0.064778
v 0.078454 0.004448 -0.065940
v 0.077849 0.008639 -0.066359
v 0.079802 -0.001231 -0.063893
v 0.071532 0.033835 -0.054330
v 0.072777 0.035546 -0.053024
v -0.073623 -0.031834 -0.066070
v -0.074023 -0.029626 -0.067276
v 0.070647 -0.013943 -0.050313
v 0.070404 -0.012816 -0.051966
v -0.064239 -0.018169 -0.054227
v 0.069727 -0.013700 -0.051246
v 0.069721 -0.014240 -0.049887
v 0.070672 -0.015189 -0.048701
v 0.069694 -0.015160 -0.048776
v 0.067543 0.050498 -0.047506
v 0.068430 -0.014630 -0.052384
v 0.069497 -0.011789 -0.054745
v 0.069790 -0.012412 -0.053267
v 0.069361 -0.013647 -0.051937
v 0.069310 -0.015694 -0.049961
v 0.069480 -0.016650 -0.048286
v 0.070216 -0.016539 -0.047671
v -0.074351 -0.038162 -0.063577
v -0.070112 -0.041874 -0.057632
v -0.051054 -0.084331 -0.052832
v -0.049219 -0.080963 -0.068459
v -0.050775 -0.091539 -0.066342
v -0.052022 -0.095785 -0.051298
v -0.072191 -0.017192 -0.039800
v -0.070926 -0.023673 -0.042362
v -0.070495 -0.024899 -0.040560
v 0.080548 -0.002340 -0.064202
v 0.075668 -0.014195 -0.052803
v -0.015709 -0.104527 0.000160
v -0.013848 -0.115857 -0.004097
v 0.071171 0.027443 -0.059548
v 0.071367 0.025609 -0.061184
v 0.073611 0.027481 -0.062328
v 0.073248 0.029526 -0.060944
v 0.056881 0.000484 -0.105479
v 0.057165 0.012603 -0.110659
v 0.016313 -0.081380 -0.113119
v 0.016984 -0.068293 -0.112975
v 0.065156 0.047961 -0.095392
v 0.071030 0.028920 -0.058241
v 0.073177 0.031192 -0.059618
v 0.076486 0.008905 -0.066232
v 0.068877 0.028471 -0.058574
v 0.069344 0.026849 -0.059956
v 0.074156 0.032945 -0.061107
v 0.074287 0.031026 -0.062523
v 0.074542 0.028752 -0.063864
v 0.069846 0.025002 -0.061377
v -0.068464 -0.029577 -0.034957
v -0.067747 -0.029950 -0.023079
v -0.072066 -0.015013 -0.023471
v -0.070832 -0.020223 -0.034227
v 0.071134 0.032784 -0.060480
v 0.064010 0.078680 -0.071830
v 0.064290 0.072814 -0.085894
v 0.057417 0.094507 -0.075395
v 0.057318 0.089476 -0.090691
v 0.053925 0.082835 -0.106648
v 0.060804 0.065122 -0.101919
v 0.071409 0.034011 -0.054800
v 0.073353 0.036728 -0.053374
v 0.042881 0.101330 -0.023239
v 0.048889 0.097616 -0.030524
v 0.035360 0.104075 -0.014485
v 0.034137 0.109294 -0.021278
v 0.041035 0.107269 -0.030281
v 0.049475 0.102242 -0.042437
v 0.064991 0.069356 -0.056752
v 0.061326 0.083534 -0.057670
v 0.057598 0.086761 -0.044085
v -0.066056 0.017990 0.013705
v -0.067994 0.018311 0.009173
v -0.066577 0.008789 0.009106
v -0.064576 0.010443 0.012971
v 0.054513 0.098800 -0.059745
v 0.043526 0.110325 -0.048886
v 0.047820 0.107626 -0.063536
v 0.034892 0.117188 -0.052799
v 0.037322 0.115817 -0.067501
v 0.037580 0.113305 -0.083541
v 0.050128 0.104190 -0.078743
v 0.038096 0.112313 -0.036516
v 0.031581 0.113707 -0.026783
v 0.031842 0.117544 -0.040059
v 0.028525 0.117218 -0.031387
v 0.055330 0.087880 -0.036852
v 0.065257 -0.022051 -0.048089
v 0.067913 -0.022135 -0.042926
v -0.038028 0.081571 0.030811
v -0.028288 0.084674 0.033192
v -0.029961 0.091645 0.027039
v -0.039887 0.088381 0.024373
v 0.070543 -0.009753 -0.034659
v -0.035314 -0.019713 -0.129010
v -0.038924 -0.009719 -0.133522
v -0.019250 -0.008890 -0.140480
v -0.016499 -0.018250 -0.135452
v 0.065242 0.014393 0.000365
v 0.062630 0.026867 -0.002598
v 0.067195 0.019817 -0.012866
v 0.068514 0.004851 -0.010730
v -0.043587 0.105155 0.002206
v -0.033589 0.108802 0.004895
v -0.034752 0.113812 -0.005135
v -0.044857 0.109876 -0.007475
v -0.053979 -0.007948 0.027363
v -0.054950 -0.014176 0.027687
v -0.051119 -0.013803 0.031309
v -0.050605 -0.007662 0.030294
v 0.058547 0.040245 -0.004596
v 0.063513 0.033638 -0.014836
v 0.061424 0.048027 -0.017061
v 0.056307 0.054506 -0.005348
v 0.046300 0.075848 -0.121857
v 0.051709 0.059789 -0.119904
v -0.069892 -0.044197 -0.044151
v -0.069027 -0.043128 -0.042921
v 0.054624 0.047250 -0.118023
v 0.034356 0.066507 0.026017
v -0.035815 0.118125 -0.016900
v -0.046123 0.113967 -0.018822
v 0.002399 0.088570 -0.141905
v 0.028283 0.088509 0.015374
v 0.034885 0.094221 -0.122197
v 0.004768 -0.067798 -0.114556
v 0.020880 0.097552 -0.128823
v 0.050225 0.099414 -0.093879
v 0.047986 0.093707 -0.107430
v 0.041248 0.085985 -0.122304
v 0.056762 0.030968 -0.115963
v 0.023199 0.115529 -0.019939
v 0.048851 0.035112 0.020039
v 0.048991 0.030452 0.019357
v 0.048095 0.039865 0.021459
v 0.048302 0.025373 0.021121
v 0.011979 0.009811 0.044919
v 0.011940 0.007848 0.046882
v 0.012182 0.005312 0.048792
v 0.015825 0.005820 0.044929
v 0.015871 0.002841 0.046756
v 0.008947 0.005079 0.054055
v 0.008843 0.007686 0.051521
v 0.011975 0.002783 0.050732
v 0.012215 -0.000328 0.052499
v 0.009565 0.002136 0.056268
v 0.018493 -0.011597 0.048883
v 0.018577 -0.006764 0.047467
v 0.015246 -0.003364 0.049282
v 0.020136 0.000803 0.045488
v 0.019516 -0.002648 0.046738
v 0.015491 0.000019 0.048137
v 0.020518 0.004148 0.043537
v 0.013747 -0.003500 0.054825
v 0.015517 -0.006359 0.057943
v 0.010689 -0.001106 0.059402
v 0.008701 0.000719 0.062901
v 0.007502 0.004088 0.059720
v 0.016071 0.008027 0.043130
v 0.021167 0.006766 0.041901
v 0.023801 -0.005106 0.046375
v 0.028873 -0.007238 0.046170
v 0.025116 -0.000642 0.044690
v 0.029833 -0.002260 0.044305
v 0.025515 0.002928 0.042863
v 0.030409 0.001566 0.042374
v 0.033663 -0.010261 0.045768
v 0.038013 -0.013375 0.044789
v 0.042253 -0.018184 0.043121
v 0.039906 -0.007841 0.042798
v 0.044635 -0.012339 0.040886
v 0.040758 -0.002362 0.040618
v 0.046165 -0.006560 0.038627
v -0.015678 0.010130 0.044184
v -0.016356 0.011880 0.041421
v -0.019285 0.007688 0.040272
v -0.018568 0.005800 0.042494
v -0.020692 0.058488 0.045023
v -0.023167 0.065929 0.042276
v -0.032064 0.064020 0.040797
v -0.029083 0.056820 0.043936
v 0.035030 -0.004482 0.043704
v 0.035828 -0.000197 0.041633
v 0.030833 0.005302 0.040481
v 0.026101 0.006200 0.041134
v 0.039653 0.008200 0.036816
v 0.040620 0.002950 0.038657
v 0.035785 0.004270 0.039670
v 0.035368 0.008652 0.037908
v 0.046370 0.000433 0.036603
v 0.044569 0.007542 0.035142
v 0.042655 0.012054 0.033584
v 0.027693 0.015611 0.037543
v 0.022629 0.015323 0.038186
v 0.031340 0.016064 0.036567
v 0.038572 0.011940 0.035382
v 0.035054 0.011925 0.036720
v 0.044895 0.019964 0.027005
v 0.042911 0.018738 0.029316
v 0.037482 0.017070 0.033656
v 0.034668 0.016533 0.035229
v 0.040352 0.017859 0.031585
v 0.017795 0.015972 0.038068
v 0.012771 0.017043 0.037946
v 0.060136 -0.054322 -0.070704
v 0.006427 0.007166 0.057334
v 0.005832 0.010008 0.054678
v 0.007201 0.033484 0.040161
v 0.005398 0.030259 0.039241
v 0.000169 0.029648 0.046334
v 0.010323 0.038270 0.042711
v 0.009046 0.019050 0.037835
v -0.023373 0.004314 0.039253
v -0.022164 0.002529 0.040812
v 0.006780 0.021210 0.037731
v 0.005341 0.023807 0.037899
v 0.004599 0.027004 0.038397
v -0.031263 0.097883 0.020400
v -0.041304 0.094521 0.017576
v -0.046874 0.120489 -0.069059
v -0.047321 0.120488 -0.060551
v -0.036902 0.125385 -0.060995
v -0.037840 0.124461 -0.073601
v 0.018933 0.053704 0.044114
v 0.016904 0.046572 0.045903
v 0.043020 0.073254 0.010149
v 0.048395 0.065886 0.006116
v 0.039679 0.053384 0.028648
v 0.043492 0.049756 0.025623
v 0.046374 0.045041 0.023063
v 0.052431 0.054996 0.003414
v 0.055264 0.042900 0.003078
v 0.058473 0.031382 0.004183
v -0.069916 -0.012849 -0.094014
v -0.072472 -0.015909 -0.078553
v -0.077587 -0.004728 -0.079752
v -0.076981 0.001750 -0.096424
v 0.027548 0.100452 0.001128
v -0.026669 -0.099178 -0.010008
v -0.025752 -0.110435 -0.013384
v 0.003887 -0.081042 -0.114448
v 0.026273 0.106104 -0.005811
v 0.028312 0.094327 0.008353
v 0.014533 0.117071 -0.014557
v 0.015522 0.112629 -0.006079
v 0.024863 0.111167 -0.012772
v 0.017036 0.107565 0.001291
v 0.018534 0.101998 0.008165
v 0.019320 0.095966 0.015405
v 0.019761 0.089956 0.022192
v 0.019902 0.081659 0.028975
v 0.050739 -0.055067 -0.089212
v 0.006607 -0.006160 0.055310
v 0.006215 -0.006303 0.055776
v -0.063574 0.040933 0.020974
v -0.066447 0.045724 0.016830
v -0.068380 0.038153 0.013012
v -0.065614 0.034406 0.017627
v 0.006362 -0.006229 0.055126
v 0.005882 -0.006364 0.055652
v 0.006260 -0.006712 0.055731
v 0.007799 -0.014651 0.058310
v 0.006462 -0.012794 0.057354
v 0.006148 -0.009156 0.056643
v 0.071104 -0.016907 -0.037069
v -0.016812 0.046548 0.048448
v -0.024160 0.044957 0.047844
v -0.021197 0.039337 0.048103
v -0.014931 0.040510 0.048908
v -0.062981 0.003072 0.013610
v -0.065141 -0.000305 0.010907
v -0.062826 -0.007999 0.015994
v -0.060562 -0.003612 0.017881
v -0.056658 -0.007290 0.024180
v -0.058042 -0.013337 0.024092
v -0.035233 0.072679 0.036906
v -0.025765 0.075265 0.038651
v -0.068787 0.028658 0.010122
v -0.066460 0.026438 0.015095
v -0.013714 0.013933 0.046582
v -0.014632 0.015236 0.043074
v -0.013120 0.020075 0.045399
v -0.009410 0.020463 0.051109
v -0.009996 0.024414 0.049403
v -0.013258 0.023705 0.045926
v -0.046277 0.052676 0.036753
v -0.049246 0.059097 0.033240
v -0.056323 0.056256 0.027673
v -0.053398 0.050181 0.031360
v -0.042471 0.099988 0.010364
v -0.032420 0.103471 0.013169
v -0.012404 0.033317 0.048280
v -0.016869 0.032555 0.046437
v -0.015151 0.029239 0.045723
v -0.011517 0.030154 0.048210
v -0.026670 -0.000145 0.039891
v -0.027907 0.001842 0.038772
v -0.061251 -0.041582 -0.049155
v -0.062491 -0.043546 -0.048005
v -0.076709 0.000214 -0.036598
v -0.073238 -0.009901 -0.034964
v -0.075040 -0.002076 -0.024533
v -0.077792 0.010471 -0.026835
v -0.082201 0.021665 -0.030316
v -0.084997 0.029702 -0.035347
v -0.082960 0.013648 -0.042561
v -0.080199 0.008626 -0.038898
v -0.047077 -0.088268 -0.079805
v -0.044037 -0.078478 -0.083168
v -0.008868 0.017546 0.054109
v -0.008253 0.014595 0.056768
v -0.029290 0.031765 -0.151423
v -0.026208 0.018552 -0.149638
v -0.046797 0.018397 -0.141229
v -0.049512 0.031011 -0.142538
v -0.064913 -0.022764 -0.090361
v -0.068227 -0.023523 -0.076085
v -0.008659 -0.013676 0.058658
v -0.006838 -0.009051 0.054970
v -0.006918 -0.012094 0.056107
v -0.006946 -0.009162 0.055063
v -0.008919 -0.016043 0.060721
v -0.011402 -0.016395 0.062009
v -0.006509 -0.016095 0.055487
v -0.005604 -0.015877 0.055950
v -0.006333 -0.011729 0.056331
v -0.007119 -0.009096 0.055090
v 0.000043 -0.017232 0.067655
v -0.000767 -0.015716 0.070497
v -0.004725 -0.015112 0.069242
v -0.002980 -0.016433 0.067287
v -0.006033 -0.008837 0.055882
v -0.004717 -0.011138 0.057401
v -0.004174 -0.012686 0.063014
v -0.006325 -0.010454 0.058838
v -0.006445 -0.009011 0.056263
v -0.006022 -0.012668 0.062104
v -0.003900 -0.018220 0.060357
v -0.007399 -0.013060 0.060565
v -0.073627 -0.032859 -0.055928
v -0.049424 -0.071735 -0.033156
v -0.054428 -0.058972 -0.041228
v -0.053883 -0.059305 -0.046934
v -0.050753 -0.073042 -0.042600
v -0.082440 -0.008263 -0.058175
v -0.078320 0.042582 -0.005313
v -0.081918 0.053817 -0.014591
v -0.084765 0.041599 -0.026363
v -0.082105 0.031325 -0.021356
v -0.084223 0.063346 -0.022706
v -0.087260 0.052094 -0.033566
v -0.087886 0.039821 -0.043322
v -0.085908 0.019272 -0.056813
v -0.046524 0.008731 0.031804
v -0.046689 0.008500 0.031950
v -0.045094 0.008564 0.033225
v -0.045189 0.008676 0.033056
v -0.046088 0.008985 0.031179
v -0.044626 0.008714 0.032245
v -0.047120 0.009198 0.030178
v -0.047560 0.008796 0.030736
v -0.047721 0.008539 0.030845
v -0.029328 0.013198 0.035088
v -0.030116 0.013123 0.034592
v -0.032636 0.011737 0.034700
v -0.031839 0.012038 0.035760
v -0.029058 0.012997 0.035514
v -0.031772 0.011740 0.036148
v -0.033538 0.014273 0.029091
v -0.033002 0.014749 0.028998
v -0.034336 0.013760 0.029161
v -0.027843 0.015627 0.032814
v -0.028308 0.016756 0.032880
v -0.032956 0.015936 0.029028
v -0.032674 0.015194 0.028912
v -0.028139 0.014904 0.033085
v -0.026419 0.015114 0.033146
v -0.025516 0.015758 0.032665
v -0.025963 0.017336 0.032906
v -0.036659 0.009736 0.036156
v -0.036682 0.008965 0.036212
v -0.032138 0.010251 0.036461
v -0.031941 0.011132 0.036365
v -0.036531 0.010218 0.036004
v -0.039976 0.009612 0.035107
v -0.039922 0.009165 0.035243
v -0.039909 0.008397 0.035240
v -0.029078 0.011814 0.036244
v -0.029150 0.012626 0.035927
v -0.039817 0.007671 0.035253
v -0.036768 0.008253 0.036156
v -0.032174 0.009583 0.036445
v -0.028924 0.011430 0.036349
v -0.026354 0.013171 0.035667
v -0.027570 0.013125 0.035729
v -0.036745 0.007428 0.035987
v -0.036459 0.006640 0.035932
v -0.031816 0.007986 0.036474
v -0.032073 0.008796 0.036422
v -0.039738 0.006873 0.034961
v -0.039526 0.006022 0.034843
v -0.048844 0.008359 0.029147
v -0.049459 0.008725 0.028282
v -0.049304 0.008184 0.028348
v -0.048878 0.007850 0.028814
v -0.051057 0.005072 0.025574
v -0.052259 0.006197 0.024762
v -0.053657 0.005215 0.023155
v -0.052275 0.003964 0.024500
v -0.058902 -0.006063 0.020849
v -0.054053 0.000734 0.023798
v -0.055649 0.001900 0.021671
v -0.048292 0.008269 0.029940
v -0.047605 0.008147 0.030862
v -0.048357 0.008596 0.029929
v -0.048898 0.008807 0.029017
v -0.048320 0.007601 0.029603
v -0.047529 0.007507 0.030646
v -0.046630 0.008162 0.031952
v -0.046481 0.007449 0.031867
v -0.044823 0.007499 0.033199
v -0.044914 0.008282 0.033269
v -0.042750 0.008668 0.034276
v -0.043205 0.008952 0.034128
v -0.042725 0.007840 0.034227
v -0.044813 0.006828 0.032922
v -0.042702 0.007088 0.034104
v -0.046388 0.006789 0.031462
v -0.047505 0.006924 0.030214
v -0.048370 0.007108 0.029119
v -0.049105 0.007354 0.028323
v -0.049692 0.007875 0.027762
v -0.048601 0.006473 0.028523
v -0.049102 0.005602 0.027714
v -0.047768 0.005385 0.029071
v -0.047576 0.006280 0.029725
v -0.049547 0.006796 0.027610
v -0.050210 0.006002 0.026628
v -0.046419 0.006187 0.030983
v -0.046346 0.005400 0.030532
v -0.044533 0.005428 0.032125
v -0.044699 0.006182 0.032573
v -0.042263 0.006551 0.033757
v -0.042202 0.005659 0.033374
v -0.036542 0.010294 0.035819
v -0.036317 0.010398 0.034493
v -0.039631 0.009541 0.033903
v -0.040136 0.009588 0.034867
v -0.043344 0.008935 0.033955
v -0.042530 0.008905 0.033146
v -0.039470 0.009493 0.032767
v -0.038207 0.012135 0.028876
v -0.039424 0.011914 0.028510
v -0.042074 0.008995 0.032038
v -0.036509 0.010405 0.033257
v -0.036815 0.012572 0.029118
v -0.033475 0.011774 0.033402
v -0.035450 0.013160 0.029189
v -0.030963 0.012995 0.033718
v -0.040326 0.022657 0.035858
v -0.040352 0.022808 0.036283
v -0.045354 0.021091 0.035284
v -0.044816 0.020900 0.034990
v -0.051999 -0.009153 -0.123063
v -0.056219 0.004773 -0.128519
v -0.043244 0.002990 -0.138215
v -0.047057 0.017964 0.034010
v -0.047206 0.018902 0.033803
v -0.049323 0.017226 0.032020
v -0.049009 0.016353 0.032128
v -0.046896 0.016927 0.034350
v -0.048598 0.015298 0.032394
v -0.044426 0.018690 0.036194
v -0.044663 0.019755 0.035842
v -0.044741 0.020590 0.035386
v -0.047442 0.013977 0.028395
v -0.046917 0.015056 0.029118
v -0.047615 0.014777 0.030453
v -0.048456 0.013772 0.029211
v -0.047877 0.013214 0.027809
v -0.048842 0.012926 0.028368
v -0.042858 0.014095 0.026364
v -0.042605 0.014530 0.026676
v -0.042176 0.015080 0.027155
v -0.042981 0.013713 0.026200
v -0.043061 0.013301 0.026137
v -0.042940 0.012933 0.026176
v -0.042746 0.012642 0.026333
v -0.058433 -0.021821 0.021684
v -0.060576 -0.011514 0.020165
v -0.061327 -0.019624 0.017183
v -0.048187 0.008939 0.029759
v -0.048765 0.009209 0.028875
v -0.047695 0.009372 0.029330
v -0.048238 0.009637 0.028635
v -0.049401 0.009675 0.028021
v -0.049664 0.009311 0.028010
v -0.045396 0.009208 0.030386
v -0.041429 0.011832 0.027667
v -0.041973 0.011993 0.027255
v -0.046268 0.009619 0.029513
v -0.044013 0.008858 0.031196
v -0.040606 0.011770 0.028095
v -0.042193 0.012231 0.026918
v -0.042493 0.012403 0.026590
v -0.046609 0.009919 0.028835
v -0.047178 0.010230 0.028186
v -0.048738 0.010137 0.028106
v -0.048013 0.011252 0.027323
v -0.048161 0.011851 0.027328
v -0.049086 0.010661 0.027823
v -0.049306 0.011417 0.027711
v -0.047696 0.010681 0.027611
v -0.048074 0.012519 0.027484
v -0.049148 0.012070 0.027965
v -0.049782 0.008781 0.027862
v -0.049993 0.009686 0.027640
v -0.050737 0.010632 0.027024
v -0.050236 0.008724 0.027317
v -0.050888 0.008634 0.026538
v -0.050229 0.007446 0.026920
v -0.051763 0.011247 0.026466
v -0.052995 0.011481 0.025512
v -0.052045 0.008379 0.025478
v -0.051106 0.006964 0.025913
v -0.049785 0.010314 0.027633
v -0.050122 0.010937 0.027366
v -0.051422 0.012567 0.027618
v -0.052269 0.013330 0.027291
v -0.050724 0.011984 0.027886
v -0.050367 0.012974 0.029048
v -0.050910 0.013718 0.028906
v -0.051575 0.014449 0.028651
v -0.050164 0.014894 0.030420
v -0.050694 0.015723 0.030258
v -0.049702 0.014012 0.030544
v -0.050094 0.011800 0.027946
v -0.049770 0.012643 0.028849
v -0.049164 0.013648 0.030102
v -0.048181 0.014551 0.031968
v -0.046514 0.016015 0.034005
v -0.045894 0.016061 0.032272
v -0.044068 0.017819 0.035811
v -0.043416 0.017500 0.034146
v -0.041021 0.023633 0.037077
v -0.046512 0.022077 0.035890
v -0.042929 0.017505 0.032182
v -0.040066 0.016228 0.028633
v -0.038544 0.016576 0.029143
v -0.039842 0.018172 0.033298
v -0.029166 0.017430 0.033423
v -0.030210 0.018128 0.033994
v -0.033902 0.016527 0.029497
v -0.033359 0.016263 0.029263
v -0.027521 0.017847 0.034033
v -0.029136 0.018529 0.034805
v -0.034021 0.018782 0.034273
v -0.035699 0.016792 0.029740
v -0.034647 0.016703 0.029675
v -0.032083 0.018502 0.034068
v -0.033485 0.019574 0.036055
v -0.030901 0.019049 0.035444
v -0.040209 0.018751 0.035435
v -0.037505 0.066518 -0.148132
v -0.034092 0.051338 -0.151499
v -0.053424 0.049194 -0.142573
v -0.055940 0.062448 -0.139829
v -0.045149 0.016359 0.030711
v -0.041276 0.015700 0.027910
v -0.065701 0.061476 -0.132002
v -0.066522 0.070023 -0.129068
v -0.058531 0.073725 -0.134672
v -0.032069 -0.064632 -0.100837
v -0.022103 -0.074803 -0.107424
v -0.025366 0.018063 0.035094
v -0.027427 0.019019 0.035604
v -0.023918 0.017146 0.034705
v -0.023173 0.017138 0.034834
v -0.024605 0.018297 0.035124
v -0.026469 0.019428 0.035612
v -0.029842 0.019708 0.036138
v -0.029165 0.020271 0.036555
v -0.032953 0.020914 0.037544
v -0.032870 0.020151 0.037160
v -0.040292 0.019415 0.036903
v -0.040535 0.020250 0.037309
v -0.032544 0.021900 0.037071
v -0.028680 0.020979 0.036033
v -0.032045 0.022993 0.036555
v -0.028704 0.021993 0.035760
v -0.040664 0.022162 0.036255
v -0.040791 0.021264 0.036943
v -0.026331 0.014040 0.035167
v -0.024170 0.014847 0.034971
v -0.026945 0.014218 0.034937
v -0.024632 0.015043 0.034701
v -0.028104 0.014153 0.034138
v -0.023795 0.015778 0.034476
v -0.023043 0.015774 0.034720
v -0.029086 0.014044 0.033591
v -0.023854 0.018505 0.034767
v -0.022226 0.017163 0.034747
v -0.022879 0.019240 0.034082
v -0.021554 0.017424 0.034362
v -0.025735 0.021167 0.034492
v -0.025766 0.019861 0.034877
v -0.022076 0.015871 0.034662
v -0.022655 0.015117 0.034863
v -0.021357 0.016005 0.034560
v -0.021919 0.015091 0.034826
v -0.028543 0.010843 0.036400
v -0.028184 0.010230 0.036416
v -0.025509 0.012832 0.035753
v -0.024818 0.012533 0.035683
v -0.036049 0.005811 0.035800
v -0.039192 0.005109 0.034823
v -0.035385 0.004799 0.035887
v -0.038806 0.003936 0.034724
v -0.030625 0.006344 0.036827
v -0.031314 0.007205 0.036591
v -0.026580 -0.118111 -0.014809
v -0.049724 0.004526 0.027019
v -0.050592 0.003224 0.026366
v -0.048761 0.002852 0.028125
v -0.048161 0.004355 0.028480
v -0.046413 0.004350 0.030077
v -0.046611 0.002849 0.029959
v -0.044163 0.003061 0.031705
v -0.044245 0.004442 0.031804
v -0.041933 0.004752 0.033182
v -0.041814 0.003256 0.033239
v -0.053450 0.007608 0.024032
v -0.055010 0.010884 0.023396
v -0.054880 0.006683 0.022310
v -0.057080 0.010061 0.021230
v -0.021400 0.020510 0.034478
v -0.020561 0.017941 0.034200
v -0.020035 0.021516 0.035698
v -0.019308 0.018798 0.035247
v -0.021833 0.024178 0.036667
v -0.023529 0.022997 0.035036
v -0.020593 0.016255 0.034621
v -0.021167 0.014967 0.034756
v -0.019546 0.016372 0.035078
v -0.020266 0.014681 0.035238
v -0.027487 0.009573 0.036449
v -0.026759 0.008797 0.036627
v -0.024093 0.012125 0.035896
v -0.023116 0.011509 0.036101
v -0.048288 -0.019095 -0.118279
v -0.059888 0.020073 -0.131109
v -0.054508 0.024590 0.033288
v -0.051597 0.022293 0.033969
v -0.048366 0.024197 0.036228
v -0.050902 0.027153 0.036459
v -0.058037 0.027806 0.031239
v -0.059655 0.023895 0.028206
v -0.056638 0.021671 0.030265
v -0.053858 0.020012 0.031599
v -0.056446 0.013644 0.024174
v -0.054668 0.013971 0.025817
v -0.055072 0.015796 0.027202
v -0.057016 0.016026 0.025714
v -0.058546 0.013220 0.021995
v -0.059562 0.016359 0.023682
v -0.056976 0.018571 0.027859
v -0.054694 0.017762 0.029230
v -0.059883 0.019678 0.025968
v -0.030715 0.027528 0.038568
v -0.030896 0.025873 0.037149
v -0.027634 0.024261 0.035882
v -0.026456 0.025189 0.036800
v -0.029712 0.029071 0.039695
v -0.024625 0.026470 0.037924
v -0.044258 0.028996 0.039276
v -0.042682 0.026191 0.038191
v -0.031815 0.023729 0.036070
v -0.029608 0.022883 0.035926
v -0.031436 0.023969 0.035980
v -0.028909 0.022932 0.035717
v -0.077170 0.078796 -0.111272
v -0.080367 0.084083 -0.098729
v -0.066446 0.098061 -0.105132
v -0.064231 0.091066 -0.117458
v -0.047261 0.019235 0.034035
v -0.048040 0.019599 0.033850
v -0.050243 0.018056 0.032022
v -0.049521 0.017701 0.032242
v -0.051158 0.016286 0.030257
v -0.051882 0.016637 0.030154
v -0.052715 0.015310 0.028480
v -0.052108 0.015140 0.028653
v -0.052567 0.014191 0.027476
v -0.053075 0.014060 0.027028
v -0.029170 0.023827 0.035987
v -0.031392 0.024471 0.036451
v -0.064857 0.049592 -0.133295
v -0.059594 0.062925 0.022731
v -0.065745 0.058035 0.016149
v -0.062509 0.052359 0.021719
v -0.049305 0.020490 0.034274
v -0.051588 0.018765 0.032152
v -0.053010 0.017122 0.029985
v -0.053716 0.015614 0.028210
v -0.053910 0.014532 0.027009
v -0.069582 -0.027534 -0.040537
v -0.069763 -0.027389 -0.042383
v -0.078512 -0.018841 -0.068485
v -0.078062 -0.012101 -0.067369
v -0.077602 -0.008520 -0.065710
v -0.082504 -0.002189 -0.052732
v -0.084669 0.000612 -0.055630
v -0.078128 -0.037390 -0.061559
v -0.074684 -0.038534 -0.057677
v -0.078172 -0.036459 -0.062055
v -0.090227 -0.004593 -0.064583
v -0.090400 -0.006254 -0.065935
v -0.091299 -0.006772 -0.065557
v -0.038824 -0.037862 -0.108349
v -0.044462 -0.027285 -0.114444
v -0.090339 -0.007975 -0.067285
v -0.072232 -0.023162 -0.044854
v -0.079399 -0.019508 -0.068719
v -0.080763 -0.020346 -0.070517
v -0.080585 -0.025504 -0.070749
v -0.079998 -0.024875 -0.070070
v -0.078980 -0.030384 -0.068970
v -0.078551 -0.029486 -0.068459
v -0.080156 -0.034020 -0.064667
v -0.081117 -0.029788 -0.067510
v -0.085714 0.000842 -0.057015
v -0.085627 0.000014 -0.056206
v -0.086463 0.000731 -0.057378
v -0.072782 -0.024378 -0.046256
v -0.080465 -0.003989 -0.052771
v -0.079791 -0.005609 -0.050955
v -0.079541 -0.005121 -0.051473
v -0.071763 -0.019040 -0.050443
v -0.071697 -0.018201 -0.050628
v -0.072622 -0.020766 -0.049979
v -0.074047 -0.022382 -0.047830
v -0.066942 -0.028420 -0.049938
v -0.066470 -0.028999 -0.051461
v -0.065769 -0.029607 -0.050827
v -0.090158 0.005591 -0.059722
v -0.079782 -0.006600 -0.050509
v -0.081093 -0.005843 -0.050875
v -0.081982 -0.004933 -0.051226
v -0.087080 -0.000052 -0.057424
v -0.082580 -0.004151 -0.051477
v -0.081630 -0.003919 -0.051704
v -0.083161 -0.002602 -0.052563
v -0.080992 -0.003696 -0.052118
v -0.072303 -0.026860 -0.063875
v -0.071303 -0.026751 -0.061844
v -0.075156 -0.008337 -0.040834
v -0.075160 -0.010181 -0.043190
v -0.073632 -0.039020 -0.055370
v -0.078668 -0.002935 -0.059863
v -0.080096 -0.000169 -0.061614
v -0.083632 -0.026110 -0.068686
v -0.076031 -0.030791 -0.059004
v -0.073783 -0.031340 -0.057746
v -0.078595 -0.030029 -0.060431
v -0.080842 -0.027885 -0.061953
v -0.075656 -0.011756 -0.054767
v -0.084776 -0.009228 -0.060506
v -0.084641 -0.011297 -0.061633
v -0.083570 -0.008816 -0.059246
v -0.081652 0.002666 -0.059848
v -0.081929 0.002337 -0.057524
v -0.078515 -0.000027 -0.059122
v -0.081472 0.000599 -0.057204
v -0.069449 -0.025585 -0.049627
v -0.066363 -0.030337 -0.053298
v -0.068325 -0.029617 -0.054765
v -0.067282 -0.031358 -0.054320
v -0.068634 -0.030677 -0.056047
v -0.069047 -0.029523 -0.057621
v -0.069834 -0.027939 -0.058904
v -0.071523 -0.026335 -0.058982
v -0.070043 -0.021697 -0.050298
v -0.081594 0.002932 -0.048436
v -0.069233 -0.023349 -0.050297
v -0.071782 -0.020382 -0.050155
v -0.071374 -0.022062 -0.049790
v -0.070526 -0.023787 -0.049547
v -0.071937 -0.033896 -0.051482
v -0.072264 -0.032460 -0.054068
v -0.070827 -0.033042 -0.050770
v -0.072498 -0.032005 -0.056280
v -0.069853 -0.032488 -0.050345
v -0.080311 -0.002457 -0.059167
v -0.081575 0.000140 -0.058902
v -0.070406 -0.024411 -0.038724
v -0.064475 -0.015127 0.011880
v -0.067627 -0.006178 0.006149
v -0.017707 -0.053807 0.035470
v -0.016410 -0.056353 0.035992
v -0.054904 -0.023636 0.026097
v -0.050129 -0.025388 0.030964
v -0.017727 -0.048885 0.046568
v -0.016689 -0.049232 0.046816
v -0.015933 -0.048313 0.047227
v -0.016748 -0.048510 0.046754
v -0.014968 -0.047197 0.045730
v -0.015628 -0.047926 0.044796
v -0.015757 -0.047892 0.046052
v -0.015127 -0.047207 0.046925
v -0.024009 -0.035325 0.047034
v -0.028499 -0.031988 0.045194
v -0.030472 -0.036809 0.044058
v -0.026508 -0.039537 0.045818
v -0.016844 -0.050683 0.037796
v -0.017004 -0.049216 0.038122
v -0.016358 -0.048703 0.040878
v -0.016251 -0.049372 0.040619
v -0.016550 -0.051581 0.037889
v -0.016038 -0.049614 0.040704
v -0.018034 -0.052185 0.035350
v -0.018338 -0.049739 0.035562
v -0.025245 -0.056616 0.042157
v -0.022226 -0.053896 0.043946
v -0.023797 -0.051202 0.044299
v -0.027123 -0.052560 0.042582
v -0.022924 -0.022855 0.045926
v -0.025976 -0.027202 0.045704
v -0.022279 -0.031063 0.047008
v -0.019123 -0.025930 0.046902
v -0.016454 -0.020781 0.047496
v -0.019878 -0.018003 0.046181
v -0.016404 -0.012427 0.050901
v -0.016217 -0.016152 0.052215
v -0.015173 -0.017007 0.055623
v -0.016086 -0.014850 0.054393
v -0.012690 -0.020643 0.054252
v -0.015764 -0.018384 0.050844
v -0.008498 -0.021233 0.054840
v -0.008396 -0.020736 0.055887
v -0.012823 -0.021122 0.052625
v -0.012904 -0.022237 0.050685
v -0.008895 -0.022004 0.053597
v -0.008004 -0.019919 0.056850
v -0.010903 -0.020038 0.056771
v -0.012794 -0.018083 0.058173
v -0.002185 -0.017281 0.065049
v -0.003611 -0.016029 0.066950
v -0.013236 0.011917 0.049632
v -0.015351 0.007834 0.046773
v -0.012894 0.009290 0.051968
v -0.014911 0.005611 0.048951
v -0.012615 -0.015649 0.061526
v -0.014381 -0.014194 0.059984
v -0.010496 -0.014038 0.065212
v -0.011892 -0.011641 0.064933
v -0.010619 0.027489 0.048534
v 0.000497 -0.020577 0.061053
v 0.000303 -0.021269 0.060513
v 0.000542 -0.019207 0.062713
v -0.042471 0.088462 -0.135623
v -0.045267 0.100410 -0.124459
v -0.046795 0.113292 -0.101290
v -0.045326 0.117855 -0.088867
v 0.000704 -0.038124 0.061278
v 0.000300 -0.035458 0.061274
v -0.005376 -0.044378 0.045290
v 0.000048 -0.043457 0.046745
v 0.000417 -0.044343 0.049792
v -0.004906 -0.045595 0.048453
v -0.008635 -0.046274 0.046724
v -0.009461 -0.045141 0.043522
v -0.005941 -0.043047 0.042890
v -0.000447 -0.042014 0.043964
v -0.004170 -0.046465 0.053926
v 0.000927 -0.045036 0.055937
v 0.000870 -0.043348 0.058596
v -0.004352 -0.044867 0.056161
v -0.014666 -0.026847 0.049449
v -0.010715 -0.025494 0.052061
v -0.006640 -0.024647 0.055590
v -0.003387 -0.024210 0.058198
v -0.003094 -0.022112 0.058472
v -0.005678 -0.022029 0.056278
v -0.002899 -0.021235 0.058816
v -0.005319 -0.021233 0.056850
v -0.005284 -0.020601 0.057424
v -0.005931 -0.019788 0.057706
v -0.004293 -0.019440 0.058972
v -0.004900 -0.018806 0.058815
v -0.002943 -0.020532 0.059231
v -0.006641 0.005020 0.064832
v -0.007075 0.008403 0.061874
v -0.004665 -0.034932 0.059318
v -0.000191 -0.033371 0.060658
v -0.000049 -0.029010 0.059855
v -0.004326 -0.030086 0.058509
v -0.008737 -0.031780 0.056101
v -0.009243 -0.037491 0.056739
v 0.000097 -0.022100 0.060106
v -0.004509 -0.037230 0.059528
v -0.004303 -0.039721 0.059225
v -0.009179 -0.039902 0.056791
v -0.008970 -0.042119 0.056344
v -0.013378 -0.040675 0.053558
v -0.013601 -0.034604 0.053208
v -0.018793 -0.037600 0.049978
v -0.016743 -0.043758 0.050512
v -0.024017 -0.048268 0.045321
v -0.019199 -0.049475 0.046102
v -0.019212 -0.048270 0.046632
v -0.019109 -0.047186 0.047459
v -0.023956 -0.045244 0.046389
v -0.027458 -0.048257 0.043765
v -0.027516 -0.043884 0.044809
v -0.022551 -0.041694 0.047810
v -0.018511 -0.045727 0.048602
v -0.017933 -0.048285 0.047047
v -0.016921 -0.048310 0.046972
v -0.017658 -0.047723 0.047762
v -0.016666 -0.048103 0.047557
v -0.017203 -0.046988 0.048721
v -0.016143 -0.047776 0.048371
v -0.015107 -0.046968 0.049751
v -0.015970 -0.045665 0.050318
v -0.014836 -0.048353 0.045850
v -0.013623 -0.048351 0.046709
v -0.013581 -0.048338 0.047925
v -0.014701 -0.048409 0.046777
v -0.015650 -0.048331 0.045087
v -0.015382 -0.048322 0.046208
v -0.015849 -0.048362 0.041455
v -0.015061 -0.047870 0.042073
v -0.016100 -0.048165 0.044603
v -0.016094 -0.048196 0.045574
v -0.015993 -0.048130 0.046769
v -0.015851 -0.048240 0.047023
v -0.015258 -0.048215 0.047690
v -0.014224 -0.047878 0.048854
v -0.008605 -0.044170 0.055266
v -0.012328 -0.044618 0.053120
v -0.011705 -0.046264 0.051940
v -0.008088 -0.046331 0.053507
v -0.011079 -0.047548 0.050550
v -0.010502 -0.043909 0.041058
v -0.007820 -0.047358 0.051428
v -0.013226 -0.046170 0.041087
v -0.014560 -0.045234 0.038709
v -0.012171 -0.047041 0.044228
v -0.016603 -0.048267 0.038737
v -0.015985 -0.047374 0.039132
v -0.018084 -0.048016 0.036052
v -0.017364 -0.046683 0.036787
v -0.010994 -0.047958 0.048902
v -0.012941 -0.042863 0.053572
v -0.004282 -0.042196 0.057982
v 0.000786 -0.040625 0.060124
v -0.005741 -0.002652 0.071502
v -0.006339 0.001493 0.067986
v -0.015413 -0.047551 0.047419
v -0.004489 -0.124774 -0.001996
v -0.017962 -0.050322 0.046208
v -0.015589 -0.053448 0.038109
v -0.015178 -0.050217 0.041201
v -0.021550 -0.060441 0.042946
v -0.016177 -0.062589 0.046186
v -0.015094 -0.058273 0.047612
v -0.019415 -0.056636 0.044805
v -0.013508 -0.052008 0.049829
v -0.016266 -0.050996 0.047495
v -0.015253 -0.049385 0.048315
v -0.012707 -0.049498 0.050741
v -0.012215 -0.047551 0.051232
v -0.014572 -0.047988 0.048684
v -0.010865 -0.044966 0.050591
v -0.006653 -0.043506 0.052935
v -0.005441 -0.047665 0.048240
v -0.009770 -0.048965 0.045910
v -0.013947 -0.049831 0.042680
v -0.013914 -0.046407 0.046970
v -0.011295 -0.045132 0.051171
v -0.013901 -0.046355 0.048324
v -0.007257 -0.043703 0.054117
v -0.014904 -0.122276 -0.007148
v -0.014331 -0.046917 0.048673
v -0.011769 -0.045874 0.051202
v -0.007736 -0.044767 0.054640
v -0.008222 -0.046928 0.054906
v -0.008543 -0.049432 0.054857
v -0.008753 -0.052499 0.054035
v -0.009397 -0.060094 0.051294
v -0.009884 -0.065270 0.050024
v -0.002885 -0.060214 0.054376
v -0.003033 -0.065621 0.054053
v -0.003520 -0.052471 0.057518
v -0.003867 -0.048954 0.058710
v -0.003737 -0.046107 0.058504
v -0.003537 -0.043743 0.057794
v -0.000167 -0.023805 0.059637
v -0.003125 -0.019052 0.060344
v -0.002146 -0.018272 0.062527
v -0.006097 -0.014949 0.067708
v 0.000431 -0.018223 0.064991
v -0.009035 -0.013935 0.067098
v -0.007250 -0.014032 0.068617
v -0.008209 -0.012496 0.069427
v -0.009504 -0.012137 0.068200
v -0.005627 -0.014248 0.069947
v -0.007299 -0.012501 0.070542
v -0.001380 -0.014552 0.071910
v -0.002864 -0.011307 0.073930
v -0.004880 -0.006110 0.073534
v -0.003714 -0.009214 0.074311
v -0.008935 -0.011005 0.070019
v -0.010502 -0.009505 0.068290
v -0.011359 -0.006596 0.066087
v -0.013041 -0.009165 0.062423
v -0.037218 0.124496 -0.045046
v -0.003047 -0.042402 0.056945
v -0.002092 -0.042100 0.055262
v -0.003402 -0.057546 0.041724
v -0.004166 -0.053295 0.043986
v 0.000557 -0.052476 0.045584
v 0.001316 -0.056646 0.043540
v 0.001779 -0.040951 0.056487
v 0.002678 -0.045659 0.050878
v -0.001023 -0.046481 0.049923
v 0.001463 -0.041223 0.058270
v 0.001229 -0.042615 0.059489
v 0.001217 -0.045093 0.060572
v 0.004171 -0.051869 0.046379
v 0.004941 -0.056270 0.044338
v -0.013796 -0.054240 0.039296
v -0.013534 -0.058082 0.037298
v -0.009076 -0.054339 0.041964
v -0.008817 -0.057934 0.039921
v 0.003682 -0.064470 0.057033
v 0.003496 -0.059296 0.056642
v 0.001242 -0.048246 0.060664
v 0.002025 -0.051903 0.059445
v -0.046641 0.107961 -0.113523
v -0.078159 0.061752 -0.007143
v -0.075192 0.055352 0.000741
v -0.069992 0.063937 0.008039
v -0.073049 0.068986 0.000579
v -0.080288 0.069282 -0.015361
v -0.074869 0.075407 -0.007224
v -0.064765 0.110868 -0.064464
v -0.065128 0.110019 -0.050153
v -0.047677 0.119702 -0.046259
v -0.059794 0.112037 -0.078484
v -0.070333 0.101551 -0.087815
v -0.072904 0.103598 -0.068348
v -0.072731 0.103326 -0.052995
v -0.023340 -0.086144 -0.108612
v -0.062317 0.032394 -0.132482
v -0.071230 0.102496 -0.039154
v -0.064079 0.108273 -0.036340
v -0.062966 0.105292 -0.023923
v -0.069489 0.100438 -0.027416
v -0.047013 0.117304 -0.031810
v -0.036633 0.121720 -0.029993
v -0.022650 0.003244 -0.145870
v -0.007640 0.011738 0.059135
v -0.042688 -0.054131 -0.091917
v -0.051368 -0.056146 -0.074182
v -0.053287 -0.105012 -0.050911
v -0.065191 -0.039368 -0.056367
v -0.065048 -0.038594 -0.057034
v -0.051360 -0.071364 -0.054844
v -0.053281 -0.058796 -0.056002
v -0.033974 -0.051584 -0.103516
v -0.075476 -0.030398 -0.067436
v -0.076956 -0.026936 -0.068424
v -0.076490 -0.031552 -0.067156
v -0.077966 -0.027797 -0.068397
v -0.078838 -0.023536 -0.068950
v -0.076717 -0.033409 -0.066380
v -0.081844 0.002181 -0.055924
v -0.083698 0.003335 -0.054808
v -0.064363 -0.040499 -0.052076
v -0.064294 -0.040191 -0.053752
v -0.063739 -0.040055 -0.052931
v -0.063499 -0.040486 -0.051563
v -0.064006 -0.041097 -0.050441
v -0.063228 -0.040792 -0.050418
v -0.084793 0.018722 -0.048163
v -0.061934 -0.039718 -0.053889
v -0.064205 -0.038909 -0.056514
v -0.064035 -0.039505 -0.055017
v -0.063519 -0.039976 -0.053589
v -0.063040 -0.039903 -0.051558
v -0.062822 -0.040798 -0.049856
v -0.063136 -0.042145 -0.049309
v -0.076786 -0.034587 -0.066708
v -0.068101 -0.042822 -0.054900
v -0.079615 -0.003590 -0.061639
v -0.079221 -0.005376 -0.063303
v -0.081671 -0.004309 -0.064726
v -0.081975 -0.002303 -0.063230
v -0.058341 -0.019992 -0.106119
v -0.062455 -0.010508 -0.111158
v -0.009694 -0.083137 -0.113166
v -0.008582 -0.070634 -0.113042
v -0.082575 0.017563 -0.095859
v -0.079899 -0.002173 -0.060263
v -0.082407 -0.000734 -0.061795
v -0.077952 -0.022844 -0.068786
v -0.077922 -0.001841 -0.060468
v -0.077912 -0.003518 -0.061869
v -0.083852 0.000558 -0.063403
v -0.083325 -0.001249 -0.064935
v -0.083172 -0.003600 -0.066425
v -0.077814 -0.005408 -0.063354
v -0.081382 0.001186 -0.061653
v -0.092700 0.046290 -0.072002
v -0.090873 0.040864 -0.086085
v -0.092729 0.063532 -0.075426
v -0.090834 0.058974 -0.090742
v -0.085363 0.054205 -0.106710
v -0.085040 0.035144 -0.102116
v -0.081860 0.002315 -0.056312
v -0.084755 0.004227 -0.055381
v -0.081988 0.075525 -0.023194
v -0.086039 0.069722 -0.030494
v -0.076121 0.081117 -0.014434
v -0.076955 0.086330 -0.021189
v -0.082517 0.081698 -0.030198
v -0.088322 0.073744 -0.042394
v -0.089851 0.037198 -0.057104
v -0.092017 0.051779 -0.057820
v -0.089840 0.056207 -0.044175
v -0.091658 0.068592 -0.059731
v -0.085938 0.083578 -0.048788
v -0.088880 0.079445 -0.063448
v -0.080643 0.093320 -0.052673
v -0.082377 0.091117 -0.067393
v -0.081749 0.088717 -0.083451
v -0.089747 0.075350 -0.078683
v -0.081725 0.087498 -0.036402
v -0.076268 0.091362 -0.026660
v -0.077980 0.094794 -0.039921
v -0.074794 0.095790 -0.031246
v -0.088207 0.058200 -0.036886
v -0.057575 -0.044887 -0.049133
v -0.059410 -0.045833 -0.043829
v -0.065414 -0.037370 -0.035963
v -0.068943 -0.013396 -0.000551
v -0.071346 -0.000952 -0.003399
v -0.072963 -0.009395 -0.013875
v -0.068467 -0.023585 -0.011812
v -0.072621 0.012876 -0.005345
v -0.074762 0.004876 -0.015631
v -0.077833 0.018758 -0.017916
v -0.075528 0.026775 -0.006061
v -0.075877 0.050764 -0.121910
v -0.074835 0.033856 -0.120021
v -0.072737 0.021266 -0.118255
v -0.059791 0.046944 0.025512
v -0.040493 0.079817 -0.141898
v -0.063196 0.069631 0.015340
v -0.072259 0.072283 -0.122156
v -0.060735 0.080883 -0.128787
v -0.088092 0.070946 -0.093843
v -0.083993 0.066632 -0.107406
v -0.075002 0.062134 -0.122294
v -0.068656 0.005697 -0.116343
v -0.069255 0.096376 -0.019824
v -0.060999 0.012584 0.018997
v -0.059245 0.008187 0.018268
v -0.062403 0.017214 0.020443
v -0.056812 0.003709 0.020123
v -0.017990 0.003825 0.044502
v -0.017230 0.002025 0.046506
v -0.016549 -0.000434 0.048403
v -0.020006 -0.001367 0.044424
v -0.018981 -0.004161 0.046198
v -0.013573 0.000640 0.053858
v -0.014381 0.003073 0.051252
v -0.015536 -0.002684 0.050432
v -0.014756 -0.005638 0.052277
v -0.013152 -0.002323 0.056092
v -0.016398 -0.018531 0.048629
v -0.018247 -0.014094 0.047024
v -0.016518 -0.009629 0.048981
v -0.022059 -0.007673 0.044755
v -0.020353 -0.010626 0.046027
v -0.017740 -0.006609 0.047647
v -0.023629 -0.004700 0.042928
v -0.015006 -0.009162 0.054605
v -0.015268 -0.012476 0.057697
v -0.012909 -0.005750 0.059221
v -0.011558 -0.003311 0.062710
v -0.011771 0.000281 0.059545
v -0.021061 0.000598 0.042633
v -0.025283 -0.002499 0.041388
v -0.023302 -0.014575 0.045531
v -0.027166 -0.018580 0.045268
v -0.026076 -0.010928 0.043877
v -0.029765 -0.014282 0.043444
v -0.027769 -0.007747 0.042209
v -0.031698 -0.010957 0.041557
v -0.030370 -0.023234 0.044783
v -0.033140 -0.027814 0.043781
v -0.035178 -0.033779 0.042182
v -0.036820 -0.023386 0.041832
v -0.039510 -0.029386 0.039948
v -0.039572 -0.018686 0.039653
v -0.043009 -0.024655 0.037618
v -0.033615 -0.018389 0.042786
v -0.035920 -0.014738 0.040695
v -0.033446 -0.007684 0.039658
v -0.029540 -0.004922 0.040572
v -0.042485 -0.008594 0.035660
v -0.041361 -0.013731 0.037615
v -0.037486 -0.010628 0.038623
v -0.038758 -0.006476 0.036739
v -0.045705 -0.018317 0.035577
v -0.046690 -0.011064 0.034069
v -0.046744 -0.006201 0.032528
v -0.034294 0.003069 0.036518
v -0.029690 0.004752 0.037366
v -0.037860 0.001977 0.035377
v -0.042907 -0.004689 0.034196
v -0.039684 -0.003315 0.035496
v -0.051945 0.000033 0.026113
v -0.049557 -0.000245 0.028379
v -0.043870 0.000441 0.032522
v -0.041060 0.001074 0.034011
v -0.046845 -0.000002 0.030573
v -0.025493 0.007268 0.037339
v -0.021392 0.010200 0.037278
v -0.048762 -0.068743 -0.071163
v -0.011863 0.003547 0.057153
v -0.012380 0.006408 0.054476
v -0.022131 0.027385 0.039558
v -0.019354 0.025054 0.038843
v -0.013818 0.026703 0.045835
v -0.026729 0.030690 0.041925
v -0.018772 0.013506 0.037226
v -0.017491 0.016378 0.037174
v -0.017119 0.019181 0.037503
v -0.017563 0.022348 0.038050
v -0.040483 0.041604 0.043113
v -0.035778 0.035942 0.044756
v -0.070542 0.049608 0.009865
v -0.072506 0.040548 0.005742
v -0.059989 0.032892 0.028068
v -0.062224 0.028053 0.024917
v -0.063043 0.022613 0.022198
v -0.072088 0.028904 0.002850
v -0.070409 0.016638 0.002332
v -0.069126 0.004834 0.003345
v -0.067590 0.081066 0.001112
v -0.068569 0.086630 -0.005766
v -0.065993 0.075262 0.008273
v -0.061881 0.101267 -0.014461
v -0.061120 0.096854 -0.006017
v -0.069157 0.091758 -0.012689
v -0.060593 0.091690 0.001296
v -0.059825 0.086109 0.008086
v -0.058233 0.080411 0.015240
v -0.055842 0.074468 0.022239
v -0.052439 0.066645 0.028768
v -0.040880 -0.066108 -0.089560
v -0.006934 -0.008862 0.055178
v -0.006515 -0.008849 0.055650
v -0.006679 -0.008831 0.054995
v -0.006198 -0.008776 0.055522
v -0.006472 -0.009251 0.055609
v -0.004891 -0.017122 0.058196
v -0.004337 -0.014917 0.057252
v -0.005429 -0.011455 0.056534
v -0.063699 -0.042986 -0.038047
v -0.052262 -0.100664 -0.065989
v -0.048320 -0.097146 -0.079566
v 0.061785 -0.092738 -0.065570
v 0.058113 -0.089236 -0.079214
v 0.026196 -0.125997 -0.008793
v 0.038362 -0.121401 -0.015357
v 0.038538 -0.130346 -0.016916
v 0.025779 -0.134335 -0.010800
v 0.064236 -0.111917 -0.071222
v 0.062641 -0.102450 -0.067014
v 0.058742 -0.099186 -0.081739
v 0.061243 -0.108515 -0.086875
v 0.051296 -0.097618 -0.094472
v 0.053828 -0.107807 -0.100202
v 0.042849 -0.108623 -0.110195
v 0.041236 -0.096788 -0.104275
v 0.028640 -0.096804 -0.111430
v 0.029676 -0.109646 -0.116567
v 0.050219 -0.115943 -0.024643
v 0.059016 -0.110555 -0.037057
v 0.059599 -0.120486 -0.039559
v 0.050687 -0.125322 -0.026510
v 0.063719 -0.105943 -0.051304
v 0.064428 -0.115941 -0.054923
v 0.015960 -0.110055 -0.119655
v 0.015890 -0.096092 -0.114922
v 0.026245 -0.154418 -0.014396
v 0.012778 -0.157118 -0.013241
v 0.013498 -0.146425 -0.010171
v 0.025929 -0.144128 -0.012764
v 0.057371 -0.156997 -0.033467
v 0.071330 -0.149963 -0.046864
v 0.077802 -0.158517 -0.043631
v 0.061643 -0.166920 -0.030455
v 0.099719 -0.155068 -0.055590
v 0.109074 -0.143483 -0.077449
v 0.041326 -0.161646 -0.022395
v 0.043654 -0.171497 -0.018848
v 0.001783 -0.123006 -0.127025
v 0.002367 -0.110101 -0.120156
v 0.098598 -0.138800 -0.080210
v 0.097816 -0.134980 -0.104358
v 0.110573 -0.139990 -0.102640
v 0.056328 -0.157817 -0.143538
v 0.056535 -0.164769 -0.146332
v 0.072490 -0.159210 -0.143995
v 0.067685 -0.153137 -0.140482
v 0.076709 -0.123403 -0.099196
v 0.065770 -0.124353 -0.114330
v 0.073847 -0.131882 -0.119790
v 0.086925 -0.129297 -0.103252
v 0.038662 -0.142278 -0.136615
v 0.056905 -0.136611 -0.130340
v 0.050857 -0.128417 -0.124973
v 0.034430 -0.131877 -0.131049
v 0.088876 -0.134045 -0.080882
v 0.078693 -0.128403 -0.079242
v 0.081479 -0.142526 -0.062779
v 0.073557 -0.135200 -0.061971
v 0.065892 -0.141086 -0.046192
v 0.058895 -0.116831 -0.107360
v 0.046147 -0.119079 -0.117541
v 0.031650 -0.121243 -0.123844
v 0.016501 -0.122605 -0.126601
v 0.002303 -0.172095 -0.145091
v 0.001773 -0.159834 -0.143134
v 0.019767 -0.145583 -0.138416
v 0.018034 -0.134172 -0.133484
v 0.090041 -0.148725 -0.060783
v 0.067462 -0.126126 -0.059296
v 0.062039 -0.130915 -0.043179
v 0.068095 -0.173831 -0.019700
v 0.086539 -0.166774 -0.035595
v 0.047867 -0.178902 -0.008546
v 0.029817 -0.182863 -0.002058
v 0.021575 -0.158220 -0.142072
v 0.021324 -0.170246 -0.144383
v 0.040934 -0.166991 -0.145303
v 0.044217 -0.154264 -0.141978
v 0.054300 -0.146512 -0.032143
v 0.040417 -0.151159 -0.021047
v 0.026258 -0.164555 -0.014813
v 0.067290 -0.116716 -0.092935
v 0.069456 -0.120741 -0.075799
v 0.052260 -0.135605 -0.029542
v 0.039214 -0.140634 -0.019342
v 0.013924 -0.137081 -0.007089
v 0.027382 -0.174163 -0.010646
v 0.100580 -0.143951 -0.123937
v 0.087483 -0.151899 -0.137012
v 0.079515 -0.148798 -0.135404
v 0.001303 -0.146799 -0.139513
v 0.001932 -0.147473 -0.009903
v 0.001259 -0.157765 -0.013180
v 0.003055 -0.138108 -0.006067
v 0.083702 -0.140238 -0.125686
v 0.062983 -0.145796 -0.135879
v 0.004216 -0.130841 -0.002702
v 0.003129 -0.095904 -0.115788
v 0.001074 -0.168980 -0.015588
v 0.001522 -0.180677 -0.012019
v 0.002279 -0.189760 -0.001993
v 0.015080 -0.129408 -0.004210
v 0.013777 -0.178279 -0.010659
v 0.012909 -0.167540 -0.014431
v 0.015525 -0.187535 -0.001622
v 0.001494 -0.134871 -0.134171
v -0.016145 -0.128135 -0.009297
v -0.027953 -0.124882 -0.015959
v -0.030007 -0.133177 -0.017364
v -0.017921 -0.135915 -0.011310
v -0.057120 -0.117583 -0.071698
v -0.054170 -0.109307 -0.067492
v -0.050894 -0.105467 -0.082080
v -0.054932 -0.113667 -0.087202
v -0.044496 -0.102752 -0.094668
v -0.048286 -0.112017 -0.100408
v -0.038036 -0.111684 -0.110347
v -0.035253 -0.100642 -0.104399
v -0.024201 -0.099050 -0.111519
v -0.026103 -0.111435 -0.116687
v -0.039953 -0.121068 -0.025282
v -0.049064 -0.117001 -0.037709
v -0.051052 -0.125549 -0.040081
v -0.041699 -0.129573 -0.026964
v -0.054312 -0.113314 -0.051834
v -0.056257 -0.121961 -0.055468
v -0.012293 -0.111022 -0.119676
v -0.010850 -0.097389 -0.114942
v -0.021790 -0.155465 -0.014713
v -0.009363 -0.157295 -0.013339
v -0.008253 -0.146870 -0.010507
v -0.020032 -0.145380 -0.013307
v -0.051115 -0.160427 -0.034393
v -0.064905 -0.154112 -0.047750
v -0.071578 -0.162407 -0.044232
v -0.056251 -0.169529 -0.030481
v -0.092639 -0.160724 -0.056229
v -0.102076 -0.150076 -0.078029
v -0.036687 -0.163561 -0.022601
v -0.039571 -0.173320 -0.018811
v -0.092742 -0.144243 -0.080692
v -0.092272 -0.140362 -0.104737
v -0.103251 -0.147078 -0.103084
v -0.051460 -0.160277 -0.143830
v -0.051872 -0.167028 -0.146631
v -0.065376 -0.163193 -0.144361
v -0.062250 -0.156430 -0.140753
v -0.072199 -0.127688 -0.099441
v -0.061336 -0.128255 -0.114558
v -0.069408 -0.135685 -0.119997
v -0.082226 -0.133896 -0.103516
v -0.035416 -0.143837 -0.136779
v -0.052954 -0.139193 -0.130540
v -0.047366 -0.130293 -0.124917
v -0.031725 -0.133257 -0.131111
v -0.083598 -0.138872 -0.081304
v -0.073262 -0.133063 -0.079669
v -0.075669 -0.147050 -0.063378
v -0.067372 -0.139809 -0.062655
v -0.058960 -0.145398 -0.047308
v -0.054168 -0.120543 -0.107564
v -0.042463 -0.121567 -0.117678
v -0.028475 -0.122789 -0.123881
v -0.013259 -0.123953 -0.126728
v -0.017093 -0.146665 -0.138548
v -0.015530 -0.134059 -0.133487
v -0.083854 -0.153638 -0.061418
v -0.060384 -0.131196 -0.060054
v -0.054488 -0.135459 -0.044040
v -0.062606 -0.177078 -0.019680
v -0.079965 -0.171110 -0.035959
v -0.043541 -0.180946 -0.008396
v -0.025837 -0.183863 -0.001704
v -0.018236 -0.158913 -0.142221
v -0.017065 -0.170971 -0.144437
v -0.035874 -0.168775 -0.145531
v -0.039781 -0.156178 -0.142193
v -0.047512 -0.149983 -0.033020
v -0.035054 -0.153307 -0.021282
v -0.022814 -0.165675 -0.015092
v -0.062101 -0.121214 -0.093236
v -0.063452 -0.125691 -0.076284
v -0.044587 -0.139355 -0.030063
v -0.032489 -0.143039 -0.019775
v -0.007153 -0.137768 -0.007574
v -0.024317 -0.175083 -0.010463
v -0.092296 -0.150998 -0.124255
v -0.079225 -0.157676 -0.137322
v -0.073231 -0.153224 -0.135642
v -0.078071 -0.144852 -0.125966
v -0.058441 -0.148742 -0.136111
v -0.005724 -0.130319 -0.004668
v -0.010824 -0.178755 -0.010472
v -0.010186 -0.168142 -0.014594
v -0.010879 -0.187882 -0.001406
v -0.006887 -0.009307 0.055243
v -0.061737 -0.045494 -0.015491
v -0.059889 -0.052577 -0.022889
v -0.054884 -0.062534 -0.015113
v -0.057173 -0.054912 -0.007408
v -0.048608 -0.071163 -0.006897
v -0.052689 -0.062531 -0.000978
v -0.042263 -0.077281 0.002578
v -0.047164 -0.069119 0.006568
v -0.036306 -0.081168 0.012838
v -0.041824 -0.072849 0.015097
v -0.020510 -0.081664 0.035256
v -0.018651 -0.086199 0.031487
v -0.010729 -0.087550 0.039580
v -0.011769 -0.083702 0.043890
v -0.002764 -0.088288 0.046668
v -0.003957 -0.084470 0.050854
v 0.005489 -0.087520 0.050796
v 0.004830 -0.083667 0.055140
v 0.015095 -0.085561 0.052802
v 0.014389 -0.081442 0.056982
v 0.012747 -0.072044 0.059862
v 0.004214 -0.074183 0.058649
v 0.004445 -0.079066 0.057612
v 0.013713 -0.077345 0.059007
v -0.003304 -0.074983 0.054750
v -0.004042 -0.080096 0.053333
v -0.010383 -0.074157 0.049005
v -0.011596 -0.079243 0.046929
v -0.018603 -0.071974 0.042116
v -0.019975 -0.077054 0.039169
v -0.025481 -0.068868 0.037867
v -0.028534 -0.072240 0.033445
v 0.006099 -0.090303 0.044029
v 0.015146 -0.088447 0.046500
v -0.001739 -0.091048 0.040288
v -0.009323 -0.090456 0.034149
v -0.015986 -0.089907 0.026981
v -0.029288 -0.083120 0.022763
v -0.023840 -0.088838 0.018602
v -0.031521 -0.086078 0.009867
v -0.037571 -0.082227 -0.001306
v -0.045110 -0.075959 -0.012382
v -0.052781 -0.066560 -0.022482
v -0.058099 -0.056080 -0.030468
v -0.062640 -0.045353 -0.028415
v -0.002668 -0.070565 0.054946
v 0.004017 -0.069394 0.058213
v -0.009187 -0.069900 0.050235
v -0.017091 -0.067277 0.044419
v -0.023666 -0.064605 0.040702
v -0.030805 -0.054052 0.039999
v -0.028376 -0.059750 0.039714
v -0.031650 -0.042363 0.042534
v -0.031359 -0.048161 0.041281
v -0.040850 -0.037441 0.037210
v -0.040763 -0.046244 0.034135
v -0.035962 -0.048047 0.037921
v -0.036289 -0.040413 0.040038
v -0.045331 -0.032329 0.034111
v -0.045528 -0.043006 0.029954
v 0.006957 -0.092747 0.038029
v 0.014986 -0.091399 0.039253
v 0.000115 -0.093680 0.034572
v -0.006988 -0.093845 0.028832
v -0.012498 -0.094096 0.021916
v -0.018315 -0.093768 0.014188
v -0.024838 -0.091915 0.005282
v -0.032130 -0.088450 -0.005374
v -0.040910 -0.081817 -0.017606
v -0.050566 -0.070066 -0.028840
v -0.055456 -0.058658 -0.037118
v -0.011245 -0.100291 0.009258
v -0.005720 -0.099167 0.015727
v -0.000414 -0.098841 0.021404
v 0.003495 -0.097923 0.026173
v 0.008030 -0.098400 0.025646
v 0.013997 -0.098316 0.025171
v 0.006727 -0.100711 0.017833
v 0.012686 -0.100654 0.018329
v 0.003555 -0.103663 0.013171
v 0.011448 -0.103386 0.014572
v 0.000389 -0.107194 0.009887
v 0.010091 -0.108143 0.010858
v -0.031125 -0.063316 0.036261
v -0.035336 -0.064772 0.031250
v -0.039111 -0.055648 0.031784
v -0.044003 -0.053885 0.026416
v -0.040359 -0.064868 0.024850
v -0.034570 -0.056091 0.036380
v -0.046272 -0.062476 0.017175
v -0.049253 -0.050318 0.020474
v -0.050470 -0.037907 0.025761
v -0.053539 -0.045349 0.015309
v -0.051181 -0.057998 0.009932
v -0.054653 -0.034389 0.021143
v -0.058066 -0.030794 0.016942
v -0.056688 -0.041156 0.010671
v -0.055017 -0.052079 0.004707
v -0.033748 -0.075846 0.025143
v -0.058333 -0.046442 -0.000846
v -0.061039 -0.027406 0.012204
v -0.059619 -0.036544 0.005828
v -0.064510 -0.022491 0.006220
v -0.063479 -0.031338 -0.002124
v -0.062537 -0.039295 -0.009255
v -0.065119 -0.037643 -0.024544
v 0.011860 -0.067344 0.059547
v -0.058154 -0.043433 -0.053571
v -0.017218 -0.032872 0.049872
v -0.012316 -0.030029 0.052673
v -0.007640 -0.028266 0.055832
v -0.003749 -0.027123 0.058296
v 0.000037 -0.026354 0.059706
v 0.006953 -0.119777 0.003961
v -0.009402 0.041305 0.049369
v 0.008255 -0.112894 0.007826
v 0.009270 -0.055496 0.044701
v -0.026763 0.124777 -0.028892
v 0.010906 -0.062568 0.058842
v 0.008430 -0.050777 0.046914
v -0.001914 0.003234 0.069940
v 0.010062 -0.058320 0.057909
v 0.007832 -0.047404 0.061604
v 0.006641 -0.041313 0.060010
v -0.016551 0.076866 0.039614
v 0.007115 -0.043728 0.061385
v 0.003086 -0.023563 0.060071
v -0.001069 -0.000749 0.073364
v 0.006365 -0.040028 0.058608
v 0.003661 -0.044693 -0.118097
v 0.008633 -0.051065 0.060053
v 0.007176 -0.044720 0.051292
v 0.006295 -0.039810 0.056926
v 0.006902 -0.040835 0.044409
v 0.003748 -0.026354 0.059972
v -0.005114 0.019766 0.055464
v -0.001447 -0.006490 -0.142090
v -0.004618 0.016727 0.058055
v -0.021712 0.100304 0.021733
v -0.018688 0.086810 0.034107
v -0.002687 0.007056 0.066545
v -0.013468 0.055135 -0.154980
v -0.016625 0.071323 -0.151764
v -0.013221 0.059973 0.045343
v -0.026587 0.123468 -0.092219
v -0.000269 -0.004546 0.075505
v 0.002095 -0.018361 0.065076
v -0.025115 0.116629 -0.003906
v -0.006823 0.021346 -0.152623
v -0.024915 0.114478 -0.116613
v 0.007016 -0.042048 0.059429
v -0.026012 0.121044 -0.015843
v 0.007375 -0.043623 0.056488
v 0.001514 -0.014642 0.072607
v -0.003751 0.005894 -0.148379
v -0.009404 0.034808 -0.154591
v 0.005053 -0.032764 0.060786
v 0.004259 -0.028954 0.059982
v -0.025918 0.119878 -0.104837
v -0.010508 0.047417 0.048821
v 0.005555 -0.035215 0.061634
v -0.006794 0.028483 0.050188
v 0.006097 -0.037529 0.061894
v 0.005736 -0.125384 0.000270
v -0.021090 0.094748 -0.138762
v 0.006541 -0.039722 0.060852
v 0.007295 -0.042926 0.050526
v -0.003356 0.010618 0.063346
v 0.007142 -0.042088 0.047376
v -0.014650 0.067327 0.042943
v 0.002583 -0.021064 0.061268
v 0.002501 -0.020478 0.061843
v -0.006383 0.026002 0.051039
v -0.020401 0.094103 0.028230
v -0.007235 0.031000 0.049882
v 0.002771 -0.021745 0.060741
v -0.019412 0.085723 -0.145217
v -0.027420 0.127898 -0.074841
v -0.027593 0.128790 -0.061603
v -0.005731 0.022721 0.053093
v -0.003967 0.013866 0.060436
v 0.005416 -0.054336 -0.116340
v 0.000991 -0.011129 0.075328
v 0.000462 -0.008281 0.076126
v -0.024036 0.111423 0.006326
v 0.000162 -0.015888 -0.136874
v -0.027389 0.128054 -0.044394
v -0.022849 0.105956 0.014583
v 0.002615 -0.033251 -0.125036
v 0.001440 -0.023461 -0.132538
v 0.001687 -0.015910 0.070822
v -0.008050 0.034150 0.049447
v 0.001915 -0.017381 0.067723
v -0.023523 0.107154 -0.127443
v 0.002317 -0.019481 0.063004
v 0.006685 -0.006611 0.055361
v 0.070406 -0.018692 -0.014473
v 0.070400 -0.026462 -0.022067
v 0.069345 -0.038649 -0.014209
v 0.069706 -0.029707 -0.006367
v 0.066648 -0.049744 -0.006078
v 0.068424 -0.038773 -0.000041
v 0.061732 -0.059094 0.003247
v 0.065587 -0.047260 0.007385
v -0.002784 -0.015456 0.069950
v -0.001497 -0.016892 0.067518
v 0.058273 -0.064344 0.013427
v 0.061777 -0.053396 0.015802
v -0.020555 0.017103 0.034379
v -0.005658 -0.020052 0.057636
v -0.009413 0.003003 0.062700
v -0.019400 0.017569 0.035076
v 0.045391 -0.068958 0.035579
v 0.043777 -0.074730 0.031720
v 0.038089 -0.077823 0.039581
v 0.038293 -0.073661 0.043873
v -0.008178 -0.020155 0.056520
v 0.031766 -0.081278 0.046674
v 0.031773 -0.077353 0.050875
v 0.024417 -0.083752 0.050883
v 0.023883 -0.079952 0.055284
v -0.010251 0.009568 0.057115
v -0.013707 0.017929 0.044247
v 0.021238 -0.070766 0.058921
v 0.022514 -0.075568 0.057857
v -0.009631 0.006259 0.059987
v -0.014016 -0.017776 0.056759
v -0.011808 -0.020244 0.055609
v -0.006567 -0.010141 0.072410
v -0.007990 -0.007658 0.071397
v 0.028390 -0.068631 0.054841
v -0.006607 -0.013261 0.070372
v -0.003590 -0.014412 0.071055
v 0.030260 -0.073382 0.053415
v -0.021931 0.016581 0.034657
v -0.032604 0.015602 0.028900
v -0.005393 -0.011897 0.072328
v -0.001993 -0.013243 0.072983
v -0.025311 0.016682 0.032567
v -0.021319 0.016841 0.034466
v -0.011217 -0.012674 0.065221
v -0.012165 0.017209 0.048562
v 0.034391 -0.065171 0.049151
v 0.036673 -0.069741 0.047036
v 0.041245 -0.059998 0.042559
v 0.043668 -0.064663 0.039588
v -0.013477 -0.014788 0.060938
v 0.046654 -0.054419 0.038664
v 0.050126 -0.056894 0.034154
v 0.023537 -0.086812 0.043976
v -0.022764 0.016513 0.034579
v -0.023411 0.016547 0.034471
v -0.009336 -0.000724 0.065755
v 0.030338 -0.084638 0.040131
v 0.036431 -0.081575 0.033998
v 0.041977 -0.079141 0.026963
v 0.052758 -0.068644 0.023276
v -0.027861 0.016251 0.032778
v -0.000839 -0.018807 0.062647
v -0.009338 -0.012945 0.067654
v -0.007847 -0.013154 0.069188
v -0.001214 -0.019688 0.060764
v 0.046955 -0.077183 0.018764
v 0.053335 -0.071844 0.010075
v -0.017189 0.017856 0.037333
v 0.056751 -0.066911 -0.001009
v -0.011355 0.015098 0.052158
v -0.010634 0.012463 0.055042
v 0.063435 -0.057259 -0.011956
v 0.067705 -0.044799 -0.021914
v -0.000931 -0.017832 0.065054
v 0.069550 -0.031506 -0.029809
v 0.070848 -0.018214 -0.027387
v 0.026372 -0.064664 0.055137
v 0.019889 -0.066173 0.058507
v 0.031828 -0.061656 0.050424
v -0.008874 -0.004371 0.069195
v 0.038105 -0.056265 0.044795
v 0.043506 -0.051131 0.041520
v 0.046014 -0.038598 0.040795
v -0.003670 -0.019744 0.059214
v 0.045992 -0.044815 0.040638
v 0.042199 -0.027518 0.043248
v 0.044156 -0.032975 0.041952
v 0.048797 -0.019365 0.038076
v 0.051908 -0.027530 0.034898
v 0.048315 -0.031049 0.038683
v 0.001299 -0.013092 0.074058
v -0.004397 -0.013305 0.071804
v 0.045750 -0.023909 0.040872
v 0.051095 -0.012764 0.035024
v 0.055063 -0.022666 0.030782
v 0.022746 -0.089509 0.037905
v -0.037217 0.028699 0.039658
v -0.036622 0.026411 0.038303
v 0.028991 -0.087880 0.034394
v 0.033643 -0.086284 0.028631
v 0.036923 -0.085644 0.021807
v 0.040937 -0.084453 0.014133
v 0.044635 -0.081918 0.005298
v 0.050215 -0.076764 -0.005121
v -0.030920 0.033008 0.043518
v -0.013584 0.036704 0.048559
v -0.018876 0.035738 0.047422
v 0.058904 -0.066768 -0.017165
v -0.036626 0.021595 0.037075
v -0.036632 0.019344 0.035790
v -0.036024 0.024365 0.036935
v -0.036476 0.019815 0.037104
v -0.036711 0.020582 0.037466
v 0.065472 -0.051084 -0.028321
v -0.035847 0.023402 0.036531
v 0.066779 -0.036822 -0.036399
v -0.035812 0.023406 0.036557
v 0.031465 -0.094658 0.009100
v -0.035745 0.031194 0.041428
v 0.029079 -0.093777 0.015496
v 0.027510 -0.093833 0.021166
v -0.036193 0.022649 0.036544
v -0.036729 0.018652 0.034071
v 0.025115 -0.093818 0.025959
v -0.037058 0.016768 0.029580
v 0.020569 -0.096066 0.025512
v -0.008694 0.037645 0.049401
v -0.031943 0.043294 0.046198
v -0.061509 0.036634 0.024643
v 0.018010 -0.098891 0.017690
v -0.063538 0.030804 0.021833
v 0.019420 -0.101325 0.013036
v -0.049990 -0.003518 0.029191
v -0.052805 -0.003197 0.026617
v -0.028018 0.037790 0.046835
v 0.020775 -0.104623 0.010007
v 0.049815 -0.046982 0.037102
v 0.053710 -0.047082 0.031954
v 0.053846 -0.036900 0.032496
v 0.057634 -0.033374 0.027195
v -0.040888 0.061512 0.037864
v -0.054248 0.105529 -0.010581
v -0.037965 0.054832 0.041173
v -0.050547 0.044631 0.035296
v 0.058170 -0.045625 0.025584
v -0.053465 0.100946 -0.001410
v 0.050097 -0.038997 0.037137
v 0.062614 -0.041239 0.018017
v 0.061024 -0.028164 0.021407
v 0.057774 -0.015880 0.026724
v 0.063145 -0.021663 0.016281
v -0.057483 0.041641 0.029086
v 0.065575 -0.034801 0.010921
v -0.058330 0.000810 0.019172
v -0.018486 0.052123 0.047247
v -0.060763 0.006174 0.016314
v 0.060264 -0.010881 0.022268
v -0.026553 0.050488 0.046502
v -0.052943 0.116712 -0.073305
v 0.062039 -0.006049 0.018018
v 0.064447 -0.016392 0.011728
v 0.066986 -0.027506 0.005693
v 0.055474 -0.059285 0.025752
v -0.021514 0.031726 0.044199
v 0.067922 -0.020842 0.000225
v -0.040471 -0.000868 0.034559
v -0.043341 -0.001848 0.033201
v 0.063410 -0.001740 0.013204
v -0.056720 0.115639 -0.061986
v -0.056988 -0.001221 0.021329
v -0.047491 0.078243 0.027359
v -0.016261 0.026037 0.042379
v -0.018625 0.028427 0.042468
v -0.049673 0.084735 0.020672
v 0.065392 -0.010782 0.006808
v 0.064662 0.004192 0.007160
v 0.066972 -0.004429 -0.001138
v -0.051220 0.090623 0.013680
v 0.069029 -0.012311 -0.008171
v 0.070567 -0.009851 -0.023329
v -0.055413 0.109532 -0.021254
v -0.024516 0.005887 0.038148
v 0.065185 -0.020727 -0.052528
v 0.025251 -0.024401 0.050317
v 0.019696 -0.023690 0.053012
v -0.064496 0.024305 0.019267
v -0.063997 0.017633 0.017756
v -0.057155 0.114834 -0.048086
v -0.033441 0.001653 0.037126
v -0.062516 0.011785 0.016582
v -0.041854 0.121004 -0.081422
v 0.014805 -0.023825 0.056176
v -0.055140 -0.002560 0.023965
v 0.010931 -0.024181 0.058680
v 0.007179 -0.024914 0.060018
v -0.043445 0.046871 0.040271
v -0.037141 0.000246 0.035967
v -0.015161 0.023063 0.041802
v -0.020433 0.009080 0.038455
v -0.017658 0.012690 0.038908
v -0.052406 0.095972 0.006529
v -0.015939 0.016076 0.039837
v -0.014851 0.019686 0.041175
v -0.028886 0.003437 0.038015
v -0.044323 0.069749 0.033555
v -0.056271 0.112700 -0.033991
v -0.046654 -0.002786 0.031377
v -0.026924 0.125368 -0.084267
v -0.011907 0.053404 0.047391
v -0.015263 0.017922 0.040653
v -0.024762 0.034502 0.045817
v -0.035167 0.048695 0.044201
v 0.009374 -0.054630 0.058490
v -0.020183 -0.044084 0.048497
v -0.021198 -0.046342 0.047112
v -0.019940 -0.051716 0.045302
v -0.013802 -0.037887 0.053496
v -0.017697 -0.041235 0.050593
v -0.009029 -0.056022 0.052784
v -0.021235 -0.048246 0.046183
v -0.003216 -0.056032 0.055916
v -0.021220 -0.050099 0.045452
v 0.002662 -0.055238 0.057669
v 0.004646 -0.030709 0.060405
v -0.004571 -0.032455 0.058951
v 0.000124 -0.031189 0.060375
v -0.009242 -0.034733 0.056472
v -0.017403 -0.053394 0.046398
v -0.013897 -0.055143 0.049064
v 0.005650 -0.013844 0.070075
v 0.004864 -0.015618 0.067576
v 0.009460 0.023169 0.035272
v 0.009761 -0.017019 0.057841
v 0.004601 0.005866 0.062937
v 0.008160 0.023120 0.035781
v 0.012109 -0.016155 0.056771
v 0.002993 0.012265 0.057356
v 0.002736 0.021238 0.044556
v 0.003606 0.008953 0.060224
v 0.016568 -0.011732 0.057060
v 0.015474 -0.014842 0.055898
v 0.007257 -0.007336 0.072581
v 0.007557 -0.004480 0.071586
v 0.008330 -0.010247 0.070513
v 0.006107 -0.012564 0.071226
v 0.011009 0.023266 0.035743
v 0.021318 0.026525 0.029986
v 0.006873 -0.009445 0.072505
v 0.004401 -0.012086 0.073185
v 0.014111 0.024604 0.033757
v 0.010339 0.023252 0.035486
v 0.012104 -0.008040 0.065410
v 0.001737 0.020049 0.048827
v 0.014982 -0.009152 0.061170
v 0.011830 0.023546 0.035728
v 0.012411 0.023847 0.035669
v 0.005892 0.002376 0.065955
v 0.016655 0.025025 0.033891
v 0.004864 -0.017597 0.062685
v 0.010524 -0.008948 0.067800
v 0.009308 -0.009667 0.069309
v 0.005530 -0.018315 0.060880
v 0.005934 0.022503 0.037822
v 0.001937 0.017820 0.052431
v 0.002380 0.015146 0.055284
v 0.004594 -0.016655 0.065074
v 0.007009 -0.001104 0.069397
v 0.007817 -0.017475 0.059410
v 0.006483 -0.011179 0.071990
v 0.020839 0.040561 0.040828
v 0.021111 0.038192 0.039559
v 0.013432 0.042031 0.044487
v -0.003860 0.038665 0.048865
v 0.001312 0.039810 0.047922
v 0.022697 0.033752 0.038529
v 0.023359 0.031475 0.036782
v 0.021253 0.036086 0.038274
v 0.023199 0.031846 0.038452
v 0.023145 0.032749 0.038874
v 0.021438 0.035126 0.037911
v 0.021362 0.035126 0.038002
v 0.018552 0.042295 0.042533
v 0.021931 0.034580 0.037951
v 0.023750 0.031092 0.034954
v 0.024865 0.029550 0.030510
v 0.010520 0.051878 0.047164
v 0.039751 0.057615 0.025155
v 0.043660 0.052956 0.022376
v 0.044557 0.015817 0.030177
v 0.046943 0.017275 0.027543
v 0.009001 0.045199 0.047791
v 0.011320 0.072446 0.038175
v 0.005911 0.117935 -0.010644
v 0.011340 0.065038 0.041624
v 0.026834 0.060615 0.035983
v 0.006962 0.113331 -0.001430
v 0.034258 0.060640 0.029694
v 0.050733 0.023272 0.020156
v -0.005331 0.054781 0.047554
v 0.051081 0.029245 0.017374
v 0.002741 0.056454 0.047064
v 0.000405 0.127715 -0.073388
v 0.005138 0.037194 0.044813
v 0.034860 0.014509 0.035773
v 0.037892 0.014733 0.034372
v 0.004278 0.128246 -0.062093
v 0.050112 0.020818 0.022234
v 0.010755 0.090179 0.027410
v 0.002325 0.029975 0.042743
v 0.003608 0.033103 0.042912
v 0.009915 0.096617 0.020921
v 0.008978 0.102752 0.013813
v 0.005424 0.122129 -0.021349
v 0.017368 0.014271 0.038714
v 0.046945 0.047272 0.019915
v 0.049218 0.040908 0.018605
v 0.005026 0.127711 -0.048205
v 0.027400 0.013927 0.037983
v 0.050404 0.035056 0.017523
v -0.011494 0.127233 -0.081460
v 0.048910 0.018802 0.024861
v 0.019485 0.059837 0.040951
v 0.031316 0.014185 0.037063
v 0.002199 0.026724 0.042100
v 0.012271 0.015586 0.038957
v 0.008299 0.017847 0.039388
v 0.007936 0.108249 0.006574
v 0.005440 0.020310 0.040233
v 0.003081 0.023381 0.041465
v 0.022285 0.013736 0.038645
v 0.011251 0.081356 0.033817
v 0.004995 0.125412 -0.034106
v 0.041251 0.015162 0.032444
v 0.004122 0.021820 0.040990
v 0.007173 0.040948 0.046594
v 0.011289 0.058210 0.044890
v 0.032440 -0.033514 0.048858
v 0.034232 -0.035250 0.047558
v 0.035028 -0.040766 0.045954
v 0.024271 -0.030311 0.053751
v 0.029064 -0.031887 0.050899
v 0.026560 -0.048972 0.053013
v 0.034958 -0.036998 0.046676
v 0.021422 -0.051213 0.056260
v 0.035622 -0.038717 0.046038
v 0.015681 -0.052779 0.058107
v 0.013751 -0.028771 0.059288
v 0.008973 -0.029378 0.060634
v 0.018824 -0.029128 0.056738
v 0.033368 -0.043239 0.046821
v 0.030702 -0.046241 0.049270
v 0.025316 0.027939 0.025223
v -0.036737 0.015119 0.024166
v 0.023645 0.026772 0.037882
v 0.022110 0.026461 0.037406
v 0.020694 0.026175 0.036636
v 0.019507 0.025934 0.035640
v 0.023613 0.027090 0.037881
v 0.022045 0.027086 0.037407
v 0.020601 0.027082 0.036636
v 0.019390 0.027078 0.035639
v 0.023642 0.027409 0.037882
v 0.022105 0.027710 0.037407
v 0.020687 0.027989 0.036636
v 0.019498 0.028221 0.035639
v 0.023733 0.027715 0.037882
v 0.022284 0.028312 0.037407
v 0.020947 0.028861 0.036636
v 0.019826 0.029322 0.035639
v 0.023884 0.027998 0.037881
v 0.022577 0.028866 0.037406
v 0.021372 0.029666 0.036636
v 0.020362 0.030338 0.035640
v 0.024084 0.028246 0.037882
v 0.022972 0.029352 0.037407
v 0.021946 0.030372 0.036636
v 0.021087 0.031227 0.035638
v 0.024330 0.028449 0.037882
v 0.023455 0.029752 0.037406
v 0.022647 0.030952 0.036635
v 0.021971 0.031959 0.035638
v 0.024612 0.028602 0.037881
v 0.024006 0.030049 0.037406
v 0.023448 0.031384 0.036636
v 0.022980 0.032503 0.035637
v 0.024917 0.028695 0.037881
v 0.024605 0.030233 0.037405
v 0.024317 0.031651 0.036634
v 0.024076 0.032840 0.035637
v 0.025234 0.028727 0.037880
v 0.025229 0.030296 0.037405
v 0.025222 0.031743 0.036633
v 0.025218 0.032955 0.035635
v 0.025553 0.028697 0.037880
v 0.025852 0.030236 0.037403
v 0.026128 0.031656 0.036632
v 0.026359 0.032846 0.035634
v 0.025859 0.028605 0.037879
v 0.026452 0.030055 0.037403
v 0.026999 0.031393 0.036631
v 0.027458 0.032515 0.035633
v 0.026141 0.028454 0.037879
v 0.027005 0.029761 0.037402
v 0.027803 0.030966 0.036630
v 0.028473 0.031977 0.035633
v 0.026389 0.028252 0.037878
v 0.027491 0.029364 0.037401
v 0.028508 0.030390 0.036629
v 0.029361 0.031250 0.035631
v 0.026592 0.028006 0.037877
v 0.027890 0.028880 0.037400
v 0.029087 0.029687 0.036627
v 0.030092 0.030364 0.035629
v 0.026744 0.027723 0.037876
v 0.028188 0.028328 0.037399
v 0.029520 0.028885 0.036627
v 0.030636 0.029353 0.035628
v 0.026838 0.027418 0.037876
v 0.028372 0.027728 0.037398
v 0.029787 0.028014 0.036626
v 0.030975 0.028254 0.035629
v 0.026870 0.027100 0.037876
v 0.028436 0.027104 0.037398
v 0.029880 0.027108 0.036626
v 0.031091 0.027111 0.035627
v 0.026840 0.026781 0.037876
v 0.028377 0.026480 0.037398
v 0.029795 0.026201 0.036626
v 0.030984 0.025969 0.035628
v 0.026749 0.026475 0.037876
v 0.028198 0.025879 0.037399
v 0.029535 0.025329 0.036627
v 0.030657 0.024868 0.035629
v 0.026600 0.026193 0.037877
v 0.027906 0.025325 0.037400
v 0.029111 0.024524 0.036628
v 0.030123 0.023853 0.035632
v 0.026399 0.025945 0.037877
v 0.027512 0.024839 0.037401
v 0.028538 0.023818 0.036629
v 0.029398 0.022963 0.035631
v 0.026153 0.025741 0.037878
v 0.027029 0.024439 0.037401
v 0.027837 0.023238 0.036630
v 0.028515 0.022231 0.035633
v 0.025872 0.025589 0.037879
v 0.026479 0.024141 0.037403
v 0.027038 0.022806 0.036632
v 0.027506 0.021687 0.035633
v 0.025567 0.025495 0.037879
v 0.025880 0.023957 0.037403
v 0.026168 0.022539 0.036632
v 0.026410 0.021349 0.035634
v 0.025250 0.025463 0.037880
v 0.025256 0.023893 0.037404
v 0.025263 0.022446 0.036633
v 0.025269 0.021234 0.035635
v 0.024931 0.025494 0.037880
v 0.024633 0.023954 0.037404
v 0.024357 0.022534 0.036633
v 0.024128 0.021343 0.035635
v 0.024625 0.025585 0.037880
v 0.024032 0.024134 0.037405
v 0.023486 0.022796 0.036634
v 0.023028 0.021674 0.035635
v 0.024343 0.025736 0.037880
v 0.023479 0.024429 0.037404
v 0.022682 0.023223 0.036634
v 0.022013 0.022212 0.035637
v 0.024095 0.025938 0.037881
v 0.022993 0.024825 0.037406
v 0.021976 0.023798 0.036634
v 0.021123 0.022939 0.035636
v 0.025242 0.027095 0.038040
v 0.023891 0.026184 0.037881
v 0.022593 0.025309 0.037405
v 0.021395 0.024501 0.036635
v 0.020391 0.023825 0.035638
v 0.023740 0.026467 0.037881
v 0.022294 0.025861 0.037406
v 0.020962 0.025303 0.036636
v 0.019846 0.024836 0.035638
v 0.018349 0.025700 0.034784
v 0.016560 0.025338 0.033329
v 0.015034 0.025029 0.031428
v 0.013900 0.024800 0.029258
v 0.013203 0.024659 0.026903
v 0.012969 0.024612 0.024455
v 0.013206 0.024658 0.022004
v 0.013904 0.024799 0.019649
v 0.015039 0.025028 0.017477
v 0.016566 0.025337 0.015574
v 0.018426 0.025713 0.014012
v 0.020549 0.026143 0.012852
v 0.022852 0.026609 0.012138
v 0.018208 0.027075 0.034783
v 0.016382 0.027069 0.033330
v 0.014824 0.027065 0.031429
v 0.013668 0.027061 0.029259
v 0.012956 0.027059 0.026903
v 0.012717 0.027058 0.024454
v 0.012958 0.027058 0.022004
v 0.013671 0.027060 0.019649
v 0.014830 0.027063 0.017477
v 0.016388 0.027067 0.015574
v 0.018287 0.027073 0.014012
v 0.020452 0.027079 0.012852
v 0.022803 0.027086 0.012138
v 0.018338 0.028450 0.034783
v 0.016544 0.028801 0.033330
v 0.015016 0.029101 0.031429
v 0.013881 0.029324 0.029258
v 0.013182 0.029461 0.026903
v 0.012946 0.029507 0.024453
v 0.013183 0.029461 0.022004
v 0.013884 0.029323 0.019649
v 0.015021 0.029100 0.017477
v 0.016550 0.028800 0.015574
v 0.018414 0.028433 0.014012
v 0.020540 0.028017 0.012852
v 0.022848 0.027564 0.012138
v 0.018731 0.029773 0.034784
v 0.017041 0.030468 0.033331
v 0.015600 0.031060 0.031429
v 0.014530 0.031501 0.029257
v 0.013871 0.031771 0.026903
v 0.013649 0.031863 0.024453
v 0.013873 0.031771 0.022004
v 0.014533 0.031499 0.019648
v 0.015605 0.031059 0.017477
v 0.017047 0.030466 0.015574
v 0.018804 0.029743 0.014012
v 0.020809 0.028918 0.012852
v 0.022984 0.028024 0.012138
v 0.019376 0.030992 0.034784
v 0.017854 0.032004 0.033329
v 0.016555 0.032867 0.031428
v 0.015591 0.033508 0.029257
v 0.014998 0.033902 0.026902
v 0.014798 0.034036 0.024453
v 0.014999 0.033902 0.022003
v 0.015594 0.033507 0.019648
v 0.016559 0.032865 0.017477
v 0.017859 0.032002 0.015574
v 0.019442 0.030950 0.014012
v 0.021248 0.029750 0.012852
v 0.023209 0.028447 0.012138
v 0.020247 0.032062 0.034783
v 0.018950 0.033352 0.033328
v 0.017844 0.034451 0.031427
v 0.017023 0.035269 0.029256
v 0.016518 0.035772 0.026902
v 0.016347 0.035942 0.024453
v 0.016520 0.035772 0.022003
v 0.017026 0.035268 0.019648
v 0.017848 0.034450 0.017477
v 0.018954 0.033350 0.015574
v 0.020303 0.032009 0.014012
v 0.021842 0.030479 0.012852
v 0.023510 0.028819 0.012138
v 0.021310 0.032940 0.034781
v 0.020288 0.034459 0.033327
v 0.019418 0.035754 0.031426
v 0.018772 0.036716 0.029256
v 0.018373 0.037309 0.026902
v 0.018240 0.037509 0.024453
v 0.018374 0.037308 0.022003
v 0.018773 0.036715 0.019648
v 0.019421 0.035752 0.017477
v 0.020292 0.034457 0.015574
v 0.021354 0.032879 0.014012
v 0.022565 0.031078 0.012852
v 0.023880 0.029124 0.012138
v 0.022523 0.033595 0.034780
v 0.021818 0.035283 0.033326
v 0.021215 0.036723 0.031426
v 0.020769 0.037794 0.029255
v 0.020493 0.038452 0.026902
v 0.020401 0.038674 0.024453
v 0.020494 0.038452 0.022004
v 0.020770 0.037793 0.019648
v 0.021217 0.036722 0.017477
v 0.021821 0.035281 0.015574
v 0.022554 0.033526 0.014012
v 0.023392 0.031525 0.012852
v 0.024301 0.029352 0.012138
v 0.023841 0.034000 0.034780
v 0.023477 0.035792 0.033326
v 0.023167 0.037323 0.031425
v 0.022937 0.038459 0.029255
v 0.022795 0.039159 0.026901
v 0.022748 0.039397 0.024454
v 0.022796 0.039158 0.022003
v 0.022938 0.038459 0.019648
v 0.023169 0.037321 0.017477
v 0.023480 0.035791 0.015574
v 0.023859 0.033927 0.014012
v 0.024290 0.031801 0.012852
v 0.024759 0.029493 0.012138
v 0.025213 0.034139 0.034779
v 0.025204 0.035968 0.033325
v 0.025199 0.037529 0.031424
v 0.025193 0.038689 0.029254
v 0.025191 0.039403 0.026901
v 0.025191 0.039643 0.024452
v 0.025192 0.039402 0.022003
v 0.025195 0.038688 0.019648
v 0.025201 0.037528 0.017476
v 0.025207 0.035966 0.015574
v 0.025216 0.034065 0.014012
v 0.025225 0.031896 0.012851
v 0.025236 0.029541 0.012138
v 0.026585 0.034007 0.034778
v 0.026934 0.035803 0.033324
v 0.027232 0.037334 0.031423
v 0.027453 0.038472 0.029254
v 0.027590 0.039173 0.026900
v 0.027636 0.039410 0.024451
v 0.027590 0.039173 0.022002
v 0.027454 0.038471 0.019647
v 0.027234 0.037333 0.017476
v 0.026937 0.035801 0.015574
v 0.026574 0.033935 0.014012
v 0.026161 0.031806 0.012851
v 0.025713 0.029495 0.012138
v 0.027907 0.033611 0.034778
v 0.028599 0.035303 0.033324
v 0.029189 0.036746 0.031423
v 0.029628 0.037818 0.029253
v 0.029897 0.038479 0.026899
v 0.029989 0.038702 0.024450
v 0.029898 0.038479 0.022002
v 0.029629 0.037818 0.019647
v 0.029190 0.036745 0.017476
v 0.028601 0.035301 0.015573
v 0.027882 0.033542 0.014012
v 0.027061 0.031535 0.012851
v 0.026172 0.029358 0.012138
v 0.029125 0.032963 0.034777
v 0.030134 0.034487 0.033323
v 0.030994 0.035787 0.031423
v 0.031634 0.036753 0.029252
v 0.032027 0.037347 0.026898
v 0.032160 0.037548 0.024450
v 0.032027 0.037347 0.022001
v 0.031634 0.036752 0.019647
v 0.030995 0.035786 0.017475
v 0.030136 0.034486 0.015573
v 0.029088 0.032902 0.014011
v 0.027893 0.031094 0.012851
v 0.026595 0.029132 0.012138
v 0.030195 0.032090 0.034776
v 0.031482 0.033388 0.033323
v 0.032578 0.034494 0.031422
v 0.033394 0.035316 0.029252
v 0.033897 0.035822 0.026898
v 0.034066 0.035994 0.024450
v 0.033897 0.035822 0.022001
v 0.033394 0.035315 0.019646
v 0.032579 0.034493 0.017475
v 0.031483 0.033386 0.015573
v 0.030146 0.032038 0.014011
v 0.028622 0.030498 0.012851
v 0.026967 0.028830 0.012138
v 0.031072 0.031025 0.034774
v 0.032589 0.032046 0.033321
v 0.033881 0.032917 0.031422
v 0.034843 0.033564 0.029253
v 0.035434 0.033963 0.026899
v 0.035634 0.034096 0.024450
v 0.035433 0.033962 0.022001
v 0.034842 0.033563 0.019646
v 0.033882 0.032916 0.017475
v 0.032590 0.032045 0.015573
v 0.031017 0.030983 0.014011
v 0.029221 0.029773 0.012851
v 0.027272 0.028459 0.012138
v 0.031728 0.029809 0.034773
v 0.033415 0.030514 0.033322
v 0.034853 0.031116 0.031422
v 0.035923 0.031563 0.029254
v 0.036580 0.031838 0.026899
v 0.036801 0.031931 0.024451
v 0.036579 0.031837 0.022001
v 0.035921 0.031561 0.019646
v 0.034853 0.031115 0.017475
v 0.033415 0.030512 0.015573
v 0.031665 0.029780 0.014011
v 0.029668 0.028944 0.012851
v 0.027500 0.028036 0.012138
v 0.032135 0.028489 0.034774
v 0.033927 0.028851 0.033322
v 0.035456 0.029160 0.031423
v 0.036592 0.029390 0.029254
v 0.037289 0.029531 0.026899
v 0.037525 0.029580 0.024452
v 0.037287 0.029531 0.022002
v 0.036589 0.029389 0.019646
v 0.035454 0.029159 0.017475
v 0.033927 0.028850 0.015573
v 0.032067 0.028473 0.014011
v 0.029945 0.028044 0.012851
v 0.027641 0.027578 0.012137
v 0.032275 0.027115 0.034773
v 0.034105 0.027121 0.033322
v 0.035665 0.027125 0.031423
v 0.036824 0.027129 0.029254
v 0.037537 0.027131 0.026899
v 0.037776 0.027131 0.024450
v 0.037535 0.027131 0.022001
v 0.036821 0.027128 0.019646
v 0.035663 0.027124 0.017475
v 0.034104 0.027119 0.015573
v 0.032206 0.027113 0.014011
v 0.030041 0.027107 0.012851
v 0.027690 0.027100 0.012137
v 0.032146 0.025740 0.034773
v 0.033942 0.025388 0.033322
v 0.035473 0.025088 0.031422
v 0.036610 0.024866 0.029254
v 0.037310 0.024728 0.026899
v 0.037546 0.024681 0.024449
v 0.037309 0.024728 0.022001
v 0.036609 0.024865 0.019646
v 0.035472 0.025087 0.017474
v 0.033942 0.025387 0.015572
v 0.032079 0.025753 0.014011
v 0.029952 0.026170 0.012851
v 0.027645 0.026622 0.012137
v 0.031754 0.024417 0.034775
v 0.033446 0.023722 0.033323
v 0.034888 0.023129 0.031422
v 0.035960 0.022689 0.029253
v 0.036620 0.022418 0.026898
v 0.036842 0.022326 0.024449
v 0.036619 0.022417 0.022000
v 0.035959 0.022688 0.019645
v 0.034887 0.023128 0.017474
v 0.033446 0.023721 0.015572
v 0.031689 0.024444 0.014011
v 0.029684 0.025269 0.012851
v 0.027509 0.026163 0.012137
v 0.031109 0.023198 0.034776
v 0.032633 0.022186 0.033322
v 0.033933 0.021322 0.031421
v 0.034898 0.020681 0.029252
v 0.035492 0.020286 0.026897
v 0.035693 0.020153 0.024449
v 0.035492 0.020286 0.022000
v 0.034898 0.020681 0.019645
v 0.033933 0.021322 0.017474
v 0.032634 0.022185 0.015572
v 0.031051 0.023236 0.014011
v 0.029245 0.024436 0.012851
v 0.027284 0.025739 0.012137
v 0.030239 0.022128 0.034776
v 0.031537 0.020838 0.033322
v 0.032643 0.019738 0.031421
v 0.033466 0.018920 0.029252
v 0.033972 0.018417 0.026897
v 0.034144 0.018246 0.024449
v 0.033972 0.018416 0.022000
v 0.033466 0.018920 0.019645
v 0.032644 0.019737 0.017474
v 0.031538 0.020837 0.015572
v 0.030190 0.022178 0.014011
v 0.028651 0.023707 0.012851
v 0.026983 0.025367 0.012137
v 0.025247 0.027093 0.011896
v 0.029176 0.021250 0.034775
v 0.030199 0.019731 0.033322
v 0.031070 0.018436 0.031421
v 0.031718 0.017473 0.029253
v 0.032117 0.016881 0.026898
v 0.032252 0.016680 0.024449
v 0.032118 0.016880 0.022000
v 0.031718 0.017473 0.019646
v 0.031072 0.018435 0.017474
v 0.030200 0.019730 0.015572
v 0.029138 0.021308 0.014011
v 0.027928 0.023108 0.012851
v 0.026613 0.025062 0.012137
v 0.027964 0.020595 0.034776
v 0.028670 0.018907 0.033323
v 0.029273 0.017466 0.031422
v 0.029721 0.016396 0.029253
v 0.029997 0.015737 0.026898
v 0.030091 0.015515 0.024450
v 0.029998 0.015737 0.022001
v 0.029722 0.016395 0.019646
v 0.029275 0.017465 0.017475
v 0.028672 0.018906 0.015573
v 0.027938 0.020660 0.014011
v 0.027101 0.022661 0.012851
v 0.026192 0.024834 0.012137
v 0.026646 0.020190 0.034778
v 0.027011 0.018397 0.033323
v 0.027322 0.016867 0.031422
v 0.027553 0.015730 0.029253
v 0.027695 0.015031 0.026898
v 0.027744 0.014795 0.024452
v 0.027696 0.015031 0.022001
v 0.027554 0.015729 0.019646
v 0.027323 0.016866 0.017475
v 0.027013 0.018396 0.015573
v 0.026634 0.020259 0.014011
v 0.026202 0.022386 0.012851
v 0.025734 0.024694 0.012138
v 0.025274 0.020050 0.034778
v 0.025283 0.018222 0.033323
v 0.025290 0.016660 0.031423
v 0.025296 0.015501 0.029253
v 0.025300 0.014787 0.026899
v 0.025301 0.014546 0.024450
v 0.025300 0.014786 0.022001
v 0.025297 0.015500 0.019646
v 0.025292 0.016660 0.017475
v 0.025286 0.018220 0.015573
v 0.025276 0.020122 0.014011
v 0.025267 0.022290 0.012851
v 0.025257 0.024645 0.012137
v 0.023902 0.020182 0.034778
v 0.023553 0.018387 0.033324
v 0.023257 0.016855 0.031423
v 0.023037 0.015717 0.029254
v 0.022901 0.015016 0.026899
v 0.022856 0.014779 0.024450
v 0.022901 0.015015 0.022001
v 0.023038 0.015717 0.019646
v 0.023258 0.016854 0.017475
v 0.023556 0.018385 0.015573
v 0.023919 0.020251 0.014011
v 0.024331 0.022381 0.012851
v 0.024780 0.024691 0.012138
v 0.022580 0.020578 0.034779
v 0.021890 0.018886 0.033325
v 0.021300 0.017443 0.031424
v 0.020862 0.016370 0.029254
v 0.020593 0.015710 0.026899
v 0.020502 0.015486 0.024450
v 0.020594 0.015710 0.022001
v 0.020864 0.016370 0.019646
v 0.021302 0.017442 0.017475
v 0.021892 0.018885 0.015573
v 0.022611 0.020644 0.014011
v 0.023431 0.022651 0.012851
v 0.024321 0.024828 0.012138
v 0.021361 0.021226 0.034780
v 0.020354 0.019702 0.033326
v 0.019495 0.018402 0.031424
v 0.018857 0.017436 0.029255
v 0.018464 0.016841 0.026899
v 0.018331 0.016640 0.024451
v 0.018465 0.016841 0.022002
v 0.018858 0.017435 0.019647
v 0.019497 0.018401 0.017476
v 0.020357 0.019701 0.015573
v 0.021405 0.021285 0.014011
v 0.022600 0.023092 0.012851
v 0.023898 0.025054 0.012138
v 0.020292 0.022099 0.034780
v 0.019007 0.020801 0.033326
v 0.017911 0.019695 0.031424
v 0.017096 0.018873 0.029255
v 0.016594 0.018367 0.026900
v 0.016425 0.018195 0.024451
v 0.016595 0.018366 0.022002
v 0.017098 0.018872 0.019647
v 0.017913 0.019694 0.017476
v 0.019010 0.020800 0.015574
v 0.020346 0.022149 0.014012
v 0.021871 0.023688 0.012851
v 0.023526 0.025357 0.012138
v 0.019413 0.023164 0.034781
v 0.017899 0.022143 0.033327
v 0.016608 0.021272 0.031425
v 0.015648 0.020626 0.029256
v 0.015058 0.020226 0.026901
v 0.014859 0.020093 0.024452
v 0.015059 0.020226 0.022003
v 0.015651 0.020625 0.019648
v 0.016611 0.021271 0.017476
v 0.017903 0.022142 0.015574
v 0.019476 0.023203 0.014012
v 0.021272 0.024413 0.012852
v 0.023221 0.025727 0.012138
v 0.018756 0.024380 0.034782
v 0.017072 0.023675 0.033328
v 0.015637 0.023073 0.031426
v 0.014569 0.022627 0.029257
v 0.013913 0.022352 0.026902
v 0.013692 0.022259 0.024453
v 0.013914 0.022352 0.022004
v 0.014572 0.022627 0.019648
v 0.015640 0.023073 0.017476
v 0.017077 0.023674 0.015574
v 0.018828 0.024406 0.014012
v 0.020825 0.025242 0.012852
v 0.022993 0.026150 0.012138
v -0.038284 0.014315 0.036800
v -0.039819 0.014005 0.036322
v -0.041233 0.013718 0.035549
v -0.042421 0.013478 0.034551
v -0.038316 0.014633 0.036800
v -0.039883 0.014629 0.036323
v -0.041327 0.014624 0.035550
v -0.042537 0.014621 0.034551
v -0.038287 0.014952 0.036801
v -0.039824 0.015253 0.036324
v -0.041242 0.015531 0.035551
v -0.042431 0.015763 0.034552
v -0.038196 0.015258 0.036801
v -0.039645 0.015854 0.036325
v -0.040982 0.016404 0.035552
v -0.042103 0.016864 0.034554
v -0.038046 0.015540 0.036802
v -0.039352 0.016408 0.036325
v -0.040557 0.017208 0.035553
v -0.041569 0.017879 0.034556
v -0.037845 0.015789 0.036802
v -0.038958 0.016894 0.036326
v -0.039984 0.017914 0.035554
v -0.040844 0.018769 0.034556
v -0.037600 0.015992 0.036803
v -0.038475 0.017294 0.036326
v -0.039283 0.018494 0.035555
v -0.039960 0.019501 0.034557
v -0.037318 0.016144 0.036803
v -0.037925 0.017592 0.036328
v -0.038483 0.018927 0.035556
v -0.038952 0.020045 0.034558
v -0.037013 0.016238 0.036803
v -0.037326 0.017776 0.036327
v -0.037614 0.019194 0.035556
v -0.037855 0.020383 0.034559
v -0.036696 0.016270 0.036804
v -0.036702 0.017840 0.036329
v -0.036708 0.019286 0.035558
v -0.036713 0.020499 0.034559
v -0.036377 0.016240 0.036804
v -0.036079 0.017779 0.036328
v -0.035803 0.019199 0.035557
v -0.035572 0.020390 0.034560
v -0.036071 0.016148 0.036804
v -0.035478 0.017599 0.036329
v -0.034931 0.018938 0.035558
v -0.034473 0.020060 0.034560
v -0.035789 0.015997 0.036804
v -0.034925 0.017305 0.036328
v -0.034127 0.018511 0.035558
v -0.033457 0.019522 0.034562
v -0.035541 0.015796 0.036804
v -0.034438 0.016909 0.036329
v -0.033421 0.017935 0.035558
v -0.032568 0.018795 0.034560
v -0.035338 0.015549 0.036804
v -0.034039 0.016424 0.036328
v -0.032842 0.017232 0.035557
v -0.031837 0.017908 0.034560
v -0.035185 0.015267 0.036803
v -0.033741 0.015872 0.036328
v -0.032409 0.016430 0.035557
v -0.031293 0.016897 0.034559
v -0.035092 0.014961 0.036804
v -0.033557 0.015272 0.036328
v -0.032141 0.015558 0.035557
v -0.030954 0.015798 0.034560
v -0.035059 0.014643 0.036803
v -0.033492 0.014647 0.036328
v -0.032048 0.014651 0.035557
v -0.030837 0.014655 0.034559
v -0.035089 0.014324 0.036803
v -0.033552 0.014023 0.036327
v -0.032134 0.013744 0.035556
v -0.030945 0.013512 0.034559
v -0.035180 0.014018 0.036803
v -0.033731 0.013421 0.036328
v -0.032394 0.012871 0.035556
v -0.031273 0.012411 0.034558
v -0.035330 0.013735 0.036803
v -0.034024 0.012867 0.036327
v -0.032819 0.012066 0.035556
v -0.031809 0.011395 0.034559
v -0.035531 0.013487 0.036803
v -0.034419 0.012381 0.036328
v -0.033393 0.011360 0.035556
v -0.032534 0.010505 0.034558
v -0.035777 0.013284 0.036803
v -0.034902 0.011981 0.036327
v -0.034094 0.010780 0.035556
v -0.033418 0.009773 0.034557
v -0.036059 0.013131 0.036803
v -0.035452 0.011683 0.036327
v -0.034894 0.010348 0.035556
v -0.034426 0.009229 0.034557
v -0.036364 0.013038 0.036802
v -0.036052 0.011500 0.036326
v -0.035764 0.010081 0.035555
v -0.035523 0.008891 0.034557
v -0.036681 0.013006 0.036802
v -0.036675 0.011436 0.036326
v -0.036669 0.009989 0.035555
v -0.036664 0.008776 0.034556
v -0.037000 0.013036 0.036802
v -0.037298 0.011496 0.036325
v -0.037574 0.010076 0.035553
v -0.037805 0.008885 0.034556
v -0.037305 0.013128 0.036801
v -0.037899 0.011677 0.036324
v -0.038445 0.010338 0.035552
v -0.038904 0.009216 0.034554
v -0.037587 0.013279 0.036801
v -0.038451 0.011972 0.036323
v -0.039249 0.010766 0.035551
v -0.039919 0.009754 0.034554
v -0.037835 0.013481 0.036800
v -0.038937 0.012368 0.036322
v -0.039954 0.011342 0.035550
v -0.040807 0.010482 0.034552
v -0.036688 0.014638 0.036963
v -0.038038 0.013727 0.036800
v -0.039336 0.012852 0.036322
v -0.040533 0.012045 0.035549
v -0.041537 0.011369 0.034550
v -0.038189 0.014010 0.036800
v -0.039634 0.013404 0.036322
v -0.040965 0.012847 0.035548
v -0.042081 0.012379 0.034549
v -0.043580 0.013243 0.033695
v -0.045371 0.012880 0.032242
v -0.046901 0.012570 0.030344
v -0.048038 0.012340 0.028176
v -0.048735 0.012199 0.025821
v -0.048970 0.012152 0.023374
v -0.048732 0.012199 0.020923
v -0.048034 0.012340 0.018568
v -0.046899 0.012569 0.016397
v -0.045372 0.012878 0.014494
v -0.043512 0.013254 0.012933
v -0.041389 0.013684 0.011772
v -0.039086 0.014150 0.011059
v -0.043720 0.014617 0.033695
v -0.045548 0.014610 0.032243
v -0.047109 0.014606 0.030344
v -0.048269 0.014601 0.028176
v -0.048981 0.014599 0.025821
v -0.049221 0.014599 0.023373
v -0.048980 0.014599 0.020923
v -0.048266 0.014601 0.018568
v -0.047108 0.014604 0.016397
v -0.045549 0.014608 0.014495
v -0.043651 0.014614 0.012933
v -0.041486 0.014620 0.011772
v -0.039135 0.014627 0.011059
v -0.043591 0.015991 0.033696
v -0.045386 0.016343 0.032244
v -0.046917 0.016643 0.030345
v -0.048055 0.016864 0.028175
v -0.048755 0.017002 0.025821
v -0.048991 0.017048 0.023372
v -0.048754 0.017001 0.020923
v -0.048053 0.016863 0.018568
v -0.046916 0.016641 0.016397
v -0.045387 0.016341 0.014495
v -0.043523 0.015974 0.012933
v -0.041397 0.015558 0.011773
v -0.039090 0.015105 0.011059
v -0.043199 0.017314 0.033699
v -0.044891 0.018009 0.032246
v -0.046332 0.018602 0.030345
v -0.047404 0.019042 0.028175
v -0.048065 0.019312 0.025820
v -0.048287 0.019404 0.023372
v -0.048064 0.019312 0.020923
v -0.047403 0.019040 0.018568
v -0.046332 0.018600 0.016397
v -0.044890 0.018007 0.014495
v -0.043133 0.017284 0.012933
v -0.041128 0.016459 0.011773
v -0.038953 0.015565 0.011059
v -0.042555 0.018534 0.033700
v -0.044078 0.019546 0.032246
v -0.045377 0.020409 0.030345
v -0.046343 0.021049 0.028175
v -0.046937 0.021444 0.025821
v -0.047138 0.021577 0.023372
v -0.046937 0.021443 0.020923
v -0.046343 0.021048 0.018568
v -0.045377 0.020406 0.016397
v -0.044078 0.019543 0.014495
v -0.042495 0.018491 0.012933
v -0.040689 0.017291 0.011773
v -0.038729 0.015988 0.011059
v -0.041684 0.019604 0.033701
v -0.042982 0.020893 0.032247
v -0.044088 0.021993 0.030346
v -0.044911 0.022810 0.028175
v -0.045416 0.023314 0.025821
v -0.045588 0.023484 0.023372
v -0.045417 0.023313 0.020923
v -0.044911 0.022809 0.018569
v -0.044089 0.021991 0.016397
v -0.042982 0.020891 0.014495
v -0.041634 0.019550 0.012933
v -0.040095 0.018020 0.011773
v -0.038427 0.016360 0.011059
v -0.040622 0.020482 0.033700
v -0.041644 0.022001 0.032247
v -0.042515 0.023295 0.030346
v -0.043162 0.024258 0.028176
v -0.043562 0.024850 0.025822
v -0.043696 0.025050 0.023373
v -0.043562 0.024850 0.020924
v -0.043163 0.024256 0.018569
v -0.042516 0.023293 0.016397
v -0.041645 0.021998 0.014495
v -0.040583 0.020420 0.012933
v -0.039372 0.018619 0.011773
v -0.038058 0.016666 0.011059
v -0.039409 0.021137 0.033701
v -0.040114 0.022825 0.032247
v -0.040718 0.024265 0.030346
v -0.041165 0.025336 0.028176
v -0.041442 0.025994 0.025822
v -0.041535 0.026216 0.023374
v -0.041442 0.025994 0.020925
v -0.041166 0.025334 0.018569
v -0.040719 0.024263 0.016398
v -0.040116 0.022823 0.014496
v -0.039383 0.021067 0.012934
v -0.038545 0.019066 0.011773
v -0.037636 0.016893 0.011059
v -0.038091 0.021543 0.033702
v -0.038455 0.023335 0.032248
v -0.038766 0.024865 0.030347
v -0.038997 0.026002 0.028177
v -0.039139 0.026701 0.025823
v -0.039188 0.026938 0.023376
v -0.039140 0.026700 0.020925
v -0.038998 0.026000 0.018570
v -0.038767 0.024863 0.016398
v -0.038457 0.023332 0.014496
v -0.038078 0.021469 0.012934
v -0.037647 0.019342 0.011773
v -0.037178 0.017034 0.011059
v -0.036719 0.021682 0.033703
v -0.036728 0.023511 0.032248
v -0.036734 0.025072 0.030348
v -0.036740 0.026232 0.028177
v -0.036743 0.026945 0.025823
v -0.036745 0.027185 0.023375
v -0.036744 0.026945 0.020925
v -0.036741 0.026230 0.018570
v -0.036736 0.025069 0.016398
v -0.036730 0.023508 0.014496
v -0.036721 0.021606 0.012934
v -0.036712 0.019437 0.011773
v -0.036701 0.017082 0.011059
v -0.035346 0.021551 0.033703
v -0.034997 0.023346 0.032249
v -0.034700 0.024878 0.030349
v -0.034480 0.026015 0.028178
v -0.034344 0.026716 0.025824
v -0.034299 0.026952 0.023374
v -0.034345 0.026715 0.020925
v -0.034482 0.026013 0.018570
v -0.034702 0.024875 0.016398
v -0.035000 0.023343 0.014496
v -0.035363 0.021476 0.012934
v -0.035776 0.019347 0.011773
v -0.036224 0.017037 0.011059
v -0.034024 0.021155 0.033705
v -0.033333 0.022847 0.032251
v -0.032743 0.024290 0.030349
v -0.032305 0.025362 0.028178
v -0.032037 0.026022 0.025824
v -0.031946 0.026245 0.023374
v -0.032038 0.026021 0.020925
v -0.032307 0.025360 0.018570
v -0.032746 0.024287 0.016399
v -0.033336 0.022843 0.014496
v -0.034055 0.021084 0.012934
v -0.034876 0.019077 0.011773
v -0.035765 0.016899 0.011059
v -0.032805 0.020509 0.033706
v -0.031797 0.022032 0.032252
v -0.030937 0.023332 0.030350
v -0.030299 0.024297 0.028179
v -0.029907 0.024891 0.025824
v -0.029775 0.025091 0.023375
v -0.029908 0.024890 0.020925
v -0.030302 0.024294 0.018570
v -0.030941 0.023328 0.016399
v -0.031801 0.022028 0.014496
v -0.032849 0.020443 0.012934
v -0.034044 0.018636 0.011773
v -0.035342 0.016673 0.011059
v -0.031735 0.019636 0.033706
v -0.030448 0.020934 0.032253
v -0.029352 0.022040 0.030351
v -0.028538 0.022861 0.028180
v -0.028037 0.023366 0.025825
v -0.027869 0.023537 0.023375
v -0.028039 0.023365 0.020925
v -0.028542 0.022858 0.018570
v -0.029357 0.022035 0.016399
v -0.030454 0.020928 0.014496
v -0.031790 0.019579 0.012934
v -0.033315 0.018040 0.011773
v -0.034970 0.016371 0.011059
v -0.030857 0.018570 0.033704
v -0.029341 0.019592 0.032252
v -0.028049 0.020463 0.030351
v -0.027091 0.021108 0.028180
v -0.026501 0.021506 0.025825
v -0.026302 0.021639 0.023375
v -0.026502 0.021505 0.020926
v -0.027094 0.021105 0.018570
v -0.028055 0.020458 0.016399
v -0.029347 0.019587 0.014496
v -0.030920 0.018525 0.012934
v -0.032716 0.017314 0.011773
v -0.034665 0.016001 0.011059
v -0.030202 0.017354 0.033704
v -0.028517 0.018058 0.032251
v -0.027079 0.018661 0.030351
v -0.026012 0.019106 0.028180
v -0.025356 0.019381 0.025825
v -0.025136 0.019473 0.023375
v -0.025358 0.019380 0.020926
v -0.026016 0.019104 0.018570
v -0.027084 0.018657 0.016399
v -0.028522 0.018054 0.014496
v -0.030273 0.017322 0.012934
v -0.032269 0.016486 0.011773
v -0.034437 0.015578 0.011059
v -0.029796 0.016033 0.033704
v -0.028006 0.016395 0.032250
v -0.026479 0.016704 0.030349
v -0.025345 0.016933 0.028180
v -0.024648 0.017074 0.025824
v -0.024413 0.017122 0.023376
v -0.024650 0.017073 0.020926
v -0.025348 0.016931 0.018570
v -0.026483 0.016701 0.016398
v -0.028010 0.016391 0.014496
v -0.029870 0.016015 0.012934
v -0.031992 0.015585 0.011773
v -0.034296 0.015119 0.011059
v -0.029656 0.014658 0.033703
v -0.027829 0.014664 0.032249
v -0.026271 0.014668 0.030348
v -0.025113 0.014672 0.028179
v -0.024402 0.014674 0.025824
v -0.024162 0.014674 0.023375
v -0.024403 0.014673 0.020925
v -0.025116 0.014670 0.018570
v -0.026274 0.014666 0.016398
v -0.027833 0.014661 0.014496
v -0.029731 0.014655 0.012934
v -0.031896 0.014648 0.011773
v -0.034247 0.014642 0.011059
v -0.029786 0.013283 0.033702
v -0.027992 0.012931 0.032248
v -0.026464 0.012631 0.030347
v -0.025327 0.012409 0.028178
v -0.024628 0.012270 0.025823
v -0.024392 0.012224 0.023374
v -0.024628 0.012270 0.020924
v -0.025329 0.012407 0.018569
v -0.026466 0.012629 0.016398
v -0.027995 0.012929 0.014495
v -0.029859 0.013295 0.012933
v -0.031985 0.013711 0.011773
v -0.034292 0.014164 0.011059
v -0.030179 0.011960 0.033702
v -0.028489 0.011265 0.032248
v -0.027048 0.010672 0.030346
v -0.025977 0.010231 0.028177
v -0.025317 0.009960 0.025822
v -0.025095 0.009868 0.023373
v -0.025318 0.009959 0.020924
v -0.025978 0.010230 0.018569
v -0.027050 0.010670 0.016397
v -0.028492 0.011263 0.014495
v -0.030249 0.011985 0.012933
v -0.032253 0.012810 0.011773
v -0.034429 0.013704 0.011059
v -0.030824 0.010740 0.033702
v -0.029302 0.009728 0.032247
v -0.028003 0.008865 0.030346
v -0.027038 0.008224 0.028176
v -0.026444 0.007829 0.025821
v -0.026244 0.007695 0.023372
v -0.026445 0.007828 0.020923
v -0.027039 0.008222 0.018568
v -0.028004 0.008863 0.016397
v -0.029304 0.009726 0.014495
v -0.030887 0.010778 0.012933
v -0.032693 0.011978 0.011773
v -0.034653 0.013281 0.011059
v -0.031694 0.009670 0.033701
v -0.030398 0.008380 0.032247
v -0.029292 0.007280 0.030345
v -0.028470 0.006462 0.028176
v -0.027964 0.005958 0.025821
v -0.027793 0.005788 0.023372
v -0.027965 0.005958 0.020923
v -0.028471 0.006461 0.018568
v -0.029293 0.007279 0.016397
v -0.030399 0.008378 0.014495
v -0.031748 0.009719 0.012933
v -0.033286 0.011248 0.011773
v -0.034955 0.012908 0.011059
v -0.036691 0.014634 0.010818
v -0.032757 0.008792 0.033700
v -0.031736 0.007273 0.032246
v -0.030865 0.005978 0.030345
v -0.030218 0.005015 0.028176
v -0.029819 0.004422 0.025821
v -0.029685 0.004222 0.023372
v -0.029819 0.004422 0.020923
v -0.030219 0.005014 0.018568
v -0.030866 0.005976 0.016397
v -0.031737 0.007271 0.014495
v -0.032799 0.008849 0.012933
v -0.034010 0.010649 0.011773
v -0.035324 0.012603 0.011059
v -0.033970 0.008137 0.033700
v -0.033265 0.006449 0.032246
v -0.032662 0.005008 0.030345
v -0.032215 0.003937 0.028175
v -0.031939 0.003279 0.025821
v -0.031846 0.003057 0.023372
v -0.031939 0.003278 0.020923
v -0.032215 0.003936 0.018568
v -0.032663 0.005007 0.016397
v -0.033266 0.006447 0.014495
v -0.033999 0.008201 0.012933
v -0.034837 0.010202 0.011772
v -0.035746 0.012375 0.011059
v -0.035288 0.007732 0.033700
v -0.034924 0.005939 0.032246
v -0.034613 0.004408 0.030344
v -0.034383 0.003271 0.028175
v -0.034241 0.002572 0.025820
v -0.034193 0.002336 0.023373
v -0.034241 0.002572 0.020923
v -0.034383 0.003270 0.018568
v -0.034614 0.004407 0.016397
v -0.034925 0.005937 0.014494
v -0.035303 0.007800 0.012933
v -0.035735 0.009928 0.011772
v -0.036204 0.012235 0.011059
v -0.036659 0.007592 0.033699
v -0.036651 0.005763 0.032245
v -0.036645 0.004202 0.030344
v -0.036639 0.003042 0.028175
v -0.036637 0.002328 0.025820
v -0.036636 0.002087 0.023371
v -0.036637 0.002327 0.020923
v -0.036640 0.003041 0.018568
v -0.036646 0.004201 0.016396
v -0.036652 0.005762 0.014494
v -0.036661 0.007663 0.012933
v -0.036670 0.009831 0.011772
v -0.036680 0.012186 0.011059
v -0.038032 0.007724 0.033698
v -0.038381 0.005928 0.032245
v -0.038678 0.004396 0.030344
v -0.038899 0.003258 0.028175
v -0.039036 0.002557 0.025820
v -0.039081 0.002320 0.023371
v -0.039036 0.002556 0.020922
v -0.038899 0.003257 0.018567
v -0.038679 0.004395 0.016396
v -0.038382 0.005926 0.014494
v -0.038019 0.007793 0.012932
v -0.037606 0.009922 0.011772
v -0.037158 0.012232 0.011059
v -0.039353 0.008120 0.033699
v -0.040045 0.006428 0.032245
v -0.040635 0.004984 0.030344
v -0.041074 0.003911 0.028174
v -0.041343 0.003251 0.025819
v -0.041435 0.003027 0.023371
v -0.041343 0.003250 0.020922
v -0.041074 0.003911 0.018567
v -0.040636 0.004983 0.016396
v -0.040046 0.006426 0.014494
v -0.039327 0.008185 0.012932
v -0.038506 0.010192 0.011772
v -0.037617 0.012369 0.011059
v -0.040572 0.008767 0.033698
v -0.041580 0.007243 0.032244
v -0.042440 0.005942 0.030344
v -0.043080 0.004976 0.028174
v -0.043473 0.004382 0.025819
v -0.043606 0.004181 0.023370
v -0.043473 0.004382 0.020922
v -0.043079 0.004976 0.018567
v -0.042441 0.005942 0.016396
v -0.041581 0.007242 0.014494
v -0.040533 0.008826 0.012932
v -0.039337 0.010633 0.011772
v -0.038040 0.012595 0.011059
v -0.041641 0.009641 0.033697
v -0.042928 0.008342 0.032244
v -0.044025 0.007235 0.030344
v -0.044841 0.006413 0.028175
v -0.045343 0.005907 0.025820
v -0.045512 0.005735 0.023371
v -0.045342 0.005907 0.020922
v -0.044840 0.006413 0.018567
v -0.044024 0.007235 0.016396
v -0.042928 0.008341 0.014494
v -0.041591 0.009690 0.012932
v -0.040066 0.011229 0.011772
v -0.038412 0.012898 0.011059
v -0.042518 0.010707 0.033694
v -0.044034 0.009684 0.032242
v -0.045328 0.008812 0.030344
v -0.046289 0.008165 0.028175
v -0.046880 0.007766 0.025820
v -0.047079 0.007633 0.023371
v -0.046879 0.007766 0.020922
v -0.046287 0.008165 0.018567
v -0.045327 0.008812 0.016396
v -0.044035 0.009683 0.014494
v -0.042461 0.010744 0.012932
v -0.040665 0.011954 0.011772
v -0.038717 0.013268 0.011059
v -0.043173 0.011923 0.033694
v -0.044859 0.011217 0.032242
v -0.046299 0.010614 0.030344
v -0.047369 0.010167 0.028176
v -0.048026 0.009892 0.025821
v -0.048246 0.009799 0.023372
v -0.048024 0.009892 0.020923
v -0.047366 0.010167 0.018568
v -0.046298 0.010613 0.016396
v -0.044860 0.011215 0.014494
v -0.043109 0.011947 0.012933
v -0.041113 0.012783 0.011772
v -0.038945 0.013691 0.011059
f 4 2 1
f 8 6 5
f 13 15 14
f 17 19 18
f 32 30 29
f 36 34 33
f 37 39 38
f 21 23 20
f 25 27 24
f 41 43 42
f 48 46 45
f 52 50 49
f 53 55 54
f 60 58 57
f 29 62 61
f 66 64 63
f 67 6 68
f 72 70 69
f 76 74 73
f 77 79 78
f 81 83 82
f 59 86 85
f 88 90 89
f 96 94 93
f 100 98 97
f 101 103 102
f 106 34 87
f 108 115 107
f 117 36 118
f 124 126 125
f 131 129 128
f 132 134 133
f 142 140 139
f 148 60 147
f 144 127 124
f 149 151 150
f 156 154 153
f 159 158 157
f 116 164 105
f 171 169 168
f 174 173 172
f 179 181 180
f 186 188 187
f 194 196 195
f 199 139 198
f 206 208 207
f 213 211 210
f 202 214 201
f 96 216 54
f 92 43 44
f 97 246 100
f 250 229 228
f 252 58 253
f 258 256 255
f 260 229 259
f 110 112 113
f 114 263 109
f 265 267 266
f 56 270 269
f 274 249 250
f 185 63 64
f 280 278 276
f 285 283 157
f 288 211 212
f 141 92 46
f 289 175 176
f 148 105 106
f 312 170 171
f 238 42 43
f 318 160 317
f 310 308 307
f 241 325 324
f 160 240 317
f 47 307 308
f 108 315 164
f 345 86 119
f 348 350 349
f 356 358 357
f 355 353 352
f 363 32 362
f 149 150 176
f 364 253 365
f 366 368 367
f 183 371 63
f 163 161 160
f 209 101 208
f 378 165 166
f 379 381 380
f 383 3 4
f 284 386 385
f 387 389 388
f 391 229 249
f 73 397 396
f 405 407 406
f 203 411 410
f 414 413 412
f 1 357 4
f 277 131 275
f 254 57 58
f 358 415 351
f 417 386 408
f 401 192 420
f 419 127 143
f 421 182 422
f 103 302 409
f 428 368 174
f 380 359 356
f 62 266 323
f 140 431 430
f 357 351 348
f 356 379 380
f 415 403 434
f 437 436 435
f 438 440 439
f 188 450 449
f 452 454 453
f 265 181 421
f 224 64 225
f 237 213 427
f 275 128 458
f 281 460 459
f 50 79 461
f 73 282 281
f 468 466 465
f 390 352 359
f 482 484 483
f 489 487 486
f 493 495 494
f 472 470 469
f 502 500 499
f 220 222 223
f 512 143 66
f 518 511 80
f 513 230 286
f 205 31 244
f 189 451 188
f 163 532 8
f 533 225 251
f 446 447 412
f 335 540 334
f 544 546 545
f 329 291 292
f 199 262 238
f 385 416 550
f 532 191 247
f 363 118 243
f 236 237 250
f 578 580 579
f 573 571 570
f 561 562 272
f 241 259 240
f 590 592 591
f 545 595 594
f 503 155 504
f 606 624 623
f 478 480 479
f 646 648 647
f 590 689 684
f 564 651 650
f 728 184 727
f 714 716 715
f 692 575 693
f 541 581 578
f 346 248 400
f 161 230 160
f 128 94 95
f 698 704 703
f 574 576 575
f 290 401 328
f 630 725 726
f 733 735 734
f 755 496 493
f 759 481 760
f 757 762 761
f 764 466 467
f 768 3808 3809
f 759 488 489
f 492 475 771
f 474 769 473
f 773 465 772
f 771 486 483
f 484 775 491
f 774 489 486
f 495 764 756
f 495 761 494
f 137 784 136
f 325 797 547
f 165 51 52
f 369 29 370
f 730 568 569
f 90 301 89
f 243 516 242
f 800 806 805
f 817 808 816
f 816 823 822
f 306 447 807
f 815 809 808
f 829 828 825
f 726 501 502
f 274 424 423
f 879 881 880
f 884 879 885
f 219 217 211
f 906 904 897
f 455 205 542
f 898 830 829
f 903 880 881
f 906 897 898
f 377 519 165
f 923 948 946
f 946 951 950
f 3519 739 3517
f 900 886 880
f 225 65 144
f 182 442 422
f 809 947 824
f 954 962 961
f 927 965 966
f 885 880 886
f 925 966 967
f 343 341 340
f 965 971 968
f 968 970 969
f 972 969 973
f 963 981 978
f 336 338 339
f 992 827 828
f 810 996 959
f 1007 1002 1008
f 1012 827 1009
f 1011 1007 1008
f 294 292 291
f 907 920 919
f 1017 1019 1018
f 1020 1022 1021
f 1035 1020 1044
f 1061 1047 1046
f 1063 1046 1062
f 1044 1021 1045
f 1102 1097 1109
f 1116 1118 1117
f 1016 1014 1013
f 881 904 903
f 816 1127 817
f 1094 949 1097
f 514 167 515
f 146 81 82
f 1133 1130 1129
f 1102 1126 822
f 822 1116 816
f 1145 1148 1136
f 1076 1151 1069
f 1148 1086 1087
f 1109 1114 1136
f 1154 1156 1155
f 1153 967 1156
f 3464 463 3714
f 1144 1152 1151
f 1156 1163 1162
f 1164 1169 1165
f 1145 1176 1147
f 1114 1154 1171
f 1183 1164 1177
f 1184 1177 1185
f 1069 1062 1064
f 1023 1194 1022
f 1162 1170 1169
f 1195 1185 1191
f 1183 1176 1155
f 1201 1152 1196
f 1061 1201 1202
f 3825 843 3836
f 1203 1195 1034
f 1202 1184 1195
f 1218 1203 1217
f 1060 1202 1203
f 1225 1217 1219
f 671 694 670
f 1219 1024 1035
f 1217 1034 1024
f 1226 1015 1227
f 1243 1234 1233
f 1231 1229 1228
f 847 1233 843
f 843 1244 878
f 1233 1245 1244
f 1923 233 216
f 2100 499 500
f 3914 2135 3900
f 61 323 505
f 210 217 457
f 1299 1309 1300
f 3863 1231 3862
f 1066 1321 1322
f 1322 1228 1229
f 1060 1321 1047
f 1325 1323 1310
f 1244 1332 1330
f 1290 1242 1288
f 1337 1339 1338
f 1330 1340 1339
f 1341 1245 1294
f 1342 1332 1341
f 1343 1341 1344
f 1344 1294 1293
f 3857 1345 1346
f 1347 1342 1343
f 3856 1295 1345
f 1349 1348 1347
f 3861 1347 3853
f 3853 1343 3857
f 906 829 1353
f 905 1353 1354
f 865 1355 1357
f 1355 829 825
f 1357 825 826
f 1356 1353 1355
f 3834 1338 3833
f 866 1356 865
f 1358 1354 1356
f 3828 1337 3834
f 838 1012 841
f 1363 1338 1339
f 1368 1339 1340
f 1348 1340 1342
f 1371 3824 3829
f 524 526 523
f 528 530 527
f 1372 1369 1371
f 535 537 538
f 1367 1348 1350
f 1370 1359 1369
f 1369 3833 3824
f 1373 903 904
f 555 557 558
f 1374 910 1373
f 1373 905 1375
f 1374 1375 1376
f 1375 1354 1370
f 1378 908 1377
f 376 651 1387
f 1388 973 969
f 586 588 585
f 1390 1388 1391
f 1391 969 970
f 597 599 596
f 600 602 603
f 1392 970 979
f 608 610 607
f 612 523 611
f 614 616 613
f 617 25 24
f 620 622 619
f 1397 1391 1392
f 1398 1392 1399
f 1400 920 1378
f 1402 1165 1169
f 636 638 635
f 930 1402 929
f 641 643 644
f 929 1169 1170
f 1404 1403 1402
f 1411 1365 1406
f 1412 1415 1414
f 652 654 655
f 609 657 658
f 659 661 662
f 558 586 585
f 665 667 664
f 1413 1406 1412
f 1418 3810 3813
f 1417 1371 1416
f 1416 3829 3810
f 1419 1416 1418
f 1386 1374 1420
f 677 679 676
f 1385 1420 1421
f 1420 1376 1422
f 685 687 688
f 1421 1422 1423
f 528 691 658
f 1422 1372 1417
f 1018 747 1425
f 699 701 702
f 1424 579 1017
f 3663 1767 3660
f 700 711 712
f 1093 3754 1571
f 717 530 719
f 721 723 720
f 704 3543 3554
f 19 1426 1430
f 1429 1427 1426
f 1658 3542 3544
f 1439 1434 1438
f 1437 1435 1434
f 1426 1433 1432
f 1442 1432 1440
f 742 744 745
f 1432 1441 1440
f 751 753 750
f 1438 1403 1405
f 1446 1444 1443
f 1447 1446 1443
f 3860 1443 3848
f 1415 1445 1446
f 1414 1446 1448
f 2173 469 470
f 777 779 686
f 780 782 783
f 1676 1806 1675
f 3859 1349 3861
f 789 791 788
f 745 793 742
f 652 795 653
f 1455 1457 1456
f 1454 1350 1452
f 610 802 801
f 3831 698 703
f 1352 1045 1351
f 1015 1459 1460
f 811 813 814
f 2118 3817 2117
f 819 821 818
f 1466 1194 1190
f 1467 1465 1466
f 1182 1468 1467
f 832 833 831
f 835 837 834
f 1467 1190 1182
f 1469 1444 1445
f 840 712 690
f 1453 1469 1454
f 599 845 846
f 1226 3849 3855
f 851 853 850
f 855 856 854
f 858 860 857
f 861 863 864
f 1014 3855 3858
f 867 868 869
f 870 872 873
f 874 876 877
f 1310 1471 1309
f 1476 1427 1475
f 1461 1475 1460
f 887 889 890
f 788 892 891
f 894 896 893
f 1460 1227 1015
f 901 524 612
f 1465 1477 1464
f 1865 3500 1864
f 911 913 914
f 916 918 915
f 1850 3507 1851
f 921 895 894
f 1479 1436 1478
f 926 667 601
f 1481 563 1480
f 269 84 1482
f 931 933 916
f 934 614 869
f 936 688 937
f 938 662 939
f 1484 122 123
f 941 835 834
f 320 509 510
f 1849 3505 1850
f 84 1484 83
f 1487 1488 539
f 1757 3502 3509
f 365 1491 364
f 461 80 511
f 117 362 1496
f 1494 541 1495
f 926 957 958
f 1477 1433 1476
f 1709 1585 1700
f 119 1496 345
f 271 504 156
f 511 189 186
f 345 1492 365
f 255 344 254
f 57 299 132
f 1501 268 1500
f 267 1499 145
f 974 976 977
f 1678 1693 1676
f 3846 1807 3840
f 557 663 558
f 983 984 985
f 1443 3849 3848
f 421 268 265
f 989 991 988
f 1490 418 1504
f 279 309 310
f 997 676 679
f 998 999 875
f 1504 38 1505
f 1506 1507 1486
f 360 1508 1506
f 1506 207 360
f 939 1006 938
f 270 1483 269
f 66 546 512
f 1010 793 935
f 367 437 1509
f 244 363 243
f 1670 3534 1669
f 209 1510 226
f 235 1512 1511
f 1511 234 235
f 388 426 425
f 427 250 237
f 161 521 231
f 100 45 44
f 1025 608 1027
f 1029 1031 1028
f 939 1033 1032
f 41 594 99
f 1036 783 1037
f 702 1038 1039
f 1040 1042 1043
f 362 369 1493
f 187 477 186
f 70 539 198
f 1511 1521 234
f 1049 603 1048
f 613 869 614
f 860 1051 857
f 1005 1053 1006
f 753 1056 1054
f 1057 1059 1055
f 293 1522 292
f 288 1521 1522
f 292 1523 329
f 331 1508 1524
f 306 453 305
f 100 41 99
f 462 78 79
f 330 1524 462
f 635 1068 636
f 1485 1526 1528
f 206 1528 1510
f 1070 1072 831
f 942 1073 1074
f 916 1075 917
f 440 1530 439
f 157 1514 285
f 1529 5 1530
f 371 546 63
f 790 663 791
f 1077 857 1078
f 1403 1435 1165
f 1080 1082 1079
f 531 1529 440
f 21 1084 1085
f 272 1531 561
f 137 396 397
f 690 802 691
f 335 3567 581
f 1090 1029 1091
f 1092 794 1042
f 1533 137 138
f 661 1095 1096
f 69 445 72
f 1099 1101 1098
f 38 1536 1505
f 1104 1106 1103
f 852 1108 853
f 1377 909 1386
f 291 411 294
f 316 516 33
f 539 1533 534
f 1505 316 313
f 1110 1112 1113
f 1539 460 264
f 522 1537 1539
f 834 1120 1119
f 1122 1124 1121
f 612 1041 901
f 935 615 614
f 276 130 131
f 1686 3522 1685
f 193 1541 273
f 231 1540 287
f 556 982 557
f 365 85 345
f 190 318 1541
f 1810 3574 3528
f 3924 3512 3791
f 1132 985 1131
f 208 102 132
f 1134 662 661
f 1491 80 77
f 429 1542 147
f 1137 915 918
f 172 428 174
f 1139 1141 1142
f 549 54 55
f 1517 1518 296
f 976 1146 938
f 834 984 941
f 1543 286 115
f 1544 239 513
f 133 1544 1542
f 506 257 258
f 420 328 401
f 1158 1160 1157
f 587 1103 588
f 1513 1514 151
f 607 1027 608
f 304 1545 303
f 364 77 506
f 69 198 139
f 1006 976 938
f 700 1112 701
f 3877 3525 3787
f 1166 657 656
f 1167 858 1077
f 1300 3524 1299
f 1172 1174 1175
f 218 200 217
f 1179 1181 1178
f 372 97 98
f 89 227 88
f 1186 1188 1189
f 172 1517 1549
f 1482 81 1498
f 1090 1193 1030
f 394 353 1551
f 526 1198 1197
f 811 858 812
f 1199 1026 1025
f 606 697 696
f 1204 1206 743
f 1207 523 526
f 1209 867 613
f 914 685 936
f 1478 1441 1477
f 1029 1161 1091
f 1211 1213 1214
f 3858 1451 3859
f 844 1216 845
f 423 273 274
f 1220 1222 1083
f 22 1224 23
f 882 897 881
f 1519 173 387
f 1189 1232 1178
f 349 550 416
f 1071 1236 1072
f 1237 1239 745
f 1221 1189 1240
f 1510 1512 333
f 939 1241 1005
f 1556 5 67
f 1553 394 1551
f 404 67 347
f 1247 1249 1246
f 142 238 92
f 1251 635 1250
f 850 1253 851
f 1254 1077 1255
f 57 133 429
f 443 552 551
f 1187 1175 1188
f 1256 831 833
f 432 382 383
f 741 747 746
f 434 351 415
f 349 383 348
f 251 1481 1480
f 395 352 353
f 1518 1550 1551
f 1558 378 340
f 109 314 315
f 285 1513 407
f 395 393 392
f 202 410 1558
f 417 405 432
f 1246 1258 1247
f 3 297 2
f 1259 1261 1262
f 403 347 284
f 955 953 952
f 462 51 330
f 1096 687 1263
f 429 60 57
f 896 1265 932
f 1267 1268 1266
f 423 327 420
f 37 180 40
f 20 1187 1186
f 1256 1071 1070
f 155 156 504
f 1188 1269 1232
f 1236 1271 1262
f 1272 535 621
f 565 463 464
f 1273 745 1239
f 876 1255 1274
f 316 164 315
f 437 503 1509
f 194 1495 197
f 1275 864 863
f 624 631 630
f 1277 1137 1278
f 569 567 566
f 1481 125 366
f 324 547 326
f 1279 1107 1280
f 1525 329 1523
f 1281 1137 918
f 171 1553 1552
f 1488 396 1533
f 1557 1562 1559
f 1282 1206 1205
f 1053 1278 1281
f 778 607 1283
f 713 3566 3569
f 251 144 124
f 4 348 383
f 709 707 706
f 728 45 246
f 261 1563 544
f 789 1287 790
f 74 263 282
f 403 385 434
f 1178 1240 1189
f 1223 1289 1224
f 158 150 151
f 1220 1186 1221
f 296 354 433
f 784 1538 1566
f 1181 1291 1222
f 1269 1257 1246
f 1566 438 399
f 136 1566 1564
f 1563 169 1565
f 107 109 108
f 1297 1298 1296
f 1464 1476 1461
f 1520 507 508
f 1301 1303 1304
f 1306 1308 1305
f 175 1532 272
f 1532 200 201
f 1311 1312 1313
f 872 1315 1316
f 1317 1318 1319
f 3836 878 3828
f 1305 864 1276
f 1040 863 1320
f 1564 399 169
f 592 1575 591
f 591 1088 689
f 1581 1583 1582
f 1196 1147 1176
f 710 583 713
f 285 408 386
f 953 961 963
f 1594 1589 1593
f 1585 1587 1586
f 1592 1590 1589
f 3885 944 3899
f 1600 1598 1597
f 1604 1602 1601
f 1399 979 980
f 1589 1596 1595
f 1610 1608 1607
f 298 361 360
f 551 276 277
f 1627 3814 3819
f 859 818 860
f 1078 1328 1329
f 1555 1530 1556
f 572 680 681
f 772 776 774
f 977 918 917
f 404 392 393
f 1054 750 753
f 1644 1643 1642
f 932 1082 933
f 1067 1334 1068
f 1540 264 114
f 597 643 1336
f 471 762 470
f 1642 3831 3842
f 1644 3842 3843
f 923 950 927
f 96 548 95
f 520 522 521
f 445 443 442
f 849 848 842
f 480 755 493
f 1646 481 1639
f 311 1567 170
f 464 3497 3495
f 3497 1361 3495
f 234 236 235
f 190 192 191
f 153 152 149
f 231 286 230
f 1552 1551 1550
f 760 1648 488
f 3832 1649 3830
f 828 826 825
f 52 166 165
f 1663 1661 1660
f 287 115 286
f 668 670 669
f 634 640 639
f 553 559 554
f 118 33 516
f 492 491 490
f 3552 1651 3553
f 582 584 583
f 384 392 415
f 1381 1383 1380
f 1562 435 436
f 952 951 947
f 3529 583 584
f 1660 1667 1666
f 1394 1396 1393
f 1660 1664 1663
f 1671 1669 1668
f 1624 1673 1672
f 1407 1409 1410
f 1677 1675 1674
f 1613 1677 1625
f 1679 1676 1677
f 1626 3811 3814
f 534 198 539
f 176 150 159
f 803 734 800
f 400 191 192
f 65 143 144
f 3526 1656 3540
f 402 157 283
f 629 627 626
f 461 49 50
f 758 495 756
f 796 786 785
f 406 1513 1560
f 342 166 167
f 1694 1658 1695
f 1692 1694 1696
f 3557 1652 3552
f 3921 1703 3923
f 326 302 90
f 3916 1702 1706
f 3919 1698 1701
f 1699 3927 3918
f 1557 1560 1561
f 1127 1117 1128
f 400 289 346
f 1706 1707 1708
f 1707 1599 1600
f 1709 1708 1588
f 1714 1711 1713
f 3919 1709 1700
f 1704 1577 1703
f 1716 1713 1715
f 1559 1549 297
f 1722 1720 1719
f 1335 596 1489
f 410 377 378
f 973 1163 972
f 168 399 398
f 1571 1089 1093
f 1572 682 1571
f 749 647 754
f 1730 1723 1729
f 1594 1729 1592
f 1729 1591 1592
f 1731 1730 1583
f 1384 1377 1379
f 1732 1712 1714
f 1724 1731 1732
f 1712 1731 1580
f 1722 1732 1733
f 1721 1733 1734
f 1734 1716 1717
f 1735 1736 1697
f 1733 1714 1716
f 1663 1741 1668
f 1742 1740 1743
f 1738 1737 1735
f 1665 1666 1740
f 1665 1744 1664
f 1725 1746 1745
f 1591 1745 1590
f 1590 1747 1596
f 1745 1748 1747
f 1659 3538 3542
f 3287 3545 3282
f 1185 1182 1190
f 1664 1749 1741
f 1741 1739 1738
f 1746 1743 1748
f 1726 1742 1746
f 1153 924 925
f 1115 1153 1154
f 1654 3575 1655
f 1896 3549 1686
f 1720 1744 1726
f 1721 1749 1720
f 1750 1701 1698
f 1697 1750 1696
f 1151 1063 1062
f 1751 1670 1671
f 1695 1752 1751
f 961 986 981
f 1770 1768 1767
f 1766 1593 1765
f 1731 1579 1580
f 1579 1774 1578
f 3928 1771 3929
f 1764 3928 3917
f 1777 1775 1774
f 3762 1699 1700
f 1004 1128 1003
f 1774 1771 1772
f 987 1399 980
f 1578 1772 1764
f 1783 1781 1778
f 1597 1770 1767
f 639 3895 3884
f 3928 1769 1770
f 1793 1789 1788
f 3929 1798 1769
f 3508 3773 1806
f 1802 3924 3922
f 1788 1794 1793
f 1793 1795 1776
f 3773 1675 1806
f 1584 1783 1789
f 1771 3920 3929
f 1801 1798 1800
f 1768 1798 1799
f 1775 1797 1771
f 508 515 1520
f 1796 1802 1797
f 1800 3920 3922
f 1794 1804 1795
f 3532 1752 3547
f 485 1807 775
f 3809 1640 768
f 3837 1810 1653
f 485 1640 1808
f 1690 3770 3772
f 487 1648 1811
f 3839 1816 3822
f 3838 1648 3830
f 3839 1811 3838
f 1812 487 1811
f 1641 767 768
f 465 755 776
f 767 3823 3808
f 3822 3826 3847
f 1809 1815 767
f 3837 1651 3840
f 675 3541 3496
f 1814 1822 1821
f 1821 3821 3820
f 1824 1649 1825
f 1827 1850 1805
f 1668 1662 1663
f 1779 1848 1828
f 1790 1805 1794
f 1833 1853 1852
f 3521 693 575
f 1614 1616 1617
f 1852 3498 3501
f 1620 1622 1623
f 1855 1574 1861
f 1847 3501 3513
f 1766 1855 1782
f 1629 1631 1628
f 1633 1634 1632
f 1635 1637 1638
f 1848 1852 1847
f 1855 1863 1862
f 1803 1867 1802
f 1862 1831 1832
f 1782 1862 1781
f 3922 1865 1800
f 1873 1870 1869
f 1874 799 804
f 2045 3897 2044
f 1219 1295 1225
f 1615 1396 1395
f 3884 1877 1876
f 645 3786 3559
f 1345 1035 1346
f 634 3884 3880
f 15 1327 14
f 3910 1878 1893
f 1894 605 1893
f 3506 627 693
f 3560 645 3559
f 340 454 1558
f 1897 195 1898
f 1889 1877 1890
f 1901 129 1900
f 196 754 232
f 1705 3921 3916
f 340 166 343
f 1570 563 561
f 1904 194 1897
f 1781 1832 1780
f 1905 55 1906
f 1000 995 996
f 986 920 987
f 1191 1190 1194
f 2094 2075 2093
f 1920 1919 1915
f 453 1912 1911
f 1915 1918 1916
f 3882 2106 3901
f 1655 3531 1868
f 1916 1926 1925
f 704 3561 703
f 278 1925 1900
f 3565 1818 1820
f 1097 1115 1114
f 1927 727 1923
f 3578 3654 3758
f 1920 307 1929
f 1929 48 728
f 503 1497 1509
f 1902 787 796
f 1816 3820 3826
f 1925 1923 1924
f 1535 1568 1534
f 254 258 255
f 1509 366 367
f 119 35 36
f 219 293 294
f 141 47 431
f 542 244 245
f 1940 430 431
f 1779 1827 1790
f 1701 3915 3919
f 1661 3515 1667
f 270 754 647
f 197 749 196
f 1727 1212 1211
f 53 232 754
f 1465 1479 1478
f 1284 3854 1293
f 1951 412 413
f 168 1554 1553
f 1486 206 207
f 506 78 361
f 994 1007 993
f 951 963 964
f 1013 3861 1351
f 3826 1820 1818
f 1498 1954 1482
f 299 543 132
f 1754 1756 1753
f 1681 1683 1682
f 1696 1695 1697
f 13 738 737
f 473 475 474
f 482 768 1640
f 204 30 205
f 1761 820 819
f 611 1125 612
f 1501 1908 1909
f 1074 711 699
f 1960 82 83
f 120 1960 123
f 35 87 34
f 1773 1025 1031
f 1965 1569 1535
f 494 471 479
f 1966 1969 1968
f 446 1971 1967
f 174 125 126
f 1580 1578 1577
f 1785 1787 1784
f 1972 304 305
f 1254 875 999
f 1973 342 514
f 321 1973 509
f 1910 275 1907
f 509 514 508
f 1486 1527 1485
f 1974 804 1975
f 1977 1974 1978
f 1980 1966 1981
f 379 2 295
f 1718 1710 1701
f 884 992 883
f 1680 1678 1679
f 902 525 524
f 344 256 299
f 135 137 136
f 236 228 333
f 448 1967 1966
f 589 604 584
f 910 908 907
f 1981 1968 1987
f 1982 1987 1979
f 1988 1987 1989
f 1990 1989 1991
f 1991 1993 1992
f 322 320 319
f 992 830 883
f 1144 1086 1143
f 1995 1978 1994
f 1133 1118 1126
f 1997 1994 1996
f 870 1335 1489
f 805 1982 1998
f 727 2000 1999
f 1996 1988 1990
f 1994 1979 1988
f 1829 792 1273
f 1830 941 983
f 798 800 799
f 729 731 730
f 2011 2023 2022
f 1834 846 1159
f 402 284 347
f 2022 2024 2025
f 1838 989 988
f 810 952 809
f 1823 1840 644
f 1430 1432 1431
f 1215 1841 1079
f 149 176 177
f 1316 873 872
f 2112 1384 2106
f 1842 1844 1845
f 1159 845 1160
f 837 1846 1120
f 1971 2030 2027
f 517 370 189
f 858 833 812
f 1471 2027 1888
f 3551 626 627
f 2174 770 490
f 935 1854 1010
f 1613 1611 1618
f 1231 1225 1295
f 1856 891 892
f 1300 748 741
f 1150 1858 1859
f 1643 696 1642
f 1215 1264 1216
f 1320 902 901
f 1956 1944 1960
f 2031 669 1474
f 2034 1310 1299
f 1879 1656 1657
f 40 242 39
f 1992 2039 1456
f 888 957 889
f 1882 1996 1990
f 1078 1255 1077
f 1871 1192 1090
f 294 218 219
f 1323 2026 1471
f 123 83 1484
f 1324 2041 1323
f 384 359 352
f 1324 2038 2036
f 1883 1885 1829
f 287 114 107
f 1096 1134 661
f 915 931 916
f 806 1981 1982
f 3533 584 604
f 1425 2042 1018
f 1018 1948 1017
f 3562 740 3519
f 1948 649 646
f 1881 1990 1991
f 1900 130 278
f 992 994 993
f 923 925 924
f 3878 2047 3876
f 1643 625 606
f 2050 2051 2049
f 2045 1404 2047
f 3876 945 3885
f 1139 1079 1841
f 1037 892 982
f 2055 2057 2056
f 1198 718 717
f 1619 1612 1611
f 2058 1606 2059
f 2059 1607 2058
f 2058 1624 1605
f 71 179 37
f 405 1557 382
f 976 1006 977
f 322 1972 1911
f 2061 2063 2062
f 2066 2067 1825
f 2052 2064 2051
f 1609 2066 1647
f 1515 152 1516
f 1009 993 1007
f 1644 3815 2118
f 279 1916 278
f 1285 3862 1284
f 1647 1825 1649
f 2056 2067 2065
f 319 1953 1952
f 667 1913 1914
f 2070 625 2048
f 2052 2055 2063
f 2038 1655 1458
f 1606 2073 2072
f 1235 1270 1236
f 2072 2075 2074
f 2059 2072 2062
f 2074 2077 2076
f 1601 2078 2073
f 2049 1643 1645
f 1000 1001 994
f 1089 684 689
f 1931 1306 1930
f 1462 1021 1022
f 1932 1934 1935
f 875 1846 998
f 1936 1937 1938
f 44 46 92
f 1534 1956 120
f 1541 317 391
f 2081 2084 2083
f 146 1959 300
f 1360 1942 1361
f 985 1032 1033
f 1995 1892 2043
f 2079 2082 2081
f 2095 2076 2077
f 2081 2078 2079
f 2055 2054 2053
f 501 2095 500
f 2097 2099 2098
f 2098 2094 2083
f 2140 3893 3866
f 2141 3894 3893
f 2051 2048 2049
f 592 2101 1576
f 2071 2076 2096
f 2102 2098 2101
f 593 2102 592
f 1019 746 747
f 1950 12 1327
f 725 2096 501
f 1385 2104 1379
f 1379 2106 1384
f 2107 2100 2097
f 3908 502 3896
f 3896 499 3901
f 940 2109 944
f 928 1170 973
f 3868 684 3899
f 1962 1964 1961
f 3878 573 3897
f 2039 1968 1969
f 1389 2110 2109
f 1398 2113 1397
f 3757 3753 3743
f 3911 2107 2103
f 949 924 1115
f 260 324 326
f 1390 2113 2110
f 2070 2064 2071
f 3867 2103 593
f 2105 1421 2114
f 2114 1423 2115
f 3892 2115 3903
f 3908 2114 3892
f 554 1902 553
f 972 967 966
f 1765 1573 1574
f 1984 1986 1983
f 2053 2069 2057
f 3573 724 714
f 1625 1674 1673
f 3881 2119 2122
f 3903 2123 3904
f 56 1906 55
f 626 3879 629
f 2001 2003 2004
f 3912 2127 3907
f 2006 2008 2009
f 2127 1412 2128
f 2014 2016 2017
f 2018 2020 2021
f 1495 1947 197
f 1379 1386 1385
f 3814 1680 1618
f 2029 1884 2028
f 3902 2120 3887
f 629 3914 3872
f 682 943 1089
f 724 2121 716
f 1757 3821 3845
f 765 3844 3809
f 3851 715 3852
f 706 3870 3872
f 981 987 980
f 1457 1656 1880
f 2017 2032 2033
f 1458 1868 1457
f 1776 1792 1793
f 1959 1946 1958
f 3663 3725 3661
f 3913 2122 3850
f 1093 689 1088
f 966 968 972
f 3852 3881 3913
f 2172 2170 2171
f 670 2137 669
f 3761 1903 233
f 1429 28 1449
f 964 978 971
f 3841 1413 2127
f 1473 669 2137
f 3834 1359 1358
f 2138 1870 2137
f 1872 2137 1870
f 715 3888 3881
f 1881 1992 1880
f 3843 739 740
f 1837 3513 3514
f 253 59 85
f 1808 3840 1807
f 1647 3818 1609
f 3865 671 668
f 2112 3883 2111
f 1405 2044 1438
f 3829 1364 1366
f 273 391 249
f 576 3520 3555
f 3875 668 2031
f 1430 2140 2139
f 2136 3860 28
f 1430 18 19
f 3893 570 695
f 1442 2046 2141
f 1431 2141 2140
f 3869 3850 2136
f 3808 1817 766
f 3866 695 671
f 2142 798 2138
f 571 2142 694
f 3819 1618 1611
f 2143 2025 2142
f 694 2138 670
f 681 2144 572
f 2144 2022 2143
f 328 457 290
f 1572 2011 2144
f 630 3903 624
f 2085 2087 2088
f 2090 2092 2089
f 572 2143 571
f 1875 2153 2149
f 1873 2149 2154
f 2103 2097 2102
f 2157 2155 2156
f 2128 1414 2120
f 3874 589 582
f 3872 628 629
f 2149 2158 2159
f 2159 3905 3890
f 698 3902 705
f 3823 3827 1817
f 2158 3874 3905
f 1438 2046 1439
f 2035 2160 2161
f 2161 3889 3886
f 3871 605 589
f 3873 18 3875
f 370 61 451
f 649 413 648
f 2153 2156 2158
f 1428 1449 1450
f 1490 73 1488
f 3890 710 633
f 2155 3891 3871
f 1456 1880 1992
f 2125 2087 2124
f 2160 3890 3889
f 300 505 323
f 1064 1046 1065
f 2043 1891 2155
f 2129 2004 2003
f 2131 2133 2134
f 3848 1450 1449
f 1998 804 805
f 3879 3864 3914
f 474 490 770
f 1164 1182 1177
f 707 3909 3870
f 708 2162 707
f 2162 3886 3909
f 548 1905 458
f 1145 1114 1171
f 705 1650 704
f 2043 1977 1995
f 737 554 559
f 1034 1191 1023
f 458 1907 275
f 195 232 233
f 2040 1969 1970
f 2145 2147 2148
f 2054 2049 1645
f 3832 1639 3818
f 9 11 10
f 252 506 258
f 472 479 471
f 1865 3791 3503
f 900 910 907
f 1941 2151 1942
f 1921 1927 1919
f 2163 1898 2116
f 271 153 178
f 1904 12 9
f 282 264 460
f 1872 2154 2035
f 1326 1897 2163
f 628 693 627
f 1724 1719 1723
f 1549 436 172
f 1582 1730 1729
f 1921 1929 1928
f 3563 10 11
f 2152 1950 1949
f 475 774 771
f 769 2171 473
f 2171 476 473
f 476 772 475
f 1791 464 1760
f 2166 2168 2169
f 595 372 98
f 483 1641 482
f 762 2173 470
f 771 484 492
f 486 1809 483
f 297 1517 296
f 763 2174 762
f 776 759 489
f 184 2176 2000
f 412 303 414
f 2005 185 224
f 3811 1682 3846
f 2164 756 764
f 1472 2161 2162
f 950 964 965
f 2177 2179 2180
f 227 1510 333
f 764 467 2164
f 2182 2184 2181
f 2186 2018 2185
f 1985 2181 1986
f 214 729 1531
f 1545 1546 1569
f 865 842 866
f 849 1357 1362
f 452 1558 454
f 559 3188 737
f 16 737 3188
f 560 498 374
f 3193 3195 3194
f 3200 3198 3199
f 3211 3213 3212
f 3215 3217 3216
f 2187 2002 2001
f 2169 2189 2190
f 2192 2085 2191
f 2193 2195 2196
f 2198 2200 2197
f 1998 1979 1975
f 3664 3668 3671
f 2116 1903 1902
f 1859 2009 1150
f 3904 2126 3906
f 1135 1087 1130
f 2201 2015 2014
f 1149 110 1858
f 3221 3218 3215
f 2203 2205 2206
f 579 1895 1019
f 1755 2208 1756
f 3891 1893 605
f 1211 2150 1727
f 868 2210 2209
f 944 930 940
f 2130 2202 2201
f 233 1898 195
f 665 750 666
f 1167 999 618
f 2211 2213 2214
f 2215 2217 2218
f 3867 590 3868
f 2220 220 2219
f 823 948 1094
f 3225 3227 3226
f 266 455 265
f 3882 2107 3883
f 2221 3519 3517
f 2223 2225 2226
f 2207 2124 2208
f 673 3869 3864
f 817 996 815
f 2227 2146 2145
f 1947 646 749
f 3900 17 3873
f 2229 1638 1381
f 1679 1618 1680
f 1637 2232 2230
f 2233 1617 1616
f 2231 2236 2237
f 1381 2238 1382
f 3586 2242 3587
f 1630 2233 1631
f 1681 472 469
f 1408 2243 2244
f 3236 3238 3237
f 3232 3240 3235
f 1637 2238 1638
f 3237 3233 3234
f 1409 1634 2245
f 1380 2247 2246
f 1628 2245 1621
f 2249 1622 1633
f 1632 1408 2244
f 2248 1631 2250
f 2235 1637 1636
f 3245 3199 3198
f 631 2071 725
f 515 52 49
f 782 2251 1251
f 2253 2255 2252
f 397 459 784
f 1456 2040 1455
f 2040 2036 1455
f 1401 2111 1398
f 2041 1970 2026
f 1535 414 1965
f 1586 2080 2079
f 2256 1132 1886
f 1700 3918 3919
f 3815 1686 3817
f 1263 1886 1096
f 598 844 599
f 2257 2259 2260
f 2258 2262 2259
f 2259 2263 2216
f 2260 2216 2215
f 1967 1970 1969
f 2212 1963 2213
f 922 2218 2217
f 1312 1101 2264
f 1307 1286 789
f 1548 1546 1972
f 2266 2268 2265
f 2265 2270 2269
f 2272 2269 2271
f 2273 2265 2272
f 2275 2277 2274
f 2278 2277 2279
f 2284 3617 3639
f 2287 2286 2281
f 2288 2283 2287
f 2290 3639 3620
f 2291 2293 2294
f 2295 2294 2279
f 2296 2291 2295
f 2297 2292 2291
f 2294 2299 2300
f 2279 2300 2278
f 2298 2302 2292
f 2292 2303 2293
f 2293 2304 2299
f 2304 2306 2299
f 2306 2300 2299
f 2308 2310 2307
f 2302 2310 2303
f 2301 2307 2302
f 2312 2307 2311
f 2313 2315 2316
f 2318 2320 2317
f 3748 2322 2323
f 2324 2273 2326
f 2313 2326 2327
f 2328 2313 2316
f 2329 2324 2328
f 2331 2333 2330
f 2330 2267 2266
f 2325 2266 2273
f 2329 2330 2325
f 2333 2335 2267
f 2336 2333 2332
f 2338 2332 2337
f 2331 2337 2332
f 2329 2339 2331
f 2328 2340 2329
f 2316 2341 2328
f 2342 2315 2343
f 2344 2346 2347
f 2341 2347 2340
f 2342 2344 2341
f 2348 2345 2344
f 2350 2352 2353
f 2339 2353 2337
f 2340 2350 2339
f 2347 2351 2350
f 2337 2354 2338
f 2353 2355 2354
f 2356 2276 2357
f 2356 2358 2359
f 2356 2296 2295
f 2279 2356 2295
f 2360 2270 2268
f 2267 2360 2268
f 2362 2364 2365
f 2362 2361 2358
f 2366 2358 2357
f 2366 2363 2362
f 2357 2368 2366
f 2366 2369 2367
f 2276 2370 2368
f 2368 2282 2369
f 2372 2374 2371
f 2375 2377 2007
f 2378 2380 2381
f 2382 2381 2383
f 2384 2378 2382
f 2385 2379 2378
f 2388 2390 2387
f 2387 2392 2391
f 2393 2387 2391
f 2394 2388 2387
f 2186 2402 2400
f 2403 2327 2326
f 2272 2326 2273
f 2271 2403 2272
f 2405 2404 2403
f 2404 2408 2327
f 2409 2411 2412
f 2409 2271 2269
f 2413 2269 2270
f 2413 2410 2409
f 2417 2416 2418
f 2417 2406 2405
f 2412 2405 2271
f 2411 2417 2412
f 2406 2407 2404
f 3569 632 713
f 2420 2397 2421
f 2420 2423 2422
f 2424 2422 2419
f 2424 2398 2420
f 2425 2392 2426
f 2421 2426 2423
f 2397 2425 2421
f 2396 2391 2425
f 2427 2315 2314
f 2427 2408 2428
f 2430 2428 2429
f 2343 2427 2430
f 2432 2430 2431
f 2431 2429 2433
f 2435 2433 2434
f 2436 2431 2435
f 2428 2407 2437
f 2422 2407 2419
f 2438 2422 2423
f 2429 2437 2438
f 2440 2433 2439
f 2441 2433 2429
f 2442 2439 2441
f 2443 2440 2439
f 2445 2444 2443
f 2447 2443 2442
f 2383 2445 2447
f 2381 2446 2445
f 2448 2423 2426
f 2449 2426 2392
f 2441 2449 2442
f 2441 2438 2448
f 2449 2390 2450
f 2450 2389 2451
f 2447 2451 2383
f 2442 2450 2447
f 2451 2453 2452
f 2452 2455 2454
f 2382 2454 2384
f 2383 2452 2382
f 2456 2373 2372
f 2459 2461 2458
f 2463 2465 2462
f 2462 2285 2284
f 2466 2284 2290
f 2467 2462 2466
f 2461 3703 3701
f 2468 2470 2471
f 2472 2471 2473
f 2474 3701 3688
f 2475 2477 2478
f 2458 2453 2479
f 2479 2389 2388
f 2395 2479 2388
f 2480 2458 2479
f 2481 2483 2478
f 2484 2485 221
f 2471 2464 2463
f 2473 2463 2467
f 2487 2466 2486
f 2486 2290 2488
f 2490 2488 2489
f 2491 2486 2490
f 2492 2467 2487
f 2493 2487 2491
f 2494 2492 2493
f 2495 2473 2492
f 3690 2474 3688
f 3691 2496 3690
f 2498 2493 2499
f 2500 2499 2501
f 3700 2498 2500
f 3687 2494 2498
f 2306 2278 2300
f 2305 2504 2306
f 2504 2507 2506
f 2506 2288 2508
f 2274 2508 2275
f 2278 2506 2274
f 3633 2489 2488
f 3620 2488 2290
f 2507 2289 2288
f 2505 2509 2507
f 2508 2287 2511
f 2511 2281 2280
f 2370 2280 2282
f 2275 2511 2370
f 2512 2489 2513
f 2514 2513 2515
f 2517 2514 2516
f 2517 2490 2512
f 2499 2491 2517
f 2499 2516 2501
f 2510 2519 2518
f 2518 2521 2520
f 3616 2520 3621
f 3632 2518 3616
f 2522 2303 2310
f 2523 2310 2309
f 2305 2522 2524
f 2524 2523 2525
f 2519 2525 2521
f 2505 2524 2519
f 2308 2527 2526
f 2526 2529 2528
f 2531 2528 2530
f 2309 2526 2531
f 1214 2151 1211
f 2419 2418 2424
f 2533 2349 2317
f 2534 2317 2320
f 2535 2533 2534
f 2536 2345 2533
f 2537 2346 2536
f 2538 2536 2535
f 2539 2537 2538
f 2540 2351 2537
f 2312 2541 2527
f 2527 2542 2529
f 2543 2434 2544
f 2545 2544 2546
f 2319 2543 2545
f 2318 2435 2543
f 2514 2548 2547
f 2547 2550 2549
f 2552 2549 2551
f 2552 2514 2547
f 2520 2554 2553
f 2553 2556 2555
f 3590 2555 3593
f 3621 2553 3590
f 2523 2531 2557
f 2557 2530 2558
f 2525 2557 2559
f 2559 2558 2560
f 2554 2560 2556
f 2521 2559 2554
f 2561 2007 2006
f 2376 2225 2377
f 2564 2566 2563
f 2563 338 2567
f 2569 2567 2568
f 2570 2563 2569
f 2572 2574 2571
f 2571 2576 2575
f 2544 2575 2546
f 2544 2572 2571
f 2578 2569 2577
f 2579 2569 2568
f 2574 2579 2576
f 2573 2577 2574
f 2581 2583 2580
f 2584 2583 2585
f 3697 2580 2584
f 3676 2580 3675
f 2582 2552 2583
f 2583 2551 2585
f 2500 2589 2588
f 2590 2589 2591
f 3693 2588 2590
f 3695 2500 2588
f 2501 2591 2589
f 2592 2594 2595
f 2386 2503 2502
f 2596 2386 2374
f 2596 2373 2597
f 2599 2597 2598
f 2599 2379 2596
f 2600 2380 2599
f 2600 2598 2601
f 2603 2601 2602
f 2603 2446 2600
f 2604 2602 2605
f 2440 2605 2434
f 2444 2604 2440
f 2606 2581 2607
f 2606 2590 2591
f 2591 2582 2606
f 3676 2456 3689
f 3689 2372 3693
f 2478 2608 2481
f 2609 2611 2199
f 2564 2613 2612
f 2612 2598 2597
f 2457 2597 2373
f 2565 2612 2457
f 2614 2570 2578
f 2615 2578 2573
f 2602 2614 2615
f 2601 2613 2614
f 2572 2605 2616
f 2616 2602 2615
f 2573 2616 2615
f 1459 1045 1021
f 1265 1079 1082
f 1612 1609 1611
f 2067 2069 2068
f 1135 1136 1148
f 1938 2618 2617
f 95 458 128
f 2058 1608 1612
f 1454 1445 1367
f 655 1048 2619
f 722 2621 723
f 1131 1033 1134
f 562 366 1497
f 1723 1725 1591
f 1786 1122 1787
f 267 323 266
f 1325 1654 2038
f 1468 1435 1479
f 658 529 528
f 8 247 7
f 382 1559 3
f 788 1307 789
f 940 929 928
f 911 2623 912
f 2621 655 654
f 2624 2625 2626
f 998 27 26
f 635 2626 2625
f 2627 644 1840
f 2628 1840 2629
f 1200 2627 2628
f 1199 641 2627
f 1520 49 477
f 1452 1349 1451
f 2630 1859 1858
f 644 1335 1823
f 1197 717 2632
f 2632 719 1166
f 2628 1166 1200
f 2629 2632 2628
f 1762 1050 821
f 1823 873 1839
f 2634 794 652
f 1028 1027 1161
f 1042 2635 1043
f 93 1901 1924
f 2036 1458 1455
f 1527 1525 1526
f 877 1274 1277
f 134 797 1544
f 1328 931 1329
f 607 1091 1161
f 1043 2637 2636
f 2636 2639 2638
f 1275 2638 1276
f 1275 1043 2636
f 1272 2626 2640
f 2640 638 637
f 1110 2640 637
f 536 2640 2641
f 1472 1474 1473
f 2042 1951 649
f 1058 1105 1059
f 2642 2643 2644
f 1192 2644 1193
f 912 2642 1192
f 3898 3526 3786
f 1049 2620 2621
f 616 1885 613
f 1331 666 750
f 990 1198 525
f 1911 321 322
f 1298 1205 2645
f 76 1504 75
f 1502 421 422
f 610 658 691
f 1146 659 938
f 2646 914 936
f 1280 1238 1279
f 975 2647 2648
f 2647 975 974
f 1453 1452 1451
f 1514 158 151
f 835 1843 1842
f 1271 1173 1289
f 2649 813 2650
f 1893 1826 1894
f 1050 1937 1051
f 2651 814 813
f 1006 1281 977
f 2653 2654 2655
f 1001 1003 1002
f 585 679 558
f 2624 621 620
f 555 2028 556
f 1207 1197 2629
f 1626 478 472
f 426 419 1567
f 1030 1773 1031
f 3898 634 3880
f 534 138 262
f 1125 1042 1041
f 333 88 227
f 569 561 730
f 1489 871 870
f 1857 620 891
f 1673 3770 3763
f 622 864 1308
f 2647 974 2657
f 619 891 620
f 261 545 262
f 393 1556 404
f 2658 2647 2657
f 1075 2657 917
f 1081 2658 1075
f 1080 2659 2658
f 2644 1141 2660
f 2660 1140 1336
f 642 1336 643
f 1193 2660 642
f 679 555 558
f 1503 1500 1502
f 1318 1101 1100
f 2661 1139 1142
f 2661 2663 2662
f 2662 2659 2661
f 2662 2622 2664
f 2664 911 2646
f 2648 2646 1146
f 2648 2662 2664
f 2083 2093 2081
f 1442 1437 1439
f 519 330 51
f 1885 1209 613
f 799 805 804
f 1946 1952 1953
f 1302 1253 1252
f 566 224 533
f 1389 928 1388
f 683 681 680
f 836 1842 2665
f 2665 1845 1303
f 2666 1303 1302
f 24 2665 2666
f 831 2650 832
f 1845 1304 1303
f 2010 2012 2011
f 1051 2667 2668
f 1522 1511 1523
f 531 441 522
f 782 1251 1250
f 1250 2625 2669
f 2669 1857 1856
f 783 1856 1037
f 782 2669 783
f 720 2671 721
f 1055 1930 1056
f 1333 1251 2251
f 619 1308 1307
f 652 2619 2634
f 521 1539 1540
f 1838 537 2672
f 2672 536 2641
f 1113 2641 1110
f 1113 1838 2672
f 1016 1351 1045
f 3897 570 3894
f 226 104 101
f 3564 3827 1818
f 1036 1884 1883
f 2674 1304 2673
f 2673 1844 2675
f 1334 2675 1039
f 1333 2673 1334
f 2676 1039 2675
f 1843 2675 1844
f 942 2676 1843
f 1074 702 2676
f 811 859 858
f 752 1055 753
f 1200 656 1026
f 1120 874 2677
f 2677 877 1052
f 1241 1052 1005
f 1119 2677 1241
f 1560 151 1515
f 1208 611 523
f 215 736 214
f 1460 1462 1461
f 1208 1839 873
f 854 1282 1297
f 72 182 179
f 544 1565 512
f 217 456 457
f 2047 930 945
f 1204 1937 2633
f 913 686 685
f 840 1113 1112
f 1531 730 561
f 2678 1283 801
f 601 1914 602
f 1537 459 460
f 1819 3509 3527
f 991 862 538
f 2679 1073 1830
f 2680 983 2256
f 779 2256 1263
f 778 2680 779
f 2678 1830 2680
f 180 245 40
f 1886 1131 1134
f 1138 1274 1255
f 1841 1140 1139
f 75 314 74
f 193 420 192
f 2681 1099 1098
f 170 1565 169
f 349 417 432
f 1121 2684 2683
f 547 409 302
f 123 121 120
f 2643 1142 1141
f 1542 513 1543
f 899 907 919
f 1210 676 867
f 791 982 892
f 24 837 836
f 893 932 931
f 1860 863 862
f 535 862 861
f 832 813 812
f 2650 813 832
f 1569 1547 1568
f 181 542 180
f 660 937 688
f 2013 568 2012
f 887 2631 2630
f 1524 361 78
f 520 162 1529
f 2653 854 2685
f 1238 2655 2686
f 718 527 530
f 1492 518 1491
f 792 615 793
f 599 1835 596
f 290 456 175
f 312 1552 425
f 1248 1179 1249
f 153 177 178
f 1240 1222 1221
f 1257 1235 1071
f 1291 1083 1222
f 1052 1277 1053
f 743 2618 1204
f 444 430 443
f 23 1172 1187
f 2687 1180 1179
f 102 409 134
f 1283 610 801
f 373 650 651
f 1180 1084 1291
f 855 2655 1237
f 1173 1917 1174
f 2689 853 2688
f 2688 1108 1279
f 2686 1279 1238
f 2687 2688 2686
f 2691 1252 2690
f 2690 850 2689
f 1248 2689 2687
f 1248 2691 2690
f 2692 24 2666
f 2691 2666 1302
f 1247 2692 2691
f 1258 617 2692
f 394 1555 393
f 2693 1259 1223
f 1072 1262 1261
f 1257 1168 1258
f 398 1555 1554
f 871 1314 872
f 1178 1249 1179
f 1224 1173 1172
f 1010 2618 742
f 1175 1292 1269
f 2654 2686 2655
f 2694 1216 1264
f 71 1487 70
f 701 1111 1038
f 1072 2649 2650
f 1085 22 21
f 895 1264 896
f 1601 1605 1604
f 1259 1271 1289
f 21 1220 1083
f 988 538 537
f 598 1336 1140
f 820 1762 821
f 1050 818 821
f 1298 1761 2652
f 1168 618 617
f 858 1256 833
f 39 516 1536
f 2652 819 814
f 313 315 314
f 2026 1971 2027
f 2656 596 1835
f 814 818 811
f 2696 813 2649
f 1260 2649 1261
f 2693 2696 1260
f 2697 2651 2696
f 381 390 380
f 3818 1611 1609
f 1475 1428 1227
f 1292 1917 1235
f 1551 354 1518
f 1526 1523 1511
f 1593 1595 1573
f 1232 1246 1249
f 2695 1223 22
f 2698 1296 2697
f 2698 2693 2695
f 2685 2695 1085
f 2685 1297 2698
f 562 271 272
f 2652 1296 1298
f 1365 1364 1363
f 1958 1953 1957
f 585 2210 997
f 1561 1515 435
f 975 1146 976
f 347 68 346
f 1038 636 1068
f 2700 780 2699
f 2699 1036 1883
f 2701 1883 1829
f 851 2699 2701
f 2674 2251 2702
f 2702 781 2700
f 1253 2700 851
f 1301 2702 1253
f 1519 388 1550
f 1273 1280 2703
f 2703 1107 852
f 2701 852 851
f 1829 2703 2701
f 91 326 90
f 1784 2656 1785
f 2683 2705 2704
f 604 3499 3533
f 1669 3548 1662
f 2062 2060 2059
f 621 861 622
f 2023 732 2024
f 686 1263 687
f 857 2668 1328
f 883 882 879
f 637 1111 1110
f 2668 893 1328
f 2667 894 2668
f 1039 1068 1334
f 313 1504 1505
f 1911 305 453
f 1936 1964 2212
f 2707 2401 2183
f 2708 2183 2182
f 738 2116 554
f 2349 2432 2436
f 2711 2020 2019
f 2400 2019 2186
f 2714 2716 2713
f 2717 2719 2720
f 2721 2723 2724
f 2726 2728 2725
f 2725 2730 2729
f 2731 2729 2709
f 2732 2725 2731
f 2734 2736 2733
f 2738 2740 2737
f 2737 2741 2742
f 2744 2746 2743
f 2745 2748 2747
f 2749 2747 2751
f 2753 2751 2752
f 2250 2246 2248
f 2754 1614 2755
f 3598 2755 3609
f 3608 2747 3609
f 1617 2755 1614
f 2242 1620 2757
f 2191 2760 2759
f 2761 2760 2762
f 3648 2761 3649
f 3623 2759 3648
f 3209 3223 3224
f 1395 2236 2235
f 1395 1636 1615
f 1616 2229 2233
f 1617 2763 2756
f 2756 3628 3608
f 2765 2234 1630
f 2766 3628 3622
f 3202 3246 3247
f 1516 435 1515
f 2768 3552 3553
f 1495 578 1424
f 2135 28 17
f 3526 2773 2774
f 1690 3926 3925
f 2778 2780 2777
f 2777 2781 2782
f 2784 2777 2783
f 3555 575 576
f 1494 9 540
f 3529 2015 3566
f 451 505 450
f 2786 2788 2785
f 2779 2785 2780
f 2789 2741 2740
f 2790 2752 2789
f 2792 2794 2791
f 2793 2796 2794
f 2796 2750 2749
f 2794 2749 2753
f 2798 1396 2754
f 3591 2754 3598
f 2798 2800 1393
f 3591 2799 2798
f 2797 2795 2801
f 2791 2753 2790
f 216 232 54
f 3804 2807 3803
f 3805 2804 3803
f 2769 3557 3552
f 183 184 97
f 2811 2775 2776
f 2804 2776 2805
f 2809 2811 2804
f 2812 2813 2814
f 3805 2816 3795
f 3796 2815 3795
f 3798 2820 2821
f 3793 2819 3798
f 2824 2735 2819
f 2823 2824 2819
f 2825 2826 2724
f 3793 2827 3792
f 3796 2826 3792
f 2713 2829 2828
f 2828 2831 2830
f 2822 2828 2830
f 2821 2713 2828
f 2832 2822 2830
f 2833 2830 2831
f 2834 2832 2833
f 2835 2827 2832
f 2837 2839 2836
f 2836 2841 2840
f 2842 2840 2727
f 2843 2836 2842
f 2840 2845 2844
f 2718 2845 2719
f 2730 2844 2718
f 2727 2844 2728
f 2846 2719 2845
f 2846 2841 2847
f 2829 2847 2831
f 2829 2716 2846
f 2847 2839 2848
f 2848 2838 2849
f 2833 2849 2834
f 2831 2848 2833
f 2850 2851 2852
f 2853 2852 2854
f 2783 2782 2855
f 2785 2853 2856
f 2780 2856 2781
f 2857 2855 2782
f 2859 2782 2781
f 2861 2842 2860
f 2860 2727 2726
f 2862 2726 2732
f 2863 2860 2862
f 2861 2858 2857
f 2843 2857 2859
f 2856 2854 2864
f 2781 2864 2859
f 2837 2859 2864
f 2838 2864 2854
f 2852 2834 2849
f 2854 2849 2838
f 2865 2818 2835
f 2851 2835 2834
f 2813 2815 2865
f 2814 2865 2851
f 2866 2814 2850
f 2788 2850 2853
f 2866 2787 2867
f 2812 2867 2775
f 1892 1890 1891
f 2720 2846 2870
f 298 256 257
f 2872 2713 2820
f 3794 2735 2734
f 2729 2874 2873
f 2846 2715 2870
f 2876 2878 2875
f 2733 2878 2734
f 3806 2879 2880
f 3806 2872 3794
f 2882 2884 2881
f 2881 2715 2714
f 2880 2714 2872
f 2879 2881 2880
f 2885 2887 2888
f 2888 2890 2885
f 2885 2892 2891
f 2893 2885 2891
f 1942 2532 2894
f 2895 2720 2870
f 2884 2870 2715
f 2883 2895 2884
f 2896 2892 2895
f 2889 2717 2890
f 2890 2720 2892
f 2897 2891 2896
f 2898 2896 2883
f 2899 2883 2882
f 2900 2882 2879
f 3797 2879 3807
f 2876 2901 2877
f 2901 2904 2903
f 1785 1835 1834
f 2905 2899 2900
f 2907 2897 2898
f 3797 2903 3799
f 632 577 633
f 3532 2867 2787
f 434 550 350
f 2768 3640 3643
f 2910 1623 2249
f 2241 2758 2242
f 3640 2913 3652
f 1623 2757 1620
f 3587 2757 3652
f 2229 1380 2250
f 2765 1629 2914
f 2915 1629 2912
f 3642 2914 2915
f 3641 2765 2914
f 2919 3642 3613
f 2918 2912 2241
f 3614 2241 3586
f 3618 3613 3670
f 3541 2180 3496
f 3521 2188 3506
f 3705 714 3851
f 2925 2917 2924
f 2924 2916 2919
f 3610 2919 3618
f 3611 2924 3610
f 2926 2766 2925
f 3658 2925 3611
f 1715 1705 1710
f 785 498 796
f 1387 565 1791
f 374 1899 560
f 3573 2206 3556
f 2929 2886 2893
f 2932 2934 2931
f 1905 1908 1907
f 2930 2936 2937
f 2938 2930 2929
f 1493 517 518
f 1603 1586 1602
f 2939 2929 2908
f 2940 2908 2907
f 3665 1600 3661
f 2886 2937 2887
f 2906 2898 2899
f 2908 2893 2897
f 2942 2933 2941
f 2941 2937 2936
f 3501 2936 3513
f 3498 2941 3501
f 2943 2710 2873
f 2943 2874 2889
f 2945 2889 2888
f 2946 2943 2945
f 2932 2888 2887
f 2931 2945 2932
f 727 1929 728
f 2903 2947 2948
f 545 42 262
f 1480 533 251
f 2907 2949 2940
f 2906 2950 2949
f 1558 215 202
f 3799 2948 3801
f 2054 1644 2118
f 3705 2203 3573
f 1828 1849 1827
f 2953 2955 2952
f 2952 2957 2956
f 2956 2258 2952
f 2953 2258 2257
f 2454 2474 2496
f 3747 2959 3766
f 3747 2131 3737
f 2961 2963 2958
f 2958 2964 2959
f 222 2485 2965
f 2477 2966 2608
f 2631 2006 1859
f 2384 2496 2497
f 2967 2959 2964
f 2968 2970 2969
f 3759 2971 3784
f 3784 2960 3766
f 2972 2033 2032
f 2007 2973 2008
f 3560 2134 2133
f 1836 1832 1831
f 3506 2090 3551
f 955 959 956
f 672 674 673
f 633 713 632
f 2024 733 803
f 2025 803 798
f 425 1550 388
f 2975 888 887
f 1319 1157 2694
f 1212 2977 1213
f 889 2228 2227
f 1978 1975 1979
f 1138 1329 915
f 751 2979 2978
f 1619 1625 1624
f 2252 1728 1727
f 1157 845 1216
f 2706 1938 2617
f 2980 2254 2981
f 2982 887 2630
f 802 711 2679
f 678 2029 2028
f 527 690 528
f 1839 2629 1840
f 2983 602 1914
f 2983 1913 1331
f 2985 1331 1054
f 2986 2983 2985
f 2987 2635 2634
f 2985 2639 2986
f 2990 1318 2989
f 2991 2993 2994
f 2995 2994 2996
f 1106 2991 2995
f 1058 2992 2991
f 1415 1365 1367
f 1317 2217 2997
f 1932 2255 2980
f 926 2999 664
f 3001 2992 3000
f 3000 1057 2978
f 2999 2978 2979
f 2998 3000 2999
f 3002 2209 3003
f 3002 2996 2994
f 2993 3002 2994
f 3001 2998 3002
f 1103 2995 3004
f 3004 2996 3003
f 2209 3004 3003
f 588 3004 2210
f 295 433 381
f 2638 2988 3005
f 3005 1056 1930
f 1305 1930 1306
f 1276 3005 1305
f 1987 1993 1989
f 2633 1761 2645
f 1423 1417 1419
f 3561 739 703
f 2671 2704 2705
f 1473 2035 1472
f 922 2694 895
f 1401 1378 1384
f 556 1884 1037
f 842 3825 3836
f 1854 2617 1010
f 933 1081 1075
f 1440 1436 1437
f 529 719 530
f 1031 1027 1028
f 777 912 1871
f 2645 1204 2633
f 441 1538 1537
f 790 587 586
f 2065 1610 1607
f 1860 990 902
f 60 87 59
f 1424 1948 1947
f 332 1507 331
f 261 138 135
f 187 449 507
f 1719 1726 1725
f 1931 1059 3006
f 3006 1105 1104
f 1287 1104 587
f 1286 3006 1287
f 3007 3009 3010
f 3009 653 795
f 618 26 25
f 2029 1210 1209
f 957 600 2228
f 1049 2228 600
f 2631 3011 2561
f 890 2227 3011
f 3011 2145 3012
f 2561 3012 2375
f 1026 609 608
f 2706 1961 1964
f 3013 2485 3014
f 2148 1267 3015
f 3015 1266 1311
f 2997 1101 1317
f 642 1773 1193
f 186 461 511
f 1041 1320 901
f 1121 3017 1122
f 2984 2987 3018
f 3018 2634 2619
f 1048 3018 2619
f 603 2984 3018
f 2679 801 802
f 2062 2074 2061
f 2061 2076 2064
f 414 1545 1965
f 3016 2683 3019
f 3019 2704 2670
f 3020 2670 720
f 3007 3019 3020
f 1871 1091 777
f 3021 1122 3017
f 3022 3017 3010
f 1314 3022 1315
f 1784 3021 1314
f 1316 1763 611
f 3023 3010 3009
f 3023 795 1092
f 1763 1092 1125
f 1315 3023 1763
f 3016 3010 3017
f 752 2978 1057
f 2986 2637 2987
f 3024 653 3008
f 3020 3008 3007
f 720 3024 3020
f 723 654 3024
f 2681 1268 3025
f 2671 1268 721
f 2705 3025 2671
f 1313 3027 1311
f 3026 3029 3027
f 3027 3030 3031
f 1311 3031 3015
f 2012 731 2023
f 917 974 977
f 743 856 744
f 1888 2030 1425
f 2682 2684 3032
f 3032 1124 2989
f 1100 2989 1318
f 1099 3032 1100
f 1123 2989 1124
f 3033 1159 1158
f 2990 1158 1319
f 1123 3033 2990
f 1786 1834 3033
f 1054 2988 2985
f 2979 664 2999
f 2623 2663 2643
f 1095 688 687
f 3034 2261 2956
f 3036 2956 2957
f 3037 3034 3036
f 3038 3035 3034
f 3040 3026 1313
f 2263 3041 3040
f 3042 3043 3041
f 3041 3028 3026
f 3044 3043 3039
f 3046 3045 3044
f 3047 3049 3045
f 3043 3049 3028
f 3038 3051 3050
f 3050 3053 3052
f 3052 3044 3050
f 3039 3050 3044
f 3054 3039 3042
f 3042 2262 3054
f 2261 3054 2262
f 2216 2997 2217
f 2212 2667 1936
f 3056 2209 3055
f 934 1961 1854
f 2013 3757 567
f 3058 3060 3061
f 3059 3063 3060
f 3060 2213 1963
f 3061 1963 1962
f 3063 2214 2213
f 3062 3064 3063
f 3065 2260 3064
f 3064 2215 2214
f 3066 3031 3030
f 2608 3067 3066
f 2966 3068 3067
f 3031 3068 3015
f 2455 2461 2474
f 2476 2226 2477
f 3551 2089 3525
f 3526 3769 3786
f 433 355 381
f 2115 1419 2123
f 3509 2922 3527
f 3769 2131 2134
f 3069 2167 2166
f 2971 2928 2960
f 2961 2773 2962
f 3070 2478 2483
f 2610 3071 2954
f 2502 2374 2386
f 3072 2595 3073
f 2964 3052 2967
f 3048 3074 3049
f 2593 3075 3074
f 3075 3029 3074
f 3074 3028 3049
f 3072 3075 2592
f 3076 2482 2481
f 2481 3066 3076
f 3076 3030 3075
f 2967 3053 2970
f 2482 3073 2483
f 479 493 494
f 706 3873 709
f 3561 2221 3517
f 2013 3754 3755
f 3533 2016 3529
f 3562 2222 2974
f 1171 1155 1176
f 2586 2565 2587
f 2982 113 2484
f 2562 3077 3068
f 2376 3012 3077
f 3012 2148 3077
f 3077 3015 3068
f 2963 3046 2964
f 3051 2970 3053
f 1683 491 775
f 3850 1447 3860
f 1986 3734 3768
f 3079 2546 2575
f 3081 2575 2576
f 1983 3768 3765
f 3082 2319 2545
f 3080 2545 2546
f 3734 3082 3080
f 3732 2323 3082
f 1309 1888 748
f 3073 2772 2771
f 2760 3084 2762
f 2760 2088 3083
f 3085 3086 3087
f 3089 3090 3088
f 3089 3084 3085
f 3092 3090 3091
f 3093 2744 2743
f 2751 2748 3093
f 3093 2752 2751
f 2742 3093 3094
f 3094 2743 3095
f 3096 3098 3087
f 3099 3087 3086
f 3097 3095 3098
f 3100 2746 3101
f 3101 3102 3100
f 2764 2927 3101
f 2745 3101 2746
f 3102 3091 3100
f 3100 3095 2743
f 2869 3592 3634
f 3102 3104 3092
f 3658 2869 3634
f 2927 3103 3102
f 3098 3091 3090
f 3087 3090 3085
f 2088 3105 3083
f 3083 3086 3084
f 2483 2771 3070
f 2401 2185 2321
f 3099 3105 3106
f 2125 3106 3105
f 3108 2742 3107
f 3107 3094 3097
f 3110 3107 3109
f 3109 3097 3096
f 3111 3096 3099
f 3112 3109 3111
f 3113 2737 3108
f 3115 2722 3114
f 3117 3114 3116
f 3119 3116 3118
f 3118 3120 3121
f 3116 3113 3120
f 3122 3111 3123
f 3122 1755 1754
f 3124 3126 3127
f 3125 3121 3126
f 3128 3118 3125
f 3129 3125 3124
f 2020 3128 3129
f 3853 1346 1352
f 1065 1047 1066
f 1814 3830 1649
f 2021 3129 3130
f 3111 3106 3123
f 3123 2207 1755
f 2377 2224 2973
f 3014 113 112
f 1756 3782 3767
f 3131 2530 2528
f 3133 2528 2529
f 1753 3767 3775
f 3134 3127 3135
f 2327 2314 2313
f 2436 2317 2349
f 2018 3711 3712
f 2534 3137 2535
f 2320 3136 2534
f 2185 3712 3771
f 3138 2542 2539
f 3134 3744 3745
f 3785 3134 3745
f 3140 2539 2538
f 2535 3140 2538
f 3711 3130 3785
f 2558 3132 3141
f 3782 3141 3132
f 2560 3141 3142
f 3760 3142 3141
f 958 2976 2981
f 1933 2980 3143
f 2399 2418 2416
f 2348 2343 2432
f 2322 2319 2323
f 2718 2874 2730
f 2709 2873 2710
f 2894 1361 1942
f 346 176 347
f 1876 1882 1881
f 2802 3607 3592
f 3104 3088 3092
f 2974 3649 3603
f 3089 2761 2762
f 3088 3145 3089
f 2803 3603 3607
f 3870 692 628
f 2123 1418 2126
f 1365 1368 1367
f 1581 1782 1783
f 3569 2129 3520
f 3555 2002 3521
f 3146 2551 3147
f 3751 3147 3750
f 3742 3146 3751
f 3149 2585 3146
f 3196 3197 3195
f 3604 2191 3623
f 3142 2556 2560
f 3777 3150 3142
f 3646 2550 3593
f 3150 2555 2556
f 3778 3151 3150
f 3788 3152 3646
f 3153 2551 2549
f 3152 2549 2550
f 3781 3153 3152
f 3776 3147 3153
f 3148 2206 2205
f 2183 2321 2184
f 2132 2928 2133
f 3684 2204 2203
f 3719 2197 3721
f 2594 2773 2951
f 2595 2951 2772
f 1870 799 1869
f 3713 2178 3706
f 3706 3736 3790
f 336 3774 3722
f 339 3154 336
f 3789 3149 3742
f 3683 2584 3149
f 2963 3048 3047
f 3722 337 336
f 339 2566 2586
f 3156 2168 2167
f 2610 2167 2611
f 2954 3156 2610
f 3157 2953 2257
f 3707 2169 3709
f 2567 3159 2568
f 337 2567 338
f 3730 2166 3707
f 3764 1983 3765
f 2579 3081 2576
f 2568 3160 2579
f 3709 2190 3764
f 3065 3162 3161
f 3161 1984 2189
f 3157 2189 2168
f 2257 3161 3157
f 734 1922 806
f 3059 2708 3163
f 3163 2182 1985
f 3162 1985 1984
f 3062 3163 3162
f 3203 3205 3204
f 2122 1448 1447
f 3817 1685 3812
f 139 444 69
f 1570 566 533
f 2957 3165 3036
f 2955 3164 2957
f 1912 341 1973
f 3130 3124 3134
f 1548 319 1547
f 1949 1327 1887
f 2969 3078 3167
f 3167 3169 3168
f 3724 2017 3720
f 3720 2033 3759
f 3168 3165 3170
f 3170 3164 3171
f 3779 3171 3756
f 3724 3170 3779
f 3171 3166 3172
f 3172 3071 3173
f 3752 3173 3749
f 3756 3172 3752
f 3169 3036 3165
f 2593 2962 2594
f 3173 2609 3174
f 3174 2199 2198
f 3783 2198 3719
f 3749 3174 3783
f 2190 1984 1983
f 2196 2767 3148
f 2119 1414 1448
f 1464 1466 1465
f 2199 3069 2200
f 2457 2587 2565
f 2226 2562 2966
f 481 1627 1639
f 333 235 236
f 3078 3037 3169
f 3040 2997 2263
f 2219 1933 2220
f 2385 2497 2503
f 221 3175 2484
f 2220 3143 3175
f 3175 2976 2975
f 2484 2975 2982
f 2954 3166 2955
f 2630 110 2982
f 1547 1952 1955
f 2091 2188 2187
f 3733 2178 2177
f 1918 1927 1926
f 3563 111 3511
f 955 960 954
f 2037 112 3563
f 3143 2981 2976
f 2218 2214 2215
f 672 3787 3541
f 2152 3014 2037
f 1147 1143 1145
f 2248 1409 2245
f 1615 1635 1616
f 1410 2246 2247
f 3241 3242 3240
f 3177 1383 1382
f 2238 3176 1382
f 3176 2230 3178
f 1410 3179 1407
f 3179 2243 1407
f 1633 2800 2249
f 1621 2758 2912
f 1622 2245 1634
f 2236 3181 3182
f 2237 3182 3183
f 2250 2233 2229
f 2912 1628 1621
f 135 1564 1563
f 1567 512 1565
f 1085 2653 2685
f 3184 868 3056
f 869 3057 934
f 1266 1098 1312
f 1267 722 721
f 937 2646 936
f 2146 722 2147
f 2211 921 2667
f 1957 507 449
f 1313 2264 3040
f 1496 1493 1492
f 2681 2705 2682
f 2887 2933 2932
f 1687 1659 1694
f 145 1498 81
f 1317 1319 2694
f 37 418 71
f 1935 3185 2977
f 104 301 103
f 2101 2083 2084
f 543 360 207
f 1934 3186 3185
f 234 212 237
f 3845 1822 1824
f 1976 1874 1974
f 223 2219 220
f 3655 3605 3612
f 468 773 2165
f 1935 1728 1932
f 3240 3226 3235
f 3261 3250 3260
f 3215 3244 3264
f 3265 3215 3264
f 3267 3198 3196
f 3205 3269 3255
f 3214 3265 3270
f 3271 3214 3192
f 3251 3239 3236
f 3222 3266 3272
f 3232 3234 3233
f 3216 3243 3244
f 3196 3268 3267
f 3244 3254 3255
f 3238 3247 3246
f 3264 3255 3269
f 3253 3216 3217
f 3211 3221 3265
f 3257 3218 3256
f 3258 3272 3259
f 3274 3280 3273
f 3228 3262 3263
f 3275 3281 3280
f 3226 3273 3280
f 3236 3260 3251
f 3281 3236 3237
f 3287 3192 3189
f 3235 3280 3234
f 3234 3281 3237
f 3288 3259 3272
f 3260 3276 3251
f 3289 3278 3284
f 3210 3224 3283
f 3199 3201 3200
f 3228 3230 3229
f 3290 3285 3286
f 3282 3271 3287
f 3260 3262 3261
f 3243 3268 3254
f 3267 3241 3232
f 3194 3208 3193
f 3191 3269 3206
f 3270 3192 3214
f 3275 3230 3231
f 3264 3270 3265
f 3252 3276 3291
f 3248 3291 3223
f 3213 3279 3277
f 3272 3289 3288
f 3277 3212 3213
f 3228 3281 3231
f 3220 3253 3219
f 3219 3217 3257
f 3256 3222 3258
f 3247 3252 3248
f 3245 3232 3233
f 3266 3212 3289
f 3208 3255 3254
f 3288 3284 3285
f 3204 3208 3207
f 560 3187 559
f 3209 3201 3202
f 3189 3191 3190
f 448 807 447
f 647 122 270
f 1833 1780 1832
f 510 508 507
f 3210 1887 3201
f 1887 3200 3201
f 15 3197 3200
f 16 3195 3197
f 3195 3187 3194
f 3194 1899 3207
f 3207 375 3204
f 387 126 127
f 3189 1760 3287
f 3577 757 758
f 763 2172 2175
f 3583 3580 3581
f 3581 3579 3578
f 3594 3596 3595
f 3400 3602 3401
f 3626 3625 3627
f 3631 3599 3601
f 3636 3595 3596
f 3647 3588 3645
f 3650 3584 3647
f 3653 3580 3651
f 3653 3654 3579
f 1801 3656 3655
f 3651 3582 3650
f 3644 3595 3637
f 1767 3659 3660
f 1597 3661 1600
f 1708 3665 3664
f 3671 3667 3666
f 3666 3673 3672
f 1588 3664 1587
f 2080 3666 2082
f 2082 3672 2084
f 3674 3635 3631
f 3677 3636 3635
f 3682 3645 3681
f 3692 3650 3686
f 3681 3644 3680
f 786 3692 785
f 3694 3651 3692
f 785 3686 497
f 497 3682 650
f 650 3681 564
f 3696 3681 3680
f 3405 3605 3402
f 3702 3678 3677
f 3699 3679 3678
f 3645 3638 3644
f 1799 3659 1768
f 3708 3458 3460
f 3462 3708 3460
f 3714 564 3696
f 3615 3602 3600
f 3710 3696 3698
f 3635 3596 3599
f 3629 3627 3630
f 3597 3599 3596
f 3630 3715 3629
f 3627 3597 3594
f 3717 3723 3718
f 3715 3660 3629
f 3716 3725 3715
f 3668 3661 3725
f 3668 3717 3667
f 3667 3718 3673
f 3727 3673 3718
f 3728 3672 3673
f 3726 3718 3723
f 1576 2084 3672
f 3727 3731 3729
f 3203 1387 3190
f 3190 1791 3189
f 3283 1949 3210
f 317 259 391
f 2000 3653 3694
f 3601 3600 3602
f 3589 3584 3585
f 3577 756 2170
f 3585 3582 3583
f 3678 3637 3636
f 3204 376 3203
f 1801 3657 1799
f 3729 3728 3727
f 1575 3738 1088
f 3735 1576 3728
f 1776 1796 1775
f 1293 1290 1284
f 1326 1327 12
f 1294 1234 1290
f 878 1330 1337
f 497 374 498
f 122 413 121
f 3699 3704 3708
f 3606 3401 3602
f 3708 3698 3699
f 3464 3710 3462
f 3704 3443 3458
f 439 399 438
f 1512 1526 1511
f 1668 1738 1671
f 839 1362 838
f 1362 826 1012
f 3843 1896 3815
f 2053 2118 2117
f 3888 2120 2119
f 696 3816 3831
f 1826 639 640
f 3740 3729 3731
f 956 886 960
f 1980 1922 807
f 33 105 164
f 1343 3856 3857
f 3907 2128 3902
f 1766 1582 1594
f 14 2163 738
f 595 99 594
f 3233 3246 3245
f 1346 1044 1352
f 748 1425 747
f 3193 3254 3268
f 3190 3206 3203
f 3612 3606 3615
f 3624 3615 3625
f 3631 3443 3674
f 3679 3644 3637
f 3686 3647 3682
f 3702 3674 3704
f 3625 3600 3597
f 3601 3415 3631
f 3739 3735 3729
f 3630 3594 3741
f 3741 3716 3630
f 1284 1288 1285
f 3698 3680 3679
f 1778 1780 1779
f 1792 1584 1789
f 695 571 694
f 3638 3594 3595
f 3741 3588 3589
f 3247 3209 3202
f 3292 3294 3295
f 3296 3298 3299
f 3299 3300 3301
f 3302 3304 3305
f 3306 3308 3309
f 3307 3311 3308
f 3303 3301 3300
f 3312 3304 3313
f 3314 3316 3317
f 3318 3320 3321
f 3324 3321 3325
f 3326 3328 3323
f 3329 3331 3332
f 3333 3335 3336
f 3337 3339 3340
f 3333 3341 3342
f 3342 3343 3344
f 3319 3344 3343
f 3338 3334 3339
f 3346 3302 3347
f 3305 3347 3302
f 3312 3223 3349
f 3350 3340 3351
f 3312 3348 3305
f 3352 3341 3326
f 3311 3354 3308
f 3341 3327 3326
f 3359 3361 3362
f 3360 3250 3249
f 3318 3345 3319
f 3364 3318 3324
f 3314 3324 3365
f 3366 3301 3346
f 3299 3367 3296
f 3308 3368 3309
f 3369 3295 3294
f 3317 3364 3314
f 3370 3317 3316
f 3325 3365 3324
f 3352 3319 3343
f 3296 3353 3311
f 3297 3311 3310
f 3363 3354 3345
f 3345 3353 3344
f 3344 3367 3342
f 3366 3342 3367
f 3347 3334 3346
f 3339 3348 3340
f 3348 3351 3340
f 3363 3369 3368
f 3294 3368 3369
f 3293 3309 3294
f 3331 3374 3332
f 3346 3333 3366
f 3323 3352 3326
f 3356 3321 3320
f 3355 3325 3321
f 3357 3371 3325
f 3322 3320 3352
f 3361 3329 3362
f 3373 3375 3374
f 3374 3376 3332
f 3329 3376 3362
f 3327 3372 3328
f 3336 3375 3327
f 3335 3376 3375
f 3376 3337 3362
f 3337 3359 3362
f 3359 3276 3250
f 3377 3295 3370
f 3277 3315 3278
f 3371 3379 3365
f 3378 3358 3380
f 3365 3315 3314
f 3316 3279 3370
f 3282 3370 3279
f 3313 3224 3312
f 3378 3284 3379
f 3380 3285 3378
f 3379 3278 3315
f 3276 3351 3291
f 3291 3349 3223
f 3313 2965 3013
f 2965 3303 222
f 222 3300 223
f 223 3298 3186
f 3298 3185 3186
f 3297 2977 3185
f 3310 1213 2977
f 3307 1214 1213
f 2532 3306 3293
f 2894 3293 3292
f 2871 3292 3377
f 3253 3240 3242
f 3283 3013 2152
f 1997 1889 1892
f 1237 744 855
f 1535 120 121
f 1531 201 214
f 1119 1032 984
f 946 824 947
f 163 5 162
f 3589 3723 3741
f 1155 1162 1164
f 427 327 424
f 553 796 498
f 3381 2231 2237
f 3381 2230 2232
f 2237 3180 3381
f 3383 3385 3382
f 3384 3387 3385
f 3386 3389 3387
f 3388 3391 3389
f 3392 3394 3395
f 3395 3396 3397
f 3398 3397 3396
f 3400 3399 3398
f 3403 3405 3402
f 3406 3404 3403
f 3408 3407 3406
f 3410 3409 3408
f 3412 3411 3410
f 3415 3398 3414
f 3414 3396 3416
f 3416 3394 3417
f 3417 3393 3418
f 3393 3420 3418
f 3419 3421 3420
f 3390 3422 3421
f 3388 3423 3422
f 3386 3424 3423
f 3384 3425 3424
f 3425 3426 3184
f 2904 3428 2947
f 3429 2904 2902
f 3430 2902 2876
f 2875 3430 2876
f 3432 2733 2736
f 2825 3435 2824
f 3437 3439 3436
f 3441 3436 3440
f 2724 3434 2825
f 3436 3115 3117
f 3440 3117 3119
f 3443 3414 3442
f 3442 3416 3444
f 3444 3417 3445
f 3445 3418 3446
f 3446 3420 3447
f 3420 3448 3447
f 3421 3449 3448
f 3422 3450 3449
f 3423 3451 3450
f 3424 3452 3451
f 3425 3056 3452
f 3451 2253 2252
f 3450 2252 1727
f 3449 1727 2150
f 3448 2150 1941
f 3453 3448 1941
f 3454 3447 3453
f 3455 3446 3454
f 3456 3445 3455
f 3442 3456 3457
f 3443 3457 3458
f 3459 3458 3457
f 3457 3455 3459
f 3459 3454 3461
f 3462 3459 3461
f 3461 3453 3463
f 3464 3461 3463
f 3463 1941 1360
f 3404 3401 3405
f 3407 3399 3404
f 3409 3397 3407
f 3411 3395 3409
f 3465 3413 3412
f 3467 3469 3466
f 3465 3431 3433
f 3470 3466 3465
f 3438 3432 3435
f 3467 3438 3437
f 3468 3437 3441
f 3471 3468 3472
f 3472 3441 3473
f 3473 3440 2712
f 2712 3119 3128
f 3475 3472 3474
f 3474 3473 3476
f 3476 2712 2711
f 3477 2711 2400
f 3478 3476 3477
f 3479 3474 3478
f 3392 3413 3480
f 3466 3480 3413
f 3419 3392 3480
f 3390 3480 3391
f 3469 3391 3480
f 3389 3471 3475
f 3387 3475 3479
f 3385 3479 3481
f 3482 2400 2402
f 3483 3477 3482
f 3481 3478 3483
f 3484 2402 2707
f 3058 2707 2708
f 3061 3484 3058
f 3485 3482 3484
f 3382 3481 3486
f 3486 3483 3485
f 3426 3382 3487
f 3487 3486 1962
f 3486 3061 1962
f 1961 3487 1962
f 3057 3426 3487
f 3428 3402 3488
f 3427 3403 3428
f 3429 3406 3427
f 3430 3408 3429
f 3431 3410 3430
f 3470 3433 3432
f 3434 3438 3435
f 2723 3439 3434
f 2875 3433 3431
f 2736 3435 3432
f 2947 3488 3500
f 3464 1360 3497
f 1900 1924 1901
f 1736 1718 1750
f 1955 1943 1956
f 1671 1735 1751
f 1696 1698 1692
f 1800 1864 1801
f 2063 2056 2060
f 1737 1717 1736
f 1751 1697 1695
f 943 3899 684
f 3656 3402 3605
f 1577 1764 1703
f 3917 1599 3923
f 1945 82 1944
f 68 7 248
f 147 1543 148
f 1109 1133 1102
f 1503 1907 1908
f 1499 1909 1498
f 452 735 215
f 1824 3835 3845
f 1825 2068 1824
f 1463 1022 1194
f 841 1009 1011
f 1568 1955 1534
f 1926 1927 1923
f 1910 1502 1939
f 1939 422 442
f 309 1940 308
f 1804 1866 1803
f 269 1954 56
f 2065 2060 2056
f 3812 1758 3835
f 280 552 1940
f 1875 1869 1874
f 1739 1734 1737
f 1778 1790 1788
f 310 1915 279
f 1909 1906 1954
f 1789 1778 1788
f 978 980 979
f 1584 1731 1583
f 425 311 312
f 148 115 116
f 2044 3894 2046
f 277 1939 551
f 1943 1945 1944
f 1461 1463 1464
f 2253 3056 3055
f 2981 3489 958
f 2209 3489 3055
f 2254 3055 3489
f 2998 958 3489
f 2826 2721 2724
f 3490 2721 2817
f 2816 3490 2817
f 2334 2296 2335
f 2298 2334 2336
f 2301 2336 2338
f 2311 2338 2354
f 2312 2354 2355
f 2359 2361 2360
f 2335 2359 2360
f 2414 2365 2364
f 2413 2361 2365
f 2355 2540 2541
f 2541 2539 2542
f 2722 2739 2738
f 3114 2738 3113
f 3110 3121 3120
f 3108 3120 3113
f 3122 3127 3126
f 3112 3126 3121
f 3127 1753 3135
f 3139 2529 2542
f 3744 3133 3139
f 3490 2740 2739
f 3491 2789 3490
f 228 91 88
f 245 243 242
f 248 247 191
f 2 296 295
f 145 300 267
f 327 210 328
f 329 331 330
f 250 228 236
f 239 240 230
f 373 375 374
f 178 176 175
f 1218 1228 1321
f 3862 1295 3854
f 808 824 823
f 3858 1013 1014
f 3813 1411 1413
f 2154 2159 2160
f 3845 1758 1757
f 306 1922 452
f 2157 1976 1977
f 708 2031 1474
f 1450 1227 1428
f 1672 1605 1624
f 1813 1821 1816
f 1717 1715 1718
f 176 402 347
f 1710 3916 3915
f 1712 1577 1711
f 1705 1711 1704
f 971 979 970
f 822 1094 1102
f 2909 2793 2792
f 2810 2795 2793
f 2799 2249 2800
f 3662 2910 2799
f 2769 2801 2795
f 3177 3178 3179
f 3178 3180 3179
f 3181 1393 2800
f 3181 1632 3182
f 3182 2244 3183
f 3183 2243 3180
f 3492 2790 3491
f 2808 3491 2816
f 2239 3572 2240
f 1149 3571 3570
f 1150 3567 3571
f 2202 3566 2015
f 2921 3565 2923
f 3568 2133 2928
f 1777 1759 1792
f 1201 1183 1184
f 3561 2195 2194
f 3553 2770 2768
f 3927 1687 1692
f 1516 154 503
f 3549 2974 2803
f 3550 2779 2778
f 2771 3575 3546
f 3070 3546 3558
f 3547 2775 2867
f 1376 1370 1372
f 2767 3556 2206
f 2195 3543 2767
f 2775 3542 2776
f 3377 3545 2871
f 3804 3539 2806
f 2776 3538 2805
f 2240 3535 2920
f 2920 3669 3619
f 3548 2786 2779
f 1805 1851 1804
f 3534 2787 2786
f 2951 3540 3531
f 2772 3531 3575
f 2973 3530 3536
f 2224 3537 3530
f 1957 320 510
f 306 304 303
f 2770 3528 2913
f 2913 3574 2239
f 2923 3527 2922
f 308 431 47
f 207 132 543
f 1879 1881 1880
f 3733 3525 2089
f 2475 3558 3524
f 2476 3524 3523
f 2223 3523 3537
f 3522 2803 2802
f 2037 11 1950
f 1959 450 505
f 2003 3520 2129
f 9 334 540
f 2009 3518 3567
f 2008 3536 3518
f 3877 673 3879
f 3515 2778 2784
f 2935 3513 2936
f 111 3570 3511
f 3510 2935 2938
f 683 3885 943
f 3508 2810 2909
f 736 732 729
f 1795 1803 1796
f 3505 2938 2939
f 3507 2939 2940
f 2950 3504 2949
f 2940 3504 3507
f 3801 3512 2950
f 2868 3502 2869
f 2869 3522 2802
f 1024 1023 1020
f 3500 2948 2947
f 551 442 443
f 2972 3568 2928
f 2032 3499 2972
f 216 1924 1923
f 203 201 200
f 1828 1847 1837
f 1958 449 450
f 272 178 175
f 2871 3495 1361
f 3619 3564 2921
f 2801 3643 3662
f 2005 3654 2176
f 960 899 962
f 3657 3612 3624
f 3780 3646 3151
f 3151 3593 2555
f 2193 3623 2194
f 3607 3145 3144
f 3603 2761 3145
f 3592 3144 3104
f 2926 3634 3103
f 3634 3104 3103
f 3755 3746 3753
f 566 3758 2005
f 3488 1864 3500
f 1602 2079 2078
f 2868 3611 2922
f 2922 3610 2923
f 2923 3618 2921
f 3670 2918 3614
f 3619 3614 2920
f 2921 3670 3619
f 2920 3586 2240
f 3613 2915 2918
f 2917 3622 3641
f 2916 3641 3642
f 2239 3652 2913
f 2911 3652 2757
f 3643 2911 2910
f 2797 3662 3591
f 2797 3598 2750
f 3622 2763 2765
f 3608 2764 2745
f 2194 3648 2221
f 2221 3649 2222
f 2756 3609 2755
f 2750 3609 2747
f 3669 1817 3827
f 3763 1691 1699
f 2515 3590 2548
f 2548 3593 2550
f 2513 3632 3616
f 2513 3621 2515
f 2509 3620 2289
f 2510 3633 2509
f 2289 3639 2283
f 2283 3617 2286
f 2240 3587 2239
f 3659 3624 3626
f 716 3887 3888
f 727 3761 1923
f 2165 2170 2164
f 3660 3626 3629
f 3743 3578 3757
f 2175 769 770
f 2100 2095 2099
f 3758 3757 3578
f 640 3568 1826
f 1653 3553 1651
f 1895 3530 746
f 746 3537 741
f 1653 3528 3576
f 3762 1604 1672
f 2093 2073 2078
f 959 995 884
f 962 919 986
f 1400 1398 1399
f 1000 1127 1004
f 956 884 885
f 1662 3550 1661
f 2034 3546 1654
f 3926 3539 3802
f 3535 766 1817
f 3572 765 766
f 334 3571 335
f 1868 3540 1656
f 1684 1652 1678
f 1682 775 1807
f 1585 3762 1700
f 3763 1672 1673
f 2173 490 491
f 1658 3547 1752
f 3556 1650 724
f 1571 2010 1572
f 1587 3671 2080
f 2099 2077 2094
f 787 1999 786
f 2000 786 1999
f 3155 3697 3683
f 3713 3683 3789
f 2180 3685 3684
f 3496 3684 3705
f 1684 3840 1651
f 1760 3495 3545
f 2607 3693 2590
f 2581 3689 2607
f 2371 3700 3695
f 2371 3693 2372
f 2587 3675 2586
f 2586 3697 339
f 2497 3687 2503
f 2502 3687 3700
f 2494 3690 2495
f 3690 2472 2495
f 3688 2468 2472
f 3701 2469 2468
f 726 3892 630
f 581 3518 580
f 10 3570 334
f 1837 3510 1849
f 741 3523 1300
f 1299 3558 2034
f 1851 3504 1866
f 3527 1820 1819
f 580 3536 1895
f 1758 3522 3502
f 1693 3508 1806
f 3504 1867 1866
f 1894 3568 3499
f 2126 3813 3841
f 3906 3841 3912
f 2113 3867 2110
f 2179 3789 3685
f 624 3904 623
f 2192 3788 3780
f 2177 3787 3733
f 1364 3833 1338
f 3858 1470 1453
f 3135 3775 3744
f 2069 3835 2068
f 1351 3853 1352
f 2108 3901 499
f 2089 3736 3733
f 3828 1358 866
f 2001 3783 2187
f 2187 3719 2091
f 2130 3752 2004
f 2004 3749 2001
f 2014 3779 2201
f 2201 3756 2130
f 3167 3759 2969
f 3168 3720 3167
f 3159 3764 3160
f 3160 3765 3081
f 3730 3158 337
f 3158 3709 3159
f 2200 3730 3722
f 3685 3742 2204
f 3722 2197 2200
f 3790 2092 3721
f 3774 3721 2197
f 3154 3790 3774
f 3155 3706 3154
f 2091 3721 2092
f 2196 3750 3776
f 2193 3776 3781
f 3604 3781 3788
f 2086 3780 3778
f 2087 3778 3777
f 2204 3751 2205
f 2205 3750 3148
f 3909 574 692
f 2124 3777 3760
f 2208 3760 3782
f 3711 3140 3137
f 3785 3138 3140
f 3745 3139 3138
f 3771 3136 2322
f 3712 3137 3136
f 3775 3131 3133
f 3767 3132 3131
f 1813 3838 1814
f 1293 3856 1344
f 2184 3748 3732
f 2181 3732 3734
f 3765 3079 3081
f 3768 3080 3079
f 709 3875 2031
f 2774 3737 3769
f 3786 2134 3559
f 3809 766 765
f 2968 3766 2959
f 2969 3784 2968
f 2958 3737 2961
f 2132 3766 2960
f 2321 3771 3748
f 3860 1449 28
f 3905 582 710
f 3886 577 574
f 3847 1818 3827
f 705 3887 2121
f 3816 3907 698
f 2111 3911 2113
f 3810 1366 1411
f 1812 3822 1815
f 675 3852 674
f 3496 3851 675
f 2110 3868 2109
f 2104 3901 2106
f 2109 3899 944
f 3842 703 739
f 1680 3846 1684
f 1639 3819 3818
f 623 3906 697
f 2139 3866 3865
f 1808 3844 3837
f 3820 1819 1820
f 3872 3900 706
f 1646 3830 1648
f 3889 633 577
f 2139 3875 18
f 2156 3871 3874
f 674 3913 3869
f 2117 3812 2069
f 1815 3847 3823
f 3855 1444 1470
f 697 3912 3816
f 866 3836 3828
f 3864 2136 2135
f 3585 3726 3589
f 3583 3731 3585
f 3753 3738 3739
f 3740 3581 3743
f 1088 3746 1093
f 3739 3743 3753
f 2791 3493 2792
f 3492 2807 3493
f 2792 3494 2909
f 3493 2806 3494
f 3508 3494 3516
f 3516 2806 3539
f 2948 3791 3801
f 2105 3896 2104
f 3538 3804 2805
f 680 3876 683
f 1891 3910 3891
f 2905 3801 2950
f 2900 3799 2905
f 2901 3807 2877
f 2734 3806 3794
f 2877 3806 2878
f 2820 3794 2872
f 2818 3792 2827
f 2823 3792 2826
f 2822 3798 2821
f 2819 3800 3798
f 2817 3795 2816
f 2809 3795 2815
f 2808 3803 2807
f 2805 3803 2804
f 1702 3923 1599
f 3922 1797 1802
f 3915 1706 1709
f 3918 1692 1698
f 1657 3880 1879
f 1890 3895 3910
f 3772 1674 1675
f 1689 3772 3773
f 3926 3538 1688
f 3516 1689 3773
f 3917 1703 1764
f 1598 3928 1770
f 3880 1876 1879
f 1691 3925 3927
f 3925 1688 1687
f 1117 1118 3930
f 1066 1322 3930
f 1243 847 3930
f 3825 848 3930
f 1128 1117 3930
f 1129 1130 3930
f 841 1011 3930
f 1230 3863 3930
f 1242 1243 3930
f 1322 1229 3930
f 1064 1065 3930
f 1003 1128 3930
f 1229 1230 3930
f 3863 1285 3930
f 1285 1288 3930
f 848 839 3930
f 847 3825 3930
f 1118 1129 3930
f 1065 1066 3930
f 1087 1086 3930
f 1008 1002 3930
f 1011 1008 3930
f 1002 1003 3930
f 1076 1069 3930
f 838 841 3930
f 839 838 3930
f 1288 1242 3930
f 1130 1087 3930
f 1086 1076 3930
f 1069 1064 3930
f 2410 2414 3931
f 2411 2410 3931
f 3617 2285 3931
f 2394 2393 3931
f 2393 2396 3931
f 2281 2286 3931
f 2282 2280 3931
f 2398 2399 3931
f 2465 2464 3931
f 2396 2397 3931
f 2470 2469 3931
f 2399 2416 3931
f 2480 2395 3931
f 2459 2480 3931
f 2369 2282 3931
f 2460 2459 3931
f 2415 2411 3931
f 2416 2415 3931
f 2364 2363 3931
f 2286 3617 3931
f 2464 2470 3931
f 2469 3703 3931
f 2285 2465 3931
f 2414 2364 3931
f 2395 2394 3931
f 2363 2367 3931
f 2397 2398 3931
f 2280 2281 3931
f 3703 2460 3931
f 2367 2369 3931
f 3934 3937 3938
f 3934 3939 3935
f 3932 3937 3933
f 3938 3943 3939
f 3937 3940 3941
f 3937 3942 3938
f 3942 3947 3943
f 3941 3944 3945
f 3942 3945 3946
f 3947 3950 3951
f 3944 3949 3945
f 3945 3950 3946
f 3950 3955 3951
f 3949 3952 3953
f 3950 3953 3954
f 3955 3958 3959
f 3953 3956 3957
f 3953 3958 3954
f 3959 3962 3963
f 3957 3960 3961
f 3958 3961 3962
f 3962 3967 3963
f 3960 3965 3961
f 3961 3966 3962
f 3966 3971 3967
f 3965 3968 3969
f 3966 3969 3970
f 3970 3975 3971
f 3968 3973 3969
f 3969 3974 3970
f 3974 3979 3975
f 3973 3976 3977
f 3974 3977 3978
f 3979 3982 3983
f 3976 3981 3977
f 3977 3982 3978
f 3982 3987 3983
f 3981 3984 3985
f 3982 3985 3986
f 3987 3990 3991
f 3984 3989 3985
f 3985 3990 3986
f 3991 3994 3995
f 3989 3992 3993
f 3990 3993 3994
f 3995 3998 3999
f 3992 3997 3993
f 3993 3998 3994
f 3998 4003 3999
f 3997 4000 4001
f 3998 4001 4002
f 4002 4007 4003
f 4000 4005 4001
f 4001 4006 4002
f 4006 4011 4007
f 4005 4008 4009
f 4006 4009 4010
f 4011 4014 4015
f 4008 4013 4009
f 4009 4014 4010
f 4014 4019 4015
f 4013 4016 4017
f 4014 4017 4018
f 4019 4022 4023
f 4016 4021 4017
f 4017 4022 4018
f 4023 4026 4027
f 4021 4024 4025
f 4022 4025 4026
f 4027 4030 4031
f 4024 4029 4025
f 4025 4030 4026
f 4031 4034 4035
f 4029 4032 4033
f 4030 4033 4034
f 4034 4039 4035
f 4032 4037 4033
f 4033 4038 4034
f 4038 4043 4039
f 4037 4040 4041
f 4038 4041 4042
f 4043 4046 4047
f 4040 4045 4041
f 4041 4046 4042
f 4046 4051 4047
f 4045 4048 4049
f 4046 4049 4050
f 4051 4055 4056
f 4048 4054 4049
f 4049 4055 4050
f 4056 4059 4060
f 4053 4058 4054
f 4055 4058 4059
f 3932 4052 3936
f 3936 4052 3940
f 3940 4052 3944
f 3944 4052 3948
f 3948 4052 3952
f 3952 4052 3956
f 3956 4052 3960
f 3960 4052 3964
f 3964 4052 3968
f 3968 4052 3972
f 3972 4052 3976
f 3976 4052 3980
f 3980 4052 3984
f 3984 4052 3988
f 3988 4052 3992
f 3992 4052 3996
f 3996 4052 4000
f 4000 4052 4004
f 4004 4052 4008
f 4008 4052 4012
f 4012 4052 4016
f 4016 4052 4020
f 4020 4052 4024
f 4024 4052 4028
f 4028 4052 4032
f 4032 4052 4036
f 4036 4052 4040
f 4040 4052 4044
f 4044 4052 4048
f 4048 4052 4053
f 4053 4052 4057
f 4060 3934 3935
f 4058 3932 3933
f 4058 3934 4059
f 4057 4052 3932
f 4069 4081 4082
f 4066 4080 4067
f 4065 4077 4078
f 4063 4075 4076
f 4071 4085 4072
f 4069 4083 4070
f 4067 4081 4068
f 4066 4078 4079
f 4063 4077 4064
f 4061 4075 4062
f 4072 4086 4073
f 4071 4083 4084
f 4076 4090 4077
f 4074 4088 4075
f 4086 4098 4099
f 4083 4097 4084
f 4082 4094 4095
f 4079 4093 4080
f 4078 4090 4091
f 4076 4088 4089
f 4085 4097 4098
f 4082 4096 4083
f 4080 4094 4081
f 4079 4091 4092
f 4089 4103 4090
f 4088 4100 4101
f 4098 4112 4099
f 4096 4110 4097
f 4095 4107 4108
f 4092 4106 4093
f 4090 4104 4091
f 4089 4101 4102
f 4097 4111 4098
f 4095 4109 4096
f 4094 4106 4107
f 4092 4104 4105
f 4103 4115 4116
f 4100 4114 4101
f 4112 4124 4125
f 4110 4122 4123
f 4107 4121 4108
f 4105 4119 4106
f 4103 4117 4104
f 4101 4115 4102
f 4110 4124 4111
f 4109 4121 4122
f 4107 4119 4120
f 4105 4117 4118
f 4115 4129 4116
f 4114 4126 4127
f 4124 4138 4125
f 4123 4135 4136
f 4120 4134 4121
f 4119 4131 4132
f 4117 4129 4130
f 4114 4128 4115
f 4124 4136 4137
f 4122 4134 4135
f 4119 4133 4120
f 4117 4131 4118
f 4129 4141 4142
f 4126 4140 4127
f 4138 4150 4151
f 4136 4148 4149
f 4133 4147 4134
f 4131 4145 4132
f 4130 4142 4143
f 4127 4141 4128
f 4137 4149 4150
f 4135 4147 4148
f 4132 4146 4133
f 4131 4143 4144
f 4142 4154 4155
f 4140 4152 4153
f 4150 4164 4151
f 4149 4161 4162
f 4146 4160 4147
f 4144 4158 4145
f 4142 4156 4143
f 4140 4154 4141
f 4149 4163 4150
f 4148 4160 4161
f 4146 4158 4159
f 4144 4156 4157
f 4155 4167 4168
f 4153 4165 4166
f 4163 4177 4164
f 4161 4175 4162
f 4159 4173 4160
f 4158 4170 4171
f 4155 4169 4156
f 4153 4167 4154
f 4163 4175 4176
f 4161 4173 4174
f 4159 4171 4172
f 4156 4170 4157
f 4167 4181 4168
f 4165 4179 4166
f 4176 4190 4177
f 4175 4187 4188
f 4173 4185 4186
f 4170 4184 4171
f 4169 4181 4182
f 4167 4179 4180
f 4175 4189 4176
f 4173 4187 4174
f 4171 4185 4172
f 4170 4182 4183
f 4180 4194 4181
f 4178 4192 4179
f 4190 4202 4203
f 4187 4201 4188
f 4186 4198 4199
f 4183 4197 4184
f 4182 4194 4195
f 4180 4192 4193
f 4189 4201 4202
f 4186 4200 4187
f 4184 4198 4185
f 4183 4195 4196
f 4193 4207 4194
f 4192 4204 4205
f 4202 4216 4203
f 4200 4214 4201
f 4199 4211 4212
f 4196 4210 4197
f 4194 4208 4195
f 4193 4205 4206
f 4201 4215 4202
f 4199 4213 4200
f 4198 4210 4211
f 4196 4208 4209
f 4207 4219 4220
f 4204 4218 4205
f 4216 4228 4229
f 4213 4227 4214
f 4211 4225 4212
f 4209 4223 4210
f 4207 4221 4208
f 4205 4219 4206
f 4214 4228 4215
f 4213 4225 4226
f 4211 4223 4224
f 4209 4221 4222
f 4219 4233 4220
f 4218 4230 4231
f 4228 4242 4229
f 4226 4240 4227
f 4225 4237 4238
f 4223 4235 4236
f 4221 4233 4234
f 4218 4232 4219
f 4228 4240 4241
f 4226 4238 4239
f 4223 4237 4224
f 4221 4235 4222
f 4233 4245 4246
f 4230 4244 4231
f 4242 4254 4255
f 4240 4252 4253
f 4237 4251 4238
f 4235 4249 4236
f 4234 4246 4247
f 4231 4245 4232
f 4241 4253 4254
f 4239 4251 4252
f 4236 4250 4237
f 4235 4247 4248
f 4246 4258 4259
f 4244 4256 4257
f 4254 4268 4255
f 4253 4265 4266
f 4250 4264 4251
f 4248 4262 4249
f 4246 4260 4247
f 4244 4258 4245
f 4253 4267 4254
f 4252 4264 4265
f 4250 4262 4263
f 4248 4260 4261
f 4259 4271 4272
f 4257 4269 4270
f 4267 4281 4268
f 4265 4279 4266
f 4263 4277 4264
f 4262 4274 4275
f 4259 4273 4260
f 4257 4271 4258
f 4266 4280 4267
f 4265 4277 4278
f 4263 4275 4276
f 4260 4274 4261
f 4271 4285 4272
f 4269 4283 4270
f 4281 4293 4294
f 4279 4291 4292
f 4277 4289 4290
f 4274 4288 4275
f 4273 4285 4286
f 4271 4283 4284
f 4280 4292 4293
f 4277 4291 4278
f 4275 4289 4276
f 4274 4286 4287
f 4284 4298 4285
f 4282 4296 4283
f 4294 4306 4307
f 4291 4305 4292
f 4290 4302 4303
f 4287 4301 4288
f 4286 4298 4299
f 4284 4296 4297
f 4293 4305 4306
f 4290 4304 4291
f 4288 4302 4289
f 4287 4299 4300
f 4297 4311 4298
f 4296 4308 4309
f 4306 4320 4307
f 4304 4318 4305
f 4303 4315 4316
f 4300 4314 4301
f 4298 4312 4299
f 4297 4309 4310
f 4305 4319 4306
f 4304 4316 4317
f 4302 4314 4315
f 4300 4312 4313
f 4310 4324 4311
f 4308 4322 4309
f 4320 4332 4333
f 4318 4330 4331
f 4316 4328 4329
f 4313 4327 4314
f 4311 4325 4312
f 4310 4322 4323
f 4318 4332 4319
f 4316 4330 4317
f 4315 4327 4328
f 4312 4326 4313
f 4323 4337 4324
f 4322 4334 4335
f 4332 4346 4333
f 4330 4344 4331
f 4329 4341 4342
f 4327 4339 4340
f 4325 4337 4338
f 4322 4336 4323
f 4332 4344 4345
f 4330 4342 4343
f 4327 4341 4328
f 4325 4339 4326
f 4337 4350 4351
f 4334 4349 4335
f 4346 4359 4360
f 4344 4357 4358
f 4341 4356 4342
f 4340 4353 4354
f 4338 4351 4352
f 4335 4350 4336
f 4345 4358 4359
f 4343 4356 4357
f 4340 4355 4341
f 4338 4353 4339
f 4351 4363 4364
f 4349 4361 4362
f 4359 4373 4360
f 4358 4370 4371
f 4355 4369 4356
f 4354 4366 4367
f 4351 4365 4352
f 4349 4363 4350
f 4358 4372 4359
f 4357 4369 4370
f 4355 4367 4368
f 4352 4366 4353
f 4364 4376 4377
f 4362 4374 4375
f 4373 4385 4386
f 4370 4384 4371
f 4368 4382 4369
f 4367 4379 4380
f 4364 4378 4365
f 4362 4376 4363
f 4372 4384 4385
f 4370 4382 4383
f 4368 4380 4381
f 4365 4379 4366
f 4376 4390 4377
f 4374 4388 4375
f 4385 4399 4386
f 4384 4396 4397
f 4382 4394 4395
f 4379 4393 4380
f 4378 4390 4391
f 4376 4388 4389
f 4384 4398 4385
f 4382 4396 4383
f 4380 4394 4381
f 4379 4391 4392
f 4389 4403 4390
f 4387 4401 4388
f 4399 4411 4412
f 4396 4410 4397
f 4395 4407 4408
f 4393 4405 4406
f 4391 4403 4404
f 4389 4401 4402
f 4398 4410 4411
f 4395 4409 4396
f 4393 4407 4394
f 4391 4405 4392
f 4402 4416 4403
f 4401 4413 4414
f 4411 4425 4412
f 4409 4423 4410
f 4408 4420 4421
f 4406 4418 4419
f 4403 4417 4404
f 4402 4414 4415
f 4410 4424 4411
f 4408 4422 4409
f 4407 4419 4420
f 4404 4418 4405
f 4416 4428 4429
f 4413 4427 4414
f 4425 4437 4438
f 4423 4435 4436
f 4421 4433 4434
f 4418 4432 4419
f 4416 4430 4417
f 4415 4427 4428
f 4423 4437 4424
f 4421 4435 4422
f 4420 4432 4433
f 4418 4430 4431
f 4428 4442 4429
f 4426 4440 4427
f 4437 4451 4438
f 4435 4449 4436
f 4434 4446 4447
f 4432 4444 4445
f 4430 4442 4443
f 4427 4441 4428
f 4437 4449 4450
f 4435 4447 4448
f 4432 4446 4433
f 4430 4444 4431
f 4442 4454 4455
f 4439 4453 4440
f 4451 4463 4464
f 4449 4461 4462
f 4446 4460 4447
f 4444 4458 4445
f 4443 4455 4456
f 4440 4454 4441
f 4450 4462 4463
f 4447 4461 4448
f 4445 4459 4446
f 4444 4456 4457
f 4455 4467 4468
f 4453 4465 4466
f 4463 4477 4464
f 4462 4474 4475
f 4459 4473 4460
f 4457 4471 4458
f 4455 4469 4456
f 4453 4467 4454
f 4462 4476 4463
f 4461 4473 4474
f 4459 4471 4472
f 4457 4469 4470
f 4347 4073 4086
f 4347 4086 4099
f 4347 4099 4112
f 4347 4112 4125
f 4347 4125 4138
f 4347 4138 4151
f 4347 4151 4164
f 4347 4164 4177
f 4347 4177 4190
f 4347 4190 4203
f 4347 4203 4216
f 4347 4216 4229
f 4347 4229 4242
f 4347 4242 4255
f 4347 4255 4268
f 4347 4268 4281
f 4347 4281 4294
f 4347 4294 4307
f 4347 4307 4320
f 4347 4320 4333
f 4347 4333 4346
f 4347 4346 4360
f 4347 4360 4373
f 4347 4373 4386
f 4347 4386 4399
f 4347 4399 4412
f 4347 4412 4425
f 4347 4425 4438
f 4347 4438 4451
f 4347 4451 4464
f 4347 4464 4477
f 4468 4063 4064
f 4466 4061 4062
f 4477 4072 4073
f 4474 4071 4475
f 4472 4069 4473
f 4471 4066 4067
f 4468 4065 4469
f 4466 4063 4467
f 4347 4477 4073
f 4476 4071 4072
f 4474 4069 4070
f 4472 4067 4068
f 4469 4066 4470
f 3935 4465 4060
f 4465 4056 4060
f 4452 4051 4056
f 4439 4047 4051
f 4047 4413 4043
f 4043 4400 4039
f 4039 4387 4035
f 4387 4031 4035
f 4031 4361 4027
f 4361 4023 4027
f 4348 4019 4023
f 4334 4015 4019
f 4015 4308 4011
f 4011 4295 4007
f 4007 4282 4003
f 4282 3999 4003
f 3999 4256 3995
f 4256 3991 3995
f 4243 3987 3991
f 4230 3983 3987
f 3983 4204 3979
f 3979 4191 3975
f 3975 4178 3971
f 4178 3967 3971
f 3967 4152 3963
f 4152 3959 3963
f 4139 3955 3959
f 4126 3951 3955
f 3951 4100 3947
f 3947 4087 3943
f 3943 4074 3939
f 4074 3935 3939
f 4480 4483 4484
f 4480 4485 4481
f 4479 4482 4483
f 4484 4489 4485
f 4482 4487 4483
f 4483 4488 4484
f 4488 4493 4489
f 4487 4490 4491
f 4488 4491 4492
f 4493 4496 4497
f 4490 4495 4491
f 4491 4496 4492
f 4496 4501 4497
f 4495 4498 4499
f 4496 4499 4500
f 4501 4504 4505
f 4498 4503 4499
f 4499 4504 4500
f 4505 4508 4509
f 4503 4506 4507
f 4504 4507 4508
f 4509 4512 4513
f 4506 4511 4507
f 4507 4512 4508
f 4513 4516 4517
f 4511 4514 4515
f 4512 4515 4516
f 4516 4521 4517
f 4514 4519 4515
f 4515 4520 4516
f 4520 4525 4521
f 4518 4523 4519
f 4520 4523 4524
f 4525 4528 4529
f 4522 4527 4523
f 4523 4528 4524
f 4528 4533 4529
f 4527 4530 4531
f 4528 4531 4532
f 4533 4536 4537
f 4530 4535 4531
f 4531 4536 4532
f 4537 4540 4541
f 4534 4539 4535
f 4536 4539 4540
f 4541 4544 4545
f 4539 4542 4543
f 4539 4544 4540
f 4544 4549 4545
f 4542 4547 4543
f 4544 4547 4548
f 4548 4553 4549
f 4547 4550 4551
f 4547 4552 4548
f 4552 4557 4553
f 4551 4554 4555
f 4552 4555 4556
f 4557 4560 4561
f 4554 4559 4555
f 4555 4560 4556
f 4560 4565 4561
f 4559 4562 4563
f 4560 4563 4564
f 4565 4568 4569
f 4562 4567 4563
f 4563 4568 4564
f 4569 4572 4573
f 4567 4570 4571
f 4568 4571 4572
f 4572 4577 4573
f 4570 4575 4571
f 4571 4576 4572
f 4576 4581 4577
f 4575 4578 4579
f 4576 4579 4580
f 4580 4585 4581
f 4578 4583 4579
f 4579 4584 4580
f 4584 4589 4585
f 4583 4586 4587
f 4584 4587 4588
f 4589 4592 4593
f 4586 4591 4587
f 4587 4592 4588
f 4592 4597 4593
f 4591 4594 4595
f 4592 4595 4596
f 4597 4601 4602
f 4594 4600 4595
f 4595 4601 4596
f 4602 4605 4606
f 4600 4603 4604
f 4601 4604 4605
f 4478 4598 4482
f 4482 4598 4486
f 4486 4598 4490
f 4490 4598 4494
f 4494 4598 4498
f 4498 4598 4502
f 4502 4598 4506
f 4506 4598 4510
f 4510 4598 4514
f 4514 4598 4518
f 4518 4598 4522
f 4522 4598 4526
f 4526 4598 4530
f 4530 4598 4534
f 4534 4598 4538
f 4538 4598 4542
f 4542 4598 4546
f 4546 4598 4550
f 4550 4598 4554
f 4554 4598 4558
f 4558 4598 4562
f 4562 4598 4566
f 4566 4598 4570
f 4570 4598 4574
f 4574 4598 4578
f 4578 4598 4582
f 4582 4598 4586
f 4586 4598 4590
f 4590 4598 4594
f 4594 4598 4599
f 4599 4598 4603
f 4606 4480 4481
f 4603 4479 4604
f 4604 4480 4605
f 4603 4598 4478
f 4615 4627 4628
f 4612 4626 4613
f 4611 4623 4624
f 4609 4621 4622
f 4618 4630 4631
f 4615 4629 4616
f 4613 4627 4614
f 4612 4624 4625
f 4609 4623 4610
f 4607 4621 4608
f 4619 4631 4632
f 4617 4629 4630
f 4622 4636 4623
f 4620 4634 4621
f 4632 4644 4645
f 4629 4643 4630
f 4628 4640 4641
f 4626 4638 4639
f 4624 4636 4637
f 4622 4634 4635
f 4631 4643 4644
f 4628 4642 4629
f 4626 4640 4627
f 4624 4638 4625
f 4635 4649 4636
f 4634 4646 4647
f 4644 4658 4645
f 4642 4656 4643
f 4641 4653 4654
f 4639 4651 4652
f 4636 4650 4637
f 4635 4647 4648
f 4643 4657 4644
f 4642 4654 4655
f 4640 4652 4653
f 4637 4651 4638
f 4648 4662 4649
f 4646 4660 4647
f 4658 4670 4671
f 4656 4668 4669
f 4653 4667 4654
f 4651 4665 4652
f 4649 4663 4650
f 4648 4660 4661
f 4656 4670 4657
f 4654 4668 4655
f 4653 4665 4666
f 4651 4663 4664
f 4661 4675 4662
f 4660 4672 4673
f 4670 4684 4671
f 4668 4682 4669
f 4667 4679 4680
f 4665 4677 4678
f 4663 4675 4676
f 4661 4673 4674
f 4670 4682 4683
f 4667 4681 4668
f 4665 4679 4666
f 4663 4677 4664
f 4675 4687 4688
f 4672 4686 4673
f 4684 4696 4697
f 4682 4694 4695
f 4679 4693 4680
f 4678 4690 4691
f 4676 4688 4689
f 4673 4687 4674
f 4683 4695 4696
f 4681 4693 4694
f 4678 4692 4679
f 4676 4690 4677
f 4688 4700 4701
f 4686 4698 4699
f 4696 4710 4697
f 4695 4707 4708
f 4692 4706 4693
f 4691 4703 4704
f 4688 4702 4689
f 4686 4700 4687
f 4695 4709 4696
f 4694 4706 4707
f 4692 4704 4705
f 4689 4703 4690
f 4701 4713 4714
f 4699 4711 4712
f 4710 4722 4723
f 4707 4721 4708
f 4705 4719 4706
f 4704 4716 4717
f 4701 4715 4702
f 4699 4713 4700
f 4709 4721 4722
f 4707 4719 4720
f 4705 4717 4718
f 4702 4716 4703
f 4713 4727 4714
f 4711 4725 4712
f 4723 4735 4736
f 4721 4733 4734
f 4719 4731 4732
f 4716 4730 4717
f 4715 4727 4728
f 4713 4725 4726
f 4721 4735 4722
f 4719 4733 4720
f 4717 4731 4718
f 4716 4728 4729
f 4726 4740 4727
f 4724 4738 4725
f 4736 4748 4749
f 4733 4747 4734
f 4732 4744 4745
f 4730 4742 4743
f 4728 4740 4741
f 4726 4738 4739
f 4735 4747 4748
f 4732 4746 4733
f 4730 4744 4731
f 4728 4742 4729
f 4739 4753 4740
f 4738 4750 4751
f 4748 4762 4749
f 4746 4760 4747
f 4745 4757 4758
f 4743 4755 4756
f 4740 4754 4741
f 4739 4751 4752
f 4747 4761 4748
f 4745 4759 4746
f 4744 4756 4757
f 4741 4755 4742
f 4753 4765 4766
f 4750 4764 4751
f 4762 4774 4775
f 4759 4773 4760
f 4758 4770 4771
f 4755 4769 4756
f 4753 4767 4754
f 4752 4764 4765
f 4760 4774 4761
f 4758 4772 4759
f 4757 4769 4770
f 4755 4767 4768
f 4765 4779 4766
f 4764 4776 4777
f 4774 4788 4775
f 4772 4786 4773
f 4771 4783 4784
f 4769 4781 4782
f 4767 4779 4780
f 4765 4777 4778
f 4774 4786 4787
f 4771 4785 4772
f 4769 4783 4770
f 4767 4781 4768
f 4779 4791 4792
f 4776 4790 4777
f 4788 4800 4801
f 4786 4798 4799
f 4783 4797 4784
f 4782 4794 4795
f 4780 4792 4793
f 4777 4791 4778
f 4787 4799 4800
f 4785 4797 4798
f 4782 4796 4783
f 4780 4794 4781
f 4792 4804 4805
f 4790 4802 4803
f 4800 4814 4801
f 4799 4811 4812
f 4796 4810 4797
f 4795 4807 4808
f 4792 4806 4793
f 4790 4804 4791
f 4799 4813 4800
f 4798 4810 4811
f 4796 4808 4809
f 4793 4807 4794
f 4805 4817 4818
f 4803 4815 4816
f 4814 4826 4827
f 4811 4825 4812
f 4809 4823 4810
f 4808 4820 4821
f 4805 4819 4806
f 4803 4817 4804
f 4813 4825 4826
f 4811 4823 4824
f 4809 4821 4822
f 4806 4820 4807
f 4817 4831 4818
f 4815 4829 4816
f 4826 4840 4827
f 4825 4837 4838
f 4823 4835 4836
f 4820 4834 4821
f 4819 4831 4832
f 4817 4829 4830
f 4825 4839 4826
f 4823 4837 4824
f 4821 4835 4822
f 4820 4832 4833
f 4830 4844 4831
f 4828 4842 4829
f 4840 4852 4853
f 4837 4851 4838
f 4836 4848 4849
f 4834 4846 4847
f 4832 4844 4845
f 4830 4842 4843
f 4839 4851 4852
f 4836 4850 4837
f 4834 4848 4835
f 4832 4846 4833
f 4843 4857 4844
f 4842 4854 4855
f 4852 4866 4853
f 4850 4864 4851
f 4849 4861 4862
f 4847 4859 4860
f 4844 4858 4845
f 4843 4855 4856
f 4851 4865 4852
f 4849 4863 4850
f 4848 4860 4861
f 4845 4859 4846
f 4857 4869 4870
f 4855 4867 4868
f 4866 4878 4879
f 4864 4876 4877
f 4862 4874 4875
f 4859 4873 4860
f 4857 4871 4858
f 4856 4868 4869
f 4864 4878 4865
f 4862 4876 4863
f 4861 4873 4874
f 4859 4871 4872
f 4869 4883 4870
f 4868 4880 4881
f 4878 4892 4879
f 4877 4889 4890
f 4874 4888 4875
f 4873 4885 4886
f 4871 4883 4884
f 4868 4882 4869
f 4878 4890 4891
f 4876 4888 4889
f 4873 4887 4874
f 4871 4885 4872
f 4883 4896 4897
f 4880 4895 4881
f 4892 4905 4906
f 4890 4903 4904
f 4887 4902 4888
f 4885 4900 4886
f 4884 4897 4898
f 4881 4896 4882
f 4891 4904 4905
f 4889 4902 4903
f 4886 4901 4887
f 4885 4898 4899
f 4897 4909 4910
f 4895 4907 4908
f 4905 4919 4906
f 4904 4916 4917
f 4901 4915 4902
f 4899 4913 4900
f 4897 4911 4898
f 4895 4909 4896
f 4904 4918 4905
f 4903 4915 4916
f 4901 4913 4914
f 4899 4911 4912
f 4910 4922 4923
f 4908 4920 4921
f 4919 4931 4932
f 4916 4930 4917
f 4914 4928 4915
f 4913 4925 4926
f 4910 4924 4911
f 4908 4922 4909
f 4918 4930 4931
f 4916 4928 4929
f 4914 4926 4927
f 4911 4925 4912
f 4922 4936 4923
f 4920 4934 4921
f 4931 4945 4932
f 4930 4942 4943
f 4928 4940 4941
f 4925 4939 4926
f 4924 4936 4937
f 4922 4934 4935
f 4930 4944 4931
f 4928 4942 4929
f 4926 4940 4927
f 4925 4937 4938
f 4935 4949 4936
f 4933 4947 4934
f 4945 4957 4958
f 4942 4956 4943
f 4941 4953 4954
f 4938 4952 4939
f 4937 4949 4950
f 4935 4947 4948
f 4944 4956 4957
f 4941 4955 4942
f 4939 4953 4940
f 4938 4950 4951
f 4948 4962 4949
f 4947 4959 4960
f 4957 4971 4958
f 4955 4969 4956
f 4954 4966 4967
f 4951 4965 4952
f 4949 4963 4950
f 4948 4960 4961
f 4956 4970 4957
f 4954 4968 4955
f 4953 4965 4966
f 4951 4963 4964
f 4962 4974 4975
f 4959 4973 4960
f 4971 4983 4984
f 4968 4982 4969
f 4966 4980 4967
f 4964 4978 4965
f 4962 4976 4963
f 4960 4974 4961
f 4969 4983 4970
f 4967 4981 4968
f 4966 4978 4979
f 4964 4976 4977
f 4975 4987 4988
f 4973 4985 4986
f 4983 4997 4984
f 4981 4995 4982
f 4979 4993 4980
f 4978 4990 4991
f 4976 4988 4989
f 4973 4987 4974
f 4983 4995 4996
f 4981 4993 4994
f 4978 4992 4979
f 4976 4990 4977
f 4988 5000 5001
f 4985 4999 4986
f 4997 5009 5010
f 4995 5007 5008
f 4992 5006 4993
f 4991 5003 5004
f 4989 5001 5002
f 4986 5000 4987
f 4996 5008 5009
f 4994 5006 5007
f 4991 5005 4992
f 4989 5003 4990
f 5001 5013 5014
f 4999 5011 5012
f 5009 5023 5010
f 5008 5020 5021
f 5005 5019 5006
f 5004 5016 5017
f 5001 5015 5002
f 4999 5013 5000
f 5008 5022 5009
f 5007 5019 5020
f 5005 5017 5018
f 5002 5016 5003
f 4893 4619 4632
f 4893 4632 4645
f 4893 4645 4658
f 4893 4658 4671
f 4893 4671 4684
f 4893 4684 4697
f 4893 4697 4710
f 4893 4710 4723
f 4893 4723 4736
f 4893 4736 4749
f 4893 4749 4762
f 4893 4762 4775
f 4893 4775 4788
f 4893 4788 4801
f 4893 4801 4814
f 4893 4814 4827
f 4893 4827 4840
f 4893 4840 4853
f 4893 4853 4866
f 4893 4866 4879
f 4893 4879 4892
f 4893 4892 4906
f 4893 4906 4919
f 4893 4919 4932
f 4893 4932 4945
f 4893 4945 4958
f 4893 4958 4971
f 4893 4971 4984
f 4893 4984 4997
f 4893 4997 5010
f 4893 5010 5023
f 5014 4609 4610
f 5012 4607 4608
f 5022 4619 5023
f 5020 4617 5021
f 5018 4615 5019
f 5017 4612 4613
f 5014 4611 5015
f 5012 4609 5013
f 4893 5023 4619
f 5021 4618 5022
f 5020 4615 4616
f 5018 4613 4614
f 5015 4612 5016
f 4481 5011 4606
f 5011 4602 4606
f 4998 4597 4602
f 4985 4593 4597
f 4593 4959 4589
f 4589 4946 4585
f 4585 4933 4581
f 4933 4577 4581
f 4577 4907 4573
f 4907 4569 4573
f 4894 4565 4569
f 4880 4561 4565
f 4561 4854 4557
f 4557 4841 4553
f 4553 4828 4549
f 4828 4545 4549
f 4545 4802 4541
f 4802 4537 4541
f 4789 4533 4537
f 4776 4529 4533
f 4529 4750 4525
f 4525 4737 4521
f 4521 4724 4517
f 4724 4513 4517
f 4513 4698 4509
f 4698 4505 4509
f 4685 4501 4505
f 4672 4497 4501
f 4497 4646 4493
f 4493 4633 4489
f 4489 4620 4485
f 4620 4481 4485
f 4 3 2
f 8 7 6
f 13 16 15
f 17 28 19
f 32 31 30
f 36 35 34
f 37 40 39
f 21 22 23
f 25 26 27
f 41 44 43
f 48 47 46
f 52 51 50
f 53 56 55
f 60 59 58
f 29 30 62
f 66 65 64
f 67 5 6
f 72 71 70
f 76 75 74
f 77 80 79
f 81 84 83
f 59 87 86
f 88 91 90
f 96 95 94
f 100 99 98
f 101 104 103
f 106 105 34
f 108 116 115
f 117 119 36
f 124 127 126
f 131 130 129
f 132 102 134
f 142 141 140
f 148 106 60
f 144 143 127
f 149 152 151
f 156 155 154
f 159 150 158
f 116 108 164
f 171 170 169
f 174 126 173
f 179 182 181
f 186 189 188
f 194 197 196
f 199 142 139
f 206 209 208
f 213 212 211
f 202 215 214
f 96 93 216
f 92 238 43
f 97 184 246
f 250 249 229
f 252 254 58
f 258 257 256
f 260 91 229
f 110 111 112
f 114 264 263
f 265 268 267
f 56 53 270
f 274 273 249
f 185 183 63
f 280 279 278
f 285 284 283
f 288 219 211
f 141 142 92
f 289 290 175
f 148 116 105
f 312 311 170
f 238 262 42
f 318 163 160
f 310 309 308
f 241 239 325
f 160 230 240
f 47 48 307
f 108 109 315
f 345 85 86
f 348 351 350
f 356 359 358
f 355 354 353
f 363 31 32
f 364 252 253
f 366 125 368
f 183 372 371
f 163 162 161
f 209 226 101
f 378 377 165
f 379 295 381
f 383 382 3
f 284 285 386
f 387 127 389
f 391 259 229
f 73 281 397
f 405 408 407
f 203 218 411
f 414 121 413
f 1 356 357
f 277 276 131
f 254 344 57
f 358 384 415
f 417 416 386
f 401 400 192
f 419 389 127
f 421 181 182
f 103 301 302
f 428 367 368
f 380 390 359
f 62 204 266
f 140 141 431
f 357 358 351
f 356 1 379
f 415 392 403
f 437 428 436
f 438 441 440
f 188 451 450
f 265 455 181
f 224 185 64
f 237 212 213
f 275 131 128
f 281 282 460
f 50 462 79
f 73 74 282
f 468 467 466
f 390 355 352
f 482 485 484
f 489 488 487
f 493 496 495
f 472 471 470
f 502 501 500
f 220 221 222
f 512 419 143
f 518 517 511
f 513 239 230
f 205 30 31
f 189 370 451
f 163 318 532
f 533 224 225
f 446 448 447
f 335 541 540
f 544 512 546
f 329 519 291
f 199 534 262
f 385 386 416
f 532 190 191
f 363 117 118
f 578 581 580
f 573 572 571
f 561 563 562
f 241 260 259
f 590 593 592
f 545 546 595
f 503 154 155
f 606 625 624
f 478 481 480
f 646 649 648
f 590 591 689
f 564 565 651
f 728 246 184
f 714 724 716
f 692 574 575
f 541 335 581
f 346 68 248
f 161 231 230
f 128 129 94
f 698 705 704
f 574 577 576
f 290 289 401
f 630 631 725
f 733 736 735
f 755 466 496
f 759 480 481
f 757 763 762
f 764 496 466
f 768 767 3808
f 759 760 488
f 492 474 475
f 474 770 769
f 773 468 465
f 771 774 486
f 484 485 775
f 774 776 489
f 495 496 764
f 495 757 761
f 137 397 784
f 325 239 797
f 165 519 51
f 369 32 29
f 730 731 568
f 90 302 301
f 243 118 516
f 800 734 806
f 817 815 808
f 816 808 823
f 306 303 447
f 815 810 809
f 829 830 828
f 726 725 501
f 274 427 424
f 879 882 881
f 884 883 879
f 219 218 217
f 906 905 904
f 455 204 205
f 898 882 830
f 903 900 880
f 377 291 519
f 923 949 948
f 946 947 951
f 3519 740 739
f 900 899 886
f 225 64 65
f 182 445 442
f 809 952 947
f 954 960 962
f 927 950 965
f 885 879 880
f 925 927 966
f 343 342 341
f 965 964 971
f 968 971 970
f 972 968 969
f 963 961 981
f 336 337 338
f 992 993 827
f 810 815 996
f 1007 1001 1002
f 1012 826 827
f 1011 1009 1007
f 294 293 292
f 907 908 920
f 1017 579 1019
f 1020 1023 1022
f 1035 1024 1020
f 1061 1060 1047
f 1063 1061 1046
f 1044 1020 1021
f 1102 1094 1097
f 1116 1126 1118
f 1016 1015 1014
f 881 897 904
f 816 1116 1127
f 1094 948 949
f 514 342 167
f 146 145 81
f 1133 1135 1130
f 1102 1133 1126
f 822 1126 1116
f 1145 1143 1148
f 1076 1144 1151
f 1148 1143 1086
f 1109 1097 1114
f 1154 1153 1156
f 1153 925 967
f 3464 3497 463
f 1144 1147 1152
f 1156 967 1163
f 1164 1162 1169
f 1145 1171 1176
f 1114 1115 1154
f 1183 1155 1164
f 1184 1183 1177
f 1069 1151 1062
f 1023 1191 1194
f 1162 1163 1170
f 1195 1184 1185
f 1183 1196 1176
f 1201 1063 1152
f 1061 1063 1201
f 3825 847 843
f 1203 1202 1195
f 1202 1201 1184
f 1218 1060 1203
f 1060 1061 1202
f 1225 1218 1217
f 671 695 694
f 1219 1217 1024
f 1217 1203 1034
f 1226 1014 1015
f 1243 1242 1234
f 1231 1230 1229
f 847 1243 1233
f 843 1233 1244
f 1233 1234 1245
f 1923 3761 233
f 2100 2108 499
f 3914 3864 2135
f 61 62 323
f 210 211 217
f 1299 1310 1309
f 3863 1230 1231
f 1066 1047 1321
f 1322 1321 1228
f 1060 1218 1321
f 1325 1324 1323
f 1244 1245 1332
f 1290 1234 1242
f 1337 1330 1339
f 1330 1332 1340
f 1341 1332 1245
f 1342 1340 1332
f 1343 1342 1341
f 1344 1341 1294
f 3857 3856 1345
f 1347 1348 1342
f 3856 3854 1295
f 1349 1350 1348
f 3861 1349 1347
f 3853 1347 1343
f 906 898 829
f 905 906 1353
f 865 1356 1355
f 1355 1353 829
f 1357 1355 825
f 1356 1354 1353
f 3834 1337 1338
f 866 1358 1356
f 1358 1359 1354
f 3828 878 1337
f 838 1362 1012
f 1363 1364 1338
f 1368 1363 1339
f 1348 1368 1340
f 1371 1369 3824
f 524 525 526
f 528 529 530
f 1372 1370 1369
f 535 536 537
f 1367 1368 1348
f 1370 1354 1359
f 1369 1359 3833
f 1373 910 903
f 555 556 557
f 1374 909 910
f 1373 904 905
f 1374 1373 1375
f 1375 905 1354
f 1378 920 908
f 376 373 651
f 1388 928 973
f 586 587 588
f 1390 1389 1388
f 1391 1388 969
f 597 598 599
f 600 601 602
f 1392 1391 970
f 608 609 610
f 612 524 523
f 614 615 616
f 617 618 25
f 620 621 622
f 1397 1390 1391
f 1398 1397 1392
f 1400 987 920
f 1402 1403 1165
f 636 637 638
f 930 1404 1402
f 641 642 643
f 929 1402 1169
f 1404 1405 1403
f 1411 1366 1365
f 1412 1406 1415
f 652 653 654
f 609 656 657
f 659 660 661
f 558 663 586
f 665 666 667
f 1413 1411 1406
f 1418 1416 3810
f 1417 1372 1371
f 1416 1371 3829
f 1419 1417 1416
f 1386 909 1374
f 677 678 679
f 1385 1386 1420
f 1420 1374 1376
f 685 686 687
f 1421 1420 1422
f 528 690 691
f 1422 1376 1372
f 1018 1019 747
f 699 700 701
f 1424 578 579
f 3663 1597 1767
f 700 699 711
f 1093 3746 3754
f 717 718 530
f 721 722 723
f 704 1650 3543
f 19 1429 1426
f 1429 1428 1427
f 1658 1659 3542
f 1439 1437 1434
f 1437 1436 1435
f 1426 1427 1433
f 1442 1431 1432
f 742 743 744
f 1432 1433 1441
f 751 752 753
f 1438 1434 1403
f 1446 1445 1444
f 1447 1448 1446
f 3860 1447 1443
f 1415 1367 1445
f 1414 1415 1446
f 2173 1683 469
f 777 778 779
f 780 781 782
f 1676 1693 1806
f 3859 1451 1349
f 789 790 791
f 745 792 793
f 652 794 795
f 1455 1458 1457
f 1454 1367 1350
f 610 691 802
f 3831 3816 698
f 1352 1044 1045
f 1015 1016 1459
f 811 812 813
f 2118 3815 3817
f 819 820 821
f 1466 1463 1194
f 1467 1468 1465
f 1182 1165 1468
f 832 812 833
f 835 836 837
f 1467 1466 1190
f 1469 1470 1444
f 840 700 712
f 1453 1470 1469
f 599 844 845
f 1226 1450 3849
f 851 852 853
f 855 744 856
f 858 859 860
f 861 862 863
f 1014 1226 3855
f 867 676 868
f 870 871 872
f 874 875 876
f 1310 1323 1471
f 1476 1433 1427
f 1461 1476 1475
f 887 888 889
f 788 791 892
f 894 895 896
f 1460 1475 1227
f 901 902 524
f 1465 1478 1477
f 1865 3503 3500
f 911 912 913
f 916 917 918
f 1850 3505 3507
f 921 922 895
f 1479 1435 1436
f 926 664 667
f 1481 562 563
f 269 1483 84
f 931 932 933
f 934 935 614
f 936 685 688
f 938 659 662
f 1484 270 122
f 941 942 835
f 320 321 509
f 1849 3510 3505
f 84 1483 1484
f 1487 1490 1488
f 1757 1758 3502
f 365 1492 1491
f 461 79 80
f 117 363 362
f 1494 540 541
f 926 601 957
f 1477 1441 1433
f 1709 1588 1585
f 119 117 1496
f 271 1497 504
f 511 517 189
f 345 1496 1492
f 57 344 299
f 1501 1499 268
f 267 268 1499
f 974 975 976
f 1678 1652 1693
f 3846 1682 1807
f 557 982 663
f 983 941 984
f 1443 1444 3849
f 421 1500 268
f 989 990 991
f 1490 1487 418
f 279 280 309
f 997 868 676
f 998 26 999
f 1504 418 38
f 1506 1508 1507
f 360 361 1508
f 1506 1486 207
f 939 1005 1006
f 270 1484 1483
f 66 63 546
f 1010 742 793
f 367 428 437
f 244 31 363
f 1670 3532 3534
f 209 206 1510
f 388 389 426
f 427 274 250
f 161 520 521
f 100 246 45
f 1025 1026 608
f 1029 1030 1031
f 939 662 1033
f 41 42 594
f 1036 780 783
f 702 701 1038
f 1040 1041 1042
f 362 32 369
f 187 1520 477
f 70 1487 539
f 1049 600 603
f 613 867 869
f 860 1050 1051
f 1005 1052 1053
f 753 1055 1056
f 1057 1058 1059
f 293 288 1522
f 288 212 1521
f 292 1522 1523
f 331 1507 1508
f 306 452 453
f 100 44 41
f 462 1524 78
f 330 331 1524
f 635 1067 1068
f 1485 1527 1526
f 206 1485 1528
f 1070 1071 1072
f 942 941 1073
f 916 933 1075
f 440 1529 1530
f 157 158 1514
f 1529 162 5
f 371 595 546
f 790 586 663
f 1077 858 857
f 1403 1434 1435
f 1080 1081 1082
f 531 520 1529
f 21 1083 1084
f 272 1532 1531
f 690 712 802
f 335 3571 3567
f 1090 1030 1029
f 1092 795 794
f 1533 396 137
f 661 660 1095
f 69 444 445
f 1099 1100 1101
f 38 39 1536
f 1104 1105 1106
f 852 1107 1108
f 1377 908 909
f 291 377 411
f 316 1536 516
f 539 1488 1533
f 1505 1536 316
f 1110 1111 1112
f 1539 1537 460
f 522 441 1537
f 834 837 1120
f 1122 1123 1124
f 612 1125 1041
f 935 793 615
f 276 278 130
f 1686 3549 3522
f 193 190 1541
f 231 521 1540
f 556 1037 982
f 365 253 85
f 190 532 318
f 1810 765 3574
f 3924 1867 3512
f 1132 983 985
f 208 101 102
f 1134 1033 662
f 1491 518 80
f 429 133 1542
f 1137 1138 915
f 172 436 428
f 1139 1140 1141
f 549 96 54
f 1517 1519 1518
f 834 1119 984
f 1543 513 286
f 1544 797 239
f 133 134 1544
f 506 361 257
f 420 327 328
f 1158 1159 1160
f 587 1104 1103
f 607 1161 1027
f 304 1546 1545
f 364 1491 77
f 69 70 198
f 700 840 1112
f 3877 626 3525
f 1166 719 657
f 1167 1168 858
f 1300 3523 3524
f 1172 1173 1174
f 218 203 200
f 1179 1180 1181
f 372 183 97
f 89 104 227
f 1186 1187 1188
f 172 173 1517
f 1482 84 81
f 1090 1192 1193
f 394 395 353
f 526 525 1198
f 1199 1200 1026
f 606 623 697
f 1204 1205 1206
f 1207 1208 523
f 1209 1210 867
f 914 913 685
f 1478 1436 1441
f 1029 1028 1161
f 1211 1212 1213
f 3858 1453 1451
f 844 1215 1216
f 423 193 273
f 1220 1221 1222
f 22 1223 1224
f 882 898 897
f 1519 1517 173
f 1189 1188 1232
f 349 350 550
f 1071 1235 1236
f 1237 1238 1239
f 1221 1186 1189
f 1510 1528 1512
f 939 1032 1241
f 1556 1530 5
f 1553 1554 394
f 404 1556 67
f 1247 1248 1249
f 142 199 238
f 1251 1067 635
f 850 1252 1253
f 1254 1167 1077
f 57 132 133
f 443 430 552
f 1187 1172 1175
f 1256 1070 831
f 432 405 382
f 741 748 747
f 434 350 351
f 349 432 383
f 251 124 1481
f 395 384 352
f 1518 1519 1550
f 1558 410 378
f 109 263 314
f 285 1514 1513
f 395 394 393
f 202 203 410
f 417 408 405
f 1246 1257 1258
f 3 1559 297
f 1259 1260 1261
f 403 404 347
f 955 954 953
f 462 50 51
f 1096 1095 687
f 429 147 60
f 896 1264 1265
f 1267 721 1268
f 423 424 327
f 37 179 180
f 20 23 1187
f 1256 1168 1071
f 1188 1175 1269
f 1236 1270 1271
f 1272 536 535
f 565 564 463
f 1273 792 745
f 876 1254 1255
f 316 33 164
f 437 1516 503
f 194 1494 1495
f 1275 1276 864
f 624 625 631
f 1277 1274 1137
f 569 568 567
f 1481 124 125
f 324 325 547
f 1279 1108 1107
f 1525 332 329
f 1281 1278 1137
f 171 168 1553
f 1488 73 396
f 1557 1561 1562
f 1282 856 1206
f 1053 1277 1278
f 778 777 607
f 713 583 3566
f 251 225 144
f 4 357 348
f 709 708 707
f 728 48 45
f 261 135 1563
f 789 1286 1287
f 74 314 263
f 403 284 385
f 1178 1181 1240
f 1223 1259 1289
f 1220 20 1186
f 296 1518 354
f 784 459 1538
f 1181 1180 1291
f 1269 1292 1257
f 1566 1538 438
f 136 784 1566
f 1563 1564 169
f 107 114 109
f 1297 1282 1298
f 1464 1477 1476
f 1520 187 507
f 1301 1302 1303
f 1306 1307 1308
f 175 456 1532
f 1532 456 200
f 1311 1266 1312
f 872 1314 1315
f 3836 843 878
f 1305 1308 864
f 1040 1275 863
f 1564 1566 399
f 592 1576 1575
f 591 1575 1088
f 1581 1584 1583
f 1196 1152 1147
f 710 582 583
f 285 407 408
f 953 954 961
f 1594 1592 1589
f 1585 1588 1587
f 1592 1591 1590
f 3885 945 944
f 1600 1599 1598
f 1604 1603 1602
f 1399 1392 979
f 1589 1590 1596
f 1610 1609 1608
f 298 257 361
f 551 552 276
f 1627 1626 3814
f 859 811 818
f 1078 857 1328
f 1555 439 1530
f 572 573 680
f 772 465 776
f 977 1281 918
f 404 403 392
f 1054 1331 750
f 1644 1645 1643
f 932 1265 1082
f 1067 1333 1334
f 1540 1539 264
f 597 1335 643
f 471 761 762
f 1642 696 3831
f 1644 1642 3842
f 923 946 950
f 96 549 548
f 520 531 522
f 445 444 443
f 849 839 848
f 480 759 755
f 1646 760 481
f 311 426 1567
f 464 463 3497
f 3497 1360 1361
f 234 237 236
f 190 193 192
f 153 154 152
f 231 287 286
f 1552 1553 1551
f 760 1646 1648
f 3832 1647 1649
f 828 827 826
f 52 167 166
f 1663 1662 1661
f 287 107 115
f 668 671 670
f 634 645 640
f 553 560 559
f 118 36 33
f 492 484 491
f 3552 1652 1651
f 582 589 584
f 384 395 392
f 1381 1382 1383
f 1562 1561 435
f 952 953 951
f 3529 3566 583
f 1660 1661 1667
f 1394 1395 1396
f 1660 1665 1664
f 1671 1670 1669
f 1624 1625 1673
f 1407 1408 1409
f 1677 1676 1675
f 1613 1679 1677
f 1679 1678 1676
f 1626 1681 3811
f 534 199 198
f 803 733 734
f 400 248 191
f 65 66 143
f 3526 1657 1656
f 402 159 157
f 629 628 627
f 461 477 49
f 758 757 495
f 796 787 786
f 406 407 1513
f 342 343 166
f 1694 1659 1658
f 1692 1687 1694
f 3557 1693 1652
f 3921 1704 1703
f 326 547 302
f 3916 3921 1702
f 3919 3918 1698
f 1699 1691 3927
f 1557 406 1560
f 1127 1116 1117
f 400 401 289
f 1706 1702 1707
f 1707 1702 1599
f 1709 1706 1708
f 1714 1712 1711
f 3919 3915 1709
f 1704 1711 1577
f 1716 1714 1713
f 1559 1562 1549
f 1722 1721 1720
f 1335 597 596
f 410 411 377
f 973 1170 1163
f 168 169 399
f 1571 682 1089
f 1572 681 682
f 749 646 647
f 1730 1724 1723
f 1594 1582 1729
f 1729 1723 1591
f 1384 1378 1377
f 1732 1731 1712
f 1724 1730 1731
f 1722 1724 1732
f 1721 1722 1733
f 1734 1733 1716
f 1735 1737 1736
f 1733 1732 1714
f 1663 1664 1741
f 1742 1665 1740
f 1738 1739 1737
f 1665 1660 1666
f 1665 1742 1744
f 1725 1726 1746
f 1591 1725 1745
f 1590 1745 1747
f 1745 1746 1748
f 1659 1688 3538
f 3287 1760 3545
f 1185 1177 1182
f 1664 1744 1749
f 1741 1749 1739
f 1746 1742 1743
f 1726 1744 1742
f 1115 924 1153
f 1654 3546 3575
f 1896 3562 3549
f 1720 1749 1744
f 1721 1739 1749
f 1750 1718 1701
f 1697 1736 1750
f 1151 1152 1063
f 1751 1752 1670
f 1695 1658 1752
f 961 962 986
f 1770 1769 1768
f 1766 1594 1593
f 1731 1759 1579
f 1579 1777 1774
f 3928 1772 1771
f 1764 1772 3928
f 1777 1776 1775
f 3762 3763 1699
f 1004 1127 1128
f 1774 1775 1771
f 987 1400 1399
f 1578 1774 1772
f 1783 1782 1781
f 1597 1598 1770
f 639 1878 3895
f 3928 3929 1769
f 1793 1792 1789
f 3929 3920 1798
f 3508 3516 3773
f 1802 1867 3924
f 1788 1790 1794
f 1793 1794 1795
f 3773 3772 1675
f 1584 1581 1783
f 1771 1797 3920
f 1801 1799 1798
f 1768 1769 1798
f 1775 1796 1797
f 508 514 515
f 1796 1803 1802
f 1800 1798 3920
f 1794 1805 1804
f 3532 1670 1752
f 485 1808 1807
f 3809 3844 1640
f 3837 3844 1810
f 485 482 1640
f 1690 1691 3770
f 487 488 1648
f 3839 1813 1816
f 3838 1811 1648
f 3839 1812 1811
f 1812 1809 487
f 1641 1809 767
f 465 466 755
f 767 1815 3823
f 3822 1816 3826
f 1809 1812 1815
f 3837 1653 1651
f 675 672 3541
f 1814 1649 1822
f 1821 1822 3821
f 1824 1822 1649
f 1827 1849 1850
f 1668 1669 1662
f 1779 1780 1848
f 1790 1827 1805
f 1833 1836 1853
f 3521 3506 693
f 1614 1615 1616
f 1852 1853 3498
f 1620 1621 1622
f 1855 1765 1574
f 1847 1852 3501
f 1766 1765 1855
f 1629 1630 1631
f 1633 1622 1634
f 1635 1636 1637
f 1848 1833 1852
f 1855 1861 1863
f 1803 1866 1867
f 1862 1863 1831
f 1782 1855 1862
f 3922 3924 1865
f 1873 1872 1870
f 1874 1869 799
f 2045 3878 3897
f 1219 1345 1295
f 1615 1614 1396
f 3884 3895 1877
f 645 3898 3786
f 1345 1219 1035
f 634 639 3884
f 15 1887 1327
f 3910 3895 1878
f 1894 604 605
f 3506 3551 627
f 3560 640 645
f 340 341 454
f 1897 194 195
f 1889 1882 1877
f 1901 94 129
f 196 749 754
f 1705 1704 3921
f 340 378 166
f 1570 1480 563
f 1904 1494 194
f 1781 1862 1832
f 1905 549 55
f 1000 994 995
f 986 919 920
f 1191 1185 1190
f 2094 2077 2075
f 1920 1921 1919
f 453 454 1912
f 1915 1919 1918
f 3882 2112 2106
f 1655 3575 3531
f 1916 1918 1926
f 704 3554 3561
f 278 1916 1925
f 3565 3564 1818
f 1097 949 1115
f 1927 1928 727
f 3578 3579 3654
f 1920 310 307
f 1929 307 48
f 503 504 1497
f 1902 1903 787
f 1816 1821 3820
f 1925 1926 1923
f 1535 1569 1568
f 254 252 258
f 1509 1497 366
f 119 86 35
f 219 288 293
f 141 46 47
f 542 205 244
f 1940 552 430
f 1779 1828 1827
f 1701 1710 3915
f 1661 3550 3515
f 270 53 754
f 197 1947 749
f 1727 1728 1212
f 53 54 232
f 1465 1468 1479
f 1284 3862 3854
f 1951 446 412
f 168 398 1554
f 1486 1485 206
f 506 77 78
f 994 1001 1007
f 951 953 963
f 1013 3859 3861
f 3826 3820 1820
f 1498 1909 1954
f 299 298 543
f 1754 1755 1756
f 1681 469 1683
f 1696 1694 1695
f 13 14 738
f 473 476 475
f 482 1641 768
f 204 62 30
f 1761 1762 820
f 611 1763 1125
f 1501 1503 1908
f 1074 1073 711
f 1960 1944 82
f 120 1956 1960
f 35 86 87
f 1773 1199 1025
f 1965 1545 1569
f 494 761 471
f 1966 1967 1969
f 446 1951 1971
f 174 368 125
f 1580 1579 1578
f 1785 1786 1787
f 1972 1546 304
f 1254 876 875
f 1973 341 342
f 321 1912 1973
f 1910 277 275
f 509 1973 514
f 1486 1507 1527
f 1974 1874 804
f 1977 1976 1974
f 1980 448 1966
f 379 1 2
f 1718 1715 1710
f 884 995 992
f 1680 1684 1678
f 902 990 525
f 344 255 256
f 135 138 137
f 448 446 1967
f 589 605 604
f 910 909 908
f 1981 1966 1968
f 1982 1981 1987
f 1988 1979 1987
f 1990 1988 1989
f 1991 1989 1993
f 322 321 320
f 992 828 830
f 1144 1076 1086
f 1995 1977 1978
f 1133 1129 1118
f 1997 1995 1994
f 870 1823 1335
f 805 806 1982
f 727 184 2000
f 1996 1994 1988
f 1994 1978 1979
f 1829 616 792
f 1830 1073 941
f 798 803 800
f 729 732 731
f 2011 2012 2023
f 1834 1835 846
f 402 283 284
f 2022 2023 2024
f 1838 718 989
f 810 955 952
f 1823 1839 1840
f 1430 1426 1432
f 1215 844 1841
f 1316 1208 873
f 2112 1401 1384
f 1842 1843 1844
f 1159 846 845
f 837 27 1846
f 1971 1951 2030
f 517 369 370
f 1471 2026 2027
f 3551 3525 626
f 2174 2175 770
f 935 934 1854
f 1613 1619 1611
f 1231 1228 1225
f 1856 1857 891
f 1300 1309 748
f 1150 1149 1858
f 1643 606 696
f 1215 1265 1264
f 1320 1860 902
f 1956 1943 1944
f 2031 668 669
f 2034 1325 1310
f 1879 1880 1656
f 40 245 242
f 1992 1993 2039
f 888 958 957
f 1882 1889 1996
f 1078 1138 1255
f 1871 912 1192
f 294 411 218
f 1323 2041 2026
f 123 1960 83
f 1324 2036 2041
f 384 358 359
f 1324 1325 2038
f 1883 1884 1885
f 287 1540 114
f 1096 1886 1134
f 915 1329 931
f 806 1980 1981
f 3533 3529 584
f 1425 2030 2042
f 1018 2042 1948
f 3562 1896 740
f 1948 2042 649
f 1881 1882 1990
f 1900 129 130
f 992 995 994
f 923 927 925
f 3878 2045 2047
f 1643 2048 625
f 2050 2052 2051
f 2045 1405 1404
f 3876 2047 945
f 1139 1080 1079
f 1037 1856 892
f 2055 2053 2057
f 1198 989 718
f 1619 2058 1612
f 2058 1605 1606
f 2059 2060 1607
f 2058 1619 1624
f 71 72 179
f 405 406 1557
f 322 1548 1972
f 2061 2052 2063
f 2066 2065 2067
f 2052 2061 2064
f 1609 1610 2066
f 1515 151 152
f 1009 827 993
f 1644 3843 3815
f 279 1915 1916
f 1285 3863 3862
f 1647 2066 1825
f 2056 2057 2067
f 319 320 1953
f 667 666 1913
f 2070 631 625
f 2052 2050 2055
f 2038 1654 1655
f 1606 1601 2073
f 1235 1917 1270
f 2072 2073 2075
f 2059 1606 2072
f 2074 2075 2077
f 1601 1602 2078
f 2049 2048 1643
f 1000 1004 1001
f 1089 943 684
f 1931 1286 1306
f 1462 1459 1021
f 1932 1933 1934
f 875 874 1846
f 1936 1051 1937
f 44 45 46
f 1534 1955 1956
f 1541 318 317
f 2081 2082 2084
f 146 1945 1959
f 1360 1941 1942
f 985 984 1032
f 1995 1997 1892
f 2079 2080 2082
f 2095 2096 2076
f 2081 2093 2078
f 2055 2050 2054
f 501 2096 2095
f 2097 2100 2099
f 2098 2099 2094
f 2140 2141 3893
f 2141 2046 3894
f 2051 2070 2048
f 592 2102 2101
f 2071 2064 2076
f 2102 2097 2098
f 593 2103 2102
f 1019 1895 746
f 1950 11 12
f 725 2071 2096
f 1385 2105 2104
f 1379 2104 2106
f 2107 2108 2100
f 3908 726 502
f 3896 502 499
f 940 1389 2109
f 928 929 1170
f 3868 590 684
f 1962 1963 1964
f 3878 680 573
f 2039 1993 1968
f 1389 1390 2110
f 1398 2111 2113
f 3757 3755 3753
f 3911 3883 2107
f 949 923 924
f 260 241 324
f 1390 1397 2113
f 2070 2051 2064
f 3867 3911 2103
f 2105 1385 1421
f 2114 1421 1423
f 3892 2114 2115
f 3908 2105 2114
f 554 2116 1902
f 972 1163 967
f 1765 1593 1573
f 1984 1985 1986
f 2053 2117 2069
f 3573 3556 724
f 1625 1677 1674
f 3881 3888 2119
f 3903 2115 2123
f 56 1954 1906
f 626 3877 3879
f 2001 2002 2003
f 3912 3841 2127
f 2006 2007 2008
f 2127 1413 1412
f 2014 2015 2016
f 2018 2019 2020
f 1495 1424 1947
f 1379 1377 1386
f 3814 3811 1680
f 2029 1885 1884
f 3902 2128 2120
f 629 3879 3914
f 682 683 943
f 724 1650 2121
f 1757 1819 3821
f 765 1810 3844
f 3851 714 715
f 706 707 3870
f 981 986 987
f 1457 1868 1656
f 2017 2016 2032
f 1458 1655 1868
f 1776 1777 1792
f 1959 1945 1946
f 3663 3715 3725
f 3913 3881 2122
f 1093 1089 689
f 966 965 968
f 3852 715 3881
f 2172 3577 2170
f 670 2138 2137
f 3761 787 1903
f 1429 19 28
f 964 963 978
f 3841 3813 1413
f 1473 1474 669
f 3834 3833 1359
f 2138 798 1870
f 1872 1473 2137
f 715 716 3888
f 1881 1991 1992
f 3843 3842 739
f 1837 1847 3513
f 253 58 59
f 1808 3837 3840
f 1647 3832 3818
f 3865 3866 671
f 2112 3882 3883
f 1405 2045 2044
f 3829 3824 1364
f 273 1541 391
f 576 632 3520
f 3875 3865 668
f 1430 1431 2140
f 2136 3850 3860
f 1430 2139 18
f 3893 3894 570
f 1442 1439 2046
f 1431 1442 2141
f 3869 3913 3850
f 3808 3823 1817
f 3866 3893 695
f 2142 2025 798
f 571 2143 2142
f 3819 3814 1618
f 2143 2022 2025
f 694 2142 2138
f 681 1572 2144
f 2144 2011 2022
f 328 210 457
f 1572 2010 2011
f 630 3892 3903
f 2085 2086 2087
f 2090 2091 2092
f 572 2144 2143
f 1875 1976 2153
f 1873 1875 2149
f 2103 2107 2097
f 2157 2043 2155
f 2128 1412 1414
f 3874 3871 589
f 3872 3870 628
f 2149 2153 2158
f 2159 2158 3905
f 698 3907 3902
f 3823 3847 3827
f 2158 2156 3874
f 1438 2044 2046
f 2035 2154 2160
f 2161 2160 3889
f 3871 3891 605
f 3873 17 18
f 370 29 61
f 649 1951 413
f 2153 2157 2156
f 1428 1429 1449
f 1490 76 73
f 3890 3905 710
f 2155 1891 3891
f 1456 1457 1880
f 2125 2088 2087
f 2160 2159 3890
f 300 1959 505
f 1064 1062 1046
f 2043 1892 1891
f 2129 2130 2004
f 2131 2132 2133
f 3848 3849 1450
f 1998 1975 804
f 3879 673 3864
f 474 492 490
f 1164 1165 1182
f 707 2162 3909
f 708 1472 2162
f 2162 2161 3886
f 548 549 1905
f 1145 1136 1114
f 705 2121 1650
f 2043 2157 1977
f 737 738 554
f 1034 1195 1191
f 458 1905 1907
f 195 196 232
f 2040 2039 1969
f 2145 2146 2147
f 2054 2050 2049
f 3832 1646 1639
f 9 12 11
f 252 364 506
f 472 478 479
f 1865 3924 3791
f 900 903 910
f 1941 2150 2151
f 1921 1928 1927
f 2163 1897 1898
f 271 156 153
f 1904 1326 12
f 282 263 264
f 1872 1873 2154
f 1326 1904 1897
f 628 692 693
f 1724 1722 1719
f 1549 1562 436
f 1582 1583 1730
f 1921 1920 1929
f 3563 3511 10
f 2152 2037 1950
f 475 772 774
f 769 2172 2171
f 2171 2165 476
f 476 773 772
f 1791 565 464
f 2166 2167 2168
f 595 371 372
f 483 1809 1641
f 762 2174 2173
f 771 483 484
f 486 487 1809
f 297 1549 1517
f 763 2175 2174
f 776 755 759
f 184 185 2176
f 412 447 303
f 2005 2176 185
f 3811 1681 1682
f 2164 2170 756
f 1472 2035 2161
f 950 951 964
f 2177 2178 2179
f 227 226 1510
f 2182 2183 2184
f 2186 2019 2018
f 1985 2182 2181
f 214 736 729
f 865 849 842
f 849 865 1357
f 559 3187 3188
f 16 13 737
f 560 553 498
f 3193 3196 3195
f 3200 3197 3198
f 3211 3214 3213
f 3215 3218 3217
f 2187 2188 2002
f 2169 2168 2189
f 2192 2086 2085
f 2193 2194 2195
f 2198 2199 2200
f 1998 1982 1979
f 3664 3665 3668
f 2116 1898 1903
f 1859 2006 2009
f 3904 2123 2126
f 1135 1148 1087
f 2201 2202 2015
f 1149 111 110
f 3221 3222 3218
f 2203 2204 2205
f 579 580 1895
f 1755 2207 2208
f 3891 3910 1893
f 1211 2151 2150
f 868 997 2210
f 944 945 930
f 2130 2129 2202
f 233 1903 1898
f 665 751 750
f 1167 1254 999
f 2211 2212 2213
f 2215 2216 2217
f 3867 593 590
f 2220 221 220
f 823 824 948
f 3225 3220 3227
f 266 204 455
f 3882 2108 2107
f 2221 2222 3519
f 2223 2224 2225
f 2207 2125 2124
f 673 674 3869
f 817 1000 996
f 2227 2228 2146
f 1947 1948 646
f 3900 2135 17
f 2229 1635 1638
f 1679 1613 1618
f 1637 2231 2232
f 2233 2234 1617
f 2231 2235 2236
f 1381 1638 2238
f 3586 2241 2242
f 1630 2234 2233
f 1681 1626 472
f 1408 1407 2243
f 3236 3239 3238
f 3232 3241 3240
f 1637 2230 2238
f 3237 3238 3233
f 1409 1408 1634
f 1380 1383 2247
f 1628 2248 2245
f 2249 1623 1622
f 1632 1634 1408
f 2248 1628 1631
f 2235 2231 1637
f 3245 3246 3199
f 631 2070 2071
f 515 167 52
f 782 781 2251
f 2253 2254 2255
f 397 281 459
f 1456 2039 2040
f 2040 2041 2036
f 1401 2112 2111
f 2041 2040 1970
f 1535 121 414
f 1586 1587 2080
f 2256 983 1132
f 1700 1699 3918
f 3815 1896 1686
f 1263 2256 1886
f 598 1841 844
f 2257 2258 2259
f 2258 2261 2262
f 2259 2262 2263
f 2260 2259 2216
f 1967 1971 1970
f 2212 1964 1963
f 922 921 2218
f 1312 1098 1101
f 1307 1306 1286
f 1548 1569 1546
f 2266 2267 2268
f 2265 2268 2270
f 2272 2265 2269
f 2273 2266 2265
f 2275 2276 2277
f 2278 2274 2277
f 2284 2285 3617
f 2287 2283 2286
f 2288 2289 2283
f 2290 2284 3639
f 2291 2292 2293
f 2295 2291 2294
f 2296 2297 2291
f 2297 2298 2292
f 2294 2293 2299
f 2279 2294 2300
f 2298 2301 2302
f 2292 2302 2303
f 2293 2303 2304
f 2304 2305 2306
f 2308 2309 2310
f 2302 2307 2310
f 2301 2311 2307
f 2312 2308 2307
f 2313 2314 2315
f 2318 2319 2320
f 3748 3771 2322
f 2324 2325 2273
f 2313 2324 2326
f 2328 2324 2313
f 2329 2325 2324
f 2331 2332 2333
f 2330 2333 2267
f 2325 2330 2266
f 2329 2331 2330
f 2333 2334 2335
f 2336 2334 2333
f 2338 2336 2332
f 2331 2339 2337
f 2329 2340 2339
f 2328 2341 2340
f 2316 2342 2341
f 2342 2316 2315
f 2344 2345 2346
f 2341 2344 2347
f 2342 2348 2344
f 2348 2349 2345
f 2350 2351 2352
f 2339 2350 2353
f 2340 2347 2350
f 2347 2346 2351
f 2337 2353 2354
f 2353 2352 2355
f 2356 2277 2276
f 2356 2357 2358
f 2356 2359 2296
f 2279 2277 2356
f 2360 2361 2270
f 2267 2335 2360
f 2362 2363 2364
f 2362 2365 2361
f 2366 2362 2358
f 2366 2367 2363
f 2357 2276 2368
f 2366 2368 2369
f 2276 2275 2370
f 2368 2370 2282
f 2372 2373 2374
f 2375 2376 2377
f 2378 2379 2380
f 2382 2378 2381
f 2384 2385 2378
f 2385 2386 2379
f 2388 2389 2390
f 2387 2390 2392
f 2393 2394 2387
f 2394 2395 2388
f 2186 2401 2402
f 2403 2404 2327
f 2272 2403 2326
f 2271 2405 2403
f 2405 2406 2404
f 2404 2407 2408
f 2409 2410 2411
f 2409 2412 2271
f 2413 2409 2269
f 2413 2414 2410
f 2417 2415 2416
f 2417 2418 2406
f 2412 2417 2405
f 2411 2415 2417
f 2406 2419 2407
f 3569 3520 632
f 2420 2398 2397
f 2420 2421 2423
f 2424 2420 2422
f 2424 2399 2398
f 2425 2391 2392
f 2421 2425 2426
f 2397 2396 2425
f 2396 2393 2391
f 2427 2314 2408
f 2430 2427 2428
f 2343 2315 2427
f 2432 2343 2430
f 2431 2430 2429
f 2435 2431 2433
f 2436 2432 2431
f 2428 2408 2407
f 2422 2437 2407
f 2438 2437 2422
f 2429 2428 2437
f 2440 2434 2433
f 2441 2439 2433
f 2442 2443 2439
f 2443 2444 2440
f 2445 2446 2444
f 2447 2445 2443
f 2383 2381 2445
f 2381 2380 2446
f 2448 2438 2423
f 2449 2448 2426
f 2441 2448 2449
f 2441 2429 2438
f 2449 2392 2390
f 2450 2390 2389
f 2447 2450 2451
f 2442 2449 2450
f 2451 2389 2453
f 2452 2453 2455
f 2382 2452 2454
f 2383 2451 2452
f 2456 2457 2373
f 2459 2460 2461
f 2463 2464 2465
f 2462 2465 2285
f 2466 2462 2284
f 2467 2463 2462
f 2461 2460 3703
f 2468 2469 2470
f 2472 2468 2471
f 2474 2461 3701
f 2475 2476 2477
f 2458 2455 2453
f 2479 2453 2389
f 2395 2480 2479
f 2480 2459 2458
f 2481 2482 2483
f 2484 113 2485
f 2471 2470 2464
f 2473 2471 2463
f 2487 2467 2466
f 2486 2466 2290
f 2490 2486 2488
f 2491 2487 2486
f 2492 2473 2467
f 2493 2492 2487
f 2494 2495 2492
f 2495 2472 2473
f 3690 2496 2474
f 3691 2497 2496
f 2498 2494 2493
f 2500 2498 2499
f 3700 3687 2498
f 3687 3691 2494
f 2306 2504 2278
f 2305 2505 2504
f 2504 2505 2507
f 2506 2507 2288
f 2274 2506 2508
f 2278 2504 2506
f 3633 3632 2489
f 3620 3633 2488
f 2507 2509 2289
f 2505 2510 2509
f 2508 2288 2287
f 2511 2287 2281
f 2370 2511 2280
f 2275 2508 2511
f 2512 2490 2489
f 2514 2512 2513
f 2517 2512 2514
f 2517 2491 2490
f 2499 2493 2491
f 2499 2517 2516
f 2510 2505 2519
f 2518 2519 2521
f 3616 2518 2520
f 3632 2510 2518
f 2522 2304 2303
f 2523 2522 2310
f 2305 2304 2522
f 2524 2522 2523
f 2519 2524 2525
f 2505 2305 2524
f 2308 2312 2527
f 2526 2527 2529
f 2531 2526 2528
f 2309 2308 2526
f 1214 2532 2151
f 2419 2406 2418
f 2533 2345 2349
f 2534 2533 2317
f 2535 2536 2533
f 2536 2346 2345
f 2537 2351 2346
f 2538 2537 2536
f 2539 2540 2537
f 2540 2352 2351
f 2312 2355 2541
f 2527 2541 2542
f 2543 2435 2434
f 2545 2543 2544
f 2319 2318 2543
f 2318 2436 2435
f 2514 2515 2548
f 2547 2548 2550
f 2552 2547 2549
f 2552 2516 2514
f 2520 2521 2554
f 2553 2554 2556
f 3590 2553 2555
f 3621 2520 2553
f 2523 2309 2531
f 2557 2531 2530
f 2525 2523 2557
f 2559 2557 2558
f 2554 2559 2560
f 2521 2525 2559
f 2561 2375 2007
f 2376 2562 2225
f 2564 2565 2566
f 2563 2566 338
f 2569 2563 2567
f 2570 2564 2563
f 2572 2573 2574
f 2571 2574 2576
f 2544 2571 2575
f 2544 2434 2572
f 2578 2570 2569
f 2579 2577 2569
f 2574 2577 2579
f 2573 2578 2577
f 2581 2582 2583
f 2584 2580 2583
f 3697 3675 2580
f 3676 2581 2580
f 2582 2516 2552
f 2583 2552 2551
f 2500 2501 2589
f 2590 2588 2589
f 3693 3695 2588
f 3695 3700 2500
f 2501 2516 2591
f 2592 2593 2594
f 2386 2385 2503
f 2596 2379 2386
f 2596 2374 2373
f 2599 2596 2597
f 2599 2380 2379
f 2600 2446 2380
f 2600 2599 2598
f 2603 2600 2601
f 2603 2444 2446
f 2604 2603 2602
f 2440 2604 2605
f 2444 2603 2604
f 2606 2582 2581
f 2606 2607 2590
f 2591 2516 2582
f 3676 2587 2456
f 3689 2456 2372
f 2478 2477 2608
f 2609 2610 2611
f 2564 2570 2613
f 2612 2613 2598
f 2457 2612 2597
f 2565 2564 2612
f 2614 2613 2570
f 2615 2614 2578
f 2602 2601 2614
f 2601 2598 2613
f 2572 2434 2605
f 2616 2605 2602
f 2573 2572 2616
f 1459 1016 1045
f 1265 1215 1079
f 1612 1608 1609
f 2067 2057 2069
f 1135 1109 1136
f 1938 1937 2618
f 95 548 458
f 2058 1607 1608
f 1454 1469 1445
f 655 2620 1048
f 722 1049 2621
f 1131 985 1033
f 562 1481 366
f 1723 1719 1725
f 1786 1123 1122
f 267 300 323
f 1325 2034 1654
f 1468 1165 1435
f 658 657 529
f 8 532 247
f 382 1557 1559
f 788 619 1307
f 940 930 929
f 911 2622 2623
f 2621 2620 655
f 2624 1857 2625
f 998 1846 27
f 635 638 2626
f 2627 641 644
f 2628 2627 1840
f 1200 1199 2627
f 1199 1773 641
f 1520 515 49
f 1452 1350 1349
f 2630 2631 1859
f 644 643 1335
f 1197 1198 717
f 2632 717 719
f 2628 2632 1166
f 2629 1197 2632
f 1762 2633 1050
f 1823 870 873
f 2634 2635 794
f 1042 794 2635
f 93 94 1901
f 2036 2038 1458
f 1527 332 1525
f 877 876 1274
f 134 409 797
f 1328 893 931
f 607 777 1091
f 1043 2635 2637
f 2636 2637 2639
f 1275 2636 2638
f 1275 1040 1043
f 1272 2624 2626
f 2640 2626 638
f 1110 2641 2640
f 536 1272 2640
f 1472 708 1474
f 2042 2030 1951
f 1058 1106 1105
f 2642 2623 2643
f 1192 2642 2644
f 912 2623 2642
f 3898 1657 3526
f 1049 1048 2620
f 616 1829 1885
f 1331 1913 666
f 990 989 1198
f 1911 1912 321
f 1298 1282 1205
f 76 1490 1504
f 1502 1500 421
f 610 609 658
f 1146 937 659
f 2646 911 914
f 1280 1239 1238
f 1453 1454 1452
f 835 942 1843
f 1271 1270 1173
f 1893 1878 1826
f 1050 2633 1937
f 2651 2652 814
f 1006 1053 1281
f 2653 1084 2654
f 1001 1004 1003
f 585 997 679
f 2624 1272 621
f 555 678 2028
f 1207 526 1197
f 1626 1627 478
f 426 389 419
f 1030 1193 1773
f 3898 645 634
f 534 1533 138
f 1125 1092 1042
f 333 228 88
f 569 1570 561
f 1489 2656 871
f 1857 2624 620
f 1673 1674 3770
f 622 861 864
f 619 788 891
f 261 544 545
f 393 1555 1556
f 2658 2659 2647
f 1075 2658 2657
f 1081 1080 2658
f 1080 1139 2659
f 2644 2643 1141
f 2660 1141 1140
f 642 2660 1336
f 1193 2644 2660
f 679 678 555
f 1503 1501 1500
f 1318 1317 1101
f 2661 2659 1139
f 2661 1142 2663
f 2662 2647 2659
f 2662 2663 2622
f 2664 2622 911
f 2648 2664 2646
f 2648 2647 2662
f 2083 2094 2093
f 1442 1440 1437
f 519 329 330
f 1885 2029 1209
f 799 800 805
f 1946 1943 1952
f 1302 1301 1253
f 566 2005 224
f 1389 940 928
f 683 682 681
f 836 835 1842
f 2665 1842 1845
f 2666 2665 1303
f 24 836 2665
f 831 1072 2650
f 1845 1844 1304
f 2010 2013 2012
f 1051 1936 2667
f 1522 1521 1511
f 531 440 441
f 1250 635 2625
f 2669 2625 1857
f 783 2669 1856
f 782 1250 2669
f 720 2670 2671
f 1055 1931 1930
f 1333 1067 1251
f 619 622 1308
f 652 655 2619
f 521 522 1539
f 1838 988 537
f 2672 537 536
f 1113 2672 2641
f 1113 527 1838
f 1016 1013 1351
f 3897 573 570
f 226 227 104
f 3564 3669 3827
f 1036 1037 1884
f 2674 1301 1304
f 2673 1304 1844
f 1334 2673 2675
f 1333 2674 2673
f 2676 702 1039
f 1843 2676 2675
f 942 1074 2676
f 1074 699 702
f 752 1057 1055
f 1200 1166 656
f 1120 1846 874
f 2677 874 877
f 1241 2677 1052
f 1119 1120 2677
f 1560 1513 151
f 1208 1316 611
f 215 735 736
f 1460 1459 1462
f 1208 1207 1839
f 854 856 1282
f 72 445 182
f 544 1563 1565
f 217 200 456
f 2047 1404 930
f 1204 2618 1937
f 913 777 686
f 840 527 1113
f 1531 729 730
f 2678 778 1283
f 601 667 1914
f 1537 1538 459
f 1819 1757 3509
f 991 1860 862
f 2679 711 1073
f 2680 1830 983
f 779 2680 2256
f 778 2678 2680
f 2678 2679 1830
f 180 542 245
f 1886 1132 1131
f 1138 1137 1274
f 1841 598 1140
f 75 313 314
f 193 423 420
f 2681 2682 1099
f 170 1567 1565
f 349 416 417
f 1121 1124 2684
f 547 797 409
f 123 122 121
f 2643 2663 1142
f 1542 1544 513
f 899 900 907
f 1210 677 676
f 791 663 982
f 24 27 837
f 893 896 932
f 1860 1320 863
f 535 538 862
f 1569 1548 1547
f 181 455 542
f 660 659 937
f 2013 567 568
f 887 890 2631
f 1524 1508 361
f 520 161 162
f 2653 855 854
f 1238 1237 2655
f 718 1838 527
f 1492 1493 518
f 792 616 615
f 599 846 1835
f 290 457 456
f 312 171 1552
f 1248 2687 1179
f 153 149 177
f 1240 1181 1222
f 1257 1292 1235
f 1291 1084 1083
f 1052 877 1277
f 743 742 2618
f 444 140 430
f 23 1224 1172
f 2687 2654 1180
f 102 103 409
f 1283 607 610
f 373 497 650
f 1180 2654 1084
f 855 2653 2655
f 1173 1270 1917
f 2689 850 853
f 2688 853 1108
f 2686 2688 1279
f 2687 2689 2688
f 2691 1302 1252
f 2690 1252 850
f 1248 2690 2689
f 1248 1247 2691
f 2692 617 24
f 2691 2692 2666
f 1247 1258 2692
f 1258 1168 617
f 394 1554 1555
f 2693 1260 1259
f 1072 1236 1262
f 1257 1071 1168
f 398 439 1555
f 871 1784 1314
f 1178 1232 1249
f 1224 1289 1173
f 1010 2617 2618
f 1175 1174 1292
f 2654 2687 2686
f 2694 1157 1216
f 71 418 1487
f 701 1112 1111
f 1072 1261 2649
f 1085 2695 22
f 895 2694 1264
f 1601 1606 1605
f 1259 1262 1271
f 21 20 1220
f 988 991 538
f 598 597 1336
f 1050 860 818
f 1298 2645 1761
f 1168 1167 618
f 858 1168 1256
f 39 242 516
f 2652 1761 819
f 313 316 315
f 2026 1970 1971
f 2656 1489 596
f 814 819 818
f 2696 2651 813
f 1260 2696 2649
f 2693 2697 2696
f 2697 1296 2651
f 381 355 390
f 3818 3819 1611
f 1475 1427 1428
f 1292 1174 1917
f 1551 353 354
f 1526 1525 1523
f 1593 1589 1595
f 1232 1269 1246
f 2695 2693 1223
f 2698 1297 1296
f 2698 2697 2693
f 2685 2698 2695
f 2685 854 1297
f 562 1497 271
f 2652 2651 1296
f 1365 1366 1364
f 1958 1946 1953
f 585 588 2210
f 1561 1560 1515
f 975 2648 1146
f 347 67 68
f 1038 1111 636
f 2700 781 780
f 2699 780 1036
f 2701 2699 1883
f 851 2700 2699
f 2674 1333 2251
f 2702 2251 781
f 1253 2702 2700
f 1301 2674 2702
f 1519 387 388
f 1273 1239 1280
f 2703 1280 1107
f 2701 2703 852
f 1829 1273 2703
f 91 260 326
f 1784 871 2656
f 2683 2684 2705
f 604 1894 3499
f 1669 3534 3548
f 2062 2063 2060
f 621 535 861
f 2023 731 732
f 686 779 1263
f 857 1051 2668
f 883 830 882
f 637 636 1111
f 2668 894 893
f 2667 921 894
f 1039 1038 1068
f 313 75 1504
f 1911 1972 305
f 1936 2706 1964
f 2707 2402 2401
f 2708 2707 2183
f 738 2163 2116
f 2349 2348 2432
f 2711 2712 2020
f 2400 2711 2019
f 2714 2715 2716
f 2717 2718 2719
f 2721 2722 2723
f 2726 2727 2728
f 2725 2728 2730
f 2731 2725 2729
f 2732 2726 2725
f 2734 2735 2736
f 2738 2739 2740
f 2737 2740 2741
f 2744 2745 2746
f 2745 2744 2748
f 2749 2750 2747
f 2753 2749 2751
f 2250 1380 2246
f 2754 1396 1614
f 3598 2754 2755
f 3608 2745 2747
f 1617 2756 2755
f 2242 2758 1620
f 2191 2085 2760
f 2761 2759 2760
f 3648 2759 2761
f 3623 2191 2759
f 3209 3248 3223
f 1395 1394 2236
f 1395 2235 1636
f 1616 1635 2229
f 1617 2234 2763
f 2756 2763 3628
f 2765 2763 2234
f 2766 2764 3628
f 3202 3199 3246
f 1516 437 435
f 2768 2769 3552
f 1495 541 578
f 2135 2136 28
f 3526 3540 2773
f 1690 1689 3926
f 2778 2779 2780
f 2777 2780 2781
f 2784 2778 2777
f 3555 3521 575
f 1494 1904 9
f 3529 2016 2015
f 451 61 505
f 2786 2787 2788
f 2779 2786 2785
f 2789 2752 2741
f 2790 2753 2752
f 2792 2793 2794
f 2793 2795 2796
f 2796 2797 2750
f 2794 2796 2749
f 2798 1393 1396
f 3591 2798 2754
f 2798 2799 2800
f 3591 3662 2799
f 2797 2796 2795
f 2791 2794 2753
f 216 233 232
f 3804 2806 2807
f 3805 2809 2804
f 2769 2810 3557
f 183 185 184
f 2811 2812 2775
f 2804 2811 2776
f 2809 2813 2811
f 2812 2811 2813
f 3805 2808 2816
f 3796 2818 2815
f 3798 3800 2820
f 3793 2823 2819
f 2824 2736 2735
f 2823 2825 2824
f 2825 2823 2826
f 3793 2822 2827
f 3796 2817 2826
f 2713 2716 2829
f 2828 2829 2831
f 2822 2821 2828
f 2821 2820 2713
f 2832 2827 2822
f 2833 2832 2830
f 2834 2835 2832
f 2835 2818 2827
f 2837 2838 2839
f 2836 2839 2841
f 2842 2836 2840
f 2843 2837 2836
f 2840 2841 2845
f 2718 2844 2845
f 2730 2728 2844
f 2727 2840 2844
f 2846 2845 2841
f 2829 2846 2847
f 2847 2841 2839
f 2848 2839 2838
f 2833 2848 2849
f 2831 2847 2848
f 2850 2814 2851
f 2853 2850 2852
f 2783 2777 2782
f 2785 2788 2853
f 2780 2785 2856
f 2857 2858 2855
f 2859 2857 2782
f 2861 2843 2842
f 2860 2842 2727
f 2862 2860 2726
f 2863 2861 2860
f 2861 2863 2858
f 2843 2861 2857
f 2856 2853 2854
f 2781 2856 2864
f 2837 2843 2859
f 2838 2837 2864
f 2852 2851 2834
f 2854 2852 2849
f 2865 2815 2818
f 2851 2865 2835
f 2813 2809 2815
f 2814 2813 2865
f 2866 2812 2814
f 2788 2866 2850
f 2866 2788 2787
f 2812 2866 2867
f 1892 1889 1890
f 2720 2719 2846
f 298 299 256
f 2872 2714 2713
f 3794 3800 2735
f 2729 2730 2874
f 2846 2716 2715
f 2876 2877 2878
f 2733 2875 2878
f 3806 3807 2879
f 3806 2880 2872
f 2882 2883 2884
f 2881 2884 2715
f 2880 2881 2714
f 2879 2882 2881
f 2885 2886 2887
f 2888 2889 2890
f 2885 2890 2892
f 2893 2886 2885
f 1942 2151 2532
f 2895 2892 2720
f 2884 2895 2870
f 2883 2896 2895
f 2896 2891 2892
f 2889 2874 2717
f 2890 2717 2720
f 2897 2893 2891
f 2898 2897 2896
f 2899 2898 2883
f 2900 2899 2882
f 3797 2900 2879
f 2876 2902 2901
f 2901 2902 2904
f 1785 2656 1835
f 2905 2906 2899
f 2907 2908 2897
f 3797 2901 2903
f 632 576 577
f 3532 3547 2867
f 434 385 550
f 2768 2770 3640
f 2910 2911 1623
f 2241 2912 2758
f 3640 2770 2913
f 1623 2911 2757
f 3587 2242 2757
f 2229 1381 1380
f 2765 1630 1629
f 2915 2914 1629
f 3642 3641 2914
f 3641 3622 2765
f 2919 2916 3642
f 2918 2915 2912
f 3614 2918 2241
f 3618 2919 3613
f 3541 2177 2180
f 3521 2002 2188
f 3705 3573 714
f 2925 2766 2917
f 2924 2917 2916
f 3610 2924 2919
f 3611 2925 2924
f 2926 2927 2766
f 3658 2926 2925
f 1715 1713 1705
f 785 497 498
f 1387 651 565
f 374 375 1899
f 3573 2203 2206
f 2929 2930 2886
f 2932 2933 2934
f 1905 1906 1908
f 2930 2935 2936
f 2938 2935 2930
f 1493 369 517
f 1603 1585 1586
f 2939 2938 2929
f 2940 2939 2908
f 3665 1707 1600
f 2886 2930 2937
f 2906 2907 2898
f 2908 2929 2893
f 2942 2934 2933
f 2941 2933 2937
f 3501 2941 2936
f 3498 2942 2941
f 2943 2944 2710
f 2943 2873 2874
f 2945 2943 2889
f 2946 2944 2943
f 2932 2945 2888
f 2931 2946 2945
f 727 1928 1929
f 2903 2904 2947
f 545 594 42
f 1480 1570 533
f 2907 2906 2949
f 2906 2905 2950
f 1558 452 215
f 3799 2903 2948
f 2054 1645 1644
f 3705 3684 2203
f 1828 1837 1849
f 2953 2954 2955
f 2952 2955 2957
f 2956 2261 2258
f 2953 2952 2258
f 2454 2455 2474
f 3747 2958 2959
f 3747 2132 2131
f 2961 2962 2963
f 2958 2963 2964
f 222 221 2485
f 2477 2226 2966
f 2631 2561 2006
f 2384 2454 2496
f 2967 2968 2959
f 2968 2967 2970
f 3759 2033 2971
f 3784 2971 2960
f 2972 2971 2033
f 2007 2377 2973
f 3560 3559 2134
f 1836 1833 1832
f 3506 2188 2090
f 955 810 959
f 672 675 674
f 633 710 713
f 2024 732 733
f 2025 2024 803
f 425 1552 1550
f 2975 2976 888
f 1319 1158 1157
f 1212 1935 2977
f 889 957 2228
f 1978 1974 1975
f 1138 1078 1329
f 751 665 2979
f 1619 1613 1625
f 2252 2255 1728
f 1157 1160 845
f 2706 1936 1938
f 2980 2255 2254
f 2982 2975 887
f 802 712 711
f 678 677 2029
f 527 840 690
f 1839 1207 2629
f 2983 2984 602
f 2983 1914 1913
f 2985 2983 1331
f 2986 2984 2983
f 2987 2637 2635
f 2985 2988 2639
f 2990 1319 1318
f 2991 2992 2993
f 2995 2991 2994
f 1106 1058 2991
f 1058 1057 2992
f 1415 1406 1365
f 1317 922 2217
f 1932 1728 2255
f 926 2998 2999
f 3001 2993 2992
f 3000 2992 1057
f 2999 3000 2978
f 2998 3001 3000
f 3002 2998 2209
f 3002 3003 2996
f 2993 3001 3002
f 1103 1106 2995
f 3004 2995 2996
f 2209 2210 3004
f 588 1103 3004
f 295 296 433
f 2638 2639 2988
f 3005 2988 1056
f 1305 3005 1930
f 1276 2638 3005
f 1987 1968 1993
f 2633 1762 1761
f 1423 1422 1417
f 3561 3517 739
f 2671 2670 2704
f 1473 1872 2035
f 922 1317 2694
f 1401 1400 1378
f 556 2028 1884
f 842 848 3825
f 1854 2706 2617
f 933 1082 1081
f 1440 1441 1436
f 529 657 719
f 1031 1025 1027
f 777 913 912
f 2645 1205 1204
f 441 438 1538
f 790 1287 587
f 2065 2066 1610
f 1860 991 990
f 60 106 87
f 1424 1017 1948
f 332 1527 1507
f 261 262 138
f 187 188 449
f 1719 1720 1726
f 1931 1055 1059
f 3006 1059 1105
f 1287 3006 1104
f 1286 1931 3006
f 3007 3008 3009
f 3009 3008 653
f 618 999 26
f 2029 677 1210
f 957 601 600
f 1049 2146 2228
f 2631 890 3011
f 890 889 2227
f 3011 2227 2145
f 2561 3011 3012
f 1026 656 609
f 2706 1854 1961
f 3013 2965 2485
f 2148 2147 1267
f 3015 1267 1266
f 2997 2264 1101
f 642 641 1773
f 186 477 461
f 1041 1040 1320
f 1121 3016 3017
f 2984 2986 2987
f 3018 2987 2634
f 1048 603 3018
f 603 602 2984
f 2679 2678 801
f 2062 2072 2074
f 2061 2074 2076
f 414 303 1545
f 3016 1121 2683
f 3019 2683 2704
f 3020 3019 2670
f 3007 3016 3019
f 1871 1090 1091
f 3021 1787 1122
f 3022 3021 3017
f 1314 3021 3022
f 1784 1787 3021
f 1316 1315 1763
f 3023 3022 3010
f 3023 3009 795
f 1763 3023 1092
f 1315 3022 3023
f 3016 3007 3010
f 752 751 2978
f 2986 2639 2637
f 3024 654 653
f 3020 3024 3008
f 720 723 3024
f 723 2621 654
f 2681 1098 1268
f 2671 3025 1268
f 2705 2681 3025
f 1313 3026 3027
f 3026 3028 3029
f 3027 3029 3030
f 1311 3027 3031
f 2012 568 731
f 917 2657 974
f 743 1206 856
f 1888 2027 2030
f 2682 2705 2684
f 3032 2684 1124
f 1100 3032 2989
f 1099 2682 3032
f 1123 2990 2989
f 3033 1834 1159
f 2990 3033 1158
f 1123 1786 3033
f 1786 1785 1834
f 1054 1056 2988
f 2979 665 664
f 2623 2622 2663
f 1095 660 688
f 3034 3035 2261
f 3036 3034 2956
f 3037 3038 3034
f 3038 3039 3035
f 3040 3041 3026
f 2263 3042 3041
f 3042 3039 3043
f 3041 3043 3028
f 3044 3045 3043
f 3046 3047 3045
f 3047 3048 3049
f 3043 3045 3049
f 3038 3037 3051
f 3050 3051 3053
f 3052 3046 3044
f 3039 3038 3050
f 3054 3035 3039
f 3042 2263 2262
f 2261 3035 3054
f 2216 2263 2997
f 2212 2211 2667
f 3056 868 2209
f 934 3057 1961
f 2013 3755 3757
f 3058 3059 3060
f 3059 3062 3063
f 3060 3063 2213
f 3061 3060 1963
f 3063 3064 2214
f 3062 3065 3064
f 3065 2257 2260
f 3064 2260 2215
f 3066 3067 3031
f 2608 2966 3067
f 2966 2562 3068
f 3031 3067 3068
f 2455 2458 2461
f 2476 2223 2226
f 3551 2090 2089
f 3526 2774 3769
f 433 354 355
f 2115 1423 1419
f 3509 2868 2922
f 3769 3737 2131
f 3069 2611 2167
f 2971 2972 2928
f 2961 2774 2773
f 3070 2475 2478
f 2610 2609 3071
f 2502 2371 2374
f 3072 2592 2595
f 2964 3046 3052
f 3048 2593 3074
f 2593 2592 3075
f 3075 3030 3029
f 3074 3029 3028
f 3072 3076 3075
f 3076 3072 2482
f 2481 2608 3066
f 3076 3066 3030
f 2967 3052 3053
f 2482 3072 3073
f 479 480 493
f 706 3900 3873
f 3561 2194 2221
f 2013 2010 3754
f 3533 2032 2016
f 3562 3519 2222
f 1171 1154 1155
f 2586 2566 2565
f 2982 110 113
f 2562 2376 3077
f 2376 2375 3012
f 3012 2145 2148
f 3077 2148 3015
f 2963 3047 3046
f 3051 3078 2970
f 1683 2173 491
f 3850 2122 1447
f 1986 2181 3734
f 3079 3080 2546
f 3081 3079 2575
f 1983 1986 3768
f 3082 2323 2319
f 3080 3082 2545
f 3734 3732 3082
f 3732 3748 2323
f 1309 1471 1888
f 3073 2595 2772
f 2760 3083 3084
f 2760 2085 2088
f 3085 3084 3086
f 3089 3085 3090
f 3089 2762 3084
f 3092 3088 3090
f 3093 2748 2744
f 2751 2747 2748
f 3093 2741 2752
f 2742 2741 3093
f 3094 3093 2743
f 3096 3097 3098
f 3099 3096 3087
f 3097 3094 3095
f 3100 2743 2746
f 3101 2927 3102
f 2764 2766 2927
f 2745 2764 3101
f 3102 3092 3091
f 3100 3091 3095
f 2869 2802 3592
f 3102 3103 3104
f 3658 2868 2869
f 2927 2926 3103
f 3098 3095 3091
f 3087 3098 3090
f 2088 2125 3105
f 3083 3105 3086
f 2483 3073 2771
f 2401 2186 2185
f 3099 3086 3105
f 2125 2207 3106
f 3108 2737 2742
f 3107 2742 3094
f 3110 3108 3107
f 3109 3107 3097
f 3111 3109 3096
f 3112 3110 3109
f 3113 2738 2737
f 3115 2723 2722
f 3117 3115 3114
f 3119 3117 3116
f 3118 3116 3120
f 3116 3114 3113
f 3122 3112 3111
f 3122 3123 1755
f 3124 3125 3126
f 3125 3118 3121
f 3128 3119 3118
f 3129 3128 3125
f 2020 2712 3128
f 3853 3857 1346
f 1065 1046 1047
f 1814 3838 3830
f 2021 2020 3129
f 3111 3099 3106
f 3123 3106 2207
f 2377 2225 2224
f 3014 2485 113
f 1756 2208 3782
f 3131 3132 2530
f 3133 3131 2528
f 1753 1756 3767
f 3134 3124 3127
f 2327 2408 2314
f 2436 2318 2317
f 2018 2021 3711
f 2534 3136 3137
f 2320 2322 3136
f 2185 2018 3712
f 3138 3139 2542
f 3134 3135 3744
f 3785 3130 3134
f 3140 3138 2539
f 2535 3137 3140
f 3711 2021 3130
f 2558 2530 3132
f 3782 3760 3141
f 2560 2558 3141
f 3760 3777 3142
f 958 888 2976
f 1933 1932 2980
f 2399 2424 2418
f 2348 2342 2343
f 2322 2320 2319
f 2718 2717 2874
f 2709 2729 2873
f 2894 2871 1361
f 346 289 176
f 1876 1877 1882
f 2802 2803 3607
f 3104 3144 3088
f 2974 2222 3649
f 3089 3145 2761
f 3088 3144 3145
f 2803 2974 3603
f 3870 3909 692
f 2123 1419 1418
f 1365 1363 1368
f 1581 1766 1782
f 3569 2202 2129
f 3555 2003 2002
f 3146 2585 2551
f 3751 3146 3147
f 3742 3149 3146
f 3149 2584 2585
f 3196 3198 3197
f 3604 2192 2191
f 3142 3150 2556
f 3777 3778 3150
f 3646 3152 2550
f 3150 3151 2555
f 3778 3780 3151
f 3788 3781 3152
f 3153 3147 2551
f 3152 3153 2549
f 3781 3776 3153
f 3776 3750 3147
f 3148 2767 2206
f 2183 2401 2321
f 2132 2960 2928
f 3684 3685 2204
f 3719 2198 2197
f 2594 2962 2773
f 2595 2594 2951
f 1870 798 799
f 3713 2179 2178
f 3706 2178 3736
f 336 3154 3774
f 339 3155 3154
f 3789 3683 3149
f 3683 3697 2584
f 2963 2962 3048
f 3722 3730 337
f 339 338 2566
f 3156 3157 2168
f 2610 3156 2167
f 2954 2953 3156
f 3157 3156 2953
f 3707 2166 2169
f 2567 3158 3159
f 337 3158 2567
f 3730 3069 2166
f 3764 2190 1983
f 2579 3160 3081
f 2568 3159 3160
f 3709 2169 2190
f 3065 3062 3162
f 3161 3162 1984
f 3157 3161 2189
f 2257 3065 3161
f 734 735 1922
f 3059 3058 2708
f 3163 2708 2182
f 3162 3163 1985
f 3062 3059 3163
f 3203 3206 3205
f 2122 2119 1448
f 3817 1686 1685
f 139 140 444
f 1570 569 566
f 2957 3164 3165
f 2955 3166 3164
f 1912 454 341
f 3130 3129 3124
f 1548 322 319
f 1949 1950 1327
f 2969 2970 3078
f 3167 3078 3169
f 3724 2014 2017
f 3720 2017 2033
f 3168 3169 3165
f 3170 3165 3164
f 3779 3170 3171
f 3724 3168 3170
f 3171 3164 3166
f 3172 3166 3071
f 3752 3172 3173
f 3756 3171 3172
f 3169 3037 3036
f 2593 3048 2962
f 3173 3071 2609
f 3174 2609 2199
f 3783 3174 2198
f 3749 3173 3174
f 2190 2189 1984
f 2196 2195 2767
f 2119 2120 1414
f 1464 1463 1466
f 2199 2611 3069
f 2457 2456 2587
f 2226 2225 2562
f 481 478 1627
f 333 1512 235
f 3078 3051 3037
f 3040 2264 2997
f 2219 1934 1933
f 2385 2384 2497
f 221 2220 3175
f 2220 1933 3143
f 3175 3143 2976
f 2484 3175 2975
f 2954 3071 3166
f 2630 1858 110
f 1547 319 1952
f 2091 2090 2188
f 3733 3736 2178
f 1918 1919 1927
f 3563 112 111
f 955 956 960
f 2037 3014 112
f 3143 2980 2981
f 2218 2211 2214
f 672 3877 3787
f 2152 3013 3014
f 1147 1144 1143
f 2248 2246 1409
f 1615 1636 1635
f 1410 1409 2246
f 3241 3243 3242
f 1382 3176 3177
f 3177 1410 2247
f 2247 1383 3177
f 3176 2238 2230
f 1410 3177 3179
f 3179 3180 2243
f 1633 3181 2800
f 1621 1620 2758
f 1622 1621 2245
f 2236 1394 3181
f 2237 2236 3182
f 2250 1631 2233
f 2912 1629 1628
f 135 136 1564
f 1567 419 512
f 1085 1084 2653
f 3184 869 868
f 869 3184 3057
f 1266 1268 1098
f 1267 2147 722
f 937 1146 2646
f 2146 1049 722
f 2211 2218 921
f 1957 510 507
f 1313 1312 2264
f 1496 362 1493
f 2887 2937 2933
f 1687 1688 1659
f 145 1499 1498
f 37 38 418
f 1935 1934 3185
f 104 89 301
f 2101 2098 2083
f 543 298 360
f 1934 2219 3186
f 234 1521 212
f 3845 3821 1822
f 1976 1875 1874
f 223 3186 2219
f 3655 3656 3605
f 2165 2164 467
f 467 468 2165
f 773 476 2165
f 1935 1212 1728
f 3240 3225 3226
f 3261 3249 3250
f 3215 3216 3244
f 3265 3221 3215
f 3267 3245 3198
f 3205 3206 3269
f 3214 3211 3265
f 3271 3213 3214
f 3251 3252 3239
f 3222 3221 3266
f 3232 3235 3234
f 3216 3242 3243
f 3196 3193 3268
f 3244 3243 3254
f 3238 3239 3247
f 3264 3244 3255
f 3253 3242 3216
f 3211 3266 3221
f 3257 3217 3218
f 3258 3222 3272
f 3274 3275 3280
f 3228 3229 3262
f 3275 3231 3281
f 3226 3227 3273
f 3236 3263 3260
f 3281 3263 3236
f 3287 3271 3192
f 3235 3226 3280
f 3234 3280 3281
f 3288 3290 3259
f 3260 3250 3276
f 3289 3212 3278
f 3210 3209 3224
f 3199 3202 3201
f 3228 3231 3230
f 3290 3288 3285
f 3282 3279 3271
f 3260 3263 3262
f 3243 3241 3268
f 3267 3268 3241
f 3194 3207 3208
f 3191 3270 3269
f 3270 3191 3192
f 3275 3274 3230
f 3264 3269 3270
f 3252 3251 3276
f 3248 3252 3291
f 3213 3271 3279
f 3272 3266 3289
f 3277 3278 3212
f 3228 3263 3281
f 3220 3225 3253
f 3219 3253 3217
f 3256 3218 3222
f 3247 3239 3252
f 3245 3267 3232
f 3266 3211 3212
f 3208 3205 3255
f 3288 3289 3284
f 3204 3205 3208
f 560 1899 3187
f 3209 3210 3201
f 3189 3192 3191
f 448 1980 807
f 647 648 122
f 1833 1848 1780
f 510 509 508
f 3210 1949 1887
f 1887 15 3200
f 15 16 3197
f 16 3188 3195
f 3195 3188 3187
f 3194 3187 1899
f 3207 1899 375
f 387 173 126
f 3189 1791 1760
f 3577 763 757
f 763 3577 2172
f 3583 3582 3580
f 3581 3580 3579
f 3594 3597 3596
f 3400 3601 3602
f 3626 3624 3625
f 3631 3635 3599
f 3636 3637 3595
f 3647 3584 3588
f 3650 3582 3584
f 3653 3579 3580
f 3653 2176 3654
f 1801 1864 3656
f 3651 3580 3582
f 3644 3638 3595
f 1767 1768 3659
f 1597 3663 3661
f 1708 1707 3665
f 3671 3668 3667
f 3666 3667 3673
f 1588 1708 3664
f 2080 3671 3666
f 2082 3666 3672
f 3674 3677 3635
f 3677 3678 3636
f 3682 3647 3645
f 3692 3651 3650
f 3681 3645 3644
f 786 3694 3692
f 3694 3653 3651
f 785 3692 3686
f 497 3686 3682
f 650 3682 3681
f 3696 564 3681
f 3405 3606 3605
f 3702 3699 3678
f 3699 3698 3679
f 3645 3588 3638
f 1799 3657 3659
f 3708 3704 3458
f 3462 3710 3708
f 3714 463 564
f 3615 3606 3602
f 3710 3714 3696
f 3635 3636 3596
f 3629 3626 3627
f 3597 3600 3599
f 3630 3716 3715
f 3627 3625 3597
f 3717 3716 3723
f 3715 3663 3660
f 3716 3717 3725
f 3668 3665 3661
f 3668 3725 3717
f 3667 3717 3718
f 3727 3728 3673
f 3728 1576 3672
f 3726 3727 3718
f 1576 2101 2084
f 3727 3726 3731
f 3203 376 1387
f 3190 1387 1791
f 3283 2152 1949
f 317 240 259
f 2000 2176 3653
f 3601 3599 3600
f 3589 3588 3584
f 3577 758 756
f 3585 3584 3582
f 3678 3679 3637
f 3204 375 376
f 1801 3655 3657
f 3729 3735 3728
f 1575 3735 3738
f 3735 1575 1576
f 1776 1795 1796
f 1293 1294 1290
f 1326 14 1327
f 1294 1245 1234
f 878 1244 1330
f 497 373 374
f 122 648 413
f 3699 3702 3704
f 3606 3405 3401
f 3708 3710 3698
f 3464 3714 3710
f 3704 3674 3443
f 439 398 399
f 1512 1528 1526
f 1668 1741 1738
f 839 849 1362
f 1362 1357 826
f 3843 740 1896
f 2053 2054 2118
f 3888 3887 2120
f 696 697 3816
f 1826 1878 639
f 3740 3739 3729
f 956 885 886
f 1980 806 1922
f 33 34 105
f 1343 1344 3856
f 3907 2127 2128
f 1766 1581 1582
f 14 1326 2163
f 595 98 99
f 3233 3238 3246
f 1346 1035 1044
f 748 1888 1425
f 3193 3208 3254
f 3190 3191 3206
f 3612 3605 3606
f 3624 3612 3615
f 3631 3415 3443
f 3679 3680 3644
f 3686 3650 3647
f 3702 3677 3674
f 3625 3615 3600
f 3601 3400 3415
f 3739 3738 3735
f 3630 3627 3594
f 3741 3723 3716
f 1284 1290 1288
f 3698 3696 3680
f 1778 1781 1780
f 1792 1759 1584
f 695 570 571
f 3638 3741 3594
f 3741 3638 3588
f 3247 3248 3209
f 3292 3293 3294
f 3296 3297 3298
f 3299 3298 3300
f 3302 3303 3304
f 3306 3307 3308
f 3307 3310 3311
f 3303 3302 3301
f 3312 3305 3304
f 3314 3315 3316
f 3318 3319 3320
f 3324 3318 3321
f 3326 3327 3328
f 3329 3330 3331
f 3333 3334 3335
f 3337 3338 3339
f 3333 3336 3341
f 3342 3341 3343
f 3319 3345 3344
f 3338 3335 3334
f 3346 3301 3302
f 3305 3348 3347
f 3312 3224 3223
f 3350 3337 3340
f 3312 3349 3348
f 3352 3343 3341
f 3311 3353 3354
f 3341 3336 3327
f 3359 3360 3361
f 3360 3359 3250
f 3318 3363 3345
f 3364 3363 3318
f 3314 3364 3324
f 3366 3299 3301
f 3299 3366 3367
f 3308 3354 3368
f 3369 3317 3295
f 3317 3369 3364
f 3370 3295 3317
f 3325 3371 3365
f 3352 3320 3319
f 3296 3367 3353
f 3297 3296 3311
f 3363 3368 3354
f 3345 3354 3353
f 3344 3353 3367
f 3366 3333 3342
f 3347 3339 3334
f 3339 3347 3348
f 3348 3349 3351
f 3363 3364 3369
f 3294 3309 3368
f 3293 3306 3309
f 3331 3373 3374
f 3346 3334 3333
f 3323 3322 3352
f 3356 3355 3321
f 3355 3357 3325
f 3357 3358 3371
f 3322 3356 3320
f 3361 3330 3329
f 3373 3372 3375
f 3374 3375 3376
f 3329 3332 3376
f 3327 3375 3372
f 3336 3335 3375
f 3335 3338 3376
f 3376 3338 3337
f 3337 3350 3359
f 3359 3350 3276
f 3377 3292 3295
f 3277 3316 3315
f 3371 3378 3379
f 3378 3371 3358
f 3365 3379 3315
f 3316 3277 3279
f 3282 3377 3370
f 3313 3283 3224
f 3378 3285 3284
f 3380 3286 3285
f 3379 3284 3278
f 3276 3350 3351
f 3291 3351 3349
f 3313 3304 2965
f 2965 3304 3303
f 222 3303 3300
f 223 3300 3298
f 3298 3297 3185
f 3297 3310 2977
f 3310 3307 1213
f 3307 3306 1214
f 2532 1214 3306
f 2894 2532 3293
f 2871 2894 3292
f 3253 3225 3240
f 3283 3313 3013
f 1997 1996 1889
f 1237 745 744
f 1535 1534 120
f 1531 1532 201
f 1119 1241 1032
f 946 948 824
f 163 8 5
f 3589 3726 3723
f 1155 1156 1162
f 427 213 327
f 553 1902 796
f 3381 2232 2231
f 3381 3178 2230
f 2237 3183 3180
f 3383 3384 3385
f 3384 3386 3387
f 3386 3388 3389
f 3388 3390 3391
f 3392 3393 3394
f 3395 3394 3396
f 3398 3399 3397
f 3400 3401 3399
f 3403 3404 3405
f 3406 3407 3404
f 3408 3409 3407
f 3410 3411 3409
f 3412 3413 3411
f 3415 3400 3398
f 3414 3398 3396
f 3416 3396 3394
f 3417 3394 3393
f 3393 3419 3420
f 3419 3390 3421
f 3390 3388 3422
f 3388 3386 3423
f 3386 3384 3424
f 3384 3383 3425
f 3425 3383 3426
f 2904 3427 3428
f 3429 3427 2904
f 3430 3429 2902
f 2875 3431 3430
f 3432 3433 2733
f 2825 3434 3435
f 3437 3438 3439
f 3441 3437 3436
f 2724 2723 3434
f 3436 3439 3115
f 3440 3436 3117
f 3443 3415 3414
f 3442 3414 3416
f 3444 3416 3417
f 3445 3417 3418
f 3446 3418 3420
f 3420 3421 3448
f 3421 3422 3449
f 3422 3423 3450
f 3423 3424 3451
f 3424 3425 3452
f 3425 3184 3056
f 3451 3452 2253
f 3450 3451 2252
f 3449 3450 1727
f 3448 3449 2150
f 3453 3447 3448
f 3454 3446 3447
f 3455 3445 3446
f 3456 3444 3445
f 3442 3444 3456
f 3443 3442 3457
f 3459 3460 3458
f 3457 3456 3455
f 3459 3455 3454
f 3462 3460 3459
f 3461 3454 3453
f 3464 3462 3461
f 3463 3453 1941
f 3404 3399 3401
f 3407 3397 3399
f 3409 3395 3397
f 3411 3392 3395
f 3465 3466 3413
f 3467 3468 3469
f 3465 3412 3431
f 3470 3467 3466
f 3438 3470 3432
f 3467 3470 3438
f 3468 3467 3437
f 3471 3469 3468
f 3472 3468 3441
f 3473 3441 3440
f 2712 3440 3119
f 3475 3471 3472
f 3474 3472 3473
f 3476 3473 2712
f 3477 3476 2711
f 3478 3474 3476
f 3479 3475 3474
f 3392 3411 3413
f 3466 3469 3480
f 3419 3393 3392
f 3390 3419 3480
f 3469 3471 3391
f 3389 3391 3471
f 3387 3389 3475
f 3385 3387 3479
f 3482 3477 2400
f 3483 3478 3477
f 3481 3479 3478
f 3484 3482 2402
f 3058 3484 2707
f 3061 3485 3484
f 3485 3483 3482
f 3382 3385 3481
f 3486 3481 3483
f 3426 3383 3382
f 3487 3382 3486
f 3486 3485 3061
f 1961 3057 3487
f 3057 3184 3426
f 3428 3403 3402
f 3427 3406 3403
f 3429 3408 3406
f 3430 3410 3408
f 3431 3412 3410
f 3470 3465 3433
f 3434 3439 3438
f 2723 3115 3439
f 2875 2733 3433
f 2736 2824 3435
f 2947 3428 3488
f 3464 3463 1360
f 1900 1925 1924
f 1736 1717 1718
f 1955 1952 1943
f 1671 1738 1735
f 1696 1750 1698
f 1800 1865 1864
f 2063 2055 2056
f 1737 1734 1717
f 1751 1735 1697
f 943 3885 3899
f 3656 3488 3402
f 1577 1578 1764
f 3917 1598 1599
f 1945 146 82
f 68 6 7
f 147 1542 1543
f 1109 1135 1133
f 1503 1910 1907
f 1499 1501 1909
f 452 1922 735
f 1824 2068 3835
f 1825 2067 2068
f 1463 1462 1022
f 841 1012 1009
f 1568 1547 1955
f 1910 1503 1502
f 1939 1502 422
f 309 280 1940
f 1804 1851 1866
f 269 1482 1954
f 2065 1607 2060
f 3812 1685 1758
f 280 276 552
f 1875 1873 1869
f 1739 1721 1734
f 1778 1779 1790
f 310 1920 1915
f 1909 1908 1906
f 1789 1783 1778
f 978 981 980
f 1584 1759 1731
f 425 426 311
f 148 1543 115
f 2044 3897 3894
f 277 1910 1939
f 1943 1946 1945
f 1461 1462 1463
f 2253 3452 3056
f 2981 2254 3489
f 2209 2998 3489
f 2254 2253 3055
f 2998 926 958
f 2826 2817 2721
f 3490 2739 2721
f 2816 3491 3490
f 2334 2297 2296
f 2298 2297 2334
f 2301 2298 2336
f 2311 2301 2338
f 2312 2311 2354
f 2359 2358 2361
f 2335 2296 2359
f 2414 2413 2365
f 2413 2270 2361
f 2355 2352 2540
f 2541 2540 2539
f 2722 2721 2739
f 3114 2722 2738
f 3110 3112 3121
f 3108 3110 3120
f 3122 1754 3127
f 3112 3122 3126
f 3127 1754 1753
f 3139 3133 2529
f 3744 3775 3133
f 3490 2789 2740
f 3491 2790 2789
f 228 229 91
f 245 244 243
f 248 7 247
f 2 297 296
f 145 146 300
f 327 213 210
f 329 332 331
f 239 241 240
f 373 376 375
f 178 177 176
f 1218 1225 1228
f 3862 1231 1295
f 808 809 824
f 3858 3859 1013
f 3813 3810 1411
f 2154 2149 2159
f 3845 3835 1758
f 306 807 1922
f 2157 2153 1976
f 708 709 2031
f 1450 1226 1227
f 1672 1604 1605
f 1813 1814 1821
f 1717 1716 1715
f 176 159 402
f 1710 1705 3916
f 1712 1580 1577
f 1705 1713 1711
f 971 978 979
f 822 823 1094
f 2909 2810 2793
f 2810 2769 2795
f 2799 2910 2249
f 3662 3643 2910
f 2769 2768 2801
f 3177 3176 3178
f 3178 3381 3180
f 3181 1394 1393
f 3181 1633 1632
f 3182 1632 2244
f 3183 2244 2243
f 3492 2791 2790
f 2808 3492 3491
f 2239 3574 3572
f 1149 1150 3571
f 1150 2009 3567
f 2202 3569 3566
f 2921 3564 3565
f 3568 3560 2133
f 1777 1579 1759
f 1201 1196 1183
f 3561 3554 2195
f 3553 3576 2770
f 3927 3925 1687
f 1516 152 154
f 3549 3562 2974
f 3550 3548 2779
f 2771 2772 3575
f 3070 2771 3546
f 3547 3544 2775
f 1376 1375 1370
f 2767 3543 3556
f 2195 3554 3543
f 2775 3544 3542
f 3377 3282 3545
f 3804 3802 3539
f 2776 3542 3538
f 2240 3572 3535
f 2920 3535 3669
f 3548 3534 2786
f 1805 1850 1851
f 3534 3532 2787
f 2951 2773 3540
f 2772 2951 3531
f 2973 2224 3530
f 2224 2223 3537
f 1957 1953 320
f 306 305 304
f 2770 3576 3528
f 2913 3528 3574
f 2923 3565 3527
f 308 1940 431
f 207 208 132
f 1879 1876 1881
f 3733 3787 3525
f 2475 3070 3558
f 2476 2475 3524
f 2223 2476 3523
f 3522 3549 2803
f 2037 3563 11
f 1959 1958 450
f 2003 3555 3520
f 9 10 334
f 2009 2008 3518
f 2008 2973 3536
f 3877 672 673
f 3515 3550 2778
f 2935 3514 3513
f 111 1149 3570
f 3510 3514 2935
f 683 3876 3885
f 3508 3557 2810
f 736 733 732
f 1795 1804 1803
f 3505 3510 2938
f 3507 3505 2939
f 2950 3512 3504
f 2940 2949 3504
f 3801 3791 3512
f 2868 3509 3502
f 2869 3502 3522
f 1024 1034 1023
f 3500 3503 2948
f 551 1939 442
f 2972 3499 3568
f 2032 3533 3499
f 216 93 1924
f 203 202 201
f 1828 1848 1847
f 1958 1957 449
f 272 271 178
f 2871 3545 3495
f 3619 3669 3564
f 2801 2768 3643
f 2005 3758 3654
f 960 886 899
f 3657 3655 3612
f 3780 3788 3646
f 3151 3646 3593
f 2193 3604 3623
f 3607 3603 3145
f 3603 3649 2761
f 3592 3607 3144
f 2926 3658 3634
f 3634 3592 3104
f 3755 3754 3746
f 566 567 3758
f 3488 3656 1864
f 1602 1586 2079
f 2868 3658 3611
f 2922 3611 3610
f 2923 3610 3618
f 3670 3613 2918
f 3619 3670 3614
f 2921 3618 3670
f 2920 3614 3586
f 3613 3642 2915
f 2917 2766 3622
f 2916 2917 3641
f 2239 3587 3652
f 2911 3640 3652
f 3643 3640 2911
f 2797 2801 3662
f 2797 3591 3598
f 3622 3628 2763
f 3608 3628 2764
f 2194 3623 3648
f 2221 3648 3649
f 2756 3608 3609
f 2750 3598 3609
f 3669 3535 1817
f 3763 3770 1691
f 2515 3621 3590
f 2548 3590 3593
f 2513 2489 3632
f 2513 3616 3621
f 2509 3633 3620
f 2510 3632 3633
f 2289 3620 3639
f 2283 3639 3617
f 2240 3586 3587
f 3659 3657 3624
f 716 2121 3887
f 727 1999 3761
f 2165 2171 2170
f 3660 3659 3626
f 3743 3581 3578
f 2175 2172 769
f 2100 500 2095
f 3758 567 3757
f 640 3560 3568
f 1653 3576 3553
f 1895 3536 3530
f 746 3530 3537
f 1653 1810 3528
f 3762 1603 1604
f 2093 2075 2073
f 959 996 995
f 962 899 919
f 1400 1401 1398
f 1000 817 1127
f 956 959 884
f 1662 3548 3550
f 2034 3558 3546
f 3926 1689 3539
f 3535 3572 766
f 3572 3574 765
f 334 3570 3571
f 1868 3531 3540
f 1684 1651 1652
f 1682 1683 775
f 1585 1603 3762
f 3763 3762 1672
f 2173 2174 490
f 1658 3544 3547
f 3556 3543 1650
f 1571 3754 2010
f 1587 3664 3671
f 2099 2095 2077
f 787 3761 1999
f 2000 3694 786
f 3155 339 3697
f 3713 3155 3683
f 2180 2179 3685
f 3496 2180 3684
f 1684 3846 3840
f 1760 464 3495
f 2607 3689 3693
f 2581 3676 3689
f 2371 2502 3700
f 2371 3695 3693
f 2587 3676 3675
f 2586 3675 3697
f 2497 3691 3687
f 2502 2503 3687
f 2494 3691 3690
f 3690 3688 2472
f 3688 3701 2468
f 3701 3703 2469
f 726 3908 3892
f 581 3567 3518
f 10 3511 3570
f 1837 3514 3510
f 741 3537 3523
f 1299 3524 3558
f 1851 3507 3504
f 3527 3565 1820
f 580 3518 3536
f 1758 1685 3522
f 1693 3557 3508
f 3504 3512 1867
f 1894 1826 3568
f 2126 1418 3813
f 3906 2126 3841
f 2113 3911 3867
f 2179 3713 3789
f 624 3903 3904
f 2192 3604 3788
f 2177 3541 3787
f 1364 3824 3833
f 3858 3855 1470
f 3135 1753 3775
f 2069 3812 3835
f 1351 3861 3853
f 2108 3882 3901
f 2089 2092 3736
f 3828 3834 1358
f 2001 3749 3783
f 2187 3783 3719
f 2130 3756 3752
f 2004 3752 3749
f 2014 3724 3779
f 2201 3779 3756
f 3167 3720 3759
f 3168 3724 3720
f 3159 3709 3764
f 3160 3764 3765
f 3730 3707 3158
f 3158 3707 3709
f 2200 3069 3730
f 3685 3789 3742
f 3722 3774 2197
f 3790 3736 2092
f 3774 3790 3721
f 3154 3706 3790
f 3155 3713 3706
f 2091 3719 3721
f 2196 3148 3750
f 2193 2196 3776
f 3604 2193 3781
f 2086 2192 3780
f 2087 2086 3778
f 2204 3742 3751
f 2205 3751 3750
f 3909 3886 574
f 2124 2087 3777
f 2208 2124 3760
f 3711 3785 3140
f 3785 3745 3138
f 3745 3744 3139
f 3771 3712 3136
f 3712 3711 3137
f 3775 3767 3131
f 3767 3782 3132
f 1813 3839 3838
f 1293 3854 3856
f 2184 2321 3748
f 2181 2184 3732
f 3765 3768 3079
f 3768 3734 3080
f 709 3873 3875
f 2774 2961 3737
f 3786 3769 2134
f 3809 3808 766
f 2968 3784 3766
f 2969 3759 3784
f 2958 3747 3737
f 2132 3747 3766
f 2321 2185 3771
f 3860 3848 1449
f 3905 3874 582
f 3886 3889 577
f 3847 3826 1818
f 705 3902 3887
f 3816 3912 3907
f 2111 3883 3911
f 3810 3829 1366
f 1812 3839 3822
f 675 3851 3852
f 3496 3705 3851
f 2110 3867 3868
f 2104 3896 3901
f 2109 3868 3899
f 3842 3831 703
f 1680 3811 3846
f 1639 1627 3819
f 623 3904 3906
f 2139 2140 3866
f 1808 1640 3844
f 3820 3821 1819
f 3872 3914 3900
f 1646 3832 3830
f 3889 3890 633
f 2139 3865 3875
f 2156 2155 3871
f 674 3852 3913
f 2117 3817 3812
f 1815 3822 3847
f 3855 3849 1444
f 697 3906 3912
f 866 842 3836
f 3864 3869 2136
f 3585 3731 3726
f 3583 3740 3731
f 3753 3746 3738
f 3740 3583 3581
f 1088 3738 3746
f 3739 3740 3743
f 2791 3492 3493
f 3492 2808 2807
f 2792 3493 3494
f 3493 2807 2806
f 3508 2909 3494
f 3516 3494 2806
f 2948 3503 3791
f 2105 3908 3896
f 3538 3802 3804
f 680 3878 3876
f 1891 1890 3910
f 2905 3799 3801
f 2900 3797 3799
f 2901 3797 3807
f 2734 2878 3806
f 2877 3807 3806
f 2820 3800 3794
f 2818 3796 3792
f 2823 3793 3792
f 2822 3793 3798
f 2819 2735 3800
f 2817 3796 3795
f 2809 3805 3795
f 2808 3805 3803
f 2805 3804 3803
f 1702 3921 3923
f 3922 3920 1797
f 3915 3916 1706
f 3918 3927 1692
f 1657 3898 3880
f 1890 1877 3895
f 3772 3770 1674
f 1689 1690 3772
f 3926 3802 3538
f 3516 3539 1689
f 3917 3923 1703
f 1598 3917 3928
f 3880 3884 1876
f 1691 1690 3925
f 3925 3926 1688
f 3934 3933 3937
f 3934 3938 3939
f 3932 3936 3937
f 3938 3942 3943
f 3937 3936 3940
f 3937 3941 3942
f 3942 3946 3947
f 3941 3940 3944
f 3942 3941 3945
f 3947 3946 3950
f 3944 3948 3949
f 3945 3949 3950
f 3950 3954 3955
f 3949 3948 3952
f 3950 3949 3953
f 3955 3954 3958
f 3953 3952 3956
f 3953 3957 3958
f 3959 3958 3962
f 3957 3956 3960
f 3958 3957 3961
f 3962 3966 3967
f 3960 3964 3965
f 3961 3965 3966
f 3966 3970 3971
f 3965 3964 3968
f 3966 3965 3969
f 3970 3974 3975
f 3968 3972 3973
f 3969 3973 3974
f 3974 3978 3979
f 3973 3972 3976
f 3974 3973 3977
f 3979 3978 3982
f 3976 3980 3981
f 3977 3981 3982
f 3982 3986 3987
f 3981 3980 3984
f 3982 3981 3985
f 3987 3986 3990
f 3984 3988 3989
f 3985 3989 3990
f 3991 3990 3994
f 3989 3988 3992
f 3990 3989 3993
f 3995 3994 3998
f 3992 3996 3997
f 3993 3997 3998
f 3998 4002 4003
f 3997 3996 4000
f 3998 3997 4001
f 4002 4006 4007
f 4000 4004 4005
f 4001 4005 4006
f 4006 4010 4011
f 4005 4004 4008
f 4006 4005 4009
f 4011 4010 4014
f 4008 4012 4013
f 4009 4013 4014
f 4014 4018 4019
f 4013 4012 4016
f 4014 4013 4017
f 4019 4018 4022
f 4016 4020 4021
f 4017 4021 4022
f 4023 4022 4026
f 4021 4020 4024
f 4022 4021 4025
f 4027 4026 4030
f 4024 4028 4029
f 4025 4029 4030
f 4031 4030 4034
f 4029 4028 4032
f 4030 4029 4033
f 4034 4038 4039
f 4032 4036 4037
f 4033 4037 4038
f 4038 4042 4043
f 4037 4036 4040
f 4038 4037 4041
f 4043 4042 4046
f 4040 4044 4045
f 4041 4045 4046
f 4046 4050 4051
f 4045 4044 4048
f 4046 4045 4049
f 4051 4050 4055
f 4048 4053 4054
f 4049 4054 4055
f 4056 4055 4059
f 4053 4057 4058
f 4055 4054 4058
f 4060 4059 3934
f 4058 4057 3932
f 4058 3933 3934
f 4069 4068 4081
f 4066 4079 4080
f 4065 4064 4077
f 4063 4062 4075
f 4071 4084 4085
f 4069 4082 4083
f 4067 4080 4081
f 4066 4065 4078
f 4063 4076 4077
f 4061 4074 4075
f 4072 4085 4086
f 4071 4070 4083
f 4076 4089 4090
f 4074 4087 4088
f 4086 4085 4098
f 4083 4096 4097
f 4082 4081 4094
f 4079 4092 4093
f 4078 4077 4090
f 4076 4075 4088
f 4085 4084 4097
f 4082 4095 4096
f 4080 4093 4094
f 4079 4078 4091
f 4089 4102 4103
f 4088 4087 4100
f 4098 4111 4112
f 4096 4109 4110
f 4095 4094 4107
f 4092 4105 4106
f 4090 4103 4104
f 4089 4088 4101
f 4097 4110 4111
f 4095 4108 4109
f 4094 4093 4106
f 4092 4091 4104
f 4103 4102 4115
f 4100 4113 4114
f 4112 4111 4124
f 4110 4109 4122
f 4107 4120 4121
f 4105 4118 4119
f 4103 4116 4117
f 4101 4114 4115
f 4110 4123 4124
f 4109 4108 4121
f 4107 4106 4119
f 4105 4104 4117
f 4115 4128 4129
f 4114 4113 4126
f 4124 4137 4138
f 4123 4122 4135
f 4120 4133 4134
f 4119 4118 4131
f 4117 4116 4129
f 4114 4127 4128
f 4124 4123 4136
f 4122 4121 4134
f 4119 4132 4133
f 4117 4130 4131
f 4129 4128 4141
f 4126 4139 4140
f 4138 4137 4150
f 4136 4135 4148
f 4133 4146 4147
f 4131 4144 4145
f 4130 4129 4142
f 4127 4140 4141
f 4137 4136 4149
f 4135 4134 4147
f 4132 4145 4146
f 4131 4130 4143
f 4142 4141 4154
f 4140 4139 4152
f 4150 4163 4164
f 4149 4148 4161
f 4146 4159 4160
f 4144 4157 4158
f 4142 4155 4156
f 4140 4153 4154
f 4149 4162 4163
f 4148 4147 4160
f 4146 4145 4158
f 4144 4143 4156
f 4155 4154 4167
f 4153 4152 4165
f 4163 4176 4177
f 4161 4174 4175
f 4159 4172 4173
f 4158 4157 4170
f 4155 4168 4169
f 4153 4166 4167
f 4163 4162 4175
f 4161 4160 4173
f 4159 4158 4171
f 4156 4169 4170
f 4167 4180 4181
f 4165 4178 4179
f 4176 4189 4190
f 4175 4174 4187
f 4173 4172 4185
f 4170 4183 4184
f 4169 4168 4181
f 4167 4166 4179
f 4175 4188 4189
f 4173 4186 4187
f 4171 4184 4185
f 4170 4169 4182
f 4180 4193 4194
f 4178 4191 4192
f 4190 4189 4202
f 4187 4200 4201
f 4186 4185 4198
f 4183 4196 4197
f 4182 4181 4194
f 4180 4179 4192
f 4189 4188 4201
f 4186 4199 4200
f 4184 4197 4198
f 4183 4182 4195
f 4193 4206 4207
f 4192 4191 4204
f 4202 4215 4216
f 4200 4213 4214
f 4199 4198 4211
f 4196 4209 4210
f 4194 4207 4208
f 4193 4192 4205
f 4201 4214 4215
f 4199 4212 4213
f 4198 4197 4210
f 4196 4195 4208
f 4207 4206 4219
f 4204 4217 4218
f 4216 4215 4228
f 4213 4226 4227
f 4211 4224 4225
f 4209 4222 4223
f 4207 4220 4221
f 4205 4218 4219
f 4214 4227 4228
f 4213 4212 4225
f 4211 4210 4223
f 4209 4208 4221
f 4219 4232 4233
f 4218 4217 4230
f 4228 4241 4242
f 4226 4239 4240
f 4225 4224 4237
f 4223 4222 4235
f 4221 4220 4233
f 4218 4231 4232
f 4228 4227 4240
f 4226 4225 4238
f 4223 4236 4237
f 4221 4234 4235
f 4233 4232 4245
f 4230 4243 4244
f 4242 4241 4254
f 4240 4239 4252
f 4237 4250 4251
f 4235 4248 4249
f 4234 4233 4246
f 4231 4244 4245
f 4241 4240 4253
f 4239 4238 4251
f 4236 4249 4250
f 4235 4234 4247
f 4246 4245 4258
f 4244 4243 4256
f 4254 4267 4268
f 4253 4252 4265
f 4250 4263 4264
f 4248 4261 4262
f 4246 4259 4260
f 4244 4257 4258
f 4253 4266 4267
f 4252 4251 4264
f 4250 4249 4262
f 4248 4247 4260
f 4259 4258 4271
f 4257 4256 4269
f 4267 4280 4281
f 4265 4278 4279
f 4263 4276 4277
f 4262 4261 4274
f 4259 4272 4273
f 4257 4270 4271
f 4266 4279 4280
f 4265 4264 4277
f 4263 4262 4275
f 4260 4273 4274
f 4271 4284 4285
f 4269 4282 4283
f 4281 4280 4293
f 4279 4278 4291
f 4277 4276 4289
f 4274 4287 4288
f 4273 4272 4285
f 4271 4270 4283
f 4280 4279 4292
f 4277 4290 4291
f 4275 4288 4289
f 4274 4273 4286
f 4284 4297 4298
f 4282 4295 4296
f 4294 4293 4306
f 4291 4304 4305
f 4290 4289 4302
f 4287 4300 4301
f 4286 4285 4298
f 4284 4283 4296
f 4293 4292 4305
f 4290 4303 4304
f 4288 4301 4302
f 4287 4286 4299
f 4297 4310 4311
f 4296 4295 4308
f 4306 4319 4320
f 4304 4317 4318
f 4303 4302 4315
f 4300 4313 4314
f 4298 4311 4312
f 4297 4296 4309
f 4305 4318 4319
f 4304 4303 4316
f 4302 4301 4314
f 4300 4299 4312
f 4310 4323 4324
f 4308 4321 4322
f 4320 4319 4332
f 4318 4317 4330
f 4316 4315 4328
f 4313 4326 4327
f 4311 4324 4325
f 4310 4309 4322
f 4318 4331 4332
f 4316 4329 4330
f 4315 4314 4327
f 4312 4325 4326
f 4323 4336 4337
f 4322 4321 4334
f 4332 4345 4346
f 4330 4343 4344
f 4329 4328 4341
f 4327 4326 4339
f 4325 4324 4337
f 4322 4335 4336
f 4332 4331 4344
f 4330 4329 4342
f 4327 4340 4341
f 4325 4338 4339
f 4337 4336 4350
f 4334 4348 4349
f 4346 4345 4359
f 4344 4343 4357
f 4341 4355 4356
f 4340 4339 4353
f 4338 4337 4351
f 4335 4349 4350
f 4345 4344 4358
f 4343 4342 4356
f 4340 4354 4355
f 4338 4352 4353
f 4351 4350 4363
f 4349 4348 4361
f 4359 4372 4373
f 4358 4357 4370
f 4355 4368 4369
f 4354 4353 4366
f 4351 4364 4365
f 4349 4362 4363
f 4358 4371 4372
f 4357 4356 4369
f 4355 4354 4367
f 4352 4365 4366
f 4364 4363 4376
f 4362 4361 4374
f 4373 4372 4385
f 4370 4383 4384
f 4368 4381 4382
f 4367 4366 4379
f 4364 4377 4378
f 4362 4375 4376
f 4372 4371 4384
f 4370 4369 4382
f 4368 4367 4380
f 4365 4378 4379
f 4376 4389 4390
f 4374 4387 4388
f 4385 4398 4399
f 4384 4383 4396
f 4382 4381 4394
f 4379 4392 4393
f 4378 4377 4390
f 4376 4375 4388
f 4384 4397 4398
f 4382 4395 4396
f 4380 4393 4394
f 4379 4378 4391
f 4389 4402 4403
f 4387 4400 4401
f 4399 4398 4411
f 4396 4409 4410
f 4395 4394 4407
f 4393 4392 4405
f 4391 4390 4403
f 4389 4388 4401
f 4398 4397 4410
f 4395 4408 4409
f 4393 4406 4407
f 4391 4404 4405
f 4402 4415 4416
f 4401 4400 4413
f 4411 4424 4425
f 4409 4422 4423
f 4408 4407 4420
f 4406 4405 4418
f 4403 4416 4417
f 4402 4401 4414
f 4410 4423 4424
f 4408 4421 4422
f 4407 4406 4419
f 4404 4417 4418
f 4416 4415 4428
f 4413 4426 4427
f 4425 4424 4437
f 4423 4422 4435
f 4421 4420 4433
f 4418 4431 4432
f 4416 4429 4430
f 4415 4414 4427
f 4423 4436 4437
f 4421 4434 4435
f 4420 4419 4432
f 4418 4417 4430
f 4428 4441 4442
f 4426 4439 4440
f 4437 4450 4451
f 4435 4448 4449
f 4434 4433 4446
f 4432 4431 4444
f 4430 4429 4442
f 4427 4440 4441
f 4437 4436 4449
f 4435 4434 4447
f 4432 4445 4446
f 4430 4443 4444
f 4442 4441 4454
f 4439 4452 4453
f 4451 4450 4463
f 4449 4448 4461
f 4446 4459 4460
f 4444 4457 4458
f 4443 4442 4455
f 4440 4453 4454
f 4450 4449 4462
f 4447 4460 4461
f 4445 4458 4459
f 4444 4443 4456
f 4455 4454 4467
f 4453 4452 4465
f 4463 4476 4477
f 4462 4461 4474
f 4459 4472 4473
f 4457 4470 4471
f 4455 4468 4469
f 4453 4466 4467
f 4462 4475 4476
f 4461 4460 4473
f 4459 4458 4471
f 4457 4456 4469
f 4468 4467 4063
f 4466 4465 4061
f 4477 4476 4072
f 4474 4070 4071
f 4472 4068 4069
f 4471 4470 4066
f 4468 4064 4065
f 4466 4062 4063
f 4476 4475 4071
f 4474 4473 4069
f 4472 4471 4067
f 4469 4065 4066
f 3935 4061 4465
f 4465 4452 4056
f 4452 4439 4051
f 4439 4426 4047
f 4047 4426 4413
f 4043 4413 4400
f 4039 4400 4387
f 4387 4374 4031
f 4031 4374 4361
f 4361 4348 4023
f 4348 4334 4019
f 4334 4321 4015
f 4015 4321 4308
f 4011 4308 4295
f 4007 4295 4282
f 4282 4269 3999
f 3999 4269 4256
f 4256 4243 3991
f 4243 4230 3987
f 4230 4217 3983
f 3983 4217 4204
f 3979 4204 4191
f 3975 4191 4178
f 4178 4165 3967
f 3967 4165 4152
f 4152 4139 3959
f 4139 4126 3955
f 4126 4113 3951
f 3951 4113 4100
f 3947 4100 4087
f 3943 4087 4074
f 4074 4061 3935
f 4480 4479 4483
f 4480 4484 4485
f 4479 4478 4482
f 4484 4488 4489
f 4482 4486 4487
f 4483 4487 4488
f 4488 4492 4493
f 4487 4486 4490
f 4488 4487 4491
f 4493 4492 4496
f 4490 4494 4495
f 4491 4495 4496
f 4496 4500 4501
f 4495 4494 4498
f 4496 4495 4499
f 4501 4500 4504
f 4498 4502 4503
f 4499 4503 4504
f 4505 4504 4508
f 4503 4502 4506
f 4504 4503 4507
f 4509 4508 4512
f 4506 4510 4511
f 4507 4511 4512
f 4513 4512 4516
f 4511 4510 4514
f 4512 4511 4515
f 4516 4520 4521
f 4514 4518 4519
f 4515 4519 4520
f 4520 4524 4525
f 4518 4522 4523
f 4520 4519 4523
f 4525 4524 4528
f 4522 4526 4527
f 4523 4527 4528
f 4528 4532 4533
f 4527 4526 4530
f 4528 4527 4531
f 4533 4532 4536
f 4530 4534 4535
f 4531 4535 4536
f 4537 4536 4540
f 4534 4538 4539
f 4536 4535 4539
f 4541 4540 4544
f 4539 4538 4542
f 4539 4543 4544
f 4544 4548 4549
f 4542 4546 4547
f 4544 4543 4547
f 4548 4552 4553
f 4547 4546 4550
f 4547 4551 4552
f 4552 4556 4557
f 4551 4550 4554
f 4552 4551 4555
f 4557 4556 4560
f 4554 4558 4559
f 4555 4559 4560
f 4560 4564 4565
f 4559 4558 4562
f 4560 4559 4563
f 4565 4564 4568
f 4562 4566 4567
f 4563 4567 4568
f 4569 4568 4572
f 4567 4566 4570
f 4568 4567 4571
f 4572 4576 4577
f 4570 4574 4575
f 4571 4575 4576
f 4576 4580 4581
f 4575 4574 4578
f 4576 4575 4579
f 4580 4584 4585
f 4578 4582 4583
f 4579 4583 4584
f 4584 4588 4589
f 4583 4582 4586
f 4584 4583 4587
f 4589 4588 4592
f 4586 4590 4591
f 4587 4591 4592
f 4592 4596 4597
f 4591 4590 4594
f 4592 4591 4595
f 4597 4596 4601
f 4594 4599 4600
f 4595 4600 4601
f 4602 4601 4605
f 4600 4599 4603
f 4601 4600 4604
f 4606 4605 4480
f 4603 4478 4479
f 4604 4479 4480
f 4615 4614 4627
f 4612 4625 4626
f 4611 4610 4623
f 4609 4608 4621
f 4618 4617 4630
f 4615 4628 4629
f 4613 4626 4627
f 4612 4611 4624
f 4609 4622 4623
f 4607 4620 4621
f 4619 4618 4631
f 4617 4616 4629
f 4622 4635 4636
f 4620 4633 4634
f 4632 4631 4644
f 4629 4642 4643
f 4628 4627 4640
f 4626 4625 4638
f 4624 4623 4636
f 4622 4621 4634
f 4631 4630 4643
f 4628 4641 4642
f 4626 4639 4640
f 4624 4637 4638
f 4635 4648 4649
f 4634 4633 4646
f 4644 4657 4658
f 4642 4655 4656
f 4641 4640 4653
f 4639 4638 4651
f 4636 4649 4650
f 4635 4634 4647
f 4643 4656 4657
f 4642 4641 4654
f 4640 4639 4652
f 4637 4650 4651
f 4648 4661 4662
f 4646 4659 4660
f 4658 4657 4670
f 4656 4655 4668
f 4653 4666 4667
f 4651 4664 4665
f 4649 4662 4663
f 4648 4647 4660
f 4656 4669 4670
f 4654 4667 4668
f 4653 4652 4665
f 4651 4650 4663
f 4661 4674 4675
f 4660 4659 4672
f 4670 4683 4684
f 4668 4681 4682
f 4667 4666 4679
f 4665 4664 4677
f 4663 4662 4675
f 4661 4660 4673
f 4670 4669 4682
f 4667 4680 4681
f 4665 4678 4679
f 4663 4676 4677
f 4675 4674 4687
f 4672 4685 4686
f 4684 4683 4696
f 4682 4681 4694
f 4679 4692 4693
f 4678 4677 4690
f 4676 4675 4688
f 4673 4686 4687
f 4683 4682 4695
f 4681 4680 4693
f 4678 4691 4692
f 4676 4689 4690
f 4688 4687 4700
f 4686 4685 4698
f 4696 4709 4710
f 4695 4694 4707
f 4692 4705 4706
f 4691 4690 4703
f 4688 4701 4702
f 4686 4699 4700
f 4695 4708 4709
f 4694 4693 4706
f 4692 4691 4704
f 4689 4702 4703
f 4701 4700 4713
f 4699 4698 4711
f 4710 4709 4722
f 4707 4720 4721
f 4705 4718 4719
f 4704 4703 4716
f 4701 4714 4715
f 4699 4712 4713
f 4709 4708 4721
f 4707 4706 4719
f 4705 4704 4717
f 4702 4715 4716
f 4713 4726 4727
f 4711 4724 4725
f 4723 4722 4735
f 4721 4720 4733
f 4719 4718 4731
f 4716 4729 4730
f 4715 4714 4727
f 4713 4712 4725
f 4721 4734 4735
f 4719 4732 4733
f 4717 4730 4731
f 4716 4715 4728
f 4726 4739 4740
f 4724 4737 4738
f 4736 4735 4748
f 4733 4746 4747
f 4732 4731 4744
f 4730 4729 4742
f 4728 4727 4740
f 4726 4725 4738
f 4735 4734 4747
f 4732 4745 4746
f 4730 4743 4744
f 4728 4741 4742
f 4739 4752 4753
f 4738 4737 4750
f 4748 4761 4762
f 4746 4759 4760
f 4745 4744 4757
f 4743 4742 4755
f 4740 4753 4754
f 4739 4738 4751
f 4747 4760 4761
f 4745 4758 4759
f 4744 4743 4756
f 4741 4754 4755
f 4753 4752 4765
f 4750 4763 4764
f 4762 4761 4774
f 4759 4772 4773
f 4758 4757 4770
f 4755 4768 4769
f 4753 4766 4767
f 4752 4751 4764
f 4760 4773 4774
f 4758 4771 4772
f 4757 4756 4769
f 4755 4754 4767
f 4765 4778 4779
f 4764 4763 4776
f 4774 4787 4788
f 4772 4785 4786
f 4771 4770 4783
f 4769 4768 4781
f 4767 4766 4779
f 4765 4764 4777
f 4774 4773 4786
f 4771 4784 4785
f 4769 4782 4783
f 4767 4780 4781
f 4779 4778 4791
f 4776 4789 4790
f 4788 4787 4800
f 4786 4785 4798
f 4783 4796 4797
f 4782 4781 4794
f 4780 4779 4792
f 4777 4790 4791
f 4787 4786 4799
f 4785 4784 4797
f 4782 4795 4796
f 4780 4793 4794
f 4792 4791 4804
f 4790 4789 4802
f 4800 4813 4814
f 4799 4798 4811
f 4796 4809 4810
f 4795 4794 4807
f 4792 4805 4806
f 4790 4803 4804
f 4799 4812 4813
f 4798 4797 4810
f 4796 4795 4808
f 4793 4806 4807
f 4805 4804 4817
f 4803 4802 4815
f 4814 4813 4826
f 4811 4824 4825
f 4809 4822 4823
f 4808 4807 4820
f 4805 4818 4819
f 4803 4816 4817
f 4813 4812 4825
f 4811 4810 4823
f 4809 4808 4821
f 4806 4819 4820
f 4817 4830 4831
f 4815 4828 4829
f 4826 4839 4840
f 4825 4824 4837
f 4823 4822 4835
f 4820 4833 4834
f 4819 4818 4831
f 4817 4816 4829
f 4825 4838 4839
f 4823 4836 4837
f 4821 4834 4835
f 4820 4819 4832
f 4830 4843 4844
f 4828 4841 4842
f 4840 4839 4852
f 4837 4850 4851
f 4836 4835 4848
f 4834 4833 4846
f 4832 4831 4844
f 4830 4829 4842
f 4839 4838 4851
f 4836 4849 4850
f 4834 4847 4848
f 4832 4845 4846
f 4843 4856 4857
f 4842 4841 4854
f 4852 4865 4866
f 4850 4863 4864
f 4849 4848 4861
f 4847 4846 4859
f 4844 4857 4858
f 4843 4842 4855
f 4851 4864 4865
f 4849 4862 4863
f 4848 4847 4860
f 4845 4858 4859
f 4857 4856 4869
f 4855 4854 4867
f 4866 4865 4878
f 4864 4863 4876
f 4862 4861 4874
f 4859 4872 4873
f 4857 4870 4871
f 4856 4855 4868
f 4864 4877 4878
f 4862 4875 4876
f 4861 4860 4873
f 4859 4858 4871
f 4869 4882 4883
f 4868 4867 4880
f 4878 4891 4892
f 4877 4876 4889
f 4874 4887 4888
f 4873 4872 4885
f 4871 4870 4883
f 4868 4881 4882
f 4878 4877 4890
f 4876 4875 4888
f 4873 4886 4887
f 4871 4884 4885
f 4883 4882 4896
f 4880 4894 4895
f 4892 4891 4905
f 4890 4889 4903
f 4887 4901 4902
f 4885 4899 4900
f 4884 4883 4897
f 4881 4895 4896
f 4891 4890 4904
f 4889 4888 4902
f 4886 4900 4901
f 4885 4884 4898
f 4897 4896 4909
f 4895 4894 4907
f 4905 4918 4919
f 4904 4903 4916
f 4901 4914 4915
f 4899 4912 4913
f 4897 4910 4911
f 4895 4908 4909
f 4904 4917 4918
f 4903 4902 4915
f 4901 4900 4913
f 4899 4898 4911
f 4910 4909 4922
f 4908 4907 4920
f 4919 4918 4931
f 4916 4929 4930
f 4914 4927 4928
f 4913 4912 4925
f 4910 4923 4924
f 4908 4921 4922
f 4918 4917 4930
f 4916 4915 4928
f 4914 4913 4926
f 4911 4924 4925
f 4922 4935 4936
f 4920 4933 4934
f 4931 4944 4945
f 4930 4929 4942
f 4928 4927 4940
f 4925 4938 4939
f 4924 4923 4936
f 4922 4921 4934
f 4930 4943 4944
f 4928 4941 4942
f 4926 4939 4940
f 4925 4924 4937
f 4935 4948 4949
f 4933 4946 4947
f 4945 4944 4957
f 4942 4955 4956
f 4941 4940 4953
f 4938 4951 4952
f 4937 4936 4949
f 4935 4934 4947
f 4944 4943 4956
f 4941 4954 4955
f 4939 4952 4953
f 4938 4937 4950
f 4948 4961 4962
f 4947 4946 4959
f 4957 4970 4971
f 4955 4968 4969
f 4954 4953 4966
f 4951 4964 4965
f 4949 4962 4963
f 4948 4947 4960
f 4956 4969 4970
f 4954 4967 4968
f 4953 4952 4965
f 4951 4950 4963
f 4962 4961 4974
f 4959 4972 4973
f 4971 4970 4983
f 4968 4981 4982
f 4966 4979 4980
f 4964 4977 4978
f 4962 4975 4976
f 4960 4973 4974
f 4969 4982 4983
f 4967 4980 4981
f 4966 4965 4978
f 4964 4963 4976
f 4975 4974 4987
f 4973 4972 4985
f 4983 4996 4997
f 4981 4994 4995
f 4979 4992 4993
f 4978 4977 4990
f 4976 4975 4988
f 4973 4986 4987
f 4983 4982 4995
f 4981 4980 4993
f 4978 4991 4992
f 4976 4989 4990
f 4988 4987 5000
f 4985 4998 4999
f 4997 4996 5009
f 4995 4994 5007
f 4992 5005 5006
f 4991 4990 5003
f 4989 4988 5001
f 4986 4999 5000
f 4996 4995 5008
f 4994 4993 5006
f 4991 5004 5005
f 4989 5002 5003
f 5001 5000 5013
f 4999 4998 5011
f 5009 5022 5023
f 5008 5007 5020
f 5005 5018 5019
f 5004 5003 5016
f 5001 5014 5015
f 4999 5012 5013
f 5008 5021 5022
f 5007 5006 5019
f 5005 5004 5017
f 5002 5015 5016
f 5014 5013 4609
f 5012 5011 4607
f 5022 4618 4619
f 5020 4616 4617
f 5018 4614 4615
f 5017 5016 4612
f 5014 4610 4611
f 5012 4608 4609
f 5021 4617 4618
f 5020 5019 4615
f 5018 5017 4613
f 5015 4611 4612
f 4481 4607 5011
f 5011 4998 4602
f 4998 4985 4597
f 4985 4972 4593
f 4593 4972 4959
f 4589 4959 4946
f 4585 4946 4933
f 4933 4920 4577
f 4577 4920 4907
f 4907 4894 4569
f 4894 4880 4565
f 4880 4867 4561
f 4561 4867 4854
f 4557 4854 4841
f 4553 4841 4828
f 4828 4815 4545
f 4545 4815 4802
f 4802 4789 4537
f 4789 4776 4533
f 4776 4763 4529
f 4529 4763 4750
f 4525 4750 4737
f 4521 4737 4724
f 4724 4711 4513
f 4513 4711 4698
f 4698 4685 4505
f 4685 4672 4501
f 4672 4659 4497
f 4497 4659 4646
f 4493 4646 4633
f 4489 4633 4620
f 4620 4607 4481
