v 0.063526 -0.009105 -0.050727
v 0.067079 -0.010094 -0.049503
v 0.067627 -0.008639 -0.049129
v 0.064212 -0.008120 -0.050426
v 0.074326 -0.009289 -0.058826
v 0.075235 -0.005748 -0.054382
v 0.074733 -0.003315 -0.053520
v 0.074434 -0.003343 -0.056394
v 0.026121 -0.045416 -0.113487
v 0.011428 -0.045179 -0.117587
v 0.011345 -0.056403 -0.115012
v 0.024982 -0.059411 -0.109680
v 0.044531 -0.082839 -0.091254
v 0.039126 -0.074722 -0.096434
v 0.036906 -0.086912 -0.100121
v 0.046006 -0.090670 -0.091044
v 0.039335 0.048408 0.039135
v 0.046531 0.047084 0.033207
v 0.045393 0.041158 0.036863
v -0.063464 -0.009226 -0.053103
v -0.067039 -0.010216 -0.051743
v -0.067619 -0.008796 -0.051434
v -0.063995 -0.008194 -0.052895
v -0.074082 -0.009163 -0.061800
v -0.075259 -0.005692 -0.057221
v -0.074717 -0.003305 -0.056312
v -0.074281 -0.003266 -0.059336
v 0.038453 0.041761 0.041265
v 0.090761 0.013011 -0.067266
v 0.090884 0.010527 -0.068503
v 0.091533 0.008713 -0.066781
v 0.091215 0.010814 -0.065315
v 0.087057 -0.004266 -0.067163
v 0.087367 0.002801 -0.068013
v 0.088583 0.005265 -0.068475
v 0.088760 0.003070 -0.067809
v 0.086723 -0.014512 -0.064605
v 0.085392 -0.013808 -0.064398
v 0.086812 -0.009343 -0.065943
v 0.088440 -0.009773 -0.066442
v 0.073278 -0.034783 -0.042232
v 0.075891 -0.031869 -0.044501
v 0.075998 -0.035082 -0.046005
v 0.071576 -0.036643 -0.044407
v 0.068475 -0.034743 -0.045779
v 0.072720 -0.035429 -0.049861
v 0.072284 -0.031893 -0.050943
v 0.068751 -0.031743 -0.048043
v 0.086197 0.022020 -0.054659
v 0.086663 0.018319 -0.053831
v 0.085530 0.017190 -0.051797
v 0.084825 0.020812 -0.052345
v 0.071060 -0.008396 -0.065401
v 0.069347 -0.014815 -0.064149
v 0.075516 -0.010215 -0.066210
v 0.076092 -0.007494 -0.066145
v 0.085853 0.012317 -0.060160
v 0.085857 0.012961 -0.063172
v 0.086230 0.010960 -0.064491
v 0.085703 0.009703 -0.062265
v 0.087703 0.014602 -0.068262
v 0.087842 0.011785 -0.069622
v 0.071873 -0.025121 -0.042149
v 0.071103 -0.021641 -0.041398
v 0.071477 -0.020159 -0.042403
v 0.071594 -0.021246 -0.043970
v 0.073853 -0.009299 -0.055575
v 0.075299 -0.004742 -0.052995
v 0.083423 -0.025294 -0.060329
v 0.083074 -0.023253 -0.059248
v 0.085317 -0.019143 -0.062140
v 0.085510 -0.020611 -0.063670
v 0.079795 -0.020918 -0.057266
v 0.082143 -0.018045 -0.060365
v 0.083121 -0.017322 -0.062047
v 0.082246 -0.019542 -0.060123
v 0.087146 0.014798 -0.061487
v 0.085936 0.017086 -0.056657
v 0.087345 0.016013 -0.055448
v 0.088930 0.013898 -0.059551
v 0.078274 0.003916 -0.065074
v 0.076859 0.008797 -0.062969
v 0.075709 0.008178 -0.063063
v 0.076782 0.003952 -0.065010
v 0.087579 0.012104 -0.065955
v 0.087989 0.009933 -0.067236
v 0.086643 0.008672 -0.065960
v 0.077699 0.009642 -0.049206
v 0.079327 0.010736 -0.051141
v 0.079435 0.009157 -0.052061
v 0.079114 0.007982 -0.051333
v 0.075610 -0.035991 -0.049433
v 0.068277 -0.023428 -0.057865
v 0.069974 -0.023083 -0.059385
v 0.072675 -0.018949 -0.062095
v 0.070940 -0.017700 -0.062629
v 0.068813 -0.032584 -0.040624
v 0.072015 -0.032384 -0.040743
v 0.072512 -0.033637 -0.041559
v 0.069399 -0.034872 -0.041945
v 0.080243 0.014019 -0.051330
v 0.082267 0.013252 -0.053055
v 0.080552 0.012479 -0.052597
v 0.079304 0.012964 -0.051235
v 0.086201 0.001034 -0.066528
v 0.085885 0.007240 -0.064065
v 0.085318 -0.007966 -0.062000
v 0.085428 -0.007614 -0.064735
v 0.084943 -0.011677 -0.063304
v -0.029113 -0.045556 -0.113368
v -0.014420 -0.045206 -0.117530
v -0.014312 -0.056487 -0.114967
v -0.027884 -0.059632 -0.109548
v 0.084283 -0.011820 -0.060893
v 0.085595 -0.000145 -0.061559
v 0.085732 -0.000026 -0.064776
v 0.089311 0.007985 -0.065476
v 0.089353 0.002285 -0.066632
v 0.088757 0.008659 -0.066343
v 0.074906 0.011796 -0.060695
v 0.075335 0.014969 -0.064923
v 0.073865 0.008980 -0.066927
v 0.074811 0.009470 -0.062493
v 0.072144 -0.016217 -0.042170
v 0.073207 -0.014014 -0.043303
v 0.071525 -0.016104 -0.045102
v 0.070579 -0.018668 -0.044718
v 0.073544 -0.021184 -0.060900
v 0.070889 -0.024220 -0.058611
v 0.071542 -0.024960 -0.057972
v 0.074177 -0.022903 -0.059479
v 0.084293 0.013897 -0.054897
v 0.084478 0.009787 -0.056264
v 0.082999 0.009779 -0.055008
v 0.075815 -0.020010 -0.050395
v 0.076079 -0.018756 -0.052288
v 0.077494 -0.021493 -0.053457
v 0.077342 -0.023529 -0.051724
v 0.079802 -0.031940 -0.054654
v 0.077025 -0.032090 -0.055648
v 0.074864 -0.034113 -0.052515
v 0.077775 -0.034329 -0.052014
v 0.071333 -0.019827 -0.044372
v 0.071571 -0.018735 -0.042399
v 0.080409 0.004133 -0.066696
v 0.079376 0.009958 -0.063956
v 0.085492 0.008303 -0.060307
v 0.085667 0.006101 -0.061966
v 0.074507 -0.003614 -0.046103
v 0.072845 -0.003194 -0.047777
v 0.073156 -0.004013 -0.047712
v 0.075227 -0.005055 -0.045957
v 0.074518 -0.003992 -0.044784
v 0.075021 -0.005563 -0.044689
v 0.074329 -0.005596 -0.043960
v 0.073984 -0.004771 -0.043810
v 0.072134 -0.003020 -0.048164
v 0.072538 -0.003276 -0.047953
v 0.072705 -0.002775 -0.047998
v 0.076390 -0.000598 -0.058593
v 0.075786 -0.007719 -0.060710
v 0.075253 -0.009056 -0.060759
v 0.076964 -0.003393 -0.058198
v 0.085971 -0.006599 -0.066230
v 0.082483 0.017430 -0.048451
v 0.081574 0.020230 -0.048426
v 0.083881 0.022858 -0.052195
v 0.070457 -0.017097 -0.054438
v 0.073838 -0.016942 -0.052287
v 0.073393 -0.017079 -0.050731
v 0.070966 -0.017264 -0.052762
v 0.072441 -0.012070 -0.047478
v 0.070094 -0.015108 -0.047506
v 0.073599 -0.013644 -0.045612
v 0.074655 0.001661 -0.044442
v 0.074041 -0.002064 -0.046929
v 0.074074 -0.002889 -0.045787
v 0.074083 -0.002566 -0.044616
v 0.086857 -0.015233 -0.066062
v 0.088116 -0.009978 -0.068071
v 0.086441 -0.010040 -0.069554
v 0.085283 -0.015698 -0.067600
v 0.070266 -0.028666 -0.039772
v 0.065381 -0.030540 -0.043284
v 0.069210 -0.025451 -0.040208
v 0.089301 0.019328 -0.062438
v 0.087258 0.021147 -0.062772
v 0.087492 0.019230 -0.064926
v 0.089983 0.017478 -0.064391
v 0.074446 0.002663 -0.051579
v 0.074045 0.000699 -0.051504
v 0.074556 0.001781 -0.050155
v 0.074387 0.003998 -0.050121
v 0.050084 -0.031358 -0.096486
v 0.058178 -0.031383 -0.077853
v 0.062195 -0.017628 -0.085964
v 0.055119 -0.017824 -0.101739
v 0.080341 -0.028700 -0.053748
v 0.079685 -0.030893 -0.051429
v 0.076492 0.009156 -0.043256
v 0.075816 0.010847 -0.042707
v 0.076523 0.016329 -0.044429
v 0.077545 0.013183 -0.044257
v 0.088511 0.004362 -0.071324
v 0.090982 0.003591 -0.070095
v 0.079715 0.014197 -0.049814
v 0.081818 0.016791 -0.052593
v 0.080484 0.014701 -0.051558
v 0.079206 0.013451 -0.050072
v 0.079408 0.006025 -0.047240
v 0.080067 0.007295 -0.047198
v 0.078244 0.008210 -0.047284
v 0.077254 0.006921 -0.047519
v 0.075200 0.015834 -0.042103
v 0.076303 0.020878 -0.045404
v 0.066212 -0.023686 -0.057569
v 0.078653 0.007961 -0.044724
v 0.079365 0.010546 -0.045116
v 0.080656 0.009024 -0.047122
v -0.047301 -0.083430 -0.090491
v -0.041949 -0.075256 -0.095853
v -0.039718 -0.087399 -0.099683
v -0.048828 -0.091284 -0.090121
v 0.070245 -0.020750 -0.039689
v 0.071251 -0.019150 -0.041201
v 0.078825 0.013122 -0.049864
v 0.078144 0.011974 -0.049756
v 0.076869 0.008089 -0.048213
v 0.077647 0.007044 -0.050359
v 0.081345 0.000550 -0.057602
v 0.081906 -0.007522 -0.059265
v 0.065350 -0.017161 -0.072035
v 0.062080 -0.030063 -0.058295
v 0.077106 0.008663 -0.047500
v 0.077296 0.009215 -0.047634
v 0.076737 0.008426 -0.047427
v 0.076229 0.007578 -0.047874
v 0.078543 -0.032805 -0.049209
v 0.081453 0.006607 -0.055365
v 0.078710 0.004673 -0.053398
v 0.080297 0.006580 -0.053385
v 0.088840 -0.005358 -0.066427
v 0.090442 0.002008 -0.066465
v 0.091797 0.002198 -0.067869
v 0.090106 -0.005499 -0.067592
v 0.066724 -0.033354 -0.044641
v 0.073875 -0.000050 -0.052810
v 0.074892 -0.001376 -0.052199
v 0.076174 0.005500 -0.050727
v 0.075586 0.006680 -0.048219
v 0.071422 -0.016141 -0.040433
v 0.086696 0.015585 -0.063152
v 0.087278 0.014021 -0.064520
v 0.085779 0.014448 -0.061936
v 0.085645 0.015525 -0.060434
v 0.085153 0.017812 -0.058831
v 0.084523 0.018509 -0.058376
v 0.086186 0.017090 -0.061468
v 0.078415 0.006121 -0.051559
v 0.079634 0.007081 -0.052317
v 0.075961 -0.021203 -0.048977
v 0.076967 -0.026765 -0.048978
v 0.083688 -0.015174 -0.061361
v 0.082564 -0.014562 -0.058970
v 0.083904 -0.004374 -0.070132
v 0.083918 0.004313 -0.069903
v 0.082166 0.004151 -0.068062
v 0.082612 -0.004143 -0.068885
v 0.076292 -0.001959 -0.065942
v 0.072689 -0.001006 -0.065959
v 0.073678 -0.003927 -0.043391
v 0.073145 -0.000195 -0.041518
v 0.074901 0.004711 -0.050065
v 0.075089 0.006420 -0.048653
v 0.077410 -0.018801 -0.063354
v 0.073907 -0.025760 -0.055996
v 0.077768 -0.020936 -0.061484
v 0.069792 -0.026173 -0.054252
v 0.069622 -0.027176 -0.052042
v 0.072161 -0.027360 -0.053393
v 0.079578 -0.019000 -0.056445
v 0.081652 -0.017683 -0.058817
v 0.072724 -0.003499 -0.048712
v 0.071659 -0.005148 -0.050363
v 0.070896 -0.003531 -0.048509
v 0.084306 -0.000026 -0.059426
v 0.084503 -0.007753 -0.060212
v 0.079695 0.009505 -0.047778
v 0.076744 0.000150 -0.047552
v 0.077514 0.003500 -0.045696
v 0.082540 0.012410 -0.048049
v 0.081345 0.011005 -0.048346
v 0.080649 0.010137 -0.048079
v 0.081480 0.010643 -0.047310
v 0.066177 -0.012229 -0.050543
v 0.068330 -0.013955 -0.048789
v 0.070030 -0.010983 -0.048144
v 0.084157 0.017693 -0.055865
v 0.084759 0.015927 -0.056867
v 0.081220 0.010473 -0.065322
v 0.079923 0.010981 -0.052022
v 0.079925 0.009606 -0.053136
v 0.078520 0.022997 -0.059682
v 0.078923 0.020403 -0.055949
v 0.078725 0.020638 -0.054590
v 0.078543 0.025318 -0.055124
v 0.069064 -0.030018 -0.049068
v 0.071684 -0.029782 -0.051507
v 0.071337 -0.028442 -0.051894
v 0.069476 -0.028455 -0.050220
v 0.072859 -0.017200 -0.050107
v 0.070970 -0.017459 -0.051822
v 0.084394 -0.013717 -0.064147
v 0.083934 -0.014639 -0.063131
v 0.085194 -0.010671 -0.065025
v 0.085306 -0.009207 -0.065945
v 0.075359 0.003373 -0.054776
v 0.074945 0.002339 -0.053625
v 0.077393 0.015542 -0.057112
v 0.079761 0.017308 -0.058285
v 0.079837 0.019350 -0.055255
v 0.078003 0.017874 -0.055367
v 0.082990 0.011170 -0.067214
v 0.079897 0.008117 -0.053193
v 0.080240 0.008286 -0.054062
v 0.079752 0.008520 -0.052589
v 0.076400 0.006037 -0.047832
v 0.078554 0.004866 -0.047979
v 0.082326 0.012724 -0.049267
v 0.084887 0.015870 -0.051809
v 0.084081 0.016465 -0.052996
v 0.081836 0.013605 -0.049396
v 0.078034 0.010791 -0.048143
v 0.012803 -0.033012 -0.123884
v 0.014620 -0.022727 -0.131143
v -0.038353 0.048275 0.038245
v -0.045725 0.046923 0.032563
v -0.044619 0.041038 0.035883
v -0.037429 0.041756 0.040071
v 0.080277 0.020046 -0.048176
v 0.080339 0.021427 -0.051511
v 0.081383 0.022297 -0.051883
v 0.080854 0.020779 -0.048594
v 0.085652 0.014398 -0.060017
v 0.088193 0.011108 -0.065254
v 0.075979 -0.003333 -0.051170
v 0.073414 -0.006066 -0.051870
v 0.063961 -0.006534 -0.050886
v 0.064295 -0.005399 -0.050619
v 0.064950 -0.005743 -0.051647
v 0.064873 -0.006622 -0.052107
v 0.068004 -0.011812 -0.053010
v 0.070117 -0.012611 -0.052331
v 0.069186 -0.014064 -0.050880
v 0.067396 -0.013083 -0.052418
v 0.063470 -0.009169 -0.051399
v 0.063728 -0.007725 -0.051097
v 0.064482 -0.008192 -0.052582
v 0.064095 -0.009702 -0.053282
v 0.083496 0.018276 -0.054213
v 0.085007 0.018026 -0.056425
v 0.090106 0.009761 -0.064054
v 0.090358 0.007746 -0.065275
v 0.087705 0.014825 -0.062437
v 0.088067 0.013054 -0.063778
v 0.073387 -0.011360 -0.042947
v 0.074377 -0.011189 -0.044366
v 0.074068 -0.012774 -0.044501
v 0.091206 0.012288 -0.063771
v 0.090469 0.015170 -0.065754
v 0.072482 -0.028472 -0.041219
v 0.071535 -0.030077 -0.040143
v 0.046689 -0.100879 -0.025997
v 0.055026 -0.095525 -0.038726
v 0.054146 -0.105610 -0.038207
v 0.045803 -0.110838 -0.025972
v 0.081406 0.015570 -0.047082
v 0.079822 0.018382 -0.047283
v 0.063424 -0.011133 -0.051806
v 0.063408 -0.011281 -0.051876
v 0.066017 -0.013023 -0.051667
v 0.068101 -0.007217 -0.049054
v 0.064509 -0.006806 -0.050192
v 0.068736 -0.010390 -0.052770
v 0.068318 -0.005285 -0.051111
v 0.068002 -0.004084 -0.049935
v 0.068774 -0.016874 -0.048697
v 0.069631 -0.017864 -0.050422
v 0.071244 -0.018322 -0.047626
v 0.064453 -0.011791 -0.053455
v 0.076190 0.004861 -0.052946
v 0.071438 -0.010082 -0.052497
v 0.072395 -0.012217 -0.054611
v 0.071639 -0.013866 -0.053911
v 0.070767 -0.011747 -0.052592
v 0.078221 -0.021871 -0.054782
v 0.078098 -0.020093 -0.054825
v 0.070618 -0.016304 -0.056448
v 0.073779 -0.016774 -0.054882
v 0.076110 -0.000598 -0.051129
v 0.077625 0.002280 -0.048870
v 0.073436 -0.003428 -0.049294
v 0.071526 -0.007985 -0.051574
v 0.073090 -0.010292 -0.053925
v 0.068221 -0.006110 -0.049154
v 0.071393 -0.005766 -0.047841
v 0.071151 -0.004737 -0.048090
v 0.068193 -0.005179 -0.049356
v 0.081574 0.009758 -0.054373
v 0.078577 0.016370 -0.045645
v 0.080574 0.013096 -0.045949
v 0.078783 0.027551 -0.071447
v 0.076228 0.019517 -0.076172
v 0.077593 0.019944 -0.063294
v 0.069533 -0.008819 -0.052486
v 0.064571 -0.004900 -0.050682
v 0.065098 -0.005451 -0.050397
v 0.084146 -0.017962 -0.062069
v 0.071703 -0.019108 -0.047393
v 0.075357 0.004153 -0.048315
v 0.083135 -0.009401 -0.069141
v 0.082183 -0.014791 -0.067356
v 0.075041 0.005562 -0.048469
v 0.075252 0.006585 -0.048448
v 0.070443 -0.017831 -0.051300
v 0.072402 -0.017817 -0.049013
v 0.075597 0.006853 -0.048186
v 0.074541 -0.011613 -0.045699
v 0.085566 0.009678 -0.059017
v 0.075479 -0.029285 -0.055986
v 0.073628 -0.030720 -0.053284
v 0.064950 -0.005843 -0.050038
v 0.067998 -0.013867 -0.050150
v 0.068632 -0.006933 -0.051529
v 0.073505 -0.007845 -0.047234
v 0.073109 -0.009998 -0.047098
v 0.074721 -0.009360 -0.045388
v 0.074704 -0.016171 -0.056443
v 0.071300 -0.014204 -0.058331
v 0.072447 -0.013380 -0.060290
v 0.076590 -0.015092 -0.057642
v 0.080927 -0.019839 -0.065120
v 0.079199 -0.024317 -0.062050
v 0.081492 -0.026362 -0.062195
v 0.083874 -0.021416 -0.065253
v 0.079603 0.043657 -0.080477
v 0.079552 0.033147 -0.064692
v 0.080345 0.050003 -0.069106
v 0.082540 0.018766 -0.062806
v 0.082350 0.016545 -0.064266
v 0.087632 0.017073 -0.066689
v 0.078103 0.023305 -0.049965
v 0.078489 0.020655 -0.053172
v 0.080240 0.020587 -0.051422
v 0.087452 -0.004879 -0.070786
v 0.075737 0.005445 -0.043198
v 0.077841 0.005583 -0.044885
v 0.076298 -0.017502 -0.064306
v 0.077949 -0.016950 -0.055251
v 0.080371 -0.016170 -0.056870
v 0.088060 0.018401 -0.056103
v 0.086016 0.016291 -0.053614
v 0.015275 -0.112025 0.004874
v 0.013578 -0.119125 0.000821
v 0.007445 -0.009164 0.058085
v 0.008422 -0.009363 0.056871
v 0.007004 -0.007814 0.055742
v 0.006671 -0.007792 0.056332
v 0.007963 -0.017771 0.057758
v 0.007257 -0.016451 0.057037
v 0.008446 -0.016497 0.056091
v 0.009503 -0.017462 0.056989
v 0.005800 -0.007652 0.055904
v 0.004734 -0.009507 0.058616
v 0.005773 -0.009335 0.059197
v 0.006146 -0.007724 0.056188
v 0.088301 0.021503 -0.056971
v 0.011817 -0.017005 0.057577
v 0.010620 -0.015313 0.056946
v 0.010902 -0.014811 0.058556
v 0.013092 -0.015882 0.059170
v 0.004409 -0.015646 0.065293
v 0.005477 -0.013593 0.065235
v 0.004471 -0.014780 0.063215
v 0.004448 -0.016659 0.062823
v 0.007497 -0.013216 0.064472
v 0.009419 -0.013151 0.066340
v 0.011135 -0.013314 0.064533
v 0.008970 -0.013730 0.062886
v 0.004746 -0.013331 0.058854
v 0.005713 -0.015295 0.060010
v 0.004050 -0.012543 0.061851
v 0.010511 -0.012772 0.057114
v 0.010241 -0.013709 0.056045
v 0.008458 -0.010362 0.055826
v 0.008745 -0.010017 0.055654
v 0.050127 -0.084059 -0.025823
v 0.056421 -0.081697 -0.040035
v 0.034955 0.005402 0.037707
v 0.034186 0.002556 0.038793
v 0.029859 0.003710 0.039597
v 0.030715 0.006169 0.038631
v 0.075065 -0.007363 -0.044538
v 0.074286 -0.006620 -0.043604
v 0.082343 0.013986 -0.065681
v 0.086531 0.016021 -0.061984
v 0.082868 0.020308 -0.060975
v 0.082363 0.021845 -0.056386
v 0.080911 0.020552 -0.055734
v 0.081018 0.018825 -0.059529
v 0.089892 0.015858 -0.060660
v 0.072762 -0.020562 -0.047352
v 0.083089 0.005827 -0.057244
v 0.081862 0.022303 -0.053982
v 0.085003 0.023477 -0.054388
v 0.087142 -0.004867 -0.066331
v 0.090472 0.014522 -0.062381
v 0.089291 0.012898 -0.061216
v 0.083544 0.014362 -0.048790
v 0.074797 -0.010800 -0.061323
v 0.080544 -0.010903 -0.059140
v 0.078722 -0.013575 -0.058486
v -0.090405 0.012993 -0.070146
v -0.090609 0.010504 -0.071387
v -0.091102 0.008687 -0.069544
v -0.090813 0.010782 -0.068170
v -0.086651 -0.004295 -0.069979
v -0.086982 0.002676 -0.070966
v -0.088080 0.005195 -0.071492
v -0.088504 0.002970 -0.070763
v 0.074021 -0.012736 -0.061128
v 0.074550 0.001209 -0.053370
v 0.071345 -0.015494 -0.038713
v 0.078331 -0.026335 -0.052131
v -0.086693 -0.014509 -0.066870
v -0.085422 -0.013915 -0.066875
v -0.086673 -0.009353 -0.068398
v -0.088384 -0.009773 -0.068728
v 0.079144 -0.025171 -0.054345
v 0.028943 -0.032498 -0.118319
v 0.032572 -0.021408 -0.124791
v 0.089515 -0.005262 -0.069443
v 0.084044 0.018446 -0.055626
v 0.074642 -0.021009 -0.048357
v 0.075053 -0.026229 -0.046218
v 0.073559 -0.025532 -0.044892
v 0.080086 0.008764 -0.053808
v 0.075464 -0.016061 -0.064310
v 0.075215 -0.013789 -0.065570
v 0.065129 -0.005124 -0.051360
v 0.078284 -0.022509 -0.061556
v 0.074871 -0.027392 -0.055863
v 0.058125 -0.078370 -0.053787
v 0.054670 -0.075092 -0.069288
v -0.073445 -0.034342 -0.041618
v -0.075972 -0.031524 -0.044421
v -0.076143 -0.034500 -0.045745
v -0.071719 -0.035924 -0.043944
v 0.055604 -0.086883 -0.067198
v 0.058133 -0.091008 -0.052569
v 0.071972 -0.001902 -0.039031
v 0.072431 -0.008787 -0.040933
v 0.072100 -0.010012 -0.039654
v 0.028732 -0.102548 -0.002073
v 0.024412 -0.114847 -0.005297
v 0.070914 -0.014856 -0.035523
v 0.070706 -0.015435 -0.024324
v 0.071917 0.000308 -0.024192
v 0.071083 -0.005024 -0.034487
v 0.060188 0.030847 0.014075
v 0.061902 0.031554 0.009555
v 0.062752 0.022096 0.009323
v 0.060541 0.023242 0.013406
v 0.020357 0.087363 0.031059
v 0.010319 0.088457 0.033332
v 0.010137 0.095499 0.027260
v 0.020420 0.094197 0.024705
v 0.034539 -0.013055 -0.128808
v 0.036501 -0.002497 -0.133324
v 0.016850 -0.005291 -0.140374
v 0.015661 -0.015046 -0.135352
v 0.020547 0.111590 0.002249
v 0.010081 0.113137 0.004943
v 0.010214 0.118313 -0.005115
v -0.068711 -0.034532 -0.044774
v -0.072636 -0.034957 -0.049586
v -0.072217 -0.031693 -0.050953
v -0.069062 -0.031792 -0.047212
v 0.020861 0.116525 -0.007475
v 0.055216 0.003154 0.026688
v 0.058011 -0.002631 0.026519
v 0.053993 -0.003132 0.030632
v 0.051587 0.002713 0.030090
v 0.075049 -0.030664 -0.043538
v 0.073989 -0.029575 -0.042529
v -0.085789 0.021791 -0.056974
v -0.086172 0.018118 -0.056297
v -0.084938 0.017000 -0.054235
v -0.084313 0.020600 -0.054506
v -0.072889 -0.009049 -0.066706
v -0.071315 -0.015659 -0.064947
v -0.077187 -0.010876 -0.067674
v -0.077518 -0.007992 -0.068072
v 0.010404 0.122779 -0.016900
v 0.021303 0.120833 -0.018852
v 0.011779 0.012741 0.044589
v -0.084372 0.012291 -0.063519
v -0.084824 0.012885 -0.066412
v -0.085398 0.010877 -0.067614
v -0.084661 0.009599 -0.065374
v -0.087404 0.014522 -0.071079
v -0.087584 0.011737 -0.072529
v -0.071953 -0.025412 -0.040307
v -0.070932 -0.022001 -0.039502
v -0.071379 -0.020427 -0.041263
v -0.071897 -0.021422 -0.042845
v -0.073613 -0.009210 -0.058399
v -0.075185 -0.004716 -0.055710
v -0.083159 -0.024881 -0.061847
v -0.083115 -0.023050 -0.060968
v -0.085297 -0.019026 -0.064149
v -0.085285 -0.020379 -0.065577
v 0.012145 0.014583 0.041820
v 0.015849 0.011061 0.040685
v 0.015456 0.009110 0.042891
v 0.008180 0.061167 0.045328
v 0.009116 0.068896 0.042542
v 0.018102 0.068803 0.041178
v 0.016675 0.061196 0.044438
v 0.020584 0.008570 0.039745
v 0.019688 0.006608 0.041295
v 0.010076 0.101905 0.020549
v 0.020495 0.100572 0.017774
v 0.020761 0.127351 -0.069102
v -0.080047 -0.020924 -0.059329
v -0.082349 -0.018076 -0.062661
v -0.083252 -0.017380 -0.064440
v -0.082453 -0.019591 -0.062395
v 0.021220 0.127498 -0.060623
v 0.010046 0.130131 -0.061021
v -0.086212 0.014769 -0.064561
v -0.084984 0.017032 -0.059703
v -0.086495 0.015927 -0.058336
v -0.088052 0.013878 -0.062532
v 0.011129 0.129350 -0.073606
v 0.067808 0.000697 -0.093288
v 0.070722 -0.000864 -0.077399
v 0.073833 0.011090 -0.078801
v 0.072134 0.017159 -0.095804
v 0.038189 -0.095810 -0.012313
v 0.035232 -0.108314 -0.014909
v -0.078981 0.003572 -0.067438
v -0.077348 0.008462 -0.065185
v -0.076673 0.007798 -0.065073
v -0.077945 0.003596 -0.067250
v -0.086885 0.012040 -0.069050
v -0.087385 0.009867 -0.070292
v -0.085907 0.008583 -0.069010
v -0.077094 0.009419 -0.052360
v -0.078885 0.010415 -0.054361
v -0.078748 0.008957 -0.055265
v -0.078588 0.007725 -0.054518
v -0.075621 -0.035329 -0.049469
v -0.069847 -0.024243 -0.058289
v -0.071378 -0.023791 -0.060241
v -0.074079 -0.019640 -0.063242
v -0.072673 -0.018523 -0.063382
v 0.053371 0.052888 0.021570
v 0.055259 0.057976 0.017277
v 0.058582 0.051053 0.013523
v 0.056559 0.046915 0.018170
v 0.006716 0.048661 0.048620
v 0.014160 0.048567 0.048418
v 0.012299 0.042417 0.048609
v 0.006004 0.042379 0.049013
v -0.068743 -0.032672 -0.038819
v -0.072035 -0.032342 -0.039346
v -0.072629 -0.033399 -0.040647
v -0.069504 -0.034497 -0.040941
v 0.060881 0.015737 0.013812
v 0.063524 0.012967 0.010694
v 0.063103 0.004894 0.015433
v 0.059969 0.008627 0.017737
v 0.057649 0.004285 0.023368
v -0.079565 0.013745 -0.054603
v -0.081279 0.013109 -0.056468
v -0.079712 0.012306 -0.055932
v -0.078727 0.012684 -0.054468
v 0.060771 -0.001240 0.022668
v -0.085834 0.000902 -0.069342
v -0.085050 0.007155 -0.067059
v 0.019499 0.078086 0.037280
v 0.009806 0.078696 0.038855
v 0.060700 0.041801 0.010683
v 0.058812 0.039229 0.015547
v 0.009167 0.016138 0.046903
v 0.009833 0.017592 0.043415
v 0.007743 0.022099 0.045643
v -0.085247 -0.008011 -0.064484
v -0.085118 -0.007674 -0.067348
v -0.084819 -0.011701 -0.065786
v -0.084347 -0.011803 -0.063211
v 0.004330 0.021921 0.051425
v 0.004564 0.025890 0.049789
v 0.007477 0.025738 0.046330
v 0.034166 0.060803 0.037294
v 0.035735 0.067729 0.033619
v 0.043176 0.066388 0.028138
v 0.041626 0.059873 0.031968
v 0.020497 0.106235 0.010471
v -0.085292 -0.000269 -0.064198
v -0.085343 -0.000164 -0.067495
v 0.010040 0.107646 0.013259
v 0.005163 0.034913 0.048758
v 0.009418 0.035096 0.046909
v 0.008399 0.031531 0.046199
v -0.088860 0.007967 -0.068431
v -0.089169 0.002230 -0.069456
v -0.088257 0.008628 -0.069346
v -0.075619 0.011332 -0.062276
v -0.076040 0.014488 -0.066053
v -0.075342 0.008582 -0.068189
v -0.075865 0.009061 -0.064065
v 0.005038 0.031676 0.048752
v 0.024678 0.004899 0.040369
v 0.025495 0.007099 0.039315
v 0.065556 -0.029677 -0.049432
v 0.067282 -0.031065 -0.048047
v 0.073782 0.016092 -0.036286
v 0.072002 0.005501 -0.034821
v 0.072613 0.013436 -0.024765
v 0.073215 0.026485 -0.026786
v 0.075409 0.038664 -0.030146
v 0.075976 0.046889 -0.035256
v 0.077197 0.030649 -0.042221
v 0.075878 0.025131 -0.038502
v 0.051077 -0.084055 -0.080303
v 0.048408 -0.073612 -0.083556
v 0.004526 0.018893 0.054309
v 0.004534 0.015915 0.057016
v 0.019457 0.036813 -0.151348
v -0.071693 -0.016454 -0.042174
v -0.072860 -0.014254 -0.043827
v -0.071294 -0.016286 -0.045679
v -0.070644 -0.018919 -0.044846
v 0.018754 0.023254 -0.149542
v 0.039163 0.027223 -0.141057
v 0.039575 0.040151 -0.142414
v 0.064489 -0.009931 -0.089588
v -0.074735 -0.021745 -0.062091
v -0.072045 -0.024802 -0.059501
v -0.072526 -0.025458 -0.058841
v -0.075132 -0.023372 -0.060719
v 0.067924 -0.009537 -0.074960
v 0.009549 -0.011933 0.058828
v 0.006776 -0.007666 0.055047
v 0.007432 -0.010648 0.056212
v 0.006876 -0.007692 0.055120
v 0.010217 -0.014251 0.060867
v 0.012807 -0.014077 0.062143
v 0.007772 -0.014785 0.055544
v 0.006824 -0.014720 0.055984
v 0.006804 -0.010421 0.056421
v 0.007074 -0.007637 0.055158
v 0.001891 -0.017042 0.067610
v 0.002546 -0.015471 0.070532
v 0.006216 -0.014116 0.069341
v 0.004631 -0.015752 0.067312
v 0.005989 -0.007589 0.055918
v 0.005070 -0.010137 0.057478
v 0.004849 -0.011744 0.063161
v 0.006578 -0.009175 0.058947
v 0.006403 -0.007731 0.056306
v 0.006726 -0.011426 0.062267
v 0.005649 -0.017299 0.060430
v 0.008156 -0.011568 0.060728
v -0.082765 0.013875 -0.058421
v -0.083322 0.009688 -0.059580
v -0.081996 0.009659 -0.058343
v -0.076373 -0.020026 -0.051537
v -0.076785 -0.018774 -0.053739
v -0.077871 -0.021458 -0.054981
v -0.077577 -0.023438 -0.052829
v 0.076555 -0.017840 -0.053928
v 0.057872 -0.063519 -0.035539
v 0.060359 -0.048597 -0.042986
v 0.059643 -0.049456 -0.048076
v -0.079461 -0.031326 -0.055698
v -0.076984 -0.031877 -0.056602
v -0.074999 -0.033870 -0.052810
v -0.077622 -0.033705 -0.052586
v -0.071673 -0.020043 -0.043891
v -0.071314 -0.019005 -0.041806
v -0.080717 0.003867 -0.069319
v -0.079859 0.009637 -0.066455
v 0.058172 -0.065199 -0.044090
v 0.081544 0.008272 -0.054999
v 0.067186 0.058178 -0.005057
v 0.067944 0.069321 -0.014630
v 0.073233 0.058226 -0.026430
v -0.084332 0.008185 -0.063374
v -0.084761 0.005995 -0.064848
v 0.073371 0.048044 -0.021354
v 0.068414 0.079154 -0.022758
v 0.073628 0.068848 -0.033675
v 0.076702 0.057051 -0.043270
v 0.078815 0.036495 -0.056446
v 0.042703 0.017599 0.032891
v 0.042854 0.017431 0.032997
v 0.041264 0.017155 0.034295
v -0.074412 -0.003826 -0.048153
v -0.072773 -0.003384 -0.050023
v -0.073090 -0.004201 -0.049916
v -0.075134 -0.005278 -0.047847
v 0.041328 0.017272 0.034162
v 0.042282 0.017831 0.032311
v 0.040751 0.017387 0.033391
v -0.074400 -0.004272 -0.046482
v -0.074919 -0.005835 -0.046317
v -0.074217 -0.005892 -0.045423
v -0.073849 -0.005081 -0.045200
v 0.043263 0.018155 0.031356
v 0.043727 0.017888 0.031831
v 0.043951 0.017661 0.031912
v 0.024914 0.018597 0.036367
v 0.025700 0.018966 0.035849
v 0.028358 0.017979 0.036007
v 0.027594 0.017925 0.037032
v 0.024661 0.018367 0.036736
v 0.027522 0.017630 0.037400
v -0.072079 -0.003144 -0.050649
v -0.072474 -0.003439 -0.050316
v -0.072638 -0.002925 -0.050361
v -0.075880 -0.000375 -0.062270
v -0.075918 -0.007733 -0.063937
v -0.075141 -0.009019 -0.063818
v -0.076405 -0.003311 -0.061496
v 0.028903 0.020784 0.030164
v 0.028368 0.021081 0.030057
v -0.085581 -0.006632 -0.068928
v 0.029740 0.020420 0.030289
v 0.023141 0.020482 0.034060
v 0.023146 0.021778 0.034033
v -0.082182 0.017115 -0.050451
v -0.081365 0.019849 -0.050165
v -0.083674 0.022501 -0.054123
v 0.028059 0.022065 0.030035
v 0.028057 0.021306 0.029975
v 0.023471 0.020107 0.034336
v -0.070813 -0.017319 -0.056314
v -0.074438 -0.017035 -0.053590
v -0.073723 -0.017086 -0.051750
v -0.071428 -0.017428 -0.054323
v -0.072355 -0.012255 -0.048921
v -0.070008 -0.015289 -0.048686
v -0.073433 -0.013846 -0.046573
v -0.074315 0.001446 -0.046277
v -0.073796 -0.002177 -0.049133
v -0.073969 -0.003141 -0.047730
v -0.073953 -0.002865 -0.046280
v -0.086724 -0.015170 -0.068254
v -0.087985 -0.009977 -0.070427
v -0.086439 -0.010158 -0.072152
v -0.085292 -0.015779 -0.069929
v 0.021796 0.019749 0.034372
v 0.020804 0.020051 0.033841
v -0.070033 -0.028944 -0.037646
v -0.065318 -0.030988 -0.040952
v -0.069050 -0.025975 -0.037453
v -0.088952 0.019170 -0.065033
v -0.086946 0.020904 -0.065243
v -0.087200 0.019034 -0.067530
v -0.089643 0.017377 -0.067115
v -0.074266 0.002521 -0.054518
v -0.073830 0.000616 -0.054338
v -0.074265 0.001626 -0.052913
v -0.074215 0.003772 -0.052980
v 0.020813 0.021776 0.034057
v 0.032792 0.016578 0.037386
v 0.032989 0.015810 0.037429
v 0.028255 0.016193 0.037653
v 0.027816 0.017050 0.037596
v 0.032606 0.017025 0.037262
v 0.036090 0.017097 0.036306
v 0.036162 0.016636 0.036421
v 0.036283 0.015863 0.036407
v -0.052739 -0.031763 -0.096395
v -0.060495 -0.031998 -0.077397
v -0.064585 -0.018151 -0.086040
v -0.057615 -0.018223 -0.101936
v -0.080310 -0.028310 -0.055059
v -0.079619 -0.030413 -0.052244
v -0.076174 0.008801 -0.044804
v -0.075441 0.010407 -0.043332
v -0.076150 0.015903 -0.045047
v -0.077090 0.012905 -0.045394
v 0.024843 0.017170 0.037440
v 0.024749 0.018021 0.037131
v 0.036326 0.015193 0.036388
v 0.033241 0.015144 0.037360
v -0.088296 0.004347 -0.074343
v -0.090633 0.003608 -0.072894
v 0.028401 0.015524 0.037662
v 0.024818 0.016740 0.037529
v 0.021984 0.017998 0.036832
v 0.023158 0.018189 0.036902
v 0.033291 0.014363 0.037206
v 0.033248 0.013536 0.037126
v 0.028314 0.013917 0.037671
v 0.028415 0.014744 0.037634
v -0.079010 0.013895 -0.053072
v -0.080627 0.016653 -0.055986
v -0.079465 0.014527 -0.054940
v -0.078533 0.013169 -0.053321
v -0.078925 0.005809 -0.049784
v -0.079492 0.007078 -0.049815
v -0.077679 0.007952 -0.050129
v -0.076780 0.006655 -0.050295
v 0.036368 0.014433 0.036107
v 0.036371 0.013558 0.035987
v -0.074753 0.015200 -0.042111
v -0.075843 0.020203 -0.045661
v 0.045104 0.017725 0.030183
v 0.045657 0.018209 0.029284
v 0.045613 0.017655 0.029342
v -0.067772 -0.024518 -0.057549
v 0.045236 0.017252 0.029813
v 0.048295 0.015121 0.026104
v 0.049283 0.016482 0.025377
v 0.051156 0.015935 0.023563
v -0.078088 0.007715 -0.047012
v -0.078818 0.010273 -0.047145
v -0.079988 0.008822 -0.049596
v -0.069714 -0.021258 -0.037357
v -0.070757 -0.019520 -0.039802
v -0.078231 0.012818 -0.053072
v -0.077642 0.011671 -0.052909
v -0.076355 0.007826 -0.051271
v -0.077236 0.006741 -0.053432
v 0.050046 0.014385 0.024767
v -0.081101 0.000505 -0.060500
v -0.081826 -0.007494 -0.061903
v 0.059143 0.005958 0.020263
v 0.052772 0.011605 0.023838
v 0.054053 0.013100 0.021819
v 0.044573 0.017525 0.030981
v 0.043918 0.017252 0.031914
v 0.044571 0.017850 0.030986
v 0.045067 0.018168 0.030057
v 0.044699 0.016884 0.030643
v 0.044000 0.016620 0.031681
v 0.042885 0.017093 0.032985
v 0.042918 0.016382 0.032866
v 0.041274 0.016093 0.034221
v 0.041197 0.016828 0.034303
v 0.039065 0.016687 0.035407
v -0.067477 -0.017892 -0.072046
v -0.063462 -0.030899 -0.057143
v 0.039397 0.017112 0.035238
v 0.039166 0.015901 0.035325
v 0.041377 0.015443 0.033988
v 0.039260 0.015262 0.035220
v 0.042925 0.015721 0.032496
v 0.044060 0.016067 0.031238
v 0.044852 0.016436 0.030106
v 0.045567 0.016820 0.029279
v 0.046073 0.017452 0.028718
v 0.045244 0.015899 0.029416
v 0.046016 0.015187 0.028464
v 0.044698 0.014686 0.029908
v 0.044294 0.015483 0.030674
v 0.046172 0.016402 0.028468
v 0.047140 0.015796 0.027332
v -0.076527 0.008379 -0.050492
v -0.076686 0.008940 -0.050709
v -0.076236 0.008145 -0.050428
v -0.075751 0.007273 -0.050813
v 0.043154 0.015137 0.032009
v 0.043287 0.014386 0.031475
v 0.041422 0.014004 0.033146
v 0.041458 0.014769 0.033618
v -0.078578 -0.032293 -0.049506
v -0.080688 0.006541 -0.058428
v -0.078438 0.004444 -0.056412
v -0.079815 0.006384 -0.056456
v 0.039354 0.014574 0.034902
v 0.039458 0.013694 0.034506
v -0.088475 -0.005278 -0.068920
v -0.090304 0.001986 -0.069069
v -0.091582 0.002181 -0.070444
v -0.089696 -0.005386 -0.070027
v 0.032562 0.017078 0.037068
v 0.032257 0.017329 0.035908
v 0.035750 0.017100 0.035310
v 0.036198 0.017096 0.036051
v 0.039497 0.017120 0.035106
v -0.066889 -0.033382 -0.043043
v -0.073621 -0.000079 -0.055705
v -0.074763 -0.001414 -0.054957
v 0.038759 0.017189 0.034442
v 0.035607 0.017145 0.034161
v 0.033937 0.019534 0.030021
v 0.035291 0.019546 0.029648
v 0.038349 0.017188 0.033393
v -0.075918 0.005094 -0.053717
v -0.075197 0.006370 -0.051172
v 0.032466 0.017449 0.034675
v 0.032414 0.019685 0.030285
v 0.029162 0.018232 0.034787
v -0.070970 -0.016552 -0.039747
v 0.030921 0.020027 0.030348
v 0.026462 0.019015 0.035050
v 0.034241 0.030135 0.037259
v 0.034183 0.030346 0.037658
v 0.039483 0.029675 0.036593
v 0.039003 0.029320 0.036316
v 0.049364 0.000795 -0.122785
v 0.050994 0.015736 -0.128237
v 0.038457 0.011264 -0.138031
v 0.041677 0.026795 0.035363
v 0.041650 0.027817 0.035175
v 0.044093 0.026559 0.033398
v 0.043931 0.025591 0.033463
v 0.041663 0.025707 0.035634
v -0.085721 0.015523 -0.066352
v -0.086448 0.013953 -0.067664
v -0.084662 0.014371 -0.065206
v -0.084511 0.015445 -0.063713
v -0.084024 0.017736 -0.062012
v -0.083469 0.018446 -0.061588
v -0.085117 0.017027 -0.064722
v -0.078053 0.005832 -0.054639
v -0.079102 0.006862 -0.055451
v 0.043730 0.024444 0.033633
v 0.038924 0.026936 0.037581
v -0.076496 -0.021187 -0.049560
v -0.077057 -0.026561 -0.049574
v -0.083798 -0.015164 -0.063697
v -0.083037 -0.014616 -0.061118
v -0.083855 -0.004501 -0.072802
v -0.084054 0.004116 -0.072665
v -0.082436 0.003898 -0.070742
v -0.082718 -0.004330 -0.071462
v 0.038979 0.028159 0.037282
v 0.038894 0.029025 0.036779
v 0.042675 0.023023 0.029521
v 0.041924 0.023919 0.030234
v -0.077545 -0.002339 -0.068136
v -0.074398 -0.001415 -0.067775
v -0.073563 -0.004282 -0.044581
v -0.072920 -0.000591 -0.042356
v -0.074705 0.004420 -0.052961
v -0.074833 0.006087 -0.051516
v -0.078395 -0.019283 -0.064936
v -0.074625 -0.026145 -0.057181
v -0.078518 -0.021369 -0.063146
v -0.070703 -0.026691 -0.054758
v -0.070379 -0.027608 -0.052316
v -0.072793 -0.027702 -0.054197
v 0.042578 0.023700 0.031647
v 0.043590 0.022948 0.030386
v 0.043368 0.022375 0.028919
v 0.044265 0.022269 0.029476
v 0.038084 0.022264 0.027385
v 0.037717 0.022599 0.027694
v 0.037187 0.023023 0.028130
v -0.080037 -0.019008 -0.058380
v -0.081931 -0.017668 -0.060960
v 0.038299 0.021934 0.027197
v -0.072690 -0.003596 -0.051285
v -0.071439 -0.005107 -0.053085
v -0.070858 -0.003636 -0.051092
v -0.083893 -0.000084 -0.062113
v -0.084407 -0.007773 -0.062715
v -0.079049 0.009283 -0.050538
v 0.038410 0.021573 0.027109
v -0.076457 0.000049 -0.049951
v -0.077095 0.003343 -0.048011
v -0.082030 0.012171 -0.050487
v -0.080769 0.010760 -0.051071
v -0.079935 0.009945 -0.050766
v -0.080762 0.010463 -0.049747
v -0.066151 -0.012327 -0.052717
v -0.068312 -0.014067 -0.050790
v -0.069986 -0.011115 -0.050176
v 0.038409 0.021181 0.027122
v 0.038302 0.020847 0.027285
v 0.063473 -0.009422 0.019594
v 0.062185 0.001036 0.019095
v -0.082920 0.017636 -0.059165
v -0.083431 0.015873 -0.060213
v -0.081204 0.010273 -0.068057
v 0.064928 -0.006752 0.015548
v 0.044308 0.018151 0.030858
v -0.079432 0.010683 -0.055224
v -0.079185 0.009438 -0.056339
v 0.044841 0.018525 0.029961
v -0.078169 0.022288 -0.060104
v -0.078570 0.019730 -0.056707
v -0.078296 0.020017 -0.055479
v -0.078019 0.024593 -0.055528
v 0.043821 0.018421 0.030508
v -0.069480 -0.030225 -0.048623
v -0.072135 -0.029975 -0.051691
v -0.071917 -0.028746 -0.052327
v -0.070018 -0.028758 -0.050197
v -0.073132 -0.017240 -0.051043
v -0.071459 -0.017617 -0.053154
v 0.044313 0.018826 0.029745
v -0.084506 -0.013834 -0.066655
v -0.084047 -0.014712 -0.065582
v -0.085049 -0.010725 -0.067602
v -0.085250 -0.009307 -0.068568
v 0.045426 0.019108 0.029079
v 0.045768 0.018828 0.029006
v 0.041646 0.017936 0.031595
v 0.037160 0.019860 0.028753
v 0.037672 0.020043 0.028307
v -0.075010 0.003196 -0.057995
v -0.074623 0.002268 -0.056791
v -0.077395 0.015077 -0.058855
v -0.079454 0.016952 -0.060166
v -0.079395 0.019001 -0.056903
v -0.077846 0.017374 -0.056866
v -0.082873 0.011020 -0.070004
v 0.042445 0.018413 0.030710
v 0.040174 0.017519 0.032497
v 0.036331 0.019679 0.029216
v 0.037902 0.020302 0.027957
v 0.038139 0.020527 0.027572
v -0.079321 0.007932 -0.056295
v -0.079648 0.008117 -0.057137
v 0.042775 0.018783 0.030020
v -0.079116 0.008328 -0.055743
v 0.043261 0.019237 0.029285
v 0.044687 0.019496 0.029152
v -0.076026 0.005773 -0.050576
v -0.078161 0.004673 -0.050511
v -0.081625 0.012538 -0.052104
v -0.083953 0.015833 -0.054658
v -0.083096 0.016357 -0.056062
v -0.081116 0.013377 -0.052440
v 0.043765 0.020415 0.028385
v 0.043827 0.021062 0.028384
v 0.044834 0.020088 0.028897
v -0.077438 0.010534 -0.051274
v 0.044915 0.020829 0.028794
v 0.043595 0.019855 0.028674
v -0.015644 -0.033065 -0.123882
v -0.017329 -0.022783 -0.131173
v 0.043688 0.021728 0.028545
v 0.044728 0.021466 0.029040
v 0.045977 0.018345 0.028851
v 0.046058 0.019286 0.028661
v 0.046517 0.020390 0.028048
v 0.046459 0.018402 0.028301
v -0.080063 0.019601 -0.049549
v -0.080069 0.020989 -0.053007
v -0.081120 0.021893 -0.053644
v -0.080608 0.020360 -0.050208
v -0.084256 0.014370 -0.063372
v 0.047176 0.018472 0.027505
v 0.046755 0.017177 0.027798
v 0.047586 0.021198 0.027508
v 0.048998 0.021716 0.026603
v -0.087583 0.011076 -0.068290
v -0.075819 -0.003372 -0.053730
v -0.073192 -0.006037 -0.054525
v 0.048448 0.018521 0.026355
v 0.047781 0.016949 0.026677
v 0.045767 0.019833 0.028710
v -0.063739 -0.006596 -0.053480
v -0.064071 -0.005459 -0.053286
v -0.064726 -0.005784 -0.054319
v -0.064645 -0.006655 -0.054692
v 0.045842 0.020504 0.028431
v 0.046995 0.022359 0.028809
v -0.067919 -0.011862 -0.055324
v -0.070117 -0.012680 -0.054539
v -0.069192 -0.014133 -0.052902
v -0.067382 -0.013132 -0.054567
v 0.047793 0.023333 0.028523
v 0.046297 0.021654 0.029049
v 0.045756 0.022523 0.030279
v 0.046293 0.023357 0.030193
v -0.063254 -0.009198 -0.053803
v -0.063505 -0.007772 -0.053613
v -0.064258 -0.008224 -0.055068
v -0.063926 -0.009759 -0.055524
v 0.046887 0.024232 0.029972
v 0.045377 0.024333 0.031746
v -0.082313 0.018199 -0.057514
v -0.083871 0.018010 -0.059621
v 0.045782 0.025310 0.031640
v 0.044966 0.023382 0.031787
v 0.045651 0.021351 0.029079
v -0.089604 0.009752 -0.066981
v -0.089931 0.007742 -0.068080
v -0.086837 0.014802 -0.065537
v -0.087336 0.013024 -0.066841
v 0.045176 0.022120 0.030007
v 0.044383 0.022973 0.031291
v 0.043301 0.023628 0.033189
v -0.073121 -0.011662 -0.043688
v -0.074188 -0.011437 -0.045477
v -0.073842 -0.013014 -0.045416
v -0.090727 0.012263 -0.066693
v -0.090086 0.015125 -0.068589
v -0.072387 -0.028622 -0.039829
v -0.071437 -0.030220 -0.038482
v -0.043804 -0.101193 -0.022693
v -0.054219 -0.096090 -0.035189
v -0.053739 -0.106354 -0.035043
v -0.043737 -0.111313 -0.023107
v -0.081101 0.015277 -0.048949
v -0.079661 0.017997 -0.048750
v 0.041456 0.024710 0.035255
v 0.040645 0.024649 0.033460
v 0.038688 0.025949 0.037108
v -0.063387 -0.011241 -0.054103
v -0.063364 -0.011345 -0.054126
v -0.066001 -0.013072 -0.053858
v -0.068091 -0.007385 -0.051460
v -0.064488 -0.006974 -0.052705
v 0.037865 0.025432 0.035110
v 0.034678 0.031298 0.038432
v 0.040434 0.030826 0.037150
v 0.037391 0.025593 0.033231
v 0.034925 0.023783 0.029520
v 0.033348 0.023895 0.030058
v 0.034224 0.025650 0.034257
v -0.068541 -0.010391 -0.055333
v 0.023719 0.022828 0.034574
v 0.024660 0.023805 0.035188
v -0.068110 -0.005246 -0.053916
v -0.067978 -0.004170 -0.052631
v -0.068970 -0.017120 -0.049539
v -0.069996 -0.018038 -0.051499
v -0.071554 -0.018509 -0.048174
v -0.064301 -0.011758 -0.055527
v -0.075902 0.004562 -0.056039
v 0.028803 0.022946 0.030526
v 0.028335 0.022548 0.030278
v 0.022149 0.022800 0.035207
v 0.023532 0.023879 0.036042
v -0.071253 -0.010042 -0.055205
v -0.072309 -0.012248 -0.057169
v -0.071600 -0.013913 -0.056199
v -0.070608 -0.011735 -0.055086
v -0.078490 -0.021856 -0.056599
v -0.078515 -0.020088 -0.056620
v -0.070467 -0.016435 -0.058770
v -0.074042 -0.016799 -0.056795
v -0.075934 -0.000656 -0.053830
v -0.077343 0.002140 -0.051443
v -0.073383 -0.003533 -0.051791
v -0.071352 -0.007941 -0.054302
v -0.072933 -0.010250 -0.056626
v -0.068200 -0.006268 -0.051667
v -0.071362 -0.005919 -0.050243
v -0.071116 -0.004866 -0.050589
v -0.068169 -0.005314 -0.051968
v -0.080730 0.009620 -0.057627
v -0.078151 0.016137 -0.046768
v -0.079789 0.012941 -0.047804
v -0.079143 0.026972 -0.071886
v -0.077199 0.019030 -0.076898
v -0.077596 0.019329 -0.063983
v -0.069332 -0.008758 -0.055250
v -0.064360 -0.004942 -0.053404
v -0.065076 -0.005606 -0.053058
v -0.084131 -0.018031 -0.064430
v -0.072145 -0.019272 -0.047525
v -0.075051 0.003916 -0.051015
v -0.083429 -0.009667 -0.071665
v -0.082485 -0.015072 -0.069724
v -0.074787 0.005276 -0.051303
v -0.074947 0.006273 -0.051311
v -0.070861 -0.017995 -0.052550
v -0.072627 -0.017877 -0.049712
v -0.075219 0.006541 -0.051075
v -0.074406 -0.011819 -0.046961
v -0.084341 0.009568 -0.062240
v 0.028338 0.025169 0.035367
v 0.030484 0.023564 0.030684
v -0.075639 -0.029320 -0.057189
v -0.073854 -0.030733 -0.053880
v 0.029477 0.023279 0.030677
v -0.064926 -0.006011 -0.052607
v 0.026494 0.024517 0.035239
v -0.067989 -0.013935 -0.052277
v -0.068444 -0.006936 -0.054235
v 0.027626 0.025673 0.037288
v 0.025219 0.024746 0.036653
v 0.034460 0.025934 0.036328
v -0.073455 -0.008063 -0.049060
v -0.073021 -0.010193 -0.048744
v -0.074629 -0.009596 -0.046838
v 0.021122 0.072533 -0.148101
v 0.020551 0.056978 -0.151451
v -0.075052 -0.016132 -0.058551
v -0.071457 -0.014350 -0.060756
v -0.072834 -0.013529 -0.062749
v -0.076964 -0.014954 -0.059806
v -0.081141 -0.020064 -0.067241
v -0.079415 -0.024459 -0.063718
v -0.081353 -0.026181 -0.063640
v -0.083766 -0.021330 -0.067144
v 0.040063 0.058767 -0.142503
v 0.040070 0.072257 -0.139810
v -0.079931 0.043168 -0.080711
v -0.079570 0.032495 -0.064962
v -0.080383 0.049427 -0.069205
v -0.082297 0.018476 -0.065197
v -0.082160 0.016311 -0.066805
v -0.087243 0.016968 -0.069438
v -0.077689 0.022648 -0.050492
v -0.078111 0.020113 -0.054136
v -0.079938 0.020105 -0.052538
v -0.087220 -0.004920 -0.073666
v 0.039869 0.024870 0.031825
v 0.036198 0.023466 0.028829
v 0.050068 0.073320 -0.131968
v 0.049322 0.081840 -0.129060
v 0.040660 0.083812 -0.134657
v 0.034925 -0.061259 -0.100814
v 0.025105 -0.072860 -0.107411
v -0.075294 0.005185 -0.045154
v -0.077357 0.005371 -0.047241
v 0.020098 0.022517 0.036483
v -0.077535 -0.018060 -0.065741
v 0.021935 0.023860 0.036988
v -0.078460 -0.016908 -0.057093
v -0.080741 -0.016102 -0.058875
v -0.087554 0.018234 -0.058705
v -0.085077 0.016235 -0.056467
v 0.018858 0.021326 0.036061
v 0.018171 0.021167 0.036098
v 0.019353 0.022620 0.036458
v 0.020970 0.024083 0.036980
v 0.024144 0.024996 0.037491
v 0.023424 0.025434 0.037932
v 0.026972 0.026821 0.038971
v 0.027081 0.026000 0.038566
v 0.034549 0.026743 0.038284
v 0.034638 0.027758 0.038783
v 0.026447 0.027777 0.038521
v 0.022900 0.026033 0.037423
v 0.025819 0.028808 0.038015
v 0.022722 0.027078 0.037174
v 0.034511 0.029750 0.037692
v 0.034718 0.028911 0.038449
v 0.021828 0.018859 0.036362
v 0.019525 0.019244 0.036149
v 0.022373 0.019139 0.036248
v 0.019903 0.019497 0.035956
v 0.023579 0.019508 0.035379
v 0.019032 0.020042 0.035730
v 0.018289 0.019863 0.035905
v -0.005494 -0.111938 0.005990
v -0.006935 -0.119054 0.001453
v 0.024457 0.019659 0.034848
v 0.018608 0.022681 0.035985
v 0.017233 0.020990 0.035904
v 0.017471 0.023211 0.035177
v 0.016479 0.021119 0.035383
v 0.019941 0.025637 0.035862
v 0.020267 0.024392 0.036159
v 0.017292 0.019728 0.035772
v 0.017950 0.019183 0.035999
v 0.016533 0.019694 0.035568
v 0.017205 0.018955 0.035873
v 0.024570 0.016072 0.037596
v 0.024305 0.015407 0.037606
v 0.021201 0.017488 0.036918
v 0.020573 0.017027 0.036806
v 0.033050 0.012661 0.036951
v 0.036320 0.012641 0.035945
v 0.032730 0.011527 0.036982
v -0.007515 -0.009104 0.057945
v -0.008493 -0.009297 0.056728
v -0.007066 -0.007766 0.055610
v -0.006729 -0.007743 0.056202
v 0.036244 0.011475 0.035824
v 0.027509 0.012057 0.037833
v 0.028037 0.013024 0.037726
v 0.034374 -0.116466 -0.016058
v 0.047015 0.014314 0.027591
v 0.048374 0.013299 0.026715
v 0.046573 0.012517 0.028656
v 0.045401 0.013812 0.029168
v 0.043624 0.013398 0.030884
v -0.008121 -0.017694 0.057598
v -0.007429 -0.016381 0.056914
v -0.008649 -0.016408 0.055972
v -0.009657 -0.017353 0.056832
v 0.044263 0.012031 0.030690
v 0.041777 0.011722 0.032596
v 0.041434 0.012994 0.032756
v 0.039492 0.012788 0.034261
v 0.039443 0.011434 0.034239
v 0.050219 0.018101 0.024821
v 0.051172 0.021596 0.024434
v 0.051986 0.017515 0.023033
v 0.053411 0.021233 0.022154
v 0.015682 0.024264 0.035311
v -0.005878 -0.007611 0.055781
v -0.004831 -0.009466 0.058513
v -0.005856 -0.009297 0.059072
v -0.006215 -0.007684 0.056064
v 0.015315 0.021451 0.035061
v 0.014051 0.025038 0.036265
v 0.013862 0.022088 0.035837
v 0.015482 0.027988 0.037281
v 0.017377 0.027148 0.036066
v 0.015673 0.019782 0.035474
v 0.016435 0.018644 0.035649
v 0.014545 0.019689 0.035745
v 0.015525 0.018173 0.035978
v 0.023766 0.014609 0.037527
v 0.023210 0.013677 0.037547
v 0.019937 0.016427 0.036921
v 0.018996 0.015589 0.036947
v 0.047372 -0.010293 -0.117971
v 0.051911 0.031504 -0.130895
v 0.047702 0.034690 0.034416
v 0.045423 0.031917 0.035222
v 0.041932 0.033156 0.037468
v 0.043717 0.036495 0.037604
v 0.050304 0.038616 0.032099
v 0.052664 0.035121 0.029192
v 0.050337 0.032332 0.031403
v 0.048053 0.030177 0.032842
v 0.051942 0.024525 0.025293
v 0.050187 0.024497 0.026970
v 0.050212 0.026306 0.028355
v 0.051943 0.026967 0.026794
v 0.054136 0.024559 0.022977
v 0.054404 0.027842 0.024644
v 0.051413 0.029438 0.028959
v 0.049312 0.028146 0.030460
v 0.053932 0.031087 0.026952
v 0.023716 0.032968 0.039649
v 0.024248 0.031413 0.038448
v 0.021287 0.029187 0.037207
v 0.019916 0.029848 0.037831
v 0.022548 0.034315 0.040591
v 0.017900 0.030744 0.038615
v 0.036922 0.037023 0.040514
v 0.035925 0.034047 0.039475
v 0.025438 0.029478 0.037500
v 0.023416 0.028154 0.037359
v 0.025091 0.029630 0.037409
v 0.022786 0.028073 0.037146
v 0.058288 0.092572 -0.111282
v 0.060499 0.098470 -0.098750
v 0.044090 0.109313 -0.105155
v 0.043149 0.101971 -0.117467
v 0.041689 0.028154 0.035361
v 0.042383 0.028676 0.035172
v 0.044828 0.027560 0.033386
v 0.044217 0.027073 0.033593
v 0.046109 0.025987 0.031600
v 0.046739 0.026501 0.031487
v 0.047904 0.025379 0.029773
v 0.047351 0.025030 0.029960
v 0.047991 0.024220 0.028741
v 0.048550 0.024261 0.028255
v 0.022860 0.028995 0.037378
v 0.024906 0.030110 0.037867
v 0.051371 0.061517 -0.133216
v 0.045044 0.073589 0.023092
v 0.052040 0.070120 0.016439
v 0.050023 0.063721 0.022165
v 0.043435 0.029776 0.035543
v 0.046034 0.028543 0.033460
v 0.047788 0.027226 0.031266
v 0.048866 0.025844 0.029443
v 0.049292 0.024845 0.028210
v 0.071945 -0.012827 -0.039900
v 0.072072 -0.012742 -0.041220
v 0.078120 -0.002651 -0.065993
v 0.075880 0.003871 -0.065026
v 0.074698 0.007311 -0.063714
v 0.080320 0.014397 -0.049456
v 0.082315 0.017418 -0.052264
v 0.082316 -0.021282 -0.059239
v 0.078967 -0.023181 -0.055520
v -0.087961 0.021308 -0.059426
v 0.082063 -0.020347 -0.059695
v 0.088518 0.013319 -0.061488
v 0.088883 0.011726 -0.062864
v 0.089792 0.011381 -0.062546
v 0.040286 -0.031817 -0.108232
v 0.044775 -0.019126 -0.114155
v 0.089059 0.009999 -0.064245
v 0.073668 -0.008134 -0.043058
v 0.079402 -0.003152 -0.066146
v 0.081134 -0.003751 -0.067888
v 0.082088 -0.008852 -0.068186
v 0.081213 -0.008309 -0.067543
v 0.081337 -0.013888 -0.066486
v 0.080534 -0.013023 -0.066029
v 0.083595 -0.017482 -0.062166
v 0.083693 -0.013103 -0.064921
v 0.083345 0.017815 -0.053658
v 0.083258 0.017045 -0.052930
v 0.084088 0.017813 -0.054105
v 0.074494 -0.009263 -0.044392
v 0.078588 0.012221 -0.049512
v 0.078351 0.010457 -0.047805
v 0.078034 0.010906 -0.048251
v 0.072478 -0.004386 -0.047809
v 0.072253 -0.003578 -0.047941
v 0.073645 -0.005842 -0.047585
v 0.075349 -0.007124 -0.045634
v 0.069574 -0.014610 -0.047819
v 0.069189 -0.015320 -0.049311
v 0.068612 -0.016017 -0.048926
v 0.085970 0.023512 -0.057325
v 0.078477 0.009476 -0.047432
v 0.079684 0.010450 -0.047820
v 0.080273 0.011563 -0.048124
v 0.084806 0.017126 -0.054274
v 0.080771 0.012444 -0.048335
v 0.079736 0.012533 -0.048499
v 0.081073 0.014091 -0.049332
v 0.079068 0.012649 -0.048854
v 0.074511 -0.012089 -0.061006
v 0.073501 -0.012151 -0.059047
v 0.073387 0.007266 -0.039890
v 0.073948 0.005267 -0.041434
v 0.077987 -0.023927 -0.053463
v 0.075576 0.013065 -0.058029
v 0.076803 0.016079 -0.060209
v 0.085591 -0.009028 -0.066111
v 0.078612 -0.015358 -0.056831
v 0.076498 -0.016307 -0.055612
v 0.080861 -0.013985 -0.058179
v 0.082934 -0.011432 -0.059587
v 0.075011 0.003590 -0.051639
v 0.084222 0.007796 -0.057401
v 0.084591 0.005628 -0.058666
v 0.082840 0.007974 -0.056093
v 0.078059 0.019344 -0.058869
v 0.078320 0.019024 -0.056247
v 0.075140 0.015989 -0.057297
v 0.078107 0.017155 -0.055566
v 0.071496 -0.011310 -0.047390
v 0.069041 -0.016773 -0.051295
v 0.071183 -0.015538 -0.052493
v 0.070083 -0.017377 -0.052251
v 0.071661 -0.016504 -0.053777
v 0.071907 -0.015269 -0.055166
v 0.072408 -0.013598 -0.056241
v 0.073790 -0.011757 -0.056137
v 0.071290 -0.007293 -0.047751
v 0.077850 0.019455 -0.047145
v 0.070811 -0.009078 -0.047868
v 0.072752 -0.005671 -0.047628
v 0.072669 -0.007381 -0.047360
v 0.072170 -0.009256 -0.047222
v 0.074777 -0.019117 -0.050036
v 0.074913 -0.017626 -0.052246
v 0.073764 -0.018524 -0.049460
v 0.075353 -0.017149 -0.054215
v 0.072787 -0.018116 -0.049045
v 0.077246 0.013935 -0.057465
v 0.078149 0.016781 -0.057497
v 0.071786 -0.009443 -0.038434
v 0.066148 -0.001705 0.010781
v 0.066995 0.007747 0.005375
v 0.037673 -0.049598 0.031312
v 0.037763 -0.052531 0.031614
v 0.060627 -0.011965 0.024179
v 0.056336 -0.014788 0.029389
v 0.036130 -0.044484 0.042931
v 0.036238 -0.045170 0.042822
v 0.035604 -0.044526 0.043208
v 0.034979 -0.044356 0.043204
v 0.036010 -0.043505 0.041515
v 0.035219 -0.043958 0.040990
v 0.035196 -0.043952 0.042293
v 0.036283 -0.043531 0.042569
v 0.033000 -0.029770 0.045565
v 0.036874 -0.025679 0.044031
v 0.041035 -0.030015 0.042079
v 0.037550 -0.033389 0.043749
v 0.035473 -0.046548 0.034007
v 0.034430 -0.045016 0.034728
v 0.034181 -0.044619 0.037512
v 0.035109 -0.045291 0.036898
v 0.036061 -0.047540 0.033860
v 0.035432 -0.045619 0.036795
v 0.036920 -0.047916 0.031450
v 0.035811 -0.045370 0.031970
v 0.045891 -0.050615 0.037468
v 0.042146 -0.048529 0.039644
v 0.041560 -0.045508 0.040447
v 0.045227 -0.046174 0.038402
v 0.027509 -0.017899 0.045880
v 0.032457 -0.021503 0.045184
v 0.029374 -0.026055 0.046241
v 0.024216 -0.021592 0.046640
v 0.019457 -0.017067 0.047430
v 0.022429 -0.013784 0.046375
v 0.016475 -0.009080 0.050943
v 0.017086 -0.012804 0.052329
v 0.016403 -0.013888 0.055788
v 0.016691 -0.011662 0.054582
v 0.014779 -0.018045 0.054428
v 0.017397 -0.015048 0.050785
v 0.010884 -0.019427 0.055087
v -0.011951 -0.016887 0.057408
v -0.010787 -0.015204 0.056791
v -0.011033 -0.014711 0.058386
v -0.013219 -0.015786 0.058982
v 0.010653 -0.018919 0.056087
v 0.015115 -0.018438 0.052802
v -0.004497 -0.015591 0.065208
v -0.005560 -0.013563 0.065103
v -0.004696 -0.014724 0.063114
v -0.004600 -0.016625 0.062746
v 0.015768 -0.019372 0.050716
v 0.011577 -0.020003 0.053844
v 0.010080 -0.018141 0.056976
v 0.012972 -0.017718 0.056916
v -0.007516 -0.013190 0.064315
v -0.009413 -0.013130 0.066197
v -0.011197 -0.013247 0.064388
v -0.009041 -0.013659 0.062735
v -0.004921 -0.013274 0.058755
v -0.005920 -0.015220 0.059905
v -0.004217 -0.012498 0.061745
v -0.010619 -0.012684 0.056966
v -0.010393 -0.013617 0.055914
v -0.008555 -0.010307 0.055705
v -0.008781 -0.009953 0.055525
v 0.014474 -0.015428 0.058331
v 0.003910 -0.016658 0.065027
v 0.005098 -0.015245 0.067020
v 0.009160 0.014003 0.049915
v 0.011874 0.010424 0.047077
v 0.009278 0.011383 0.052178
v 0.011835 0.008137 0.049208
v 0.013882 -0.013055 0.061672
v 0.015234 -0.011248 0.060150
v 0.011461 -0.011853 0.065372
v 0.012307 -0.009235 0.065037
v 0.004733 0.028963 0.049039
v 0.001944 -0.020398 0.061003
v 0.002313 -0.021022 0.060531
v 0.001709 -0.019026 0.062616
v 0.022084 0.095019 -0.135620
v 0.022680 0.107295 -0.124459
v 0.021935 0.120300 -0.101325
v 0.019724 0.124465 -0.088902
v 0.006316 -0.037557 0.061225
v 0.005851 -0.034814 0.061299
v 0.015396 -0.042576 0.044922
v 0.009234 -0.042718 0.046513
v 0.008869 -0.043666 0.049560
v 0.015100 -0.043858 0.048107
v 0.020325 -0.043752 0.046034
v 0.021456 -0.042529 0.042636
v 0.015848 -0.041102 0.042379
v 0.009511 -0.041207 0.043600
v 0.014198 -0.044757 0.053714
v 0.008265 -0.044422 0.055867
v 0.007738 -0.042663 0.058444
v 0.013769 -0.043058 0.055821
v 0.019134 -0.023502 0.049359
v 0.014422 -0.022995 0.052132
v 0.009981 -0.022979 0.055814
v 0.006646 -0.023151 0.058487
v 0.005873 -0.021158 0.058694
v 0.008381 -0.020612 0.056529
v 0.005460 -0.020356 0.058951
v 0.007775 -0.019939 0.057063
v 0.007609 -0.019298 0.057570
v 0.008003 -0.018422 0.057849
v 0.006317 -0.018376 0.059090
v 0.006772 -0.017683 0.058944
v 0.005355 -0.019649 0.059276
v 0.004381 0.006131 0.065192
v 0.004300 0.009550 0.062212
v 0.010872 -0.033239 0.059283
v 0.005606 -0.032642 0.060783
v 0.004429 -0.028491 0.060034
v 0.008997 -0.028663 0.058679
v 0.014096 -0.029473 0.056040
v 0.016702 -0.034875 0.056365
v 0.002735 -0.021786 0.060191
v 0.011510 -0.035543 0.059357
v 0.012213 -0.038044 0.058959
v 0.017624 -0.037209 0.056239
v 0.018321 -0.039400 0.055661
v 0.022625 -0.037181 0.052657
v 0.020389 -0.031310 0.052737
v 0.027773 -0.033228 0.048774
v 0.028444 -0.039537 0.048815
v 0.040122 -0.042528 0.041819
v 0.037429 -0.044759 0.042446
v 0.036346 -0.043549 0.043321
v 0.034729 -0.042445 0.044639
v 0.038174 -0.039503 0.043370
v 0.043209 -0.041821 0.040058
v 0.040901 -0.037439 0.041838
v 0.034287 -0.036351 0.045632
v 0.032435 -0.041144 0.046230
v 0.034957 -0.043797 0.043892
v 0.034459 -0.044057 0.043726
v 0.033439 -0.043246 0.045040
v 0.032978 -0.043838 0.044777
v 0.031700 -0.042613 0.046347
v 0.031176 -0.043594 0.045984
v 0.028710 -0.042993 0.047723
v 0.028709 -0.041555 0.048414
v 0.031008 -0.044491 0.043355
v 0.028671 -0.044739 0.044707
v 0.028195 -0.044676 0.045958
v 0.030510 -0.044561 0.044402
v 0.033384 -0.044308 0.041975
v 0.032396 -0.044375 0.043370
v 0.032550 -0.044363 0.038606
v 0.030890 -0.044092 0.039598
v -0.046388 -0.084483 -0.021364
v -0.055299 -0.082280 -0.036291
v 0.034678 -0.044088 0.041152
v 0.034769 -0.044152 0.042078
v 0.033995 -0.044146 0.043412
v 0.032709 -0.044191 0.044149
v 0.030747 -0.044235 0.045295
v 0.028403 -0.044071 0.046838
v 0.018748 -0.041468 0.054527
v 0.023309 -0.041156 0.051942
v 0.023423 -0.042899 0.050729
v 0.018904 -0.043731 0.052788
v 0.023470 -0.044331 0.049376
v 0.022606 -0.041139 0.039853
v 0.019158 -0.044942 0.050871
v 0.027218 -0.042785 0.039312
v 0.028524 -0.041636 0.036618
v 0.025879 -0.043827 0.042767
v 0.033241 -0.044081 0.035741
v 0.031522 -0.043424 0.036557
v 0.034500 -0.043672 0.032806
v 0.032777 -0.042517 0.033942
v 0.024037 -0.044899 0.047750
v 0.023109 -0.039350 0.052496
v 0.012956 -0.040469 0.057652
v 0.007032 -0.040021 0.060002
v -0.033733 0.005363 0.036927
v -0.033058 0.002551 0.038097
v -0.029017 0.003858 0.039056
v -0.029873 0.006289 0.037966
v 0.005212 -0.001574 0.071756
v 0.004816 0.002652 0.068271
v 0.036033 -0.043902 0.043126
v 0.012656 -0.124793 -0.002483
v -0.074960 -0.007646 -0.045932
v -0.074182 -0.006934 -0.044910
v -0.082175 0.013803 -0.068398
v 0.037702 -0.045902 0.042116
v 0.036393 -0.049672 0.033872
v 0.035721 -0.046469 0.037038
v 0.045049 -0.054971 0.037650
v 0.042229 -0.058307 0.040341
v 0.040205 -0.054263 0.042102
v 0.042119 -0.051692 0.039771
v 0.037852 -0.048466 0.044591
v 0.037988 -0.047006 0.042788
v -0.085556 0.016000 -0.065129
v 0.037075 -0.045734 0.043629
v 0.037003 -0.046382 0.045629
v 0.036505 -0.044592 0.046272
v 0.036433 -0.044566 0.044050
v 0.035435 -0.042219 0.045975
v 0.032644 -0.041433 0.048814
v 0.030524 -0.045875 0.044308
v 0.033522 -0.046347 0.041632
v 0.035572 -0.046425 0.038390
v 0.036154 -0.043061 0.042507
v -0.082583 0.019995 -0.063234
v -0.082176 0.021474 -0.058504
v -0.080469 0.020242 -0.057667
v -0.080639 0.018507 -0.061632
v 0.035964 -0.042265 0.046291
v 0.036585 -0.042983 0.043595
v 0.033244 -0.041554 0.049739
v 0.023315 -0.121450 -0.008064
v 0.036777 -0.043530 0.043909
v 0.036296 -0.042977 0.046263
v 0.033745 -0.042589 0.050115
v 0.034301 -0.044660 0.050265
v 0.034911 -0.047064 0.050055
v 0.035449 -0.049876 0.049045
v 0.037187 -0.057139 0.046095
v 0.038743 -0.062107 0.044596
v 0.032650 -0.058557 0.050030
v 0.034041 -0.063748 0.049445
v 0.032036 -0.050827 0.053326
v 0.031818 -0.047374 0.054634
v 0.031280 -0.044572 0.054457
v 0.030796 -0.042262 0.053791
v 0.003386 -0.023414 0.059837
v 0.005100 -0.018201 0.060373
v 0.004033 -0.017566 0.062487
v 0.007425 -0.013661 0.067824
v 0.001615 -0.018033 0.064916
v 0.010055 -0.012034 0.067183
v 0.008376 -0.012490 0.068709
v 0.008981 -0.010863 0.069505
v 0.010118 -0.010262 0.068312
v 0.006961 -0.013087 0.070037
v 0.008247 -0.011057 0.070571
v 0.003071 -0.014287 0.071965
v 0.004128 -0.010838 0.074067
v 0.005188 -0.005173 0.073807
v 0.004626 -0.008565 0.074521
v 0.009546 -0.009248 0.070042
v 0.010728 -0.007439 0.068342
v -0.089365 0.015763 -0.063423
v 0.010855 -0.004408 0.066224
v 0.012814 -0.006608 0.062578
v 0.010567 0.129392 -0.045088
v 0.030279 -0.040965 0.053099
v 0.029096 -0.040759 0.051662
v -0.073429 -0.020670 -0.047080
v -0.082251 0.005775 -0.060143
v 0.028058 -0.056359 0.038148
v 0.028989 -0.051743 0.040267
v 0.025316 -0.051840 0.042367
v -0.081660 0.021914 -0.055919
v -0.084773 0.023149 -0.056530
v 0.024324 -0.056386 0.040470
v 0.025742 -0.040282 0.053382
v -0.086818 -0.004848 -0.068940
v -0.089974 0.014458 -0.065219
v -0.088556 0.012874 -0.064178
v -0.082958 0.014132 -0.051257
v -0.075143 -0.010838 -0.064027
v -0.080739 -0.010788 -0.061569
v -0.079065 -0.013424 -0.060732
v -0.074356 -0.012704 -0.063555
v -0.074380 0.001181 -0.056330
v 0.023929 -0.045145 0.047868
v 0.027006 -0.045349 0.046526
v 0.026424 -0.040633 0.055066
v 0.026957 -0.041989 0.056146
v 0.027383 -0.044425 0.057194
v 0.022330 -0.051819 0.043527
v 0.021547 -0.056662 0.041617
v -0.070762 -0.016024 -0.037121
v 0.035657 -0.050975 0.035045
v -0.078395 -0.026073 -0.053289
v -0.079204 -0.025014 -0.056007
v -0.031826 -0.032594 -0.118270
v -0.035267 -0.021525 -0.124842
v -0.089102 -0.005204 -0.072025
v 0.035896 -0.054745 0.032950
v 0.032604 -0.052083 0.037985
v 0.032225 -0.055690 0.035880
v 0.028477 -0.063934 0.053655
v 0.027434 -0.058904 0.053422
v 0.027753 -0.047628 0.057425
v 0.027355 -0.051414 0.056226
v 0.022578 0.114982 -0.113563
v 0.062754 0.076083 -0.007178
v 0.061415 0.069539 0.000801
v -0.082777 0.018377 -0.058923
v 0.054708 0.076760 0.007958
v 0.056348 0.082049 0.000552
v 0.063370 0.084066 -0.015479
v 0.056902 0.088823 -0.007295
v 0.040156 0.121628 -0.064549
v 0.040697 0.120905 -0.050253
v 0.021722 0.126840 -0.046338
v 0.035005 0.121733 -0.078543
v 0.047335 0.113574 -0.087859
v 0.049525 0.116190 -0.068455
v 0.049456 0.115915 -0.053094
v -0.075287 -0.021036 -0.048389
v -0.075377 -0.026263 -0.046101
v -0.073870 -0.025653 -0.044078
v -0.079421 0.008598 -0.056939
v 0.025063 -0.084745 -0.108659
v 0.052067 0.044133 -0.132339
v 0.048148 0.114816 -0.039259
v 0.040010 0.119001 -0.036439
v 0.039494 0.115846 -0.024006
v 0.046827 0.112460 -0.027512
v 0.021543 0.124322 -0.031863
v 0.010515 0.126494 -0.030011
v 0.018092 0.007445 -0.145767
v 0.004352 0.012948 0.059468
v 0.045860 -0.048190 -0.091841
v 0.055141 -0.048392 -0.074361
v 0.057954 -0.101015 -0.052162
v 0.068786 -0.025522 -0.055193
v 0.068330 -0.024734 -0.055800
v 0.057726 -0.063585 -0.055850
v 0.058587 -0.049315 -0.056630
v 0.036510 -0.047107 -0.103419
v 0.077117 -0.014386 -0.065461
v 0.077859 -0.010708 -0.066243
v 0.078673 -0.015403 -0.065022
v 0.079330 -0.011408 -0.066115
v 0.079581 -0.007185 -0.066483
v 0.079523 -0.017224 -0.064107
v 0.078434 0.018750 -0.054472
v 0.079993 0.020184 -0.053203
v -0.076859 -0.016723 -0.065582
v -0.076822 -0.014479 -0.066746
v 0.068323 -0.027204 -0.051309
v 0.068137 -0.026417 -0.052887
v -0.064907 -0.005157 -0.054091
v 0.067460 -0.026767 -0.052326
v 0.067374 -0.027294 -0.051055
v 0.068232 -0.028203 -0.049877
v 0.067291 -0.027959 -0.050083
v 0.077889 0.035822 -0.047821
v 0.066088 -0.027183 -0.053558
v 0.067450 -0.025131 -0.055647
v 0.067632 -0.025804 -0.054210
v 0.067105 -0.026633 -0.053022
v 0.067033 -0.027814 -0.051160
v 0.067069 -0.028784 -0.049704
v 0.067572 -0.029418 -0.049114
v -0.078807 -0.022820 -0.063223
v -0.075296 -0.027625 -0.057150
v -0.058682 -0.078868 -0.051163
v -0.056610 -0.075968 -0.067287
v -0.057571 -0.087582 -0.065073
v -0.058895 -0.091615 -0.049591
v -0.072087 -0.002615 -0.038588
v -0.072277 -0.009230 -0.041427
v -0.071973 -0.010589 -0.039325
v 0.080033 -0.018462 -0.064411
v 0.073050 -0.028755 -0.053439
v -0.020043 -0.102770 0.001250
v -0.018321 -0.114938 -0.003464
v 0.076812 0.012558 -0.059563
v 0.076636 0.010725 -0.061207
v 0.079208 0.012114 -0.062344
v 0.079262 0.014186 -0.060955
v 0.057515 -0.009427 -0.105614
v 0.060032 0.001533 -0.110718
v 0.011646 -0.082548 -0.113127
v 0.011488 -0.069860 -0.113007
v 0.074990 0.033888 -0.095417
v 0.076969 0.014034 -0.058259
v 0.079523 0.015838 -0.059638
v 0.078293 -0.006651 -0.066385
v 0.074767 0.014027 -0.058596
v 0.074900 0.012343 -0.059982
v 0.080832 0.017355 -0.061118
v 0.080579 0.015449 -0.062526
v 0.080374 0.013172 -0.063868
v 0.075020 0.010436 -0.061419
v -0.070448 -0.015559 -0.032930
v -0.069265 -0.016200 -0.020696
v -0.070875 -0.000523 -0.021579
v -0.071008 -0.005853 -0.032456
v 0.077829 0.017824 -0.060536
v 0.080002 0.064174 -0.071915
v 0.079084 0.058415 -0.085930
v 0.076693 0.081015 -0.075432
v 0.075599 0.076108 -0.090698
v 0.070973 0.070272 -0.106626
v 0.074176 0.051539 -0.101907
v 0.078350 0.018948 -0.054906
v 0.080794 0.021225 -0.053506
v 0.063870 0.090576 -0.023311
v 0.068994 0.085750 -0.030599
v 0.057046 0.094764 -0.014522
v 0.056868 0.100117 -0.021283
v 0.063225 0.096764 -0.030307
v 0.070476 0.090175 -0.042514
v 0.079113 0.054865 -0.056941
v 0.078351 0.069469 -0.057788
v 0.075369 0.073364 -0.044208
v -0.059132 0.030515 0.014010
v -0.061033 0.031075 0.009503
v -0.061151 0.021603 0.009792
v -0.058987 0.022842 0.013440
v 0.074727 0.085779 -0.059795
v 0.066229 0.099291 -0.048894
v 0.069901 0.095785 -0.063547
v 0.059134 0.107731 -0.052760
v 0.061240 0.105911 -0.067468
v 0.061044 0.103369 -0.083503
v 0.071508 0.091933 -0.078751
v 0.061343 0.102291 -0.036517
v 0.055233 0.104950 -0.026765
v 0.056251 0.108660 -0.040020
v 0.052930 0.109001 -0.031345
v 0.073372 0.074911 -0.037010
v 0.062043 -0.033236 -0.049719
v 0.064766 -0.033948 -0.045092
v -0.019437 0.087309 0.030825
v -0.009251 0.088437 0.033182
v -0.009496 0.095604 0.027029
v -0.019890 0.094376 0.024369
v 0.069466 -0.023339 -0.037096
v -0.037007 -0.013175 -0.128941
v -0.038682 -0.002596 -0.133492
v -0.019135 -0.005346 -0.140469
v -0.018176 -0.015108 -0.135426
v 0.069795 0.000981 -0.001751
v 0.069296 0.013558 -0.004054
v 0.072302 0.005767 -0.014764
v 0.071029 -0.009013 -0.013372
v -0.020154 0.111556 0.002210
v -0.009627 0.113135 0.004905
v -0.009766 0.118279 -0.005124
v -0.020455 0.116436 -0.007471
v -0.050530 0.002916 0.028484
v -0.051868 -0.002946 0.029385
v -0.048429 -0.003361 0.032595
v -0.047615 0.002538 0.031090
v 0.067584 0.027366 -0.005474
v 0.071101 0.019923 -0.016071
v 0.071694 0.034651 -0.017941
v 0.067921 0.042009 -0.005824
v 0.062145 0.064936 -0.121815
v 0.064227 0.048125 -0.119867
v -0.075149 -0.030445 -0.043001
v -0.074022 -0.029565 -0.041604
v 0.064509 0.035346 -0.118016
v 0.048485 0.057929 0.026180
v -0.009945 0.122718 -0.016890
v -0.020875 0.120698 -0.018818
v 0.021672 0.086155 -0.141880
v 0.047047 0.080895 0.015383
v 0.054611 0.085215 -0.122163
v -0.001437 -0.068289 -0.114536
v 0.041559 0.091272 -0.128788
v 0.070658 0.087237 -0.093869
v 0.067329 0.082105 -0.107397
v 0.059205 0.075881 -0.122265
v 0.063299 0.019133 -0.115984
v 0.047372 0.108408 -0.019908
v 0.056808 0.024405 0.019709
v 0.056204 0.019864 0.018869
v 0.056976 0.029204 0.021151
v 0.054704 0.015039 0.020544
v 0.015213 0.007080 0.044895
v 0.014839 0.005043 0.046811
v 0.014501 0.002566 0.048797
v 0.018286 0.002325 0.044868
v 0.017722 -0.000564 0.046701
v 0.011351 0.002954 0.053943
v 0.011701 0.005547 0.051505
v 0.013848 0.000134 0.050672
v 0.013505 -0.002860 0.052417
v 0.011312 0.000027 0.056269
v 0.018370 -0.015075 0.048495
v 0.019240 -0.010367 0.047143
v 0.016103 -0.006389 0.049116
v 0.021773 -0.003347 0.045368
v 0.020708 -0.006546 0.046520
v 0.016873 -0.003182 0.048033
v 0.022702 -0.000199 0.043469
v 0.014443 -0.006194 0.054789
v 0.015597 -0.009424 0.057880
v 0.011790 -0.003329 0.059412
v 0.010217 -0.001139 0.062847
v 0.009694 0.002365 0.059653
v 0.018928 0.004518 0.043127
v 0.023849 0.002300 0.041890
v 0.025079 -0.009786 0.045939
v 0.030536 -0.012862 0.045339
v 0.026901 -0.005682 0.044391
v 0.031871 -0.008171 0.043722
v 0.027642 -0.002332 0.042749
v 0.032692 -0.004564 0.042015
v 0.035602 -0.016761 0.044429
v 0.040266 -0.020656 0.042833
v 0.044620 -0.026180 0.040408
v 0.042465 -0.015629 0.041163
v 0.047291 -0.020974 0.038474
v 0.043600 -0.010471 0.039364
v 0.049059 -0.015664 0.036620
v -0.011794 0.012869 0.044235
v -0.012083 0.014711 0.041438
v -0.015848 0.011208 0.040267
v -0.015465 0.009262 0.042474
v -0.006998 0.061108 0.045060
v -0.007936 0.068817 0.042324
v -0.017013 0.068646 0.040855
v -0.015520 0.061074 0.044007
v 0.037431 -0.011384 0.042649
v 0.038411 -0.007378 0.040880
v 0.033482 -0.001057 0.040307
v 0.028777 0.000741 0.041084
v 0.043210 0.000096 0.036256
v 0.043761 -0.005251 0.037783
v 0.038662 -0.003004 0.039182
v 0.038682 0.001343 0.037621
v 0.049764 -0.008878 0.035057
v 0.048516 -0.001511 0.034119
v 0.046968 0.003268 0.032908
v 0.031984 0.009612 0.037489
v 0.026814 0.010295 0.038206
v 0.035745 0.009376 0.036439
v 0.042523 0.003924 0.035018
v 0.038905 0.004602 0.036470
v 0.050764 0.010480 0.026189
v 0.048281 0.009670 0.028751
v 0.042202 0.009127 0.033399
v 0.039206 0.009172 0.035046
v 0.045283 0.009307 0.031251
v 0.022190 0.011876 0.038090
v 0.017437 0.013919 0.037981
v 0.053886 -0.061615 -0.071662
v 0.009290 0.005543 0.057209
v 0.009252 0.008481 0.054583
v 0.015285 0.031194 0.040051
v 0.012905 0.028386 0.039129
v 0.007690 0.028772 0.046273
v 0.019344 0.035323 0.042642
v 0.014182 0.016685 0.037837
v -0.020465 0.008734 0.039248
v -0.019640 0.006771 0.040824
v 0.012392 0.019288 0.037712
v 0.011522 0.022045 0.037876
v 0.011408 0.025365 0.038357
v -0.009529 0.101974 0.020402
v -0.020043 0.100681 0.017574
v -0.020286 0.127238 -0.069059
v -0.020727 0.127327 -0.060560
v -0.009543 0.130047 -0.060991
v -0.010645 0.129327 -0.073596
v 0.030778 0.048582 0.044084
v 0.027348 0.042019 0.045843
v 0.058480 0.062870 0.010149
v 0.062230 0.054556 0.006137
v 0.051098 0.043957 0.028743
v 0.054329 0.039736 0.025516
v 0.056308 0.034579 0.022851
v 0.064099 0.043065 0.003188
v 0.064713 0.030548 0.002447
v 0.065976 0.018775 0.003090
v -0.069729 0.000316 -0.093823
v -0.072619 -0.001329 -0.078293
v -0.075380 0.010667 -0.079594
v -0.073555 0.016798 -0.096322
v 0.048650 0.092798 0.001093
v -0.032025 -0.096202 -0.008391
v -0.030649 -0.108525 -0.012263
v -0.001446 -0.081456 -0.114413
v 0.048532 0.098567 -0.005818
v 0.048227 0.086621 0.008313
v 0.039182 0.111643 -0.014519
v 0.039270 0.107095 -0.006048
v 0.048145 0.103802 -0.012759
v 0.039756 0.101834 0.001310
v 0.040128 0.096080 0.008175
v 0.039700 0.090012 0.015445
v 0.038918 0.084018 0.022302
v 0.037410 0.075749 0.029113
v 0.044916 -0.060715 -0.089683
v 0.006861 -0.007512 0.055268
v 0.006448 -0.007603 0.055728
v -0.052468 0.052463 0.021001
v -0.054411 0.057550 0.016728
v -0.057735 0.050556 0.012961
v -0.055641 0.046490 0.017764
v 0.006626 -0.007532 0.055070
v 0.006139 -0.007569 0.055576
v 0.006512 -0.007944 0.055674
v 0.006381 -0.016068 0.058302
v 0.005411 -0.014074 0.057334
v 0.005857 -0.010370 0.056611
v 0.068841 -0.029904 -0.039533
v -0.005463 0.048673 0.048381
v -0.013043 0.048560 0.047774
v -0.011250 0.042450 0.048023
v -0.004888 0.042380 0.048809
v -0.058558 0.015334 0.014270
v -0.061100 0.012461 0.011854
v -0.059807 0.004470 0.017287
v -0.057051 0.008273 0.018845
v -0.053028 0.004029 0.025458
v -0.054783 -0.001593 0.025933
v -0.018449 0.077910 0.036992
v -0.008654 0.078617 0.038700
v -0.059897 0.041306 0.010233
v -0.057934 0.038855 0.015368
v -0.009109 0.016241 0.046623
v -0.009757 0.017689 0.043094
v -0.007337 0.022042 0.045382
v -0.003580 0.021776 0.051133
v -0.003457 0.025718 0.049335
v -0.006716 0.025607 0.045925
v -0.033237 0.060529 0.036769
v -0.034852 0.067402 0.033218
v -0.042329 0.066035 0.027662
v -0.040698 0.059532 0.031382
v -0.020088 0.106269 0.010368
v -0.009550 0.107677 0.013177
v -0.003908 0.034909 0.048232
v -0.008408 0.035046 0.046415
v -0.007419 0.031437 0.045698
v -0.003751 0.031621 0.048156
v -0.024445 0.005052 0.039912
v -0.025272 0.007226 0.038764
v -0.065910 -0.030230 -0.047549
v -0.067648 -0.031280 -0.046419
v -0.073048 0.015346 -0.035563
v -0.071512 0.004723 -0.033619
v -0.071481 0.012713 -0.023075
v -0.071886 0.025665 -0.025739
v -0.074259 0.037657 -0.029546
v -0.075539 0.046018 -0.034875
v -0.076812 0.029746 -0.042089
v -0.074955 0.024297 -0.038131
v -0.053652 -0.084725 -0.078931
v -0.051007 -0.074307 -0.082407
v -0.003717 0.018774 0.054073
v -0.003701 0.015781 0.056744
v -0.020797 0.036769 -0.151419
v -0.020417 0.023205 -0.149632
v -0.040625 0.027133 -0.141229
v -0.040730 0.040062 -0.142540
v -0.066707 -0.010374 -0.090037
v -0.070035 -0.010109 -0.075636
v -0.009646 -0.011847 0.058675
v -0.006854 -0.007618 0.054923
v -0.007572 -0.010601 0.056107
v -0.006944 -0.007636 0.055011
v -0.010337 -0.014147 0.060713
v -0.012894 -0.013999 0.061989
v -0.007959 -0.014715 0.055440
v -0.007018 -0.014654 0.055892
v -0.006941 -0.010374 0.056324
v -0.007135 -0.007588 0.055021
v -0.001762 -0.017019 0.067574
v -0.002266 -0.015361 0.070440
v -0.006022 -0.014014 0.069191
v -0.004533 -0.015657 0.067223
v -0.006079 -0.007533 0.055800
v -0.005208 -0.010089 0.057384
v -0.004961 -0.011717 0.063028
v -0.006648 -0.009127 0.058813
v -0.006461 -0.007687 0.056177
v -0.006799 -0.011382 0.062120
v -0.005844 -0.017237 0.060303
v -0.008256 -0.011486 0.060587
v -0.077019 -0.017804 -0.055660
v -0.056392 -0.064268 -0.030727
v -0.060912 -0.049830 -0.038939
v -0.060641 -0.050489 -0.045155
v -0.058132 -0.066073 -0.040615
v -0.080804 0.008126 -0.058098
v -0.066304 0.057355 -0.004784
v -0.067773 0.068894 -0.014385
v -0.072947 0.057545 -0.026007
v -0.072240 0.047034 -0.020766
v -0.068212 0.078695 -0.022581
v -0.073407 0.068283 -0.033358
v -0.076483 0.056367 -0.043064
v -0.078695 0.035798 -0.056607
v -0.042222 0.017620 0.031834
v -0.042394 0.017468 0.031973
v -0.040810 0.017220 0.033247
v -0.040888 0.017310 0.033108
v -0.041789 0.017754 0.031214
v -0.040377 0.017190 0.032280
v -0.042737 0.018182 0.030241
v -0.043226 0.017894 0.030770
v -0.043420 0.017688 0.030868
v -0.024522 0.018604 0.035108
v -0.025274 0.018659 0.034633
v -0.028003 0.017782 0.034737
v -0.027235 0.017921 0.035798
v -0.024276 0.018367 0.035497
v -0.027155 0.017644 0.036167
v -0.028412 0.020475 0.029031
v -0.027831 0.020827 0.028946
v -0.029242 0.020136 0.029107
v -0.022553 0.020658 0.032894
v -0.022784 0.021816 0.032979
v -0.027591 0.021936 0.028973
v -0.027459 0.021193 0.028858
v -0.022935 0.020003 0.033191
v -0.021243 0.019906 0.033149
v -0.020248 0.020356 0.032622
v -0.020383 0.021941 0.032917
v -0.032412 0.016645 0.036188
v -0.032592 0.015892 0.036215
v -0.027819 0.016234 0.036454
v -0.027433 0.017076 0.036381
v -0.032232 0.017088 0.036047
v -0.035683 0.017199 0.035109
v -0.035743 0.016740 0.035229
v -0.035826 0.015998 0.035207
v -0.024451 0.017157 0.036220
v -0.024362 0.018008 0.035906
v -0.035821 0.015297 0.035211
v -0.032800 0.015233 0.036111
v -0.028011 0.015579 0.036405
v -0.024425 0.016739 0.036300
v -0.021596 0.017997 0.035591
v -0.022756 0.018190 0.035664
v -0.032832 0.014425 0.035938
v -0.032761 0.013580 0.035844
v -0.027920 0.013964 0.036392
v -0.028029 0.014799 0.036351
v -0.035838 0.014474 0.034940
v -0.035784 0.013582 0.034814
v -0.044549 0.017712 0.029188
v -0.045077 0.018185 0.028313
v -0.045010 0.017623 0.028405
v -0.044662 0.017220 0.028867
v -0.046841 0.014958 0.025843
v -0.047868 0.016314 0.024992
v -0.049090 0.015706 0.023553
v -0.047898 0.014173 0.024947
v -0.055428 0.005640 0.022011
v -0.049873 0.011329 0.024523
v -0.051352 0.012806 0.022326
v -0.044027 0.017534 0.029961
v -0.043379 0.017291 0.030872
v -0.044028 0.017858 0.029960
v -0.044519 0.018157 0.029048
v -0.044186 0.016861 0.029644
v -0.043440 0.016638 0.030663
v -0.042402 0.017144 0.031964
v -0.042432 0.016415 0.031850
v -0.040785 0.016159 0.033170
v -0.040701 0.016933 0.033245
v -0.038579 0.016837 0.034239
v -0.038935 0.017214 0.034116
v -0.038646 0.016047 0.034186
v -0.040904 0.015457 0.032924
v -0.038762 0.015317 0.034082
v -0.042458 0.015708 0.031479
v -0.043522 0.016047 0.030243
v -0.044294 0.016392 0.029171
v -0.044943 0.016775 0.028395
v -0.045408 0.017401 0.027840
v -0.044569 0.015828 0.028598
v -0.045092 0.015081 0.027841
v -0.043906 0.014597 0.029151
v -0.043655 0.015436 0.029768
v -0.045404 0.016330 0.027709
v -0.046055 0.015693 0.026787
v -0.042572 0.015111 0.031004
v -0.042579 0.014331 0.030567
v -0.040814 0.013964 0.032160
v -0.040884 0.014759 0.032597
v -0.038387 0.014659 0.033752
v -0.038427 0.013752 0.033393
v -0.032196 0.017162 0.035829
v -0.031943 0.017204 0.034545
v -0.035389 0.017047 0.033916
v -0.035756 0.017215 0.034890
v -0.039037 0.017189 0.034008
v -0.038331 0.016974 0.033203
v -0.035181 0.016903 0.032884
v -0.033395 0.019306 0.028841
v -0.034594 0.019335 0.028469
v -0.037898 0.016917 0.032163
v -0.032063 0.017214 0.033391
v -0.031928 0.019445 0.029110
v -0.028776 0.017972 0.033502
v -0.030445 0.019774 0.029148
v -0.026056 0.018677 0.033830
v -0.033518 0.030057 0.035840
v -0.033419 0.030246 0.036303
v -0.038743 0.029563 0.035269
v -0.038316 0.029223 0.034954
v -0.051373 0.000642 -0.123018
v -0.052621 0.015560 -0.128508
v -0.040300 0.011174 -0.138208
v -0.040966 0.026719 0.034041
v -0.040929 0.027704 0.033822
v -0.043330 0.026465 0.032056
v -0.043190 0.025528 0.032160
v -0.041016 0.025673 0.034367
v -0.042999 0.024407 0.032416
v -0.038260 0.026932 0.036229
v -0.038272 0.028053 0.035871
v -0.038192 0.028903 0.035396
v -0.042180 0.022936 0.028474
v -0.041433 0.023885 0.029194
v -0.042153 0.023708 0.030508
v -0.043163 0.022911 0.029264
v -0.042796 0.022261 0.027890
v -0.043732 0.022165 0.028437
v -0.037514 0.022116 0.026346
v -0.037185 0.022481 0.026645
v -0.036675 0.022922 0.027106
v -0.037696 0.021772 0.026187
v -0.037810 0.021391 0.026125
v -0.037793 0.021008 0.026169
v -0.037677 0.020682 0.026329
v -0.056008 -0.009876 0.024197
v -0.057585 0.000654 0.021789
v -0.059361 -0.007215 0.019358
v -0.043797 0.018148 0.029807
v -0.044317 0.018512 0.028922
v -0.043266 0.018460 0.029401
v -0.043762 0.018816 0.028710
v -0.044841 0.019079 0.028077
v -0.045154 0.018797 0.028040
v -0.041088 0.017791 0.030485
v -0.036554 0.019643 0.027625
v -0.037018 0.019902 0.027237
v -0.041843 0.018392 0.029608
v -0.039807 0.017178 0.031275
v -0.035789 0.019423 0.028051
v -0.037266 0.020160 0.026917
v -0.037499 0.020399 0.026583
v -0.042155 0.018739 0.028952
v -0.042676 0.019152 0.028285
v -0.044176 0.019401 0.028186
v -0.043275 0.020334 0.027389
v -0.043278 0.020963 0.027378
v -0.044379 0.019981 0.027899
v -0.044448 0.020761 0.027774
v -0.043095 0.019701 0.027692
v -0.043099 0.021614 0.027541
v -0.044167 0.021376 0.028019
v -0.045361 0.018300 0.027911
v -0.045404 0.019229 0.027678
v -0.045919 0.020312 0.027063
v -0.045769 0.018335 0.027383
v -0.046387 0.018378 0.026604
v -0.045944 0.017097 0.027016
v -0.046717 0.021140 0.026513
v -0.047819 0.021649 0.025542
v -0.047477 0.018377 0.025558
v -0.046786 0.016812 0.026050
v -0.045085 0.019781 0.027681
v -0.045313 0.020443 0.027402
v -0.046213 0.022342 0.027658
v -0.046874 0.023308 0.027319
v -0.045653 0.021614 0.027953
v -0.045151 0.022502 0.029100
v -0.045511 0.023355 0.028946
v -0.046030 0.024223 0.028674
v -0.044563 0.024330 0.030464
v -0.044941 0.025275 0.030297
v -0.044305 0.023362 0.030591
v -0.045111 0.021298 0.028002
v -0.044638 0.022069 0.028904
v -0.043847 0.022915 0.030154
v -0.042733 0.023564 0.032024
v -0.040823 0.024661 0.034059
v -0.040198 0.024616 0.032331
v -0.038070 0.025967 0.035877
v -0.037463 0.025531 0.034209
v -0.033851 0.031180 0.037093
v -0.039634 0.030715 0.035851
v -0.036976 0.025496 0.032293
v -0.034422 0.023605 0.028593
v -0.032832 0.023670 0.029133
v -0.033803 0.025520 0.033422
v -0.023448 0.022645 0.033534
v -0.024312 0.023533 0.034108
v -0.028338 0.022676 0.029435
v -0.027883 0.022325 0.029206
v -0.021815 0.022739 0.034090
v -0.023245 0.023704 0.034857
v -0.027934 0.024918 0.034370
v -0.029994 0.023276 0.029689
v -0.029006 0.022984 0.029612
v -0.026099 0.024257 0.034157
v -0.027305 0.025559 0.036130
v -0.024865 0.024536 0.035496
v -0.034104 0.026108 0.035480
v -0.021820 0.072494 -0.148134
v -0.021537 0.056934 -0.151503
v -0.040907 0.058679 -0.142584
v -0.040706 0.072176 -0.139839
v -0.039402 0.024818 0.030811
v -0.035696 0.023324 0.027862
v -0.050493 0.073158 -0.132015
v -0.049590 0.081699 -0.129081
v -0.041046 0.083738 -0.134665
v -0.037691 -0.061658 -0.100559
v -0.027897 -0.073136 -0.107219
v -0.019615 0.022523 0.035184
v -0.021454 0.023870 0.035661
v -0.018383 0.021300 0.034782
v -0.017717 0.021123 0.034873
v -0.018870 0.022589 0.035186
v -0.020463 0.024075 0.035663
v -0.023674 0.025011 0.036165
v -0.022916 0.025428 0.036585
v -0.026457 0.026810 0.037576
v -0.026604 0.026037 0.037237
v -0.034036 0.026791 0.036948
v -0.034087 0.027695 0.037345
v -0.025876 0.027734 0.037087
v -0.022335 0.026029 0.036057
v -0.025187 0.028740 0.036545
v -0.022106 0.027043 0.035743
v -0.033859 0.029622 0.036266
v -0.034095 0.028754 0.036988
v -0.021398 0.018880 0.035117
v -0.019143 0.019232 0.034927
v -0.021931 0.019177 0.034964
v -0.019473 0.019514 0.034719
v -0.023093 0.019314 0.034184
v -0.018572 0.020031 0.034496
v -0.017898 0.019847 0.034706
v -0.024005 0.019338 0.033712
v -0.018124 0.022653 0.034788
v -0.016785 0.020963 0.034774
v -0.016988 0.023203 0.034043
v -0.016071 0.021108 0.034357
v -0.019358 0.025645 0.034442
v -0.019736 0.024383 0.034885
v -0.016916 0.019718 0.034633
v -0.017589 0.019169 0.034804
v -0.016159 0.019704 0.034505
v -0.016864 0.018978 0.034749
v -0.024186 0.016082 0.036339
v -0.023942 0.015423 0.036346
v -0.020857 0.017476 0.035685
v -0.020237 0.017029 0.035613
v -0.032495 0.012690 0.035706
v -0.035608 0.012654 0.034765
v -0.031997 0.011581 0.035811
v -0.035379 0.011456 0.034672
v -0.027108 0.012112 0.036752
v -0.027622 0.013068 0.036513
v -0.030938 -0.116727 -0.013891
v -0.045697 0.014162 0.027251
v -0.046447 0.013107 0.026770
v -0.044921 0.012361 0.028413
v -0.044318 0.013681 0.028636
v -0.042733 0.013298 0.030163
v -0.043008 0.011894 0.030152
v -0.040662 0.011627 0.031819
v -0.040665 0.012942 0.031839
v -0.038299 0.012843 0.033173
v -0.038378 0.011391 0.033256
v -0.048832 0.017925 0.024183
v -0.049761 0.021447 0.023491
v -0.050215 0.017281 0.022587
v -0.051823 0.021020 0.021433
v -0.015277 0.024239 0.034413
v -0.014972 0.021446 0.034154
v -0.013732 0.024951 0.035635
v -0.013591 0.022078 0.035199
v -0.014947 0.027857 0.036575
v -0.016855 0.027113 0.034962
v -0.015366 0.019812 0.034545
v -0.016140 0.018699 0.034656
v -0.014326 0.019745 0.034991
v -0.015315 0.018252 0.035137
v -0.023425 0.014633 0.036377
v -0.022872 0.013752 0.036544
v -0.019607 0.016478 0.035837
v -0.018763 0.015680 0.036035
v -0.049677 -0.010503 -0.118178
v -0.053164 0.031324 -0.131111
v -0.046893 0.034606 0.033230
v -0.044522 0.031839 0.033916
v -0.041027 0.033067 0.036174
v -0.042887 0.036426 0.036339
v -0.049655 0.038480 0.031260
v -0.051864 0.034992 0.028360
v -0.049452 0.032244 0.030271
v -0.047166 0.030093 0.031558
v -0.050706 0.024383 0.024222
v -0.048989 0.024411 0.025819
v -0.049132 0.026224 0.027145
v -0.050867 0.026835 0.025714
v -0.052736 0.024388 0.022135
v -0.053183 0.027684 0.023791
v -0.050377 0.029337 0.027848
v -0.048404 0.028059 0.029182
v -0.052877 0.030962 0.026093
v -0.022844 0.032843 0.038510
v -0.023483 0.031340 0.037137
v -0.020658 0.029151 0.035850
v -0.019249 0.029743 0.036716
v -0.021697 0.034210 0.039598
v -0.017190 0.030599 0.037777
v -0.035978 0.036961 0.039237
v -0.034982 0.033957 0.038181
v -0.024763 0.029393 0.036059
v -0.022767 0.028084 0.035915
v -0.024410 0.029563 0.035981
v -0.022151 0.028035 0.035712
v -0.058265 0.092420 -0.111291
v -0.060346 0.098243 -0.098748
v -0.043913 0.109170 -0.105139
v -0.043131 0.101876 -0.117464
v -0.040975 0.028059 0.034018
v -0.041619 0.028595 0.033839
v -0.044050 0.027487 0.032037
v -0.043474 0.026980 0.032237
v -0.045336 0.025918 0.030254
v -0.045927 0.026424 0.030175
v -0.046951 0.025325 0.028489
v -0.046451 0.025006 0.028651
v -0.047038 0.024192 0.027467
v -0.047464 0.024205 0.027048
v -0.022177 0.028939 0.035978
v -0.024189 0.030033 0.036466
v -0.052010 0.061357 -0.133315
v -0.044247 0.073278 0.022731
v -0.051240 0.069721 0.016108
v -0.049204 0.063337 0.021649
v -0.042631 0.029676 0.034263
v -0.045207 0.028440 0.032167
v -0.046905 0.027132 0.029978
v -0.047881 0.025771 0.028167
v -0.048250 0.024771 0.026964
v -0.071530 -0.013347 -0.039116
v -0.071821 -0.013169 -0.041272
v -0.079070 -0.003001 -0.068337
v -0.077294 0.003509 -0.067132
v -0.076127 0.006926 -0.065519
v -0.079647 0.014103 -0.052638
v -0.081217 0.017284 -0.055564
v -0.082350 -0.021308 -0.061369
v -0.079184 -0.023164 -0.057450
v -0.082211 -0.020386 -0.061914
v -0.087704 0.013285 -0.064536
v -0.088203 0.011694 -0.065894
v -0.089188 0.011364 -0.065516
v -0.043100 -0.032027 -0.108146
v -0.047394 -0.019391 -0.114260
v -0.088494 0.009975 -0.067228
v -0.073546 -0.008472 -0.044104
v -0.080070 -0.003480 -0.068590
v -0.081573 -0.004034 -0.070412
v -0.082421 -0.009119 -0.070625
v -0.081722 -0.008618 -0.069931
v -0.081818 -0.014238 -0.068805
v -0.081221 -0.013444 -0.068272
v -0.083677 -0.017563 -0.064582
v -0.083780 -0.013245 -0.067464
v -0.082198 0.017716 -0.056959
v -0.082274 0.016887 -0.056133
v -0.082953 0.017756 -0.057312
v -0.074356 -0.009552 -0.045543
v -0.078020 0.011917 -0.052707
v -0.077659 0.010217 -0.050842
v -0.077326 0.010645 -0.051395
v -0.072430 -0.004532 -0.050181
v -0.072200 -0.003724 -0.050375
v -0.073589 -0.006051 -0.049605
v -0.075269 -0.007350 -0.047338
v -0.069538 -0.014758 -0.049529
v -0.069210 -0.015418 -0.051111
v -0.068607 -0.016149 -0.050327
v -0.085609 0.023251 -0.059641
v -0.077840 0.009239 -0.050351
v -0.078972 0.010241 -0.050705
v -0.079678 0.011293 -0.051087
v -0.083712 0.017111 -0.057345
v -0.080102 0.012196 -0.051343
v -0.079129 0.012234 -0.051586
v -0.080371 0.013828 -0.052454
v -0.078463 0.012326 -0.052022
v -0.074557 -0.012087 -0.063764
v -0.073553 -0.012202 -0.061692
v -0.073337 0.006643 -0.039885
v -0.073826 0.004831 -0.042512
v -0.078228 -0.023846 -0.055006
v -0.076055 0.012612 -0.059768
v -0.076908 0.015607 -0.061520
v -0.085512 -0.009106 -0.068650
v -0.078985 -0.015222 -0.058884
v -0.076884 -0.016204 -0.057560
v -0.081348 -0.013957 -0.060358
v -0.083125 -0.011396 -0.061909
v -0.074834 0.003375 -0.054657
v -0.083281 0.007666 -0.060471
v -0.083557 0.005613 -0.061600
v -0.082018 0.007829 -0.059209
v -0.077867 0.018692 -0.059724
v -0.078199 0.018422 -0.057399
v -0.075323 0.015432 -0.059038
v -0.078098 0.016627 -0.057096
v -0.071434 -0.011470 -0.049226
v -0.069356 -0.016943 -0.052862
v -0.071173 -0.015582 -0.054465
v -0.070478 -0.017556 -0.053923
v -0.071691 -0.016558 -0.055744
v -0.071878 -0.015344 -0.057382
v -0.072344 -0.013656 -0.058731
v -0.073682 -0.011727 -0.058836
v -0.071269 -0.007457 -0.050047
v -0.077657 0.018948 -0.048025
v -0.070797 -0.009238 -0.050014
v -0.072708 -0.005843 -0.049862
v -0.072633 -0.007571 -0.049467
v -0.072137 -0.009444 -0.049177
v -0.075485 -0.019135 -0.050834
v -0.075576 -0.017665 -0.053639
v -0.074192 -0.018497 -0.049975
v -0.075741 -0.017090 -0.055988
v -0.073112 -0.018145 -0.049501
v -0.077573 0.013397 -0.059078
v -0.078293 0.016199 -0.058797
v -0.071622 -0.010119 -0.037137
v -0.062461 -0.002276 0.013624
v -0.064409 0.007124 0.007495
v -0.014327 -0.049220 0.037453
v -0.012635 -0.051992 0.038037
v -0.052755 -0.012337 0.028396
v -0.048470 -0.014941 0.032903
v -0.013729 -0.044335 0.048159
v -0.011755 -0.044878 0.048512
v -0.010445 -0.044196 0.048787
v -0.012754 -0.044125 0.048188
v -0.007437 -0.043151 0.047316
v -0.010056 -0.043742 0.046321
v -0.010511 -0.043735 0.047484
v -0.007522 -0.043260 0.048470
v -0.024322 -0.029874 0.047891
v -0.027859 -0.025726 0.046194
v -0.029429 -0.030057 0.045572
v -0.026170 -0.033500 0.047210
v -0.013114 -0.046267 0.039458
v -0.014071 -0.044787 0.039626
v -0.012881 -0.044394 0.042327
v -0.011704 -0.045051 0.042233
v -0.012313 -0.047174 0.039637
v -0.011008 -0.045320 0.042334
v -0.015061 -0.047585 0.037176
v -0.015789 -0.045103 0.037179
v -0.021933 -0.050507 0.045112
v -0.018565 -0.048345 0.046470
v -0.021210 -0.045395 0.046586
v -0.024759 -0.046093 0.045245
v -0.022942 -0.017914 0.046256
v -0.025618 -0.021558 0.046321
v -0.022846 -0.026065 0.047564
v -0.019962 -0.021606 0.047147
v -0.017400 -0.017037 0.047569
v -0.020059 -0.013752 0.046318
v -0.016699 -0.008929 0.050988
v -0.017406 -0.012665 0.052231
v -0.016720 -0.013768 0.055580
v -0.017206 -0.011518 0.054431
v -0.015019 -0.017891 0.054157
v -0.017260 -0.014936 0.050704
v -0.010926 -0.019230 0.054755
v -0.010756 -0.018750 0.055816
v -0.015041 -0.018277 0.052597
v -0.014938 -0.019267 0.050677
v -0.011299 -0.019860 0.053520
v -0.010196 -0.018014 0.056805
v -0.013101 -0.017611 0.056711
v -0.014598 -0.015332 0.058104
v -0.003927 -0.016630 0.064975
v -0.005065 -0.015183 0.066904
v -0.009073 0.014113 0.049670
v -0.011927 0.010573 0.046781
v -0.009246 0.011513 0.051969
v -0.011939 0.008291 0.048953
v -0.013960 -0.012978 0.061498
v -0.015361 -0.011141 0.059929
v -0.011497 -0.011823 0.065234
v -0.012366 -0.009170 0.064877
v -0.003441 0.028827 0.048462
v -0.001983 -0.020403 0.060933
v -0.002309 -0.020989 0.060405
v -0.001717 -0.019040 0.062600
v -0.022329 0.094984 -0.135620
v -0.022709 0.107252 -0.124452
v -0.021619 0.120175 -0.101294
v -0.019317 0.124351 -0.088864
v -0.004741 -0.037549 0.061136
v -0.004749 -0.034834 0.061155
v -0.010227 -0.042452 0.045262
v -0.005432 -0.042620 0.046614
v -0.005449 -0.043581 0.049648
v -0.010254 -0.043731 0.048439
v -0.012479 -0.043620 0.046884
v -0.012380 -0.042338 0.043736
v -0.010227 -0.041006 0.042806
v -0.005325 -0.041063 0.043738
v -0.009958 -0.044686 0.053978
v -0.005234 -0.044321 0.055906
v -0.005075 -0.042664 0.058501
v -0.009884 -0.043112 0.056117
v -0.016924 -0.023484 0.049511
v -0.013478 -0.022913 0.051975
v -0.009671 -0.022904 0.055482
v -0.006522 -0.023133 0.058085
v -0.005810 -0.021086 0.058341
v -0.008291 -0.020507 0.056161
v -0.005467 -0.020273 0.058698
v -0.007815 -0.019800 0.056745
v -0.007671 -0.019191 0.057337
v -0.008136 -0.018331 0.057673
v -0.006447 -0.018319 0.058928
v -0.006941 -0.017613 0.058789
v -0.005381 -0.019602 0.059109
v -0.003963 0.005998 0.064892
v -0.003745 0.009418 0.061915
v -0.009124 -0.033271 0.059202
v -0.004885 -0.032677 0.060545
v -0.004150 -0.028497 0.059780
v -0.008364 -0.028651 0.058407
v -0.012468 -0.029420 0.056029
v -0.013244 -0.034879 0.056722
v -0.002667 -0.021740 0.059984
v -0.009099 -0.035563 0.059426
v -0.009117 -0.038080 0.059143
v -0.013207 -0.037278 0.056818
v -0.013050 -0.039533 0.056389
v -0.016582 -0.037228 0.053808
v -0.016729 -0.031255 0.053307
v -0.020618 -0.033244 0.050496
v -0.018362 -0.039660 0.051153
v -0.022131 -0.042544 0.047268
v -0.015470 -0.044618 0.047920
v -0.016366 -0.043458 0.048202
v -0.017508 -0.042422 0.048803
v -0.022823 -0.039636 0.048046
v -0.025934 -0.041849 0.045950
v -0.026559 -0.037552 0.046624
v -0.022691 -0.036556 0.049003
v -0.018273 -0.041204 0.049664
v -0.015211 -0.043737 0.048411
v -0.013656 -0.043924 0.048285
v -0.016168 -0.043238 0.048921
v -0.014804 -0.043787 0.048655
v -0.016871 -0.042671 0.049679
v -0.015673 -0.043621 0.049253
v -0.016059 -0.043122 0.050344
v -0.017237 -0.041689 0.050942
v -0.013624 -0.044354 0.046793
v -0.013897 -0.044618 0.047387
v -0.014287 -0.044644 0.048496
v -0.013903 -0.044469 0.047603
v -0.012449 -0.044156 0.046352
v -0.013157 -0.044228 0.047261
v -0.013855 -0.044183 0.042646
v -0.014141 -0.043914 0.043006
v -0.011573 -0.043869 0.046104
v -0.011758 -0.043960 0.046966
v -0.012291 -0.043914 0.048031
v -0.013544 -0.044081 0.048097
v -0.014593 -0.044199 0.048523
v -0.015077 -0.044129 0.049419
v -0.012804 -0.041628 0.055308
v -0.015402 -0.041341 0.053391
v -0.014835 -0.043050 0.052198
v -0.012603 -0.043789 0.053592
v -0.014206 -0.044357 0.050841
v -0.012577 -0.040913 0.041272
v -0.012345 -0.044825 0.051605
v -0.013964 -0.042584 0.041679
v -0.014645 -0.041407 0.039380
v -0.013745 -0.043659 0.044687
v -0.014492 -0.043949 0.040054
v -0.015020 -0.043238 0.040156
v -0.016034 -0.043452 0.037461
v -0.016064 -0.042291 0.037924
v -0.013671 -0.044740 0.049276
v -0.016077 -0.039487 0.053849
v -0.009414 -0.040539 0.057898
v -0.004849 -0.040000 0.059985
v -0.004594 -0.001643 0.071488
v -0.004348 0.002536 0.068010
v -0.008498 -0.043566 0.048991
v -0.008122 -0.124806 -0.002043
v -0.013186 -0.045667 0.048117
v -0.010847 -0.049196 0.039933
v -0.009247 -0.046047 0.042843
v -0.016815 -0.054889 0.045976
v -0.009755 -0.058192 0.048715
v -0.007878 -0.054130 0.049851
v -0.013890 -0.051576 0.047436
v -0.004479 -0.048211 0.051646
v -0.009690 -0.046724 0.049433
v -0.007928 -0.045364 0.050090
v -0.002833 -0.045930 0.052315
v -0.001647 -0.044193 0.052632
v -0.006630 -0.044164 0.050304
v 0.000795 -0.041737 0.051666
v 0.006460 -0.041087 0.053288
v 0.005269 -0.045402 0.048466
v -0.000517 -0.045836 0.046885
v -0.006976 -0.045869 0.044223
v -0.004973 -0.042557 0.048461
v 0.000415 -0.041959 0.052242
v -0.004629 -0.042647 0.049755
v 0.006045 -0.041308 0.054458
v -0.018910 -0.121664 -0.006713
v -0.005293 -0.043176 0.050236
v -0.000378 -0.042654 0.052435
v 0.005289 -0.042322 0.055090
v 0.004141 -0.044324 0.055572
v 0.003132 -0.046651 0.055750
v 0.002101 -0.049565 0.055121
v -0.000558 -0.056993 0.052764
v -0.001962 -0.062026 0.051759
v 0.007195 -0.058398 0.054652
v 0.006236 -0.063685 0.054543
v 0.008578 -0.050589 0.057638
v 0.009182 -0.047093 0.058692
v 0.010018 -0.044364 0.058223
v 0.010782 -0.042104 0.057345
v -0.003255 -0.023398 0.059518
v -0.005233 -0.018177 0.060257
v -0.004114 -0.017593 0.062430
v -0.007343 -0.013618 0.067678
v -0.001592 -0.018056 0.064901
v -0.010016 -0.012044 0.067053
v -0.008252 -0.012489 0.068562
v -0.008860 -0.010857 0.069383
v -0.010074 -0.010222 0.068179
v -0.006718 -0.013025 0.069863
v -0.008002 -0.011064 0.070440
v -0.002644 -0.014137 0.071809
v -0.003436 -0.010737 0.073812
v -0.004433 -0.005229 0.073477
v -0.003866 -0.008540 0.074222
v -0.009314 -0.009246 0.069928
v -0.010615 -0.007416 0.068207
v -0.010817 -0.004369 0.066071
v -0.012678 -0.006527 0.062420
v -0.010072 0.129244 -0.045034
v 0.011572 -0.040831 0.056432
v 0.012123 -0.040594 0.054664
v 0.003293 -0.055872 0.041929
v 0.004058 -0.051310 0.044196
v 0.009804 -0.051481 0.044940
v 0.009099 -0.055982 0.042904
v 0.016082 -0.040306 0.055049
v 0.014485 -0.045134 0.049437
v 0.010333 -0.045154 0.049283
v 0.016198 -0.040632 0.056813
v 0.015930 -0.041985 0.058011
v 0.015598 -0.044341 0.059185
v 0.013863 -0.051646 0.044990
v 0.013124 -0.056386 0.043035
v -0.008359 -0.050298 0.040975
v -0.009277 -0.054319 0.039033
v -0.002105 -0.051376 0.042970
v -0.003217 -0.055137 0.040954
v 0.013726 -0.063904 0.056184
v 0.014319 -0.058781 0.055618
v 0.014922 -0.047461 0.059546
v 0.014624 -0.051201 0.058378
v -0.022527 0.114924 -0.113522
v -0.062603 0.075851 -0.007065
v -0.060845 0.069112 0.000940
v -0.054111 0.076474 0.008052
v -0.056133 0.081996 0.000638
v -0.063153 0.083730 -0.015269
v -0.056677 0.088631 -0.007174
v -0.039732 0.121378 -0.064471
v -0.040263 0.120618 -0.050162
v -0.021238 0.126630 -0.046262
v -0.034623 0.121536 -0.078478
v -0.047043 0.113360 -0.087819
v -0.049170 0.115876 -0.068356
v -0.049058 0.115572 -0.053008
v -0.027832 -0.085092 -0.108465
v -0.052998 0.043962 -0.132495
v -0.047757 0.114459 -0.039166
v -0.039592 0.118697 -0.036343
v -0.039111 0.115552 -0.023925
v -0.046461 0.112097 -0.027423
v -0.021087 0.124144 -0.031807
v -0.010038 0.126403 -0.029985
v -0.020080 0.007394 -0.145854
v -0.003640 0.012817 0.059181
v -0.048518 -0.048703 -0.091481
v -0.057558 -0.049196 -0.073359
v -0.059273 -0.101791 -0.049249
v -0.069932 -0.026163 -0.055622
v -0.069652 -0.025436 -0.056322
v -0.059011 -0.064485 -0.053308
v -0.060251 -0.050369 -0.054612
v -0.039332 -0.047428 -0.103277
v -0.078394 -0.014948 -0.067080
v -0.079157 -0.011239 -0.068153
v -0.079611 -0.015877 -0.066879
v -0.080314 -0.011882 -0.068179
v -0.080323 -0.007544 -0.068789
v -0.080198 -0.017652 -0.066134
v -0.078132 0.018252 -0.055740
v -0.079714 0.019744 -0.054588
v -0.069183 -0.027726 -0.051078
v -0.069164 -0.027044 -0.052819
v -0.068478 -0.027427 -0.051849
v -0.068284 -0.027892 -0.050398
v -0.068839 -0.028594 -0.049274
v -0.067980 -0.028461 -0.049125
v -0.077656 0.035046 -0.047857
v -0.066597 -0.027651 -0.052721
v -0.068853 -0.025911 -0.055590
v -0.068775 -0.026521 -0.054060
v -0.068254 -0.027406 -0.052500
v -0.067538 -0.028267 -0.050376
v -0.067403 -0.029174 -0.048468
v -0.068092 -0.029794 -0.047889
v -0.080498 -0.018792 -0.066469
v -0.073463 -0.028945 -0.054251
v -0.077116 0.012157 -0.061574
v -0.077086 0.010330 -0.063232
v -0.079273 0.011864 -0.064662
v -0.079171 0.013889 -0.063169
v -0.059775 -0.009753 -0.105949
v -0.061930 0.001270 -0.111065
v -0.014490 -0.082723 -0.113093
v -0.014306 -0.069977 -0.112966
v -0.075827 0.033499 -0.095799
v -0.077111 0.013601 -0.060190
v -0.079280 0.015511 -0.061720
v -0.079320 -0.007038 -0.068597
v -0.075106 0.013536 -0.060393
v -0.075431 0.011892 -0.061791
v -0.080438 0.017064 -0.063341
v -0.080282 0.015189 -0.064881
v -0.080600 0.012856 -0.066371
v -0.075711 0.010021 -0.063266
v -0.077900 0.017188 -0.061550
v -0.079995 0.063667 -0.071908
v -0.079290 0.057987 -0.086035
v -0.076577 0.080575 -0.075384
v -0.075626 0.075731 -0.090736
v -0.071205 0.069968 -0.106725
v -0.074715 0.051218 -0.102095
v -0.078126 0.018386 -0.056130
v -0.080589 0.020806 -0.055197
v -0.063620 0.090183 -0.023142
v -0.068760 0.085297 -0.030430
v -0.056796 0.094473 -0.014398
v -0.056579 0.099757 -0.021181
v -0.062935 0.096336 -0.030179
v -0.070204 0.089700 -0.042344
v -0.078983 0.054220 -0.056886
v -0.078210 0.068915 -0.057700
v -0.075172 0.072815 -0.044046
v -0.074512 0.085313 -0.059679
v -0.065921 0.098857 -0.048785
v -0.069632 0.095386 -0.063452
v -0.058792 0.107346 -0.052685
v -0.060921 0.105540 -0.067409
v -0.060780 0.103060 -0.083471
v -0.071295 0.091553 -0.078685
v -0.061015 0.101859 -0.036406
v -0.054904 0.104554 -0.026662
v -0.055897 0.108259 -0.039931
v -0.052578 0.108601 -0.031254
v -0.073176 0.074411 -0.036783
v -0.062800 -0.034217 -0.047579
v -0.064560 -0.034636 -0.041793
v -0.068858 -0.024047 -0.033665
v -0.066905 0.000303 0.001222
v -0.067308 0.012925 -0.002016
v -0.070565 0.004944 -0.012260
v -0.068490 -0.009732 -0.009773
v -0.066139 0.026698 -0.004364
v -0.069840 0.019241 -0.014412
v -0.070272 0.033741 -0.017025
v -0.066451 0.041181 -0.005310
v -0.062582 0.064701 -0.121935
v -0.064955 0.047910 -0.120032
v -0.065490 0.035087 -0.118242
v -0.047595 0.057522 0.025564
v -0.022119 0.086122 -0.141895
v -0.046391 0.080662 0.015324
v -0.054744 0.085062 -0.122172
v -0.041734 0.091196 -0.128794
v -0.070554 0.086905 -0.093843
v -0.067390 0.081860 -0.107414
v -0.059457 0.075666 -0.122313
v -0.064686 0.018860 -0.116300
v -0.047037 0.108070 -0.019823
v -0.055193 0.024223 0.019231
v -0.054201 0.019628 0.018564
v -0.055792 0.029025 0.020585
v -0.052492 0.014752 0.020564
v -0.015281 0.007221 0.044508
v -0.014966 0.005194 0.046488
v -0.014708 0.002693 0.048463
v -0.018367 0.002450 0.044406
v -0.017837 -0.000466 0.046213
v -0.011645 0.003108 0.053794
v -0.011899 0.005693 0.051290
v -0.014203 0.000276 0.050431
v -0.014026 -0.002712 0.052286
v -0.011771 0.000177 0.056137
v -0.017368 -0.014957 0.048656
v -0.018384 -0.010257 0.047083
v -0.016343 -0.006239 0.049003
v -0.021257 -0.003255 0.044799
v -0.019958 -0.006452 0.046070
v -0.017038 -0.003063 0.047648
v -0.022491 -0.000068 0.042921
v -0.014914 -0.006064 0.054696
v -0.015908 -0.009325 0.057693
v -0.012218 -0.003215 0.059287
v -0.010392 -0.001064 0.062709
v -0.009906 0.002483 0.059524
v -0.018928 0.004652 0.042646
v -0.023557 0.002466 0.041427
v -0.022971 -0.009737 0.045677
v -0.026644 -0.012890 0.045608
v -0.025325 -0.005602 0.043992
v -0.028872 -0.008137 0.043715
v -0.026747 -0.002194 0.042300
v -0.030582 -0.004516 0.041769
v -0.029630 -0.016808 0.045415
v -0.032100 -0.020728 0.044819
v -0.034018 -0.026155 0.043755
v -0.035611 -0.015650 0.042784
v -0.038218 -0.021022 0.041492
v -0.038194 -0.010538 0.040455
v -0.041653 -0.015710 0.038993
v -0.032526 -0.011398 0.043325
v -0.034704 -0.007396 0.041138
v -0.032078 -0.001018 0.039808
v -0.028071 0.000910 0.040652
v -0.040487 -0.000045 0.036054
v -0.039736 -0.005324 0.038215
v -0.036001 -0.003068 0.038947
v -0.036928 0.001227 0.036941
v -0.043998 -0.008981 0.036669
v -0.044433 -0.001615 0.034803
v -0.044156 0.003143 0.033022
v -0.031218 0.009670 0.036481
v -0.026496 0.010370 0.037309
v -0.034746 0.009336 0.035388
v -0.040544 0.003809 0.034477
v -0.037323 0.004502 0.035664
v -0.047908 0.010228 0.026805
v -0.045934 0.009470 0.028884
v -0.040698 0.009019 0.032716
v -0.037933 0.009095 0.034085
v -0.043586 0.009152 0.030884
v -0.021864 0.011985 0.037286
v -0.017294 0.014033 0.037258
v -0.056250 -0.062470 -0.070092
v -0.009336 0.005664 0.057059
v -0.009293 0.008602 0.054414
v -0.014598 0.031041 0.039447
v -0.012398 0.028207 0.038751
v -0.006685 0.028659 0.045783
v -0.018483 0.035252 0.041831
v -0.014090 0.016784 0.037202
v -0.012285 0.019373 0.037150
v -0.011363 0.022003 0.037481
v -0.011125 0.025236 0.038012
v -0.029675 0.048507 0.043039
v -0.026218 0.042048 0.044627
v -0.057572 0.062353 0.009854
v -0.061147 0.053924 0.005922
v -0.050471 0.043743 0.028185
v -0.053507 0.039560 0.025108
v -0.055307 0.034414 0.022459
v -0.062873 0.042408 0.003238
v -0.063429 0.029952 0.002986
v -0.064199 0.018173 0.004346
v -0.048405 0.092742 0.001121
v -0.048286 0.098387 -0.005759
v -0.047986 0.086746 0.008273
v -0.038846 0.111393 -0.014468
v -0.038978 0.106918 -0.006022
v -0.047859 0.103527 -0.012691
v -0.039484 0.101755 0.001291
v -0.039849 0.096131 0.008079
v -0.039410 0.090236 0.015228
v -0.038283 0.083926 0.022226
v -0.036496 0.075484 0.028805
v -0.047686 -0.061347 -0.088985
v -0.006917 -0.007463 0.055135
v -0.006503 -0.007559 0.055601
v -0.006674 -0.007483 0.054941
v -0.006198 -0.007524 0.055450
v -0.006575 -0.007897 0.055570
v -0.006572 -0.016000 0.058188
v -0.005553 -0.014021 0.057242
v -0.005986 -0.010321 0.056514
v -0.068178 -0.030485 -0.035731
v -0.058279 -0.097565 -0.064713
v -0.054757 -0.094051 -0.078556
v 0.056161 -0.096857 -0.066821
v 0.052147 -0.093365 -0.080131
v 0.022624 -0.127412 -0.010037
v 0.034261 -0.123498 -0.017010
v 0.034925 -0.132038 -0.018285
v 0.022674 -0.135393 -0.011839
v 0.059703 -0.114780 -0.072212
v 0.057421 -0.105946 -0.068293
v 0.053649 -0.102426 -0.082548
v 0.056951 -0.111148 -0.087499
v 0.046670 -0.100290 -0.094883
v 0.049884 -0.109999 -0.100533
v 0.039294 -0.110268 -0.110343
v 0.037020 -0.098845 -0.104465
v 0.025247 -0.098057 -0.111495
v 0.026769 -0.110662 -0.116617
v 0.045722 -0.118733 -0.026554
v 0.054184 -0.113841 -0.038925
v 0.055307 -0.123176 -0.041206
v 0.046544 -0.127723 -0.028199
v 0.058444 -0.109638 -0.053019
v 0.059787 -0.118925 -0.056346
v 0.012995 -0.110720 -0.119667
v 0.012107 -0.096969 -0.114937
v 0.023795 -0.154925 -0.015021
v 0.010605 -0.157154 -0.013539
v 0.011074 -0.146858 -0.010669
v 0.023177 -0.144921 -0.013596
v 0.054204 -0.158382 -0.034266
v 0.067799 -0.151946 -0.047846
v 0.074323 -0.160456 -0.044753
v 0.058547 -0.168065 -0.031300
v 0.095747 -0.157840 -0.057138
v 0.104830 -0.146746 -0.078984
v 0.038653 -0.162327 -0.022994
v 0.041147 -0.172044 -0.019445
v -0.001159 -0.123275 -0.127012
v -0.001245 -0.110421 -0.120146
v 0.094985 -0.141455 -0.081234
v 0.094106 -0.137669 -0.105167
v 0.106158 -0.143352 -0.103893
v 0.052949 -0.159215 -0.143645
v 0.053283 -0.166067 -0.146416
v 0.068095 -0.161375 -0.144251
v 0.064031 -0.154919 -0.140678
v 0.073407 -0.125591 -0.099684
v 0.062553 -0.126240 -0.114585
v 0.070542 -0.133851 -0.120128
v 0.083590 -0.131624 -0.103827
v 0.036034 -0.143183 -0.136655
v 0.053855 -0.138053 -0.130483
v 0.048167 -0.129692 -0.125002
v 0.032100 -0.132677 -0.131075
v 0.085406 -0.136478 -0.081677
v 0.075119 -0.130762 -0.079998
v 0.077940 -0.144778 -0.063694
v 0.069794 -0.137514 -0.062959
v 0.062187 -0.143181 -0.047296
v 0.055426 -0.118780 -0.107635
v 0.043238 -0.120423 -0.117644
v 0.029027 -0.122151 -0.123873
v 0.013995 -0.123160 -0.126606
v -0.000832 -0.172379 -0.145058
v -0.000881 -0.160089 -0.143110
v 0.017342 -0.145766 -0.138302
v 0.015625 -0.134697 -0.133486
v 0.086371 -0.151154 -0.061902
v 0.063313 -0.128668 -0.060428
v 0.058017 -0.133281 -0.044495
v 0.065293 -0.175107 -0.020775
v 0.082985 -0.168880 -0.037021
v 0.045601 -0.179620 -0.009263
v 0.027648 -0.183315 -0.002530
v 0.018906 -0.158790 -0.142067
v 0.018290 -0.170854 -0.144372
v 0.037433 -0.168085 -0.145336
v 0.040995 -0.155404 -0.142034
v 0.050844 -0.148281 -0.033205
v 0.037610 -0.152185 -0.021809
v 0.023972 -0.164838 -0.015265
v 0.063610 -0.119015 -0.093451
v 0.065508 -0.123230 -0.076615
v 0.048374 -0.137733 -0.030927
v 0.036020 -0.142007 -0.020416
v 0.011212 -0.137709 -0.007754
v 0.025210 -0.174441 -0.011084
v 0.094975 -0.147740 -0.124947
v 0.082086 -0.155036 -0.137604
v 0.075242 -0.151215 -0.135763
v -0.001166 -0.146710 -0.139395
v -0.000146 -0.147565 -0.010049
v -0.000745 -0.157694 -0.013321
v 0.000694 -0.138378 -0.006373
v 0.079755 -0.142656 -0.126167
v 0.059627 -0.147410 -0.136055
v 0.001396 -0.131221 -0.003109
v -0.001369 -0.096279 -0.115768
v -0.000972 -0.168865 -0.015806
v -0.000783 -0.180671 -0.012220
v -0.000274 -0.189914 -0.002112
v 0.011915 -0.130262 -0.005034
v 0.011650 -0.178369 -0.010973
v 0.010781 -0.167601 -0.014759
v 0.013083 -0.187869 -0.001932
v -0.001056 -0.134937 -0.134100
v -0.019651 -0.127712 -0.008990
v -0.031855 -0.123825 -0.015163
v -0.033531 -0.132373 -0.016647
v -0.020955 -0.135628 -0.011031
v -0.061763 -0.115594 -0.070712
v -0.059618 -0.106769 -0.066197
v -0.056243 -0.103142 -0.081208
v -0.059367 -0.111852 -0.086547
v -0.049347 -0.100919 -0.094202
v -0.052399 -0.110563 -0.100041
v -0.041717 -0.110709 -0.110172
v -0.039648 -0.099347 -0.104163
v -0.027720 -0.098412 -0.111426
v -0.029062 -0.110977 -0.116627
v -0.044355 -0.119329 -0.023984
v -0.053971 -0.114760 -0.036097
v -0.055372 -0.123773 -0.038759
v -0.045836 -0.128163 -0.025826
v -0.059792 -0.110647 -0.050220
v -0.060988 -0.119900 -0.054140
v -0.015301 -0.110913 -0.119653
v -0.014713 -0.097172 -0.114895
v -0.024164 -0.155234 -0.014289
v -0.011480 -0.157262 -0.013212
v -0.010633 -0.146919 -0.010458
v -0.022750 -0.145146 -0.012973
v -0.054346 -0.159452 -0.033415
v -0.068494 -0.152778 -0.046730
v -0.074964 -0.161142 -0.043179
v -0.059073 -0.168710 -0.029801
v -0.096788 -0.158599 -0.054647
v -0.106655 -0.147436 -0.076409
v -0.039223 -0.163036 -0.022001
v -0.041984 -0.172861 -0.018373
v -0.096830 -0.142071 -0.079603
v -0.096500 -0.138148 -0.103835
v -0.108821 -0.143874 -0.101496
v -0.055072 -0.159473 -0.143664
v -0.055353 -0.166285 -0.146474
v -0.070508 -0.161643 -0.143941
v -0.066314 -0.155239 -0.140458
v -0.075648 -0.126145 -0.098925
v -0.064743 -0.126955 -0.114289
v -0.072878 -0.134327 -0.119611
v -0.085809 -0.132159 -0.102910
v -0.038061 -0.143446 -0.136700
v -0.056093 -0.138239 -0.130324
v -0.050174 -0.129462 -0.124778
v -0.034074 -0.132916 -0.131062
v -0.087233 -0.137092 -0.080533
v -0.076931 -0.131417 -0.078937
v -0.079306 -0.145485 -0.062502
v -0.071188 -0.138243 -0.061707
v -0.062708 -0.144033 -0.046240
v -0.057749 -0.119277 -0.107261
v -0.045445 -0.120794 -0.117564
v -0.031144 -0.122391 -0.123848
v -0.015918 -0.123849 -0.126704
v -0.019486 -0.146596 -0.138520
v -0.018254 -0.133147 -0.133185
v -0.087623 -0.151903 -0.060334
v -0.064566 -0.129497 -0.059000
v -0.058481 -0.133960 -0.042882
v -0.065659 -0.176043 -0.018697
v -0.083481 -0.169595 -0.034650
v -0.046152 -0.180405 -0.007727
v -0.028242 -0.183647 -0.001317
v -0.020917 -0.158848 -0.142181
v -0.020106 -0.170916 -0.144385
v -0.039235 -0.168356 -0.145437
v -0.043013 -0.155661 -0.142088
v -0.051121 -0.149003 -0.032019
v -0.037934 -0.152713 -0.020545
v -0.024938 -0.165458 -0.014767
v -0.065896 -0.119641 -0.092705
v -0.067500 -0.123976 -0.075480
v -0.048490 -0.138215 -0.029035
v -0.035695 -0.142409 -0.019096
v -0.009863 -0.137842 -0.007603
v -0.026368 -0.174889 -0.010257
v -0.098005 -0.148227 -0.123152
v -0.084970 -0.155417 -0.136588
v -0.077682 -0.151584 -0.135219
v -0.082258 -0.143115 -0.125422
v -0.061811 -0.147782 -0.135895
v -0.008906 -0.130378 -0.004736
v -0.012984 -0.178653 -0.010477
v -0.012203 -0.168028 -0.014576
v -0.013439 -0.187844 -0.001284
v -0.006976 -0.007843 0.055206
v -0.065592 -0.032698 -0.012555
v -0.065241 -0.040343 -0.019866
v -0.061184 -0.051576 -0.011726
v -0.061880 -0.043091 -0.003981
v -0.055035 -0.061580 -0.003085
v -0.057695 -0.051594 0.002898
v -0.047667 -0.069367 0.006497
v -0.051687 -0.059261 0.010902
v -0.040245 -0.073864 0.017052
v -0.045291 -0.064112 0.019441
v -0.019248 -0.076516 0.038836
v -0.018401 -0.081752 0.034720
v -0.008720 -0.084180 0.042008
v -0.008430 -0.080056 0.046425
v 0.000881 -0.086233 0.047821
v 0.001123 -0.082217 0.052094
v 0.010295 -0.086932 0.050364
v 0.011207 -0.083026 0.054680
v 0.020522 -0.086805 0.050433
v 0.021360 -0.082717 0.054598
v 0.022078 -0.073148 0.057547
v 0.013186 -0.073492 0.058004
v 0.012225 -0.078405 0.057065
v 0.021932 -0.078569 0.056658
v 0.004570 -0.072815 0.055563
v 0.002380 -0.077886 0.054407
v -0.003949 -0.070698 0.051089
v -0.006876 -0.075692 0.049275
v -0.014420 -0.066930 0.045275
v -0.017504 -0.071952 0.042493
v -0.023168 -0.062406 0.041513
v -0.027975 -0.065497 0.037254
v 0.009039 -0.090037 0.043611
v 0.018813 -0.089779 0.044346
v 0.000206 -0.089443 0.041242
v -0.008639 -0.087589 0.036236
v -0.016693 -0.085923 0.029904
v -0.031279 -0.076896 0.026725
v -0.026250 -0.084111 0.021845
v -0.035430 -0.080122 0.013612
v -0.043126 -0.075810 0.002054
v -0.052062 -0.067809 -0.009006
v -0.059810 -0.056792 -0.019376
v -0.064316 -0.044770 -0.027623
v -0.067093 -0.032412 -0.025669
v 0.006075 -0.068522 0.055465
v 0.013672 -0.068746 0.057469
v -0.001858 -0.066693 0.051886
v -0.011708 -0.062601 0.047196
v -0.019967 -0.058543 0.044102
v -0.028514 -0.046907 0.043102
v -0.025767 -0.052987 0.043070
v -0.030173 -0.035267 0.044636
v -0.029701 -0.040998 0.043814
v -0.039776 -0.028679 0.039445
v -0.040193 -0.037323 0.036998
v -0.034737 -0.039920 0.040720
v -0.034979 -0.032442 0.042248
v -0.044292 -0.022753 0.036186
v -0.045508 -0.033178 0.032691
v 0.008369 -0.092605 0.037541
v 0.016802 -0.092665 0.037342
v 0.000628 -0.092366 0.035259
v -0.007654 -0.091550 0.030363
v -0.014303 -0.091196 0.023938
v -0.021194 -0.090267 0.016667
v -0.028880 -0.087969 0.007820
v -0.037574 -0.083758 -0.002860
v -0.047871 -0.075415 -0.014851
v -0.057827 -0.061616 -0.026115
v -0.062031 -0.048759 -0.034629
v -0.014949 -0.098483 0.010364
v -0.008759 -0.097638 0.016588
v -0.002737 -0.097684 0.021914
v 0.002048 -0.097328 0.026204
v 0.006430 -0.098495 0.024950
v 0.012309 -0.099383 0.023597
v 0.003808 -0.100816 0.017155
v 0.009796 -0.101631 0.016966
v -0.000108 -0.103462 0.012869
v 0.008071 -0.104293 0.013363
v -0.003634 -0.106794 0.009866
v 0.006283 -0.108929 0.009877
v -0.029741 -0.055725 0.039964
v -0.035593 -0.056612 0.035076
v -0.039033 -0.046840 0.035248
v -0.044979 -0.044183 0.029815
v -0.041915 -0.055991 0.028835
v -0.033057 -0.047967 0.039884
v -0.048766 -0.052597 0.021253
v -0.050314 -0.039722 0.023981
v -0.049887 -0.027188 0.028632
v -0.054274 -0.033955 0.018865
v -0.054159 -0.047076 0.013885
v -0.053737 -0.022942 0.024136
v -0.056996 -0.018739 0.019911
v -0.057576 -0.029213 0.013976
v -0.058044 -0.040455 0.008321
v -0.035519 -0.068570 0.029183
v -0.061284 -0.034301 0.002390
v -0.060314 -0.014860 0.014777
v -0.060618 -0.024173 0.008720
v -0.063676 -0.009431 0.008389
v -0.064461 -0.018390 0.000097
v -0.065116 -0.026575 -0.006553
v -0.068074 -0.024247 -0.021908
v 0.021823 -0.068391 0.057257
v -0.063258 -0.032816 -0.052276
v -0.019381 -0.028892 0.050189
v -0.015325 -0.027017 0.052667
v -0.011105 -0.026230 0.055742
v -0.007413 -0.025905 0.058195
v -0.003595 -0.025968 0.059608
v 0.003291 -0.120373 0.003367
v 0.000764 0.042171 0.049268
v 0.004537 -0.113548 0.007128
v 0.017504 -0.056497 0.042581
v 0.000248 0.127434 -0.028883
v 0.021441 -0.063564 0.056558
v 0.018330 -0.051482 0.044651
v 0.000353 0.003468 0.069903
v 0.021346 -0.059132 0.055583
v 0.021750 -0.047963 0.059156
v 0.021964 -0.041849 0.057460
v 0.000780 0.078527 0.039591
v 0.021920 -0.044303 0.058780
v 0.000034 -0.023791 0.059904
v 0.000420 -0.000606 0.073327
v 0.021800 -0.040429 0.056144
v -0.001470 -0.045017 -0.118080
v 0.021618 -0.051618 0.057694
v 0.019675 -0.045183 0.048896
v 0.021328 -0.040108 0.054534
v 0.001820 -0.041378 0.044057
v 0.000077 -0.026626 0.059840
v 0.000483 0.020247 0.055528
v -0.001180 -0.006239 -0.142087
v 0.000376 0.017170 0.058136
v 0.000348 0.102492 0.021703
v 0.000765 0.088781 0.034001
v 0.000303 0.007262 0.066596
v -0.000552 0.056567 -0.154975
v -0.000401 0.073051 -0.151753
v 0.000684 0.061229 0.045308
v 0.000204 0.126119 -0.092204
v 0.000448 -0.004528 0.075472
v 0.000011 -0.018523 0.065043
v 0.000242 0.119125 -0.003900
v -0.000871 0.022132 -0.152619
v 0.000048 0.116984 -0.116594
v 0.000989 -0.042710 0.059231
v 0.000245 0.123626 -0.015838
v 0.001251 -0.044276 0.056300
v 0.000202 -0.014779 0.072575
v -0.001040 0.006378 -0.148376
v -0.000759 0.035837 -0.154585
v 0.000293 -0.033120 0.060600
v 0.000125 -0.029228 0.059849
v 0.000132 0.122474 -0.104818
v 0.000959 0.048389 0.048722
v 0.000512 -0.035614 0.061434
v 0.000585 0.029110 0.050127
v 0.000655 -0.038057 0.061734
v 0.002321 -0.125890 -0.000218
v -0.000201 0.096897 -0.138741
v 0.000755 -0.040362 0.060665
v 0.001569 -0.043505 0.050215
v 0.000377 0.010847 0.063518
v 0.001734 -0.042653 0.047108
v 0.000645 0.068679 0.042947
v -0.000046 -0.021289 0.061167
v -0.000014 -0.020737 0.061735
v 0.000479 0.026571 0.051013
v 0.000469 0.096209 0.028148
v 0.000687 0.031661 0.049867
v 0.000014 -0.021961 0.060625
v -0.000267 0.087719 -0.145201
v 0.000251 0.130624 -0.074829
v 0.000252 0.131532 -0.061583
v 0.000451 0.023227 0.053149
v 0.000459 0.014211 0.060572
v -0.001467 -0.054838 -0.116313
v 0.000376 -0.011292 0.075276
v 0.000443 -0.008390 0.076092
v 0.000258 0.113813 0.006327
v -0.001316 -0.015799 -0.136866
v 0.000252 0.130774 -0.044377
v 0.000287 0.108236 0.014576
v -0.001448 -0.033445 -0.125017
v -0.001378 -0.023500 -0.132529
v 0.000107 -0.016031 0.070833
v 0.000585 0.034938 0.049416
v 0.000037 -0.017532 0.067707
v -0.000060 0.109536 -0.127421
v 0.000059 -0.019701 0.062909
v 0.006878 -0.007897 0.055317
v 0.068752 -0.031991 -0.017754
v 0.067192 -0.039381 -0.025432
v 0.064866 -0.050846 -0.018062
v 0.066906 -0.042566 -0.010250
v 0.061647 -0.061002 -0.010668
v 0.065055 -0.051115 -0.004701
v 0.057376 -0.068842 -0.001842
v 0.062311 -0.058830 0.001882
v -0.004172 -0.014722 0.069879
v -0.003158 -0.016390 0.067428
v 0.055092 -0.073525 0.007491
v 0.059367 -0.063854 0.009921
v -0.015148 0.020618 0.034331
v -0.007875 -0.018612 0.057588
v -0.007083 0.004646 0.062691
v -0.013955 0.020880 0.035022
v 0.046940 -0.076178 0.029119
v 0.044378 -0.081316 0.025638
v 0.040365 -0.083559 0.033733
v 0.041910 -0.079552 0.037706
v -0.010395 -0.018198 0.056460
v 0.035601 -0.085779 0.041472
v 0.037053 -0.081919 0.045421
v 0.029389 -0.086793 0.046791
v 0.030417 -0.083011 0.051108
v -0.006614 0.011233 0.057109
v -0.008289 0.020133 0.044267
v 0.030397 -0.073485 0.054904
v 0.030476 -0.078452 0.053786
v -0.006623 0.007859 0.059988
v -0.015733 -0.014765 0.056651
v -0.014058 -0.017648 0.055504
v -0.006844 -0.008897 0.072322
v -0.007758 -0.006140 0.071343
v 0.036427 -0.072788 0.049538
v -0.007479 -0.011894 0.070267
v -0.004750 -0.013584 0.070946
v 0.036753 -0.077776 0.048073
v -0.016634 0.020354 0.034655
v -0.027370 0.021561 0.028826
v -0.006028 -0.010841 0.072209
v -0.002939 -0.012783 0.072854
v -0.019908 0.021201 0.032513
v -0.015970 0.020493 0.034447
v -0.011901 -0.010315 0.065227
v -0.006935 0.019140 0.048600
v 0.041006 -0.070574 0.043044
v 0.041662 -0.075436 0.040883
v 0.045907 -0.066792 0.035849
v 0.046661 -0.071744 0.032926
v -0.014605 -0.011914 0.060864
v 0.049835 -0.062326 0.031889
v 0.051488 -0.065411 0.027553
v 0.026590 -0.089759 0.040360
v -0.017477 0.020448 0.034578
v -0.018084 0.020629 0.034472
v -0.007687 0.001018 0.065785
v 0.032493 -0.088875 0.035514
v 0.037416 -0.086888 0.028680
v 0.041666 -0.085329 0.021192
v 0.051231 -0.076760 0.017035
v -0.022520 0.021272 0.032824
v -0.002950 -0.018367 0.062535
v -0.010082 -0.011029 0.067652
v -0.008623 -0.011539 0.069132
v -0.003449 -0.019178 0.060673
v 0.045026 -0.083824 0.013273
v 0.049989 -0.079574 0.004585
v -0.011695 0.020732 0.037317
v 0.051976 -0.075059 -0.005542
v -0.006589 0.016895 0.052188
v -0.006458 0.014119 0.055019
v 0.057691 -0.067065 -0.016113
v 0.062355 -0.055838 -0.025497
v -0.002783 -0.017410 0.064957
v 0.065345 -0.043723 -0.032923
v 0.068672 -0.031626 -0.030379
v 0.035391 -0.068507 0.049970
v 0.029688 -0.068749 0.054600
v 0.039483 -0.066673 0.044506
v -0.007980 -0.002696 0.069186
v 0.043943 -0.062613 0.038389
v 0.047798 -0.058534 0.035092
v 0.049204 -0.046944 0.035415
v -0.005900 -0.018695 0.059159
v 0.049415 -0.053005 0.034639
v 0.044666 -0.035215 0.039586
v 0.046917 -0.040985 0.037414
v 0.051203 -0.028672 0.034688
v 0.053772 -0.037253 0.030583
v 0.050723 -0.039891 0.034141
v 0.000285 -0.013249 0.074002
v -0.005316 -0.012385 0.071677
v 0.048234 -0.032438 0.037264
v 0.053678 -0.022661 0.032060
v 0.056550 -0.033105 0.026856
v 0.024221 -0.092270 0.034662
v -0.029043 0.035309 0.039658
v -0.028970 0.032980 0.038306
v 0.029653 -0.091814 0.030221
v 0.033235 -0.090933 0.024031
v 0.035475 -0.090650 0.017169
v 0.038530 -0.089845 0.009443
v 0.041050 -0.087473 0.001096
v 0.045184 -0.083053 -0.008806
v -0.022091 0.038317 0.043382
v -0.004391 0.038434 0.048481
v -0.009730 0.038524 0.047371
v 0.052783 -0.074796 -0.020770
v -0.029930 0.028214 0.037075
v -0.030467 0.025971 0.035868
v -0.028800 0.030873 0.036968
v -0.030241 0.026381 0.037160
v -0.030191 0.027215 0.037482
v 0.059695 -0.060792 -0.031591
v -0.028878 0.029870 0.036566
v 0.062007 -0.047537 -0.039206
v -0.028855 0.029895 0.036566
v 0.028056 -0.098247 0.006067
v -0.027105 0.037456 0.041351
v 0.026294 -0.097351 0.012248
v 0.025325 -0.097315 0.017709
v -0.029328 0.029204 0.036530
v -0.030631 0.025343 0.034176
v 0.023725 -0.096975 0.022639
v -0.031316 0.023533 0.029548
v 0.018985 -0.098349 0.022926
v 0.000652 0.038489 0.049350
v -0.020995 0.048498 0.046124
v -0.051151 0.047844 0.024814
v 0.015131 -0.100779 0.015695
v -0.054245 0.042519 0.022041
v 0.015837 -0.103384 0.011097
v -0.046676 0.006410 0.029792
v -0.049001 0.007287 0.027464
v -0.018224 0.042333 0.046711
v 0.016847 -0.106743 0.008116
v 0.052361 -0.055669 0.030755
v 0.054608 -0.056536 0.025973
v 0.055142 -0.046736 0.027251
v 0.058038 -0.044052 0.022328
v -0.026136 0.068002 0.037899
v -0.030526 0.114044 -0.010572
v -0.024640 0.060907 0.041230
v -0.038991 0.053466 0.035361
v 0.057806 -0.055906 0.019875
v -0.030679 0.109398 -0.001413
v 0.052695 -0.047932 0.031515
v 0.061442 -0.052427 0.012505
v 0.061468 -0.039507 0.016562
v 0.059954 -0.026952 0.022783
v 0.063985 -0.033546 0.011539
v -0.046331 0.051939 0.029183
v 0.064144 -0.046796 0.005685
v -0.054264 0.012200 0.019866
v -0.006058 0.054444 0.047225
v -0.055913 0.017963 0.016794
v 0.062901 -0.022587 0.018252
v -0.014295 0.054439 0.046511
v -0.027020 0.124744 -0.073294
v 0.064963 -0.018198 0.014233
v 0.065296 -0.028742 0.007575
v 0.065690 -0.040013 0.001246
v 0.054531 -0.068446 0.019566
v -0.013114 0.035204 0.044148
v 0.066885 -0.033837 -0.003423
v -0.037651 0.007089 0.034688
v -0.040588 0.006659 0.033409
v 0.066189 -0.014313 0.010127
v -0.030903 0.124449 -0.061987
v -0.053007 0.010024 0.022183
v -0.029375 0.085939 0.027362
v -0.009157 0.028538 0.042310
v -0.010952 0.031355 0.042417
v -0.030202 0.092753 0.020658
v 0.066356 -0.023558 0.003428
v 0.067755 -0.008852 0.004673
v 0.068276 -0.017772 -0.004122
v -0.030538 0.098834 0.013671
v 0.068624 -0.025905 -0.011146
v 0.069942 -0.023538 -0.026156
v -0.030863 0.118201 -0.021257
v -0.021169 0.010462 0.038128
v 0.062122 -0.031836 -0.053856
v 0.023914 -0.028928 0.049313
v 0.017471 -0.027095 0.052501
v -0.056400 0.036339 0.019576
v -0.057198 0.029724 0.018023
v -0.031510 0.123743 -0.048088
v -0.030577 0.008144 0.037126
v -0.056748 0.023762 0.016946
v -0.015270 0.126739 -0.081419
v 0.011915 -0.026296 0.055947
v -0.051186 0.008358 0.024902
v 0.007693 -0.025911 0.058552
v 0.003761 -0.025944 0.059889
v -0.031591 0.054265 0.040300
v -0.034334 0.007517 0.036019
v -0.008639 0.025409 0.041801
v -0.016619 0.012778 0.038453
v -0.013214 0.015790 0.038897
v -0.030632 0.104312 0.006524
v -0.010859 0.018773 0.039839
v -0.009044 0.022019 0.041191
v -0.025950 0.008946 0.037984
v -0.027953 0.076872 0.033625
v -0.031069 0.121476 -0.033993
v -0.043807 0.006425 0.031713
v 0.000239 0.128045 -0.084259
v 0.000765 0.054511 0.047295
v -0.009828 0.020414 0.040669
v -0.015733 0.038533 0.045734
v -0.023108 0.054398 0.044227
v 0.021491 -0.055298 0.056150
v -0.020330 -0.039281 0.049628
v -0.019840 -0.041223 0.048631
v -0.015967 -0.046669 0.047432
v -0.016946 -0.034397 0.053674
v -0.019448 -0.037000 0.051209
v 0.000844 -0.053032 0.054038
v -0.018779 -0.043057 0.047935
v 0.007941 -0.054178 0.056103
v -0.018101 -0.044863 0.047453
v 0.014398 -0.054603 0.056633
v 0.000255 -0.031028 0.060256
v -0.008788 -0.030877 0.058842
v -0.004288 -0.030595 0.060281
v -0.013084 -0.032172 0.056418
v -0.011464 -0.048793 0.048615
v -0.005642 -0.051152 0.051027
v 0.004439 -0.014860 0.070013
v 0.003308 -0.016454 0.067495
v 0.015496 0.020613 0.035230
v 0.007801 -0.018699 0.057770
v 0.007213 0.004638 0.062896
v 0.014198 0.020846 0.035728
v 0.010303 -0.018333 0.056671
v 0.006910 0.011226 0.057332
v 0.008452 0.020091 0.044545
v 0.006846 0.007856 0.060207
v 0.015595 -0.014893 0.056914
v 0.013928 -0.017770 0.055758
v 0.007286 -0.008890 0.072504
v 0.008152 -0.006127 0.071527
v 0.007744 -0.011915 0.070426
v 0.005115 -0.013717 0.071135
v 0.017038 0.020377 0.035767
v 0.027934 0.021552 0.029920
v 0.006482 -0.010871 0.072404
v 0.003543 -0.012928 0.073070
v 0.020372 0.021088 0.033738
v 0.016364 0.020504 0.035489
v 0.011877 -0.010372 0.065377
v 0.007223 0.019129 0.048841
v 0.014530 -0.012023 0.061067
v 0.017916 0.020478 0.035758
v 0.018527 0.020663 0.035716
v 0.007765 0.001005 0.065944
v 0.022983 0.020985 0.033979
v 0.002909 -0.018328 0.062581
v 0.010119 -0.011039 0.067780
v 0.008779 -0.011534 0.069264
v 0.003362 -0.019161 0.060769
v 0.011856 0.020685 0.037807
v 0.006986 0.016893 0.052434
v 0.006933 0.014132 0.055257
v 0.002827 -0.017387 0.064991
v 0.008256 -0.002679 0.069360
v 0.005807 -0.018742 0.059325
v 0.005745 -0.012471 0.071881
v 0.029996 0.035411 0.040853
v 0.029861 0.033065 0.039599
v 0.023094 0.038329 0.044393
v 0.005562 0.038432 0.048795
v 0.010755 0.038504 0.047892
v 0.030495 0.028305 0.038549
v 0.030800 0.025992 0.036849
v 0.029583 0.030952 0.038334
v 0.030730 0.026339 0.038498
v 0.030753 0.027221 0.038905
v 0.029614 0.029943 0.037988
v 0.029550 0.029984 0.038079
v 0.028100 0.037522 0.042497
v 0.029962 0.029303 0.037989
v 0.031032 0.025564 0.035051
v 0.031807 0.023797 0.030476
v 0.022159 0.048540 0.047118
v 0.052018 0.048196 0.025313
v 0.055050 0.042808 0.022417
v 0.049658 0.006580 0.029352
v 0.052640 0.007531 0.026385
v 0.019323 0.042282 0.047694
v 0.027083 0.068279 0.038273
v 0.030904 0.114209 -0.010617
v 0.025629 0.061108 0.041720
v 0.039929 0.053714 0.036067
v 0.031020 0.109489 -0.001405
v 0.047206 0.052268 0.029819
v 0.056872 0.012520 0.019408
v 0.007219 0.054467 0.047533
v 0.058115 0.018277 0.016801
v 0.015460 0.054518 0.047088
v 0.027450 0.124906 -0.073358
v 0.013997 0.035263 0.044760
v 0.039112 0.007182 0.035542
v 0.042251 0.006756 0.034075
v 0.031361 0.124651 -0.062068
v 0.056141 0.010337 0.021192
v 0.030139 0.086008 0.027499
v 0.009843 0.028702 0.042633
v 0.011691 0.031521 0.042834
v 0.030593 0.092519 0.020986
v 0.030875 0.098725 0.013854
v 0.031265 0.118415 -0.021317
v 0.021433 0.010317 0.038762
v 0.057278 0.036595 0.019804
v 0.058294 0.029955 0.018343
v 0.031968 0.123980 -0.048181
v 0.031405 0.008060 0.037947
v 0.058375 0.024029 0.017180
v 0.015720 0.126796 -0.081440
v 0.054793 0.008623 0.023686
v 0.032561 0.054457 0.041009
v 0.035436 0.007561 0.036926
v 0.008997 0.025539 0.042065
v 0.016679 0.012638 0.038967
v 0.013230 0.015674 0.039347
v 0.030956 0.104312 0.006605
v 0.010913 0.018673 0.040228
v 0.009210 0.022061 0.041459
v 0.026194 0.008849 0.038683
v 0.028841 0.077141 0.033970
v 0.031504 0.121720 -0.034072
v 0.045935 0.006543 0.031929
v 0.009932 0.020373 0.041001
v 0.016728 0.038498 0.046531
v 0.024200 0.054520 0.044944
v 0.033059 -0.039125 0.046232
v 0.036189 -0.041175 0.044218
v 0.039185 -0.046895 0.041320
v 0.021957 -0.034415 0.052768
v 0.028225 -0.036894 0.049094
v 0.036122 -0.053150 0.047725
v 0.037915 -0.043087 0.042794
v 0.032289 -0.054325 0.051659
v 0.039076 -0.044961 0.041739
v 0.027352 -0.054804 0.054471
v 0.009949 -0.030877 0.059032
v 0.004815 -0.030574 0.060470
v 0.015614 -0.032196 0.056237
v 0.039396 -0.048996 0.041604
v 0.038886 -0.051255 0.043613
v 0.031920 0.022177 0.024997
v -0.031220 0.021924 0.023975
v 0.030092 0.021398 0.037882
v 0.028525 0.021398 0.037406
v 0.027081 0.021398 0.036636
v 0.025869 0.021399 0.035640
v 0.030123 0.021716 0.037881
v 0.028586 0.022023 0.037407
v 0.027170 0.022306 0.036636
v 0.025983 0.022543 0.035639
v 0.030215 0.022023 0.037882
v 0.028768 0.022623 0.037407
v 0.027434 0.023178 0.036636
v 0.026315 0.023642 0.035639
v 0.030366 0.022305 0.037882
v 0.029063 0.023177 0.037407
v 0.027862 0.023981 0.036636
v 0.026855 0.024655 0.035639
v 0.030569 0.022551 0.037881
v 0.029461 0.023662 0.037406
v 0.028439 0.024686 0.036636
v 0.027582 0.025544 0.035640
v 0.030815 0.022755 0.037882
v 0.029944 0.024060 0.037407
v 0.029142 0.025263 0.036636
v 0.028469 0.026272 0.035638
v 0.031096 0.022905 0.037882
v 0.030497 0.024356 0.037406
v 0.029944 0.025693 0.036635
v 0.029481 0.026814 0.035638
v 0.031403 0.022999 0.037881
v 0.031096 0.024538 0.037406
v 0.030814 0.025957 0.036636
v 0.030578 0.027146 0.035637
v 0.031720 0.023029 0.037881
v 0.031720 0.024599 0.037405
v 0.031720 0.026046 0.036634
v 0.031719 0.027259 0.035637
v 0.032038 0.022998 0.037880
v 0.032344 0.024537 0.037405
v 0.032625 0.025956 0.036633
v 0.032861 0.027145 0.035635
v 0.032344 0.022905 0.037880
v 0.032942 0.024354 0.037403
v 0.033495 0.025691 0.036632
v 0.033958 0.026811 0.035634
v 0.032625 0.022754 0.037879
v 0.033495 0.024058 0.037403
v 0.034297 0.025261 0.036631
v 0.034969 0.026269 0.035633
v 0.032871 0.022550 0.037879
v 0.033978 0.023659 0.037402
v 0.035000 0.024682 0.036630
v 0.035857 0.025540 0.035633
v 0.033075 0.022303 0.037878
v 0.034376 0.023174 0.037401
v 0.035576 0.023978 0.036629
v 0.036583 0.024651 0.035631
v 0.033225 0.022021 0.037877
v 0.034671 0.022621 0.037400
v 0.036005 0.023174 0.036627
v 0.037124 0.023637 0.035629
v 0.033317 0.021714 0.037876
v 0.034853 0.022020 0.037399
v 0.036269 0.022302 0.036627
v 0.037456 0.022538 0.035628
v 0.033349 0.021396 0.037876
v 0.034914 0.021396 0.037398
v 0.036358 0.021395 0.036626
v 0.037570 0.021394 0.035629
v 0.033317 0.021079 0.037876
v 0.034853 0.020771 0.037398
v 0.036269 0.020488 0.036625
v 0.037456 0.020251 0.035627
v 0.033225 0.020772 0.037876
v 0.034671 0.020171 0.037398
v 0.036005 0.019617 0.036626
v 0.037125 0.019152 0.035628
v 0.033075 0.020490 0.037876
v 0.034377 0.019618 0.037399
v 0.035578 0.018813 0.036627
v 0.036585 0.018139 0.035629
v 0.032872 0.020243 0.037877
v 0.033980 0.019133 0.037400
v 0.035002 0.018109 0.036628
v 0.035860 0.017249 0.035632
v 0.032626 0.020040 0.037877
v 0.033497 0.018735 0.037401
v 0.034300 0.017531 0.036629
v 0.034973 0.016521 0.035631
v 0.032345 0.019889 0.037878
v 0.032944 0.018439 0.037401
v 0.033498 0.017101 0.036630
v 0.033962 0.015980 0.035633
v 0.032039 0.019796 0.037879
v 0.032346 0.018256 0.037403
v 0.032628 0.016836 0.036632
v 0.032865 0.015647 0.035633
v 0.031722 0.019765 0.037879
v 0.031722 0.018195 0.037403
v 0.031723 0.016747 0.036632
v 0.031724 0.015534 0.035634
v 0.031404 0.019796 0.037880
v 0.031099 0.018256 0.037404
v 0.030818 0.016837 0.036633
v 0.030582 0.015647 0.035635
v 0.031098 0.019889 0.037880
v 0.030500 0.018439 0.037404
v 0.029948 0.017102 0.036633
v 0.029486 0.015981 0.035635
v 0.030816 0.020040 0.037880
v 0.029947 0.018735 0.037405
v 0.029145 0.017532 0.036634
v 0.028474 0.016523 0.035635
v 0.030570 0.020244 0.037880
v 0.029463 0.019134 0.037404
v 0.028442 0.018110 0.036634
v 0.027586 0.017252 0.035637
v 0.030367 0.020491 0.037881
v 0.029065 0.019619 0.037406
v 0.027865 0.018815 0.036634
v 0.026858 0.018142 0.035636
v 0.031721 0.021397 0.038040
v 0.030216 0.020773 0.037881
v 0.028769 0.020173 0.037405
v 0.027436 0.019619 0.036635
v 0.026317 0.019156 0.035638
v 0.030124 0.021080 0.037881
v 0.028587 0.020773 0.037406
v 0.027170 0.020491 0.036636
v 0.025983 0.020255 0.035638
v 0.024688 0.021399 0.034784
v 0.022863 0.021400 0.033329
v 0.021306 0.021400 0.031428
v 0.020149 0.021401 0.029258
v 0.019438 0.021401 0.026903
v 0.019199 0.021401 0.024455
v 0.019440 0.021400 0.022004
v 0.020152 0.021399 0.019649
v 0.021310 0.021399 0.017477
v 0.022868 0.021398 0.015574
v 0.024766 0.021397 0.014012
v 0.026932 0.021396 0.012852
v 0.029281 0.021395 0.012138
v 0.024823 0.022774 0.034783
v 0.023032 0.023131 0.033330
v 0.021505 0.023437 0.031429
v 0.020370 0.023663 0.029259
v 0.019673 0.023802 0.026903
v 0.019438 0.023849 0.024454
v 0.019674 0.023802 0.022004
v 0.020374 0.023661 0.019649
v 0.021510 0.023435 0.017477
v 0.023038 0.023129 0.015574
v 0.024900 0.022758 0.014012
v 0.027023 0.022333 0.012852
v 0.029328 0.021873 0.012138
v 0.025223 0.024096 0.034783
v 0.023535 0.024797 0.033330
v 0.022097 0.025395 0.031429
v 0.021029 0.025838 0.029258
v 0.020371 0.026112 0.026903
v 0.020149 0.026204 0.024453
v 0.020372 0.026111 0.022004
v 0.021032 0.025837 0.019649
v 0.022102 0.025392 0.017477
v 0.023541 0.024794 0.015574
v 0.025295 0.024065 0.014012
v 0.027296 0.023234 0.012852
v 0.029467 0.022332 0.012138
v 0.025872 0.025315 0.034784
v 0.024353 0.026332 0.033331
v 0.023059 0.027199 0.031429
v 0.022098 0.027843 0.029257
v 0.021506 0.028239 0.026903
v 0.021306 0.028373 0.024453
v 0.021507 0.028238 0.022004
v 0.022101 0.027841 0.019648
v 0.023063 0.027196 0.017477
v 0.024358 0.026328 0.015574
v 0.025937 0.025271 0.014012
v 0.027738 0.024064 0.012852
v 0.029692 0.022756 0.012138
v 0.026746 0.026382 0.034784
v 0.025455 0.027676 0.033329
v 0.024354 0.028780 0.031428
v 0.023536 0.029599 0.029257
v 0.023033 0.030104 0.026902
v 0.022864 0.030274 0.024453
v 0.023035 0.030103 0.022003
v 0.023539 0.029598 0.019648
v 0.024357 0.028777 0.017477
v 0.025460 0.027673 0.015574
v 0.026802 0.026327 0.014012
v 0.028334 0.024792 0.012852
v 0.029997 0.023126 0.012138
v 0.027812 0.027257 0.034783
v 0.026798 0.028779 0.033328
v 0.025932 0.030076 0.031427
v 0.025290 0.031041 0.029256
v 0.024895 0.031634 0.026902
v 0.024761 0.031835 0.024453
v 0.024896 0.031634 0.022003
v 0.025292 0.031039 0.019648
v 0.025935 0.030074 0.017477
v 0.026801 0.028776 0.015574
v 0.027856 0.027194 0.014012
v 0.029061 0.025389 0.012852
v 0.030366 0.023431 0.012138
v 0.029028 0.027907 0.034781
v 0.028329 0.029598 0.033327
v 0.027733 0.031040 0.031426
v 0.027291 0.032112 0.029256
v 0.027018 0.032772 0.026902
v 0.026927 0.032994 0.024453
v 0.027018 0.032771 0.022003
v 0.027292 0.032110 0.019648
v 0.027735 0.031038 0.017477
v 0.028332 0.029595 0.015574
v 0.029060 0.027838 0.014012
v 0.029889 0.025832 0.012852
v 0.030789 0.023656 0.012138
v 0.030347 0.028307 0.034780
v 0.029992 0.030102 0.033326
v 0.029687 0.031633 0.031426
v 0.029462 0.032771 0.029255
v 0.029323 0.033471 0.026902
v 0.029276 0.033707 0.024453
v 0.029324 0.033471 0.022003
v 0.029463 0.032770 0.019648
v 0.029689 0.031631 0.017477
v 0.029994 0.030100 0.015574
v 0.030364 0.028234 0.014012
v 0.030788 0.026106 0.012852
v 0.031247 0.023796 0.012138
v 0.031719 0.028442 0.034780
v 0.031719 0.030272 0.033326
v 0.031719 0.031833 0.031425
v 0.031719 0.032993 0.029255
v 0.031719 0.033706 0.026901
v 0.031720 0.033949 0.024454
v 0.031720 0.033706 0.022003
v 0.031720 0.032992 0.019648
v 0.031721 0.031831 0.017477
v 0.031721 0.030270 0.015574
v 0.031722 0.028368 0.014012
v 0.031723 0.026198 0.012852
v 0.031724 0.023843 0.012138
v 0.033091 0.028306 0.034779
v 0.033447 0.030100 0.033325
v 0.033751 0.031631 0.031424
v 0.033976 0.032769 0.029254
v 0.034116 0.033470 0.026901
v 0.034164 0.033705 0.024452
v 0.034117 0.033469 0.022003
v 0.033978 0.032768 0.019648
v 0.033753 0.031630 0.017476
v 0.033449 0.030098 0.015574
v 0.033080 0.028233 0.014012
v 0.032658 0.026105 0.012851
v 0.032201 0.023795 0.012138
v 0.034410 0.027904 0.034778
v 0.035109 0.029595 0.033324
v 0.035706 0.031036 0.031423
v 0.036148 0.032108 0.029254
v 0.036422 0.032768 0.026900
v 0.036514 0.032990 0.024451
v 0.036422 0.032768 0.022002
v 0.036149 0.032107 0.019647
v 0.035707 0.031035 0.017476
v 0.035111 0.029593 0.015574
v 0.034385 0.027836 0.014012
v 0.033558 0.025831 0.012851
v 0.032659 0.023656 0.012138
v 0.035627 0.027253 0.034778
v 0.036642 0.028774 0.033324
v 0.037507 0.030071 0.031423
v 0.038149 0.031035 0.029253
v 0.038545 0.031629 0.026899
v 0.038680 0.031829 0.024450
v 0.038545 0.031629 0.022002
v 0.038150 0.031034 0.019647
v 0.037508 0.030070 0.017476
v 0.036643 0.028772 0.015573
v 0.035589 0.027191 0.014012
v 0.034386 0.025387 0.012851
v 0.033082 0.023430 0.012138
v 0.036693 0.026377 0.034777
v 0.037984 0.027670 0.033323
v 0.039085 0.028773 0.031423
v 0.039904 0.029593 0.029252
v 0.040407 0.030097 0.026898
v 0.040578 0.030267 0.024450
v 0.040408 0.030096 0.022001
v 0.039904 0.029592 0.019647
v 0.039086 0.028772 0.017475
v 0.037985 0.027668 0.015573
v 0.036644 0.026324 0.014011
v 0.035113 0.024790 0.012851
v 0.033452 0.023125 0.012138
v 0.037567 0.025309 0.034776
v 0.039086 0.026325 0.033323
v 0.040381 0.027191 0.031422
v 0.041344 0.027835 0.029252
v 0.041937 0.028231 0.026898
v 0.042137 0.028365 0.024450
v 0.041937 0.028230 0.022001
v 0.041344 0.027834 0.019646
v 0.040382 0.027190 0.017475
v 0.039087 0.026323 0.015573
v 0.037509 0.025267 0.014011
v 0.035709 0.024061 0.012851
v 0.033756 0.022754 0.012138
v 0.038216 0.024090 0.034774
v 0.039905 0.024790 0.033321
v 0.041345 0.025387 0.031422
v 0.042415 0.025830 0.029253
v 0.043074 0.026103 0.026899
v 0.043296 0.026194 0.024450
v 0.043073 0.026103 0.022001
v 0.042414 0.025829 0.019646
v 0.041345 0.025385 0.017475
v 0.039906 0.024788 0.015573
v 0.038153 0.024060 0.014011
v 0.036152 0.023231 0.012851
v 0.033982 0.022331 0.012138
v 0.038616 0.022768 0.034773
v 0.040410 0.023124 0.033322
v 0.041939 0.023428 0.031422
v 0.043076 0.023654 0.029254
v 0.043775 0.023793 0.026899
v 0.044010 0.023840 0.024451
v 0.043774 0.023792 0.022001
v 0.043074 0.023653 0.019646
v 0.041938 0.023427 0.017475
v 0.040410 0.023122 0.015573
v 0.038549 0.022753 0.014011
v 0.036426 0.022330 0.012851
v 0.034121 0.021871 0.012138
v 0.038753 0.021393 0.034774
v 0.040582 0.021393 0.033322
v 0.042142 0.021392 0.031423
v 0.043300 0.021391 0.029254
v 0.044012 0.021391 0.026899
v 0.044253 0.021392 0.024452
v 0.044010 0.021391 0.022002
v 0.043297 0.021391 0.019646
v 0.042139 0.021391 0.017475
v 0.040581 0.021391 0.015573
v 0.038683 0.021392 0.014011
v 0.036519 0.021392 0.012851
v 0.034168 0.021393 0.012137
v 0.038618 0.020019 0.034773
v 0.040412 0.019661 0.033322
v 0.041942 0.019355 0.031423
v 0.043079 0.019129 0.029254
v 0.043777 0.018990 0.026899
v 0.044012 0.018942 0.024450
v 0.043776 0.018990 0.022001
v 0.043076 0.019129 0.019646
v 0.041940 0.019355 0.017475
v 0.040411 0.019660 0.015573
v 0.038550 0.020031 0.014011
v 0.036427 0.020455 0.012851
v 0.034121 0.020916 0.012137
v 0.038218 0.018697 0.034773
v 0.039908 0.017996 0.033322
v 0.041349 0.017398 0.031422
v 0.042420 0.016954 0.029254
v 0.043078 0.016680 0.026899
v 0.043300 0.016587 0.024449
v 0.043077 0.016679 0.022001
v 0.042418 0.016953 0.019646
v 0.041348 0.017397 0.017474
v 0.039908 0.017995 0.015572
v 0.038155 0.018724 0.014011
v 0.036153 0.019554 0.012851
v 0.033982 0.020456 0.012137
v 0.037571 0.017479 0.034775
v 0.039091 0.016461 0.033323
v 0.040386 0.015594 0.031422
v 0.041349 0.014949 0.029253
v 0.041943 0.014552 0.026898
v 0.042142 0.014418 0.024449
v 0.041942 0.014552 0.022000
v 0.041349 0.014949 0.019645
v 0.040386 0.015593 0.017474
v 0.039091 0.016460 0.015572
v 0.037512 0.017518 0.014011
v 0.035711 0.018724 0.012851
v 0.033757 0.020033 0.012137
v 0.036697 0.016412 0.034776
v 0.037989 0.015117 0.033322
v 0.039091 0.014013 0.031421
v 0.039910 0.013193 0.029252
v 0.040414 0.012688 0.026897
v 0.040585 0.012517 0.024449
v 0.040414 0.012687 0.022000
v 0.039910 0.013192 0.019645
v 0.039091 0.014012 0.017474
v 0.037990 0.015116 0.015572
v 0.036647 0.016461 0.014011
v 0.035116 0.017996 0.012851
v 0.033453 0.019663 0.012137
v 0.035631 0.015536 0.034776
v 0.036647 0.014014 0.033322
v 0.037513 0.012716 0.031421
v 0.038157 0.011751 0.029252
v 0.038553 0.011157 0.026897
v 0.038687 0.010956 0.024449
v 0.038553 0.011157 0.022000
v 0.038157 0.011751 0.019645
v 0.037514 0.012715 0.017474
v 0.036648 0.014013 0.015572
v 0.035593 0.015595 0.014011
v 0.034389 0.017399 0.012851
v 0.033083 0.019358 0.012137
v 0.031725 0.021394 0.011896
v 0.034415 0.014886 0.034775
v 0.035116 0.013195 0.033322
v 0.035713 0.011752 0.031421
v 0.036156 0.010681 0.029253
v 0.036430 0.010020 0.026898
v 0.036522 0.009797 0.024449
v 0.036430 0.010020 0.022000
v 0.036156 0.010680 0.019646
v 0.035714 0.011751 0.017474
v 0.035117 0.013193 0.015572
v 0.034390 0.014951 0.014011
v 0.033561 0.016956 0.012851
v 0.032661 0.019132 0.012137
v 0.033097 0.014485 0.034776
v 0.033453 0.012691 0.033323
v 0.033759 0.011159 0.031422
v 0.033985 0.010021 0.029253
v 0.034125 0.009321 0.026898
v 0.034172 0.009085 0.024450
v 0.034125 0.009320 0.022001
v 0.033986 0.010020 0.019646
v 0.033760 0.011158 0.017475
v 0.033455 0.012689 0.015573
v 0.033085 0.014555 0.014011
v 0.032662 0.016682 0.012851
v 0.032202 0.018993 0.012137
v 0.031725 0.014350 0.034778
v 0.031726 0.012521 0.033323
v 0.031727 0.010959 0.031422
v 0.031728 0.009799 0.029253
v 0.031728 0.009086 0.026898
v 0.031729 0.008845 0.024452
v 0.031729 0.009085 0.022001
v 0.031729 0.009798 0.019646
v 0.031728 0.010958 0.017475
v 0.031728 0.012519 0.015573
v 0.031727 0.014421 0.014011
v 0.031726 0.016591 0.012851
v 0.031726 0.018946 0.012138
v 0.030353 0.014486 0.034778
v 0.029999 0.012692 0.033323
v 0.029695 0.011161 0.031423
v 0.029471 0.010023 0.029253
v 0.029332 0.009323 0.026899
v 0.029285 0.009087 0.024450
v 0.029332 0.009322 0.022001
v 0.029472 0.010022 0.019646
v 0.029696 0.011160 0.017475
v 0.030000 0.012691 0.015573
v 0.030369 0.014556 0.014011
v 0.030791 0.016683 0.012851
v 0.031249 0.018993 0.012137
v 0.029034 0.014888 0.034778
v 0.028336 0.013198 0.033324
v 0.027741 0.011756 0.031423
v 0.027299 0.010684 0.029254
v 0.027026 0.010024 0.026899
v 0.026936 0.009801 0.024450
v 0.027027 0.010023 0.022001
v 0.027300 0.010683 0.019646
v 0.027742 0.011754 0.017475
v 0.028338 0.013196 0.015573
v 0.029064 0.014953 0.014011
v 0.029892 0.016957 0.012851
v 0.030790 0.019133 0.012138
v 0.027818 0.015539 0.034779
v 0.026804 0.014018 0.033325
v 0.025940 0.012721 0.031424
v 0.025298 0.011756 0.029254
v 0.024903 0.011162 0.026899
v 0.024769 0.010961 0.024450
v 0.024904 0.011162 0.022001
v 0.025299 0.011755 0.019646
v 0.025941 0.012719 0.017475
v 0.026806 0.014016 0.015573
v 0.027860 0.015597 0.014011
v 0.029063 0.017401 0.012851
v 0.030368 0.019359 0.012138
v 0.026752 0.016415 0.034780
v 0.025462 0.015122 0.033326
v 0.024361 0.014019 0.031424
v 0.023544 0.013199 0.029255
v 0.023040 0.012694 0.026899
v 0.022871 0.012524 0.024451
v 0.023041 0.012694 0.022002
v 0.023545 0.013198 0.019647
v 0.024363 0.014017 0.017476
v 0.025464 0.015121 0.015573
v 0.026806 0.016465 0.014011
v 0.028336 0.017999 0.012851
v 0.029998 0.019664 0.012138
v 0.025876 0.017484 0.034780
v 0.024359 0.016467 0.033326
v 0.023065 0.015601 0.031424
v 0.022104 0.014957 0.029255
v 0.021511 0.014560 0.026900
v 0.021312 0.014426 0.024451
v 0.021512 0.014560 0.022002
v 0.022105 0.014956 0.019647
v 0.023068 0.015599 0.017476
v 0.024362 0.016466 0.015574
v 0.025940 0.017522 0.014012
v 0.027740 0.018727 0.012851
v 0.029693 0.020034 0.012138
v 0.025227 0.018702 0.034781
v 0.023540 0.018002 0.033327
v 0.022102 0.017405 0.031425
v 0.021033 0.016962 0.029256
v 0.020375 0.016688 0.026901
v 0.020153 0.016597 0.024452
v 0.020376 0.016688 0.022003
v 0.021035 0.016961 0.019648
v 0.022105 0.017404 0.017476
v 0.023544 0.018001 0.015574
v 0.025297 0.018728 0.014012
v 0.027297 0.019557 0.012852
v 0.029468 0.020458 0.012138
v 0.024825 0.020024 0.034782
v 0.023035 0.019669 0.033328
v 0.021508 0.019364 0.031426
v 0.020373 0.019138 0.029257
v 0.019675 0.018999 0.026902
v 0.019441 0.018952 0.024453
v 0.019676 0.018999 0.022004
v 0.020375 0.019137 0.019648
v 0.021511 0.019362 0.017476
v 0.023039 0.019667 0.015574
v 0.024901 0.020036 0.014012
v 0.027023 0.020459 0.012852
v 0.029329 0.020917 0.012138
v -0.033078 0.021492 0.036800
v -0.034644 0.021493 0.036322
v -0.036087 0.021493 0.035549
v -0.037298 0.021493 0.034551
v -0.033046 0.021810 0.036800
v -0.034583 0.022118 0.036323
v -0.035999 0.022400 0.035550
v -0.037186 0.022637 0.034551
v -0.032954 0.022117 0.036801
v -0.034401 0.022718 0.036324
v -0.035735 0.023272 0.035551
v -0.036854 0.023736 0.034552
v -0.032804 0.022399 0.036801
v -0.034106 0.023271 0.036325
v -0.035307 0.024075 0.035552
v -0.036315 0.024749 0.034554
v -0.032602 0.022646 0.036802
v -0.033709 0.023756 0.036325
v -0.034731 0.024780 0.035553
v -0.035589 0.025638 0.034556
v -0.032355 0.022849 0.036802
v -0.033226 0.024154 0.036326
v -0.034029 0.025357 0.035554
v -0.034702 0.026366 0.034556
v -0.032074 0.023000 0.036803
v -0.032673 0.024450 0.036326
v -0.033227 0.025787 0.035555
v -0.033690 0.026908 0.034557
v -0.031768 0.023093 0.036803
v -0.032075 0.024632 0.036328
v -0.032357 0.026052 0.035556
v -0.032594 0.027241 0.034558
v -0.031450 0.023124 0.036803
v -0.031451 0.024694 0.036327
v -0.031452 0.026141 0.035556
v -0.031452 0.027354 0.034559
v -0.031133 0.023093 0.036804
v -0.030827 0.024632 0.036329
v -0.030546 0.026051 0.035558
v -0.030310 0.027241 0.034559
v -0.030826 0.023000 0.036804
v -0.030228 0.024450 0.036328
v -0.029676 0.025786 0.035557
v -0.029213 0.026907 0.034560
v -0.030545 0.022849 0.036804
v -0.029675 0.024154 0.036329
v -0.028873 0.025357 0.035558
v -0.028201 0.026365 0.034560
v -0.030299 0.022646 0.036804
v -0.029192 0.023755 0.036328
v -0.028170 0.024778 0.035558
v -0.027313 0.025637 0.034562
v -0.030095 0.022399 0.036804
v -0.028794 0.023270 0.036329
v -0.027593 0.024074 0.035558
v -0.026586 0.024747 0.034560
v -0.029945 0.022117 0.036804
v -0.028498 0.022716 0.036328
v -0.027164 0.023270 0.035557
v -0.026045 0.023733 0.034560
v -0.029852 0.021810 0.036803
v -0.028316 0.022116 0.036328
v -0.026900 0.022398 0.035557
v -0.025713 0.022634 0.034559
v -0.029821 0.021491 0.036804
v -0.028255 0.021491 0.036328
v -0.026811 0.021490 0.035557
v -0.025599 0.021490 0.034560
v -0.029852 0.021173 0.036803
v -0.028316 0.020866 0.036328
v -0.026900 0.020583 0.035557
v -0.025712 0.020346 0.034559
v -0.029945 0.020866 0.036803
v -0.028498 0.020266 0.036327
v -0.027164 0.019711 0.035556
v -0.026045 0.019247 0.034559
v -0.030095 0.020584 0.036803
v -0.028793 0.019712 0.036328
v -0.027592 0.018907 0.035556
v -0.026585 0.018233 0.034558
v -0.030298 0.020338 0.036803
v -0.029191 0.019227 0.036327
v -0.028169 0.018203 0.035556
v -0.027312 0.017344 0.034559
v -0.030545 0.020134 0.036803
v -0.029674 0.018829 0.036328
v -0.028872 0.017625 0.035556
v -0.028200 0.016616 0.034558
v -0.030826 0.019983 0.036803
v -0.030227 0.018533 0.036327
v -0.029674 0.017196 0.035556
v -0.029211 0.016074 0.034557
v -0.031132 0.019890 0.036803
v -0.030826 0.018350 0.036327
v -0.030544 0.016931 0.035556
v -0.030308 0.015741 0.034557
v -0.031450 0.019859 0.036802
v -0.031449 0.018290 0.036326
v -0.031449 0.016842 0.035555
v -0.031449 0.015628 0.034557
v -0.031767 0.019891 0.036802
v -0.032073 0.018351 0.036326
v -0.032354 0.016932 0.035555
v -0.032591 0.015742 0.034556
v -0.032073 0.019984 0.036802
v -0.032672 0.018534 0.036325
v -0.033224 0.017197 0.035553
v -0.033687 0.016076 0.034556
v -0.032354 0.020135 0.036801
v -0.033224 0.018830 0.036324
v -0.034026 0.017627 0.035552
v -0.034698 0.016618 0.034554
v -0.032601 0.020339 0.036801
v -0.033707 0.019229 0.036323
v -0.034729 0.018206 0.035551
v -0.035586 0.017347 0.034554
v -0.032804 0.020586 0.036800
v -0.034105 0.019714 0.036322
v -0.035305 0.018911 0.035550
v -0.036312 0.018237 0.034552
v -0.031450 0.021492 0.036963
v -0.032954 0.020868 0.036800
v -0.034400 0.020268 0.036322
v -0.035733 0.019715 0.035549
v -0.036852 0.019251 0.034550
v -0.033046 0.021175 0.036800
v -0.034582 0.020868 0.036322
v -0.035997 0.020587 0.035548
v -0.037184 0.020350 0.034549
v -0.038481 0.021494 0.033695
v -0.040309 0.021494 0.032242
v -0.041870 0.021494 0.030344
v -0.043030 0.021494 0.028176
v -0.043741 0.021495 0.025821
v -0.043981 0.021495 0.023374
v -0.043739 0.021494 0.020923
v -0.043026 0.021493 0.018568
v -0.041868 0.021493 0.016397
v -0.040310 0.021492 0.014494
v -0.038412 0.021491 0.012933
v -0.036246 0.021490 0.011772
v -0.033897 0.021490 0.011059
v -0.038346 0.022868 0.033695
v -0.040139 0.023225 0.032243
v -0.041669 0.023531 0.030344
v -0.042807 0.023756 0.028176
v -0.043506 0.023896 0.025821
v -0.043740 0.023943 0.023373
v -0.043504 0.023896 0.020923
v -0.042805 0.023755 0.018568
v -0.041668 0.023529 0.016397
v -0.040140 0.023223 0.014495
v -0.038278 0.022852 0.012933
v -0.036155 0.022428 0.011772
v -0.033850 0.021967 0.011059
v -0.037946 0.024190 0.033696
v -0.039636 0.024891 0.032244
v -0.041077 0.025489 0.030345
v -0.042148 0.025932 0.028175
v -0.042806 0.026206 0.025821
v -0.043029 0.026298 0.023372
v -0.042805 0.026205 0.020923
v -0.042146 0.025931 0.018568
v -0.041076 0.025487 0.016397
v -0.039637 0.024889 0.014495
v -0.037883 0.024159 0.012933
v -0.035882 0.023329 0.011773
v -0.033711 0.022427 0.011059
v -0.037299 0.025408 0.033699
v -0.038819 0.026425 0.032246
v -0.040114 0.027293 0.030345
v -0.041077 0.027937 0.028175
v -0.041671 0.028333 0.025820
v -0.041871 0.028467 0.023372
v -0.041670 0.028332 0.020923
v -0.041077 0.027935 0.018568
v -0.040114 0.027290 0.016397
v -0.038819 0.026423 0.014495
v -0.037241 0.025365 0.012933
v -0.035440 0.024158 0.011773
v -0.033486 0.022850 0.011059
v -0.036425 0.026476 0.033700
v -0.037717 0.027770 0.032246
v -0.038819 0.028874 0.030345
v -0.039638 0.029694 0.028175
v -0.040142 0.030198 0.025821
v -0.040313 0.030368 0.023372
v -0.040142 0.030197 0.020923
v -0.039638 0.029692 0.018568
v -0.038820 0.028872 0.016397
v -0.037718 0.027767 0.014495
v -0.036376 0.026422 0.012933
v -0.034844 0.024887 0.011773
v -0.033181 0.023220 0.011059
v -0.035360 0.027351 0.033701
v -0.036375 0.028873 0.032247
v -0.037241 0.030171 0.030346
v -0.037885 0.031135 0.028175
v -0.038280 0.031729 0.025821
v -0.038415 0.031929 0.023372
v -0.038281 0.031728 0.020923
v -0.037885 0.031134 0.018569
v -0.037242 0.030169 0.016397
v -0.036376 0.028871 0.014495
v -0.035321 0.027289 0.012933
v -0.034117 0.025484 0.011773
v -0.032812 0.023525 0.011059
v -0.034144 0.028001 0.033700
v -0.034844 0.029692 0.032247
v -0.035441 0.031134 0.030346
v -0.035884 0.032206 0.028176
v -0.036158 0.032866 0.025822
v -0.036249 0.033089 0.023373
v -0.036158 0.032866 0.020924
v -0.035884 0.032205 0.018569
v -0.035442 0.031132 0.016397
v -0.034845 0.029690 0.014495
v -0.034118 0.027932 0.012933
v -0.033289 0.025927 0.011773
v -0.032389 0.023751 0.011059
v -0.032825 0.028402 0.033701
v -0.033181 0.030197 0.032247
v -0.033487 0.031728 0.030346
v -0.033712 0.032866 0.028176
v -0.033852 0.033566 0.025822
v -0.033900 0.033802 0.023374
v -0.033853 0.033566 0.020925
v -0.033713 0.032865 0.018569
v -0.033488 0.031726 0.016398
v -0.033183 0.030194 0.014496
v -0.032813 0.028328 0.012934
v -0.032390 0.026201 0.011773
v -0.031931 0.023890 0.011059
v -0.031453 0.028537 0.033702
v -0.031454 0.030367 0.032248
v -0.031454 0.031928 0.030347
v -0.031455 0.033088 0.028177
v -0.031455 0.033801 0.025823
v -0.031456 0.034044 0.023376
v -0.031456 0.033801 0.020925
v -0.031456 0.033087 0.018570
v -0.031456 0.031926 0.016398
v -0.031456 0.030364 0.014496
v -0.031455 0.028462 0.012934
v -0.031455 0.026293 0.011773
v -0.031454 0.023937 0.011059
v -0.030080 0.028402 0.033703
v -0.029726 0.030196 0.032248
v -0.029422 0.031727 0.030348
v -0.029198 0.032865 0.028177
v -0.029059 0.033565 0.025823
v -0.029012 0.033800 0.023375
v -0.029060 0.033564 0.020925
v -0.029199 0.032863 0.018570
v -0.029424 0.031725 0.016398
v -0.029728 0.030193 0.014496
v -0.030097 0.028327 0.012934
v -0.030519 0.026200 0.011773
v -0.030977 0.023890 0.011059
v -0.028761 0.028000 0.033703
v -0.028062 0.029691 0.032249
v -0.027467 0.031133 0.030349
v -0.027026 0.032204 0.028178
v -0.026753 0.032864 0.025824
v -0.026662 0.033086 0.023374
v -0.026754 0.032863 0.020925
v -0.027027 0.032202 0.018570
v -0.027470 0.031130 0.016398
v -0.028066 0.029688 0.014496
v -0.028792 0.027931 0.012934
v -0.029620 0.025926 0.011773
v -0.030519 0.023750 0.011059
v -0.027544 0.027350 0.033705
v -0.026530 0.028871 0.032251
v -0.025665 0.030168 0.030349
v -0.025023 0.031132 0.028178
v -0.024629 0.031725 0.025824
v -0.024496 0.031925 0.023374
v -0.024631 0.031724 0.020925
v -0.025026 0.031130 0.018570
v -0.025669 0.030165 0.016399
v -0.026534 0.028867 0.014496
v -0.027588 0.027286 0.012934
v -0.028792 0.025482 0.011773
v -0.030096 0.023525 0.011059
v -0.026478 0.026474 0.033706
v -0.025187 0.027767 0.032252
v -0.024086 0.028870 0.030350
v -0.023269 0.029689 0.028179
v -0.022767 0.030193 0.025824
v -0.022597 0.030363 0.023375
v -0.022768 0.030192 0.020925
v -0.023272 0.029687 0.018570
v -0.024090 0.028867 0.016399
v -0.025192 0.027763 0.014496
v -0.026533 0.026419 0.012934
v -0.028064 0.024885 0.011773
v -0.029726 0.023219 0.011059
v -0.025602 0.025406 0.033706
v -0.024084 0.026422 0.032253
v -0.022789 0.027289 0.030351
v -0.021829 0.027932 0.028180
v -0.021237 0.028327 0.025825
v -0.021038 0.028461 0.023375
v -0.021239 0.028326 0.020925
v -0.021833 0.027929 0.018570
v -0.022795 0.027285 0.016399
v -0.024090 0.026418 0.014496
v -0.025668 0.025362 0.012934
v -0.027468 0.024156 0.011773
v -0.029422 0.022849 0.011059
v -0.024954 0.024187 0.033704
v -0.023265 0.024887 0.032252
v -0.021826 0.025484 0.030351
v -0.020758 0.025926 0.028180
v -0.020101 0.026199 0.025825
v -0.019880 0.026290 0.023375
v -0.020103 0.026198 0.020926
v -0.020762 0.025924 0.018570
v -0.021832 0.025480 0.016399
v -0.023271 0.024884 0.014496
v -0.025025 0.024155 0.012934
v -0.027025 0.023326 0.011773
v -0.029196 0.022425 0.011059
v -0.024553 0.022865 0.033704
v -0.022762 0.023221 0.032251
v -0.021233 0.023525 0.030351
v -0.020099 0.023750 0.028180
v -0.019401 0.023889 0.025825
v -0.019167 0.023936 0.023375
v -0.019403 0.023888 0.020926
v -0.020103 0.023748 0.018570
v -0.021239 0.023522 0.016399
v -0.022767 0.023217 0.014496
v -0.024629 0.022848 0.012934
v -0.026752 0.022425 0.011773
v -0.029057 0.021966 0.011059
v -0.024418 0.021490 0.033704
v -0.022592 0.021489 0.032250
v -0.021034 0.021488 0.030349
v -0.019876 0.021488 0.028180
v -0.019165 0.021488 0.025824
v -0.018925 0.021488 0.023376
v -0.019168 0.021487 0.020926
v -0.019880 0.021486 0.018570
v -0.021038 0.021486 0.016398
v -0.022597 0.021486 0.014496
v -0.024494 0.021487 0.012934
v -0.026659 0.021487 0.011773
v -0.029010 0.021488 0.011059
v -0.024553 0.020114 0.033703
v -0.022762 0.019758 0.032249
v -0.021235 0.019452 0.030348
v -0.020099 0.019226 0.028179
v -0.019401 0.019086 0.025824
v -0.019166 0.019038 0.023375
v -0.019402 0.019085 0.020925
v -0.020102 0.019224 0.018570
v -0.021238 0.019450 0.016398
v -0.022766 0.019755 0.014496
v -0.024628 0.020126 0.012934
v -0.026751 0.020550 0.011773
v -0.029057 0.021010 0.011059
v -0.024954 0.018793 0.033702
v -0.023266 0.018092 0.032248
v -0.021828 0.017494 0.030347
v -0.020758 0.017050 0.028178
v -0.020100 0.016775 0.025823
v -0.019878 0.016683 0.023374
v -0.020101 0.016775 0.020924
v -0.020760 0.017049 0.018569
v -0.021830 0.017492 0.016398
v -0.023269 0.018090 0.014495
v -0.025023 0.018818 0.012933
v -0.027024 0.019649 0.011773
v -0.029196 0.020551 0.011059
v -0.025603 0.017574 0.033702
v -0.024085 0.016557 0.032248
v -0.022790 0.015690 0.030346
v -0.021828 0.015045 0.028177
v -0.021235 0.014648 0.025822
v -0.021035 0.014513 0.023373
v -0.021236 0.014648 0.020924
v -0.021829 0.015044 0.018569
v -0.022792 0.015688 0.016397
v -0.024087 0.016555 0.014495
v -0.025666 0.017612 0.012933
v -0.027467 0.018819 0.011773
v -0.029421 0.020127 0.011059
v -0.026477 0.016507 0.033702
v -0.025186 0.015213 0.032247
v -0.024085 0.014108 0.030346
v -0.023266 0.013288 0.028176
v -0.022763 0.012783 0.025821
v -0.022593 0.012612 0.023372
v -0.022764 0.012783 0.020923
v -0.023268 0.013287 0.018568
v -0.024086 0.014107 0.016397
v -0.025188 0.015211 0.014495
v -0.026531 0.016556 0.012933
v -0.028062 0.018091 0.011773
v -0.029725 0.019757 0.011059
v -0.027543 0.015631 0.033701
v -0.026528 0.014109 0.032247
v -0.025662 0.012811 0.030345
v -0.025020 0.011847 0.028176
v -0.024624 0.011252 0.025821
v -0.024490 0.011051 0.023372
v -0.024625 0.011252 0.020923
v -0.025021 0.011846 0.018568
v -0.025664 0.012810 0.016397
v -0.026530 0.014108 0.014495
v -0.027585 0.015689 0.012933
v -0.028789 0.017494 0.011773
v -0.030095 0.019452 0.011059
v -0.031453 0.021489 0.010818
v -0.028758 0.014981 0.033700
v -0.028059 0.013290 0.032246
v -0.027463 0.011847 0.030345
v -0.027020 0.010775 0.028176
v -0.026747 0.010115 0.025821
v -0.026655 0.009892 0.023372
v -0.026747 0.010115 0.020923
v -0.027021 0.010775 0.018568
v -0.027464 0.011846 0.016397
v -0.028061 0.013288 0.014495
v -0.028788 0.015045 0.012933
v -0.029617 0.017051 0.011773
v -0.030517 0.019227 0.011059
v -0.030077 0.014580 0.033700
v -0.029721 0.012786 0.032246
v -0.029417 0.011254 0.030345
v -0.029191 0.010116 0.028175
v -0.029052 0.009415 0.025821
v -0.029005 0.009179 0.023372
v -0.029053 0.009415 0.020923
v -0.029192 0.010115 0.018568
v -0.029418 0.011253 0.016397
v -0.029723 0.012784 0.014495
v -0.030093 0.014649 0.012933
v -0.030516 0.016777 0.011772
v -0.030976 0.019087 0.011059
v -0.031449 0.014445 0.033700
v -0.031449 0.012615 0.032246
v -0.031449 0.011054 0.030344
v -0.031448 0.009894 0.028175
v -0.031448 0.009180 0.025820
v -0.031449 0.008939 0.023373
v -0.031449 0.009180 0.020923
v -0.031449 0.009893 0.018568
v -0.031450 0.011053 0.016397
v -0.031450 0.012614 0.014494
v -0.031451 0.014515 0.012933
v -0.031452 0.016686 0.011772
v -0.031452 0.019040 0.011059
v -0.032821 0.014581 0.033699
v -0.033176 0.012787 0.032245
v -0.033481 0.011255 0.030344
v -0.033706 0.010117 0.028175
v -0.033845 0.009417 0.025820
v -0.033892 0.009181 0.023371
v -0.033845 0.009416 0.020923
v -0.033706 0.010116 0.018568
v -0.033482 0.011254 0.016396
v -0.033178 0.012785 0.014494
v -0.032809 0.014650 0.012933
v -0.032387 0.016778 0.011772
v -0.031929 0.019087 0.011059
v -0.034140 0.014983 0.033698
v -0.034839 0.013292 0.032245
v -0.035435 0.011850 0.030344
v -0.035877 0.010778 0.028175
v -0.036151 0.010118 0.025820
v -0.036242 0.009895 0.023371
v -0.036151 0.010117 0.020922
v -0.035878 0.010777 0.018567
v -0.035436 0.011849 0.016396
v -0.034840 0.013290 0.014494
v -0.034114 0.015047 0.012932
v -0.033286 0.017052 0.011772
v -0.032388 0.019227 0.011059
v -0.035356 0.015633 0.033699
v -0.036371 0.014112 0.032245
v -0.037236 0.012815 0.030344
v -0.037879 0.011850 0.028174
v -0.038274 0.011256 0.025819
v -0.038409 0.011055 0.023371
v -0.038274 0.011256 0.020922
v -0.037879 0.011850 0.018567
v -0.037237 0.012814 0.016396
v -0.036372 0.014111 0.014494
v -0.035318 0.015692 0.012932
v -0.034115 0.017496 0.011772
v -0.032811 0.019453 0.011059
v -0.036422 0.016510 0.033698
v -0.037713 0.015216 0.032244
v -0.038815 0.014112 0.030344
v -0.039633 0.013293 0.028174
v -0.040137 0.012788 0.025819
v -0.040307 0.012617 0.023370
v -0.040137 0.012788 0.020922
v -0.039633 0.013292 0.018567
v -0.038815 0.014112 0.016396
v -0.037714 0.015215 0.014494
v -0.036373 0.016559 0.012932
v -0.034842 0.018093 0.011772
v -0.033180 0.019758 0.011059
v -0.037296 0.017578 0.033697
v -0.038816 0.016561 0.032244
v -0.040111 0.015694 0.030344
v -0.041074 0.015050 0.028175
v -0.041667 0.014654 0.025820
v -0.041866 0.014520 0.023371
v -0.041666 0.014654 0.020922
v -0.041073 0.015050 0.018567
v -0.040111 0.015694 0.016396
v -0.038816 0.016560 0.014494
v -0.037238 0.017616 0.012932
v -0.035438 0.018822 0.011772
v -0.033485 0.020129 0.011059
v -0.037944 0.018797 0.033694
v -0.039634 0.018096 0.032242
v -0.041075 0.017499 0.030344
v -0.042145 0.017056 0.028175
v -0.042804 0.016782 0.025820
v -0.043025 0.016691 0.023371
v -0.042803 0.016782 0.020922
v -0.042143 0.017055 0.018567
v -0.041074 0.017498 0.016396
v -0.039635 0.018095 0.014494
v -0.037881 0.018823 0.012932
v -0.035881 0.019652 0.011772
v -0.033710 0.020552 0.011059
v -0.038344 0.020119 0.033694
v -0.040138 0.019763 0.032242
v -0.041669 0.019457 0.030344
v -0.042806 0.019232 0.028176
v -0.043505 0.019093 0.025821
v -0.043739 0.019045 0.023372
v -0.043503 0.019092 0.020923
v -0.042803 0.019231 0.018568
v -0.041667 0.019456 0.016396
v -0.040139 0.019761 0.014494
v -0.038277 0.020130 0.012933
v -0.036155 0.020553 0.011772
v -0.033850 0.021012 0.011059
f 4 2 1
f 8 6 5
f 13 15 14
f 17 19 18
f 32 30 29
f 36 34 33
f 37 39 38
f 21 23 20
f 25 27 24
f 41 43 42
f 48 46 45
f 52 50 49
f 53 55 54
f 60 58 57
f 29 62 61
f 66 64 63
f 67 6 68
f 72 70 69
f 76 74 73
f 77 79 78
f 81 83 82
f 59 86 85
f 88 90 89
f 96 94 93
f 100 98 97
f 101 103 102
f 106 34 87
f 108 115 107
f 117 36 118
f 124 126 125
f 131 129 128
f 132 134 133
f 142 140 139
f 148 60 147
f 144 127 124
f 149 151 150
f 156 154 153
f 159 158 157
f 116 164 105
f 171 169 168
f 174 173 172
f 179 181 180
f 186 188 187
f 194 196 195
f 199 139 198
f 206 208 207
f 213 211 210
f 202 214 201
f 96 216 54
f 92 43 44
f 97 246 100
f 250 229 228
f 252 58 253
f 258 256 255
f 260 229 259
f 110 112 113
f 114 263 109
f 265 267 266
f 56 270 269
f 274 249 250
f 185 63 64
f 280 278 276
f 285 283 157
f 288 211 212
f 141 92 46
f 289 175 176
f 148 105 106
f 312 170 171
f 238 42 43
f 318 160 317
f 310 308 307
f 241 325 324
f 160 240 317
f 47 307 308
f 108 315 164
f 345 86 119
f 348 350 349
f 356 358 357
f 355 353 352
f 363 32 362
f 149 150 176
f 364 253 365
f 366 368 367
f 183 371 63
f 163 161 160
f 209 101 208
f 378 165 166
f 379 381 380
f 383 3 4
f 284 386 385
f 387 389 388
f 391 229 249
f 73 397 396
f 405 407 406
f 203 411 410
f 414 413 412
f 1 357 4
f 277 131 275
f 254 57 58
f 358 415 351
f 417 386 408
f 401 192 420
f 419 127 143
f 421 182 422
f 103 302 409
f 428 368 174
f 380 359 356
f 62 266 323
f 140 431 430
f 357 351 348
f 356 379 380
f 415 403 434
f 437 436 435
f 438 440 439
f 188 450 449
f 452 454 453
f 265 181 421
f 224 64 225
f 237 213 427
f 275 128 458
f 281 460 459
f 50 79 461
f 73 282 281
f 468 466 465
f 390 352 359
f 482 484 483
f 489 487 486
f 493 495 494
f 472 470 469
f 502 500 499
f 220 222 223
f 512 143 66
f 518 511 80
f 513 230 286
f 205 31 244
f 189 451 188
f 163 532 8
f 533 225 251
f 446 447 412
f 335 540 334
f 544 546 545
f 329 291 292
f 199 262 238
f 385 416 550
f 532 191 247
f 363 118 243
f 236 237 250
f 578 580 579
f 573 571 570
f 561 562 272
f 241 259 240
f 590 592 591
f 545 595 594
f 503 155 504
f 606 624 623
f 478 480 479
f 646 648 647
f 590 689 684
f 564 651 650
f 728 184 727
f 714 716 715
f 692 575 693
f 541 581 578
f 346 248 400
f 161 230 160
f 128 94 95
f 698 704 703
f 574 576 575
f 290 401 328
f 630 725 726
f 733 735 734
f 755 496 493
f 759 481 760
f 757 762 761
f 764 466 467
f 768 3808 3809
f 759 488 489
f 492 475 771
f 474 769 473
f 773 465 772
f 771 486 483
f 484 775 491
f 774 489 486
f 495 764 756
f 495 761 494
f 137 784 136
f 325 797 547
f 165 51 52
f 369 29 370
f 730 568 569
f 90 301 89
f 243 516 242
f 800 806 805
f 817 808 816
f 816 823 822
f 306 447 807
f 815 809 808
f 829 828 825
f 726 501 502
f 274 424 423
f 879 881 880
f 884 879 885
f 219 217 211
f 906 904 897
f 455 205 542
f 898 830 829
f 903 880 881
f 906 897 898
f 377 519 165
f 923 948 946
f 946 951 950
f 3519 739 3517
f 900 886 880
f 225 65 144
f 182 442 422
f 809 947 824
f 954 962 961
f 927 965 966
f 885 880 886
f 925 966 967
f 343 341 340
f 965 971 968
f 968 970 969
f 972 969 973
f 963 981 978
f 336 338 339
f 992 827 828
f 810 996 959
f 1007 1002 1008
f 1012 827 1009
f 1011 1007 1008
f 294 292 291
f 907 920 919
f 1017 1019 1018
f 1020 1022 1021
f 1035 1020 1044
f 1061 1047 1046
f 1063 1046 1062
f 1044 1021 1045
f 1102 1097 1109
f 1116 1118 1117
f 1016 1014 1013
f 881 904 903
f 816 1127 817
f 1094 949 1097
f 514 167 515
f 146 81 82
f 1133 1130 1129
f 1102 1126 822
f 822 1116 816
f 1145 1148 1136
f 1076 1151 1069
f 1148 1086 1087
f 1109 1114 1136
f 1154 1156 1155
f 1153 967 1156
f 3464 463 3714
f 1144 1152 1151
f 1156 1163 1162
f 1164 1169 1165
f 1145 1176 1147
f 1114 1154 1171
f 1183 1164 1177
f 1184 1177 1185
f 1069 1062 1064
f 1023 1194 1022
f 1162 1170 1169
f 1195 1185 1191
f 1183 1176 1155
f 1201 1152 1196
f 1061 1201 1202
f 3825 843 3836
f 1203 1195 1034
f 1202 1184 1195
f 1218 1203 1217
f 1060 1202 1203
f 1225 1217 1219
f 671 694 670
f 1219 1024 1035
f 1217 1034 1024
f 1226 1015 1227
f 1243 1234 1233
f 1231 1229 1228
f 847 1233 843
f 843 1244 878
f 1233 1245 1244
f 1923 233 216
f 2100 499 500
f 3914 2135 3900
f 61 323 505
f 210 217 457
f 1299 1309 1300
f 3863 1231 3862
f 1066 1321 1322
f 1322 1228 1229
f 1060 1321 1047
f 1325 1323 1310
f 1244 1332 1330
f 1290 1242 1288
f 1337 1339 1338
f 1330 1340 1339
f 1341 1245 1294
f 1342 1332 1341
f 1343 1341 1344
f 1344 1294 1293
f 3857 1345 1346
f 1347 1342 1343
f 3856 1295 1345
f 1349 1348 1347
f 3861 1347 3853
f 3853 1343 3857
f 906 829 1353
f 905 1353 1354
f 865 1355 1357
f 1355 829 825
f 1357 825 826
f 1356 1353 1355
f 3834 1338 3833
f 866 1356 865
f 1358 1354 1356
f 3828 1337 3834
f 838 1012 841
f 1363 1338 1339
f 1368 1339 1340
f 1348 1340 1342
f 1371 3824 3829
f 524 526 523
f 528 530 527
f 1372 1369 1371
f 535 537 538
f 1367 1348 1350
f 1370 1359 1369
f 1369 3833 3824
f 1373 903 904
f 555 557 558
f 1374 910 1373
f 1373 905 1375
f 1374 1375 1376
f 1375 1354 1370
f 1378 908 1377
f 376 651 1387
f 1388 973 969
f 586 588 585
f 1390 1388 1391
f 1391 969 970
f 597 599 596
f 600 602 603
f 1392 970 979
f 608 610 607
f 612 523 611
f 614 616 613
f 617 25 24
f 620 622 619
f 1397 1391 1392
f 1398 1392 1399
f 1400 920 1378
f 1402 1165 1169
f 636 638 635
f 930 1402 929
f 641 643 644
f 929 1169 1170
f 1404 1403 1402
f 1411 1365 1406
f 1412 1415 1414
f 652 654 655
f 609 657 658
f 659 661 662
f 558 586 585
f 665 667 664
f 1413 1406 1412
f 1418 3810 3813
f 1417 1371 1416
f 1416 3829 3810
f 1419 1416 1418
f 1386 1374 1420
f 677 679 676
f 1385 1420 1421
f 1420 1376 1422
f 685 687 688
f 1421 1422 1423
f 528 691 658
f 1422 1372 1417
f 1018 747 1425
f 699 701 702
f 1424 579 1017
f 3663 1767 3660
f 700 711 712
f 1093 3754 1571
f 717 530 719
f 721 723 720
f 704 3543 3554
f 19 1426 1430
f 1429 1427 1426
f 1658 3542 3544
f 1439 1434 1438
f 1437 1435 1434
f 1426 1433 1432
f 1442 1432 1440
f 742 744 745
f 1432 1441 1440
f 751 753 750
f 1438 1403 1405
f 1446 1444 1443
f 1447 1446 1443
f 3860 1443 3848
f 1415 1445 1446
f 1414 1446 1448
f 2173 469 470
f 777 779 686
f 780 782 783
f 1676 1806 1675
f 3859 1349 3861
f 789 791 788
f 745 793 742
f 652 795 653
f 1455 1457 1456
f 1454 1350 1452
f 610 802 801
f 3831 698 703
f 1352 1045 1351
f 1015 1459 1460
f 811 813 814
f 2118 3817 2117
f 819 821 818
f 1466 1194 1190
f 1467 1465 1466
f 1182 1468 1467
f 832 833 831
f 835 837 834
f 1467 1190 1182
f 1469 1444 1445
f 840 712 690
f 1453 1469 1454
f 599 845 846
f 1226 3849 3855
f 851 853 850
f 855 856 854
f 858 860 857
f 861 863 864
f 1014 3855 3858
f 867 868 869
f 870 872 873
f 874 876 877
f 1310 1471 1309
f 1476 1427 1475
f 1461 1475 1460
f 887 889 890
f 788 892 891
f 894 896 893
f 1460 1227 1015
f 901 524 612
f 1465 1477 1464
f 1865 3500 1864
f 911 913 914
f 916 918 915
f 1850 3507 1851
f 921 895 894
f 1479 1436 1478
f 926 667 601
f 1481 563 1480
f 269 84 1482
f 931 933 916
f 934 614 869
f 936 688 937
f 938 662 939
f 1484 122 123
f 941 835 834
f 320 509 510
f 1849 3505 1850
f 84 1484 83
f 1487 1488 539
f 1757 3502 3509
f 365 1491 364
f 461 80 511
f 117 362 1496
f 1494 541 1495
f 926 957 958
f 1477 1433 1476
f 1709 1585 1700
f 119 1496 345
f 271 504 156
f 511 189 186
f 345 1492 365
f 255 344 254
f 57 299 132
f 1501 268 1500
f 267 1499 145
f 974 976 977
f 1678 1693 1676
f 3846 1807 3840
f 557 663 558
f 983 984 985
f 1443 3849 3848
f 421 268 265
f 989 991 988
f 1490 418 1504
f 279 309 310
f 997 676 679
f 998 999 875
f 1504 38 1505
f 1506 1507 1486
f 360 1508 1506
f 1506 207 360
f 939 1006 938
f 270 1483 269
f 66 546 512
f 1010 793 935
f 367 437 1509
f 244 363 243
f 1670 3534 1669
f 209 1510 226
f 235 1512 1511
f 1511 234 235
f 388 426 425
f 427 250 237
f 161 521 231
f 100 45 44
f 1025 608 1027
f 1029 1031 1028
f 939 1033 1032
f 41 594 99
f 1036 783 1037
f 702 1038 1039
f 1040 1042 1043
f 362 369 1493
f 187 477 186
f 70 539 198
f 1511 1521 234
f 1049 603 1048
f 613 869 614
f 860 1051 857
f 1005 1053 1006
f 753 1056 1054
f 1057 1059 1055
f 293 1522 292
f 288 1521 1522
f 292 1523 329
f 331 1508 1524
f 306 453 305
f 100 41 99
f 462 78 79
f 330 1524 462
f 635 1068 636
f 1485 1526 1528
f 206 1528 1510
f 1070 1072 831
f 942 1073 1074
f 916 1075 917
f 440 1530 439
f 157 1514 285
f 1529 5 1530
f 371 546 63
f 790 663 791
f 1077 857 1078
f 1403 1435 1165
f 1080 1082 1079
f 531 1529 440
f 21 1084 1085
f 272 1531 561
f 137 396 397
f 690 802 691
f 335 3567 581
f 1090 1029 1091
f 1092 794 1042
f 1533 137 138
f 661 1095 1096
f 69 445 72
f 1099 1101 1098
f 38 1536 1505
f 1104 1106 1103
f 852 1108 853
f 1377 909 1386
f 291 411 294
f 316 516 33
f 539 1533 534
f 1505 316 313
f 1110 1112 1113
f 1539 460 264
f 522 1537 1539
f 834 1120 1119
f 1122 1124 1121
f 612 1041 901
f 935 615 614
f 276 130 131
f 1686 3522 1685
f 193 1541 273
f 231 1540 287
f 556 982 557
f 365 85 345
f 190 318 1541
f 1810 3574 3528
f 3924 3512 3791
f 1132 985 1131
f 208 102 132
f 1134 662 661
f 1491 80 77
f 429 1542 147
f 1137 915 918
f 172 428 174
f 1139 1141 1142
f 549 54 55
f 1517 1518 296
f 976 1146 938
f 834 984 941
f 1543 286 115
f 1544 239 513
f 133 1544 1542
f 506 257 258
f 420 328 401
f 1158 1160 1157
f 587 1103 588
f 1513 1514 151
f 607 1027 608
f 304 1545 303
f 364 77 506
f 69 198 139
f 1006 976 938
f 700 1112 701
f 3877 3525 3787
f 1166 657 656
f 1167 858 1077
f 1300 3524 1299
f 1172 1174 1175
f 218 200 217
f 1179 1181 1178
f 372 97 98
f 89 227 88
f 1186 1188 1189
f 172 1517 1549
f 1482 81 1498
f 1090 1193 1030
f 394 353 1551
f 526 1198 1197
f 811 858 812
f 1199 1026 1025
f 606 697 696
f 1204 1206 743
f 1207 523 526
f 1209 867 613
f 914 685 936
f 1478 1441 1477
f 1029 1161 1091
f 1211 1213 1214
f 3858 1451 3859
f 844 1216 845
f 423 273 274
f 1220 1222 1083
f 22 1224 23
f 882 897 881
f 1519 173 387
f 1189 1232 1178
f 349 550 416
f 1071 1236 1072
f 1237 1239 745
f 1221 1189 1240
f 1510 1512 333
f 939 1241 1005
f 1556 5 67
f 1553 394 1551
f 404 67 347
f 1247 1249 1246
f 142 238 92
f 1251 635 1250
f 850 1253 851
f 1254 1077 1255
f 57 133 429
f 443 552 551
f 1187 1175 1188
f 1256 831 833
f 432 382 383
f 741 747 746
f 434 351 415
f 349 383 348
f 251 1481 1480
f 395 352 353
f 1518 1550 1551
f 1558 378 340
f 109 314 315
f 285 1513 407
f 395 393 392
f 202 410 1558
f 417 405 432
f 1246 1258 1247
f 3 297 2
f 1259 1261 1262
f 403 347 284
f 955 953 952
f 462 51 330
f 1096 687 1263
f 429 60 57
f 896 1265 932
f 1267 1268 1266
f 423 327 420
f 37 180 40
f 20 1187 1186
f 1256 1071 1070
f 155 156 504
f 1188 1269 1232
f 1236 1271 1262
f 1272 535 621
f 565 463 464
f 1273 745 1239
f 876 1255 1274
f 316 164 315
f 437 503 1509
f 194 1495 197
f 1275 864 863
f 624 631 630
f 1277 1137 1278
f 569 567 566
f 1481 125 366
f 324 547 326
f 1279 1107 1280
f 1525 329 1523
f 1281 1137 918
f 171 1553 1552
f 1488 396 1533
f 1557 1562 1559
f 1282 1206 1205
f 1053 1278 1281
f 778 607 1283
f 713 3566 3569
f 251 144 124
f 4 348 383
f 709 707 706
f 728 45 246
f 261 1563 544
f 789 1287 790
f 74 263 282
f 403 385 434
f 1178 1240 1189
f 1223 1289 1224
f 158 150 151
f 1220 1186 1221
f 296 354 433
f 784 1538 1566
f 1181 1291 1222
f 1269 1257 1246
f 1566 438 399
f 136 1566 1564
f 1563 169 1565
f 107 109 108
f 1297 1298 1296
f 1464 1476 1461
f 1520 507 508
f 1301 1303 1304
f 1306 1308 1305
f 175 1532 272
f 1532 200 201
f 1311 1312 1313
f 872 1315 1316
f 1317 1318 1319
f 3836 878 3828
f 1305 864 1276
f 1040 863 1320
f 1564 399 169
f 592 1575 591
f 591 1088 689
f 1581 1583 1582
f 1196 1147 1176
f 710 583 713
f 285 408 386
f 953 961 963
f 1594 1589 1593
f 1585 1587 1586
f 1592 1590 1589
f 3885 944 3899
f 1600 1598 1597
f 1604 1602 1601
f 1399 979 980
f 1589 1596 1595
f 1610 1608 1607
f 298 361 360
f 551 276 277
f 1627 3814 3819
f 859 818 860
f 1078 1328 1329
f 1555 1530 1556
f 572 680 681
f 772 776 774
f 977 918 917
f 404 392 393
f 1054 750 753
f 1644 1643 1642
f 932 1082 933
f 1067 1334 1068
f 1540 264 114
f 597 643 1336
f 471 762 470
f 1642 3831 3842
f 1644 3842 3843
f 923 950 927
f 96 548 95
f 520 522 521
f 445 443 442
f 849 848 842
f 480 755 493
f 1646 481 1639
f 311 1567 170
f 464 3497 3495
f 3497 1361 3495
f 234 236 235
f 190 192 191
f 153 152 149
f 231 286 230
f 1552 1551 1550
f 760 1648 488
f 3832 1649 3830
f 828 826 825
f 52 166 165
f 1663 1661 1660
f 287 115 286
f 668 670 669
f 634 640 639
f 553 559 554
f 118 33 516
f 492 491 490
f 3552 1651 3553
f 582 584 583
f 384 392 415
f 1381 1383 1380
f 1562 435 436
f 952 951 947
f 3529 583 584
f 1660 1667 1666
f 1394 1396 1393
f 1660 1664 1663
f 1671 1669 1668
f 1624 1673 1672
f 1407 1409 1410
f 1677 1675 1674
f 1613 1677 1625
f 1679 1676 1677
f 1626 3811 3814
f 534 198 539
f 176 150 159
f 803 734 800
f 400 191 192
f 65 143 144
f 3526 1656 3540
f 402 157 283
f 629 627 626
f 461 49 50
f 758 495 756
f 796 786 785
f 406 1513 1560
f 342 166 167
f 1694 1658 1695
f 1692 1694 1696
f 3557 1652 3552
f 3921 1703 3923
f 326 302 90
f 3916 1702 1706
f 3919 1698 1701
f 1699 3927 3918
f 1557 1560 1561
f 1127 1117 1128
f 400 289 346
f 1706 1707 1708
f 1707 1599 1600
f 1709 1708 1588
f 1714 1711 1713
f 3919 1709 1700
f 1704 1577 1703
f 1716 1713 1715
f 1559 1549 297
f 1722 1720 1719
f 1335 596 1489
f 410 377 378
f 973 1163 972
f 168 399 398
f 1571 1089 1093
f 1572 682 1571
f 749 647 754
f 1730 1723 1729
f 1594 1729 1592
f 1729 1591 1592
f 1731 1730 1583
f 1384 1377 1379
f 1732 1712 1714
f 1724 1731 1732
f 1712 1731 1580
f 1722 1732 1733
f 1721 1733 1734
f 1734 1716 1717
f 1735 1736 1697
f 1733 1714 1716
f 1663 1741 1668
f 1742 1740 1743
f 1738 1737 1735
f 1665 1666 1740
f 1665 1744 1664
f 1725 1746 1745
f 1591 1745 1590
f 1590 1747 1596
f 1745 1748 1747
f 1659 3538 3542
f 3287 3545 3282
f 1185 1182 1190
f 1664 1749 1741
f 1741 1739 1738
f 1746 1743 1748
f 1726 1742 1746
f 1153 924 925
f 1115 1153 1154
f 1654 3575 1655
f 1896 3549 1686
f 1720 1744 1726
f 1721 1749 1720
f 1750 1701 1698
f 1697 1750 1696
f 1151 1063 1062
f 1751 1670 1671
f 1695 1752 1751
f 961 986 981
f 1770 1768 1767
f 1766 1593 1765
f 1731 1579 1580
f 1579 1774 1578
f 3928 1771 3929
f 1764 3928 3917
f 1777 1775 1774
f 3762 1699 1700
f 1004 1128 1003
f 1774 1771 1772
f 987 1399 980
f 1578 1772 1764
f 1783 1781 1778
f 1597 1770 1767
f 639 3895 3884
f 3928 1769 1770
f 1793 1789 1788
f 3929 1798 1769
f 3508 3773 1806
f 1802 3924 3922
f 1788 1794 1793
f 1793 1795 1776
f 3773 1675 1806
f 1584 1783 1789
f 1771 3920 3929
f 1801 1798 1800
f 1768 1798 1799
f 1775 1797 1771
f 508 515 1520
f 1796 1802 1797
f 1800 3920 3922
f 1794 1804 1795
f 3532 1752 3547
f 485 1807 775
f 3809 1640 768
f 3837 1810 1653
f 485 1640 1808
f 1690 3770 3772
f 487 1648 1811
f 3839 1816 3822
f 3838 1648 3830
f 3839 1811 3838
f 1812 487 1811
f 1641 767 768
f 465 755 776
f 767 3823 3808
f 3822 3826 3847
f 1809 1815 767
f 3837 1651 3840
f 675 3541 3496
f 1814 1822 1821
f 1821 3821 3820
f 1824 1649 1825
f 1827 1850 1805
f 1668 1662 1663
f 1779 1848 1828
f 1790 1805 1794
f 1833 1853 1852
f 3521 693 575
f 1614 1616 1617
f 1852 3498 3501
f 1620 1622 1623
f 1855 1574 1861
f 1847 3501 3513
f 1766 1855 1782
f 1629 1631 1628
f 1633 1634 1632
f 1635 1637 1638
f 1848 1852 1847
f 1855 1863 1862
f 1803 1867 1802
f 1862 1831 1832
f 1782 1862 1781
f 3922 1865 1800
f 1873 1870 1869
f 1874 799 804
f 2045 3897 2044
f 1219 1295 1225
f 1615 1396 1395
f 3884 1877 1876
f 645 3786 3559
f 1345 1035 1346
f 634 3884 3880
f 15 1327 14
f 3910 1878 1893
f 1894 605 1893
f 3506 627 693
f 3560 645 3559
f 340 454 1558
f 1897 195 1898
f 1889 1877 1890
f 1901 129 1900
f 196 754 232
f 1705 3921 3916
f 340 166 343
f 1570 563 561
f 1904 194 1897
f 1781 1832 1780
f 1905 55 1906
f 1000 995 996
f 986 920 987
f 1191 1190 1194
f 2094 2075 2093
f 1920 1919 1915
f 453 1912 1911
f 1915 1918 1916
f 3882 2106 3901
f 1655 3531 1868
f 1916 1926 1925
f 704 3561 703
f 278 1925 1900
f 3565 1818 1820
f 1097 1115 1114
f 1927 727 1923
f 3578 3654 3758
f 1920 307 1929
f 1929 48 728
f 503 1497 1509
f 1902 787 796
f 1816 3820 3826
f 1925 1923 1924
f 1535 1568 1534
f 254 258 255
f 1509 366 367
f 119 35 36
f 219 293 294
f 141 47 431
f 542 244 245
f 1940 430 431
f 1779 1827 1790
f 1701 3915 3919
f 1661 3515 1667
f 270 754 647
f 197 749 196
f 1727 1212 1211
f 53 232 754
f 1465 1479 1478
f 1284 3854 1293
f 1951 412 413
f 168 1554 1553
f 1486 206 207
f 506 78 361
f 994 1007 993
f 951 963 964
f 1013 3861 1351
f 3826 1820 1818
f 1498 1954 1482
f 299 543 132
f 1754 1756 1753
f 1681 1683 1682
f 1696 1695 1697
f 13 738 737
f 473 475 474
f 482 768 1640
f 204 30 205
f 1761 820 819
f 611 1125 612
f 1501 1908 1909
f 1074 711 699
f 1960 82 83
f 120 1960 123
f 35 87 34
f 1773 1025 1031
f 1965 1569 1535
f 494 471 479
f 1966 1969 1968
f 446 1971 1967
f 174 125 126
f 1580 1578 1577
f 1785 1787 1784
f 1972 304 305
f 1254 875 999
f 1973 342 514
f 321 1973 509
f 1910 275 1907
f 509 514 508
f 1486 1527 1485
f 1974 804 1975
f 1977 1974 1978
f 1980 1966 1981
f 379 2 295
f 1718 1710 1701
f 884 992 883
f 1680 1678 1679
f 902 525 524
f 344 256 299
f 135 137 136
f 236 228 333
f 448 1967 1966
f 589 604 584
f 910 908 907
f 1981 1968 1987
f 1982 1987 1979
f 1988 1987 1989
f 1990 1989 1991
f 1991 1993 1992
f 322 320 319
f 992 830 883
f 1144 1086 1143
f 1995 1978 1994
f 1133 1118 1126
f 1997 1994 1996
f 870 1335 1489
f 805 1982 1998
f 727 2000 1999
f 1996 1988 1990
f 1994 1979 1988
f 1829 792 1273
f 1830 941 983
f 798 800 799
f 729 731 730
f 2011 2023 2022
f 1834 846 1159
f 402 284 347
f 2022 2024 2025
f 1838 989 988
f 810 952 809
f 1823 1840 644
f 1430 1432 1431
f 1215 1841 1079
f 149 176 177
f 1316 873 872
f 2112 1384 2106
f 1842 1844 1845
f 1159 845 1160
f 837 1846 1120
f 1971 2030 2027
f 517 370 189
f 858 833 812
f 1471 2027 1888
f 3551 626 627
f 2174 770 490
f 935 1854 1010
f 1613 1611 1618
f 1231 1225 1295
f 1856 891 892
f 1300 748 741
f 1150 1858 1859
f 1643 696 1642
f 1215 1264 1216
f 1320 902 901
f 1956 1944 1960
f 2031 669 1474
f 2034 1310 1299
f 1879 1656 1657
f 40 242 39
f 1992 2039 1456
f 888 957 889
f 1882 1996 1990
f 1078 1255 1077
f 1871 1192 1090
f 294 218 219
f 1323 2026 1471
f 123 83 1484
f 1324 2041 1323
f 384 359 352
f 1324 2038 2036
f 1883 1885 1829
f 287 114 107
f 1096 1134 661
f 915 931 916
f 806 1981 1982
f 3533 584 604
f 1425 2042 1018
f 1018 1948 1017
f 3562 740 3519
f 1948 649 646
f 1881 1990 1991
f 1900 130 278
f 992 994 993
f 923 925 924
f 3878 2047 3876
f 1643 625 606
f 2050 2051 2049
f 2045 1404 2047
f 3876 945 3885
f 1139 1079 1841
f 1037 892 982
f 2055 2057 2056
f 1198 718 717
f 1619 1612 1611
f 2058 1606 2059
f 2059 1607 2058
f 2058 1624 1605
f 71 179 37
f 405 1557 382
f 976 1006 977
f 322 1972 1911
f 2061 2063 2062
f 2066 2067 1825
f 2052 2064 2051
f 1609 2066 1647
f 1515 152 1516
f 1009 993 1007
f 1644 3815 2118
f 279 1916 278
f 1285 3862 1284
f 1647 1825 1649
f 2056 2067 2065
f 319 1953 1952
f 667 1913 1914
f 2070 625 2048
f 2052 2055 2063
f 2038 1655 1458
f 1606 2073 2072
f 1235 1270 1236
f 2072 2075 2074
f 2059 2072 2062
f 2074 2077 2076
f 1601 2078 2073
f 2049 1643 1645
f 1000 1001 994
f 1089 684 689
f 1931 1306 1930
f 1462 1021 1022
f 1932 1934 1935
f 875 1846 998
f 1936 1937 1938
f 44 46 92
f 1534 1956 120
f 1541 317 391
f 2081 2084 2083
f 146 1959 300
f 1360 1942 1361
f 985 1032 1033
f 1995 1892 2043
f 2079 2082 2081
f 2095 2076 2077
f 2081 2078 2079
f 2055 2054 2053
f 501 2095 500
f 2097 2099 2098
f 2098 2094 2083
f 2140 3893 3866
f 2141 3894 3893
f 2051 2048 2049
f 592 2101 1576
f 2071 2076 2096
f 2102 2098 2101
f 593 2102 592
f 1019 746 747
f 1950 12 1327
f 725 2096 501
f 1385 2104 1379
f 1379 2106 1384
f 2107 2100 2097
f 3908 502 3896
f 3896 499 3901
f 940 2109 944
f 928 1170 973
f 3868 684 3899
f 1962 1964 1961
f 3878 573 3897
f 2039 1968 1969
f 1389 2110 2109
f 1398 2113 1397
f 3757 3753 3743
f 3911 2107 2103
f 949 924 1115
f 260 324 326
f 1390 2113 2110
f 2070 2064 2071
f 3867 2103 593
f 2105 1421 2114
f 2114 1423 2115
f 3892 2115 3903
f 3908 2114 3892
f 554 1902 553
f 972 967 966
f 1765 1573 1574
f 1984 1986 1983
f 2053 2069 2057
f 3573 724 714
f 1625 1674 1673
f 3881 2119 2122
f 3903 2123 3904
f 56 1906 55
f 626 3879 629
f 2001 2003 2004
f 3912 2127 3907
f 2006 2008 2009
f 2127 1412 2128
f 2014 2016 2017
f 2018 2020 2021
f 1495 1947 197
f 1379 1386 1385
f 3814 1680 1618
f 2029 1884 2028
f 3902 2120 3887
f 629 3914 3872
f 682 943 1089
f 724 2121 716
f 1757 3821 3845
f 765 3844 3809
f 3851 715 3852
f 706 3870 3872
f 981 987 980
f 1457 1656 1880
f 2017 2032 2033
f 1458 1868 1457
f 1776 1792 1793
f 1959 1946 1958
f 3663 3725 3661
f 3913 2122 3850
f 1093 689 1088
f 966 968 972
f 3852 3881 3913
f 2172 2170 2171
f 670 2137 669
f 3761 1903 233
f 1429 28 1449
f 964 978 971
f 3841 1413 2127
f 1473 669 2137
f 3834 1359 1358
f 2138 1870 2137
f 1872 2137 1870
f 715 3888 3881
f 1881 1992 1880
f 3843 739 740
f 1837 3513 3514
f 253 59 85
f 1808 3840 1807
f 1647 3818 1609
f 3865 671 668
f 2112 3883 2111
f 1405 2044 1438
f 3829 1364 1366
f 273 391 249
f 576 3520 3555
f 3875 668 2031
f 1430 2140 2139
f 2136 3860 28
f 1430 18 19
f 3893 570 695
f 1442 2046 2141
f 1431 2141 2140
f 3869 3850 2136
f 3808 1817 766
f 3866 695 671
f 2142 798 2138
f 571 2142 694
f 3819 1618 1611
f 2143 2025 2142
f 694 2138 670
f 681 2144 572
f 2144 2022 2143
f 328 457 290
f 1572 2011 2144
f 630 3903 624
f 2085 2087 2088
f 2090 2092 2089
f 572 2143 571
f 1875 2153 2149
f 1873 2149 2154
f 2103 2097 2102
f 2157 2155 2156
f 2128 1414 2120
f 3874 589 582
f 3872 628 629
f 2149 2158 2159
f 2159 3905 3890
f 698 3902 705
f 3823 3827 1817
f 2158 3874 3905
f 1438 2046 1439
f 2035 2160 2161
f 2161 3889 3886
f 3871 605 589
f 3873 18 3875
f 370 61 451
f 649 413 648
f 2153 2156 2158
f 1428 1449 1450
f 1490 73 1488
f 3890 710 633
f 2155 3891 3871
f 1456 1880 1992
f 2125 2087 2124
f 2160 3890 3889
f 300 505 323
f 1064 1046 1065
f 2043 1891 2155
f 2129 2004 2003
f 2131 2133 2134
f 3848 1450 1449
f 1998 804 805
f 3879 3864 3914
f 474 490 770
f 1164 1182 1177
f 707 3909 3870
f 708 2162 707
f 2162 3886 3909
f 548 1905 458
f 1145 1114 1171
f 705 1650 704
f 2043 1977 1995
f 737 554 559
f 1034 1191 1023
f 458 1907 275
f 195 232 233
f 2040 1969 1970
f 2145 2147 2148
f 2054 2049 1645
f 3832 1639 3818
f 9 11 10
f 252 506 258
f 472 479 471
f 1865 3791 3503
f 900 910 907
f 1941 2151 1942
f 1921 1927 1919
f 2163 1898 2116
f 271 153 178
f 1904 12 9
f 282 264 460
f 1872 2154 2035
f 1326 1897 2163
f 628 693 627
f 1724 1719 1723
f 1549 436 172
f 1582 1730 1729
f 1921 1929 1928
f 3563 10 11
f 2152 1950 1949
f 475 774 771
f 769 2171 473
f 2171 476 473
f 476 772 475
f 1791 464 1760
f 2166 2168 2169
f 595 372 98
f 483 1641 482
f 762 2173 470
f 771 484 492
f 486 1809 483
f 297 1517 296
f 763 2174 762
f 776 759 489
f 184 2176 2000
f 412 303 414
f 2005 185 224
f 3811 1682 3846
f 2164 756 764
f 1472 2161 2162
f 950 964 965
f 2177 2179 2180
f 227 1510 333
f 764 467 2164
f 2182 2184 2181
f 2186 2018 2185
f 1985 2181 1986
f 214 729 1531
f 1545 1546 1569
f 865 842 866
f 849 1357 1362
f 452 1558 454
f 559 3188 737
f 16 737 3188
f 560 498 374
f 3193 3195 3194
f 3200 3198 3199
f 3211 3213 3212
f 3215 3217 3216
f 2187 2002 2001
f 2169 2189 2190
f 2192 2085 2191
f 2193 2195 2196
f 2198 2200 2197
f 1998 1979 1975
f 3664 3668 3671
f 2116 1903 1902
f 1859 2009 1150
f 3904 2126 3906
f 1135 1087 1130
f 2201 2015 2014
f 1149 110 1858
f 3221 3218 3215
f 2203 2205 2206
f 579 1895 1019
f 1755 2208 1756
f 3891 1893 605
f 1211 2150 1727
f 868 2210 2209
f 944 930 940
f 2130 2202 2201
f 233 1898 195
f 665 750 666
f 1167 999 618
f 2211 2213 2214
f 2215 2217 2218
f 3867 590 3868
f 2220 220 2219
f 823 948 1094
f 3225 3227 3226
f 266 455 265
f 3882 2107 3883
f 2221 3519 3517
f 2223 2225 2226
f 2207 2124 2208
f 673 3869 3864
f 817 996 815
f 2227 2146 2145
f 1947 646 749
f 3900 17 3873
f 2229 1638 1381
f 1679 1618 1680
f 1637 2232 2230
f 2233 1617 1616
f 2231 2236 2237
f 1381 2238 1382
f 3586 2242 3587
f 1630 2233 1631
f 1681 472 469
f 1408 2243 2244
f 3236 3238 3237
f 3232 3240 3235
f 1637 2238 1638
f 3237 3233 3234
f 1409 1634 2245
f 1380 2247 2246
f 1628 2245 1621
f 2249 1622 1633
f 1632 1408 2244
f 2248 1631 2250
f 2235 1637 1636
f 3245 3199 3198
f 631 2071 725
f 515 52 49
f 782 2251 1251
f 2253 2255 2252
f 397 459 784
f 1456 2040 1455
f 2040 2036 1455
f 1401 2111 1398
f 2041 1970 2026
f 1535 414 1965
f 1586 2080 2079
f 2256 1132 1886
f 1700 3918 3919
f 3815 1686 3817
f 1263 1886 1096
f 598 844 599
f 2257 2259 2260
f 2258 2262 2259
f 2259 2263 2216
f 2260 2216 2215
f 1967 1970 1969
f 2212 1963 2213
f 922 2218 2217
f 1312 1101 2264
f 1307 1286 789
f 1548 1546 1972
f 2266 2268 2265
f 2265 2270 2269
f 2272 2269 2271
f 2273 2265 2272
f 2275 2277 2274
f 2278 2277 2279
f 2284 3617 3639
f 2287 2286 2281
f 2288 2283 2287
f 2290 3639 3620
f 2291 2293 2294
f 2295 2294 2279
f 2296 2291 2295
f 2297 2292 2291
f 2294 2299 2300
f 2279 2300 2278
f 2298 2302 2292
f 2292 2303 2293
f 2293 2304 2299
f 2304 2306 2299
f 2306 2300 2299
f 2308 2310 2307
f 2302 2310 2303
f 2301 2307 2302
f 2312 2307 2311
f 2313 2315 2316
f 2318 2320 2317
f 3748 2322 2323
f 2324 2273 2326
f 2313 2326 2327
f 2328 2313 2316
f 2329 2324 2328
f 2331 2333 2330
f 2330 2267 2266
f 2325 2266 2273
f 2329 2330 2325
f 2333 2335 2267
f 2336 2333 2332
f 2338 2332 2337
f 2331 2337 2332
f 2329 2339 2331
f 2328 2340 2329
f 2316 2341 2328
f 2342 2315 2343
f 2344 2346 2347
f 2341 2347 2340
f 2342 2344 2341
f 2348 2345 2344
f 2350 2352 2353
f 2339 2353 2337
f 2340 2350 2339
f 2347 2351 2350
f 2337 2354 2338
f 2353 2355 2354
f 2356 2276 2357
f 2356 2358 2359
f 2356 2296 2295
f 2279 2356 2295
f 2360 2270 2268
f 2267 2360 2268
f 2362 2364 2365
f 2362 2361 2358
f 2366 2358 2357
f 2366 2363 2362
f 2357 2368 2366
f 2366 2369 2367
f 2276 2370 2368
f 2368 2282 2369
f 2372 2374 2371
f 2375 2377 2007
f 2378 2380 2381
f 2382 2381 2383
f 2384 2378 2382
f 2385 2379 2378
f 2388 2390 2387
f 2387 2392 2391
f 2393 2387 2391
f 2394 2388 2387
f 2186 2402 2400
f 2403 2327 2326
f 2272 2326 2273
f 2271 2403 2272
f 2405 2404 2403
f 2404 2408 2327
f 2409 2411 2412
f 2409 2271 2269
f 2413 2269 2270
f 2413 2410 2409
f 2417 2416 2418
f 2417 2406 2405
f 2412 2405 2271
f 2411 2417 2412
f 2406 2407 2404
f 3569 632 713
f 2420 2397 2421
f 2420 2423 2422
f 2424 2422 2419
f 2424 2398 2420
f 2425 2392 2426
f 2421 2426 2423
f 2397 2425 2421
f 2396 2391 2425
f 2427 2315 2314
f 2427 2408 2428
f 2430 2428 2429
f 2343 2427 2430
f 2432 2430 2431
f 2431 2429 2433
f 2435 2433 2434
f 2436 2431 2435
f 2428 2407 2437
f 2422 2407 2419
f 2438 2422 2423
f 2429 2437 2438
f 2440 2433 2439
f 2441 2433 2429
f 2442 2439 2441
f 2443 2440 2439
f 2445 2444 2443
f 2447 2443 2442
f 2383 2445 2447
f 2381 2446 2445
f 2448 2423 2426
f 2449 2426 2392
f 2441 2449 2442
f 2441 2438 2448
f 2449 2390 2450
f 2450 2389 2451
f 2447 2451 2383
f 2442 2450 2447
f 2451 2453 2452
f 2452 2455 2454
f 2382 2454 2384
f 2383 2452 2382
f 2456 2373 2372
f 2459 2461 2458
f 2463 2465 2462
f 2462 2285 2284
f 2466 2284 2290
f 2467 2462 2466
f 2461 3703 3701
f 2468 2470 2471
f 2472 2471 2473
f 2474 3701 3688
f 2475 2477 2478
f 2458 2453 2479
f 2479 2389 2388
f 2395 2479 2388
f 2480 2458 2479
f 2481 2483 2478
f 2484 2485 221
f 2471 2464 2463
f 2473 2463 2467
f 2487 2466 2486
f 2486 2290 2488
f 2490 2488 2489
f 2491 2486 2490
f 2492 2467 2487
f 2493 2487 2491
f 2494 2492 2493
f 2495 2473 2492
f 3690 2474 3688
f 3691 2496 3690
f 2498 2493 2499
f 2500 2499 2501
f 3700 2498 2500
f 3687 2494 2498
f 2306 2278 2300
f 2305 2504 2306
f 2504 2507 2506
f 2506 2288 2508
f 2274 2508 2275
f 2278 2506 2274
f 3633 2489 2488
f 3620 2488 2290
f 2507 2289 2288
f 2505 2509 2507
f 2508 2287 2511
f 2511 2281 2280
f 2370 2280 2282
f 2275 2511 2370
f 2512 2489 2513
f 2514 2513 2515
f 2517 2514 2516
f 2517 2490 2512
f 2499 2491 2517
f 2499 2516 2501
f 2510 2519 2518
f 2518 2521 2520
f 3616 2520 3621
f 3632 2518 3616
f 2522 2303 2310
f 2523 2310 2309
f 2305 2522 2524
f 2524 2523 2525
f 2519 2525 2521
f 2505 2524 2519
f 2308 2527 2526
f 2526 2529 2528
f 2531 2528 2530
f 2309 2526 2531
f 1214 2151 1211
f 2419 2418 2424
f 2533 2349 2317
f 2534 2317 2320
f 2535 2533 2534
f 2536 2345 2533
f 2537 2346 2536
f 2538 2536 2535
f 2539 2537 2538
f 2540 2351 2537
f 2312 2541 2527
f 2527 2542 2529
f 2543 2434 2544
f 2545 2544 2546
f 2319 2543 2545
f 2318 2435 2543
f 2514 2548 2547
f 2547 2550 2549
f 2552 2549 2551
f 2552 2514 2547
f 2520 2554 2553
f 2553 2556 2555
f 3590 2555 3593
f 3621 2553 3590
f 2523 2531 2557
f 2557 2530 2558
f 2525 2557 2559
f 2559 2558 2560
f 2554 2560 2556
f 2521 2559 2554
f 2561 2007 2006
f 2376 2225 2377
f 2564 2566 2563
f 2563 338 2567
f 2569 2567 2568
f 2570 2563 2569
f 2572 2574 2571
f 2571 2576 2575
f 2544 2575 2546
f 2544 2572 2571
f 2578 2569 2577
f 2579 2569 2568
f 2574 2579 2576
f 2573 2577 2574
f 2581 2583 2580
f 2584 2583 2585
f 3697 2580 2584
f 3676 2580 3675
f 2582 2552 2583
f 2583 2551 2585
f 2500 2589 2588
f 2590 2589 2591
f 3693 2588 2590
f 3695 2500 2588
f 2501 2591 2589
f 2592 2594 2595
f 2386 2503 2502
f 2596 2386 2374
f 2596 2373 2597
f 2599 2597 2598
f 2599 2379 2596
f 2600 2380 2599
f 2600 2598 2601
f 2603 2601 2602
f 2603 2446 2600
f 2604 2602 2605
f 2440 2605 2434
f 2444 2604 2440
f 2606 2581 2607
f 2606 2590 2591
f 2591 2582 2606
f 3676 2456 3689
f 3689 2372 3693
f 2478 2608 2481
f 2609 2611 2199
f 2564 2613 2612
f 2612 2598 2597
f 2457 2597 2373
f 2565 2612 2457
f 2614 2570 2578
f 2615 2578 2573
f 2602 2614 2615
f 2601 2613 2614
f 2572 2605 2616
f 2616 2602 2615
f 2573 2616 2615
f 1459 1045 1021
f 1265 1079 1082
f 1612 1609 1611
f 2067 2069 2068
f 1135 1136 1148
f 1938 2618 2617
f 95 458 128
f 2058 1608 1612
f 1454 1445 1367
f 655 1048 2619
f 722 2621 723
f 1131 1033 1134
f 562 366 1497
f 1723 1725 1591
f 1786 1122 1787
f 267 323 266
f 1325 1654 2038
f 1468 1435 1479
f 658 529 528
f 8 247 7
f 382 1559 3
f 788 1307 789
f 940 929 928
f 911 2623 912
f 2621 655 654
f 2624 2625 2626
f 998 27 26
f 635 2626 2625
f 2627 644 1840
f 2628 1840 2629
f 1200 2627 2628
f 1199 641 2627
f 1520 49 477
f 1452 1349 1451
f 2630 1859 1858
f 644 1335 1823
f 1197 717 2632
f 2632 719 1166
f 2628 1166 1200
f 2629 2632 2628
f 1762 1050 821
f 1823 873 1839
f 2634 794 652
f 1028 1027 1161
f 1042 2635 1043
f 93 1901 1924
f 2036 1458 1455
f 1527 1525 1526
f 877 1274 1277
f 134 797 1544
f 1328 931 1329
f 607 1091 1161
f 1043 2637 2636
f 2636 2639 2638
f 1275 2638 1276
f 1275 1043 2636
f 1272 2626 2640
f 2640 638 637
f 1110 2640 637
f 536 2640 2641
f 1472 1474 1473
f 2042 1951 649
f 1058 1105 1059
f 2642 2643 2644
f 1192 2644 1193
f 912 2642 1192
f 3898 3526 3786
f 1049 2620 2621
f 616 1885 613
f 1331 666 750
f 990 1198 525
f 1911 321 322
f 1298 1205 2645
f 76 1504 75
f 1502 421 422
f 610 658 691
f 1146 659 938
f 2646 914 936
f 1280 1238 1279
f 975 2647 2648
f 2647 975 974
f 1453 1452 1451
f 1514 158 151
f 835 1843 1842
f 1271 1173 1289
f 2649 813 2650
f 1893 1826 1894
f 1050 1937 1051
f 2651 814 813
f 1006 1281 977
f 2653 2654 2655
f 1001 1003 1002
f 585 679 558
f 2624 621 620
f 555 2028 556
f 1207 1197 2629
f 1626 478 472
f 426 419 1567
f 1030 1773 1031
f 3898 634 3880
f 534 138 262
f 1125 1042 1041
f 333 88 227
f 569 561 730
f 1489 871 870
f 1857 620 891
f 1673 3770 3763
f 622 864 1308
f 2647 974 2657
f 619 891 620
f 261 545 262
f 393 1556 404
f 2658 2647 2657
f 1075 2657 917
f 1081 2658 1075
f 1080 2659 2658
f 2644 1141 2660
f 2660 1140 1336
f 642 1336 643
f 1193 2660 642
f 679 555 558
f 1503 1500 1502
f 1318 1101 1100
f 2661 1139 1142
f 2661 2663 2662
f 2662 2659 2661
f 2662 2622 2664
f 2664 911 2646
f 2648 2646 1146
f 2648 2662 2664
f 2083 2093 2081
f 1442 1437 1439
f 519 330 51
f 1885 1209 613
f 799 805 804
f 1946 1952 1953
f 1302 1253 1252
f 566 224 533
f 1389 928 1388
f 683 681 680
f 836 1842 2665
f 2665 1845 1303
f 2666 1303 1302
f 24 2665 2666
f 831 2650 832
f 1845 1304 1303
f 2010 2012 2011
f 1051 2667 2668
f 1522 1511 1523
f 531 441 522
f 782 1251 1250
f 1250 2625 2669
f 2669 1857 1856
f 783 1856 1037
f 782 2669 783
f 720 2671 721
f 1055 1930 1056
f 1333 1251 2251
f 619 1308 1307
f 652 2619 2634
f 521 1539 1540
f 1838 537 2672
f 2672 536 2641
f 1113 2641 1110
f 1113 1838 2672
f 1016 1351 1045
f 3897 570 3894
f 226 104 101
f 3564 3827 1818
f 1036 1884 1883
f 2674 1304 2673
f 2673 1844 2675
f 1334 2675 1039
f 1333 2673 1334
f 2676 1039 2675
f 1843 2675 1844
f 942 2676 1843
f 1074 702 2676
f 811 859 858
f 752 1055 753
f 1200 656 1026
f 1120 874 2677
f 2677 877 1052
f 1241 1052 1005
f 1119 2677 1241
f 1560 151 1515
f 1208 611 523
f 215 736 214
f 1460 1462 1461
f 1208 1839 873
f 854 1282 1297
f 72 182 179
f 544 1565 512
f 217 456 457
f 2047 930 945
f 1204 1937 2633
f 913 686 685
f 840 1113 1112
f 1531 730 561
f 2678 1283 801
f 601 1914 602
f 1537 459 460
f 1819 3509 3527
f 991 862 538
f 2679 1073 1830
f 2680 983 2256
f 779 2256 1263
f 778 2680 779
f 2678 1830 2680
f 180 245 40
f 1886 1131 1134
f 1138 1274 1255
f 1841 1140 1139
f 75 314 74
f 193 420 192
f 2681 1099 1098
f 170 1565 169
f 349 417 432
f 1121 2684 2683
f 547 409 302
f 123 121 120
f 2643 1142 1141
f 1542 513 1543
f 899 907 919
f 1210 676 867
f 791 982 892
f 24 837 836
f 893 932 931
f 1860 863 862
f 535 862 861
f 832 813 812
f 2650 813 832
f 1569 1547 1568
f 181 542 180
f 660 937 688
f 2013 568 2012
f 887 2631 2630
f 1524 361 78
f 520 162 1529
f 2653 854 2685
f 1238 2655 2686
f 718 527 530
f 1492 518 1491
f 792 615 793
f 599 1835 596
f 290 456 175
f 312 1552 425
f 1248 1179 1249
f 153 177 178
f 1240 1222 1221
f 1257 1235 1071
f 1291 1083 1222
f 1052 1277 1053
f 743 2618 1204
f 444 430 443
f 23 1172 1187
f 2687 1180 1179
f 102 409 134
f 1283 610 801
f 373 650 651
f 1180 1084 1291
f 855 2655 1237
f 1173 1917 1174
f 2689 853 2688
f 2688 1108 1279
f 2686 1279 1238
f 2687 2688 2686
f 2691 1252 2690
f 2690 850 2689
f 1248 2689 2687
f 1248 2691 2690
f 2692 24 2666
f 2691 2666 1302
f 1247 2692 2691
f 1258 617 2692
f 394 1555 393
f 2693 1259 1223
f 1072 1262 1261
f 1257 1168 1258
f 398 1555 1554
f 871 1314 872
f 1178 1249 1179
f 1224 1173 1172
f 1010 2618 742
f 1175 1292 1269
f 2654 2686 2655
f 2694 1216 1264
f 71 1487 70
f 701 1111 1038
f 1072 2649 2650
f 1085 22 21
f 895 1264 896
f 1601 1605 1604
f 1259 1271 1289
f 21 1220 1083
f 988 538 537
f 598 1336 1140
f 820 1762 821
f 1050 818 821
f 1298 1761 2652
f 1168 618 617
f 858 1256 833
f 39 516 1536
f 2652 819 814
f 313 315 314
f 2026 1971 2027
f 2656 596 1835
f 814 818 811
f 2696 813 2649
f 1260 2649 1261
f 2693 2696 1260
f 2697 2651 2696
f 381 390 380
f 3818 1611 1609
f 1475 1428 1227
f 1292 1917 1235
f 1551 354 1518
f 1526 1523 1511
f 1593 1595 1573
f 1232 1246 1249
f 2695 1223 22
f 2698 1296 2697
f 2698 2693 2695
f 2685 2695 1085
f 2685 1297 2698
f 562 271 272
f 2652 1296 1298
f 1365 1364 1363
f 1958 1953 1957
f 585 2210 997
f 1561 1515 435
f 975 1146 976
f 347 68 346
f 1038 636 1068
f 2700 780 2699
f 2699 1036 1883
f 2701 1883 1829
f 851 2699 2701
f 2674 2251 2702
f 2702 781 2700
f 1253 2700 851
f 1301 2702 1253
f 1519 388 1550
f 1273 1280 2703
f 2703 1107 852
f 2701 852 851
f 1829 2703 2701
f 91 326 90
f 1784 2656 1785
f 2683 2705 2704
f 604 3499 3533
f 1669 3548 1662
f 2062 2060 2059
f 621 861 622
f 2023 732 2024
f 686 1263 687
f 857 2668 1328
f 883 882 879
f 637 1111 1110
f 2668 893 1328
f 2667 894 2668
f 1039 1068 1334
f 313 1504 1505
f 1911 305 453
f 1936 1964 2212
f 2707 2401 2183
f 2708 2183 2182
f 738 2116 554
f 2349 2432 2436
f 2711 2020 2019
f 2400 2019 2186
f 2714 2716 2713
f 2717 2719 2720
f 2721 2723 2724
f 2726 2728 2725
f 2725 2730 2729
f 2731 2729 2709
f 2732 2725 2731
f 2734 2736 2733
f 2738 2740 2737
f 2737 2741 2742
f 2744 2746 2743
f 2745 2748 2747
f 2749 2747 2751
f 2753 2751 2752
f 2250 2246 2248
f 2754 1614 2755
f 3598 2755 3609
f 3608 2747 3609
f 1617 2755 1614
f 2242 1620 2757
f 2191 2760 2759
f 2761 2760 2762
f 3648 2761 3649
f 3623 2759 3648
f 3209 3223 3224
f 1395 2236 2235
f 1395 1636 1615
f 1616 2229 2233
f 1617 2763 2756
f 2756 3628 3608
f 2765 2234 1630
f 2766 3628 3622
f 3202 3246 3247
f 1516 435 1515
f 2768 3552 3553
f 1495 578 1424
f 2135 28 17
f 3526 2773 2774
f 1690 3926 3925
f 2778 2780 2777
f 2777 2781 2782
f 2784 2777 2783
f 3555 575 576
f 1494 9 540
f 3529 2015 3566
f 451 505 450
f 2786 2788 2785
f 2779 2785 2780
f 2789 2741 2740
f 2790 2752 2789
f 2792 2794 2791
f 2793 2796 2794
f 2796 2750 2749
f 2794 2749 2753
f 2798 1396 2754
f 3591 2754 3598
f 2798 2800 1393
f 3591 2799 2798
f 2797 2795 2801
f 2791 2753 2790
f 216 232 54
f 3804 2807 3803
f 3805 2804 3803
f 2769 3557 3552
f 183 184 97
f 2811 2775 2776
f 2804 2776 2805
f 2809 2811 2804
f 2812 2813 2814
f 3805 2816 3795
f 3796 2815 3795
f 3798 2820 2821
f 3793 2819 3798
f 2824 2735 2819
f 2823 2824 2819
f 2825 2826 2724
f 3793 2827 3792
f 3796 2826 3792
f 2713 2829 2828
f 2828 2831 2830
f 2822 2828 2830
f 2821 2713 2828
f 2832 2822 2830
f 2833 2830 2831
f 2834 2832 2833
f 2835 2827 2832
f 2837 2839 2836
f 2836 2841 2840
f 2842 2840 2727
f 2843 2836 2842
f 2840 2845 2844
f 2718 2845 2719
f 2730 2844 2718
f 2727 2844 2728
f 2846 2719 2845
f 2846 2841 2847
f 2829 2847 2831
f 2829 2716 2846
f 2847 2839 2848
f 2848 2838 2849
f 2833 2849 2834
f 2831 2848 2833
f 2850 2851 2852
f 2853 2852 2854
f 2783 2782 2855
f 2785 2853 2856
f 2780 2856 2781
f 2857 2855 2782
f 2859 2782 2781
f 2861 2842 2860
f 2860 2727 2726
f 2862 2726 2732
f 2863 2860 2862
f 2861 2858 2857
f 2843 2857 2859
f 2856 2854 2864
f 2781 2864 2859
f 2837 2859 2864
f 2838 2864 2854
f 2852 2834 2849
f 2854 2849 2838
f 2865 2818 2835
f 2851 2835 2834
f 2813 2815 2865
f 2814 2865 2851
f 2866 2814 2850
f 2788 2850 2853
f 2866 2787 2867
f 2812 2867 2775
f 1892 1890 1891
f 2720 2846 2870
f 298 256 257
f 2872 2713 2820
f 3794 2735 2734
f 2729 2874 2873
f 2846 2715 2870
f 2876 2878 2875
f 2733 2878 2734
f 3806 2879 2880
f 3806 2872 3794
f 2882 2884 2881
f 2881 2715 2714
f 2880 2714 2872
f 2879 2881 2880
f 2885 2887 2888
f 2888 2890 2885
f 2885 2892 2891
f 2893 2885 2891
f 1942 2532 2894
f 2895 2720 2870
f 2884 2870 2715
f 2883 2895 2884
f 2896 2892 2895
f 2889 2717 2890
f 2890 2720 2892
f 2897 2891 2896
f 2898 2896 2883
f 2899 2883 2882
f 2900 2882 2879
f 3797 2879 3807
f 2876 2901 2877
f 2901 2904 2903
f 1785 1835 1834
f 2905 2899 2900
f 2907 2897 2898
f 3797 2903 3799
f 632 577 633
f 3532 2867 2787
f 434 550 350
f 2768 3640 3643
f 2910 1623 2249
f 2241 2758 2242
f 3640 2913 3652
f 1623 2757 1620
f 3587 2757 3652
f 2229 1380 2250
f 2765 1629 2914
f 2915 1629 2912
f 3642 2914 2915
f 3641 2765 2914
f 2919 3642 3613
f 2918 2912 2241
f 3614 2241 3586
f 3618 3613 3670
f 3541 2180 3496
f 3521 2188 3506
f 3705 714 3851
f 2925 2917 2924
f 2924 2916 2919
f 3610 2919 3618
f 3611 2924 3610
f 2926 2766 2925
f 3658 2925 3611
f 1715 1705 1710
f 785 498 796
f 1387 565 1791
f 374 1899 560
f 3573 2206 3556
f 2929 2886 2893
f 2932 2934 2931
f 1905 1908 1907
f 2930 2936 2937
f 2938 2930 2929
f 1493 517 518
f 1603 1586 1602
f 2939 2929 2908
f 2940 2908 2907
f 3665 1600 3661
f 2886 2937 2887
f 2906 2898 2899
f 2908 2893 2897
f 2942 2933 2941
f 2941 2937 2936
f 3501 2936 3513
f 3498 2941 3501
f 2943 2710 2873
f 2943 2874 2889
f 2945 2889 2888
f 2946 2943 2945
f 2932 2888 2887
f 2931 2945 2932
f 727 1929 728
f 2903 2947 2948
f 545 42 262
f 1480 533 251
f 2907 2949 2940
f 2906 2950 2949
f 1558 215 202
f 3799 2948 3801
f 2054 1644 2118
f 3705 2203 3573
f 1828 1849 1827
f 2953 2955 2952
f 2952 2957 2956
f 2956 2258 2952
f 2953 2258 2257
f 2454 2474 2496
f 3747 2959 3766
f 3747 2131 3737
f 2961 2963 2958
f 2958 2964 2959
f 222 2485 2965
f 2477 2966 2608
f 2631 2006 1859
f 2384 2496 2497
f 2967 2959 2964
f 2968 2970 2969
f 3759 2971 3784
f 3784 2960 3766
f 2972 2033 2032
f 2007 2973 2008
f 3560 2134 2133
f 1836 1832 1831
f 3506 2090 3551
f 955 959 956
f 672 674 673
f 633 713 632
f 2024 733 803
f 2025 803 798
f 425 1550 388
f 2975 888 887
f 1319 1157 2694
f 1212 2977 1213
f 889 2228 2227
f 1978 1975 1979
f 1138 1329 915
f 751 2979 2978
f 1619 1625 1624
f 2252 1728 1727
f 1157 845 1216
f 2706 1938 2617
f 2980 2254 2981
f 2982 887 2630
f 802 711 2679
f 678 2029 2028
f 527 690 528
f 1839 2629 1840
f 2983 602 1914
f 2983 1913 1331
f 2985 1331 1054
f 2986 2983 2985
f 2987 2635 2634
f 2985 2639 2986
f 2990 1318 2989
f 2991 2993 2994
f 2995 2994 2996
f 1106 2991 2995
f 1058 2992 2991
f 1415 1365 1367
f 1317 2217 2997
f 1932 2255 2980
f 926 2999 664
f 3001 2992 3000
f 3000 1057 2978
f 2999 2978 2979
f 2998 3000 2999
f 3002 2209 3003
f 3002 2996 2994
f 2993 3002 2994
f 3001 2998 3002
f 1103 2995 3004
f 3004 2996 3003
f 2209 3004 3003
f 588 3004 2210
f 295 433 381
f 2638 2988 3005
f 3005 1056 1930
f 1305 1930 1306
f 1276 3005 1305
f 1987 1993 1989
f 2633 1761 2645
f 1423 1417 1419
f 3561 739 703
f 2671 2704 2705
f 1473 2035 1472
f 922 2694 895
f 1401 1378 1384
f 556 1884 1037
f 842 3825 3836
f 1854 2617 1010
f 933 1081 1075
f 1440 1436 1437
f 529 719 530
f 1031 1027 1028
f 777 912 1871
f 2645 1204 2633
f 441 1538 1537
f 790 587 586
f 2065 1610 1607
f 1860 990 902
f 60 87 59
f 1424 1948 1947
f 332 1507 331
f 261 138 135
f 187 449 507
f 1719 1726 1725
f 1931 1059 3006
f 3006 1105 1104
f 1287 1104 587
f 1286 3006 1287
f 3007 3009 3010
f 3009 653 795
f 618 26 25
f 2029 1210 1209
f 957 600 2228
f 1049 2228 600
f 2631 3011 2561
f 890 2227 3011
f 3011 2145 3012
f 2561 3012 2375
f 1026 609 608
f 2706 1961 1964
f 3013 2485 3014
f 2148 1267 3015
f 3015 1266 1311
f 2997 1101 1317
f 642 1773 1193
f 186 461 511
f 1041 1320 901
f 1121 3017 1122
f 2984 2987 3018
f 3018 2634 2619
f 1048 3018 2619
f 603 2984 3018
f 2679 801 802
f 2062 2074 2061
f 2061 2076 2064
f 414 1545 1965
f 3016 2683 3019
f 3019 2704 2670
f 3020 2670 720
f 3007 3019 3020
f 1871 1091 777
f 3021 1122 3017
f 3022 3017 3010
f 1314 3022 1315
f 1784 3021 1314
f 1316 1763 611
f 3023 3010 3009
f 3023 795 1092
f 1763 1092 1125
f 1315 3023 1763
f 3016 3010 3017
f 752 2978 1057
f 2986 2637 2987
f 3024 653 3008
f 3020 3008 3007
f 720 3024 3020
f 723 654 3024
f 2681 1268 3025
f 2671 1268 721
f 2705 3025 2671
f 1313 3027 1311
f 3026 3029 3027
f 3027 3030 3031
f 1311 3031 3015
f 2012 731 2023
f 917 974 977
f 743 856 744
f 1888 2030 1425
f 2682 2684 3032
f 3032 1124 2989
f 1100 2989 1318
f 1099 3032 1100
f 1123 2989 1124
f 3033 1159 1158
f 2990 1158 1319
f 1123 3033 2990
f 1786 1834 3033
f 1054 2988 2985
f 2979 664 2999
f 2623 2663 2643
f 1095 688 687
f 3034 2261 2956
f 3036 2956 2957
f 3037 3034 3036
f 3038 3035 3034
f 3040 3026 1313
f 2263 3041 3040
f 3042 3043 3041
f 3041 3028 3026
f 3044 3043 3039
f 3046 3045 3044
f 3047 3049 3045
f 3043 3049 3028
f 3038 3051 3050
f 3050 3053 3052
f 3052 3044 3050
f 3039 3050 3044
f 3054 3039 3042
f 3042 2262 3054
f 2261 3054 2262
f 2216 2997 2217
f 2212 2667 1936
f 3056 2209 3055
f 934 1961 1854
f 2013 3757 567
f 3058 3060 3061
f 3059 3063 3060
f 3060 2213 1963
f 3061 1963 1962
f 3063 2214 2213
f 3062 3064 3063
f 3065 2260 3064
f 3064 2215 2214
f 3066 3031 3030
f 2608 3067 3066
f 2966 3068 3067
f 3031 3068 3015
f 2455 2461 2474
f 2476 2226 2477
f 3551 2089 3525
f 3526 3769 3786
f 433 355 381
f 2115 1419 2123
f 3509 2922 3527
f 3769 2131 2134
f 3069 2167 2166
f 2971 2928 2960
f 2961 2773 2962
f 3070 2478 2483
f 2610 3071 2954
f 2502 2374 2386
f 3072 2595 3073
f 2964 3052 2967
f 3048 3074 3049
f 2593 3075 3074
f 3075 3029 3074
f 3074 3028 3049
f 3072 3075 2592
f 3076 2482 2481
f 2481 3066 3076
f 3076 3030 3075
f 2967 3053 2970
f 2482 3073 2483
f 479 493 494
f 706 3873 709
f 3561 2221 3517
f 2013 3754 3755
f 3533 2016 3529
f 3562 2222 2974
f 1171 1155 1176
f 2586 2565 2587
f 2982 113 2484
f 2562 3077 3068
f 2376 3012 3077
f 3012 2148 3077
f 3077 3015 3068
f 2963 3046 2964
f 3051 2970 3053
f 1683 491 775
f 3850 1447 3860
f 1986 3734 3768
f 3079 2546 2575
f 3081 2575 2576
f 1983 3768 3765
f 3082 2319 2545
f 3080 2545 2546
f 3734 3082 3080
f 3732 2323 3082
f 1309 1888 748
f 3073 2772 2771
f 2760 3084 2762
f 2760 2088 3083
f 3085 3086 3087
f 3089 3090 3088
f 3089 3084 3085
f 3092 3090 3091
f 3093 2744 2743
f 2751 2748 3093
f 3093 2752 2751
f 2742 3093 3094
f 3094 2743 3095
f 3096 3098 3087
f 3099 3087 3086
f 3097 3095 3098
f 3100 2746 3101
f 3101 3102 3100
f 2764 2927 3101
f 2745 3101 2746
f 3102 3091 3100
f 3100 3095 2743
f 2869 3592 3634
f 3102 3104 3092
f 3658 2869 3634
f 2927 3103 3102
f 3098 3091 3090
f 3087 3090 3085
f 2088 3105 3083
f 3083 3086 3084
f 2483 2771 3070
f 2401 2185 2321
f 3099 3105 3106
f 2125 3106 3105
f 3108 2742 3107
f 3107 3094 3097
f 3110 3107 3109
f 3109 3097 3096
f 3111 3096 3099
f 3112 3109 3111
f 3113 2737 3108
f 3115 2722 3114
f 3117 3114 3116
f 3119 3116 3118
f 3118 3120 3121
f 3116 3113 3120
f 3122 3111 3123
f 3122 1755 1754
f 3124 3126 3127
f 3125 3121 3126
f 3128 3118 3125
f 3129 3125 3124
f 2020 3128 3129
f 3853 1346 1352
f 1065 1047 1066
f 1814 3830 1649
f 2021 3129 3130
f 3111 3106 3123
f 3123 2207 1755
f 2377 2224 2973
f 3014 113 112
f 1756 3782 3767
f 3131 2530 2528
f 3133 2528 2529
f 1753 3767 3775
f 3134 3127 3135
f 2327 2314 2313
f 2436 2317 2349
f 2018 3711 3712
f 2534 3137 2535
f 2320 3136 2534
f 2185 3712 3771
f 3138 2542 2539
f 3134 3744 3745
f 3785 3134 3745
f 3140 2539 2538
f 2535 3140 2538
f 3711 3130 3785
f 2558 3132 3141
f 3782 3141 3132
f 2560 3141 3142
f 3760 3142 3141
f 958 2976 2981
f 1933 2980 3143
f 2399 2418 2416
f 2348 2343 2432
f 2322 2319 2323
f 2718 2874 2730
f 2709 2873 2710
f 2894 1361 1942
f 346 176 347
f 1876 1882 1881
f 2802 3607 3592
f 3104 3088 3092
f 2974 3649 3603
f 3089 2761 2762
f 3088 3145 3089
f 2803 3603 3607
f 3870 692 628
f 2123 1418 2126
f 1365 1368 1367
f 1581 1782 1783
f 3569 2129 3520
f 3555 2002 3521
f 3146 2551 3147
f 3751 3147 3750
f 3742 3146 3751
f 3149 2585 3146
f 3196 3197 3195
f 3604 2191 3623
f 3142 2556 2560
f 3777 3150 3142
f 3646 2550 3593
f 3150 2555 2556
f 3778 3151 3150
f 3788 3152 3646
f 3153 2551 2549
f 3152 2549 2550
f 3781 3153 3152
f 3776 3147 3153
f 3148 2206 2205
f 2183 2321 2184
f 2132 2928 2133
f 3684 2204 2203
f 3719 2197 3721
f 2594 2773 2951
f 2595 2951 2772
f 1870 799 1869
f 3713 2178 3706
f 3706 3736 3790
f 336 3774 3722
f 339 3154 336
f 3789 3149 3742
f 3683 2584 3149
f 2963 3048 3047
f 3722 337 336
f 339 2566 2586
f 3156 2168 2167
f 2610 2167 2611
f 2954 3156 2610
f 3157 2953 2257
f 3707 2169 3709
f 2567 3159 2568
f 337 2567 338
f 3730 2166 3707
f 3764 1983 3765
f 2579 3081 2576
f 2568 3160 2579
f 3709 2190 3764
f 3065 3162 3161
f 3161 1984 2189
f 3157 2189 2168
f 2257 3161 3157
f 734 1922 806
f 3059 2708 3163
f 3163 2182 1985
f 3162 1985 1984
f 3062 3163 3162
f 3203 3205 3204
f 2122 1448 1447
f 3817 1685 3812
f 139 444 69
f 1570 566 533
f 2957 3165 3036
f 2955 3164 2957
f 1912 341 1973
f 3130 3124 3134
f 1548 319 1547
f 1949 1327 1887
f 2969 3078 3167
f 3167 3169 3168
f 3724 2017 3720
f 3720 2033 3759
f 3168 3165 3170
f 3170 3164 3171
f 3779 3171 3756
f 3724 3170 3779
f 3171 3166 3172
f 3172 3071 3173
f 3752 3173 3749
f 3756 3172 3752
f 3169 3036 3165
f 2593 2962 2594
f 3173 2609 3174
f 3174 2199 2198
f 3783 2198 3719
f 3749 3174 3783
f 2190 1984 1983
f 2196 2767 3148
f 2119 1414 1448
f 1464 1466 1465
f 2199 3069 2200
f 2457 2587 2565
f 2226 2562 2966
f 481 1627 1639
f 333 235 236
f 3078 3037 3169
f 3040 2997 2263
f 2219 1933 2220
f 2385 2497 2503
f 221 3175 2484
f 2220 3143 3175
f 3175 2976 2975
f 2484 2975 2982
f 2954 3166 2955
f 2630 110 2982
f 1547 1952 1955
f 2091 2188 2187
f 3733 2178 2177
f 1918 1927 1926
f 3563 111 3511
f 955 960 954
f 2037 112 3563
f 3143 2981 2976
f 2218 2214 2215
f 672 3787 3541
f 2152 3014 2037
f 1147 1143 1145
f 2248 1409 2245
f 1615 1635 1616
f 1410 2246 2247
f 3241 3242 3240
f 3177 1383 1382
f 2238 3176 1382
f 3176 2230 3178
f 1410 3179 1407
f 3179 2243 1407
f 1633 2800 2249
f 1621 2758 2912
f 1622 2245 1634
f 2236 3181 3182
f 2237 3182 3183
f 2250 2233 2229
f 2912 1628 1621
f 135 1564 1563
f 1567 512 1565
f 1085 2653 2685
f 3184 868 3056
f 869 3057 934
f 1266 1098 1312
f 1267 722 721
f 937 2646 936
f 2146 722 2147
f 2211 921 2667
f 1957 507 449
f 1313 2264 3040
f 1496 1493 1492
f 2681 2705 2682
f 2887 2933 2932
f 1687 1659 1694
f 145 1498 81
f 1317 1319 2694
f 37 418 71
f 1935 3185 2977
f 104 301 103
f 2101 2083 2084
f 543 360 207
f 1934 3186 3185
f 234 212 237
f 3845 1822 1824
f 1976 1874 1974
f 223 2219 220
f 3655 3605 3612
f 468 773 2165
f 1935 1728 1932
f 3240 3226 3235
f 3261 3250 3260
f 3215 3244 3264
f 3265 3215 3264
f 3267 3198 3196
f 3205 3269 3255
f 3214 3265 3270
f 3271 3214 3192
f 3251 3239 3236
f 3222 3266 3272
f 3232 3234 3233
f 3216 3243 3244
f 3196 3268 3267
f 3244 3254 3255
f 3238 3247 3246
f 3264 3255 3269
f 3253 3216 3217
f 3211 3221 3265
f 3257 3218 3256
f 3258 3272 3259
f 3274 3280 3273
f 3228 3262 3263
f 3275 3281 3280
f 3226 3273 3280
f 3236 3260 3251
f 3281 3236 3237
f 3287 3192 3189
f 3235 3280 3234
f 3234 3281 3237
f 3288 3259 3272
f 3260 3276 3251
f 3289 3278 3284
f 3210 3224 3283
f 3199 3201 3200
f 3228 3230 3229
f 3290 3285 3286
f 3282 3271 3287
f 3260 3262 3261
f 3243 3268 3254
f 3267 3241 3232
f 3194 3208 3193
f 3191 3269 3206
f 3270 3192 3214
f 3275 3230 3231
f 3264 3270 3265
f 3252 3276 3291
f 3248 3291 3223
f 3213 3279 3277
f 3272 3289 3288
f 3277 3212 3213
f 3228 3281 3231
f 3220 3253 3219
f 3219 3217 3257
f 3256 3222 3258
f 3247 3252 3248
f 3245 3232 3233
f 3266 3212 3289
f 3208 3255 3254
f 3288 3284 3285
f 3204 3208 3207
f 560 3187 559
f 3209 3201 3202
f 3189 3191 3190
f 448 807 447
f 647 122 270
f 1833 1780 1832
f 510 508 507
f 3210 1887 3201
f 1887 3200 3201
f 15 3197 3200
f 16 3195 3197
f 3195 3187 3194
f 3194 1899 3207
f 3207 375 3204
f 387 126 127
f 3189 1760 3287
f 3577 757 758
f 763 2172 2175
f 3583 3580 3581
f 3581 3579 3578
f 3594 3596 3595
f 3400 3602 3401
f 3626 3625 3627
f 3631 3599 3601
f 3636 3595 3596
f 3647 3588 3645
f 3650 3584 3647
f 3653 3580 3651
f 3653 3654 3579
f 1801 3656 3655
f 3651 3582 3650
f 3644 3595 3637
f 1767 3659 3660
f 1597 3661 1600
f 1708 3665 3664
f 3671 3667 3666
f 3666 3673 3672
f 1588 3664 1587
f 2080 3666 2082
f 2082 3672 2084
f 3674 3635 3631
f 3677 3636 3635
f 3682 3645 3681
f 3692 3650 3686
f 3681 3644 3680
f 786 3692 785
f 3694 3651 3692
f 785 3686 497
f 497 3682 650
f 650 3681 564
f 3696 3681 3680
f 3405 3605 3402
f 3702 3678 3677
f 3699 3679 3678
f 3645 3638 3644
f 1799 3659 1768
f 3708 3458 3460
f 3462 3708 3460
f 3714 564 3696
f 3615 3602 3600
f 3710 3696 3698
f 3635 3596 3599
f 3629 3627 3630
f 3597 3599 3596
f 3630 3715 3629
f 3627 3597 3594
f 3717 3723 3718
f 3715 3660 3629
f 3716 3725 3715
f 3668 3661 3725
f 3668 3717 3667
f 3667 3718 3673
f 3727 3673 3718
f 3728 3672 3673
f 3726 3718 3723
f 1576 2084 3672
f 3727 3731 3729
f 3203 1387 3190
f 3190 1791 3189
f 3283 1949 3210
f 317 259 391
f 2000 3653 3694
f 3601 3600 3602
f 3589 3584 3585
f 3577 756 2170
f 3585 3582 3583
f 3678 3637 3636
f 3204 376 3203
f 1801 3657 1799
f 3729 3728 3727
f 1575 3738 1088
f 3735 1576 3728
f 1776 1796 1775
f 1293 1290 1284
f 1326 1327 12
f 1294 1234 1290
f 878 1330 1337
f 497 374 498
f 122 413 121
f 3699 3704 3708
f 3606 3401 3602
f 3708 3698 3699
f 3464 3710 3462
f 3704 3443 3458
f 439 399 438
f 1512 1526 1511
f 1668 1738 1671
f 839 1362 838
f 1362 826 1012
f 3843 1896 3815
f 2053 2118 2117
f 3888 2120 2119
f 696 3816 3831
f 1826 639 640
f 3740 3729 3731
f 956 886 960
f 1980 1922 807
f 33 105 164
f 1343 3856 3857
f 3907 2128 3902
f 1766 1582 1594
f 14 2163 738
f 595 99 594
f 3233 3246 3245
f 1346 1044 1352
f 748 1425 747
f 3193 3254 3268
f 3190 3206 3203
f 3612 3606 3615
f 3624 3615 3625
f 3631 3443 3674
f 3679 3644 3637
f 3686 3647 3682
f 3702 3674 3704
f 3625 3600 3597
f 3601 3415 3631
f 3739 3735 3729
f 3630 3594 3741
f 3741 3716 3630
f 1284 1288 1285
f 3698 3680 3679
f 1778 1780 1779
f 1792 1584 1789
f 695 571 694
f 3638 3594 3595
f 3741 3588 3589
f 3247 3209 3202
f 3292 3294 3295
f 3296 3298 3299
f 3299 3300 3301
f 3302 3304 3305
f 3306 3308 3309
f 3307 3311 3308
f 3303 3301 3300
f 3312 3304 3313
f 3314 3316 3317
f 3318 3320 3321
f 3324 3321 3325
f 3326 3328 3323
f 3329 3331 3332
f 3333 3335 3336
f 3337 3339 3340
f 3333 3341 3342
f 3342 3343 3344
f 3319 3344 3343
f 3338 3334 3339
f 3346 3302 3347
f 3305 3347 3302
f 3312 3223 3349
f 3350 3340 3351
f 3312 3348 3305
f 3352 3341 3326
f 3311 3354 3308
f 3341 3327 3326
f 3359 3361 3362
f 3360 3250 3249
f 3318 3345 3319
f 3364 3318 3324
f 3314 3324 3365
f 3366 3301 3346
f 3299 3367 3296
f 3308 3368 3309
f 3369 3295 3294
f 3317 3364 3314
f 3370 3317 3316
f 3325 3365 3324
f 3352 3319 3343
f 3296 3353 3311
f 3297 3311 3310
f 3363 3354 3345
f 3345 3353 3344
f 3344 3367 3342
f 3366 3342 3367
f 3347 3334 3346
f 3339 3348 3340
f 3348 3351 3340
f 3363 3369 3368
f 3294 3368 3369
f 3293 3309 3294
f 3331 3374 3332
f 3346 3333 3366
f 3323 3352 3326
f 3356 3321 3320
f 3355 3325 3321
f 3357 3371 3325
f 3322 3320 3352
f 3361 3329 3362
f 3373 3375 3374
f 3374 3376 3332
f 3329 3376 3362
f 3327 3372 3328
f 3336 3375 3327
f 3335 3376 3375
f 3376 3337 3362
f 3337 3359 3362
f 3359 3276 3250
f 3377 3295 3370
f 3277 3315 3278
f 3371 3379 3365
f 3378 3358 3380
f 3365 3315 3314
f 3316 3279 3370
f 3282 3370 3279
f 3313 3224 3312
f 3378 3284 3379
f 3380 3285 3378
f 3379 3278 3315
f 3276 3351 3291
f 3291 3349 3223
f 3313 2965 3013
f 2965 3303 222
f 222 3300 223
f 223 3298 3186
f 3298 3185 3186
f 3297 2977 3185
f 3310 1213 2977
f 3307 1214 1213
f 2532 3306 3293
f 2894 3293 3292
f 2871 3292 3377
f 3253 3240 3242
f 3283 3013 2152
f 1997 1889 1892
f 1237 744 855
f 1535 120 121
f 1531 201 214
f 1119 1032 984
f 946 824 947
f 163 5 162
f 3589 3723 3741
f 1155 1162 1164
f 427 327 424
f 553 796 498
f 3381 2231 2237
f 3381 2230 2232
f 2237 3180 3381
f 3383 3385 3382
f 3384 3387 3385
f 3386 3389 3387
f 3388 3391 3389
f 3392 3394 3395
f 3395 3396 3397
f 3398 3397 3396
f 3400 3399 3398
f 3403 3405 3402
f 3406 3404 3403
f 3408 3407 3406
f 3410 3409 3408
f 3412 3411 3410
f 3415 3398 3414
f 3414 3396 3416
f 3416 3394 3417
f 3417 3393 3418
f 3393 3420 3418
f 3419 3421 3420
f 3390 3422 3421
f 3388 3423 3422
f 3386 3424 3423
f 3384 3425 3424
f 3425 3426 3184
f 2904 3428 2947
f 3429 2904 2902
f 3430 2902 2876
f 2875 3430 2876
f 3432 2733 2736
f 2825 3435 2824
f 3437 3439 3436
f 3441 3436 3440
f 2724 3434 2825
f 3436 3115 3117
f 3440 3117 3119
f 3443 3414 3442
f 3442 3416 3444
f 3444 3417 3445
f 3445 3418 3446
f 3446 3420 3447
f 3420 3448 3447
f 3421 3449 3448
f 3422 3450 3449
f 3423 3451 3450
f 3424 3452 3451
f 3425 3056 3452
f 3451 2253 2252
f 3450 2252 1727
f 3449 1727 2150
f 3448 2150 1941
f 3453 3448 1941
f 3454 3447 3453
f 3455 3446 3454
f 3456 3445 3455
f 3442 3456 3457
f 3443 3457 3458
f 3459 3458 3457
f 3457 3455 3459
f 3459 3454 3461
f 3462 3459 3461
f 3461 3453 3463
f 3464 3461 3463
f 3463 1941 1360
f 3404 3401 3405
f 3407 3399 3404
f 3409 3397 3407
f 3411 3395 3409
f 3465 3413 3412
f 3467 3469 3466
f 3465 3431 3433
f 3470 3466 3465
f 3438 3432 3435
f 3467 3438 3437
f 3468 3437 3441
f 3471 3468 3472
f 3472 3441 3473
f 3473 3440 2712
f 2712 3119 3128
f 3475 3472 3474
f 3474 3473 3476
f 3476 2712 2711
f 3477 2711 2400
f 3478 3476 3477
f 3479 3474 3478
f 3392 3413 3480
f 3466 3480 3413
f 3419 3392 3480
f 3390 3480 3391
f 3469 3391 3480
f 3389 3471 3475
f 3387 3475 3479
f 3385 3479 3481
f 3482 2400 2402
f 3483 3477 3482
f 3481 3478 3483
f 3484 2402 2707
f 3058 2707 2708
f 3061 3484 3058
f 3485 3482 3484
f 3382 3481 3486
f 3486 3483 3485
f 3426 3382 3487
f 3487 3486 1962
f 3486 3061 1962
f 1961 3487 1962
f 3057 3426 3487
f 3428 3402 3488
f 3427 3403 3428
f 3429 3406 3427
f 3430 3408 3429
f 3431 3410 3430
f 3470 3433 3432
f 3434 3438 3435
f 2723 3439 3434
f 2875 3433 3431
f 2736 3435 3432
f 2947 3488 3500
f 3464 1360 3497
f 1900 1924 1901
f 1736 1718 1750
f 1955 1943 1956
f 1671 1735 1751
f 1696 1698 1692
f 1800 1864 1801
f 2063 2056 2060
f 1737 1717 1736
f 1751 1697 1695
f 943 3899 684
f 3656 3402 3605
f 1577 1764 1703
f 3917 1599 3923
f 1945 82 1944
f 68 7 248
f 147 1543 148
f 1109 1133 1102
f 1503 1907 1908
f 1499 1909 1498
f 452 735 215
f 1824 3835 3845
f 1825 2068 1824
f 1463 1022 1194
f 841 1009 1011
f 1568 1955 1534
f 1926 1927 1923
f 1910 1502 1939
f 1939 422 442
f 309 1940 308
f 1804 1866 1803
f 269 1954 56
f 2065 2060 2056
f 3812 1758 3835
f 280 552 1940
f 1875 1869 1874
f 1739 1734 1737
f 1778 1790 1788
f 310 1915 279
f 1909 1906 1954
f 1789 1778 1788
f 978 980 979
f 1584 1731 1583
f 425 311 312
f 148 115 116
f 2044 3894 2046
f 277 1939 551
f 1943 1945 1944
f 1461 1463 1464
f 2253 3056 3055
f 2981 3489 958
f 2209 3489 3055
f 2254 3055 3489
f 2998 958 3489
f 2826 2721 2724
f 3490 2721 2817
f 2816 3490 2817
f 2334 2296 2335
f 2298 2334 2336
f 2301 2336 2338
f 2311 2338 2354
f 2312 2354 2355
f 2359 2361 2360
f 2335 2359 2360
f 2414 2365 2364
f 2413 2361 2365
f 2355 2540 2541
f 2541 2539 2542
f 2722 2739 2738
f 3114 2738 3113
f 3110 3121 3120
f 3108 3120 3113
f 3122 3127 3126
f 3112 3126 3121
f 3127 1753 3135
f 3139 2529 2542
f 3744 3133 3139
f 3490 2740 2739
f 3491 2789 3490
f 228 91 88
f 245 243 242
f 248 247 191
f 2 296 295
f 145 300 267
f 327 210 328
f 329 331 330
f 250 228 236
f 239 240 230
f 373 375 374
f 178 176 175
f 1218 1228 1321
f 3862 1295 3854
f 808 824 823
f 3858 1013 1014
f 3813 1411 1413
f 2154 2159 2160
f 3845 1758 1757
f 306 1922 452
f 2157 1976 1977
f 708 2031 1474
f 1450 1227 1428
f 1672 1605 1624
f 1813 1821 1816
f 1717 1715 1718
f 176 402 347
f 1710 3916 3915
f 1712 1577 1711
f 1705 1711 1704
f 971 979 970
f 822 1094 1102
f 2909 2793 2792
f 2810 2795 2793
f 2799 2249 2800
f 3662 2910 2799
f 2769 2801 2795
f 3177 3178 3179
f 3178 3180 3179
f 3181 1393 2800
f 3181 1632 3182
f 3182 2244 3183
f 3183 2243 3180
f 3492 2790 3491
f 2808 3491 2816
f 2239 3572 2240
f 1149 3571 3570
f 1150 3567 3571
f 2202 3566 2015
f 2921 3565 2923
f 3568 2133 2928
f 1777 1759 1792
f 1201 1183 1184
f 3561 2195 2194
f 3553 2770 2768
f 3927 1687 1692
f 1516 154 503
f 3549 2974 2803
f 3550 2779 2778
f 2771 3575 3546
f 3070 3546 3558
f 3547 2775 2867
f 1376 1370 1372
f 2767 3556 2206
f 2195 3543 2767
f 2775 3542 2776
f 3377 3545 2871
f 3804 3539 2806
f 2776 3538 2805
f 2240 3535 2920
f 2920 3669 3619
f 3548 2786 2779
f 1805 1851 1804
f 3534 2787 2786
f 2951 3540 3531
f 2772 3531 3575
f 2973 3530 3536
f 2224 3537 3530
f 1957 320 510
f 306 304 303
f 2770 3528 2913
f 2913 3574 2239
f 2923 3527 2922
f 308 431 47
f 207 132 543
f 1879 1881 1880
f 3733 3525 2089
f 2475 3558 3524
f 2476 3524 3523
f 2223 3523 3537
f 3522 2803 2802
f 2037 11 1950
f 1959 450 505
f 2003 3520 2129
f 9 334 540
f 2009 3518 3567
f 2008 3536 3518
f 3877 673 3879
f 3515 2778 2784
f 2935 3513 2936
f 111 3570 3511
f 3510 2935 2938
f 683 3885 943
f 3508 2810 2909
f 736 732 729
f 1795 1803 1796
f 3505 2938 2939
f 3507 2939 2940
f 2950 3504 2949
f 2940 3504 3507
f 3801 3512 2950
f 2868 3502 2869
f 2869 3522 2802
f 1024 1023 1020
f 3500 2948 2947
f 551 442 443
f 2972 3568 2928
f 2032 3499 2972
f 216 1924 1923
f 203 201 200
f 1828 1847 1837
f 1958 449 450
f 272 178 175
f 2871 3495 1361
f 3619 3564 2921
f 2801 3643 3662
f 2005 3654 2176
f 960 899 962
f 3657 3612 3624
f 3780 3646 3151
f 3151 3593 2555
f 2193 3623 2194
f 3607 3145 3144
f 3603 2761 3145
f 3592 3144 3104
f 2926 3634 3103
f 3634 3104 3103
f 3755 3746 3753
f 566 3758 2005
f 3488 1864 3500
f 1602 2079 2078
f 2868 3611 2922
f 2922 3610 2923
f 2923 3618 2921
f 3670 2918 3614
f 3619 3614 2920
f 2921 3670 3619
f 2920 3586 2240
f 3613 2915 2918
f 2917 3622 3641
f 2916 3641 3642
f 2239 3652 2913
f 2911 3652 2757
f 3643 2911 2910
f 2797 3662 3591
f 2797 3598 2750
f 3622 2763 2765
f 3608 2764 2745
f 2194 3648 2221
f 2221 3649 2222
f 2756 3609 2755
f 2750 3609 2747
f 3669 1817 3827
f 3763 1691 1699
f 2515 3590 2548
f 2548 3593 2550
f 2513 3632 3616
f 2513 3621 2515
f 2509 3620 2289
f 2510 3633 2509
f 2289 3639 2283
f 2283 3617 2286
f 2240 3587 2239
f 3659 3624 3626
f 716 3887 3888
f 727 3761 1923
f 2165 2170 2164
f 3660 3626 3629
f 3743 3578 3757
f 2175 769 770
f 2100 2095 2099
f 3758 3757 3578
f 640 3568 1826
f 1653 3553 1651
f 1895 3530 746
f 746 3537 741
f 1653 3528 3576
f 3762 1604 1672
f 2093 2073 2078
f 959 995 884
f 962 919 986
f 1400 1398 1399
f 1000 1127 1004
f 956 884 885
f 1662 3550 1661
f 2034 3546 1654
f 3926 3539 3802
f 3535 766 1817
f 3572 765 766
f 334 3571 335
f 1868 3540 1656
f 1684 1652 1678
f 1682 775 1807
f 1585 3762 1700
f 3763 1672 1673
f 2173 490 491
f 1658 3547 1752
f 3556 1650 724
f 1571 2010 1572
f 1587 3671 2080
f 2099 2077 2094
f 787 1999 786
f 2000 786 1999
f 3155 3697 3683
f 3713 3683 3789
f 2180 3685 3684
f 3496 3684 3705
f 1684 3840 1651
f 1760 3495 3545
f 2607 3693 2590
f 2581 3689 2607
f 2371 3700 3695
f 2371 3693 2372
f 2587 3675 2586
f 2586 3697 339
f 2497 3687 2503
f 2502 3687 3700
f 2494 3690 2495
f 3690 2472 2495
f 3688 2468 2472
f 3701 2469 2468
f 726 3892 630
f 581 3518 580
f 10 3570 334
f 1837 3510 1849
f 741 3523 1300
f 1299 3558 2034
f 1851 3504 1866
f 3527 1820 1819
f 580 3536 1895
f 1758 3522 3502
f 1693 3508 1806
f 3504 1867 1866
f 1894 3568 3499
f 2126 3813 3841
f 3906 3841 3912
f 2113 3867 2110
f 2179 3789 3685
f 624 3904 623
f 2192 3788 3780
f 2177 3787 3733
f 1364 3833 1338
f 3858 1470 1453
f 3135 3775 3744
f 2069 3835 2068
f 1351 3853 1352
f 2108 3901 499
f 2089 3736 3733
f 3828 1358 866
f 2001 3783 2187
f 2187 3719 2091
f 2130 3752 2004
f 2004 3749 2001
f 2014 3779 2201
f 2201 3756 2130
f 3167 3759 2969
f 3168 3720 3167
f 3159 3764 3160
f 3160 3765 3081
f 3730 3158 337
f 3158 3709 3159
f 2200 3730 3722
f 3685 3742 2204
f 3722 2197 2200
f 3790 2092 3721
f 3774 3721 2197
f 3154 3790 3774
f 3155 3706 3154
f 2091 3721 2092
f 2196 3750 3776
f 2193 3776 3781
f 3604 3781 3788
f 2086 3780 3778
f 2087 3778 3777
f 2204 3751 2205
f 2205 3750 3148
f 3909 574 692
f 2124 3777 3760
f 2208 3760 3782
f 3711 3140 3137
f 3785 3138 3140
f 3745 3139 3138
f 3771 3136 2322
f 3712 3137 3136
f 3775 3131 3133
f 3767 3132 3131
f 1813 3838 1814
f 1293 3856 1344
f 2184 3748 3732
f 2181 3732 3734
f 3765 3079 3081
f 3768 3080 3079
f 709 3875 2031
f 2774 3737 3769
f 3786 2134 3559
f 3809 766 765
f 2968 3766 2959
f 2969 3784 2968
f 2958 3737 2961
f 2132 3766 2960
f 2321 3771 3748
f 3860 1449 28
f 3905 582 710
f 3886 577 574
f 3847 1818 3827
f 705 3887 2121
f 3816 3907 698
f 2111 3911 2113
f 3810 1366 1411
f 1812 3822 1815
f 675 3852 674
f 3496 3851 675
f 2110 3868 2109
f 2104 3901 2106
f 2109 3899 944
f 3842 703 739
f 1680 3846 1684
f 1639 3819 3818
f 623 3906 697
f 2139 3866 3865
f 1808 3844 3837
f 3820 1819 1820
f 3872 3900 706
f 1646 3830 1648
f 3889 633 577
f 2139 3875 18
f 2156 3871 3874
f 674 3913 3869
f 2117 3812 2069
f 1815 3847 3823
f 3855 1444 1470
f 697 3912 3816
f 866 3836 3828
f 3864 2136 2135
f 3585 3726 3589
f 3583 3731 3585
f 3753 3738 3739
f 3740 3581 3743
f 1088 3746 1093
f 3739 3743 3753
f 2791 3493 2792
f 3492 2807 3493
f 2792 3494 2909
f 3493 2806 3494
f 3508 3494 3516
f 3516 2806 3539
f 2948 3791 3801
f 2105 3896 2104
f 3538 3804 2805
f 680 3876 683
f 1891 3910 3891
f 2905 3801 2950
f 2900 3799 2905
f 2901 3807 2877
f 2734 3806 3794
f 2877 3806 2878
f 2820 3794 2872
f 2818 3792 2827
f 2823 3792 2826
f 2822 3798 2821
f 2819 3800 3798
f 2817 3795 2816
f 2809 3795 2815
f 2808 3803 2807
f 2805 3803 2804
f 1702 3923 1599
f 3922 1797 1802
f 3915 1706 1709
f 3918 1692 1698
f 1657 3880 1879
f 1890 3895 3910
f 3772 1674 1675
f 1689 3772 3773
f 3926 3538 1688
f 3516 1689 3773
f 3917 1703 1764
f 1598 3928 1770
f 3880 1876 1879
f 1691 3925 3927
f 3925 1688 1687
f 1117 1118 3930
f 1066 1322 3930
f 1243 847 3930
f 3825 848 3930
f 1128 1117 3930
f 1129 1130 3930
f 841 1011 3930
f 1230 3863 3930
f 1242 1243 3930
f 1322 1229 3930
f 1064 1065 3930
f 1003 1128 3930
f 1229 1230 3930
f 3863 1285 3930
f 1285 1288 3930
f 848 839 3930
f 847 3825 3930
f 1118 1129 3930
f 1065 1066 3930
f 1087 1086 3930
f 1008 1002 3930
f 1011 1008 3930
f 1002 1003 3930
f 1076 1069 3930
f 838 841 3930
f 839 838 3930
f 1288 1242 3930
f 1130 1087 3930
f 1086 1076 3930
f 1069 1064 3930
f 2410 2414 3931
f 2411 2410 3931
f 3617 2285 3931
f 2394 2393 3931
f 2393 2396 3931
f 2281 2286 3931
f 2282 2280 3931
f 2398 2399 3931
f 2465 2464 3931
f 2396 2397 3931
f 2470 2469 3931
f 2399 2416 3931
f 2480 2395 3931
f 2459 2480 3931
f 2369 2282 3931
f 2460 2459 3931
f 2415 2411 3931
f 2416 2415 3931
f 2364 2363 3931
f 2286 3617 3931
f 2464 2470 3931
f 2469 3703 3931
f 2285 2465 3931
f 2414 2364 3931
f 2395 2394 3931
f 2363 2367 3931
f 2397 2398 3931
f 2280 2281 3931
f 3703 2460 3931
f 2367 2369 3931
f 3934 3937 3938
f 3934 3939 3935
f 3932 3937 3933
f 3938 3943 3939
f 3937 3940 3941
f 3937 3942 3938
f 3942 3947 3943
f 3941 3944 3945
f 3942 3945 3946
f 3947 3950 3951
f 3944 3949 3945
f 3945 3950 3946
f 3950 3955 3951
f 3949 3952 3953
f 3950 3953 3954
f 3955 3958 3959
f 3953 3956 3957
f 3953 3958 3954
f 3959 3962 3963
f 3957 3960 3961
f 3958 3961 3962
f 3962 3967 3963
f 3960 3965 3961
f 3961 3966 3962
f 3966 3971 3967
f 3965 3968 3969
f 3966 3969 3970
f 3970 3975 3971
f 3968 3973 3969
f 3969 3974 3970
f 3974 3979 3975
f 3973 3976 3977
f 3974 3977 3978
f 3979 3982 3983
f 3976 3981 3977
f 3977 3982 3978
f 3982 3987 3983
f 3981 3984 3985
f 3982 3985 3986
f 3987 3990 3991
f 3984 3989 3985
f 3985 3990 3986
f 3991 3994 3995
f 3989 3992 3993
f 3990 3993 3994
f 3995 3998 3999
f 3992 3997 3993
f 3993 3998 3994
f 3998 4003 3999
f 3997 4000 4001
f 3998 4001 4002
f 4002 4007 4003
f 4000 4005 4001
f 4001 4006 4002
f 4006 4011 4007
f 4005 4008 4009
f 4006 4009 4010
f 4011 4014 4015
f 4008 4013 4009
f 4009 4014 4010
f 4014 4019 4015
f 4013 4016 4017
f 4014 4017 4018
f 4019 4022 4023
f 4016 4021 4017
f 4017 4022 4018
f 4023 4026 4027
f 4021 4024 4025
f 4022 4025 4026
f 4027 4030 4031
f 4024 4029 4025
f 4025 4030 4026
f 4031 4034 4035
f 4029 4032 4033
f 4030 4033 4034
f 4034 4039 4035
f 4032 4037 4033
f 4033 4038 4034
f 4038 4043 4039
f 4037 4040 4041
f 4038 4041 4042
f 4043 4046 4047
f 4040 4045 4041
f 4041 4046 4042
f 4046 4051 4047
f 4045 4048 4049
f 4046 4049 4050
f 4051 4055 4056
f 4048 4054 4049
f 4049 4055 4050
f 4056 4059 4060
f 4053 4058 4054
f 4055 4058 4059
f 3932 4052 3936
f 3936 4052 3940
f 3940 4052 3944
f 3944 4052 3948
f 3948 4052 3952
f 3952 4052 3956
f 3956 4052 3960
f 3960 4052 3964
f 3964 4052 3968
f 3968 4052 3972
f 3972 4052 3976
f 3976 4052 3980
f 3980 4052 3984
f 3984 4052 3988
f 3988 4052 3992
f 3992 4052 3996
f 3996 4052 4000
f 4000 4052 4004
f 4004 4052 4008
f 4008 4052 4012
f 4012 4052 4016
f 4016 4052 4020
f 4020 4052 4024
f 4024 4052 4028
f 4028 4052 4032
f 4032 4052 4036
f 4036 4052 4040
f 4040 4052 4044
f 4044 4052 4048
f 4048 4052 4053
f 4053 4052 4057
f 4060 3934 3935
f 4058 3932 3933
f 4058 3934 4059
f 4057 4052 3932
f 4069 4081 4082
f 4066 4080 4067
f 4065 4077 4078
f 4063 4075 4076
f 4071 4085 4072
f 4069 4083 4070
f 4067 4081 4068
f 4066 4078 4079
f 4063 4077 4064
f 4061 4075 4062
f 4072 4086 4073
f 4071 4083 4084
f 4076 4090 4077
f 4074 4088 4075
f 4086 4098 4099
f 4083 4097 4084
f 4082 4094 4095
f 4079 4093 4080
f 4078 4090 4091
f 4076 4088 4089
f 4085 4097 4098
f 4082 4096 4083
f 4080 4094 4081
f 4079 4091 4092
f 4089 4103 4090
f 4088 4100 4101
f 4098 4112 4099
f 4096 4110 4097
f 4095 4107 4108
f 4092 4106 4093
f 4090 4104 4091
f 4089 4101 4102
f 4097 4111 4098
f 4095 4109 4096
f 4094 4106 4107
f 4092 4104 4105
f 4103 4115 4116
f 4100 4114 4101
f 4112 4124 4125
f 4110 4122 4123
f 4107 4121 4108
f 4105 4119 4106
f 4103 4117 4104
f 4101 4115 4102
f 4110 4124 4111
f 4109 4121 4122
f 4107 4119 4120
f 4105 4117 4118
f 4115 4129 4116
f 4114 4126 4127
f 4124 4138 4125
f 4123 4135 4136
f 4120 4134 4121
f 4119 4131 4132
f 4117 4129 4130
f 4114 4128 4115
f 4124 4136 4137
f 4122 4134 4135
f 4119 4133 4120
f 4117 4131 4118
f 4129 4141 4142
f 4126 4140 4127
f 4138 4150 4151
f 4136 4148 4149
f 4133 4147 4134
f 4131 4145 4132
f 4130 4142 4143
f 4127 4141 4128
f 4137 4149 4150
f 4135 4147 4148
f 4132 4146 4133
f 4131 4143 4144
f 4142 4154 4155
f 4140 4152 4153
f 4150 4164 4151
f 4149 4161 4162
f 4146 4160 4147
f 4144 4158 4145
f 4142 4156 4143
f 4140 4154 4141
f 4149 4163 4150
f 4148 4160 4161
f 4146 4158 4159
f 4144 4156 4157
f 4155 4167 4168
f 4153 4165 4166
f 4163 4177 4164
f 4161 4175 4162
f 4159 4173 4160
f 4158 4170 4171
f 4155 4169 4156
f 4153 4167 4154
f 4163 4175 4176
f 4161 4173 4174
f 4159 4171 4172
f 4156 4170 4157
f 4167 4181 4168
f 4165 4179 4166
f 4176 4190 4177
f 4175 4187 4188
f 4173 4185 4186
f 4170 4184 4171
f 4169 4181 4182
f 4167 4179 4180
f 4175 4189 4176
f 4173 4187 4174
f 4171 4185 4172
f 4170 4182 4183
f 4180 4194 4181
f 4178 4192 4179
f 4190 4202 4203
f 4187 4201 4188
f 4186 4198 4199
f 4183 4197 4184
f 4182 4194 4195
f 4180 4192 4193
f 4189 4201 4202
f 4186 4200 4187
f 4184 4198 4185
f 4183 4195 4196
f 4193 4207 4194
f 4192 4204 4205
f 4202 4216 4203
f 4200 4214 4201
f 4199 4211 4212
f 4196 4210 4197
f 4194 4208 4195
f 4193 4205 4206
f 4201 4215 4202
f 4199 4213 4200
f 4198 4210 4211
f 4196 4208 4209
f 4207 4219 4220
f 4204 4218 4205
f 4216 4228 4229
f 4213 4227 4214
f 4211 4225 4212
f 4209 4223 4210
f 4207 4221 4208
f 4205 4219 4206
f 4214 4228 4215
f 4213 4225 4226
f 4211 4223 4224
f 4209 4221 4222
f 4219 4233 4220
f 4218 4230 4231
f 4228 4242 4229
f 4226 4240 4227
f 4225 4237 4238
f 4223 4235 4236
f 4221 4233 4234
f 4218 4232 4219
f 4228 4240 4241
f 4226 4238 4239
f 4223 4237 4224
f 4221 4235 4222
f 4233 4245 4246
f 4230 4244 4231
f 4242 4254 4255
f 4240 4252 4253
f 4237 4251 4238
f 4235 4249 4236
f 4234 4246 4247
f 4231 4245 4232
f 4241 4253 4254
f 4239 4251 4252
f 4236 4250 4237
f 4235 4247 4248
f 4246 4258 4259
f 4244 4256 4257
f 4254 4268 4255
f 4253 4265 4266
f 4250 4264 4251
f 4248 4262 4249
f 4246 4260 4247
f 4244 4258 4245
f 4253 4267 4254
f 4252 4264 4265
f 4250 4262 4263
f 4248 4260 4261
f 4259 4271 4272
f 4257 4269 4270
f 4267 4281 4268
f 4265 4279 4266
f 4263 4277 4264
f 4262 4274 4275
f 4259 4273 4260
f 4257 4271 4258
f 4266 4280 4267
f 4265 4277 4278
f 4263 4275 4276
f 4260 4274 4261
f 4271 4285 4272
f 4269 4283 4270
f 4281 4293 4294
f 4279 4291 4292
f 4277 4289 4290
f 4274 4288 4275
f 4273 4285 4286
f 4271 4283 4284
f 4280 4292 4293
f 4277 4291 4278
f 4275 4289 4276
f 4274 4286 4287
f 4284 4298 4285
f 4282 4296 4283
f 4294 4306 4307
f 4291 4305 4292
f 4290 4302 4303
f 4287 4301 4288
f 4286 4298 4299
f 4284 4296 4297
f 4293 4305 4306
f 4290 4304 4291
f 4288 4302 4289
f 4287 4299 4300
f 4297 4311 4298
f 4296 4308 4309
f 4306 4320 4307
f 4304 4318 4305
f 4303 4315 4316
f 4300 4314 4301
f 4298 4312 4299
f 4297 4309 4310
f 4305 4319 4306
f 4304 4316 4317
f 4302 4314 4315
f 4300 4312 4313
f 4310 4324 4311
f 4308 4322 4309
f 4320 4332 4333
f 4318 4330 4331
f 4316 4328 4329
f 4313 4327 4314
f 4311 4325 4312
f 4310 4322 4323
f 4318 4332 4319
f 4316 4330 4317
f 4315 4327 4328
f 4312 4326 4313
f 4323 4337 4324
f 4322 4334 4335
f 4332 4346 4333
f 4330 4344 4331
f 4329 4341 4342
f 4327 4339 4340
f 4325 4337 4338
f 4322 4336 4323
f 4332 4344 4345
f 4330 4342 4343
f 4327 4341 4328
f 4325 4339 4326
f 4337 4350 4351
f 4334 4349 4335
f 4346 4359 4360
f 4344 4357 4358
f 4341 4356 4342
f 4340 4353 4354
f 4338 4351 4352
f 4335 4350 4336
f 4345 4358 4359
f 4343 4356 4357
f 4340 4355 4341
f 4338 4353 4339
f 4351 4363 4364
f 4349 4361 4362
f 4359 4373 4360
f 4358 4370 4371
f 4355 4369 4356
f 4354 4366 4367
f 4351 4365 4352
f 4349 4363 4350
f 4358 4372 4359
f 4357 4369 4370
f 4355 4367 4368
f 4352 4366 4353
f 4364 4376 4377
f 4362 4374 4375
f 4373 4385 4386
f 4370 4384 4371
f 4368 4382 4369
f 4367 4379 4380
f 4364 4378 4365
f 4362 4376 4363
f 4372 4384 4385
f 4370 4382 4383
f 4368 4380 4381
f 4365 4379 4366
f 4376 4390 4377
f 4374 4388 4375
f 4385 4399 4386
f 4384 4396 4397
f 4382 4394 4395
f 4379 4393 4380
f 4378 4390 4391
f 4376 4388 4389
f 4384 4398 4385
f 4382 4396 4383
f 4380 4394 4381
f 4379 4391 4392
f 4389 4403 4390
f 4387 4401 4388
f 4399 4411 4412
f 4396 4410 4397
f 4395 4407 4408
f 4393 4405 4406
f 4391 4403 4404
f 4389 4401 4402
f 4398 4410 4411
f 4395 4409 4396
f 4393 4407 4394
f 4391 4405 4392
f 4402 4416 4403
f 4401 4413 4414
f 4411 4425 4412
f 4409 4423 4410
f 4408 4420 4421
f 4406 4418 4419
f 4403 4417 4404
f 4402 4414 4415
f 4410 4424 4411
f 4408 4422 4409
f 4407 4419 4420
f 4404 4418 4405
f 4416 4428 4429
f 4413 4427 4414
f 4425 4437 4438
f 4423 4435 4436
f 4421 4433 4434
f 4418 4432 4419
f 4416 4430 4417
f 4415 4427 4428
f 4423 4437 4424
f 4421 4435 4422
f 4420 4432 4433
f 4418 4430 4431
f 4428 4442 4429
f 4426 4440 4427
f 4437 4451 4438
f 4435 4449 4436
f 4434 4446 4447
f 4432 4444 4445
f 4430 4442 4443
f 4427 4441 4428
f 4437 4449 4450
f 4435 4447 4448
f 4432 4446 4433
f 4430 4444 4431
f 4442 4454 4455
f 4439 4453 4440
f 4451 4463 4464
f 4449 4461 4462
f 4446 4460 4447
f 4444 4458 4445
f 4443 4455 4456
f 4440 4454 4441
f 4450 4462 4463
f 4447 4461 4448
f 4445 4459 4446
f 4444 4456 4457
f 4455 4467 4468
f 4453 4465 4466
f 4463 4477 4464
f 4462 4474 4475
f 4459 4473 4460
f 4457 4471 4458
f 4455 4469 4456
f 4453 4467 4454
f 4462 4476 4463
f 4461 4473 4474
f 4459 4471 4472
f 4457 4469 4470
f 4347 4073 4086
f 4347 4086 4099
f 4347 4099 4112
f 4347 4112 4125
f 4347 4125 4138
f 4347 4138 4151
f 4347 4151 4164
f 4347 4164 4177
f 4347 4177 4190
f 4347 4190 4203
f 4347 4203 4216
f 4347 4216 4229
f 4347 4229 4242
f 4347 4242 4255
f 4347 4255 4268
f 4347 4268 4281
f 4347 4281 4294
f 4347 4294 4307
f 4347 4307 4320
f 4347 4320 4333
f 4347 4333 4346
f 4347 4346 4360
f 4347 4360 4373
f 4347 4373 4386
f 4347 4386 4399
f 4347 4399 4412
f 4347 4412 4425
f 4347 4425 4438
f 4347 4438 4451
f 4347 4451 4464
f 4347 4464 4477
f 4468 4063 4064
f 4466 4061 4062
f 4477 4072 4073
f 4474 4071 4475
f 4472 4069 4473
f 4471 4066 4067
f 4468 4065 4469
f 4466 4063 4467
f 4347 4477 4073
f 4476 4071 4072
f 4474 4069 4070
f 4472 4067 4068
f 4469 4066 4470
f 3935 4465 4060
f 4465 4056 4060
f 4452 4051 4056
f 4439 4047 4051
f 4047 4413 4043
f 4043 4400 4039
f 4039 4387 4035
f 4387 4031 4035
f 4031 4361 4027
f 4361 4023 4027
f 4348 4019 4023
f 4334 4015 4019
f 4015 4308 4011
f 4011 4295 4007
f 4007 4282 4003
f 4282 3999 4003
f 3999 4256 3995
f 4256 3991 3995
f 4243 3987 3991
f 4230 3983 3987
f 3983 4204 3979
f 3979 4191 3975
f 3975 4178 3971
f 4178 3967 3971
f 3967 4152 3963
f 4152 3959 3963
f 4139 3955 3959
f 4126 3951 3955
f 3951 4100 3947
f 3947 4087 3943
f 3943 4074 3939
f 4074 3935 3939
f 4480 4483 4484
f 4480 4485 4481
f 4479 4482 4483
f 4484 4489 4485
f 4482 4487 4483
f 4483 4488 4484
f 4488 4493 4489
f 4487 4490 4491
f 4488 4491 4492
f 4493 4496 4497
f 4490 4495 4491
f 4491 4496 4492
f 4496 4501 4497
f 4495 4498 4499
f 4496 4499 4500
f 4501 4504 4505
f 4498 4503 4499
f 4499 4504 4500
f 4505 4508 4509
f 4503 4506 4507
f 4504 4507 4508
f 4509 4512 4513
f 4506 4511 4507
f 4507 4512 4508
f 4513 4516 4517
f 4511 4514 4515
f 4512 4515 4516
f 4516 4521 4517
f 4514 4519 4515
f 4515 4520 4516
f 4520 4525 4521
f 4518 4523 4519
f 4520 4523 4524
f 4525 4528 4529
f 4522 4527 4523
f 4523 4528 4524
f 4528 4533 4529
f 4527 4530 4531
f 4528 4531 4532
f 4533 4536 4537
f 4530 4535 4531
f 4531 4536 4532
f 4537 4540 4541
f 4534 4539 4535
f 4536 4539 4540
f 4541 4544 4545
f 4539 4542 4543
f 4539 4544 4540
f 4544 4549 4545
f 4542 4547 4543
f 4544 4547 4548
f 4548 4553 4549
f 4547 4550 4551
f 4547 4552 4548
f 4552 4557 4553
f 4551 4554 4555
f 4552 4555 4556
f 4557 4560 4561
f 4554 4559 4555
f 4555 4560 4556
f 4560 4565 4561
f 4559 4562 4563
f 4560 4563 4564
f 4565 4568 4569
f 4562 4567 4563
f 4563 4568 4564
f 4569 4572 4573
f 4567 4570 4571
f 4568 4571 4572
f 4572 4577 4573
f 4570 4575 4571
f 4571 4576 4572
f 4576 4581 4577
f 4575 4578 4579
f 4576 4579 4580
f 4580 4585 4581
f 4578 4583 4579
f 4579 4584 4580
f 4584 4589 4585
f 4583 4586 4587
f 4584 4587 4588
f 4589 4592 4593
f 4586 4591 4587
f 4587 4592 4588
f 4592 4597 4593
f 4591 4594 4595
f 4592 4595 4596
f 4597 4601 4602
f 4594 4600 4595
f 4595 4601 4596
f 4602 4605 4606
f 4600 4603 4604
f 4601 4604 4605
f 4478 4598 4482
f 4482 4598 4486
f 4486 4598 4490
f 4490 4598 4494
f 4494 4598 4498
f 4498 4598 4502
f 4502 4598 4506
f 4506 4598 4510
f 4510 4598 4514
f 4514 4598 4518
f 4518 4598 4522
f 4522 4598 4526
f 4526 4598 4530
f 4530 4598 4534
f 4534 4598 4538
f 4538 4598 4542
f 4542 4598 4546
f 4546 4598 4550
f 4550 4598 4554
f 4554 4598 4558
f 4558 4598 4562
f 4562 4598 4566
f 4566 4598 4570
f 4570 4598 4574
f 4574 4598 4578
f 4578 4598 4582
f 4582 4598 4586
f 4586 4598 4590
f 4590 4598 4594
f 4594 4598 4599
f 4599 4598 4603
f 4606 4480 4481
f 4603 4479 4604
f 4604 4480 4605
f 4603 4598 4478
f 4615 4627 4628
f 4612 4626 4613
f 4611 4623 4624
f 4609 4621 4622
f 4618 4630 4631
f 4615 4629 4616
f 4613 4627 4614
f 4612 4624 4625
f 4609 4623 4610
f 4607 4621 4608
f 4619 4631 4632
f 4617 4629 4630
f 4622 4636 4623
f 4620 4634 4621
f 4632 4644 4645
f 4629 4643 4630
f 4628 4640 4641
f 4626 4638 4639
f 4624 4636 4637
f 4622 4634 4635
f 4631 4643 4644
f 4628 4642 4629
f 4626 4640 4627
f 4624 4638 4625
f 4635 4649 4636
f 4634 4646 4647
f 4644 4658 4645
f 4642 4656 4643
f 4641 4653 4654
f 4639 4651 4652
f 4636 4650 4637
f 4635 4647 4648
f 4643 4657 4644
f 4642 4654 4655
f 4640 4652 4653
f 4637 4651 4638
f 4648 4662 4649
f 4646 4660 4647
f 4658 4670 4671
f 4656 4668 4669
f 4653 4667 4654
f 4651 4665 4652
f 4649 4663 4650
f 4648 4660 4661
f 4656 4670 4657
f 4654 4668 4655
f 4653 4665 4666
f 4651 4663 4664
f 4661 4675 4662
f 4660 4672 4673
f 4670 4684 4671
f 4668 4682 4669
f 4667 4679 4680
f 4665 4677 4678
f 4663 4675 4676
f 4661 4673 4674
f 4670 4682 4683
f 4667 4681 4668
f 4665 4679 4666
f 4663 4677 4664
f 4675 4687 4688
f 4672 4686 4673
f 4684 4696 4697
f 4682 4694 4695
f 4679 4693 4680
f 4678 4690 4691
f 4676 4688 4689
f 4673 4687 4674
f 4683 4695 4696
f 4681 4693 4694
f 4678 4692 4679
f 4676 4690 4677
f 4688 4700 4701
f 4686 4698 4699
f 4696 4710 4697
f 4695 4707 4708
f 4692 4706 4693
f 4691 4703 4704
f 4688 4702 4689
f 4686 4700 4687
f 4695 4709 4696
f 4694 4706 4707
f 4692 4704 4705
f 4689 4703 4690
f 4701 4713 4714
f 4699 4711 4712
f 4710 4722 4723
f 4707 4721 4708
f 4705 4719 4706
f 4704 4716 4717
f 4701 4715 4702
f 4699 4713 4700
f 4709 4721 4722
f 4707 4719 4720
f 4705 4717 4718
f 4702 4716 4703
f 4713 4727 4714
f 4711 4725 4712
f 4723 4735 4736
f 4721 4733 4734
f 4719 4731 4732
f 4716 4730 4717
f 4715 4727 4728
f 4713 4725 4726
f 4721 4735 4722
f 4719 4733 4720
f 4717 4731 4718
f 4716 4728 4729
f 4726 4740 4727
f 4724 4738 4725
f 4736 4748 4749
f 4733 4747 4734
f 4732 4744 4745
f 4730 4742 4743
f 4728 4740 4741
f 4726 4738 4739
f 4735 4747 4748
f 4732 4746 4733
f 4730 4744 4731
f 4728 4742 4729
f 4739 4753 4740
f 4738 4750 4751
f 4748 4762 4749
f 4746 4760 4747
f 4745 4757 4758
f 4743 4755 4756
f 4740 4754 4741
f 4739 4751 4752
f 4747 4761 4748
f 4745 4759 4746
f 4744 4756 4757
f 4741 4755 4742
f 4753 4765 4766
f 4750 4764 4751
f 4762 4774 4775
f 4759 4773 4760
f 4758 4770 4771
f 4755 4769 4756
f 4753 4767 4754
f 4752 4764 4765
f 4760 4774 4761
f 4758 4772 4759
f 4757 4769 4770
f 4755 4767 4768
f 4765 4779 4766
f 4764 4776 4777
f 4774 4788 4775
f 4772 4786 4773
f 4771 4783 4784
f 4769 4781 4782
f 4767 4779 4780
f 4765 4777 4778
f 4774 4786 4787
f 4771 4785 4772
f 4769 4783 4770
f 4767 4781 4768
f 4779 4791 4792
f 4776 4790 4777
f 4788 4800 4801
f 4786 4798 4799
f 4783 4797 4784
f 4782 4794 4795
f 4780 4792 4793
f 4777 4791 4778
f 4787 4799 4800
f 4785 4797 4798
f 4782 4796 4783
f 4780 4794 4781
f 4792 4804 4805
f 4790 4802 4803
f 4800 4814 4801
f 4799 4811 4812
f 4796 4810 4797
f 4795 4807 4808
f 4792 4806 4793
f 4790 4804 4791
f 4799 4813 4800
f 4798 4810 4811
f 4796 4808 4809
f 4793 4807 4794
f 4805 4817 4818
f 4803 4815 4816
f 4814 4826 4827
f 4811 4825 4812
f 4809 4823 4810
f 4808 4820 4821
f 4805 4819 4806
f 4803 4817 4804
f 4813 4825 4826
f 4811 4823 4824
f 4809 4821 4822
f 4806 4820 4807
f 4817 4831 4818
f 4815 4829 4816
f 4826 4840 4827
f 4825 4837 4838
f 4823 4835 4836
f 4820 4834 4821
f 4819 4831 4832
f 4817 4829 4830
f 4825 4839 4826
f 4823 4837 4824
f 4821 4835 4822
f 4820 4832 4833
f 4830 4844 4831
f 4828 4842 4829
f 4840 4852 4853
f 4837 4851 4838
f 4836 4848 4849
f 4834 4846 4847
f 4832 4844 4845
f 4830 4842 4843
f 4839 4851 4852
f 4836 4850 4837
f 4834 4848 4835
f 4832 4846 4833
f 4843 4857 4844
f 4842 4854 4855
f 4852 4866 4853
f 4850 4864 4851
f 4849 4861 4862
f 4847 4859 4860
f 4844 4858 4845
f 4843 4855 4856
f 4851 4865 4852
f 4849 4863 4850
f 4848 4860 4861
f 4845 4859 4846
f 4857 4869 4870
f 4855 4867 4868
f 4866 4878 4879
f 4864 4876 4877
f 4862 4874 4875
f 4859 4873 4860
f 4857 4871 4858
f 4856 4868 4869
f 4864 4878 4865
f 4862 4876 4863
f 4861 4873 4874
f 4859 4871 4872
f 4869 4883 4870
f 4868 4880 4881
f 4878 4892 4879
f 4877 4889 4890
f 4874 4888 4875
f 4873 4885 4886
f 4871 4883 4884
f 4868 4882 4869
f 4878 4890 4891
f 4876 4888 4889
f 4873 4887 4874
f 4871 4885 4872
f 4883 4896 4897
f 4880 4895 4881
f 4892 4905 4906
f 4890 4903 4904
f 4887 4902 4888
f 4885 4900 4886
f 4884 4897 4898
f 4881 4896 4882
f 4891 4904 4905
f 4889 4902 4903
f 4886 4901 4887
f 4885 4898 4899
f 4897 4909 4910
f 4895 4907 4908
f 4905 4919 4906
f 4904 4916 4917
f 4901 4915 4902
f 4899 4913 4900
f 4897 4911 4898
f 4895 4909 4896
f 4904 4918 4905
f 4903 4915 4916
f 4901 4913 4914
f 4899 4911 4912
f 4910 4922 4923
f 4908 4920 4921
f 4919 4931 4932
f 4916 4930 4917
f 4914 4928 4915
f 4913 4925 4926
f 4910 4924 4911
f 4908 4922 4909
f 4918 4930 4931
f 4916 4928 4929
f 4914 4926 4927
f 4911 4925 4912
f 4922 4936 4923
f 4920 4934 4921
f 4931 4945 4932
f 4930 4942 4943
f 4928 4940 4941
f 4925 4939 4926
f 4924 4936 4937
f 4922 4934 4935
f 4930 4944 4931
f 4928 4942 4929
f 4926 4940 4927
f 4925 4937 4938
f 4935 4949 4936
f 4933 4947 4934
f 4945 4957 4958
f 4942 4956 4943
f 4941 4953 4954
f 4938 4952 4939
f 4937 4949 4950
f 4935 4947 4948
f 4944 4956 4957
f 4941 4955 4942
f 4939 4953 4940
f 4938 4950 4951
f 4948 4962 4949
f 4947 4959 4960
f 4957 4971 4958
f 4955 4969 4956
f 4954 4966 4967
f 4951 4965 4952
f 4949 4963 4950
f 4948 4960 4961
f 4956 4970 4957
f 4954 4968 4955
f 4953 4965 4966
f 4951 4963 4964
f 4962 4974 4975
f 4959 4973 4960
f 4971 4983 4984
f 4968 4982 4969
f 4966 4980 4967
f 4964 4978 4965
f 4962 4976 4963
f 4960 4974 4961
f 4969 4983 4970
f 4967 4981 4968
f 4966 4978 4979
f 4964 4976 4977
f 4975 4987 4988
f 4973 4985 4986
f 4983 4997 4984
f 4981 4995 4982
f 4979 4993 4980
f 4978 4990 4991
f 4976 4988 4989
f 4973 4987 4974
f 4983 4995 4996
f 4981 4993 4994
f 4978 4992 4979
f 4976 4990 4977
f 4988 5000 5001
f 4985 4999 4986
f 4997 5009 5010
f 4995 5007 5008
f 4992 5006 4993
f 4991 5003 5004
f 4989 5001 5002
f 4986 5000 4987
f 4996 5008 5009
f 4994 5006 5007
f 4991 5005 4992
f 4989 5003 4990
f 5001 5013 5014
f 4999 5011 5012
f 5009 5023 5010
f 5008 5020 5021
f 5005 5019 5006
f 5004 5016 5017
f 5001 5015 5002
f 4999 5013 5000
f 5008 5022 5009
f 5007 5019 5020
f 5005 5017 5018
f 5002 5016 5003
f 4893 4619 4632
f 4893 4632 4645
f 4893 4645 4658
f 4893 4658 4671
f 4893 4671 4684
f 4893 4684 4697
f 4893 4697 4710
f 4893 4710 4723
f 4893 4723 4736
f 4893 4736 4749
f 4893 4749 4762
f 4893 4762 4775
f 4893 4775 4788
f 4893 4788 4801
f 4893 4801 4814
f 4893 4814 4827
f 4893 4827 4840
f 4893 4840 4853
f 4893 4853 4866
f 4893 4866 4879
f 4893 4879 4892
f 4893 4892 4906
f 4893 4906 4919
f 4893 4919 4932
f 4893 4932 4945
f 4893 4945 4958
f 4893 4958 4971
f 4893 4971 4984
f 4893 4984 4997
f 4893 4997 5010
f 4893 5010 5023
f 5014 4609 4610
f 5012 4607 4608
f 5022 4619 5023
f 5020 4617 5021
f 5018 4615 5019
f 5017 4612 4613
f 5014 4611 5015
f 5012 4609 5013
f 4893 5023 4619
f 5021 4618 5022
f 5020 4615 4616
f 5018 4613 4614
f 5015 4612 5016
f 4481 5011 4606
f 5011 4602 4606
f 4998 4597 4602
f 4985 4593 4597
f 4593 4959 4589
f 4589 4946 4585
f 4585 4933 4581
f 4933 4577 4581
f 4577 4907 4573
f 4907 4569 4573
f 4894 4565 4569
f 4880 4561 4565
f 4561 4854 4557
f 4557 4841 4553
f 4553 4828 4549
f 4828 4545 4549
f 4545 4802 4541
f 4802 4537 4541
f 4789 4533 4537
f 4776 4529 4533
f 4529 4750 4525
f 4525 4737 4521
f 4521 4724 4517
f 4724 4513 4517
f 4513 4698 4509
f 4698 4505 4509
f 4685 4501 4505
f 4672 4497 4501
f 4497 4646 4493
f 4493 4633 4489
f 4489 4620 4485
f 4620 4481 4485
f 4 3 2
f 8 7 6
f 13 16 15
f 17 28 19
f 32 31 30
f 36 35 34
f 37 40 39
f 21 22 23
f 25 26 27
f 41 44 43
f 48 47 46
f 52 51 50
f 53 56 55
f 60 59 58
f 29 30 62
f 66 65 64
f 67 5 6
f 72 71 70
f 76 75 74
f 77 80 79
f 81 84 83
f 59 87 86
f 88 91 90
f 96 95 94
f 100 99 98
f 101 104 103
f 106 105 34
f 108 116 115
f 117 119 36
f 124 127 126
f 131 130 129
f 132 102 134
f 142 141 140
f 148 106 60
f 144 143 127
f 149 152 151
f 156 155 154
f 159 150 158
f 116 108 164
f 171 170 169
f 174 126 173
f 179 182 181
f 186 189 188
f 194 197 196
f 199 142 139
f 206 209 208
f 213 212 211
f 202 215 214
f 96 93 216
f 92 238 43
f 97 184 246
f 250 249 229
f 252 254 58
f 258 257 256
f 260 91 229
f 110 111 112
f 114 264 263
f 265 268 267
f 56 53 270
f 274 273 249
f 185 183 63
f 280 279 278
f 285 284 283
f 288 219 211
f 141 142 92
f 289 290 175
f 148 116 105
f 312 311 170
f 238 262 42
f 318 163 160
f 310 309 308
f 241 239 325
f 160 230 240
f 47 48 307
f 108 109 315
f 345 85 86
f 348 351 350
f 356 359 358
f 355 354 353
f 363 31 32
f 364 252 253
f 366 125 368
f 183 372 371
f 163 162 161
f 209 226 101
f 378 377 165
f 379 295 381
f 383 382 3
f 284 285 386
f 387 127 389
f 391 259 229
f 73 281 397
f 405 408 407
f 203 218 411
f 414 121 413
f 1 356 357
f 277 276 131
f 254 344 57
f 358 384 415
f 417 416 386
f 401 400 192
f 419 389 127
f 421 181 182
f 103 301 302
f 428 367 368
f 380 390 359
f 62 204 266
f 140 141 431
f 357 358 351
f 356 1 379
f 415 392 403
f 437 428 436
f 438 441 440
f 188 451 450
f 265 455 181
f 224 185 64
f 237 212 213
f 275 131 128
f 281 282 460
f 50 462 79
f 73 74 282
f 468 467 466
f 390 355 352
f 482 485 484
f 489 488 487
f 493 496 495
f 472 471 470
f 502 501 500
f 220 221 222
f 512 419 143
f 518 517 511
f 513 239 230
f 205 30 31
f 189 370 451
f 163 318 532
f 533 224 225
f 446 448 447
f 335 541 540
f 544 512 546
f 329 519 291
f 199 534 262
f 385 386 416
f 532 190 191
f 363 117 118
f 578 581 580
f 573 572 571
f 561 563 562
f 241 260 259
f 590 593 592
f 545 546 595
f 503 154 155
f 606 625 624
f 478 481 480
f 646 649 648
f 590 591 689
f 564 565 651
f 728 246 184
f 714 724 716
f 692 574 575
f 541 335 581
f 346 68 248
f 161 231 230
f 128 129 94
f 698 705 704
f 574 577 576
f 290 289 401
f 630 631 725
f 733 736 735
f 755 466 496
f 759 480 481
f 757 763 762
f 764 496 466
f 768 767 3808
f 759 760 488
f 492 474 475
f 474 770 769
f 773 468 465
f 771 774 486
f 484 485 775
f 774 776 489
f 495 496 764
f 495 757 761
f 137 397 784
f 325 239 797
f 165 519 51
f 369 32 29
f 730 731 568
f 90 302 301
f 243 118 516
f 800 734 806
f 817 815 808
f 816 808 823
f 306 303 447
f 815 810 809
f 829 830 828
f 726 725 501
f 274 427 424
f 879 882 881
f 884 883 879
f 219 218 217
f 906 905 904
f 455 204 205
f 898 882 830
f 903 900 880
f 377 291 519
f 923 949 948
f 946 947 951
f 3519 740 739
f 900 899 886
f 225 64 65
f 182 445 442
f 809 952 947
f 954 960 962
f 927 950 965
f 885 879 880
f 925 927 966
f 343 342 341
f 965 964 971
f 968 971 970
f 972 968 969
f 963 961 981
f 336 337 338
f 992 993 827
f 810 815 996
f 1007 1001 1002
f 1012 826 827
f 1011 1009 1007
f 294 293 292
f 907 908 920
f 1017 579 1019
f 1020 1023 1022
f 1035 1024 1020
f 1061 1060 1047
f 1063 1061 1046
f 1044 1020 1021
f 1102 1094 1097
f 1116 1126 1118
f 1016 1015 1014
f 881 897 904
f 816 1116 1127
f 1094 948 949
f 514 342 167
f 146 145 81
f 1133 1135 1130
f 1102 1133 1126
f 822 1126 1116
f 1145 1143 1148
f 1076 1144 1151
f 1148 1143 1086
f 1109 1097 1114
f 1154 1153 1156
f 1153 925 967
f 3464 3497 463
f 1144 1147 1152
f 1156 967 1163
f 1164 1162 1169
f 1145 1171 1176
f 1114 1115 1154
f 1183 1155 1164
f 1184 1183 1177
f 1069 1151 1062
f 1023 1191 1194
f 1162 1163 1170
f 1195 1184 1185
f 1183 1196 1176
f 1201 1063 1152
f 1061 1063 1201
f 3825 847 843
f 1203 1202 1195
f 1202 1201 1184
f 1218 1060 1203
f 1060 1061 1202
f 1225 1218 1217
f 671 695 694
f 1219 1217 1024
f 1217 1203 1034
f 1226 1014 1015
f 1243 1242 1234
f 1231 1230 1229
f 847 1243 1233
f 843 1233 1244
f 1233 1234 1245
f 1923 3761 233
f 2100 2108 499
f 3914 3864 2135
f 61 62 323
f 210 211 217
f 1299 1310 1309
f 3863 1230 1231
f 1066 1047 1321
f 1322 1321 1228
f 1060 1218 1321
f 1325 1324 1323
f 1244 1245 1332
f 1290 1234 1242
f 1337 1330 1339
f 1330 1332 1340
f 1341 1332 1245
f 1342 1340 1332
f 1343 1342 1341
f 1344 1341 1294
f 3857 3856 1345
f 1347 1348 1342
f 3856 3854 1295
f 1349 1350 1348
f 3861 1349 1347
f 3853 1347 1343
f 906 898 829
f 905 906 1353
f 865 1356 1355
f 1355 1353 829
f 1357 1355 825
f 1356 1354 1353
f 3834 1337 1338
f 866 1358 1356
f 1358 1359 1354
f 3828 878 1337
f 838 1362 1012
f 1363 1364 1338
f 1368 1363 1339
f 1348 1368 1340
f 1371 1369 3824
f 524 525 526
f 528 529 530
f 1372 1370 1369
f 535 536 537
f 1367 1368 1348
f 1370 1354 1359
f 1369 1359 3833
f 1373 910 903
f 555 556 557
f 1374 909 910
f 1373 904 905
f 1374 1373 1375
f 1375 905 1354
f 1378 920 908
f 376 373 651
f 1388 928 973
f 586 587 588
f 1390 1389 1388
f 1391 1388 969
f 597 598 599
f 600 601 602
f 1392 1391 970
f 608 609 610
f 612 524 523
f 614 615 616
f 617 618 25
f 620 621 622
f 1397 1390 1391
f 1398 1397 1392
f 1400 987 920
f 1402 1403 1165
f 636 637 638
f 930 1404 1402
f 641 642 643
f 929 1402 1169
f 1404 1405 1403
f 1411 1366 1365
f 1412 1406 1415
f 652 653 654
f 609 656 657
f 659 660 661
f 558 663 586
f 665 666 667
f 1413 1411 1406
f 1418 1416 3810
f 1417 1372 1371
f 1416 1371 3829
f 1419 1417 1416
f 1386 909 1374
f 677 678 679
f 1385 1386 1420
f 1420 1374 1376
f 685 686 687
f 1421 1420 1422
f 528 690 691
f 1422 1376 1372
f 1018 1019 747
f 699 700 701
f 1424 578 579
f 3663 1597 1767
f 700 699 711
f 1093 3746 3754
f 717 718 530
f 721 722 723
f 704 1650 3543
f 19 1429 1426
f 1429 1428 1427
f 1658 1659 3542
f 1439 1437 1434
f 1437 1436 1435
f 1426 1427 1433
f 1442 1431 1432
f 742 743 744
f 1432 1433 1441
f 751 752 753
f 1438 1434 1403
f 1446 1445 1444
f 1447 1448 1446
f 3860 1447 1443
f 1415 1367 1445
f 1414 1415 1446
f 2173 1683 469
f 777 778 779
f 780 781 782
f 1676 1693 1806
f 3859 1451 1349
f 789 790 791
f 745 792 793
f 652 794 795
f 1455 1458 1457
f 1454 1367 1350
f 610 691 802
f 3831 3816 698
f 1352 1044 1045
f 1015 1016 1459
f 811 812 813
f 2118 3815 3817
f 819 820 821
f 1466 1463 1194
f 1467 1468 1465
f 1182 1165 1468
f 832 812 833
f 835 836 837
f 1467 1466 1190
f 1469 1470 1444
f 840 700 712
f 1453 1470 1469
f 599 844 845
f 1226 1450 3849
f 851 852 853
f 855 744 856
f 858 859 860
f 861 862 863
f 1014 1226 3855
f 867 676 868
f 870 871 872
f 874 875 876
f 1310 1323 1471
f 1476 1433 1427
f 1461 1476 1475
f 887 888 889
f 788 791 892
f 894 895 896
f 1460 1475 1227
f 901 902 524
f 1465 1478 1477
f 1865 3503 3500
f 911 912 913
f 916 917 918
f 1850 3505 3507
f 921 922 895
f 1479 1435 1436
f 926 664 667
f 1481 562 563
f 269 1483 84
f 931 932 933
f 934 935 614
f 936 685 688
f 938 659 662
f 1484 270 122
f 941 942 835
f 320 321 509
f 1849 3510 3505
f 84 1483 1484
f 1487 1490 1488
f 1757 1758 3502
f 365 1492 1491
f 461 79 80
f 117 363 362
f 1494 540 541
f 926 601 957
f 1477 1441 1433
f 1709 1588 1585
f 119 117 1496
f 271 1497 504
f 511 517 189
f 345 1496 1492
f 57 344 299
f 1501 1499 268
f 267 268 1499
f 974 975 976
f 1678 1652 1693
f 3846 1682 1807
f 557 982 663
f 983 941 984
f 1443 1444 3849
f 421 1500 268
f 989 990 991
f 1490 1487 418
f 279 280 309
f 997 868 676
f 998 26 999
f 1504 418 38
f 1506 1508 1507
f 360 361 1508
f 1506 1486 207
f 939 1005 1006
f 270 1484 1483
f 66 63 546
f 1010 742 793
f 367 428 437
f 244 31 363
f 1670 3532 3534
f 209 206 1510
f 388 389 426
f 427 274 250
f 161 520 521
f 100 246 45
f 1025 1026 608
f 1029 1030 1031
f 939 662 1033
f 41 42 594
f 1036 780 783
f 702 701 1038
f 1040 1041 1042
f 362 32 369
f 187 1520 477
f 70 1487 539
f 1049 600 603
f 613 867 869
f 860 1050 1051
f 1005 1052 1053
f 753 1055 1056
f 1057 1058 1059
f 293 288 1522
f 288 212 1521
f 292 1522 1523
f 331 1507 1508
f 306 452 453
f 100 44 41
f 462 1524 78
f 330 331 1524
f 635 1067 1068
f 1485 1527 1526
f 206 1485 1528
f 1070 1071 1072
f 942 941 1073
f 916 933 1075
f 440 1529 1530
f 157 158 1514
f 1529 162 5
f 371 595 546
f 790 586 663
f 1077 858 857
f 1403 1434 1435
f 1080 1081 1082
f 531 520 1529
f 21 1083 1084
f 272 1532 1531
f 690 712 802
f 335 3571 3567
f 1090 1030 1029
f 1092 795 794
f 1533 396 137
f 661 660 1095
f 69 444 445
f 1099 1100 1101
f 38 39 1536
f 1104 1105 1106
f 852 1107 1108
f 1377 908 909
f 291 377 411
f 316 1536 516
f 539 1488 1533
f 1505 1536 316
f 1110 1111 1112
f 1539 1537 460
f 522 441 1537
f 834 837 1120
f 1122 1123 1124
f 612 1125 1041
f 935 793 615
f 276 278 130
f 1686 3549 3522
f 193 190 1541
f 231 521 1540
f 556 1037 982
f 365 253 85
f 190 532 318
f 1810 765 3574
f 3924 1867 3512
f 1132 983 985
f 208 101 102
f 1134 1033 662
f 1491 518 80
f 429 133 1542
f 1137 1138 915
f 172 436 428
f 1139 1140 1141
f 549 96 54
f 1517 1519 1518
f 834 1119 984
f 1543 513 286
f 1544 797 239
f 133 134 1544
f 506 361 257
f 420 327 328
f 1158 1159 1160
f 587 1104 1103
f 607 1161 1027
f 304 1546 1545
f 364 1491 77
f 69 70 198
f 700 840 1112
f 3877 626 3525
f 1166 719 657
f 1167 1168 858
f 1300 3523 3524
f 1172 1173 1174
f 218 203 200
f 1179 1180 1181
f 372 183 97
f 89 104 227
f 1186 1187 1188
f 172 173 1517
f 1482 84 81
f 1090 1192 1193
f 394 395 353
f 526 525 1198
f 1199 1200 1026
f 606 623 697
f 1204 1205 1206
f 1207 1208 523
f 1209 1210 867
f 914 913 685
f 1478 1436 1441
f 1029 1028 1161
f 1211 1212 1213
f 3858 1453 1451
f 844 1215 1216
f 423 193 273
f 1220 1221 1222
f 22 1223 1224
f 882 898 897
f 1519 1517 173
f 1189 1188 1232
f 349 350 550
f 1071 1235 1236
f 1237 1238 1239
f 1221 1186 1189
f 1510 1528 1512
f 939 1032 1241
f 1556 1530 5
f 1553 1554 394
f 404 1556 67
f 1247 1248 1249
f 142 199 238
f 1251 1067 635
f 850 1252 1253
f 1254 1167 1077
f 57 132 133
f 443 430 552
f 1187 1172 1175
f 1256 1070 831
f 432 405 382
f 741 748 747
f 434 350 351
f 349 432 383
f 251 124 1481
f 395 384 352
f 1518 1519 1550
f 1558 410 378
f 109 263 314
f 285 1514 1513
f 395 394 393
f 202 203 410
f 417 408 405
f 1246 1257 1258
f 3 1559 297
f 1259 1260 1261
f 403 404 347
f 955 954 953
f 462 50 51
f 1096 1095 687
f 429 147 60
f 896 1264 1265
f 1267 721 1268
f 423 424 327
f 37 179 180
f 20 23 1187
f 1256 1168 1071
f 1188 1175 1269
f 1236 1270 1271
f 1272 536 535
f 565 564 463
f 1273 792 745
f 876 1254 1255
f 316 33 164
f 437 1516 503
f 194 1494 1495
f 1275 1276 864
f 624 625 631
f 1277 1274 1137
f 569 568 567
f 1481 124 125
f 324 325 547
f 1279 1108 1107
f 1525 332 329
f 1281 1278 1137
f 171 168 1553
f 1488 73 396
f 1557 1561 1562
f 1282 856 1206
f 1053 1277 1278
f 778 777 607
f 713 583 3566
f 251 225 144
f 4 357 348
f 709 708 707
f 728 48 45
f 261 135 1563
f 789 1286 1287
f 74 314 263
f 403 284 385
f 1178 1181 1240
f 1223 1259 1289
f 1220 20 1186
f 296 1518 354
f 784 459 1538
f 1181 1180 1291
f 1269 1292 1257
f 1566 1538 438
f 136 784 1566
f 1563 1564 169
f 107 114 109
f 1297 1282 1298
f 1464 1477 1476
f 1520 187 507
f 1301 1302 1303
f 1306 1307 1308
f 175 456 1532
f 1532 456 200
f 1311 1266 1312
f 872 1314 1315
f 3836 843 878
f 1305 1308 864
f 1040 1275 863
f 1564 1566 399
f 592 1576 1575
f 591 1575 1088
f 1581 1584 1583
f 1196 1152 1147
f 710 582 583
f 285 407 408
f 953 954 961
f 1594 1592 1589
f 1585 1588 1587
f 1592 1591 1590
f 3885 945 944
f 1600 1599 1598
f 1604 1603 1602
f 1399 1392 979
f 1589 1590 1596
f 1610 1609 1608
f 298 257 361
f 551 552 276
f 1627 1626 3814
f 859 811 818
f 1078 857 1328
f 1555 439 1530
f 572 573 680
f 772 465 776
f 977 1281 918
f 404 403 392
f 1054 1331 750
f 1644 1645 1643
f 932 1265 1082
f 1067 1333 1334
f 1540 1539 264
f 597 1335 643
f 471 761 762
f 1642 696 3831
f 1644 1642 3842
f 923 946 950
f 96 549 548
f 520 531 522
f 445 444 443
f 849 839 848
f 480 759 755
f 1646 760 481
f 311 426 1567
f 464 463 3497
f 3497 1360 1361
f 234 237 236
f 190 193 192
f 153 154 152
f 231 287 286
f 1552 1553 1551
f 760 1646 1648
f 3832 1647 1649
f 828 827 826
f 52 167 166
f 1663 1662 1661
f 287 107 115
f 668 671 670
f 634 645 640
f 553 560 559
f 118 36 33
f 492 484 491
f 3552 1652 1651
f 582 589 584
f 384 395 392
f 1381 1382 1383
f 1562 1561 435
f 952 953 951
f 3529 3566 583
f 1660 1661 1667
f 1394 1395 1396
f 1660 1665 1664
f 1671 1670 1669
f 1624 1625 1673
f 1407 1408 1409
f 1677 1676 1675
f 1613 1679 1677
f 1679 1678 1676
f 1626 1681 3811
f 534 199 198
f 803 733 734
f 400 248 191
f 65 66 143
f 3526 1657 1656
f 402 159 157
f 629 628 627
f 461 477 49
f 758 757 495
f 796 787 786
f 406 407 1513
f 342 343 166
f 1694 1659 1658
f 1692 1687 1694
f 3557 1693 1652
f 3921 1704 1703
f 326 547 302
f 3916 3921 1702
f 3919 3918 1698
f 1699 1691 3927
f 1557 406 1560
f 1127 1116 1117
f 400 401 289
f 1706 1702 1707
f 1707 1702 1599
f 1709 1706 1708
f 1714 1712 1711
f 3919 3915 1709
f 1704 1711 1577
f 1716 1714 1713
f 1559 1562 1549
f 1722 1721 1720
f 1335 597 596
f 410 411 377
f 973 1170 1163
f 168 169 399
f 1571 682 1089
f 1572 681 682
f 749 646 647
f 1730 1724 1723
f 1594 1582 1729
f 1729 1723 1591
f 1384 1378 1377
f 1732 1731 1712
f 1724 1730 1731
f 1722 1724 1732
f 1721 1722 1733
f 1734 1733 1716
f 1735 1737 1736
f 1733 1732 1714
f 1663 1664 1741
f 1742 1665 1740
f 1738 1739 1737
f 1665 1660 1666
f 1665 1742 1744
f 1725 1726 1746
f 1591 1725 1745
f 1590 1745 1747
f 1745 1746 1748
f 1659 1688 3538
f 3287 1760 3545
f 1185 1177 1182
f 1664 1744 1749
f 1741 1749 1739
f 1746 1742 1743
f 1726 1744 1742
f 1115 924 1153
f 1654 3546 3575
f 1896 3562 3549
f 1720 1749 1744
f 1721 1739 1749
f 1750 1718 1701
f 1697 1736 1750
f 1151 1152 1063
f 1751 1752 1670
f 1695 1658 1752
f 961 962 986
f 1770 1769 1768
f 1766 1594 1593
f 1731 1759 1579
f 1579 1777 1774
f 3928 1772 1771
f 1764 1772 3928
f 1777 1776 1775
f 3762 3763 1699
f 1004 1127 1128
f 1774 1775 1771
f 987 1400 1399
f 1578 1774 1772
f 1783 1782 1781
f 1597 1598 1770
f 639 1878 3895
f 3928 3929 1769
f 1793 1792 1789
f 3929 3920 1798
f 3508 3516 3773
f 1802 1867 3924
f 1788 1790 1794
f 1793 1794 1795
f 3773 3772 1675
f 1584 1581 1783
f 1771 1797 3920
f 1801 1799 1798
f 1768 1769 1798
f 1775 1796 1797
f 508 514 515
f 1796 1803 1802
f 1800 1798 3920
f 1794 1805 1804
f 3532 1670 1752
f 485 1808 1807
f 3809 3844 1640
f 3837 3844 1810
f 485 482 1640
f 1690 1691 3770
f 487 488 1648
f 3839 1813 1816
f 3838 1811 1648
f 3839 1812 1811
f 1812 1809 487
f 1641 1809 767
f 465 466 755
f 767 1815 3823
f 3822 1816 3826
f 1809 1812 1815
f 3837 1653 1651
f 675 672 3541
f 1814 1649 1822
f 1821 1822 3821
f 1824 1822 1649
f 1827 1849 1850
f 1668 1669 1662
f 1779 1780 1848
f 1790 1827 1805
f 1833 1836 1853
f 3521 3506 693
f 1614 1615 1616
f 1852 1853 3498
f 1620 1621 1622
f 1855 1765 1574
f 1847 1852 3501
f 1766 1765 1855
f 1629 1630 1631
f 1633 1622 1634
f 1635 1636 1637
f 1848 1833 1852
f 1855 1861 1863
f 1803 1866 1867
f 1862 1863 1831
f 1782 1855 1862
f 3922 3924 1865
f 1873 1872 1870
f 1874 1869 799
f 2045 3878 3897
f 1219 1345 1295
f 1615 1614 1396
f 3884 3895 1877
f 645 3898 3786
f 1345 1219 1035
f 634 639 3884
f 15 1887 1327
f 3910 3895 1878
f 1894 604 605
f 3506 3551 627
f 3560 640 645
f 340 341 454
f 1897 194 195
f 1889 1882 1877
f 1901 94 129
f 196 749 754
f 1705 1704 3921
f 340 378 166
f 1570 1480 563
f 1904 1494 194
f 1781 1862 1832
f 1905 549 55
f 1000 994 995
f 986 919 920
f 1191 1185 1190
f 2094 2077 2075
f 1920 1921 1919
f 453 454 1912
f 1915 1919 1918
f 3882 2112 2106
f 1655 3575 3531
f 1916 1918 1926
f 704 3554 3561
f 278 1916 1925
f 3565 3564 1818
f 1097 949 1115
f 1927 1928 727
f 3578 3579 3654
f 1920 310 307
f 1929 307 48
f 503 504 1497
f 1902 1903 787
f 1816 1821 3820
f 1925 1926 1923
f 1535 1569 1568
f 254 252 258
f 1509 1497 366
f 119 86 35
f 219 288 293
f 141 46 47
f 542 205 244
f 1940 552 430
f 1779 1828 1827
f 1701 1710 3915
f 1661 3550 3515
f 270 53 754
f 197 1947 749
f 1727 1728 1212
f 53 54 232
f 1465 1468 1479
f 1284 3862 3854
f 1951 446 412
f 168 398 1554
f 1486 1485 206
f 506 77 78
f 994 1001 1007
f 951 953 963
f 1013 3859 3861
f 3826 3820 1820
f 1498 1909 1954
f 299 298 543
f 1754 1755 1756
f 1681 469 1683
f 1696 1694 1695
f 13 14 738
f 473 476 475
f 482 1641 768
f 204 62 30
f 1761 1762 820
f 611 1763 1125
f 1501 1503 1908
f 1074 1073 711
f 1960 1944 82
f 120 1956 1960
f 35 86 87
f 1773 1199 1025
f 1965 1545 1569
f 494 761 471
f 1966 1967 1969
f 446 1951 1971
f 174 368 125
f 1580 1579 1578
f 1785 1786 1787
f 1972 1546 304
f 1254 876 875
f 1973 341 342
f 321 1912 1973
f 1910 277 275
f 509 1973 514
f 1486 1507 1527
f 1974 1874 804
f 1977 1976 1974
f 1980 448 1966
f 379 1 2
f 1718 1715 1710
f 884 995 992
f 1680 1684 1678
f 902 990 525
f 344 255 256
f 135 138 137
f 448 446 1967
f 589 605 604
f 910 909 908
f 1981 1966 1968
f 1982 1981 1987
f 1988 1979 1987
f 1990 1988 1989
f 1991 1989 1993
f 322 321 320
f 992 828 830
f 1144 1076 1086
f 1995 1977 1978
f 1133 1129 1118
f 1997 1995 1994
f 870 1823 1335
f 805 806 1982
f 727 184 2000
f 1996 1994 1988
f 1994 1978 1979
f 1829 616 792
f 1830 1073 941
f 798 803 800
f 729 732 731
f 2011 2012 2023
f 1834 1835 846
f 402 283 284
f 2022 2023 2024
f 1838 718 989
f 810 955 952
f 1823 1839 1840
f 1430 1426 1432
f 1215 844 1841
f 1316 1208 873
f 2112 1401 1384
f 1842 1843 1844
f 1159 846 845
f 837 27 1846
f 1971 1951 2030
f 517 369 370
f 1471 2026 2027
f 3551 3525 626
f 2174 2175 770
f 935 934 1854
f 1613 1619 1611
f 1231 1228 1225
f 1856 1857 891
f 1300 1309 748
f 1150 1149 1858
f 1643 606 696
f 1215 1265 1264
f 1320 1860 902
f 1956 1943 1944
f 2031 668 669
f 2034 1325 1310
f 1879 1880 1656
f 40 245 242
f 1992 1993 2039
f 888 958 957
f 1882 1889 1996
f 1078 1138 1255
f 1871 912 1192
f 294 411 218
f 1323 2041 2026
f 123 1960 83
f 1324 2036 2041
f 384 358 359
f 1324 1325 2038
f 1883 1884 1885
f 287 1540 114
f 1096 1886 1134
f 915 1329 931
f 806 1980 1981
f 3533 3529 584
f 1425 2030 2042
f 1018 2042 1948
f 3562 1896 740
f 1948 2042 649
f 1881 1882 1990
f 1900 129 130
f 992 995 994
f 923 927 925
f 3878 2045 2047
f 1643 2048 625
f 2050 2052 2051
f 2045 1405 1404
f 3876 2047 945
f 1139 1080 1079
f 1037 1856 892
f 2055 2053 2057
f 1198 989 718
f 1619 2058 1612
f 2058 1605 1606
f 2059 2060 1607
f 2058 1619 1624
f 71 72 179
f 405 406 1557
f 322 1548 1972
f 2061 2052 2063
f 2066 2065 2067
f 2052 2061 2064
f 1609 1610 2066
f 1515 151 152
f 1009 827 993
f 1644 3843 3815
f 279 1915 1916
f 1285 3863 3862
f 1647 2066 1825
f 2056 2057 2067
f 319 320 1953
f 667 666 1913
f 2070 631 625
f 2052 2050 2055
f 2038 1654 1655
f 1606 1601 2073
f 1235 1917 1270
f 2072 2073 2075
f 2059 1606 2072
f 2074 2075 2077
f 1601 1602 2078
f 2049 2048 1643
f 1000 1004 1001
f 1089 943 684
f 1931 1286 1306
f 1462 1459 1021
f 1932 1933 1934
f 875 874 1846
f 1936 1051 1937
f 44 45 46
f 1534 1955 1956
f 1541 318 317
f 2081 2082 2084
f 146 1945 1959
f 1360 1941 1942
f 985 984 1032
f 1995 1997 1892
f 2079 2080 2082
f 2095 2096 2076
f 2081 2093 2078
f 2055 2050 2054
f 501 2096 2095
f 2097 2100 2099
f 2098 2099 2094
f 2140 2141 3893
f 2141 2046 3894
f 2051 2070 2048
f 592 2102 2101
f 2071 2064 2076
f 2102 2097 2098
f 593 2103 2102
f 1019 1895 746
f 1950 11 12
f 725 2071 2096
f 1385 2105 2104
f 1379 2104 2106
f 2107 2108 2100
f 3908 726 502
f 3896 502 499
f 940 1389 2109
f 928 929 1170
f 3868 590 684
f 1962 1963 1964
f 3878 680 573
f 2039 1993 1968
f 1389 1390 2110
f 1398 2111 2113
f 3757 3755 3753
f 3911 3883 2107
f 949 923 924
f 260 241 324
f 1390 1397 2113
f 2070 2051 2064
f 3867 3911 2103
f 2105 1385 1421
f 2114 1421 1423
f 3892 2114 2115
f 3908 2105 2114
f 554 2116 1902
f 972 1163 967
f 1765 1593 1573
f 1984 1985 1986
f 2053 2117 2069
f 3573 3556 724
f 1625 1677 1674
f 3881 3888 2119
f 3903 2115 2123
f 56 1954 1906
f 626 3877 3879
f 2001 2002 2003
f 3912 3841 2127
f 2006 2007 2008
f 2127 1413 1412
f 2014 2015 2016
f 2018 2019 2020
f 1495 1424 1947
f 1379 1377 1386
f 3814 3811 1680
f 2029 1885 1884
f 3902 2128 2120
f 629 3879 3914
f 682 683 943
f 724 1650 2121
f 1757 1819 3821
f 765 1810 3844
f 3851 714 715
f 706 707 3870
f 981 986 987
f 1457 1868 1656
f 2017 2016 2032
f 1458 1655 1868
f 1776 1777 1792
f 1959 1945 1946
f 3663 3715 3725
f 3913 3881 2122
f 1093 1089 689
f 966 965 968
f 3852 715 3881
f 2172 3577 2170
f 670 2138 2137
f 3761 787 1903
f 1429 19 28
f 964 963 978
f 3841 3813 1413
f 1473 1474 669
f 3834 3833 1359
f 2138 798 1870
f 1872 1473 2137
f 715 716 3888
f 1881 1991 1992
f 3843 3842 739
f 1837 1847 3513
f 253 58 59
f 1808 3837 3840
f 1647 3832 3818
f 3865 3866 671
f 2112 3882 3883
f 1405 2045 2044
f 3829 3824 1364
f 273 1541 391
f 576 632 3520
f 3875 3865 668
f 1430 1431 2140
f 2136 3850 3860
f 1430 2139 18
f 3893 3894 570
f 1442 1439 2046
f 1431 1442 2141
f 3869 3913 3850
f 3808 3823 1817
f 3866 3893 695
f 2142 2025 798
f 571 2143 2142
f 3819 3814 1618
f 2143 2022 2025
f 694 2142 2138
f 681 1572 2144
f 2144 2011 2022
f 328 210 457
f 1572 2010 2011
f 630 3892 3903
f 2085 2086 2087
f 2090 2091 2092
f 572 2144 2143
f 1875 1976 2153
f 1873 1875 2149
f 2103 2107 2097
f 2157 2043 2155
f 2128 1412 1414
f 3874 3871 589
f 3872 3870 628
f 2149 2153 2158
f 2159 2158 3905
f 698 3907 3902
f 3823 3847 3827
f 2158 2156 3874
f 1438 2044 2046
f 2035 2154 2160
f 2161 2160 3889
f 3871 3891 605
f 3873 17 18
f 370 29 61
f 649 1951 413
f 2153 2157 2156
f 1428 1429 1449
f 1490 76 73
f 3890 3905 710
f 2155 1891 3891
f 1456 1457 1880
f 2125 2088 2087
f 2160 2159 3890
f 300 1959 505
f 1064 1062 1046
f 2043 1892 1891
f 2129 2130 2004
f 2131 2132 2133
f 3848 3849 1450
f 1998 1975 804
f 3879 673 3864
f 474 492 490
f 1164 1165 1182
f 707 2162 3909
f 708 1472 2162
f 2162 2161 3886
f 548 549 1905
f 1145 1136 1114
f 705 2121 1650
f 2043 2157 1977
f 737 738 554
f 1034 1195 1191
f 458 1905 1907
f 195 196 232
f 2040 2039 1969
f 2145 2146 2147
f 2054 2050 2049
f 3832 1646 1639
f 9 12 11
f 252 364 506
f 472 478 479
f 1865 3924 3791
f 900 903 910
f 1941 2150 2151
f 1921 1928 1927
f 2163 1897 1898
f 271 156 153
f 1904 1326 12
f 282 263 264
f 1872 1873 2154
f 1326 1904 1897
f 628 692 693
f 1724 1722 1719
f 1549 1562 436
f 1582 1583 1730
f 1921 1920 1929
f 3563 3511 10
f 2152 2037 1950
f 475 772 774
f 769 2172 2171
f 2171 2165 476
f 476 773 772
f 1791 565 464
f 2166 2167 2168
f 595 371 372
f 483 1809 1641
f 762 2174 2173
f 771 483 484
f 486 487 1809
f 297 1549 1517
f 763 2175 2174
f 776 755 759
f 184 185 2176
f 412 447 303
f 2005 2176 185
f 3811 1681 1682
f 2164 2170 756
f 1472 2035 2161
f 950 951 964
f 2177 2178 2179
f 227 226 1510
f 2182 2183 2184
f 2186 2019 2018
f 1985 2182 2181
f 214 736 729
f 865 849 842
f 849 865 1357
f 559 3187 3188
f 16 13 737
f 560 553 498
f 3193 3196 3195
f 3200 3197 3198
f 3211 3214 3213
f 3215 3218 3217
f 2187 2188 2002
f 2169 2168 2189
f 2192 2086 2085
f 2193 2194 2195
f 2198 2199 2200
f 1998 1982 1979
f 3664 3665 3668
f 2116 1898 1903
f 1859 2006 2009
f 3904 2123 2126
f 1135 1148 1087
f 2201 2202 2015
f 1149 111 110
f 3221 3222 3218
f 2203 2204 2205
f 579 580 1895
f 1755 2207 2208
f 3891 3910 1893
f 1211 2151 2150
f 868 997 2210
f 944 945 930
f 2130 2129 2202
f 233 1903 1898
f 665 751 750
f 1167 1254 999
f 2211 2212 2213
f 2215 2216 2217
f 3867 593 590
f 2220 221 220
f 823 824 948
f 3225 3220 3227
f 266 204 455
f 3882 2108 2107
f 2221 2222 3519
f 2223 2224 2225
f 2207 2125 2124
f 673 674 3869
f 817 1000 996
f 2227 2228 2146
f 1947 1948 646
f 3900 2135 17
f 2229 1635 1638
f 1679 1613 1618
f 1637 2231 2232
f 2233 2234 1617
f 2231 2235 2236
f 1381 1638 2238
f 3586 2241 2242
f 1630 2234 2233
f 1681 1626 472
f 1408 1407 2243
f 3236 3239 3238
f 3232 3241 3240
f 1637 2230 2238
f 3237 3238 3233
f 1409 1408 1634
f 1380 1383 2247
f 1628 2248 2245
f 2249 1623 1622
f 1632 1634 1408
f 2248 1628 1631
f 2235 2231 1637
f 3245 3246 3199
f 631 2070 2071
f 515 167 52
f 782 781 2251
f 2253 2254 2255
f 397 281 459
f 1456 2039 2040
f 2040 2041 2036
f 1401 2112 2111
f 2041 2040 1970
f 1535 121 414
f 1586 1587 2080
f 2256 983 1132
f 1700 1699 3918
f 3815 1896 1686
f 1263 2256 1886
f 598 1841 844
f 2257 2258 2259
f 2258 2261 2262
f 2259 2262 2263
f 2260 2259 2216
f 1967 1971 1970
f 2212 1964 1963
f 922 921 2218
f 1312 1098 1101
f 1307 1306 1286
f 1548 1569 1546
f 2266 2267 2268
f 2265 2268 2270
f 2272 2265 2269
f 2273 2266 2265
f 2275 2276 2277
f 2278 2274 2277
f 2284 2285 3617
f 2287 2283 2286
f 2288 2289 2283
f 2290 2284 3639
f 2291 2292 2293
f 2295 2291 2294
f 2296 2297 2291
f 2297 2298 2292
f 2294 2293 2299
f 2279 2294 2300
f 2298 2301 2302
f 2292 2302 2303
f 2293 2303 2304
f 2304 2305 2306
f 2308 2309 2310
f 2302 2307 2310
f 2301 2311 2307
f 2312 2308 2307
f 2313 2314 2315
f 2318 2319 2320
f 3748 3771 2322
f 2324 2325 2273
f 2313 2324 2326
f 2328 2324 2313
f 2329 2325 2324
f 2331 2332 2333
f 2330 2333 2267
f 2325 2330 2266
f 2329 2331 2330
f 2333 2334 2335
f 2336 2334 2333
f 2338 2336 2332
f 2331 2339 2337
f 2329 2340 2339
f 2328 2341 2340
f 2316 2342 2341
f 2342 2316 2315
f 2344 2345 2346
f 2341 2344 2347
f 2342 2348 2344
f 2348 2349 2345
f 2350 2351 2352
f 2339 2350 2353
f 2340 2347 2350
f 2347 2346 2351
f 2337 2353 2354
f 2353 2352 2355
f 2356 2277 2276
f 2356 2357 2358
f 2356 2359 2296
f 2279 2277 2356
f 2360 2361 2270
f 2267 2335 2360
f 2362 2363 2364
f 2362 2365 2361
f 2366 2362 2358
f 2366 2367 2363
f 2357 2276 2368
f 2366 2368 2369
f 2276 2275 2370
f 2368 2370 2282
f 2372 2373 2374
f 2375 2376 2377
f 2378 2379 2380
f 2382 2378 2381
f 2384 2385 2378
f 2385 2386 2379
f 2388 2389 2390
f 2387 2390 2392
f 2393 2394 2387
f 2394 2395 2388
f 2186 2401 2402
f 2403 2404 2327
f 2272 2403 2326
f 2271 2405 2403
f 2405 2406 2404
f 2404 2407 2408
f 2409 2410 2411
f 2409 2412 2271
f 2413 2409 2269
f 2413 2414 2410
f 2417 2415 2416
f 2417 2418 2406
f 2412 2417 2405
f 2411 2415 2417
f 2406 2419 2407
f 3569 3520 632
f 2420 2398 2397
f 2420 2421 2423
f 2424 2420 2422
f 2424 2399 2398
f 2425 2391 2392
f 2421 2425 2426
f 2397 2396 2425
f 2396 2393 2391
f 2427 2314 2408
f 2430 2427 2428
f 2343 2315 2427
f 2432 2343 2430
f 2431 2430 2429
f 2435 2431 2433
f 2436 2432 2431
f 2428 2408 2407
f 2422 2437 2407
f 2438 2437 2422
f 2429 2428 2437
f 2440 2434 2433
f 2441 2439 2433
f 2442 2443 2439
f 2443 2444 2440
f 2445 2446 2444
f 2447 2445 2443
f 2383 2381 2445
f 2381 2380 2446
f 2448 2438 2423
f 2449 2448 2426
f 2441 2448 2449
f 2441 2429 2438
f 2449 2392 2390
f 2450 2390 2389
f 2447 2450 2451
f 2442 2449 2450
f 2451 2389 2453
f 2452 2453 2455
f 2382 2452 2454
f 2383 2451 2452
f 2456 2457 2373
f 2459 2460 2461
f 2463 2464 2465
f 2462 2465 2285
f 2466 2462 2284
f 2467 2463 2462
f 2461 2460 3703
f 2468 2469 2470
f 2472 2468 2471
f 2474 2461 3701
f 2475 2476 2477
f 2458 2455 2453
f 2479 2453 2389
f 2395 2480 2479
f 2480 2459 2458
f 2481 2482 2483
f 2484 113 2485
f 2471 2470 2464
f 2473 2471 2463
f 2487 2467 2466
f 2486 2466 2290
f 2490 2486 2488
f 2491 2487 2486
f 2492 2473 2467
f 2493 2492 2487
f 2494 2495 2492
f 2495 2472 2473
f 3690 2496 2474
f 3691 2497 2496
f 2498 2494 2493
f 2500 2498 2499
f 3700 3687 2498
f 3687 3691 2494
f 2306 2504 2278
f 2305 2505 2504
f 2504 2505 2507
f 2506 2507 2288
f 2274 2506 2508
f 2278 2504 2506
f 3633 3632 2489
f 3620 3633 2488
f 2507 2509 2289
f 2505 2510 2509
f 2508 2288 2287
f 2511 2287 2281
f 2370 2511 2280
f 2275 2508 2511
f 2512 2490 2489
f 2514 2512 2513
f 2517 2512 2514
f 2517 2491 2490
f 2499 2493 2491
f 2499 2517 2516
f 2510 2505 2519
f 2518 2519 2521
f 3616 2518 2520
f 3632 2510 2518
f 2522 2304 2303
f 2523 2522 2310
f 2305 2304 2522
f 2524 2522 2523
f 2519 2524 2525
f 2505 2305 2524
f 2308 2312 2527
f 2526 2527 2529
f 2531 2526 2528
f 2309 2308 2526
f 1214 2532 2151
f 2419 2406 2418
f 2533 2345 2349
f 2534 2533 2317
f 2535 2536 2533
f 2536 2346 2345
f 2537 2351 2346
f 2538 2537 2536
f 2539 2540 2537
f 2540 2352 2351
f 2312 2355 2541
f 2527 2541 2542
f 2543 2435 2434
f 2545 2543 2544
f 2319 2318 2543
f 2318 2436 2435
f 2514 2515 2548
f 2547 2548 2550
f 2552 2547 2549
f 2552 2516 2514
f 2520 2521 2554
f 2553 2554 2556
f 3590 2553 2555
f 3621 2520 2553
f 2523 2309 2531
f 2557 2531 2530
f 2525 2523 2557
f 2559 2557 2558
f 2554 2559 2560
f 2521 2525 2559
f 2561 2375 2007
f 2376 2562 2225
f 2564 2565 2566
f 2563 2566 338
f 2569 2563 2567
f 2570 2564 2563
f 2572 2573 2574
f 2571 2574 2576
f 2544 2571 2575
f 2544 2434 2572
f 2578 2570 2569
f 2579 2577 2569
f 2574 2577 2579
f 2573 2578 2577
f 2581 2582 2583
f 2584 2580 2583
f 3697 3675 2580
f 3676 2581 2580
f 2582 2516 2552
f 2583 2552 2551
f 2500 2501 2589
f 2590 2588 2589
f 3693 3695 2588
f 3695 3700 2500
f 2501 2516 2591
f 2592 2593 2594
f 2386 2385 2503
f 2596 2379 2386
f 2596 2374 2373
f 2599 2596 2597
f 2599 2380 2379
f 2600 2446 2380
f 2600 2599 2598
f 2603 2600 2601
f 2603 2444 2446
f 2604 2603 2602
f 2440 2604 2605
f 2444 2603 2604
f 2606 2582 2581
f 2606 2607 2590
f 2591 2516 2582
f 3676 2587 2456
f 3689 2456 2372
f 2478 2477 2608
f 2609 2610 2611
f 2564 2570 2613
f 2612 2613 2598
f 2457 2612 2597
f 2565 2564 2612
f 2614 2613 2570
f 2615 2614 2578
f 2602 2601 2614
f 2601 2598 2613
f 2572 2434 2605
f 2616 2605 2602
f 2573 2572 2616
f 1459 1016 1045
f 1265 1215 1079
f 1612 1608 1609
f 2067 2057 2069
f 1135 1109 1136
f 1938 1937 2618
f 95 548 458
f 2058 1607 1608
f 1454 1469 1445
f 655 2620 1048
f 722 1049 2621
f 1131 985 1033
f 562 1481 366
f 1723 1719 1725
f 1786 1123 1122
f 267 300 323
f 1325 2034 1654
f 1468 1165 1435
f 658 657 529
f 8 532 247
f 382 1557 1559
f 788 619 1307
f 940 930 929
f 911 2622 2623
f 2621 2620 655
f 2624 1857 2625
f 998 1846 27
f 635 638 2626
f 2627 641 644
f 2628 2627 1840
f 1200 1199 2627
f 1199 1773 641
f 1520 515 49
f 1452 1350 1349
f 2630 2631 1859
f 644 643 1335
f 1197 1198 717
f 2632 717 719
f 2628 2632 1166
f 2629 1197 2632
f 1762 2633 1050
f 1823 870 873
f 2634 2635 794
f 1042 794 2635
f 93 94 1901
f 2036 2038 1458
f 1527 332 1525
f 877 876 1274
f 134 409 797
f 1328 893 931
f 607 777 1091
f 1043 2635 2637
f 2636 2637 2639
f 1275 2636 2638
f 1275 1040 1043
f 1272 2624 2626
f 2640 2626 638
f 1110 2641 2640
f 536 1272 2640
f 1472 708 1474
f 2042 2030 1951
f 1058 1106 1105
f 2642 2623 2643
f 1192 2642 2644
f 912 2623 2642
f 3898 1657 3526
f 1049 1048 2620
f 616 1829 1885
f 1331 1913 666
f 990 989 1198
f 1911 1912 321
f 1298 1282 1205
f 76 1490 1504
f 1502 1500 421
f 610 609 658
f 1146 937 659
f 2646 911 914
f 1280 1239 1238
f 1453 1454 1452
f 835 942 1843
f 1271 1270 1173
f 1893 1878 1826
f 1050 2633 1937
f 2651 2652 814
f 1006 1053 1281
f 2653 1084 2654
f 1001 1004 1003
f 585 997 679
f 2624 1272 621
f 555 678 2028
f 1207 526 1197
f 1626 1627 478
f 426 389 419
f 1030 1193 1773
f 3898 645 634
f 534 1533 138
f 1125 1092 1042
f 333 228 88
f 569 1570 561
f 1489 2656 871
f 1857 2624 620
f 1673 1674 3770
f 622 861 864
f 619 788 891
f 261 544 545
f 393 1555 1556
f 2658 2659 2647
f 1075 2658 2657
f 1081 1080 2658
f 1080 1139 2659
f 2644 2643 1141
f 2660 1141 1140
f 642 2660 1336
f 1193 2644 2660
f 679 678 555
f 1503 1501 1500
f 1318 1317 1101
f 2661 2659 1139
f 2661 1142 2663
f 2662 2647 2659
f 2662 2663 2622
f 2664 2622 911
f 2648 2664 2646
f 2648 2647 2662
f 2083 2094 2093
f 1442 1440 1437
f 519 329 330
f 1885 2029 1209
f 799 800 805
f 1946 1943 1952
f 1302 1301 1253
f 566 2005 224
f 1389 940 928
f 683 682 681
f 836 835 1842
f 2665 1842 1845
f 2666 2665 1303
f 24 836 2665
f 831 1072 2650
f 1845 1844 1304
f 2010 2013 2012
f 1051 1936 2667
f 1522 1521 1511
f 531 440 441
f 1250 635 2625
f 2669 2625 1857
f 783 2669 1856
f 782 1250 2669
f 720 2670 2671
f 1055 1931 1930
f 1333 1067 1251
f 619 622 1308
f 652 655 2619
f 521 522 1539
f 1838 988 537
f 2672 537 536
f 1113 2672 2641
f 1113 527 1838
f 1016 1013 1351
f 3897 573 570
f 226 227 104
f 3564 3669 3827
f 1036 1037 1884
f 2674 1301 1304
f 2673 1304 1844
f 1334 2673 2675
f 1333 2674 2673
f 2676 702 1039
f 1843 2676 2675
f 942 1074 2676
f 1074 699 702
f 752 1057 1055
f 1200 1166 656
f 1120 1846 874
f 2677 874 877
f 1241 2677 1052
f 1119 1120 2677
f 1560 1513 151
f 1208 1316 611
f 215 735 736
f 1460 1459 1462
f 1208 1207 1839
f 854 856 1282
f 72 445 182
f 544 1563 1565
f 217 200 456
f 2047 1404 930
f 1204 2618 1937
f 913 777 686
f 840 527 1113
f 1531 729 730
f 2678 778 1283
f 601 667 1914
f 1537 1538 459
f 1819 1757 3509
f 991 1860 862
f 2679 711 1073
f 2680 1830 983
f 779 2680 2256
f 778 2678 2680
f 2678 2679 1830
f 180 542 245
f 1886 1132 1131
f 1138 1137 1274
f 1841 598 1140
f 75 313 314
f 193 423 420
f 2681 2682 1099
f 170 1567 1565
f 349 416 417
f 1121 1124 2684
f 547 797 409
f 123 122 121
f 2643 2663 1142
f 1542 1544 513
f 899 900 907
f 1210 677 676
f 791 663 982
f 24 27 837
f 893 896 932
f 1860 1320 863
f 535 538 862
f 1569 1548 1547
f 181 455 542
f 660 659 937
f 2013 567 568
f 887 890 2631
f 1524 1508 361
f 520 161 162
f 2653 855 854
f 1238 1237 2655
f 718 1838 527
f 1492 1493 518
f 792 616 615
f 599 846 1835
f 290 457 456
f 312 171 1552
f 1248 2687 1179
f 153 149 177
f 1240 1181 1222
f 1257 1292 1235
f 1291 1084 1083
f 1052 877 1277
f 743 742 2618
f 444 140 430
f 23 1224 1172
f 2687 2654 1180
f 102 103 409
f 1283 607 610
f 373 497 650
f 1180 2654 1084
f 855 2653 2655
f 1173 1270 1917
f 2689 850 853
f 2688 853 1108
f 2686 2688 1279
f 2687 2689 2688
f 2691 1302 1252
f 2690 1252 850
f 1248 2690 2689
f 1248 1247 2691
f 2692 617 24
f 2691 2692 2666
f 1247 1258 2692
f 1258 1168 617
f 394 1554 1555
f 2693 1260 1259
f 1072 1236 1262
f 1257 1071 1168
f 398 439 1555
f 871 1784 1314
f 1178 1232 1249
f 1224 1289 1173
f 1010 2617 2618
f 1175 1174 1292
f 2654 2687 2686
f 2694 1157 1216
f 71 418 1487
f 701 1112 1111
f 1072 1261 2649
f 1085 2695 22
f 895 2694 1264
f 1601 1606 1605
f 1259 1262 1271
f 21 20 1220
f 988 991 538
f 598 597 1336
f 1050 860 818
f 1298 2645 1761
f 1168 1167 618
f 858 1168 1256
f 39 242 516
f 2652 1761 819
f 313 316 315
f 2026 1970 1971
f 2656 1489 596
f 814 819 818
f 2696 2651 813
f 1260 2696 2649
f 2693 2697 2696
f 2697 1296 2651
f 381 355 390
f 3818 3819 1611
f 1475 1427 1428
f 1292 1174 1917
f 1551 353 354
f 1526 1525 1523
f 1593 1589 1595
f 1232 1269 1246
f 2695 2693 1223
f 2698 1297 1296
f 2698 2697 2693
f 2685 2698 2695
f 2685 854 1297
f 562 1497 271
f 2652 2651 1296
f 1365 1366 1364
f 1958 1946 1953
f 585 588 2210
f 1561 1560 1515
f 975 2648 1146
f 347 67 68
f 1038 1111 636
f 2700 781 780
f 2699 780 1036
f 2701 2699 1883
f 851 2700 2699
f 2674 1333 2251
f 2702 2251 781
f 1253 2702 2700
f 1301 2674 2702
f 1519 387 388
f 1273 1239 1280
f 2703 1280 1107
f 2701 2703 852
f 1829 1273 2703
f 91 260 326
f 1784 871 2656
f 2683 2684 2705
f 604 1894 3499
f 1669 3534 3548
f 2062 2063 2060
f 621 535 861
f 2023 731 732
f 686 779 1263
f 857 1051 2668
f 883 830 882
f 637 636 1111
f 2668 894 893
f 2667 921 894
f 1039 1038 1068
f 313 75 1504
f 1911 1972 305
f 1936 2706 1964
f 2707 2402 2401
f 2708 2707 2183
f 738 2163 2116
f 2349 2348 2432
f 2711 2712 2020
f 2400 2711 2019
f 2714 2715 2716
f 2717 2718 2719
f 2721 2722 2723
f 2726 2727 2728
f 2725 2728 2730
f 2731 2725 2729
f 2732 2726 2725
f 2734 2735 2736
f 2738 2739 2740
f 2737 2740 2741
f 2744 2745 2746
f 2745 2744 2748
f 2749 2750 2747
f 2753 2749 2751
f 2250 1380 2246
f 2754 1396 1614
f 3598 2754 2755
f 3608 2745 2747
f 1617 2756 2755
f 2242 2758 1620
f 2191 2085 2760
f 2761 2759 2760
f 3648 2759 2761
f 3623 2191 2759
f 3209 3248 3223
f 1395 1394 2236
f 1395 2235 1636
f 1616 1635 2229
f 1617 2234 2763
f 2756 2763 3628
f 2765 2763 2234
f 2766 2764 3628
f 3202 3199 3246
f 1516 437 435
f 2768 2769 3552
f 1495 541 578
f 2135 2136 28
f 3526 3540 2773
f 1690 1689 3926
f 2778 2779 2780
f 2777 2780 2781
f 2784 2778 2777
f 3555 3521 575
f 1494 1904 9
f 3529 2016 2015
f 451 61 505
f 2786 2787 2788
f 2779 2786 2785
f 2789 2752 2741
f 2790 2753 2752
f 2792 2793 2794
f 2793 2795 2796
f 2796 2797 2750
f 2794 2796 2749
f 2798 1393 1396
f 3591 2798 2754
f 2798 2799 2800
f 3591 3662 2799
f 2797 2796 2795
f 2791 2794 2753
f 216 233 232
f 3804 2806 2807
f 3805 2809 2804
f 2769 2810 3557
f 183 185 184
f 2811 2812 2775
f 2804 2811 2776
f 2809 2813 2811
f 2812 2811 2813
f 3805 2808 2816
f 3796 2818 2815
f 3798 3800 2820
f 3793 2823 2819
f 2824 2736 2735
f 2823 2825 2824
f 2825 2823 2826
f 3793 2822 2827
f 3796 2817 2826
f 2713 2716 2829
f 2828 2829 2831
f 2822 2821 2828
f 2821 2820 2713
f 2832 2827 2822
f 2833 2832 2830
f 2834 2835 2832
f 2835 2818 2827
f 2837 2838 2839
f 2836 2839 2841
f 2842 2836 2840
f 2843 2837 2836
f 2840 2841 2845
f 2718 2844 2845
f 2730 2728 2844
f 2727 2840 2844
f 2846 2845 2841
f 2829 2846 2847
f 2847 2841 2839
f 2848 2839 2838
f 2833 2848 2849
f 2831 2847 2848
f 2850 2814 2851
f 2853 2850 2852
f 2783 2777 2782
f 2785 2788 2853
f 2780 2785 2856
f 2857 2858 2855
f 2859 2857 2782
f 2861 2843 2842
f 2860 2842 2727
f 2862 2860 2726
f 2863 2861 2860
f 2861 2863 2858
f 2843 2861 2857
f 2856 2853 2854
f 2781 2856 2864
f 2837 2843 2859
f 2838 2837 2864
f 2852 2851 2834
f 2854 2852 2849
f 2865 2815 2818
f 2851 2865 2835
f 2813 2809 2815
f 2814 2813 2865
f 2866 2812 2814
f 2788 2866 2850
f 2866 2788 2787
f 2812 2866 2867
f 1892 1889 1890
f 2720 2719 2846
f 298 299 256
f 2872 2714 2713
f 3794 3800 2735
f 2729 2730 2874
f 2846 2716 2715
f 2876 2877 2878
f 2733 2875 2878
f 3806 3807 2879
f 3806 2880 2872
f 2882 2883 2884
f 2881 2884 2715
f 2880 2881 2714
f 2879 2882 2881
f 2885 2886 2887
f 2888 2889 2890
f 2885 2890 2892
f 2893 2886 2885
f 1942 2151 2532
f 2895 2892 2720
f 2884 2895 2870
f 2883 2896 2895
f 2896 2891 2892
f 2889 2874 2717
f 2890 2717 2720
f 2897 2893 2891
f 2898 2897 2896
f 2899 2898 2883
f 2900 2899 2882
f 3797 2900 2879
f 2876 2902 2901
f 2901 2902 2904
f 1785 2656 1835
f 2905 2906 2899
f 2907 2908 2897
f 3797 2901 2903
f 632 576 577
f 3532 3547 2867
f 434 385 550
f 2768 2770 3640
f 2910 2911 1623
f 2241 2912 2758
f 3640 2770 2913
f 1623 2911 2757
f 3587 2242 2757
f 2229 1381 1380
f 2765 1630 1629
f 2915 2914 1629
f 3642 3641 2914
f 3641 3622 2765
f 2919 2916 3642
f 2918 2915 2912
f 3614 2918 2241
f 3618 2919 3613
f 3541 2177 2180
f 3521 2002 2188
f 3705 3573 714
f 2925 2766 2917
f 2924 2917 2916
f 3610 2924 2919
f 3611 2925 2924
f 2926 2927 2766
f 3658 2926 2925
f 1715 1713 1705
f 785 497 498
f 1387 651 565
f 374 375 1899
f 3573 2203 2206
f 2929 2930 2886
f 2932 2933 2934
f 1905 1906 1908
f 2930 2935 2936
f 2938 2935 2930
f 1493 369 517
f 1603 1585 1586
f 2939 2938 2929
f 2940 2939 2908
f 3665 1707 1600
f 2886 2930 2937
f 2906 2907 2898
f 2908 2929 2893
f 2942 2934 2933
f 2941 2933 2937
f 3501 2941 2936
f 3498 2942 2941
f 2943 2944 2710
f 2943 2873 2874
f 2945 2943 2889
f 2946 2944 2943
f 2932 2945 2888
f 2931 2946 2945
f 727 1928 1929
f 2903 2904 2947
f 545 594 42
f 1480 1570 533
f 2907 2906 2949
f 2906 2905 2950
f 1558 452 215
f 3799 2903 2948
f 2054 1645 1644
f 3705 3684 2203
f 1828 1837 1849
f 2953 2954 2955
f 2952 2955 2957
f 2956 2261 2258
f 2953 2952 2258
f 2454 2455 2474
f 3747 2958 2959
f 3747 2132 2131
f 2961 2962 2963
f 2958 2963 2964
f 222 221 2485
f 2477 2226 2966
f 2631 2561 2006
f 2384 2454 2496
f 2967 2968 2959
f 2968 2967 2970
f 3759 2033 2971
f 3784 2971 2960
f 2972 2971 2033
f 2007 2377 2973
f 3560 3559 2134
f 1836 1833 1832
f 3506 2188 2090
f 955 810 959
f 672 675 674
f 633 710 713
f 2024 732 733
f 2025 2024 803
f 425 1552 1550
f 2975 2976 888
f 1319 1158 1157
f 1212 1935 2977
f 889 957 2228
f 1978 1974 1975
f 1138 1078 1329
f 751 665 2979
f 1619 1613 1625
f 2252 2255 1728
f 1157 1160 845
f 2706 1936 1938
f 2980 2255 2254
f 2982 2975 887
f 802 712 711
f 678 677 2029
f 527 840 690
f 1839 1207 2629
f 2983 2984 602
f 2983 1914 1913
f 2985 2983 1331
f 2986 2984 2983
f 2987 2637 2635
f 2985 2988 2639
f 2990 1319 1318
f 2991 2992 2993
f 2995 2991 2994
f 1106 1058 2991
f 1058 1057 2992
f 1415 1406 1365
f 1317 922 2217
f 1932 1728 2255
f 926 2998 2999
f 3001 2993 2992
f 3000 2992 1057
f 2999 3000 2978
f 2998 3001 3000
f 3002 2998 2209
f 3002 3003 2996
f 2993 3001 3002
f 1103 1106 2995
f 3004 2995 2996
f 2209 2210 3004
f 588 1103 3004
f 295 296 433
f 2638 2639 2988
f 3005 2988 1056
f 1305 3005 1930
f 1276 2638 3005
f 1987 1968 1993
f 2633 1762 1761
f 1423 1422 1417
f 3561 3517 739
f 2671 2670 2704
f 1473 1872 2035
f 922 1317 2694
f 1401 1400 1378
f 556 2028 1884
f 842 848 3825
f 1854 2706 2617
f 933 1082 1081
f 1440 1441 1436
f 529 657 719
f 1031 1025 1027
f 777 913 912
f 2645 1205 1204
f 441 438 1538
f 790 1287 587
f 2065 2066 1610
f 1860 991 990
f 60 106 87
f 1424 1017 1948
f 332 1527 1507
f 261 262 138
f 187 188 449
f 1719 1720 1726
f 1931 1055 1059
f 3006 1059 1105
f 1287 3006 1104
f 1286 1931 3006
f 3007 3008 3009
f 3009 3008 653
f 618 999 26
f 2029 677 1210
f 957 601 600
f 1049 2146 2228
f 2631 890 3011
f 890 889 2227
f 3011 2227 2145
f 2561 3011 3012
f 1026 656 609
f 2706 1854 1961
f 3013 2965 2485
f 2148 2147 1267
f 3015 1267 1266
f 2997 2264 1101
f 642 641 1773
f 186 477 461
f 1041 1040 1320
f 1121 3016 3017
f 2984 2986 2987
f 3018 2987 2634
f 1048 603 3018
f 603 602 2984
f 2679 2678 801
f 2062 2072 2074
f 2061 2074 2076
f 414 303 1545
f 3016 1121 2683
f 3019 2683 2704
f 3020 3019 2670
f 3007 3016 3019
f 1871 1090 1091
f 3021 1787 1122
f 3022 3021 3017
f 1314 3021 3022
f 1784 1787 3021
f 1316 1315 1763
f 3023 3022 3010
f 3023 3009 795
f 1763 3023 1092
f 1315 3022 3023
f 3016 3007 3010
f 752 751 2978
f 2986 2639 2637
f 3024 654 653
f 3020 3024 3008
f 720 723 3024
f 723 2621 654
f 2681 1098 1268
f 2671 3025 1268
f 2705 2681 3025
f 1313 3026 3027
f 3026 3028 3029
f 3027 3029 3030
f 1311 3027 3031
f 2012 568 731
f 917 2657 974
f 743 1206 856
f 1888 2027 2030
f 2682 2705 2684
f 3032 2684 1124
f 1100 3032 2989
f 1099 2682 3032
f 1123 2990 2989
f 3033 1834 1159
f 2990 3033 1158
f 1123 1786 3033
f 1786 1785 1834
f 1054 1056 2988
f 2979 665 664
f 2623 2622 2663
f 1095 660 688
f 3034 3035 2261
f 3036 3034 2956
f 3037 3038 3034
f 3038 3039 3035
f 3040 3041 3026
f 2263 3042 3041
f 3042 3039 3043
f 3041 3043 3028
f 3044 3045 3043
f 3046 3047 3045
f 3047 3048 3049
f 3043 3045 3049
f 3038 3037 3051
f 3050 3051 3053
f 3052 3046 3044
f 3039 3038 3050
f 3054 3035 3039
f 3042 2263 2262
f 2261 3035 3054
f 2216 2263 2997
f 2212 2211 2667
f 3056 868 2209
f 934 3057 1961
f 2013 3755 3757
f 3058 3059 3060
f 3059 3062 3063
f 3060 3063 2213
f 3061 3060 1963
f 3063 3064 2214
f 3062 3065 3064
f 3065 2257 2260
f 3064 2260 2215
f 3066 3067 3031
f 2608 2966 3067
f 2966 2562 3068
f 3031 3067 3068
f 2455 2458 2461
f 2476 2223 2226
f 3551 2090 2089
f 3526 2774 3769
f 433 354 355
f 2115 1423 1419
f 3509 2868 2922
f 3769 3737 2131
f 3069 2611 2167
f 2971 2972 2928
f 2961 2774 2773
f 3070 2475 2478
f 2610 2609 3071
f 2502 2371 2374
f 3072 2592 2595
f 2964 3046 3052
f 3048 2593 3074
f 2593 2592 3075
f 3075 3030 3029
f 3074 3029 3028
f 3072 3076 3075
f 3076 3072 2482
f 2481 2608 3066
f 3076 3066 3030
f 2967 3052 3053
f 2482 3072 3073
f 479 480 493
f 706 3900 3873
f 3561 2194 2221
f 2013 2010 3754
f 3533 2032 2016
f 3562 3519 2222
f 1171 1154 1155
f 2586 2566 2565
f 2982 110 113
f 2562 2376 3077
f 2376 2375 3012
f 3012 2145 2148
f 3077 2148 3015
f 2963 3047 3046
f 3051 3078 2970
f 1683 2173 491
f 3850 2122 1447
f 1986 2181 3734
f 3079 3080 2546
f 3081 3079 2575
f 1983 1986 3768
f 3082 2323 2319
f 3080 3082 2545
f 3734 3732 3082
f 3732 3748 2323
f 1309 1471 1888
f 3073 2595 2772
f 2760 3083 3084
f 2760 2085 2088
f 3085 3084 3086
f 3089 3085 3090
f 3089 2762 3084
f 3092 3088 3090
f 3093 2748 2744
f 2751 2747 2748
f 3093 2741 2752
f 2742 2741 3093
f 3094 3093 2743
f 3096 3097 3098
f 3099 3096 3087
f 3097 3094 3095
f 3100 2743 2746
f 3101 2927 3102
f 2764 2766 2927
f 2745 2764 3101
f 3102 3092 3091
f 3100 3091 3095
f 2869 2802 3592
f 3102 3103 3104
f 3658 2868 2869
f 2927 2926 3103
f 3098 3095 3091
f 3087 3098 3090
f 2088 2125 3105
f 3083 3105 3086
f 2483 3073 2771
f 2401 2186 2185
f 3099 3086 3105
f 2125 2207 3106
f 3108 2737 2742
f 3107 2742 3094
f 3110 3108 3107
f 3109 3107 3097
f 3111 3109 3096
f 3112 3110 3109
f 3113 2738 2737
f 3115 2723 2722
f 3117 3115 3114
f 3119 3117 3116
f 3118 3116 3120
f 3116 3114 3113
f 3122 3112 3111
f 3122 3123 1755
f 3124 3125 3126
f 3125 3118 3121
f 3128 3119 3118
f 3129 3128 3125
f 2020 2712 3128
f 3853 3857 1346
f 1065 1046 1047
f 1814 3838 3830
f 2021 2020 3129
f 3111 3099 3106
f 3123 3106 2207
f 2377 2225 2224
f 3014 2485 113
f 1756 2208 3782
f 3131 3132 2530
f 3133 3131 2528
f 1753 1756 3767
f 3134 3124 3127
f 2327 2408 2314
f 2436 2318 2317
f 2018 2021 3711
f 2534 3136 3137
f 2320 2322 3136
f 2185 2018 3712
f 3138 3139 2542
f 3134 3135 3744
f 3785 3130 3134
f 3140 3138 2539
f 2535 3137 3140
f 3711 2021 3130
f 2558 2530 3132
f 3782 3760 3141
f 2560 2558 3141
f 3760 3777 3142
f 958 888 2976
f 1933 1932 2980
f 2399 2424 2418
f 2348 2342 2343
f 2322 2320 2319
f 2718 2717 2874
f 2709 2729 2873
f 2894 2871 1361
f 346 289 176
f 1876 1877 1882
f 2802 2803 3607
f 3104 3144 3088
f 2974 2222 3649
f 3089 3145 2761
f 3088 3144 3145
f 2803 2974 3603
f 3870 3909 692
f 2123 1419 1418
f 1365 1363 1368
f 1581 1766 1782
f 3569 2202 2129
f 3555 2003 2002
f 3146 2585 2551
f 3751 3146 3147
f 3742 3149 3146
f 3149 2584 2585
f 3196 3198 3197
f 3604 2192 2191
f 3142 3150 2556
f 3777 3778 3150
f 3646 3152 2550
f 3150 3151 2555
f 3778 3780 3151
f 3788 3781 3152
f 3153 3147 2551
f 3152 3153 2549
f 3781 3776 3153
f 3776 3750 3147
f 3148 2767 2206
f 2183 2401 2321
f 2132 2960 2928
f 3684 3685 2204
f 3719 2198 2197
f 2594 2962 2773
f 2595 2594 2951
f 1870 798 799
f 3713 2179 2178
f 3706 2178 3736
f 336 3154 3774
f 339 3155 3154
f 3789 3683 3149
f 3683 3697 2584
f 2963 2962 3048
f 3722 3730 337
f 339 338 2566
f 3156 3157 2168
f 2610 3156 2167
f 2954 2953 3156
f 3157 3156 2953
f 3707 2166 2169
f 2567 3158 3159
f 337 3158 2567
f 3730 3069 2166
f 3764 2190 1983
f 2579 3160 3081
f 2568 3159 3160
f 3709 2169 2190
f 3065 3062 3162
f 3161 3162 1984
f 3157 3161 2189
f 2257 3065 3161
f 734 735 1922
f 3059 3058 2708
f 3163 2708 2182
f 3162 3163 1985
f 3062 3059 3163
f 3203 3206 3205
f 2122 2119 1448
f 3817 1686 1685
f 139 140 444
f 1570 569 566
f 2957 3164 3165
f 2955 3166 3164
f 1912 454 341
f 3130 3129 3124
f 1548 322 319
f 1949 1950 1327
f 2969 2970 3078
f 3167 3078 3169
f 3724 2014 2017
f 3720 2017 2033
f 3168 3169 3165
f 3170 3165 3164
f 3779 3170 3171
f 3724 3168 3170
f 3171 3164 3166
f 3172 3166 3071
f 3752 3172 3173
f 3756 3171 3172
f 3169 3037 3036
f 2593 3048 2962
f 3173 3071 2609
f 3174 2609 2199
f 3783 3174 2198
f 3749 3173 3174
f 2190 2189 1984
f 2196 2195 2767
f 2119 2120 1414
f 1464 1463 1466
f 2199 2611 3069
f 2457 2456 2587
f 2226 2225 2562
f 481 478 1627
f 333 1512 235
f 3078 3051 3037
f 3040 2264 2997
f 2219 1934 1933
f 2385 2384 2497
f 221 2220 3175
f 2220 1933 3143
f 3175 3143 2976
f 2484 3175 2975
f 2954 3071 3166
f 2630 1858 110
f 1547 319 1952
f 2091 2090 2188
f 3733 3736 2178
f 1918 1919 1927
f 3563 112 111
f 955 956 960
f 2037 3014 112
f 3143 2980 2981
f 2218 2211 2214
f 672 3877 3787
f 2152 3013 3014
f 1147 1144 1143
f 2248 2246 1409
f 1615 1636 1635
f 1410 1409 2246
f 3241 3243 3242
f 1382 3176 3177
f 3177 1410 2247
f 2247 1383 3177
f 3176 2238 2230
f 1410 3177 3179
f 3179 3180 2243
f 1633 3181 2800
f 1621 1620 2758
f 1622 1621 2245
f 2236 1394 3181
f 2237 2236 3182
f 2250 1631 2233
f 2912 1629 1628
f 135 136 1564
f 1567 419 512
f 1085 1084 2653
f 3184 869 868
f 869 3184 3057
f 1266 1268 1098
f 1267 2147 722
f 937 1146 2646
f 2146 1049 722
f 2211 2218 921
f 1957 510 507
f 1313 1312 2264
f 1496 362 1493
f 2887 2937 2933
f 1687 1688 1659
f 145 1499 1498
f 37 38 418
f 1935 1934 3185
f 104 89 301
f 2101 2098 2083
f 543 298 360
f 1934 2219 3186
f 234 1521 212
f 3845 3821 1822
f 1976 1875 1874
f 223 3186 2219
f 3655 3656 3605
f 2165 2164 467
f 467 468 2165
f 773 476 2165
f 1935 1212 1728
f 3240 3225 3226
f 3261 3249 3250
f 3215 3216 3244
f 3265 3221 3215
f 3267 3245 3198
f 3205 3206 3269
f 3214 3211 3265
f 3271 3213 3214
f 3251 3252 3239
f 3222 3221 3266
f 3232 3235 3234
f 3216 3242 3243
f 3196 3193 3268
f 3244 3243 3254
f 3238 3239 3247
f 3264 3244 3255
f 3253 3242 3216
f 3211 3266 3221
f 3257 3217 3218
f 3258 3222 3272
f 3274 3275 3280
f 3228 3229 3262
f 3275 3231 3281
f 3226 3227 3273
f 3236 3263 3260
f 3281 3263 3236
f 3287 3271 3192
f 3235 3226 3280
f 3234 3280 3281
f 3288 3290 3259
f 3260 3250 3276
f 3289 3212 3278
f 3210 3209 3224
f 3199 3202 3201
f 3228 3231 3230
f 3290 3288 3285
f 3282 3279 3271
f 3260 3263 3262
f 3243 3241 3268
f 3267 3268 3241
f 3194 3207 3208
f 3191 3270 3269
f 3270 3191 3192
f 3275 3274 3230
f 3264 3269 3270
f 3252 3251 3276
f 3248 3252 3291
f 3213 3271 3279
f 3272 3266 3289
f 3277 3278 3212
f 3228 3263 3281
f 3220 3225 3253
f 3219 3253 3217
f 3256 3218 3222
f 3247 3239 3252
f 3245 3267 3232
f 3266 3211 3212
f 3208 3205 3255
f 3288 3289 3284
f 3204 3205 3208
f 560 1899 3187
f 3209 3210 3201
f 3189 3192 3191
f 448 1980 807
f 647 648 122
f 1833 1848 1780
f 510 509 508
f 3210 1949 1887
f 1887 15 3200
f 15 16 3197
f 16 3188 3195
f 3195 3188 3187
f 3194 3187 1899
f 3207 1899 375
f 387 173 126
f 3189 1791 1760
f 3577 763 757
f 763 3577 2172
f 3583 3582 3580
f 3581 3580 3579
f 3594 3597 3596
f 3400 3601 3602
f 3626 3624 3625
f 3631 3635 3599
f 3636 3637 3595
f 3647 3584 3588
f 3650 3582 3584
f 3653 3579 3580
f 3653 2176 3654
f 1801 1864 3656
f 3651 3580 3582
f 3644 3638 3595
f 1767 1768 3659
f 1597 3663 3661
f 1708 1707 3665
f 3671 3668 3667
f 3666 3667 3673
f 1588 1708 3664
f 2080 3671 3666
f 2082 3666 3672
f 3674 3677 3635
f 3677 3678 3636
f 3682 3647 3645
f 3692 3651 3650
f 3681 3645 3644
f 786 3694 3692
f 3694 3653 3651
f 785 3692 3686
f 497 3686 3682
f 650 3682 3681
f 3696 564 3681
f 3405 3606 3605
f 3702 3699 3678
f 3699 3698 3679
f 3645 3588 3638
f 1799 3657 3659
f 3708 3704 3458
f 3462 3710 3708
f 3714 463 564
f 3615 3606 3602
f 3710 3714 3696
f 3635 3636 3596
f 3629 3626 3627
f 3597 3600 3599
f 3630 3716 3715
f 3627 3625 3597
f 3717 3716 3723
f 3715 3663 3660
f 3716 3717 3725
f 3668 3665 3661
f 3668 3725 3717
f 3667 3717 3718
f 3727 3728 3673
f 3728 1576 3672
f 3726 3727 3718
f 1576 2101 2084
f 3727 3726 3731
f 3203 376 1387
f 3190 1387 1791
f 3283 2152 1949
f 317 240 259
f 2000 2176 3653
f 3601 3599 3600
f 3589 3588 3584
f 3577 758 756
f 3585 3584 3582
f 3678 3679 3637
f 3204 375 376
f 1801 3655 3657
f 3729 3735 3728
f 1575 3735 3738
f 3735 1575 1576
f 1776 1795 1796
f 1293 1294 1290
f 1326 14 1327
f 1294 1245 1234
f 878 1244 1330
f 497 373 374
f 122 648 413
f 3699 3702 3704
f 3606 3405 3401
f 3708 3710 3698
f 3464 3714 3710
f 3704 3674 3443
f 439 398 399
f 1512 1528 1526
f 1668 1741 1738
f 839 849 1362
f 1362 1357 826
f 3843 740 1896
f 2053 2054 2118
f 3888 3887 2120
f 696 697 3816
f 1826 1878 639
f 3740 3739 3729
f 956 885 886
f 1980 806 1922
f 33 34 105
f 1343 1344 3856
f 3907 2127 2128
f 1766 1581 1582
f 14 1326 2163
f 595 98 99
f 3233 3238 3246
f 1346 1035 1044
f 748 1888 1425
f 3193 3208 3254
f 3190 3191 3206
f 3612 3605 3606
f 3624 3612 3615
f 3631 3415 3443
f 3679 3680 3644
f 3686 3650 3647
f 3702 3677 3674
f 3625 3615 3600
f 3601 3400 3415
f 3739 3738 3735
f 3630 3627 3594
f 3741 3723 3716
f 1284 1290 1288
f 3698 3696 3680
f 1778 1781 1780
f 1792 1759 1584
f 695 570 571
f 3638 3741 3594
f 3741 3638 3588
f 3247 3248 3209
f 3292 3293 3294
f 3296 3297 3298
f 3299 3298 3300
f 3302 3303 3304
f 3306 3307 3308
f 3307 3310 3311
f 3303 3302 3301
f 3312 3305 3304
f 3314 3315 3316
f 3318 3319 3320
f 3324 3318 3321
f 3326 3327 3328
f 3329 3330 3331
f 3333 3334 3335
f 3337 3338 3339
f 3333 3336 3341
f 3342 3341 3343
f 3319 3345 3344
f 3338 3335 3334
f 3346 3301 3302
f 3305 3348 3347
f 3312 3224 3223
f 3350 3337 3340
f 3312 3349 3348
f 3352 3343 3341
f 3311 3353 3354
f 3341 3336 3327
f 3359 3360 3361
f 3360 3359 3250
f 3318 3363 3345
f 3364 3363 3318
f 3314 3364 3324
f 3366 3299 3301
f 3299 3366 3367
f 3308 3354 3368
f 3369 3317 3295
f 3317 3369 3364
f 3370 3295 3317
f 3325 3371 3365
f 3352 3320 3319
f 3296 3367 3353
f 3297 3296 3311
f 3363 3368 3354
f 3345 3354 3353
f 3344 3353 3367
f 3366 3333 3342
f 3347 3339 3334
f 3339 3347 3348
f 3348 3349 3351
f 3363 3364 3369
f 3294 3309 3368
f 3293 3306 3309
f 3331 3373 3374
f 3346 3334 3333
f 3323 3322 3352
f 3356 3355 3321
f 3355 3357 3325
f 3357 3358 3371
f 3322 3356 3320
f 3361 3330 3329
f 3373 3372 3375
f 3374 3375 3376
f 3329 3332 3376
f 3327 3375 3372
f 3336 3335 3375
f 3335 3338 3376
f 3376 3338 3337
f 3337 3350 3359
f 3359 3350 3276
f 3377 3292 3295
f 3277 3316 3315
f 3371 3378 3379
f 3378 3371 3358
f 3365 3379 3315
f 3316 3277 3279
f 3282 3377 3370
f 3313 3283 3224
f 3378 3285 3284
f 3380 3286 3285
f 3379 3284 3278
f 3276 3350 3351
f 3291 3351 3349
f 3313 3304 2965
f 2965 3304 3303
f 222 3303 3300
f 223 3300 3298
f 3298 3297 3185
f 3297 3310 2977
f 3310 3307 1213
f 3307 3306 1214
f 2532 1214 3306
f 2894 2532 3293
f 2871 2894 3292
f 3253 3225 3240
f 3283 3313 3013
f 1997 1996 1889
f 1237 745 744
f 1535 1534 120
f 1531 1532 201
f 1119 1241 1032
f 946 948 824
f 163 8 5
f 3589 3726 3723
f 1155 1156 1162
f 427 213 327
f 553 1902 796
f 3381 2232 2231
f 3381 3178 2230
f 2237 3183 3180
f 3383 3384 3385
f 3384 3386 3387
f 3386 3388 3389
f 3388 3390 3391
f 3392 3393 3394
f 3395 3394 3396
f 3398 3399 3397
f 3400 3401 3399
f 3403 3404 3405
f 3406 3407 3404
f 3408 3409 3407
f 3410 3411 3409
f 3412 3413 3411
f 3415 3400 3398
f 3414 3398 3396
f 3416 3396 3394
f 3417 3394 3393
f 3393 3419 3420
f 3419 3390 3421
f 3390 3388 3422
f 3388 3386 3423
f 3386 3384 3424
f 3384 3383 3425
f 3425 3383 3426
f 2904 3427 3428
f 3429 3427 2904
f 3430 3429 2902
f 2875 3431 3430
f 3432 3433 2733
f 2825 3434 3435
f 3437 3438 3439
f 3441 3437 3436
f 2724 2723 3434
f 3436 3439 3115
f 3440 3436 3117
f 3443 3415 3414
f 3442 3414 3416
f 3444 3416 3417
f 3445 3417 3418
f 3446 3418 3420
f 3420 3421 3448
f 3421 3422 3449
f 3422 3423 3450
f 3423 3424 3451
f 3424 3425 3452
f 3425 3184 3056
f 3451 3452 2253
f 3450 3451 2252
f 3449 3450 1727
f 3448 3449 2150
f 3453 3447 3448
f 3454 3446 3447
f 3455 3445 3446
f 3456 3444 3445
f 3442 3444 3456
f 3443 3442 3457
f 3459 3460 3458
f 3457 3456 3455
f 3459 3455 3454
f 3462 3460 3459
f 3461 3454 3453
f 3464 3462 3461
f 3463 3453 1941
f 3404 3399 3401
f 3407 3397 3399
f 3409 3395 3397
f 3411 3392 3395
f 3465 3466 3413
f 3467 3468 3469
f 3465 3412 3431
f 3470 3467 3466
f 3438 3470 3432
f 3467 3470 3438
f 3468 3467 3437
f 3471 3469 3468
f 3472 3468 3441
f 3473 3441 3440
f 2712 3440 3119
f 3475 3471 3472
f 3474 3472 3473
f 3476 3473 2712
f 3477 3476 2711
f 3478 3474 3476
f 3479 3475 3474
f 3392 3411 3413
f 3466 3469 3480
f 3419 3393 3392
f 3390 3419 3480
f 3469 3471 3391
f 3389 3391 3471
f 3387 3389 3475
f 3385 3387 3479
f 3482 3477 2400
f 3483 3478 3477
f 3481 3479 3478
f 3484 3482 2402
f 3058 3484 2707
f 3061 3485 3484
f 3485 3483 3482
f 3382 3385 3481
f 3486 3481 3483
f 3426 3383 3382
f 3487 3382 3486
f 3486 3485 3061
f 1961 3057 3487
f 3057 3184 3426
f 3428 3403 3402
f 3427 3406 3403
f 3429 3408 3406
f 3430 3410 3408
f 3431 3412 3410
f 3470 3465 3433
f 3434 3439 3438
f 2723 3115 3439
f 2875 2733 3433
f 2736 2824 3435
f 2947 3428 3488
f 3464 3463 1360
f 1900 1925 1924
f 1736 1717 1718
f 1955 1952 1943
f 1671 1738 1735
f 1696 1750 1698
f 1800 1865 1864
f 2063 2055 2056
f 1737 1734 1717
f 1751 1735 1697
f 943 3885 3899
f 3656 3488 3402
f 1577 1578 1764
f 3917 1598 1599
f 1945 146 82
f 68 6 7
f 147 1542 1543
f 1109 1135 1133
f 1503 1910 1907
f 1499 1501 1909
f 452 1922 735
f 1824 2068 3835
f 1825 2067 2068
f 1463 1462 1022
f 841 1012 1009
f 1568 1547 1955
f 1910 1503 1502
f 1939 1502 422
f 309 280 1940
f 1804 1851 1866
f 269 1482 1954
f 2065 1607 2060
f 3812 1685 1758
f 280 276 552
f 1875 1873 1869
f 1739 1721 1734
f 1778 1779 1790
f 310 1920 1915
f 1909 1908 1906
f 1789 1783 1778
f 978 981 980
f 1584 1759 1731
f 425 426 311
f 148 1543 115
f 2044 3897 3894
f 277 1910 1939
f 1943 1946 1945
f 1461 1462 1463
f 2253 3452 3056
f 2981 2254 3489
f 2209 2998 3489
f 2254 2253 3055
f 2998 926 958
f 2826 2817 2721
f 3490 2739 2721
f 2816 3491 3490
f 2334 2297 2296
f 2298 2297 2334
f 2301 2298 2336
f 2311 2301 2338
f 2312 2311 2354
f 2359 2358 2361
f 2335 2296 2359
f 2414 2413 2365
f 2413 2270 2361
f 2355 2352 2540
f 2541 2540 2539
f 2722 2721 2739
f 3114 2722 2738
f 3110 3112 3121
f 3108 3110 3120
f 3122 1754 3127
f 3112 3122 3126
f 3127 1754 1753
f 3139 3133 2529
f 3744 3775 3133
f 3490 2789 2740
f 3491 2790 2789
f 228 229 91
f 245 244 243
f 248 7 247
f 2 297 296
f 145 146 300
f 327 213 210
f 329 332 331
f 239 241 240
f 373 376 375
f 178 177 176
f 1218 1225 1228
f 3862 1231 1295
f 808 809 824
f 3858 3859 1013
f 3813 3810 1411
f 2154 2149 2159
f 3845 3835 1758
f 306 807 1922
f 2157 2153 1976
f 708 709 2031
f 1450 1226 1227
f 1672 1604 1605
f 1813 1814 1821
f 1717 1716 1715
f 176 159 402
f 1710 1705 3916
f 1712 1580 1577
f 1705 1713 1711
f 971 978 979
f 822 823 1094
f 2909 2810 2793
f 2810 2769 2795
f 2799 2910 2249
f 3662 3643 2910
f 2769 2768 2801
f 3177 3176 3178
f 3178 3381 3180
f 3181 1394 1393
f 3181 1633 1632
f 3182 1632 2244
f 3183 2244 2243
f 3492 2791 2790
f 2808 3492 3491
f 2239 3574 3572
f 1149 1150 3571
f 1150 2009 3567
f 2202 3569 3566
f 2921 3564 3565
f 3568 3560 2133
f 1777 1579 1759
f 1201 1196 1183
f 3561 3554 2195
f 3553 3576 2770
f 3927 3925 1687
f 1516 152 154
f 3549 3562 2974
f 3550 3548 2779
f 2771 2772 3575
f 3070 2771 3546
f 3547 3544 2775
f 1376 1375 1370
f 2767 3543 3556
f 2195 3554 3543
f 2775 3544 3542
f 3377 3282 3545
f 3804 3802 3539
f 2776 3542 3538
f 2240 3572 3535
f 2920 3535 3669
f 3548 3534 2786
f 1805 1850 1851
f 3534 3532 2787
f 2951 2773 3540
f 2772 2951 3531
f 2973 2224 3530
f 2224 2223 3537
f 1957 1953 320
f 306 305 304
f 2770 3576 3528
f 2913 3528 3574
f 2923 3565 3527
f 308 1940 431
f 207 208 132
f 1879 1876 1881
f 3733 3787 3525
f 2475 3070 3558
f 2476 2475 3524
f 2223 2476 3523
f 3522 3549 2803
f 2037 3563 11
f 1959 1958 450
f 2003 3555 3520
f 9 10 334
f 2009 2008 3518
f 2008 2973 3536
f 3877 672 673
f 3515 3550 2778
f 2935 3514 3513
f 111 1149 3570
f 3510 3514 2935
f 683 3876 3885
f 3508 3557 2810
f 736 733 732
f 1795 1804 1803
f 3505 3510 2938
f 3507 3505 2939
f 2950 3512 3504
f 2940 2949 3504
f 3801 3791 3512
f 2868 3509 3502
f 2869 3502 3522
f 1024 1034 1023
f 3500 3503 2948
f 551 1939 442
f 2972 3499 3568
f 2032 3533 3499
f 216 93 1924
f 203 202 201
f 1828 1848 1847
f 1958 1957 449
f 272 271 178
f 2871 3545 3495
f 3619 3669 3564
f 2801 2768 3643
f 2005 3758 3654
f 960 886 899
f 3657 3655 3612
f 3780 3788 3646
f 3151 3646 3593
f 2193 3604 3623
f 3607 3603 3145
f 3603 3649 2761
f 3592 3607 3144
f 2926 3658 3634
f 3634 3592 3104
f 3755 3754 3746
f 566 567 3758
f 3488 3656 1864
f 1602 1586 2079
f 2868 3658 3611
f 2922 3611 3610
f 2923 3610 3618
f 3670 3613 2918
f 3619 3670 3614
f 2921 3618 3670
f 2920 3614 3586
f 3613 3642 2915
f 2917 2766 3622
f 2916 2917 3641
f 2239 3587 3652
f 2911 3640 3652
f 3643 3640 2911
f 2797 2801 3662
f 2797 3591 3598
f 3622 3628 2763
f 3608 3628 2764
f 2194 3623 3648
f 2221 3648 3649
f 2756 3608 3609
f 2750 3598 3609
f 3669 3535 1817
f 3763 3770 1691
f 2515 3621 3590
f 2548 3590 3593
f 2513 2489 3632
f 2513 3616 3621
f 2509 3633 3620
f 2510 3632 3633
f 2289 3620 3639
f 2283 3639 3617
f 2240 3586 3587
f 3659 3657 3624
f 716 2121 3887
f 727 1999 3761
f 2165 2171 2170
f 3660 3659 3626
f 3743 3581 3578
f 2175 2172 769
f 2100 500 2095
f 3758 567 3757
f 640 3560 3568
f 1653 3576 3553
f 1895 3536 3530
f 746 3530 3537
f 1653 1810 3528
f 3762 1603 1604
f 2093 2075 2073
f 959 996 995
f 962 899 919
f 1400 1401 1398
f 1000 817 1127
f 956 959 884
f 1662 3548 3550
f 2034 3558 3546
f 3926 1689 3539
f 3535 3572 766
f 3572 3574 765
f 334 3570 3571
f 1868 3531 3540
f 1684 1651 1652
f 1682 1683 775
f 1585 1603 3762
f 3763 3762 1672
f 2173 2174 490
f 1658 3544 3547
f 3556 3543 1650
f 1571 3754 2010
f 1587 3664 3671
f 2099 2095 2077
f 787 3761 1999
f 2000 3694 786
f 3155 339 3697
f 3713 3155 3683
f 2180 2179 3685
f 3496 2180 3684
f 1684 3846 3840
f 1760 464 3495
f 2607 3689 3693
f 2581 3676 3689
f 2371 2502 3700
f 2371 3695 3693
f 2587 3676 3675
f 2586 3675 3697
f 2497 3691 3687
f 2502 2503 3687
f 2494 3691 3690
f 3690 3688 2472
f 3688 3701 2468
f 3701 3703 2469
f 726 3908 3892
f 581 3567 3518
f 10 3511 3570
f 1837 3514 3510
f 741 3537 3523
f 1299 3524 3558
f 1851 3507 3504
f 3527 3565 1820
f 580 3518 3536
f 1758 1685 3522
f 1693 3557 3508
f 3504 3512 1867
f 1894 1826 3568
f 2126 1418 3813
f 3906 2126 3841
f 2113 3911 3867
f 2179 3713 3789
f 624 3903 3904
f 2192 3604 3788
f 2177 3541 3787
f 1364 3824 3833
f 3858 3855 1470
f 3135 1753 3775
f 2069 3812 3835
f 1351 3861 3853
f 2108 3882 3901
f 2089 2092 3736
f 3828 3834 1358
f 2001 3749 3783
f 2187 3783 3719
f 2130 3756 3752
f 2004 3752 3749
f 2014 3724 3779
f 2201 3779 3756
f 3167 3720 3759
f 3168 3724 3720
f 3159 3709 3764
f 3160 3764 3765
f 3730 3707 3158
f 3158 3707 3709
f 2200 3069 3730
f 3685 3789 3742
f 3722 3774 2197
f 3790 3736 2092
f 3774 3790 3721
f 3154 3706 3790
f 3155 3713 3706
f 2091 3719 3721
f 2196 3148 3750
f 2193 2196 3776
f 3604 2193 3781
f 2086 2192 3780
f 2087 2086 3778
f 2204 3742 3751
f 2205 3751 3750
f 3909 3886 574
f 2124 2087 3777
f 2208 2124 3760
f 3711 3785 3140
f 3785 3745 3138
f 3745 3744 3139
f 3771 3712 3136
f 3712 3711 3137
f 3775 3767 3131
f 3767 3782 3132
f 1813 3839 3838
f 1293 3854 3856
f 2184 2321 3748
f 2181 2184 3732
f 3765 3768 3079
f 3768 3734 3080
f 709 3873 3875
f 2774 2961 3737
f 3786 3769 2134
f 3809 3808 766
f 2968 3784 3766
f 2969 3759 3784
f 2958 3747 3737
f 2132 3747 3766
f 2321 2185 3771
f 3860 3848 1449
f 3905 3874 582
f 3886 3889 577
f 3847 3826 1818
f 705 3902 3887
f 3816 3912 3907
f 2111 3883 3911
f 3810 3829 1366
f 1812 3839 3822
f 675 3851 3852
f 3496 3705 3851
f 2110 3867 3868
f 2104 3896 3901
f 2109 3868 3899
f 3842 3831 703
f 1680 3811 3846
f 1639 1627 3819
f 623 3904 3906
f 2139 2140 3866
f 1808 1640 3844
f 3820 3821 1819
f 3872 3914 3900
f 1646 3832 3830
f 3889 3890 633
f 2139 3865 3875
f 2156 2155 3871
f 674 3852 3913
f 2117 3817 3812
f 1815 3822 3847
f 3855 3849 1444
f 697 3906 3912
f 866 842 3836
f 3864 3869 2136
f 3585 3731 3726
f 3583 3740 3731
f 3753 3746 3738
f 3740 3583 3581
f 1088 3738 3746
f 3739 3740 3743
f 2791 3492 3493
f 3492 2808 2807
f 2792 3493 3494
f 3493 2807 2806
f 3508 2909 3494
f 3516 3494 2806
f 2948 3503 3791
f 2105 3908 3896
f 3538 3802 3804
f 680 3878 3876
f 1891 1890 3910
f 2905 3799 3801
f 2900 3797 3799
f 2901 3797 3807
f 2734 2878 3806
f 2877 3807 3806
f 2820 3800 3794
f 2818 3796 3792
f 2823 3793 3792
f 2822 3793 3798
f 2819 2735 3800
f 2817 3796 3795
f 2809 3805 3795
f 2808 3805 3803
f 2805 3804 3803
f 1702 3921 3923
f 3922 3920 1797
f 3915 3916 1706
f 3918 3927 1692
f 1657 3898 3880
f 1890 1877 3895
f 3772 3770 1674
f 1689 1690 3772
f 3926 3802 3538
f 3516 3539 1689
f 3917 3923 1703
f 1598 3917 3928
f 3880 3884 1876
f 1691 1690 3925
f 3925 3926 1688
f 3934 3933 3937
f 3934 3938 3939
f 3932 3936 3937
f 3938 3942 3943
f 3937 3936 3940
f 3937 3941 3942
f 3942 3946 3947
f 3941 3940 3944
f 3942 3941 3945
f 3947 3946 3950
f 3944 3948 3949
f 3945 3949 3950
f 3950 3954 3955
f 3949 3948 3952
f 3950 3949 3953
f 3955 3954 3958
f 3953 3952 3956
f 3953 3957 3958
f 3959 3958 3962
f 3957 3956 3960
f 3958 3957 3961
f 3962 3966 3967
f 3960 3964 3965
f 3961 3965 3966
f 3966 3970 3971
f 3965 3964 3968
f 3966 3965 3969
f 3970 3974 3975
f 3968 3972 3973
f 3969 3973 3974
f 3974 3978 3979
f 3973 3972 3976
f 3974 3973 3977
f 3979 3978 3982
f 3976 3980 3981
f 3977 3981 3982
f 3982 3986 3987
f 3981 3980 3984
f 3982 3981 3985
f 3987 3986 3990
f 3984 3988 3989
f 3985 3989 3990
f 3991 3990 3994
f 3989 3988 3992
f 3990 3989 3993
f 3995 3994 3998
f 3992 3996 3997
f 3993 3997 3998
f 3998 4002 4003
f 3997 3996 4000
f 3998 3997 4001
f 4002 4006 4007
f 4000 4004 4005
f 4001 4005 4006
f 4006 4010 4011
f 4005 4004 4008
f 4006 4005 4009
f 4011 4010 4014
f 4008 4012 4013
f 4009 4013 4014
f 4014 4018 4019
f 4013 4012 4016
f 4014 4013 4017
f 4019 4018 4022
f 4016 4020 4021
f 4017 4021 4022
f 4023 4022 4026
f 4021 4020 4024
f 4022 4021 4025
f 4027 4026 4030
f 4024 4028 4029
f 4025 4029 4030
f 4031 4030 4034
f 4029 4028 4032
f 4030 4029 4033
f 4034 4038 4039
f 4032 4036 4037
f 4033 4037 4038
f 4038 4042 4043
f 4037 4036 4040
f 4038 4037 4041
f 4043 4042 4046
f 4040 4044 4045
f 4041 4045 4046
f 4046 4050 4051
f 4045 4044 4048
f 4046 4045 4049
f 4051 4050 4055
f 4048 4053 4054
f 4049 4054 4055
f 4056 4055 4059
f 4053 4057 4058
f 4055 4054 4058
f 4060 4059 3934
f 4058 4057 3932
f 4058 3933 3934
f 4069 4068 4081
f 4066 4079 4080
f 4065 4064 4077
f 4063 4062 4075
f 4071 4084 4085
f 4069 4082 4083
f 4067 4080 4081
f 4066 4065 4078
f 4063 4076 4077
f 4061 4074 4075
f 4072 4085 4086
f 4071 4070 4083
f 4076 4089 4090
f 4074 4087 4088
f 4086 4085 4098
f 4083 4096 4097
f 4082 4081 4094
f 4079 4092 4093
f 4078 4077 4090
f 4076 4075 4088
f 4085 4084 4097
f 4082 4095 4096
f 4080 4093 4094
f 4079 4078 4091
f 4089 4102 4103
f 4088 4087 4100
f 4098 4111 4112
f 4096 4109 4110
f 4095 4094 4107
f 4092 4105 4106
f 4090 4103 4104
f 4089 4088 4101
f 4097 4110 4111
f 4095 4108 4109
f 4094 4093 4106
f 4092 4091 4104
f 4103 4102 4115
f 4100 4113 4114
f 4112 4111 4124
f 4110 4109 4122
f 4107 4120 4121
f 4105 4118 4119
f 4103 4116 4117
f 4101 4114 4115
f 4110 4123 4124
f 4109 4108 4121
f 4107 4106 4119
f 4105 4104 4117
f 4115 4128 4129
f 4114 4113 4126
f 4124 4137 4138
f 4123 4122 4135
f 4120 4133 4134
f 4119 4118 4131
f 4117 4116 4129
f 4114 4127 4128
f 4124 4123 4136
f 4122 4121 4134
f 4119 4132 4133
f 4117 4130 4131
f 4129 4128 4141
f 4126 4139 4140
f 4138 4137 4150
f 4136 4135 4148
f 4133 4146 4147
f 4131 4144 4145
f 4130 4129 4142
f 4127 4140 4141
f 4137 4136 4149
f 4135 4134 4147
f 4132 4145 4146
f 4131 4130 4143
f 4142 4141 4154
f 4140 4139 4152
f 4150 4163 4164
f 4149 4148 4161
f 4146 4159 4160
f 4144 4157 4158
f 4142 4155 4156
f 4140 4153 4154
f 4149 4162 4163
f 4148 4147 4160
f 4146 4145 4158
f 4144 4143 4156
f 4155 4154 4167
f 4153 4152 4165
f 4163 4176 4177
f 4161 4174 4175
f 4159 4172 4173
f 4158 4157 4170
f 4155 4168 4169
f 4153 4166 4167
f 4163 4162 4175
f 4161 4160 4173
f 4159 4158 4171
f 4156 4169 4170
f 4167 4180 4181
f 4165 4178 4179
f 4176 4189 4190
f 4175 4174 4187
f 4173 4172 4185
f 4170 4183 4184
f 4169 4168 4181
f 4167 4166 4179
f 4175 4188 4189
f 4173 4186 4187
f 4171 4184 4185
f 4170 4169 4182
f 4180 4193 4194
f 4178 4191 4192
f 4190 4189 4202
f 4187 4200 4201
f 4186 4185 4198
f 4183 4196 4197
f 4182 4181 4194
f 4180 4179 4192
f 4189 4188 4201
f 4186 4199 4200
f 4184 4197 4198
f 4183 4182 4195
f 4193 4206 4207
f 4192 4191 4204
f 4202 4215 4216
f 4200 4213 4214
f 4199 4198 4211
f 4196 4209 4210
f 4194 4207 4208
f 4193 4192 4205
f 4201 4214 4215
f 4199 4212 4213
f 4198 4197 4210
f 4196 4195 4208
f 4207 4206 4219
f 4204 4217 4218
f 4216 4215 4228
f 4213 4226 4227
f 4211 4224 4225
f 4209 4222 4223
f 4207 4220 4221
f 4205 4218 4219
f 4214 4227 4228
f 4213 4212 4225
f 4211 4210 4223
f 4209 4208 4221
f 4219 4232 4233
f 4218 4217 4230
f 4228 4241 4242
f 4226 4239 4240
f 4225 4224 4237
f 4223 4222 4235
f 4221 4220 4233
f 4218 4231 4232
f 4228 4227 4240
f 4226 4225 4238
f 4223 4236 4237
f 4221 4234 4235
f 4233 4232 4245
f 4230 4243 4244
f 4242 4241 4254
f 4240 4239 4252
f 4237 4250 4251
f 4235 4248 4249
f 4234 4233 4246
f 4231 4244 4245
f 4241 4240 4253
f 4239 4238 4251
f 4236 4249 4250
f 4235 4234 4247
f 4246 4245 4258
f 4244 4243 4256
f 4254 4267 4268
f 4253 4252 4265
f 4250 4263 4264
f 4248 4261 4262
f 4246 4259 4260
f 4244 4257 4258
f 4253 4266 4267
f 4252 4251 4264
f 4250 4249 4262
f 4248 4247 4260
f 4259 4258 4271
f 4257 4256 4269
f 4267 4280 4281
f 4265 4278 4279
f 4263 4276 4277
f 4262 4261 4274
f 4259 4272 4273
f 4257 4270 4271
f 4266 4279 4280
f 4265 4264 4277
f 4263 4262 4275
f 4260 4273 4274
f 4271 4284 4285
f 4269 4282 4283
f 4281 4280 4293
f 4279 4278 4291
f 4277 4276 4289
f 4274 4287 4288
f 4273 4272 4285
f 4271 4270 4283
f 4280 4279 4292
f 4277 4290 4291
f 4275 4288 4289
f 4274 4273 4286
f 4284 4297 4298
f 4282 4295 4296
f 4294 4293 4306
f 4291 4304 4305
f 4290 4289 4302
f 4287 4300 4301
f 4286 4285 4298
f 4284 4283 4296
f 4293 4292 4305
f 4290 4303 4304
f 4288 4301 4302
f 4287 4286 4299
f 4297 4310 4311
f 4296 4295 4308
f 4306 4319 4320
f 4304 4317 4318
f 4303 4302 4315
f 4300 4313 4314
f 4298 4311 4312
f 4297 4296 4309
f 4305 4318 4319
f 4304 4303 4316
f 4302 4301 4314
f 4300 4299 4312
f 4310 4323 4324
f 4308 4321 4322
f 4320 4319 4332
f 4318 4317 4330
f 4316 4315 4328
f 4313 4326 4327
f 4311 4324 4325
f 4310 4309 4322
f 4318 4331 4332
f 4316 4329 4330
f 4315 4314 4327
f 4312 4325 4326
f 4323 4336 4337
f 4322 4321 4334
f 4332 4345 4346
f 4330 4343 4344
f 4329 4328 4341
f 4327 4326 4339
f 4325 4324 4337
f 4322 4335 4336
f 4332 4331 4344
f 4330 4329 4342
f 4327 4340 4341
f 4325 4338 4339
f 4337 4336 4350
f 4334 4348 4349
f 4346 4345 4359
f 4344 4343 4357
f 4341 4355 4356
f 4340 4339 4353
f 4338 4337 4351
f 4335 4349 4350
f 4345 4344 4358
f 4343 4342 4356
f 4340 4354 4355
f 4338 4352 4353
f 4351 4350 4363
f 4349 4348 4361
f 4359 4372 4373
f 4358 4357 4370
f 4355 4368 4369
f 4354 4353 4366
f 4351 4364 4365
f 4349 4362 4363
f 4358 4371 4372
f 4357 4356 4369
f 4355 4354 4367
f 4352 4365 4366
f 4364 4363 4376
f 4362 4361 4374
f 4373 4372 4385
f 4370 4383 4384
f 4368 4381 4382
f 4367 4366 4379
f 4364 4377 4378
f 4362 4375 4376
f 4372 4371 4384
f 4370 4369 4382
f 4368 4367 4380
f 4365 4378 4379
f 4376 4389 4390
f 4374 4387 4388
f 4385 4398 4399
f 4384 4383 4396
f 4382 4381 4394
f 4379 4392 4393
f 4378 4377 4390
f 4376 4375 4388
f 4384 4397 4398
f 4382 4395 4396
f 4380 4393 4394
f 4379 4378 4391
f 4389 4402 4403
f 4387 4400 4401
f 4399 4398 4411
f 4396 4409 4410
f 4395 4394 4407
f 4393 4392 4405
f 4391 4390 4403
f 4389 4388 4401
f 4398 4397 4410
f 4395 4408 4409
f 4393 4406 4407
f 4391 4404 4405
f 4402 4415 4416
f 4401 4400 4413
f 4411 4424 4425
f 4409 4422 4423
f 4408 4407 4420
f 4406 4405 4418
f 4403 4416 4417
f 4402 4401 4414
f 4410 4423 4424
f 4408 4421 4422
f 4407 4406 4419
f 4404 4417 4418
f 4416 4415 4428
f 4413 4426 4427
f 4425 4424 4437
f 4423 4422 4435
f 4421 4420 4433
f 4418 4431 4432
f 4416 4429 4430
f 4415 4414 4427
f 4423 4436 4437
f 4421 4434 4435
f 4420 4419 4432
f 4418 4417 4430
f 4428 4441 4442
f 4426 4439 4440
f 4437 4450 4451
f 4435 4448 4449
f 4434 4433 4446
f 4432 4431 4444
f 4430 4429 4442
f 4427 4440 4441
f 4437 4436 4449
f 4435 4434 4447
f 4432 4445 4446
f 4430 4443 4444
f 4442 4441 4454
f 4439 4452 4453
f 4451 4450 4463
f 4449 4448 4461
f 4446 4459 4460
f 4444 4457 4458
f 4443 4442 4455
f 4440 4453 4454
f 4450 4449 4462
f 4447 4460 4461
f 4445 4458 4459
f 4444 4443 4456
f 4455 4454 4467
f 4453 4452 4465
f 4463 4476 4477
f 4462 4461 4474
f 4459 4472 4473
f 4457 4470 4471
f 4455 4468 4469
f 4453 4466 4467
f 4462 4475 4476
f 4461 4460 4473
f 4459 4458 4471
f 4457 4456 4469
f 4468 4467 4063
f 4466 4465 4061
f 4477 4476 4072
f 4474 4070 4071
f 4472 4068 4069
f 4471 4470 4066
f 4468 4064 4065
f 4466 4062 4063
f 4476 4475 4071
f 4474 4473 4069
f 4472 4471 4067
f 4469 4065 4066
f 3935 4061 4465
f 4465 4452 4056
f 4452 4439 4051
f 4439 4426 4047
f 4047 4426 4413
f 4043 4413 4400
f 4039 4400 4387
f 4387 4374 4031
f 4031 4374 4361
f 4361 4348 4023
f 4348 4334 4019
f 4334 4321 4015
f 4015 4321 4308
f 4011 4308 4295
f 4007 4295 4282
f 4282 4269 3999
f 3999 4269 4256
f 4256 4243 3991
f 4243 4230 3987
f 4230 4217 3983
f 3983 4217 4204
f 3979 4204 4191
f 3975 4191 4178
f 4178 4165 3967
f 3967 4165 4152
f 4152 4139 3959
f 4139 4126 3955
f 4126 4113 3951
f 3951 4113 4100
f 3947 4100 4087
f 3943 4087 4074
f 4074 4061 3935
f 4480 4479 4483
f 4480 4484 4485
f 4479 4478 4482
f 4484 4488 4489
f 4482 4486 4487
f 4483 4487 4488
f 4488 4492 4493
f 4487 4486 4490
f 4488 4487 4491
f 4493 4492 4496
f 4490 4494 4495
f 4491 4495 4496
f 4496 4500 4501
f 4495 4494 4498
f 4496 4495 4499
f 4501 4500 4504
f 4498 4502 4503
f 4499 4503 4504
f 4505 4504 4508
f 4503 4502 4506
f 4504 4503 4507
f 4509 4508 4512
f 4506 4510 4511
f 4507 4511 4512
f 4513 4512 4516
f 4511 4510 4514
f 4512 4511 4515
f 4516 4520 4521
f 4514 4518 4519
f 4515 4519 4520
f 4520 4524 4525
f 4518 4522 4523
f 4520 4519 4523
f 4525 4524 4528
f 4522 4526 4527
f 4523 4527 4528
f 4528 4532 4533
f 4527 4526 4530
f 4528 4527 4531
f 4533 4532 4536
f 4530 4534 4535
f 4531 4535 4536
f 4537 4536 4540
f 4534 4538 4539
f 4536 4535 4539
f 4541 4540 4544
f 4539 4538 4542
f 4539 4543 4544
f 4544 4548 4549
f 4542 4546 4547
f 4544 4543 4547
f 4548 4552 4553
f 4547 4546 4550
f 4547 4551 4552
f 4552 4556 4557
f 4551 4550 4554
f 4552 4551 4555
f 4557 4556 4560
f 4554 4558 4559
f 4555 4559 4560
f 4560 4564 4565
f 4559 4558 4562
f 4560 4559 4563
f 4565 4564 4568
f 4562 4566 4567
f 4563 4567 4568
f 4569 4568 4572
f 4567 4566 4570
f 4568 4567 4571
f 4572 4576 4577
f 4570 4574 4575
f 4571 4575 4576
f 4576 4580 4581
f 4575 4574 4578
f 4576 4575 4579
f 4580 4584 4585
f 4578 4582 4583
f 4579 4583 4584
f 4584 4588 4589
f 4583 4582 4586
f 4584 4583 4587
f 4589 4588 4592
f 4586 4590 4591
f 4587 4591 4592
f 4592 4596 4597
f 4591 4590 4594
f 4592 4591 4595
f 4597 4596 4601
f 4594 4599 4600
f 4595 4600 4601
f 4602 4601 4605
f 4600 4599 4603
f 4601 4600 4604
f 4606 4605 4480
f 4603 4478 4479
f 4604 4479 4480
f 4615 4614 4627
f 4612 4625 4626
f 4611 4610 4623
f 4609 4608 4621
f 4618 4617 4630
f 4615 4628 4629
f 4613 4626 4627
f 4612 4611 4624
f 4609 4622 4623
f 4607 4620 4621
f 4619 4618 4631
f 4617 4616 4629
f 4622 4635 4636
f 4620 4633 4634
f 4632 4631 4644
f 4629 4642 4643
f 4628 4627 4640
f 4626 4625 4638
f 4624 4623 4636
f 4622 4621 4634
f 4631 4630 4643
f 4628 4641 4642
f 4626 4639 4640
f 4624 4637 4638
f 4635 4648 4649
f 4634 4633 4646
f 4644 4657 4658
f 4642 4655 4656
f 4641 4640 4653
f 4639 4638 4651
f 4636 4649 4650
f 4635 4634 4647
f 4643 4656 4657
f 4642 4641 4654
f 4640 4639 4652
f 4637 4650 4651
f 4648 4661 4662
f 4646 4659 4660
f 4658 4657 4670
f 4656 4655 4668
f 4653 4666 4667
f 4651 4664 4665
f 4649 4662 4663
f 4648 4647 4660
f 4656 4669 4670
f 4654 4667 4668
f 4653 4652 4665
f 4651 4650 4663
f 4661 4674 4675
f 4660 4659 4672
f 4670 4683 4684
f 4668 4681 4682
f 4667 4666 4679
f 4665 4664 4677
f 4663 4662 4675
f 4661 4660 4673
f 4670 4669 4682
f 4667 4680 4681
f 4665 4678 4679
f 4663 4676 4677
f 4675 4674 4687
f 4672 4685 4686
f 4684 4683 4696
f 4682 4681 4694
f 4679 4692 4693
f 4678 4677 4690
f 4676 4675 4688
f 4673 4686 4687
f 4683 4682 4695
f 4681 4680 4693
f 4678 4691 4692
f 4676 4689 4690
f 4688 4687 4700
f 4686 4685 4698
f 4696 4709 4710
f 4695 4694 4707
f 4692 4705 4706
f 4691 4690 4703
f 4688 4701 4702
f 4686 4699 4700
f 4695 4708 4709
f 4694 4693 4706
f 4692 4691 4704
f 4689 4702 4703
f 4701 4700 4713
f 4699 4698 4711
f 4710 4709 4722
f 4707 4720 4721
f 4705 4718 4719
f 4704 4703 4716
f 4701 4714 4715
f 4699 4712 4713
f 4709 4708 4721
f 4707 4706 4719
f 4705 4704 4717
f 4702 4715 4716
f 4713 4726 4727
f 4711 4724 4725
f 4723 4722 4735
f 4721 4720 4733
f 4719 4718 4731
f 4716 4729 4730
f 4715 4714 4727
f 4713 4712 4725
f 4721 4734 4735
f 4719 4732 4733
f 4717 4730 4731
f 4716 4715 4728
f 4726 4739 4740
f 4724 4737 4738
f 4736 4735 4748
f 4733 4746 4747
f 4732 4731 4744
f 4730 4729 4742
f 4728 4727 4740
f 4726 4725 4738
f 4735 4734 4747
f 4732 4745 4746
f 4730 4743 4744
f 4728 4741 4742
f 4739 4752 4753
f 4738 4737 4750
f 4748 4761 4762
f 4746 4759 4760
f 4745 4744 4757
f 4743 4742 4755
f 4740 4753 4754
f 4739 4738 4751
f 4747 4760 4761
f 4745 4758 4759
f 4744 4743 4756
f 4741 4754 4755
f 4753 4752 4765
f 4750 4763 4764
f 4762 4761 4774
f 4759 4772 4773
f 4758 4757 4770
f 4755 4768 4769
f 4753 4766 4767
f 4752 4751 4764
f 4760 4773 4774
f 4758 4771 4772
f 4757 4756 4769
f 4755 4754 4767
f 4765 4778 4779
f 4764 4763 4776
f 4774 4787 4788
f 4772 4785 4786
f 4771 4770 4783
f 4769 4768 4781
f 4767 4766 4779
f 4765 4764 4777
f 4774 4773 4786
f 4771 4784 4785
f 4769 4782 4783
f 4767 4780 4781
f 4779 4778 4791
f 4776 4789 4790
f 4788 4787 4800
f 4786 4785 4798
f 4783 4796 4797
f 4782 4781 4794
f 4780 4779 4792
f 4777 4790 4791
f 4787 4786 4799
f 4785 4784 4797
f 4782 4795 4796
f 4780 4793 4794
f 4792 4791 4804
f 4790 4789 4802
f 4800 4813 4814
f 4799 4798 4811
f 4796 4809 4810
f 4795 4794 4807
f 4792 4805 4806
f 4790 4803 4804
f 4799 4812 4813
f 4798 4797 4810
f 4796 4795 4808
f 4793 4806 4807
f 4805 4804 4817
f 4803 4802 4815
f 4814 4813 4826
f 4811 4824 4825
f 4809 4822 4823
f 4808 4807 4820
f 4805 4818 4819
f 4803 4816 4817
f 4813 4812 4825
f 4811 4810 4823
f 4809 4808 4821
f 4806 4819 4820
f 4817 4830 4831
f 4815 4828 4829
f 4826 4839 4840
f 4825 4824 4837
f 4823 4822 4835
f 4820 4833 4834
f 4819 4818 4831
f 4817 4816 4829
f 4825 4838 4839
f 4823 4836 4837
f 4821 4834 4835
f 4820 4819 4832
f 4830 4843 4844
f 4828 4841 4842
f 4840 4839 4852
f 4837 4850 4851
f 4836 4835 4848
f 4834 4833 4846
f 4832 4831 4844
f 4830 4829 4842
f 4839 4838 4851
f 4836 4849 4850
f 4834 4847 4848
f 4832 4845 4846
f 4843 4856 4857
f 4842 4841 4854
f 4852 4865 4866
f 4850 4863 4864
f 4849 4848 4861
f 4847 4846 4859
f 4844 4857 4858
f 4843 4842 4855
f 4851 4864 4865
f 4849 4862 4863
f 4848 4847 4860
f 4845 4858 4859
f 4857 4856 4869
f 4855 4854 4867
f 4866 4865 4878
f 4864 4863 4876
f 4862 4861 4874
f 4859 4872 4873
f 4857 4870 4871
f 4856 4855 4868
f 4864 4877 4878
f 4862 4875 4876
f 4861 4860 4873
f 4859 4858 4871
f 4869 4882 4883
f 4868 4867 4880
f 4878 4891 4892
f 4877 4876 4889
f 4874 4887 4888
f 4873 4872 4885
f 4871 4870 4883
f 4868 4881 4882
f 4878 4877 4890
f 4876 4875 4888
f 4873 4886 4887
f 4871 4884 4885
f 4883 4882 4896
f 4880 4894 4895
f 4892 4891 4905
f 4890 4889 4903
f 4887 4901 4902
f 4885 4899 4900
f 4884 4883 4897
f 4881 4895 4896
f 4891 4890 4904
f 4889 4888 4902
f 4886 4900 4901
f 4885 4884 4898
f 4897 4896 4909
f 4895 4894 4907
f 4905 4918 4919
f 4904 4903 4916
f 4901 4914 4915
f 4899 4912 4913
f 4897 4910 4911
f 4895 4908 4909
f 4904 4917 4918
f 4903 4902 4915
f 4901 4900 4913
f 4899 4898 4911
f 4910 4909 4922
f 4908 4907 4920
f 4919 4918 4931
f 4916 4929 4930
f 4914 4927 4928
f 4913 4912 4925
f 4910 4923 4924
f 4908 4921 4922
f 4918 4917 4930
f 4916 4915 4928
f 4914 4913 4926
f 4911 4924 4925
f 4922 4935 4936
f 4920 4933 4934
f 4931 4944 4945
f 4930 4929 4942
f 4928 4927 4940
f 4925 4938 4939
f 4924 4923 4936
f 4922 4921 4934
f 4930 4943 4944
f 4928 4941 4942
f 4926 4939 4940
f 4925 4924 4937
f 4935 4948 4949
f 4933 4946 4947
f 4945 4944 4957
f 4942 4955 4956
f 4941 4940 4953
f 4938 4951 4952
f 4937 4936 4949
f 4935 4934 4947
f 4944 4943 4956
f 4941 4954 4955
f 4939 4952 4953
f 4938 4937 4950
f 4948 4961 4962
f 4947 4946 4959
f 4957 4970 4971
f 4955 4968 4969
f 4954 4953 4966
f 4951 4964 4965
f 4949 4962 4963
f 4948 4947 4960
f 4956 4969 4970
f 4954 4967 4968
f 4953 4952 4965
f 4951 4950 4963
f 4962 4961 4974
f 4959 4972 4973
f 4971 4970 4983
f 4968 4981 4982
f 4966 4979 4980
f 4964 4977 4978
f 4962 4975 4976
f 4960 4973 4974
f 4969 4982 4983
f 4967 4980 4981
f 4966 4965 4978
f 4964 4963 4976
f 4975 4974 4987
f 4973 4972 4985
f 4983 4996 4997
f 4981 4994 4995
f 4979 4992 4993
f 4978 4977 4990
f 4976 4975 4988
f 4973 4986 4987
f 4983 4982 4995
f 4981 4980 4993
f 4978 4991 4992
f 4976 4989 4990
f 4988 4987 5000
f 4985 4998 4999
f 4997 4996 5009
f 4995 4994 5007
f 4992 5005 5006
f 4991 4990 5003
f 4989 4988 5001
f 4986 4999 5000
f 4996 4995 5008
f 4994 4993 5006
f 4991 5004 5005
f 4989 5002 5003
f 5001 5000 5013
f 4999 4998 5011
f 5009 5022 5023
f 5008 5007 5020
f 5005 5018 5019
f 5004 5003 5016
f 5001 5014 5015
f 4999 5012 5013
f 5008 5021 5022
f 5007 5006 5019
f 5005 5004 5017
f 5002 5015 5016
f 5014 5013 4609
f 5012 5011 4607
f 5022 4618 4619
f 5020 4616 4617
f 5018 4614 4615
f 5017 5016 4612
f 5014 4610 4611
f 5012 4608 4609
f 5021 4617 4618
f 5020 5019 4615
f 5018 5017 4613
f 5015 4611 4612
f 4481 4607 5011
f 5011 4998 4602
f 4998 4985 4597
f 4985 4972 4593
f 4593 4972 4959
f 4589 4959 4946
f 4585 4946 4933
f 4933 4920 4577
f 4577 4920 4907
f 4907 4894 4569
f 4894 4880 4565
f 4880 4867 4561
f 4561 4867 4854
f 4557 4854 4841
f 4553 4841 4828
f 4828 4815 4545
f 4545 4815 4802
f 4802 4789 4537
f 4789 4776 4533
f 4776 4763 4529
f 4529 4763 4750
f 4525 4750 4737
f 4521 4737 4724
f 4724 4711 4513
f 4513 4711 4698
f 4698 4685 4505
f 4685 4672 4501
f 4672 4659 4497
f 4497 4659 4646
f 4493 4646 4633
f 4489 4633 4620
f 4620 4607 4481
